{"type": "FeatureCollection", "features": [{"id": "6", "type": "Feature", "properties": {"fill": "#e79f24", "value_min": -2.0, "value_max": -1.67}, "geometry": {"type": "MultiPolygon", "coordinates": [[[[-8.610136, 41.608284], [-8.614156, 41.606692], [-8.619881, 41.610269], [-8.621338, 41.604636], [-8.628833, 41.604378], [-8.6366, 41.600518], [-8.639873, 41.597352], [-8.640152, 41.59465], [-8.645536, 41.593051], [-8.646744, 41.594171], [-8.649125, 41.591909], [-8.656622, 41.5921], [-8.660788, 41.588255], [-8.663794, 41.589141], [-8.665265, 41.585758], [-8.66948, 41.587989], [-8.684455, 41.586117], [-8.685608, 41.58071], [-8.697261, 41.576376], [-8.701703, 41.570277], [-8.707704, 41.570923], [-8.712485, 41.569323], [-8.716422, 41.573805], [-8.720316, 41.57356], [-8.725151, 41.577811], [-8.726633, 41.576003], [-8.734424, 41.575737], [-8.736564, 41.580228], [-8.738354, 41.579318], [-8.740778, 41.582006], [-8.74467, 41.581535], [-8.750711, 41.58623], [-8.75993, 41.578527], [-8.767441, 41.580286], [-8.769874, 41.583874], [-8.768997, 41.58613], [-8.773228, 41.589482], [-8.774165, 41.593303], [-8.78556, 41.593464], [-8.797327, 41.600599], [-8.804218, 41.600109], [-8.80456, 41.604158], [-8.809434, 41.611332], [-8.828644, 41.609656], [-8.82839, 41.585633], [-8.818497, 41.554794], [-8.8221, 41.547542], [-8.821965, 41.534907], [-8.815926, 41.525624], [-8.81063, 41.5101], [-8.813279, 41.503483], [-8.812636, 41.496944], [-8.804699, 41.482068], [-8.798552, 41.474753], [-8.80154, 41.446836], [-8.806115, 41.43713], [-8.807354, 41.425915], [-8.810413, 41.420656], [-8.733491, 41.400177], [-8.709602, 41.391821], [-8.697311, 41.38444], [-8.685778, 41.371305], [-8.677211, 41.357363], [-8.662015, 41.341867], [-8.638186, 41.328162], [-8.616439, 41.321145], [-8.595963, 41.312068], [-8.591524, 41.303044], [-8.593267, 41.294043], [-8.605789, 41.276071], [-8.623039, 41.258113], [-8.638645, 41.245136], [-8.65061, 41.239376], [-8.662558, 41.236538], [-8.70357, 41.231325], [-8.731974, 41.222387], [-8.749034, 41.213417], [-8.761896, 41.204437], [-8.78127, 41.186459], [-8.800493, 41.164396], [-8.799695, 41.14406], [-8.720096, 41.145819], [-8.734258, 41.159337], [-8.73923, 41.168356], [-8.741625, 41.177369], [-8.741617, 41.186377], [-8.739132, 41.195379], [-8.733591, 41.204375], [-8.724049, 41.21336], [-8.710362, 41.220289], [-8.698416, 41.223748], [-8.68648, 41.224994], [-8.650703, 41.221854], [-8.638766, 41.223051], [-8.626788, 41.231328], [-8.609729, 41.249061], [-8.590787, 41.264149], [-8.578806, 41.270841], [-8.566837, 41.275358], [-8.542923, 41.280218], [-8.519048, 41.279205], [-8.495215, 41.272894], [-8.471442, 41.259707], [-8.458194, 41.24665], [-8.454323, 41.246886], [-8.455541, 41.251834], [-8.452276, 41.25522], [-8.449891, 41.255452], [-8.449304, 41.257479], [-8.447812, 41.257258], [-8.449028, 41.261982], [-8.439785, 41.262907], [-8.438023, 41.268989], [-8.434745, 41.269673], [-8.432691, 41.277107], [-8.427032, 41.279372], [-8.429143, 41.284319], [-8.426171, 41.287028], [-8.426488, 41.291079], [-8.425013, 41.294909], [-8.422037, 41.296942], [-8.422647, 41.299867], [-8.407744, 41.304856], [-8.406262, 41.307335], [-8.402979, 41.307568], [-8.40072, 41.311625], [-8.411246, 41.31643], [-8.425354, 41.329358], [-8.430882, 41.338393], [-8.434503, 41.356426], [-8.430765, 41.374423], [-8.424938, 41.383401], [-8.415843, 41.392363], [-8.398516, 41.40143], [-8.37454, 41.406597], [-8.350625, 41.405229], [-8.336384, 41.40094], [-8.32174, 41.391847], [-8.31486, 41.382799], [-8.31127, 41.37377], [-8.310173, 41.364756], [-8.313377, 41.346759], [-8.318284, 41.337014], [-8.313802, 41.336331], [-8.31139, 41.328007], [-8.307502, 41.325762], [-8.305116, 41.326891], [-8.303024, 41.325994], [-8.301515, 41.320143], [-8.297328, 41.317328], [-8.297331, 41.35567], [-8.300155, 41.373703], [-8.303455, 41.38273], [-8.309087, 41.391772], [-8.320395, 41.400847], [-8.338632, 41.408144], [-8.36252, 41.412318], [-8.386447, 41.412701], [-8.4115, 41.410356], [-8.434365, 41.406113], [-8.45838, 41.395632], [-8.494447, 41.372249], [-8.506439, 41.367829], [-8.518408, 41.366244], [-8.530356, 41.367367], [-8.542284, 41.371478], [-8.554197, 41.378089], [-8.590312, 41.402124], [-8.601389, 41.411171], [-8.608028, 41.420201], [-8.610635, 41.438225], [-8.603857, 41.474232], [-8.604129, 41.48324], [-8.613704, 41.49228], [-8.652195, 41.510418], [-8.665229, 41.519464], [-8.68072, 41.537523], [-8.683681, 41.546538], [-8.68379, 41.555546], [-8.680063, 41.564543], [-8.672816, 41.571317], [-8.660794, 41.576595], [-8.64879, 41.578114], [-8.6368, 41.577088], [-8.612859, 41.568711], [-8.600912, 41.561049], [-8.588988, 41.550203], [-8.579041, 41.537196], [-8.565286, 41.508572], [-8.554157, 41.501072], [-8.54141, 41.49586], [-8.518493, 41.482914], [-8.469919, 41.447709], [-8.457976, 41.444206], [-8.445998, 41.445071], [-8.433996, 41.448617], [-8.421966, 41.455095], [-8.4099, 41.465396], [-8.405908, 41.47338], [-8.404468, 41.48238], [-8.406554, 41.491398], [-8.416263, 41.509462], [-8.415458, 41.518466], [-8.403875, 41.545428], [-8.401695, 41.554424], [-8.401356, 41.56343], [-8.40437, 41.572453], [-8.416494, 41.581522], [-8.45673, 41.593421], [-8.468675, 41.599886], [-8.491612, 41.617908], [-8.527189, 41.656129], [-8.527769, 41.652714], [-8.534066, 41.652017], [-8.537951, 41.649302], [-8.537634, 41.646602], [-8.543876, 41.637352], [-8.543563, 41.635224], [-8.528446, 41.631223], [-8.516482, 41.62569], [-8.492593, 41.610325], [-8.468737, 41.592355], [-8.456804, 41.584581], [-8.431862, 41.572592], [-8.421301, 41.563532], [-8.416927, 41.554503], [-8.416323, 41.545492], [-8.418531, 41.536496], [-8.428051, 41.518529], [-8.430054, 41.509532], [-8.412346, 41.491428], [-8.408517, 41.482401], [-8.411156, 41.473407], [-8.421881, 41.464684], [-8.433879, 41.462042], [-8.448471, 41.464584], [-8.46971, 41.473286], [-8.49361, 41.48009], [-8.505544, 41.485923], [-8.527656, 41.500966], [-8.553203, 41.52305], [-8.595087, 41.573283], [-8.606852, 41.591338], [-8.609829, 41.600355], [-8.610136, 41.608284]], [[-8.720971, 41.530353], [-8.697019, 41.525658], [-8.673094, 41.516145], [-8.628427, 41.492329], [-8.619019, 41.483291], [-8.616388, 41.474274], [-8.617177, 41.465269], [-8.625571, 41.444212], [-8.637628, 41.428809], [-8.649643, 41.420014], [-8.661635, 41.415167], [-8.673606, 41.414166], [-8.697525, 41.416786], [-8.721429, 41.423465], [-8.733376, 41.428362], [-8.751934, 41.438616], [-8.763363, 41.447648], [-8.777419, 41.465691], [-8.782469, 41.483716], [-8.781955, 41.492722], [-8.779278, 41.501725], [-8.773815, 41.510721], [-8.763993, 41.519709], [-8.756956, 41.523878], [-8.742712, 41.528671], [-8.720971, 41.530353]], [[-8.637837, 41.391157], [-8.625883, 41.389967], [-8.613948, 41.385462], [-8.600745, 41.375138], [-8.595778, 41.366113], [-8.595454, 41.357104], [-8.600425, 41.348114], [-8.614215, 41.340211], [-8.626177, 41.338471], [-8.63812, 41.340101], [-8.653686, 41.348287], [-8.661081, 41.357316], [-8.663352, 41.366331], [-8.661713, 41.375333], [-8.649813, 41.388372], [-8.637837, 41.391157]]], [[[-8.063478, 41.416815], [-8.13309, 41.444625], [-8.182311, 41.470631], [-8.194242, 41.474223], [-8.230148, 41.476215], [-8.242098, 41.478551], [-8.254017, 41.483597], [-8.265882, 41.493677], [-8.272374, 41.508642], [-8.272077, 41.517648], [-8.268814, 41.526634], [-8.265442, 41.532614], [-8.232191, 41.562425], [-8.228109, 41.571405], [-8.226749, 41.580403], [-8.228139, 41.589419], [-8.232591, 41.598456], [-8.24184, 41.607525], [-8.276304, 41.633431], [-8.294634, 41.652897], [-8.335453, 41.719156], [-8.350667, 41.757175], [-8.352545, 41.751769], [-8.349814, 41.744122], [-8.352516, 41.743441], [-8.352203, 41.739616], [-8.357257, 41.73578], [-8.3499, 41.707265], [-8.350142, 41.69826], [-8.352904, 41.689268], [-8.359864, 41.682084], [-8.383915, 41.679893], [-8.395996, 41.672797], [-8.397834, 41.662491], [-8.396116, 41.660017], [-8.384184, 41.651708], [-8.360197, 41.648469], [-8.352058, 41.644228], [-8.327407, 41.617064], [-8.288806, 41.588333], [-8.276944, 41.576159], [-8.270252, 41.562673], [-8.269555, 41.553661], [-8.276263, 41.526681], [-8.276812, 41.50867], [-8.273752, 41.499643], [-8.265956, 41.487104], [-8.254096, 41.476705], [-8.242198, 41.469979], [-8.194539, 41.450262], [-8.158884, 41.430024], [-8.128259, 41.408559], [-8.110105, 41.391097], [-8.108011, 41.393648], [-8.103827, 41.392972], [-8.105321, 41.394998], [-8.10263, 41.395898], [-8.10801, 41.398825], [-8.108606, 41.403102], [-8.104419, 41.406252], [-8.104119, 41.408728], [-8.101727, 41.409403], [-8.102025, 41.411204], [-8.092756, 41.411201], [-8.09126, 41.414352], [-8.079893, 41.41975], [-8.077503, 41.416597], [-8.070923, 41.41862], [-8.066739, 41.416142], [-8.063478, 41.416815]]], [[[-8.181607, 41.812067], [-8.184191, 41.805285], [-8.202407, 41.784224], [-8.205508, 41.778413], [-8.212088, 41.760445], [-8.21241, 41.75144], [-8.209912, 41.742416], [-8.201891, 41.733354], [-8.191095, 41.726753], [-8.179127, 41.722369], [-8.167106, 41.722303], [-8.155022, 41.726957], [-8.145526, 41.732948], [-8.13571, 41.741882], [-8.127379, 41.759833], [-8.122816, 41.786819], [-8.118072, 41.791275], [-8.106003, 41.793686], [-8.093978, 41.792963], [-8.057958, 41.787008], [-8.033926, 41.784566], [-8.021894, 41.784447], [-7.997776, 41.78763], [-7.960083, 41.803474], [-7.949347, 41.805442], [-7.925253, 41.806532], [-7.915046, 41.812065], [-7.888487, 41.844226], [-7.879197, 41.852541], [-7.883677, 41.854576], [-7.913033, 41.817256], [-7.925199, 41.809732], [-7.961389, 41.805153], [-7.985564, 41.798858], [-8.009656, 41.797679], [-8.021666, 41.799441], [-8.03761, 41.80415], [-8.06137, 41.816108], [-8.06664, 41.817012], [-8.072961, 41.813414], [-8.078678, 41.813417], [-8.082892, 41.810493], [-8.091013, 41.812521], [-8.093421, 41.811397], [-8.093723, 41.808471], [-8.101845, 41.809824], [-8.104853, 41.81185], [-8.115984, 41.812302], [-8.123807, 41.808702], [-8.138247, 41.808477], [-8.139751, 41.813203], [-8.14276, 41.812978], [-8.144866, 41.815228], [-8.149078, 41.814777], [-8.153291, 41.817703], [-8.158106, 41.818377], [-8.165326, 41.81815], [-8.173744, 41.808019], [-8.177655, 41.808242], [-8.181607, 41.812067]], [[-8.166467, 41.771726], [-8.154489, 41.767591], [-8.146538, 41.759977], [-8.143505, 41.750947], [-8.145295, 41.741953], [-8.154956, 41.732034], [-8.167045, 41.727005], [-8.179063, 41.727408], [-8.191374, 41.73328], [-8.198772, 41.742339], [-8.199552, 41.751351], [-8.195333, 41.760329], [-8.190611, 41.765298], [-8.178508, 41.770953], [-8.166467, 41.771726]]], [[[-8.297417, 41.313847], [-8.297417, 41.313847], [-8.297406, 41.314297], [-8.297417, 41.313847]]], [[[-7.889749, 41.771192], [-7.894772, 41.766837], [-7.896984, 41.757852], [-7.892629, 41.748803], [-7.878263, 41.73988], [-7.866308, 41.735837], [-7.854295, 41.735189], [-7.835349, 41.73923], [-7.823077, 41.748112], [-7.820774, 41.757095], [-7.823948, 41.766134], [-7.836131, 41.775265], [-7.853514, 41.779091], [-7.865546, 41.779142], [-7.882995, 41.77573], [-7.889749, 41.771192]], [[-7.853572, 41.775804], [-7.841626, 41.77102], [-7.835041, 41.766247], [-7.832252, 41.757212], [-7.836448, 41.748248], [-7.842101, 41.7446], [-7.8542, 41.740525], [-7.866226, 41.740519], [-7.878183, 41.744421], [-7.884719, 41.748726], [-7.889328, 41.757778], [-7.887051, 41.766763], [-7.87768, 41.773304], [-7.869633, 41.7756], [-7.853572, 41.775804]]], [[[-8.070423, 41.696337], [-8.083336, 41.695049], [-8.095412, 41.690847], [-8.108529, 41.678625], [-8.112864, 41.669652], [-8.119845, 41.661553], [-8.143883, 41.66032], [-8.15593, 41.657585], [-8.167252, 41.652044], [-8.178207, 41.643116], [-8.184815, 41.634156], [-8.187762, 41.62517], [-8.186278, 41.616152], [-8.180547, 41.61054], [-8.168618, 41.604869], [-8.15664, 41.603125], [-8.144625, 41.604207], [-8.132567, 41.608504], [-8.120439, 41.617815], [-8.097356, 41.651517], [-8.071851, 41.657999], [-8.067683, 41.660287], [-8.059684, 41.668776], [-8.054991, 41.678197], [-8.054516, 41.6872], [-8.043959, 41.69612], [-8.039621, 41.705091], [-8.047012, 41.713489], [-8.059034, 41.713366], [-8.070423, 41.696337]], [[-8.083405, 41.690161], [-8.076101, 41.687376], [-8.069493, 41.678316], [-8.073778, 41.669343], [-8.083782, 41.663591], [-8.095791, 41.663796], [-8.102551, 41.669572], [-8.103814, 41.678588], [-8.095458, 41.687571], [-8.083405, 41.690161]], [[-8.131955, 41.65418], [-8.119993, 41.650635], [-8.112851, 41.64263], [-8.113596, 41.633629], [-8.120358, 41.623827], [-8.132461, 41.616458], [-8.144485, 41.614826], [-8.15644, 41.618467], [-8.163909, 41.624999], [-8.165871, 41.63402], [-8.162028, 41.642999], [-8.156059, 41.647682], [-8.143977, 41.653209], [-8.131955, 41.65418]]]]}}, {"id": "5", "type": "Feature", "properties": {"fill": "#ea870e", "value_min": -2.33, "value_max": -2.0}, "geometry": {"type": "MultiPolygon", "coordinates": [[[[-7.879197, 41.852541], [-7.888487, 41.844226], [-7.915046, 41.812065], [-7.925253, 41.806532], [-7.949347, 41.805442], [-7.960083, 41.803474], [-7.997776, 41.78763], [-8.021894, 41.784447], [-8.033926, 41.784566], [-8.057958, 41.787008], [-8.093978, 41.792963], [-8.106003, 41.793686], [-8.118072, 41.791275], [-8.122816, 41.786819], [-8.127379, 41.759833], [-8.13571, 41.741882], [-8.145526, 41.732948], [-8.155022, 41.726957], [-8.167106, 41.722303], [-8.179127, 41.722369], [-8.191095, 41.726753], [-8.201891, 41.733354], [-8.209912, 41.742416], [-8.21241, 41.75144], [-8.212088, 41.760445], [-8.205508, 41.778413], [-8.202407, 41.784224], [-8.184191, 41.805285], [-8.181607, 41.812067], [-8.184277, 41.812741], [-8.190291, 41.809587], [-8.197158, 41.814129], [-8.201063, 41.808724], [-8.204973, 41.807372], [-8.205872, 41.804445], [-8.213692, 41.803765], [-8.217598, 41.80016], [-8.217589, 41.793634], [-8.224207, 41.794303], [-8.229917, 41.791598], [-8.240744, 41.791588], [-8.24074, 41.789338], [-8.244346, 41.787411], [-8.238556, 41.780202], [-8.233665, 41.769598], [-8.226254, 41.742527], [-8.218113, 41.733465], [-8.200236, 41.724335], [-8.179203, 41.71642], [-8.167186, 41.716083], [-8.155105, 41.720613], [-8.130864, 41.735206], [-8.118761, 41.740953], [-8.106686, 41.744463], [-8.094665, 41.744123], [-8.082723, 41.738175], [-8.078668, 41.732432], [-8.07832, 41.723422], [-8.082775, 41.705444], [-8.089237, 41.696488], [-8.095366, 41.694123], [-8.107538, 41.682969], [-8.114887, 41.678674], [-8.11969, 41.672894], [-8.131743, 41.669911], [-8.155789, 41.668355], [-8.16784, 41.665327], [-8.204069, 41.649646], [-8.216104, 41.647482], [-8.228107, 41.647982], [-8.240078, 41.651171], [-8.252022, 41.656837], [-8.263927, 41.666072], [-8.289895, 41.697903], [-8.311459, 41.714441], [-8.323354, 41.726471], [-8.33263, 41.743194], [-8.334486, 41.763282], [-8.336653, 41.763728], [-8.341756, 41.761468], [-8.344765, 41.762363], [-8.349267, 41.760103], [-8.350667, 41.757175], [-8.335453, 41.719156], [-8.294634, 41.652897], [-8.276304, 41.633431], [-8.24184, 41.607525], [-8.232591, 41.598456], [-8.228139, 41.589419], [-8.226749, 41.580403], [-8.228109, 41.571405], [-8.232191, 41.562425], [-8.265442, 41.532614], [-8.268814, 41.526634], [-8.272077, 41.517648], [-8.272374, 41.508642], [-8.265882, 41.493677], [-8.254017, 41.483597], [-8.242098, 41.478551], [-8.230148, 41.476215], [-8.194242, 41.474223], [-8.182311, 41.470631], [-8.13309, 41.444625], [-8.063478, 41.416815], [-8.061654, 41.417489], [-8.059852, 41.424916], [-8.055959, 41.429415], [-8.05745, 41.432793], [-8.056549, 41.436394], [-8.069999, 41.447206], [-8.068788, 41.462286], [-8.073872, 41.46499], [-8.072966, 41.474938], [-8.098206, 41.490445], [-8.110136, 41.494061], [-8.122101, 41.495179], [-8.146089, 41.493068], [-8.158038, 41.49549], [-8.181835, 41.508514], [-8.193846, 41.506195], [-8.198829, 41.499146], [-8.212207, 41.490231], [-8.230043, 41.48509], [-8.242019, 41.485362], [-8.253951, 41.48936], [-8.265018, 41.499588], [-8.267936, 41.508614], [-8.266654, 41.517613], [-8.253465, 41.531745], [-8.241433, 41.535522], [-8.229432, 41.536682], [-8.193558, 41.529385], [-8.171321, 41.562002], [-8.161906, 41.570941], [-8.132803, 41.590907], [-8.108307, 41.627227], [-8.096134, 41.639248], [-8.084076, 41.642859], [-8.072053, 41.643966], [-8.048154, 41.642113], [-8.00018, 41.632659], [-7.988183, 41.632108], [-7.976107, 41.636576], [-7.973039, 41.641466], [-7.973048, 41.65948], [-7.98281, 41.686588], [-7.988712, 41.695647], [-7.999788, 41.704751], [-8.011006, 41.709775], [-8.03036, 41.723027], [-8.039734, 41.732113], [-8.042869, 41.741146], [-8.038312, 41.750115], [-8.034403, 41.752755], [-8.022281, 41.75891], [-7.998095, 41.767158], [-7.985903, 41.77739], [-7.970357, 41.79456], [-7.951193, 41.803394], [-7.925306, 41.803333], [-7.913203, 41.807252], [-7.89772, 41.829913], [-7.888564, 41.839768], [-7.876662, 41.848938], [-7.879197, 41.852541]], [[-8.070423, 41.696337], [-8.059034, 41.713366], [-8.047012, 41.713489], [-8.039621, 41.705091], [-8.043959, 41.69612], [-8.054516, 41.6872], [-8.054991, 41.678197], [-8.059684, 41.668776], [-8.067683, 41.660287], [-8.071851, 41.657999], [-8.097356, 41.651517], [-8.120439, 41.617815], [-8.132567, 41.608504], [-8.144625, 41.604207], [-8.15664, 41.603125], [-8.168618, 41.604869], [-8.180547, 41.61054], [-8.186278, 41.616152], [-8.187762, 41.62517], [-8.184815, 41.634156], [-8.178207, 41.643116], [-8.167252, 41.652044], [-8.15593, 41.657585], [-8.143883, 41.66032], [-8.119845, 41.661553], [-8.112864, 41.669652], [-8.108529, 41.678625], [-8.095412, 41.690847], [-8.083336, 41.695049], [-8.070423, 41.696337]]], [[[-7.870023, 41.852999], [-7.8539, 41.862385], [-7.858542, 41.862622], [-7.859456, 41.860148], [-7.864877, 41.859711], [-7.870023, 41.852999]]], [[[-7.842253, 41.869459], [-7.837128, 41.873147], [-7.842528, 41.875187], [-7.842253, 41.869459]]], [[[-7.837117, 41.873155], [-7.837117, 41.873155], [-7.836135, 41.87382], [-7.837117, 41.873155]]], [[[-7.835909, 41.873974], [-7.835909, 41.873974], [-7.835804, 41.874044], [-7.835909, 41.873974]]], [[[-7.901786, 41.770815], [-7.905046, 41.766936], [-7.907048, 41.757948], [-7.904094, 41.748913], [-7.890034, 41.739771], [-7.878356, 41.734492], [-7.866397, 41.730781], [-7.854404, 41.729033], [-7.830359, 41.728931], [-7.818299, 41.730049], [-7.806191, 41.735429], [-7.802987, 41.738897], [-7.800668, 41.74788], [-7.802281, 41.756903], [-7.806826, 41.765958], [-7.816487, 41.775064], [-7.829433, 41.779916], [-7.853455, 41.782378], [-7.877553, 41.780622], [-7.896916, 41.775865], [-7.901786, 41.770815]], [[-7.889749, 41.771192], [-7.882995, 41.77573], [-7.865546, 41.779142], [-7.853514, 41.779091], [-7.836131, 41.775265], [-7.823948, 41.766134], [-7.820774, 41.757095], [-7.823077, 41.748112], [-7.835349, 41.73923], [-7.854295, 41.735189], [-7.866308, 41.735837], [-7.878263, 41.73988], [-7.892629, 41.748803], [-7.896984, 41.757852], [-7.894772, 41.766837], [-7.889749, 41.771192]]], [[[-8.610136, 41.608284], [-8.609829, 41.600355], [-8.606852, 41.591338], [-8.595087, 41.573283], [-8.553203, 41.52305], [-8.527656, 41.500966], [-8.505544, 41.485923], [-8.49361, 41.48009], [-8.46971, 41.473286], [-8.448471, 41.464584], [-8.433879, 41.462042], [-8.421881, 41.464684], [-8.411156, 41.473407], [-8.408517, 41.482401], [-8.412346, 41.491428], [-8.430054, 41.509532], [-8.428051, 41.518529], [-8.418531, 41.536496], [-8.416323, 41.545492], [-8.416927, 41.554503], [-8.421301, 41.563532], [-8.431862, 41.572592], [-8.456804, 41.584581], [-8.468737, 41.592355], [-8.492593, 41.610325], [-8.516482, 41.62569], [-8.528446, 41.631223], [-8.543563, 41.635224], [-8.543855, 41.633976], [-8.536342, 41.631977], [-8.535132, 41.630406], [-8.541659, 41.618925], [-8.528542, 41.618091], [-8.516558, 41.615471], [-8.504594, 41.61037], [-8.492648, 41.603295], [-8.476805, 41.59082], [-8.456917, 41.57113], [-8.442847, 41.563638], [-8.43196, 41.554578], [-8.42883, 41.545555], [-8.430671, 41.536557], [-8.446084, 41.518617], [-8.455111, 41.500646], [-8.469563, 41.491419], [-8.481558, 41.489507], [-8.493521, 41.491581], [-8.505453, 41.497811], [-8.509584, 41.500891], [-8.523005, 41.518962], [-8.532904, 41.52801], [-8.553081, 41.540882], [-8.564991, 41.552593], [-8.573863, 41.564199], [-8.581521, 41.582241], [-8.581791, 41.59125], [-8.578724, 41.600246], [-8.571047, 41.609225], [-8.564583, 41.613404], [-8.555481, 41.616602], [-8.562639, 41.61635], [-8.568056, 41.619031], [-8.570735, 41.616095], [-8.577321, 41.614269], [-8.581231, 41.615829], [-8.585766, 41.620988], [-8.591462, 41.620515], [-8.596534, 41.616668], [-8.601628, 41.615972], [-8.603996, 41.611686], [-8.610136, 41.608284]], [[-8.422675, 41.49148], [-8.415942, 41.482439], [-8.420743, 41.473455], [-8.43379, 41.472327], [-8.436565, 41.473534], [-8.443276, 41.482574], [-8.436379, 41.491548], [-8.433614, 41.492504], [-8.422675, 41.49148]]], [[[-8.541959, 41.61889], [-8.541959, 41.61889], [-8.541852, 41.618903], [-8.541959, 41.61889]]], [[[-8.720971, 41.530353], [-8.742712, 41.528671], [-8.756956, 41.523878], [-8.763993, 41.519709], [-8.773815, 41.510721], [-8.779278, 41.501725], [-8.781955, 41.492722], [-8.782469, 41.483716], [-8.777419, 41.465691], [-8.763363, 41.447648], [-8.751934, 41.438616], [-8.733376, 41.428362], [-8.721429, 41.423465], [-8.697525, 41.416786], [-8.673606, 41.414166], [-8.661635, 41.415167], [-8.649643, 41.420014], [-8.637628, 41.428809], [-8.625571, 41.444212], [-8.617177, 41.465269], [-8.616388, 41.474274], [-8.619019, 41.483291], [-8.628427, 41.492329], [-8.673094, 41.516145], [-8.697019, 41.525658], [-8.720971, 41.530353]], [[-8.685105, 41.510632], [-8.661169, 41.504885], [-8.638068, 41.49236], [-8.629143, 41.483324], [-8.626466, 41.474307], [-8.627474, 41.465303], [-8.637516, 41.448998], [-8.649535, 41.440157], [-8.661529, 41.43558], [-8.673508, 41.433713], [-8.685476, 41.434018], [-8.697434, 41.436306], [-8.709385, 41.440641], [-8.721147, 41.447553], [-8.730746, 41.456584], [-8.73615, 41.465604], [-8.738499, 41.474617], [-8.737791, 41.483623], [-8.733531, 41.49262], [-8.725065, 41.501608], [-8.709079, 41.509032], [-8.697087, 41.510962], [-8.685105, 41.510632]]], [[[-8.318284, 41.337014], [-8.313377, 41.346759], [-8.310173, 41.364756], [-8.31127, 41.37377], [-8.31486, 41.382799], [-8.32174, 41.391847], [-8.336384, 41.40094], [-8.350625, 41.405229], [-8.37454, 41.406597], [-8.398516, 41.40143], [-8.415843, 41.392363], [-8.424938, 41.383401], [-8.430765, 41.374423], [-8.434503, 41.356426], [-8.430882, 41.338393], [-8.425354, 41.329358], [-8.411246, 41.31643], [-8.40072, 41.311625], [-8.400018, 41.313428], [-8.396738, 41.314336], [-8.398835, 41.316131], [-8.393775, 41.31997], [-8.393489, 41.323122], [-8.391105, 41.324253], [-8.386325, 41.323588], [-8.380382, 41.331254], [-8.375305, 41.33104], [-8.37201, 41.328346], [-8.361563, 41.329718], [-8.358276, 41.329049], [-8.357673, 41.327249], [-8.350207, 41.327264], [-8.346032, 41.328847], [-8.342462, 41.333131], [-8.333215, 41.336299], [-8.326363, 41.342163], [-8.324568, 41.341041], [-8.323376, 41.341943], [-8.318284, 41.337014]], [[-8.361651, 41.401083], [-8.350681, 41.399596], [-8.333404, 41.391915], [-8.324807, 41.382857], [-8.321225, 41.373829], [-8.320979, 41.36482], [-8.32727, 41.349737], [-8.339334, 41.338787], [-8.351339, 41.333405], [-8.363309, 41.33144], [-8.375254, 41.331982], [-8.387174, 41.335265], [-8.39906, 41.342322], [-8.404165, 41.347265], [-8.409607, 41.356301], [-8.411505, 41.365318], [-8.410296, 41.37432], [-8.406055, 41.383306], [-8.396293, 41.392262], [-8.386593, 41.397117], [-8.374599, 41.400434], [-8.361651, 41.401083]]], [[[-8.637837, 41.391157], [-8.649813, 41.388372], [-8.661713, 41.375333], [-8.663352, 41.366331], [-8.661081, 41.357316], [-8.653686, 41.348287], [-8.63812, 41.340101], [-8.626177, 41.338471], [-8.614215, 41.340211], [-8.600425, 41.348114], [-8.595454, 41.357104], [-8.595778, 41.366113], [-8.600745, 41.375138], [-8.613948, 41.385462], [-8.625883, 41.389967], [-8.637837, 41.391157]]], [[[-8.458194, 41.24665], [-8.471442, 41.259707], [-8.495215, 41.272894], [-8.519048, 41.279205], [-8.542923, 41.280218], [-8.566837, 41.275358], [-8.578806, 41.270841], [-8.590787, 41.264149], [-8.609729, 41.249061], [-8.626788, 41.231328], [-8.638766, 41.223051], [-8.650703, 41.221854], [-8.68648, 41.224994], [-8.698416, 41.223748], [-8.710362, 41.220289], [-8.724049, 41.21336], [-8.733591, 41.204375], [-8.739132, 41.195379], [-8.741617, 41.186377], [-8.741625, 41.177369], [-8.73923, 41.168356], [-8.734258, 41.159337], [-8.720096, 41.145819], [-8.674793, 41.146932], [-8.674849, 41.153767], [-8.672489, 41.15648], [-8.66117, 41.156307], [-8.662078, 41.158104], [-8.660313, 41.160813], [-8.657033, 41.160378], [-8.654961, 41.161963], [-8.653231, 41.169174], [-8.655366, 41.175467], [-8.647955, 41.180228], [-8.647696, 41.185181], [-8.640929, 41.196241], [-8.634946, 41.193341], [-8.632526, 41.188624], [-8.625658, 41.186628], [-8.621132, 41.178994], [-8.613374, 41.177451], [-8.608583, 41.174095], [-8.609164, 41.172066], [-8.604942, 41.164881], [-8.59422, 41.165149], [-8.589766, 41.167193], [-8.589194, 41.170572], [-8.585925, 41.17171], [-8.58209, 41.177228], [-8.595761, 41.185958], [-8.603144, 41.194892], [-8.607345, 41.204013], [-8.608416, 41.213025], [-8.607008, 41.222028], [-8.602925, 41.2312], [-8.590908, 41.244847], [-8.578925, 41.252293], [-8.566963, 41.256331], [-8.555015, 41.25796], [-8.543081, 41.257513], [-8.531163, 41.254906], [-8.517683, 41.248712], [-8.506827, 41.239658], [-8.50051, 41.230623], [-8.497653, 41.221995], [-8.48971, 41.227873], [-8.487935, 41.230354], [-8.490331, 41.232373], [-8.489156, 41.235528], [-8.486181, 41.236888], [-8.484411, 41.240495], [-8.476346, 41.237818], [-8.475756, 41.23917], [-8.470986, 41.23941], [-8.471604, 41.243459], [-8.469227, 41.245267], [-8.463258, 41.244384], [-8.458194, 41.24665]], [[-8.686543, 41.211801], [-8.674635, 41.207511], [-8.669881, 41.20421], [-8.666397, 41.195192], [-8.670169, 41.186195], [-8.674759, 41.182446], [-8.686701, 41.178675], [-8.698616, 41.180339], [-8.707264, 41.186295], [-8.71143, 41.195313], [-8.707645, 41.204312], [-8.69848, 41.209966], [-8.686543, 41.211801]]]]}}, {"id": "3", "type": "Feature", "properties": {"fill": "#c33119", "value_min": -3.0, "value_max": -2.67}, "geometry": {"type": "MultiPolygon", "coordinates": [[[[-7.792335, 41.882477], [-7.792501, 41.882302], [-7.792547, 41.882253], [-7.795226, 41.87942], [-7.795519, 41.87911], [-7.795529, 41.8791], [-7.795732, 41.878886], [-7.795832, 41.87878], [-7.795944, 41.878661], [-7.796135, 41.87846], [-7.796156, 41.878437], [-7.796741, 41.877819], [-7.794349, 41.87438], [-7.800189, 41.874172], [-7.808153, 41.865045], [-7.815934, 41.859507], [-7.828295, 41.856246], [-7.852192, 41.853163], [-7.873062, 41.845808], [-7.874268, 41.845378], [-7.888624, 41.836266], [-7.900907, 41.822318], [-7.907086, 41.811989], [-7.913405, 41.795295], [-7.925408, 41.79727], [-7.93738, 41.80115], [-7.949425, 41.800634], [-7.962573, 41.79449], [-7.96746, 41.785527], [-7.968279, 41.758514], [-7.962312, 41.747932], [-7.950392, 41.741369], [-7.938379, 41.74061], [-7.926311, 41.749123], [-7.922159, 41.767098], [-7.913616, 41.782804], [-7.903311, 41.784933], [-7.877494, 41.78401], [-7.817236, 41.788842], [-7.805209, 41.788407], [-7.793303, 41.781539], [-7.77457, 41.756611], [-7.758584, 41.743053], [-7.757456, 41.745525], [-7.748417, 41.749321], [-7.747786, 41.754496], [-7.743866, 41.756509], [-7.742941, 41.760395], [-7.757486, 41.766892], [-7.76461, 41.774518], [-7.768221, 41.783564], [-7.767591, 41.792564], [-7.762006, 41.80151], [-7.756734, 41.805813], [-7.744609, 41.810294], [-7.732547, 41.811453], [-7.728498, 41.810637], [-7.728171, 41.814974], [-7.732041, 41.821514], [-7.74345, 41.825605], [-7.738918, 41.82874], [-7.742196, 41.833928], [-7.74729, 41.837772], [-7.746349, 41.84407], [-7.750246, 41.846784], [-7.750532, 41.849261], [-7.743309, 41.849012], [-7.746901, 41.8524], [-7.746881, 41.855776], [-7.73843, 41.859348], [-7.734159, 41.868337], [-7.730228, 41.871024], [-7.729293, 41.875972], [-7.722351, 41.878424], [-7.720523, 41.881793], [-7.725335, 41.882935], [-7.726208, 41.887665], [-7.737044, 41.888828], [-7.737935, 41.890857], [-7.74246, 41.889747], [-7.742785, 41.885922], [-7.756022, 41.888441], [-7.758719, 41.890926], [-7.756585, 41.895195], [-7.758376, 41.898127], [-7.760845, 41.898135], [-7.764706, 41.897344], [-7.779227, 41.886264], [-7.785257, 41.885157], [-7.788886, 41.882467], [-7.792335, 41.882477]], [[-7.864391, 41.84455], [-7.852325, 41.845718], [-7.8403, 41.844564], [-7.823897, 41.838188], [-7.81439, 41.829083], [-7.810351, 41.820035], [-7.811527, 41.81104], [-7.818569, 41.802106], [-7.833723, 41.793254], [-7.865404, 41.787173], [-7.877445, 41.786816], [-7.889453, 41.788329], [-7.89982, 41.793906], [-7.901353, 41.7962], [-7.904692, 41.80296], [-7.90346, 41.811955], [-7.898826, 41.820917], [-7.888681, 41.833019], [-7.876507, 41.8405], [-7.864391, 41.84455]], [[-7.937444, 41.797275], [-7.930164, 41.794193], [-7.928604, 41.785171], [-7.937761, 41.778047], [-7.949793, 41.778126], [-7.957776, 41.78544], [-7.955358, 41.794425], [-7.949482, 41.797189], [-7.937444, 41.797275]]], [[[-8.319027, 41.761732], [-8.32125, 41.752135], [-8.31961, 41.743118], [-8.311282, 41.731048], [-8.299344, 41.723103], [-8.287365, 41.719143], [-8.263339, 41.717629], [-8.257295, 41.715711], [-8.25661, 41.697693], [-8.253936, 41.688668], [-8.248358, 41.679625], [-8.239829, 41.672304], [-8.227885, 41.666546], [-8.215898, 41.664508], [-8.203876, 41.665347], [-8.189596, 41.670218], [-8.17314, 41.679108], [-8.167598, 41.684124], [-8.155589, 41.683635], [-8.143629, 41.679472], [-8.131638, 41.677717], [-8.119598, 41.679651], [-8.107485, 41.686764], [-8.096266, 41.696543], [-8.091155, 41.70551], [-8.09285, 41.714531], [-8.095027, 41.718329], [-8.106933, 41.726671], [-8.118946, 41.727401], [-8.13101, 41.724416], [-8.167367, 41.70206], [-8.172822, 41.706127], [-8.179315, 41.707638], [-8.203212, 41.719143], [-8.215199, 41.722007], [-8.239235, 41.722791], [-8.248606, 41.724662], [-8.246939, 41.751672], [-8.250797, 41.762371], [-8.261746, 41.774235], [-8.269568, 41.76905], [-8.269565, 41.767474], [-8.274371, 41.765595], [-8.26717, 41.760809], [-8.261672, 41.751767], [-8.263053, 41.74263], [-8.275191, 41.732719], [-8.28723, 41.731412], [-8.299208, 41.73563], [-8.306366, 41.743039], [-8.308084, 41.752056], [-8.304554, 41.758379], [-8.30778, 41.758824], [-8.307785, 41.760625], [-8.311096, 41.762195], [-8.319027, 41.761732]], [[-8.107078, 41.716218], [-8.097946, 41.705564], [-8.099809, 41.696571], [-8.10744, 41.690024], [-8.119548, 41.683305], [-8.131553, 41.68404], [-8.139632, 41.687869], [-8.14278, 41.6969], [-8.131275, 41.704707], [-8.122305, 41.714759], [-8.11909, 41.716866], [-8.107078, 41.716218]], [[-8.215293, 41.714304], [-8.203289, 41.712908], [-8.191341, 41.707081], [-8.183323, 41.697195], [-8.18449, 41.688196], [-8.191668, 41.681031], [-8.20375, 41.675514], [-8.215769, 41.675083], [-8.227733, 41.679278], [-8.237045, 41.688557], [-8.238616, 41.697575], [-8.234551, 41.706555], [-8.227349, 41.711377], [-8.215293, 41.714304]]], [[[-7.835626, 41.70974], [-7.836695, 41.712223], [-7.842627, 41.715309], [-7.866576, 41.720607], [-7.890395, 41.733693], [-7.902374, 41.736326], [-7.914397, 41.736466], [-7.926483, 41.732806], [-7.934043, 41.722174], [-7.934743, 41.713174], [-7.931914, 41.70414], [-7.9246, 41.695065], [-7.915209, 41.688193], [-7.903267, 41.683832], [-7.891279, 41.682231], [-7.874012, 41.683626], [-7.873401, 41.686198], [-7.868896, 41.686413], [-7.868003, 41.684426], [-7.864098, 41.684938], [-7.863797, 41.684977], [-7.861995, 41.685213], [-7.861554, 41.68527], [-7.860493, 41.685409], [-7.857773, 41.689538], [-7.854776, 41.68818], [-7.847538, 41.695365], [-7.837309, 41.699391], [-7.835792, 41.702763], [-7.839679, 41.706599], [-7.838465, 41.709522], [-7.835626, 41.70974]], [[-7.890516, 41.726658], [-7.882664, 41.721686], [-7.880937, 41.712662], [-7.890917, 41.70331], [-7.902939, 41.70312], [-7.914082, 41.71298], [-7.912307, 41.72197], [-7.902525, 41.727462], [-7.890516, 41.726658]]], [[[-8.061928, 41.575951], [-8.062879, 41.579184], [-8.050517, 41.597097], [-8.048678, 41.606089], [-8.049864, 41.615106], [-8.055357, 41.624158], [-8.0722, 41.633663], [-8.084183, 41.63529], [-8.096236, 41.631985], [-8.104829, 41.624554], [-8.111106, 41.615595], [-8.112923, 41.606602], [-8.108789, 41.592182], [-8.101267, 41.57949], [-8.115005, 41.57059], [-8.133179, 41.562779], [-8.145285, 41.554166], [-8.153731, 41.543859], [-8.156606, 41.534873], [-8.156484, 41.525865], [-8.152766, 41.51683], [-8.141054, 41.507736], [-8.121998, 41.502785], [-8.086127, 41.49749], [-8.075341, 41.497112], [-8.078332, 41.500331], [-8.091803, 41.503937], [-8.0927, 41.505305], [-8.116662, 41.507552], [-8.133819, 41.514863], [-8.141819, 41.525757], [-8.141567, 41.534762], [-8.133395, 41.546615], [-8.121305, 41.553993], [-8.109268, 41.557377], [-8.09727, 41.557792], [-8.085312, 41.555404], [-8.076414, 41.550974], [-8.076193, 41.550847], [-8.076023, 41.550749], [-8.075894, 41.550674], [-8.075632, 41.550524], [-8.074097, 41.549848], [-8.072896, 41.552098], [-8.075891, 41.554575], [-8.076188, 41.557276], [-8.080082, 41.558854], [-8.081576, 41.565157], [-8.078879, 41.56493], [-8.077678, 41.566956], [-8.069283, 41.570553], [-8.069281, 41.572579], [-8.065682, 41.575053], [-8.061928, 41.575951]], [[-8.084268, 41.629293], [-8.07104, 41.624286], [-8.065181, 41.615231], [-8.06736, 41.606242], [-8.072667, 41.601123], [-8.08472, 41.597303], [-8.096691, 41.599388], [-8.103663, 41.60653], [-8.105137, 41.615549], [-8.096307, 41.626891], [-8.084268, 41.629293]]], [[[-8.540615, 41.608201], [-8.552647, 41.603774], [-8.557949, 41.600168], [-8.564996, 41.591187], [-8.567531, 41.58219], [-8.566394, 41.573178], [-8.562443, 41.564156], [-8.552997, 41.553057], [-8.541063, 41.545021], [-8.529107, 41.540314], [-8.517132, 41.538523], [-8.505142, 41.538656], [-8.49313, 41.541709], [-8.477156, 41.554792], [-8.474562, 41.563788], [-8.474985, 41.572797], [-8.478732, 41.581821], [-8.485718, 41.59086], [-8.504644, 41.60389], [-8.516615, 41.607841], [-8.528606, 41.609237], [-8.540615, 41.608201]], [[-8.51666, 41.601787], [-8.504689, 41.598003], [-8.493865, 41.590896], [-8.486503, 41.581856], [-8.484595, 41.57284], [-8.487376, 41.563846], [-8.493005, 41.557737], [-8.505055, 41.550136], [-8.517062, 41.547902], [-8.529045, 41.548864], [-8.543035, 41.555073], [-8.552473, 41.564117], [-8.556738, 41.573141], [-8.556783, 41.582149], [-8.552056, 41.591138], [-8.540678, 41.599263], [-8.528657, 41.60231], [-8.51666, 41.601787]]], [[[-8.462365, 41.536709], [-8.45722, 41.534871], [-8.451228, 41.536657], [-8.445174, 41.541715], [-8.445127, 41.547137], [-8.457082, 41.551313], [-8.467194, 41.545739], [-8.462365, 41.536709]]], [[[-8.499797, 41.509856], [-8.49343, 41.50326], [-8.481473, 41.500078], [-8.479365, 41.500758], [-8.467125, 41.509709], [-8.469322, 41.520905], [-8.481257, 41.527208], [-8.493255, 41.525702], [-8.499377, 41.518862], [-8.499797, 41.509856]]], [[[-8.262344, 41.508578], [-8.258361, 41.499545], [-8.253882, 41.49538], [-8.241945, 41.491657], [-8.229943, 41.493516], [-8.220536, 41.499295], [-8.216373, 41.508274], [-8.219272, 41.517301], [-8.229575, 41.524586], [-8.24154, 41.526416], [-8.253565, 41.523039], [-8.259142, 41.517565], [-8.262344, 41.508578]], [[-8.238593, 41.517431], [-8.229184, 41.508361], [-8.237914, 41.499412], [-8.241868, 41.498288], [-8.253779, 41.504348], [-8.255598, 41.508535], [-8.253683, 41.512759], [-8.244964, 41.517473], [-8.241633, 41.518407], [-8.238593, 41.517431]]], [[[-8.69714, 41.499708], [-8.708692, 41.49256], [-8.714983, 41.483568], [-8.716237, 41.474564], [-8.71348, 41.46555], [-8.705896, 41.456523], [-8.697366, 41.450998], [-8.687557, 41.447467], [-8.673449, 41.445481], [-8.661469, 41.447099], [-8.649473, 41.451782], [-8.637432, 41.464102], [-8.634541, 41.474333], [-8.637312, 41.48335], [-8.645921, 41.492384], [-8.661195, 41.499878], [-8.673162, 41.502613], [-8.685144, 41.502701], [-8.69714, 41.499708]], [[-8.673191, 41.496822], [-8.66122, 41.495065], [-8.649276, 41.488259], [-8.644458, 41.483372], [-8.642315, 41.474358], [-8.646068, 41.465362], [-8.649418, 41.461845], [-8.661424, 41.455779], [-8.673403, 41.454638], [-8.685363, 41.457487], [-8.696608, 41.465506], [-8.700845, 41.474525], [-8.699317, 41.483528], [-8.690448, 41.492512], [-8.685182, 41.494836], [-8.673191, 41.496822]]], [[[-8.386676, 41.38828], [-8.392692, 41.383236], [-8.396965, 41.374251], [-8.396716, 41.365242], [-8.391727, 41.356208], [-8.387018, 41.351906], [-8.375118, 41.346208], [-8.36318, 41.344656], [-8.351206, 41.346776], [-8.339187, 41.353343], [-8.331402, 41.364881], [-8.330648, 41.373884], [-8.334435, 41.382914], [-8.338845, 41.387152], [-8.350739, 41.393757], [-8.362684, 41.395551], [-8.374659, 41.394125], [-8.386676, 41.38828]], [[-8.362746, 41.389196], [-8.350811, 41.386602], [-8.345272, 41.382976], [-8.34018, 41.373939], [-8.342762, 41.364946], [-8.351097, 41.357769], [-8.363078, 41.355129], [-8.375005, 41.358035], [-8.383089, 41.36517], [-8.385256, 41.374189], [-8.38003, 41.383168], [-8.374733, 41.386456], [-8.362746, 41.389196]]], [[[-8.531349, 41.210955], [-8.528918, 41.221735], [-8.532976, 41.230759], [-8.543215, 41.2382], [-8.548691, 41.23983], [-8.555129, 41.241095], [-8.567071, 41.239887], [-8.581092, 41.230945], [-8.585048, 41.221951], [-8.583891, 41.212939], [-8.579221, 41.206144], [-8.574517, 41.20299], [-8.57423, 41.20462], [-8.568566, 41.204416], [-8.565895, 41.206227], [-8.567697, 41.208246], [-8.566512, 41.209376], [-8.559636, 41.206251], [-8.554271, 41.20627], [-8.549521, 41.209214], [-8.544157, 41.209458], [-8.537023, 41.212635], [-8.532257, 41.213102], [-8.531349, 41.210955]]]]}}, {"id": "4", "type": "Feature", "properties": {"fill": "#d75e13", "value_min": -2.67, "value_max": -2.33}, "geometry": {"type": "MultiPolygon", "coordinates": [[[[-7.835804, 41.874044], [-7.835909, 41.873974], [-7.836135, 41.87382], [-7.837117, 41.873155], [-7.837128, 41.873147], [-7.842253, 41.869459], [-7.841663, 41.866632], [-7.845893, 41.863491], [-7.849515, 41.861475], [-7.8539, 41.862385], [-7.870023, 41.852999], [-7.87033, 41.851395], [-7.873043, 41.850501], [-7.873062, 41.845808], [-7.852192, 41.853163], [-7.828295, 41.856246], [-7.815934, 41.859507], [-7.808153, 41.865045], [-7.800189, 41.874172], [-7.804288, 41.874184], [-7.804914, 41.869459], [-7.813032, 41.871958], [-7.814229, 41.873537], [-7.823863, 41.874013], [-7.825059, 41.875817], [-7.835804, 41.874044]]], [[[-7.876662, 41.848938], [-7.888564, 41.839768], [-7.89772, 41.829913], [-7.913203, 41.807252], [-7.925306, 41.803333], [-7.951193, 41.803394], [-7.970357, 41.79456], [-7.985903, 41.77739], [-7.998095, 41.767158], [-8.022281, 41.75891], [-8.034403, 41.752755], [-8.038312, 41.750115], [-8.042869, 41.741146], [-8.039734, 41.732113], [-8.03036, 41.723027], [-8.011006, 41.709775], [-7.999788, 41.704751], [-7.988712, 41.695647], [-7.98281, 41.686588], [-7.973048, 41.65948], [-7.973039, 41.641466], [-7.976107, 41.636576], [-7.988183, 41.632108], [-8.00018, 41.632659], [-8.048154, 41.642113], [-8.072053, 41.643966], [-8.084076, 41.642859], [-8.096134, 41.639248], [-8.108307, 41.627227], [-8.132803, 41.590907], [-8.161906, 41.570941], [-8.171321, 41.562002], [-8.193558, 41.529385], [-8.229432, 41.536682], [-8.241433, 41.535522], [-8.253465, 41.531745], [-8.266654, 41.517613], [-8.267936, 41.508614], [-8.265018, 41.499588], [-8.253951, 41.48936], [-8.242019, 41.485362], [-8.230043, 41.48509], [-8.212207, 41.490231], [-8.198829, 41.499146], [-8.193846, 41.506195], [-8.181835, 41.508514], [-8.158038, 41.49549], [-8.146089, 41.493068], [-8.122101, 41.495179], [-8.110136, 41.494061], [-8.098206, 41.490445], [-8.072966, 41.474938], [-8.066374, 41.482318], [-8.066069, 41.48817], [-8.072054, 41.490199], [-8.07175, 41.494925], [-8.075341, 41.497112], [-8.086127, 41.49749], [-8.121998, 41.502785], [-8.141054, 41.507736], [-8.152766, 41.51683], [-8.156484, 41.525865], [-8.156606, 41.534873], [-8.153731, 41.543859], [-8.145285, 41.554166], [-8.133179, 41.562779], [-8.115005, 41.57059], [-8.101267, 41.57949], [-8.108789, 41.592182], [-8.112923, 41.606602], [-8.111106, 41.615595], [-8.104829, 41.624554], [-8.096236, 41.631985], [-8.084183, 41.63529], [-8.0722, 41.633663], [-8.055357, 41.624158], [-8.049864, 41.615106], [-8.048678, 41.606089], [-8.050517, 41.597097], [-8.062879, 41.579184], [-8.061928, 41.575951], [-8.052181, 41.584498], [-8.052777, 41.587649], [-8.048277, 41.590122], [-8.047974, 41.592373], [-8.037169, 41.600242], [-8.031467, 41.602938], [-8.02367, 41.603156], [-8.019174, 41.601802], [-8.015872, 41.603824], [-8.013474, 41.603372], [-8.005971, 41.60629], [-8.003562, 41.611239], [-7.99936, 41.61281], [-7.998462, 41.612359], [-7.999669, 41.608759], [-7.996976, 41.605829], [-7.996684, 41.602003], [-7.984685, 41.603564], [-7.982292, 41.60086], [-7.975689, 41.603552], [-7.974482, 41.606701], [-7.970882, 41.607147], [-7.969091, 41.603768], [-7.965796, 41.602413], [-7.9541, 41.602846], [-7.952606, 41.600592], [-7.947808, 41.60081], [-7.945413, 41.599456], [-7.942725, 41.595625], [-7.936132, 41.594488], [-7.93791, 41.601694], [-7.937004, 41.603718], [-7.931604, 41.604384], [-7.930979, 41.612711], [-7.925556, 41.620354], [-7.920755, 41.620796], [-7.917748, 41.623041], [-7.915933, 41.627764], [-7.913229, 41.628885], [-7.912613, 41.63361], [-7.906014, 41.633147], [-7.906884, 41.641927], [-7.897869, 41.645511], [-7.89696, 41.647985], [-7.892759, 41.647976], [-7.892145, 41.651576], [-7.902319, 41.659925], [-7.899913, 41.66127], [-7.900198, 41.665547], [-7.898396, 41.665769], [-7.896885, 41.668692], [-7.882465, 41.671588], [-7.877044, 41.676077], [-7.876723, 41.681253], [-7.874012, 41.683626], [-7.891279, 41.682231], [-7.903267, 41.683832], [-7.915209, 41.688193], [-7.9246, 41.695065], [-7.931914, 41.70414], [-7.934743, 41.713174], [-7.934043, 41.722174], [-7.926483, 41.732806], [-7.914397, 41.736466], [-7.902374, 41.736326], [-7.890395, 41.733693], [-7.866576, 41.720607], [-7.842627, 41.715309], [-7.836695, 41.712223], [-7.835626, 41.70974], [-7.82945, 41.710174], [-7.825252, 41.708813], [-7.818621, 41.713522], [-7.815291, 41.718689], [-7.808986, 41.717996], [-7.808396, 41.715744], [-7.804499, 41.714158], [-7.79939, 41.714593], [-7.79788, 41.716164], [-7.796383, 41.71526], [-7.790966, 41.717044], [-7.789449, 41.719966], [-7.78464, 41.720402], [-7.78252, 41.723546], [-7.776204, 41.724652], [-7.773786, 41.727346], [-7.770798, 41.72441], [-7.765698, 41.723044], [-7.761765, 41.727758], [-7.762933, 41.733839], [-7.759307, 41.737203], [-7.759597, 41.739005], [-7.75689, 41.739446], [-7.758584, 41.743053], [-7.77457, 41.756611], [-7.793303, 41.781539], [-7.805209, 41.788407], [-7.817236, 41.788842], [-7.877494, 41.78401], [-7.903311, 41.784933], [-7.913616, 41.782804], [-7.922159, 41.767098], [-7.926311, 41.749123], [-7.938379, 41.74061], [-7.950392, 41.741369], [-7.962312, 41.747932], [-7.968279, 41.758514], [-7.96746, 41.785527], [-7.962573, 41.79449], [-7.949425, 41.800634], [-7.93738, 41.80115], [-7.925408, 41.79727], [-7.913405, 41.795295], [-7.907086, 41.811989], [-7.900907, 41.822318], [-7.888624, 41.836266], [-7.874268, 41.845378], [-7.876662, 41.848938]], [[-7.901786, 41.770815], [-7.896916, 41.775865], [-7.877553, 41.780622], [-7.853455, 41.782378], [-7.829433, 41.779916], [-7.816487, 41.775064], [-7.806826, 41.765958], [-7.802281, 41.756903], [-7.800668, 41.74788], [-7.802987, 41.738897], [-7.806191, 41.735429], [-7.818299, 41.730049], [-7.830359, 41.728931], [-7.854404, 41.729033], [-7.866397, 41.730781], [-7.878356, 41.734492], [-7.890034, 41.739771], [-7.904094, 41.748913], [-7.907048, 41.757948], [-7.905046, 41.766936], [-7.901786, 41.770815]], [[-8.262344, 41.508578], [-8.259142, 41.517565], [-8.253565, 41.523039], [-8.24154, 41.526416], [-8.229575, 41.524586], [-8.219272, 41.517301], [-8.216373, 41.508274], [-8.220536, 41.499295], [-8.229943, 41.493516], [-8.241945, 41.491657], [-8.253882, 41.49538], [-8.258361, 41.499545], [-8.262344, 41.508578]]], [[[-7.764706, 41.897344], [-7.760845, 41.898135], [-7.764097, 41.898595], [-7.764706, 41.897344]]], [[[-7.796741, 41.877819], [-7.796741, 41.877819], [-7.796156, 41.878437], [-7.796741, 41.877819]]], [[[-7.796135, 41.87846], [-7.796135, 41.87846], [-7.795944, 41.878661], [-7.796135, 41.87846]]], [[[-7.795832, 41.87878], [-7.795832, 41.87878], [-7.795732, 41.878886], [-7.795832, 41.87878]]], [[[-7.795529, 41.8791], [-7.795529, 41.8791], [-7.795519, 41.87911], [-7.795529, 41.8791]]], [[[-7.795226, 41.87942], [-7.792547, 41.882253], [-7.794309, 41.882033], [-7.795226, 41.87942]]], [[[-7.792501, 41.882302], [-7.792501, 41.882302], [-7.792335, 41.882477], [-7.792501, 41.882302]]], [[[-7.860493, 41.685409], [-7.860493, 41.685409], [-7.861554, 41.68527], [-7.860493, 41.685409]]], [[[-7.861995, 41.685213], [-7.861995, 41.685213], [-7.863797, 41.684977], [-7.861995, 41.685213]]], [[[-7.864098, 41.684938], [-7.868003, 41.684426], [-7.867408, 41.683258], [-7.864098, 41.684938]]], [[[-8.334486, 41.763282], [-8.33263, 41.743194], [-8.323354, 41.726471], [-8.311459, 41.714441], [-8.289895, 41.697903], [-8.263927, 41.666072], [-8.252022, 41.656837], [-8.240078, 41.651171], [-8.228107, 41.647982], [-8.216104, 41.647482], [-8.204069, 41.649646], [-8.16784, 41.665327], [-8.155789, 41.668355], [-8.131743, 41.669911], [-8.11969, 41.672894], [-8.114887, 41.678674], [-8.107538, 41.682969], [-8.095366, 41.694123], [-8.089237, 41.696488], [-8.082775, 41.705444], [-8.07832, 41.723422], [-8.078668, 41.732432], [-8.082723, 41.738175], [-8.094665, 41.744123], [-8.106686, 41.744463], [-8.118761, 41.740953], [-8.130864, 41.735206], [-8.155105, 41.720613], [-8.167186, 41.716083], [-8.179203, 41.71642], [-8.200236, 41.724335], [-8.218113, 41.733465], [-8.226254, 41.742527], [-8.233665, 41.769598], [-8.238556, 41.780202], [-8.244346, 41.787411], [-8.245546, 41.785731], [-8.251257, 41.784375], [-8.251845, 41.777172], [-8.257551, 41.773564], [-8.261746, 41.774235], [-8.250797, 41.762371], [-8.246939, 41.751672], [-8.248606, 41.724662], [-8.239235, 41.722791], [-8.215199, 41.722007], [-8.203212, 41.719143], [-8.179315, 41.707638], [-8.172822, 41.706127], [-8.167367, 41.70206], [-8.13101, 41.724416], [-8.118946, 41.727401], [-8.106933, 41.726671], [-8.095027, 41.718329], [-8.09285, 41.714531], [-8.091155, 41.70551], [-8.096266, 41.696543], [-8.107485, 41.686764], [-8.119598, 41.679651], [-8.131638, 41.677717], [-8.143629, 41.679472], [-8.155589, 41.683635], [-8.167598, 41.684124], [-8.17314, 41.679108], [-8.189596, 41.670218], [-8.203876, 41.665347], [-8.215898, 41.664508], [-8.227885, 41.666546], [-8.239829, 41.672304], [-8.248358, 41.679625], [-8.253936, 41.688668], [-8.25661, 41.697693], [-8.257295, 41.715711], [-8.263339, 41.717629], [-8.287365, 41.719143], [-8.299344, 41.723103], [-8.311282, 41.731048], [-8.31961, 41.743118], [-8.32125, 41.752135], [-8.319027, 41.761732], [-8.325233, 41.765098], [-8.328234, 41.763292], [-8.334486, 41.763282]]], [[[-8.555481, 41.616602], [-8.564583, 41.613404], [-8.571047, 41.609225], [-8.578724, 41.600246], [-8.581791, 41.59125], [-8.581521, 41.582241], [-8.573863, 41.564199], [-8.564991, 41.552593], [-8.553081, 41.540882], [-8.532904, 41.52801], [-8.523005, 41.518962], [-8.509584, 41.500891], [-8.505453, 41.497811], [-8.493521, 41.491581], [-8.481558, 41.489507], [-8.469563, 41.491419], [-8.455111, 41.500646], [-8.446084, 41.518617], [-8.430671, 41.536557], [-8.42883, 41.545555], [-8.43196, 41.554578], [-8.442847, 41.563638], [-8.456917, 41.57113], [-8.476805, 41.59082], [-8.492648, 41.603295], [-8.504594, 41.61037], [-8.516558, 41.615471], [-8.528542, 41.618091], [-8.541659, 41.618925], [-8.541852, 41.618903], [-8.541959, 41.61889], [-8.543431, 41.61462], [-8.554533, 41.615255], [-8.555481, 41.616602]], [[-8.540615, 41.608201], [-8.528606, 41.609237], [-8.516615, 41.607841], [-8.504644, 41.60389], [-8.485718, 41.59086], [-8.478732, 41.581821], [-8.474985, 41.572797], [-8.474562, 41.563788], [-8.477156, 41.554792], [-8.49313, 41.541709], [-8.505142, 41.538656], [-8.517132, 41.538523], [-8.529107, 41.540314], [-8.541063, 41.545021], [-8.552997, 41.553057], [-8.562443, 41.564156], [-8.566394, 41.573178], [-8.567531, 41.58219], [-8.564996, 41.591187], [-8.557949, 41.600168], [-8.552647, 41.603774], [-8.540615, 41.608201]], [[-8.462365, 41.536709], [-8.467194, 41.545739], [-8.457082, 41.551313], [-8.445127, 41.547137], [-8.445174, 41.541715], [-8.451228, 41.536657], [-8.45722, 41.534871], [-8.462365, 41.536709]], [[-8.499797, 41.509856], [-8.499377, 41.518862], [-8.493255, 41.525702], [-8.481257, 41.527208], [-8.469322, 41.520905], [-8.467125, 41.509709], [-8.479365, 41.500758], [-8.481473, 41.500078], [-8.49343, 41.50326], [-8.499797, 41.509856]]], [[[-8.685105, 41.510632], [-8.697087, 41.510962], [-8.709079, 41.509032], [-8.725065, 41.501608], [-8.733531, 41.49262], [-8.737791, 41.483623], [-8.738499, 41.474617], [-8.73615, 41.465604], [-8.730746, 41.456584], [-8.721147, 41.447553], [-8.709385, 41.440641], [-8.697434, 41.436306], [-8.685476, 41.434018], [-8.673508, 41.433713], [-8.661529, 41.43558], [-8.649535, 41.440157], [-8.637516, 41.448998], [-8.627474, 41.465303], [-8.626466, 41.474307], [-8.629143, 41.483324], [-8.638068, 41.49236], [-8.661169, 41.504885], [-8.685105, 41.510632]], [[-8.69714, 41.499708], [-8.685144, 41.502701], [-8.673162, 41.502613], [-8.661195, 41.499878], [-8.645921, 41.492384], [-8.637312, 41.48335], [-8.634541, 41.474333], [-8.637432, 41.464102], [-8.649473, 41.451782], [-8.661469, 41.447099], [-8.673449, 41.445481], [-8.687557, 41.447467], [-8.697366, 41.450998], [-8.705896, 41.456523], [-8.71348, 41.46555], [-8.716237, 41.474564], [-8.714983, 41.483568], [-8.708692, 41.49256], [-8.69714, 41.499708]]], [[[-8.422675, 41.49148], [-8.433614, 41.492504], [-8.436379, 41.491548], [-8.443276, 41.482574], [-8.436565, 41.473534], [-8.43379, 41.472327], [-8.420743, 41.473455], [-8.415942, 41.482439], [-8.422675, 41.49148]]], [[[-8.361651, 41.401083], [-8.374599, 41.400434], [-8.386593, 41.397117], [-8.396293, 41.392262], [-8.406055, 41.383306], [-8.410296, 41.37432], [-8.411505, 41.365318], [-8.409607, 41.356301], [-8.404165, 41.347265], [-8.39906, 41.342322], [-8.387174, 41.335265], [-8.375254, 41.331982], [-8.363309, 41.33144], [-8.351339, 41.333405], [-8.339334, 41.338787], [-8.32727, 41.349737], [-8.320979, 41.36482], [-8.321225, 41.373829], [-8.324807, 41.382857], [-8.333404, 41.391915], [-8.350681, 41.399596], [-8.361651, 41.401083]], [[-8.386676, 41.38828], [-8.374659, 41.394125], [-8.362684, 41.395551], [-8.350739, 41.393757], [-8.338845, 41.387152], [-8.334435, 41.382914], [-8.330648, 41.373884], [-8.331402, 41.364881], [-8.339187, 41.353343], [-8.351206, 41.346776], [-8.36318, 41.344656], [-8.375118, 41.346208], [-8.387018, 41.351906], [-8.391727, 41.356208], [-8.396716, 41.365242], [-8.396965, 41.374251], [-8.392692, 41.383236], [-8.386676, 41.38828]]], [[[-8.497653, 41.221995], [-8.50051, 41.230623], [-8.506827, 41.239658], [-8.517683, 41.248712], [-8.531163, 41.254906], [-8.543081, 41.257513], [-8.555015, 41.25796], [-8.566963, 41.256331], [-8.578925, 41.252293], [-8.590908, 41.244847], [-8.602925, 41.2312], [-8.607008, 41.222028], [-8.608416, 41.213025], [-8.607345, 41.204013], [-8.603144, 41.194892], [-8.595761, 41.185958], [-8.58209, 41.177228], [-8.578825, 41.178941], [-8.581296, 41.191762], [-8.575958, 41.195609], [-8.577183, 41.200557], [-8.574517, 41.20299], [-8.579221, 41.206144], [-8.583891, 41.212939], [-8.585048, 41.221951], [-8.581092, 41.230945], [-8.567071, 41.239887], [-8.555129, 41.241095], [-8.548691, 41.23983], [-8.543215, 41.2382], [-8.532976, 41.230759], [-8.528918, 41.221735], [-8.531349, 41.210955], [-8.529858, 41.210859], [-8.530444, 41.209056], [-8.52653, 41.202542], [-8.523236, 41.200077], [-8.518471, 41.200543], [-8.51163, 41.203042], [-8.510456, 41.206197], [-8.505693, 41.207113], [-8.504239, 41.213646], [-8.500076, 41.21546], [-8.50308, 41.219502], [-8.502204, 41.222656], [-8.497653, 41.221995]]], [[[-8.686543, 41.211801], [-8.69848, 41.209966], [-8.707645, 41.204312], [-8.71143, 41.195313], [-8.707264, 41.186295], [-8.698616, 41.180339], [-8.686701, 41.178675], [-8.674759, 41.182446], [-8.670169, 41.186195], [-8.666397, 41.195192], [-8.669881, 41.20421], [-8.674635, 41.207511], [-8.686543, 41.211801]]]]}}, {"id": "2", "type": "Feature", "properties": {"fill": "#ae1c1c", "value_min": -3.33, "value_max": -3.0}, "geometry": {"type": "MultiPolygon", "coordinates": [[[[-7.864391, 41.84455], [-7.876507, 41.8405], [-7.888681, 41.833019], [-7.898826, 41.820917], [-7.90346, 41.811955], [-7.904692, 41.80296], [-7.901353, 41.7962], [-7.89982, 41.793906], [-7.889453, 41.788329], [-7.877445, 41.786816], [-7.865404, 41.787173], [-7.833723, 41.793254], [-7.818569, 41.802106], [-7.811527, 41.81104], [-7.810351, 41.820035], [-7.81439, 41.829083], [-7.823897, 41.838188], [-7.8403, 41.844564], [-7.852325, 41.845718], [-7.864391, 41.84455]], [[-7.85243, 41.839842], [-7.840454, 41.836066], [-7.83099, 41.829253], [-7.825883, 41.820195], [-7.826036, 41.811189], [-7.831533, 41.802239], [-7.846903, 41.793387], [-7.865361, 41.789601], [-7.877398, 41.789477], [-7.889379, 41.792594], [-7.899108, 41.802906], [-7.899316, 41.811915], [-7.895515, 41.820885], [-7.888737, 41.829751], [-7.876573, 41.836732], [-7.86447, 41.840041], [-7.85243, 41.839842]]], [[[-7.728498, 41.810637], [-7.732547, 41.811453], [-7.744609, 41.810294], [-7.756734, 41.805813], [-7.762006, 41.80151], [-7.767591, 41.792564], [-7.768221, 41.783564], [-7.76461, 41.774518], [-7.757486, 41.766892], [-7.742941, 41.760395], [-7.739912, 41.764148], [-7.726937, 41.771755], [-7.7254, 41.777152], [-7.727191, 41.779184], [-7.724177, 41.780299], [-7.725372, 41.781653], [-7.722296, 41.792446], [-7.728879, 41.797871], [-7.72705, 41.801691], [-7.728498, 41.810637]]], [[[-7.937444, 41.797275], [-7.949482, 41.797189], [-7.955358, 41.794425], [-7.957776, 41.78544], [-7.949793, 41.778126], [-7.937761, 41.778047], [-7.928604, 41.785171], [-7.930164, 41.794193], [-7.937444, 41.797275]]], [[[-8.304554, 41.758379], [-8.308084, 41.752056], [-8.306366, 41.743039], [-8.299208, 41.73563], [-8.28723, 41.731412], [-8.275191, 41.732719], [-8.263053, 41.74263], [-8.261672, 41.751767], [-8.26717, 41.760809], [-8.274371, 41.765595], [-8.280681, 41.764083], [-8.284038, 41.761109], [-8.284931, 41.757507], [-8.287033, 41.756829], [-8.304554, 41.758379]], [[-8.283188, 41.751903], [-8.287059, 41.746853], [-8.289021, 41.75194], [-8.286988, 41.753248], [-8.283188, 41.751903]]], [[[-7.890516, 41.726658], [-7.902525, 41.727462], [-7.912307, 41.72197], [-7.914082, 41.71298], [-7.902939, 41.70312], [-7.890917, 41.70331], [-7.880937, 41.712662], [-7.882664, 41.721686], [-7.890516, 41.726658]]], [[[-8.107078, 41.716218], [-8.11909, 41.716866], [-8.122305, 41.714759], [-8.131275, 41.704707], [-8.14278, 41.6969], [-8.139632, 41.687869], [-8.131553, 41.68404], [-8.119548, 41.683305], [-8.10744, 41.690024], [-8.099809, 41.696571], [-8.097946, 41.705564], [-8.107078, 41.716218]], [[-8.107167, 41.709782], [-8.10337, 41.705606], [-8.103351, 41.696599], [-8.107397, 41.693128], [-8.119498, 41.68696], [-8.131451, 41.691641], [-8.13525, 41.696843], [-8.11916, 41.711761], [-8.107167, 41.709782]]], [[[-8.215293, 41.714304], [-8.227349, 41.711377], [-8.234551, 41.706555], [-8.238616, 41.697575], [-8.237045, 41.688557], [-8.227733, 41.679278], [-8.215769, 41.675083], [-8.20375, 41.675514], [-8.191668, 41.681031], [-8.18449, 41.688196], [-8.183323, 41.697195], [-8.191341, 41.707081], [-8.203289, 41.712908], [-8.215293, 41.714304]], [[-8.203362, 41.707002], [-8.193321, 41.697266], [-8.196598, 41.688282], [-8.203648, 41.683854], [-8.215663, 41.683831], [-8.223461, 41.688466], [-8.22674, 41.697495], [-8.218064, 41.706444], [-8.215376, 41.707499], [-8.203362, 41.707002]]], [[[-8.084268, 41.629293], [-8.096307, 41.626891], [-8.105137, 41.615549], [-8.103663, 41.60653], [-8.096691, 41.599388], [-8.08472, 41.597303], [-8.072667, 41.601123], [-8.06736, 41.606242], [-8.065181, 41.615231], [-8.07104, 41.624286], [-8.084268, 41.629293]], [[-8.084356, 41.623105], [-8.076747, 41.615325], [-8.084587, 41.606721], [-8.09654, 41.610154], [-8.098932, 41.615501], [-8.096412, 41.619349], [-8.084356, 41.623105]]], [[[-8.51666, 41.601787], [-8.528657, 41.60231], [-8.540678, 41.599263], [-8.552056, 41.591138], [-8.556783, 41.582149], [-8.556738, 41.573141], [-8.552473, 41.564117], [-8.543035, 41.555073], [-8.529045, 41.548864], [-8.517062, 41.547902], [-8.505055, 41.550136], [-8.493005, 41.557737], [-8.487376, 41.563846], [-8.484595, 41.57284], [-8.486503, 41.581856], [-8.493865, 41.590896], [-8.504689, 41.598003], [-8.51666, 41.601787]], [[-8.5167, 41.596421], [-8.502206, 41.590933], [-8.493561, 41.581888], [-8.491893, 41.572873], [-8.496352, 41.563885], [-8.504999, 41.557364], [-8.517015, 41.554207], [-8.528997, 41.555416], [-8.540945, 41.561707], [-8.548351, 41.573109], [-8.547632, 41.582113], [-8.540288, 41.591091], [-8.528702, 41.596049], [-8.5167, 41.596421]]], [[[-8.076414, 41.550974], [-8.085312, 41.555404], [-8.09727, 41.557792], [-8.109268, 41.557377], [-8.121305, 41.553993], [-8.133395, 41.546615], [-8.141567, 41.534762], [-8.141819, 41.525757], [-8.133819, 41.514863], [-8.116662, 41.507552], [-8.0927, 41.505305], [-8.0906, 41.512552], [-8.097927, 41.510514], [-8.109903, 41.511029], [-8.124652, 41.51662], [-8.131033, 41.525676], [-8.130058, 41.534676], [-8.121444, 41.543746], [-8.109395, 41.548109], [-8.097406, 41.548009], [-8.086788, 41.544001], [-8.083389, 41.5449], [-8.081886, 41.550977], [-8.076414, 41.550974]]], [[[-8.075632, 41.550524], [-8.075632, 41.550524], [-8.075894, 41.550674], [-8.075632, 41.550524]]], [[[-8.076023, 41.550749], [-8.076023, 41.550749], [-8.076193, 41.550847], [-8.076023, 41.550749]]], [[[-8.238593, 41.517431], [-8.241633, 41.518407], [-8.244964, 41.517473], [-8.253683, 41.512759], [-8.255598, 41.508535], [-8.253779, 41.504348], [-8.241868, 41.498288], [-8.237914, 41.499412], [-8.229184, 41.508361], [-8.238593, 41.517431]]], [[[-8.673191, 41.496822], [-8.685182, 41.494836], [-8.690448, 41.492512], [-8.699317, 41.483528], [-8.700845, 41.474525], [-8.696608, 41.465506], [-8.685363, 41.457487], [-8.673403, 41.454638], [-8.661424, 41.455779], [-8.649418, 41.461845], [-8.646068, 41.465362], [-8.642315, 41.474358], [-8.644458, 41.483372], [-8.649276, 41.488259], [-8.66122, 41.495065], [-8.673191, 41.496822]], [[-8.673224, 41.490418], [-8.661251, 41.489172], [-8.652742, 41.483397], [-8.65024, 41.474382], [-8.661382, 41.463961], [-8.67336, 41.463315], [-8.67891, 41.465458], [-8.687831, 41.47449], [-8.686217, 41.483493], [-8.673224, 41.490418]]], [[[-8.362746, 41.389196], [-8.374733, 41.386456], [-8.38003, 41.383168], [-8.385256, 41.374189], [-8.383089, 41.36517], [-8.375005, 41.358035], [-8.363078, 41.355129], [-8.351097, 41.357769], [-8.342762, 41.364946], [-8.34018, 41.373939], [-8.345272, 41.382976], [-8.350811, 41.386602], [-8.362746, 41.389196]], [[-8.353895, 41.374017], [-8.362958, 41.36746], [-8.370036, 41.374106], [-8.362841, 41.379442], [-8.353895, 41.374017]]]]}}, {"id": "22", "type": "Feature", "properties": {"fill": "#214db8", "value_min": 3.33, "value_max": 3.67}, "geometry": {"type": "MultiPolygon", "coordinates": [[[[-7.972679, 41.851986], [-7.975115, 41.848643], [-7.975937, 41.839644], [-7.967909, 41.830565], [-7.961026, 41.827646], [-7.948989, 41.827345], [-7.936924, 41.828721], [-7.934439, 41.83026], [-7.930642, 41.839231], [-7.930398, 41.848236], [-7.936449, 41.857435], [-7.948429, 41.861548], [-7.960496, 41.860364], [-7.972679, 41.851986]], [[-7.948463, 41.859468], [-7.942335, 41.857353], [-7.936523, 41.852924], [-7.933499, 41.848264], [-7.933696, 41.83926], [-7.936325, 41.830277], [-7.961003, 41.829075], [-7.964445, 41.830534], [-7.97289, 41.838764], [-7.972784, 41.845373], [-7.961501, 41.857528], [-7.948463, 41.859468]]], [[[-8.349594, 41.508518], [-8.361633, 41.502825], [-8.364285, 41.50018], [-8.366791, 41.491186], [-8.366778, 41.482178], [-8.361947, 41.470815], [-8.35003, 41.464881], [-8.338074, 41.463057], [-8.326061, 41.466793], [-8.317599, 41.47289], [-8.311727, 41.481862], [-8.312061, 41.490872], [-8.318634, 41.499918], [-8.325661, 41.50543], [-8.337598, 41.509871], [-8.349594, 41.508518]], [[-8.349636, 41.504308], [-8.337639, 41.505804], [-8.325689, 41.502695], [-8.315653, 41.490893], [-8.314283, 41.481877], [-8.326029, 41.469866], [-8.338033, 41.467137], [-8.34999, 41.468979], [-8.361923, 41.473263], [-8.364307, 41.482165], [-8.362075, 41.500167], [-8.349636, 41.504308]]]]}}, {"id": "21", "type": "Feature", "properties": {"fill": "#245bd9", "value_min": 3.0, "value_max": 3.33}, "geometry": {"type": "MultiPolygon", "coordinates": [[[[-7.972616, 41.855926], [-7.977904, 41.848668], [-7.978367, 41.839666], [-7.971375, 41.830596], [-7.961049, 41.826219], [-7.949014, 41.82582], [-7.936944, 41.827523], [-7.932554, 41.830242], [-7.927588, 41.839203], [-7.927297, 41.848207], [-7.936408, 41.859907], [-7.948395, 41.86363], [-7.960458, 41.862714], [-7.972616, 41.855926]], [[-7.972679, 41.851986], [-7.960496, 41.860364], [-7.948429, 41.861548], [-7.936449, 41.857435], [-7.930398, 41.848236], [-7.930642, 41.839231], [-7.934439, 41.83026], [-7.936924, 41.828721], [-7.948989, 41.827345], [-7.961026, 41.827646], [-7.967909, 41.830565], [-7.975937, 41.839644], [-7.975115, 41.848643], [-7.972679, 41.851986]]], [[[-8.361611, 41.505064], [-8.366497, 41.500192], [-8.369312, 41.4912], [-8.369249, 41.482192], [-8.366356, 41.473169], [-8.36197, 41.468455], [-8.350055, 41.462381], [-8.338095, 41.461028], [-8.326092, 41.463765], [-8.314027, 41.472371], [-8.309457, 41.481849], [-8.309903, 41.490859], [-8.315093, 41.499897], [-8.325632, 41.508164], [-8.337578, 41.511769], [-8.349571, 41.510805], [-8.361611, 41.505064]], [[-8.349594, 41.508518], [-8.337598, 41.509871], [-8.325661, 41.50543], [-8.318634, 41.499918], [-8.312061, 41.490872], [-8.311727, 41.481862], [-8.317599, 41.47289], [-8.326061, 41.466793], [-8.338074, 41.463057], [-8.35003, 41.464881], [-8.361947, 41.470815], [-8.366778, 41.482178], [-8.366791, 41.491186], [-8.364285, 41.50018], [-8.361633, 41.502825], [-8.349594, 41.508518]]]]}}, {"id": "20", "type": "Feature", "properties": {"fill": "#2e6eed", "value_min": 2.67, "value_max": 3.0}, "geometry": {"type": "MultiPolygon", "coordinates": [[[[-7.980693, 41.848693], [-7.980796, 41.839687], [-7.974551, 41.830625], [-7.961072, 41.824791], [-7.949039, 41.824296], [-7.936964, 41.826326], [-7.930668, 41.830225], [-7.924604, 41.839175], [-7.924309, 41.848179], [-7.929917, 41.857238], [-7.936367, 41.862378], [-7.948361, 41.86571], [-7.96042, 41.865065], [-7.972558, 41.859546], [-7.980693, 41.848693]], [[-7.972616, 41.855926], [-7.960458, 41.862714], [-7.948395, 41.86363], [-7.936408, 41.859907], [-7.927297, 41.848207], [-7.927588, 41.839203], [-7.932554, 41.830242], [-7.936944, 41.827523], [-7.949014, 41.82582], [-7.961049, 41.826219], [-7.971375, 41.830596], [-7.978367, 41.839666], [-7.977904, 41.848668], [-7.972616, 41.855926]]], [[[-8.361589, 41.507303], [-8.368707, 41.500204], [-8.371834, 41.491214], [-8.37172, 41.482206], [-8.368588, 41.473181], [-8.361993, 41.466094], [-8.350076, 41.460276], [-8.338115, 41.459], [-8.326117, 41.461349], [-8.314062, 41.469012], [-8.310711, 41.472849], [-8.307187, 41.481835], [-8.307745, 41.490846], [-8.312201, 41.49988], [-8.325607, 41.510557], [-8.337559, 41.513666], [-8.349552, 41.51278], [-8.361589, 41.507303]], [[-8.361611, 41.505064], [-8.349571, 41.510805], [-8.337578, 41.511769], [-8.325632, 41.508164], [-8.315093, 41.499897], [-8.309903, 41.490859], [-8.309457, 41.481849], [-8.314027, 41.472371], [-8.326092, 41.463765], [-8.338095, 41.461028], [-8.350055, 41.462381], [-8.36197, 41.468455], [-8.366356, 41.473169], [-8.369249, 41.482192], [-8.369312, 41.4912], [-8.366497, 41.500192], [-8.361611, 41.505064]]]]}}, {"id": "19", "type": "Feature", "properties": {"fill": "#4182f2", "value_min": 2.33, "value_max": 2.67}, "geometry": {"type": "MultiPolygon", "coordinates": [[[[-7.972504, 41.862924], [-7.97874, 41.857682], [-7.983482, 41.848718], [-7.983226, 41.839709], [-7.977467, 41.830651], [-7.961095, 41.823362], [-7.949064, 41.822771], [-7.936983, 41.825128], [-7.928783, 41.830207], [-7.922779, 41.839158], [-7.922178, 41.848159], [-7.926738, 41.857208], [-7.936326, 41.864848], [-7.948319, 41.868248], [-7.960378, 41.867656], [-7.972504, 41.862924]], [[-7.980693, 41.848693], [-7.972558, 41.859546], [-7.96042, 41.865065], [-7.948361, 41.86571], [-7.936367, 41.862378], [-7.929917, 41.857238], [-7.924309, 41.848179], [-7.924604, 41.839175], [-7.930668, 41.830225], [-7.936964, 41.826326], [-7.949039, 41.824296], [-7.961072, 41.824791], [-7.974551, 41.830625], [-7.980796, 41.839687], [-7.980693, 41.848693]]], [[[-8.370919, 41.500216], [-8.374231, 41.491227], [-8.374118, 41.482219], [-8.370819, 41.473193], [-8.362017, 41.463665], [-8.350097, 41.45817], [-8.338136, 41.45697], [-8.326142, 41.458933], [-8.314098, 41.465651], [-8.307826, 41.472831], [-8.304916, 41.481821], [-8.305588, 41.490833], [-8.30971, 41.499865], [-8.319179, 41.508929], [-8.325584, 41.512809], [-8.33754, 41.515564], [-8.349532, 41.514757], [-8.361566, 41.509598], [-8.370919, 41.500216]], [[-8.361589, 41.507303], [-8.349552, 41.51278], [-8.337559, 41.513666], [-8.325607, 41.510557], [-8.312201, 41.49988], [-8.307745, 41.490846], [-8.307187, 41.481835], [-8.310711, 41.472849], [-8.314062, 41.469012], [-8.326117, 41.461349], [-8.338115, 41.459], [-8.350076, 41.460276], [-8.361993, 41.466094], [-8.368588, 41.473181], [-8.37172, 41.482206], [-8.371834, 41.491214], [-8.368707, 41.500204], [-8.361589, 41.507303]]]]}}, {"id": "18", "type": "Feature", "properties": {"fill": "#5599f7", "value_min": 2.0, "value_max": 2.33}, "geometry": {"type": "MultiPolygon", "coordinates": [[[[-7.97245, 41.866302], [-7.982664, 41.857717], [-7.986698, 41.848746], [-7.985946, 41.839733], [-7.980384, 41.830677], [-7.973094, 41.825998], [-7.961118, 41.821934], [-7.949088, 41.821284], [-7.937003, 41.82393], [-7.926897, 41.83019], [-7.920953, 41.839141], [-7.920047, 41.848139], [-7.924387, 41.85825], [-7.93628, 41.86761], [-7.948274, 41.871021], [-7.96033, 41.870642], [-7.97245, 41.866302]], [[-7.972504, 41.862924], [-7.960378, 41.867656], [-7.948319, 41.868248], [-7.936326, 41.864848], [-7.926738, 41.857208], [-7.922178, 41.848159], [-7.922779, 41.839158], [-7.928783, 41.830207], [-7.936983, 41.825128], [-7.949064, 41.822771], [-7.961095, 41.823362], [-7.977467, 41.830651], [-7.983226, 41.839709], [-7.983482, 41.848718], [-7.97874, 41.857682], [-7.972504, 41.862924]]], [[[-8.373131, 41.500228], [-8.376255, 41.491238], [-8.376109, 41.482229], [-8.37305, 41.473205], [-8.362044, 41.460905], [-8.350119, 41.456064], [-8.338157, 41.454923], [-8.326167, 41.456516], [-8.312153, 41.46385], [-8.304941, 41.472814], [-8.302647, 41.481808], [-8.303429, 41.49082], [-8.307221, 41.49985], [-8.313656, 41.507536], [-8.325561, 41.51506], [-8.33752, 41.517461], [-8.349512, 41.516732], [-8.361541, 41.512173], [-8.373131, 41.500228]], [[-8.370919, 41.500216], [-8.361566, 41.509598], [-8.349532, 41.514757], [-8.33754, 41.515564], [-8.325584, 41.512809], [-8.319179, 41.508929], [-8.30971, 41.499865], [-8.305588, 41.490833], [-8.304916, 41.481821], [-8.307826, 41.472831], [-8.314098, 41.465651], [-8.326142, 41.458933], [-8.338136, 41.45697], [-8.350097, 41.45817], [-8.362017, 41.463665], [-8.370819, 41.473193], [-8.374118, 41.482219], [-8.374231, 41.491227], [-8.370919, 41.500216]]]]}}, {"id": "7", "type": "Feature", "properties": {"fill": "#cba158", "value_min": -1.67, "value_max": -1.33}, "geometry": {"type": "MultiPolygon", "coordinates": [[[[-8.06137, 41.816108], [-8.03761, 41.80415], [-8.021666, 41.799441], [-8.009656, 41.797679], [-7.985564, 41.798858], [-7.961389, 41.805153], [-7.925199, 41.809732], [-7.913033, 41.817256], [-7.883677, 41.854576], [-7.888676, 41.856065], [-7.892915, 41.84788], [-7.912968, 41.821135], [-7.927428, 41.812181], [-7.973424, 41.805338], [-7.997512, 41.804566], [-8.009519, 41.806587], [-8.021494, 41.810733], [-8.043422, 41.824424], [-8.045268, 41.824425], [-8.046775, 41.821951], [-8.056712, 41.81588], [-8.06137, 41.816108]]], [[[-8.527189, 41.656129], [-8.491612, 41.617908], [-8.468675, 41.599886], [-8.45673, 41.593421], [-8.416494, 41.581522], [-8.40437, 41.572453], [-8.401356, 41.56343], [-8.401695, 41.554424], [-8.403875, 41.545428], [-8.415458, 41.518466], [-8.416263, 41.509462], [-8.406554, 41.491398], [-8.404468, 41.48238], [-8.405908, 41.47338], [-8.4099, 41.465396], [-8.421966, 41.455095], [-8.433996, 41.448617], [-8.445998, 41.445071], [-8.457976, 41.444206], [-8.469919, 41.447709], [-8.518493, 41.482914], [-8.54141, 41.49586], [-8.554157, 41.501072], [-8.565286, 41.508572], [-8.579041, 41.537196], [-8.588988, 41.550203], [-8.600912, 41.561049], [-8.612859, 41.568711], [-8.6368, 41.577088], [-8.64879, 41.578114], [-8.660794, 41.576595], [-8.672816, 41.571317], [-8.680063, 41.564543], [-8.68379, 41.555546], [-8.683681, 41.546538], [-8.68072, 41.537523], [-8.665229, 41.519464], [-8.652195, 41.510418], [-8.613704, 41.49228], [-8.604129, 41.48324], [-8.603857, 41.474232], [-8.610635, 41.438225], [-8.608028, 41.420201], [-8.601389, 41.411171], [-8.590312, 41.402124], [-8.554197, 41.378089], [-8.542284, 41.371478], [-8.530356, 41.367367], [-8.518408, 41.366244], [-8.506439, 41.367829], [-8.494447, 41.372249], [-8.45838, 41.395632], [-8.434365, 41.406113], [-8.4115, 41.410356], [-8.386447, 41.412701], [-8.36252, 41.412318], [-8.338632, 41.408144], [-8.320395, 41.400847], [-8.309087, 41.391772], [-8.303455, 41.38273], [-8.300155, 41.373703], [-8.297331, 41.35567], [-8.297328, 41.317328], [-8.297406, 41.314297], [-8.297417, 41.313847], [-8.296116, 41.310022], [-8.292241, 41.312504], [-8.288361, 41.312959], [-8.284488, 41.316341], [-8.281801, 41.316569], [-8.279132, 41.324451], [-8.272266, 41.32536], [-8.268203, 41.328967], [-8.279479, 41.347514], [-8.294227, 41.391682], [-8.302286, 41.400738], [-8.314711, 41.407414], [-8.326634, 41.41141], [-8.350514, 41.416422], [-8.398311, 41.423612], [-8.409396, 41.42836], [-8.415513, 41.437399], [-8.413958, 41.446399], [-8.401358, 41.473356], [-8.400421, 41.482359], [-8.407183, 41.509416], [-8.405939, 41.518417], [-8.385111, 41.554121], [-8.372986, 41.567973], [-8.360926, 41.574708], [-8.348904, 41.577322], [-8.33691, 41.577226], [-8.324936, 41.575147], [-8.312984, 41.571033], [-8.299057, 41.562852], [-8.290236, 41.55379], [-8.285655, 41.544755], [-8.280691, 41.508694], [-8.277799, 41.499341], [-8.266033, 41.480316], [-8.254204, 41.467295], [-8.230491, 41.447203], [-8.182899, 41.423811], [-8.16187, 41.408809], [-8.146634, 41.390682], [-8.140685, 41.377668], [-8.133418, 41.374292], [-8.119672, 41.376768], [-8.119672, 41.378569], [-8.116683, 41.380144], [-8.117578, 41.386447], [-8.114589, 41.386446], [-8.112795, 41.390723], [-8.110105, 41.391097], [-8.128259, 41.408559], [-8.158884, 41.430024], [-8.194539, 41.450262], [-8.242198, 41.469979], [-8.254096, 41.476705], [-8.265956, 41.487104], [-8.273752, 41.499643], [-8.276812, 41.50867], [-8.276263, 41.526681], [-8.269555, 41.553661], [-8.270252, 41.562673], [-8.276944, 41.576159], [-8.288806, 41.588333], [-8.327407, 41.617064], [-8.352058, 41.644228], [-8.360197, 41.648469], [-8.384184, 41.651708], [-8.396116, 41.660017], [-8.397834, 41.662491], [-8.395996, 41.672797], [-8.383915, 41.679893], [-8.359864, 41.682084], [-8.352904, 41.689268], [-8.350142, 41.69826], [-8.3499, 41.707265], [-8.357257, 41.73578], [-8.362407, 41.735994], [-8.36882, 41.73193], [-8.36579, 41.716361], [-8.368001, 41.707366], [-8.371682, 41.702404], [-8.375176, 41.698398], [-8.383787, 41.693369], [-8.410093, 41.680569], [-8.418827, 41.671606], [-8.418287, 41.662596], [-8.394665, 41.635453], [-8.389285, 41.626417], [-8.388414, 41.617405], [-8.392161, 41.608418], [-8.405973, 41.599483], [-8.420709, 41.596265], [-8.444701, 41.596952], [-8.456671, 41.600397], [-8.472002, 41.608812], [-8.481952, 41.617865], [-8.488445, 41.626901], [-8.491937, 41.635924], [-8.493706, 41.644939], [-8.493061, 41.674886], [-8.499963, 41.671038], [-8.50927, 41.671233], [-8.51018, 41.672806], [-8.511967, 41.670324], [-8.509856, 41.668755], [-8.512252, 41.667847], [-8.514629, 41.663788], [-8.522103, 41.658811], [-8.525706, 41.659023], [-8.527189, 41.656129]], [[-8.624914, 41.55819], [-8.612942, 41.554891], [-8.600991, 41.548174], [-8.591131, 41.537239], [-8.587404, 41.528219], [-8.587123, 41.51921], [-8.590995, 41.510217], [-8.601268, 41.503173], [-8.613258, 41.501791], [-8.62523, 41.503385], [-8.637189, 41.507617], [-8.654464, 41.519432], [-8.660077, 41.528456], [-8.661503, 41.537468], [-8.658247, 41.546466], [-8.648919, 41.554387], [-8.636906, 41.558195], [-8.624914, 41.55819]], [[-8.565421, 41.488388], [-8.553443, 41.488125], [-8.541484, 41.48535], [-8.529544, 41.480052], [-8.520297, 41.473914], [-8.510722, 41.464866], [-8.505555, 41.455836], [-8.502376, 41.446815], [-8.502416, 41.437808], [-8.506143, 41.428816], [-8.51803, 41.417425], [-8.530031, 41.412534], [-8.542007, 41.410987], [-8.553968, 41.411589], [-8.565915, 41.414347], [-8.577842, 41.420252], [-8.588233, 41.429139], [-8.593727, 41.438167], [-8.595875, 41.447182], [-8.59561, 41.456188], [-8.589476, 41.473078], [-8.577422, 41.485079], [-8.565421, 41.488388]]], [[[-7.853572, 41.775804], [-7.869633, 41.7756], [-7.87768, 41.773304], [-7.887051, 41.766763], [-7.889328, 41.757778], [-7.884719, 41.748726], [-7.878183, 41.744421], [-7.866226, 41.740519], [-7.8542, 41.740525], [-7.842101, 41.7446], [-7.836448, 41.748248], [-7.832252, 41.757212], [-7.835041, 41.766247], [-7.841626, 41.77102], [-7.853572, 41.775804]], [[-7.865652, 41.773102], [-7.853643, 41.771816], [-7.843772, 41.766335], [-7.840512, 41.757296], [-7.846797, 41.748352], [-7.85412, 41.745006], [-7.866161, 41.744184], [-7.877477, 41.748656], [-7.884096, 41.757727], [-7.880928, 41.766703], [-7.865652, 41.773102]]], [[[-8.166467, 41.771726], [-8.178508, 41.770953], [-8.190611, 41.765298], [-8.195333, 41.760329], [-8.199552, 41.751351], [-8.198772, 41.742339], [-8.191374, 41.73328], [-8.179063, 41.727408], [-8.167045, 41.727005], [-8.154956, 41.732034], [-8.145295, 41.741953], [-8.143505, 41.750947], [-8.146538, 41.759977], [-8.154489, 41.767591], [-8.166467, 41.771726]], [[-8.166133, 41.760121], [-8.15467, 41.753855], [-8.152658, 41.751015], [-8.152124, 41.742004], [-8.162403, 41.733073], [-8.166992, 41.731091], [-8.179004, 41.732049], [-8.189904, 41.742277], [-8.188784, 41.751276], [-8.178656, 41.759395], [-8.166133, 41.760121]]], [[[-8.083405, 41.690161], [-8.095458, 41.687571], [-8.103814, 41.678588], [-8.102551, 41.669572], [-8.095791, 41.663796], [-8.083782, 41.663591], [-8.073778, 41.669343], [-8.069493, 41.678316], [-8.076101, 41.687376], [-8.083405, 41.690161]], [[-8.083489, 41.684299], [-8.077571, 41.678381], [-8.083675, 41.671183], [-8.095681, 41.671642], [-8.099381, 41.678554], [-8.095526, 41.682707], [-8.083489, 41.684299]]], [[[-8.131955, 41.65418], [-8.143977, 41.653209], [-8.156059, 41.647682], [-8.162028, 41.642999], [-8.165871, 41.63402], [-8.163909, 41.624999], [-8.15644, 41.618467], [-8.144485, 41.614826], [-8.132461, 41.616458], [-8.120358, 41.623827], [-8.113596, 41.633629], [-8.112851, 41.64263], [-8.119993, 41.650635], [-8.131955, 41.65418]], [[-8.132033, 41.648331], [-8.120871, 41.642692], [-8.118661, 41.633668], [-8.132389, 41.621778], [-8.144386, 41.622318], [-8.149202, 41.624891], [-8.154696, 41.633939], [-8.15044, 41.642914], [-8.144064, 41.646693], [-8.132033, 41.648331]]], [[[-8.808964, 41.379623], [-8.781405, 41.381877], [-8.757489, 41.380977], [-8.733586, 41.376986], [-8.709707, 41.368205], [-8.697784, 41.360823], [-8.67188, 41.339332], [-8.633596, 41.312194], [-8.626442, 41.303163], [-8.623201, 41.294145], [-8.624268, 41.28514], [-8.634607, 41.267158], [-8.643855, 41.258179], [-8.658731, 41.249216], [-8.674454, 41.244081], [-8.734792, 41.231401], [-8.781949, 41.218567], [-8.802482, 41.21505], [-8.800493, 41.164396], [-8.78127, 41.186459], [-8.761896, 41.204437], [-8.749034, 41.213417], [-8.731974, 41.222387], [-8.70357, 41.231325], [-8.662558, 41.236538], [-8.65061, 41.239376], [-8.638645, 41.245136], [-8.623039, 41.258113], [-8.605789, 41.276071], [-8.593267, 41.294043], [-8.591524, 41.303044], [-8.595963, 41.312068], [-8.616439, 41.321145], [-8.638186, 41.328162], [-8.662015, 41.341867], [-8.677211, 41.357363], [-8.685778, 41.371305], [-8.697311, 41.38444], [-8.709602, 41.391821], [-8.733491, 41.400177], [-8.810413, 41.420656], [-8.808964, 41.379623]]]]}}, {"id": "14", "type": "Feature", "properties": {"fill": "#a3a3a3", "value_min": 0.67, "value_max": 1.0}, "geometry": {"type": "MultiPolygon", "coordinates": [[[[-8.002446, 41.850494], [-8.000673, 41.839862], [-7.994801, 41.830804], [-7.981727, 41.821682], [-7.973212, 41.818628], [-7.961203, 41.81671], [-7.949161, 41.816808], [-7.937087, 41.818895], [-7.924948, 41.824789], [-7.918941, 41.830115], [-7.91365, 41.839072], [-7.911261, 41.848056], [-7.911802, 41.857068], [-7.91554, 41.86611], [-7.9241, 41.875387], [-7.928459, 41.877846], [-7.933035, 41.876053], [-7.924177, 41.870801], [-7.919868, 41.866151], [-7.914818, 41.857096], [-7.913655, 41.848079], [-7.915475, 41.839089], [-7.920968, 41.830134], [-7.937064, 41.82023], [-7.949143, 41.817927], [-7.961182, 41.818006], [-7.976363, 41.821634], [-7.990735, 41.830768], [-7.996107, 41.839822], [-7.997195, 41.851163], [-8.002446, 41.850494]]], [[[-7.988298, 41.868532], [-7.988298, 41.868532], [-7.9881, 41.868707], [-7.988298, 41.868532]]], [[[-7.987996, 41.8688], [-7.987996, 41.8688], [-7.987593, 41.869157], [-7.987996, 41.8688]]], [[[-8.361425, 41.523946], [-8.373491, 41.515659], [-8.378997, 41.509267], [-8.383083, 41.500282], [-8.38408, 41.482272], [-8.379341, 41.464232], [-8.374058, 41.45677], [-8.362168, 41.448314], [-8.350232, 41.444641], [-8.338276, 41.44325], [-8.326296, 41.444103], [-8.314291, 41.44732], [-8.301908, 41.454781], [-8.294543, 41.463743], [-8.291719, 41.472733], [-8.29328, 41.490758], [-8.301664, 41.50843], [-8.313516, 41.520804], [-8.325444, 41.526276], [-8.337409, 41.528387], [-8.349405, 41.527421], [-8.361425, 41.523946]], [[-8.349434, 41.524534], [-8.33744, 41.525271], [-8.325476, 41.523207], [-8.313556, 41.516955], [-8.301715, 41.503659], [-8.295902, 41.490774], [-8.295165, 41.472755], [-8.29924, 41.463772], [-8.314248, 41.451401], [-8.326259, 41.447645], [-8.33824, 41.446701], [-8.3502, 41.447854], [-8.362133, 41.451885], [-8.374013, 41.46148], [-8.380218, 41.473244], [-8.382325, 41.49127], [-8.380578, 41.500268], [-8.375479, 41.509248], [-8.361459, 41.520487], [-8.349434, 41.524534]]], [[[-8.733814, 41.320982], [-8.749576, 41.312504], [-8.755884, 41.30351], [-8.757243, 41.294505], [-8.754355, 41.285491], [-8.745489, 41.276464], [-8.734016, 41.271376], [-8.722085, 41.269373], [-8.710142, 41.270192], [-8.698185, 41.274059], [-8.685283, 41.285323], [-8.682664, 41.294324], [-8.686094, 41.305483], [-8.697989, 41.316639], [-8.709915, 41.321392], [-8.721858, 41.322693], [-8.733814, 41.320982]], [[-8.721883, 41.316813], [-8.70994, 41.31585], [-8.701578, 41.31239], [-8.691885, 41.303357], [-8.689691, 41.294343], [-8.693338, 41.285345], [-8.698153, 41.280925], [-8.710118, 41.27556], [-8.722061, 41.274962], [-8.733988, 41.278293], [-8.743535, 41.285468], [-8.747423, 41.294484], [-8.74562, 41.303488], [-8.736547, 41.312475], [-8.721883, 41.316813]]]]}}, {"id": "13", "type": "Feature", "properties": {"fill": "#a3a3a3", "value_min": 0.33, "value_max": 0.67}, "geometry": {"type": "MultiPolygon", "coordinates": [[[[-8.006501, 41.843746], [-7.999671, 41.830846], [-7.98522, 41.820691], [-7.973242, 41.816763], [-7.961224, 41.815413], [-7.937109, 41.81756], [-7.924978, 41.822945], [-7.916913, 41.830096], [-7.908562, 41.84803], [-7.908366, 41.857035], [-7.911133, 41.866068], [-7.920908, 41.878282], [-7.928459, 41.877846], [-7.9241, 41.875387], [-7.91554, 41.86611], [-7.911802, 41.857068], [-7.911261, 41.848056], [-7.91365, 41.839072], [-7.918941, 41.830115], [-7.924948, 41.824789], [-7.937087, 41.818895], [-7.949161, 41.816808], [-7.961203, 41.81671], [-7.973212, 41.818628], [-7.981727, 41.821682], [-7.994801, 41.830804], [-8.000673, 41.839862], [-8.002446, 41.850494], [-8.005804, 41.847346], [-8.006501, 41.843746]]], [[[-8.373448, 41.520147], [-8.382515, 41.509286], [-8.386623, 41.491293], [-8.385043, 41.47327], [-8.382734, 41.46425], [-8.377523, 41.455215], [-8.365592, 41.446142], [-8.350271, 41.44082], [-8.326338, 41.440019], [-8.314341, 41.4426], [-8.307122, 41.445805], [-8.295001, 41.454739], [-8.28977, 41.463714], [-8.287744, 41.472709], [-8.290658, 41.490742], [-8.301608, 41.51362], [-8.313472, 41.524936], [-8.325401, 41.530385], [-8.337368, 41.532349], [-8.349364, 41.531526], [-8.361391, 41.527495], [-8.373448, 41.520147]], [[-8.361425, 41.523946], [-8.349405, 41.527421], [-8.337409, 41.528387], [-8.325444, 41.526276], [-8.313516, 41.520804], [-8.301664, 41.50843], [-8.29328, 41.490758], [-8.291719, 41.472733], [-8.294543, 41.463743], [-8.301908, 41.454781], [-8.314291, 41.44732], [-8.326296, 41.444103], [-8.338276, 41.44325], [-8.350232, 41.444641], [-8.362168, 41.448314], [-8.374058, 41.45677], [-8.379341, 41.464232], [-8.38408, 41.482272], [-8.383083, 41.500282], [-8.378997, 41.509267], [-8.373491, 41.515659], [-8.361425, 41.523946]]], [[[-8.757728, 41.316484], [-8.761938, 41.312531], [-8.766906, 41.303533], [-8.768001, 41.294528], [-8.765644, 41.285515], [-8.758678, 41.276493], [-8.745966, 41.268634], [-8.734041, 41.265096], [-8.722107, 41.263989], [-8.710165, 41.264954], [-8.698212, 41.268238], [-8.684702, 41.276314], [-8.67797, 41.285303], [-8.675999, 41.294305], [-8.677916, 41.303318], [-8.684034, 41.312343], [-8.697962, 41.322379], [-8.709892, 41.3267], [-8.721834, 41.328325], [-8.733787, 41.327556], [-8.74575, 41.324098], [-8.757728, 41.316484]], [[-8.733814, 41.320982], [-8.721858, 41.322693], [-8.709915, 41.321392], [-8.697989, 41.316639], [-8.686094, 41.305483], [-8.682664, 41.294324], [-8.685283, 41.285323], [-8.698185, 41.274059], [-8.710142, 41.270192], [-8.722085, 41.269373], [-8.734016, 41.271376], [-8.745489, 41.276464], [-8.754355, 41.285491], [-8.757243, 41.294505], [-8.755884, 41.30351], [-8.749576, 41.312504], [-8.733814, 41.320982]]]]}}, {"id": "12", "type": "Feature", "properties": {"fill": "#a3a3a3", "value_min": 0.0, "value_max": 0.33}, "geometry": {"type": "MultiPolygon", "coordinates": [[[[-8.009735, 41.83774], [-8.005588, 41.830898], [-7.997208, 41.824051], [-7.985266, 41.817784], [-7.973272, 41.814898], [-7.961245, 41.814117], [-7.937131, 41.816225], [-7.925009, 41.821091], [-7.914885, 41.830077], [-7.905863, 41.848005], [-7.906208, 41.864525], [-7.906703, 41.866501], [-7.908316, 41.869706], [-7.91013, 41.873311], [-7.912632, 41.877142], [-7.912688, 41.877198], [-7.913534, 41.878044], [-7.913589, 41.878098], [-7.91376, 41.878269], [-7.913889, 41.878398], [-7.913985, 41.878494], [-7.914189, 41.878698], [-7.914211, 41.87872], [-7.920908, 41.878282], [-7.911133, 41.866068], [-7.908366, 41.857035], [-7.908562, 41.84803], [-7.916913, 41.830096], [-7.924978, 41.822945], [-7.937109, 41.81756], [-7.961224, 41.815413], [-7.973242, 41.816763], [-7.98522, 41.820691], [-7.999671, 41.830846], [-8.006501, 41.843746], [-8.009735, 41.83774]]], [[[-8.421125, 41.721906], [-8.42124, 41.72174], [-8.421281, 41.721681], [-8.424753, 41.716671], [-8.41966, 41.713148], [-8.409418, 41.716594], [-8.418845, 41.723627], [-8.421125, 41.721906]]], [[[-8.349323, 41.535632], [-8.361342, 41.532395], [-8.373399, 41.525194], [-8.380574, 41.518283], [-8.386172, 41.509306], [-8.389413, 41.491308], [-8.385967, 41.463637], [-8.382702, 41.455243], [-8.374377, 41.44619], [-8.362251, 41.43982], [-8.338354, 41.435539], [-8.314394, 41.437519], [-8.302379, 41.441715], [-8.29611, 41.445738], [-8.287734, 41.454694], [-8.283969, 41.463678], [-8.283286, 41.472681], [-8.28753, 41.490722], [-8.300679, 41.517825], [-8.31342, 41.529901], [-8.325356, 41.534804], [-8.337327, 41.536433], [-8.349323, 41.535632]], [[-8.373448, 41.520147], [-8.361391, 41.527495], [-8.349364, 41.531526], [-8.337368, 41.532349], [-8.325401, 41.530385], [-8.313472, 41.524936], [-8.301608, 41.51362], [-8.290658, 41.490742], [-8.287744, 41.472709], [-8.28977, 41.463714], [-8.295001, 41.454739], [-8.307122, 41.445805], [-8.314341, 41.4426], [-8.326338, 41.440019], [-8.350271, 41.44082], [-8.365592, 41.446142], [-8.377523, 41.455215], [-8.382734, 41.46425], [-8.385043, 41.47327], [-8.386623, 41.491293], [-8.382515, 41.509286], [-8.373448, 41.520147]]], [[[-8.757686, 41.32763], [-8.769666, 41.319065], [-8.775503, 41.312558], [-8.779529, 41.303558], [-8.780437, 41.294552], [-8.778489, 41.28554], [-8.769826, 41.273785], [-8.757916, 41.265573], [-8.745994, 41.261228], [-8.734065, 41.259108], [-8.710188, 41.259862], [-8.698237, 41.262728], [-8.686274, 41.268018], [-8.674281, 41.278779], [-8.670311, 41.285281], [-8.668789, 41.294285], [-8.670891, 41.303299], [-8.676718, 41.312323], [-8.686021, 41.320825], [-8.697937, 41.327898], [-8.709867, 41.332222], [-8.721809, 41.334351], [-8.73376, 41.334368], [-8.745719, 41.332256], [-8.757686, 41.32763]], [[-8.757728, 41.316484], [-8.74575, 41.324098], [-8.733787, 41.327556], [-8.721834, 41.328325], [-8.709892, 41.3267], [-8.697962, 41.322379], [-8.684034, 41.312343], [-8.677916, 41.303318], [-8.675999, 41.294305], [-8.67797, 41.285303], [-8.684702, 41.276314], [-8.698212, 41.268238], [-8.710165, 41.264954], [-8.722107, 41.263989], [-8.734041, 41.265096], [-8.745966, 41.268634], [-8.758678, 41.276493], [-8.765644, 41.285515], [-8.768001, 41.294528], [-8.766906, 41.303533], [-8.761938, 41.312531], [-8.757728, 41.316484]]]]}}, {"id": "15", "type": "Feature", "properties": {"fill": "#97a3b2", "value_min": 1.0, "value_max": 1.33}, "geometry": {"type": "MultiPolygon", "coordinates": [[[[-7.987593, 41.869157], [-7.987996, 41.8688], [-7.9881, 41.868707], [-7.988298, 41.868532], [-7.990123, 41.860157], [-7.995547, 41.858138], [-7.994047, 41.855211], [-7.997195, 41.851163], [-7.996107, 41.839822], [-7.990735, 41.830768], [-7.976363, 41.821634], [-7.961182, 41.818006], [-7.949143, 41.817927], [-7.937064, 41.82023], [-7.920968, 41.830134], [-7.915475, 41.839089], [-7.913655, 41.848079], [-7.914818, 41.857096], [-7.919868, 41.866151], [-7.924177, 41.870801], [-7.933035, 41.876053], [-7.937693, 41.874314], [-7.924253, 41.866254], [-7.917753, 41.857124], [-7.915785, 41.848099], [-7.917302, 41.839106], [-7.924886, 41.828477], [-7.937043, 41.821535], [-7.949124, 41.819047], [-7.961161, 41.819302], [-7.973153, 41.822343], [-7.98667, 41.830732], [-7.99272, 41.839792], [-7.993865, 41.848809], [-7.991361, 41.857794], [-7.984047, 41.866736], [-7.969915, 41.874538], [-7.973828, 41.875216], [-7.987593, 41.869157]]], [[[-8.349434, 41.524534], [-8.361459, 41.520487], [-8.375479, 41.509248], [-8.380578, 41.500268], [-8.382325, 41.49127], [-8.380218, 41.473244], [-8.374013, 41.46148], [-8.362133, 41.451885], [-8.3502, 41.447854], [-8.33824, 41.446701], [-8.326259, 41.447645], [-8.314248, 41.451401], [-8.29924, 41.463772], [-8.295165, 41.472755], [-8.295902, 41.490774], [-8.301715, 41.503659], [-8.313556, 41.516955], [-8.325476, 41.523207], [-8.33744, 41.525271], [-8.349434, 41.524534]], [[-8.337468, 41.522587], [-8.325508, 41.520139], [-8.31359, 41.513775], [-8.308559, 41.508865], [-8.302241, 41.49982], [-8.29719, 41.481774], [-8.298612, 41.472776], [-8.302116, 41.466285], [-8.314206, 41.455383], [-8.326227, 41.450754], [-8.338213, 41.449441], [-8.350172, 41.450709], [-8.362098, 41.455383], [-8.372581, 41.464195], [-8.377805, 41.473231], [-8.380302, 41.49126], [-8.378073, 41.500255], [-8.373571, 41.507403], [-8.361491, 41.517322], [-8.349462, 41.521744], [-8.337468, 41.522587]]], [[[-8.721883, 41.316813], [-8.736547, 41.312475], [-8.74562, 41.303488], [-8.747423, 41.294484], [-8.743535, 41.285468], [-8.733988, 41.278293], [-8.722061, 41.274962], [-8.710118, 41.27556], [-8.698153, 41.280925], [-8.693338, 41.285345], [-8.689691, 41.294343], [-8.691885, 41.303357], [-8.701578, 41.31239], [-8.70994, 41.31585], [-8.721883, 41.316813]], [[-8.721911, 41.310189], [-8.709968, 41.309426], [-8.700262, 41.303379], [-8.698073, 41.298239], [-8.698101, 41.292192], [-8.703759, 41.285372], [-8.710089, 41.282205], [-8.722032, 41.28176], [-8.731063, 41.285439], [-8.737172, 41.294461], [-8.734737, 41.303463], [-8.721911, 41.310189]]]]}}, {"id": "11", "type": "Feature", "properties": {"fill": "#a3a3a3", "value_min": -0.33, "value_max": 0.0}, "geometry": {"type": "MultiPolygon", "coordinates": [[[[-8.013057, 41.831731], [-8.01297, 41.831599], [-8.012757, 41.831279], [-8.001858, 41.821859], [-7.985312, 41.814878], [-7.961265, 41.812822], [-7.937153, 41.814891], [-7.925045, 41.818986], [-7.912858, 41.830057], [-7.903163, 41.847979], [-7.901648, 41.86159], [-7.904318, 41.859795], [-7.906208, 41.864525], [-7.905863, 41.848005], [-7.914885, 41.830077], [-7.925009, 41.821091], [-7.937131, 41.816225], [-7.961245, 41.814117], [-7.973272, 41.814898], [-7.985266, 41.817784], [-7.997208, 41.824051], [-8.005588, 41.830898], [-8.009735, 41.83774], [-8.013057, 41.831731]]], [[[-7.914211, 41.87872], [-7.914211, 41.87872], [-7.914189, 41.878698], [-7.914211, 41.87872]]], [[[-7.913985, 41.878494], [-7.913985, 41.878494], [-7.913889, 41.878398], [-7.913985, 41.878494]]], [[[-7.91376, 41.878269], [-7.91376, 41.878269], [-7.913589, 41.878098], [-7.91376, 41.878269]]], [[[-7.913534, 41.878044], [-7.913534, 41.878044], [-7.912688, 41.877198], [-7.913534, 41.878044]]], [[[-7.912632, 41.877142], [-7.912632, 41.877142], [-7.91013, 41.873311], [-7.912632, 41.877142]]], [[[-7.908316, 41.869706], [-7.906703, 41.866501], [-7.906095, 41.868126], [-7.908316, 41.869706]]], [[[-8.439152, 41.714432], [-8.431744, 41.706014], [-8.41975, 41.703131], [-8.40771, 41.705417], [-8.404031, 41.707559], [-8.39709, 41.71653], [-8.400331, 41.726909], [-8.402934, 41.726452], [-8.404721, 41.722847], [-8.413744, 41.725076], [-8.417349, 41.725067], [-8.418845, 41.723627], [-8.409418, 41.716594], [-8.41966, 41.713148], [-8.424753, 41.716671], [-8.421281, 41.721681], [-8.429643, 41.719859], [-8.430833, 41.717155], [-8.436526, 41.714214], [-8.439152, 41.714432]]], [[[-8.42124, 41.72174], [-8.42124, 41.72174], [-8.421125, 41.721906], [-8.42124, 41.72174]]], [[[-8.460554, 41.626774], [-8.456504, 41.620377], [-8.444541, 41.615652], [-8.436671, 41.617652], [-8.432495, 41.620585], [-8.428952, 41.626621], [-8.43398, 41.635653], [-8.444336, 41.639451], [-8.45637, 41.636261], [-8.460554, 41.626774]]], [[[-8.373341, 41.531204], [-8.385786, 41.518311], [-8.390675, 41.50933], [-8.392382, 41.500331], [-8.390286, 41.464291], [-8.388168, 41.455272], [-8.382632, 41.446235], [-8.374222, 41.439722], [-8.362299, 41.434935], [-8.350356, 41.432212], [-8.326437, 41.430474], [-8.314459, 41.431373], [-8.30246, 41.434226], [-8.290423, 41.440449], [-8.28475, 41.445668], [-8.27968, 41.454644], [-8.278159, 41.463642], [-8.278826, 41.472653], [-8.284187, 41.490702], [-8.296134, 41.517797], [-8.301477, 41.525843], [-8.313359, 41.535626], [-8.325295, 41.54067], [-8.337267, 41.542282], [-8.349264, 41.541452], [-8.361289, 41.537782], [-8.373341, 41.531204]], [[-8.349323, 41.535632], [-8.337327, 41.536433], [-8.325356, 41.534804], [-8.31342, 41.529901], [-8.300679, 41.517825], [-8.28753, 41.490722], [-8.283286, 41.472681], [-8.283969, 41.463678], [-8.287734, 41.454694], [-8.29611, 41.445738], [-8.302379, 41.441715], [-8.314394, 41.437519], [-8.338354, 41.435539], [-8.362251, 41.43982], [-8.374377, 41.44619], [-8.382702, 41.455243], [-8.385967, 41.463637], [-8.389413, 41.491308], [-8.386172, 41.509306], [-8.380574, 41.518283], [-8.373399, 41.525194], [-8.361342, 41.532395], [-8.349323, 41.535632]]], [[[-8.553704, 41.450084], [-8.541575, 41.455986], [-8.553629, 41.461127], [-8.558933, 41.456053], [-8.553704, 41.450084]]], [[[-8.199377, 41.377423], [-8.198554, 41.382047], [-8.203212, 41.391087], [-8.207192, 41.394305], [-8.219097, 41.399051], [-8.231064, 41.398722], [-8.243096, 41.392727], [-8.248349, 41.382383], [-8.246495, 41.373364], [-8.242986, 41.369061], [-8.239197, 41.371315], [-8.232024, 41.369971], [-8.224854, 41.370878], [-8.21738, 41.368182], [-8.211712, 41.376065], [-8.199377, 41.377423]]], [[[-8.757648, 41.33803], [-8.774104, 41.330571], [-8.785222, 41.321584], [-8.791737, 41.312588], [-8.795193, 41.303587], [-8.796112, 41.294581], [-8.794257, 41.28557], [-8.789815, 41.276554], [-8.781022, 41.26753], [-8.769871, 41.260759], [-8.75795, 41.256318], [-8.73409, 41.252955], [-8.710211, 41.254605], [-8.698262, 41.257241], [-8.686305, 41.261525], [-8.676085, 41.267282], [-8.666655, 41.276263], [-8.662288, 41.285258], [-8.661158, 41.294263], [-8.663428, 41.303277], [-8.668871, 41.312301], [-8.678204, 41.321335], [-8.697909, 41.333842], [-8.721781, 41.340877], [-8.73373, 41.341745], [-8.757648, 41.33803]], [[-8.757686, 41.32763], [-8.745719, 41.332256], [-8.73376, 41.334368], [-8.721809, 41.334351], [-8.709867, 41.332222], [-8.697937, 41.327898], [-8.686021, 41.320825], [-8.676718, 41.312323], [-8.670891, 41.303299], [-8.668789, 41.294285], [-8.670311, 41.285281], [-8.674281, 41.278779], [-8.686274, 41.268018], [-8.698237, 41.262728], [-8.710188, 41.259862], [-8.734065, 41.259108], [-8.745994, 41.261228], [-8.757916, 41.265573], [-8.769826, 41.273785], [-8.778489, 41.28554], [-8.780437, 41.294552], [-8.779529, 41.303558], [-8.775503, 41.312558], [-8.769666, 41.319065], [-8.757686, 41.32763]]]]}}, {"id": "16", "type": "Feature", "properties": {"fill": "#80a4d0", "value_min": 1.33, "value_max": 1.67}, "geometry": {"type": "MultiPolygon", "coordinates": [[[[-7.969915, 41.874538], [-7.984047, 41.866736], [-7.991361, 41.857794], [-7.993865, 41.848809], [-7.99272, 41.839792], [-7.98667, 41.830732], [-7.973153, 41.822343], [-7.961161, 41.819302], [-7.949124, 41.819047], [-7.937043, 41.821535], [-7.924886, 41.828477], [-7.917302, 41.839106], [-7.915785, 41.848099], [-7.917753, 41.857124], [-7.924253, 41.866254], [-7.937693, 41.874314], [-7.940225, 41.871789], [-7.929212, 41.866238], [-7.920689, 41.857152], [-7.917916, 41.848119], [-7.919128, 41.839123], [-7.925012, 41.830172], [-7.937023, 41.822732], [-7.949106, 41.820165], [-7.96114, 41.820598], [-7.973123, 41.82417], [-7.983299, 41.830703], [-7.989333, 41.839763], [-7.990281, 41.848778], [-7.986869, 41.857754], [-7.977946, 41.866682], [-7.972389, 41.8701], [-7.956366, 41.873682], [-7.956362, 41.875191], [-7.960576, 41.875647], [-7.962086, 41.874074], [-7.969915, 41.874538]]], [[[-8.337468, 41.522587], [-8.349462, 41.521744], [-8.361491, 41.517322], [-8.373571, 41.507403], [-8.378073, 41.500255], [-8.380302, 41.49126], [-8.377805, 41.473231], [-8.372581, 41.464195], [-8.362098, 41.455383], [-8.350172, 41.450709], [-8.338213, 41.449441], [-8.326227, 41.450754], [-8.314206, 41.455383], [-8.302116, 41.466285], [-8.298612, 41.472776], [-8.29719, 41.481774], [-8.302241, 41.49982], [-8.308559, 41.508865], [-8.31359, 41.513775], [-8.325508, 41.520139], [-8.337468, 41.522587]], [[-8.337495, 41.519903], [-8.325537, 41.517312], [-8.311872, 41.508885], [-8.304731, 41.499835], [-8.300001, 41.481791], [-8.302057, 41.472797], [-8.30795, 41.463825], [-8.31417, 41.458819], [-8.326195, 41.453864], [-8.338185, 41.452182], [-8.350143, 41.453565], [-8.362071, 41.458144], [-8.369249, 41.464177], [-8.375393, 41.473218], [-8.378102, 41.48224], [-8.378279, 41.491249], [-8.37361, 41.50335], [-8.361516, 41.514748], [-8.34949, 41.518954], [-8.337495, 41.519903]]], [[[-8.721911, 41.310189], [-8.734737, 41.303463], [-8.737172, 41.294461], [-8.731063, 41.285439], [-8.722032, 41.28176], [-8.710089, 41.282205], [-8.703759, 41.285372], [-8.698101, 41.292192], [-8.698073, 41.298239], [-8.700262, 41.303379], [-8.709968, 41.309426], [-8.721911, 41.310189]], [[-8.710025, 41.296525], [-8.71004, 41.293322], [-8.721984, 41.293149], [-8.723248, 41.294429], [-8.721967, 41.296997], [-8.710025, 41.296525]]]]}}, {"id": "8", "type": "Feature", "properties": {"fill": "#b1a288", "value_min": -1.33, "value_max": -1.0}, "geometry": {"type": "MultiPolygon", "coordinates": [[[[-8.043422, 41.824424], [-8.021494, 41.810733], [-8.009519, 41.806587], [-7.997512, 41.804566], [-7.973424, 41.805338], [-7.927428, 41.812181], [-7.912968, 41.821135], [-7.892915, 41.84788], [-7.888676, 41.856065], [-7.892292, 41.859095], [-7.896689, 41.847917], [-7.912917, 41.824129], [-7.925115, 41.814774], [-7.936837, 41.812268], [-7.973382, 41.807961], [-7.98542, 41.808032], [-7.997428, 41.809931], [-8.009403, 41.814073], [-8.021341, 41.820754], [-8.031621, 41.829816], [-8.037134, 41.831171], [-8.041351, 41.828023], [-8.041054, 41.825097], [-8.043422, 41.824424]]], [[[-8.493061, 41.674886], [-8.493706, 41.644939], [-8.491937, 41.635924], [-8.488445, 41.626901], [-8.481952, 41.617865], [-8.472002, 41.608812], [-8.456671, 41.600397], [-8.444701, 41.596952], [-8.420709, 41.596265], [-8.405973, 41.599483], [-8.392161, 41.608418], [-8.388414, 41.617405], [-8.389285, 41.626417], [-8.394665, 41.635453], [-8.418287, 41.662596], [-8.418827, 41.671606], [-8.410093, 41.680569], [-8.383787, 41.693369], [-8.375176, 41.698398], [-8.371682, 41.702404], [-8.368001, 41.707366], [-8.36579, 41.716361], [-8.36882, 41.73193], [-8.373822, 41.734846], [-8.380723, 41.73213], [-8.377922, 41.725434], [-8.377629, 41.716426], [-8.381699, 41.707441], [-8.395775, 41.696483], [-8.419891, 41.687501], [-8.431925, 41.68547], [-8.443933, 41.686298], [-8.455906, 41.691431], [-8.460032, 41.694792], [-8.482012, 41.682123], [-8.484371, 41.674238], [-8.493061, 41.674886]], [[-8.456174, 41.659644], [-8.444162, 41.659684], [-8.432193, 41.654985], [-8.420258, 41.646636], [-8.410668, 41.635536], [-8.40779, 41.626514], [-8.409485, 41.617515], [-8.418275, 41.608553], [-8.432643, 41.603666], [-8.444646, 41.603408], [-8.456622, 41.606279], [-8.473301, 41.617826], [-8.47849, 41.626856], [-8.479595, 41.635869], [-8.47681, 41.644863], [-8.46823, 41.654088], [-8.456174, 41.659644]]], [[[-7.865652, 41.773102], [-7.880928, 41.766703], [-7.884096, 41.757727], [-7.877477, 41.748656], [-7.866161, 41.744184], [-7.85412, 41.745006], [-7.846797, 41.748352], [-7.840512, 41.757296], [-7.843772, 41.766335], [-7.853643, 41.771816], [-7.865652, 41.773102]], [[-7.853716, 41.76774], [-7.851322, 41.766411], [-7.847242, 41.757363], [-7.85403, 41.750102], [-7.866097, 41.747848], [-7.877975, 41.756404], [-7.877912, 41.760032], [-7.87368, 41.766632], [-7.865711, 41.769726], [-7.853716, 41.76774]]], [[[-8.166133, 41.760121], [-8.178656, 41.759395], [-8.188784, 41.751276], [-8.189904, 41.742277], [-8.179004, 41.732049], [-8.166992, 41.731091], [-8.162403, 41.733073], [-8.152124, 41.742004], [-8.152658, 41.751015], [-8.15467, 41.753855], [-8.166133, 41.760121]], [[-8.164287, 41.7511], [-8.159884, 41.742061], [-8.166922, 41.736515], [-8.178914, 41.739149], [-8.181946, 41.74222], [-8.178779, 41.749732], [-8.166714, 41.752634], [-8.164287, 41.7511]]], [[[-8.083489, 41.684299], [-8.095526, 41.682707], [-8.099381, 41.678554], [-8.095681, 41.671642], [-8.083675, 41.671183], [-8.077571, 41.678381], [-8.083489, 41.684299]]], [[[-8.132033, 41.648331], [-8.144064, 41.646693], [-8.15044, 41.642914], [-8.154696, 41.633939], [-8.149202, 41.624891], [-8.144386, 41.622318], [-8.132389, 41.621778], [-8.118661, 41.633668], [-8.120871, 41.642692], [-8.132033, 41.648331]], [[-8.131636, 41.642774], [-8.125762, 41.633722], [-8.132307, 41.627934], [-8.144259, 41.631947], [-8.145794, 41.633873], [-8.144197, 41.636604], [-8.131636, 41.642774]]], [[[-8.140685, 41.377668], [-8.146634, 41.390682], [-8.16187, 41.408809], [-8.182899, 41.423811], [-8.230491, 41.447203], [-8.254204, 41.467295], [-8.266033, 41.480316], [-8.277799, 41.499341], [-8.280691, 41.508694], [-8.285655, 41.544755], [-8.290236, 41.55379], [-8.299057, 41.562852], [-8.312984, 41.571033], [-8.324936, 41.575147], [-8.33691, 41.577226], [-8.348904, 41.577322], [-8.360926, 41.574708], [-8.372986, 41.567973], [-8.385111, 41.554121], [-8.405939, 41.518417], [-8.407183, 41.509416], [-8.400421, 41.482359], [-8.401358, 41.473356], [-8.413958, 41.446399], [-8.415513, 41.437399], [-8.409396, 41.42836], [-8.398311, 41.423612], [-8.350514, 41.416422], [-8.326634, 41.41141], [-8.314711, 41.407414], [-8.302286, 41.400738], [-8.294227, 41.391682], [-8.279479, 41.347514], [-8.268203, 41.328967], [-8.265711, 41.332121], [-8.269004, 41.336169], [-8.263339, 41.340902], [-8.262751, 41.345405], [-8.258872, 41.347265], [-8.266177, 41.355476], [-8.271227, 41.364515], [-8.274429, 41.373543], [-8.278958, 41.400594], [-8.285502, 41.409643], [-8.30267, 41.414527], [-8.374351, 41.426287], [-8.386282, 41.430137], [-8.398164, 41.439596], [-8.401158, 41.446333], [-8.397144, 41.473334], [-8.400652, 41.509382], [-8.39805, 41.518376], [-8.385266, 41.537722], [-8.373171, 41.548866], [-8.361117, 41.555291], [-8.349089, 41.558958], [-8.337088, 41.559783], [-8.325111, 41.558348], [-8.313164, 41.554059], [-8.301255, 41.546458], [-8.293213, 41.535794], [-8.277885, 41.491578], [-8.261512, 41.463536], [-8.251169, 41.436447], [-8.242674, 41.429064], [-8.206885, 41.419512], [-8.186039, 41.408982], [-8.175505, 41.3999], [-8.16903, 41.390845], [-8.165096, 41.379846], [-8.158223, 41.378791], [-8.157026, 41.376991], [-8.152544, 41.375866], [-8.151049, 41.37339], [-8.145073, 41.374742], [-8.140685, 41.377668]]], [[[-8.624914, 41.55819], [-8.636906, 41.558195], [-8.648919, 41.554387], [-8.658247, 41.546466], [-8.661503, 41.537468], [-8.660077, 41.528456], [-8.654464, 41.519432], [-8.637189, 41.507617], [-8.62523, 41.503385], [-8.613258, 41.501791], [-8.601268, 41.503173], [-8.590995, 41.510217], [-8.587123, 41.51921], [-8.587404, 41.528219], [-8.591131, 41.537239], [-8.600991, 41.548174], [-8.612942, 41.554891], [-8.624914, 41.55819]], [[-8.620763, 41.546348], [-8.613003, 41.544569], [-8.603011, 41.537281], [-8.598416, 41.528258], [-8.601179, 41.517635], [-8.613211, 41.509706], [-8.625197, 41.509236], [-8.637155, 41.513719], [-8.644749, 41.519403], [-8.649226, 41.528424], [-8.647024, 41.537424], [-8.636978, 41.545327], [-8.624977, 41.547325], [-8.620763, 41.546348]]], [[[-8.565421, 41.488388], [-8.577422, 41.485079], [-8.589476, 41.473078], [-8.59561, 41.456188], [-8.595875, 41.447182], [-8.593727, 41.438167], [-8.588233, 41.429139], [-8.577842, 41.420252], [-8.565915, 41.414347], [-8.553968, 41.411589], [-8.542007, 41.410987], [-8.530031, 41.412534], [-8.51803, 41.417425], [-8.506143, 41.428816], [-8.502416, 41.437808], [-8.502376, 41.446815], [-8.505555, 41.455836], [-8.510722, 41.464866], [-8.520297, 41.473914], [-8.529544, 41.480052], [-8.541484, 41.48535], [-8.553443, 41.488125], [-8.565421, 41.488388]], [[-8.553504, 41.479241], [-8.541541, 41.477289], [-8.529609, 41.470966], [-8.522947, 41.464917], [-8.518593, 41.455892], [-8.518519, 41.446884], [-8.523133, 41.437896], [-8.52989, 41.432109], [-8.541891, 41.427567], [-8.553863, 41.426968], [-8.565811, 41.429986], [-8.577727, 41.438002], [-8.583235, 41.447137], [-8.584198, 41.456148], [-8.581182, 41.465144], [-8.577522, 41.469676], [-8.565494, 41.477467], [-8.553504, 41.479241]]], [[[-8.807821, 41.350654], [-8.793445, 41.356471], [-8.769515, 41.361914], [-8.7456, 41.362815], [-8.721705, 41.35879], [-8.709767, 41.354731], [-8.697842, 41.348454], [-8.659226, 41.32128], [-8.642835, 41.303215], [-8.640126, 41.294199], [-8.640547, 41.285192], [-8.643978, 41.276195], [-8.650973, 41.267209], [-8.662447, 41.2581], [-8.68375, 41.249288], [-8.710261, 41.243363], [-8.758022, 41.236884], [-8.781888, 41.237063], [-8.803508, 41.241145], [-8.802482, 41.21505], [-8.781949, 41.218567], [-8.734792, 41.231401], [-8.674454, 41.244081], [-8.658731, 41.249216], [-8.643855, 41.258179], [-8.634607, 41.267158], [-8.624268, 41.28514], [-8.623201, 41.294145], [-8.626442, 41.303163], [-8.633596, 41.312194], [-8.67188, 41.339332], [-8.697784, 41.360823], [-8.709707, 41.368205], [-8.733586, 41.376986], [-8.757489, 41.380977], [-8.781405, 41.381877], [-8.808964, 41.379623], [-8.807821, 41.350654]]]]}}, {"id": "10", "type": "Feature", "properties": {"fill": "#a3a3a3", "value_min": -0.67, "value_max": -0.33}, "geometry": {"type": "MultiPolygon", "coordinates": [[[[-8.021183, 41.831221], [-8.009298, 41.820891], [-7.997351, 41.814908], [-7.985361, 41.811762], [-7.961294, 41.811031], [-7.937175, 41.813556], [-7.92508, 41.816879], [-7.912867, 41.827123], [-7.904414, 41.838984], [-7.897009, 41.860231], [-7.901648, 41.86159], [-7.903163, 41.847979], [-7.912858, 41.830057], [-7.925045, 41.818986], [-7.937153, 41.814891], [-7.961265, 41.812822], [-7.985312, 41.814878], [-8.001858, 41.821859], [-8.012757, 41.831279], [-8.013965, 41.828899], [-8.017873, 41.831379], [-8.021183, 41.831221]]], [[[-8.01297, 41.831599], [-8.01297, 41.831599], [-8.013057, 41.831731], [-8.01297, 41.831599]]], [[[-7.866007, 41.752919], [-7.853669, 41.757428], [-7.865778, 41.765959], [-7.872051, 41.75761], [-7.866007, 41.752919]]], [[[-8.446992, 41.704374], [-8.431827, 41.696536], [-8.419817, 41.695767], [-8.407413, 41.698569], [-8.392563, 41.707499], [-8.387653, 41.71648], [-8.388197, 41.72549], [-8.391321, 41.730531], [-8.396942, 41.730518], [-8.400331, 41.726909], [-8.39709, 41.71653], [-8.404031, 41.707559], [-8.40771, 41.705417], [-8.41975, 41.703131], [-8.431744, 41.706014], [-8.439152, 41.714432], [-8.441632, 41.713975], [-8.441618, 41.711049], [-8.446992, 41.704374]]], [[[-8.468375, 41.636498], [-8.469788, 41.626817], [-8.464351, 41.617784], [-8.45657, 41.612481], [-8.444594, 41.609395], [-8.432577, 41.61115], [-8.422504, 41.617582], [-8.418919, 41.626571], [-8.422118, 41.635594], [-8.432287, 41.644288], [-8.444263, 41.648028], [-8.456284, 41.646495], [-8.468375, 41.636498]], [[-8.460554, 41.626774], [-8.45637, 41.636261], [-8.444336, 41.639451], [-8.43398, 41.635653], [-8.428952, 41.626621], [-8.432495, 41.620585], [-8.436671, 41.617652], [-8.444541, 41.615652], [-8.456504, 41.620377], [-8.460554, 41.626774]]], [[[-8.36122, 41.544845], [-8.373271, 41.538503], [-8.385304, 41.527316], [-8.391846, 41.518343], [-8.395176, 41.509354], [-8.394163, 41.455304], [-8.391389, 41.446282], [-8.382455, 41.437226], [-8.374285, 41.433114], [-8.350405, 41.427356], [-8.314531, 41.42449], [-8.302554, 41.425368], [-8.290556, 41.42824], [-8.277309, 41.436614], [-8.271699, 41.445586], [-8.269922, 41.454582], [-8.272987, 41.472616], [-8.295953, 41.526804], [-8.301383, 41.534522], [-8.313276, 41.543515], [-8.325219, 41.547954], [-8.337193, 41.549532], [-8.349193, 41.548603], [-8.36122, 41.544845]], [[-8.373341, 41.531204], [-8.361289, 41.537782], [-8.349264, 41.541452], [-8.337267, 41.542282], [-8.325295, 41.54067], [-8.313359, 41.535626], [-8.301477, 41.525843], [-8.296134, 41.517797], [-8.284187, 41.490702], [-8.278826, 41.472653], [-8.278159, 41.463642], [-8.27968, 41.454644], [-8.28475, 41.445668], [-8.290423, 41.440449], [-8.30246, 41.434226], [-8.314459, 41.431373], [-8.326437, 41.430474], [-8.350356, 41.432212], [-8.362299, 41.434935], [-8.374222, 41.439722], [-8.382632, 41.446235], [-8.388168, 41.455272], [-8.390286, 41.464291], [-8.392382, 41.500331], [-8.390675, 41.50933], [-8.385786, 41.518311], [-8.373341, 41.531204]]], [[[-8.637063, 41.530189], [-8.637087, 41.525846], [-8.63254, 41.519364], [-8.625154, 41.516572], [-8.612961, 41.5193], [-8.610153, 41.528298], [-8.613075, 41.532447], [-8.625034, 41.537517], [-8.637063, 41.530189]]], [[[-8.573103, 41.456107], [-8.570489, 41.44709], [-8.565728, 41.442392], [-8.553788, 41.437956], [-8.541807, 41.439393], [-8.531723, 41.446938], [-8.529289, 41.455936], [-8.53468, 41.464965], [-8.541596, 41.46938], [-8.553558, 41.471416], [-8.56556, 41.467624], [-8.568786, 41.465098], [-8.573103, 41.456107]], [[-8.553704, 41.450084], [-8.558933, 41.456053], [-8.553629, 41.461127], [-8.541575, 41.455986], [-8.553704, 41.450084]]], [[[-8.182934, 41.376306], [-8.182869, 41.381937], [-8.186364, 41.390969], [-8.194536, 41.400034], [-8.207037, 41.407038], [-8.218964, 41.410196], [-8.230922, 41.410767], [-8.242913, 41.408467], [-8.255673, 41.400446], [-8.260994, 41.391473], [-8.262455, 41.382475], [-8.260981, 41.373458], [-8.256391, 41.364421], [-8.249931, 41.358363], [-8.248141, 41.360052], [-8.248448, 41.364328], [-8.245461, 41.364781], [-8.242986, 41.369061], [-8.246495, 41.373364], [-8.248349, 41.382383], [-8.243096, 41.392727], [-8.231064, 41.398722], [-8.219097, 41.399051], [-8.207192, 41.394305], [-8.203212, 41.391087], [-8.198554, 41.382047], [-8.199377, 41.377423], [-8.194976, 41.374275], [-8.191691, 41.376302], [-8.182934, 41.376306]]], [[[-8.804515, 41.266745], [-8.793754, 41.258212], [-8.781836, 41.252511], [-8.769913, 41.248999], [-8.746052, 41.246281], [-8.710234, 41.249271], [-8.686336, 41.255074], [-8.674373, 41.260369], [-8.664265, 41.267248], [-8.656316, 41.276233], [-8.652504, 41.285229], [-8.651896, 41.294235], [-8.654286, 41.30325], [-8.66033, 41.312276], [-8.674051, 41.325074], [-8.697879, 41.340348], [-8.709808, 41.345537], [-8.721748, 41.34857], [-8.745647, 41.350588], [-8.76957, 41.346519], [-8.781538, 41.342005], [-8.793512, 41.335143], [-8.806735, 41.323118], [-8.804515, 41.266745]], [[-8.757648, 41.33803], [-8.73373, 41.341745], [-8.721781, 41.340877], [-8.697909, 41.333842], [-8.678204, 41.321335], [-8.668871, 41.312301], [-8.663428, 41.303277], [-8.661158, 41.294263], [-8.662288, 41.285258], [-8.666655, 41.276263], [-8.676085, 41.267282], [-8.686305, 41.261525], [-8.698262, 41.257241], [-8.710211, 41.254605], [-8.73409, 41.252955], [-8.75795, 41.256318], [-8.769871, 41.260759], [-8.781022, 41.26753], [-8.789815, 41.276554], [-8.794257, 41.28557], [-8.796112, 41.294581], [-8.795193, 41.303587], [-8.791737, 41.312588], [-8.785222, 41.321584], [-8.774104, 41.330571], [-8.757648, 41.33803]]]]}}, {"id": "17", "type": "Feature", "properties": {"fill": "#6ba5ec", "value_min": 1.67, "value_max": 2.0}, "geometry": {"type": "MultiPolygon", "coordinates": [[[[-7.956366, 41.873682], [-7.972389, 41.8701], [-7.977946, 41.866682], [-7.986869, 41.857754], [-7.990281, 41.848778], [-7.989333, 41.839763], [-7.983299, 41.830703], [-7.973123, 41.82417], [-7.96114, 41.820598], [-7.949106, 41.820165], [-7.937023, 41.822732], [-7.925012, 41.830172], [-7.919128, 41.839123], [-7.917916, 41.848119], [-7.920689, 41.857152], [-7.929212, 41.866238], [-7.940225, 41.871789], [-7.951254, 41.871132], [-7.956366, 41.873682]], [[-7.97245, 41.866302], [-7.96033, 41.870642], [-7.948274, 41.871021], [-7.93628, 41.86761], [-7.924387, 41.85825], [-7.920047, 41.848139], [-7.920953, 41.839141], [-7.926897, 41.83019], [-7.937003, 41.82393], [-7.949088, 41.821284], [-7.961118, 41.821934], [-7.973094, 41.825998], [-7.980384, 41.830677], [-7.985946, 41.839733], [-7.986698, 41.848746], [-7.982664, 41.857717], [-7.97245, 41.866302]]], [[[-8.337495, 41.519903], [-8.34949, 41.518954], [-8.361516, 41.514748], [-8.37361, 41.50335], [-8.378279, 41.491249], [-8.378102, 41.48224], [-8.375393, 41.473218], [-8.369249, 41.464177], [-8.362071, 41.458144], [-8.350143, 41.453565], [-8.338185, 41.452182], [-8.326195, 41.453864], [-8.31417, 41.458819], [-8.30795, 41.463825], [-8.302057, 41.472797], [-8.300001, 41.481791], [-8.304731, 41.499835], [-8.311872, 41.508885], [-8.325537, 41.517312], [-8.337495, 41.519903]], [[-8.373131, 41.500228], [-8.361541, 41.512173], [-8.349512, 41.516732], [-8.33752, 41.517461], [-8.325561, 41.51506], [-8.313656, 41.507536], [-8.307221, 41.49985], [-8.303429, 41.49082], [-8.302647, 41.481808], [-8.304941, 41.472814], [-8.312153, 41.46385], [-8.326167, 41.456516], [-8.338157, 41.454923], [-8.350119, 41.456064], [-8.362044, 41.460905], [-8.37305, 41.473205], [-8.376109, 41.482229], [-8.376255, 41.491238], [-8.373131, 41.500228]]], [[[-8.710025, 41.296525], [-8.721967, 41.296997], [-8.723248, 41.294429], [-8.721984, 41.293149], [-8.71004, 41.293322], [-8.710025, 41.296525]]]]}}, {"id": "9", "type": "Feature", "properties": {"fill": "#a3a3a3", "value_min": -1.0, "value_max": -0.67}, "geometry": {"type": "MultiPolygon", "coordinates": [[[[-8.031621, 41.829816], [-8.021341, 41.820754], [-8.009403, 41.814073], [-7.997428, 41.809931], [-7.98542, 41.808032], [-7.973382, 41.807961], [-7.936837, 41.812268], [-7.925115, 41.814774], [-7.912917, 41.824129], [-7.896689, 41.847917], [-7.892292, 41.859095], [-7.897009, 41.860231], [-7.904414, 41.838984], [-7.912867, 41.827123], [-7.92508, 41.816879], [-7.937175, 41.813556], [-7.961294, 41.811031], [-7.985361, 41.811762], [-7.997351, 41.814908], [-8.009298, 41.820891], [-8.021183, 41.831221], [-8.031621, 41.829816]]], [[[-7.853716, 41.76774], [-7.865711, 41.769726], [-7.87368, 41.766632], [-7.877912, 41.760032], [-7.877975, 41.756404], [-7.866097, 41.747848], [-7.85403, 41.750102], [-7.847242, 41.757363], [-7.851322, 41.766411], [-7.853716, 41.76774]], [[-7.866007, 41.752919], [-7.872051, 41.75761], [-7.865778, 41.765959], [-7.853669, 41.757428], [-7.866007, 41.752919]]], [[[-8.460032, 41.694792], [-8.455906, 41.691431], [-8.443933, 41.686298], [-8.431925, 41.68547], [-8.419891, 41.687501], [-8.395775, 41.696483], [-8.381699, 41.707441], [-8.377629, 41.716426], [-8.377922, 41.725434], [-8.380723, 41.73213], [-8.384922, 41.73032], [-8.387032, 41.731891], [-8.391321, 41.730531], [-8.388197, 41.72549], [-8.387653, 41.71648], [-8.392563, 41.707499], [-8.407413, 41.698569], [-8.419817, 41.695767], [-8.431827, 41.696536], [-8.446992, 41.704374], [-8.453868, 41.697961], [-8.453255, 41.695487], [-8.460032, 41.694792]]], [[[-8.164287, 41.7511], [-8.166714, 41.752634], [-8.178779, 41.749732], [-8.181946, 41.74222], [-8.178914, 41.739149], [-8.166922, 41.736515], [-8.159884, 41.742061], [-8.164287, 41.7511]]], [[[-8.456174, 41.659644], [-8.46823, 41.654088], [-8.47681, 41.644863], [-8.479595, 41.635869], [-8.47849, 41.626856], [-8.473301, 41.617826], [-8.456622, 41.606279], [-8.444646, 41.603408], [-8.432643, 41.603666], [-8.418275, 41.608553], [-8.409485, 41.617515], [-8.40779, 41.626514], [-8.410668, 41.635536], [-8.420258, 41.646636], [-8.432193, 41.654985], [-8.444162, 41.659684], [-8.456174, 41.659644]], [[-8.468375, 41.636498], [-8.456284, 41.646495], [-8.444263, 41.648028], [-8.432287, 41.644288], [-8.422118, 41.635594], [-8.418919, 41.626571], [-8.422504, 41.617582], [-8.432577, 41.61115], [-8.444594, 41.609395], [-8.45657, 41.612481], [-8.464351, 41.617784], [-8.469788, 41.626817], [-8.468375, 41.636498]]], [[[-8.131636, 41.642774], [-8.144197, 41.636604], [-8.145794, 41.633873], [-8.144259, 41.631947], [-8.132307, 41.627934], [-8.125762, 41.633722], [-8.131636, 41.642774]]], [[[-8.165096, 41.379846], [-8.16903, 41.390845], [-8.175505, 41.3999], [-8.186039, 41.408982], [-8.206885, 41.419512], [-8.242674, 41.429064], [-8.251169, 41.436447], [-8.261512, 41.463536], [-8.277885, 41.491578], [-8.293213, 41.535794], [-8.301255, 41.546458], [-8.313164, 41.554059], [-8.325111, 41.558348], [-8.337088, 41.559783], [-8.349089, 41.558958], [-8.361117, 41.555291], [-8.373171, 41.548866], [-8.385266, 41.537722], [-8.39805, 41.518376], [-8.400652, 41.509382], [-8.397144, 41.473334], [-8.401158, 41.446333], [-8.398164, 41.439596], [-8.386282, 41.430137], [-8.374351, 41.426287], [-8.30267, 41.414527], [-8.285502, 41.409643], [-8.278958, 41.400594], [-8.274429, 41.373543], [-8.271227, 41.364515], [-8.266177, 41.355476], [-8.258872, 41.347265], [-8.249622, 41.353072], [-8.251122, 41.356222], [-8.249931, 41.358363], [-8.256391, 41.364421], [-8.260981, 41.373458], [-8.262455, 41.382475], [-8.260994, 41.391473], [-8.255673, 41.400446], [-8.242913, 41.408467], [-8.230922, 41.410767], [-8.218964, 41.410196], [-8.207037, 41.407038], [-8.194536, 41.400034], [-8.186364, 41.390969], [-8.182869, 41.381937], [-8.182934, 41.376306], [-8.168382, 41.377438], [-8.165096, 41.379846]], [[-8.36122, 41.544845], [-8.349193, 41.548603], [-8.337193, 41.549532], [-8.325219, 41.547954], [-8.313276, 41.543515], [-8.301383, 41.534522], [-8.295953, 41.526804], [-8.272987, 41.472616], [-8.269922, 41.454582], [-8.271699, 41.445586], [-8.277309, 41.436614], [-8.290556, 41.42824], [-8.302554, 41.425368], [-8.314531, 41.42449], [-8.350405, 41.427356], [-8.374285, 41.433114], [-8.382455, 41.437226], [-8.391389, 41.446282], [-8.394163, 41.455304], [-8.395176, 41.509354], [-8.391846, 41.518343], [-8.385304, 41.527316], [-8.373271, 41.538503], [-8.36122, 41.544845]]], [[[-8.620763, 41.546348], [-8.624977, 41.547325], [-8.636978, 41.545327], [-8.647024, 41.537424], [-8.649226, 41.528424], [-8.644749, 41.519403], [-8.637155, 41.513719], [-8.625197, 41.509236], [-8.613211, 41.509706], [-8.601179, 41.517635], [-8.598416, 41.528258], [-8.603011, 41.537281], [-8.613003, 41.544569], [-8.620763, 41.546348]], [[-8.637063, 41.530189], [-8.625034, 41.537517], [-8.613075, 41.532447], [-8.610153, 41.528298], [-8.612961, 41.5193], [-8.625154, 41.516572], [-8.63254, 41.519364], [-8.637087, 41.525846], [-8.637063, 41.530189]]], [[[-8.553504, 41.479241], [-8.565494, 41.477467], [-8.577522, 41.469676], [-8.581182, 41.465144], [-8.584198, 41.456148], [-8.583235, 41.447137], [-8.577727, 41.438002], [-8.565811, 41.429986], [-8.553863, 41.426968], [-8.541891, 41.427567], [-8.52989, 41.432109], [-8.523133, 41.437896], [-8.518519, 41.446884], [-8.518593, 41.455892], [-8.522947, 41.464917], [-8.529609, 41.470966], [-8.541541, 41.477289], [-8.553504, 41.479241]], [[-8.573103, 41.456107], [-8.568786, 41.465098], [-8.56556, 41.467624], [-8.553558, 41.471416], [-8.541596, 41.46938], [-8.53468, 41.464965], [-8.529289, 41.455936], [-8.531723, 41.446938], [-8.541807, 41.439393], [-8.553788, 41.437956], [-8.565728, 41.442392], [-8.570489, 41.44709], [-8.573103, 41.456107]]], [[[-8.803508, 41.241145], [-8.781888, 41.237063], [-8.758022, 41.236884], [-8.710261, 41.243363], [-8.68375, 41.249288], [-8.662447, 41.2581], [-8.650973, 41.267209], [-8.643978, 41.276195], [-8.640547, 41.285192], [-8.640126, 41.294199], [-8.642835, 41.303215], [-8.659226, 41.32128], [-8.697842, 41.348454], [-8.709767, 41.354731], [-8.721705, 41.35879], [-8.7456, 41.362815], [-8.769515, 41.361914], [-8.793445, 41.356471], [-8.807821, 41.350654], [-8.806735, 41.323118], [-8.793512, 41.335143], [-8.781538, 41.342005], [-8.76957, 41.346519], [-8.745647, 41.350588], [-8.721748, 41.34857], [-8.709808, 41.345537], [-8.697879, 41.340348], [-8.674051, 41.325074], [-8.66033, 41.312276], [-8.654286, 41.30325], [-8.651896, 41.294235], [-8.652504, 41.285229], [-8.656316, 41.276233], [-8.664265, 41.267248], [-8.674373, 41.260369], [-8.686336, 41.255074], [-8.710234, 41.249271], [-8.746052, 41.246281], [-8.769913, 41.248999], [-8.781836, 41.252511], [-8.793754, 41.258212], [-8.804515, 41.266745], [-8.803508, 41.241145]]]]}}, {"id": "1", "type": "Feature", "properties": {"fill": "#9c1c1c", "value_min": -3.67, "value_max": -3.33}, "geometry": {"type": "MultiPolygon", "coordinates": [[[[-7.85243, 41.839842], [-7.86447, 41.840041], [-7.876573, 41.836732], [-7.888737, 41.829751], [-7.895515, 41.820885], [-7.899316, 41.811915], [-7.899108, 41.802906], [-7.889379, 41.792594], [-7.877398, 41.789477], [-7.865361, 41.789601], [-7.846903, 41.793387], [-7.831533, 41.802239], [-7.826036, 41.811189], [-7.825883, 41.820195], [-7.83099, 41.829253], [-7.840454, 41.836066], [-7.85243, 41.839842]], [[-7.86456, 41.834952], [-7.852524, 41.834566], [-7.842104, 41.829366], [-7.834648, 41.820284], [-7.834069, 41.811271], [-7.83987, 41.802323], [-7.857945, 41.793498], [-7.865318, 41.792028], [-7.877352, 41.792139], [-7.889293, 41.797563], [-7.894155, 41.802859], [-7.892203, 41.820853], [-7.888814, 41.825286], [-7.876634, 41.833221], [-7.86456, 41.834952]]], [[[-8.283188, 41.751903], [-8.286988, 41.753248], [-8.289021, 41.75194], [-8.287059, 41.746853], [-8.283188, 41.751903]]], [[[-8.203362, 41.707002], [-8.215376, 41.707499], [-8.218064, 41.706444], [-8.22674, 41.697495], [-8.223461, 41.688466], [-8.215663, 41.683831], [-8.203648, 41.683854], [-8.196598, 41.688282], [-8.193321, 41.697266], [-8.203362, 41.707002]], [[-8.20321, 41.697335], [-8.203488, 41.696803], [-8.208153, 41.697369], [-8.203478, 41.697607], [-8.20321, 41.697335]]], [[[-8.107167, 41.709782], [-8.11916, 41.711761], [-8.13525, 41.696843], [-8.131451, 41.691641], [-8.119498, 41.68696], [-8.107397, 41.693128], [-8.103351, 41.696599], [-8.10337, 41.705606], [-8.107167, 41.709782]], [[-8.11117, 41.705667], [-8.106893, 41.696626], [-8.119434, 41.6917], [-8.12745, 41.696784], [-8.119212, 41.707971], [-8.11117, 41.705667]]], [[[-8.084356, 41.623105], [-8.096412, 41.619349], [-8.098932, 41.615501], [-8.09654, 41.610154], [-8.084587, 41.606721], [-8.076747, 41.615325], [-8.084356, 41.623105]]], [[[-8.5167, 41.596421], [-8.528702, 41.596049], [-8.540288, 41.591091], [-8.547632, 41.582113], [-8.548351, 41.573109], [-8.540945, 41.561707], [-8.528997, 41.555416], [-8.517015, 41.554207], [-8.504999, 41.557364], [-8.496352, 41.563885], [-8.491893, 41.572873], [-8.493561, 41.581888], [-8.502206, 41.590933], [-8.5167, 41.596421]], [[-8.515662, 41.59099], [-8.504777, 41.586539], [-8.500077, 41.581916], [-8.498446, 41.572902], [-8.504954, 41.563373], [-8.516977, 41.559285], [-8.528956, 41.561068], [-8.534047, 41.564044], [-8.540522, 41.573077], [-8.538833, 41.582078], [-8.528748, 41.589802], [-8.515662, 41.59099]]], [[[-8.086788, 41.544001], [-8.097406, 41.548009], [-8.109395, 41.548109], [-8.121444, 41.543746], [-8.130058, 41.534676], [-8.131033, 41.525676], [-8.124652, 41.51662], [-8.109903, 41.511029], [-8.097927, 41.510514], [-8.0906, 41.512552], [-8.090594, 41.522057], [-8.097851, 41.516025], [-8.109836, 41.515932], [-8.121868, 41.525606], [-8.118977, 41.534591], [-8.109507, 41.539955], [-8.101069, 41.539564], [-8.106759, 41.543557], [-8.101666, 41.542655], [-8.094175, 41.544904], [-8.087885, 41.542876], [-8.086788, 41.544001]]], [[[-8.673224, 41.490418], [-8.686217, 41.483493], [-8.687831, 41.47449], [-8.67891, 41.465458], [-8.67336, 41.463315], [-8.661382, 41.463961], [-8.65024, 41.474382], [-8.652742, 41.483397], [-8.661251, 41.489172], [-8.673224, 41.490418]]], [[[-8.353895, 41.374017], [-8.362841, 41.379442], [-8.370036, 41.374106], [-8.362958, 41.36746], [-8.353895, 41.374017]]]]}}, {"id": "23", "type": "Feature", "properties": {"fill": "#1f4099", "value_min": 3.67, "value_max": 4.0}, "geometry": {"type": "MultiPolygon", "coordinates": [[[[-7.948463, 41.859468], [-7.961501, 41.857528], [-7.972784, 41.845373], [-7.97289, 41.838764], [-7.964445, 41.830534], [-7.961003, 41.829075], [-7.936325, 41.830277], [-7.933696, 41.83926], [-7.933499, 41.848264], [-7.936523, 41.852924], [-7.942335, 41.857353], [-7.948463, 41.859468]]], [[[-8.349636, 41.504308], [-8.362075, 41.500167], [-8.364307, 41.482165], [-8.361923, 41.473263], [-8.34999, 41.468979], [-8.338033, 41.467137], [-8.326029, 41.469866], [-8.314283, 41.481877], [-8.315653, 41.490893], [-8.325689, 41.502695], [-8.337639, 41.505804], [-8.349636, 41.504308]]]]}}, {"id": "0", "type": "Feature", "properties": {"fill": "#881d1d", "value_min": -4.0, "value_max": -3.67}, "geometry": {"type": "MultiPolygon", "coordinates": [[[[-7.86456, 41.834952], [-7.876634, 41.833221], [-7.888814, 41.825286], [-7.892203, 41.820853], [-7.894155, 41.802859], [-7.889293, 41.797563], [-7.877352, 41.792139], [-7.865318, 41.792028], [-7.857945, 41.793498], [-7.83987, 41.802323], [-7.834069, 41.811271], [-7.834648, 41.820284], [-7.842104, 41.829366], [-7.852524, 41.834566], [-7.86456, 41.834952]]], [[[-8.11117, 41.705667], [-8.119212, 41.707971], [-8.12745, 41.696784], [-8.119434, 41.6917], [-8.106893, 41.696626], [-8.11117, 41.705667]]], [[[-8.20321, 41.697335], [-8.203478, 41.697607], [-8.208153, 41.697369], [-8.203488, 41.696803], [-8.20321, 41.697335]]], [[[-8.515662, 41.59099], [-8.528748, 41.589802], [-8.538833, 41.582078], [-8.540522, 41.573077], [-8.534047, 41.564044], [-8.528956, 41.561068], [-8.516977, 41.559285], [-8.504954, 41.563373], [-8.498446, 41.572902], [-8.500077, 41.581916], [-8.504777, 41.586539], [-8.515662, 41.59099]]], [[[-8.101069, 41.539564], [-8.109507, 41.539955], [-8.118977, 41.534591], [-8.121868, 41.525606], [-8.109836, 41.515932], [-8.097851, 41.516025], [-8.090594, 41.522057], [-8.093588, 41.52307], [-8.091786, 41.531848], [-8.101069, 41.539564]]]]}}]}