{"type": "FeatureCollection", "features": [{"id": "12", "type": "Feature", "properties": {"fill": "#a3a3a3", "value_min": 0.0, "value_max": 0.33}, "geometry": {"type": "MultiPolygon", "coordinates": [[[[-8.057851, 41.815656], [-8.045614, 41.807884], [-8.034328, 41.804123], [-8.009603, 41.801092], [-7.997556, 41.801758], [-7.925126, 41.814117], [-7.91563, 41.821077], [-7.907839, 41.83001], [-7.890788, 41.858192], [-7.895955, 41.859553], [-7.904461, 41.838984], [-7.912865, 41.827215], [-7.925085, 41.816586], [-7.937182, 41.813134], [-7.973371, 41.808662], [-7.997438, 41.809295], [-8.009433, 41.812175], [-8.021396, 41.817124], [-8.029589, 41.822096], [-8.038074, 41.830046], [-8.041351, 41.828023], [-8.041054, 41.825097], [-8.045268, 41.824425], [-8.047679, 41.821276], [-8.057851, 41.815656]]], [[[-8.082585, 41.74785], [-8.093245, 41.732548], [-8.098057, 41.705564], [-8.102504, 41.696592], [-8.119541, 41.683796], [-8.129917, 41.678789], [-8.131795, 41.669796], [-8.123676, 41.660728], [-8.107959, 41.652464], [-8.096007, 41.648328], [-8.084018, 41.646958], [-8.072005, 41.64729], [-8.059458, 41.651213], [-8.045511, 41.669112], [-8.035529, 41.677472], [-8.014373, 41.686863], [-8.004726, 41.695787], [-8.003237, 41.704781], [-8.007755, 41.713827], [-8.022789, 41.725418], [-8.034596, 41.73989], [-8.04647, 41.750109], [-8.058435, 41.754425], [-8.070473, 41.753715], [-8.082585, 41.74785]], [[-8.058708, 41.735721], [-8.046732, 41.732411], [-8.034815, 41.725279], [-8.022729, 41.713956], [-8.017085, 41.7049], [-8.018796, 41.695908], [-8.028164, 41.686981], [-8.035445, 41.683092], [-8.047608, 41.673083], [-8.059849, 41.657426], [-8.071945, 41.651486], [-8.083972, 41.650232], [-8.095961, 41.6516], [-8.107917, 41.65546], [-8.117019, 41.660677], [-8.12576, 41.66975], [-8.123569, 41.678741], [-8.100054, 41.696573], [-8.093242, 41.705527], [-8.082915, 41.72464], [-8.070766, 41.733455], [-8.058708, 41.735721]]], [[[-8.36104, 41.563082], [-8.382289, 41.554322], [-8.394921, 41.545382], [-8.403846, 41.536421], [-8.416077, 41.518469], [-8.417821, 41.50947], [-8.414232, 41.500445], [-8.409628, 41.495347], [-8.406139, 41.482388], [-8.409877, 41.467979], [-8.42891, 41.446474], [-8.430792, 41.437476], [-8.428639, 41.428458], [-8.421363, 41.419414], [-8.410371, 41.413426], [-8.398429, 41.410827], [-8.326693, 41.40564], [-8.314723, 41.406224], [-8.290701, 41.414871], [-8.254532, 41.436469], [-8.230232, 41.454323], [-8.223877, 41.463288], [-8.229605, 41.472334], [-8.253977, 41.487124], [-8.265605, 41.499592], [-8.268336, 41.508617], [-8.265654, 41.535621], [-8.268461, 41.544647], [-8.277712, 41.553712], [-8.289115, 41.56012], [-8.313031, 41.566658], [-8.33701, 41.5674], [-8.36104, 41.563082]], [[-8.349166, 41.551254], [-8.325177, 41.551979], [-8.313209, 41.549841], [-8.301269, 41.545133], [-8.289376, 41.536346], [-8.283169, 41.526725], [-8.274982, 41.499651], [-8.259947, 41.472533], [-8.258598, 41.463517], [-8.26138, 41.454528], [-8.268548, 41.445566], [-8.290537, 41.429961], [-8.302564, 41.424483], [-8.314567, 41.421083], [-8.338516, 41.419545], [-8.374372, 41.42407], [-8.3863, 41.428249], [-8.398187, 41.437031], [-8.403068, 41.446343], [-8.403389, 41.455352], [-8.398869, 41.482351], [-8.402971, 41.509394], [-8.399648, 41.518384], [-8.393417, 41.527359], [-8.385291, 41.53514], [-8.373225, 41.543228], [-8.361186, 41.548305], [-8.349166, 41.551254]]], [[[-8.071753, 41.491226], [-8.08879, 41.498327], [-8.11002, 41.502527], [-8.133958, 41.504404], [-8.157963, 41.501273], [-8.165692, 41.49891], [-8.180231, 41.490008], [-8.189201, 41.481064], [-8.193577, 41.472087], [-8.193346, 41.463078], [-8.186521, 41.454023], [-8.159888, 41.435816], [-8.146926, 41.429249], [-8.123099, 41.421143], [-8.099194, 41.419054], [-8.087207, 41.420561], [-8.072137, 41.426135], [-8.063111, 41.431894], [-8.057445, 41.437939], [-8.061033, 41.438872], [-8.064916, 41.444052], [-8.067908, 41.444279], [-8.069999, 41.447206], [-8.068497, 41.453282], [-8.070289, 41.45711], [-8.068788, 41.462286], [-8.070477, 41.462962], [-8.075823, 41.453187], [-8.086873, 41.444382], [-8.098909, 41.439636], [-8.1109, 41.438105], [-8.12286, 41.438846], [-8.140869, 41.444683], [-8.154997, 41.453795], [-8.162172, 41.462855], [-8.164887, 41.471882], [-8.163606, 41.48088], [-8.157326, 41.489842], [-8.142209, 41.498738], [-8.122018, 41.501316], [-8.10105, 41.498423], [-8.080409, 41.489253], [-8.072694, 41.480183], [-8.071225, 41.476018], [-8.066374, 41.482318], [-8.066069, 41.488107], [-8.066133, 41.48817], [-8.068462, 41.489746], [-8.068463, 41.489747], [-8.071755, 41.489974], [-8.071753, 41.491226]]], [[[-8.808748, 41.37414], [-8.781423, 41.376461], [-8.75751, 41.375188], [-8.733612, 41.370517], [-8.709743, 41.360253], [-8.63012, 41.303175], [-8.621731, 41.29414], [-8.61706, 41.285117], [-8.615957, 41.276105], [-8.617902, 41.267104], [-8.623199, 41.258113], [-8.638645, 41.245003], [-8.650604, 41.240431], [-8.66255, 41.238119], [-8.711046, 41.231344], [-8.739415, 41.222404], [-8.782, 41.203388], [-8.801762, 41.196722], [-8.799695, 41.14406], [-8.78419, 41.144407], [-8.762882, 41.186423], [-8.747457, 41.204406], [-8.736076, 41.213388], [-8.718684, 41.222355], [-8.698398, 41.227741], [-8.674527, 41.229395], [-8.638748, 41.226393], [-8.62681, 41.227574], [-8.614842, 41.233715], [-8.599465, 41.249026], [-8.587289, 41.266998], [-8.586284, 41.276002], [-8.590599, 41.285026], [-8.598937, 41.294063], [-8.662073, 41.330634], [-8.709701, 41.369688], [-8.721628, 41.376867], [-8.733564, 41.382343], [-8.757457, 41.389456], [-8.781366, 41.393488], [-8.80961, 41.395984], [-8.808748, 41.37414]]]]}}, {"id": "11", "type": "Feature", "properties": {"fill": "#a3a3a3", "value_min": -0.33, "value_max": 0.0}, "geometry": {"type": "MultiPolygon", "coordinates": [[[[-8.14155, 41.813203], [-8.128933, 41.759844], [-8.125153, 41.750809], [-8.106992, 41.722445], [-8.102306, 41.705598], [-8.104955, 41.696611], [-8.119499, 41.686929], [-8.145205, 41.678904], [-8.145927, 41.669902], [-8.131825, 41.660789], [-8.10801, 41.64879], [-8.096053, 41.645019], [-8.072066, 41.643059], [-8.060051, 41.643527], [-8.049405, 41.65113], [-8.046082, 41.66011], [-8.035603, 41.672549], [-8.023518, 41.677252], [-7.999446, 41.680116], [-7.987354, 41.685092], [-7.981912, 41.695587], [-7.9814, 41.70459], [-7.985946, 41.731651], [-7.990425, 41.740697], [-8.005013, 41.758838], [-8.009503, 41.767884], [-8.00959, 41.776891], [-8.003933, 41.785849], [-7.990346, 41.794738], [-7.969344, 41.803558], [-7.925172, 41.811365], [-7.912984, 41.820203], [-7.886132, 41.855707], [-7.888076, 41.855486], [-7.890788, 41.858192], [-7.907839, 41.83001], [-7.91563, 41.821077], [-7.925126, 41.814117], [-7.997556, 41.801758], [-8.009603, 41.801092], [-8.034328, 41.804123], [-8.045614, 41.807884], [-8.057851, 41.815656], [-8.06664, 41.817012], [-8.072961, 41.813414], [-8.078678, 41.813417], [-8.082892, 41.810493], [-8.091013, 41.812521], [-8.093421, 41.811397], [-8.093723, 41.808471], [-8.101845, 41.809824], [-8.104853, 41.81185], [-8.115984, 41.812302], [-8.123807, 41.808702], [-8.138247, 41.808477], [-8.139751, 41.813203], [-8.14155, 41.813203]], [[-8.082585, 41.74785], [-8.070473, 41.753715], [-8.058435, 41.754425], [-8.04647, 41.750109], [-8.034596, 41.73989], [-8.022789, 41.725418], [-8.007755, 41.713827], [-8.003237, 41.704781], [-8.004726, 41.695787], [-8.014373, 41.686863], [-8.035529, 41.677472], [-8.045511, 41.669112], [-8.059458, 41.651213], [-8.072005, 41.64729], [-8.084018, 41.646958], [-8.096007, 41.648328], [-8.107959, 41.652464], [-8.123676, 41.660728], [-8.131795, 41.669796], [-8.129917, 41.678789], [-8.119541, 41.683796], [-8.102504, 41.696592], [-8.098057, 41.705564], [-8.093245, 41.732548], [-8.082585, 41.74785]]], [[[-8.215533, 41.694571], [-8.203543, 41.692374], [-8.200723, 41.697317], [-8.20345, 41.699901], [-8.215482, 41.698784], [-8.215533, 41.694571]]], [[[-8.080727, 41.500642], [-8.130749, 41.507659], [-8.175475, 41.516996], [-8.191339, 41.526116], [-8.228435, 41.5624], [-8.241004, 41.57221], [-8.255153, 41.58059], [-8.276805, 41.588616], [-8.300766, 41.591772], [-8.324771, 41.590969], [-8.360821, 41.58536], [-8.384882, 41.578325], [-8.398267, 41.572421], [-8.41312, 41.56349], [-8.424165, 41.554539], [-8.445254, 41.532356], [-8.457304, 41.524862], [-8.469305, 41.522973], [-8.481289, 41.523206], [-8.494572, 41.518841], [-8.499438, 41.509855], [-8.493729, 41.482807], [-8.499847, 41.428789], [-8.492305, 41.365703], [-8.495448, 41.347702], [-8.500013, 41.338714], [-8.508668, 41.329744], [-8.518724, 41.323325], [-8.542683, 41.314529], [-8.558029, 41.311928], [-8.57855, 41.310713], [-8.602431, 41.312689], [-8.626295, 41.317977], [-8.638218, 41.322391], [-8.650137, 41.327932], [-8.667589, 41.33932], [-8.678145, 41.348358], [-8.709635, 41.384457], [-8.721559, 41.393061], [-8.745438, 41.404254], [-8.807461, 41.425789], [-8.811166, 41.417099], [-8.80961, 41.395984], [-8.781366, 41.393488], [-8.757457, 41.389456], [-8.733564, 41.382343], [-8.721628, 41.376867], [-8.709701, 41.369688], [-8.662073, 41.330634], [-8.598937, 41.294063], [-8.590599, 41.285026], [-8.586284, 41.276002], [-8.587289, 41.266998], [-8.599465, 41.249026], [-8.614842, 41.233715], [-8.62681, 41.227574], [-8.638748, 41.226393], [-8.674527, 41.229395], [-8.698398, 41.227741], [-8.718684, 41.222355], [-8.736076, 41.213388], [-8.747457, 41.204406], [-8.762882, 41.186423], [-8.78419, 41.144407], [-8.67527, 41.147484], [-8.676193, 41.146567], [-8.674793, 41.146932], [-8.674204, 41.147693], [-8.674222, 41.149945], [-8.686844, 41.148583], [-8.698754, 41.150023], [-8.710656, 41.153711], [-8.722541, 41.161544], [-8.728358, 41.168331], [-8.732864, 41.177349], [-8.734111, 41.18636], [-8.732398, 41.195364], [-8.727377, 41.20436], [-8.717166, 41.213343], [-8.710379, 41.216626], [-8.698431, 41.220564], [-8.686494, 41.221907], [-8.674571, 41.220522], [-8.655361, 41.213175], [-8.645236, 41.204136], [-8.641052, 41.196015], [-8.634946, 41.193341], [-8.632526, 41.188624], [-8.625658, 41.186628], [-8.621132, 41.178994], [-8.613374, 41.177451], [-8.608583, 41.174095], [-8.609164, 41.172066], [-8.604942, 41.164881], [-8.59422, 41.165149], [-8.589174, 41.167645], [-8.589194, 41.170572], [-8.583263, 41.174422], [-8.582094, 41.177803], [-8.578825, 41.178941], [-8.581296, 41.191762], [-8.575958, 41.195609], [-8.577183, 41.200557], [-8.57423, 41.20462], [-8.567971, 41.204644], [-8.565895, 41.206227], [-8.567697, 41.208246], [-8.566512, 41.209376], [-8.559636, 41.206251], [-8.554271, 41.20627], [-8.549521, 41.209214], [-8.544157, 41.209458], [-8.54238, 41.211265], [-8.532257, 41.213102], [-8.52713, 41.203215], [-8.523236, 41.200077], [-8.51163, 41.203042], [-8.510456, 41.206197], [-8.505693, 41.207113], [-8.504239, 41.213646], [-8.500076, 41.21546], [-8.50308, 41.219502], [-8.502204, 41.222656], [-8.495642, 41.222227], [-8.495947, 41.223351], [-8.490894, 41.226294], [-8.487935, 41.230354], [-8.490331, 41.232373], [-8.489156, 41.235528], [-8.486181, 41.236888], [-8.484411, 41.240495], [-8.476346, 41.237818], [-8.475756, 41.23917], [-8.470986, 41.23941], [-8.471604, 41.243459], [-8.469227, 41.245267], [-8.463258, 41.244384], [-8.459989, 41.246644], [-8.454323, 41.246886], [-8.455541, 41.251834], [-8.452276, 41.25522], [-8.449891, 41.255452], [-8.449304, 41.257479], [-8.447812, 41.257258], [-8.449028, 41.261982], [-8.439785, 41.262907], [-8.438023, 41.268989], [-8.434745, 41.269673], [-8.432691, 41.277107], [-8.427032, 41.279372], [-8.429143, 41.284319], [-8.426171, 41.287028], [-8.426488, 41.291079], [-8.425013, 41.294909], [-8.422037, 41.296942], [-8.422647, 41.299867], [-8.407744, 41.304856], [-8.406262, 41.307335], [-8.402979, 41.307568], [-8.401801, 41.311398], [-8.399712, 41.311628], [-8.400316, 41.313202], [-8.396738, 41.314336], [-8.398835, 41.316131], [-8.393775, 41.31997], [-8.393489, 41.323122], [-8.391105, 41.324253], [-8.386325, 41.323588], [-8.380382, 41.331254], [-8.375305, 41.33104], [-8.37201, 41.328346], [-8.361563, 41.329718], [-8.358276, 41.329049], [-8.357673, 41.327249], [-8.349391, 41.327941], [-8.3752, 41.337674], [-8.389198, 41.347187], [-8.395576, 41.356228], [-8.397462, 41.365246], [-8.395597, 41.374243], [-8.388822, 41.383215], [-8.374695, 41.390462], [-8.358605, 41.392058], [-8.350769, 41.390784], [-8.332969, 41.382905], [-8.326985, 41.377365], [-8.315054, 41.374723], [-8.303018, 41.381986], [-8.283925, 41.400625], [-8.266787, 41.41331], [-8.254742, 41.420282], [-8.230705, 41.429092], [-8.218713, 41.431083], [-8.206745, 41.431032], [-8.182886, 41.424825], [-8.152606, 41.408741], [-8.117877, 41.384884], [-8.117578, 41.386447], [-8.113992, 41.386896], [-8.112795, 41.390723], [-8.110105, 41.390947], [-8.108011, 41.393648], [-8.103827, 41.392972], [-8.105321, 41.394998], [-8.10263, 41.396123], [-8.10801, 41.398825], [-8.108606, 41.403102], [-8.104419, 41.406252], [-8.104119, 41.408728], [-8.101727, 41.409403], [-8.102025, 41.411204], [-8.092756, 41.411201], [-8.09126, 41.414352], [-8.079893, 41.41975], [-8.077503, 41.416597], [-8.070923, 41.41862], [-8.066739, 41.416142], [-8.061654, 41.417489], [-8.059852, 41.424916], [-8.055959, 41.429415], [-8.057445, 41.437939], [-8.063111, 41.431894], [-8.072137, 41.426135], [-8.087207, 41.420561], [-8.099194, 41.419054], [-8.123099, 41.421143], [-8.146926, 41.429249], [-8.159888, 41.435816], [-8.186521, 41.454023], [-8.193346, 41.463078], [-8.193577, 41.472087], [-8.189201, 41.481064], [-8.180231, 41.490008], [-8.165692, 41.49891], [-8.157963, 41.501273], [-8.133958, 41.504404], [-8.11002, 41.502527], [-8.08879, 41.498327], [-8.071753, 41.491226], [-8.07175, 41.494925], [-8.078332, 41.500283], [-8.078652, 41.500331], [-8.07923, 41.500418], [-8.080156, 41.500557], [-8.080727, 41.500642]], [[-8.36104, 41.563082], [-8.33701, 41.5674], [-8.313031, 41.566658], [-8.289115, 41.56012], [-8.277712, 41.553712], [-8.268461, 41.544647], [-8.265654, 41.535621], [-8.268336, 41.508617], [-8.265605, 41.499592], [-8.253977, 41.487124], [-8.229605, 41.472334], [-8.223877, 41.463288], [-8.230232, 41.454323], [-8.254532, 41.436469], [-8.290701, 41.414871], [-8.314723, 41.406224], [-8.326693, 41.40564], [-8.398429, 41.410827], [-8.410371, 41.413426], [-8.421363, 41.419414], [-8.428639, 41.428458], [-8.430792, 41.437476], [-8.42891, 41.446474], [-8.409877, 41.467979], [-8.406139, 41.482388], [-8.409628, 41.495347], [-8.414232, 41.500445], [-8.417821, 41.50947], [-8.416077, 41.518469], [-8.403846, 41.536421], [-8.394921, 41.545382], [-8.382289, 41.554322], [-8.36104, 41.563082]], [[-8.238747, 41.508424], [-8.241776, 41.506186], [-8.24517, 41.508467], [-8.241722, 41.510837], [-8.238747, 41.508424]], [[-8.421675, 41.487866], [-8.418462, 41.482451], [-8.421783, 41.475758], [-8.433763, 41.475338], [-8.440123, 41.482559], [-8.433649, 41.48849], [-8.421675, 41.487866]]], [[[-8.068463, 41.489747], [-8.068463, 41.489747], [-8.068462, 41.489746], [-8.068463, 41.489747]]], [[[-8.066133, 41.48817], [-8.066133, 41.48817], [-8.066069, 41.488107], [-8.066133, 41.48817]]]]}}, {"id": "13", "type": "Feature", "properties": {"fill": "#a3a3a3", "value_min": 0.33, "value_max": 0.67}, "geometry": {"type": "MultiPolygon", "coordinates": [[[[-8.038074, 41.830046], [-8.029589, 41.822096], [-8.021396, 41.817124], [-8.009433, 41.812175], [-7.997438, 41.809295], [-7.973371, 41.808662], [-7.937182, 41.813134], [-7.925085, 41.816586], [-7.912865, 41.827215], [-7.904461, 41.838984], [-7.895955, 41.859553], [-7.901243, 41.861589], [-7.903366, 41.847981], [-7.9132, 41.830061], [-7.925043, 41.819056], [-7.937156, 41.81471], [-7.961275, 41.812256], [-7.985343, 41.812861], [-7.99734, 41.815583], [-8.009294, 41.821152], [-8.021255, 41.831157], [-8.030816, 41.82959], [-8.037134, 41.831171], [-8.038074, 41.830046]]], [[[-8.058708, 41.735721], [-8.070766, 41.733455], [-8.082915, 41.72464], [-8.093242, 41.705527], [-8.100054, 41.696573], [-8.123569, 41.678741], [-8.12576, 41.66975], [-8.117019, 41.660677], [-8.107917, 41.65546], [-8.095961, 41.6516], [-8.083972, 41.650232], [-8.071945, 41.651486], [-8.059849, 41.657426], [-8.047608, 41.673083], [-8.035445, 41.683092], [-8.028164, 41.686981], [-8.018796, 41.695908], [-8.017085, 41.7049], [-8.022729, 41.713956], [-8.034815, 41.725279], [-8.046732, 41.732411], [-8.058708, 41.735721]], [[-8.046844, 41.724844], [-8.03081, 41.714024], [-8.026193, 41.704978], [-8.02831, 41.695989], [-8.047511, 41.67965], [-8.06309, 41.66025], [-8.071894, 41.654994], [-8.083933, 41.652971], [-8.095929, 41.653955], [-8.107876, 41.658455], [-8.119751, 41.669705], [-8.11871, 41.678704], [-8.097602, 41.696554], [-8.095281, 41.700234], [-8.087283, 41.705479], [-8.083098, 41.711825], [-8.070918, 41.722852], [-8.058839, 41.726735], [-8.046844, 41.724844]]], [[[-8.349166, 41.551254], [-8.361186, 41.548305], [-8.373225, 41.543228], [-8.385291, 41.53514], [-8.393417, 41.527359], [-8.399648, 41.518384], [-8.402971, 41.509394], [-8.398869, 41.482351], [-8.403389, 41.455352], [-8.403068, 41.446343], [-8.398187, 41.437031], [-8.3863, 41.428249], [-8.374372, 41.42407], [-8.338516, 41.419545], [-8.314567, 41.421083], [-8.302564, 41.424483], [-8.290537, 41.429961], [-8.268548, 41.445566], [-8.26138, 41.454528], [-8.258598, 41.463517], [-8.259947, 41.472533], [-8.274982, 41.499651], [-8.283169, 41.526725], [-8.289376, 41.536346], [-8.301269, 41.545133], [-8.313209, 41.549841], [-8.325177, 41.551979], [-8.349166, 41.551254]], [[-8.349268, 41.541129], [-8.337268, 41.542159], [-8.325289, 41.541249], [-8.313335, 41.537919], [-8.301417, 41.531372], [-8.289594, 41.516365], [-8.275252, 41.481638], [-8.273111, 41.472617], [-8.273872, 41.463615], [-8.278451, 41.454636], [-8.286675, 41.44568], [-8.302439, 41.436121], [-8.314455, 41.431746], [-8.326445, 41.429634], [-8.35038, 41.429885], [-8.362327, 41.432026], [-8.374254, 41.436391], [-8.386141, 41.445169], [-8.391929, 41.455292], [-8.395016, 41.500345], [-8.393559, 41.509345], [-8.385414, 41.522096], [-8.373332, 41.532187], [-8.361289, 41.53782], [-8.349268, 41.541129]]], [[[-8.071225, 41.476018], [-8.072694, 41.480183], [-8.080409, 41.489253], [-8.10105, 41.498423], [-8.122018, 41.501316], [-8.142209, 41.498738], [-8.157326, 41.489842], [-8.163606, 41.48088], [-8.164887, 41.471882], [-8.162172, 41.462855], [-8.154997, 41.453795], [-8.140869, 41.444683], [-8.12286, 41.438846], [-8.1109, 41.438105], [-8.098909, 41.439636], [-8.086873, 41.444382], [-8.075823, 41.453187], [-8.070477, 41.462962], [-8.073872, 41.46499], [-8.074468, 41.468141], [-8.074164, 41.473543], [-8.071225, 41.476018]], [[-8.119834, 41.498569], [-8.110084, 41.497816], [-8.098159, 41.493775], [-8.089488, 41.489325], [-8.082582, 41.480263], [-8.081672, 41.471248], [-8.086632, 41.461577], [-8.098722, 41.453179], [-8.110736, 41.450117], [-8.122702, 41.450573], [-8.134624, 41.454405], [-8.145985, 41.462736], [-8.151318, 41.471783], [-8.151461, 41.480792], [-8.145686, 41.489756], [-8.134067, 41.496206], [-8.119834, 41.498569]]], [[[-8.801762, 41.196722], [-8.782, 41.203388], [-8.739415, 41.222404], [-8.711046, 41.231344], [-8.66255, 41.238119], [-8.650604, 41.240431], [-8.638645, 41.245003], [-8.623199, 41.258113], [-8.617902, 41.267104], [-8.615957, 41.276105], [-8.61706, 41.285117], [-8.621731, 41.29414], [-8.63012, 41.303175], [-8.709743, 41.360253], [-8.733612, 41.370517], [-8.75751, 41.375188], [-8.781423, 41.376461], [-8.808748, 41.37414], [-8.808049, 41.35644], [-8.781468, 41.363049], [-8.75755, 41.364436], [-8.733648, 41.361644], [-8.709773, 41.353437], [-8.685933, 41.33899], [-8.650369, 41.312246], [-8.640909, 41.303209], [-8.634618, 41.294181], [-8.631503, 41.285164], [-8.631677, 41.276157], [-8.638547, 41.26282], [-8.650542, 41.25217], [-8.662506, 41.246689], [-8.770002, 41.223524], [-8.79387, 41.221409], [-8.802752, 41.221912], [-8.801762, 41.196722]]]]}}, {"id": "19", "type": "Feature", "properties": {"fill": "#4182f2", "value_min": 2.33, "value_max": 2.67}, "geometry": {"type": "MultiPolygon", "coordinates": [[[[-7.963688, 41.874301], [-7.972355, 41.872206], [-7.981505, 41.866714], [-7.989662, 41.857779], [-7.992585, 41.848798], [-7.991521, 41.839782], [-7.985064, 41.830718], [-7.973138, 41.823232], [-7.961149, 41.820059], [-7.949112, 41.8198], [-7.937026, 41.822565], [-7.924859, 41.830073], [-7.918919, 41.839121], [-7.917564, 41.848115], [-7.919977, 41.857145], [-7.927541, 41.866222], [-7.939504, 41.872879], [-7.941618, 41.870891], [-7.94624, 41.871124], [-7.93627, 41.868214], [-7.924381, 41.85863], [-7.920035, 41.848139], [-7.921024, 41.839141], [-7.927178, 41.830192], [-7.937, 41.824108], [-7.94909, 41.821128], [-7.961123, 41.821651], [-7.973103, 41.825428], [-7.98148, 41.830687], [-7.987324, 41.839745], [-7.988155, 41.848759], [-7.984167, 41.857731], [-7.973939, 41.866646], [-7.960316, 41.871524], [-7.951854, 41.871657], [-7.956367, 41.87339], [-7.956362, 41.875107], [-7.958169, 41.875118], [-7.959976, 41.875128], [-7.961783, 41.874761], [-7.963688, 41.874301]]], [[[-8.106789, 41.678612], [-8.104244, 41.669585], [-8.095784, 41.664291], [-8.083778, 41.663859], [-8.073449, 41.669341], [-8.068282, 41.678306], [-8.072621, 41.687348], [-8.083366, 41.692925], [-8.095412, 41.690833], [-8.106789, 41.678612]], [[-8.083391, 41.691193], [-8.076037, 41.687376], [-8.071304, 41.67833], [-8.076708, 41.669367], [-8.083753, 41.665628], [-8.09576, 41.665996], [-8.101459, 41.669563], [-8.104548, 41.678594], [-8.095432, 41.689434], [-8.083391, 41.691193]]], [[[-8.372196, 41.500223], [-8.375525, 41.491234], [-8.375419, 41.482226], [-8.372201, 41.473201], [-8.362032, 41.462178], [-8.350108, 41.457143], [-8.338145, 41.456061], [-8.326153, 41.457906], [-8.314114, 41.464081], [-8.306108, 41.472821], [-8.303286, 41.481811], [-8.303858, 41.490822], [-8.30772, 41.499853], [-8.313666, 41.506628], [-8.325571, 41.514016], [-8.337531, 41.516424], [-8.349523, 41.515604], [-8.361555, 41.51081], [-8.372196, 41.500223]], [[-8.337561, 41.513467], [-8.325608, 41.510496], [-8.313715, 41.501977], [-8.307397, 41.490844], [-8.306969, 41.481834], [-8.31406, 41.469235], [-8.326114, 41.461648], [-8.338113, 41.459231], [-8.350075, 41.460448], [-8.361993, 41.466176], [-8.368626, 41.473181], [-8.37241, 41.482209], [-8.372475, 41.491217], [-8.368669, 41.500204], [-8.361591, 41.507116], [-8.349554, 41.512535], [-8.337561, 41.513467]]], [[[-8.757684, 41.328191], [-8.768659, 41.321552], [-8.77736, 41.312561], [-8.781616, 41.303562], [-8.783134, 41.294557], [-8.781548, 41.285546], [-8.777009, 41.27653], [-8.767443, 41.267503], [-8.757928, 41.262303], [-8.746005, 41.258391], [-8.72214, 41.256291], [-8.698248, 41.260289], [-8.682833, 41.267301], [-8.672979, 41.276281], [-8.668425, 41.285276], [-8.667809, 41.294282], [-8.67065, 41.303298], [-8.677094, 41.312324], [-8.686024, 41.320182], [-8.697939, 41.327313], [-8.709869, 41.331723], [-8.72181, 41.334027], [-8.73376, 41.334249], [-8.745718, 41.332409], [-8.757684, 41.328191]], [[-8.745738, 41.327397], [-8.733777, 41.330014], [-8.721826, 41.330274], [-8.709884, 41.328386], [-8.697954, 41.324047], [-8.681538, 41.312336], [-8.675169, 41.303311], [-8.672532, 41.294296], [-8.673668, 41.285291], [-8.678908, 41.276298], [-8.691012, 41.267323], [-8.710182, 41.261115], [-8.734059, 41.260748], [-8.745986, 41.263436], [-8.755521, 41.267478], [-8.767181, 41.27651], [-8.772779, 41.285529], [-8.774642, 41.294541], [-8.773167, 41.303546], [-8.768135, 41.312543], [-8.758176, 41.321531], [-8.745738, 41.327397]]]]}}, {"id": "20", "type": "Feature", "properties": {"fill": "#2e6eed", "value_min": 2.67, "value_max": 3.0}, "geometry": {"type": "MultiPolygon", "coordinates": [[[[-7.951854, 41.871657], [-7.960316, 41.871524], [-7.973939, 41.866646], [-7.984167, 41.857731], [-7.988155, 41.848759], [-7.987324, 41.839745], [-7.98148, 41.830687], [-7.973103, 41.825428], [-7.961123, 41.821651], [-7.94909, 41.821128], [-7.937, 41.824108], [-7.927178, 41.830192], [-7.921024, 41.839141], [-7.920035, 41.848139], [-7.924381, 41.85863], [-7.93627, 41.868214], [-7.94624, 41.871124], [-7.951854, 41.871657]], [[-7.948317, 41.86837], [-7.936326, 41.864816], [-7.927014, 41.857211], [-7.922505, 41.848162], [-7.92313, 41.839161], [-7.929609, 41.830215], [-7.936975, 41.825652], [-7.949055, 41.823291], [-7.961087, 41.823863], [-7.973068, 41.827623], [-7.977897, 41.830655], [-7.983419, 41.83971], [-7.983894, 41.848721], [-7.979355, 41.857688], [-7.972497, 41.863361], [-7.960374, 41.867919], [-7.948317, 41.86837]]], [[[-8.083391, 41.691193], [-8.095432, 41.689434], [-8.104548, 41.678594], [-8.101459, 41.669563], [-8.09576, 41.665996], [-8.083753, 41.665628], [-8.076708, 41.669367], [-8.071304, 41.67833], [-8.076037, 41.687376], [-8.083391, 41.691193]], [[-8.083415, 41.68946], [-8.079452, 41.687403], [-8.074369, 41.678355], [-8.079965, 41.669393], [-8.083728, 41.667396], [-8.095736, 41.667701], [-8.098676, 41.669541], [-8.102307, 41.678577], [-8.095452, 41.688033], [-8.083415, 41.68946]]], [[[-8.337561, 41.513467], [-8.349554, 41.512535], [-8.361591, 41.507116], [-8.368669, 41.500204], [-8.372475, 41.491217], [-8.37241, 41.482209], [-8.368626, 41.473181], [-8.361993, 41.466176], [-8.350075, 41.460448], [-8.338113, 41.459231], [-8.326114, 41.461648], [-8.31406, 41.469235], [-8.306969, 41.481834], [-8.307397, 41.490844], [-8.313715, 41.501977], [-8.325608, 41.510496], [-8.337561, 41.513467]], [[-8.337591, 41.510509], [-8.325642, 41.507218], [-8.316015, 41.499903], [-8.310937, 41.490865], [-8.310653, 41.481856], [-8.315374, 41.472877], [-8.326077, 41.465229], [-8.338081, 41.462401], [-8.350042, 41.463752], [-8.361956, 41.469895], [-8.369631, 41.482194], [-8.369716, 41.491202], [-8.361625, 41.503617], [-8.349585, 41.509467], [-8.337591, 41.510509]]], [[[-8.745738, 41.327397], [-8.758176, 41.321531], [-8.768135, 41.312543], [-8.773167, 41.303546], [-8.774642, 41.294541], [-8.772779, 41.285529], [-8.767181, 41.27651], [-8.755521, 41.267478], [-8.745986, 41.263436], [-8.734059, 41.260748], [-8.710182, 41.261115], [-8.691012, 41.267323], [-8.678908, 41.276298], [-8.673668, 41.285291], [-8.672532, 41.294296], [-8.675169, 41.303311], [-8.681538, 41.312336], [-8.697954, 41.324047], [-8.709884, 41.328386], [-8.721826, 41.330274], [-8.733777, 41.330014], [-8.745738, 41.327397]], [[-8.733794, 41.326014], [-8.721841, 41.326844], [-8.709898, 41.325188], [-8.69797, 41.32074], [-8.685984, 41.312348], [-8.679335, 41.303322], [-8.676947, 41.294308], [-8.678479, 41.285305], [-8.684732, 41.276314], [-8.698213, 41.267969], [-8.710166, 41.264647], [-8.722109, 41.263698], [-8.734042, 41.264875], [-8.745966, 41.268572], [-8.757877, 41.276224], [-8.764832, 41.285513], [-8.766913, 41.294525], [-8.765454, 41.30353], [-8.759881, 41.312526], [-8.747726, 41.321508], [-8.733794, 41.326014]]]]}}, {"id": "18", "type": "Feature", "properties": {"fill": "#5599f7", "value_min": 2.0, "value_max": 2.33}, "geometry": {"type": "MultiPolygon", "coordinates": [[[[-7.985133, 41.870279], [-7.985585, 41.86989], [-7.986178, 41.86938], [-7.986188, 41.869371], [-7.986439, 41.869156], [-7.988602, 41.867293], [-7.990123, 41.860157], [-7.995023, 41.858138], [-7.995246, 41.857754], [-7.994047, 41.855211], [-7.996453, 41.851837], [-7.996463, 41.851788], [-7.996499, 41.851612], [-7.995718, 41.839819], [-7.990167, 41.830763], [-7.974935, 41.821622], [-7.961173, 41.818515], [-7.949134, 41.818474], [-7.937051, 41.821016], [-7.922442, 41.830148], [-7.916813, 41.839102], [-7.915093, 41.848092], [-7.916566, 41.857113], [-7.922047, 41.866171], [-7.934556, 41.875155], [-7.937389, 41.87516], [-7.939504, 41.872879], [-7.927541, 41.866222], [-7.919977, 41.857145], [-7.917564, 41.848115], [-7.918919, 41.839121], [-7.924859, 41.830073], [-7.937026, 41.822565], [-7.949112, 41.8198], [-7.961149, 41.820059], [-7.973138, 41.823232], [-7.985064, 41.830718], [-7.991521, 41.839782], [-7.992585, 41.848798], [-7.989662, 41.857779], [-7.981505, 41.866714], [-7.972355, 41.872206], [-7.963688, 41.874301], [-7.973828, 41.875216], [-7.985133, 41.870279]]], [[[-7.961783, 41.874761], [-7.961783, 41.874761], [-7.959976, 41.875128], [-7.961783, 41.874761]]], [[[-7.958169, 41.875118], [-7.958169, 41.875118], [-7.956362, 41.875107], [-7.958169, 41.875118]]], [[[-8.107578, 41.680038], [-8.109128, 41.67863], [-8.107027, 41.669606], [-8.095808, 41.662586], [-8.083804, 41.662091], [-8.071709, 41.66792], [-8.065259, 41.678281], [-8.068133, 41.687312], [-8.071387, 41.690274], [-8.083341, 41.694658], [-8.095393, 41.692233], [-8.107578, 41.680038]], [[-8.106789, 41.678612], [-8.095412, 41.690833], [-8.083366, 41.692925], [-8.072621, 41.687348], [-8.068282, 41.678306], [-8.073449, 41.669341], [-8.083778, 41.663859], [-8.095784, 41.664291], [-8.104244, 41.669585], [-8.106789, 41.678612]]], [[[-8.361515, 41.514787], [-8.373604, 41.503922], [-8.378813, 41.491252], [-8.378665, 41.482243], [-8.373935, 41.469579], [-8.362074, 41.457839], [-8.350145, 41.453399], [-8.338185, 41.452155], [-8.326194, 41.45395], [-8.314169, 41.458875], [-8.307724, 41.463823], [-8.301337, 41.472792], [-8.298939, 41.481785], [-8.2999, 41.490798], [-8.303568, 41.499828], [-8.313615, 41.511449], [-8.325535, 41.517536], [-8.337495, 41.519905], [-8.34949, 41.518892], [-8.361515, 41.514787]], [[-8.372196, 41.500223], [-8.361555, 41.51081], [-8.349523, 41.515604], [-8.337531, 41.516424], [-8.325571, 41.514016], [-8.313666, 41.506628], [-8.30772, 41.499853], [-8.303858, 41.490822], [-8.303286, 41.481811], [-8.306108, 41.472821], [-8.314114, 41.464081], [-8.326153, 41.457906], [-8.338145, 41.456061], [-8.350108, 41.457143], [-8.362032, 41.462178], [-8.372201, 41.473201], [-8.375419, 41.482226], [-8.375525, 41.491234], [-8.372196, 41.500223]]], [[[-8.769631, 41.329085], [-8.780072, 41.321574], [-8.787778, 41.312581], [-8.791815, 41.303581], [-8.793134, 41.294575], [-8.792057, 41.285566], [-8.78815, 41.276551], [-8.780173, 41.267528], [-8.769872, 41.26069], [-8.757952, 41.255837], [-8.746025, 41.253214], [-8.722157, 41.252406], [-8.698266, 41.256361], [-8.686309, 41.260646], [-8.675106, 41.267279], [-8.666661, 41.276263], [-8.663184, 41.285261], [-8.663086, 41.294268], [-8.666019, 41.303285], [-8.672501, 41.312311], [-8.686006, 41.323849], [-8.709853, 41.335303], [-8.721794, 41.337798], [-8.745698, 41.337509], [-8.757661, 41.334531], [-8.769631, 41.329085]], [[-8.757684, 41.328191], [-8.745718, 41.332409], [-8.73376, 41.334249], [-8.72181, 41.334027], [-8.709869, 41.331723], [-8.697939, 41.327313], [-8.686024, 41.320182], [-8.677094, 41.312324], [-8.67065, 41.303298], [-8.667809, 41.294282], [-8.668425, 41.285276], [-8.672979, 41.276281], [-8.682833, 41.267301], [-8.698248, 41.260289], [-8.72214, 41.256291], [-8.746005, 41.258391], [-8.757928, 41.262303], [-8.767443, 41.267503], [-8.777009, 41.27653], [-8.781548, 41.285546], [-8.783134, 41.294557], [-8.781616, 41.303562], [-8.77736, 41.312561], [-8.768659, 41.321552], [-8.757684, 41.328191]]]]}}, {"id": "21", "type": "Feature", "properties": {"fill": "#245bd9", "value_min": 3.0, "value_max": 3.33}, "geometry": {"type": "MultiPolygon", "coordinates": [[[[-7.948317, 41.86837], [-7.960374, 41.867919], [-7.972497, 41.863361], [-7.979355, 41.857688], [-7.983894, 41.848721], [-7.983419, 41.83971], [-7.977897, 41.830655], [-7.973068, 41.827623], [-7.961087, 41.823863], [-7.949055, 41.823291], [-7.936975, 41.825652], [-7.929609, 41.830215], [-7.92313, 41.839161], [-7.922505, 41.848162], [-7.927014, 41.857211], [-7.936326, 41.864816], [-7.948317, 41.86837]], [[-7.960431, 41.864411], [-7.948374, 41.864867], [-7.936375, 41.861856], [-7.93073, 41.857245], [-7.925498, 41.84819], [-7.926049, 41.839188], [-7.932039, 41.830237], [-7.936949, 41.827195], [-7.949016, 41.825658], [-7.961051, 41.826077], [-7.974314, 41.830623], [-7.979905, 41.839679], [-7.980173, 41.848688], [-7.972562, 41.859283], [-7.960431, 41.864411]]], [[[-8.083415, 41.68946], [-8.095452, 41.688033], [-8.102307, 41.678577], [-8.098676, 41.669541], [-8.095736, 41.667701], [-8.083728, 41.667396], [-8.079965, 41.669393], [-8.074369, 41.678355], [-8.079452, 41.687403], [-8.083415, 41.68946]], [[-8.082867, 41.68743], [-8.077437, 41.67838], [-8.083223, 41.669419], [-8.095712, 41.669406], [-8.100067, 41.678559], [-8.095489, 41.685346], [-8.082867, 41.68743]]], [[[-8.337591, 41.510509], [-8.349585, 41.509467], [-8.361625, 41.503617], [-8.369716, 41.491202], [-8.369631, 41.482194], [-8.361956, 41.469895], [-8.350042, 41.463752], [-8.338081, 41.462401], [-8.326077, 41.465229], [-8.315374, 41.472877], [-8.310653, 41.481856], [-8.310937, 41.490865], [-8.316015, 41.499903], [-8.325642, 41.507218], [-8.337591, 41.510509]], [[-8.337624, 41.50723], [-8.325674, 41.504126], [-8.320149, 41.499927], [-8.31483, 41.490888], [-8.314558, 41.481879], [-8.319953, 41.472904], [-8.326043, 41.468553], [-8.338046, 41.465789], [-8.350011, 41.466873], [-8.361919, 41.473732], [-8.366851, 41.482179], [-8.366956, 41.491187], [-8.361582, 41.500165], [-8.349616, 41.506349], [-8.337624, 41.50723]]], [[[-8.733794, 41.326014], [-8.747726, 41.321508], [-8.759881, 41.312526], [-8.765454, 41.30353], [-8.766913, 41.294525], [-8.764832, 41.285513], [-8.757877, 41.276224], [-8.745966, 41.268572], [-8.734042, 41.264875], [-8.722109, 41.263698], [-8.710166, 41.264647], [-8.698213, 41.267969], [-8.684732, 41.276314], [-8.678479, 41.285305], [-8.676947, 41.294308], [-8.679335, 41.303322], [-8.685984, 41.312348], [-8.69797, 41.32074], [-8.709898, 41.325188], [-8.721841, 41.326844], [-8.733794, 41.326014]], [[-8.721855, 41.323415], [-8.709913, 41.321989], [-8.697986, 41.317251], [-8.690995, 41.312362], [-8.683501, 41.303334], [-8.681194, 41.29432], [-8.683237, 41.285318], [-8.69105, 41.276331], [-8.698195, 41.271963], [-8.71015, 41.268295], [-8.722093, 41.267334], [-8.734025, 41.269097], [-8.749643, 41.276473], [-8.757352, 41.285498], [-8.759924, 41.294511], [-8.758248, 41.303515], [-8.751985, 41.31251], [-8.73551, 41.321481], [-8.721855, 41.323415]]]]}}, {"id": "14", "type": "Feature", "properties": {"fill": "#a3a3a3", "value_min": 0.67, "value_max": 1.0}, "geometry": {"type": "MultiPolygon", "coordinates": [[[[-8.021255, 41.831157], [-8.009294, 41.821152], [-7.99734, 41.815583], [-7.985343, 41.812861], [-7.961275, 41.812256], [-7.937156, 41.81471], [-7.925043, 41.819056], [-7.9132, 41.830061], [-7.903366, 41.847981], [-7.901243, 41.861589], [-7.904318, 41.859795], [-7.906338, 41.864525], [-7.906461, 41.84801], [-7.91551, 41.830083], [-7.925003, 41.821479], [-7.93713, 41.816286], [-7.961248, 41.81388], [-7.985287, 41.816409], [-7.998448, 41.821829], [-8.01215, 41.834136], [-8.013965, 41.828899], [-8.017873, 41.831379], [-8.021255, 41.831157]]], [[[-7.911191, 41.876238], [-7.911191, 41.876238], [-7.911186, 41.876231], [-7.911191, 41.876238]]], [[[-7.91105, 41.876013], [-7.91105, 41.876013], [-7.909989, 41.873983], [-7.91105, 41.876013]]], [[[-7.908035, 41.86948], [-7.906703, 41.866412], [-7.906095, 41.868126], [-7.908035, 41.86948]]], [[[-8.046844, 41.724844], [-8.058839, 41.726735], [-8.070918, 41.722852], [-8.083098, 41.711825], [-8.087283, 41.705479], [-8.095281, 41.700234], [-8.097602, 41.696554], [-8.11871, 41.678704], [-8.119751, 41.669705], [-8.107876, 41.658455], [-8.095929, 41.653955], [-8.083933, 41.652971], [-8.071894, 41.654994], [-8.06309, 41.66025], [-8.047511, 41.67965], [-8.02831, 41.695989], [-8.026193, 41.704978], [-8.03081, 41.714024], [-8.046844, 41.724844]], [[-8.058934, 41.720247], [-8.046927, 41.719213], [-8.038892, 41.714092], [-8.033104, 41.705036], [-8.036505, 41.696058], [-8.047445, 41.687142], [-8.059638, 41.669228], [-8.068839, 41.660296], [-8.083898, 41.655409], [-8.095896, 41.656311], [-8.107835, 41.661444], [-8.116537, 41.66968], [-8.116314, 41.678685], [-8.095334, 41.696433], [-8.079977, 41.705421], [-8.071039, 41.714478], [-8.058934, 41.720247]]], [[[-8.349268, 41.541129], [-8.361289, 41.53782], [-8.373332, 41.532187], [-8.385414, 41.522096], [-8.393559, 41.509345], [-8.395016, 41.500345], [-8.391929, 41.455292], [-8.386141, 41.445169], [-8.374254, 41.436391], [-8.362327, 41.432026], [-8.35038, 41.429885], [-8.326445, 41.429634], [-8.314455, 41.431746], [-8.302439, 41.436121], [-8.286675, 41.44568], [-8.278451, 41.454636], [-8.273872, 41.463615], [-8.273111, 41.472617], [-8.275252, 41.481638], [-8.289594, 41.516365], [-8.301417, 41.531372], [-8.313335, 41.537919], [-8.325289, 41.541249], [-8.337268, 41.542159], [-8.349268, 41.541129]], [[-8.349343, 41.533615], [-8.337346, 41.534498], [-8.325371, 41.533271], [-8.313428, 41.529154], [-8.301532, 41.520717], [-8.29291, 41.50877], [-8.282726, 41.481685], [-8.282276, 41.472675], [-8.284581, 41.463682], [-8.290891, 41.454713], [-8.302336, 41.445764], [-8.314366, 41.440239], [-8.326363, 41.437612], [-8.350302, 41.437706], [-8.362245, 41.44041], [-8.374156, 41.446621], [-8.382541, 41.455242], [-8.386449, 41.46427], [-8.389949, 41.491311], [-8.389312, 41.500315], [-8.385993, 41.509305], [-8.379609, 41.518278], [-8.373414, 41.523658], [-8.361364, 41.530233], [-8.349343, 41.533615]]], [[[-8.119834, 41.498569], [-8.134067, 41.496206], [-8.145686, 41.489756], [-8.151461, 41.480792], [-8.151318, 41.471783], [-8.145985, 41.462736], [-8.134624, 41.454405], [-8.122702, 41.450573], [-8.110736, 41.450117], [-8.098722, 41.453179], [-8.086632, 41.461577], [-8.081672, 41.471248], [-8.082582, 41.480263], [-8.089488, 41.489325], [-8.098159, 41.493775], [-8.110084, 41.497816], [-8.119834, 41.498569]], [[-8.122099, 41.495275], [-8.110128, 41.494656], [-8.098211, 41.490096], [-8.090716, 41.480327], [-8.091847, 41.471329], [-8.098574, 41.463864], [-8.110614, 41.459107], [-8.122583, 41.459426], [-8.13036, 41.462619], [-8.134485, 41.464802], [-8.140732, 41.471705], [-8.142384, 41.480724], [-8.137154, 41.489692], [-8.122099, 41.495275]]], [[[-8.802752, 41.221912], [-8.79387, 41.221409], [-8.770002, 41.223524], [-8.662506, 41.246689], [-8.650542, 41.25217], [-8.638547, 41.26282], [-8.631677, 41.276157], [-8.631503, 41.285164], [-8.634618, 41.294181], [-8.640909, 41.303209], [-8.650369, 41.312246], [-8.685933, 41.33899], [-8.709773, 41.353437], [-8.733648, 41.361644], [-8.75755, 41.364436], [-8.781468, 41.363049], [-8.808049, 41.35644], [-8.807425, 41.340617], [-8.790469, 41.348617], [-8.769543, 41.354205], [-8.745628, 41.355635], [-8.721734, 41.351983], [-8.697871, 41.342182], [-8.667005, 41.321303], [-8.649057, 41.303234], [-8.643762, 41.29421], [-8.641918, 41.285197], [-8.643095, 41.276192], [-8.647845, 41.267199], [-8.657006, 41.258219], [-8.674426, 41.24975], [-8.686378, 41.246287], [-8.734154, 41.237354], [-8.75803, 41.23469], [-8.781894, 41.235261], [-8.803486, 41.240594], [-8.802752, 41.221912]]]]}}, {"id": "22", "type": "Feature", "properties": {"fill": "#214db8", "value_min": 3.33, "value_max": 3.67}, "geometry": {"type": "MultiPolygon", "coordinates": [[[[-7.960431, 41.864411], [-7.972562, 41.859283], [-7.980173, 41.848688], [-7.979905, 41.839679], [-7.974314, 41.830623], [-7.961051, 41.826077], [-7.949016, 41.825658], [-7.936949, 41.827195], [-7.932039, 41.830237], [-7.926049, 41.839188], [-7.925498, 41.84819], [-7.93073, 41.857245], [-7.936375, 41.861856], [-7.948374, 41.864867], [-7.960431, 41.864411]], [[-7.948435, 41.861138], [-7.936424, 41.858895], [-7.934448, 41.85728], [-7.931049, 41.848242], [-7.9314, 41.839238], [-7.934468, 41.83026], [-7.936924, 41.828739], [-7.961015, 41.82829], [-7.968326, 41.830569], [-7.972964, 41.834122], [-7.976391, 41.839648], [-7.976453, 41.848655], [-7.968099, 41.857587], [-7.960487, 41.860966], [-7.948435, 41.861138]]], [[[-8.082867, 41.68743], [-8.095489, 41.685346], [-8.100067, 41.678559], [-8.095712, 41.669406], [-8.083223, 41.669419], [-8.077437, 41.67838], [-8.082867, 41.68743]], [[-8.083502, 41.683347], [-8.080504, 41.678404], [-8.083641, 41.67357], [-8.09565, 41.673869], [-8.097826, 41.678542], [-8.095537, 41.681935], [-8.083502, 41.683347]]], [[[-8.337624, 41.50723], [-8.349616, 41.506349], [-8.361582, 41.500165], [-8.366956, 41.491187], [-8.366851, 41.482179], [-8.361919, 41.473732], [-8.350011, 41.466873], [-8.338046, 41.465789], [-8.326043, 41.468553], [-8.319953, 41.472904], [-8.314558, 41.481879], [-8.31483, 41.490888], [-8.320149, 41.499927], [-8.325674, 41.504126], [-8.337624, 41.50723]], [[-8.337661, 41.50363], [-8.324281, 41.499951], [-8.320321, 41.490921], [-8.320232, 41.481913], [-8.326008, 41.471877], [-8.33801, 41.469399], [-8.34998, 41.469975], [-8.361873, 41.478398], [-8.364072, 41.482164], [-8.364196, 41.491172], [-8.361706, 41.495363], [-8.349647, 41.503223], [-8.337661, 41.50363]]], [[[-8.721855, 41.323415], [-8.73551, 41.321481], [-8.751985, 41.31251], [-8.758248, 41.303515], [-8.759924, 41.294511], [-8.757352, 41.285498], [-8.749643, 41.276473], [-8.734025, 41.269097], [-8.722093, 41.267334], [-8.71015, 41.268295], [-8.698195, 41.271963], [-8.69105, 41.276331], [-8.683237, 41.285318], [-8.681194, 41.29432], [-8.683501, 41.303334], [-8.690995, 41.312362], [-8.697986, 41.317251], [-8.709913, 41.321989], [-8.721855, 41.323415]], [[-8.721875, 41.318755], [-8.709933, 41.317357], [-8.698002, 41.313762], [-8.686134, 41.297109], [-8.686161, 41.291579], [-8.689473, 41.285335], [-8.697537, 41.276348], [-8.710132, 41.272338], [-8.722074, 41.271864], [-8.734007, 41.273474], [-8.740498, 41.276453], [-8.750425, 41.285483], [-8.752903, 41.294496], [-8.751624, 41.303501], [-8.743775, 41.312492], [-8.733829, 41.317297], [-8.721875, 41.318755]]]]}}, {"id": "17", "type": "Feature", "properties": {"fill": "#6ba5ec", "value_min": 1.67, "value_max": 2.0}, "geometry": {"type": "MultiPolygon", "coordinates": [[[[-8.003157, 41.850269], [-8.001382, 41.839868], [-7.99527, 41.830808], [-7.981758, 41.821682], [-7.97321, 41.818781], [-7.961198, 41.816969], [-7.949156, 41.817146], [-7.937078, 41.819439], [-7.924931, 41.825777], [-7.920132, 41.830126], [-7.914708, 41.839082], [-7.912623, 41.848069], [-7.913154, 41.85708], [-7.917014, 41.866124], [-7.92412, 41.874192], [-7.929552, 41.877495], [-7.934556, 41.875155], [-7.922047, 41.866171], [-7.916566, 41.857113], [-7.915093, 41.848092], [-7.916813, 41.839102], [-7.922442, 41.830148], [-7.937051, 41.821016], [-7.949134, 41.818474], [-7.961173, 41.818515], [-7.974935, 41.821622], [-7.990167, 41.830763], [-7.995718, 41.839819], [-7.996499, 41.851612], [-8.003157, 41.850269]]], [[[-7.996463, 41.851788], [-7.996463, 41.851788], [-7.996453, 41.851837], [-7.996463, 41.851788]]], [[[-7.995246, 41.857754], [-7.995246, 41.857754], [-7.995023, 41.858138], [-7.995246, 41.857754]]], [[[-7.988602, 41.867293], [-7.988602, 41.867293], [-7.986439, 41.869156], [-7.988602, 41.867293]]], [[[-7.986188, 41.869371], [-7.986188, 41.869371], [-7.986178, 41.86938], [-7.986188, 41.869371]]], [[[-7.985585, 41.86989], [-7.985585, 41.86989], [-7.985133, 41.870279], [-7.985585, 41.86989]]], [[[-8.059174, 41.703773], [-8.047148, 41.704256], [-8.046583, 41.705149], [-8.059141, 41.706045], [-8.059174, 41.703773]]], [[[-8.107547, 41.682261], [-8.111524, 41.678648], [-8.110127, 41.66963], [-8.095832, 41.66088], [-8.083829, 41.660287], [-8.071753, 41.664858], [-8.066609, 41.669285], [-8.062236, 41.678257], [-8.063069, 41.687271], [-8.071322, 41.694782], [-8.083317, 41.69639], [-8.095373, 41.693633], [-8.107547, 41.682261]], [[-8.107578, 41.680038], [-8.095393, 41.692233], [-8.083341, 41.694658], [-8.071387, 41.690274], [-8.068133, 41.687312], [-8.065259, 41.678281], [-8.071709, 41.66792], [-8.083804, 41.662091], [-8.095808, 41.662586], [-8.107027, 41.669606], [-8.109128, 41.67863], [-8.107578, 41.680038]]], [[[-8.373544, 41.510181], [-8.380114, 41.500266], [-8.382101, 41.491269], [-8.379913, 41.473243], [-8.374002, 41.462567], [-8.362122, 41.453012], [-8.35019, 41.448907], [-8.338229, 41.447877], [-8.326243, 41.449167], [-8.311873, 41.454841], [-8.300901, 41.463782], [-8.29565, 41.472757], [-8.294212, 41.481756], [-8.298953, 41.4998], [-8.305059, 41.508844], [-8.316569, 41.517921], [-8.325488, 41.522093], [-8.337453, 41.524019], [-8.349448, 41.523152], [-8.361475, 41.518948], [-8.373544, 41.510181]], [[-8.361515, 41.514787], [-8.34949, 41.518892], [-8.337495, 41.519905], [-8.325535, 41.517536], [-8.313615, 41.511449], [-8.303568, 41.499828], [-8.2999, 41.490798], [-8.298939, 41.481785], [-8.301337, 41.472792], [-8.307724, 41.463823], [-8.314169, 41.458875], [-8.326194, 41.45395], [-8.338185, 41.452155], [-8.350145, 41.453399], [-8.362074, 41.457839], [-8.373935, 41.469579], [-8.378665, 41.482243], [-8.378813, 41.491252], [-8.373604, 41.503922], [-8.361515, 41.514787]]], [[[-8.12235, 41.476701], [-8.110379, 41.476256], [-8.107072, 41.480456], [-8.11026, 41.484937], [-8.122241, 41.484802], [-8.125286, 41.480595], [-8.12235, 41.476701]]], [[[-8.769603, 41.337125], [-8.782213, 41.330586], [-8.793071, 41.321599], [-8.800098, 41.312603], [-8.803887, 41.303602], [-8.804532, 41.285588], [-8.801374, 41.276574], [-8.794785, 41.267555], [-8.783552, 41.258527], [-8.769901, 41.252339], [-8.757976, 41.249372], [-8.746046, 41.247887], [-8.722174, 41.248403], [-8.698285, 41.252326], [-8.686331, 41.255979], [-8.666909, 41.267256], [-8.65993, 41.276243], [-8.656913, 41.285242], [-8.657356, 41.294251], [-8.661163, 41.30327], [-8.667604, 41.312297], [-8.685989, 41.327424], [-8.697907, 41.334264], [-8.721776, 41.342024], [-8.745677, 41.343], [-8.769603, 41.337125]], [[-8.769631, 41.329085], [-8.757661, 41.334531], [-8.745698, 41.337509], [-8.721794, 41.337798], [-8.709853, 41.335303], [-8.686006, 41.323849], [-8.672501, 41.312311], [-8.666019, 41.303285], [-8.663086, 41.294268], [-8.663184, 41.285261], [-8.666661, 41.276263], [-8.675106, 41.267279], [-8.686309, 41.260646], [-8.698266, 41.256361], [-8.722157, 41.252406], [-8.746025, 41.253214], [-8.757952, 41.255837], [-8.769872, 41.26069], [-8.780173, 41.267528], [-8.78815, 41.276551], [-8.792057, 41.285566], [-8.793134, 41.294575], [-8.791815, 41.303581], [-8.787778, 41.312581], [-8.780072, 41.321574], [-8.769631, 41.329085]]]]}}, {"id": "10", "type": "Feature", "properties": {"fill": "#a3a3a3", "value_min": -0.67, "value_max": -0.33}, "geometry": {"type": "MultiPolygon", "coordinates": [[[[-8.791551, 41.597031], [-8.797327, 41.600599], [-8.804218, 41.600109], [-8.80456, 41.604158], [-8.809434, 41.611332], [-8.828644, 41.609656], [-8.82839, 41.585633], [-8.818497, 41.554794], [-8.8221, 41.547542], [-8.821965, 41.534907], [-8.815926, 41.525624], [-8.814564, 41.518569], [-8.814444, 41.537816], [-8.810778, 41.555825], [-8.803959, 41.573828], [-8.791551, 41.597031]]], [[[-8.807461, 41.425789], [-8.745438, 41.404254], [-8.721559, 41.393061], [-8.709635, 41.384457], [-8.678145, 41.348358], [-8.667589, 41.33932], [-8.650137, 41.327932], [-8.638218, 41.322391], [-8.626295, 41.317977], [-8.602431, 41.312689], [-8.57855, 41.310713], [-8.558029, 41.311928], [-8.542683, 41.314529], [-8.518724, 41.323325], [-8.508668, 41.329744], [-8.500013, 41.338714], [-8.495448, 41.347702], [-8.492305, 41.365703], [-8.499847, 41.428789], [-8.493729, 41.482807], [-8.499438, 41.509855], [-8.494572, 41.518841], [-8.481289, 41.523206], [-8.469305, 41.522973], [-8.457304, 41.524862], [-8.445254, 41.532356], [-8.424165, 41.554539], [-8.41312, 41.56349], [-8.398267, 41.572421], [-8.384882, 41.578325], [-8.360821, 41.58536], [-8.324771, 41.590969], [-8.300766, 41.591772], [-8.276805, 41.588616], [-8.255153, 41.58059], [-8.241004, 41.57221], [-8.228435, 41.5624], [-8.191339, 41.526116], [-8.175475, 41.516996], [-8.130749, 41.507659], [-8.080727, 41.500642], [-8.084618, 41.502809], [-8.092402, 41.504163], [-8.0927, 41.505632], [-8.112995, 41.507523], [-8.133844, 41.512996], [-8.144151, 41.516767], [-8.156304, 41.525864], [-8.163008, 41.53492], [-8.178294, 41.571059], [-8.202494, 41.607259], [-8.205372, 41.625293], [-8.202403, 41.634279], [-8.195014, 41.643235], [-8.181679, 41.652148], [-8.16794, 41.657571], [-8.155907, 41.659305], [-8.143903, 41.658824], [-8.131926, 41.656281], [-8.108064, 41.644841], [-8.096102, 41.641519], [-8.07213, 41.638596], [-8.043697, 41.633069], [-8.02427, 41.627458], [-8.00567, 41.607295], [-8.003562, 41.611239], [-7.998761, 41.612809], [-7.999669, 41.608759], [-7.996976, 41.605829], [-7.996684, 41.602003], [-7.984685, 41.603564], [-7.982292, 41.60086], [-7.975689, 41.603552], [-7.974482, 41.606701], [-7.970882, 41.607147], [-7.969091, 41.603768], [-7.965796, 41.602413], [-7.9541, 41.602846], [-7.952606, 41.600592], [-7.947808, 41.60081], [-7.945413, 41.599456], [-7.942725, 41.595625], [-7.936733, 41.594264], [-7.93791, 41.601694], [-7.937004, 41.603718], [-7.931604, 41.604384], [-7.930073, 41.614735], [-7.925556, 41.620354], [-7.920755, 41.620796], [-7.916763, 41.625065], [-7.928058, 41.637967], [-7.946172, 41.668244], [-7.956022, 41.695355], [-7.964017, 41.731455], [-7.978719, 41.758607], [-7.984469, 41.776672], [-7.982666, 41.785663], [-7.975523, 41.794606], [-7.961434, 41.802404], [-7.949346, 41.805474], [-7.925236, 41.80754], [-7.913059, 41.815742], [-7.900734, 41.832428], [-7.881029, 41.85322], [-7.886132, 41.855707], [-7.912984, 41.820203], [-7.925172, 41.811365], [-7.969344, 41.803558], [-7.990346, 41.794738], [-8.003933, 41.785849], [-8.00959, 41.776891], [-8.009503, 41.767884], [-8.005013, 41.758838], [-7.990425, 41.740697], [-7.985946, 41.731651], [-7.9814, 41.70459], [-7.981912, 41.695587], [-7.987354, 41.685092], [-7.999446, 41.680116], [-8.023518, 41.677252], [-8.035603, 41.672549], [-8.046082, 41.66011], [-8.049405, 41.65113], [-8.060051, 41.643527], [-8.072066, 41.643059], [-8.096053, 41.645019], [-8.10801, 41.64879], [-8.131825, 41.660789], [-8.145927, 41.669902], [-8.145205, 41.678904], [-8.119499, 41.686929], [-8.104955, 41.696611], [-8.102306, 41.705598], [-8.106992, 41.722445], [-8.125153, 41.750809], [-8.128933, 41.759844], [-8.14155, 41.813203], [-8.145769, 41.815453], [-8.149078, 41.814777], [-8.153893, 41.817928], [-8.165326, 41.81815], [-8.173744, 41.808019], [-8.177054, 41.808017], [-8.182773, 41.812516], [-8.190291, 41.809587], [-8.197158, 41.814129], [-8.201063, 41.808724], [-8.204973, 41.807372], [-8.205872, 41.804445], [-8.213692, 41.803765], [-8.217598, 41.80016], [-8.217934, 41.793633], [-8.214954, 41.778478], [-8.215758, 41.76047], [-8.219404, 41.742481], [-8.223582, 41.733502], [-8.255067, 41.697683], [-8.273222, 41.66177], [-8.279373, 41.652802], [-8.288669, 41.643853], [-8.301345, 41.634923], [-8.318362, 41.626018], [-8.348518, 41.61571], [-8.372567, 41.611262], [-8.396577, 41.610594], [-8.408554, 41.61332], [-8.413482, 41.617536], [-8.426368, 41.635615], [-8.432326, 41.639785], [-8.444296, 41.6441], [-8.45631, 41.643433], [-8.46877, 41.635819], [-8.471023, 41.626822], [-8.467255, 41.617798], [-8.446822, 41.599687], [-8.445978, 41.590675], [-8.450146, 41.581688], [-8.493129, 41.541758], [-8.517192, 41.530372], [-8.541228, 41.521653], [-8.565232, 41.51662], [-8.577218, 41.516442], [-8.591783, 41.537242], [-8.601006, 41.545763], [-8.612957, 41.552277], [-8.624934, 41.554812], [-8.636931, 41.553694], [-8.647804, 41.546434], [-8.651828, 41.537439], [-8.650864, 41.528429], [-8.644831, 41.519403], [-8.637154, 41.513921], [-8.625199, 41.508792], [-8.613226, 41.507224], [-8.589262, 41.506998], [-8.584931, 41.501187], [-8.584886, 41.49218], [-8.594846, 41.456186], [-8.595546, 41.438173], [-8.593082, 41.429157], [-8.587408, 41.420129], [-8.562948, 41.393016], [-8.557834, 41.383989], [-8.554396, 41.36596], [-8.555588, 41.356957], [-8.55927, 41.347964], [-8.567053, 41.338986], [-8.580625, 41.330028], [-8.602362, 41.324042], [-8.626256, 41.324793], [-8.638188, 41.327797], [-8.650111, 41.332816], [-8.662024, 41.340157], [-8.678641, 41.357367], [-8.683573, 41.366388], [-8.693251, 41.393437], [-8.697602, 41.400177], [-8.709523, 41.409734], [-8.761341, 41.438636], [-8.783394, 41.456695], [-8.798532, 41.474738], [-8.803847, 41.483754], [-8.812481, 41.506275], [-8.812204, 41.495903], [-8.804699, 41.482068], [-8.798552, 41.474753], [-8.800767, 41.450833], [-8.806433, 41.436066], [-8.807461, 41.425789]], [[-8.131005, 41.724745], [-8.119061, 41.719039], [-8.106557, 41.705631], [-8.107467, 41.696631], [-8.119458, 41.689901], [-8.131466, 41.690561], [-8.143432, 41.694365], [-8.149124, 41.696947], [-8.156551, 41.706009], [-8.155178, 41.7151], [-8.143039, 41.723953], [-8.131005, 41.724745]], [[-8.215533, 41.694571], [-8.215482, 41.698784], [-8.20345, 41.699901], [-8.200723, 41.697317], [-8.203543, 41.692374], [-8.215533, 41.694571]], [[-8.011607, 41.67056], [-8.006616, 41.668782], [-7.997976, 41.6597], [-7.997244, 41.650687], [-8.004264, 41.641741], [-8.012133, 41.63614], [-8.024164, 41.634504], [-8.036033, 41.643682], [-8.039345, 41.651047], [-8.039962, 41.660059], [-8.035695, 41.666375], [-8.031686, 41.668996], [-8.023598, 41.671975], [-8.011607, 41.67056]]], [[[-8.080156, 41.500557], [-8.080156, 41.500557], [-8.07923, 41.500418], [-8.080156, 41.500557]]], [[[-8.078652, 41.500331], [-8.078652, 41.500331], [-8.078332, 41.500283], [-8.078652, 41.500331]]], [[[-8.117877, 41.384884], [-8.152606, 41.408741], [-8.182886, 41.424825], [-8.206745, 41.431032], [-8.218713, 41.431083], [-8.230705, 41.429092], [-8.254742, 41.420282], [-8.266787, 41.41331], [-8.283925, 41.400625], [-8.303018, 41.381986], [-8.315054, 41.374723], [-8.326985, 41.377365], [-8.332969, 41.382905], [-8.350769, 41.390784], [-8.358605, 41.392058], [-8.374695, 41.390462], [-8.388822, 41.383215], [-8.395597, 41.374243], [-8.397462, 41.365246], [-8.395576, 41.356228], [-8.389198, 41.347187], [-8.3752, 41.337674], [-8.349391, 41.327941], [-8.346032, 41.328847], [-8.342462, 41.333131], [-8.333215, 41.336299], [-8.326363, 41.342163], [-8.324568, 41.341041], [-8.323376, 41.341943], [-8.320676, 41.338121], [-8.312604, 41.334983], [-8.313794, 41.333405], [-8.31139, 41.328007], [-8.307502, 41.325762], [-8.305116, 41.326891], [-8.303024, 41.325994], [-8.303615, 41.323742], [-8.301216, 41.319694], [-8.296431, 41.316774], [-8.297618, 41.313846], [-8.295817, 41.310022], [-8.281801, 41.316569], [-8.281808, 41.319721], [-8.278828, 41.321976], [-8.278238, 41.325128], [-8.273161, 41.325134], [-8.269582, 41.326939], [-8.265709, 41.331221], [-8.269004, 41.336169], [-8.265722, 41.337748], [-8.265428, 41.339999], [-8.263339, 41.340902], [-8.264238, 41.342256], [-8.27375, 41.355524], [-8.276423, 41.364548], [-8.275156, 41.382555], [-8.270755, 41.391535], [-8.262981, 41.400493], [-8.254899, 41.406572], [-8.242864, 41.412719], [-8.23086, 41.415992], [-8.218882, 41.416974], [-8.206929, 41.415901], [-8.195005, 41.412527], [-8.174233, 41.39989], [-8.165919, 41.390823], [-8.160392, 41.379466], [-8.152544, 41.375866], [-8.151049, 41.37339], [-8.145073, 41.374742], [-8.139694, 41.377894], [-8.133418, 41.374292], [-8.12804, 41.374743], [-8.119074, 41.377218], [-8.119672, 41.378569], [-8.116683, 41.380144], [-8.117877, 41.384884]]], [[[-7.796827, 41.873487], [-7.789212, 41.855841], [-7.780062, 41.845192], [-7.768152, 41.838134], [-7.756171, 41.834888], [-7.743095, 41.834639], [-7.74729, 41.837772], [-7.746349, 41.84407], [-7.750246, 41.846784], [-7.750532, 41.849261], [-7.743309, 41.849012], [-7.746901, 41.8524], [-7.746881, 41.855776], [-7.73843, 41.859348], [-7.734159, 41.868337], [-7.730228, 41.871024], [-7.729293, 41.875972], [-7.720533, 41.880218], [-7.720523, 41.881793], [-7.725335, 41.882935], [-7.726208, 41.887665], [-7.737044, 41.888828], [-7.73944, 41.891087], [-7.74246, 41.889747], [-7.742785, 41.885922], [-7.756022, 41.888441], [-7.758719, 41.890926], [-7.756592, 41.89407], [-7.758076, 41.897901], [-7.764097, 41.898595], [-7.779227, 41.886264], [-7.785257, 41.885157], [-7.788886, 41.882467], [-7.794309, 41.882033], [-7.796739, 41.878214], [-7.794349, 41.87438], [-7.796827, 41.873487]]], [[[-7.832726, 41.710408], [-7.833449, 41.71219], [-7.842599, 41.716871], [-7.854605, 41.717723], [-7.863093, 41.712487], [-7.866898, 41.702265], [-7.861301, 41.694455], [-7.853871, 41.689217], [-7.847538, 41.695365], [-7.837309, 41.699391], [-7.835792, 41.702763], [-7.839682, 41.705924], [-7.838465, 41.709522], [-7.832726, 41.710408]]], [[[-8.238747, 41.508424], [-8.241722, 41.510837], [-8.24517, 41.508467], [-8.241776, 41.506186], [-8.238747, 41.508424]]], [[[-8.421675, 41.487866], [-8.433649, 41.48849], [-8.440123, 41.482559], [-8.433763, 41.475338], [-8.421783, 41.475758], [-8.418462, 41.482451], [-8.421675, 41.487866]]], [[[-8.641052, 41.196015], [-8.645236, 41.204136], [-8.655361, 41.213175], [-8.674571, 41.220522], [-8.686494, 41.221907], [-8.698431, 41.220564], [-8.710379, 41.216626], [-8.717166, 41.213343], [-8.727377, 41.20436], [-8.732398, 41.195364], [-8.734111, 41.18636], [-8.732864, 41.177349], [-8.728358, 41.168331], [-8.722541, 41.161544], [-8.710656, 41.153711], [-8.698754, 41.150023], [-8.686844, 41.148583], [-8.674222, 41.149945], [-8.674849, 41.153767], [-8.672489, 41.15648], [-8.66117, 41.156307], [-8.662078, 41.158104], [-8.660313, 41.160813], [-8.657033, 41.160378], [-8.654961, 41.161963], [-8.653231, 41.169174], [-8.655366, 41.175467], [-8.647955, 41.180228], [-8.647696, 41.185181], [-8.641052, 41.196015]], [[-8.68655, 41.210262], [-8.672812, 41.204218], [-8.669826, 41.195202], [-8.674744, 41.185592], [-8.68669, 41.180845], [-8.698607, 41.18226], [-8.704586, 41.186288], [-8.709774, 41.195309], [-8.705655, 41.204307], [-8.698486, 41.20863], [-8.68655, 41.210262]]]]}}, {"id": "9", "type": "Feature", "properties": {"fill": "#a3a3a3", "value_min": -1.0, "value_max": -0.67}, "geometry": {"type": "MultiPolygon", "coordinates": [[[[-8.791551, 41.597031], [-8.803959, 41.573828], [-8.810778, 41.555825], [-8.814444, 41.537816], [-8.814564, 41.518569], [-8.81063, 41.5101], [-8.812481, 41.506275], [-8.803847, 41.483754], [-8.798532, 41.474738], [-8.783394, 41.456695], [-8.761341, 41.438636], [-8.709523, 41.409734], [-8.697602, 41.400177], [-8.693251, 41.393437], [-8.683573, 41.366388], [-8.678641, 41.357367], [-8.662024, 41.340157], [-8.650111, 41.332816], [-8.638188, 41.327797], [-8.626256, 41.324793], [-8.602362, 41.324042], [-8.580625, 41.330028], [-8.567053, 41.338986], [-8.55927, 41.347964], [-8.555588, 41.356957], [-8.554396, 41.36596], [-8.557834, 41.383989], [-8.562948, 41.393016], [-8.587408, 41.420129], [-8.593082, 41.429157], [-8.595546, 41.438173], [-8.594846, 41.456186], [-8.584886, 41.49218], [-8.584931, 41.501187], [-8.589262, 41.506998], [-8.613226, 41.507224], [-8.625199, 41.508792], [-8.637154, 41.513921], [-8.644831, 41.519403], [-8.650864, 41.528429], [-8.651828, 41.537439], [-8.647804, 41.546434], [-8.636931, 41.553694], [-8.624934, 41.554812], [-8.612957, 41.552277], [-8.601006, 41.545763], [-8.591783, 41.537242], [-8.577218, 41.516442], [-8.565232, 41.51662], [-8.541228, 41.521653], [-8.517192, 41.530372], [-8.493129, 41.541758], [-8.450146, 41.581688], [-8.445978, 41.590675], [-8.446822, 41.599687], [-8.467255, 41.617798], [-8.471023, 41.626822], [-8.46877, 41.635819], [-8.45631, 41.643433], [-8.444296, 41.6441], [-8.432326, 41.639785], [-8.426368, 41.635615], [-8.413482, 41.617536], [-8.408554, 41.61332], [-8.396577, 41.610594], [-8.372567, 41.611262], [-8.348518, 41.61571], [-8.318362, 41.626018], [-8.301345, 41.634923], [-8.288669, 41.643853], [-8.279373, 41.652802], [-8.273222, 41.66177], [-8.255067, 41.697683], [-8.223582, 41.733502], [-8.219404, 41.742481], [-8.215758, 41.76047], [-8.214954, 41.778478], [-8.217934, 41.793633], [-8.224207, 41.794303], [-8.229917, 41.791598], [-8.240744, 41.791588], [-8.24074, 41.789338], [-8.244347, 41.787984], [-8.245546, 41.785731], [-8.249912, 41.785052], [-8.240099, 41.76964], [-8.237921, 41.760619], [-8.24003, 41.742619], [-8.244574, 41.733642], [-8.263353, 41.716418], [-8.275455, 41.709238], [-8.304382, 41.697992], [-8.311687, 41.693073], [-8.315926, 41.689054], [-8.327669, 41.662102], [-8.333631, 41.653129], [-8.348263, 41.641113], [-8.360321, 41.635998], [-8.37235, 41.633647], [-8.384353, 41.633957], [-8.396329, 41.63715], [-8.408275, 41.643767], [-8.432139, 41.661112], [-8.481114, 41.682607], [-8.484371, 41.674238], [-8.49308, 41.674886], [-8.499963, 41.671038], [-8.50927, 41.671233], [-8.51018, 41.672806], [-8.511967, 41.670324], [-8.509856, 41.668755], [-8.522103, 41.658811], [-8.525706, 41.659023], [-8.527769, 41.652714], [-8.534066, 41.652017], [-8.537355, 41.64998], [-8.537634, 41.646602], [-8.543876, 41.637352], [-8.543855, 41.633976], [-8.536342, 41.631977], [-8.535427, 41.629545], [-8.528461, 41.629138], [-8.516481, 41.625838], [-8.504521, 41.620011], [-8.489968, 41.608893], [-8.480978, 41.599846], [-8.474976, 41.590811], [-8.473682, 41.581798], [-8.47645, 41.572804], [-8.482868, 41.563825], [-8.492218, 41.55486], [-8.505078, 41.547108], [-8.517098, 41.543053], [-8.5291, 41.541306], [-8.541085, 41.54185], [-8.554961, 41.546112], [-8.56919, 41.555174], [-8.583499, 41.573241], [-8.586668, 41.58226], [-8.585954, 41.600272], [-8.576786, 41.614271], [-8.581231, 41.615829], [-8.585766, 41.620988], [-8.591462, 41.620515], [-8.596534, 41.616668], [-8.601628, 41.615972], [-8.603996, 41.611686], [-8.613256, 41.606696], [-8.619881, 41.610269], [-8.621338, 41.604636], [-8.628833, 41.604378], [-8.636302, 41.600744], [-8.64075, 41.594422], [-8.645536, 41.593051], [-8.646744, 41.594171], [-8.649125, 41.591909], [-8.656622, 41.5921], [-8.660788, 41.588255], [-8.663794, 41.589141], [-8.665265, 41.585758], [-8.66948, 41.587989], [-8.684455, 41.586117], [-8.685608, 41.58071], [-8.697261, 41.576376], [-8.701703, 41.570277], [-8.707704, 41.570923], [-8.711586, 41.569327], [-8.716422, 41.573805], [-8.720316, 41.57356], [-8.725151, 41.577811], [-8.726633, 41.576003], [-8.734424, 41.575737], [-8.736564, 41.580228], [-8.738354, 41.579318], [-8.740778, 41.582006], [-8.74467, 41.581535], [-8.750711, 41.58623], [-8.756374, 41.582823], [-8.75635, 41.580347], [-8.762327, 41.578514], [-8.764443, 41.580303], [-8.767441, 41.580286], [-8.769874, 41.583874], [-8.768997, 41.58613], [-8.773228, 41.589482], [-8.774165, 41.593303], [-8.78556, 41.593464], [-8.791551, 41.597031]], [[-8.709001, 41.526499], [-8.697012, 41.527125], [-8.685033, 41.525497], [-8.673069, 41.521129], [-8.622071, 41.492308], [-8.615574, 41.483279], [-8.614188, 41.474267], [-8.615276, 41.465263], [-8.623236, 41.447274], [-8.637618, 41.430555], [-8.649631, 41.422373], [-8.661604, 41.421233], [-8.673564, 41.422572], [-8.685518, 41.425342], [-8.709413, 41.434287], [-8.730221, 41.447575], [-8.739157, 41.456603], [-8.744869, 41.465624], [-8.749914, 41.48365], [-8.749005, 41.492655], [-8.745558, 41.501655], [-8.739335, 41.510648], [-8.733015, 41.516314], [-8.721001, 41.523189], [-8.709001, 41.526499]], [[-8.637731, 41.410189], [-8.625779, 41.407974], [-8.601915, 41.39738], [-8.586404, 41.384095], [-8.580842, 41.375067], [-8.578712, 41.366052], [-8.579361, 41.357047], [-8.583307, 41.348053], [-8.592842, 41.33908], [-8.602299, 41.334393], [-8.614267, 41.331414], [-8.62622, 41.331087], [-8.638159, 41.333137], [-8.650085, 41.337723], [-8.664461, 41.348319], [-8.671042, 41.357345], [-8.674382, 41.366362], [-8.675025, 41.375372], [-8.673064, 41.384374], [-8.661705, 41.40167], [-8.649698, 41.409818], [-8.637731, 41.410189]]], [[[-8.576722, 41.614342], [-8.576722, 41.614342], [-8.576583, 41.614497], [-8.576722, 41.614342]]], [[[-8.576424, 41.614636], [-8.576424, 41.614636], [-8.575542, 41.615401], [-8.576424, 41.614636]]], [[[-7.743095, 41.834639], [-7.756171, 41.834888], [-7.768152, 41.838134], [-7.780062, 41.845192], [-7.789212, 41.855841], [-7.796827, 41.873487], [-7.803381, 41.874857], [-7.805215, 41.86946], [-7.814229, 41.873537], [-7.823863, 41.874013], [-7.825059, 41.875817], [-7.830479, 41.875831], [-7.830789, 41.874031], [-7.832894, 41.874712], [-7.83772, 41.872924], [-7.842528, 41.875187], [-7.841663, 41.866632], [-7.848307, 41.862153], [-7.839964, 41.863165], [-7.827941, 41.861738], [-7.816002, 41.855843], [-7.776489, 41.819679], [-7.769985, 41.810603], [-7.768564, 41.801581], [-7.769639, 41.783579], [-7.767532, 41.774549], [-7.751423, 41.747756], [-7.747812, 41.749995], [-7.747786, 41.754496], [-7.743866, 41.756509], [-7.740214, 41.763924], [-7.726937, 41.771755], [-7.7254, 41.777152], [-7.727191, 41.779184], [-7.724177, 41.780299], [-7.725372, 41.781653], [-7.722302, 41.791546], [-7.722889, 41.793798], [-7.728879, 41.797871], [-7.727026, 41.805517], [-7.728761, 41.816776], [-7.732041, 41.821514], [-7.743152, 41.825154], [-7.742839, 41.827178], [-7.738919, 41.828515], [-7.743095, 41.834639]]], [[[-7.881029, 41.85322], [-7.900734, 41.832428], [-7.913059, 41.815742], [-7.925236, 41.80754], [-7.949346, 41.805474], [-7.961434, 41.802404], [-7.975523, 41.794606], [-7.982666, 41.785663], [-7.984469, 41.776672], [-7.978719, 41.758607], [-7.964017, 41.731455], [-7.956022, 41.695355], [-7.946172, 41.668244], [-7.928058, 41.637967], [-7.916763, 41.625065], [-7.915933, 41.627764], [-7.913229, 41.628885], [-7.912613, 41.63361], [-7.906014, 41.633147], [-7.906884, 41.641927], [-7.897869, 41.645511], [-7.89696, 41.647985], [-7.892759, 41.647976], [-7.892145, 41.651576], [-7.902319, 41.659925], [-7.899913, 41.66127], [-7.900198, 41.665547], [-7.898396, 41.665769], [-7.896885, 41.668692], [-7.883969, 41.67069], [-7.879755, 41.673607], [-7.877044, 41.676077], [-7.876723, 41.681253], [-7.873401, 41.686198], [-7.868896, 41.686413], [-7.868008, 41.68326], [-7.864403, 41.683701], [-7.864096, 41.685276], [-7.858987, 41.68639], [-7.857773, 41.689538], [-7.855076, 41.688181], [-7.853871, 41.689217], [-7.861301, 41.694455], [-7.866898, 41.702265], [-7.863093, 41.712487], [-7.854605, 41.717723], [-7.842599, 41.716871], [-7.833449, 41.71219], [-7.832726, 41.710408], [-7.825252, 41.708813], [-7.818621, 41.713522], [-7.815157, 41.718689], [-7.830461, 41.723304], [-7.842454, 41.72493], [-7.85449, 41.724218], [-7.860957, 41.721473], [-7.86662, 41.718117], [-7.870613, 41.712561], [-7.879191, 41.686453], [-7.891363, 41.67734], [-7.90338, 41.677159], [-7.915338, 41.680531], [-7.927218, 41.688624], [-7.938179, 41.704198], [-7.940858, 41.71323], [-7.940523, 41.731241], [-7.930426, 41.758168], [-7.936424, 41.76723], [-7.961938, 41.771143], [-7.967083, 41.776517], [-7.970594, 41.785555], [-7.966969, 41.79453], [-7.949712, 41.80338], [-7.9253, 41.803716], [-7.913146, 41.810618], [-7.899452, 41.82993], [-7.888527, 41.841875], [-7.877511, 41.850061], [-7.881029, 41.85322]]], [[[-7.868811, 41.854829], [-7.850717, 41.861861], [-7.858542, 41.862622], [-7.859456, 41.860148], [-7.865481, 41.859262], [-7.868811, 41.854829]]], [[[-7.848609, 41.862117], [-7.848609, 41.862117], [-7.848359, 41.862147], [-7.848609, 41.862117]]], [[[-7.802995, 41.71449], [-7.802995, 41.71449], [-7.806595, 41.7155], [-7.802995, 41.71449]]], [[[-7.806632, 41.715514], [-7.806632, 41.715514], [-7.808394, 41.71617], [-7.806632, 41.715514]]], [[[-7.808458, 41.716194], [-7.808458, 41.716194], [-7.808694, 41.716282], [-7.808458, 41.716194]]], [[[-7.812721, 41.717782], [-7.812721, 41.717782], [-7.813192, 41.717957], [-7.812721, 41.717782]]], [[[-7.81333, 41.718009], [-7.81333, 41.718009], [-7.813791, 41.71818], [-7.81333, 41.718009]]], [[[-7.813939, 41.718235], [-7.813939, 41.718235], [-7.814091, 41.718292], [-7.813939, 41.718235]]], [[[-7.814548, 41.718462], [-7.814548, 41.718462], [-7.814691, 41.718515], [-7.814548, 41.718462]]], [[[-8.131005, 41.724745], [-8.143039, 41.723953], [-8.155178, 41.7151], [-8.156551, 41.706009], [-8.149124, 41.696947], [-8.143432, 41.694365], [-8.131466, 41.690561], [-8.119458, 41.689901], [-8.107467, 41.696631], [-8.106557, 41.705631], [-8.119061, 41.719039], [-8.131005, 41.724745]], [[-8.115082, 41.705697], [-8.112557, 41.69667], [-8.119418, 41.69282], [-8.130102, 41.696805], [-8.128265, 41.705798], [-8.119195, 41.70922], [-8.115082, 41.705697]]], [[[-8.011607, 41.67056], [-8.023598, 41.671975], [-8.031686, 41.668996], [-8.035695, 41.666375], [-8.039962, 41.660059], [-8.039345, 41.651047], [-8.036033, 41.643682], [-8.024164, 41.634504], [-8.012133, 41.63614], [-8.004264, 41.641741], [-7.997244, 41.650687], [-7.997976, 41.6597], [-8.006616, 41.668782], [-8.011607, 41.67056]], [[-8.016333, 41.659859], [-8.023878, 41.653477], [-8.030403, 41.659978], [-8.023715, 41.664252], [-8.016333, 41.659859]]], [[[-8.00567, 41.607295], [-8.02427, 41.627458], [-8.043697, 41.633069], [-8.07213, 41.638596], [-8.096102, 41.641519], [-8.108064, 41.644841], [-8.131926, 41.656281], [-8.143903, 41.658824], [-8.155907, 41.659305], [-8.16794, 41.657571], [-8.181679, 41.652148], [-8.195014, 41.643235], [-8.202403, 41.634279], [-8.205372, 41.625293], [-8.202494, 41.607259], [-8.178294, 41.571059], [-8.163008, 41.53492], [-8.156304, 41.525864], [-8.144151, 41.516767], [-8.133844, 41.512996], [-8.112995, 41.507523], [-8.0927, 41.505632], [-8.0915, 41.509263], [-8.109921, 41.509703], [-8.121864, 41.5127], [-8.132082, 41.516676], [-8.142271, 41.52576], [-8.145249, 41.534789], [-8.144928, 41.543794], [-8.132947, 41.570726], [-8.136442, 41.57976], [-8.163545, 41.606982], [-8.169857, 41.616035], [-8.172924, 41.625064], [-8.171967, 41.634064], [-8.166162, 41.643029], [-8.156036, 41.649447], [-8.143985, 41.652635], [-8.131987, 41.651752], [-8.120042, 41.647032], [-8.108133, 41.63982], [-8.069426, 41.63328], [-8.052861, 41.624137], [-8.046077, 41.615074], [-8.042973, 41.606041], [-8.044167, 41.595296], [-8.031467, 41.602938], [-8.02367, 41.603156], [-8.019174, 41.601802], [-8.00567, 41.607295]]], [[[-8.160392, 41.379466], [-8.165919, 41.390823], [-8.174233, 41.39989], [-8.195005, 41.412527], [-8.206929, 41.415901], [-8.218882, 41.416974], [-8.23086, 41.415992], [-8.242864, 41.412719], [-8.254899, 41.406572], [-8.262981, 41.400493], [-8.270755, 41.391535], [-8.275156, 41.382555], [-8.276423, 41.364548], [-8.27375, 41.355524], [-8.264238, 41.342256], [-8.262155, 41.345856], [-8.256483, 41.347663], [-8.255889, 41.349689], [-8.249622, 41.353072], [-8.251123, 41.356897], [-8.249334, 41.358554], [-8.255353, 41.364414], [-8.259062, 41.373445], [-8.258887, 41.382452], [-8.254631, 41.391432], [-8.24441, 41.400373], [-8.230985, 41.405347], [-8.219012, 41.406128], [-8.207076, 41.403815], [-8.198937, 41.400065], [-8.188395, 41.390984], [-8.184162, 41.381946], [-8.183933, 41.376081], [-8.168382, 41.377438], [-8.164499, 41.38059], [-8.160392, 41.379466]]], [[[-8.68655, 41.210262], [-8.698486, 41.20863], [-8.705655, 41.204307], [-8.709774, 41.195309], [-8.704586, 41.186288], [-8.698607, 41.18226], [-8.68669, 41.180845], [-8.674744, 41.185592], [-8.669826, 41.195202], [-8.672812, 41.204218], [-8.68655, 41.210262]]]]}}, {"id": "23", "type": "Feature", "properties": {"fill": "#1f4099", "value_min": 3.67, "value_max": 4.0}, "geometry": {"type": "MultiPolygon", "coordinates": [[[[-7.948435, 41.861138], [-7.960487, 41.860966], [-7.968099, 41.857587], [-7.976453, 41.848655], [-7.976391, 41.839648], [-7.972964, 41.834122], [-7.968326, 41.830569], [-7.961015, 41.82829], [-7.936924, 41.828739], [-7.934468, 41.83026], [-7.9314, 41.839238], [-7.931049, 41.848242], [-7.934448, 41.85728], [-7.936424, 41.858895], [-7.948435, 41.861138]]], [[[-8.083502, 41.683347], [-8.095537, 41.681935], [-8.097826, 41.678542], [-8.09565, 41.673869], [-8.083641, 41.67357], [-8.080504, 41.678404], [-8.083502, 41.683347]]], [[[-8.337661, 41.50363], [-8.349647, 41.503223], [-8.361706, 41.495363], [-8.364196, 41.491172], [-8.364072, 41.482164], [-8.361873, 41.478398], [-8.34998, 41.469975], [-8.33801, 41.469399], [-8.326008, 41.471877], [-8.320232, 41.481913], [-8.320321, 41.490921], [-8.324281, 41.499951], [-8.337661, 41.50363]]], [[[-8.721875, 41.318755], [-8.733829, 41.317297], [-8.743775, 41.312492], [-8.751624, 41.303501], [-8.752903, 41.294496], [-8.750425, 41.285483], [-8.740498, 41.276453], [-8.734007, 41.273474], [-8.722074, 41.271864], [-8.710132, 41.272338], [-8.697537, 41.276348], [-8.689473, 41.285335], [-8.686161, 41.291579], [-8.686134, 41.297109], [-8.698002, 41.313762], [-8.709933, 41.317357], [-8.721875, 41.318755]]]]}}, {"id": "6", "type": "Feature", "properties": {"fill": "#e79f24", "value_min": -2.0, "value_max": -1.67}, "geometry": {"type": "MultiPolygon", "coordinates": [[[[-7.888662, 41.834074], [-7.900242, 41.820931], [-7.90696, 41.802981], [-7.906491, 41.79397], [-7.900411, 41.775898], [-7.899882, 41.757879], [-7.893997, 41.739809], [-7.913294, 41.72198], [-7.913548, 41.712975], [-7.902915, 41.704562], [-7.890878, 41.705583], [-7.883833, 41.71269], [-7.881212, 41.721672], [-7.882444, 41.730691], [-7.842205, 41.738785], [-7.830085, 41.744017], [-7.823343, 41.748114], [-7.816944, 41.757055], [-7.814011, 41.766032], [-7.81084, 41.802026], [-7.811768, 41.811043], [-7.820839, 41.82915], [-7.828409, 41.83614], [-7.84033, 41.842937], [-7.852329, 41.845489], [-7.864383, 41.844996], [-7.876491, 41.841414], [-7.888662, 41.834074]], [[-7.852432, 41.839735], [-7.840467, 41.835328], [-7.832242, 41.829266], [-7.82574, 41.820193], [-7.822999, 41.811158], [-7.823384, 41.802155], [-7.829647, 41.784206], [-7.83156, 41.757205], [-7.838587, 41.748269], [-7.84207, 41.746345], [-7.854181, 41.741586], [-7.866227, 41.740457], [-7.87821, 41.742891], [-7.88614, 41.74874], [-7.890297, 41.757787], [-7.888016, 41.775779], [-7.901193, 41.802926], [-7.901007, 41.811931], [-7.89724, 41.820902], [-7.889441, 41.829833], [-7.876559, 41.837535], [-7.864464, 41.840379], [-7.852432, 41.839735]]], [[[-7.952295, 41.78539], [-7.949704, 41.783546], [-7.937675, 41.783308], [-7.9336, 41.785218], [-7.933975, 41.794228], [-7.937472, 41.795567], [-7.949508, 41.795546], [-7.95174, 41.794392], [-7.952295, 41.78539]]], [[[-8.30938, 41.761072], [-8.313989, 41.752092], [-8.312218, 41.743074], [-8.302383, 41.734008], [-8.28724, 41.730479], [-8.275187, 41.73304], [-8.263833, 41.742774], [-8.261819, 41.751768], [-8.262915, 41.75471], [-8.266329, 41.760804], [-8.273663, 41.766343], [-8.277073, 41.764088], [-8.280681, 41.764083], [-8.286729, 41.757054], [-8.274493, 41.751849], [-8.28013, 41.742877], [-8.287123, 41.741055], [-8.291886, 41.74295], [-8.295613, 41.75198], [-8.287465, 41.756828], [-8.292747, 41.757946], [-8.298457, 41.757263], [-8.300866, 41.758835], [-8.305674, 41.758152], [-8.30938, 41.761072]]], [[[-8.435029, 41.715263], [-8.428271, 41.707682], [-8.419736, 41.704783], [-8.407701, 41.706443], [-8.398751, 41.716538], [-8.402333, 41.726516], [-8.404721, 41.722847], [-8.417349, 41.725067], [-8.422737, 41.720552], [-8.429643, 41.719859], [-8.430533, 41.717381], [-8.435029, 41.715263]]], [[[-8.144161, 41.639311], [-8.148026, 41.633889], [-8.144317, 41.627544], [-8.132373, 41.622994], [-8.127565, 41.624729], [-8.121125, 41.633687], [-8.13036, 41.642764], [-8.136825, 41.642813], [-8.144161, 41.639311]]], [[[-8.108364, 41.623077], [-8.114577, 41.615622], [-8.111052, 41.606588], [-8.096718, 41.597413], [-8.084728, 41.596748], [-8.072654, 41.60201], [-8.068716, 41.606253], [-8.066686, 41.615243], [-8.072892, 41.624301], [-8.084272, 41.629004], [-8.096279, 41.628858], [-8.108364, 41.623077]], [[-8.082514, 41.624378], [-8.074549, 41.615307], [-8.080524, 41.606348], [-8.084624, 41.604105], [-8.096609, 41.605226], [-8.103885, 41.615539], [-8.096342, 41.624346], [-8.082514, 41.624378]]], [[[-8.540749, 41.589382], [-8.54623, 41.582107], [-8.546649, 41.573102], [-8.540472, 41.56407], [-8.528976, 41.558353], [-8.51699, 41.55761], [-8.501913, 41.563909], [-8.495519, 41.572889], [-8.49579, 41.581897], [-8.504734, 41.592097], [-8.516701, 41.59628], [-8.528705, 41.595705], [-8.540749, 41.589382]], [[-8.516766, 41.58756], [-8.505293, 41.581939], [-8.503452, 41.572923], [-8.516945, 41.563651], [-8.528915, 41.56677], [-8.534776, 41.573054], [-8.532724, 41.582053], [-8.528781, 41.585184], [-8.516766, 41.58756]]], [[[-8.095074, 41.544331], [-8.109429, 41.545653], [-8.121504, 41.539345], [-8.125162, 41.534638], [-8.125393, 41.525633], [-8.114302, 41.516541], [-8.109846, 41.515215], [-8.097864, 41.515047], [-8.089698, 41.518747], [-8.090594, 41.522169], [-8.093588, 41.52307], [-8.09209, 41.524943], [-8.097787, 41.520597], [-8.10978, 41.520038], [-8.117212, 41.52557], [-8.114371, 41.534556], [-8.109539, 41.537621], [-8.098074, 41.536889], [-8.106759, 41.543557], [-8.101666, 41.542655], [-8.095074, 41.544331]]], [[[-8.093684, 41.532974], [-8.092663, 41.529372], [-8.091487, 41.531173], [-8.093684, 41.532974]]], [[[-8.092344, 41.528247], [-8.092344, 41.528247], [-8.092025, 41.527121], [-8.092344, 41.528247]]], [[[-8.697194, 41.48793], [-8.700384, 41.483531], [-8.701313, 41.474526], [-8.6969, 41.465507], [-8.685364, 41.457167], [-8.673406, 41.454125], [-8.661429, 41.454925], [-8.649427, 41.460343], [-8.644285, 41.465356], [-8.640454, 41.474352], [-8.642234, 41.483365], [-8.649262, 41.490957], [-8.66121, 41.496924], [-8.673182, 41.498623], [-8.685173, 41.496573], [-8.69305, 41.492519], [-8.697194, 41.48793]], [[-8.661257, 41.487989], [-8.654622, 41.483403], [-8.652616, 41.474389], [-8.661371, 41.466069], [-8.673349, 41.46548], [-8.684499, 41.474481], [-8.682757, 41.483484], [-8.673232, 41.488815], [-8.661257, 41.487989]]], [[[-8.65604, 41.366309], [-8.655094, 41.357299], [-8.650015, 41.350696], [-8.638095, 41.344617], [-8.626146, 41.344013], [-8.614169, 41.348092], [-8.607033, 41.357144], [-8.606977, 41.366152], [-8.613393, 41.375181], [-8.625935, 41.380809], [-8.637893, 41.381045], [-8.64988, 41.376045], [-8.65604, 41.366309]], [[-8.626001, 41.369381], [-8.621863, 41.366202], [-8.621266, 41.357192], [-8.626091, 41.353552], [-8.638047, 41.353273], [-8.643387, 41.357263], [-8.643011, 41.366269], [-8.637955, 41.369982], [-8.626001, 41.369381]]]]}}, {"id": "7", "type": "Feature", "properties": {"fill": "#cba158", "value_min": -1.67, "value_max": -1.33}, "geometry": {"type": "MultiPolygon", "coordinates": [[[[-7.874565, 41.846287], [-7.888602, 41.83758], [-7.896115, 41.829898], [-7.90864, 41.812004], [-7.913307, 41.801089], [-7.925419, 41.796568], [-7.937396, 41.800168], [-7.949443, 41.799531], [-7.959245, 41.79446], [-7.961225, 41.785471], [-7.949806, 41.777341], [-7.937788, 41.776444], [-7.925738, 41.777496], [-7.922211, 41.776105], [-7.913865, 41.768024], [-7.912668, 41.748994], [-7.925844, 41.722098], [-7.925912, 41.713091], [-7.921352, 41.704042], [-7.915037, 41.698417], [-7.903087, 41.694437], [-7.891042, 41.696038], [-7.878817, 41.707983], [-7.871792, 41.72158], [-7.866471, 41.726587], [-7.854383, 41.73024], [-7.818209, 41.735843], [-7.809421, 41.738964], [-7.798467, 41.747857], [-7.794539, 41.756822], [-7.794328, 41.801854], [-7.800254, 41.81993], [-7.806664, 41.829003], [-7.816311, 41.839077], [-7.828071, 41.847237], [-7.840172, 41.851674], [-7.852203, 41.852504], [-7.864286, 41.850481], [-7.872757, 41.846849], [-7.873066, 41.844875], [-7.874565, 41.846287]], [[-7.888662, 41.834074], [-7.876491, 41.841414], [-7.864383, 41.844996], [-7.852329, 41.845489], [-7.84033, 41.842937], [-7.828409, 41.83614], [-7.820839, 41.82915], [-7.811768, 41.811043], [-7.81084, 41.802026], [-7.814011, 41.766032], [-7.816944, 41.757055], [-7.823343, 41.748114], [-7.830085, 41.744017], [-7.842205, 41.738785], [-7.882444, 41.730691], [-7.881212, 41.721672], [-7.883833, 41.71269], [-7.890878, 41.705583], [-7.902915, 41.704562], [-7.913548, 41.712975], [-7.913294, 41.72198], [-7.893997, 41.739809], [-7.899882, 41.757879], [-7.900411, 41.775898], [-7.906491, 41.79397], [-7.90696, 41.802981], [-7.900242, 41.820931], [-7.888662, 41.834074]], [[-7.952295, 41.78539], [-7.95174, 41.794392], [-7.949508, 41.795546], [-7.937472, 41.795567], [-7.933975, 41.794228], [-7.9336, 41.785218], [-7.937675, 41.783308], [-7.949704, 41.783546], [-7.952295, 41.78539]]], [[[-8.333609, 41.762833], [-8.338103, 41.752233], [-8.336926, 41.743219], [-8.331621, 41.734181], [-8.318042, 41.725095], [-8.311373, 41.722501], [-8.299378, 41.720012], [-8.287354, 41.72015], [-8.275298, 41.723192], [-8.263199, 41.729882], [-8.252829, 41.742703], [-8.250994, 41.751698], [-8.252589, 41.760715], [-8.262055, 41.773335], [-8.268367, 41.769951], [-8.271366, 41.766346], [-8.273663, 41.766343], [-8.266329, 41.760804], [-8.262915, 41.75471], [-8.261819, 41.751768], [-8.263833, 41.742774], [-8.275187, 41.73304], [-8.28724, 41.730479], [-8.302383, 41.734008], [-8.312218, 41.743074], [-8.313989, 41.752092], [-8.30938, 41.761072], [-8.311096, 41.762195], [-8.318308, 41.761283], [-8.325233, 41.765098], [-8.328234, 41.763292], [-8.330341, 41.764189], [-8.333609, 41.762833]]], [[[-8.451842, 41.699992], [-8.443865, 41.694195], [-8.415416, 41.680596], [-8.407881, 41.662543], [-8.398779, 41.653489], [-8.384218, 41.64816], [-8.372202, 41.648929], [-8.36013, 41.655291], [-8.354417, 41.662255], [-8.352907, 41.671254], [-8.355946, 41.680278], [-8.370425, 41.698372], [-8.369336, 41.725388], [-8.373005, 41.734622], [-8.376825, 41.734389], [-8.384922, 41.73032], [-8.387032, 41.731891], [-8.393033, 41.729852], [-8.396942, 41.730518], [-8.402333, 41.726516], [-8.398751, 41.716538], [-8.407701, 41.706443], [-8.419736, 41.704783], [-8.428271, 41.707682], [-8.435029, 41.715263], [-8.441632, 41.713975], [-8.4446, 41.70654], [-8.451842, 41.699992]]], [[[-8.119379, 41.695738], [-8.117648, 41.69671], [-8.119319, 41.700133], [-8.122075, 41.696743], [-8.119379, 41.695738]]], [[[-8.156198, 41.636992], [-8.158205, 41.633964], [-8.156335, 41.624943], [-8.144494, 41.614163], [-8.132568, 41.60845], [-8.108819, 41.589995], [-8.096876, 41.586072], [-8.084881, 41.585952], [-8.07283, 41.589739], [-8.063059, 41.5972], [-8.058011, 41.606165], [-8.058367, 41.615176], [-8.064202, 41.62423], [-8.072266, 41.629093], [-8.084217, 41.632881], [-8.108223, 41.63329], [-8.119801, 41.642684], [-8.132043, 41.647606], [-8.144059, 41.647008], [-8.152593, 41.64293], [-8.156198, 41.636992]], [[-8.144161, 41.639311], [-8.136825, 41.642813], [-8.13036, 41.642764], [-8.121125, 41.633687], [-8.127565, 41.624729], [-8.132373, 41.622994], [-8.144317, 41.627544], [-8.148026, 41.633889], [-8.144161, 41.639311]], [[-8.108364, 41.623077], [-8.096279, 41.628858], [-8.084272, 41.629004], [-8.072892, 41.624301], [-8.066686, 41.615243], [-8.068716, 41.606253], [-8.072654, 41.60201], [-8.084728, 41.596748], [-8.096718, 41.597413], [-8.111052, 41.606588], [-8.114577, 41.615622], [-8.108364, 41.623077]]], [[[-8.552688, 41.597863], [-8.558606, 41.591163], [-8.561567, 41.582167], [-8.560707, 41.573156], [-8.555643, 41.56413], [-8.543892, 41.555076], [-8.529032, 41.550658], [-8.517039, 41.551009], [-8.505018, 41.554979], [-8.492845, 41.56387], [-8.486917, 41.572851], [-8.485982, 41.581854], [-8.492721, 41.594048], [-8.504653, 41.602762], [-8.516624, 41.606673], [-8.52862, 41.607362], [-8.540637, 41.605048], [-8.552688, 41.597863]], [[-8.540749, 41.589382], [-8.528705, 41.595705], [-8.516701, 41.59628], [-8.504734, 41.592097], [-8.49579, 41.581897], [-8.495519, 41.572889], [-8.501913, 41.563909], [-8.51699, 41.55761], [-8.528976, 41.558353], [-8.540472, 41.56407], [-8.546649, 41.573102], [-8.54623, 41.582107], [-8.540749, 41.589382]]], [[[-8.082187, 41.549221], [-8.085363, 41.551785], [-8.097295, 41.555982], [-8.109291, 41.555706], [-8.121343, 41.551191], [-8.130192, 41.543684], [-8.134234, 41.534707], [-8.132675, 41.525688], [-8.123616, 41.516612], [-8.109884, 41.512459], [-8.097908, 41.511863], [-8.090599, 41.513405], [-8.089698, 41.518747], [-8.097864, 41.515047], [-8.109846, 41.515215], [-8.114302, 41.516541], [-8.125393, 41.525633], [-8.125162, 41.534638], [-8.121504, 41.539345], [-8.109429, 41.545653], [-8.095074, 41.544331], [-8.087885, 41.542876], [-8.083389, 41.5449], [-8.082187, 41.549221]]], [[[-8.70912, 41.500002], [-8.716507, 41.49258], [-8.720194, 41.483581], [-8.720406, 41.474574], [-8.717455, 41.465559], [-8.7103, 41.456534], [-8.697381, 41.447821], [-8.68543, 41.443473], [-8.673468, 41.441824], [-8.661493, 41.44266], [-8.6495, 41.446744], [-8.63748, 41.45533], [-8.630708, 41.465314], [-8.628786, 41.474315], [-8.630702, 41.483329], [-8.638355, 41.49236], [-8.649215, 41.499501], [-8.661168, 41.504991], [-8.673135, 41.507949], [-8.685116, 41.508512], [-8.697109, 41.50633], [-8.70912, 41.500002]], [[-8.697194, 41.48793], [-8.69305, 41.492519], [-8.685173, 41.496573], [-8.673182, 41.498623], [-8.66121, 41.496924], [-8.649262, 41.490957], [-8.642234, 41.483365], [-8.640454, 41.474352], [-8.644285, 41.465356], [-8.649427, 41.460343], [-8.661429, 41.454925], [-8.673406, 41.454125], [-8.685364, 41.457167], [-8.6969, 41.465507], [-8.701313, 41.474526], [-8.700384, 41.483531], [-8.697194, 41.48793]]], [[[-8.204369, 41.37652], [-8.203231, 41.38208], [-8.209732, 41.391132], [-8.219149, 41.394726], [-8.23112, 41.393942], [-8.236283, 41.391312], [-8.243549, 41.382352], [-8.241358, 41.37333], [-8.238658, 41.371316], [-8.232024, 41.369971], [-8.224854, 41.370878], [-8.21738, 41.368182], [-8.211712, 41.376065], [-8.204369, 41.37652]]], [[[-8.661827, 41.378268], [-8.665576, 41.366337], [-8.663584, 41.357324], [-8.656627, 41.348295], [-8.650054, 41.343464], [-8.638129, 41.338423], [-8.626185, 41.337189], [-8.614014, 41.339153], [-8.599459, 41.348111], [-8.594362, 41.357101], [-8.594001, 41.366107], [-8.597861, 41.375128], [-8.602023, 41.37971], [-8.613934, 41.387886], [-8.625875, 41.391312], [-8.637835, 41.391597], [-8.649813, 41.388477], [-8.661827, 41.378268]], [[-8.65604, 41.366309], [-8.64988, 41.376045], [-8.637893, 41.381045], [-8.625935, 41.380809], [-8.613393, 41.375181], [-8.606977, 41.366152], [-8.607033, 41.357144], [-8.614169, 41.348092], [-8.626146, 41.344013], [-8.638095, 41.344617], [-8.650015, 41.350696], [-8.655094, 41.357299], [-8.65604, 41.366309]]]]}}, {"id": "5", "type": "Feature", "properties": {"fill": "#ea870e", "value_min": -2.33, "value_max": -2.0}, "geometry": {"type": "MultiPolygon", "coordinates": [[[[-7.852432, 41.839735], [-7.864464, 41.840379], [-7.876559, 41.837535], [-7.889441, 41.829833], [-7.89724, 41.820902], [-7.901007, 41.811931], [-7.901193, 41.802926], [-7.888016, 41.775779], [-7.890297, 41.757787], [-7.88614, 41.74874], [-7.87821, 41.742891], [-7.866227, 41.740457], [-7.854181, 41.741586], [-7.84207, 41.746345], [-7.838587, 41.748269], [-7.83156, 41.757205], [-7.829647, 41.784206], [-7.823384, 41.802155], [-7.822999, 41.811158], [-7.82574, 41.820193], [-7.832242, 41.829266], [-7.840467, 41.835328], [-7.852432, 41.839735]], [[-7.864534, 41.836432], [-7.852521, 41.834741], [-7.842194, 41.829367], [-7.834075, 41.820278], [-7.831734, 41.811247], [-7.833231, 41.802256], [-7.839064, 41.793308], [-7.849542, 41.784407], [-7.84935, 41.775398], [-7.842515, 41.766323], [-7.842367, 41.757314], [-7.85092, 41.748393], [-7.866139, 41.745453], [-7.878071, 41.750853], [-7.882893, 41.757716], [-7.881355, 41.766707], [-7.877691, 41.772712], [-7.872869, 41.775631], [-7.877572, 41.784684], [-7.890912, 41.793821], [-7.897138, 41.802887], [-7.897978, 41.811902], [-7.894239, 41.820873], [-7.888784, 41.827064], [-7.876614, 41.834363], [-7.864534, 41.836432]]], [[[-8.287465, 41.756828], [-8.295613, 41.75198], [-8.291886, 41.74295], [-8.287123, 41.741055], [-8.28013, 41.742877], [-8.274493, 41.751849], [-8.286729, 41.757054], [-8.287465, 41.756828]]], [[[-8.082514, 41.624378], [-8.096342, 41.624346], [-8.103885, 41.615539], [-8.096609, 41.605226], [-8.084624, 41.604105], [-8.080524, 41.606348], [-8.074549, 41.615307], [-8.082514, 41.624378]], [[-8.083086, 41.615375], [-8.084489, 41.613665], [-8.092216, 41.615448], [-8.084444, 41.616883], [-8.083086, 41.615375]]], [[[-8.516766, 41.58756], [-8.528781, 41.585184], [-8.532724, 41.582053], [-8.534776, 41.573054], [-8.528915, 41.56677], [-8.516945, 41.563651], [-8.503452, 41.572923], [-8.505293, 41.581939], [-8.516766, 41.58756]]], [[[-8.098074, 41.536889], [-8.109539, 41.537621], [-8.114371, 41.534556], [-8.117212, 41.52557], [-8.10978, 41.520038], [-8.097787, 41.520597], [-8.09209, 41.524943], [-8.092025, 41.527121], [-8.092344, 41.528247], [-8.092663, 41.529372], [-8.093684, 41.532974], [-8.098074, 41.536889]]], [[[-8.661257, 41.487989], [-8.673232, 41.488815], [-8.682757, 41.483484], [-8.684499, 41.474481], [-8.673349, 41.46548], [-8.661371, 41.466069], [-8.652616, 41.474389], [-8.654622, 41.483403], [-8.661257, 41.487989]]], [[[-8.626001, 41.369381], [-8.637955, 41.369982], [-8.643011, 41.366269], [-8.643387, 41.357263], [-8.638047, 41.353273], [-8.626091, 41.353552], [-8.621266, 41.357192], [-8.621863, 41.366202], [-8.626001, 41.369381]]]]}}, {"id": "8", "type": "Feature", "properties": {"fill": "#b1a288", "value_min": -1.33, "value_max": -1.0}, "geometry": {"type": "MultiPolygon", "coordinates": [[[[-7.850717, 41.861861], [-7.868811, 41.854829], [-7.87033, 41.851395], [-7.873043, 41.850501], [-7.872757, 41.846849], [-7.864286, 41.850481], [-7.852203, 41.852504], [-7.840172, 41.851674], [-7.828071, 41.847237], [-7.816311, 41.839077], [-7.806664, 41.829003], [-7.800254, 41.81993], [-7.794328, 41.801854], [-7.794539, 41.756822], [-7.798467, 41.747857], [-7.809421, 41.738964], [-7.818209, 41.735843], [-7.854383, 41.73024], [-7.866471, 41.726587], [-7.871792, 41.72158], [-7.878817, 41.707983], [-7.891042, 41.696038], [-7.903087, 41.694437], [-7.915037, 41.698417], [-7.921352, 41.704042], [-7.925912, 41.713091], [-7.925844, 41.722098], [-7.912668, 41.748994], [-7.913865, 41.768024], [-7.922211, 41.776105], [-7.925738, 41.777496], [-7.937788, 41.776444], [-7.949806, 41.777341], [-7.961225, 41.785471], [-7.959245, 41.79446], [-7.949443, 41.799531], [-7.937396, 41.800168], [-7.925419, 41.796568], [-7.913307, 41.801089], [-7.90864, 41.812004], [-7.896115, 41.829898], [-7.888602, 41.83758], [-7.874565, 41.846287], [-7.877511, 41.850061], [-7.888527, 41.841875], [-7.899452, 41.82993], [-7.913146, 41.810618], [-7.9253, 41.803716], [-7.949712, 41.80338], [-7.966969, 41.79453], [-7.970594, 41.785555], [-7.967083, 41.776517], [-7.961938, 41.771143], [-7.936424, 41.76723], [-7.930426, 41.758168], [-7.940523, 41.731241], [-7.940858, 41.71323], [-7.938179, 41.704198], [-7.927218, 41.688624], [-7.915338, 41.680531], [-7.90338, 41.677159], [-7.891363, 41.67734], [-7.879191, 41.686453], [-7.870613, 41.712561], [-7.86662, 41.718117], [-7.860957, 41.721473], [-7.85449, 41.724218], [-7.842454, 41.72493], [-7.830461, 41.723304], [-7.815157, 41.718689], [-7.814691, 41.718515], [-7.814548, 41.718462], [-7.814091, 41.718292], [-7.813939, 41.718235], [-7.813791, 41.71818], [-7.81333, 41.718009], [-7.813192, 41.717957], [-7.812721, 41.717782], [-7.808986, 41.717996], [-7.808694, 41.716282], [-7.808458, 41.716194], [-7.808394, 41.71617], [-7.806632, 41.715514], [-7.806595, 41.7155], [-7.802995, 41.71449], [-7.790966, 41.717044], [-7.789449, 41.719966], [-7.78464, 41.720402], [-7.78252, 41.723546], [-7.776204, 41.724652], [-7.773786, 41.727346], [-7.770798, 41.72441], [-7.765698, 41.723044], [-7.761765, 41.727758], [-7.762933, 41.733839], [-7.759307, 41.737203], [-7.759597, 41.739005], [-7.75689, 41.739446], [-7.758687, 41.740577], [-7.757758, 41.745301], [-7.751423, 41.747756], [-7.767532, 41.774549], [-7.769639, 41.783579], [-7.768564, 41.801581], [-7.769985, 41.810603], [-7.776489, 41.819679], [-7.816002, 41.855843], [-7.827941, 41.861738], [-7.839964, 41.863165], [-7.848307, 41.862153], [-7.848359, 41.862147], [-7.848609, 41.862117], [-7.850717, 41.861861]]], [[[-8.481114, 41.682607], [-8.432139, 41.661112], [-8.408275, 41.643767], [-8.396329, 41.63715], [-8.384353, 41.633957], [-8.37235, 41.633647], [-8.360321, 41.635998], [-8.348263, 41.641113], [-8.333631, 41.653129], [-8.327669, 41.662102], [-8.315926, 41.689054], [-8.311687, 41.693073], [-8.304382, 41.697992], [-8.275455, 41.709238], [-8.263353, 41.716418], [-8.244574, 41.733642], [-8.24003, 41.742619], [-8.237921, 41.760619], [-8.240099, 41.76964], [-8.249912, 41.785052], [-8.252156, 41.782798], [-8.251845, 41.777172], [-8.257551, 41.773564], [-8.262055, 41.773335], [-8.252589, 41.760715], [-8.250994, 41.751698], [-8.252829, 41.742703], [-8.263199, 41.729882], [-8.275298, 41.723192], [-8.287354, 41.72015], [-8.299378, 41.720012], [-8.311373, 41.722501], [-8.318042, 41.725095], [-8.331621, 41.734181], [-8.336926, 41.743219], [-8.338103, 41.752233], [-8.333609, 41.762833], [-8.336653, 41.763728], [-8.341756, 41.761468], [-8.344765, 41.762363], [-8.349267, 41.760103], [-8.352557, 41.755145], [-8.349814, 41.744122], [-8.352516, 41.743441], [-8.352203, 41.739616], [-8.357897, 41.735103], [-8.362407, 41.735994], [-8.368703, 41.73193], [-8.373005, 41.734622], [-8.369336, 41.725388], [-8.370425, 41.698372], [-8.355946, 41.680278], [-8.352907, 41.671254], [-8.354417, 41.662255], [-8.36013, 41.655291], [-8.372202, 41.648929], [-8.384218, 41.64816], [-8.398779, 41.653489], [-8.407881, 41.662543], [-8.415416, 41.680596], [-8.443865, 41.694195], [-8.451842, 41.699992], [-8.453868, 41.697961], [-8.453255, 41.695487], [-8.461659, 41.694563], [-8.481114, 41.682607]]], [[[-8.115082, 41.705697], [-8.119195, 41.70922], [-8.128265, 41.705798], [-8.130102, 41.696805], [-8.119418, 41.69282], [-8.112557, 41.69667], [-8.115082, 41.705697]], [[-8.119379, 41.695738], [-8.122075, 41.696743], [-8.119319, 41.700133], [-8.117648, 41.69671], [-8.119379, 41.695738]]], [[[-8.016333, 41.659859], [-8.023715, 41.664252], [-8.030403, 41.659978], [-8.023878, 41.653477], [-8.016333, 41.659859]]], [[[-8.044167, 41.595296], [-8.042973, 41.606041], [-8.046077, 41.615074], [-8.052861, 41.624137], [-8.069426, 41.63328], [-8.108133, 41.63982], [-8.120042, 41.647032], [-8.131987, 41.651752], [-8.143985, 41.652635], [-8.156036, 41.649447], [-8.166162, 41.643029], [-8.171967, 41.634064], [-8.172924, 41.625064], [-8.169857, 41.616035], [-8.163545, 41.606982], [-8.136442, 41.57976], [-8.132947, 41.570726], [-8.144928, 41.543794], [-8.145249, 41.534789], [-8.142271, 41.52576], [-8.132082, 41.516676], [-8.121864, 41.5127], [-8.109921, 41.509703], [-8.0915, 41.509263], [-8.090599, 41.513405], [-8.097908, 41.511863], [-8.109884, 41.512459], [-8.123616, 41.516612], [-8.132675, 41.525688], [-8.134234, 41.534707], [-8.130192, 41.543684], [-8.121343, 41.551191], [-8.109291, 41.555706], [-8.097295, 41.555982], [-8.085363, 41.551785], [-8.082187, 41.549221], [-8.079788, 41.551876], [-8.074396, 41.549848], [-8.072897, 41.551197], [-8.076188, 41.557276], [-8.080082, 41.558854], [-8.081576, 41.565157], [-8.078879, 41.56493], [-8.075279, 41.568305], [-8.073182, 41.568079], [-8.069283, 41.570553], [-8.068081, 41.573478], [-8.056684, 41.579549], [-8.052181, 41.584498], [-8.052777, 41.587649], [-8.048277, 41.590122], [-8.047974, 41.592373], [-8.044167, 41.595296]], [[-8.156198, 41.636992], [-8.152593, 41.64293], [-8.144059, 41.647008], [-8.132043, 41.647606], [-8.119801, 41.642684], [-8.108223, 41.63329], [-8.084217, 41.632881], [-8.072266, 41.629093], [-8.064202, 41.62423], [-8.058367, 41.615176], [-8.058011, 41.606165], [-8.063059, 41.5972], [-8.07283, 41.589739], [-8.084881, 41.585952], [-8.096876, 41.586072], [-8.108819, 41.589995], [-8.132568, 41.60845], [-8.144494, 41.614163], [-8.156335, 41.624943], [-8.158205, 41.633964], [-8.156198, 41.636992]]], [[[-8.575542, 41.615401], [-8.576424, 41.614636], [-8.576583, 41.614497], [-8.576722, 41.614342], [-8.576786, 41.614271], [-8.585954, 41.600272], [-8.586668, 41.58226], [-8.583499, 41.573241], [-8.56919, 41.555174], [-8.554961, 41.546112], [-8.541085, 41.54185], [-8.5291, 41.541306], [-8.517098, 41.543053], [-8.505078, 41.547108], [-8.492218, 41.55486], [-8.482868, 41.563825], [-8.47645, 41.572804], [-8.473682, 41.581798], [-8.474976, 41.590811], [-8.480978, 41.599846], [-8.489968, 41.608893], [-8.504521, 41.620011], [-8.516481, 41.625838], [-8.528461, 41.629138], [-8.535427, 41.629545], [-8.543431, 41.61462], [-8.554533, 41.615255], [-8.557244, 41.617046], [-8.562639, 41.61635], [-8.567756, 41.619032], [-8.570735, 41.616095], [-8.575542, 41.615401]], [[-8.552688, 41.597863], [-8.540637, 41.605048], [-8.52862, 41.607362], [-8.516624, 41.606673], [-8.504653, 41.602762], [-8.492721, 41.594048], [-8.485982, 41.581854], [-8.486917, 41.572851], [-8.492845, 41.56387], [-8.505018, 41.554979], [-8.517039, 41.551009], [-8.529032, 41.550658], [-8.543892, 41.555076], [-8.555643, 41.56413], [-8.560707, 41.573156], [-8.561567, 41.582167], [-8.558606, 41.591163], [-8.552688, 41.597863]]], [[[-8.709001, 41.526499], [-8.721001, 41.523189], [-8.733015, 41.516314], [-8.739335, 41.510648], [-8.745558, 41.501655], [-8.749005, 41.492655], [-8.749914, 41.48365], [-8.744869, 41.465624], [-8.739157, 41.456603], [-8.730221, 41.447575], [-8.709413, 41.434287], [-8.685518, 41.425342], [-8.673564, 41.422572], [-8.661604, 41.421233], [-8.649631, 41.422373], [-8.637618, 41.430555], [-8.623236, 41.447274], [-8.615276, 41.465263], [-8.614188, 41.474267], [-8.615574, 41.483279], [-8.622071, 41.492308], [-8.673069, 41.521129], [-8.685033, 41.525497], [-8.697012, 41.527125], [-8.709001, 41.526499]], [[-8.70912, 41.500002], [-8.697109, 41.50633], [-8.685116, 41.508512], [-8.673135, 41.507949], [-8.661168, 41.504991], [-8.649215, 41.499501], [-8.638355, 41.49236], [-8.630702, 41.483329], [-8.628786, 41.474315], [-8.630708, 41.465314], [-8.63748, 41.45533], [-8.6495, 41.446744], [-8.661493, 41.44266], [-8.673468, 41.441824], [-8.68543, 41.443473], [-8.697381, 41.447821], [-8.7103, 41.456534], [-8.717455, 41.465559], [-8.720406, 41.474574], [-8.720194, 41.483581], [-8.716507, 41.49258], [-8.70912, 41.500002]]], [[[-8.637731, 41.410189], [-8.649698, 41.409818], [-8.661705, 41.40167], [-8.673064, 41.384374], [-8.675025, 41.375372], [-8.674382, 41.366362], [-8.671042, 41.357345], [-8.664461, 41.348319], [-8.650085, 41.337723], [-8.638159, 41.333137], [-8.62622, 41.331087], [-8.614267, 41.331414], [-8.602299, 41.334393], [-8.592842, 41.33908], [-8.583307, 41.348053], [-8.579361, 41.357047], [-8.578712, 41.366052], [-8.580842, 41.375067], [-8.586404, 41.384095], [-8.601915, 41.39738], [-8.625779, 41.407974], [-8.637731, 41.410189]], [[-8.661827, 41.378268], [-8.649813, 41.388477], [-8.637835, 41.391597], [-8.625875, 41.391312], [-8.613934, 41.387886], [-8.602023, 41.37971], [-8.597861, 41.375128], [-8.594001, 41.366107], [-8.594362, 41.357101], [-8.599459, 41.348111], [-8.614014, 41.339153], [-8.626185, 41.337189], [-8.638129, 41.338423], [-8.650054, 41.343464], [-8.656627, 41.348295], [-8.663584, 41.357324], [-8.665576, 41.366337], [-8.661827, 41.378268]]], [[[-8.183933, 41.376081], [-8.184162, 41.381946], [-8.188395, 41.390984], [-8.198937, 41.400065], [-8.207076, 41.403815], [-8.219012, 41.406128], [-8.230985, 41.405347], [-8.24441, 41.400373], [-8.254631, 41.391432], [-8.258887, 41.382452], [-8.259062, 41.373445], [-8.255353, 41.364414], [-8.249334, 41.358554], [-8.248448, 41.364328], [-8.245461, 41.364781], [-8.244272, 41.368384], [-8.238658, 41.371316], [-8.241358, 41.37333], [-8.243549, 41.382352], [-8.236283, 41.391312], [-8.23112, 41.393942], [-8.219149, 41.394726], [-8.209732, 41.391132], [-8.203231, 41.38208], [-8.204369, 41.37652], [-8.199163, 41.377423], [-8.194976, 41.374275], [-8.191691, 41.376302], [-8.183933, 41.376081]]]]}}, {"id": "4", "type": "Feature", "properties": {"fill": "#d75e13", "value_min": -2.67, "value_max": -2.33}, "geometry": {"type": "MultiPolygon", "coordinates": [[[[-7.864534, 41.836432], [-7.876614, 41.834363], [-7.888784, 41.827064], [-7.894239, 41.820873], [-7.897978, 41.811902], [-7.897138, 41.802887], [-7.890912, 41.793821], [-7.877572, 41.784684], [-7.872869, 41.775631], [-7.877691, 41.772712], [-7.881355, 41.766707], [-7.882893, 41.757716], [-7.878071, 41.750853], [-7.866139, 41.745453], [-7.85092, 41.748393], [-7.842367, 41.757314], [-7.842515, 41.766323], [-7.84935, 41.775398], [-7.849542, 41.784407], [-7.839064, 41.793308], [-7.833231, 41.802256], [-7.831734, 41.811247], [-7.834075, 41.820278], [-7.842194, 41.829367], [-7.852521, 41.834741], [-7.864534, 41.836432]], [[-7.864597, 41.832907], [-7.851651, 41.829462], [-7.841461, 41.820353], [-7.838784, 41.811319], [-7.841566, 41.80234], [-7.851219, 41.79343], [-7.865382, 41.788439], [-7.877385, 41.790247], [-7.889289, 41.797841], [-7.893082, 41.802848], [-7.894948, 41.811873], [-7.888844, 41.823561], [-7.87667, 41.831193], [-7.864597, 41.832907]], [[-7.856139, 41.766459], [-7.853774, 41.764448], [-7.851576, 41.757407], [-7.85394, 41.755135], [-7.866034, 41.75144], [-7.874485, 41.757634], [-7.869705, 41.766593], [-7.865721, 41.76919], [-7.856139, 41.766459]]], [[[-8.083086, 41.615375], [-8.084444, 41.616883], [-8.092216, 41.615448], [-8.084489, 41.613665], [-8.083086, 41.615375]]]]}}, {"id": "3", "type": "Feature", "properties": {"fill": "#c33119", "value_min": -3.0, "value_max": -2.67}, "geometry": {"type": "MultiPolygon", "coordinates": [[[[-7.864597, 41.832907], [-7.87667, 41.831193], [-7.888844, 41.823561], [-7.894948, 41.811873], [-7.893082, 41.802848], [-7.889289, 41.797841], [-7.877385, 41.790247], [-7.865382, 41.788439], [-7.851219, 41.79343], [-7.841566, 41.80234], [-7.838784, 41.811319], [-7.841461, 41.820353], [-7.851651, 41.829462], [-7.864597, 41.832907]], [[-7.864659, 41.82939], [-7.852697, 41.8249], [-7.84751, 41.820414], [-7.844552, 41.811377], [-7.848177, 41.802407], [-7.853173, 41.798202], [-7.865283, 41.794012], [-7.877303, 41.794949], [-7.888986, 41.802809], [-7.891918, 41.811844], [-7.887933, 41.820812], [-7.876723, 41.828139], [-7.864659, 41.82939]]], [[[-7.856139, 41.766459], [-7.865721, 41.76919], [-7.869705, 41.766593], [-7.874485, 41.757634], [-7.866034, 41.75144], [-7.85394, 41.755135], [-7.851576, 41.757407], [-7.853774, 41.764448], [-7.856139, 41.766459]]]]}}, {"id": "2", "type": "Feature", "properties": {"fill": "#ae1c1c", "value_min": -3.33, "value_max": -3.0}, "geometry": {"type": "Polygon", "coordinates": [[[-7.864659, 41.82939], [-7.876723, 41.828139], [-7.887933, 41.820812], [-7.891918, 41.811844], [-7.888986, 41.802809], [-7.877303, 41.794949], [-7.865283, 41.794012], [-7.853173, 41.798202], [-7.848177, 41.802407], [-7.844552, 41.811377], [-7.84751, 41.820414], [-7.852697, 41.8249], [-7.864659, 41.82939]], [[-7.864718, 41.826026], [-7.853668, 41.820475], [-7.849771, 41.81143], [-7.854917, 41.802474], [-7.865221, 41.797527], [-7.877246, 41.798221], [-7.883993, 41.80276], [-7.88874, 41.811813], [-7.883536, 41.820769], [-7.876775, 41.825189], [-7.864718, 41.826026]]]}}, {"id": "16", "type": "Feature", "properties": {"fill": "#80a4d0", "value_min": 1.33, "value_max": 1.67}, "geometry": {"type": "MultiPolygon", "coordinates": [[[[-8.007923, 41.841122], [-8.001991, 41.830867], [-7.997161, 41.827075], [-7.989481, 41.82175], [-7.973245, 41.816537], [-7.949177, 41.81582], [-7.937104, 41.817863], [-7.929175, 41.821204], [-7.917821, 41.830104], [-7.909556, 41.84804], [-7.909318, 41.857044], [-7.911961, 41.866076], [-7.921117, 41.878195], [-7.929552, 41.877495], [-7.92412, 41.874192], [-7.917014, 41.866124], [-7.913154, 41.85708], [-7.912623, 41.848069], [-7.914708, 41.839082], [-7.920132, 41.830126], [-7.924931, 41.825777], [-7.937078, 41.819439], [-7.949156, 41.817146], [-7.961198, 41.816969], [-7.97321, 41.818781], [-7.981758, 41.821682], [-7.99527, 41.830808], [-8.001382, 41.839868], [-8.003157, 41.850269], [-8.007923, 41.841122]]], [[[-8.069786, 41.705339], [-8.071193, 41.703745], [-8.083262, 41.700269], [-8.089021, 41.696486], [-8.095353, 41.695033], [-8.113919, 41.678667], [-8.113333, 41.669655], [-8.107794, 41.664414], [-8.095863, 41.658666], [-8.083864, 41.657848], [-8.071797, 41.661796], [-8.063128, 41.669257], [-8.056807, 41.687219], [-8.045066, 41.696129], [-8.039872, 41.705093], [-8.047003, 41.714082], [-8.059015, 41.714712], [-8.069786, 41.705339]], [[-8.059174, 41.703773], [-8.059141, 41.706045], [-8.046583, 41.705149], [-8.047148, 41.704256], [-8.059174, 41.703773]], [[-8.107547, 41.682261], [-8.095373, 41.693633], [-8.083317, 41.69639], [-8.071322, 41.694782], [-8.063069, 41.687271], [-8.062236, 41.678257], [-8.066609, 41.669285], [-8.071753, 41.664858], [-8.083829, 41.660287], [-8.095832, 41.66088], [-8.110127, 41.66963], [-8.111524, 41.678648], [-8.107547, 41.682261]]], [[[-8.361423, 41.524181], [-8.373483, 41.516493], [-8.380147, 41.509273], [-8.384184, 41.500288], [-8.385157, 41.482278], [-8.380789, 41.46424], [-8.374039, 41.455196], [-8.362177, 41.447374], [-8.350241, 41.443822], [-8.338281, 41.44273], [-8.326298, 41.443901], [-8.31429, 41.447378], [-8.301587, 41.454779], [-8.293324, 41.463736], [-8.289926, 41.472722], [-8.290892, 41.490743], [-8.299155, 41.508808], [-8.3135, 41.522329], [-8.325439, 41.526797], [-8.337407, 41.528602], [-8.349404, 41.527536], [-8.361423, 41.524181]], [[-8.373544, 41.510181], [-8.361475, 41.518948], [-8.349448, 41.523152], [-8.337453, 41.524019], [-8.325488, 41.522093], [-8.316569, 41.517921], [-8.305059, 41.508844], [-8.298953, 41.4998], [-8.294212, 41.481756], [-8.29565, 41.472757], [-8.300901, 41.463782], [-8.311873, 41.454841], [-8.326243, 41.449167], [-8.338229, 41.447877], [-8.35019, 41.448907], [-8.362122, 41.453012], [-8.374002, 41.462567], [-8.379913, 41.473243], [-8.382101, 41.491269], [-8.380114, 41.500266], [-8.373544, 41.510181]]], [[[-8.134269, 41.481068], [-8.129805, 41.471622], [-8.122478, 41.46724], [-8.110506, 41.466963], [-8.102575, 41.471413], [-8.098036, 41.480385], [-8.104928, 41.489446], [-8.110171, 41.491496], [-8.122146, 41.491793], [-8.128107, 41.489624], [-8.134269, 41.481068]], [[-8.12235, 41.476701], [-8.125286, 41.480595], [-8.122241, 41.484802], [-8.11026, 41.484937], [-8.107072, 41.480456], [-8.110379, 41.476256], [-8.12235, 41.476701]]], [[[-8.804195, 41.258613], [-8.789237, 41.249529], [-8.769931, 41.24378], [-8.746068, 41.242158], [-8.71025, 41.245776], [-8.686354, 41.251252], [-8.669458, 41.258256], [-8.658015, 41.26723], [-8.652312, 41.276221], [-8.650436, 41.285223], [-8.651414, 41.294234], [-8.655278, 41.303253], [-8.672429, 41.321318], [-8.69789, 41.337927], [-8.721757, 41.346606], [-8.745654, 41.348787], [-8.769574, 41.345346], [-8.781541, 41.341121], [-8.793513, 41.334759], [-8.806765, 41.323885], [-8.804195, 41.258613]], [[-8.769603, 41.337125], [-8.745677, 41.343], [-8.721776, 41.342024], [-8.697907, 41.334264], [-8.685989, 41.327424], [-8.667604, 41.312297], [-8.661163, 41.30327], [-8.657356, 41.294251], [-8.656913, 41.285242], [-8.65993, 41.276243], [-8.666909, 41.267256], [-8.686331, 41.255979], [-8.698285, 41.252326], [-8.722174, 41.248403], [-8.746046, 41.247887], [-8.757976, 41.249372], [-8.769901, 41.252339], [-8.783552, 41.258527], [-8.794785, 41.267555], [-8.801374, 41.276574], [-8.804532, 41.285588], [-8.803887, 41.303602], [-8.800098, 41.312603], [-8.793071, 41.321599], [-8.782213, 41.330586], [-8.769603, 41.337125]]]]}}, {"id": "15", "type": "Feature", "properties": {"fill": "#97a3b2", "value_min": 1.0, "value_max": 1.33}, "geometry": {"type": "MultiPolygon", "coordinates": [[[[-8.01215, 41.834136], [-7.998448, 41.821829], [-7.985287, 41.816409], [-7.961248, 41.81388], [-7.93713, 41.816286], [-7.925003, 41.821479], [-7.91551, 41.830083], [-7.906461, 41.84801], [-7.906338, 41.864525], [-7.906703, 41.866412], [-7.908035, 41.86948], [-7.910299, 41.871285], [-7.909989, 41.873983], [-7.91105, 41.876013], [-7.911186, 41.876231], [-7.911191, 41.876238], [-7.915391, 41.879397], [-7.921117, 41.878195], [-7.911961, 41.866076], [-7.909318, 41.857044], [-7.909556, 41.84804], [-7.917821, 41.830104], [-7.929175, 41.821204], [-7.937104, 41.817863], [-7.949177, 41.81582], [-7.973245, 41.816537], [-7.989481, 41.82175], [-7.997161, 41.827075], [-8.001991, 41.830867], [-8.007923, 41.841122], [-8.007928, 41.838796], [-8.01215, 41.834136]]], [[[-8.058934, 41.720247], [-8.071039, 41.714478], [-8.079977, 41.705421], [-8.095334, 41.696433], [-8.116314, 41.678685], [-8.116537, 41.66968], [-8.107835, 41.661444], [-8.095896, 41.656311], [-8.083898, 41.655409], [-8.068839, 41.660296], [-8.059638, 41.669228], [-8.047445, 41.687142], [-8.036505, 41.696058], [-8.033104, 41.705036], [-8.038892, 41.714092], [-8.046927, 41.719213], [-8.058934, 41.720247]], [[-8.069786, 41.705339], [-8.059015, 41.714712], [-8.047003, 41.714082], [-8.039872, 41.705093], [-8.045066, 41.696129], [-8.056807, 41.687219], [-8.063128, 41.669257], [-8.071797, 41.661796], [-8.083864, 41.657848], [-8.095863, 41.658666], [-8.107794, 41.664414], [-8.113333, 41.669655], [-8.113919, 41.678667], [-8.095353, 41.695033], [-8.089021, 41.696486], [-8.083262, 41.700269], [-8.071193, 41.703745], [-8.069786, 41.705339]]], [[[-8.349343, 41.533615], [-8.361364, 41.530233], [-8.373414, 41.523658], [-8.379609, 41.518278], [-8.385993, 41.509305], [-8.389312, 41.500315], [-8.389949, 41.491311], [-8.386449, 41.46427], [-8.382541, 41.455242], [-8.374156, 41.446621], [-8.362245, 41.44041], [-8.350302, 41.437706], [-8.326363, 41.437612], [-8.314366, 41.440239], [-8.302336, 41.445764], [-8.290891, 41.454713], [-8.284581, 41.463682], [-8.282276, 41.472675], [-8.282726, 41.481685], [-8.29291, 41.50877], [-8.301532, 41.520717], [-8.313428, 41.529154], [-8.325371, 41.533271], [-8.337346, 41.534498], [-8.349343, 41.533615]], [[-8.361423, 41.524181], [-8.349404, 41.527536], [-8.337407, 41.528602], [-8.325439, 41.526797], [-8.3135, 41.522329], [-8.299155, 41.508808], [-8.290892, 41.490743], [-8.289926, 41.472722], [-8.293324, 41.463736], [-8.301587, 41.454779], [-8.31429, 41.447378], [-8.326298, 41.443901], [-8.338281, 41.44273], [-8.350241, 41.443822], [-8.362177, 41.447374], [-8.374039, 41.455196], [-8.380789, 41.46424], [-8.385157, 41.482278], [-8.384184, 41.500288], [-8.380147, 41.509273], [-8.373483, 41.516493], [-8.361423, 41.524181]]], [[[-8.122099, 41.495275], [-8.137154, 41.489692], [-8.142384, 41.480724], [-8.140732, 41.471705], [-8.134485, 41.464802], [-8.13036, 41.462619], [-8.122583, 41.459426], [-8.110614, 41.459107], [-8.098574, 41.463864], [-8.091847, 41.471329], [-8.090716, 41.480327], [-8.098211, 41.490096], [-8.110128, 41.494656], [-8.122099, 41.495275]], [[-8.134269, 41.481068], [-8.128107, 41.489624], [-8.122146, 41.491793], [-8.110171, 41.491496], [-8.104928, 41.489446], [-8.098036, 41.480385], [-8.102575, 41.471413], [-8.110506, 41.466963], [-8.122478, 41.46724], [-8.129805, 41.471622], [-8.134269, 41.481068]]], [[[-8.803486, 41.240594], [-8.781894, 41.235261], [-8.75803, 41.23469], [-8.734154, 41.237354], [-8.686378, 41.246287], [-8.674426, 41.24975], [-8.657006, 41.258219], [-8.647845, 41.267199], [-8.643095, 41.276192], [-8.641918, 41.285197], [-8.643762, 41.29421], [-8.649057, 41.303234], [-8.667005, 41.321303], [-8.697871, 41.342182], [-8.721734, 41.351983], [-8.745628, 41.355635], [-8.769543, 41.354205], [-8.790469, 41.348617], [-8.807425, 41.340617], [-8.806765, 41.323885], [-8.793513, 41.334759], [-8.781541, 41.341121], [-8.769574, 41.345346], [-8.745654, 41.348787], [-8.721757, 41.346606], [-8.69789, 41.337927], [-8.672429, 41.321318], [-8.655278, 41.303253], [-8.651414, 41.294234], [-8.650436, 41.285223], [-8.652312, 41.276221], [-8.658015, 41.26723], [-8.669458, 41.258256], [-8.686354, 41.251252], [-8.71025, 41.245776], [-8.746068, 41.242158], [-8.769931, 41.24378], [-8.789237, 41.249529], [-8.804195, 41.258613], [-8.803486, 41.240594]]]]}}, {"id": "1", "type": "Feature", "properties": {"fill": "#9c1c1c", "value_min": -3.67, "value_max": -3.33}, "geometry": {"type": "Polygon", "coordinates": [[[-7.864718, 41.826026], [-7.876775, 41.825189], [-7.883536, 41.820769], [-7.88874, 41.811813], [-7.883993, 41.80276], [-7.877246, 41.798221], [-7.865221, 41.797527], [-7.854917, 41.802474], [-7.849771, 41.81143], [-7.853668, 41.820475], [-7.864718, 41.826026]], [[-7.864778, 41.822662], [-7.860562, 41.820544], [-7.856334, 41.811495], [-7.862028, 41.802545], [-7.865159, 41.801041], [-7.877188, 41.801493], [-7.882876, 41.811756], [-7.879139, 41.820727], [-7.876826, 41.822239], [-7.864778, 41.822662]]]}}, {"id": "0", "type": "Feature", "properties": {"fill": "#881d1d", "value_min": -4.0, "value_max": -3.67}, "geometry": {"type": "Polygon", "coordinates": [[[-7.864778, 41.822662], [-7.876826, 41.822239], [-7.879139, 41.820727], [-7.882876, 41.811756], [-7.877188, 41.801493], [-7.865159, 41.801041], [-7.862028, 41.802545], [-7.856334, 41.811495], [-7.860562, 41.820544], [-7.864778, 41.822662]]]}}]}