{"type": "FeatureCollection", "features": [{"id": "7", "type": "Feature", "properties": {"fill": "#cba158", "value_min": -1.67, "value_max": -1.33}, "geometry": {"type": "MultiPolygon", "coordinates": [[[[-7.878252, 41.851413], [-7.888502, 41.843358], [-7.900422, 41.829939], [-7.913126, 41.811756], [-7.925307, 41.803297], [-7.949397, 41.80236], [-7.965219, 41.794514], [-7.969279, 41.785544], [-7.966511, 41.776512], [-7.961956, 41.770017], [-7.950912, 41.767364], [-7.938038, 41.761278], [-7.936401, 41.758223], [-7.942136, 41.749269], [-7.945991, 41.731291], [-7.945605, 41.713274], [-7.938962, 41.695199], [-7.927344, 41.68104], [-7.915464, 41.673014], [-7.903525, 41.668651], [-7.897488, 41.667917], [-7.882465, 41.671588], [-7.877044, 41.676077], [-7.876723, 41.681253], [-7.873702, 41.685973], [-7.870774, 41.685742], [-7.871643, 41.703564], [-7.868414, 41.712539], [-7.856315, 41.721427], [-7.842493, 41.722774], [-7.833696, 41.721199], [-7.818448, 41.714421], [-7.815291, 41.718689], [-7.808986, 41.717996], [-7.808396, 41.715744], [-7.804499, 41.714158], [-7.79939, 41.714593], [-7.79788, 41.716164], [-7.796383, 41.71526], [-7.790966, 41.717044], [-7.789449, 41.719966], [-7.78464, 41.720402], [-7.78252, 41.723546], [-7.776204, 41.724652], [-7.773786, 41.727346], [-7.770798, 41.72441], [-7.765698, 41.723044], [-7.761765, 41.727758], [-7.762933, 41.733689], [-7.780354, 41.774686], [-7.780487, 41.792701], [-7.771332, 41.819624], [-7.770448, 41.828621], [-7.774417, 41.83767], [-7.791866, 41.858027], [-7.803724, 41.868227], [-7.815709, 41.871707], [-7.827756, 41.87188], [-7.841953, 41.869261], [-7.841663, 41.866632], [-7.848912, 41.861698], [-7.858542, 41.862622], [-7.859456, 41.860148], [-7.864877, 41.859711], [-7.87033, 41.851395], [-7.873043, 41.850501], [-7.87275, 41.848495], [-7.864247, 41.852651], [-7.852155, 41.855196], [-7.840103, 41.855462], [-7.8281, 41.853069], [-7.816173, 41.846534], [-7.806739, 41.838011], [-7.799905, 41.828933], [-7.796026, 41.819885], [-7.794754, 41.810865], [-7.796203, 41.75684], [-7.798318, 41.747855], [-7.806138, 41.738321], [-7.818258, 41.733125], [-7.854413, 41.728559], [-7.86652, 41.723787], [-7.878899, 41.703303], [-7.887012, 41.694707], [-7.891126, 41.691172], [-7.903169, 41.689614], [-7.917153, 41.694995], [-7.926568, 41.70409], [-7.930349, 41.713133], [-7.93023, 41.722139], [-7.916101, 41.749027], [-7.914472, 41.758018], [-7.915512, 41.767035], [-7.921183, 41.776095], [-7.925703, 41.779584], [-7.937767, 41.777711], [-7.949783, 41.778734], [-7.958379, 41.785445], [-7.956406, 41.794434], [-7.94947, 41.797898], [-7.937425, 41.798414], [-7.92545, 41.794728], [-7.913295, 41.801766], [-7.909277, 41.81201], [-7.897098, 41.829907], [-7.888583, 41.838661], [-7.875163, 41.847454], [-7.878252, 41.851413]]], [[[-8.624871, 41.603945], [-8.625277, 41.5914], [-8.622393, 41.582383], [-8.615126, 41.573351], [-8.604858, 41.564309], [-8.577036, 41.5444], [-8.565079, 41.539531], [-8.541116, 41.537463], [-8.517113, 41.541064], [-8.505089, 41.545629], [-8.489554, 41.554848], [-8.472455, 41.572785], [-8.463203, 41.590757], [-8.456602, 41.60867], [-8.444542, 41.615477], [-8.420491, 41.620632], [-8.384475, 41.62117], [-8.360423, 41.625651], [-8.338774, 41.635145], [-8.327051, 41.644084], [-8.319196, 41.653045], [-8.298742, 41.68895], [-8.287846, 41.69789], [-8.263389, 41.713235], [-8.251248, 41.723611], [-8.242569, 41.733629], [-8.235921, 41.751599], [-8.235865, 41.760605], [-8.241836, 41.778659], [-8.247025, 41.78573], [-8.250356, 41.785052], [-8.252156, 41.782798], [-8.251845, 41.777172], [-8.257551, 41.773564], [-8.261843, 41.773335], [-8.252554, 41.760715], [-8.250962, 41.751698], [-8.25276, 41.742703], [-8.263202, 41.729605], [-8.275303, 41.7227], [-8.287362, 41.719401], [-8.299392, 41.718721], [-8.3114, 41.719989], [-8.33538, 41.726259], [-8.33895, 41.725217], [-8.347484, 41.718201], [-8.350175, 41.69826], [-8.344678, 41.671207], [-8.346718, 41.662212], [-8.352792, 41.653239], [-8.360205, 41.647735], [-8.368616, 41.64432], [-8.384274, 41.642247], [-8.396257, 41.644925], [-8.411482, 41.653554], [-8.432046, 41.671679], [-8.455971, 41.683655], [-8.466744, 41.690788], [-8.482012, 41.682123], [-8.484371, 41.674238], [-8.49308, 41.674886], [-8.499963, 41.671038], [-8.50927, 41.671233], [-8.51018, 41.672806], [-8.511967, 41.670324], [-8.509856, 41.668755], [-8.522103, 41.658811], [-8.525706, 41.659023], [-8.527769, 41.652714], [-8.534066, 41.652017], [-8.537355, 41.64998], [-8.537634, 41.646602], [-8.543876, 41.637352], [-8.543855, 41.633976], [-8.536342, 41.631977], [-8.535128, 41.62973], [-8.543431, 41.61462], [-8.554533, 41.615255], [-8.557244, 41.617046], [-8.562639, 41.61635], [-8.568056, 41.619031], [-8.570735, 41.616095], [-8.577321, 41.614269], [-8.581231, 41.615829], [-8.585766, 41.620988], [-8.591462, 41.620515], [-8.596534, 41.616668], [-8.601628, 41.615972], [-8.603996, 41.611686], [-8.613256, 41.606696], [-8.619881, 41.610269], [-8.621338, 41.604636], [-8.624871, 41.603945]], [[-8.516601, 41.609726], [-8.504627, 41.606161], [-8.492692, 41.597669], [-8.487306, 41.590867], [-8.484721, 41.581848], [-8.486317, 41.572848], [-8.492549, 41.563868], [-8.505018, 41.554897], [-8.51704, 41.550876], [-8.529035, 41.550254], [-8.546585, 41.555087], [-8.55857, 41.564141], [-8.563463, 41.573167], [-8.564571, 41.582178], [-8.562487, 41.591178], [-8.552656, 41.602511], [-8.540613, 41.608427], [-8.528596, 41.610675], [-8.516601, 41.609726]]], [[[-8.351959, 41.756083], [-8.347089, 41.75721], [-8.343562, 41.76209], [-8.349267, 41.760103], [-8.351959, 41.756083]]], [[[-8.130209, 41.696805], [-8.119419, 41.692769], [-8.11248, 41.69667], [-8.114965, 41.705696], [-8.119194, 41.709299], [-8.128077, 41.705796], [-8.130209, 41.696805]], [[-8.117804, 41.696711], [-8.121825, 41.696742], [-8.119323, 41.69981], [-8.117804, 41.696711]]], [[[-8.023896, 41.652285], [-8.014902, 41.659847], [-8.023703, 41.665057], [-8.031615, 41.659989], [-8.023896, 41.652285]]], [[[-8.044345, 41.595296], [-8.043531, 41.606046], [-8.046988, 41.615082], [-8.05378, 41.624145], [-8.071133, 41.633294], [-8.108137, 41.63957], [-8.120042, 41.64705], [-8.131986, 41.651838], [-8.143982, 41.652847], [-8.15603, 41.649937], [-8.167196, 41.643037], [-8.173604, 41.634076], [-8.174835, 41.625078], [-8.172303, 41.616052], [-8.166343, 41.607002], [-8.140372, 41.579789], [-8.137282, 41.570759], [-8.147623, 41.543814], [-8.147559, 41.534807], [-8.143771, 41.525771], [-8.133257, 41.516685], [-8.12187, 41.512286], [-8.109926, 41.509359], [-8.0921, 41.508723], [-8.090599, 41.5134], [-8.097909, 41.511859], [-8.109884, 41.512454], [-8.123679, 41.516613], [-8.132767, 41.525689], [-8.134366, 41.534708], [-8.130262, 41.543684], [-8.121344, 41.551102], [-8.109294, 41.555422], [-8.097301, 41.555595], [-8.085367, 41.55148], [-8.082479, 41.549176], [-8.079788, 41.551876], [-8.074396, 41.549848], [-8.072897, 41.551197], [-8.076188, 41.557276], [-8.080082, 41.558854], [-8.081576, 41.565157], [-8.078879, 41.56493], [-8.075279, 41.568305], [-8.073182, 41.568079], [-8.069283, 41.570553], [-8.068081, 41.573478], [-8.056684, 41.579549], [-8.052181, 41.584498], [-8.052777, 41.587649], [-8.048277, 41.590122], [-8.047974, 41.592373], [-8.044421, 41.595071], [-8.044372, 41.595214], [-8.044345, 41.595296]], [[-8.132045, 41.647466], [-8.120223, 41.642687], [-8.10824, 41.632104], [-8.084229, 41.632052], [-8.072281, 41.628028], [-8.065888, 41.624244], [-8.060379, 41.615192], [-8.060142, 41.606183], [-8.065527, 41.59722], [-8.072804, 41.5915], [-8.084851, 41.588028], [-8.096848, 41.58811], [-8.108797, 41.591616], [-8.128028, 41.606718], [-8.144488, 41.614631], [-8.156197, 41.624942], [-8.158106, 41.633964], [-8.152435, 41.642929], [-8.144061, 41.646878], [-8.132045, 41.647466]]], [[[-8.744865, 41.550674], [-8.756889, 41.541726], [-8.768198, 41.528725], [-8.776416, 41.510727], [-8.777853, 41.501722], [-8.776153, 41.483704], [-8.767905, 41.465672], [-8.752357, 41.447625], [-8.740797, 41.438592], [-8.692285, 41.41145], [-8.684848, 41.402422], [-8.679666, 41.366377], [-8.675315, 41.357357], [-8.662011, 41.34273], [-8.650101, 41.334795], [-8.638177, 41.329749], [-8.626244, 41.326749], [-8.614302, 41.3256], [-8.602348, 41.326264], [-8.58771, 41.330054], [-8.572921, 41.339008], [-8.566356, 41.347987], [-8.562743, 41.356985], [-8.562182, 41.36599], [-8.568248, 41.384028], [-8.577996, 41.396545], [-8.603695, 41.420186], [-8.607535, 41.429207], [-8.607238, 41.438213], [-8.599177, 41.474216], [-8.598435, 41.483221], [-8.601323, 41.494145], [-8.607839, 41.501268], [-8.632431, 41.510356], [-8.64681, 41.519409], [-8.654191, 41.528439], [-8.660966, 41.543622], [-8.672882, 41.558375], [-8.684851, 41.562982], [-8.696839, 41.564084], [-8.708836, 41.563369], [-8.720839, 41.561015], [-8.744865, 41.550674]], [[-8.697065, 41.515765], [-8.685077, 41.516474], [-8.673101, 41.514742], [-8.649186, 41.504985], [-8.629718, 41.492333], [-8.623565, 41.483305], [-8.621727, 41.474292], [-8.623414, 41.46529], [-8.627807, 41.456297], [-8.637536, 41.4454], [-8.649544, 41.438537], [-8.661533, 41.434931], [-8.673504, 41.434457], [-8.685465, 41.436234], [-8.697417, 41.439961], [-8.711805, 41.44753], [-8.722211, 41.456564], [-8.728611, 41.465586], [-8.731644, 41.474601], [-8.732039, 41.483609], [-8.729774, 41.492612], [-8.721083, 41.504244], [-8.709065, 41.512086], [-8.697065, 41.515765]], [[-8.637791, 41.399416], [-8.625831, 41.398897], [-8.613888, 41.395607], [-8.601964, 41.389387], [-8.595468, 41.384127], [-8.588417, 41.375095], [-8.585143, 41.366075], [-8.585517, 41.357069], [-8.59009, 41.348078], [-8.600545, 41.339107], [-8.61425, 41.334428], [-8.626205, 41.333667], [-8.638145, 41.335541], [-8.647747, 41.339261], [-8.660851, 41.348308], [-8.667327, 41.357335], [-8.670037, 41.36635], [-8.669448, 41.375356], [-8.665272, 41.384352], [-8.661772, 41.388875], [-8.649768, 41.396769], [-8.637791, 41.399416]]], [[[-8.176798, 41.376309], [-8.177477, 41.381899], [-8.182083, 41.390939], [-8.195129, 41.402505], [-8.207031, 41.407556], [-8.218972, 41.409486], [-8.230946, 41.408718], [-8.242952, 41.40507], [-8.251144, 41.400417], [-8.260545, 41.39147], [-8.264924, 41.38249], [-8.265952, 41.37349], [-8.263958, 41.364469], [-8.258207, 41.355425], [-8.253503, 41.351249], [-8.249622, 41.353072], [-8.251123, 41.356897], [-8.248141, 41.360052], [-8.248448, 41.364328], [-8.245461, 41.364781], [-8.242481, 41.369425], [-8.245654, 41.373358], [-8.246731, 41.382373], [-8.241045, 41.391343], [-8.231092, 41.396321], [-8.21912, 41.397101], [-8.207211, 41.392757], [-8.199566, 41.382054], [-8.200229, 41.377423], [-8.194976, 41.374275], [-8.191691, 41.376302], [-8.176798, 41.376309]]], [[[-8.49691, 41.221998], [-8.499794, 41.23062], [-8.506025, 41.239655], [-8.51674, 41.248708], [-8.53116, 41.25531], [-8.54308, 41.257652], [-8.555016, 41.257757], [-8.566967, 41.255712], [-8.582544, 41.248965], [-8.594796, 41.240001], [-8.614951, 41.215114], [-8.623605, 41.213076], [-8.626896, 41.21243], [-8.653865, 41.222178], [-8.674542, 41.226296], [-8.698408, 41.225542], [-8.711647, 41.222338], [-8.728836, 41.213371], [-8.738454, 41.204386], [-8.74406, 41.19539], [-8.746891, 41.186389], [-8.747407, 41.177382], [-8.745532, 41.16837], [-8.741101, 41.159352], [-8.734502, 41.151243], [-8.727195, 41.145664], [-8.674793, 41.146932], [-8.674849, 41.153767], [-8.672489, 41.15648], [-8.66117, 41.156307], [-8.662078, 41.158104], [-8.660313, 41.160813], [-8.657033, 41.160378], [-8.654961, 41.161963], [-8.653222, 41.168049], [-8.655052, 41.173513], [-8.662918, 41.166486], [-8.674863, 41.161507], [-8.68679, 41.159853], [-8.698705, 41.16076], [-8.710607, 41.164671], [-8.722489, 41.173813], [-8.728589, 41.186347], [-8.728337, 41.195354], [-8.724242, 41.204353], [-8.714388, 41.213337], [-8.698437, 41.219349], [-8.686501, 41.220548], [-8.674579, 41.218818], [-8.660576, 41.213191], [-8.651339, 41.204155], [-8.647197, 41.195135], [-8.647302, 41.186127], [-8.650161, 41.179768], [-8.647955, 41.180228], [-8.647696, 41.185181], [-8.641225, 41.196014], [-8.638841, 41.196025], [-8.638231, 41.194227], [-8.634946, 41.193341], [-8.632526, 41.188624], [-8.625658, 41.186628], [-8.621132, 41.178994], [-8.613374, 41.177451], [-8.608583, 41.174095], [-8.609164, 41.172066], [-8.605845, 41.166228], [-8.602853, 41.164319], [-8.598985, 41.165003], [-8.598253, 41.165133], [-8.595713, 41.165582], [-8.595648, 41.165594], [-8.59363, 41.16595], [-8.589174, 41.167645], [-8.589194, 41.170572], [-8.583263, 41.174422], [-8.582094, 41.177803], [-8.578825, 41.178941], [-8.581296, 41.191762], [-8.575958, 41.195609], [-8.576894, 41.201908], [-8.574515, 41.202593], [-8.57423, 41.20462], [-8.567971, 41.204644], [-8.565895, 41.206227], [-8.56768, 41.208471], [-8.573385, 41.212901], [-8.576171, 41.221919], [-8.567121, 41.232327], [-8.555179, 41.233721], [-8.54669, 41.230814], [-8.540021, 41.22178], [-8.542499, 41.212782], [-8.549367, 41.209214], [-8.532257, 41.213102], [-8.52653, 41.202542], [-8.523236, 41.200077], [-8.518471, 41.200543], [-8.51163, 41.203042], [-8.510456, 41.206197], [-8.505693, 41.207113], [-8.504239, 41.213646], [-8.500076, 41.21546], [-8.50308, 41.219502], [-8.502204, 41.222656], [-8.49691, 41.221998]]], [[[-8.549521, 41.209146], [-8.549521, 41.209146], [-8.549875, 41.208988], [-8.549521, 41.209146]]], [[[-8.550115, 41.20888], [-8.550115, 41.20888], [-8.550383, 41.208761], [-8.550115, 41.20888]]], [[[-8.550412, 41.208747], [-8.550412, 41.208747], [-8.553429, 41.207399], [-8.550412, 41.208747]]], [[[-8.553682, 41.207286], [-8.553682, 41.207286], [-8.553936, 41.207172], [-8.553682, 41.207286]]], [[[-8.553979, 41.207153], [-8.553979, 41.207153], [-8.556659, 41.206711], [-8.553979, 41.207153]]], [[[-8.556664, 41.206712], [-8.556664, 41.206712], [-8.561134, 41.207322], [-8.556664, 41.206712]]]]}}, {"id": "6", "type": "Feature", "properties": {"fill": "#e79f24", "value_min": -2.0, "value_max": -1.67}, "geometry": {"type": "MultiPolygon", "coordinates": [[[[-7.875163, 41.847454], [-7.888583, 41.838661], [-7.897098, 41.829907], [-7.909277, 41.81201], [-7.913295, 41.801766], [-7.92545, 41.794728], [-7.937425, 41.798414], [-7.94947, 41.797898], [-7.956406, 41.794434], [-7.958379, 41.785445], [-7.949783, 41.778734], [-7.937767, 41.777711], [-7.925703, 41.779584], [-7.921183, 41.776095], [-7.915512, 41.767035], [-7.914472, 41.758018], [-7.916101, 41.749027], [-7.93023, 41.722139], [-7.930349, 41.713133], [-7.926568, 41.70409], [-7.917153, 41.694995], [-7.903169, 41.689614], [-7.891126, 41.691172], [-7.887012, 41.694707], [-7.878899, 41.703303], [-7.86652, 41.723787], [-7.854413, 41.728559], [-7.818258, 41.733125], [-7.806138, 41.738321], [-7.798318, 41.747855], [-7.796203, 41.75684], [-7.794754, 41.810865], [-7.796026, 41.819885], [-7.799905, 41.828933], [-7.806739, 41.838011], [-7.816173, 41.846534], [-7.8281, 41.853069], [-7.840103, 41.855462], [-7.852155, 41.855196], [-7.864247, 41.852651], [-7.87275, 41.848495], [-7.873066, 41.844875], [-7.875163, 41.847454]], [[-7.864357, 41.846475], [-7.852295, 41.847404], [-7.840279, 41.845721], [-7.828335, 41.840187], [-7.816872, 41.829109], [-7.81168, 41.820048], [-7.80951, 41.802013], [-7.815534, 41.757041], [-7.821194, 41.748092], [-7.836023, 41.739237], [-7.872834, 41.730597], [-7.880346, 41.712656], [-7.888834, 41.703732], [-7.890942, 41.701854], [-7.902982, 41.700614], [-7.910073, 41.703935], [-7.918291, 41.71302], [-7.917961, 41.722024], [-7.914552, 41.727244], [-7.901048, 41.739877], [-7.901556, 41.775909], [-7.906954, 41.793974], [-7.907547, 41.802987], [-7.905549, 41.811975], [-7.901024, 41.820938], [-7.888644, 41.835149], [-7.876467, 41.842761], [-7.864357, 41.846475]]], [[[-8.343562, 41.76209], [-8.347089, 41.75721], [-8.351959, 41.756083], [-8.352545, 41.751769], [-8.349814, 41.744122], [-8.352516, 41.743441], [-8.352203, 41.739616], [-8.357897, 41.735103], [-8.362407, 41.735994], [-8.368703, 41.73193], [-8.374122, 41.734845], [-8.384922, 41.73032], [-8.387032, 41.731891], [-8.388532, 41.731294], [-8.384938, 41.725472], [-8.384241, 41.716461], [-8.387741, 41.707473], [-8.398695, 41.698524], [-8.407809, 41.694657], [-8.419833, 41.693988], [-8.431827, 41.696569], [-8.445796, 41.705475], [-8.453868, 41.697961], [-8.453255, 41.695487], [-8.461659, 41.694563], [-8.466744, 41.690788], [-8.455971, 41.683655], [-8.432046, 41.671679], [-8.411482, 41.653554], [-8.396257, 41.644925], [-8.384274, 41.642247], [-8.368616, 41.64432], [-8.360205, 41.647735], [-8.352792, 41.653239], [-8.346718, 41.662212], [-8.344678, 41.671207], [-8.350175, 41.69826], [-8.347484, 41.718201], [-8.33895, 41.725217], [-8.33538, 41.726259], [-8.3114, 41.719989], [-8.299392, 41.718721], [-8.287362, 41.719401], [-8.275303, 41.7227], [-8.263202, 41.729605], [-8.25276, 41.742703], [-8.250962, 41.751698], [-8.252554, 41.760715], [-8.261843, 41.773335], [-8.274371, 41.76552], [-8.268217, 41.760816], [-8.263131, 41.751777], [-8.265325, 41.742784], [-8.275175, 41.734106], [-8.28723, 41.731379], [-8.30036, 41.733995], [-8.310901, 41.743066], [-8.312704, 41.752084], [-8.307913, 41.760625], [-8.311096, 41.762195], [-8.318308, 41.761283], [-8.325233, 41.765098], [-8.328234, 41.763292], [-8.336653, 41.763728], [-8.338452, 41.762149], [-8.343562, 41.76209]], [[-8.37272, 41.671364], [-8.374012, 41.662364], [-8.384106, 41.659883], [-8.389327, 41.662446], [-8.390349, 41.671459], [-8.383959, 41.675335], [-8.37272, 41.671364]]], [[[-8.117804, 41.696711], [-8.119323, 41.69981], [-8.121825, 41.696742], [-8.117804, 41.696711]]], [[[-8.132045, 41.647466], [-8.144061, 41.646878], [-8.152435, 41.642929], [-8.158106, 41.633964], [-8.156197, 41.624942], [-8.144488, 41.614631], [-8.128028, 41.606718], [-8.108797, 41.591616], [-8.096848, 41.58811], [-8.084851, 41.588028], [-8.072804, 41.5915], [-8.065527, 41.59722], [-8.060142, 41.606183], [-8.060379, 41.615192], [-8.065888, 41.624244], [-8.072281, 41.628028], [-8.084229, 41.632052], [-8.10824, 41.632104], [-8.120223, 41.642687], [-8.132045, 41.647466]], [[-8.131292, 41.642771], [-8.122325, 41.633696], [-8.132358, 41.624089], [-8.144299, 41.628887], [-8.14726, 41.633884], [-8.144176, 41.638169], [-8.134375, 41.642794], [-8.131292, 41.642771]], [[-8.08429, 41.627754], [-8.075927, 41.624325], [-8.069012, 41.615262], [-8.071684, 41.606277], [-8.084698, 41.598926], [-8.096688, 41.599558], [-8.107401, 41.60656], [-8.111022, 41.615595], [-8.104362, 41.62455], [-8.096298, 41.627501], [-8.08429, 41.627754]]], [[[-8.516601, 41.609726], [-8.528596, 41.610675], [-8.540613, 41.608427], [-8.552656, 41.602511], [-8.562487, 41.591178], [-8.564571, 41.582178], [-8.563463, 41.573167], [-8.55857, 41.564141], [-8.546585, 41.555087], [-8.529035, 41.550254], [-8.51704, 41.550876], [-8.505018, 41.554897], [-8.492549, 41.563868], [-8.486317, 41.572848], [-8.484721, 41.581848], [-8.487306, 41.590867], [-8.492692, 41.597669], [-8.504627, 41.606161], [-8.516601, 41.609726]], [[-8.516708, 41.595433], [-8.504628, 41.590943], [-8.497041, 41.581903], [-8.496825, 41.572895], [-8.504957, 41.562919], [-8.516981, 41.558722], [-8.528967, 41.559568], [-8.538327, 41.564061], [-8.545106, 41.573096], [-8.544625, 41.582101], [-8.536271, 41.591075], [-8.528712, 41.594646], [-8.516708, 41.595433]]], [[[-8.082479, 41.549176], [-8.085367, 41.55148], [-8.097301, 41.555595], [-8.109294, 41.555422], [-8.121344, 41.551102], [-8.130262, 41.543684], [-8.134366, 41.534708], [-8.132767, 41.525689], [-8.123679, 41.516613], [-8.109884, 41.512454], [-8.097909, 41.511859], [-8.090599, 41.5134], [-8.089934, 41.519693], [-8.097859, 41.515436], [-8.109841, 41.51555], [-8.113154, 41.516532], [-8.124539, 41.525626], [-8.124102, 41.53463], [-8.121523, 41.537915], [-8.109444, 41.544534], [-8.096273, 41.543671], [-8.094175, 41.544904], [-8.087885, 41.542876], [-8.083389, 41.5449], [-8.082479, 41.549176]]], [[[-8.697065, 41.515765], [-8.709065, 41.512086], [-8.721083, 41.504244], [-8.729774, 41.492612], [-8.732039, 41.483609], [-8.731644, 41.474601], [-8.728611, 41.465586], [-8.722211, 41.456564], [-8.711805, 41.44753], [-8.697417, 41.439961], [-8.685465, 41.436234], [-8.673504, 41.434457], [-8.661533, 41.434931], [-8.649544, 41.438537], [-8.637536, 41.4454], [-8.627807, 41.456297], [-8.623414, 41.46529], [-8.621727, 41.474292], [-8.623565, 41.483305], [-8.629718, 41.492333], [-8.649186, 41.504985], [-8.673101, 41.514742], [-8.685077, 41.516474], [-8.697065, 41.515765]], [[-8.670972, 41.501466], [-8.661195, 41.499878], [-8.646046, 41.492384], [-8.63834, 41.483353], [-8.636528, 41.47434], [-8.639682, 41.465342], [-8.64945, 41.45592], [-8.661448, 41.451229], [-8.673424, 41.450463], [-8.685385, 41.452906], [-8.697326, 41.459711], [-8.703129, 41.465523], [-8.706876, 41.474541], [-8.706257, 41.483546], [-8.697161, 41.495191], [-8.685153, 41.500725], [-8.670972, 41.501466]]], [[[-8.637791, 41.399416], [-8.649768, 41.396769], [-8.661772, 41.388875], [-8.665272, 41.384352], [-8.669448, 41.375356], [-8.670037, 41.36635], [-8.667327, 41.357335], [-8.660851, 41.348308], [-8.647747, 41.339261], [-8.638145, 41.335541], [-8.626205, 41.333667], [-8.61425, 41.334428], [-8.600545, 41.339107], [-8.59009, 41.348078], [-8.585517, 41.357069], [-8.585143, 41.366075], [-8.588417, 41.375095], [-8.595468, 41.384127], [-8.601964, 41.389387], [-8.613888, 41.395607], [-8.625831, 41.398897], [-8.637791, 41.399416]], [[-8.625908, 41.385454], [-8.613973, 41.381284], [-8.606039, 41.375156], [-8.600839, 41.366131], [-8.600994, 41.357124], [-8.60695, 41.348137], [-8.614195, 41.343719], [-8.626165, 41.340642], [-8.638111, 41.341741], [-8.651885, 41.348281], [-8.658887, 41.35731], [-8.660432, 41.366322], [-8.656483, 41.375318], [-8.649851, 41.381399], [-8.637868, 41.385608], [-8.625908, 41.385454]]], [[[-8.200229, 41.377423], [-8.199566, 41.382054], [-8.207211, 41.392757], [-8.21912, 41.397101], [-8.231092, 41.396321], [-8.241045, 41.391343], [-8.246731, 41.382373], [-8.245654, 41.373358], [-8.242481, 41.369425], [-8.239197, 41.371315], [-8.232024, 41.369971], [-8.224854, 41.370878], [-8.21738, 41.368182], [-8.211712, 41.376065], [-8.200229, 41.377423]]], [[[-8.549367, 41.209214], [-8.542499, 41.212782], [-8.540021, 41.22178], [-8.54669, 41.230814], [-8.555179, 41.233721], [-8.567121, 41.232327], [-8.576171, 41.221919], [-8.573385, 41.212901], [-8.56768, 41.208471], [-8.565618, 41.20938], [-8.561134, 41.207322], [-8.556664, 41.206712], [-8.556659, 41.206711], [-8.553979, 41.207153], [-8.553936, 41.207172], [-8.553682, 41.207286], [-8.553429, 41.207399], [-8.550412, 41.208747], [-8.550383, 41.208761], [-8.550115, 41.20888], [-8.549875, 41.208988], [-8.549521, 41.209146], [-8.549367, 41.209214]]], [[[-8.650161, 41.179768], [-8.647302, 41.186127], [-8.647197, 41.195135], [-8.651339, 41.204155], [-8.660576, 41.213191], [-8.674579, 41.218818], [-8.686501, 41.220548], [-8.698437, 41.219349], [-8.714388, 41.213337], [-8.724242, 41.204353], [-8.728337, 41.195354], [-8.728589, 41.186347], [-8.722489, 41.173813], [-8.710607, 41.164671], [-8.698705, 41.16076], [-8.68679, 41.159853], [-8.674863, 41.161507], [-8.662918, 41.166486], [-8.655052, 41.173513], [-8.655366, 41.175467], [-8.650161, 41.179768]], [[-8.686541, 41.212164], [-8.674635, 41.207479], [-8.670506, 41.204211], [-8.667563, 41.195195], [-8.671553, 41.186199], [-8.674755, 41.183359], [-8.686699, 41.179043], [-8.698616, 41.180335], [-8.70783, 41.186296], [-8.711943, 41.195315], [-8.708502, 41.204314], [-8.698477, 41.210497], [-8.686541, 41.212164]]]]}}, {"id": "5", "type": "Feature", "properties": {"fill": "#ea870e", "value_min": -2.33, "value_max": -2.0}, "geometry": {"type": "MultiPolygon", "coordinates": [[[[-7.864357, 41.846475], [-7.876467, 41.842761], [-7.888644, 41.835149], [-7.901024, 41.820938], [-7.905549, 41.811975], [-7.907547, 41.802987], [-7.906954, 41.793974], [-7.901556, 41.775909], [-7.901048, 41.739877], [-7.914552, 41.727244], [-7.917961, 41.722024], [-7.918291, 41.71302], [-7.910073, 41.703935], [-7.902982, 41.700614], [-7.890942, 41.701854], [-7.888834, 41.703732], [-7.880346, 41.712656], [-7.872834, 41.730597], [-7.836023, 41.739237], [-7.821194, 41.748092], [-7.815534, 41.757041], [-7.80951, 41.802013], [-7.81168, 41.820048], [-7.816872, 41.829109], [-7.828335, 41.840187], [-7.840279, 41.845721], [-7.852295, 41.847404], [-7.864357, 41.846475]], [[-7.852398, 41.841598], [-7.840424, 41.837687], [-7.829139, 41.829235], [-7.823049, 41.820166], [-7.82094, 41.811137], [-7.82156, 41.802137], [-7.827626, 41.784185], [-7.830391, 41.757193], [-7.836853, 41.748252], [-7.84209, 41.745235], [-7.854197, 41.740671], [-7.866243, 41.739507], [-7.878236, 41.741379], [-7.887889, 41.748757], [-7.891611, 41.7578], [-7.889615, 41.775794], [-7.901282, 41.80039], [-7.901822, 41.811939], [-7.898059, 41.82091], [-7.888705, 41.831637], [-7.876541, 41.838523], [-7.864439, 41.841844], [-7.852398, 41.841598]], [[-7.890537, 41.725415], [-7.887489, 41.721733], [-7.888343, 41.712734], [-7.890797, 41.71028], [-7.902819, 41.710193], [-7.906205, 41.712905], [-7.905711, 41.721908], [-7.902573, 41.724667], [-7.890537, 41.725415]]], [[[-8.307913, 41.760625], [-8.312704, 41.752084], [-8.310901, 41.743066], [-8.30036, 41.733995], [-8.28723, 41.731379], [-8.275175, 41.734106], [-8.265325, 41.742784], [-8.263131, 41.751777], [-8.268217, 41.760816], [-8.274371, 41.76552], [-8.280681, 41.764083], [-8.284038, 41.761109], [-8.284931, 41.757507], [-8.287033, 41.756829], [-8.298457, 41.757263], [-8.300866, 41.758835], [-8.305674, 41.758152], [-8.30778, 41.758824], [-8.307913, 41.760625]], [[-8.284463, 41.751911], [-8.287043, 41.748292], [-8.288636, 41.751937], [-8.286992, 41.752904], [-8.284463, 41.751911]]], [[[-8.445796, 41.705475], [-8.431827, 41.696569], [-8.419833, 41.693988], [-8.407809, 41.694657], [-8.398695, 41.698524], [-8.387741, 41.707473], [-8.384241, 41.716461], [-8.384938, 41.725472], [-8.388532, 41.731294], [-8.393033, 41.729852], [-8.396942, 41.730518], [-8.400531, 41.726683], [-8.402934, 41.726452], [-8.404721, 41.722847], [-8.413744, 41.725076], [-8.415551, 41.724396], [-8.407587, 41.718881], [-8.407617, 41.715569], [-8.419674, 41.71166], [-8.426458, 41.71668], [-8.423932, 41.720549], [-8.429643, 41.719859], [-8.430533, 41.717381], [-8.436526, 41.714214], [-8.441333, 41.714201], [-8.441618, 41.711049], [-8.445796, 41.705475]]], [[[-8.37272, 41.671364], [-8.383959, 41.675335], [-8.390349, 41.671459], [-8.389327, 41.662446], [-8.384106, 41.659883], [-8.374012, 41.662364], [-8.37272, 41.671364]]], [[[-8.131292, 41.642771], [-8.134375, 41.642794], [-8.144176, 41.638169], [-8.14726, 41.633884], [-8.144299, 41.628887], [-8.132358, 41.624089], [-8.122325, 41.633696], [-8.131292, 41.642771]]], [[[-8.08429, 41.627754], [-8.096298, 41.627501], [-8.104362, 41.62455], [-8.111022, 41.615595], [-8.107401, 41.60656], [-8.096688, 41.599558], [-8.084698, 41.598926], [-8.071684, 41.606277], [-8.069012, 41.615262], [-8.075927, 41.624325], [-8.08429, 41.627754]], [[-8.084369, 41.622132], [-8.078223, 41.615336], [-8.084576, 41.607524], [-8.096548, 41.60959], [-8.100502, 41.615513], [-8.0964, 41.620201], [-8.084369, 41.622132]]], [[[-8.516708, 41.595433], [-8.528712, 41.594646], [-8.536271, 41.591075], [-8.544625, 41.582101], [-8.545106, 41.573096], [-8.538327, 41.564061], [-8.528967, 41.559568], [-8.516981, 41.558722], [-8.504957, 41.562919], [-8.496825, 41.572895], [-8.497041, 41.581903], [-8.504628, 41.590943], [-8.516708, 41.595433]], [[-8.512369, 41.581969], [-8.508297, 41.572944], [-8.516916, 41.567478], [-8.52888, 41.571653], [-8.530197, 41.573036], [-8.528835, 41.577813], [-8.525325, 41.582023], [-8.516792, 41.584173], [-8.512369, 41.581969]]], [[[-8.096273, 41.543671], [-8.109444, 41.544534], [-8.121523, 41.537915], [-8.124102, 41.53463], [-8.124539, 41.525626], [-8.113154, 41.516532], [-8.109841, 41.51555], [-8.097859, 41.515436], [-8.089934, 41.519693], [-8.090594, 41.522169], [-8.093588, 41.52307], [-8.09209, 41.524645], [-8.092385, 41.532749], [-8.095978, 41.534325], [-8.098073, 41.538152], [-8.106759, 41.543106], [-8.096273, 41.543671]], [[-8.09759, 41.534787], [-8.093847, 41.525389], [-8.097762, 41.522398], [-8.109757, 41.521669], [-8.114982, 41.525553], [-8.109565, 41.535699], [-8.09759, 41.534787]]], [[[-8.670972, 41.501466], [-8.685153, 41.500725], [-8.697161, 41.495191], [-8.706257, 41.483546], [-8.706876, 41.474541], [-8.703129, 41.465523], [-8.697326, 41.459711], [-8.685385, 41.452906], [-8.673424, 41.450463], [-8.661448, 41.451229], [-8.64945, 41.45592], [-8.639682, 41.465342], [-8.636528, 41.47434], [-8.63834, 41.483353], [-8.646046, 41.492384], [-8.661195, 41.499878], [-8.670972, 41.501466]], [[-8.67322, 41.491094], [-8.661246, 41.490026], [-8.651706, 41.483394], [-8.649596, 41.47438], [-8.661382, 41.463966], [-8.673359, 41.463521], [-8.678264, 41.465457], [-8.687515, 41.47449], [-8.68629, 41.483494], [-8.67322, 41.491094]]], [[[-8.625908, 41.385454], [-8.637868, 41.385608], [-8.649851, 41.381399], [-8.656483, 41.375318], [-8.660432, 41.366322], [-8.658887, 41.35731], [-8.651885, 41.348281], [-8.638111, 41.341741], [-8.626165, 41.340642], [-8.614195, 41.343719], [-8.60695, 41.348137], [-8.600994, 41.357124], [-8.600839, 41.366131], [-8.606039, 41.375156], [-8.613973, 41.381284], [-8.625908, 41.385454]], [[-8.625972, 41.374287], [-8.615343, 41.36618], [-8.61502, 41.357171], [-8.626118, 41.348847], [-8.63807, 41.349062], [-8.648994, 41.35728], [-8.649272, 41.366289], [-8.637929, 41.374671], [-8.625972, 41.374287]]], [[[-8.686541, 41.212164], [-8.698477, 41.210497], [-8.708502, 41.204314], [-8.711943, 41.195315], [-8.70783, 41.186296], [-8.698616, 41.180335], [-8.686699, 41.179043], [-8.674755, 41.183359], [-8.671553, 41.186199], [-8.667563, 41.195195], [-8.670506, 41.204211], [-8.674635, 41.207479], [-8.686541, 41.212164]]]]}}, {"id": "8", "type": "Feature", "properties": {"fill": "#b1a288", "value_min": -1.33, "value_max": -1.0}, "geometry": {"type": "MultiPolygon", "coordinates": [[[[-8.624871, 41.603945], [-8.628833, 41.604378], [-8.636302, 41.600744], [-8.64075, 41.594422], [-8.645536, 41.593051], [-8.646744, 41.594171], [-8.649125, 41.591909], [-8.656622, 41.5921], [-8.660788, 41.588255], [-8.663794, 41.589141], [-8.665265, 41.585758], [-8.66948, 41.587989], [-8.684455, 41.586117], [-8.685608, 41.58071], [-8.697261, 41.576376], [-8.701703, 41.570277], [-8.707704, 41.570923], [-8.712485, 41.569323], [-8.716422, 41.573805], [-8.720316, 41.57356], [-8.725151, 41.577811], [-8.726633, 41.576003], [-8.734424, 41.575737], [-8.736564, 41.580228], [-8.738354, 41.579318], [-8.740778, 41.582006], [-8.74467, 41.581535], [-8.750711, 41.58623], [-8.75993, 41.578527], [-8.767441, 41.580286], [-8.769874, 41.583874], [-8.768997, 41.58613], [-8.773228, 41.589482], [-8.774165, 41.593303], [-8.78556, 41.593464], [-8.797327, 41.600599], [-8.804218, 41.600109], [-8.80456, 41.604158], [-8.809434, 41.611332], [-8.828644, 41.609656], [-8.82839, 41.585633], [-8.818497, 41.554794], [-8.8221, 41.547542], [-8.821965, 41.534907], [-8.815926, 41.525624], [-8.81063, 41.5101], [-8.813279, 41.503483], [-8.812636, 41.496944], [-8.804699, 41.482068], [-8.798552, 41.474753], [-8.80154, 41.446836], [-8.805721, 41.438148], [-8.733465, 41.406602], [-8.711419, 41.393484], [-8.6977, 41.378971], [-8.689996, 41.366406], [-8.675551, 41.34835], [-8.665173, 41.339313], [-8.650129, 41.329511], [-8.626287, 41.319364], [-8.598493, 41.312077], [-8.571302, 41.302971], [-8.566038, 41.293943], [-8.570115, 41.284951], [-8.579418, 41.275977], [-8.614774, 41.245346], [-8.626757, 41.236849], [-8.638712, 41.232942], [-8.67451, 41.232686], [-8.698384, 41.230872], [-8.727417, 41.222376], [-8.743565, 41.213405], [-8.763124, 41.195431], [-8.773765, 41.177437], [-8.778692, 41.15943], [-8.779033, 41.144522], [-8.727195, 41.145664], [-8.734502, 41.151243], [-8.741101, 41.159352], [-8.745532, 41.16837], [-8.747407, 41.177382], [-8.746891, 41.186389], [-8.74406, 41.19539], [-8.738454, 41.204386], [-8.728836, 41.213371], [-8.711647, 41.222338], [-8.698408, 41.225542], [-8.674542, 41.226296], [-8.653865, 41.222178], [-8.626896, 41.21243], [-8.623605, 41.213076], [-8.614951, 41.215114], [-8.594796, 41.240001], [-8.582544, 41.248965], [-8.566967, 41.255712], [-8.555016, 41.257757], [-8.54308, 41.257652], [-8.53116, 41.25531], [-8.51674, 41.248708], [-8.506025, 41.239655], [-8.499794, 41.23062], [-8.49691, 41.221998], [-8.487935, 41.230354], [-8.490333, 41.232598], [-8.484411, 41.240495], [-8.476346, 41.237818], [-8.475756, 41.23917], [-8.470986, 41.23941], [-8.471604, 41.243459], [-8.469227, 41.245267], [-8.463258, 41.244384], [-8.459989, 41.246644], [-8.454323, 41.246886], [-8.455541, 41.251834], [-8.452276, 41.25522], [-8.449891, 41.255452], [-8.449304, 41.257479], [-8.447812, 41.257258], [-8.449028, 41.261982], [-8.439785, 41.262907], [-8.438022, 41.268813], [-8.458463, 41.28448], [-8.487047, 41.302626], [-8.497721, 41.311681], [-8.502418, 41.320709], [-8.507259, 41.365768], [-8.521131, 41.419872], [-8.520227, 41.455898], [-8.533583, 41.491983], [-8.533256, 41.500989], [-8.529982, 41.509983], [-8.523746, 41.518965], [-8.512107, 41.527924], [-8.481115, 41.544947], [-8.469033, 41.556205], [-8.456981, 41.563462], [-8.384768, 41.590278], [-8.320255, 41.608015], [-8.240284, 41.633621], [-8.228453, 41.618991], [-8.222193, 41.607394], [-8.19305, 41.570297], [-8.171364, 41.534981], [-8.163759, 41.525918], [-8.149611, 41.516807], [-8.13386, 41.511782], [-8.116785, 41.507552], [-8.093, 41.504841], [-8.0921, 41.508723], [-8.109926, 41.509359], [-8.12187, 41.512286], [-8.133257, 41.516685], [-8.143771, 41.525771], [-8.147559, 41.534807], [-8.147623, 41.543814], [-8.137282, 41.570759], [-8.140372, 41.579789], [-8.166343, 41.607002], [-8.172303, 41.616052], [-8.174835, 41.625078], [-8.173604, 41.634076], [-8.167196, 41.643037], [-8.15603, 41.649937], [-8.143982, 41.652847], [-8.131986, 41.651838], [-8.120042, 41.64705], [-8.108137, 41.63957], [-8.071133, 41.633294], [-8.05378, 41.624145], [-8.046988, 41.615082], [-8.043531, 41.606046], [-8.044345, 41.595296], [-8.031467, 41.602938], [-8.02367, 41.603156], [-8.019174, 41.601802], [-8.015872, 41.603824], [-8.010473, 41.604494], [-8.005971, 41.60629], [-8.003562, 41.611239], [-7.99936, 41.61281], [-7.998462, 41.612359], [-7.999669, 41.608759], [-7.996976, 41.605829], [-7.996684, 41.602003], [-7.984685, 41.603564], [-7.982292, 41.60086], [-7.975688, 41.603752], [-7.988535, 41.609584], [-8.006975, 41.62375], [-8.005502, 41.632745], [-8.000133, 41.635749], [-7.994975, 41.64166], [-7.99142, 41.650636], [-7.993333, 41.65966], [-8.003615, 41.668756], [-8.011592, 41.671528], [-8.02359, 41.672547], [-8.03568, 41.667364], [-8.040605, 41.660064], [-8.040349, 41.651055], [-8.036445, 41.642015], [-8.048179, 41.634309], [-8.096103, 41.641466], [-8.108062, 41.644949], [-8.131922, 41.65661], [-8.155892, 41.660462], [-8.167909, 41.660033], [-8.179948, 41.657745], [-8.219432, 41.643403], [-8.228217, 41.638711], [-8.240149, 41.645115], [-8.247023, 41.670609], [-8.247454, 41.688626], [-8.239536, 41.706588], [-8.221884, 41.724484], [-8.216337, 41.733453], [-8.213391, 41.74244], [-8.206469, 41.77842], [-8.210095, 41.804442], [-8.213692, 41.803765], [-8.217598, 41.80016], [-8.217589, 41.793634], [-8.224207, 41.794303], [-8.229917, 41.791598], [-8.240744, 41.791588], [-8.24074, 41.789338], [-8.247025, 41.78573], [-8.241836, 41.778659], [-8.235865, 41.760605], [-8.235921, 41.751599], [-8.242569, 41.733629], [-8.251248, 41.723611], [-8.263389, 41.713235], [-8.287846, 41.69789], [-8.298742, 41.68895], [-8.319196, 41.653045], [-8.327051, 41.644084], [-8.338774, 41.635145], [-8.360423, 41.625651], [-8.384475, 41.62117], [-8.420491, 41.620632], [-8.444542, 41.615477], [-8.456602, 41.60867], [-8.463203, 41.590757], [-8.472455, 41.572785], [-8.489554, 41.554848], [-8.505089, 41.545629], [-8.517113, 41.541064], [-8.541116, 41.537463], [-8.565079, 41.539531], [-8.577036, 41.5444], [-8.604858, 41.564309], [-8.615126, 41.573351], [-8.622393, 41.582383], [-8.625277, 41.5914], [-8.624871, 41.603945]], [[-8.023896, 41.652285], [-8.031615, 41.659989], [-8.023703, 41.665057], [-8.014902, 41.659847], [-8.023896, 41.652285]], [[-8.744865, 41.550674], [-8.720839, 41.561015], [-8.708836, 41.563369], [-8.696839, 41.564084], [-8.684851, 41.562982], [-8.672882, 41.558375], [-8.660966, 41.543622], [-8.654191, 41.528439], [-8.64681, 41.519409], [-8.632431, 41.510356], [-8.607839, 41.501268], [-8.601323, 41.494145], [-8.598435, 41.483221], [-8.599177, 41.474216], [-8.607238, 41.438213], [-8.607535, 41.429207], [-8.603695, 41.420186], [-8.577996, 41.396545], [-8.568248, 41.384028], [-8.562182, 41.36599], [-8.562743, 41.356985], [-8.566356, 41.347987], [-8.572921, 41.339008], [-8.58771, 41.330054], [-8.602348, 41.326264], [-8.614302, 41.3256], [-8.626244, 41.326749], [-8.638177, 41.329749], [-8.650101, 41.334795], [-8.662011, 41.34273], [-8.675315, 41.357357], [-8.679666, 41.366377], [-8.684848, 41.402422], [-8.692285, 41.41145], [-8.740797, 41.438592], [-8.752357, 41.447625], [-8.767905, 41.465672], [-8.776153, 41.483704], [-8.777853, 41.501722], [-8.776416, 41.510727], [-8.768198, 41.528725], [-8.756889, 41.541726], [-8.744865, 41.550674]]], [[[-7.882523, 41.854123], [-7.900713, 41.833672], [-7.913045, 41.81657], [-7.918651, 41.812099], [-7.925238, 41.807439], [-7.949353, 41.805054], [-7.961447, 41.801606], [-7.974555, 41.794598], [-7.982848, 41.785665], [-7.985932, 41.776685], [-7.985757, 41.767677], [-7.982749, 41.758643], [-7.972979, 41.740542], [-7.966736, 41.722473], [-7.952653, 41.641282], [-7.952494, 41.61426], [-7.958703, 41.605309], [-7.963854, 41.60241], [-7.9541, 41.602846], [-7.952606, 41.600592], [-7.947808, 41.60081], [-7.945413, 41.599456], [-7.942725, 41.595625], [-7.935832, 41.594713], [-7.93791, 41.601694], [-7.937004, 41.603718], [-7.931604, 41.604384], [-7.930979, 41.612711], [-7.925556, 41.620354], [-7.920755, 41.620796], [-7.917748, 41.623041], [-7.915933, 41.627764], [-7.913229, 41.628885], [-7.912613, 41.63361], [-7.906014, 41.633147], [-7.906884, 41.641927], [-7.897869, 41.645511], [-7.89696, 41.647985], [-7.892759, 41.647976], [-7.892145, 41.651576], [-7.902319, 41.659925], [-7.899913, 41.66127], [-7.900198, 41.665547], [-7.897488, 41.667917], [-7.903525, 41.668651], [-7.915464, 41.673014], [-7.927344, 41.68104], [-7.938962, 41.695199], [-7.945605, 41.713274], [-7.945991, 41.731291], [-7.942136, 41.749269], [-7.936401, 41.758223], [-7.938038, 41.761278], [-7.950912, 41.767364], [-7.961956, 41.770017], [-7.966511, 41.776512], [-7.969279, 41.785544], [-7.965219, 41.794514], [-7.949397, 41.80236], [-7.925307, 41.803297], [-7.913126, 41.811756], [-7.900422, 41.829939], [-7.888502, 41.843358], [-7.878252, 41.851413], [-7.882523, 41.854123]]], [[[-7.841953, 41.869261], [-7.827756, 41.87188], [-7.815709, 41.871707], [-7.803724, 41.868227], [-7.791866, 41.858027], [-7.774417, 41.83767], [-7.770448, 41.828621], [-7.771332, 41.819624], [-7.780487, 41.792701], [-7.780354, 41.774686], [-7.762933, 41.733689], [-7.759307, 41.737203], [-7.759597, 41.739005], [-7.75689, 41.739446], [-7.758687, 41.740577], [-7.757758, 41.745301], [-7.748417, 41.749321], [-7.747786, 41.754496], [-7.743559, 41.757579], [-7.757508, 41.765721], [-7.763748, 41.774509], [-7.766028, 41.78354], [-7.764118, 41.792526], [-7.756798, 41.802493], [-7.74463, 41.809217], [-7.72849, 41.811984], [-7.728761, 41.816776], [-7.732041, 41.821514], [-7.74345, 41.825605], [-7.738918, 41.82874], [-7.742196, 41.833928], [-7.74729, 41.837772], [-7.746349, 41.84407], [-7.750246, 41.846784], [-7.750532, 41.849261], [-7.743309, 41.849012], [-7.746901, 41.8524], [-7.746881, 41.855776], [-7.73843, 41.859348], [-7.734159, 41.868337], [-7.730228, 41.871024], [-7.729293, 41.875972], [-7.720533, 41.880218], [-7.720523, 41.881793], [-7.725335, 41.882935], [-7.726208, 41.887665], [-7.737044, 41.888828], [-7.73944, 41.891087], [-7.74246, 41.889747], [-7.742785, 41.885922], [-7.756022, 41.888441], [-7.758719, 41.890926], [-7.756592, 41.89407], [-7.758076, 41.897901], [-7.764097, 41.898595], [-7.779227, 41.886264], [-7.785257, 41.885157], [-7.788886, 41.882467], [-7.794007, 41.882257], [-7.796739, 41.878214], [-7.794349, 41.87438], [-7.797064, 41.873488], [-7.803381, 41.874857], [-7.804914, 41.869459], [-7.813032, 41.871958], [-7.814229, 41.873537], [-7.818448, 41.872873], [-7.823863, 41.874013], [-7.825059, 41.875817], [-7.830479, 41.875831], [-7.830789, 41.874031], [-7.832894, 41.874712], [-7.83772, 41.872924], [-7.842528, 41.875187], [-7.841953, 41.869261]]], [[[-7.818448, 41.714421], [-7.833696, 41.721199], [-7.842493, 41.722774], [-7.856315, 41.721427], [-7.868414, 41.712539], [-7.871643, 41.703564], [-7.870774, 41.685742], [-7.868896, 41.686413], [-7.868008, 41.68326], [-7.864403, 41.683701], [-7.864096, 41.685276], [-7.860493, 41.685268], [-7.857773, 41.689538], [-7.854776, 41.68818], [-7.844831, 41.696388], [-7.855001, 41.695411], [-7.862354, 41.703473], [-7.858955, 41.712446], [-7.85465, 41.715173], [-7.842658, 41.713555], [-7.840061, 41.712257], [-7.838471, 41.708031], [-7.838465, 41.709522], [-7.832753, 41.710408], [-7.825252, 41.708813], [-7.818448, 41.714421]]], [[[-7.83666, 41.703216], [-7.842408, 41.697153], [-7.837309, 41.699391], [-7.83666, 41.703216]]], [[[-8.044372, 41.595214], [-8.044372, 41.595214], [-8.044421, 41.595071], [-8.044372, 41.595214]]], [[[-8.59363, 41.16595], [-8.59363, 41.16595], [-8.595648, 41.165594], [-8.59363, 41.16595]]], [[[-8.595713, 41.165582], [-8.595713, 41.165582], [-8.598253, 41.165133], [-8.595713, 41.165582]]], [[[-8.598985, 41.165003], [-8.598985, 41.165003], [-8.602853, 41.164319], [-8.598985, 41.165003]]], [[[-8.155138, 41.718142], [-8.158693, 41.715031], [-8.159792, 41.706032], [-8.152073, 41.696969], [-8.131473, 41.69005], [-8.119461, 41.689712], [-8.107256, 41.696629], [-8.10719, 41.708103], [-8.119048, 41.719972], [-8.130989, 41.725993], [-8.143016, 41.725696], [-8.155138, 41.718142]], [[-8.130209, 41.696805], [-8.128077, 41.705796], [-8.119194, 41.709299], [-8.114965, 41.705696], [-8.11248, 41.69667], [-8.119419, 41.692769], [-8.130209, 41.696805]]], [[[-8.143575, 41.376543], [-8.152914, 41.390728], [-8.17399, 41.408896], [-8.192657, 41.418036], [-8.206857, 41.421868], [-8.218814, 41.42267], [-8.230795, 41.421469], [-8.254824, 41.413131], [-8.273586, 41.400561], [-8.303152, 41.369439], [-8.315094, 41.370916], [-8.327501, 41.382873], [-8.343137, 41.391971], [-8.362683, 41.395597], [-8.374657, 41.394336], [-8.381833, 41.392186], [-8.396148, 41.383254], [-8.40282, 41.374281], [-8.405351, 41.365287], [-8.404549, 41.356275], [-8.399028, 41.345783], [-8.387173, 41.335406], [-8.377124, 41.331261], [-8.377097, 41.33125], [-8.376581, 41.331037], [-8.375004, 41.330453], [-8.364844, 41.328701], [-8.361563, 41.329718], [-8.357975, 41.328231], [-8.347226, 41.328578], [-8.344251, 41.332002], [-8.333215, 41.336299], [-8.326363, 41.342163], [-8.324568, 41.341041], [-8.323376, 41.341943], [-8.316788, 41.335876], [-8.313802, 41.336331], [-8.311693, 41.32968], [-8.305711, 41.325834], [-8.303622, 41.326443], [-8.303617, 41.324483], [-8.301869, 41.322619], [-8.30182, 41.322567], [-8.290895, 41.312731], [-8.281801, 41.316569], [-8.281808, 41.319721], [-8.278828, 41.321976], [-8.278238, 41.325128], [-8.273161, 41.325134], [-8.269582, 41.326939], [-8.265709, 41.331221], [-8.269004, 41.336169], [-8.263339, 41.340902], [-8.262751, 41.345405], [-8.256483, 41.347663], [-8.253503, 41.351249], [-8.258207, 41.355425], [-8.263958, 41.364469], [-8.265952, 41.37349], [-8.264924, 41.38249], [-8.260545, 41.39147], [-8.251144, 41.400417], [-8.242952, 41.40507], [-8.230946, 41.408718], [-8.218972, 41.409486], [-8.207031, 41.407556], [-8.195129, 41.402505], [-8.182083, 41.390939], [-8.177477, 41.381899], [-8.176798, 41.376309], [-8.168382, 41.377438], [-8.164499, 41.38059], [-8.152544, 41.375866], [-8.151049, 41.37339], [-8.145073, 41.374742], [-8.143575, 41.376543]]]]}}, {"id": "9", "type": "Feature", "properties": {"fill": "#a3a3a3", "value_min": -1.0, "value_max": -0.67}, "geometry": {"type": "MultiPolygon", "coordinates": [[[[-8.210095, 41.804442], [-8.206469, 41.77842], [-8.213391, 41.74244], [-8.216337, 41.733453], [-8.221884, 41.724484], [-8.239536, 41.706588], [-8.247454, 41.688626], [-8.247023, 41.670609], [-8.240149, 41.645115], [-8.228217, 41.638711], [-8.219432, 41.643403], [-8.179948, 41.657745], [-8.167909, 41.660033], [-8.155892, 41.660462], [-8.131922, 41.65661], [-8.108062, 41.644949], [-8.096103, 41.641466], [-8.048179, 41.634309], [-8.036445, 41.642015], [-8.040349, 41.651055], [-8.040605, 41.660064], [-8.03568, 41.667364], [-8.02359, 41.672547], [-8.011592, 41.671528], [-8.003615, 41.668756], [-7.993333, 41.65966], [-7.99142, 41.650636], [-7.994975, 41.64166], [-8.000133, 41.635749], [-8.005502, 41.632745], [-8.006975, 41.62375], [-7.988535, 41.609584], [-7.975688, 41.603752], [-7.974482, 41.606701], [-7.970882, 41.607147], [-7.969091, 41.603768], [-7.963854, 41.60241], [-7.958703, 41.605309], [-7.952494, 41.61426], [-7.952653, 41.641282], [-7.966736, 41.722473], [-7.972979, 41.740542], [-7.982749, 41.758643], [-7.985757, 41.767677], [-7.985932, 41.776685], [-7.982848, 41.785665], [-7.974555, 41.794598], [-7.961447, 41.801606], [-7.949353, 41.805054], [-7.925238, 41.807439], [-7.918651, 41.812099], [-7.913045, 41.81657], [-7.900713, 41.833672], [-7.882523, 41.854123], [-7.888375, 41.855927], [-7.912967, 41.821193], [-7.925168, 41.811582], [-7.968704, 41.803552], [-7.992088, 41.794753], [-8.008888, 41.785892], [-8.017756, 41.776962], [-8.018528, 41.767961], [-8.01472, 41.758922], [-7.998566, 41.736817], [-7.988605, 41.71366], [-7.98761, 41.695638], [-7.992631, 41.686675], [-7.999399, 41.683181], [-8.023507, 41.678021], [-8.035593, 41.673224], [-8.046928, 41.660117], [-8.050667, 41.651141], [-8.060042, 41.64416], [-8.072062, 41.643291], [-8.096051, 41.645199], [-8.108005, 41.649126], [-8.130815, 41.660782], [-8.142805, 41.669879], [-8.141823, 41.678879], [-8.119503, 41.686578], [-8.107378, 41.694492], [-8.104697, 41.696609], [-8.101867, 41.705594], [-8.106934, 41.726591], [-8.115482, 41.750735], [-8.114991, 41.786759], [-8.119047, 41.811402], [-8.123807, 41.808702], [-8.138247, 41.808477], [-8.139751, 41.813203], [-8.14276, 41.812978], [-8.144866, 41.815228], [-8.149078, 41.814777], [-8.153893, 41.817928], [-8.165326, 41.81815], [-8.173744, 41.808019], [-8.177655, 41.808242], [-8.183676, 41.812741], [-8.190291, 41.809587], [-8.197158, 41.814129], [-8.201063, 41.808724], [-8.204973, 41.807372], [-8.205872, 41.804445], [-8.210095, 41.804442]], [[-8.155138, 41.718142], [-8.143016, 41.725696], [-8.130989, 41.725993], [-8.119048, 41.719972], [-8.10719, 41.708103], [-8.107256, 41.696629], [-8.119461, 41.689712], [-8.131473, 41.69005], [-8.152073, 41.696969], [-8.159792, 41.706032], [-8.158693, 41.715031], [-8.155138, 41.718142]]], [[[-7.72849, 41.811984], [-7.74463, 41.809217], [-7.756798, 41.802493], [-7.764118, 41.792526], [-7.766028, 41.78354], [-7.763748, 41.774509], [-7.757508, 41.765721], [-7.743559, 41.757579], [-7.740214, 41.763924], [-7.726937, 41.771755], [-7.7254, 41.777152], [-7.727191, 41.779184], [-7.724177, 41.780299], [-7.725372, 41.781653], [-7.722296, 41.792446], [-7.728879, 41.797871], [-7.72705, 41.801691], [-7.72849, 41.811984]]], [[[-7.838471, 41.708031], [-7.840061, 41.712257], [-7.842658, 41.713555], [-7.85465, 41.715173], [-7.858955, 41.712446], [-7.862354, 41.703473], [-7.855001, 41.695411], [-7.844831, 41.696388], [-7.842408, 41.697153], [-7.83666, 41.703216], [-7.839682, 41.705924], [-7.838471, 41.708031]]], [[[-8.093, 41.504841], [-8.116785, 41.507552], [-8.13386, 41.511782], [-8.149611, 41.516807], [-8.163759, 41.525918], [-8.171364, 41.534981], [-8.19305, 41.570297], [-8.222193, 41.607394], [-8.228453, 41.618991], [-8.240284, 41.633621], [-8.320255, 41.608015], [-8.384768, 41.590278], [-8.456981, 41.563462], [-8.469033, 41.556205], [-8.481115, 41.544947], [-8.512107, 41.527924], [-8.523746, 41.518965], [-8.529982, 41.509983], [-8.533256, 41.500989], [-8.533583, 41.491983], [-8.520227, 41.455898], [-8.521131, 41.419872], [-8.507259, 41.365768], [-8.502418, 41.320709], [-8.497721, 41.311681], [-8.487047, 41.302626], [-8.458463, 41.28448], [-8.438022, 41.268813], [-8.434745, 41.269673], [-8.432691, 41.277107], [-8.427032, 41.279372], [-8.429143, 41.284319], [-8.426171, 41.287028], [-8.426488, 41.291079], [-8.425013, 41.294909], [-8.422037, 41.296942], [-8.422647, 41.299867], [-8.407744, 41.304856], [-8.406262, 41.307335], [-8.403277, 41.307342], [-8.401801, 41.311398], [-8.399712, 41.311628], [-8.400316, 41.313202], [-8.396738, 41.314336], [-8.398835, 41.316131], [-8.393775, 41.31997], [-8.393489, 41.323122], [-8.391105, 41.324253], [-8.386325, 41.323588], [-8.38068, 41.331028], [-8.377124, 41.331261], [-8.387173, 41.335406], [-8.399028, 41.345783], [-8.404549, 41.356275], [-8.405351, 41.365287], [-8.40282, 41.374281], [-8.396148, 41.383254], [-8.381833, 41.392186], [-8.374657, 41.394336], [-8.362683, 41.395597], [-8.343137, 41.391971], [-8.327501, 41.382873], [-8.315094, 41.370916], [-8.303152, 41.369439], [-8.273586, 41.400561], [-8.254824, 41.413131], [-8.230795, 41.421469], [-8.218814, 41.42267], [-8.206857, 41.421868], [-8.192657, 41.418036], [-8.17399, 41.408896], [-8.152914, 41.390728], [-8.143575, 41.376543], [-8.139096, 41.377894], [-8.131924, 41.374292], [-8.119074, 41.377218], [-8.119672, 41.378569], [-8.116683, 41.380144], [-8.117578, 41.386447], [-8.113992, 41.386896], [-8.112795, 41.390723], [-8.110105, 41.390947], [-8.108011, 41.393648], [-8.103827, 41.392972], [-8.105321, 41.394998], [-8.10263, 41.396123], [-8.10801, 41.398825], [-8.108008, 41.403806], [-8.135176, 41.412765], [-8.194648, 41.441416], [-8.206591, 41.443713], [-8.218568, 41.443156], [-8.230577, 41.439987], [-8.25464, 41.429227], [-8.290756, 41.409822], [-8.30277, 41.405191], [-8.31475, 41.403725], [-8.362549, 41.409336], [-8.410404, 41.409699], [-8.422347, 41.412167], [-8.435122, 41.419482], [-8.441881, 41.428523], [-8.444181, 41.437541], [-8.442577, 41.446541], [-8.432967, 41.455501], [-8.421915, 41.460882], [-8.409564, 41.473399], [-8.407929, 41.482398], [-8.409682, 41.489439], [-8.421541, 41.503005], [-8.429653, 41.50953], [-8.428652, 41.518532], [-8.407844, 41.545449], [-8.397552, 41.554403], [-8.385036, 41.562007], [-8.372993, 41.567289], [-8.348939, 41.573862], [-8.324919, 41.57675], [-8.312924, 41.576755], [-8.288971, 41.573245], [-8.277021, 41.56923], [-8.264753, 41.562637], [-8.254592, 41.553565], [-8.250191, 41.544529], [-8.252819, 41.535539], [-8.264195, 41.517597], [-8.265686, 41.5086], [-8.261391, 41.499565], [-8.253924, 41.491731], [-8.242006, 41.486406], [-8.230046, 41.484849], [-8.218049, 41.48639], [-8.193931, 41.499364], [-8.18189, 41.504106], [-8.157883, 41.507433], [-8.121961, 41.505555], [-8.077136, 41.498176], [-8.078332, 41.500331], [-8.093, 41.504841]], [[-8.473816, 41.50974], [-8.481437, 41.504683], [-8.490981, 41.509817], [-8.481325, 41.518626], [-8.473816, 41.50974]]], [[[-8.076873, 41.498079], [-8.076873, 41.498079], [-8.076837, 41.498066], [-8.076873, 41.498079]]], [[[-8.290895, 41.312731], [-8.30182, 41.322567], [-8.301216, 41.319694], [-8.296431, 41.316774], [-8.297618, 41.313846], [-8.296116, 41.310022], [-8.290895, 41.312731]]], [[[-8.301869, 41.322619], [-8.301869, 41.322619], [-8.303617, 41.324483], [-8.301869, 41.322619]]], [[[-8.305711, 41.325834], [-8.311693, 41.32968], [-8.310792, 41.327557], [-8.305711, 41.325834]]], [[[-8.347226, 41.328578], [-8.357975, 41.328231], [-8.357673, 41.327249], [-8.350207, 41.327264], [-8.347226, 41.328578]]], [[[-8.364844, 41.328701], [-8.375004, 41.330453], [-8.37201, 41.328346], [-8.364844, 41.328701]]], [[[-8.376581, 41.331037], [-8.376581, 41.331037], [-8.377097, 41.33125], [-8.376581, 41.331037]]], [[[-8.809856, 41.4022], [-8.781348, 41.398887], [-8.757441, 41.393878], [-8.733547, 41.386455], [-8.72161, 41.380991], [-8.709685, 41.373297], [-8.682718, 41.34837], [-8.662066, 41.332048], [-8.615575, 41.303127], [-8.607851, 41.294093], [-8.606083, 41.28508], [-8.608479, 41.27608], [-8.614416, 41.267092], [-8.622207, 41.25811], [-8.638638, 41.246248], [-8.659596, 41.240211], [-8.710306, 41.233036], [-8.7342, 41.225862], [-8.763031, 41.213447], [-8.801511, 41.190343], [-8.799695, 41.14406], [-8.779033, 41.144522], [-8.778692, 41.15943], [-8.773765, 41.177437], [-8.763124, 41.195431], [-8.743565, 41.213405], [-8.727417, 41.222376], [-8.698384, 41.230872], [-8.67451, 41.232686], [-8.638712, 41.232942], [-8.626757, 41.236849], [-8.614774, 41.245346], [-8.579418, 41.275977], [-8.570115, 41.284951], [-8.566038, 41.293943], [-8.571302, 41.302971], [-8.598493, 41.312077], [-8.626287, 41.319364], [-8.650129, 41.329511], [-8.665173, 41.339313], [-8.675551, 41.34835], [-8.689996, 41.366406], [-8.6977, 41.378971], [-8.711419, 41.393484], [-8.733465, 41.406602], [-8.805721, 41.438148], [-8.807354, 41.425915], [-8.811166, 41.417099], [-8.809856, 41.4022]]]]}}, {"id": "22", "type": "Feature", "properties": {"fill": "#214db8", "value_min": 3.33, "value_max": -3.67}, "geometry": {"type": "MultiPolygon", "coordinates": [[[[-7.97267, 41.852524], [-7.975542, 41.848647], [-7.976344, 41.839648], [-7.968845, 41.830574], [-7.961034, 41.827161], [-7.948996, 41.826883], [-7.936924, 41.82874], [-7.934535, 41.830261], [-7.93025, 41.839228], [-7.929972, 41.848232], [-7.936449, 41.857422], [-7.948427, 41.861652], [-7.960493, 41.86058], [-7.97267, 41.852524]], [[-7.948469, 41.859107], [-7.936524, 41.85289], [-7.933287, 41.848263], [-7.9335, 41.839258], [-7.936769, 41.830281], [-7.948968, 41.828638], [-7.961007, 41.828832], [-7.964912, 41.830538], [-7.973305, 41.839621], [-7.970774, 41.848605], [-7.96054, 41.857695], [-7.948469, 41.859107]]], [[[-8.095657, 41.673399], [-8.083646, 41.673186], [-8.079125, 41.678393], [-8.083497, 41.683714], [-8.095525, 41.682824], [-8.09912, 41.678552], [-8.095657, 41.673399]], [[-8.083534, 41.681071], [-8.081348, 41.678411], [-8.083609, 41.675808], [-8.095621, 41.675962], [-8.097353, 41.678538], [-8.095555, 41.680675], [-8.083534, 41.681071]]], [[[-8.359503, 41.491146], [-8.359279, 41.482137], [-8.34995, 41.472947], [-8.337988, 41.471557], [-8.32595, 41.477518], [-8.322409, 41.481926], [-8.322225, 41.490932], [-8.325762, 41.495603], [-8.337678, 41.501952], [-8.349671, 41.50081], [-8.359503, 41.491146]], [[-8.337717, 41.498131], [-8.325709, 41.490952], [-8.326296, 41.481948], [-8.337943, 41.475918], [-8.349905, 41.477476], [-8.354569, 41.482111], [-8.354636, 41.491118], [-8.349717, 41.496276], [-8.337717, 41.498131]]], [[[-8.745318, 41.303487], [-8.747213, 41.294484], [-8.745879, 41.291056], [-8.743345, 41.285467], [-8.733987, 41.278405], [-8.722061, 41.275025], [-8.710118, 41.275621], [-8.698153, 41.281038], [-8.693509, 41.285346], [-8.689953, 41.294344], [-8.692261, 41.303358], [-8.69802, 41.309713], [-8.709941, 41.315524], [-8.721885, 41.316507], [-8.733844, 41.313605], [-8.745318, 41.303487]], [[-8.715179, 41.312424], [-8.709958, 41.311713], [-8.698044, 41.304658], [-8.694587, 41.294356], [-8.699208, 41.285361], [-8.710097, 41.28032], [-8.72204, 41.27982], [-8.736137, 41.285451], [-8.740622, 41.294469], [-8.738483, 41.303472], [-8.733868, 41.307747], [-8.7219, 41.312838], [-8.715179, 41.312424]]]]}}, {"id": "23", "type": "Feature", "properties": {"fill": "#1f4099", "value_min": 3.67, "value_max": -4.0}, "geometry": {"type": "MultiPolygon", "coordinates": [[[[-7.948469, 41.859107], [-7.96054, 41.857695], [-7.970774, 41.848605], [-7.973305, 41.839621], [-7.964912, 41.830538], [-7.961007, 41.828832], [-7.948968, 41.828638], [-7.936769, 41.830281], [-7.9335, 41.839258], [-7.933287, 41.848263], [-7.936524, 41.85289], [-7.948469, 41.859107]]], [[[-8.083534, 41.681071], [-8.095555, 41.680675], [-8.097353, 41.678538], [-8.095621, 41.675962], [-8.083609, 41.675808], [-8.081348, 41.678411], [-8.083534, 41.681071]]], [[[-8.337717, 41.498131], [-8.349717, 41.496276], [-8.354636, 41.491118], [-8.354569, 41.482111], [-8.349905, 41.477476], [-8.337943, 41.475918], [-8.326296, 41.481948], [-8.325709, 41.490952], [-8.337717, 41.498131]]], [[[-8.715179, 41.312424], [-8.7219, 41.312838], [-8.733868, 41.307747], [-8.738483, 41.303472], [-8.740622, 41.294469], [-8.736137, 41.285451], [-8.72204, 41.27982], [-8.710097, 41.28032], [-8.699208, 41.285361], [-8.694587, 41.294356], [-8.698044, 41.304658], [-8.709958, 41.311713], [-8.715179, 41.312424]]]]}}, {"id": "4", "type": "Feature", "properties": {"fill": "#d75e13", "value_min": -2.67, "value_max": -2.33}, "geometry": {"type": "MultiPolygon", "coordinates": [[[[-7.852398, 41.841598], [-7.864439, 41.841844], [-7.876541, 41.838523], [-7.888705, 41.831637], [-7.898059, 41.82091], [-7.901822, 41.811939], [-7.901282, 41.80039], [-7.889615, 41.775794], [-7.891611, 41.7578], [-7.887889, 41.748757], [-7.878236, 41.741379], [-7.866243, 41.739507], [-7.854197, 41.740671], [-7.84209, 41.745235], [-7.836853, 41.748252], [-7.830391, 41.757193], [-7.827626, 41.784185], [-7.82156, 41.802137], [-7.82094, 41.811137], [-7.823049, 41.820166], [-7.829139, 41.829235], [-7.840424, 41.837687], [-7.852398, 41.841598]], [[-7.864515, 41.837548], [-7.852494, 41.836262], [-7.839207, 41.829337], [-7.831984, 41.820257], [-7.83005, 41.81123], [-7.831481, 41.802238], [-7.841331, 41.787406], [-7.845815, 41.784369], [-7.846815, 41.775373], [-7.841314, 41.766311], [-7.841385, 41.757304], [-7.849596, 41.74838], [-7.854096, 41.746357], [-7.86615, 41.744793], [-7.878094, 41.749577], [-7.883684, 41.757723], [-7.88223, 41.766716], [-7.875727, 41.775659], [-7.879894, 41.784707], [-7.889416, 41.790447], [-7.897927, 41.802895], [-7.898707, 41.811909], [-7.895095, 41.820881], [-7.888765, 41.828134], [-7.876597, 41.835363], [-7.864515, 41.837548]]], [[[-8.284463, 41.751911], [-8.286992, 41.752904], [-8.288636, 41.751937], [-8.287043, 41.748292], [-8.284463, 41.751911]]], [[[-8.423932, 41.720549], [-8.426458, 41.71668], [-8.419674, 41.71166], [-8.407617, 41.715569], [-8.407587, 41.718881], [-8.415551, 41.724396], [-8.417349, 41.725067], [-8.41974, 41.722135], [-8.423932, 41.720549]]], [[[-7.890537, 41.725415], [-7.902573, 41.724667], [-7.905711, 41.721908], [-7.906205, 41.712905], [-7.902819, 41.710193], [-7.890797, 41.71028], [-7.888343, 41.712734], [-7.887489, 41.721733], [-7.890537, 41.725415]]], [[[-8.084369, 41.622132], [-8.0964, 41.620201], [-8.100502, 41.615513], [-8.096548, 41.60959], [-8.084576, 41.607524], [-8.078223, 41.615336], [-8.084369, 41.622132]]], [[[-8.512369, 41.581969], [-8.516792, 41.584173], [-8.525325, 41.582023], [-8.528835, 41.577813], [-8.530197, 41.573036], [-8.52888, 41.571653], [-8.516916, 41.567478], [-8.508297, 41.572944], [-8.512369, 41.581969]]], [[[-8.09759, 41.534787], [-8.109565, 41.535699], [-8.114982, 41.525553], [-8.109757, 41.521669], [-8.097762, 41.522398], [-8.093847, 41.525389], [-8.09759, 41.534787]]], [[[-8.67322, 41.491094], [-8.68629, 41.483494], [-8.687515, 41.47449], [-8.678264, 41.465457], [-8.673359, 41.463521], [-8.661382, 41.463966], [-8.649596, 41.47438], [-8.651706, 41.483394], [-8.661246, 41.490026], [-8.67322, 41.491094]]], [[[-8.625972, 41.374287], [-8.637929, 41.374671], [-8.649272, 41.366289], [-8.648994, 41.35728], [-8.63807, 41.349062], [-8.626118, 41.348847], [-8.61502, 41.357171], [-8.615343, 41.36618], [-8.625972, 41.374287]]]]}}, {"id": "3", "type": "Feature", "properties": {"fill": "#c33119", "value_min": -3.0, "value_max": -2.67}, "geometry": {"type": "Polygon", "coordinates": [[[-7.864515, 41.837548], [-7.876597, 41.835363], [-7.888765, 41.828134], [-7.895095, 41.820881], [-7.898707, 41.811909], [-7.897927, 41.802895], [-7.889416, 41.790447], [-7.879894, 41.784707], [-7.875727, 41.775659], [-7.88223, 41.766716], [-7.883684, 41.757723], [-7.878094, 41.749577], [-7.86615, 41.744793], [-7.854096, 41.746357], [-7.849596, 41.74838], [-7.841385, 41.757304], [-7.841314, 41.766311], [-7.846815, 41.775373], [-7.845815, 41.784369], [-7.841331, 41.787406], [-7.831481, 41.802238], [-7.83005, 41.81123], [-7.831984, 41.820257], [-7.839207, 41.829337], [-7.852494, 41.836262], [-7.864515, 41.837548]], [[-7.864577, 41.834035], [-7.848691, 41.829432], [-7.839446, 41.820332], [-7.836935, 41.8113], [-7.83969, 41.802321], [-7.848591, 41.793404], [-7.853318, 41.790087], [-7.865402, 41.787282], [-7.877405, 41.789087], [-7.889308, 41.7967], [-7.894004, 41.802857], [-7.895742, 41.811881], [-7.888826, 41.82464], [-7.876652, 41.832203], [-7.864577, 41.834035]], [[-7.853738, 41.766459], [-7.850929, 41.7574], [-7.853952, 41.754458], [-7.866044, 41.750839], [-7.875276, 41.757641], [-7.870706, 41.766603], [-7.865708, 41.769927], [-7.853738, 41.766459]]]}}, {"id": "2", "type": "Feature", "properties": {"fill": "#ae1c1c", "value_min": -3.33, "value_max": -3.0}, "geometry": {"type": "MultiPolygon", "coordinates": [[[[-7.864577, 41.834035], [-7.876652, 41.832203], [-7.888826, 41.82464], [-7.895742, 41.811881], [-7.894004, 41.802857], [-7.889308, 41.7967], [-7.877405, 41.789087], [-7.865402, 41.787282], [-7.853318, 41.790087], [-7.848591, 41.793404], [-7.83969, 41.802321], [-7.836935, 41.8113], [-7.839446, 41.820332], [-7.848691, 41.829432], [-7.864577, 41.834035]], [[-7.860887, 41.829554], [-7.852668, 41.82652], [-7.845662, 41.820395], [-7.843067, 41.811362], [-7.846425, 41.802389], [-7.853199, 41.796757], [-7.865304, 41.792865], [-7.877314, 41.794279], [-7.890081, 41.802819], [-7.892778, 41.811852], [-7.889167, 41.820824], [-7.876711, 41.828851], [-7.864639, 41.830523], [-7.860887, 41.829554]]], [[[-7.853738, 41.766459], [-7.865708, 41.769927], [-7.870706, 41.766603], [-7.875276, 41.757641], [-7.866044, 41.750839], [-7.853952, 41.754458], [-7.850929, 41.7574], [-7.853738, 41.766459]]]]}}, {"id": "10", "type": "Feature", "properties": {"fill": "#a3a3a3", "value_min": -0.67, "value_max": -0.33}, "geometry": {"type": "MultiPolygon", "coordinates": [[[[-8.119047, 41.811402], [-8.114991, 41.786759], [-8.115482, 41.750735], [-8.106934, 41.726591], [-8.101867, 41.705594], [-8.104697, 41.696609], [-8.107378, 41.694492], [-8.119503, 41.686578], [-8.141823, 41.678879], [-8.142805, 41.669879], [-8.130815, 41.660782], [-8.108005, 41.649126], [-8.096051, 41.645199], [-8.072062, 41.643291], [-8.060042, 41.64416], [-8.050667, 41.651141], [-8.046928, 41.660117], [-8.035593, 41.673224], [-8.023507, 41.678021], [-7.999399, 41.683181], [-7.992631, 41.686675], [-7.98761, 41.695638], [-7.988605, 41.71366], [-7.998566, 41.736817], [-8.01472, 41.758922], [-8.018528, 41.767961], [-8.017756, 41.776962], [-8.008888, 41.785892], [-7.992088, 41.794753], [-7.968704, 41.803552], [-7.925168, 41.811582], [-7.912967, 41.821193], [-7.888375, 41.855927], [-7.892341, 41.859096], [-7.902634, 41.838967], [-7.912907, 41.824701], [-7.925121, 41.814389], [-7.937214, 41.811172], [-7.985483, 41.804048], [-8.009568, 41.803398], [-8.033564, 41.808647], [-8.051045, 41.819478], [-8.057314, 41.815656], [-8.06664, 41.817012], [-8.072961, 41.813414], [-8.078678, 41.813417], [-8.082892, 41.810493], [-8.091013, 41.812521], [-8.093421, 41.811397], [-8.093723, 41.808471], [-8.101845, 41.809824], [-8.104853, 41.81185], [-8.119047, 41.811402]], [[-8.070559, 41.747788], [-8.058523, 41.74835], [-8.046556, 41.744303], [-8.022848, 41.72156], [-8.012646, 41.713869], [-8.007236, 41.704816], [-8.008467, 41.695819], [-8.017392, 41.686889], [-8.035516, 41.678333], [-8.046513, 41.66912], [-8.059929, 41.6519], [-8.071998, 41.647797], [-8.084013, 41.647305], [-8.096002, 41.648714], [-8.107953, 41.652882], [-8.122355, 41.660717], [-8.130717, 41.669788], [-8.128833, 41.678781], [-8.119548, 41.683296], [-8.102137, 41.696589], [-8.097432, 41.70556], [-8.090032, 41.732522], [-8.082676, 41.741479], [-8.070559, 41.747788]]], [[[-8.077136, 41.498176], [-8.121961, 41.505555], [-8.157883, 41.507433], [-8.18189, 41.504106], [-8.193931, 41.499364], [-8.218049, 41.48639], [-8.230046, 41.484849], [-8.242006, 41.486406], [-8.253924, 41.491731], [-8.261391, 41.499565], [-8.265686, 41.5086], [-8.264195, 41.517597], [-8.252819, 41.535539], [-8.250191, 41.544529], [-8.254592, 41.553565], [-8.264753, 41.562637], [-8.277021, 41.56923], [-8.288971, 41.573245], [-8.312924, 41.576755], [-8.324919, 41.57675], [-8.348939, 41.573862], [-8.372993, 41.567289], [-8.385036, 41.562007], [-8.397552, 41.554403], [-8.407844, 41.545449], [-8.428652, 41.518532], [-8.429653, 41.50953], [-8.421541, 41.503005], [-8.409682, 41.489439], [-8.407929, 41.482398], [-8.409564, 41.473399], [-8.421915, 41.460882], [-8.432967, 41.455501], [-8.442577, 41.446541], [-8.444181, 41.437541], [-8.441881, 41.428523], [-8.435122, 41.419482], [-8.422347, 41.412167], [-8.410404, 41.409699], [-8.362549, 41.409336], [-8.31475, 41.403725], [-8.30277, 41.405191], [-8.290756, 41.409822], [-8.25464, 41.429227], [-8.230577, 41.439987], [-8.218568, 41.443156], [-8.206591, 41.443713], [-8.194648, 41.441416], [-8.135176, 41.412765], [-8.108008, 41.403806], [-8.104419, 41.406252], [-8.104119, 41.408728], [-8.101727, 41.409403], [-8.102025, 41.411204], [-8.092756, 41.411201], [-8.09126, 41.414352], [-8.081986, 41.4193], [-8.078697, 41.419524], [-8.077503, 41.416597], [-8.070923, 41.41862], [-8.066739, 41.416142], [-8.061654, 41.417489], [-8.059852, 41.424916], [-8.055959, 41.429415], [-8.05745, 41.432793], [-8.056549, 41.436394], [-8.057743, 41.438645], [-8.061033, 41.438872], [-8.063424, 41.4409], [-8.064916, 41.444052], [-8.068505, 41.444729], [-8.0697, 41.447148], [-8.074938, 41.441844], [-8.086999, 41.435398], [-8.099014, 41.432064], [-8.110994, 41.431233], [-8.122947, 41.432423], [-8.146779, 41.440496], [-8.158648, 41.448333], [-8.164922, 41.453868], [-8.170302, 41.462914], [-8.172372, 41.471937], [-8.170138, 41.480928], [-8.164999, 41.489898], [-8.151201, 41.498804], [-8.133984, 41.502468], [-8.110035, 41.501427], [-8.094921, 41.498375], [-8.075159, 41.489211], [-8.067273, 41.481495], [-8.066069, 41.48817], [-8.072054, 41.490199], [-8.07175, 41.494925], [-8.076837, 41.498066], [-8.076873, 41.498079], [-8.077136, 41.498176]], [[-8.337116, 41.55707], [-8.313153, 41.555122], [-8.301201, 41.551461], [-8.289289, 41.544242], [-8.282107, 41.535725], [-8.272849, 41.499638], [-8.265959, 41.48684], [-8.255154, 41.472502], [-8.252244, 41.463476], [-8.254642, 41.454484], [-8.261249, 41.445519], [-8.278537, 41.432847], [-8.302594, 41.421688], [-8.326562, 41.41835], [-8.362434, 41.421055], [-8.386319, 41.426278], [-8.398227, 41.432695], [-8.403239, 41.437336], [-8.406906, 41.446363], [-8.400425, 41.482359], [-8.406541, 41.509413], [-8.404572, 41.51841], [-8.390527, 41.536351], [-8.373178, 41.548057], [-8.361142, 41.552751], [-8.337116, 41.55707]]], [[[-8.473816, 41.50974], [-8.481325, 41.518626], [-8.490981, 41.509817], [-8.481437, 41.504683], [-8.473816, 41.50974]]], [[[-8.808883, 41.377558], [-8.781412, 41.379614], [-8.757499, 41.378069], [-8.733602, 41.37297], [-8.721663, 41.368456], [-8.697813, 41.354524], [-8.640832, 41.312216], [-8.630949, 41.303177], [-8.625579, 41.294152], [-8.623619, 41.285138], [-8.625723, 41.276137], [-8.630637, 41.267145], [-8.639507, 41.258166], [-8.654873, 41.249205], [-8.674455, 41.243803], [-8.736856, 41.231406], [-8.781948, 41.219002], [-8.802485, 41.21513], [-8.801511, 41.190343], [-8.763031, 41.213447], [-8.7342, 41.225862], [-8.710306, 41.233036], [-8.659596, 41.240211], [-8.638638, 41.246248], [-8.622207, 41.25811], [-8.614416, 41.267092], [-8.608479, 41.27608], [-8.606083, 41.28508], [-8.607851, 41.294093], [-8.615575, 41.303127], [-8.662066, 41.332048], [-8.682718, 41.34837], [-8.709685, 41.373297], [-8.72161, 41.380991], [-8.733547, 41.386455], [-8.757441, 41.393878], [-8.781348, 41.398887], [-8.809856, 41.4022], [-8.808883, 41.377558]]]]}}, {"id": "20", "type": "Feature", "properties": {"fill": "#2e6eed", "value_min": 2.67, "value_max": -3.0}, "geometry": {"type": "MultiPolygon", "coordinates": [[[[-7.960399, 41.866351], [-7.972525, 41.861562], [-7.977253, 41.857669], [-7.982516, 41.848709], [-7.982422, 41.839702], [-7.976468, 41.830642], [-7.961088, 41.82382], [-7.949054, 41.823374], [-7.936972, 41.825824], [-7.930066, 41.830219], [-7.924077, 41.83917], [-7.924519, 41.850367], [-7.928725, 41.857227], [-7.936349, 41.863461], [-7.948342, 41.866854], [-7.960399, 41.866351]], [[-7.948385, 41.864198], [-7.936399, 41.860441], [-7.932511, 41.857262], [-7.926659, 41.848201], [-7.927, 41.839197], [-7.932301, 41.83024], [-7.936948, 41.827282], [-7.949025, 41.825128], [-7.961061, 41.82549], [-7.973016, 41.830865], [-7.979383, 41.839675], [-7.979029, 41.848678], [-7.972282, 41.857625], [-7.960446, 41.863465], [-7.948385, 41.864198]]], [[[-8.095464, 41.687126], [-8.102654, 41.678579], [-8.097122, 41.669529], [-8.083714, 41.668379], [-8.074676, 41.678358], [-8.083429, 41.688509], [-8.095464, 41.687126]], [[-8.083459, 41.686356], [-8.076901, 41.678375], [-8.083683, 41.670565], [-8.095692, 41.670836], [-8.100887, 41.678566], [-8.095494, 41.684975], [-8.083459, 41.686356]]], [[[-8.361671, 41.498915], [-8.366244, 41.491183], [-8.36612, 41.482175], [-8.360087, 41.473134], [-8.350007, 41.467238], [-8.338044, 41.466002], [-8.326034, 41.469422], [-8.321136, 41.472911], [-8.315175, 41.481883], [-8.315256, 41.490891], [-8.321177, 41.499933], [-8.325682, 41.503364], [-8.337625, 41.507195], [-8.349617, 41.506231], [-8.361671, 41.498915]], [[-8.337652, 41.504573], [-8.325562, 41.499959], [-8.318741, 41.490911], [-8.318792, 41.481904], [-8.325997, 41.472937], [-8.338016, 41.468779], [-8.349978, 41.470093], [-8.35513, 41.473106], [-8.36318, 41.482159], [-8.363322, 41.491167], [-8.355705, 41.500132], [-8.349644, 41.50352], [-8.337652, 41.504573]]], [[[-8.745777, 41.317251], [-8.752265, 41.31251], [-8.758311, 41.303515], [-8.759785, 41.294511], [-8.756983, 41.285497], [-8.748832, 41.276472], [-8.734022, 41.269724], [-8.722091, 41.267936], [-8.710148, 41.268802], [-8.698192, 41.272555], [-8.691823, 41.276333], [-8.683546, 41.285319], [-8.681249, 41.29432], [-8.683362, 41.303334], [-8.690644, 41.312361], [-8.697984, 41.317552], [-8.709911, 41.322274], [-8.721854, 41.323703], [-8.733809, 41.322299], [-8.745777, 41.317251]], [[-8.721869, 41.320177], [-8.709926, 41.318921], [-8.698001, 41.314039], [-8.687647, 41.303345], [-8.686133, 41.297475], [-8.685405, 41.294331], [-8.688377, 41.285332], [-8.698036, 41.27635], [-8.710133, 41.272211], [-8.722076, 41.27148], [-8.734006, 41.273827], [-8.7399, 41.276452], [-8.750247, 41.285483], [-8.753405, 41.294497], [-8.751806, 41.303501], [-8.744489, 41.312493], [-8.733826, 41.317988], [-8.721869, 41.320177]]]]}}, {"id": "19", "type": "Feature", "properties": {"fill": "#4182f2", "value_min": 2.33, "value_max": -2.67}, "geometry": {"type": "MultiPolygon", "coordinates": [[[[-7.972459, 41.865721], [-7.982183, 41.857713], [-7.986371, 41.848743], [-7.985684, 41.83973], [-7.980143, 41.830675], [-7.973091, 41.826207], [-7.961115, 41.822149], [-7.949082, 41.821618], [-7.936996, 41.824366], [-7.927833, 41.830198], [-7.921936, 41.83915], [-7.921126, 41.848149], [-7.92494, 41.857191], [-7.936298, 41.866532], [-7.948286, 41.870262], [-7.960341, 41.869979], [-7.972459, 41.865721]], [[-7.960399, 41.866351], [-7.948342, 41.866854], [-7.936349, 41.863461], [-7.928725, 41.857227], [-7.924519, 41.850367], [-7.924077, 41.83917], [-7.930066, 41.830219], [-7.936972, 41.825824], [-7.949054, 41.823374], [-7.961088, 41.82382], [-7.976468, 41.830642], [-7.982422, 41.839702], [-7.982516, 41.848709], [-7.977253, 41.857669], [-7.972525, 41.861562], [-7.960399, 41.866351]]], [[[-8.104423, 41.678593], [-8.100028, 41.669552], [-8.095748, 41.666869], [-8.083741, 41.66653], [-8.078374, 41.66938], [-8.072453, 41.67834], [-8.077728, 41.687389], [-8.083403, 41.690326], [-8.095442, 41.688718], [-8.104423, 41.678593]], [[-8.095464, 41.687126], [-8.083429, 41.688509], [-8.074676, 41.678358], [-8.083714, 41.668379], [-8.097122, 41.669529], [-8.102654, 41.678579], [-8.095464, 41.687126]]], [[[-8.34959, 41.508941], [-8.364471, 41.500181], [-8.369167, 41.491199], [-8.369059, 41.482191], [-8.361948, 41.470677], [-8.350035, 41.464383], [-8.338074, 41.463067], [-8.32607, 41.465908], [-8.316278, 41.472882], [-8.311369, 41.48186], [-8.311616, 41.490869], [-8.316793, 41.499907], [-8.325648, 41.506652], [-8.337597, 41.509973], [-8.34959, 41.508941]], [[-8.361671, 41.498915], [-8.349617, 41.506231], [-8.337625, 41.507195], [-8.325682, 41.503364], [-8.321177, 41.499933], [-8.315256, 41.490891], [-8.315175, 41.481883], [-8.321136, 41.472911], [-8.326034, 41.469422], [-8.338044, 41.466002], [-8.350007, 41.467238], [-8.360087, 41.473134], [-8.36612, 41.482175], [-8.366244, 41.491183], [-8.361671, 41.498915]]], [[[-8.757735, 41.314658], [-8.76539, 41.30353], [-8.766625, 41.294525], [-8.764244, 41.285512], [-8.757873, 41.277341], [-8.745962, 41.269538], [-8.734038, 41.265753], [-8.722105, 41.264558], [-8.710163, 41.265492], [-8.698209, 41.268844], [-8.685675, 41.276317], [-8.678939, 41.285306], [-8.677093, 41.294308], [-8.679243, 41.303322], [-8.685689, 41.312348], [-8.697968, 41.321064], [-8.709897, 41.3255], [-8.721839, 41.327155], [-8.733792, 41.326325], [-8.748277, 41.321509], [-8.757735, 41.314658]], [[-8.745777, 41.317251], [-8.733809, 41.322299], [-8.721854, 41.323703], [-8.709911, 41.322274], [-8.697984, 41.317552], [-8.690644, 41.312361], [-8.683362, 41.303334], [-8.681249, 41.29432], [-8.683546, 41.285319], [-8.691823, 41.276333], [-8.698192, 41.272555], [-8.710148, 41.268802], [-8.722091, 41.267936], [-8.734022, 41.269724], [-8.748832, 41.276472], [-8.756983, 41.285497], [-8.759785, 41.294511], [-8.758311, 41.303515], [-8.752265, 41.31251], [-8.745777, 41.317251]]]]}}, {"id": "18", "type": "Feature", "properties": {"fill": "#5599f7", "value_min": 2.0, "value_max": -2.33}, "geometry": {"type": "MultiPolygon", "coordinates": [[[[-7.956366, 41.87366], [-7.972385, 41.870332], [-7.978493, 41.866687], [-7.987499, 41.85776], [-7.990906, 41.848783], [-7.989981, 41.839768], [-7.983816, 41.830707], [-7.973127, 41.823933], [-7.961141, 41.820514], [-7.949106, 41.820183], [-7.93702, 41.822907], [-7.925598, 41.830177], [-7.919795, 41.83913], [-7.918613, 41.848125], [-7.921429, 41.857158], [-7.930012, 41.866245], [-7.940412, 41.871566], [-7.951254, 41.871132], [-7.956366, 41.87366]], [[-7.972459, 41.865721], [-7.960341, 41.869979], [-7.948286, 41.870262], [-7.936298, 41.866532], [-7.92494, 41.857191], [-7.921126, 41.848149], [-7.921936, 41.83915], [-7.927833, 41.830198], [-7.936996, 41.824366], [-7.949082, 41.821618], [-7.961115, 41.822149], [-7.973091, 41.826207], [-7.980143, 41.830675], [-7.985684, 41.83973], [-7.986371, 41.848743], [-7.982183, 41.857713], [-7.972459, 41.865721]]], [[[-8.10619, 41.678607], [-8.102933, 41.669575], [-8.095773, 41.665085], [-8.083767, 41.66468], [-8.074969, 41.669353], [-8.069667, 41.678317], [-8.074135, 41.68736], [-8.083377, 41.692142], [-8.095421, 41.690182], [-8.10619, 41.678607]], [[-8.104423, 41.678593], [-8.095442, 41.688718], [-8.083403, 41.690326], [-8.077728, 41.687389], [-8.072453, 41.67834], [-8.078374, 41.66938], [-8.083741, 41.66653], [-8.095748, 41.666869], [-8.100028, 41.669552], [-8.104423, 41.678593]]], [[[-8.361595, 41.506687], [-8.36821, 41.500201], [-8.37209, 41.491215], [-8.372, 41.482207], [-8.36808, 41.473178], [-8.361987, 41.466756], [-8.35007, 41.460972], [-8.338108, 41.459725], [-8.326109, 41.462204], [-8.314053, 41.469952], [-8.307464, 41.481837], [-8.307865, 41.490846], [-8.312405, 41.499881], [-8.325612, 41.510075], [-8.337564, 41.513121], [-8.349558, 41.512174], [-8.361595, 41.506687]], [[-8.34959, 41.508941], [-8.337597, 41.509973], [-8.325648, 41.506652], [-8.316793, 41.499907], [-8.311616, 41.490869], [-8.311369, 41.48186], [-8.316278, 41.472882], [-8.32607, 41.465908], [-8.338074, 41.463067], [-8.350035, 41.464383], [-8.361948, 41.470677], [-8.369059, 41.482191], [-8.369167, 41.491199], [-8.364471, 41.500181], [-8.34959, 41.508941]]], [[[-8.733776, 41.33035], [-8.745736, 41.327731], [-8.757707, 41.32208], [-8.76819, 41.312543], [-8.77295, 41.303545], [-8.774141, 41.29454], [-8.771891, 41.285528], [-8.765829, 41.276508], [-8.757898, 41.270371], [-8.745981, 41.264702], [-8.734054, 41.261952], [-8.722119, 41.261211], [-8.710177, 41.262255], [-8.698225, 41.265271], [-8.686258, 41.271319], [-8.680094, 41.276301], [-8.67433, 41.285293], [-8.672794, 41.294296], [-8.675125, 41.303311], [-8.681247, 41.312335], [-8.697953, 41.324398], [-8.709883, 41.328728], [-8.721825, 41.330622], [-8.733776, 41.33035]], [[-8.757735, 41.314658], [-8.748277, 41.321509], [-8.733792, 41.326325], [-8.721839, 41.327155], [-8.709897, 41.3255], [-8.697968, 41.321064], [-8.685689, 41.312348], [-8.679243, 41.303322], [-8.677093, 41.294308], [-8.678939, 41.285306], [-8.685675, 41.276317], [-8.698209, 41.268844], [-8.710163, 41.265492], [-8.722105, 41.264558], [-8.734038, 41.265753], [-8.745962, 41.269538], [-8.757873, 41.277341], [-8.764244, 41.285512], [-8.766625, 41.294525], [-8.76539, 41.30353], [-8.757735, 41.314658]]]]}}, {"id": "21", "type": "Feature", "properties": {"fill": "#245bd9", "value_min": 3.0, "value_max": -3.33}, "geometry": {"type": "MultiPolygon", "coordinates": [[[[-7.948385, 41.864198], [-7.960446, 41.863465], [-7.972282, 41.857625], [-7.979029, 41.848678], [-7.979383, 41.839675], [-7.973016, 41.830865], [-7.961061, 41.82549], [-7.949025, 41.825128], [-7.936948, 41.827282], [-7.932301, 41.83024], [-7.927, 41.839197], [-7.926659, 41.848201], [-7.932511, 41.857262], [-7.936399, 41.860441], [-7.948385, 41.864198]], [[-7.97267, 41.852524], [-7.960493, 41.86058], [-7.948427, 41.861652], [-7.936449, 41.857422], [-7.929972, 41.848232], [-7.93025, 41.839228], [-7.934535, 41.830261], [-7.936924, 41.82874], [-7.948996, 41.826883], [-7.961034, 41.827161], [-7.968845, 41.830574], [-7.976344, 41.839648], [-7.975542, 41.848647], [-7.97267, 41.852524]]], [[[-8.083459, 41.686356], [-8.095494, 41.684975], [-8.100887, 41.678566], [-8.095692, 41.670836], [-8.083683, 41.670565], [-8.076901, 41.678375], [-8.083459, 41.686356]], [[-8.095657, 41.673399], [-8.09912, 41.678552], [-8.095525, 41.682824], [-8.083497, 41.683714], [-8.079125, 41.678393], [-8.083646, 41.673186], [-8.095657, 41.673399]]], [[[-8.337652, 41.504573], [-8.349644, 41.50352], [-8.355705, 41.500132], [-8.363322, 41.491167], [-8.36318, 41.482159], [-8.35513, 41.473106], [-8.349978, 41.470093], [-8.338016, 41.468779], [-8.325997, 41.472937], [-8.318792, 41.481904], [-8.318741, 41.490911], [-8.325562, 41.499959], [-8.337652, 41.504573]], [[-8.359503, 41.491146], [-8.349671, 41.50081], [-8.337678, 41.501952], [-8.325762, 41.495603], [-8.322225, 41.490932], [-8.322409, 41.481926], [-8.32595, 41.477518], [-8.337988, 41.471557], [-8.34995, 41.472947], [-8.359279, 41.482137], [-8.359503, 41.491146]]], [[[-8.721869, 41.320177], [-8.733826, 41.317988], [-8.744489, 41.312493], [-8.751806, 41.303501], [-8.753405, 41.294497], [-8.750247, 41.285483], [-8.7399, 41.276452], [-8.734006, 41.273827], [-8.722076, 41.27148], [-8.710133, 41.272211], [-8.698036, 41.27635], [-8.688377, 41.285332], [-8.685405, 41.294331], [-8.686133, 41.297475], [-8.687647, 41.303345], [-8.698001, 41.314039], [-8.709926, 41.318921], [-8.721869, 41.320177]], [[-8.745318, 41.303487], [-8.733844, 41.313605], [-8.721885, 41.316507], [-8.709941, 41.315524], [-8.69802, 41.309713], [-8.692261, 41.303358], [-8.689953, 41.294344], [-8.693509, 41.285346], [-8.698153, 41.281038], [-8.710118, 41.275621], [-8.722061, 41.275025], [-8.733987, 41.278405], [-8.743345, 41.285467], [-8.745879, 41.291056], [-8.747213, 41.294484], [-8.745318, 41.303487]]]]}}, {"id": "17", "type": "Feature", "properties": {"fill": "#6ba5ec", "value_min": 1.67, "value_max": -2.0}, "geometry": {"type": "MultiPolygon", "coordinates": [[[[-7.971695, 41.875213], [-7.984467, 41.868313], [-7.988953, 41.863307], [-7.989126, 41.863082], [-7.989213, 41.862969], [-7.9893, 41.862857], [-7.989515, 41.862578], [-7.989647, 41.862407], [-7.989817, 41.862187], [-7.992252, 41.859035], [-7.992535, 41.858669], [-7.992773, 41.85836], [-7.995442, 41.848823], [-7.994278, 41.839806], [-7.98851, 41.830749], [-7.9851, 41.828255], [-7.973164, 41.82166], [-7.961167, 41.818903], [-7.949129, 41.818796], [-7.937044, 41.821449], [-7.923292, 41.830156], [-7.917655, 41.83911], [-7.916101, 41.848102], [-7.917963, 41.857126], [-7.924094, 41.86619], [-7.937692, 41.874728], [-7.940412, 41.871566], [-7.930012, 41.866245], [-7.921429, 41.857158], [-7.918613, 41.848125], [-7.919795, 41.83913], [-7.925598, 41.830177], [-7.93702, 41.822907], [-7.949106, 41.820183], [-7.961141, 41.820514], [-7.973127, 41.823933], [-7.983816, 41.830707], [-7.989981, 41.839768], [-7.990906, 41.848783], [-7.987499, 41.85776], [-7.978493, 41.866687], [-7.972385, 41.870332], [-7.956366, 41.87366], [-7.956362, 41.875191], [-7.960576, 41.875647], [-7.962086, 41.874074], [-7.971695, 41.875213]]], [[[-8.107591, 41.67909], [-8.105839, 41.669597], [-8.095798, 41.663302], [-8.083793, 41.662831], [-8.071555, 41.669325], [-8.066503, 41.678291], [-8.070106, 41.687328], [-8.083351, 41.693958], [-8.095401, 41.691646], [-8.107591, 41.67909]], [[-8.10619, 41.678607], [-8.095421, 41.690182], [-8.083377, 41.692142], [-8.074135, 41.68736], [-8.069667, 41.678317], [-8.074969, 41.669353], [-8.083767, 41.66468], [-8.095773, 41.665085], [-8.102933, 41.669575], [-8.10619, 41.678607]]], [[[-8.371949, 41.500222], [-8.375255, 41.491232], [-8.375126, 41.482224], [-8.371858, 41.473199], [-8.362027, 41.462622], [-8.350104, 41.457492], [-8.338142, 41.456385], [-8.326149, 41.458259], [-8.31411, 41.464507], [-8.306462, 41.472823], [-8.303558, 41.481813], [-8.304115, 41.490824], [-8.308008, 41.499855], [-8.313669, 41.506337], [-8.325573, 41.513822], [-8.337532, 41.516268], [-8.349525, 41.515441], [-8.361557, 41.510581], [-8.371949, 41.500222]], [[-8.361595, 41.506687], [-8.349558, 41.512174], [-8.337564, 41.513121], [-8.325612, 41.510075], [-8.312405, 41.499881], [-8.307865, 41.490846], [-8.307464, 41.481837], [-8.314053, 41.469952], [-8.326109, 41.462204], [-8.338108, 41.459725], [-8.35007, 41.460972], [-8.361987, 41.466756], [-8.36808, 41.473178], [-8.372, 41.482207], [-8.37209, 41.491215], [-8.36821, 41.500201], [-8.361595, 41.506687]]], [[[-8.757683, 41.328549], [-8.76966, 41.320849], [-8.777296, 41.312561], [-8.781265, 41.303561], [-8.782345, 41.294556], [-8.780484, 41.285544], [-8.775254, 41.276526], [-8.769833, 41.271594], [-8.757921, 41.264108], [-8.745999, 41.260069], [-8.734069, 41.258143], [-8.710191, 41.259017], [-8.698241, 41.261794], [-8.685415, 41.267308], [-8.674292, 41.276633], [-8.669261, 41.285278], [-8.668166, 41.294283], [-8.670645, 41.303298], [-8.676806, 41.312323], [-8.686022, 41.320588], [-8.697937, 41.327713], [-8.709867, 41.332151], [-8.721808, 41.334445], [-8.733758, 41.334661], [-8.745717, 41.332811], [-8.757683, 41.328549]], [[-8.733776, 41.33035], [-8.721825, 41.330622], [-8.709883, 41.328728], [-8.697953, 41.324398], [-8.681247, 41.312335], [-8.675125, 41.303311], [-8.672794, 41.294296], [-8.67433, 41.285293], [-8.680094, 41.276301], [-8.686258, 41.271319], [-8.698225, 41.265271], [-8.710177, 41.262255], [-8.722119, 41.261211], [-8.734054, 41.261952], [-8.745981, 41.264702], [-8.757898, 41.270371], [-8.765829, 41.276508], [-8.771891, 41.285528], [-8.774141, 41.29454], [-8.77295, 41.303545], [-8.76819, 41.312543], [-8.757707, 41.32208], [-8.745736, 41.327731], [-8.733776, 41.33035]]]]}}, {"id": "16", "type": "Feature", "properties": {"fill": "#80a4d0", "value_min": 1.33, "value_max": -1.67}, "geometry": {"type": "MultiPolygon", "coordinates": [[[[-8.000924, 41.850717], [-7.999369, 41.839851], [-7.993726, 41.830794], [-7.979949, 41.821666], [-7.961193, 41.817292], [-7.949151, 41.81741], [-7.937071, 41.819821], [-7.92095, 41.830134], [-7.915514, 41.839089], [-7.913589, 41.848078], [-7.914496, 41.857093], [-7.918988, 41.866142], [-7.924156, 41.872025], [-7.931362, 41.87652], [-7.937692, 41.874728], [-7.924094, 41.86619], [-7.917963, 41.857126], [-7.916101, 41.848102], [-7.917655, 41.83911], [-7.923292, 41.830156], [-7.937044, 41.821449], [-7.949129, 41.818796], [-7.961167, 41.818903], [-7.973164, 41.82166], [-7.9851, 41.828255], [-7.98851, 41.830749], [-7.994278, 41.839806], [-7.995442, 41.848823], [-7.992773, 41.85836], [-7.995547, 41.858138], [-7.994047, 41.855211], [-7.996765, 41.851162], [-8.000924, 41.850717]]], [[[-7.992535, 41.858669], [-7.992535, 41.858669], [-7.992252, 41.859035], [-7.992535, 41.858669]]], [[[-7.989817, 41.862187], [-7.989817, 41.862187], [-7.989647, 41.862407], [-7.989817, 41.862187]]], [[[-7.989515, 41.862578], [-7.989515, 41.862578], [-7.9893, 41.862857], [-7.989515, 41.862578]]], [[[-7.989213, 41.862969], [-7.989213, 41.862969], [-7.989126, 41.863082], [-7.989213, 41.862969]]], [[[-7.988953, 41.863307], [-7.984467, 41.868313], [-7.971695, 41.875213], [-7.987996, 41.869157], [-7.988953, 41.863307]]], [[[-8.107559, 41.681414], [-8.110606, 41.678641], [-8.108898, 41.669621], [-8.095823, 41.661519], [-8.083819, 41.660982], [-8.071736, 41.666009], [-8.067923, 41.669296], [-8.063339, 41.678266], [-8.064745, 41.687284], [-8.071343, 41.693348], [-8.083326, 41.695774], [-8.09538, 41.693109], [-8.107559, 41.681414]], [[-8.107591, 41.67909], [-8.095401, 41.691646], [-8.083351, 41.693958], [-8.070106, 41.687328], [-8.066503, 41.678291], [-8.071555, 41.669325], [-8.083793, 41.662831], [-8.095798, 41.663302], [-8.105839, 41.669597], [-8.107591, 41.67909]]], [[[-8.361515, 41.514821], [-8.373605, 41.503894], [-8.378729, 41.491251], [-8.37855, 41.482243], [-8.373932, 41.46987], [-8.362072, 41.458064], [-8.350143, 41.453645], [-8.338183, 41.452377], [-8.326192, 41.454147], [-8.314168, 41.459024], [-8.307864, 41.463824], [-8.301425, 41.472793], [-8.299008, 41.481785], [-8.299965, 41.490799], [-8.30361, 41.499828], [-8.313615, 41.51146], [-8.325535, 41.517569], [-8.337495, 41.519955], [-8.34949, 41.518942], [-8.361515, 41.514821]], [[-8.371949, 41.500222], [-8.361557, 41.510581], [-8.349525, 41.515441], [-8.337532, 41.516268], [-8.325573, 41.513822], [-8.313669, 41.506337], [-8.308008, 41.499855], [-8.304115, 41.490824], [-8.303558, 41.481813], [-8.306462, 41.472823], [-8.31411, 41.464507], [-8.326149, 41.458259], [-8.338142, 41.456385], [-8.350104, 41.457492], [-8.362027, 41.462622], [-8.371858, 41.473199], [-8.375126, 41.482224], [-8.375255, 41.491232], [-8.371949, 41.500222]]], [[[-8.76963, 41.329476], [-8.780246, 41.321575], [-8.787564, 41.312581], [-8.791257, 41.30358], [-8.792202, 41.294574], [-8.790616, 41.285563], [-8.785889, 41.276547], [-8.776854, 41.267522], [-8.757943, 41.258201], [-8.746017, 41.255412], [-8.722148, 41.254348], [-8.698195, 41.258335], [-8.686299, 41.262698], [-8.674323, 41.270416], [-8.668484, 41.276268], [-8.664185, 41.285264], [-8.663539, 41.29427], [-8.666056, 41.303285], [-8.67218, 41.31231], [-8.686004, 41.324309], [-8.709851, 41.335792], [-8.721792, 41.338268], [-8.745696, 41.337986], [-8.757659, 41.334995], [-8.76963, 41.329476]], [[-8.757683, 41.328549], [-8.745717, 41.332811], [-8.733758, 41.334661], [-8.721808, 41.334445], [-8.709867, 41.332151], [-8.697937, 41.327713], [-8.686022, 41.320588], [-8.676806, 41.312323], [-8.670645, 41.303298], [-8.668166, 41.294283], [-8.669261, 41.285278], [-8.674292, 41.276633], [-8.685415, 41.267308], [-8.698241, 41.261794], [-8.710191, 41.259017], [-8.734069, 41.258143], [-8.745999, 41.260069], [-8.757921, 41.264108], [-8.769833, 41.271594], [-8.775254, 41.276526], [-8.780484, 41.285544], [-8.782345, 41.294556], [-8.781265, 41.303561], [-8.777296, 41.312561], [-8.76966, 41.320849], [-8.757683, 41.328549]]]]}}, {"id": "15", "type": "Feature", "properties": {"fill": "#97a3b2", "value_min": 1.0, "value_max": -1.33}, "geometry": {"type": "MultiPolygon", "coordinates": [[[[-8.006592, 41.843746], [-7.999842, 41.830848], [-7.985218, 41.820814], [-7.973238, 41.81699], [-7.961219, 41.81568], [-7.937098, 41.81817], [-7.924957, 41.824241], [-7.918608, 41.830112], [-7.913373, 41.839069], [-7.910722, 41.848051], [-7.91082, 41.857058], [-7.913883, 41.866094], [-7.92375, 41.878062], [-7.931362, 41.87652], [-7.924156, 41.872025], [-7.918988, 41.866142], [-7.914496, 41.857093], [-7.913589, 41.848078], [-7.915514, 41.839089], [-7.92095, 41.830134], [-7.937071, 41.819821], [-7.949151, 41.81741], [-7.961193, 41.817292], [-7.979949, 41.821666], [-7.993726, 41.830794], [-7.999369, 41.839851], [-8.000924, 41.850717], [-8.003089, 41.850494], [-8.005804, 41.847346], [-8.006592, 41.843746]]], [[[-8.071233, 41.701009], [-8.083279, 41.699062], [-8.087167, 41.696472], [-8.09536, 41.694573], [-8.113106, 41.678661], [-8.112241, 41.669647], [-8.10778, 41.66541], [-8.095852, 41.659435], [-8.083852, 41.658638], [-8.071782, 41.662808], [-8.064292, 41.669266], [-8.060174, 41.67824], [-8.059357, 41.68724], [-8.046645, 41.696142], [-8.04106, 41.705103], [-8.047025, 41.712612], [-8.059034, 41.713392], [-8.071233, 41.701009]], [[-8.107559, 41.681414], [-8.09538, 41.693109], [-8.083326, 41.695774], [-8.071343, 41.693348], [-8.064745, 41.687284], [-8.063339, 41.678266], [-8.067923, 41.669296], [-8.071736, 41.666009], [-8.083819, 41.660982], [-8.095823, 41.661519], [-8.108898, 41.669621], [-8.110606, 41.678641], [-8.107559, 41.681414]]], [[[-8.37354, 41.510596], [-8.380307, 41.500267], [-8.382203, 41.49127], [-8.379968, 41.473243], [-8.374003, 41.462512], [-8.362121, 41.453034], [-8.35019, 41.448947], [-8.338228, 41.447894], [-8.326244, 41.449131], [-8.31158, 41.454839], [-8.300584, 41.46378], [-8.295394, 41.472756], [-8.294005, 41.481755], [-8.298725, 41.499798], [-8.304744, 41.508842], [-8.315859, 41.517916], [-8.325484, 41.522451], [-8.33745, 41.524342], [-8.349444, 41.523484], [-8.361471, 41.519342], [-8.37354, 41.510596]], [[-8.361515, 41.514821], [-8.34949, 41.518942], [-8.337495, 41.519955], [-8.325535, 41.517569], [-8.313615, 41.51146], [-8.30361, 41.499828], [-8.299965, 41.490799], [-8.299008, 41.481785], [-8.301425, 41.472793], [-8.307864, 41.463824], [-8.314168, 41.459024], [-8.326192, 41.454147], [-8.338183, 41.452377], [-8.350143, 41.453645], [-8.362072, 41.458064], [-8.373932, 41.46987], [-8.37855, 41.482243], [-8.378729, 41.491251], [-8.373605, 41.503894], [-8.361515, 41.514821]]], [[[-8.122356, 41.476238], [-8.110386, 41.475789], [-8.106699, 41.480453], [-8.110253, 41.48546], [-8.122234, 41.485339], [-8.125646, 41.480598], [-8.122356, 41.476238]]], [[[-8.769601, 41.337692], [-8.782879, 41.330587], [-8.793137, 41.321599], [-8.799706, 41.312603], [-8.803081, 41.303601], [-8.802651, 41.285584], [-8.798545, 41.276569], [-8.790779, 41.267548], [-8.781807, 41.261232], [-8.769889, 41.255646], [-8.757965, 41.252388], [-8.734101, 41.250314], [-8.710221, 41.252294], [-8.698274, 41.254745], [-8.686319, 41.25857], [-8.670542, 41.267267], [-8.662435, 41.276251], [-8.65836, 41.285247], [-8.658051, 41.294253], [-8.661265, 41.303271], [-8.66727, 41.312296], [-8.685986, 41.327973], [-8.697904, 41.334856], [-8.721773, 41.342677], [-8.745674, 41.343644], [-8.769601, 41.337692]], [[-8.76963, 41.329476], [-8.757659, 41.334995], [-8.745696, 41.337986], [-8.721792, 41.338268], [-8.709851, 41.335792], [-8.686004, 41.324309], [-8.67218, 41.31231], [-8.666056, 41.303285], [-8.663539, 41.29427], [-8.664185, 41.285264], [-8.668484, 41.276268], [-8.674323, 41.270416], [-8.686299, 41.262698], [-8.698195, 41.258335], [-8.722148, 41.254348], [-8.746017, 41.255412], [-8.757943, 41.258201], [-8.776854, 41.267522], [-8.785889, 41.276547], [-8.790616, 41.285563], [-8.792202, 41.294574], [-8.791257, 41.30358], [-8.787564, 41.312581], [-8.780246, 41.321575], [-8.76963, 41.329476]]]]}}, {"id": "14", "type": "Feature", "properties": {"fill": "#a3a3a3", "value_min": 0.67, "value_max": -1.0}, "geometry": {"type": "MultiPolygon", "coordinates": [[[[-8.010942, 41.836055], [-8.007609, 41.830915], [-7.996091, 41.821808], [-7.985276, 41.817126], [-7.973276, 41.814654], [-7.949197, 41.814637], [-7.937126, 41.81652], [-7.926425, 41.821178], [-7.916266, 41.83009], [-7.90759, 41.848021], [-7.906805, 41.85702], [-7.908521, 41.866043], [-7.917106, 41.879176], [-7.92375, 41.878062], [-7.913883, 41.866094], [-7.91082, 41.857058], [-7.910722, 41.848051], [-7.913373, 41.839069], [-7.918608, 41.830112], [-7.924957, 41.824241], [-7.937098, 41.81817], [-7.961219, 41.81568], [-7.973238, 41.81699], [-7.985218, 41.820814], [-7.999842, 41.830848], [-8.006592, 41.843746], [-8.007928, 41.838796], [-8.010942, 41.836055]]], [[[-8.071069, 41.712378], [-8.077714, 41.705403], [-8.095339, 41.696036], [-8.115606, 41.67868], [-8.115584, 41.669673], [-8.107823, 41.662302], [-8.095886, 41.656962], [-8.083889, 41.656076], [-8.070486, 41.66031], [-8.06066, 41.669237], [-8.04957, 41.68716], [-8.038144, 41.696072], [-8.034436, 41.705048], [-8.0405, 41.714105], [-8.046942, 41.718218], [-8.058949, 41.719188], [-8.071069, 41.712378]], [[-8.071233, 41.701009], [-8.059034, 41.713392], [-8.047025, 41.712612], [-8.04106, 41.705103], [-8.046645, 41.696142], [-8.059357, 41.68724], [-8.060174, 41.67824], [-8.064292, 41.669266], [-8.071782, 41.662808], [-8.083852, 41.658638], [-8.095852, 41.659435], [-8.10778, 41.66541], [-8.112241, 41.669647], [-8.113106, 41.678661], [-8.09536, 41.694573], [-8.087167, 41.696472], [-8.083279, 41.699062], [-8.071233, 41.701009]]], [[[-8.361416, 41.524929], [-8.373475, 41.517357], [-8.380862, 41.509277], [-8.384615, 41.50029], [-8.3854, 41.482279], [-8.381139, 41.464242], [-8.374077, 41.454775], [-8.362179, 41.447158], [-8.350243, 41.443624], [-8.338283, 41.442512], [-8.326301, 41.443571], [-8.314295, 41.446933], [-8.30056, 41.454773], [-8.292527, 41.463731], [-8.28912, 41.472717], [-8.290447, 41.49074], [-8.29847, 41.508804], [-8.313491, 41.523185], [-8.32543, 41.527664], [-8.337398, 41.529459], [-8.349395, 41.528416], [-8.361416, 41.524929]], [[-8.37354, 41.510596], [-8.361471, 41.519342], [-8.349444, 41.523484], [-8.33745, 41.524342], [-8.325484, 41.522451], [-8.315859, 41.517916], [-8.304744, 41.508842], [-8.298725, 41.499798], [-8.294005, 41.481755], [-8.295394, 41.472756], [-8.300584, 41.46378], [-8.31158, 41.454839], [-8.326244, 41.449131], [-8.338228, 41.447894], [-8.35019, 41.448947], [-8.362121, 41.453034], [-8.374003, 41.462512], [-8.379968, 41.473243], [-8.382203, 41.49127], [-8.380307, 41.500267], [-8.37354, 41.510596]]], [[[-8.134243, 41.483014], [-8.135649, 41.480674], [-8.131634, 41.471636], [-8.122492, 41.46617], [-8.110521, 41.465872], [-8.10061, 41.471398], [-8.096915, 41.480376], [-8.103631, 41.489436], [-8.110164, 41.491995], [-8.122139, 41.492336], [-8.129508, 41.489635], [-8.134243, 41.483014]], [[-8.122356, 41.476238], [-8.125646, 41.480598], [-8.122234, 41.485339], [-8.110253, 41.48546], [-8.106699, 41.480453], [-8.110386, 41.475789], [-8.122356, 41.476238]]], [[[-8.804436, 41.264735], [-8.796836, 41.258551], [-8.78184, 41.251455], [-8.757987, 41.2464], [-8.734118, 41.246095], [-8.69829, 41.251174], [-8.676581, 41.258276], [-8.662733, 41.267244], [-8.655182, 41.276229], [-8.652101, 41.285228], [-8.652234, 41.294236], [-8.655432, 41.303253], [-8.67166, 41.321316], [-8.697887, 41.338602], [-8.709815, 41.344008], [-8.721753, 41.347353], [-8.745651, 41.3497], [-8.769571, 41.346164], [-8.781538, 41.341901], [-8.793511, 41.335384], [-8.806769, 41.323988], [-8.804436, 41.264735]], [[-8.769601, 41.337692], [-8.745674, 41.343644], [-8.721773, 41.342677], [-8.697904, 41.334856], [-8.685986, 41.327973], [-8.66727, 41.312296], [-8.661265, 41.303271], [-8.658051, 41.294253], [-8.65836, 41.285247], [-8.662435, 41.276251], [-8.670542, 41.267267], [-8.686319, 41.25857], [-8.698274, 41.254745], [-8.710221, 41.252294], [-8.734101, 41.250314], [-8.757965, 41.252388], [-8.769889, 41.255646], [-8.781807, 41.261232], [-8.790779, 41.267548], [-8.798545, 41.276569], [-8.802651, 41.285584], [-8.803081, 41.303601], [-8.799706, 41.312603], [-8.793137, 41.321599], [-8.782879, 41.330587], [-8.769601, 41.337692]]]]}}, {"id": "13", "type": "Feature", "properties": {"fill": "#a3a3a3", "value_min": 0.33, "value_max": -0.67}, "geometry": {"type": "MultiPolygon", "coordinates": [[[[-8.018575, 41.831379], [-8.007632, 41.821909], [-7.997323, 41.816719], [-7.985334, 41.813439], [-7.961272, 41.812439], [-7.937153, 41.814868], [-7.925035, 41.81957], [-7.913925, 41.830068], [-7.904457, 41.847991], [-7.902897, 41.860918], [-7.904017, 41.859794], [-7.905217, 41.860922], [-7.907309, 41.865203], [-7.906095, 41.868126], [-7.910299, 41.871285], [-7.910285, 41.875562], [-7.91479, 41.879171], [-7.917106, 41.879176], [-7.908521, 41.866043], [-7.906805, 41.85702], [-7.90759, 41.848021], [-7.916266, 41.83009], [-7.926425, 41.821178], [-7.937126, 41.81652], [-7.949197, 41.814637], [-7.973276, 41.814654], [-7.985276, 41.817126], [-7.996091, 41.821808], [-8.007609, 41.830915], [-8.010942, 41.836055], [-8.013363, 41.829124], [-8.018575, 41.831379]]], [[[-8.070942, 41.721203], [-8.086003, 41.705469], [-8.095294, 41.699286], [-8.118104, 41.678699], [-8.118926, 41.669698], [-8.110374, 41.660625], [-8.095921, 41.654488], [-8.083925, 41.653514], [-8.071883, 41.655811], [-8.06451, 41.660261], [-8.047487, 41.681282], [-8.029909, 41.696002], [-8.027616, 41.70499], [-8.034951, 41.71617], [-8.046867, 41.723265], [-8.058862, 41.725187], [-8.070942, 41.721203]], [[-8.071069, 41.712378], [-8.058949, 41.719188], [-8.046942, 41.718218], [-8.0405, 41.714105], [-8.034436, 41.705048], [-8.038144, 41.696072], [-8.04957, 41.68716], [-8.06066, 41.669237], [-8.070486, 41.66031], [-8.083889, 41.656076], [-8.095886, 41.656962], [-8.107823, 41.662302], [-8.115584, 41.669673], [-8.115606, 41.67868], [-8.095339, 41.696036], [-8.077714, 41.705403], [-8.071069, 41.712378]]], [[[-8.373399, 41.525221], [-8.385507, 41.512348], [-8.390232, 41.50032], [-8.389041, 41.473291], [-8.383457, 41.455247], [-8.374164, 41.445804], [-8.36225, 41.439907], [-8.350306, 41.437306], [-8.326369, 41.437038], [-8.314375, 41.439378], [-8.302351, 41.44441], [-8.288924, 41.454701], [-8.282958, 41.463672], [-8.281016, 41.472667], [-8.281699, 41.481679], [-8.287803, 41.499731], [-8.301512, 41.52258], [-8.313409, 41.530873], [-8.325357, 41.534665], [-8.337333, 41.535758], [-8.34933, 41.534908], [-8.361349, 41.531745], [-8.373399, 41.525221]], [[-8.361416, 41.524929], [-8.349395, 41.528416], [-8.337398, 41.529459], [-8.32543, 41.527664], [-8.313491, 41.523185], [-8.29847, 41.508804], [-8.290447, 41.49074], [-8.28912, 41.472717], [-8.292527, 41.463731], [-8.30056, 41.454773], [-8.314295, 41.446933], [-8.326301, 41.443571], [-8.338283, 41.442512], [-8.350243, 41.443624], [-8.362179, 41.447158], [-8.374077, 41.454775], [-8.381139, 41.464242], [-8.3854, 41.482279], [-8.384615, 41.50029], [-8.380862, 41.509277], [-8.373475, 41.517357], [-8.361416, 41.524929]]], [[[-8.144309, 41.480739], [-8.143089, 41.471722], [-8.135043, 41.462655], [-8.12261, 41.457443], [-8.110641, 41.457078], [-8.098612, 41.461158], [-8.089345, 41.471309], [-8.088768, 41.480312], [-8.094831, 41.489367], [-8.110116, 41.495525], [-8.122087, 41.49622], [-8.134115, 41.492639], [-8.139324, 41.489709], [-8.144309, 41.480739]], [[-8.134243, 41.483014], [-8.129508, 41.489635], [-8.122139, 41.492336], [-8.110164, 41.491995], [-8.103631, 41.489436], [-8.096915, 41.480376], [-8.10061, 41.471398], [-8.110521, 41.465872], [-8.122492, 41.46617], [-8.131634, 41.471636], [-8.135649, 41.480674], [-8.134243, 41.483014]]], [[[-8.80378, 41.248067], [-8.781872, 41.24176], [-8.75801, 41.240206], [-8.734136, 41.241786], [-8.698307, 41.247467], [-8.674404, 41.25422], [-8.662436, 41.260328], [-8.653674, 41.267217], [-8.647245, 41.276205], [-8.644439, 41.285204], [-8.645068, 41.294214], [-8.649345, 41.303235], [-8.656143, 41.312263], [-8.666149, 41.3213], [-8.697866, 41.343171], [-8.721729, 41.353095], [-8.745624, 41.356727], [-8.769538, 41.355393], [-8.793469, 41.348634], [-8.807463, 41.341579], [-8.806769, 41.323988], [-8.793511, 41.335384], [-8.781538, 41.341901], [-8.769571, 41.346164], [-8.745651, 41.3497], [-8.721753, 41.347353], [-8.709815, 41.344008], [-8.697887, 41.338602], [-8.67166, 41.321316], [-8.655432, 41.303253], [-8.652234, 41.294236], [-8.652101, 41.285228], [-8.655182, 41.276229], [-8.662733, 41.267244], [-8.676581, 41.258276], [-8.69829, 41.251174], [-8.734118, 41.246095], [-8.757987, 41.2464], [-8.78184, 41.251455], [-8.796836, 41.258551], [-8.804436, 41.264735], [-8.80378, 41.248067]]]]}}, {"id": "12", "type": "Feature", "properties": {"fill": "#a3a3a3", "value_min": 0.0, "value_max": -0.33}, "geometry": {"type": "MultiPolygon", "coordinates": [[[[-8.032933, 41.830267], [-8.021351, 41.820083], [-8.009404, 41.814005], [-7.997421, 41.810424], [-7.973368, 41.808878], [-7.93718, 41.813217], [-7.925078, 41.816979], [-7.912848, 41.828208], [-7.905368, 41.838993], [-7.897772, 41.860457], [-7.902897, 41.860918], [-7.904457, 41.847991], [-7.913925, 41.830068], [-7.925035, 41.81957], [-7.937153, 41.814868], [-7.961272, 41.812439], [-7.985334, 41.813439], [-7.997323, 41.816719], [-8.007632, 41.821909], [-8.018575, 41.831379], [-8.02901, 41.829589], [-8.032933, 41.830267]]], [[[-8.0708, 41.731036], [-8.082956, 41.721795], [-8.092145, 41.705518], [-8.099578, 41.696569], [-8.122234, 41.678731], [-8.124472, 41.669741], [-8.115937, 41.660668], [-8.10791, 41.656029], [-8.095956, 41.652015], [-8.083964, 41.650787], [-8.071935, 41.652123], [-8.05983, 41.65876], [-8.047589, 41.67436], [-8.030131, 41.686997], [-8.021171, 41.695928], [-8.019463, 41.704921], [-8.024715, 41.713972], [-8.03485, 41.722905], [-8.046759, 41.730601], [-8.058747, 41.733051], [-8.0708, 41.731036]], [[-8.070942, 41.721203], [-8.058862, 41.725187], [-8.046867, 41.723265], [-8.034951, 41.71617], [-8.027616, 41.70499], [-8.029909, 41.696002], [-8.047487, 41.681282], [-8.06451, 41.660261], [-8.071883, 41.655811], [-8.083925, 41.653514], [-8.095921, 41.654488], [-8.110374, 41.660625], [-8.118926, 41.669698], [-8.118104, 41.678699], [-8.095294, 41.699286], [-8.086003, 41.705469], [-8.070942, 41.721203]]], [[[-8.373306, 41.534844], [-8.385383, 41.525456], [-8.391491, 41.518341], [-8.39543, 41.509355], [-8.394557, 41.464313], [-8.393539, 41.4553], [-8.389268, 41.44627], [-8.374265, 41.435193], [-8.350386, 41.429263], [-8.326455, 41.428699], [-8.314469, 41.430377], [-8.302461, 41.434088], [-8.282854, 41.445656], [-8.274714, 41.454613], [-8.270828, 41.463595], [-8.270656, 41.472602], [-8.273206, 41.481625], [-8.293443, 41.526788], [-8.303457, 41.535857], [-8.313302, 41.540994], [-8.325262, 41.543814], [-8.349244, 41.543525], [-8.361262, 41.54054], [-8.373306, 41.534844]], [[-8.373399, 41.525221], [-8.361349, 41.531745], [-8.34933, 41.534908], [-8.337333, 41.535758], [-8.325357, 41.534665], [-8.313409, 41.530873], [-8.301512, 41.52258], [-8.287803, 41.499731], [-8.281699, 41.481679], [-8.281016, 41.472667], [-8.282958, 41.463672], [-8.288924, 41.454701], [-8.302351, 41.44441], [-8.314375, 41.439378], [-8.326369, 41.437038], [-8.350306, 41.437306], [-8.36225, 41.439907], [-8.374164, 41.445804], [-8.383457, 41.455247], [-8.389041, 41.473291], [-8.390232, 41.50032], [-8.385507, 41.512348], [-8.373399, 41.525221]]], [[[-8.134043, 41.498034], [-8.149665, 41.489786], [-8.154913, 41.480817], [-8.155143, 41.471811], [-8.150976, 41.462773], [-8.134675, 41.450523], [-8.122749, 41.447094], [-8.110785, 41.44655], [-8.098782, 41.448825], [-8.086716, 41.455576], [-8.080654, 41.462233], [-8.077626, 41.471216], [-8.079043, 41.480234], [-8.086653, 41.489303], [-8.108034, 41.498478], [-8.122039, 41.499725], [-8.134043, 41.498034]], [[-8.144309, 41.480739], [-8.139324, 41.489709], [-8.134115, 41.492639], [-8.122087, 41.49622], [-8.110116, 41.495525], [-8.094831, 41.489367], [-8.088768, 41.480312], [-8.089345, 41.471309], [-8.098612, 41.461158], [-8.110641, 41.457078], [-8.12261, 41.457443], [-8.135043, 41.462655], [-8.143089, 41.471722], [-8.144309, 41.480739]]], [[[-8.80317, 41.232559], [-8.781907, 41.231395], [-8.758035, 41.233257], [-8.698325, 41.243611], [-8.673802, 41.24926], [-8.653544, 41.258209], [-8.64327, 41.267185], [-8.637897, 41.276176], [-8.635472, 41.285176], [-8.636788, 41.294188], [-8.641301, 41.30321], [-8.649727, 41.312244], [-8.685928, 41.340141], [-8.709767, 41.354816], [-8.733642, 41.363261], [-8.757544, 41.366089], [-8.781461, 41.364893], [-8.808129, 41.358473], [-8.807463, 41.341579], [-8.793469, 41.348634], [-8.769538, 41.355393], [-8.745624, 41.356727], [-8.721729, 41.353095], [-8.697866, 41.343171], [-8.666149, 41.3213], [-8.656143, 41.312263], [-8.649345, 41.303235], [-8.645068, 41.294214], [-8.644439, 41.285204], [-8.647245, 41.276205], [-8.653674, 41.267217], [-8.662436, 41.260328], [-8.674404, 41.25422], [-8.698307, 41.247467], [-8.734136, 41.241786], [-8.75801, 41.240206], [-8.781872, 41.24176], [-8.80378, 41.248067], [-8.80317, 41.232559]]]]}}, {"id": "11", "type": "Feature", "properties": {"fill": "#a3a3a3", "value_min": -0.33, "value_max": -0.0}, "geometry": {"type": "MultiPolygon", "coordinates": [[[[-8.051045, 41.819478], [-8.033564, 41.808647], [-8.009568, 41.803398], [-7.985483, 41.804048], [-7.937214, 41.811172], [-7.925121, 41.814389], [-7.912907, 41.824701], [-7.902634, 41.838967], [-7.892341, 41.859096], [-7.897772, 41.860457], [-7.905368, 41.838993], [-7.912848, 41.828208], [-7.925078, 41.816979], [-7.93718, 41.813217], [-7.973368, 41.808878], [-7.997421, 41.810424], [-8.009404, 41.814005], [-8.021351, 41.820083], [-8.032933, 41.830267], [-8.037134, 41.831171], [-8.041351, 41.828023], [-8.041054, 41.825097], [-8.045268, 41.824425], [-8.051045, 41.819478]]], [[[-8.070559, 41.747788], [-8.082676, 41.741479], [-8.090032, 41.732522], [-8.097432, 41.70556], [-8.102137, 41.696589], [-8.119548, 41.683296], [-8.128833, 41.678781], [-8.130717, 41.669788], [-8.122355, 41.660717], [-8.107953, 41.652882], [-8.096002, 41.648714], [-8.084013, 41.647305], [-8.071998, 41.647797], [-8.059929, 41.6519], [-8.046513, 41.66912], [-8.035516, 41.678333], [-8.017392, 41.686889], [-8.008467, 41.695819], [-8.007236, 41.704816], [-8.012646, 41.713869], [-8.022848, 41.72156], [-8.046556, 41.744303], [-8.058523, 41.74835], [-8.070559, 41.747788]], [[-8.0708, 41.731036], [-8.058747, 41.733051], [-8.046759, 41.730601], [-8.03485, 41.722905], [-8.024715, 41.713972], [-8.019463, 41.704921], [-8.021171, 41.695928], [-8.030131, 41.686997], [-8.047589, 41.67436], [-8.05983, 41.65876], [-8.071935, 41.652123], [-8.083964, 41.650787], [-8.095956, 41.652015], [-8.10791, 41.656029], [-8.115937, 41.660668], [-8.124472, 41.669741], [-8.122234, 41.678731], [-8.099578, 41.696569], [-8.092145, 41.705518], [-8.082956, 41.721795], [-8.0708, 41.731036]]], [[[-8.337116, 41.55707], [-8.361142, 41.552751], [-8.373178, 41.548057], [-8.390527, 41.536351], [-8.404572, 41.51841], [-8.406541, 41.509413], [-8.400425, 41.482359], [-8.406906, 41.446363], [-8.403239, 41.437336], [-8.398227, 41.432695], [-8.386319, 41.426278], [-8.362434, 41.421055], [-8.326562, 41.41835], [-8.302594, 41.421688], [-8.278537, 41.432847], [-8.261249, 41.445519], [-8.254642, 41.454484], [-8.252244, 41.463476], [-8.255154, 41.472502], [-8.265959, 41.48684], [-8.272849, 41.499638], [-8.282107, 41.535725], [-8.289289, 41.544242], [-8.301201, 41.551461], [-8.313153, 41.555122], [-8.337116, 41.55707]], [[-8.373306, 41.534844], [-8.361262, 41.54054], [-8.349244, 41.543525], [-8.325262, 41.543814], [-8.313302, 41.540994], [-8.303457, 41.535857], [-8.293443, 41.526788], [-8.273206, 41.481625], [-8.270656, 41.472602], [-8.270828, 41.463595], [-8.274714, 41.454613], [-8.282854, 41.445656], [-8.302461, 41.434088], [-8.314469, 41.430377], [-8.326455, 41.428699], [-8.350386, 41.429263], [-8.374265, 41.435193], [-8.389268, 41.44627], [-8.393539, 41.4553], [-8.394557, 41.464313], [-8.39543, 41.509355], [-8.391491, 41.518341], [-8.385383, 41.525456], [-8.373306, 41.534844]]], [[[-8.067273, 41.481495], [-8.075159, 41.489211], [-8.094921, 41.498375], [-8.110035, 41.501427], [-8.133984, 41.502468], [-8.151201, 41.498804], [-8.164999, 41.489898], [-8.170138, 41.480928], [-8.172372, 41.471937], [-8.170302, 41.462914], [-8.164922, 41.453868], [-8.158648, 41.448333], [-8.146779, 41.440496], [-8.122947, 41.432423], [-8.110994, 41.431233], [-8.099014, 41.432064], [-8.086999, 41.435398], [-8.074938, 41.441844], [-8.0697, 41.447148], [-8.068497, 41.453282], [-8.070288, 41.458235], [-8.068788, 41.462286], [-8.073872, 41.46499], [-8.074164, 41.473543], [-8.067273, 41.481495]], [[-8.134043, 41.498034], [-8.122039, 41.499725], [-8.108034, 41.498478], [-8.086653, 41.489303], [-8.079043, 41.480234], [-8.077626, 41.471216], [-8.080654, 41.462233], [-8.086716, 41.455576], [-8.098782, 41.448825], [-8.110785, 41.44655], [-8.122749, 41.447094], [-8.134675, 41.450523], [-8.150976, 41.462773], [-8.155143, 41.471811], [-8.154913, 41.480817], [-8.149665, 41.489786], [-8.134043, 41.498034]]], [[[-8.808129, 41.358473], [-8.781461, 41.364893], [-8.757544, 41.366089], [-8.733642, 41.363261], [-8.709767, 41.354816], [-8.685928, 41.340141], [-8.649727, 41.312244], [-8.641301, 41.30321], [-8.636788, 41.294188], [-8.635472, 41.285176], [-8.637897, 41.276176], [-8.64327, 41.267185], [-8.653544, 41.258209], [-8.673802, 41.24926], [-8.698325, 41.243611], [-8.758035, 41.233257], [-8.781907, 41.231395], [-8.80317, 41.232559], [-8.802485, 41.21513], [-8.781948, 41.219002], [-8.736856, 41.231406], [-8.674455, 41.243803], [-8.654873, 41.249205], [-8.639507, 41.258166], [-8.630637, 41.267145], [-8.625723, 41.276137], [-8.623619, 41.285138], [-8.625579, 41.294152], [-8.630949, 41.303177], [-8.640832, 41.312216], [-8.697813, 41.354524], [-8.721663, 41.368456], [-8.733602, 41.37297], [-8.757499, 41.378069], [-8.781412, 41.379614], [-8.808883, 41.377558], [-8.808129, 41.358473]]]]}}, {"id": "1", "type": "Feature", "properties": {"fill": "#9c1c1c", "value_min": -3.67, "value_max": -3.33}, "geometry": {"type": "Polygon", "coordinates": [[[-7.860887, 41.829554], [-7.864639, 41.830523], [-7.876711, 41.828851], [-7.889167, 41.820824], [-7.892778, 41.811852], [-7.890081, 41.802819], [-7.877314, 41.794279], [-7.865304, 41.792865], [-7.853199, 41.796757], [-7.846425, 41.802389], [-7.843067, 41.811362], [-7.845662, 41.820395], [-7.852668, 41.82652], [-7.860887, 41.829554]], [[-7.864723, 41.825777], [-7.852758, 41.821451], [-7.848178, 41.811414], [-7.853101, 41.802258], [-7.865217, 41.797769], [-7.877241, 41.798487], [-7.883945, 41.80276], [-7.889086, 41.809567], [-7.889013, 41.813813], [-7.883166, 41.820766], [-7.876782, 41.824778], [-7.864723, 41.825777]]]}}, {"id": "0", "type": "Feature", "properties": {"fill": "#881d1d", "value_min": -4.0, "value_max": -3.67}, "geometry": {"type": "Polygon", "coordinates": [[[-7.864723, 41.825777], [-7.876782, 41.824778], [-7.883166, 41.820766], [-7.889013, 41.813813], [-7.889086, 41.809567], [-7.883945, 41.80276], [-7.877241, 41.798487], [-7.865217, 41.797769], [-7.853101, 41.802258], [-7.848178, 41.811414], [-7.852758, 41.821451], [-7.864723, 41.825777]]]}}]}