{"type": "FeatureCollection", "features": [{"id": "13", "type": "Feature", "properties": {"fill": "#a3a3a3", "value_min": 0.33, "value_max": -0.67}, "geometry": {"type": "MultiPolygon", "coordinates": [[[[-8.007786, 41.841497], [-8.002868, 41.830874], [-7.992796, 41.82178], [-7.985267, 41.817712], [-7.973285, 41.814043], [-7.961263, 41.812975], [-7.949216, 41.813442], [-7.937138, 41.815753], [-7.924974, 41.823208], [-7.918598, 41.830112], [-7.911334, 41.848057], [-7.911504, 41.857065], [-7.914533, 41.8661], [-7.924447, 41.878064], [-7.924731, 41.878224], [-7.924848, 41.878289], [-7.933774, 41.875473], [-7.921566, 41.866167], [-7.916386, 41.857111], [-7.915005, 41.848091], [-7.916653, 41.8391], [-7.921731, 41.830141], [-7.937089, 41.818718], [-7.949176, 41.815878], [-7.961218, 41.815743], [-7.973223, 41.817971], [-7.981964, 41.821684], [-7.993713, 41.830794], [-7.998508, 41.839843], [-7.999387, 41.850715], [-8.00339, 41.85027], [-8.007786, 41.841497]]], [[[-7.741815, 41.85756], [-7.7408, 41.864327], [-7.74348, 41.867991], [-7.755423, 41.873479], [-7.76755, 41.869497], [-7.771438, 41.864658], [-7.770581, 41.855643], [-7.767864, 41.853193], [-7.755886, 41.849635], [-7.746596, 41.853], [-7.746881, 41.855776], [-7.741815, 41.85756]]], [[[-8.166882, 41.739581], [-8.163765, 41.742089], [-8.166784, 41.747191], [-8.176714, 41.742183], [-8.166882, 41.739581]]], [[[-8.103923, 41.678589], [-8.100762, 41.669558], [-8.095761, 41.665939], [-8.083746, 41.666135], [-8.078829, 41.669384], [-8.07329, 41.678346], [-8.079574, 41.687404], [-8.083417, 41.689351], [-8.095456, 41.687744], [-8.103923, 41.678589]], [[-8.083478, 41.685047], [-8.077777, 41.678382], [-8.083676, 41.671077], [-8.09569, 41.670983], [-8.100421, 41.678562], [-8.095509, 41.683923], [-8.083478, 41.685047]]], [[[-8.132254, 41.63186], [-8.129975, 41.633754], [-8.132188, 41.636829], [-8.136894, 41.633806], [-8.132254, 41.63186]]], [[[-8.361426, 41.523916], [-8.373489, 41.515925], [-8.37967, 41.509271], [-8.384095, 41.500287], [-8.385392, 41.482279], [-8.380483, 41.464238], [-8.37216, 41.455186], [-8.362157, 41.449396], [-8.350215, 41.446434], [-8.338251, 41.445652], [-8.326267, 41.44687], [-8.314257, 41.450517], [-8.302202, 41.458273], [-8.296892, 41.463758], [-8.292468, 41.472738], [-8.292569, 41.490753], [-8.300746, 41.508818], [-8.313507, 41.521634], [-8.325441, 41.526601], [-8.337407, 41.528545], [-8.349405, 41.527421], [-8.361426, 41.523916]], [[-8.337462, 41.523154], [-8.325499, 41.520953], [-8.313579, 41.514872], [-8.307198, 41.508857], [-8.297605, 41.490784], [-8.296691, 41.481771], [-8.298787, 41.472777], [-8.302103, 41.467554], [-8.314192, 41.456762], [-8.326214, 41.452042], [-8.338203, 41.450379], [-8.350166, 41.451303], [-8.362099, 41.455365], [-8.373673, 41.464201], [-8.379224, 41.473239], [-8.381597, 41.491267], [-8.379274, 41.500261], [-8.373559, 41.508641], [-8.361486, 41.517823], [-8.349457, 41.522252], [-8.337462, 41.523154]]], [[[-8.632608, 41.189074], [-8.63536, 41.204106], [-8.643553, 41.222147], [-8.650652, 41.231395], [-8.662539, 41.240346], [-8.674448, 41.245226], [-8.698308, 41.247238], [-8.722189, 41.244802], [-8.746079, 41.239271], [-8.765636, 41.231468], [-8.779209, 41.222487], [-8.78826, 41.213496], [-8.79797, 41.195498], [-8.799856, 41.186493], [-8.798357, 41.168475], [-8.794069, 41.158089], [-8.784348, 41.144403], [-8.751739, 41.145126], [-8.75946, 41.150384], [-8.770214, 41.162973], [-8.776465, 41.177442], [-8.777298, 41.186452], [-8.772471, 41.204458], [-8.766418, 41.213454], [-8.756556, 41.222441], [-8.740776, 41.231415], [-8.72222, 41.237498], [-8.710277, 41.239709], [-8.686406, 41.240442], [-8.674482, 41.238334], [-8.662575, 41.233234], [-8.650696, 41.223156], [-8.644162, 41.213141], [-8.63864, 41.195801], [-8.638538, 41.195334], [-8.638459, 41.194451], [-8.634946, 41.193341], [-8.632608, 41.189074]]]]}}, {"id": "12", "type": "Feature", "properties": {"fill": "#a3a3a3", "value_min": 0.0, "value_max": -0.33}, "geometry": {"type": "MultiPolygon", "coordinates": [[[[-8.013636, 41.829124], [-8.006584, 41.8219], [-7.997334, 41.816005], [-7.985368, 41.811282], [-7.97337, 41.808722], [-7.96134, 41.808189], [-7.949284, 41.809308], [-7.937187, 41.812789], [-7.925041, 41.819224], [-7.915465, 41.830082], [-7.907137, 41.848017], [-7.907083, 41.865202], [-7.907111, 41.865427], [-7.908713, 41.869707], [-7.908799, 41.869914], [-7.9089, 41.870157], [-7.910209, 41.873311], [-7.911753, 41.876465], [-7.911787, 41.876523], [-7.911885, 41.87669], [-7.915391, 41.879397], [-7.924447, 41.878064], [-7.914533, 41.8661], [-7.911504, 41.857065], [-7.911334, 41.848057], [-7.918598, 41.830112], [-7.924974, 41.823208], [-7.937138, 41.815753], [-7.949216, 41.813442], [-7.961263, 41.812975], [-7.973285, 41.814043], [-7.985267, 41.817712], [-7.992796, 41.82178], [-8.002868, 41.830874], [-8.007786, 41.841497], [-8.013636, 41.829124]]], [[[-7.924848, 41.878289], [-7.924848, 41.878289], [-7.924731, 41.878224], [-7.924848, 41.878289]]], [[[-7.729917, 41.872556], [-7.743193, 41.882651], [-7.755206, 41.884705], [-7.767302, 41.882452], [-7.779578, 41.873752], [-7.783089, 41.864783], [-7.781451, 41.855759], [-7.772065, 41.846652], [-7.768027, 41.844651], [-7.756021, 41.842673], [-7.746649, 41.84419], [-7.750541, 41.847685], [-7.750532, 41.849261], [-7.743309, 41.849012], [-7.746596, 41.853], [-7.755886, 41.849635], [-7.767864, 41.853193], [-7.770581, 41.855643], [-7.771438, 41.864658], [-7.76755, 41.869497], [-7.755423, 41.873479], [-7.74348, 41.867991], [-7.7408, 41.864327], [-7.741815, 41.85756], [-7.736611, 41.861368], [-7.734159, 41.868337], [-7.729917, 41.872556]]], [[[-8.18766, 41.742261], [-8.178992, 41.733015], [-8.166981, 41.731985], [-8.153892, 41.742017], [-8.155534, 41.751036], [-8.166648, 41.757687], [-8.178696, 41.756254], [-8.185102, 41.75125], [-8.18766, 41.742261]], [[-8.166882, 41.739581], [-8.176714, 41.742183], [-8.166784, 41.747191], [-8.163765, 41.742089], [-8.166882, 41.739581]]], [[[-8.02178, 41.731961], [-8.01075, 41.726493], [-8.001684, 41.731789], [-8.006975, 41.740841], [-8.010504, 41.742541], [-8.015798, 41.740917], [-8.02178, 41.731961]]], [[[-8.107426, 41.678617], [-8.107664, 41.669611], [-8.095829, 41.661048], [-8.083812, 41.661497], [-8.071962, 41.669329], [-8.067879, 41.678303], [-8.072326, 41.687346], [-8.083366, 41.692941], [-8.095417, 41.690499], [-8.107426, 41.678617]], [[-8.103923, 41.678589], [-8.095456, 41.687744], [-8.083417, 41.689351], [-8.079574, 41.687404], [-8.07329, 41.678346], [-8.078829, 41.669384], [-8.083746, 41.666135], [-8.095761, 41.665939], [-8.100762, 41.669558], [-8.103923, 41.678589]]], [[[-8.152545, 41.633923], [-8.144368, 41.623682], [-8.132385, 41.6221], [-8.12717, 41.624726], [-8.118139, 41.633664], [-8.120841, 41.642692], [-8.132039, 41.647881], [-8.144078, 41.64563], [-8.148301, 41.642898], [-8.152545, 41.633923]], [[-8.132254, 41.63186], [-8.136894, 41.633806], [-8.132188, 41.636829], [-8.129975, 41.633754], [-8.132254, 41.63186]]], [[[-8.456446, 41.627266], [-8.444512, 41.618931], [-8.43367, 41.626644], [-8.444366, 41.636006], [-8.456446, 41.627266]]], [[[-8.373408, 41.524238], [-8.385521, 41.510871], [-8.390331, 41.500321], [-8.38997, 41.473296], [-8.387728, 41.464277], [-8.382765, 41.455243], [-8.370523, 41.446169], [-8.362222, 41.442766], [-8.350276, 41.440277], [-8.326332, 41.440604], [-8.309403, 41.445819], [-8.295245, 41.45474], [-8.28816, 41.463704], [-8.284878, 41.472691], [-8.286717, 41.490717], [-8.29386, 41.508776], [-8.301533, 41.520547], [-8.313417, 41.530162], [-8.325358, 41.53454], [-8.337333, 41.535778], [-8.34933, 41.534853], [-8.361353, 41.531326], [-8.373408, 41.524238]], [[-8.361426, 41.523916], [-8.349405, 41.527421], [-8.337407, 41.528545], [-8.325441, 41.526601], [-8.313507, 41.521634], [-8.300746, 41.508818], [-8.292569, 41.490753], [-8.292468, 41.472738], [-8.296892, 41.463758], [-8.302202, 41.458273], [-8.314257, 41.450517], [-8.326267, 41.44687], [-8.338251, 41.445652], [-8.350215, 41.446434], [-8.362157, 41.449396], [-8.37216, 41.455186], [-8.380483, 41.464238], [-8.385392, 41.482279], [-8.384095, 41.500287], [-8.37967, 41.509271], [-8.373489, 41.515925], [-8.361426, 41.523916]]], [[[-8.626688, 41.187299], [-8.633386, 41.213107], [-8.642609, 41.231152], [-8.6506, 41.241145], [-8.662492, 41.249452], [-8.674405, 41.253865], [-8.698272, 41.255072], [-8.757978, 41.248817], [-8.781869, 41.24261], [-8.803138, 41.231747], [-8.799695, 41.14406], [-8.784348, 41.144403], [-8.794069, 41.158089], [-8.798357, 41.168475], [-8.799856, 41.186493], [-8.79797, 41.195498], [-8.78826, 41.213496], [-8.779209, 41.222487], [-8.765636, 41.231468], [-8.746079, 41.239271], [-8.722189, 41.244802], [-8.698308, 41.247238], [-8.674448, 41.245226], [-8.662539, 41.240346], [-8.650652, 41.231395], [-8.643553, 41.222147], [-8.63536, 41.204106], [-8.632608, 41.189074], [-8.626688, 41.187299]]]]}}, {"id": "14", "type": "Feature", "properties": {"fill": "#a3a3a3", "value_min": 0.67, "value_max": -1.0}, "geometry": {"type": "MultiPolygon", "coordinates": [[[[-7.999387, 41.850715], [-7.998508, 41.839843], [-7.993713, 41.830794], [-7.981964, 41.821684], [-7.973223, 41.817971], [-7.961218, 41.815743], [-7.949176, 41.815878], [-7.937089, 41.818718], [-7.921731, 41.830141], [-7.916653, 41.8391], [-7.915005, 41.848091], [-7.916386, 41.857111], [-7.921566, 41.866167], [-7.933774, 41.875473], [-7.937389, 41.87516], [-7.940107, 41.872014], [-7.929345, 41.866239], [-7.921165, 41.857156], [-7.918471, 41.848124], [-7.91959, 41.839128], [-7.924863, 41.83017], [-7.937042, 41.82159], [-7.949136, 41.818314], [-7.961174, 41.81851], [-7.97316, 41.821874], [-7.986334, 41.830729], [-7.99185, 41.839785], [-7.992495, 41.848797], [-7.989149, 41.857775], [-7.980339, 41.866703], [-7.972369, 41.871334], [-7.956364, 41.874288], [-7.960576, 41.875647], [-7.962086, 41.874074], [-7.973828, 41.875216], [-7.987996, 41.869157], [-7.990123, 41.860157], [-7.995547, 41.858138], [-7.994044, 41.856786], [-7.994652, 41.853861], [-7.996765, 41.851162], [-7.999387, 41.850715]]], [[[-8.083478, 41.685047], [-8.095509, 41.683923], [-8.100421, 41.678562], [-8.09569, 41.670983], [-8.083676, 41.671077], [-8.077777, 41.678382], [-8.083478, 41.685047]], [[-8.083551, 41.679925], [-8.082262, 41.678418], [-8.083595, 41.676767], [-8.095614, 41.676445], [-8.096918, 41.678534], [-8.095564, 41.680013], [-8.083551, 41.679925]]], [[[-8.337462, 41.523154], [-8.349457, 41.522252], [-8.361486, 41.517823], [-8.373559, 41.508641], [-8.379274, 41.500261], [-8.381597, 41.491267], [-8.379224, 41.473239], [-8.373673, 41.464201], [-8.362099, 41.455365], [-8.350166, 41.451303], [-8.338203, 41.450379], [-8.326214, 41.452042], [-8.314192, 41.456762], [-8.302103, 41.467554], [-8.298787, 41.472777], [-8.296691, 41.481771], [-8.297605, 41.490784], [-8.307198, 41.508857], [-8.313579, 41.514872], [-8.325499, 41.520953], [-8.337462, 41.523154]], [[-8.336573, 41.518038], [-8.325551, 41.516012], [-8.313582, 41.508895], [-8.305935, 41.499842], [-8.302479, 41.490814], [-8.301965, 41.481803], [-8.304571, 41.472812], [-8.314131, 41.462474], [-8.326165, 41.456767], [-8.338156, 41.45502], [-8.35012, 41.455908], [-8.362051, 41.460201], [-8.367245, 41.464166], [-8.374431, 41.473213], [-8.37756, 41.482237], [-8.377661, 41.491245], [-8.373628, 41.501445], [-8.361531, 41.513162], [-8.349505, 41.517449], [-8.336573, 41.518038]]], [[[-8.63864, 41.195801], [-8.644162, 41.213141], [-8.650696, 41.223156], [-8.662575, 41.233234], [-8.674482, 41.238334], [-8.686406, 41.240442], [-8.710277, 41.239709], [-8.72222, 41.237498], [-8.740776, 41.231415], [-8.756556, 41.222441], [-8.766418, 41.213454], [-8.772471, 41.204458], [-8.777298, 41.186452], [-8.776465, 41.177442], [-8.770214, 41.162973], [-8.75946, 41.150384], [-8.751739, 41.145126], [-8.715704, 41.145914], [-8.734498, 41.152096], [-8.745431, 41.159362], [-8.753787, 41.168388], [-8.75833, 41.177405], [-8.760364, 41.186418], [-8.759758, 41.195424], [-8.756605, 41.204426], [-8.750511, 41.21342], [-8.739882, 41.222405], [-8.722249, 41.23069], [-8.710302, 41.233857], [-8.686432, 41.23504], [-8.674512, 41.232454], [-8.662609, 41.226723], [-8.650741, 41.214745], [-8.645693, 41.204138], [-8.643975, 41.1897], [-8.641225, 41.196014], [-8.63864, 41.195801]]], [[[-8.638459, 41.194451], [-8.638459, 41.194451], [-8.638538, 41.195334], [-8.638459, 41.194451]]], [[[-8.65468, 41.164126], [-8.658208, 41.160373], [-8.654961, 41.161963], [-8.65468, 41.164126]]], [[[-8.661476, 41.157296], [-8.661476, 41.157296], [-8.662356, 41.156527], [-8.661476, 41.157296]]], [[[-8.662363, 41.156521], [-8.662363, 41.156521], [-8.662615, 41.156301], [-8.662363, 41.156521]]], [[[-8.674223, 41.149967], [-8.684509, 41.146587], [-8.674793, 41.146932], [-8.674223, 41.149967]]]]}}, {"id": "15", "type": "Feature", "properties": {"fill": "#97a3b2", "value_min": 1.0, "value_max": -1.33}, "geometry": {"type": "MultiPolygon", "coordinates": [[[[-7.956364, 41.874288], [-7.972369, 41.871334], [-7.980339, 41.866703], [-7.989149, 41.857775], [-7.992495, 41.848797], [-7.99185, 41.839785], [-7.986334, 41.830729], [-7.97316, 41.821874], [-7.961174, 41.81851], [-7.949136, 41.818314], [-7.937042, 41.82159], [-7.924863, 41.83017], [-7.91959, 41.839128], [-7.918471, 41.848124], [-7.921165, 41.857156], [-7.929345, 41.866239], [-7.940107, 41.872014], [-7.941618, 41.870891], [-7.951254, 41.871132], [-7.956364, 41.874288]], [[-7.9483, 41.869397], [-7.936313, 41.865638], [-7.92611, 41.857202], [-7.921936, 41.848157], [-7.922526, 41.839155], [-7.928025, 41.8302], [-7.937004, 41.823873], [-7.949097, 41.82075], [-7.961129, 41.821279], [-7.973103, 41.825475], [-7.98064, 41.830679], [-7.985681, 41.83973], [-7.985979, 41.84874], [-7.981449, 41.857707], [-7.972472, 41.864918], [-7.960354, 41.869141], [-7.9483, 41.869397]]], [[[-8.083551, 41.679925], [-8.095564, 41.680013], [-8.096918, 41.678534], [-8.095614, 41.676445], [-8.083595, 41.676767], [-8.082262, 41.678418], [-8.083551, 41.679925]]], [[[-8.336573, 41.518038], [-8.349505, 41.517449], [-8.361531, 41.513162], [-8.373628, 41.501445], [-8.377661, 41.491245], [-8.37756, 41.482237], [-8.374431, 41.473213], [-8.367245, 41.464166], [-8.362051, 41.460201], [-8.35012, 41.455908], [-8.338156, 41.45502], [-8.326165, 41.456767], [-8.314131, 41.462474], [-8.304571, 41.472812], [-8.301965, 41.481803], [-8.302479, 41.490814], [-8.305935, 41.499842], [-8.313582, 41.508895], [-8.325551, 41.516012], [-8.336573, 41.518038]], [[-8.337548, 41.514705], [-8.325594, 41.511861], [-8.313699, 41.503489], [-8.306491, 41.490838], [-8.30613, 41.481829], [-8.309785, 41.472843], [-8.314071, 41.468206], [-8.326122, 41.460926], [-8.33812, 41.458568], [-8.350083, 41.459613], [-8.362005, 41.464926], [-8.370134, 41.473189], [-8.373672, 41.482216], [-8.373725, 41.491224], [-8.370198, 41.500212], [-8.361576, 41.508584], [-8.349541, 41.513842], [-8.337548, 41.514705]]], [[[-8.643975, 41.1897], [-8.645693, 41.204138], [-8.650741, 41.214745], [-8.662609, 41.226723], [-8.674512, 41.232454], [-8.686432, 41.23504], [-8.710302, 41.233857], [-8.722249, 41.23069], [-8.739882, 41.222405], [-8.750511, 41.21342], [-8.756605, 41.204426], [-8.759758, 41.195424], [-8.760364, 41.186418], [-8.75833, 41.177405], [-8.753787, 41.168388], [-8.745431, 41.159362], [-8.734498, 41.152096], [-8.715704, 41.145914], [-8.684509, 41.146587], [-8.674223, 41.149967], [-8.674849, 41.153767], [-8.672489, 41.15648], [-8.662615, 41.156301], [-8.662363, 41.156521], [-8.662356, 41.156527], [-8.661476, 41.157296], [-8.660313, 41.160813], [-8.658208, 41.160373], [-8.65468, 41.164126], [-8.653231, 41.169174], [-8.655363, 41.175116], [-8.662919, 41.166164], [-8.674875, 41.159091], [-8.686811, 41.1554], [-8.698735, 41.154366], [-8.710647, 41.155619], [-8.722201, 41.159308], [-8.734439, 41.166775], [-8.743362, 41.177373], [-8.746535, 41.186388], [-8.746723, 41.195396], [-8.743982, 41.204398], [-8.737581, 41.213392], [-8.725387, 41.222371], [-8.710328, 41.228074], [-8.698387, 41.230018], [-8.686457, 41.229786], [-8.674538, 41.227018], [-8.662642, 41.220316], [-8.655929, 41.213177], [-8.650945, 41.204154], [-8.649245, 41.195141], [-8.650035, 41.186135], [-8.654723, 41.17592], [-8.647955, 41.180228], [-8.647696, 41.185181], [-8.643975, 41.1897]]], [[[-8.654773, 41.175857], [-8.654773, 41.175857], [-8.654903, 41.175694], [-8.654773, 41.175857]]], [[[-8.655068, 41.175486], [-8.655068, 41.175486], [-8.655083, 41.175468], [-8.655068, 41.175486]]]]}}, {"id": "11", "type": "Feature", "properties": {"fill": "#a3a3a3", "value_min": -0.33, "value_max": -0.0}, "geometry": {"type": "MultiPolygon", "coordinates": [[[[-8.034601, 41.830269], [-8.027997, 41.822083], [-8.015952, 41.812973], [-7.997502, 41.805227], [-7.973482, 41.80175], [-7.961439, 41.802059], [-7.937296, 41.806228], [-7.925119, 41.814532], [-7.912831, 41.82924], [-7.902939, 41.847977], [-7.900215, 41.861362], [-7.904318, 41.859795], [-7.907083, 41.865202], [-7.907137, 41.848017], [-7.915465, 41.830082], [-7.925041, 41.819224], [-7.937187, 41.812789], [-7.949284, 41.809308], [-7.96134, 41.808189], [-7.97337, 41.808722], [-7.985368, 41.811282], [-7.997334, 41.816005], [-8.006584, 41.8219], [-8.013636, 41.829124], [-8.017873, 41.831379], [-8.02901, 41.829589], [-8.034601, 41.830269]]], [[[-7.911885, 41.87669], [-7.911885, 41.87669], [-7.911787, 41.876523], [-7.911885, 41.87669]]], [[[-7.911753, 41.876465], [-7.911753, 41.876465], [-7.910209, 41.873311], [-7.911753, 41.876465]]], [[[-7.9089, 41.870157], [-7.9089, 41.870157], [-7.908799, 41.869914], [-7.9089, 41.870157]]], [[[-7.908713, 41.869707], [-7.907111, 41.865427], [-7.906095, 41.868126], [-7.908713, 41.869707]]], [[[-7.784766, 41.885155], [-7.785562, 41.884412], [-7.786449, 41.883585], [-7.78647, 41.883565], [-7.78669, 41.883361], [-7.786773, 41.883283], [-7.78693, 41.883136], [-7.792056, 41.873884], [-7.793025, 41.864887], [-7.790437, 41.855854], [-7.783444, 41.846773], [-7.76814, 41.838771], [-7.756128, 41.837119], [-7.746986, 41.838169], [-7.746649, 41.84419], [-7.756021, 41.842673], [-7.768027, 41.844651], [-7.772065, 41.846652], [-7.781451, 41.855759], [-7.783089, 41.864783], [-7.779578, 41.873752], [-7.767302, 41.882452], [-7.755206, 41.884705], [-7.743193, 41.882651], [-7.729917, 41.872556], [-7.729293, 41.875972], [-7.720533, 41.880218], [-7.720523, 41.881793], [-7.725335, 41.882935], [-7.726208, 41.887665], [-7.737044, 41.888828], [-7.73944, 41.891087], [-7.74246, 41.889747], [-7.742785, 41.885922], [-7.756022, 41.888441], [-7.758719, 41.890926], [-7.756592, 41.89407], [-7.758079, 41.897329], [-7.766823, 41.896015], [-7.779227, 41.886264], [-7.784766, 41.885155]]], [[[-8.190675, 41.760217], [-8.196835, 41.751332], [-8.197549, 41.74233], [-8.191021, 41.732661], [-8.17907, 41.726836], [-8.167047, 41.726818], [-8.153597, 41.733008], [-8.145615, 41.741956], [-8.144335, 41.750953], [-8.149034, 41.759995], [-8.15453, 41.764509], [-8.166515, 41.767969], [-8.178559, 41.766982], [-8.190675, 41.760217]], [[-8.18766, 41.742261], [-8.185102, 41.75125], [-8.178696, 41.756254], [-8.166648, 41.757687], [-8.155534, 41.751036], [-8.153892, 41.742017], [-8.166981, 41.731985], [-8.178992, 41.733015], [-8.18766, 41.742261]]], [[[-8.033906, 41.741071], [-8.034649, 41.73207], [-8.028591, 41.723012], [-8.022876, 41.719707], [-8.010886, 41.71765], [-7.998805, 41.721459], [-7.991501, 41.7317], [-7.993467, 41.740724], [-7.998418, 41.746346], [-8.010365, 41.751596], [-8.02241, 41.750436], [-8.033906, 41.741071]], [[-8.02178, 41.731961], [-8.015798, 41.740917], [-8.010504, 41.742541], [-8.006975, 41.740841], [-8.001684, 41.731789], [-8.01075, 41.726493], [-8.02178, 41.731961]]], [[[-8.43485, 41.715344], [-8.426548, 41.707673], [-8.419726, 41.705883], [-8.410748, 41.707593], [-8.40768, 41.708712], [-8.401445, 41.716552], [-8.40352, 41.72465], [-8.406223, 41.722843], [-8.417349, 41.725067], [-8.422737, 41.720552], [-8.429643, 41.719859], [-8.430533, 41.717381], [-8.43485, 41.715344]]], [[[-8.095378, 41.693255], [-8.112561, 41.678656], [-8.116077, 41.669676], [-8.116952, 41.660676], [-8.119891, 41.658124], [-8.143954, 41.654954], [-8.156041, 41.64906], [-8.162776, 41.643005], [-8.165751, 41.634019], [-8.163289, 41.624994], [-8.156439, 41.618514], [-8.151077, 41.615898], [-8.144502, 41.613541], [-8.132499, 41.613615], [-8.120423, 41.619036], [-8.109053, 41.633594], [-8.106761, 41.642583], [-8.10156, 41.65155], [-8.083916, 41.65418], [-8.071797, 41.661742], [-8.065602, 41.669277], [-8.061887, 41.678254], [-8.062789, 41.687268], [-8.07132, 41.69495], [-8.083313, 41.696652], [-8.095378, 41.693255]], [[-8.107426, 41.678617], [-8.095417, 41.690499], [-8.083366, 41.692941], [-8.072326, 41.687346], [-8.067879, 41.678303], [-8.071962, 41.669329], [-8.083812, 41.661497], [-8.095829, 41.661048], [-8.107664, 41.669611], [-8.107426, 41.678617]], [[-8.152545, 41.633923], [-8.148301, 41.642898], [-8.144078, 41.64563], [-8.132039, 41.647881], [-8.120841, 41.642692], [-8.118139, 41.633664], [-8.12717, 41.624726], [-8.132385, 41.6221], [-8.144368, 41.623682], [-8.152545, 41.633923]]], [[[-8.468379, 41.636027], [-8.469592, 41.626816], [-8.464165, 41.617783], [-8.456569, 41.61256], [-8.444594, 41.609414], [-8.432578, 41.611119], [-8.42247, 41.617581], [-8.419038, 41.626571], [-8.42247, 41.635596], [-8.432291, 41.64383], [-8.444267, 41.647529], [-8.456288, 41.646025], [-8.468379, 41.636027]], [[-8.456446, 41.627266], [-8.444366, 41.636006], [-8.43367, 41.626644], [-8.444512, 41.618931], [-8.456446, 41.627266]]], [[[-8.36125, 41.541763], [-8.373306, 41.534838], [-8.382204, 41.527299], [-8.390247, 41.518335], [-8.395306, 41.509354], [-8.397223, 41.500357], [-8.396663, 41.464324], [-8.395005, 41.455308], [-8.386146, 41.444605], [-8.374234, 41.43842], [-8.362296, 41.435186], [-8.338382, 41.432805], [-8.314412, 41.435794], [-8.302398, 41.440021], [-8.292566, 41.445716], [-8.282598, 41.454662], [-8.277659, 41.463639], [-8.275869, 41.472635], [-8.277262, 41.481651], [-8.289591, 41.516693], [-8.294736, 41.526796], [-8.301381, 41.534763], [-8.313287, 41.542484], [-8.325241, 41.545832], [-8.33722, 41.546849], [-8.36125, 41.541763]], [[-8.373408, 41.524238], [-8.361353, 41.531326], [-8.34933, 41.534853], [-8.337333, 41.535778], [-8.325358, 41.53454], [-8.313417, 41.530162], [-8.301533, 41.520547], [-8.29386, 41.508776], [-8.286717, 41.490717], [-8.284878, 41.472691], [-8.28816, 41.463704], [-8.295245, 41.45474], [-8.309403, 41.445819], [-8.326332, 41.440604], [-8.350276, 41.440277], [-8.362222, 41.442766], [-8.370523, 41.446169], [-8.382765, 41.455243], [-8.387728, 41.464277], [-8.38997, 41.473296], [-8.390331, 41.500321], [-8.385521, 41.510871], [-8.373408, 41.524238]]], [[[-8.661815, 41.380523], [-8.668091, 41.375352], [-8.672952, 41.366358], [-8.673321, 41.357352], [-8.669571, 41.348333], [-8.66202, 41.340907], [-8.650102, 41.334519], [-8.638163, 41.332267], [-8.626208, 41.333081], [-8.611157, 41.339143], [-8.601496, 41.348118], [-8.597933, 41.357113], [-8.5986, 41.366123], [-8.603899, 41.375149], [-8.613963, 41.382864], [-8.625899, 41.387172], [-8.637854, 41.388181], [-8.649825, 41.38628], [-8.661815, 41.380523]]], [[[-8.618849, 41.178554], [-8.628145, 41.21309], [-8.63868, 41.238762], [-8.650524, 41.255558], [-8.662417, 41.263993], [-8.674341, 41.266793], [-8.722106, 41.264319], [-8.781781, 41.269094], [-8.804551, 41.267663], [-8.803138, 41.231747], [-8.781869, 41.24261], [-8.757978, 41.248817], [-8.698272, 41.255072], [-8.674405, 41.253865], [-8.662492, 41.249452], [-8.6506, 41.241145], [-8.642609, 41.231152], [-8.633386, 41.213107], [-8.626688, 41.187299], [-8.62263, 41.180113], [-8.618849, 41.178554]]]]}}, {"id": "16", "type": "Feature", "properties": {"fill": "#80a4d0", "value_min": 1.33, "value_max": -1.67}, "geometry": {"type": "MultiPolygon", "coordinates": [[[[-7.9483, 41.869397], [-7.960354, 41.869141], [-7.972472, 41.864918], [-7.981449, 41.857707], [-7.985979, 41.84874], [-7.985681, 41.83973], [-7.98064, 41.830679], [-7.973103, 41.825475], [-7.961129, 41.821279], [-7.949097, 41.82075], [-7.937004, 41.823873], [-7.928025, 41.8302], [-7.922526, 41.839155], [-7.921936, 41.848157], [-7.92611, 41.857202], [-7.936313, 41.865638], [-7.9483, 41.869397]], [[-7.960429, 41.864496], [-7.948372, 41.865039], [-7.936383, 41.861367], [-7.931406, 41.857252], [-7.925424, 41.848189], [-7.92544, 41.839183], [-7.931187, 41.83023], [-7.936966, 41.826157], [-7.949063, 41.82282], [-7.96109, 41.82366], [-7.973045, 41.829077], [-7.981037, 41.839689], [-7.980654, 41.848693], [-7.974334, 41.857643], [-7.960429, 41.864496]]], [[[-8.337548, 41.514705], [-8.349541, 41.513842], [-8.361576, 41.508584], [-8.370198, 41.500212], [-8.373725, 41.491224], [-8.373672, 41.482216], [-8.370134, 41.473189], [-8.362005, 41.464926], [-8.350083, 41.459613], [-8.33812, 41.458568], [-8.326122, 41.460926], [-8.314071, 41.468206], [-8.309785, 41.472843], [-8.30613, 41.481829], [-8.306491, 41.490838], [-8.313699, 41.503489], [-8.325594, 41.511861], [-8.337548, 41.514705]], [[-8.337584, 41.511228], [-8.325635, 41.507875], [-8.315347, 41.499899], [-8.310503, 41.490862], [-8.310294, 41.481854], [-8.314994, 41.472874], [-8.32608, 41.464973], [-8.338084, 41.462116], [-8.350046, 41.463318], [-8.361963, 41.469166], [-8.365898, 41.473166], [-8.370396, 41.482198], [-8.370479, 41.491206], [-8.366056, 41.500189], [-8.361617, 41.5045], [-8.349577, 41.510236], [-8.337584, 41.511228]]], [[[-8.654723, 41.17592], [-8.650035, 41.186135], [-8.649245, 41.195141], [-8.650945, 41.204154], [-8.655929, 41.213177], [-8.662642, 41.220316], [-8.674538, 41.227018], [-8.686457, 41.229786], [-8.698387, 41.230018], [-8.710328, 41.228074], [-8.725387, 41.222371], [-8.737581, 41.213392], [-8.743982, 41.204398], [-8.746723, 41.195396], [-8.746535, 41.186388], [-8.743362, 41.177373], [-8.734439, 41.166775], [-8.722201, 41.159308], [-8.710647, 41.155619], [-8.698735, 41.154366], [-8.686811, 41.1554], [-8.674875, 41.159091], [-8.662919, 41.166164], [-8.655363, 41.175116], [-8.655083, 41.175468], [-8.655068, 41.175486], [-8.654903, 41.175694], [-8.654773, 41.175857], [-8.654723, 41.17592]], [[-8.698411, 41.224893], [-8.68648, 41.224808], [-8.674565, 41.221641], [-8.662676, 41.213591], [-8.656923, 41.204172], [-8.655175, 41.195159], [-8.656788, 41.186156], [-8.662869, 41.175999], [-8.674833, 41.16752], [-8.686771, 41.163805], [-8.698694, 41.16318], [-8.710604, 41.165367], [-8.717377, 41.168304], [-8.729348, 41.177341], [-8.734461, 41.186361], [-8.735573, 41.195371], [-8.732993, 41.204373], [-8.726056, 41.213365], [-8.710376, 41.222334], [-8.698411, 41.224893]]]]}}, {"id": "17", "type": "Feature", "properties": {"fill": "#6ba5ec", "value_min": 1.67, "value_max": -2.0}, "geometry": {"type": "MultiPolygon", "coordinates": [[[[-7.960429, 41.864496], [-7.974334, 41.857643], [-7.980654, 41.848693], [-7.981037, 41.839689], [-7.973045, 41.829077], [-7.96109, 41.82366], [-7.949063, 41.82282], [-7.936966, 41.826157], [-7.931187, 41.83023], [-7.92544, 41.839183], [-7.925424, 41.848189], [-7.931406, 41.857252], [-7.936383, 41.861367], [-7.948372, 41.865039], [-7.960429, 41.864496]], [[-7.948431, 41.861424], [-7.936454, 41.857104], [-7.928982, 41.848222], [-7.928289, 41.839209], [-7.936929, 41.828441], [-7.949031, 41.824759], [-7.961052, 41.826006], [-7.970245, 41.830586], [-7.976607, 41.83965], [-7.975599, 41.848648], [-7.966355, 41.857572], [-7.960496, 41.860401], [-7.948431, 41.861424]]], [[[-8.337584, 41.511228], [-8.349577, 41.510236], [-8.361617, 41.5045], [-8.366056, 41.500189], [-8.370479, 41.491206], [-8.370396, 41.482198], [-8.365898, 41.473166], [-8.361963, 41.469166], [-8.350046, 41.463318], [-8.338084, 41.462116], [-8.32608, 41.464973], [-8.314994, 41.472874], [-8.310294, 41.481854], [-8.310503, 41.490862], [-8.315347, 41.499899], [-8.325635, 41.507875], [-8.337584, 41.511228]], [[-8.349609, 41.507061], [-8.337617, 41.507972], [-8.325673, 41.504266], [-8.320076, 41.499927], [-8.314471, 41.490886], [-8.314424, 41.481878], [-8.320178, 41.472905], [-8.326041, 41.468727], [-8.33805, 41.465403], [-8.350014, 41.46653], [-8.361585, 41.473142], [-8.367122, 41.48218], [-8.367233, 41.491188], [-8.361916, 41.500166], [-8.349609, 41.507061]]], [[[-8.698411, 41.224893], [-8.710376, 41.222334], [-8.726056, 41.213365], [-8.732993, 41.204373], [-8.735573, 41.195371], [-8.734461, 41.186361], [-8.729348, 41.177341], [-8.717377, 41.168304], [-8.710604, 41.165367], [-8.698694, 41.16318], [-8.686771, 41.163805], [-8.674833, 41.16752], [-8.662869, 41.175999], [-8.656788, 41.186156], [-8.655175, 41.195159], [-8.656923, 41.204172], [-8.662676, 41.213591], [-8.674565, 41.221641], [-8.68648, 41.224808], [-8.698411, 41.224893]], [[-8.698436, 41.219361], [-8.686506, 41.219504], [-8.674594, 41.215773], [-8.662969, 41.20419], [-8.661337, 41.195177], [-8.664006, 41.186177], [-8.674792, 41.175743], [-8.686734, 41.171725], [-8.698656, 41.171539], [-8.714236, 41.177304], [-8.722898, 41.186334], [-8.72516, 41.195347], [-8.722814, 41.204349], [-8.714364, 41.213336], [-8.698436, 41.219361]]]]}}, {"id": "18", "type": "Feature", "properties": {"fill": "#5599f7", "value_min": 2.0, "value_max": -2.33}, "geometry": {"type": "MultiPolygon", "coordinates": [[[[-7.948431, 41.861424], [-7.960496, 41.860401], [-7.966355, 41.857572], [-7.975599, 41.848648], [-7.976607, 41.83965], [-7.970245, 41.830586], [-7.961052, 41.826006], [-7.949031, 41.824759], [-7.936929, 41.828441], [-7.928289, 41.839209], [-7.928982, 41.848222], [-7.936454, 41.857104], [-7.948431, 41.861424]], [[-7.947347, 41.857399], [-7.936522, 41.852989], [-7.932541, 41.848256], [-7.931139, 41.839236], [-7.938008, 41.830293], [-7.948999, 41.826698], [-7.961014, 41.828354], [-7.965407, 41.830543], [-7.972248, 41.839611], [-7.970542, 41.848603], [-7.960562, 41.856329], [-7.947347, 41.857399]]], [[[-8.349609, 41.507061], [-8.361916, 41.500166], [-8.367233, 41.491188], [-8.367122, 41.48218], [-8.361585, 41.473142], [-8.350014, 41.46653], [-8.33805, 41.465403], [-8.326041, 41.468727], [-8.320178, 41.472905], [-8.314424, 41.481878], [-8.314471, 41.490886], [-8.320076, 41.499927], [-8.325673, 41.504266], [-8.337617, 41.507972], [-8.349609, 41.507061]], [[-8.337646, 41.505094], [-8.324804, 41.499955], [-8.318232, 41.490908], [-8.318314, 41.481901], [-8.326002, 41.47248], [-8.33802, 41.468391], [-8.349983, 41.469616], [-8.356102, 41.473112], [-8.363846, 41.482162], [-8.363986, 41.49117], [-8.356723, 41.500137], [-8.349639, 41.504084], [-8.337646, 41.505094]]], [[[-8.698436, 41.219361], [-8.714364, 41.213336], [-8.722814, 41.204349], [-8.72516, 41.195347], [-8.722898, 41.186334], [-8.714236, 41.177304], [-8.698656, 41.171539], [-8.686734, 41.171725], [-8.674792, 41.175743], [-8.664006, 41.186177], [-8.661337, 41.195177], [-8.662969, 41.20419], [-8.674594, 41.215773], [-8.686506, 41.219504], [-8.698436, 41.219361]], [[-8.686533, 41.213862], [-8.674632, 41.208058], [-8.671195, 41.204213], [-8.66934, 41.1952], [-8.674746, 41.185063], [-8.686695, 41.179891], [-8.698616, 41.180324], [-8.71051, 41.186886], [-8.714324, 41.195321], [-8.712125, 41.204323], [-8.698802, 41.213297], [-8.686533, 41.213862]]]]}}, {"id": "19", "type": "Feature", "properties": {"fill": "#4182f2", "value_min": 2.33, "value_max": -2.67}, "geometry": {"type": "MultiPolygon", "coordinates": [[[[-7.947347, 41.857399], [-7.960562, 41.856329], [-7.970542, 41.848603], [-7.972248, 41.839611], [-7.965407, 41.830543], [-7.961014, 41.828354], [-7.948999, 41.826698], [-7.938008, 41.830293], [-7.931139, 41.839236], [-7.932541, 41.848256], [-7.936522, 41.852989], [-7.947347, 41.857399]], [[-7.948544, 41.854488], [-7.93659, 41.848873], [-7.933987, 41.839262], [-7.936816, 41.835252], [-7.943743, 41.830346], [-7.948968, 41.828636], [-7.960973, 41.830895], [-7.968261, 41.839575], [-7.965479, 41.848557], [-7.960627, 41.852314], [-7.948544, 41.854488]]], [[[-8.337646, 41.505094], [-8.349639, 41.504084], [-8.356723, 41.500137], [-8.363986, 41.49117], [-8.363846, 41.482162], [-8.356102, 41.473112], [-8.349983, 41.469616], [-8.33802, 41.468391], [-8.326002, 41.47248], [-8.318314, 41.481901], [-8.318232, 41.490908], [-8.324804, 41.499955], [-8.337646, 41.505094]], [[-8.337676, 41.502216], [-8.325759, 41.495973], [-8.321991, 41.490931], [-8.322205, 41.481924], [-8.325953, 41.477263], [-8.33799, 41.47138], [-8.349952, 41.472702], [-8.360253, 41.482142], [-8.360501, 41.491151], [-8.349668, 41.501108], [-8.337676, 41.502216]]], [[[-8.686533, 41.213862], [-8.698802, 41.213297], [-8.712125, 41.204323], [-8.714324, 41.195321], [-8.71051, 41.186886], [-8.698616, 41.180324], [-8.686695, 41.179891], [-8.674746, 41.185063], [-8.66934, 41.1952], [-8.671195, 41.204213], [-8.674632, 41.208058], [-8.686533, 41.213862]], [[-8.684912, 41.204252], [-8.681715, 41.195235], [-8.686642, 41.191025], [-8.698556, 41.19332], [-8.700264, 41.195285], [-8.69852, 41.201243], [-8.694064, 41.204276], [-8.684912, 41.204252]]]]}}, {"id": "20", "type": "Feature", "properties": {"fill": "#2e6eed", "value_min": 2.67, "value_max": -3.0}, "geometry": {"type": "MultiPolygon", "coordinates": [[[[-7.948544, 41.854488], [-7.960627, 41.852314], [-7.965479, 41.848557], [-7.968261, 41.839575], [-7.960973, 41.830895], [-7.948968, 41.828636], [-7.943743, 41.830346], [-7.936816, 41.835252], [-7.933987, 41.839262], [-7.93659, 41.848873], [-7.948544, 41.854488]], [[-7.942646, 41.848349], [-7.936914, 41.839289], [-7.948933, 41.830765], [-7.960899, 41.835519], [-7.964275, 41.839539], [-7.959979, 41.848507], [-7.948598, 41.851204], [-7.942646, 41.848349]]], [[[-8.337676, 41.502216], [-8.349668, 41.501108], [-8.360501, 41.491151], [-8.360253, 41.482142], [-8.349952, 41.472702], [-8.33799, 41.47138], [-8.325953, 41.477263], [-8.322205, 41.481924], [-8.321991, 41.490931], [-8.325759, 41.495973], [-8.337676, 41.502216]], [[-8.337707, 41.499126], [-8.325751, 41.490953], [-8.32619, 41.481948], [-8.337956, 41.474671], [-8.349916, 41.476351], [-8.356157, 41.48212], [-8.356484, 41.491129], [-8.349704, 41.497546], [-8.337707, 41.499126]]], [[[-8.684912, 41.204252], [-8.694064, 41.204276], [-8.69852, 41.201243], [-8.700264, 41.195285], [-8.698556, 41.19332], [-8.686642, 41.191025], [-8.681715, 41.195235], [-8.684912, 41.204252]]]]}}, {"id": "10", "type": "Feature", "properties": {"fill": "#a3a3a3", "value_min": -0.67, "value_max": -0.33}, "geometry": {"type": "MultiPolygon", "coordinates": [[[[-8.069846, 41.816113], [-8.057706, 41.804214], [-8.033864, 41.788665], [-8.021862, 41.786553], [-7.973688, 41.788816], [-7.949729, 41.78202], [-7.937686, 41.782589], [-7.932667, 41.785209], [-7.929465, 41.794186], [-7.92895, 41.803188], [-7.925258, 41.806243], [-7.908854, 41.83002], [-7.892848, 41.859097], [-7.900215, 41.861362], [-7.902939, 41.847977], [-7.912831, 41.82924], [-7.925119, 41.814532], [-7.937296, 41.806228], [-7.961439, 41.802059], [-7.973482, 41.80175], [-7.997502, 41.805227], [-8.015952, 41.812973], [-8.027997, 41.822083], [-8.034601, 41.830269], [-8.037134, 41.831171], [-8.038941, 41.830047], [-8.041351, 41.828023], [-8.041054, 41.825097], [-8.045268, 41.824425], [-8.046775, 41.821951], [-8.056712, 41.81588], [-8.064534, 41.81701], [-8.069846, 41.816113]]], [[[-7.804608, 41.87041], [-7.800032, 41.855954], [-7.79327, 41.846877], [-7.781034, 41.837741], [-7.768246, 41.833259], [-7.756225, 41.832145], [-7.742198, 41.833623], [-7.746986, 41.838169], [-7.756128, 41.837119], [-7.76814, 41.838771], [-7.783444, 41.846773], [-7.790437, 41.855854], [-7.793025, 41.864887], [-7.792056, 41.873884], [-7.78693, 41.883136], [-7.794007, 41.882257], [-7.796739, 41.878214], [-7.794349, 41.87438], [-7.797064, 41.873488], [-7.803381, 41.874857], [-7.804608, 41.87041]]], [[[-7.766823, 41.896015], [-7.758079, 41.897329], [-7.764097, 41.898595], [-7.766823, 41.896015]]], [[[-7.786773, 41.883283], [-7.786773, 41.883283], [-7.78669, 41.883361], [-7.786773, 41.883283]]], [[[-7.78647, 41.883565], [-7.78647, 41.883565], [-7.786449, 41.883585], [-7.78647, 41.883565]]], [[[-7.785562, 41.884412], [-7.785562, 41.884412], [-7.784766, 41.885155], [-7.785562, 41.884412]]], [[[-8.200357, 41.769371], [-8.206017, 41.760403], [-8.208831, 41.751416], [-8.208885, 41.742409], [-8.203061, 41.731369], [-8.191144, 41.722815], [-8.179169, 41.719082], [-8.167133, 41.720181], [-8.155036, 41.725917], [-8.133656, 41.741866], [-8.127953, 41.75083], [-8.125446, 41.759818], [-8.127295, 41.768839], [-8.130349, 41.773384], [-8.14225, 41.783244], [-8.15424, 41.786531], [-8.166271, 41.78684], [-8.178332, 41.784717], [-8.190445, 41.778521], [-8.200357, 41.769371]], [[-8.190675, 41.760217], [-8.178559, 41.766982], [-8.166515, 41.767969], [-8.15453, 41.764509], [-8.149034, 41.759995], [-8.144335, 41.750953], [-8.145615, 41.741956], [-8.153597, 41.733008], [-8.167047, 41.726818], [-8.17907, 41.726836], [-8.191021, 41.732661], [-8.197549, 41.74233], [-8.196835, 41.751332], [-8.190675, 41.760217]]], [[[-8.046241, 41.765575], [-8.052739, 41.759242], [-8.058148, 41.750279], [-8.063976, 41.732313], [-8.082083, 41.705438], [-8.117784, 41.678697], [-8.119658, 41.67527], [-8.131757, 41.668865], [-8.155857, 41.663177], [-8.167936, 41.657874], [-8.176372, 41.65211], [-8.183996, 41.643157], [-8.187441, 41.634175], [-8.187007, 41.625164], [-8.18207, 41.616122], [-8.168605, 41.605869], [-8.15666, 41.601593], [-8.144681, 41.599994], [-8.132673, 41.600634], [-8.120619, 41.604634], [-8.096245, 41.631339], [-8.07196, 41.650436], [-8.047389, 41.687941], [-8.023104, 41.704681], [-7.998969, 41.710919], [-7.986798, 41.720502], [-7.982359, 41.731619], [-7.984033, 41.740641], [-7.989814, 41.749699], [-7.998229, 41.758513], [-8.010129, 41.766915], [-8.014865, 41.76793], [-8.022071, 41.77278], [-8.03411, 41.772322], [-8.046241, 41.765575]], [[-8.033906, 41.741071], [-8.02241, 41.750436], [-8.010365, 41.751596], [-7.998418, 41.746346], [-7.993467, 41.740724], [-7.991501, 41.7317], [-7.998805, 41.721459], [-8.010886, 41.71765], [-8.022876, 41.719707], [-8.028591, 41.723012], [-8.034649, 41.73207], [-8.033906, 41.741071]], [[-8.095378, 41.693255], [-8.083313, 41.696652], [-8.07132, 41.69495], [-8.062789, 41.687268], [-8.061887, 41.678254], [-8.065602, 41.669277], [-8.071797, 41.661742], [-8.083916, 41.65418], [-8.10156, 41.65155], [-8.106761, 41.642583], [-8.109053, 41.633594], [-8.120423, 41.619036], [-8.132499, 41.613615], [-8.144502, 41.613541], [-8.151077, 41.615898], [-8.156439, 41.618514], [-8.163289, 41.624994], [-8.165751, 41.634019], [-8.162776, 41.643005], [-8.156041, 41.64906], [-8.143954, 41.654954], [-8.119891, 41.658124], [-8.116952, 41.660676], [-8.116077, 41.669676], [-8.112561, 41.678656], [-8.095378, 41.693255]]], [[[-8.455898, 41.695479], [-8.4439, 41.690213], [-8.431892, 41.689207], [-8.419861, 41.690774], [-8.398403, 41.698522], [-8.386393, 41.707466], [-8.382151, 41.71645], [-8.382604, 41.72546], [-8.38495, 41.73032], [-8.387032, 41.731891], [-8.393033, 41.729852], [-8.396942, 41.730518], [-8.40352, 41.72465], [-8.401445, 41.716552], [-8.40768, 41.708712], [-8.410748, 41.707593], [-8.419726, 41.705883], [-8.426548, 41.707673], [-8.43485, 41.715344], [-8.441632, 41.713975], [-8.4446, 41.70654], [-8.453868, 41.697961], [-8.453255, 41.695487], [-8.455898, 41.695479]]], [[[-8.46817, 41.661377], [-8.480275, 41.649754], [-8.484029, 41.635889], [-8.481908, 41.626872], [-8.476409, 41.61784], [-8.468586, 41.610751], [-8.456641, 41.603966], [-8.444667, 41.600953], [-8.43267, 41.600531], [-8.420652, 41.602629], [-8.408864, 41.608505], [-8.401732, 41.617475], [-8.401424, 41.626481], [-8.40591, 41.635511], [-8.420224, 41.65038], [-8.432155, 41.659228], [-8.444124, 41.664171], [-8.456125, 41.665441], [-8.46817, 41.661377]], [[-8.468379, 41.636027], [-8.456288, 41.646025], [-8.444267, 41.647529], [-8.432291, 41.64383], [-8.42247, 41.635596], [-8.419038, 41.626571], [-8.42247, 41.617581], [-8.432578, 41.611119], [-8.444594, 41.609414], [-8.456569, 41.61256], [-8.464165, 41.617783], [-8.469592, 41.626816], [-8.468379, 41.636027]]], [[[-8.361065, 41.56055], [-8.373134, 41.552616], [-8.385234, 41.541149], [-8.402466, 41.518399], [-8.407022, 41.509415], [-8.408521, 41.500416], [-8.406188, 41.482389], [-8.407299, 41.473387], [-8.413616, 41.455404], [-8.412004, 41.446389], [-8.403604, 41.437338], [-8.386277, 41.4307], [-8.350422, 41.425635], [-8.326492, 41.425123], [-8.31451, 41.426506], [-8.30251, 41.429539], [-8.290485, 41.434739], [-8.278428, 41.442652], [-8.267117, 41.454564], [-8.263172, 41.463547], [-8.263162, 41.472554], [-8.278326, 41.50868], [-8.281824, 41.535724], [-8.285287, 41.544752], [-8.292658, 41.553805], [-8.301108, 41.560081], [-8.31305, 41.564802], [-8.325019, 41.567118], [-8.337012, 41.567211], [-8.349028, 41.565021], [-8.361065, 41.56055]], [[-8.36125, 41.541763], [-8.33722, 41.546849], [-8.325241, 41.545832], [-8.313287, 41.542484], [-8.301381, 41.534763], [-8.294736, 41.526796], [-8.289591, 41.516693], [-8.277262, 41.481651], [-8.275869, 41.472635], [-8.277659, 41.463639], [-8.282598, 41.454662], [-8.292566, 41.445716], [-8.302398, 41.440021], [-8.314412, 41.435794], [-8.338382, 41.432805], [-8.362296, 41.435186], [-8.374234, 41.43842], [-8.386146, 41.444605], [-8.395005, 41.455308], [-8.396663, 41.464324], [-8.397223, 41.500357], [-8.395306, 41.509354], [-8.390247, 41.518335], [-8.382204, 41.527299], [-8.373306, 41.534838], [-8.36125, 41.541763]]], [[[-8.61043, 41.175213], [-8.633016, 41.249137], [-8.636713, 41.267165], [-8.636748, 41.28518], [-8.632593, 41.294175], [-8.622183, 41.303149], [-8.591734, 41.321061], [-8.578409, 41.332449], [-8.568194, 41.347998], [-8.56635, 41.366006], [-8.568677, 41.375022], [-8.573726, 41.384049], [-8.58994, 41.399447], [-8.601857, 41.406818], [-8.635418, 41.420291], [-8.651226, 41.429348], [-8.649256, 41.438349], [-8.637492, 41.453233], [-8.632206, 41.465319], [-8.631652, 41.474324], [-8.634913, 41.483342], [-8.643366, 41.492376], [-8.661187, 41.501381], [-8.673155, 41.503999], [-8.685138, 41.503919], [-8.695841, 41.501534], [-8.71232, 41.492569], [-8.719722, 41.48358], [-8.723368, 41.474581], [-8.724203, 41.465576], [-8.721301, 41.453409], [-8.710905, 41.429513], [-8.716424, 41.420519], [-8.745452, 41.400651], [-8.769427, 41.387081], [-8.808647, 41.371595], [-8.804551, 41.267663], [-8.781781, 41.269094], [-8.722106, 41.264319], [-8.674341, 41.266793], [-8.662417, 41.263993], [-8.650524, 41.255558], [-8.63868, 41.238762], [-8.628145, 41.21309], [-8.618849, 41.178554], [-8.613374, 41.177451], [-8.61043, 41.175213]], [[-8.661815, 41.380523], [-8.649825, 41.38628], [-8.637854, 41.388181], [-8.625899, 41.387172], [-8.613963, 41.382864], [-8.603899, 41.375149], [-8.5986, 41.366123], [-8.597933, 41.357113], [-8.601496, 41.348118], [-8.611157, 41.339143], [-8.626208, 41.333081], [-8.638163, 41.332267], [-8.650102, 41.334519], [-8.66202, 41.340907], [-8.669571, 41.348333], [-8.673321, 41.357352], [-8.672952, 41.366358], [-8.668091, 41.375352], [-8.661815, 41.380523]], [[-8.709999, 41.302429], [-8.707259, 41.294389], [-8.710045, 41.29217], [-8.721988, 41.292126], [-8.724927, 41.294433], [-8.721942, 41.302906], [-8.709999, 41.302429]]], [[[-8.610354, 41.174988], [-8.610354, 41.174988], [-8.610377, 41.175056], [-8.610354, 41.174988]]]]}}, {"id": "9", "type": "Feature", "properties": {"fill": "#a3a3a3", "value_min": -1.0, "value_max": -0.67}, "geometry": {"type": "MultiPolygon", "coordinates": [[[[-8.213156, 41.803765], [-8.221746, 41.751504], [-8.221579, 41.733489], [-8.218324, 41.72446], [-8.215212, 41.720986], [-8.205054, 41.715362], [-8.18309, 41.7062], [-8.179371, 41.703195], [-8.167296, 41.707594], [-8.159649, 41.715038], [-8.14302, 41.725359], [-8.130927, 41.730592], [-8.118863, 41.733519], [-8.106855, 41.732306], [-8.094975, 41.722005], [-8.092336, 41.714526], [-8.09288, 41.705524], [-8.09846, 41.696561], [-8.119575, 41.681359], [-8.131624, 41.678778], [-8.143639, 41.678725], [-8.167604, 41.683664], [-8.179646, 41.681573], [-8.203831, 41.668988], [-8.276183, 41.644307], [-8.288212, 41.642369], [-8.348286, 41.638779], [-8.372292, 41.639602], [-8.384266, 41.643085], [-8.400884, 41.6535], [-8.408022, 41.662544], [-8.40868, 41.671554], [-8.401284, 41.680523], [-8.371775, 41.692769], [-8.362607, 41.698329], [-8.359448, 41.707319], [-8.35995, 41.716329], [-8.365676, 41.734187], [-8.369604, 41.731928], [-8.371416, 41.7344], [-8.376825, 41.734389], [-8.38495, 41.73032], [-8.382604, 41.72546], [-8.382151, 41.71645], [-8.386393, 41.707466], [-8.398403, 41.698522], [-8.419861, 41.690774], [-8.431892, 41.689207], [-8.4439, 41.690213], [-8.455898, 41.695479], [-8.461659, 41.694563], [-8.467939, 41.689593], [-8.478124, 41.685061], [-8.482012, 41.682123], [-8.484371, 41.674238], [-8.49308, 41.674886], [-8.499963, 41.671038], [-8.50927, 41.671233], [-8.51018, 41.672806], [-8.511967, 41.670324], [-8.509856, 41.668755], [-8.51702, 41.661979], [-8.520913, 41.660451], [-8.497332, 41.62694], [-8.478951, 41.608844], [-8.456718, 41.594822], [-8.411353, 41.581496], [-8.401032, 41.572435], [-8.398747, 41.563416], [-8.402159, 41.545419], [-8.411773, 41.527454], [-8.421444, 41.513872], [-8.445642, 41.486886], [-8.457785, 41.467181], [-8.469875, 41.453099], [-8.481898, 41.44681], [-8.493865, 41.447293], [-8.505784, 41.454244], [-8.529588, 41.473921], [-8.541525, 41.47946], [-8.577403, 41.487927], [-8.589348, 41.493358], [-8.61322, 41.508184], [-8.637132, 41.517884], [-8.660976, 41.541766], [-8.672926, 41.549624], [-8.710389, 41.56956], [-8.712485, 41.569323], [-8.713399, 41.57104], [-8.713558, 41.571118], [-8.714002, 41.571336], [-8.718518, 41.573557], [-8.721531, 41.575327], [-8.724053, 41.576692], [-8.724242, 41.576794], [-8.725702, 41.577583], [-8.726633, 41.576003], [-8.734424, 41.575737], [-8.736564, 41.580228], [-8.738354, 41.579318], [-8.740778, 41.582006], [-8.74467, 41.581535], [-8.750711, 41.58623], [-8.756374, 41.582823], [-8.75635, 41.580347], [-8.762327, 41.578514], [-8.764443, 41.580303], [-8.767441, 41.580286], [-8.769874, 41.583874], [-8.768997, 41.58613], [-8.773228, 41.589482], [-8.775371, 41.593972], [-8.78556, 41.593464], [-8.797327, 41.600599], [-8.804218, 41.600109], [-8.80456, 41.604158], [-8.809434, 41.611332], [-8.828644, 41.609656], [-8.82839, 41.585633], [-8.818497, 41.554794], [-8.8221, 41.547542], [-8.821965, 41.534907], [-8.815926, 41.525624], [-8.81063, 41.5101], [-8.813279, 41.503483], [-8.812636, 41.496944], [-8.804699, 41.482068], [-8.798552, 41.474753], [-8.80154, 41.446836], [-8.806115, 41.43713], [-8.807354, 41.425915], [-8.811166, 41.417099], [-8.808647, 41.371595], [-8.769427, 41.387081], [-8.745452, 41.400651], [-8.716424, 41.420519], [-8.710905, 41.429513], [-8.721301, 41.453409], [-8.724203, 41.465576], [-8.723368, 41.474581], [-8.719722, 41.48358], [-8.71232, 41.492569], [-8.695841, 41.501534], [-8.685138, 41.503919], [-8.673155, 41.503999], [-8.661187, 41.501381], [-8.643366, 41.492376], [-8.634913, 41.483342], [-8.631652, 41.474324], [-8.632206, 41.465319], [-8.637492, 41.453233], [-8.649256, 41.438349], [-8.651226, 41.429348], [-8.635418, 41.420291], [-8.601857, 41.406818], [-8.58994, 41.399447], [-8.573726, 41.384049], [-8.568677, 41.375022], [-8.56635, 41.366006], [-8.568194, 41.347998], [-8.578409, 41.332449], [-8.591734, 41.321061], [-8.622183, 41.303149], [-8.632593, 41.294175], [-8.636748, 41.28518], [-8.636713, 41.267165], [-8.633016, 41.249137], [-8.61043, 41.175213], [-8.610377, 41.175056], [-8.610354, 41.174988], [-8.608583, 41.174095], [-8.609164, 41.172066], [-8.604942, 41.164881], [-8.596074, 41.165142], [-8.603251, 41.177142], [-8.614954, 41.204039], [-8.619985, 41.222072], [-8.622334, 41.240095], [-8.620502, 41.258105], [-8.617059, 41.267101], [-8.611179, 41.276089], [-8.602601, 41.284589], [-8.578621, 41.299654], [-8.53744, 41.320855], [-8.525007, 41.329812], [-8.509423, 41.347762], [-8.486917, 41.392702], [-8.479358, 41.401676], [-8.47024, 41.408227], [-8.458243, 41.412139], [-8.446263, 41.413921], [-8.398366, 41.417636], [-8.362465, 41.417937], [-8.326592, 41.415438], [-8.302641, 41.417284], [-8.2786, 41.427121], [-8.251999, 41.44546], [-8.244344, 41.454417], [-8.240639, 41.4634], [-8.241227, 41.472411], [-8.24695, 41.481456], [-8.253986, 41.486366], [-8.265181, 41.499589], [-8.267747, 41.508613], [-8.265568, 41.521459], [-8.253401, 41.537225], [-8.229123, 41.562628], [-8.217242, 41.571331], [-8.204979, 41.575565], [-8.132919, 41.582206], [-8.08485, 41.588138], [-8.0728, 41.591771], [-8.062039, 41.597191], [-8.055075, 41.606141], [-8.053905, 41.615139], [-8.060369, 41.642213], [-8.057381, 41.660203], [-8.052795, 41.669172], [-8.047562, 41.676189], [-8.035416, 41.685066], [-8.023321, 41.690289], [-7.999187, 41.696808], [-7.985064, 41.704622], [-7.974799, 41.719046], [-7.972234, 41.731529], [-7.981453, 41.758632], [-7.980894, 41.767634], [-7.973937, 41.773167], [-7.961858, 41.776098], [-7.937781, 41.776868], [-7.925663, 41.781959], [-7.922618, 41.785116], [-7.920051, 41.803105], [-7.916802, 41.812081], [-7.886809, 41.855933], [-7.888076, 41.855486], [-7.892848, 41.859097], [-7.908854, 41.83002], [-7.925258, 41.806243], [-7.92895, 41.803188], [-7.929465, 41.794186], [-7.932667, 41.785209], [-7.937686, 41.782589], [-7.949729, 41.78202], [-7.973688, 41.788816], [-8.021862, 41.786553], [-8.033864, 41.788665], [-8.057706, 41.804214], [-8.069846, 41.816113], [-8.070855, 41.814313], [-8.078678, 41.813417], [-8.082892, 41.810493], [-8.091013, 41.812521], [-8.093421, 41.811397], [-8.093723, 41.808471], [-8.101845, 41.809824], [-8.104853, 41.81185], [-8.115984, 41.812302], [-8.123807, 41.808702], [-8.138247, 41.808477], [-8.139751, 41.813203], [-8.14276, 41.812978], [-8.144866, 41.815228], [-8.149078, 41.814777], [-8.153893, 41.817928], [-8.165326, 41.81815], [-8.173744, 41.808019], [-8.177655, 41.808242], [-8.183676, 41.812741], [-8.190291, 41.809587], [-8.197158, 41.814129], [-8.201063, 41.808724], [-8.204973, 41.807372], [-8.205872, 41.804445], [-8.213156, 41.803765]], [[-8.200357, 41.769371], [-8.190445, 41.778521], [-8.178332, 41.784717], [-8.166271, 41.78684], [-8.15424, 41.786531], [-8.14225, 41.783244], [-8.130349, 41.773384], [-8.127295, 41.768839], [-8.125446, 41.759818], [-8.127953, 41.75083], [-8.133656, 41.741866], [-8.155036, 41.725917], [-8.167133, 41.720181], [-8.179169, 41.719082], [-8.191144, 41.722815], [-8.203061, 41.731369], [-8.208885, 41.742409], [-8.208831, 41.751416], [-8.206017, 41.760403], [-8.200357, 41.769371]], [[-8.046241, 41.765575], [-8.03411, 41.772322], [-8.022071, 41.77278], [-8.014865, 41.76793], [-8.010129, 41.766915], [-7.998229, 41.758513], [-7.989814, 41.749699], [-7.984033, 41.740641], [-7.982359, 41.731619], [-7.986798, 41.720502], [-7.998969, 41.710919], [-8.023104, 41.704681], [-8.047389, 41.687941], [-8.07196, 41.650436], [-8.096245, 41.631339], [-8.120619, 41.604634], [-8.132673, 41.600634], [-8.144681, 41.599994], [-8.15666, 41.601593], [-8.168605, 41.605869], [-8.18207, 41.616122], [-8.187007, 41.625164], [-8.187441, 41.634175], [-8.183996, 41.643157], [-8.176372, 41.65211], [-8.167936, 41.657874], [-8.155857, 41.663177], [-8.131757, 41.668865], [-8.119658, 41.67527], [-8.117784, 41.678697], [-8.082083, 41.705438], [-8.063976, 41.732313], [-8.058148, 41.750279], [-8.052739, 41.759242], [-8.046241, 41.765575]], [[-8.46817, 41.661377], [-8.456125, 41.665441], [-8.444124, 41.664171], [-8.432155, 41.659228], [-8.420224, 41.65038], [-8.40591, 41.635511], [-8.401424, 41.626481], [-8.401732, 41.617475], [-8.408864, 41.608505], [-8.420652, 41.602629], [-8.43267, 41.600531], [-8.444667, 41.600953], [-8.456641, 41.603966], [-8.468586, 41.610751], [-8.476409, 41.61784], [-8.481908, 41.626872], [-8.484029, 41.635889], [-8.480275, 41.649754], [-8.46817, 41.661377]], [[-8.361065, 41.56055], [-8.349028, 41.565021], [-8.337012, 41.567211], [-8.325019, 41.567118], [-8.31305, 41.564802], [-8.301108, 41.560081], [-8.292658, 41.553805], [-8.285287, 41.544752], [-8.281824, 41.535724], [-8.278326, 41.50868], [-8.263162, 41.472554], [-8.263172, 41.463547], [-8.267117, 41.454564], [-8.278428, 41.442652], [-8.290485, 41.434739], [-8.30251, 41.429539], [-8.31451, 41.426506], [-8.326492, 41.425123], [-8.350422, 41.425635], [-8.386277, 41.4307], [-8.403604, 41.437338], [-8.412004, 41.446389], [-8.413616, 41.455404], [-8.407299, 41.473387], [-8.406188, 41.482389], [-8.408521, 41.500416], [-8.407022, 41.509415], [-8.402466, 41.518399], [-8.385234, 41.541149], [-8.373134, 41.552616], [-8.361065, 41.56055]]], [[[-7.825265, 41.875817], [-7.80352, 41.846984], [-7.792263, 41.836956], [-7.780338, 41.830676], [-7.768352, 41.827739], [-7.756323, 41.82706], [-7.739218, 41.828779], [-7.742198, 41.833623], [-7.756225, 41.832145], [-7.768246, 41.833259], [-7.781034, 41.837741], [-7.79327, 41.846877], [-7.800032, 41.855954], [-7.804608, 41.87041], [-7.805215, 41.86946], [-7.810328, 41.870825], [-7.814229, 41.873537], [-7.823863, 41.874013], [-7.825265, 41.875817]]], [[[-8.709999, 41.302429], [-8.721942, 41.302906], [-8.724927, 41.294433], [-8.721988, 41.292126], [-8.710045, 41.29217], [-8.707259, 41.294389], [-8.709999, 41.302429]]]]}}, {"id": "7", "type": "Feature", "properties": {"fill": "#cba158", "value_min": -1.67, "value_max": -1.33}, "geometry": {"type": "MultiPolygon", "coordinates": [[[[-7.879914, 41.852992], [-7.888453, 41.846189], [-7.907852, 41.821003], [-7.911785, 41.812034], [-7.913793, 41.785032], [-7.920306, 41.776087], [-7.925823, 41.772378], [-7.94991, 41.770971], [-7.96197, 41.767464], [-7.967537, 41.758507], [-7.959356, 41.731413], [-7.960201, 41.722414], [-7.96463, 41.70444], [-7.974423, 41.686514], [-7.987402, 41.682006], [-8.01141, 41.683401], [-8.023441, 41.682351], [-8.035523, 41.677874], [-8.046322, 41.669119], [-8.050983, 41.66015], [-8.051396, 41.651147], [-8.048047, 41.643248], [-8.036224, 41.630886], [-8.012392, 41.619158], [-7.996153, 41.614649], [-7.97679, 41.603328], [-7.974482, 41.606701], [-7.970882, 41.607147], [-7.969091, 41.603768], [-7.965796, 41.602413], [-7.9541, 41.602846], [-7.952606, 41.600592], [-7.947808, 41.60081], [-7.945413, 41.599456], [-7.942725, 41.595625], [-7.936132, 41.594488], [-7.93791, 41.601694], [-7.937004, 41.603718], [-7.931604, 41.604384], [-7.930073, 41.614735], [-7.925255, 41.620579], [-7.920755, 41.620796], [-7.917748, 41.623041], [-7.915933, 41.627764], [-7.913229, 41.628885], [-7.912613, 41.63361], [-7.906014, 41.633147], [-7.905699, 41.637648], [-7.907788, 41.640804], [-7.905396, 41.641924], [-7.928359, 41.659072], [-7.939493, 41.672819], [-7.945657, 41.686253], [-7.947796, 41.69528], [-7.948276, 41.713298], [-7.938342, 41.749234], [-7.950184, 41.754138], [-7.952612, 41.758372], [-7.950066, 41.761375], [-7.938042, 41.761049], [-7.92608, 41.756984], [-7.9139, 41.765922], [-7.90757, 41.775967], [-7.905368, 41.784952], [-7.908271, 41.802994], [-7.907877, 41.811997], [-7.904314, 41.82097], [-7.888554, 41.840332], [-7.876061, 41.848576], [-7.879914, 41.852992]], [[-8.023533, 41.676279], [-8.011532, 41.675449], [-7.999603, 41.669999], [-7.991136, 41.659641], [-7.992224, 41.650643], [-8.000019, 41.64309], [-8.012103, 41.638103], [-8.02411, 41.63808], [-8.036043, 41.643012], [-8.043364, 41.65108], [-8.044891, 41.6601], [-8.039807, 41.669064], [-8.035604, 41.672472], [-8.023533, 41.676279]]], [[[-8.07528, 41.568054], [-8.109112, 41.568689], [-8.133147, 41.565205], [-8.157244, 41.556649], [-8.169332, 41.549178], [-8.17585, 41.54402], [-8.188637, 41.526096], [-8.197317, 41.499135], [-8.204, 41.463152], [-8.208084, 41.454173], [-8.216449, 41.445223], [-8.290809, 41.404974], [-8.302806, 41.401874], [-8.314766, 41.402172], [-8.350592, 41.408557], [-8.37452, 41.408652], [-8.398502, 41.402963], [-8.417546, 41.392372], [-8.42631, 41.383408], [-8.431804, 41.374428], [-8.43644, 41.356436], [-8.435581, 41.338416], [-8.428832, 41.302352], [-8.432595, 41.293363], [-8.435354, 41.291726], [-8.447315, 41.289621], [-8.507002, 41.293109], [-8.530895, 41.292291], [-8.554807, 41.288538], [-8.566773, 41.284942], [-8.578743, 41.280645], [-8.590725, 41.274095], [-8.602726, 41.264064], [-8.60735, 41.258061], [-8.611985, 41.249068], [-8.615049, 41.231063], [-8.612438, 41.213039], [-8.605458, 41.194999], [-8.588312, 41.170575], [-8.582368, 41.176901], [-8.591282, 41.184773], [-8.6031, 41.202268], [-8.608679, 41.222034], [-8.606687, 41.240043], [-8.602211, 41.249035], [-8.590807, 41.261007], [-8.578825, 41.26784], [-8.566857, 41.272264], [-8.554902, 41.274587], [-8.531018, 41.275143], [-8.507173, 41.270402], [-8.495272, 41.265473], [-8.482058, 41.257565], [-8.469226, 41.245055], [-8.463258, 41.244384], [-8.459989, 41.246644], [-8.455512, 41.245982], [-8.455541, 41.251834], [-8.452276, 41.25522], [-8.449891, 41.255452], [-8.449304, 41.257479], [-8.447812, 41.257258], [-8.449028, 41.261982], [-8.443657, 41.261771], [-8.438004, 41.264938], [-8.438023, 41.268989], [-8.434745, 41.269673], [-8.432691, 41.277107], [-8.427032, 41.279372], [-8.429143, 41.284319], [-8.426171, 41.287028], [-8.425606, 41.294007], [-8.422037, 41.296942], [-8.421756, 41.30077], [-8.416982, 41.301232], [-8.407744, 41.304856], [-8.406262, 41.307335], [-8.403277, 41.307342], [-8.401801, 41.311398], [-8.399712, 41.311628], [-8.400316, 41.313202], [-8.396738, 41.314336], [-8.398835, 41.316131], [-8.393775, 41.31997], [-8.393489, 41.323122], [-8.391105, 41.324253], [-8.386325, 41.323588], [-8.380382, 41.331254], [-8.375305, 41.33104], [-8.37201, 41.328346], [-8.362757, 41.329577], [-8.375255, 41.331869], [-8.387156, 41.337118], [-8.399019, 41.346789], [-8.405075, 41.356278], [-8.40722, 41.365296], [-8.406301, 41.374299], [-8.401821, 41.383284], [-8.392159, 41.392241], [-8.37461, 41.399314], [-8.362634, 41.40069], [-8.35068, 41.399701], [-8.328461, 41.391886], [-8.30312, 41.372488], [-8.29113, 41.375389], [-8.286378, 41.382626], [-8.26898, 41.400531], [-8.256527, 41.409459], [-8.242823, 41.416234], [-8.218816, 41.422537], [-8.170919, 41.424768], [-8.165104, 41.426847], [-8.163495, 41.435843], [-8.171509, 41.462923], [-8.172782, 41.480947], [-8.16573, 41.507918], [-8.152712, 41.534845], [-8.144036, 41.543788], [-8.133344, 41.550447], [-8.121292, 41.554948], [-8.109273, 41.556988], [-8.097281, 41.557022], [-8.085315, 41.555206], [-8.072897, 41.551198], [-8.076188, 41.557276], [-8.079783, 41.558403], [-8.082177, 41.563131], [-8.081276, 41.565382], [-8.078879, 41.56493], [-8.07528, 41.568054]]], [[[-7.736634, 41.823556], [-7.756428, 41.821654], [-7.780477, 41.823353], [-7.792425, 41.828339], [-7.804309, 41.836788], [-7.828006, 41.858198], [-7.839946, 41.864165], [-7.844442, 41.864613], [-7.849515, 41.861475], [-7.858542, 41.862622], [-7.859456, 41.860148], [-7.864877, 41.859711], [-7.872443, 41.850029], [-7.864236, 41.853323], [-7.852169, 41.85445], [-7.840162, 41.852218], [-7.828231, 41.845897], [-7.804517, 41.825615], [-7.792618, 41.818047], [-7.780643, 41.814616], [-7.768607, 41.814445], [-7.729955, 41.818221], [-7.732041, 41.821514], [-7.736634, 41.823556]]], [[[-8.055959, 41.429569], [-8.055959, 41.429569], [-8.056193, 41.429416], [-8.055959, 41.429569]]], [[[-8.056258, 41.429373], [-8.056258, 41.429373], [-8.056538, 41.429191], [-8.056258, 41.429373]]], [[[-8.056857, 41.428983], [-8.078698, 41.418238], [-8.077503, 41.416597], [-8.070923, 41.41862], [-8.066739, 41.416142], [-8.061953, 41.417264], [-8.056857, 41.428983]]], [[[-8.089166, 41.414851], [-8.089166, 41.414851], [-8.089366, 41.414801], [-8.089166, 41.414851]]], [[[-8.089465, 41.414777], [-8.089465, 41.414777], [-8.090264, 41.414577], [-8.089465, 41.414777]]], [[[-8.090362, 41.414552], [-8.090362, 41.414552], [-8.091162, 41.414352], [-8.090362, 41.414552]]], [[[-8.09126, 41.414327], [-8.123278, 41.407782], [-8.131384, 41.399575], [-8.133867, 41.374518], [-8.125051, 41.375193], [-8.119074, 41.377218], [-8.119672, 41.378569], [-8.116683, 41.380144], [-8.117578, 41.386447], [-8.113992, 41.386896], [-8.112795, 41.390723], [-8.110105, 41.390947], [-8.108011, 41.393648], [-8.103827, 41.392972], [-8.105321, 41.394998], [-8.10263, 41.396123], [-8.10801, 41.398825], [-8.108008, 41.404002], [-8.104419, 41.406252], [-8.104119, 41.408728], [-8.101727, 41.409403], [-8.102025, 41.411204], [-8.092756, 41.411201], [-8.09126, 41.414327]]], [[[-8.268094, 41.32918], [-8.291462, 41.34479], [-8.3034, 41.346155], [-8.319182, 41.337651], [-8.312604, 41.334983], [-8.313794, 41.333405], [-8.310792, 41.327557], [-8.308701, 41.327561], [-8.307502, 41.325762], [-8.305116, 41.326891], [-8.303024, 41.325994], [-8.303615, 41.323742], [-8.301216, 41.319694], [-8.296431, 41.316774], [-8.297618, 41.313846], [-8.296116, 41.310022], [-8.281801, 41.316569], [-8.279132, 41.324451], [-8.272266, 41.32536], [-8.268094, 41.32918]]], [[[-8.34514, 41.32999], [-8.361563, 41.329543], [-8.358276, 41.329049], [-8.357673, 41.327249], [-8.350207, 41.327264], [-8.34514, 41.32999]]], [[[-8.350298, 41.744121], [-8.345904, 41.734264], [-8.335459, 41.718582], [-8.323546, 41.708185], [-8.311593, 41.701926], [-8.299604, 41.699145], [-8.287591, 41.698726], [-8.275553, 41.700456], [-8.263478, 41.705448], [-8.251361, 41.713887], [-8.242136, 41.724619], [-8.235065, 41.742586], [-8.23391, 41.760592], [-8.235157, 41.769608], [-8.243182, 41.788659], [-8.245546, 41.785731], [-8.251257, 41.784375], [-8.251845, 41.777172], [-8.254249, 41.77642], [-8.248964, 41.769699], [-8.245226, 41.760667], [-8.244191, 41.751654], [-8.245669, 41.742656], [-8.250305, 41.73368], [-8.263296, 41.72135], [-8.275375, 41.716319], [-8.28742, 41.714191], [-8.29943, 41.715224], [-8.31141, 41.719028], [-8.323344, 41.727441], [-8.329346, 41.734168], [-8.333942, 41.743202], [-8.336012, 41.752221], [-8.335011, 41.763506], [-8.341756, 41.761468], [-8.344765, 41.762363], [-8.349267, 41.760103], [-8.352557, 41.755145], [-8.350298, 41.744121]]], [[[-8.143261, 41.707224], [-8.145211, 41.696918], [-8.137559, 41.687854], [-8.131531, 41.68573], [-8.119519, 41.685435], [-8.102325, 41.696591], [-8.100077, 41.70558], [-8.106051, 41.714634], [-8.119059, 41.719114], [-8.134558, 41.714852], [-8.143261, 41.707224]], [[-8.107209, 41.706748], [-8.106189, 41.696621], [-8.119466, 41.689304], [-8.133309, 41.696829], [-8.126163, 41.705782], [-8.11917, 41.711049], [-8.107209, 41.706748]]], [[[-8.600577, 41.615977], [-8.601618, 41.614627], [-8.601622, 41.614622], [-8.605688, 41.609349], [-8.609041, 41.600353], [-8.607778, 41.582334], [-8.597517, 41.564284], [-8.577062, 41.540332], [-8.554601, 41.519089], [-8.517419, 41.491917], [-8.505544, 41.485843], [-8.493588, 41.482966], [-8.481606, 41.483403], [-8.469593, 41.487688], [-8.457533, 41.497446], [-8.429969, 41.527546], [-8.423724, 41.536522], [-8.421237, 41.545517], [-8.422522, 41.554531], [-8.428301, 41.563567], [-8.432958, 41.567646], [-8.456823, 41.582278], [-8.4926, 41.609467], [-8.516491, 41.624406], [-8.535435, 41.630929], [-8.543431, 41.61462], [-8.554533, 41.615255], [-8.557244, 41.617046], [-8.562639, 41.61635], [-8.568056, 41.619031], [-8.570735, 41.616095], [-8.577321, 41.614269], [-8.581231, 41.615829], [-8.585766, 41.620988], [-8.591462, 41.620515], [-8.596534, 41.616668], [-8.600577, 41.615977]], [[-8.540574, 41.61397], [-8.528571, 41.614112], [-8.516585, 41.611908], [-8.504618, 41.60732], [-8.492672, 41.600254], [-8.481505, 41.590841], [-8.47392, 41.581799], [-8.468879, 41.563762], [-8.45705, 41.555133], [-8.445103, 41.549988], [-8.44218, 41.545621], [-8.44522, 41.536287], [-8.467379, 41.527725], [-8.463804, 41.518701], [-8.464451, 41.509697], [-8.469465, 41.503327], [-8.481494, 41.497441], [-8.493466, 41.498616], [-8.498057, 41.500841], [-8.50676, 41.509886], [-8.511369, 41.527921], [-8.541115, 41.537583], [-8.55306, 41.543931], [-8.564978, 41.554565], [-8.572253, 41.564193], [-8.575823, 41.573213], [-8.576886, 41.582224], [-8.575311, 41.591226], [-8.569884, 41.600213], [-8.557246, 41.609172], [-8.540574, 41.61397]]]]}}, {"id": "6", "type": "Feature", "properties": {"fill": "#e79f24", "value_min": -2.0, "value_max": -1.67}, "geometry": {"type": "MultiPolygon", "coordinates": [[[[-7.876061, 41.848576], [-7.888554, 41.840332], [-7.904314, 41.82097], [-7.907877, 41.811997], [-7.908271, 41.802994], [-7.905368, 41.784952], [-7.90757, 41.775967], [-7.9139, 41.765922], [-7.92608, 41.756984], [-7.938042, 41.761049], [-7.950066, 41.761375], [-7.952612, 41.758372], [-7.950184, 41.754138], [-7.938342, 41.749234], [-7.948276, 41.713298], [-7.947796, 41.69528], [-7.945657, 41.686253], [-7.939493, 41.672819], [-7.928359, 41.659072], [-7.905396, 41.641924], [-7.897869, 41.645511], [-7.89696, 41.647985], [-7.892759, 41.647976], [-7.892145, 41.651576], [-7.902319, 41.659925], [-7.899913, 41.66127], [-7.900198, 41.665547], [-7.894973, 41.668913], [-7.903473, 41.671693], [-7.915378, 41.67815], [-7.927222, 41.688395], [-7.935786, 41.704176], [-7.936776, 41.713192], [-7.935227, 41.722185], [-7.930383, 41.731147], [-7.910832, 41.748977], [-7.899382, 41.766882], [-7.896161, 41.775857], [-7.896537, 41.784868], [-7.903477, 41.802948], [-7.903967, 41.811959], [-7.900782, 41.820936], [-7.888636, 41.835629], [-7.876461, 41.843089], [-7.86436, 41.846294], [-7.852313, 41.846355], [-7.840327, 41.843072], [-7.82842, 41.835515], [-7.804799, 41.810452], [-7.792904, 41.802803], [-7.78087, 41.802643], [-7.749468, 41.810381], [-7.728492, 41.811605], [-7.729955, 41.818221], [-7.768607, 41.814445], [-7.780643, 41.814616], [-7.792618, 41.818047], [-7.804517, 41.825615], [-7.828231, 41.845897], [-7.840162, 41.852218], [-7.852169, 41.85445], [-7.864236, 41.853323], [-7.872443, 41.850029], [-7.873066, 41.844875], [-7.876061, 41.848576]]], [[[-8.335011, 41.763506], [-8.336012, 41.752221], [-8.333942, 41.743202], [-8.329346, 41.734168], [-8.323344, 41.727441], [-8.31141, 41.719028], [-8.29943, 41.715224], [-8.28742, 41.714191], [-8.275375, 41.716319], [-8.263296, 41.72135], [-8.250305, 41.73368], [-8.245669, 41.742656], [-8.244191, 41.751654], [-8.245226, 41.760667], [-8.248964, 41.769699], [-8.254249, 41.77642], [-8.257551, 41.773564], [-8.261762, 41.774235], [-8.264762, 41.771371], [-8.255414, 41.760734], [-8.253199, 41.751712], [-8.254794, 41.742716], [-8.263177, 41.731783], [-8.275273, 41.725388], [-8.287319, 41.723307], [-8.299323, 41.725056], [-8.315149, 41.734084], [-8.321277, 41.743128], [-8.322938, 41.752145], [-8.320249, 41.76218], [-8.325233, 41.765098], [-8.328234, 41.763292], [-8.335011, 41.763506]]], [[[-8.107209, 41.706748], [-8.11917, 41.711049], [-8.126163, 41.705782], [-8.133309, 41.696829], [-8.119466, 41.689304], [-8.106189, 41.696621], [-8.107209, 41.706748]], [[-8.112135, 41.696667], [-8.119417, 41.69291], [-8.126117, 41.696774], [-8.119248, 41.705299], [-8.112135, 41.696667]]], [[[-8.023533, 41.676279], [-8.035604, 41.672472], [-8.039807, 41.669064], [-8.044891, 41.6601], [-8.043364, 41.65108], [-8.036043, 41.643012], [-8.02411, 41.63808], [-8.012103, 41.638103], [-8.000019, 41.64309], [-7.992224, 41.650643], [-7.991136, 41.659641], [-7.999603, 41.669999], [-8.011532, 41.675449], [-8.023533, 41.676279]], [[-8.013463, 41.668841], [-8.005597, 41.659767], [-8.009912, 41.650797], [-8.023984, 41.646401], [-8.035121, 41.651011], [-8.039104, 41.660052], [-8.035707, 41.665537], [-8.023609, 41.671272], [-8.013463, 41.668841]]], [[[-8.540574, 41.61397], [-8.557246, 41.609172], [-8.569884, 41.600213], [-8.575311, 41.591226], [-8.576886, 41.582224], [-8.575823, 41.573213], [-8.572253, 41.564193], [-8.564978, 41.554565], [-8.55306, 41.543931], [-8.541115, 41.537583], [-8.511369, 41.527921], [-8.50676, 41.509886], [-8.498057, 41.500841], [-8.493466, 41.498616], [-8.481494, 41.497441], [-8.469465, 41.503327], [-8.464451, 41.509697], [-8.463804, 41.518701], [-8.467379, 41.527725], [-8.44522, 41.536287], [-8.44218, 41.545621], [-8.445103, 41.549988], [-8.45705, 41.555133], [-8.468879, 41.563762], [-8.47392, 41.581799], [-8.481505, 41.590841], [-8.492672, 41.600254], [-8.504618, 41.60732], [-8.516585, 41.611908], [-8.528571, 41.614112], [-8.540574, 41.61397]], [[-8.528645, 41.603914], [-8.51665, 41.603186], [-8.50468, 41.599234], [-8.492135, 41.590889], [-8.485251, 41.581851], [-8.483618, 41.572836], [-8.486428, 41.563841], [-8.493013, 41.556699], [-8.505063, 41.549086], [-8.51707, 41.546761], [-8.529057, 41.547274], [-8.54102, 41.551105], [-8.556089, 41.564131], [-8.559998, 41.573154], [-8.559959, 41.582161], [-8.555535, 41.591151], [-8.543444, 41.600111], [-8.528645, 41.603914]]], [[[-8.072897, 41.551198], [-8.085315, 41.555206], [-8.097281, 41.557022], [-8.109273, 41.556988], [-8.121292, 41.554948], [-8.133344, 41.550447], [-8.144036, 41.543788], [-8.152712, 41.534845], [-8.16573, 41.507918], [-8.172782, 41.480947], [-8.171509, 41.462923], [-8.163495, 41.435843], [-8.165104, 41.426847], [-8.170919, 41.424768], [-8.218816, 41.422537], [-8.242823, 41.416234], [-8.256527, 41.409459], [-8.26898, 41.400531], [-8.286378, 41.382626], [-8.29113, 41.375389], [-8.30312, 41.372488], [-8.328461, 41.391886], [-8.35068, 41.399701], [-8.362634, 41.40069], [-8.37461, 41.399314], [-8.392159, 41.392241], [-8.401821, 41.383284], [-8.406301, 41.374299], [-8.40722, 41.365296], [-8.405075, 41.356278], [-8.399019, 41.346789], [-8.387156, 41.337118], [-8.375255, 41.331869], [-8.362757, 41.329577], [-8.361563, 41.329543], [-8.34514, 41.32999], [-8.344251, 41.332002], [-8.333215, 41.336299], [-8.326363, 41.342163], [-8.324568, 41.341041], [-8.323376, 41.341943], [-8.319182, 41.337651], [-8.3034, 41.346155], [-8.291462, 41.34479], [-8.268094, 41.32918], [-8.265711, 41.332121], [-8.269004, 41.336169], [-8.263339, 41.340902], [-8.262751, 41.345405], [-8.256483, 41.347663], [-8.255889, 41.349689], [-8.249623, 41.353169], [-8.260656, 41.364448], [-8.263486, 41.373474], [-8.262752, 41.382477], [-8.258319, 41.391456], [-8.248644, 41.4004], [-8.230956, 41.407863], [-8.218977, 41.40908], [-8.207028, 41.407777], [-8.195116, 41.403538], [-8.189096, 41.399996], [-8.180436, 41.390927], [-8.176769, 41.381894], [-8.176798, 41.376309], [-8.168382, 41.377438], [-8.1642, 41.38059], [-8.152544, 41.375866], [-8.151049, 41.37339], [-8.145073, 41.374742], [-8.139694, 41.377894], [-8.133867, 41.374518], [-8.131384, 41.399575], [-8.123278, 41.407782], [-8.09126, 41.414327], [-8.091162, 41.414352], [-8.090362, 41.414552], [-8.090264, 41.414577], [-8.089465, 41.414777], [-8.089366, 41.414801], [-8.089166, 41.414851], [-8.081986, 41.4193], [-8.078697, 41.419524], [-8.078698, 41.418238], [-8.056857, 41.428983], [-8.056538, 41.429191], [-8.056258, 41.429373], [-8.056193, 41.429416], [-8.055959, 41.429569], [-8.057743, 41.438645], [-8.061033, 41.438872], [-8.064916, 41.444052], [-8.067908, 41.444279], [-8.069999, 41.447206], [-8.068788, 41.462286], [-8.073572, 41.466018], [-8.076171, 41.462197], [-8.086739, 41.453922], [-8.098779, 41.449071], [-8.110772, 41.447504], [-8.122729, 41.448624], [-8.134641, 41.453084], [-8.14649, 41.462509], [-8.151875, 41.471787], [-8.15341, 41.480806], [-8.151828, 41.489802], [-8.141203, 41.507737], [-8.136732, 41.525719], [-8.132299, 41.534692], [-8.121449, 41.543389], [-8.109412, 41.546841], [-8.097426, 41.546605], [-8.087495, 41.543551], [-8.083389, 41.5449], [-8.080687, 41.551651], [-8.074396, 41.549848], [-8.072897, 41.551198]], [[-8.362722, 41.391598], [-8.350781, 41.38958], [-8.339276, 41.382941], [-8.334239, 41.373905], [-8.335342, 41.364904], [-8.344005, 41.355946], [-8.35115, 41.352434], [-8.363118, 41.351057], [-8.375044, 41.353937], [-8.378515, 41.356137], [-8.387141, 41.365191], [-8.388328, 41.374205], [-8.383381, 41.383186], [-8.374711, 41.388752], [-8.362722, 41.391598]]], [[[-8.068016, 41.489296], [-8.067849, 41.480518], [-8.066069, 41.48817], [-8.068016, 41.489296]]], [[[-8.469226, 41.245055], [-8.482058, 41.257565], [-8.495272, 41.265473], [-8.507173, 41.270402], [-8.531018, 41.275143], [-8.554902, 41.274587], [-8.566857, 41.272264], [-8.578825, 41.26784], [-8.590807, 41.261007], [-8.602211, 41.249035], [-8.606687, 41.240043], [-8.608679, 41.222034], [-8.6031, 41.202268], [-8.591282, 41.184773], [-8.582368, 41.176901], [-8.578825, 41.178941], [-8.580506, 41.184787], [-8.591223, 41.19429], [-8.597602, 41.20398], [-8.60301, 41.222014], [-8.602239, 41.23102], [-8.598814, 41.240015], [-8.590874, 41.250202], [-8.578888, 41.258094], [-8.566921, 41.262587], [-8.55497, 41.264548], [-8.531104, 41.263042], [-8.519193, 41.259377], [-8.507302, 41.253238], [-8.495445, 41.242993], [-8.489147, 41.233986], [-8.484411, 41.240495], [-8.476644, 41.237817], [-8.475756, 41.23917], [-8.471283, 41.239184], [-8.471604, 41.243459], [-8.469226, 41.245055]]]]}}, {"id": "5", "type": "Feature", "properties": {"fill": "#ea870e", "value_min": -2.33, "value_max": -2.0}, "geometry": {"type": "MultiPolygon", "coordinates": [[[[-7.728492, 41.811605], [-7.749468, 41.810381], [-7.78087, 41.802643], [-7.792904, 41.802803], [-7.804799, 41.810452], [-7.82842, 41.835515], [-7.840327, 41.843072], [-7.852313, 41.846355], [-7.86436, 41.846294], [-7.876461, 41.843089], [-7.888636, 41.835629], [-7.900782, 41.820936], [-7.903967, 41.811959], [-7.903477, 41.802948], [-7.896537, 41.784868], [-7.896161, 41.775857], [-7.899382, 41.766882], [-7.910832, 41.748977], [-7.930383, 41.731147], [-7.935227, 41.722185], [-7.936776, 41.713192], [-7.935786, 41.704176], [-7.927222, 41.688395], [-7.915378, 41.67815], [-7.903473, 41.671693], [-7.894973, 41.668913], [-7.883969, 41.67069], [-7.879755, 41.673607], [-7.877044, 41.676077], [-7.876723, 41.681253], [-7.873401, 41.686198], [-7.868896, 41.686413], [-7.868008, 41.68326], [-7.864403, 41.683701], [-7.864096, 41.685276], [-7.858987, 41.68639], [-7.857773, 41.689538], [-7.854776, 41.68818], [-7.847538, 41.695365], [-7.837912, 41.698942], [-7.835792, 41.702763], [-7.839682, 41.705924], [-7.838465, 41.709522], [-7.832453, 41.710407], [-7.825252, 41.708813], [-7.818621, 41.713522], [-7.815291, 41.718689], [-7.808986, 41.717996], [-7.808396, 41.715744], [-7.804499, 41.714158], [-7.79939, 41.714593], [-7.79788, 41.716164], [-7.796383, 41.71526], [-7.790966, 41.717044], [-7.789449, 41.719966], [-7.78464, 41.720402], [-7.78252, 41.723546], [-7.776204, 41.724652], [-7.773786, 41.727346], [-7.770798, 41.72441], [-7.765698, 41.723044], [-7.761765, 41.727758], [-7.762933, 41.733839], [-7.759307, 41.737203], [-7.759597, 41.739005], [-7.75689, 41.739446], [-7.758687, 41.740577], [-7.757758, 41.745301], [-7.748417, 41.749321], [-7.747488, 41.754004], [-7.757671, 41.75732], [-7.769079, 41.765559], [-7.774783, 41.774627], [-7.774563, 41.783631], [-7.768448, 41.792573], [-7.754586, 41.80143], [-7.744731, 41.804021], [-7.727038, 41.803679], [-7.728492, 41.811605]], [[-7.852428, 41.839928], [-7.840472, 41.835029], [-7.832732, 41.829271], [-7.825261, 41.820188], [-7.82094, 41.811137], [-7.819281, 41.802113], [-7.821759, 41.757105], [-7.824815, 41.748129], [-7.831267, 41.739188], [-7.849478, 41.721358], [-7.854588, 41.718681], [-7.859043, 41.712447], [-7.866386, 41.694506], [-7.879182, 41.687008], [-7.891217, 41.685849], [-7.903204, 41.687524], [-7.9171, 41.694995], [-7.924835, 41.704074], [-7.927356, 41.713105], [-7.925806, 41.722097], [-7.919645, 41.731046], [-7.892806, 41.748805], [-7.883124, 41.775731], [-7.886377, 41.78477], [-7.889478, 41.7869], [-7.899085, 41.802906], [-7.900229, 41.811924], [-7.897363, 41.820903], [-7.88871, 41.831321], [-7.876548, 41.838169], [-7.864454, 41.840952], [-7.852428, 41.839928]]], [[[-8.320249, 41.76218], [-8.322938, 41.752145], [-8.321277, 41.743128], [-8.315149, 41.734084], [-8.299323, 41.725056], [-8.287319, 41.723307], [-8.275273, 41.725388], [-8.263177, 41.731783], [-8.254794, 41.742716], [-8.253199, 41.751712], [-8.255414, 41.760734], [-8.264762, 41.771371], [-8.273233, 41.766344], [-8.265741, 41.7608], [-8.262902, 41.755874], [-8.261327, 41.751765], [-8.26312, 41.74277], [-8.275192, 41.732618], [-8.28724, 41.730461], [-8.299235, 41.733152], [-8.310252, 41.743062], [-8.312042, 41.75208], [-8.307967, 41.760625], [-8.311096, 41.762195], [-8.320249, 41.76218]]], [[[-8.112135, 41.696667], [-8.119248, 41.705299], [-8.126117, 41.696774], [-8.119417, 41.69291], [-8.112135, 41.696667]], [[-8.118975, 41.69672], [-8.119368, 41.696517], [-8.11973, 41.696726], [-8.119359, 41.697187], [-8.118975, 41.69672]]], [[[-8.013463, 41.668841], [-8.023609, 41.671272], [-8.035707, 41.665537], [-8.039104, 41.660052], [-8.035121, 41.651011], [-8.023984, 41.646401], [-8.009912, 41.650797], [-8.005597, 41.659767], [-8.013463, 41.668841]], [[-8.01803, 41.659873], [-8.023851, 41.655225], [-8.029655, 41.659972], [-8.023721, 41.663837], [-8.01803, 41.659873]]], [[[-8.528645, 41.603914], [-8.543444, 41.600111], [-8.555535, 41.591151], [-8.559959, 41.582161], [-8.559998, 41.573154], [-8.556089, 41.564131], [-8.54102, 41.551105], [-8.529057, 41.547274], [-8.51707, 41.546761], [-8.505063, 41.549086], [-8.493013, 41.556699], [-8.486428, 41.563841], [-8.483618, 41.572836], [-8.485251, 41.581851], [-8.492135, 41.590889], [-8.50468, 41.599234], [-8.51665, 41.603186], [-8.528645, 41.603914]], [[-8.516704, 41.595977], [-8.503013, 41.590936], [-8.494324, 41.581891], [-8.492904, 41.572877], [-8.497569, 41.563891], [-8.504993, 41.558234], [-8.517009, 41.554932], [-8.528994, 41.555863], [-8.543247, 41.564081], [-8.548088, 41.573107], [-8.547198, 41.582111], [-8.539281, 41.591087], [-8.528706, 41.595554], [-8.516704, 41.595977]]], [[[-8.087495, 41.543551], [-8.097426, 41.546605], [-8.109412, 41.546841], [-8.121449, 41.543389], [-8.132299, 41.534692], [-8.136732, 41.525719], [-8.141203, 41.507737], [-8.151828, 41.489802], [-8.15341, 41.480806], [-8.151875, 41.471787], [-8.14649, 41.462509], [-8.134641, 41.453084], [-8.122729, 41.448624], [-8.110772, 41.447504], [-8.098779, 41.449071], [-8.086739, 41.453922], [-8.076171, 41.462197], [-8.073572, 41.466018], [-8.074164, 41.473543], [-8.067849, 41.480518], [-8.068016, 41.489296], [-8.072054, 41.490199], [-8.07175, 41.494925], [-8.078333, 41.49898], [-8.078332, 41.500331], [-8.093, 41.504613], [-8.089398, 41.519242], [-8.090594, 41.522169], [-8.093289, 41.522395], [-8.092389, 41.525347], [-8.097821, 41.518169], [-8.109821, 41.517065], [-8.11695, 41.525568], [-8.10957, 41.535353], [-8.097268, 41.534423], [-8.092389, 41.525418], [-8.092385, 41.532749], [-8.106759, 41.543557], [-8.101666, 41.542655], [-8.094175, 41.544904], [-8.092079, 41.543328], [-8.087495, 41.543551]], [[-8.110087, 41.497578], [-8.098189, 41.491648], [-8.093489, 41.480349], [-8.098475, 41.471005], [-8.110525, 41.465618], [-8.12249, 41.466328], [-8.131476, 41.471635], [-8.134339, 41.475797], [-8.136284, 41.480679], [-8.134181, 41.48766], [-8.133275, 41.489663], [-8.122078, 41.496894], [-8.110087, 41.497578]]], [[[-8.176798, 41.376309], [-8.176769, 41.381894], [-8.180436, 41.390927], [-8.189096, 41.399996], [-8.195116, 41.403538], [-8.207028, 41.407777], [-8.218977, 41.40908], [-8.230956, 41.407863], [-8.248644, 41.4004], [-8.258319, 41.391456], [-8.262752, 41.382477], [-8.263486, 41.373474], [-8.260656, 41.364448], [-8.249623, 41.353169], [-8.251123, 41.356897], [-8.248141, 41.360052], [-8.248448, 41.364328], [-8.245461, 41.364781], [-8.244272, 41.368384], [-8.241287, 41.370288], [-8.244453, 41.37335], [-8.245724, 41.382366], [-8.239641, 41.391334], [-8.231099, 41.395739], [-8.219125, 41.396701], [-8.207214, 41.392468], [-8.200029, 41.382058], [-8.200907, 41.377422], [-8.19707, 41.376524], [-8.194976, 41.374275], [-8.191691, 41.376302], [-8.176798, 41.376309]]], [[[-8.362722, 41.391598], [-8.374711, 41.388752], [-8.383381, 41.383186], [-8.388328, 41.374205], [-8.387141, 41.365191], [-8.378515, 41.356137], [-8.375044, 41.353937], [-8.363118, 41.351057], [-8.35115, 41.352434], [-8.344005, 41.355946], [-8.335342, 41.364904], [-8.334239, 41.373905], [-8.339276, 41.382941], [-8.350781, 41.38958], [-8.362722, 41.391598]]], [[[-8.489147, 41.233986], [-8.495445, 41.242993], [-8.507302, 41.253238], [-8.519193, 41.259377], [-8.531104, 41.263042], [-8.55497, 41.264548], [-8.566921, 41.262587], [-8.578888, 41.258094], [-8.590874, 41.250202], [-8.598814, 41.240015], [-8.602239, 41.23102], [-8.60301, 41.222014], [-8.597602, 41.20398], [-8.591223, 41.19429], [-8.580506, 41.184787], [-8.581296, 41.191762], [-8.579854, 41.192668], [-8.591162, 41.203936], [-8.595322, 41.21298], [-8.596812, 41.221993], [-8.595433, 41.230996], [-8.59071, 41.239987], [-8.580117, 41.248957], [-8.566975, 41.254456], [-8.555027, 41.256164], [-8.543094, 41.255578], [-8.531179, 41.252605], [-8.522842, 41.248734], [-8.511119, 41.239677], [-8.505056, 41.230643], [-8.502421, 41.22108], [-8.501907, 41.222882], [-8.495642, 41.222227], [-8.495947, 41.223351], [-8.490894, 41.226294], [-8.487935, 41.230354], [-8.490331, 41.232373], [-8.489147, 41.233986]]], [[[-8.502502, 41.219279], [-8.502746, 41.213876], [-8.500076, 41.21546], [-8.502502, 41.219279]]], [[[-8.50275, 41.213785], [-8.50275, 41.213785], [-8.502756, 41.213651], [-8.50275, 41.213785]]]]}}, {"id": "4", "type": "Feature", "properties": {"fill": "#d75e13", "value_min": -2.67, "value_max": -2.33}, "geometry": {"type": "MultiPolygon", "coordinates": [[[[-7.852428, 41.839928], [-7.864454, 41.840952], [-7.876548, 41.838169], [-7.88871, 41.831321], [-7.897363, 41.820903], [-7.900229, 41.811924], [-7.899085, 41.802906], [-7.889478, 41.7869], [-7.886377, 41.78477], [-7.883124, 41.775731], [-7.892806, 41.748805], [-7.919645, 41.731046], [-7.925806, 41.722097], [-7.927356, 41.713105], [-7.924835, 41.704074], [-7.9171, 41.694995], [-7.903204, 41.687524], [-7.891217, 41.685849], [-7.879182, 41.687008], [-7.866386, 41.694506], [-7.859043, 41.712447], [-7.854588, 41.718681], [-7.849478, 41.721358], [-7.831267, 41.739188], [-7.824815, 41.748129], [-7.821759, 41.757105], [-7.819281, 41.802113], [-7.82094, 41.811137], [-7.825261, 41.820188], [-7.832732, 41.829271], [-7.840472, 41.835029], [-7.852428, 41.839928]], [[-7.864536, 41.836317], [-7.852529, 41.834295], [-7.843331, 41.829378], [-7.834698, 41.820284], [-7.831732, 41.811247], [-7.832743, 41.802251], [-7.841269, 41.790849], [-7.853409, 41.784963], [-7.865461, 41.783949], [-7.877447, 41.786665], [-7.889337, 41.79503], [-7.895044, 41.802867], [-7.896968, 41.811892], [-7.893945, 41.82087], [-7.888784, 41.827067], [-7.876613, 41.834426], [-7.864536, 41.836317]], [[-7.853706, 41.768282], [-7.848854, 41.75738], [-7.854007, 41.751394], [-7.866093, 41.74806], [-7.876287, 41.757651], [-7.870924, 41.766605], [-7.865694, 41.770696], [-7.853706, 41.768282]], [[-7.890347, 41.736465], [-7.87838, 41.733101], [-7.875555, 41.730623], [-7.871042, 41.721572], [-7.873044, 41.712585], [-7.87914, 41.703638], [-7.891031, 41.696677], [-7.90304, 41.697209], [-7.914938, 41.704311], [-7.919685, 41.713033], [-7.918332, 41.722027], [-7.914564, 41.726546], [-7.902403, 41.734621], [-7.890347, 41.736465]]], [[[-7.727038, 41.803679], [-7.744731, 41.804021], [-7.754586, 41.80143], [-7.768448, 41.792573], [-7.774563, 41.783631], [-7.774783, 41.774627], [-7.769079, 41.765559], [-7.757671, 41.75732], [-7.747488, 41.754004], [-7.743866, 41.756509], [-7.740214, 41.763924], [-7.728449, 41.77041], [-7.726629, 41.773023], [-7.733364, 41.769976], [-7.745375, 41.771021], [-7.750547, 41.774366], [-7.755289, 41.783424], [-7.749396, 41.792367], [-7.744916, 41.794536], [-7.732867, 41.795226], [-7.724972, 41.792098], [-7.722918, 41.789324], [-7.722889, 41.793798], [-7.728879, 41.797871], [-7.727038, 41.803679]]], [[[-8.307967, 41.760625], [-8.312042, 41.75208], [-8.310252, 41.743062], [-8.299235, 41.733152], [-8.28724, 41.730461], [-8.275192, 41.732618], [-8.26312, 41.74277], [-8.261327, 41.751765], [-8.262902, 41.755874], [-8.265741, 41.7608], [-8.273233, 41.766344], [-8.277073, 41.764088], [-8.280681, 41.764083], [-8.284037, 41.760855], [-8.27491, 41.757655], [-8.270673, 41.751825], [-8.272807, 41.742831], [-8.275099, 41.740865], [-8.287158, 41.73793], [-8.299128, 41.742946], [-8.301123, 41.752014], [-8.294418, 41.757719], [-8.305674, 41.758152], [-8.30778, 41.758824], [-8.307967, 41.760625]]], [[[-8.118975, 41.69672], [-8.119359, 41.697187], [-8.11973, 41.696726], [-8.119368, 41.696517], [-8.118975, 41.69672]]], [[[-8.01803, 41.659873], [-8.023721, 41.663837], [-8.029655, 41.659972], [-8.023851, 41.655225], [-8.01803, 41.659873]]], [[[-8.516704, 41.595977], [-8.528706, 41.595554], [-8.539281, 41.591087], [-8.547198, 41.582111], [-8.548088, 41.573107], [-8.543247, 41.564081], [-8.528994, 41.555863], [-8.517009, 41.554932], [-8.504993, 41.558234], [-8.497569, 41.563891], [-8.492904, 41.572877], [-8.494324, 41.581891], [-8.503013, 41.590936], [-8.516704, 41.595977]], [[-8.516755, 41.589133], [-8.502773, 41.581928], [-8.500764, 41.572912], [-8.504927, 41.566913], [-8.516962, 41.561318], [-8.52894, 41.563305], [-8.537645, 41.573066], [-8.535612, 41.582065], [-8.528766, 41.587235], [-8.516755, 41.589133]]], [[[-8.092389, 41.525418], [-8.097268, 41.534423], [-8.10957, 41.535353], [-8.11695, 41.525568], [-8.109821, 41.517065], [-8.097821, 41.518169], [-8.092389, 41.525347], [-8.092389, 41.525418]]], [[[-8.110087, 41.497578], [-8.122078, 41.496894], [-8.133275, 41.489663], [-8.134181, 41.48766], [-8.136284, 41.480679], [-8.134339, 41.475797], [-8.131476, 41.471635], [-8.12249, 41.466328], [-8.110525, 41.465618], [-8.098475, 41.471005], [-8.093489, 41.480349], [-8.098189, 41.491648], [-8.110087, 41.497578]]], [[[-8.200907, 41.377422], [-8.200029, 41.382058], [-8.207214, 41.392468], [-8.219125, 41.396701], [-8.231099, 41.395739], [-8.239641, 41.391334], [-8.245724, 41.382366], [-8.244453, 41.37335], [-8.241287, 41.370288], [-8.239197, 41.371315], [-8.232024, 41.369971], [-8.224854, 41.370878], [-8.21738, 41.368182], [-8.211712, 41.376065], [-8.200907, 41.377422]]], [[[-8.502421, 41.22108], [-8.505056, 41.230643], [-8.511119, 41.239677], [-8.522842, 41.248734], [-8.531179, 41.252605], [-8.543094, 41.255578], [-8.555027, 41.256164], [-8.566975, 41.254456], [-8.580117, 41.248957], [-8.59071, 41.239987], [-8.595433, 41.230996], [-8.596812, 41.221993], [-8.595322, 41.21298], [-8.591162, 41.203936], [-8.579854, 41.192668], [-8.575958, 41.195609], [-8.576876, 41.199247], [-8.582636, 41.203927], [-8.588631, 41.212956], [-8.590491, 41.22197], [-8.588047, 41.23097], [-8.578994, 41.241516], [-8.567024, 41.24695], [-8.555078, 41.248578], [-8.543153, 41.247121], [-8.531253, 41.242215], [-8.51955, 41.230704], [-8.516563, 41.221684], [-8.517577, 41.21268], [-8.525333, 41.201857], [-8.520554, 41.200086], [-8.51163, 41.203042], [-8.510456, 41.206197], [-8.505693, 41.207113], [-8.505713, 41.210715], [-8.502756, 41.213651], [-8.50275, 41.213785], [-8.502746, 41.213876], [-8.502502, 41.219279], [-8.502421, 41.22108]]]]}}, {"id": "3", "type": "Feature", "properties": {"fill": "#c33119", "value_min": -3.0, "value_max": -2.67}, "geometry": {"type": "MultiPolygon", "coordinates": [[[[-7.864536, 41.836317], [-7.876613, 41.834426], [-7.888784, 41.827067], [-7.893945, 41.82087], [-7.896968, 41.811892], [-7.895044, 41.802867], [-7.889337, 41.79503], [-7.877447, 41.786665], [-7.865461, 41.783949], [-7.853409, 41.784963], [-7.841269, 41.790849], [-7.832743, 41.802251], [-7.831732, 41.811247], [-7.834698, 41.820284], [-7.843331, 41.829378], [-7.852529, 41.834295], [-7.864536, 41.836317]], [[-7.864608, 41.832239], [-7.852626, 41.828851], [-7.84278, 41.820366], [-7.840058, 41.811332], [-7.842692, 41.802352], [-7.853249, 41.793963], [-7.865344, 41.7906], [-7.877344, 41.792603], [-7.889244, 41.800414], [-7.893708, 41.811861], [-7.888857, 41.822841], [-7.876679, 41.830681], [-7.864608, 41.832239]]], [[[-7.722918, 41.789324], [-7.724972, 41.792098], [-7.732867, 41.795226], [-7.744916, 41.794536], [-7.749396, 41.792367], [-7.755289, 41.783424], [-7.750547, 41.774366], [-7.745375, 41.771021], [-7.733364, 41.769976], [-7.726629, 41.773023], [-7.7254, 41.777152], [-7.727191, 41.779184], [-7.724177, 41.780299], [-7.725372, 41.781653], [-7.722918, 41.789324]]], [[[-7.853706, 41.768282], [-7.865694, 41.770696], [-7.870924, 41.766605], [-7.876287, 41.757651], [-7.866093, 41.74806], [-7.854007, 41.751394], [-7.848854, 41.75738], [-7.853706, 41.768282]]], [[[-8.294418, 41.757719], [-8.301123, 41.752014], [-8.299128, 41.742946], [-8.287158, 41.73793], [-8.275099, 41.740865], [-8.272807, 41.742831], [-8.270673, 41.751825], [-8.27491, 41.757655], [-8.284037, 41.760855], [-8.284931, 41.757507], [-8.287033, 41.756829], [-8.294418, 41.757719]]], [[[-7.890347, 41.736465], [-7.902403, 41.734621], [-7.914564, 41.726546], [-7.918332, 41.722027], [-7.919685, 41.713033], [-7.914938, 41.704311], [-7.90304, 41.697209], [-7.891031, 41.696677], [-7.87914, 41.703638], [-7.873044, 41.712585], [-7.871042, 41.721572], [-7.875555, 41.730623], [-7.87838, 41.733101], [-7.890347, 41.736465]], [[-7.890478, 41.728874], [-7.880878, 41.721668], [-7.881449, 41.712667], [-7.890897, 41.704499], [-7.902912, 41.704725], [-7.911851, 41.712959], [-7.91059, 41.721954], [-7.902515, 41.728056], [-7.890478, 41.728874]]], [[[-8.516755, 41.589133], [-8.528766, 41.587235], [-8.535612, 41.582065], [-8.537645, 41.573066], [-8.52894, 41.563305], [-8.516962, 41.561318], [-8.504927, 41.566913], [-8.500764, 41.572912], [-8.502773, 41.581928], [-8.516755, 41.589133]], [[-8.511954, 41.57296], [-8.516899, 41.569719], [-8.525066, 41.573015], [-8.516812, 41.581381], [-8.511954, 41.57296]]], [[[-8.525333, 41.201857], [-8.517577, 41.21268], [-8.516563, 41.221684], [-8.51955, 41.230704], [-8.531253, 41.242215], [-8.543153, 41.247121], [-8.555078, 41.248578], [-8.567024, 41.24695], [-8.578994, 41.241516], [-8.588047, 41.23097], [-8.590491, 41.22197], [-8.588631, 41.212956], [-8.582636, 41.203927], [-8.576876, 41.199247], [-8.576894, 41.201908], [-8.574515, 41.202593], [-8.57423, 41.20462], [-8.57103, 41.204407], [-8.580639, 41.212927], [-8.582573, 41.221942], [-8.579058, 41.231562], [-8.567075, 41.239371], [-8.55513, 41.240929], [-8.5495, 41.239833], [-8.543217, 41.238021], [-8.53338, 41.230761], [-8.529519, 41.221738], [-8.531953, 41.212113], [-8.525333, 41.201857]]]]}}, {"id": "2", "type": "Feature", "properties": {"fill": "#ae1c1c", "value_min": -3.33, "value_max": -3.0}, "geometry": {"type": "MultiPolygon", "coordinates": [[[[-7.864608, 41.832239], [-7.876679, 41.830681], [-7.888857, 41.822841], [-7.893708, 41.811861], [-7.889244, 41.800414], [-7.877344, 41.792603], [-7.865344, 41.7906], [-7.853249, 41.793963], [-7.842692, 41.802352], [-7.840058, 41.811332], [-7.84278, 41.820366], [-7.852626, 41.828851], [-7.864608, 41.832239]], [[-7.864679, 41.828235], [-7.849681, 41.820435], [-7.846331, 41.811395], [-7.850511, 41.80243], [-7.853135, 41.800345], [-7.865256, 41.795581], [-7.877274, 41.796603], [-7.886253, 41.802782], [-7.890447, 41.81183], [-7.888977, 41.815879], [-7.886286, 41.820796], [-7.87674, 41.827175], [-7.864679, 41.828235]]], [[[-7.890478, 41.728874], [-7.902515, 41.728056], [-7.91059, 41.721954], [-7.911851, 41.712959], [-7.902912, 41.704725], [-7.890897, 41.704499], [-7.881449, 41.712667], [-7.880878, 41.721668], [-7.890478, 41.728874]], [[-7.889731, 41.721754], [-7.889392, 41.712744], [-7.890776, 41.711548], [-7.902785, 41.712198], [-7.902088, 41.721873], [-7.889731, 41.721754]]], [[[-8.511954, 41.57296], [-8.516812, 41.581381], [-8.525066, 41.573015], [-8.516899, 41.569719], [-8.511954, 41.57296]]], [[[-8.531953, 41.212113], [-8.529519, 41.221738], [-8.53338, 41.230761], [-8.543217, 41.238021], [-8.5495, 41.239833], [-8.55513, 41.240929], [-8.567075, 41.239371], [-8.579058, 41.231562], [-8.582573, 41.221942], [-8.580639, 41.212927], [-8.57103, 41.204407], [-8.565895, 41.206227], [-8.567697, 41.208246], [-8.566512, 41.209376], [-8.559636, 41.206251], [-8.554271, 41.20627], [-8.549521, 41.209214], [-8.544157, 41.209458], [-8.54238, 41.211265], [-8.533747, 41.213097], [-8.531953, 41.212113]], [[-8.553731, 41.230842], [-8.54419, 41.221797], [-8.550147, 41.212812], [-8.555335, 41.210715], [-8.567251, 41.212554], [-8.571319, 41.221901], [-8.567146, 41.228526], [-8.55909, 41.230862], [-8.553731, 41.230842]]]]}}, {"id": "1", "type": "Feature", "properties": {"fill": "#9c1c1c", "value_min": -3.67, "value_max": -3.33}, "geometry": {"type": "MultiPolygon", "coordinates": [[[[-7.864679, 41.828235], [-7.87674, 41.827175], [-7.886286, 41.820796], [-7.888977, 41.815879], [-7.890447, 41.81183], [-7.886253, 41.802782], [-7.877274, 41.796603], [-7.865256, 41.795581], [-7.853135, 41.800345], [-7.850511, 41.80243], [-7.846331, 41.811395], [-7.849681, 41.820435], [-7.864679, 41.828235]], [[-7.864747, 41.824368], [-7.857117, 41.82051], [-7.852372, 41.811456], [-7.858591, 41.802511], [-7.865187, 41.799474], [-7.877212, 41.800168], [-7.880936, 41.802731], [-7.884673, 41.811774], [-7.881296, 41.820748], [-7.8768, 41.823752], [-7.864747, 41.824368]]], [[[-7.889731, 41.721754], [-7.902088, 41.721873], [-7.902785, 41.712198], [-7.890776, 41.711548], [-7.889392, 41.712744], [-7.889731, 41.721754]]], [[[-8.553731, 41.230842], [-8.55909, 41.230862], [-8.567146, 41.228526], [-8.571319, 41.221901], [-8.567251, 41.212554], [-8.555335, 41.210715], [-8.550147, 41.212812], [-8.54419, 41.221797], [-8.553731, 41.230842]]]]}}, {"id": "8", "type": "Feature", "properties": {"fill": "#b1a288", "value_min": -1.33, "value_max": -1.0}, "geometry": {"type": "MultiPolygon", "coordinates": [[[[-8.725702, 41.577583], [-8.725702, 41.577583], [-8.724242, 41.576794], [-8.725702, 41.577583]]], [[[-8.724053, 41.576692], [-8.724053, 41.576692], [-8.721531, 41.575327], [-8.724053, 41.576692]]], [[[-8.718518, 41.573557], [-8.714002, 41.571336], [-8.716422, 41.573805], [-8.718518, 41.573557]]], [[[-8.713558, 41.571118], [-8.713558, 41.571118], [-8.713399, 41.57104], [-8.713558, 41.571118]]], [[[-8.710389, 41.56956], [-8.672926, 41.549624], [-8.660976, 41.541766], [-8.637132, 41.517884], [-8.61322, 41.508184], [-8.589348, 41.493358], [-8.577403, 41.487927], [-8.541525, 41.47946], [-8.529588, 41.473921], [-8.505784, 41.454244], [-8.493865, 41.447293], [-8.481898, 41.44681], [-8.469875, 41.453099], [-8.457785, 41.467181], [-8.445642, 41.486886], [-8.421444, 41.513872], [-8.411773, 41.527454], [-8.402159, 41.545419], [-8.398747, 41.563416], [-8.401032, 41.572435], [-8.411353, 41.581496], [-8.456718, 41.594822], [-8.478951, 41.608844], [-8.497332, 41.62694], [-8.520913, 41.660451], [-8.522103, 41.658811], [-8.525706, 41.659023], [-8.527769, 41.652714], [-8.534066, 41.652017], [-8.537355, 41.64998], [-8.537634, 41.646602], [-8.543876, 41.637352], [-8.543855, 41.633976], [-8.535435, 41.630929], [-8.516491, 41.624406], [-8.4926, 41.609467], [-8.456823, 41.582278], [-8.432958, 41.567646], [-8.428301, 41.563567], [-8.422522, 41.554531], [-8.421237, 41.545517], [-8.423724, 41.536522], [-8.429969, 41.527546], [-8.457533, 41.497446], [-8.469593, 41.487688], [-8.481606, 41.483403], [-8.493588, 41.482966], [-8.505544, 41.485843], [-8.517419, 41.491917], [-8.554601, 41.519089], [-8.577062, 41.540332], [-8.597517, 41.564284], [-8.607778, 41.582334], [-8.609041, 41.600353], [-8.605688, 41.609349], [-8.601622, 41.614622], [-8.604294, 41.61146], [-8.613256, 41.606696], [-8.619881, 41.610269], [-8.621338, 41.604636], [-8.628833, 41.604378], [-8.6366, 41.600518], [-8.639873, 41.597352], [-8.640152, 41.59465], [-8.645536, 41.593051], [-8.646744, 41.594171], [-8.649125, 41.591909], [-8.656622, 41.5921], [-8.660788, 41.588255], [-8.663794, 41.589141], [-8.665265, 41.585758], [-8.66948, 41.587989], [-8.684455, 41.586117], [-8.685608, 41.58071], [-8.697261, 41.576376], [-8.701703, 41.570277], [-8.707704, 41.570923], [-8.710389, 41.56956]]], [[[-8.365676, 41.734187], [-8.35995, 41.716329], [-8.359448, 41.707319], [-8.362607, 41.698329], [-8.371775, 41.692769], [-8.401284, 41.680523], [-8.40868, 41.671554], [-8.408022, 41.662544], [-8.400884, 41.6535], [-8.384266, 41.643085], [-8.372292, 41.639602], [-8.348286, 41.638779], [-8.288212, 41.642369], [-8.276183, 41.644307], [-8.203831, 41.668988], [-8.179646, 41.681573], [-8.167604, 41.683664], [-8.143639, 41.678725], [-8.131624, 41.678778], [-8.119575, 41.681359], [-8.09846, 41.696561], [-8.09288, 41.705524], [-8.092336, 41.714526], [-8.094975, 41.722005], [-8.106855, 41.732306], [-8.118863, 41.733519], [-8.130927, 41.730592], [-8.14302, 41.725359], [-8.159649, 41.715038], [-8.167296, 41.707594], [-8.179371, 41.703195], [-8.18309, 41.7062], [-8.205054, 41.715362], [-8.215212, 41.720986], [-8.218324, 41.72446], [-8.221579, 41.733489], [-8.221746, 41.751504], [-8.213156, 41.803765], [-8.217598, 41.80016], [-8.217589, 41.793634], [-8.224207, 41.794303], [-8.229917, 41.791598], [-8.240744, 41.791588], [-8.24074, 41.789338], [-8.243182, 41.788659], [-8.235157, 41.769608], [-8.23391, 41.760592], [-8.235065, 41.742586], [-8.242136, 41.724619], [-8.251361, 41.713887], [-8.263478, 41.705448], [-8.275553, 41.700456], [-8.287591, 41.698726], [-8.299604, 41.699145], [-8.311593, 41.701926], [-8.323546, 41.708185], [-8.335459, 41.718582], [-8.345904, 41.734264], [-8.350298, 41.744121], [-8.352516, 41.743441], [-8.352203, 41.739616], [-8.357897, 41.735103], [-8.362407, 41.735994], [-8.365676, 41.734187]], [[-8.143261, 41.707224], [-8.134558, 41.714852], [-8.119059, 41.719114], [-8.106051, 41.714634], [-8.100077, 41.70558], [-8.102325, 41.696591], [-8.119519, 41.685435], [-8.131531, 41.68573], [-8.137559, 41.687854], [-8.145211, 41.696918], [-8.143261, 41.707224]]], [[[-8.601618, 41.614627], [-8.601618, 41.614627], [-8.600577, 41.615977], [-8.601618, 41.614627]]], [[[-7.739218, 41.828779], [-7.756323, 41.82706], [-7.768352, 41.827739], [-7.780338, 41.830676], [-7.792263, 41.836956], [-7.80352, 41.846984], [-7.825265, 41.875817], [-7.830479, 41.875831], [-7.830789, 41.874031], [-7.832894, 41.874712], [-7.83772, 41.872924], [-7.842528, 41.875187], [-7.841663, 41.866632], [-7.844442, 41.864613], [-7.839946, 41.864165], [-7.828006, 41.858198], [-7.804309, 41.836788], [-7.792425, 41.828339], [-7.780477, 41.823353], [-7.756428, 41.821654], [-7.736634, 41.823556], [-7.74345, 41.825605], [-7.739218, 41.828779]]], [[[-7.886809, 41.855933], [-7.916802, 41.812081], [-7.920051, 41.803105], [-7.922618, 41.785116], [-7.925663, 41.781959], [-7.937781, 41.776868], [-7.961858, 41.776098], [-7.973937, 41.773167], [-7.980894, 41.767634], [-7.981453, 41.758632], [-7.972234, 41.731529], [-7.974799, 41.719046], [-7.985064, 41.704622], [-7.999187, 41.696808], [-8.023321, 41.690289], [-8.035416, 41.685066], [-8.047562, 41.676189], [-8.052795, 41.669172], [-8.057381, 41.660203], [-8.060369, 41.642213], [-8.053905, 41.615139], [-8.055075, 41.606141], [-8.062039, 41.597191], [-8.0728, 41.591771], [-8.08485, 41.588138], [-8.132919, 41.582206], [-8.204979, 41.575565], [-8.217242, 41.571331], [-8.229123, 41.562628], [-8.253401, 41.537225], [-8.265568, 41.521459], [-8.267747, 41.508613], [-8.265181, 41.499589], [-8.253986, 41.486366], [-8.24695, 41.481456], [-8.241227, 41.472411], [-8.240639, 41.4634], [-8.244344, 41.454417], [-8.251999, 41.44546], [-8.2786, 41.427121], [-8.302641, 41.417284], [-8.326592, 41.415438], [-8.362465, 41.417937], [-8.398366, 41.417636], [-8.446263, 41.413921], [-8.458243, 41.412139], [-8.47024, 41.408227], [-8.479358, 41.401676], [-8.486917, 41.392702], [-8.509423, 41.347762], [-8.525007, 41.329812], [-8.53744, 41.320855], [-8.578621, 41.299654], [-8.602601, 41.284589], [-8.611179, 41.276089], [-8.617059, 41.267101], [-8.620502, 41.258105], [-8.622334, 41.240095], [-8.619985, 41.222072], [-8.614954, 41.204039], [-8.603251, 41.177142], [-8.596074, 41.165142], [-8.589766, 41.167193], [-8.588312, 41.170575], [-8.605458, 41.194999], [-8.612438, 41.213039], [-8.615049, 41.231063], [-8.611985, 41.249068], [-8.60735, 41.258061], [-8.602726, 41.264064], [-8.590725, 41.274095], [-8.578743, 41.280645], [-8.566773, 41.284942], [-8.554807, 41.288538], [-8.530895, 41.292291], [-8.507002, 41.293109], [-8.447315, 41.289621], [-8.435354, 41.291726], [-8.432595, 41.293363], [-8.428832, 41.302352], [-8.435581, 41.338416], [-8.43644, 41.356436], [-8.431804, 41.374428], [-8.42631, 41.383408], [-8.417546, 41.392372], [-8.398502, 41.402963], [-8.37452, 41.408652], [-8.350592, 41.408557], [-8.314766, 41.402172], [-8.302806, 41.401874], [-8.290809, 41.404974], [-8.216449, 41.445223], [-8.208084, 41.454173], [-8.204, 41.463152], [-8.197317, 41.499135], [-8.188637, 41.526096], [-8.17585, 41.54402], [-8.169332, 41.549178], [-8.157244, 41.556649], [-8.133147, 41.565205], [-8.109112, 41.568689], [-8.07528, 41.568054], [-8.069883, 41.570103], [-8.068081, 41.573478], [-8.056684, 41.579549], [-8.052181, 41.584498], [-8.052777, 41.587649], [-8.048277, 41.590122], [-8.047974, 41.592373], [-8.031467, 41.602938], [-8.02367, 41.603156], [-8.019174, 41.601802], [-8.015872, 41.603824], [-8.013474, 41.603372], [-8.005971, 41.60629], [-8.003562, 41.611239], [-7.99936, 41.61281], [-7.998462, 41.612359], [-7.999669, 41.608759], [-7.996976, 41.605829], [-7.996684, 41.602003], [-7.984685, 41.603564], [-7.982292, 41.60086], [-7.97679, 41.603328], [-7.996153, 41.614649], [-8.012392, 41.619158], [-8.036224, 41.630886], [-8.048047, 41.643248], [-8.051396, 41.651147], [-8.050983, 41.66015], [-8.046322, 41.669119], [-8.035523, 41.677874], [-8.023441, 41.682351], [-8.01141, 41.683401], [-7.987402, 41.682006], [-7.974423, 41.686514], [-7.96463, 41.70444], [-7.960201, 41.722414], [-7.959356, 41.731413], [-7.967537, 41.758507], [-7.96197, 41.767464], [-7.94991, 41.770971], [-7.925823, 41.772378], [-7.920306, 41.776087], [-7.913793, 41.785032], [-7.911785, 41.812034], [-7.907852, 41.821003], [-7.888453, 41.846189], [-7.879914, 41.852992], [-7.886809, 41.855933]]]]}}, {"id": "23", "type": "Feature", "properties": {"fill": "#1f4099", "value_min": 3.67, "value_max": -4.0}, "geometry": {"type": "MultiPolygon", "coordinates": [[[[-7.948803, 41.838668], [-7.947786, 41.83939], [-7.948771, 41.840649], [-7.950476, 41.839414], [-7.948803, 41.838668]]], [[[-8.33816, 41.482017], [-8.336944, 41.491018], [-8.337784, 41.491591], [-8.341562, 41.491044], [-8.33816, 41.482017]]]]}}, {"id": "22", "type": "Feature", "properties": {"fill": "#214db8", "value_min": 3.33, "value_max": -3.67}, "geometry": {"type": "MultiPolygon", "coordinates": [[[[-7.948868, 41.834717], [-7.94235, 41.83934], [-7.94866, 41.847407], [-7.959584, 41.839497], [-7.948868, 41.834717]], [[-7.948803, 41.838668], [-7.950476, 41.839414], [-7.948771, 41.840649], [-7.947786, 41.83939], [-7.948803, 41.838668]]], [[[-8.352061, 41.482097], [-8.349879, 41.480079], [-8.337919, 41.478323], [-8.332004, 41.481982], [-8.331332, 41.490985], [-8.337745, 41.495359], [-8.349743, 41.493686], [-8.352469, 41.491106], [-8.352061, 41.482097]], [[-8.33816, 41.482017], [-8.341562, 41.491044], [-8.337784, 41.491591], [-8.336944, 41.491018], [-8.33816, 41.482017]]]]}}, {"id": "21", "type": "Feature", "properties": {"fill": "#245bd9", "value_min": 3.0, "value_max": -3.33}, "geometry": {"type": "MultiPolygon", "coordinates": [[[[-7.942646, 41.848349], [-7.948598, 41.851204], [-7.959979, 41.848507], [-7.964275, 41.839539], [-7.960899, 41.835519], [-7.948933, 41.830765], [-7.936914, 41.839289], [-7.942646, 41.848349]], [[-7.948868, 41.834717], [-7.959584, 41.839497], [-7.94866, 41.847407], [-7.94235, 41.83934], [-7.948868, 41.834717]]], [[[-8.337707, 41.499126], [-8.349704, 41.497546], [-8.356484, 41.491129], [-8.356157, 41.48212], [-8.349916, 41.476351], [-8.337956, 41.474671], [-8.32619, 41.481948], [-8.325751, 41.490953], [-8.337707, 41.499126]], [[-8.352061, 41.482097], [-8.352469, 41.491106], [-8.349743, 41.493686], [-8.337745, 41.495359], [-8.331332, 41.490985], [-8.332004, 41.481982], [-8.337919, 41.478323], [-8.349879, 41.480079], [-8.352061, 41.482097]]]]}}, {"id": "0", "type": "Feature", "properties": {"fill": "#881d1d", "value_min": -4.0, "value_max": -3.67}, "geometry": {"type": "Polygon", "coordinates": [[[-7.864747, 41.824368], [-7.8768, 41.823752], [-7.881296, 41.820748], [-7.884673, 41.811774], [-7.880936, 41.802731], [-7.877212, 41.800168], [-7.865187, 41.799474], [-7.858591, 41.802511], [-7.852372, 41.811456], [-7.857117, 41.82051], [-7.864747, 41.824368]]]}}]}