{"type": "FeatureCollection", "features": [{"id": "7", "type": "Feature", "properties": {"fill": "#cba158", "value_min": -1.67, "value_max": -1.33}, "geometry": {"type": "MultiPolygon", "coordinates": [[[[-8.649126, 41.59197], [-8.656622, 41.5921], [-8.660788, 41.588255], [-8.663794, 41.589141], [-8.665265, 41.585758], [-8.66948, 41.587989], [-8.684455, 41.586117], [-8.685608, 41.58071], [-8.697261, 41.576376], [-8.701703, 41.570277], [-8.707704, 41.570923], [-8.712485, 41.569323], [-8.716422, 41.573805], [-8.720316, 41.57356], [-8.725151, 41.577811], [-8.726633, 41.576003], [-8.734424, 41.575737], [-8.736564, 41.580228], [-8.738354, 41.579318], [-8.740778, 41.582006], [-8.74467, 41.581535], [-8.750711, 41.58623], [-8.75993, 41.578527], [-8.767441, 41.580286], [-8.769874, 41.583874], [-8.768997, 41.58613], [-8.773228, 41.589482], [-8.774165, 41.593303], [-8.78556, 41.593464], [-8.797327, 41.600599], [-8.804218, 41.600109], [-8.80456, 41.604158], [-8.809434, 41.611332], [-8.828644, 41.609656], [-8.82839, 41.585633], [-8.818497, 41.554794], [-8.8221, 41.547542], [-8.821965, 41.534907], [-8.815926, 41.525624], [-8.81063, 41.5101], [-8.813279, 41.503483], [-8.812636, 41.496944], [-8.804699, 41.482068], [-8.798552, 41.474753], [-8.80154, 41.446836], [-8.806115, 41.43713], [-8.807354, 41.425915], [-8.8099, 41.421996], [-8.733472, 41.404932], [-8.694553, 41.393441], [-8.680913, 41.384396], [-8.667254, 41.357334], [-8.659889, 41.348305], [-8.650068, 41.340884], [-8.638147, 41.335253], [-8.602357, 41.324771], [-8.596357, 41.321077], [-8.592685, 41.312056], [-8.59424, 41.303054], [-8.604966, 41.285076], [-8.638633, 41.247171], [-8.65062, 41.237417], [-8.66258, 41.232253], [-8.710349, 41.223415], [-8.731426, 41.213378], [-8.751413, 41.195407], [-8.786066, 41.144365], [-8.67527, 41.147484], [-8.676193, 41.146567], [-8.674793, 41.146932], [-8.674204, 41.147693], [-8.673673, 41.155574], [-8.670708, 41.157163], [-8.66772, 41.156052], [-8.663151, 41.156748], [-8.674844, 41.165249], [-8.69865, 41.172899], [-8.710529, 41.182595], [-8.714027, 41.19532], [-8.710482, 41.204319], [-8.698472, 41.211647], [-8.686533, 41.213731], [-8.674615, 41.211648], [-8.662707, 41.207518], [-8.65077, 41.209264], [-8.614716, 41.255123], [-8.602712, 41.266416], [-8.578728, 41.283044], [-8.566746, 41.28904], [-8.542805, 41.297006], [-8.483017, 41.305643], [-8.467917, 41.311547], [-8.461185, 41.320523], [-8.453955, 41.35652], [-8.445944, 41.374497], [-8.439832, 41.383475], [-8.430251, 41.392435], [-8.414539, 41.401364], [-8.386485, 41.408613], [-8.362548, 41.409465], [-8.33866, 41.405378], [-8.326259, 41.400881], [-8.311458, 41.391786], [-8.303638, 41.382731], [-8.296114, 41.36467], [-8.295285, 41.337643], [-8.300051, 41.319245], [-8.296431, 41.316774], [-8.297618, 41.313846], [-8.296116, 41.310022], [-8.281801, 41.316569], [-8.279132, 41.324451], [-8.272266, 41.32536], [-8.265709, 41.331221], [-8.269004, 41.336169], [-8.263339, 41.340902], [-8.264239, 41.342477], [-8.262103, 41.345856], [-8.267468, 41.352676], [-8.282647, 41.382602], [-8.290907, 41.391661], [-8.305222, 41.400756], [-8.326665, 41.408381], [-8.350543, 41.413505], [-8.41856, 41.4194], [-8.431988, 41.428474], [-8.42976, 41.437471], [-8.409964, 41.458313], [-8.402768, 41.473364], [-8.401651, 41.482365], [-8.411359, 41.509437], [-8.411429, 41.518445], [-8.402998, 41.536416], [-8.389803, 41.554362], [-8.372978, 41.568793], [-8.360918, 41.575475], [-8.336847, 41.583396], [-8.324834, 41.584924], [-8.312841, 41.584596], [-8.300869, 41.582201], [-8.288924, 41.577545], [-8.277032, 41.568229], [-8.273124, 41.562691], [-8.270574, 41.553667], [-8.276961, 41.517678], [-8.276274, 41.508667], [-8.273213, 41.49964], [-8.26595, 41.487676], [-8.254095, 41.476795], [-8.215793, 41.454226], [-8.170984, 41.417882], [-8.154957, 41.39975], [-8.14992, 41.390706], [-8.145529, 41.374742], [-8.139694, 41.377894], [-8.133418, 41.374292], [-8.119672, 41.376768], [-8.119672, 41.378569], [-8.116683, 41.380144], [-8.117578, 41.386447], [-8.113992, 41.386896], [-8.112795, 41.390723], [-8.110105, 41.390947], [-8.108011, 41.393648], [-8.103827, 41.392972], [-8.105321, 41.394998], [-8.10263, 41.396123], [-8.10801, 41.398825], [-8.108606, 41.403102], [-8.104419, 41.406252], [-8.104119, 41.408728], [-8.101727, 41.409403], [-8.102025, 41.411204], [-8.092756, 41.411201], [-8.09126, 41.414352], [-8.079893, 41.41975], [-8.077503, 41.416597], [-8.070923, 41.41862], [-8.066739, 41.416142], [-8.061953, 41.417264], [-8.059852, 41.424916], [-8.055959, 41.429415], [-8.05655, 41.435114], [-8.06842, 41.444729], [-8.068505, 41.444837], [-8.075001, 41.45318], [-8.081143, 41.471244], [-8.086199, 41.480292], [-8.095134, 41.48937], [-8.110129, 41.49454], [-8.122096, 41.495493], [-8.134107, 41.493255], [-8.14481, 41.48975], [-8.158201, 41.482854], [-8.170208, 41.480571], [-8.218174, 41.475972], [-8.230146, 41.476417], [-8.242094, 41.47887], [-8.254012, 41.484051], [-8.265873, 41.494495], [-8.268959, 41.499613], [-8.271776, 41.508638], [-8.271436, 41.517644], [-8.265454, 41.531529], [-8.253333, 41.543207], [-8.236205, 41.553444], [-8.225242, 41.562378], [-8.219607, 41.571347], [-8.217451, 41.58034], [-8.217764, 41.589349], [-8.222072, 41.598386], [-8.235612, 41.607484], [-8.288354, 41.629419], [-8.312278, 41.63758], [-8.324266, 41.639332], [-8.336343, 41.632589], [-8.357536, 41.60823], [-8.384833, 41.583469], [-8.402354, 41.563435], [-8.423349, 41.518506], [-8.422008, 41.509491], [-8.407626, 41.491404], [-8.405324, 41.482384], [-8.406906, 41.473385], [-8.40988, 41.467654], [-8.42194, 41.458076], [-8.433945, 41.454488], [-8.445923, 41.453882], [-8.457873, 41.456575], [-8.469801, 41.462117], [-8.550682, 41.510066], [-8.565182, 41.524046], [-8.581124, 41.546211], [-8.600886, 41.565397], [-8.624782, 41.581004], [-8.649126, 41.59197]], [[-8.632308, 41.5644], [-8.612912, 41.559845], [-8.600962, 41.552908], [-8.593382, 41.546255], [-8.58596, 41.537221], [-8.581522, 41.528197], [-8.576168, 41.501155], [-8.541448, 41.490406], [-8.529506, 41.485205], [-8.512104, 41.473879], [-8.495622, 41.455793], [-8.485504, 41.437733], [-8.482971, 41.428715], [-8.483324, 41.419709], [-8.488096, 41.410722], [-8.497486, 41.401756], [-8.518235, 41.389568], [-8.530223, 41.385943], [-8.542192, 41.384686], [-8.554145, 41.385628], [-8.566083, 41.389072], [-8.58992, 41.402628], [-8.60181, 41.414533], [-8.607146, 41.429206], [-8.607523, 41.438214], [-8.598446, 41.483221], [-8.605661, 41.492253], [-8.625263, 41.497798], [-8.651343, 41.510415], [-8.66345, 41.519459], [-8.671002, 41.528488], [-8.674482, 41.537505], [-8.672933, 41.548128], [-8.668008, 41.555502], [-8.660879, 41.56035], [-8.648865, 41.564249], [-8.632308, 41.5644]], [[-8.732926, 41.538], [-8.708978, 41.531714], [-8.673096, 41.515727], [-8.629106, 41.492331], [-8.619248, 41.483291], [-8.61647, 41.474275], [-8.617342, 41.46527], [-8.624832, 41.44728], [-8.637609, 41.432168], [-8.649616, 41.425173], [-8.661601, 41.421865], [-8.685539, 41.420916], [-8.697499, 41.422324], [-8.721406, 41.428731], [-8.742957, 41.438597], [-8.756388, 41.447634], [-8.774113, 41.465685], [-8.779368, 41.474702], [-8.784765, 41.492728], [-8.7827, 41.510739], [-8.778347, 41.519738], [-8.76892, 41.529914], [-8.756909, 41.536328], [-8.744912, 41.538624], [-8.732926, 41.538]], [[-8.626728, 41.35721], [-8.638575, 41.357248], [-8.637977, 41.365891], [-8.626728, 41.35721]]], [[[-8.662946, 41.156524], [-8.662946, 41.156524], [-8.662959, 41.156546], [-8.662946, 41.156524]]], [[[-8.481752, 41.682124], [-8.456038, 41.67572], [-8.408063, 41.666982], [-8.396047, 41.667372], [-8.383984, 41.672698], [-8.371982, 41.671538], [-8.36006, 41.662316], [-8.348095, 41.657757], [-8.33608, 41.658187], [-8.327339, 41.671107], [-8.324207, 41.680096], [-8.322693, 41.698101], [-8.32633, 41.716136], [-8.336005, 41.743214], [-8.338708, 41.762149], [-8.344765, 41.762363], [-8.349267, 41.760103], [-8.352557, 41.755145], [-8.349814, 41.744122], [-8.352516, 41.743441], [-8.352203, 41.739616], [-8.357662, 41.735329], [-8.355467, 41.725311], [-8.355802, 41.716305], [-8.359656, 41.70732], [-8.368906, 41.698364], [-8.383801, 41.691856], [-8.407911, 41.683541], [-8.419942, 41.681757], [-8.443952, 41.684128], [-8.465368, 41.692076], [-8.481752, 41.682124]]], [[[-8.230049, 41.791597], [-8.226501, 41.782077], [-8.221082, 41.751499], [-8.215469, 41.742454], [-8.206142, 41.733383], [-8.191115, 41.72518], [-8.179148, 41.720746], [-8.167133, 41.720175], [-8.15505, 41.724875], [-8.141768, 41.73292], [-8.118574, 41.754623], [-8.10644, 41.762261], [-8.094369, 41.765169], [-8.058268, 41.765807], [-8.034132, 41.770856], [-7.997857, 41.782413], [-7.97545, 41.794606], [-7.954502, 41.803424], [-7.925287, 41.804502], [-7.913166, 41.80941], [-7.898147, 41.829917], [-7.888551, 41.840532], [-7.877261, 41.849758], [-7.880048, 41.853218], [-7.888472, 41.845081], [-7.913083, 41.814346], [-7.925235, 41.807608], [-7.949338, 41.806005], [-7.964047, 41.80351], [-7.985605, 41.796311], [-8.009728, 41.792978], [-8.021757, 41.793409], [-8.045762, 41.797889], [-8.063588, 41.804365], [-8.079272, 41.812517], [-8.084998, 41.810493], [-8.091013, 41.812521], [-8.093421, 41.811397], [-8.093723, 41.808471], [-8.101845, 41.809824], [-8.104853, 41.81185], [-8.115984, 41.812302], [-8.123807, 41.808702], [-8.138247, 41.808477], [-8.139751, 41.813203], [-8.14276, 41.812978], [-8.145769, 41.815453], [-8.149078, 41.814777], [-8.153893, 41.817928], [-8.161415, 41.818376], [-8.165326, 41.81815], [-8.173744, 41.808019], [-8.177054, 41.808017], [-8.182773, 41.812516], [-8.190291, 41.809587], [-8.197158, 41.814129], [-8.201063, 41.808724], [-8.204973, 41.807372], [-8.205872, 41.804445], [-8.213692, 41.803765], [-8.217598, 41.80016], [-8.217589, 41.793634], [-8.224207, 41.794303], [-8.230049, 41.791597]], [[-8.166466, 41.771758], [-8.15449, 41.767563], [-8.146674, 41.759978], [-8.143657, 41.750948], [-8.145434, 41.741955], [-8.154954, 41.732158], [-8.167042, 41.727225], [-8.179058, 41.727819], [-8.191006, 41.73383], [-8.198334, 41.742336], [-8.199387, 41.75135], [-8.195367, 41.760329], [-8.19061, 41.765345], [-8.178508, 41.770999], [-8.166466, 41.771758]]], [[[-7.868205, 41.855867], [-7.868205, 41.855867], [-7.868165, 41.855892], [-7.868205, 41.855867]]], [[[-7.867903, 41.856056], [-7.867903, 41.856056], [-7.863948, 41.859708], [-7.867903, 41.856056]]], [[[-7.898518, 41.766873], [-7.89934, 41.757874], [-7.895003, 41.748826], [-7.879621, 41.73967], [-7.866319, 41.735204], [-7.854307, 41.734505], [-7.842258, 41.735853], [-7.829714, 41.739172], [-7.817087, 41.74805], [-7.813876, 41.757024], [-7.81632, 41.766056], [-7.824439, 41.775146], [-7.841447, 41.780958], [-7.85346, 41.782078], [-7.877561, 41.780128], [-7.890692, 41.775805], [-7.898518, 41.766873]], [[-7.865546, 41.779107], [-7.853516, 41.778979], [-7.84153, 41.776322], [-7.827993, 41.766175], [-7.825708, 41.757145], [-7.830588, 41.748188], [-7.842159, 41.741385], [-7.854234, 41.738603], [-7.866254, 41.738936], [-7.878215, 41.7426], [-7.887895, 41.748757], [-7.893142, 41.757815], [-7.891481, 41.766806], [-7.881053, 41.775711], [-7.865546, 41.779107]]], [[[-8.070912, 41.72327], [-8.07953, 41.705418], [-8.087921, 41.696477], [-8.095372, 41.693736], [-8.11365, 41.678665], [-8.119731, 41.669856], [-8.13182, 41.66418], [-8.155904, 41.659523], [-8.170669, 41.652069], [-8.180854, 41.643135], [-8.188225, 41.63418], [-8.191752, 41.625198], [-8.192376, 41.616195], [-8.186453, 41.607146], [-8.168656, 41.601913], [-8.15666, 41.601566], [-8.144634, 41.603534], [-8.132565, 41.608641], [-8.120432, 41.618362], [-8.108203, 41.634755], [-8.096034, 41.646402], [-8.061882, 41.651233], [-8.040141, 41.66006], [-8.023512, 41.677659], [-8.018504, 41.686899], [-8.017297, 41.695895], [-8.019682, 41.704923], [-8.0265, 41.713988], [-8.046781, 41.729086], [-8.058779, 41.730823], [-8.070912, 41.72327]], [[-8.083353, 41.693843], [-8.071359, 41.692214], [-8.064005, 41.687278], [-8.061373, 41.67825], [-8.064555, 41.669269], [-8.071775, 41.663317], [-8.079266, 41.66038], [-8.083848, 41.658958], [-8.095856, 41.659126], [-8.107748, 41.667738], [-8.107162, 41.678615], [-8.095421, 41.690213], [-8.083353, 41.693843]], [[-8.128027, 41.651754], [-8.120014, 41.64907], [-8.115027, 41.642647], [-8.115646, 41.633645], [-8.120316, 41.626923], [-8.132431, 41.618646], [-8.144446, 41.617785], [-8.158615, 41.62496], [-8.162115, 41.633993], [-8.158145, 41.642971], [-8.144001, 41.651431], [-8.131974, 41.652744], [-8.128027, 41.651754]]]]}}, {"id": "8", "type": "Feature", "properties": {"fill": "#b1a288", "value_min": -1.33, "value_max": -1.0}, "geometry": {"type": "MultiPolygon", "coordinates": [[[[-8.079272, 41.812517], [-8.063588, 41.804365], [-8.045762, 41.797889], [-8.021757, 41.793409], [-8.009728, 41.792978], [-7.985605, 41.796311], [-7.964047, 41.80351], [-7.949338, 41.806005], [-7.925235, 41.807608], [-7.913083, 41.814346], [-7.888472, 41.845081], [-7.880048, 41.853218], [-7.884766, 41.855142], [-7.913019, 41.818123], [-7.925183, 41.810713], [-7.985519, 41.80176], [-7.997563, 41.801324], [-8.021572, 41.805585], [-8.039419, 41.813172], [-8.050275, 41.820377], [-8.057314, 41.815656], [-8.06664, 41.817012], [-8.072961, 41.813414], [-8.079272, 41.812517]]], [[[-8.465368, 41.692076], [-8.443952, 41.684128], [-8.419942, 41.681757], [-8.407911, 41.683541], [-8.383801, 41.691856], [-8.368906, 41.698364], [-8.359656, 41.70732], [-8.355802, 41.716305], [-8.355467, 41.725311], [-8.357662, 41.735329], [-8.362407, 41.735994], [-8.368703, 41.73193], [-8.371416, 41.7344], [-8.374794, 41.734393], [-8.372535, 41.725405], [-8.373319, 41.716402], [-8.378214, 41.707422], [-8.395779, 41.696007], [-8.407835, 41.691846], [-8.419867, 41.690111], [-8.431879, 41.690675], [-8.443868, 41.693877], [-8.453048, 41.698413], [-8.453255, 41.695487], [-8.458061, 41.695698], [-8.465368, 41.692076]]], [[[-7.865546, 41.779107], [-7.881053, 41.775711], [-7.891481, 41.766806], [-7.893142, 41.757815], [-7.887895, 41.748757], [-7.878215, 41.7426], [-7.866254, 41.738936], [-7.854234, 41.738603], [-7.842159, 41.741385], [-7.830588, 41.748188], [-7.825708, 41.757145], [-7.827993, 41.766175], [-7.84153, 41.776322], [-7.853516, 41.778979], [-7.865546, 41.779107]], [[-7.853571, 41.775882], [-7.841632, 41.770653], [-7.836159, 41.766258], [-7.833958, 41.757229], [-7.84206, 41.746877], [-7.854171, 41.742161], [-7.866201, 41.741902], [-7.882352, 41.748703], [-7.887927, 41.757764], [-7.886008, 41.766753], [-7.877683, 41.773167], [-7.869741, 41.775601], [-7.853571, 41.775882]]], [[[-8.166466, 41.771758], [-8.178508, 41.770999], [-8.19061, 41.765345], [-8.195367, 41.760329], [-8.199387, 41.75135], [-8.198334, 41.742336], [-8.191006, 41.73383], [-8.179058, 41.727819], [-8.167042, 41.727225], [-8.154954, 41.732158], [-8.145434, 41.741955], [-8.143657, 41.750948], [-8.146674, 41.759978], [-8.15449, 41.767563], [-8.166466, 41.771758]], [[-8.166658, 41.756912], [-8.15741, 41.75105], [-8.155241, 41.742027], [-8.166968, 41.732953], [-8.178967, 41.734931], [-8.186253, 41.742251], [-8.183944, 41.751241], [-8.178706, 41.755478], [-8.166658, 41.756912]]], [[[-8.083353, 41.693843], [-8.095421, 41.690213], [-8.107162, 41.678615], [-8.107748, 41.667738], [-8.095856, 41.659126], [-8.083848, 41.658958], [-8.079266, 41.66038], [-8.071775, 41.663317], [-8.064555, 41.669269], [-8.061373, 41.67825], [-8.064005, 41.687278], [-8.071359, 41.692214], [-8.083353, 41.693843]], [[-8.080169, 41.687409], [-8.072793, 41.678342], [-8.078296, 41.66938], [-8.083742, 41.6664], [-8.095748, 41.666866], [-8.099136, 41.669545], [-8.102534, 41.678578], [-8.095476, 41.686295], [-8.083426, 41.68871], [-8.080169, 41.687409]]], [[[-8.128027, 41.651754], [-8.131974, 41.652744], [-8.144001, 41.651431], [-8.158145, 41.642971], [-8.162115, 41.633993], [-8.158615, 41.62496], [-8.144446, 41.617785], [-8.132431, 41.618646], [-8.120316, 41.626923], [-8.115646, 41.633645], [-8.115027, 41.642647], [-8.120014, 41.64907], [-8.128027, 41.651754]], [[-8.129084, 41.642754], [-8.124195, 41.63371], [-8.132325, 41.626564], [-8.144289, 41.629675], [-8.147734, 41.633887], [-8.14415, 41.640196], [-8.139609, 41.642834], [-8.132087, 41.644323], [-8.129084, 41.642754]]], [[[-8.145529, 41.374742], [-8.14992, 41.390706], [-8.154957, 41.39975], [-8.170984, 41.417882], [-8.215793, 41.454226], [-8.254095, 41.476795], [-8.26595, 41.487676], [-8.273213, 41.49964], [-8.276274, 41.508667], [-8.276961, 41.517678], [-8.270574, 41.553667], [-8.273124, 41.562691], [-8.277032, 41.568229], [-8.288924, 41.577545], [-8.300869, 41.582201], [-8.312841, 41.584596], [-8.324834, 41.584924], [-8.336847, 41.583396], [-8.360918, 41.575475], [-8.372978, 41.568793], [-8.389803, 41.554362], [-8.402998, 41.536416], [-8.411429, 41.518445], [-8.411359, 41.509437], [-8.401651, 41.482365], [-8.402768, 41.473364], [-8.409964, 41.458313], [-8.42976, 41.437471], [-8.431988, 41.428474], [-8.41856, 41.4194], [-8.350543, 41.413505], [-8.326665, 41.408381], [-8.305222, 41.400756], [-8.290907, 41.391661], [-8.282647, 41.382602], [-8.267468, 41.352676], [-8.262103, 41.345856], [-8.256483, 41.347663], [-8.255889, 41.349689], [-8.249622, 41.353072], [-8.251123, 41.356897], [-8.248141, 41.360052], [-8.248448, 41.364328], [-8.245461, 41.364781], [-8.244272, 41.368384], [-8.239197, 41.371315], [-8.232949, 41.370646], [-8.236941, 41.373301], [-8.241421, 41.382338], [-8.236212, 41.391311], [-8.231115, 41.394359], [-8.219153, 41.394347], [-8.212997, 41.391155], [-8.206157, 41.3821], [-8.207867, 41.376968], [-8.199163, 41.377423], [-8.194677, 41.374275], [-8.191691, 41.376302], [-8.189299, 41.375403], [-8.184818, 41.376756], [-8.168382, 41.377438], [-8.1642, 41.38059], [-8.152544, 41.375866], [-8.151049, 41.37339], [-8.145529, 41.374742]], [[-8.337026, 41.565848], [-8.325031, 41.566011], [-8.313059, 41.563956], [-8.301115, 41.559463], [-8.293599, 41.553811], [-8.28665, 41.544761], [-8.277468, 41.499667], [-8.266028, 41.480706], [-8.251404, 41.463471], [-8.245979, 41.454428], [-8.243481, 41.445404], [-8.243404, 41.436396], [-8.246105, 41.427406], [-8.254772, 41.417704], [-8.2668, 41.412171], [-8.278784, 41.410519], [-8.302703, 41.411527], [-8.37439, 41.422272], [-8.396492, 41.428293], [-8.406149, 41.437351], [-8.407037, 41.446363], [-8.398629, 41.473342], [-8.397979, 41.482346], [-8.404378, 41.509402], [-8.403033, 41.518402], [-8.398467, 41.527385], [-8.385207, 41.544005], [-8.373126, 41.553473], [-8.361071, 41.559923], [-8.337026, 41.565848]]], [[[-8.216187, 41.370084], [-8.216187, 41.370084], [-8.216394, 41.369984], [-8.216187, 41.370084]]], [[[-8.216486, 41.369939], [-8.220368, 41.368582], [-8.21738, 41.368182], [-8.216486, 41.369939]]], [[[-8.220875, 41.36863], [-8.220875, 41.36863], [-8.220966, 41.368638], [-8.220875, 41.36863]]], [[[-8.231935, 41.369971], [-8.231935, 41.369971], [-8.232024, 41.37003], [-8.231935, 41.369971]]], [[[-8.232273, 41.370196], [-8.232273, 41.370196], [-8.232323, 41.370229], [-8.232273, 41.370196]]], [[[-8.232611, 41.370421], [-8.232611, 41.370421], [-8.232622, 41.370428], [-8.232611, 41.370421]]], [[[-8.632308, 41.5644], [-8.648865, 41.564249], [-8.660879, 41.56035], [-8.668008, 41.555502], [-8.672933, 41.548128], [-8.674482, 41.537505], [-8.671002, 41.528488], [-8.66345, 41.519459], [-8.651343, 41.510415], [-8.625263, 41.497798], [-8.605661, 41.492253], [-8.598446, 41.483221], [-8.607523, 41.438214], [-8.607146, 41.429206], [-8.60181, 41.414533], [-8.58992, 41.402628], [-8.566083, 41.389072], [-8.554145, 41.385628], [-8.542192, 41.384686], [-8.530223, 41.385943], [-8.518235, 41.389568], [-8.497486, 41.401756], [-8.488096, 41.410722], [-8.483324, 41.419709], [-8.482971, 41.428715], [-8.485504, 41.437733], [-8.495622, 41.455793], [-8.512104, 41.473879], [-8.529506, 41.485205], [-8.541448, 41.490406], [-8.576168, 41.501155], [-8.581522, 41.528197], [-8.58596, 41.537221], [-8.593382, 41.546255], [-8.600962, 41.552908], [-8.612912, 41.559845], [-8.632308, 41.5644]], [[-8.636943, 41.551647], [-8.624948, 41.552257], [-8.612975, 41.549317], [-8.597225, 41.537261], [-8.593067, 41.528239], [-8.59329, 41.519232], [-8.601235, 41.508583], [-8.613242, 41.504422], [-8.625221, 41.505016], [-8.63997, 41.51038], [-8.651814, 41.519424], [-8.656618, 41.528446], [-8.65613, 41.537452], [-8.64901, 41.546438], [-8.636943, 41.551647]], [[-8.565465, 41.481818], [-8.553481, 41.482593], [-8.541518, 41.480556], [-8.529579, 41.475102], [-8.5182, 41.464898], [-8.513146, 41.455869], [-8.512027, 41.446857], [-8.514569, 41.43786], [-8.517914, 41.433015], [-8.529952, 41.423469], [-8.541943, 41.420058], [-8.553914, 41.419534], [-8.565865, 41.421791], [-8.577792, 41.427943], [-8.58698, 41.438143], [-8.59021, 41.447162], [-8.590317, 41.456169], [-8.587579, 41.465167], [-8.577474, 41.47694], [-8.565465, 41.481818]]], [[[-8.809083, 41.382631], [-8.781394, 41.385177], [-8.757475, 41.38457], [-8.733567, 41.381502], [-8.709681, 41.374085], [-8.697754, 41.367328], [-8.665102, 41.339313], [-8.638508, 41.321217], [-8.627831, 41.312175], [-8.622771, 41.303151], [-8.622108, 41.294141], [-8.624655, 41.285142], [-8.635676, 41.267161], [-8.65054, 41.252491], [-8.662514, 41.24508], [-8.67447, 41.24085], [-8.716881, 41.231358], [-8.78198, 41.209324], [-8.802092, 41.205115], [-8.799695, 41.14406], [-8.786066, 41.144365], [-8.751413, 41.195407], [-8.731426, 41.213378], [-8.710349, 41.223415], [-8.66258, 41.232253], [-8.65062, 41.237417], [-8.638633, 41.247171], [-8.604966, 41.285076], [-8.59424, 41.303054], [-8.592685, 41.312056], [-8.596357, 41.321077], [-8.602357, 41.324771], [-8.638147, 41.335253], [-8.650068, 41.340884], [-8.659889, 41.348305], [-8.667254, 41.357334], [-8.680913, 41.384396], [-8.694553, 41.393441], [-8.733472, 41.404932], [-8.8099, 41.421996], [-8.811211, 41.415789], [-8.809083, 41.382631]]]]}}, {"id": "9", "type": "Feature", "properties": {"fill": "#a3a3a3", "value_min": -1.0, "value_max": -0.67}, "geometry": {"type": "MultiPolygon", "coordinates": [[[[-8.050275, 41.820377], [-8.039419, 41.813172], [-8.021572, 41.805585], [-7.997563, 41.801324], [-7.985519, 41.80176], [-7.925183, 41.810713], [-7.913019, 41.818123], [-7.884766, 41.855142], [-7.889342, 41.856839], [-7.893625, 41.847887], [-7.91363, 41.821058], [-7.92514, 41.813252], [-7.937221, 41.810773], [-7.973407, 41.806414], [-7.997472, 41.807115], [-8.009463, 41.810228], [-8.02142, 41.815598], [-8.039544, 41.829463], [-8.041351, 41.828023], [-8.041054, 41.825097], [-8.045268, 41.824425], [-8.050275, 41.820377]]], [[[-7.853571, 41.775882], [-7.869741, 41.775601], [-7.877683, 41.773167], [-7.886008, 41.766753], [-7.887927, 41.757764], [-7.882352, 41.748703], [-7.866201, 41.741902], [-7.854171, 41.742161], [-7.84206, 41.746877], [-7.833958, 41.757229], [-7.836159, 41.766258], [-7.841632, 41.770653], [-7.853571, 41.775882]], [[-7.865644, 41.773578], [-7.853634, 41.772335], [-7.843427, 41.766332], [-7.840736, 41.757298], [-7.847704, 41.748361], [-7.85411, 41.745584], [-7.866152, 41.744719], [-7.876337, 41.748645], [-7.883735, 41.757724], [-7.881017, 41.766704], [-7.877751, 41.76922], [-7.865644, 41.773578]]], [[[-8.453048, 41.698413], [-8.443868, 41.693877], [-8.431879, 41.690675], [-8.419867, 41.690111], [-8.407835, 41.691846], [-8.395779, 41.696007], [-8.378214, 41.707422], [-8.373319, 41.716402], [-8.372535, 41.725405], [-8.374794, 41.734393], [-8.384922, 41.73032], [-8.388015, 41.731664], [-8.384985, 41.725472], [-8.385274, 41.716467], [-8.390771, 41.707489], [-8.407061, 41.698567], [-8.419811, 41.696436], [-8.431814, 41.698009], [-8.445796, 41.705433], [-8.453048, 41.698413]]], [[[-8.166658, 41.756912], [-8.178706, 41.755478], [-8.183944, 41.751241], [-8.186253, 41.742251], [-8.178967, 41.734931], [-8.166968, 41.732953], [-8.155241, 41.742027], [-8.15741, 41.75105], [-8.166658, 41.756912]]], [[[-8.080169, 41.687409], [-8.083426, 41.68871], [-8.095476, 41.686295], [-8.102534, 41.678578], [-8.099136, 41.669545], [-8.095748, 41.666866], [-8.083742, 41.6664], [-8.078296, 41.66938], [-8.072793, 41.678342], [-8.080169, 41.687409]], [[-8.083523, 41.68189], [-8.08013, 41.678401], [-8.08363, 41.674354], [-8.095641, 41.674533], [-8.097908, 41.678542], [-8.095548, 41.681121], [-8.083523, 41.68189]]], [[[-8.129084, 41.642754], [-8.132087, 41.644323], [-8.139609, 41.642834], [-8.14415, 41.640196], [-8.147734, 41.633887], [-8.144289, 41.629675], [-8.132325, 41.626564], [-8.124195, 41.63371], [-8.129084, 41.642754]]], [[[-8.337026, 41.565848], [-8.361071, 41.559923], [-8.373126, 41.553473], [-8.385207, 41.544005], [-8.398467, 41.527385], [-8.403033, 41.518402], [-8.404378, 41.509402], [-8.397979, 41.482346], [-8.398629, 41.473342], [-8.407037, 41.446363], [-8.406149, 41.437351], [-8.396492, 41.428293], [-8.37439, 41.422272], [-8.302703, 41.411527], [-8.278784, 41.410519], [-8.2668, 41.412171], [-8.254772, 41.417704], [-8.246105, 41.427406], [-8.243404, 41.436396], [-8.243481, 41.445404], [-8.245979, 41.454428], [-8.251404, 41.463471], [-8.266028, 41.480706], [-8.277468, 41.499667], [-8.28665, 41.544761], [-8.293599, 41.553811], [-8.301115, 41.559463], [-8.313059, 41.563956], [-8.325031, 41.566011], [-8.337026, 41.565848]], [[-8.32683, 41.55401], [-8.313193, 41.5513], [-8.301276, 41.544504], [-8.293589, 41.535796], [-8.277876, 41.492408], [-8.262935, 41.463545], [-8.261343, 41.454527], [-8.26297, 41.44553], [-8.268579, 41.436559], [-8.280628, 41.427627], [-8.290606, 41.423618], [-8.302597, 41.4214], [-8.338486, 41.422489], [-8.371801, 41.428161], [-8.386247, 41.433877], [-8.391119, 41.437273], [-8.396655, 41.446309], [-8.395436, 41.482333], [-8.398141, 41.509369], [-8.395808, 41.518364], [-8.390449, 41.527343], [-8.373225, 41.543252], [-8.361173, 41.549594], [-8.349148, 41.553076], [-8.337142, 41.554514], [-8.32683, 41.55401]]], [[[-8.636943, 41.551647], [-8.64901, 41.546438], [-8.65613, 41.537452], [-8.656618, 41.528446], [-8.651814, 41.519424], [-8.63997, 41.51038], [-8.625221, 41.505016], [-8.613242, 41.504422], [-8.601235, 41.508583], [-8.59329, 41.519232], [-8.593067, 41.528239], [-8.597225, 41.537261], [-8.612975, 41.549317], [-8.624948, 41.552257], [-8.636943, 41.551647]], [[-8.625005, 41.542413], [-8.613034, 41.539406], [-8.604066, 41.528277], [-8.606015, 41.519276], [-8.613187, 41.513776], [-8.625181, 41.512026], [-8.640817, 41.51939], [-8.644497, 41.528409], [-8.63998, 41.537403], [-8.63701, 41.539565], [-8.625005, 41.542413]]], [[[-8.565465, 41.481818], [-8.577474, 41.47694], [-8.587579, 41.465167], [-8.590317, 41.456169], [-8.59021, 41.447162], [-8.58698, 41.438143], [-8.577792, 41.427943], [-8.565865, 41.421791], [-8.553914, 41.419534], [-8.541943, 41.420058], [-8.529952, 41.423469], [-8.517914, 41.433015], [-8.514569, 41.43786], [-8.512027, 41.446857], [-8.513146, 41.455869], [-8.5182, 41.464898], [-8.529579, 41.475102], [-8.541518, 41.480556], [-8.553481, 41.482593], [-8.565465, 41.481818]], [[-8.553541, 41.47397], [-8.541578, 41.471925], [-8.530647, 41.464949], [-8.525936, 41.455922], [-8.527287, 41.44692], [-8.529808, 41.443399], [-8.541836, 41.4354], [-8.553814, 41.434144], [-8.566355, 41.438067], [-8.575368, 41.447108], [-8.577204, 41.456122], [-8.573194, 41.465115], [-8.565538, 41.470921], [-8.553541, 41.47397]]], [[[-8.207867, 41.376968], [-8.206157, 41.3821], [-8.212997, 41.391155], [-8.219153, 41.394347], [-8.231115, 41.394359], [-8.236212, 41.391311], [-8.241421, 41.382338], [-8.236941, 41.373301], [-8.232949, 41.370646], [-8.232622, 41.370428], [-8.232611, 41.370421], [-8.232323, 41.370229], [-8.232273, 41.370196], [-8.232024, 41.37003], [-8.231935, 41.369971], [-8.224854, 41.370878], [-8.220966, 41.368638], [-8.220875, 41.36863], [-8.220368, 41.368582], [-8.216486, 41.369939], [-8.216394, 41.369984], [-8.216187, 41.370084], [-8.212011, 41.375839], [-8.207867, 41.376968]]], [[[-8.802092, 41.205115], [-8.78198, 41.209324], [-8.716881, 41.231358], [-8.67447, 41.24085], [-8.662514, 41.24508], [-8.65054, 41.252491], [-8.635676, 41.267161], [-8.624655, 41.285142], [-8.622108, 41.294141], [-8.622771, 41.303151], [-8.627831, 41.312175], [-8.638508, 41.321217], [-8.665102, 41.339313], [-8.697754, 41.367328], [-8.709681, 41.374085], [-8.733567, 41.381502], [-8.757475, 41.38457], [-8.781394, 41.385177], [-8.809083, 41.382631], [-8.807981, 41.354722], [-8.781466, 41.36346], [-8.757543, 41.366274], [-8.733634, 41.365125], [-8.70975, 41.358674], [-8.685903, 41.345343], [-8.654133, 41.321265], [-8.644936, 41.312229], [-8.639719, 41.303205], [-8.637989, 41.294192], [-8.639144, 41.285188], [-8.642816, 41.276192], [-8.649436, 41.267204], [-8.662458, 41.255918], [-8.675685, 41.249265], [-8.698329, 41.242686], [-8.75804, 41.23206], [-8.781907, 41.231139], [-8.803232, 41.234127], [-8.802092, 41.205115]]]]}}, {"id": "15", "type": "Feature", "properties": {"fill": "#97a3b2", "value_min": 1.0, "value_max": 1.33}, "geometry": {"type": "MultiPolygon", "coordinates": [[[[-8.005805, 41.846991], [-8.005734, 41.846671], [-8.005583, 41.845996], [-8.004225, 41.839893], [-7.998018, 41.830832], [-7.985208, 41.821464], [-7.973235, 41.817215], [-7.961219, 41.815683], [-7.937105, 41.817775], [-7.924974, 41.823189], [-7.917101, 41.830098], [-7.908859, 41.848033], [-7.908849, 41.85704], [-7.911941, 41.866076], [-7.921766, 41.877834], [-7.929552, 41.877616], [-7.924114, 41.874543], [-7.916184, 41.866116], [-7.912214, 41.857072], [-7.91151, 41.848058], [-7.913786, 41.839073], [-7.919092, 41.830116], [-7.924944, 41.824982], [-7.937084, 41.819074], [-7.949158, 41.816974], [-7.961199, 41.81694], [-7.980529, 41.821671], [-7.993827, 41.830795], [-7.999458, 41.839851], [-8.001176, 41.850492], [-8.00339, 41.85027], [-8.005805, 41.846991]]], [[[-8.349408, 41.52709], [-8.361429, 41.523589], [-8.373495, 41.515227], [-8.378616, 41.509265], [-8.38275, 41.50028], [-8.384025, 41.49128], [-8.382224, 41.473255], [-8.374052, 41.457372], [-8.362164, 41.448702], [-8.350229, 41.445039], [-8.338272, 41.443644], [-8.326291, 41.444545], [-8.314287, 41.447729], [-8.302293, 41.454783], [-8.294458, 41.463743], [-8.291412, 41.472731], [-8.292795, 41.490755], [-8.301655, 41.509243], [-8.313512, 41.521137], [-8.325444, 41.526307], [-8.337411, 41.5282], [-8.349408, 41.52709]], [[-8.349435, 41.524461], [-8.33744, 41.525299], [-8.325474, 41.523401], [-8.313552, 41.517372], [-8.301705, 41.504613], [-8.295345, 41.49077], [-8.294739, 41.472752], [-8.298973, 41.46377], [-8.314247, 41.45152], [-8.326258, 41.447782], [-8.338239, 41.446826], [-8.350199, 41.447989], [-8.362131, 41.452079], [-8.374009, 41.461838], [-8.379967, 41.473243], [-8.382126, 41.491269], [-8.380395, 41.500267], [-8.375298, 41.509247], [-8.361461, 41.520339], [-8.349435, 41.524461]]], [[[-8.745767, 41.319719], [-8.755372, 41.312517], [-8.757756, 41.308913], [-8.761048, 41.303521], [-8.762373, 41.294516], [-8.759686, 41.285503], [-8.752043, 41.276479], [-8.734029, 41.26805], [-8.722097, 41.266526], [-8.710154, 41.267432], [-8.698198, 41.27113], [-8.689545, 41.276327], [-8.681778, 41.285314], [-8.679428, 41.294315], [-8.681257, 41.303328], [-8.68777, 41.312353], [-8.697975, 41.319645], [-8.709903, 41.324118], [-8.721846, 41.325526], [-8.733801, 41.324238], [-8.745767, 41.319719]], [[-8.721869, 41.32006], [-8.709926, 41.318911], [-8.698, 41.314061], [-8.687813, 41.303346], [-8.685746, 41.294332], [-8.688977, 41.285333], [-8.698172, 41.276838], [-8.710131, 41.272597], [-8.722074, 41.271863], [-8.738829, 41.276449], [-8.74943, 41.285481], [-8.75266, 41.294496], [-8.751083, 41.3035], [-8.743718, 41.312492], [-8.733827, 41.317713], [-8.721869, 41.32006]]]]}}, {"id": "16", "type": "Feature", "properties": {"fill": "#80a4d0", "value_min": 1.33, "value_max": 1.67}, "geometry": {"type": "MultiPolygon", "coordinates": [[[[-8.001176, 41.850492], [-7.999458, 41.839851], [-7.993827, 41.830795], [-7.980529, 41.821671], [-7.961199, 41.81694], [-7.949158, 41.816974], [-7.937084, 41.819074], [-7.924944, 41.824982], [-7.919092, 41.830116], [-7.913786, 41.839073], [-7.91151, 41.848058], [-7.912214, 41.857072], [-7.916184, 41.866116], [-7.924114, 41.874543], [-7.929552, 41.877616], [-7.933473, 41.875617], [-7.924187, 41.870174], [-7.920406, 41.866156], [-7.915099, 41.857099], [-7.913805, 41.84808], [-7.91557, 41.83909], [-7.921084, 41.830135], [-7.937062, 41.820371], [-7.949141, 41.818062], [-7.961179, 41.818196], [-7.975397, 41.821626], [-7.989922, 41.830761], [-7.995412, 41.839816], [-7.996019, 41.852287], [-8.001176, 41.850492]]], [[[-7.994945, 41.857682], [-7.994945, 41.857682], [-7.99471, 41.858137], [-7.994945, 41.857682]]], [[[-7.988578, 41.867133], [-7.986302, 41.869155], [-7.987996, 41.869157], [-7.988578, 41.867133]]], [[[-7.986188, 41.869256], [-7.986188, 41.869256], [-7.986049, 41.86938], [-7.986188, 41.869256]]], [[[-7.985585, 41.869792], [-7.985585, 41.869792], [-7.985038, 41.870279], [-7.985585, 41.869792]]], [[[-8.349435, 41.524461], [-8.361461, 41.520339], [-8.375298, 41.509247], [-8.380395, 41.500267], [-8.382126, 41.491269], [-8.379967, 41.473243], [-8.374009, 41.461838], [-8.362131, 41.452079], [-8.350199, 41.447989], [-8.338239, 41.446826], [-8.326258, 41.447782], [-8.314247, 41.45152], [-8.298973, 41.46377], [-8.294739, 41.472752], [-8.295345, 41.49077], [-8.301705, 41.504613], [-8.313552, 41.517372], [-8.325474, 41.523401], [-8.33744, 41.525299], [-8.349435, 41.524461]], [[-8.337466, 41.522764], [-8.325504, 41.520495], [-8.313584, 41.51434], [-8.307847, 41.508861], [-8.301638, 41.499816], [-8.296601, 41.481771], [-8.298066, 41.472772], [-8.302124, 41.465586], [-8.314208, 41.45524], [-8.326228, 41.450698], [-8.338213, 41.449407], [-8.350172, 41.450684], [-8.362098, 41.455382], [-8.372515, 41.464195], [-8.377709, 41.473231], [-8.380228, 41.491259], [-8.378039, 41.500255], [-8.373571, 41.507415], [-8.36149, 41.517363], [-8.349461, 41.521831], [-8.337466, 41.522764]]], [[[-8.721869, 41.32006], [-8.733827, 41.317713], [-8.743718, 41.312492], [-8.751083, 41.3035], [-8.75266, 41.294496], [-8.74943, 41.285481], [-8.738829, 41.276449], [-8.722074, 41.271863], [-8.710131, 41.272597], [-8.698172, 41.276838], [-8.688977, 41.285333], [-8.685746, 41.294332], [-8.687813, 41.303346], [-8.698, 41.314061], [-8.709926, 41.318911], [-8.721869, 41.32006]], [[-8.70995, 41.313601], [-8.698034, 41.306843], [-8.694932, 41.303365], [-8.692756, 41.294351], [-8.698139, 41.284035], [-8.710107, 41.278135], [-8.72205, 41.277476], [-8.733973, 41.281783], [-8.73883, 41.285457], [-8.743221, 41.294475], [-8.7411, 41.303478], [-8.733858, 41.310287], [-8.729117, 41.312458], [-8.721894, 41.314378], [-8.70995, 41.313601]]]]}}, {"id": "14", "type": "Feature", "properties": {"fill": "#a3a3a3", "value_min": 0.67, "value_max": 1.0}, "geometry": {"type": "MultiPolygon", "coordinates": [[[[-8.008229, 41.838632], [-8.003693, 41.830881], [-7.992075, 41.821773], [-7.985252, 41.818664], [-7.973263, 41.815412], [-7.96124, 41.814426], [-7.937126, 41.816477], [-7.925004, 41.821396], [-7.915109, 41.830079], [-7.909435, 41.839032], [-7.906208, 41.848008], [-7.905485, 41.857008], [-7.907199, 41.865202], [-7.907246, 41.865428], [-7.91027, 41.871285], [-7.910299, 41.871338], [-7.916786, 41.879175], [-7.921766, 41.877834], [-7.911941, 41.866076], [-7.908849, 41.85704], [-7.908859, 41.848033], [-7.917101, 41.830098], [-7.924974, 41.823189], [-7.937105, 41.817775], [-7.961219, 41.815683], [-7.973235, 41.817215], [-7.985208, 41.821464], [-7.998018, 41.830832], [-8.004225, 41.839893], [-8.005583, 41.845996], [-8.008229, 41.838632]]], [[[-8.005734, 41.846671], [-8.005734, 41.846671], [-8.005805, 41.846991], [-8.005734, 41.846671]]], [[[-8.361397, 41.526839], [-8.374597, 41.518251], [-8.381933, 41.509283], [-8.385105, 41.500293], [-8.385601, 41.482281], [-8.382009, 41.464246], [-8.374099, 41.45252], [-8.362199, 41.445106], [-8.350264, 41.441438], [-8.338307, 41.440172], [-8.326331, 41.440739], [-8.314331, 41.443496], [-8.302298, 41.449284], [-8.295709, 41.454743], [-8.289888, 41.463715], [-8.287477, 41.472707], [-8.290243, 41.490739], [-8.298016, 41.508801], [-8.304946, 41.517851], [-8.313471, 41.525056], [-8.325404, 41.53017], [-8.337373, 41.531914], [-8.34937, 41.530908], [-8.361397, 41.526839]], [[-8.349408, 41.52709], [-8.337411, 41.5282], [-8.325444, 41.526307], [-8.313512, 41.521137], [-8.301655, 41.509243], [-8.292795, 41.490755], [-8.291412, 41.472731], [-8.294458, 41.463743], [-8.302293, 41.454783], [-8.314287, 41.447729], [-8.326291, 41.444545], [-8.338272, 41.443644], [-8.350229, 41.445039], [-8.362164, 41.448702], [-8.374052, 41.457372], [-8.382224, 41.473255], [-8.384025, 41.49128], [-8.38275, 41.50028], [-8.378616, 41.509265], [-8.373495, 41.515227], [-8.361429, 41.523589], [-8.349408, 41.52709]]], [[[-8.733775, 41.330477], [-8.745737, 41.327619], [-8.757709, 41.321621], [-8.767325, 41.312542], [-8.771926, 41.303543], [-8.773089, 41.294538], [-8.770791, 41.285525], [-8.764801, 41.276505], [-8.757896, 41.271054], [-8.74598, 41.265059], [-8.734053, 41.262173], [-8.722119, 41.261386], [-8.710176, 41.262463], [-8.694381, 41.267332], [-8.680961, 41.276304], [-8.674882, 41.285294], [-8.672993, 41.294297], [-8.674881, 41.30331], [-8.680541, 41.312334], [-8.69795, 41.325078], [-8.70988, 41.32923], [-8.721823, 41.330976], [-8.733775, 41.330477]], [[-8.745767, 41.319719], [-8.733801, 41.324238], [-8.721846, 41.325526], [-8.709903, 41.324118], [-8.697975, 41.319645], [-8.68777, 41.312353], [-8.681257, 41.303328], [-8.679428, 41.294315], [-8.681778, 41.285314], [-8.689545, 41.276327], [-8.698198, 41.27113], [-8.710154, 41.267432], [-8.722097, 41.266526], [-8.734029, 41.26805], [-8.752043, 41.276479], [-8.759686, 41.285503], [-8.762373, 41.294516], [-8.761048, 41.303521], [-8.757756, 41.308913], [-8.755372, 41.312517], [-8.745767, 41.319719]]]]}}, {"id": "17", "type": "Feature", "properties": {"fill": "#6ba5ec", "value_min": 1.67, "value_max": 2.0}, "geometry": {"type": "MultiPolygon", "coordinates": [[[[-7.985038, 41.870279], [-7.985585, 41.869792], [-7.986049, 41.86938], [-7.986188, 41.869256], [-7.986302, 41.869155], [-7.988578, 41.867133], [-7.990123, 41.860157], [-7.99471, 41.858137], [-7.994945, 41.857682], [-7.994047, 41.855211], [-7.996019, 41.852287], [-7.995412, 41.839816], [-7.989922, 41.830761], [-7.975397, 41.821626], [-7.961179, 41.818196], [-7.949141, 41.818062], [-7.937062, 41.820371], [-7.921084, 41.830135], [-7.91557, 41.83909], [-7.913805, 41.84808], [-7.915099, 41.857099], [-7.920406, 41.866156], [-7.924187, 41.870174], [-7.933473, 41.875617], [-7.938252, 41.874036], [-7.92426, 41.865851], [-7.917962, 41.857126], [-7.915885, 41.8481], [-7.917356, 41.839107], [-7.924884, 41.828567], [-7.93704, 41.821708], [-7.949123, 41.819149], [-7.961158, 41.819452], [-7.973149, 41.822604], [-7.986019, 41.830727], [-7.992156, 41.839787], [-7.99326, 41.848804], [-7.990602, 41.857787], [-7.983034, 41.866727], [-7.968398, 41.874308], [-7.973828, 41.875216], [-7.985038, 41.870279]]], [[[-7.968108, 41.87438], [-7.968108, 41.87438], [-7.9675, 41.874532], [-7.968108, 41.87438]]], [[[-8.337466, 41.522764], [-8.349461, 41.521831], [-8.36149, 41.517363], [-8.373571, 41.507415], [-8.378039, 41.500255], [-8.380228, 41.491259], [-8.377709, 41.473231], [-8.372515, 41.464195], [-8.362098, 41.455382], [-8.350172, 41.450684], [-8.338213, 41.449407], [-8.326228, 41.450698], [-8.314208, 41.45524], [-8.302124, 41.465586], [-8.298066, 41.472772], [-8.296601, 41.481771], [-8.301638, 41.499816], [-8.307847, 41.508861], [-8.313584, 41.51434], [-8.325504, 41.520495], [-8.337466, 41.522764]], [[-8.337492, 41.520227], [-8.325533, 41.51769], [-8.311075, 41.50888], [-8.30406, 41.499831], [-8.300448, 41.490802], [-8.299324, 41.481787], [-8.302059, 41.471612], [-8.307363, 41.463821], [-8.314174, 41.458458], [-8.326197, 41.453613], [-8.338187, 41.451988], [-8.350145, 41.453378], [-8.362073, 41.457991], [-8.369385, 41.464178], [-8.375452, 41.473218], [-8.378134, 41.48224], [-8.378329, 41.491249], [-8.373608, 41.503568], [-8.361514, 41.51493], [-8.349487, 41.519202], [-8.337492, 41.520227]]], [[[-8.70995, 41.313601], [-8.721894, 41.314378], [-8.729117, 41.312458], [-8.733858, 41.310287], [-8.7411, 41.303478], [-8.743221, 41.294475], [-8.73883, 41.285457], [-8.733973, 41.281783], [-8.72205, 41.277476], [-8.710107, 41.278135], [-8.698139, 41.284035], [-8.692756, 41.294351], [-8.694932, 41.303365], [-8.698034, 41.306843], [-8.70995, 41.313601]], [[-8.709981, 41.306582], [-8.704866, 41.303391], [-8.701035, 41.294373], [-8.710078, 41.284698], [-8.722021, 41.284374], [-8.733154, 41.294452], [-8.729131, 41.30345], [-8.721924, 41.307112], [-8.709981, 41.306582]]]]}}, {"id": "13", "type": "Feature", "properties": {"fill": "#a3a3a3", "value_min": 0.33, "value_max": 0.67}, "geometry": {"type": "MultiPolygon", "coordinates": [[[[-8.011863, 41.834299], [-7.998759, 41.821832], [-7.985296, 41.815864], [-7.96126, 41.81317], [-7.937148, 41.81518], [-7.925038, 41.819384], [-7.913118, 41.83006], [-7.903557, 41.847983], [-7.902453, 41.861367], [-7.904318, 41.859795], [-7.907199, 41.865202], [-7.905485, 41.857008], [-7.906208, 41.848008], [-7.909435, 41.839032], [-7.915109, 41.830079], [-7.925004, 41.821396], [-7.937126, 41.816477], [-7.96124, 41.814426], [-7.973263, 41.815412], [-7.985252, 41.818664], [-7.992075, 41.821773], [-8.003693, 41.830881], [-8.008229, 41.838632], [-8.011863, 41.834299]]], [[[-7.916786, 41.879175], [-7.910299, 41.871338], [-7.910285, 41.875562], [-7.916786, 41.879175]]], [[[-7.91027, 41.871285], [-7.907246, 41.865428], [-7.906095, 41.868126], [-7.91027, 41.871285]]], [[[-7.86596, 41.755594], [-7.860472, 41.757495], [-7.86586, 41.761309], [-7.868566, 41.757575], [-7.86596, 41.755594]]], [[[-8.37341, 41.524069], [-8.379488, 41.518277], [-8.38525, 41.509301], [-8.388109, 41.500309], [-8.386968, 41.47328], [-8.381396, 41.455236], [-8.372399, 41.44618], [-8.362241, 41.440807], [-8.3503, 41.437836], [-8.32637, 41.436933], [-8.31438, 41.438824], [-8.302361, 41.443455], [-8.288928, 41.454701], [-8.284274, 41.46368], [-8.283132, 41.47268], [-8.287054, 41.490719], [-8.294654, 41.508781], [-8.301543, 41.51962], [-8.313421, 41.529743], [-8.325361, 41.53432], [-8.337335, 41.535627], [-8.349332, 41.534739], [-8.361354, 41.531243], [-8.37341, 41.524069]], [[-8.361397, 41.526839], [-8.34937, 41.530908], [-8.337373, 41.531914], [-8.325404, 41.53017], [-8.313471, 41.525056], [-8.304946, 41.517851], [-8.298016, 41.508801], [-8.290243, 41.490739], [-8.287477, 41.472707], [-8.289888, 41.463715], [-8.295709, 41.454743], [-8.302298, 41.449284], [-8.314331, 41.443496], [-8.326331, 41.440739], [-8.338307, 41.440172], [-8.350264, 41.441438], [-8.362199, 41.445106], [-8.374099, 41.45252], [-8.382009, 41.464246], [-8.385601, 41.482281], [-8.385105, 41.500293], [-8.381933, 41.509283], [-8.374597, 41.518251], [-8.361397, 41.526839]]], [[[-8.769647, 41.324464], [-8.780753, 41.312568], [-8.78477, 41.303568], [-8.785806, 41.294562], [-8.783911, 41.285551], [-8.778924, 41.276533], [-8.769187, 41.267507], [-8.757931, 41.261563], [-8.746007, 41.257929], [-8.734077, 41.256232], [-8.710198, 41.257435], [-8.698248, 41.26029], [-8.686287, 41.265321], [-8.672659, 41.27628], [-8.66744, 41.285273], [-8.666, 41.294277], [-8.667852, 41.30329], [-8.673418, 41.312314], [-8.682743, 41.321347], [-8.697925, 41.330449], [-8.709855, 41.334896], [-8.721797, 41.337001], [-8.733748, 41.337207], [-8.745706, 41.335501], [-8.757672, 41.331527], [-8.769647, 41.324464]], [[-8.733775, 41.330477], [-8.721823, 41.330976], [-8.70988, 41.32923], [-8.69795, 41.325078], [-8.680541, 41.312334], [-8.674881, 41.30331], [-8.672993, 41.294297], [-8.674882, 41.285294], [-8.680961, 41.276304], [-8.694381, 41.267332], [-8.710176, 41.262463], [-8.722119, 41.261386], [-8.734053, 41.262173], [-8.74598, 41.265059], [-8.757896, 41.271054], [-8.764801, 41.276505], [-8.770791, 41.285525], [-8.773089, 41.294538], [-8.771926, 41.303543], [-8.767325, 41.312542], [-8.757709, 41.321621], [-8.745737, 41.327619], [-8.733775, 41.330477]]]]}}, {"id": "18", "type": "Feature", "properties": {"fill": "#5599f7", "value_min": 2.0, "value_max": 2.33}, "geometry": {"type": "MultiPolygon", "coordinates": [[[[-7.9675, 41.874532], [-7.968108, 41.87438], [-7.968398, 41.874308], [-7.983034, 41.866727], [-7.990602, 41.857787], [-7.99326, 41.848804], [-7.992156, 41.839787], [-7.986019, 41.830727], [-7.973149, 41.822604], [-7.961158, 41.819452], [-7.949123, 41.819149], [-7.93704, 41.821708], [-7.924884, 41.828567], [-7.917356, 41.839107], [-7.915885, 41.8481], [-7.917962, 41.857126], [-7.92426, 41.865851], [-7.938252, 41.874036], [-7.940467, 41.871564], [-7.929584, 41.866242], [-7.920826, 41.857153], [-7.917964, 41.848119], [-7.919141, 41.839124], [-7.925106, 41.830173], [-7.937016, 41.823138], [-7.949105, 41.820237], [-7.961138, 41.820709], [-7.97312, 41.824369], [-7.982943, 41.830699], [-7.988899, 41.839759], [-7.989814, 41.848774], [-7.986287, 41.857749], [-7.977179, 41.866675], [-7.972396, 41.869626], [-7.956065, 41.873362], [-7.956362, 41.875191], [-7.960576, 41.875647], [-7.962086, 41.874074], [-7.9675, 41.874532]]], [[[-8.337492, 41.520227], [-8.349487, 41.519202], [-8.361514, 41.51493], [-8.373608, 41.503568], [-8.378329, 41.491249], [-8.378134, 41.48224], [-8.375452, 41.473218], [-8.369385, 41.464178], [-8.362073, 41.457991], [-8.350145, 41.453378], [-8.338187, 41.451988], [-8.326197, 41.453613], [-8.314174, 41.458458], [-8.307363, 41.463821], [-8.302059, 41.471612], [-8.299324, 41.481787], [-8.300448, 41.490802], [-8.30406, 41.499831], [-8.311075, 41.50888], [-8.325533, 41.51769], [-8.337492, 41.520227]], [[-8.349509, 41.517017], [-8.337517, 41.517794], [-8.325556, 41.515549], [-8.313648, 41.508323], [-8.306468, 41.499845], [-8.30284, 41.490816], [-8.302035, 41.481804], [-8.304269, 41.47281], [-8.31414, 41.461677], [-8.326171, 41.456178], [-8.338161, 41.454569], [-8.350121, 41.455809], [-8.362047, 41.460601], [-8.373883, 41.474943], [-8.376266, 41.48223], [-8.37643, 41.491239], [-8.373331, 41.500229], [-8.361538, 41.512496], [-8.349509, 41.517017]]], [[[-8.709981, 41.306582], [-8.721924, 41.307112], [-8.729131, 41.30345], [-8.733154, 41.294452], [-8.722021, 41.284374], [-8.710078, 41.284698], [-8.701035, 41.294373], [-8.704866, 41.303391], [-8.709981, 41.306582]]]]}}, {"id": "12", "type": "Feature", "properties": {"fill": "#a3a3a3", "value_min": 0.0, "value_max": 0.33}, "geometry": {"type": "MultiPolygon", "coordinates": [[[[-8.01773, 41.831154], [-8.007131, 41.821904], [-7.997323, 41.816683], [-7.98534, 41.813063], [-7.961285, 41.811611], [-7.937169, 41.813882], [-7.925072, 41.81734], [-7.910766, 41.830038], [-7.900906, 41.847957], [-7.898073, 41.860458], [-7.902453, 41.861367], [-7.903557, 41.847983], [-7.913118, 41.83006], [-7.925038, 41.819384], [-7.937148, 41.81518], [-7.96126, 41.81317], [-7.985296, 41.815864], [-7.998759, 41.821832], [-8.011863, 41.834299], [-8.013363, 41.829124], [-8.01773, 41.831154]]], [[[-7.87436, 41.757632], [-7.866036, 41.751301], [-7.853944, 41.754925], [-7.851524, 41.757406], [-7.853811, 41.762376], [-7.859802, 41.766496], [-7.865748, 41.767637], [-7.868317, 41.76658], [-7.87436, 41.757632]], [[-7.86596, 41.755594], [-7.868566, 41.757575], [-7.86586, 41.761309], [-7.860472, 41.757495], [-7.86596, 41.755594]]], [[[-8.425516, 41.720095], [-8.427559, 41.716685], [-8.419677, 41.711271], [-8.407621, 41.715132], [-8.406372, 41.716578], [-8.407572, 41.720536], [-8.413351, 41.724852], [-8.417349, 41.725067], [-8.41974, 41.722135], [-8.425516, 41.720095]]], [[[-8.361309, 41.535786], [-8.375719, 41.527264], [-8.38438, 41.518304], [-8.389427, 41.509323], [-8.391192, 41.491318], [-8.388844, 41.464283], [-8.386264, 41.455262], [-8.380236, 41.446222], [-8.374205, 41.441472], [-8.362284, 41.436393], [-8.338388, 41.432192], [-8.314436, 41.433535], [-8.302428, 41.437138], [-8.290384, 41.443963], [-8.281228, 41.454653], [-8.27866, 41.463645], [-8.278788, 41.472653], [-8.283758, 41.490699], [-8.291291, 41.50876], [-8.301475, 41.525964], [-8.313364, 41.535119], [-8.325306, 41.539534], [-8.337282, 41.540831], [-8.349282, 41.539662], [-8.361309, 41.535786]], [[-8.37341, 41.524069], [-8.361354, 41.531243], [-8.349332, 41.534739], [-8.337335, 41.535627], [-8.325361, 41.53432], [-8.313421, 41.529743], [-8.301543, 41.51962], [-8.294654, 41.508781], [-8.287054, 41.490719], [-8.283132, 41.47268], [-8.284274, 41.46368], [-8.288928, 41.454701], [-8.302361, 41.443455], [-8.31438, 41.438824], [-8.32637, 41.436933], [-8.3503, 41.437836], [-8.362241, 41.440807], [-8.372399, 41.44618], [-8.381396, 41.455236], [-8.386968, 41.47328], [-8.388109, 41.500309], [-8.38525, 41.509301], [-8.379488, 41.518277], [-8.37341, 41.524069]]], [[[-8.769603, 41.337157], [-8.781075, 41.330584], [-8.791201, 41.321595], [-8.797458, 41.312599], [-8.800877, 41.303597], [-8.800404, 41.28558], [-8.79622, 41.276565], [-8.78876, 41.267544], [-8.781804, 41.262375], [-8.769888, 41.256134], [-8.757964, 41.252495], [-8.746035, 41.250637], [-8.722164, 41.250625], [-8.698274, 41.254763], [-8.686317, 41.259026], [-8.672395, 41.267272], [-8.66396, 41.276255], [-8.659463, 41.28525], [-8.658236, 41.294254], [-8.660357, 41.303268], [-8.665557, 41.312291], [-8.674422, 41.321324], [-8.685977, 41.329922], [-8.697896, 41.336617], [-8.721768, 41.343833], [-8.745673, 41.344008], [-8.769603, 41.337157]], [[-8.769647, 41.324464], [-8.757672, 41.331527], [-8.745706, 41.335501], [-8.733748, 41.337207], [-8.721797, 41.337001], [-8.709855, 41.334896], [-8.697925, 41.330449], [-8.682743, 41.321347], [-8.673418, 41.312314], [-8.667852, 41.30329], [-8.666, 41.294277], [-8.66744, 41.285273], [-8.672659, 41.27628], [-8.686287, 41.265321], [-8.698248, 41.26029], [-8.710198, 41.257435], [-8.734077, 41.256232], [-8.746007, 41.257929], [-8.757931, 41.261563], [-8.769187, 41.267507], [-8.778924, 41.276533], [-8.783911, 41.285551], [-8.785806, 41.294562], [-8.78477, 41.303568], [-8.780753, 41.312568], [-8.769647, 41.324464]]]]}}, {"id": "3", "type": "Feature", "properties": {"fill": "#c33119", "value_min": -3.0, "value_max": -2.67}, "geometry": {"type": "MultiPolygon", "coordinates": [[[[-7.87656, 41.837469], [-7.889013, 41.829829], [-7.896784, 41.820897], [-7.900617, 41.811927], [-7.900556, 41.80292], [-7.894035, 41.793851], [-7.889399, 41.791477], [-7.877406, 41.78904], [-7.865366, 41.789328], [-7.844751, 41.793366], [-7.82888, 41.802212], [-7.821756, 41.811146], [-7.821359, 41.820148], [-7.828507, 41.830742], [-7.840414, 41.83826], [-7.852405, 41.84122], [-7.864455, 41.840894], [-7.87656, 41.837469]], [[-7.864527, 41.836824], [-7.852503, 41.835736], [-7.839596, 41.829341], [-7.832669, 41.820264], [-7.832315, 41.811253], [-7.838041, 41.802305], [-7.853242, 41.794341], [-7.865323, 41.791772], [-7.877358, 41.791757], [-7.889326, 41.795683], [-7.896528, 41.802881], [-7.897725, 41.8119], [-7.893985, 41.820871], [-7.888788, 41.826827], [-7.876613, 41.834414], [-7.864527, 41.836824]]], [[[-7.728203, 41.80969], [-7.744629, 41.809246], [-7.756759, 41.804524], [-7.767206, 41.79256], [-7.7684, 41.783566], [-7.765309, 41.774526], [-7.75751, 41.765665], [-7.742948, 41.75915], [-7.740214, 41.763924], [-7.726937, 41.771755], [-7.7254, 41.777152], [-7.727191, 41.779184], [-7.724177, 41.780299], [-7.725372, 41.781653], [-7.722296, 41.792446], [-7.728879, 41.797871], [-7.72705, 41.801691], [-7.728203, 41.80969]], [[-7.732735, 41.792184], [-7.726515, 41.783109], [-7.733237, 41.776443], [-7.745225, 41.778725], [-7.748304, 41.783348], [-7.74501, 41.78971], [-7.732735, 41.792184]]], [[[-7.95223, 41.785389], [-7.949751, 41.780675], [-7.937713, 41.781007], [-7.935039, 41.785231], [-7.936663, 41.794253], [-7.950409, 41.79438], [-7.95223, 41.785389]]], [[[-7.961951, 41.758457], [-7.95468, 41.749384], [-7.950305, 41.746686], [-7.938278, 41.746697], [-7.934516, 41.749199], [-7.928234, 41.758148], [-7.931476, 41.767185], [-7.937839, 41.773352], [-7.949862, 41.773874], [-7.958159, 41.76743], [-7.961951, 41.758457]]], [[[-7.914515, 41.729432], [-7.922687, 41.722068], [-7.923961, 41.713073], [-7.919747, 41.704027], [-7.91502, 41.699445], [-7.903096, 41.693877], [-7.891099, 41.692703], [-7.866972, 41.698049], [-7.855005, 41.695165], [-7.842907, 41.699687], [-7.840176, 41.703251], [-7.843044, 41.712287], [-7.854655, 41.714904], [-7.866694, 41.713896], [-7.872293, 41.721584], [-7.890434, 41.731383], [-7.902432, 41.732927], [-7.914515, 41.729432]], [[-7.890528, 41.725972], [-7.88356, 41.721695], [-7.881681, 41.712669], [-7.890897, 41.704489], [-7.902913, 41.704683], [-7.912126, 41.712962], [-7.910496, 41.721953], [-7.902541, 41.726524], [-7.890528, 41.725972]]], [[[-8.226495, 41.697494], [-8.223345, 41.688465], [-8.215663, 41.683851], [-8.203647, 41.683912], [-8.196839, 41.688283], [-8.193572, 41.697267], [-8.203363, 41.706886], [-8.215378, 41.707327], [-8.226495, 41.697494]]], [[[-8.131363, 41.698163], [-8.133545, 41.696831], [-8.131424, 41.693673], [-8.119489, 41.687624], [-8.1041, 41.696605], [-8.104413, 41.705614], [-8.107182, 41.708678], [-8.119172, 41.710842], [-8.131363, 41.698163]], [[-8.115961, 41.705704], [-8.108547, 41.696639], [-8.119442, 41.691068], [-8.127632, 41.696786], [-8.11923, 41.706599], [-8.115961, 41.705704]]], [[[-8.468411, 41.632135], [-8.472509, 41.626829], [-8.472942, 41.617824], [-8.468565, 41.613289], [-8.456598, 41.609089], [-8.444597, 41.609058], [-8.432557, 41.61349], [-8.428126, 41.61761], [-8.425022, 41.626601], [-8.429445, 41.635631], [-8.432343, 41.637915], [-8.444313, 41.64211], [-8.456332, 41.640838], [-8.466099, 41.635807], [-8.468411, 41.632135]]], [[[-8.096369, 41.622428], [-8.101011, 41.615517], [-8.096882, 41.606477], [-8.084626, 41.604014], [-8.079878, 41.606343], [-8.073627, 41.6153], [-8.084324, 41.625339], [-8.096369, 41.622428]]], [[[-8.54436, 41.614842], [-8.555249, 41.609165], [-8.564072, 41.600191], [-8.568329, 41.5912], [-8.569219, 41.582196], [-8.567197, 41.573181], [-8.562569, 41.564156], [-8.552992, 41.553704], [-8.541053, 41.546422], [-8.529091, 41.54259], [-8.517106, 41.541968], [-8.505098, 41.5445], [-8.493066, 41.549926], [-8.486708, 41.554835], [-8.47816, 41.563804], [-8.472449, 41.572785], [-8.470268, 41.581783], [-8.472339, 41.599807], [-8.477566, 41.608838], [-8.492553, 41.615495], [-8.516528, 41.619522], [-8.528535, 41.61902], [-8.542538, 41.61567], [-8.54436, 41.614842]], [[-8.528615, 41.607999], [-8.516612, 41.608314], [-8.504627, 41.606084], [-8.493149, 41.5999], [-8.48433, 41.590854], [-8.481598, 41.581834], [-8.482586, 41.572831], [-8.487501, 41.563846], [-8.505046, 41.551296], [-8.517057, 41.548604], [-8.529043, 41.549201], [-8.541003, 41.553494], [-8.55345, 41.564121], [-8.558226, 41.573147], [-8.559093, 41.582158], [-8.556152, 41.591153], [-8.552703, 41.595675], [-8.54064, 41.604666], [-8.528615, 41.607999]]], [[[-8.106759, 41.543224], [-8.109461, 41.543297], [-8.121536, 41.536917], [-8.123633, 41.534627], [-8.125096, 41.525631], [-8.115726, 41.516552], [-8.109855, 41.514531], [-8.097873, 41.514397], [-8.090597, 41.517388], [-8.090537, 41.517442], [-8.090297, 41.517659], [-8.090288, 41.517667], [-8.089698, 41.518202], [-8.090594, 41.522169], [-8.093588, 41.52307], [-8.09209, 41.524645], [-8.092385, 41.532749], [-8.095978, 41.534325], [-8.098073, 41.538152], [-8.106759, 41.543224]]], [[[-8.101666, 41.543085], [-8.101666, 41.543085], [-8.104362, 41.543159], [-8.101666, 41.543085]]], [[[-8.253746, 41.507226], [-8.241851, 41.499711], [-8.232412, 41.508382], [-8.241657, 41.516357], [-8.253716, 41.50984], [-8.253746, 41.507226]]], [[[-8.690364, 41.474497], [-8.683315, 41.465471], [-8.673368, 41.461658], [-8.66139, 41.462383], [-8.655922, 41.465392], [-8.648414, 41.474377], [-8.650653, 41.483391], [-8.661243, 41.490562], [-8.673215, 41.492101], [-8.685221, 41.486717], [-8.688831, 41.483501], [-8.690364, 41.474497]]], [[[-8.374688, 41.391128], [-8.38736, 41.383207], [-8.391888, 41.374224], [-8.390994, 41.365212], [-8.383891, 41.356166], [-8.375072, 41.351072], [-8.363138, 41.349028], [-8.351165, 41.35091], [-8.342342, 41.355936], [-8.335059, 41.364902], [-8.333929, 41.373903], [-8.338066, 41.382934], [-8.350766, 41.391115], [-8.362708, 41.393117], [-8.374688, 41.391128]], [[-8.350842, 41.383443], [-8.344846, 41.373966], [-8.348205, 41.364977], [-8.35105, 41.36257], [-8.363035, 41.359562], [-8.374953, 41.363447], [-8.379922, 41.37416], [-8.374769, 41.382698], [-8.362776, 41.386078], [-8.350842, 41.383443]]], [[[-8.522778, 41.200079], [-8.519054, 41.203679], [-8.514921, 41.212669], [-8.514504, 41.221675], [-8.517727, 41.230697], [-8.525721, 41.239738], [-8.531245, 41.243321], [-8.543147, 41.24801], [-8.555073, 41.249422], [-8.567018, 41.247964], [-8.578984, 41.243162], [-8.59164, 41.230982], [-8.594595, 41.221985], [-8.59403, 41.212975], [-8.589772, 41.203952], [-8.578579, 41.193798], [-8.578329, 41.193691], [-8.578061, 41.193575], [-8.575958, 41.195609], [-8.576894, 41.201908], [-8.574515, 41.202593], [-8.57423, 41.20462], [-8.568024, 41.204644], [-8.578738, 41.21292], [-8.580617, 41.221935], [-8.575495, 41.230924], [-8.567097, 41.235967], [-8.555153, 41.237513], [-8.543247, 41.233683], [-8.539271, 41.230785], [-8.534566, 41.221758], [-8.536848, 41.212636], [-8.532257, 41.213102], [-8.52713, 41.203215], [-8.522778, 41.200079]]], [[[-8.537022, 41.21247], [-8.537022, 41.21247], [-8.537086, 41.21241], [-8.537022, 41.21247]]], [[[-8.537319, 41.212189], [-8.537319, 41.212189], [-8.537324, 41.212184], [-8.537319, 41.212189]]]]}}, {"id": "2", "type": "Feature", "properties": {"fill": "#ae1c1c", "value_min": -3.33, "value_max": -3.0}, "geometry": {"type": "MultiPolygon", "coordinates": [[[[-7.864527, 41.836824], [-7.876613, 41.834414], [-7.888788, 41.826827], [-7.893985, 41.820871], [-7.897725, 41.8119], [-7.896528, 41.802881], [-7.889326, 41.795683], [-7.877358, 41.791757], [-7.865323, 41.791772], [-7.853242, 41.794341], [-7.838041, 41.802305], [-7.832315, 41.811253], [-7.832669, 41.820264], [-7.839596, 41.829341], [-7.852503, 41.835736], [-7.864527, 41.836824]], [[-7.864589, 41.833344], [-7.849935, 41.829445], [-7.840908, 41.820347], [-7.839691, 41.811328], [-7.844972, 41.802375], [-7.853181, 41.79774], [-7.865273, 41.79462], [-7.877305, 41.794826], [-7.889258, 41.799604], [-7.892498, 41.802843], [-7.894832, 41.811872], [-7.888845, 41.823527], [-7.876667, 41.831358], [-7.864589, 41.833344]]], [[[-7.732735, 41.792184], [-7.74501, 41.78971], [-7.748304, 41.783348], [-7.745225, 41.778725], [-7.733237, 41.776443], [-7.726515, 41.783109], [-7.732735, 41.792184]]], [[[-7.890528, 41.725972], [-7.902541, 41.726524], [-7.910496, 41.721953], [-7.912126, 41.712962], [-7.902913, 41.704683], [-7.890897, 41.704489], [-7.881681, 41.712669], [-7.88356, 41.721695], [-7.890528, 41.725972]]], [[[-8.115961, 41.705704], [-8.11923, 41.706599], [-8.127632, 41.696786], [-8.119442, 41.691068], [-8.108547, 41.696639], [-8.115961, 41.705704]], [[-8.115102, 41.69669], [-8.119396, 41.694495], [-8.122623, 41.696748], [-8.11931, 41.700775], [-8.115102, 41.69669]]], [[[-8.528615, 41.607999], [-8.54064, 41.604666], [-8.552703, 41.595675], [-8.556152, 41.591153], [-8.559093, 41.582158], [-8.558226, 41.573147], [-8.55345, 41.564121], [-8.541003, 41.553494], [-8.529043, 41.549201], [-8.517057, 41.548604], [-8.505046, 41.551296], [-8.487501, 41.563846], [-8.482586, 41.572831], [-8.481598, 41.581834], [-8.48433, 41.590854], [-8.493149, 41.5999], [-8.504627, 41.606084], [-8.516612, 41.608314], [-8.528615, 41.607999]], [[-8.51427, 41.599991], [-8.504691, 41.597708], [-8.49493, 41.590901], [-8.489312, 41.581869], [-8.489531, 41.572862], [-8.495325, 41.563881], [-8.505002, 41.557027], [-8.517018, 41.553795], [-8.529002, 41.554771], [-8.540954, 41.560432], [-8.545233, 41.564089], [-8.550223, 41.573116], [-8.55026, 41.582123], [-8.545144, 41.59111], [-8.540709, 41.594898], [-8.528674, 41.599879], [-8.51427, 41.599991]]], [[[-8.350842, 41.383443], [-8.362776, 41.386078], [-8.374769, 41.382698], [-8.379922, 41.37416], [-8.374953, 41.363447], [-8.363035, 41.359562], [-8.35105, 41.36257], [-8.348205, 41.364977], [-8.344846, 41.373966], [-8.350842, 41.383443]]], [[[-8.536848, 41.212636], [-8.534566, 41.221758], [-8.539271, 41.230785], [-8.543247, 41.233683], [-8.555153, 41.237513], [-8.567097, 41.235967], [-8.575495, 41.230924], [-8.580617, 41.221935], [-8.578738, 41.21292], [-8.568024, 41.204644], [-8.565895, 41.206227], [-8.567697, 41.208246], [-8.566512, 41.209376], [-8.559636, 41.206251], [-8.554271, 41.20627], [-8.549521, 41.209214], [-8.544157, 41.209458], [-8.54238, 41.211265], [-8.537324, 41.212184], [-8.537319, 41.212189], [-8.537086, 41.21241], [-8.537022, 41.21247], [-8.536848, 41.212636]]]]}}, {"id": "6", "type": "Feature", "properties": {"fill": "#e79f24", "value_min": -2.0, "value_max": -1.67}, "geometry": {"type": "MultiPolygon", "coordinates": [[[[-7.863948, 41.859708], [-7.867903, 41.856056], [-7.868165, 41.855892], [-7.868205, 41.855867], [-7.87033, 41.851395], [-7.873043, 41.850501], [-7.872757, 41.846826], [-7.864267, 41.851545], [-7.827922, 41.865249], [-7.818435, 41.872873], [-7.823863, 41.874013], [-7.825059, 41.875817], [-7.830479, 41.875831], [-7.830789, 41.874031], [-7.832894, 41.874712], [-7.83772, 41.872924], [-7.842528, 41.875187], [-7.841663, 41.866632], [-7.845893, 41.863491], [-7.849515, 41.861475], [-7.858542, 41.862622], [-7.859456, 41.860148], [-7.863948, 41.859708]]], [[[-7.877261, 41.849758], [-7.888551, 41.840532], [-7.898147, 41.829917], [-7.913166, 41.80941], [-7.925287, 41.804502], [-7.954502, 41.803424], [-7.97545, 41.794606], [-7.997857, 41.782413], [-8.034132, 41.770856], [-8.058268, 41.765807], [-8.094369, 41.765169], [-8.10644, 41.762261], [-8.118574, 41.754623], [-8.141768, 41.73292], [-8.15505, 41.724875], [-8.167133, 41.720175], [-8.179148, 41.720746], [-8.191115, 41.72518], [-8.206142, 41.733383], [-8.215469, 41.742454], [-8.221082, 41.751499], [-8.226501, 41.782077], [-8.230049, 41.791597], [-8.240744, 41.791588], [-8.24074, 41.789338], [-8.244347, 41.787984], [-8.245546, 41.785731], [-8.251257, 41.784375], [-8.251845, 41.777172], [-8.257551, 41.773564], [-8.261762, 41.774235], [-8.269568, 41.76905], [-8.269565, 41.767474], [-8.275272, 41.765098], [-8.268003, 41.760815], [-8.262919, 41.754324], [-8.261267, 41.742758], [-8.267559, 41.733791], [-8.275221, 41.730077], [-8.287241, 41.730388], [-8.299206, 41.735855], [-8.305203, 41.743032], [-8.306592, 41.752047], [-8.302846, 41.758382], [-8.30778, 41.758824], [-8.307785, 41.760625], [-8.311096, 41.762195], [-8.318308, 41.761283], [-8.325233, 41.765098], [-8.328234, 41.763292], [-8.336653, 41.763728], [-8.338708, 41.762149], [-8.336005, 41.743214], [-8.32633, 41.716136], [-8.322693, 41.698101], [-8.324207, 41.680096], [-8.327339, 41.671107], [-8.33608, 41.658187], [-8.348095, 41.657757], [-8.36006, 41.662316], [-8.371982, 41.671538], [-8.383984, 41.672698], [-8.396047, 41.667372], [-8.408063, 41.666982], [-8.456038, 41.67572], [-8.481752, 41.682124], [-8.484371, 41.674238], [-8.49308, 41.674886], [-8.499963, 41.671038], [-8.50927, 41.671233], [-8.51018, 41.672806], [-8.511967, 41.670324], [-8.509856, 41.668755], [-8.514632, 41.664192], [-8.456141, 41.663553], [-8.432158, 41.658972], [-8.420197, 41.65339], [-8.407806, 41.644528], [-8.398524, 41.635473], [-8.393438, 41.626439], [-8.392418, 41.617426], [-8.395295, 41.608434], [-8.423178, 41.572549], [-8.42605, 41.563556], [-8.427197, 41.545547], [-8.43021, 41.536554], [-8.4438, 41.518606], [-8.446082, 41.50961], [-8.445461, 41.508035], [-8.431664, 41.500532], [-8.421583, 41.498194], [-8.413738, 41.491435], [-8.409722, 41.485064], [-8.409779, 41.478718], [-8.41234, 41.473413], [-8.42187, 41.465933], [-8.43386, 41.464259], [-8.445803, 41.467937], [-8.453899, 41.473618], [-8.457671, 41.480803], [-8.469591, 41.487986], [-8.481565, 41.488562], [-8.494631, 41.491819], [-8.505456, 41.497489], [-8.529278, 41.516725], [-8.553148, 41.531177], [-8.565063, 41.541873], [-8.592099, 41.573272], [-8.603873, 41.591328], [-8.609481, 41.608287], [-8.614156, 41.606692], [-8.619881, 41.610269], [-8.621338, 41.604636], [-8.628833, 41.604378], [-8.6366, 41.600518], [-8.639873, 41.597352], [-8.640152, 41.59465], [-8.645536, 41.593051], [-8.646744, 41.594171], [-8.649126, 41.59197], [-8.624782, 41.581004], [-8.600886, 41.565397], [-8.581124, 41.546211], [-8.565182, 41.524046], [-8.550682, 41.510066], [-8.469801, 41.462117], [-8.457873, 41.456575], [-8.445923, 41.453882], [-8.433945, 41.454488], [-8.42194, 41.458076], [-8.40988, 41.467654], [-8.406906, 41.473385], [-8.405324, 41.482384], [-8.407626, 41.491404], [-8.422008, 41.509491], [-8.423349, 41.518506], [-8.402354, 41.563435], [-8.384833, 41.583469], [-8.357536, 41.60823], [-8.336343, 41.632589], [-8.324266, 41.639332], [-8.312278, 41.63758], [-8.288354, 41.629419], [-8.235612, 41.607484], [-8.222072, 41.598386], [-8.217764, 41.589349], [-8.217451, 41.58034], [-8.219607, 41.571347], [-8.225242, 41.562378], [-8.236205, 41.553444], [-8.253333, 41.543207], [-8.265454, 41.531529], [-8.271436, 41.517644], [-8.271776, 41.508638], [-8.268959, 41.499613], [-8.265873, 41.494495], [-8.254012, 41.484051], [-8.242094, 41.47887], [-8.230146, 41.476417], [-8.218174, 41.475972], [-8.170208, 41.480571], [-8.158201, 41.482854], [-8.14481, 41.48975], [-8.134107, 41.493255], [-8.122096, 41.495493], [-8.110129, 41.49454], [-8.095134, 41.48937], [-8.086199, 41.480292], [-8.081143, 41.471244], [-8.075001, 41.45318], [-8.068505, 41.444837], [-8.069999, 41.447206], [-8.068497, 41.453282], [-8.070289, 41.45711], [-8.068788, 41.462286], [-8.073872, 41.46499], [-8.074468, 41.468592], [-8.073564, 41.474668], [-8.066374, 41.482318], [-8.066069, 41.48817], [-8.072054, 41.490199], [-8.07175, 41.494925], [-8.076538, 41.497718], [-8.133938, 41.505926], [-8.145869, 41.509815], [-8.156732, 41.51686], [-8.162903, 41.525912], [-8.163909, 41.534927], [-8.161497, 41.543916], [-8.156032, 41.552884], [-8.147638, 41.561829], [-8.126148, 41.579682], [-8.115689, 41.615631], [-8.108326, 41.625804], [-8.096178, 41.636135], [-8.084131, 41.638945], [-8.072139, 41.637939], [-8.058865, 41.633194], [-8.045264, 41.624075], [-8.037514, 41.615003], [-8.031424, 41.602938], [-8.02367, 41.603156], [-8.019174, 41.601802], [-8.015872, 41.603824], [-8.013474, 41.603372], [-8.005971, 41.60629], [-8.003562, 41.611239], [-7.998761, 41.612809], [-7.999669, 41.608759], [-7.996976, 41.605829], [-7.996684, 41.602003], [-7.984685, 41.603564], [-7.982292, 41.60086], [-7.975689, 41.603552], [-7.974482, 41.606701], [-7.970882, 41.607147], [-7.969091, 41.603768], [-7.965796, 41.602413], [-7.9541, 41.602846], [-7.952606, 41.600592], [-7.947808, 41.60081], [-7.945413, 41.599456], [-7.942725, 41.595625], [-7.936733, 41.594264], [-7.936125, 41.596964], [-7.938214, 41.600344], [-7.937004, 41.603718], [-7.931604, 41.604384], [-7.930073, 41.614735], [-7.925255, 41.620579], [-7.920755, 41.620796], [-7.917748, 41.623041], [-7.915933, 41.627764], [-7.913229, 41.628885], [-7.913217, 41.632324], [-7.927963, 41.643694], [-7.939764, 41.656299], [-7.954714, 41.677329], [-7.990893, 41.749708], [-7.992157, 41.758726], [-7.989167, 41.767707], [-7.982735, 41.776657], [-7.966328, 41.794524], [-7.949406, 41.801815], [-7.937358, 41.802497], [-7.925366, 41.799749], [-7.913288, 41.802183], [-7.902385, 41.820951], [-7.895102, 41.829888], [-7.888616, 41.836756], [-7.874566, 41.846146], [-7.877261, 41.849758]], [[-8.22716, 41.727132], [-8.203176, 41.722028], [-8.179266, 41.711468], [-8.167288, 41.708183], [-8.155219, 41.711933], [-8.130993, 41.725691], [-8.118915, 41.729688], [-8.106895, 41.729433], [-8.094982, 41.721522], [-8.091371, 41.714519], [-8.090455, 41.705505], [-8.09615, 41.696542], [-8.107486, 41.686687], [-8.119605, 41.679167], [-8.131666, 41.675644], [-8.155675, 41.677106], [-8.167719, 41.674753], [-8.191903, 41.662228], [-8.203965, 41.65809], [-8.215996, 41.656416], [-8.227996, 41.657266], [-8.239962, 41.661005], [-8.25496, 41.670661], [-8.262023, 41.679713], [-8.265587, 41.688743], [-8.266653, 41.697757], [-8.265071, 41.706754], [-8.26102, 41.715735], [-8.251249, 41.723493], [-8.239188, 41.726722], [-8.22716, 41.727132]], [[-8.070912, 41.72327], [-8.058779, 41.730823], [-8.046781, 41.729086], [-8.0265, 41.713988], [-8.019682, 41.704923], [-8.017297, 41.695895], [-8.018504, 41.686899], [-8.023512, 41.677659], [-8.040141, 41.66006], [-8.061882, 41.651233], [-8.096034, 41.646402], [-8.108203, 41.634755], [-8.120432, 41.618362], [-8.132565, 41.608641], [-8.144634, 41.603534], [-8.15666, 41.601566], [-8.168656, 41.601913], [-8.186453, 41.607146], [-8.192376, 41.616195], [-8.191752, 41.625198], [-8.188225, 41.63418], [-8.180854, 41.643135], [-8.170669, 41.652069], [-8.155904, 41.659523], [-8.13182, 41.66418], [-8.119731, 41.669856], [-8.11365, 41.678665], [-8.095372, 41.693736], [-8.087921, 41.696477], [-8.07953, 41.705418], [-8.070912, 41.72327]], [[-8.241447, 41.534309], [-8.229458, 41.534463], [-8.217508, 41.531352], [-8.208912, 41.526238], [-8.2021, 41.517183], [-8.201429, 41.508171], [-8.206242, 41.499197], [-8.216627, 41.490261], [-8.230033, 41.485946], [-8.242011, 41.486017], [-8.253943, 41.490084], [-8.264042, 41.499582], [-8.267278, 41.50861], [-8.265604, 41.518288], [-8.258207, 41.526566], [-8.253477, 41.530626], [-8.241447, 41.534309]]], [[[-8.06842, 41.444729], [-8.05655, 41.435114], [-8.057743, 41.438645], [-8.061033, 41.438872], [-8.064916, 41.444052], [-8.06842, 41.444729]]], [[[-7.865452, 41.784428], [-7.889563, 41.78193], [-7.903707, 41.77593], [-7.907343, 41.766958], [-7.907443, 41.757952], [-7.902179, 41.747766], [-7.878346, 41.735097], [-7.866385, 41.73147], [-7.85438, 41.730405], [-7.818304, 41.730654], [-7.806237, 41.732949], [-7.797309, 41.738838], [-7.794604, 41.747816], [-7.795676, 41.756834], [-7.798985, 41.765876], [-7.80545, 41.775418], [-7.817343, 41.783017], [-7.821645, 41.784124], [-7.841364, 41.785578], [-7.865452, 41.784428]], [[-7.898518, 41.766873], [-7.890692, 41.775805], [-7.877561, 41.780128], [-7.85346, 41.782078], [-7.841447, 41.780958], [-7.824439, 41.775146], [-7.81632, 41.766056], [-7.813876, 41.757024], [-7.817087, 41.74805], [-7.829714, 41.739172], [-7.842258, 41.735853], [-7.854307, 41.734505], [-7.866319, 41.735204], [-7.879621, 41.73967], [-7.895003, 41.748826], [-7.89934, 41.757874], [-7.898518, 41.766873]]], [[[-8.732926, 41.538], [-8.744912, 41.538624], [-8.756909, 41.536328], [-8.76892, 41.529914], [-8.778347, 41.519738], [-8.7827, 41.510739], [-8.784765, 41.492728], [-8.779368, 41.474702], [-8.774113, 41.465685], [-8.756388, 41.447634], [-8.742957, 41.438597], [-8.721406, 41.428731], [-8.697499, 41.422324], [-8.685539, 41.420916], [-8.661601, 41.421865], [-8.649616, 41.425173], [-8.637609, 41.432168], [-8.624832, 41.44728], [-8.617342, 41.46527], [-8.61647, 41.474275], [-8.619248, 41.483291], [-8.629106, 41.492331], [-8.673096, 41.515727], [-8.708978, 41.531714], [-8.732926, 41.538]], [[-8.6971, 41.508172], [-8.685116, 41.508479], [-8.673141, 41.50683], [-8.661177, 41.503232], [-8.64057, 41.492367], [-8.631503, 41.483331], [-8.6287, 41.474315], [-8.630048, 41.465312], [-8.637491, 41.45339], [-8.649513, 41.444338], [-8.661506, 41.440104], [-8.673483, 41.438688], [-8.685451, 41.439248], [-8.697408, 41.4419], [-8.709356, 41.447123], [-8.721701, 41.456562], [-8.728364, 41.465586], [-8.731056, 41.4746], [-8.730669, 41.483606], [-8.726712, 41.492604], [-8.716866, 41.501588], [-8.709096, 41.505299], [-8.6971, 41.508172]]], [[[-8.300051, 41.319245], [-8.295285, 41.337643], [-8.296114, 41.36467], [-8.303638, 41.382731], [-8.311458, 41.391786], [-8.326259, 41.400881], [-8.33866, 41.405378], [-8.362548, 41.409465], [-8.386485, 41.408613], [-8.414539, 41.401364], [-8.430251, 41.392435], [-8.439832, 41.383475], [-8.445944, 41.374497], [-8.453955, 41.35652], [-8.461185, 41.320523], [-8.467917, 41.311547], [-8.483017, 41.305643], [-8.542805, 41.297006], [-8.566746, 41.28904], [-8.578728, 41.283044], [-8.602712, 41.266416], [-8.614716, 41.255123], [-8.65077, 41.209264], [-8.662707, 41.207518], [-8.674615, 41.211648], [-8.686533, 41.213731], [-8.698472, 41.211647], [-8.710482, 41.204319], [-8.714027, 41.19532], [-8.710529, 41.182595], [-8.69865, 41.172899], [-8.674844, 41.165249], [-8.663151, 41.156748], [-8.662959, 41.156546], [-8.662946, 41.156524], [-8.66117, 41.156307], [-8.662078, 41.158104], [-8.660313, 41.160813], [-8.657033, 41.160378], [-8.654961, 41.161963], [-8.653231, 41.169174], [-8.655366, 41.175467], [-8.647955, 41.180228], [-8.647696, 41.185181], [-8.640929, 41.196241], [-8.634946, 41.193341], [-8.632526, 41.188624], [-8.625658, 41.186628], [-8.621132, 41.178994], [-8.611982, 41.176557], [-8.616949, 41.18603], [-8.621939, 41.204062], [-8.620932, 41.222075], [-8.617668, 41.231072], [-8.612412, 41.240062], [-8.602805, 41.251052], [-8.59081, 41.260414], [-8.578833, 41.266636], [-8.566865, 41.271063], [-8.554909, 41.273517], [-8.531026, 41.274045], [-8.519099, 41.272261], [-8.495285, 41.263714], [-8.483407, 41.256217], [-8.470718, 41.243912], [-8.469227, 41.245267], [-8.463258, 41.244384], [-8.459989, 41.246644], [-8.454323, 41.246886], [-8.455541, 41.251834], [-8.452276, 41.25522], [-8.449891, 41.255452], [-8.449304, 41.257479], [-8.447812, 41.257258], [-8.449028, 41.261982], [-8.439785, 41.262907], [-8.438023, 41.268989], [-8.434745, 41.269673], [-8.432691, 41.277107], [-8.427032, 41.279372], [-8.429143, 41.284319], [-8.426171, 41.287028], [-8.426488, 41.291079], [-8.425013, 41.294909], [-8.422037, 41.296942], [-8.422647, 41.299867], [-8.407744, 41.304856], [-8.406262, 41.307335], [-8.402979, 41.307568], [-8.401801, 41.311398], [-8.399712, 41.311628], [-8.400316, 41.313202], [-8.396738, 41.314336], [-8.398835, 41.316131], [-8.391014, 41.324253], [-8.399192, 41.328018], [-8.411516, 41.338296], [-8.417744, 41.347335], [-8.420699, 41.356357], [-8.42117, 41.365367], [-8.419342, 41.374366], [-8.414428, 41.383348], [-8.405313, 41.392309], [-8.386459, 41.401218], [-8.374568, 41.403636], [-8.3626, 41.404114], [-8.35065, 41.402717], [-8.338723, 41.399157], [-8.325548, 41.391869], [-8.317057, 41.382812], [-8.312872, 41.373779], [-8.311483, 41.364763], [-8.315331, 41.348342], [-8.321387, 41.33902], [-8.316788, 41.335876], [-8.313802, 41.336331], [-8.31139, 41.328007], [-8.307502, 41.325762], [-8.305116, 41.326891], [-8.303024, 41.325994], [-8.303615, 41.323742], [-8.300051, 41.319245]]], [[[-8.602167, 41.164217], [-8.606762, 41.16941], [-8.604942, 41.164881], [-8.602167, 41.164217]]], [[[-8.6069, 41.1696], [-8.6069, 41.1696], [-8.607063, 41.169822], [-8.6069, 41.1696]]], [[[-8.607228, 41.170049], [-8.607228, 41.170049], [-8.607363, 41.170233], [-8.607228, 41.170049]]], [[[-8.607556, 41.170497], [-8.607556, 41.170497], [-8.607664, 41.170645], [-8.607556, 41.170497]]], [[[-8.60772, 41.170722], [-8.60772, 41.170722], [-8.607965, 41.171057], [-8.60772, 41.170722]]], [[[-8.608048, 41.171171], [-8.608048, 41.171171], [-8.609169, 41.172705], [-8.608048, 41.171171]]], [[[-8.61149, 41.175883], [-8.61149, 41.175883], [-8.611576, 41.176001], [-8.61149, 41.175883]]], [[[-8.611818, 41.176332], [-8.611818, 41.176332], [-8.611877, 41.176412], [-8.611818, 41.176332]]], [[[-8.626728, 41.35721], [-8.637977, 41.365891], [-8.638575, 41.357248], [-8.626728, 41.35721]]]]}}, {"id": "4", "type": "Feature", "properties": {"fill": "#d75e13", "value_min": -2.67, "value_max": -2.33}, "geometry": {"type": "MultiPolygon", "coordinates": [[[[-7.729329, 41.873722], [-7.743239, 41.880324], [-7.755266, 41.881606], [-7.767369, 41.878943], [-7.776263, 41.873717], [-7.783544, 41.864787], [-7.785977, 41.855806], [-7.786962, 41.837804], [-7.792317, 41.834065], [-7.828233, 41.845787], [-7.840248, 41.847445], [-7.864373, 41.845578], [-7.876494, 41.84122], [-7.888673, 41.833442], [-7.899583, 41.820924], [-7.906539, 41.802977], [-7.904707, 41.793953], [-7.889476, 41.787008], [-7.877453, 41.786323], [-7.853351, 41.788187], [-7.82735, 41.793189], [-7.804986, 41.80042], [-7.793031, 41.796027], [-7.778534, 41.76566], [-7.769759, 41.754184], [-7.758063, 41.744546], [-7.748417, 41.749321], [-7.747786, 41.754496], [-7.743866, 41.756509], [-7.742948, 41.75915], [-7.75751, 41.765665], [-7.765309, 41.774526], [-7.7684, 41.783566], [-7.767206, 41.79256], [-7.756759, 41.804524], [-7.744629, 41.809246], [-7.728203, 41.80969], [-7.728171, 41.814974], [-7.732041, 41.821514], [-7.74345, 41.825605], [-7.738918, 41.82874], [-7.742196, 41.833928], [-7.74729, 41.837772], [-7.746349, 41.84407], [-7.750541, 41.847685], [-7.750532, 41.849261], [-7.743309, 41.849012], [-7.746901, 41.8524], [-7.746881, 41.855776], [-7.73843, 41.859348], [-7.734159, 41.868337], [-7.730228, 41.871024], [-7.729329, 41.873722]], [[-7.87656, 41.837469], [-7.864455, 41.840894], [-7.852405, 41.84122], [-7.840414, 41.83826], [-7.828507, 41.830742], [-7.821359, 41.820148], [-7.821756, 41.811146], [-7.82888, 41.802212], [-7.844751, 41.793366], [-7.865366, 41.789328], [-7.877406, 41.78904], [-7.889399, 41.791477], [-7.894035, 41.793851], [-7.900556, 41.80292], [-7.900617, 41.811927], [-7.896784, 41.820897], [-7.889013, 41.829829], [-7.87656, 41.837469]]], [[[-7.820126, 41.712784], [-7.833984, 41.721202], [-7.866491, 41.725444], [-7.890357, 41.73586], [-7.908349, 41.739947], [-7.914278, 41.743509], [-7.917577, 41.749041], [-7.920063, 41.785092], [-7.926187, 41.794156], [-7.937423, 41.798536], [-7.949464, 41.798293], [-7.958219, 41.794451], [-7.971853, 41.767553], [-7.973497, 41.758561], [-7.970572, 41.749528], [-7.96243, 41.740642], [-7.947118, 41.731301], [-7.942178, 41.722249], [-7.937913, 41.704196], [-7.927208, 41.689226], [-7.915339, 41.680439], [-7.903415, 41.675142], [-7.888171, 41.670913], [-7.883969, 41.67069], [-7.877044, 41.676077], [-7.876723, 41.681253], [-7.873401, 41.686198], [-7.868896, 41.686413], [-7.868008, 41.68326], [-7.864403, 41.683701], [-7.864096, 41.685276], [-7.858987, 41.68639], [-7.857773, 41.689538], [-7.854776, 41.68818], [-7.847538, 41.695365], [-7.837309, 41.699391], [-7.835792, 41.702763], [-7.839682, 41.705924], [-7.838465, 41.709522], [-7.832453, 41.710407], [-7.825252, 41.708813], [-7.820126, 41.712784]], [[-7.95223, 41.785389], [-7.950409, 41.79438], [-7.936663, 41.794253], [-7.935039, 41.785231], [-7.937713, 41.781007], [-7.949751, 41.780675], [-7.95223, 41.785389]], [[-7.961951, 41.758457], [-7.958159, 41.76743], [-7.949862, 41.773874], [-7.937839, 41.773352], [-7.931476, 41.767185], [-7.928234, 41.758148], [-7.934516, 41.749199], [-7.938278, 41.746697], [-7.950305, 41.746686], [-7.95468, 41.749384], [-7.961951, 41.758457]], [[-7.914515, 41.729432], [-7.902432, 41.732927], [-7.890434, 41.731383], [-7.872293, 41.721584], [-7.866694, 41.713896], [-7.854655, 41.714904], [-7.843044, 41.712287], [-7.840176, 41.703251], [-7.842907, 41.699687], [-7.855005, 41.695165], [-7.866972, 41.698049], [-7.891099, 41.692703], [-7.903096, 41.693877], [-7.91502, 41.699445], [-7.919747, 41.704027], [-7.923961, 41.713073], [-7.922687, 41.722068], [-7.914515, 41.729432]]], [[[-8.22733, 41.712946], [-8.236796, 41.70657], [-8.241266, 41.697592], [-8.240099, 41.688577], [-8.232978, 41.679523], [-8.22777, 41.676184], [-8.215797, 41.672778], [-8.203777, 41.67337], [-8.1917, 41.678461], [-8.182431, 41.688182], [-8.18173, 41.697184], [-8.187668, 41.706233], [-8.203274, 41.714107], [-8.215278, 41.715535], [-8.22733, 41.712946]], [[-8.226495, 41.697494], [-8.215378, 41.707327], [-8.203363, 41.706886], [-8.193572, 41.697267], [-8.196839, 41.688283], [-8.203647, 41.683912], [-8.215663, 41.683851], [-8.223345, 41.688465], [-8.226495, 41.697494]]], [[[-8.129312, 41.705806], [-8.142151, 41.696895], [-8.139841, 41.687871], [-8.131555, 41.68389], [-8.119547, 41.683396], [-8.107436, 41.690326], [-8.100125, 41.696574], [-8.098229, 41.705566], [-8.107082, 41.715882], [-8.119105, 41.71577], [-8.129312, 41.705806]], [[-8.131363, 41.698163], [-8.119172, 41.710842], [-8.107182, 41.708678], [-8.104413, 41.705614], [-8.1041, 41.696605], [-8.119489, 41.687624], [-8.131424, 41.693673], [-8.133545, 41.696831], [-8.131363, 41.698163]]], [[[-8.574636, 41.615404], [-8.58257, 41.60026], [-8.583304, 41.591255], [-8.578047, 41.573221], [-8.564978, 41.554557], [-8.55306, 41.543855], [-8.541117, 41.537379], [-8.529159, 41.533215], [-8.517184, 41.531452], [-8.505197, 41.531497], [-8.493186, 41.534465], [-8.476973, 41.545784], [-8.460367, 41.563722], [-8.442175, 41.590657], [-8.417374, 41.608548], [-8.412087, 41.617529], [-8.411491, 41.626533], [-8.415389, 41.63556], [-8.425557, 41.644618], [-8.43225, 41.648428], [-8.444231, 41.651746], [-8.456235, 41.652281], [-8.468259, 41.650519], [-8.50437, 41.639668], [-8.542654, 41.633884], [-8.536342, 41.631977], [-8.535128, 41.62973], [-8.542257, 41.618676], [-8.542538, 41.61567], [-8.528535, 41.61902], [-8.516528, 41.619522], [-8.492553, 41.615495], [-8.477566, 41.608838], [-8.472339, 41.599807], [-8.470268, 41.581783], [-8.472449, 41.572785], [-8.47816, 41.563804], [-8.486708, 41.554835], [-8.493066, 41.549926], [-8.505098, 41.5445], [-8.517106, 41.541968], [-8.529091, 41.54259], [-8.541053, 41.546422], [-8.552992, 41.553704], [-8.562569, 41.564156], [-8.567197, 41.573181], [-8.569219, 41.582196], [-8.568329, 41.5912], [-8.564072, 41.600191], [-8.555249, 41.609165], [-8.54436, 41.614842], [-8.554533, 41.615255], [-8.557244, 41.617046], [-8.562639, 41.61635], [-8.567756, 41.619032], [-8.570735, 41.616095], [-8.574262, 41.615856], [-8.574332, 41.615771], [-8.574449, 41.61563], [-8.57463, 41.615412], [-8.574636, 41.615404]], [[-8.468411, 41.632135], [-8.466099, 41.635807], [-8.456332, 41.640838], [-8.444313, 41.64211], [-8.432343, 41.637915], [-8.429445, 41.635631], [-8.425022, 41.626601], [-8.428126, 41.61761], [-8.432557, 41.61349], [-8.444597, 41.609058], [-8.456598, 41.609089], [-8.468565, 41.613289], [-8.472942, 41.617824], [-8.472509, 41.626829], [-8.468411, 41.632135]]], [[[-8.108466, 41.615635], [-8.108591, 41.606557], [-8.096767, 41.593876], [-8.0848, 41.591655], [-8.072759, 41.594679], [-8.061533, 41.606194], [-8.060945, 41.615197], [-8.066004, 41.624245], [-8.072278, 41.628229], [-8.084236, 41.631542], [-8.096272, 41.629345], [-8.102228, 41.624534], [-8.108466, 41.615635]], [[-8.096369, 41.622428], [-8.084324, 41.625339], [-8.073627, 41.6153], [-8.079878, 41.606343], [-8.084626, 41.604014], [-8.096882, 41.606477], [-8.101011, 41.615517], [-8.096369, 41.622428]]], [[[-8.080601, 41.551651], [-8.085329, 41.554179], [-8.097282, 41.556949], [-8.10928, 41.556467], [-8.121324, 41.552618], [-8.133424, 41.544468], [-8.139408, 41.534746], [-8.139248, 41.525737], [-8.132451, 41.516679], [-8.121882, 41.51136], [-8.109942, 41.508213], [-8.0921, 41.507889], [-8.090597, 41.517388], [-8.097873, 41.514397], [-8.109855, 41.514531], [-8.115726, 41.516552], [-8.125096, 41.525631], [-8.123633, 41.534627], [-8.121536, 41.536917], [-8.109461, 41.543297], [-8.106759, 41.543224], [-8.104362, 41.543159], [-8.101666, 41.543085], [-8.094175, 41.544904], [-8.087885, 41.542876], [-8.083389, 41.5449], [-8.080601, 41.551651]]], [[[-8.089698, 41.518202], [-8.089698, 41.518202], [-8.090288, 41.517667], [-8.089698, 41.518202]]], [[[-8.090297, 41.517659], [-8.090297, 41.517659], [-8.090537, 41.517442], [-8.090297, 41.517659]]], [[[-8.491911, 41.509822], [-8.481424, 41.506202], [-8.475641, 41.509749], [-8.48131, 41.520503], [-8.486405, 41.518804], [-8.491911, 41.509822]]], [[[-8.261212, 41.508571], [-8.257252, 41.499538], [-8.253871, 41.496353], [-8.241933, 41.492672], [-8.229927, 41.494944], [-8.223056, 41.499312], [-8.219073, 41.508293], [-8.222285, 41.517322], [-8.229598, 41.522638], [-8.241555, 41.525106], [-8.253579, 41.521766], [-8.257838, 41.517557], [-8.261212, 41.508571]], [[-8.253746, 41.507226], [-8.253716, 41.50984], [-8.241657, 41.516357], [-8.232412, 41.508382], [-8.241851, 41.499711], [-8.253746, 41.507226]]], [[[-8.706154, 41.483546], [-8.707321, 41.474542], [-8.703885, 41.465525], [-8.697328, 41.459158], [-8.685385, 41.452897], [-8.673422, 41.450853], [-8.661444, 41.452028], [-8.649442, 41.45739], [-8.64177, 41.465349], [-8.638819, 41.474347], [-8.641231, 41.483362], [-8.649259, 41.491411], [-8.661209, 41.497172], [-8.673178, 41.499417], [-8.685164, 41.498507], [-8.698951, 41.492535], [-8.706154, 41.483546]], [[-8.690364, 41.474497], [-8.688831, 41.483501], [-8.685221, 41.486717], [-8.673215, 41.492101], [-8.661243, 41.490562], [-8.650653, 41.483391], [-8.648414, 41.474377], [-8.655922, 41.465392], [-8.66139, 41.462383], [-8.673368, 41.461658], [-8.683315, 41.465471], [-8.690364, 41.474497]]], [[[-8.435361, 41.473528], [-8.420875, 41.473456], [-8.415949, 41.482439], [-8.421648, 41.490878], [-8.433625, 41.49122], [-8.441406, 41.482565], [-8.435361, 41.473528]]], [[[-8.398678, 41.383873], [-8.403976, 41.374287], [-8.40449, 41.365282], [-8.398961, 41.353054], [-8.387103, 41.342836], [-8.375191, 41.338571], [-8.363252, 41.337313], [-8.351285, 41.338877], [-8.339284, 41.343757], [-8.327208, 41.355764], [-8.323726, 41.364836], [-8.323887, 41.373844], [-8.327999, 41.382876], [-8.338791, 41.392473], [-8.350706, 41.397083], [-8.362653, 41.398673], [-8.374627, 41.397549], [-8.389106, 41.392224], [-8.398678, 41.383873]], [[-8.374688, 41.391128], [-8.362708, 41.393117], [-8.350766, 41.391115], [-8.338066, 41.382934], [-8.333929, 41.373903], [-8.335059, 41.364902], [-8.342342, 41.355936], [-8.351165, 41.35091], [-8.363138, 41.349028], [-8.375072, 41.351072], [-8.383891, 41.356166], [-8.390994, 41.365212], [-8.391888, 41.374224], [-8.38736, 41.383207], [-8.374688, 41.391128]]], [[[-8.49357, 41.224986], [-8.501146, 41.239634], [-8.50736, 41.245517], [-8.519237, 41.253417], [-8.53063, 41.257773], [-8.543062, 41.260246], [-8.554998, 41.260486], [-8.566947, 41.25865], [-8.57891, 41.254642], [-8.590892, 41.247406], [-8.598556, 41.240015], [-8.604339, 41.231027], [-8.60714, 41.222028], [-8.605266, 41.204006], [-8.600679, 41.194983], [-8.591286, 41.184111], [-8.581797, 41.177909], [-8.578825, 41.178941], [-8.581296, 41.191762], [-8.578579, 41.193798], [-8.589772, 41.203952], [-8.59403, 41.212975], [-8.594595, 41.221985], [-8.59164, 41.230982], [-8.578984, 41.243162], [-8.567018, 41.247964], [-8.555073, 41.249422], [-8.543147, 41.24801], [-8.531245, 41.243321], [-8.525721, 41.239738], [-8.517727, 41.230697], [-8.514504, 41.221675], [-8.514921, 41.212669], [-8.519054, 41.203679], [-8.522778, 41.200079], [-8.51163, 41.203042], [-8.510456, 41.206197], [-8.505693, 41.207113], [-8.504239, 41.213646], [-8.500076, 41.21546], [-8.50308, 41.219502], [-8.502204, 41.222656], [-8.495642, 41.222227], [-8.49357, 41.224986]]], [[[-8.578061, 41.193575], [-8.578061, 41.193575], [-8.578329, 41.193691], [-8.578061, 41.193575]]]]}}, {"id": "5", "type": "Feature", "properties": {"fill": "#ea870e", "value_min": -2.33, "value_max": -2.0}, "geometry": {"type": "MultiPolygon", "coordinates": [[[[-7.818435, 41.872873], [-7.827922, 41.865249], [-7.864267, 41.851545], [-7.872757, 41.846826], [-7.873066, 41.844875], [-7.874566, 41.846146], [-7.888616, 41.836756], [-7.895102, 41.829888], [-7.902385, 41.820951], [-7.913288, 41.802183], [-7.925366, 41.799749], [-7.937358, 41.802497], [-7.949406, 41.801815], [-7.966328, 41.794524], [-7.982735, 41.776657], [-7.989167, 41.767707], [-7.992157, 41.758726], [-7.990893, 41.749708], [-7.954714, 41.677329], [-7.939764, 41.656299], [-7.927963, 41.643694], [-7.913217, 41.632324], [-7.912613, 41.63361], [-7.906014, 41.633147], [-7.906884, 41.641927], [-7.897869, 41.645511], [-7.89696, 41.647985], [-7.892759, 41.647976], [-7.892145, 41.651576], [-7.900827, 41.657446], [-7.902319, 41.66015], [-7.899913, 41.66127], [-7.900198, 41.665547], [-7.898396, 41.665769], [-7.897186, 41.668467], [-7.892682, 41.668683], [-7.892377, 41.670033], [-7.888171, 41.670913], [-7.903415, 41.675142], [-7.915339, 41.680439], [-7.927208, 41.689226], [-7.937913, 41.704196], [-7.942178, 41.722249], [-7.947118, 41.731301], [-7.96243, 41.740642], [-7.970572, 41.749528], [-7.973497, 41.758561], [-7.971853, 41.767553], [-7.958219, 41.794451], [-7.949464, 41.798293], [-7.937423, 41.798536], [-7.926187, 41.794156], [-7.920063, 41.785092], [-7.917577, 41.749041], [-7.914278, 41.743509], [-7.908349, 41.739947], [-7.890357, 41.73586], [-7.866491, 41.725444], [-7.833984, 41.721202], [-7.820126, 41.712784], [-7.815291, 41.718689], [-7.808986, 41.717996], [-7.808396, 41.715744], [-7.804499, 41.714158], [-7.79939, 41.714593], [-7.79788, 41.716164], [-7.796383, 41.71526], [-7.790966, 41.717044], [-7.789449, 41.719966], [-7.78464, 41.720402], [-7.78252, 41.723546], [-7.776204, 41.724652], [-7.773786, 41.727346], [-7.770798, 41.72441], [-7.765698, 41.723044], [-7.761765, 41.727758], [-7.762933, 41.733839], [-7.759307, 41.737203], [-7.759597, 41.739005], [-7.75689, 41.739446], [-7.758687, 41.740577], [-7.758063, 41.744546], [-7.769759, 41.754184], [-7.778534, 41.76566], [-7.793031, 41.796027], [-7.804986, 41.80042], [-7.82735, 41.793189], [-7.853351, 41.788187], [-7.877453, 41.786323], [-7.889476, 41.787008], [-7.904707, 41.793953], [-7.906539, 41.802977], [-7.899583, 41.820924], [-7.888673, 41.833442], [-7.876494, 41.84122], [-7.864373, 41.845578], [-7.840248, 41.847445], [-7.828233, 41.845787], [-7.792317, 41.834065], [-7.786962, 41.837804], [-7.785977, 41.855806], [-7.783544, 41.864787], [-7.776263, 41.873717], [-7.767369, 41.878943], [-7.755266, 41.881606], [-7.743239, 41.880324], [-7.729329, 41.873722], [-7.729293, 41.875972], [-7.720533, 41.880218], [-7.720523, 41.881793], [-7.725335, 41.882935], [-7.726208, 41.887665], [-7.737044, 41.888828], [-7.73944, 41.891087], [-7.74246, 41.889747], [-7.742785, 41.885922], [-7.756022, 41.888441], [-7.758719, 41.890926], [-7.756592, 41.89407], [-7.758076, 41.897901], [-7.764097, 41.898595], [-7.779227, 41.886264], [-7.785257, 41.885157], [-7.788886, 41.882467], [-7.794309, 41.882033], [-7.796739, 41.878214], [-7.794954, 41.873932], [-7.803381, 41.874857], [-7.804914, 41.869459], [-7.813032, 41.871958], [-7.814229, 41.873537], [-7.818435, 41.872873]], [[-7.865452, 41.784428], [-7.841364, 41.785578], [-7.821645, 41.784124], [-7.817343, 41.783017], [-7.80545, 41.775418], [-7.798985, 41.765876], [-7.795676, 41.756834], [-7.794604, 41.747816], [-7.797309, 41.738838], [-7.806237, 41.732949], [-7.818304, 41.730654], [-7.85438, 41.730405], [-7.866385, 41.73147], [-7.878346, 41.735097], [-7.902179, 41.747766], [-7.907443, 41.757952], [-7.907343, 41.766958], [-7.903707, 41.77593], [-7.889563, 41.78193], [-7.865452, 41.784428]]], [[[-8.302846, 41.758382], [-8.306592, 41.752047], [-8.305203, 41.743032], [-8.299206, 41.735855], [-8.287241, 41.730388], [-8.275221, 41.730077], [-8.267559, 41.733791], [-8.261267, 41.742758], [-8.262919, 41.754324], [-8.268003, 41.760815], [-8.275272, 41.765098], [-8.280681, 41.764083], [-8.284038, 41.761109], [-8.284931, 41.757507], [-8.287033, 41.756829], [-8.302846, 41.758382]]], [[[-8.22716, 41.727132], [-8.239188, 41.726722], [-8.251249, 41.723493], [-8.26102, 41.715735], [-8.265071, 41.706754], [-8.266653, 41.697757], [-8.265587, 41.688743], [-8.262023, 41.679713], [-8.25496, 41.670661], [-8.239962, 41.661005], [-8.227996, 41.657266], [-8.215996, 41.656416], [-8.203965, 41.65809], [-8.191903, 41.662228], [-8.167719, 41.674753], [-8.155675, 41.677106], [-8.131666, 41.675644], [-8.119605, 41.679167], [-8.107486, 41.686687], [-8.09615, 41.696542], [-8.090455, 41.705505], [-8.091371, 41.714519], [-8.094982, 41.721522], [-8.106895, 41.729433], [-8.118915, 41.729688], [-8.130993, 41.725691], [-8.155219, 41.711933], [-8.167288, 41.708183], [-8.179266, 41.711468], [-8.203176, 41.722028], [-8.22716, 41.727132]], [[-8.22733, 41.712946], [-8.215278, 41.715535], [-8.203274, 41.714107], [-8.187668, 41.706233], [-8.18173, 41.697184], [-8.182431, 41.688182], [-8.1917, 41.678461], [-8.203777, 41.67337], [-8.215797, 41.672778], [-8.22777, 41.676184], [-8.232978, 41.679523], [-8.240099, 41.688577], [-8.241266, 41.697592], [-8.236796, 41.70657], [-8.22733, 41.712946]], [[-8.129312, 41.705806], [-8.119105, 41.71577], [-8.107082, 41.715882], [-8.098229, 41.705566], [-8.100125, 41.696574], [-8.107436, 41.690326], [-8.119547, 41.683396], [-8.131555, 41.68389], [-8.139841, 41.687871], [-8.142151, 41.696895], [-8.129312, 41.705806]]], [[[-8.609481, 41.608287], [-8.603873, 41.591328], [-8.592099, 41.573272], [-8.565063, 41.541873], [-8.553148, 41.531177], [-8.529278, 41.516725], [-8.505456, 41.497489], [-8.494631, 41.491819], [-8.481565, 41.488562], [-8.469591, 41.487986], [-8.457671, 41.480803], [-8.453899, 41.473618], [-8.445803, 41.467937], [-8.43386, 41.464259], [-8.42187, 41.465933], [-8.41234, 41.473413], [-8.409779, 41.478718], [-8.409722, 41.485064], [-8.413738, 41.491435], [-8.421583, 41.498194], [-8.431664, 41.500532], [-8.445461, 41.508035], [-8.446082, 41.50961], [-8.4438, 41.518606], [-8.43021, 41.536554], [-8.427197, 41.545547], [-8.42605, 41.563556], [-8.423178, 41.572549], [-8.395295, 41.608434], [-8.392418, 41.617426], [-8.393438, 41.626439], [-8.398524, 41.635473], [-8.407806, 41.644528], [-8.420197, 41.65339], [-8.432158, 41.658972], [-8.456141, 41.663553], [-8.514632, 41.664192], [-8.522103, 41.658811], [-8.525706, 41.659023], [-8.527769, 41.652714], [-8.534066, 41.652017], [-8.537355, 41.64998], [-8.537634, 41.646602], [-8.543876, 41.637352], [-8.542654, 41.633884], [-8.50437, 41.639668], [-8.468259, 41.650519], [-8.456235, 41.652281], [-8.444231, 41.651746], [-8.43225, 41.648428], [-8.425557, 41.644618], [-8.415389, 41.63556], [-8.411491, 41.626533], [-8.412087, 41.617529], [-8.417374, 41.608548], [-8.442175, 41.590657], [-8.460367, 41.563722], [-8.476973, 41.545784], [-8.493186, 41.534465], [-8.505197, 41.531497], [-8.517184, 41.531452], [-8.529159, 41.533215], [-8.541117, 41.537379], [-8.55306, 41.543855], [-8.564978, 41.554557], [-8.578047, 41.573221], [-8.583304, 41.591255], [-8.58257, 41.60026], [-8.574636, 41.615404], [-8.577321, 41.614269], [-8.581231, 41.615829], [-8.585766, 41.620988], [-8.591462, 41.620515], [-8.596534, 41.616668], [-8.601628, 41.615972], [-8.603996, 41.611686], [-8.609481, 41.608287]], [[-8.491911, 41.509822], [-8.486405, 41.518804], [-8.48131, 41.520503], [-8.475641, 41.509749], [-8.481424, 41.506202], [-8.491911, 41.509822]], [[-8.435361, 41.473528], [-8.441406, 41.482565], [-8.433625, 41.49122], [-8.421648, 41.490878], [-8.415949, 41.482439], [-8.420875, 41.473456], [-8.435361, 41.473528]]], [[[-8.57463, 41.615412], [-8.57463, 41.615412], [-8.574449, 41.61563], [-8.57463, 41.615412]]], [[[-8.574332, 41.615771], [-8.574332, 41.615771], [-8.574262, 41.615856], [-8.574332, 41.615771]]], [[[-8.031424, 41.602938], [-8.037514, 41.615003], [-8.045264, 41.624075], [-8.058865, 41.633194], [-8.072139, 41.637939], [-8.084131, 41.638945], [-8.096178, 41.636135], [-8.108326, 41.625804], [-8.115689, 41.615631], [-8.126148, 41.579682], [-8.147638, 41.561829], [-8.156032, 41.552884], [-8.161497, 41.543916], [-8.163909, 41.534927], [-8.162903, 41.525912], [-8.156732, 41.51686], [-8.145869, 41.509815], [-8.133938, 41.505926], [-8.076538, 41.497718], [-8.078332, 41.500331], [-8.092402, 41.504163], [-8.0921, 41.507889], [-8.109942, 41.508213], [-8.121882, 41.51136], [-8.132451, 41.516679], [-8.139248, 41.525737], [-8.139408, 41.534746], [-8.133424, 41.544468], [-8.121324, 41.552618], [-8.10928, 41.556467], [-8.097282, 41.556949], [-8.085329, 41.554179], [-8.080601, 41.551651], [-8.074396, 41.549848], [-8.072897, 41.551197], [-8.076188, 41.557276], [-8.080082, 41.558854], [-8.081576, 41.565157], [-8.078879, 41.56493], [-8.075279, 41.568305], [-8.073182, 41.568079], [-8.069283, 41.570553], [-8.068081, 41.573478], [-8.056684, 41.579549], [-8.052181, 41.584498], [-8.052777, 41.587649], [-8.048277, 41.590122], [-8.047974, 41.592373], [-8.031424, 41.602938]], [[-8.108466, 41.615635], [-8.102228, 41.624534], [-8.096272, 41.629345], [-8.084236, 41.631542], [-8.072278, 41.628229], [-8.066004, 41.624245], [-8.060945, 41.615197], [-8.061533, 41.606194], [-8.072759, 41.594679], [-8.0848, 41.591655], [-8.096767, 41.593876], [-8.108591, 41.606557], [-8.108466, 41.615635]]], [[[-8.241447, 41.534309], [-8.253477, 41.530626], [-8.258207, 41.526566], [-8.265604, 41.518288], [-8.267278, 41.50861], [-8.264042, 41.499582], [-8.253943, 41.490084], [-8.242011, 41.486017], [-8.230033, 41.485946], [-8.216627, 41.490261], [-8.206242, 41.499197], [-8.201429, 41.508171], [-8.2021, 41.517183], [-8.208912, 41.526238], [-8.217508, 41.531352], [-8.229458, 41.534463], [-8.241447, 41.534309]], [[-8.261212, 41.508571], [-8.257838, 41.517557], [-8.253579, 41.521766], [-8.241555, 41.525106], [-8.229598, 41.522638], [-8.222285, 41.517322], [-8.219073, 41.508293], [-8.223056, 41.499312], [-8.229927, 41.494944], [-8.241933, 41.492672], [-8.253871, 41.496353], [-8.257252, 41.499538], [-8.261212, 41.508571]]], [[[-8.6971, 41.508172], [-8.709096, 41.505299], [-8.716866, 41.501588], [-8.726712, 41.492604], [-8.730669, 41.483606], [-8.731056, 41.4746], [-8.728364, 41.465586], [-8.721701, 41.456562], [-8.709356, 41.447123], [-8.697408, 41.4419], [-8.685451, 41.439248], [-8.673483, 41.438688], [-8.661506, 41.440104], [-8.649513, 41.444338], [-8.637491, 41.45339], [-8.630048, 41.465312], [-8.6287, 41.474315], [-8.631503, 41.483331], [-8.64057, 41.492367], [-8.661177, 41.503232], [-8.673141, 41.50683], [-8.685116, 41.508479], [-8.6971, 41.508172]], [[-8.706154, 41.483546], [-8.698951, 41.492535], [-8.685164, 41.498507], [-8.673178, 41.499417], [-8.661209, 41.497172], [-8.649259, 41.491411], [-8.641231, 41.483362], [-8.638819, 41.474347], [-8.64177, 41.465349], [-8.649442, 41.45739], [-8.661444, 41.452028], [-8.673422, 41.450853], [-8.685385, 41.452897], [-8.697328, 41.459158], [-8.703885, 41.465525], [-8.707321, 41.474542], [-8.706154, 41.483546]]], [[[-8.321387, 41.33902], [-8.315331, 41.348342], [-8.311483, 41.364763], [-8.312872, 41.373779], [-8.317057, 41.382812], [-8.325548, 41.391869], [-8.338723, 41.399157], [-8.35065, 41.402717], [-8.3626, 41.404114], [-8.374568, 41.403636], [-8.386459, 41.401218], [-8.405313, 41.392309], [-8.414428, 41.383348], [-8.419342, 41.374366], [-8.42117, 41.365367], [-8.420699, 41.356357], [-8.417744, 41.347335], [-8.411516, 41.338296], [-8.399192, 41.328018], [-8.391014, 41.324253], [-8.386325, 41.323588], [-8.380382, 41.331254], [-8.375305, 41.33104], [-8.37201, 41.328346], [-8.361563, 41.329718], [-8.358276, 41.329049], [-8.357673, 41.327249], [-8.350207, 41.327264], [-8.346032, 41.328847], [-8.342462, 41.333131], [-8.333215, 41.336299], [-8.326363, 41.342163], [-8.324568, 41.341041], [-8.323376, 41.341943], [-8.321387, 41.33902]], [[-8.398678, 41.383873], [-8.389106, 41.392224], [-8.374627, 41.397549], [-8.362653, 41.398673], [-8.350706, 41.397083], [-8.338791, 41.392473], [-8.327999, 41.382876], [-8.323887, 41.373844], [-8.323726, 41.364836], [-8.327208, 41.355764], [-8.339284, 41.343757], [-8.351285, 41.338877], [-8.363252, 41.337313], [-8.375191, 41.338571], [-8.387103, 41.342836], [-8.398961, 41.353054], [-8.40449, 41.365282], [-8.403976, 41.374287], [-8.398678, 41.383873]]], [[[-8.470718, 41.243912], [-8.483407, 41.256217], [-8.495285, 41.263714], [-8.519099, 41.272261], [-8.531026, 41.274045], [-8.554909, 41.273517], [-8.566865, 41.271063], [-8.578833, 41.266636], [-8.59081, 41.260414], [-8.602805, 41.251052], [-8.612412, 41.240062], [-8.617668, 41.231072], [-8.620932, 41.222075], [-8.621939, 41.204062], [-8.616949, 41.18603], [-8.611982, 41.176557], [-8.611877, 41.176412], [-8.611818, 41.176332], [-8.611576, 41.176001], [-8.61149, 41.175883], [-8.608583, 41.174095], [-8.609169, 41.172705], [-8.608048, 41.171171], [-8.607965, 41.171057], [-8.60772, 41.170722], [-8.607664, 41.170645], [-8.607556, 41.170497], [-8.607363, 41.170233], [-8.607228, 41.170049], [-8.607063, 41.169822], [-8.6069, 41.1696], [-8.606762, 41.16941], [-8.602167, 41.164217], [-8.59422, 41.165149], [-8.589766, 41.167193], [-8.589194, 41.170572], [-8.585925, 41.17171], [-8.581797, 41.177909], [-8.591286, 41.184111], [-8.600679, 41.194983], [-8.605266, 41.204006], [-8.60714, 41.222028], [-8.604339, 41.231027], [-8.598556, 41.240015], [-8.590892, 41.247406], [-8.57891, 41.254642], [-8.566947, 41.25865], [-8.554998, 41.260486], [-8.543062, 41.260246], [-8.53063, 41.257773], [-8.519237, 41.253417], [-8.50736, 41.245517], [-8.501146, 41.239634], [-8.49357, 41.224986], [-8.487935, 41.230354], [-8.490333, 41.232598], [-8.484411, 41.240495], [-8.476346, 41.237818], [-8.475756, 41.23917], [-8.470986, 41.23941], [-8.470718, 41.243912]]]]}}, {"id": "23", "type": "Feature", "properties": {"fill": "#1f4099", "value_min": 3.67, "value_max": 4.0}, "geometry": {"type": "MultiPolygon", "coordinates": [[[[-7.972631, 41.854943], [-7.976137, 41.848653], [-7.976064, 41.839645], [-7.972975, 41.833462], [-7.969208, 41.830577], [-7.961013, 41.828443], [-7.948976, 41.828109], [-7.936922, 41.828853], [-7.934539, 41.830261], [-7.930352, 41.839228], [-7.930019, 41.848232], [-7.933238, 41.857269], [-7.93641, 41.859781], [-7.960487, 41.860917], [-7.972631, 41.854943]]], [[[-8.361635, 41.502644], [-8.363994, 41.500178], [-8.365097, 41.491177], [-8.364178, 41.473157], [-8.350042, 41.463767], [-8.338081, 41.462343], [-8.330968, 41.463961], [-8.313991, 41.475761], [-8.311548, 41.481861], [-8.311634, 41.490869], [-8.313784, 41.495428], [-8.331813, 41.509003], [-8.33759, 41.510595], [-8.349584, 41.509538], [-8.361635, 41.502644]]]]}}, {"id": "22", "type": "Feature", "properties": {"fill": "#214db8", "value_min": 3.33, "value_max": 3.67}, "geometry": {"type": "MultiPolygon", "coordinates": [[[[-7.979541, 41.848683], [-7.979252, 41.839674], [-7.974527, 41.830625], [-7.961046, 41.826384], [-7.949014, 41.825824], [-7.936945, 41.827424], [-7.932182, 41.830239], [-7.924497, 41.839174], [-7.924203, 41.848178], [-7.930027, 41.857239], [-7.936369, 41.862263], [-7.948371, 41.865082], [-7.960432, 41.864315], [-7.972558, 41.8595], [-7.979541, 41.848683]], [[-7.972631, 41.854943], [-7.960487, 41.860917], [-7.93641, 41.859781], [-7.933238, 41.857269], [-7.930019, 41.848232], [-7.930352, 41.839228], [-7.934539, 41.830261], [-7.936922, 41.828853], [-7.948976, 41.828109], [-7.961013, 41.828443], [-7.969208, 41.830577], [-7.972975, 41.833462], [-7.976064, 41.839645], [-7.976137, 41.848653], [-7.972631, 41.854943]]], [[[-8.36161, 41.505122], [-8.366328, 41.500191], [-8.368446, 41.491195], [-8.366433, 41.473169], [-8.361973, 41.468202], [-8.350061, 41.461777], [-8.338101, 41.460427], [-8.3261, 41.46301], [-8.314039, 41.471202], [-8.309171, 41.481847], [-8.309436, 41.490856], [-8.313736, 41.499941], [-8.325622, 41.509127], [-8.337572, 41.512395], [-8.349565, 41.511408], [-8.36161, 41.505122]], [[-8.361635, 41.502644], [-8.349584, 41.509538], [-8.33759, 41.510595], [-8.331813, 41.509003], [-8.313784, 41.495428], [-8.311634, 41.490869], [-8.311548, 41.481861], [-8.313991, 41.475761], [-8.330968, 41.463961], [-8.338081, 41.462343], [-8.350042, 41.463767], [-8.364178, 41.473157], [-8.365097, 41.491177], [-8.363994, 41.500178], [-8.361635, 41.502644]]]]}}, {"id": "21", "type": "Feature", "properties": {"fill": "#245bd9", "value_min": 3.0, "value_max": 3.33}, "geometry": {"type": "MultiPolygon", "coordinates": [[[[-7.972506, 41.862755], [-7.978533, 41.857681], [-7.982945, 41.848713], [-7.982441, 41.839702], [-7.977332, 41.83065], [-7.973064, 41.827899], [-7.96108, 41.824324], [-7.949051, 41.823539], [-7.936969, 41.825996], [-7.929823, 41.830217], [-7.922711, 41.839157], [-7.922123, 41.848158], [-7.926814, 41.857209], [-7.936327, 41.864746], [-7.94832, 41.868159], [-7.96038, 41.86753], [-7.972506, 41.862755]], [[-7.979541, 41.848683], [-7.972558, 41.8595], [-7.960432, 41.864315], [-7.948371, 41.865082], [-7.936369, 41.862263], [-7.930027, 41.857239], [-7.924203, 41.848178], [-7.924497, 41.839174], [-7.932182, 41.830239], [-7.936945, 41.827424], [-7.949014, 41.825824], [-7.961046, 41.826384], [-7.974527, 41.830625], [-7.979252, 41.839674], [-7.979541, 41.848683]]], [[[-8.361586, 41.507601], [-8.368662, 41.500204], [-8.371797, 41.491213], [-8.371584, 41.482205], [-8.368687, 41.473182], [-8.361997, 41.465731], [-8.350081, 41.459787], [-8.33812, 41.458511], [-8.326124, 41.460732], [-8.314073, 41.468039], [-8.309799, 41.472843], [-8.306792, 41.481833], [-8.307236, 41.490843], [-8.311284, 41.499874], [-8.3256, 41.511268], [-8.337553, 41.514195], [-8.349547, 41.513278], [-8.361586, 41.507601]], [[-8.36161, 41.505122], [-8.349565, 41.511408], [-8.337572, 41.512395], [-8.325622, 41.509127], [-8.313736, 41.499941], [-8.309436, 41.490856], [-8.309171, 41.481847], [-8.314039, 41.471202], [-8.3261, 41.46301], [-8.338101, 41.460427], [-8.350061, 41.461777], [-8.361973, 41.468202], [-8.366433, 41.473169], [-8.368446, 41.491195], [-8.366328, 41.500191], [-8.36161, 41.505122]]]]}}, {"id": "20", "type": "Feature", "properties": {"fill": "#2e6eed", "value_min": 2.67, "value_max": 3.0}, "geometry": {"type": "MultiPolygon", "coordinates": [[[[-7.972454, 41.866011], [-7.982306, 41.857714], [-7.986369, 41.848743], [-7.985643, 41.83973], [-7.980138, 41.830675], [-7.973092, 41.826134], [-7.961113, 41.822265], [-7.949087, 41.821324], [-7.936993, 41.824567], [-7.927464, 41.830195], [-7.920927, 41.83914], [-7.920044, 41.848139], [-7.924389, 41.85815], [-7.936283, 41.867443], [-7.948277, 41.870833], [-7.960334, 41.870407], [-7.972454, 41.866011]], [[-7.972506, 41.862755], [-7.96038, 41.86753], [-7.94832, 41.868159], [-7.936327, 41.864746], [-7.926814, 41.857209], [-7.922123, 41.848158], [-7.922711, 41.839157], [-7.929823, 41.830217], [-7.936969, 41.825996], [-7.949051, 41.823539], [-7.96108, 41.824324], [-7.973064, 41.827899], [-7.977332, 41.83065], [-7.982441, 41.839702], [-7.982945, 41.848713], [-7.978533, 41.857681], [-7.972506, 41.862755]]], [[[-8.370997, 41.500216], [-8.374532, 41.491228], [-8.374399, 41.48222], [-8.370941, 41.473194], [-8.362022, 41.46321], [-8.350101, 41.457799], [-8.33814, 41.456595], [-8.326147, 41.458455], [-8.314106, 41.464877], [-8.307034, 41.472827], [-8.304413, 41.481818], [-8.305038, 41.490829], [-8.308876, 41.49986], [-8.318044, 41.508922], [-8.325578, 41.513408], [-8.337535, 41.515994], [-8.349528, 41.515147], [-8.361562, 41.510064], [-8.370997, 41.500216]], [[-8.361586, 41.507601], [-8.349547, 41.513278], [-8.337553, 41.514195], [-8.3256, 41.511268], [-8.311284, 41.499874], [-8.307236, 41.490843], [-8.306792, 41.481833], [-8.309799, 41.472843], [-8.314073, 41.468039], [-8.326124, 41.460732], [-8.33812, 41.458511], [-8.350081, 41.459787], [-8.361997, 41.465731], [-8.368687, 41.473182], [-8.371584, 41.482205], [-8.371797, 41.491213], [-8.368662, 41.500204], [-8.361586, 41.507601]]]]}}, {"id": "19", "type": "Feature", "properties": {"fill": "#4182f2", "value_min": 2.33, "value_max": 2.67}, "geometry": {"type": "MultiPolygon", "coordinates": [[[[-7.956065, 41.873362], [-7.972396, 41.869626], [-7.977179, 41.866675], [-7.986287, 41.857749], [-7.989814, 41.848774], [-7.988899, 41.839759], [-7.982943, 41.830699], [-7.97312, 41.824369], [-7.961138, 41.820709], [-7.949105, 41.820237], [-7.937016, 41.823138], [-7.925106, 41.830173], [-7.919141, 41.839124], [-7.917964, 41.848119], [-7.920826, 41.857153], [-7.929584, 41.866242], [-7.940467, 41.871564], [-7.951254, 41.871132], [-7.956065, 41.873362]], [[-7.972454, 41.866011], [-7.960334, 41.870407], [-7.948277, 41.870833], [-7.936283, 41.867443], [-7.924389, 41.85815], [-7.920044, 41.848139], [-7.920927, 41.83914], [-7.927464, 41.830195], [-7.936993, 41.824567], [-7.949087, 41.821324], [-7.961113, 41.822265], [-7.973092, 41.826134], [-7.980138, 41.830675], [-7.985643, 41.83973], [-7.986369, 41.848743], [-7.982306, 41.857714], [-7.972454, 41.866011]]], [[[-8.349509, 41.517017], [-8.361538, 41.512496], [-8.373331, 41.500229], [-8.37643, 41.491239], [-8.376266, 41.48223], [-8.373883, 41.474943], [-8.362047, 41.460601], [-8.350121, 41.455809], [-8.338161, 41.454569], [-8.326171, 41.456178], [-8.31414, 41.461677], [-8.304269, 41.47281], [-8.302035, 41.481804], [-8.30284, 41.490816], [-8.306468, 41.499845], [-8.313648, 41.508323], [-8.325556, 41.515549], [-8.337517, 41.517794], [-8.349509, 41.517017]], [[-8.370997, 41.500216], [-8.361562, 41.510064], [-8.349528, 41.515147], [-8.337535, 41.515994], [-8.325578, 41.513408], [-8.318044, 41.508922], [-8.308876, 41.49986], [-8.305038, 41.490829], [-8.304413, 41.481818], [-8.307034, 41.472827], [-8.314106, 41.464877], [-8.326147, 41.458455], [-8.33814, 41.456595], [-8.350101, 41.457799], [-8.362022, 41.46321], [-8.370941, 41.473194], [-8.374399, 41.48222], [-8.374532, 41.491228], [-8.370997, 41.500216]]]]}}, {"id": "11", "type": "Feature", "properties": {"fill": "#a3a3a3", "value_min": -0.33, "value_max": 0.0}, "geometry": {"type": "MultiPolygon", "coordinates": [[[[-8.026778, 41.830262], [-8.01767, 41.821995], [-8.009357, 41.817056], [-7.997392, 41.812248], [-7.985395, 41.809583], [-7.961316, 41.809698], [-7.937191, 41.812584], [-7.925106, 41.815295], [-7.912909, 41.82464], [-7.902374, 41.838965], [-7.893399, 41.859098], [-7.898073, 41.860458], [-7.900906, 41.847957], [-7.910766, 41.830038], [-7.925072, 41.81734], [-7.937169, 41.813882], [-7.961285, 41.811611], [-7.98534, 41.813063], [-7.997323, 41.816683], [-8.007131, 41.821904], [-8.01773, 41.831154], [-8.026778, 41.830262]]], [[[-7.877872, 41.762325], [-7.879545, 41.757683], [-7.87799, 41.755548], [-7.866102, 41.747536], [-7.854043, 41.749371], [-7.846256, 41.757353], [-7.849754, 41.766395], [-7.853698, 41.768715], [-7.865696, 41.770608], [-7.875314, 41.766648], [-7.877872, 41.762325]], [[-7.87436, 41.757632], [-7.868317, 41.76658], [-7.865748, 41.767637], [-7.859802, 41.766496], [-7.853811, 41.762376], [-7.851524, 41.757406], [-7.853944, 41.754925], [-7.866036, 41.751301], [-7.87436, 41.757632]]], [[[-8.439743, 41.71443], [-8.431745, 41.705881], [-8.419753, 41.702873], [-8.407716, 41.704791], [-8.402497, 41.707551], [-8.395171, 41.716519], [-8.396073, 41.725531], [-8.399037, 41.728262], [-8.402934, 41.726452], [-8.404721, 41.722847], [-8.413351, 41.724852], [-8.407572, 41.720536], [-8.406372, 41.716578], [-8.407621, 41.715132], [-8.419677, 41.711271], [-8.427559, 41.716685], [-8.425516, 41.720095], [-8.429643, 41.719859], [-8.430533, 41.717381], [-8.435927, 41.714441], [-8.439743, 41.71443]]], [[[-8.361248, 41.541997], [-8.373301, 41.535384], [-8.382864, 41.527303], [-8.389993, 41.518333], [-8.393686, 41.509346], [-8.392669, 41.464303], [-8.391836, 41.455291], [-8.388147, 41.446264], [-8.377921, 41.437202], [-8.362334, 41.43129], [-8.326471, 41.427172], [-8.302507, 41.429791], [-8.290488, 41.434422], [-8.278413, 41.44397], [-8.272292, 41.454597], [-8.271356, 41.463599], [-8.273035, 41.472617], [-8.295829, 41.526803], [-8.301388, 41.534078], [-8.313289, 41.542226], [-8.325243, 41.545648], [-8.337222, 41.546721], [-8.361248, 41.541997]], [[-8.361309, 41.535786], [-8.349282, 41.539662], [-8.337282, 41.540831], [-8.325306, 41.539534], [-8.313364, 41.535119], [-8.301475, 41.525964], [-8.291291, 41.50876], [-8.283758, 41.490699], [-8.278788, 41.472653], [-8.27866, 41.463645], [-8.281228, 41.454653], [-8.290384, 41.443963], [-8.302428, 41.437138], [-8.314436, 41.433535], [-8.338388, 41.432192], [-8.362284, 41.436393], [-8.374205, 41.441472], [-8.380236, 41.446222], [-8.386264, 41.455262], [-8.388844, 41.464283], [-8.391192, 41.491318], [-8.389427, 41.509323], [-8.38438, 41.518304], [-8.375719, 41.527264], [-8.361309, 41.535786]]], [[[-8.625108, 41.52457], [-8.621795, 41.528337], [-8.625078, 41.529869], [-8.627479, 41.528355], [-8.625108, 41.52457]]], [[[-8.555133, 41.447031], [-8.550473, 41.447013], [-8.541727, 41.450891], [-8.539245, 41.455976], [-8.541664, 41.459774], [-8.553604, 41.464742], [-8.562795, 41.456068], [-8.555133, 41.447031]]], [[[-8.804187, 41.258419], [-8.793774, 41.25201], [-8.781854, 41.247198], [-8.758, 41.242952], [-8.73413, 41.24326], [-8.6983, 41.249094], [-8.674386, 41.257841], [-8.661493, 41.26724], [-8.65414, 41.276226], [-8.650445, 41.285223], [-8.649358, 41.294227], [-8.651386, 41.303241], [-8.656454, 41.312264], [-8.674034, 41.328419], [-8.697863, 41.343774], [-8.721733, 41.352022], [-8.745635, 41.353901], [-8.769557, 41.350179], [-8.793496, 41.340078], [-8.806996, 41.329732], [-8.804187, 41.258419]], [[-8.769603, 41.337157], [-8.745673, 41.344008], [-8.721768, 41.343833], [-8.697896, 41.336617], [-8.685977, 41.329922], [-8.674422, 41.321324], [-8.665557, 41.312291], [-8.660357, 41.303268], [-8.658236, 41.294254], [-8.659463, 41.28525], [-8.66396, 41.276255], [-8.672395, 41.267272], [-8.686317, 41.259026], [-8.698274, 41.254763], [-8.722164, 41.250625], [-8.746035, 41.250637], [-8.757964, 41.252495], [-8.769888, 41.256134], [-8.781804, 41.262375], [-8.78876, 41.267544], [-8.79622, 41.276565], [-8.800404, 41.28558], [-8.800877, 41.303597], [-8.797458, 41.312599], [-8.791201, 41.321595], [-8.781075, 41.330584], [-8.769603, 41.337157]]]]}}, {"id": "10", "type": "Feature", "properties": {"fill": "#a3a3a3", "value_min": -0.67, "value_max": -0.33}, "geometry": {"type": "MultiPolygon", "coordinates": [[[[-8.039544, 41.829463], [-8.02142, 41.815598], [-8.009463, 41.810228], [-7.997472, 41.807115], [-7.973407, 41.806414], [-7.937221, 41.810773], [-7.92514, 41.813252], [-7.91363, 41.821058], [-7.893625, 41.847887], [-7.889342, 41.856839], [-7.893399, 41.859098], [-7.902374, 41.838965], [-7.912909, 41.82464], [-7.925106, 41.815295], [-7.937191, 41.812584], [-7.961316, 41.809698], [-7.985395, 41.809583], [-7.997392, 41.812248], [-8.009357, 41.817056], [-8.01767, 41.821995], [-8.026778, 41.830262], [-8.030816, 41.82959], [-8.037134, 41.831171], [-8.039544, 41.829463]]], [[[-7.865644, 41.773578], [-7.877751, 41.76922], [-7.881017, 41.766704], [-7.883735, 41.757724], [-7.876337, 41.748645], [-7.866152, 41.744719], [-7.85411, 41.745584], [-7.847704, 41.748361], [-7.840736, 41.757298], [-7.843427, 41.766332], [-7.853634, 41.772335], [-7.865644, 41.773578]], [[-7.877872, 41.762325], [-7.875314, 41.766648], [-7.865696, 41.770608], [-7.853698, 41.768715], [-7.849754, 41.766395], [-7.846256, 41.757353], [-7.854043, 41.749371], [-7.866102, 41.747536], [-7.87799, 41.755548], [-7.879545, 41.757683], [-7.877872, 41.762325]]], [[[-8.445796, 41.705433], [-8.431814, 41.698009], [-8.419811, 41.696436], [-8.407061, 41.698567], [-8.390771, 41.707489], [-8.385274, 41.716467], [-8.384985, 41.725472], [-8.388015, 41.731664], [-8.393033, 41.729852], [-8.396942, 41.730518], [-8.399037, 41.728262], [-8.396073, 41.725531], [-8.395171, 41.716519], [-8.402497, 41.707551], [-8.407716, 41.704791], [-8.419753, 41.702873], [-8.431745, 41.705881], [-8.439743, 41.71443], [-8.441632, 41.713975], [-8.441618, 41.711049], [-8.445796, 41.705433]]], [[[-8.083523, 41.68189], [-8.095548, 41.681121], [-8.097908, 41.678542], [-8.095641, 41.674533], [-8.08363, 41.674354], [-8.08013, 41.678401], [-8.083523, 41.68189]]], [[[-8.32683, 41.55401], [-8.337142, 41.554514], [-8.349148, 41.553076], [-8.361173, 41.549594], [-8.373225, 41.543252], [-8.390449, 41.527343], [-8.395808, 41.518364], [-8.398141, 41.509369], [-8.395436, 41.482333], [-8.396655, 41.446309], [-8.391119, 41.437273], [-8.386247, 41.433877], [-8.371801, 41.428161], [-8.338486, 41.422489], [-8.302597, 41.4214], [-8.290606, 41.423618], [-8.280628, 41.427627], [-8.268579, 41.436559], [-8.26297, 41.44553], [-8.261343, 41.454527], [-8.262935, 41.463545], [-8.277876, 41.492408], [-8.293589, 41.535796], [-8.301276, 41.544504], [-8.313193, 41.5513], [-8.32683, 41.55401]], [[-8.361248, 41.541997], [-8.337222, 41.546721], [-8.325243, 41.545648], [-8.313289, 41.542226], [-8.301388, 41.534078], [-8.295829, 41.526803], [-8.273035, 41.472617], [-8.271356, 41.463599], [-8.272292, 41.454597], [-8.278413, 41.44397], [-8.290488, 41.434422], [-8.302507, 41.429791], [-8.326471, 41.427172], [-8.362334, 41.43129], [-8.377921, 41.437202], [-8.388147, 41.446264], [-8.391836, 41.455291], [-8.392669, 41.464303], [-8.393686, 41.509346], [-8.389993, 41.518333], [-8.382864, 41.527303], [-8.373301, 41.535384], [-8.361248, 41.541997]]], [[[-8.625005, 41.542413], [-8.63701, 41.539565], [-8.63998, 41.537403], [-8.644497, 41.528409], [-8.640817, 41.51939], [-8.625181, 41.512026], [-8.613187, 41.513776], [-8.606015, 41.519276], [-8.604066, 41.528277], [-8.613034, 41.539406], [-8.625005, 41.542413]], [[-8.625108, 41.52457], [-8.627479, 41.528355], [-8.625078, 41.529869], [-8.621795, 41.528337], [-8.625108, 41.52457]]], [[[-8.553541, 41.47397], [-8.565538, 41.470921], [-8.573194, 41.465115], [-8.577204, 41.456122], [-8.575368, 41.447108], [-8.566355, 41.438067], [-8.553814, 41.434144], [-8.541836, 41.4354], [-8.529808, 41.443399], [-8.527287, 41.44692], [-8.525936, 41.455922], [-8.530647, 41.464949], [-8.541578, 41.471925], [-8.553541, 41.47397]], [[-8.555133, 41.447031], [-8.562795, 41.456068], [-8.553604, 41.464742], [-8.541664, 41.459774], [-8.539245, 41.455976], [-8.541727, 41.450891], [-8.550473, 41.447013], [-8.555133, 41.447031]]], [[[-8.803232, 41.234127], [-8.781907, 41.231139], [-8.75804, 41.23206], [-8.698329, 41.242686], [-8.675685, 41.249265], [-8.662458, 41.255918], [-8.649436, 41.267204], [-8.642816, 41.276192], [-8.639144, 41.285188], [-8.637989, 41.294192], [-8.639719, 41.303205], [-8.644936, 41.312229], [-8.654133, 41.321265], [-8.685903, 41.345343], [-8.70975, 41.358674], [-8.733634, 41.365125], [-8.757543, 41.366274], [-8.781466, 41.36346], [-8.807981, 41.354722], [-8.806996, 41.329732], [-8.793496, 41.340078], [-8.769557, 41.350179], [-8.745635, 41.353901], [-8.721733, 41.352022], [-8.697863, 41.343774], [-8.674034, 41.328419], [-8.656454, 41.312264], [-8.651386, 41.303241], [-8.649358, 41.294227], [-8.650445, 41.285223], [-8.65414, 41.276226], [-8.661493, 41.26724], [-8.674386, 41.257841], [-8.6983, 41.249094], [-8.73413, 41.24326], [-8.758, 41.242952], [-8.781854, 41.247198], [-8.793774, 41.25201], [-8.804187, 41.258419], [-8.803232, 41.234127]]]]}}, {"id": "1", "type": "Feature", "properties": {"fill": "#9c1c1c", "value_min": -3.67, "value_max": -3.33}, "geometry": {"type": "MultiPolygon", "coordinates": [[[[-7.864589, 41.833344], [-7.876667, 41.831358], [-7.888845, 41.823527], [-7.894832, 41.811872], [-7.892498, 41.802843], [-7.889258, 41.799604], [-7.877305, 41.794826], [-7.865273, 41.79462], [-7.853181, 41.79774], [-7.844972, 41.802375], [-7.839691, 41.811328], [-7.840908, 41.820347], [-7.849935, 41.829445], [-7.864589, 41.833344]], [[-7.863497, 41.82958], [-7.852683, 41.825652], [-7.846842, 41.820407], [-7.846381, 41.811396], [-7.850827, 41.802433], [-7.853121, 41.801139], [-7.865202, 41.798598], [-7.877236, 41.798759], [-7.889179, 41.804198], [-7.89194, 41.811844], [-7.888915, 41.819446], [-7.876745, 41.82687], [-7.863497, 41.82958]]], [[[-8.115102, 41.69669], [-8.11931, 41.700775], [-8.122623, 41.696748], [-8.119396, 41.694495], [-8.115102, 41.69669]]], [[[-8.51427, 41.599991], [-8.528674, 41.599879], [-8.540709, 41.594898], [-8.545144, 41.59111], [-8.55026, 41.582123], [-8.550223, 41.573116], [-8.545233, 41.564089], [-8.540954, 41.560432], [-8.529002, 41.554771], [-8.517018, 41.553795], [-8.505002, 41.557027], [-8.495325, 41.563881], [-8.489531, 41.572862], [-8.489312, 41.581869], [-8.49493, 41.590901], [-8.504691, 41.597708], [-8.51427, 41.599991]], [[-8.516714, 41.594644], [-8.504745, 41.590739], [-8.49705, 41.581903], [-8.496975, 41.572895], [-8.504964, 41.56205], [-8.51698, 41.558897], [-8.528966, 41.559759], [-8.536674, 41.564055], [-8.543083, 41.573088], [-8.542335, 41.582092], [-8.53316, 41.591062], [-8.528722, 41.593308], [-8.516714, 41.594644]]]]}}, {"id": "0", "type": "Feature", "properties": {"fill": "#881d1d", "value_min": -4.0, "value_max": -3.67}, "geometry": {"type": "MultiPolygon", "coordinates": [[[[-7.863497, 41.82958], [-7.876745, 41.82687], [-7.888915, 41.819446], [-7.89194, 41.811844], [-7.889179, 41.804198], [-7.877236, 41.798759], [-7.865202, 41.798598], [-7.853121, 41.801139], [-7.850827, 41.802433], [-7.846381, 41.811396], [-7.846842, 41.820407], [-7.852683, 41.825652], [-7.863497, 41.82958]]], [[[-8.516714, 41.594644], [-8.528722, 41.593308], [-8.53316, 41.591062], [-8.542335, 41.582092], [-8.543083, 41.573088], [-8.536674, 41.564055], [-8.528966, 41.559759], [-8.51698, 41.558897], [-8.504964, 41.56205], [-8.496975, 41.572895], [-8.49705, 41.581903], [-8.504745, 41.590739], [-8.516714, 41.594644]]]]}}]}