{"type": "FeatureCollection", "features": [{"id": "5", "type": "Feature", "properties": {"fill": "#ea870e", "value_min": -2.33, "value_max": -2.0}, "geometry": {"type": "MultiPolygon", "coordinates": [[[[-7.736636, 41.823556], [-7.762819, 41.819533], [-7.804817, 41.809513], [-7.816801, 41.812482], [-7.835414, 41.829298], [-7.852499, 41.835947], [-7.864533, 41.836494], [-7.876625, 41.833762], [-7.888802, 41.826022], [-7.898057, 41.811903], [-7.898959, 41.802905], [-7.896317, 41.793873], [-7.889487, 41.786353], [-7.877525, 41.782222], [-7.841427, 41.782086], [-7.829432, 41.779961], [-7.824093, 41.775142], [-7.820037, 41.766094], [-7.819562, 41.757082], [-7.824025, 41.748121], [-7.830073, 41.744687], [-7.842152, 41.74174], [-7.854188, 41.741205], [-7.866183, 41.742928], [-7.882611, 41.748706], [-7.890047, 41.753902], [-7.902025, 41.756806], [-7.914069, 41.755926], [-7.929654, 41.749154], [-7.938498, 41.733377], [-7.941611, 41.722244], [-7.941564, 41.713237], [-7.938979, 41.704206], [-7.934221, 41.695155], [-7.926009, 41.686071], [-7.91538, 41.677999], [-7.903469, 41.67195], [-7.892682, 41.668685], [-7.892377, 41.670033], [-7.883969, 41.67069], [-7.879755, 41.673607], [-7.877044, 41.676077], [-7.876723, 41.681253], [-7.874006, 41.684938], [-7.879253, 41.682878], [-7.891292, 41.681469], [-7.903275, 41.683359], [-7.915206, 41.688379], [-7.927046, 41.698946], [-7.933492, 41.713162], [-7.932765, 41.722162], [-7.926491, 41.732328], [-7.914314, 41.741386], [-7.902224, 41.745123], [-7.890215, 41.744129], [-7.859443, 41.730465], [-7.856278, 41.721426], [-7.865536, 41.703504], [-7.865328, 41.694495], [-7.872084, 41.68597], [-7.868896, 41.686413], [-7.867408, 41.683258], [-7.864403, 41.683701], [-7.864096, 41.685276], [-7.860493, 41.685268], [-7.857773, 41.689538], [-7.854776, 41.68818], [-7.847538, 41.695365], [-7.837309, 41.699391], [-7.835792, 41.702763], [-7.839682, 41.705924], [-7.838465, 41.709522], [-7.832453, 41.710407], [-7.825252, 41.708813], [-7.818621, 41.713522], [-7.815291, 41.718689], [-7.808986, 41.717996], [-7.808396, 41.715744], [-7.803298, 41.714154], [-7.790966, 41.717044], [-7.789449, 41.719966], [-7.78464, 41.720402], [-7.78252, 41.723546], [-7.776204, 41.724652], [-7.773786, 41.727346], [-7.770798, 41.72441], [-7.765698, 41.723044], [-7.761765, 41.727758], [-7.762329, 41.734359], [-7.770057, 41.738588], [-7.781024, 41.747673], [-7.788278, 41.756757], [-7.794822, 41.774839], [-7.795238, 41.78385], [-7.792423, 41.792827], [-7.786105, 41.801768], [-7.771389, 41.810618], [-7.756551, 41.815284], [-7.730144, 41.819032], [-7.736636, 41.823556]], [[-7.855967, 41.829505], [-7.8415, 41.820353], [-7.83741, 41.811305], [-7.840297, 41.802327], [-7.853266, 41.793451], [-7.865342, 41.79067], [-7.87736, 41.791682], [-7.889274, 41.798665], [-7.892133, 41.802839], [-7.893406, 41.811858], [-7.889208, 41.820824], [-7.876704, 41.829197], [-7.864627, 41.831181], [-7.855967, 41.829505]]], [[[-7.959191, 41.785453], [-7.950797, 41.776369], [-7.949919, 41.770374], [-7.939734, 41.767261], [-7.949991, 41.766007], [-7.952761, 41.758374], [-7.950171, 41.754929], [-7.938179, 41.752735], [-7.931156, 41.758175], [-7.937667, 41.767242], [-7.932822, 41.776204], [-7.925171, 41.785139], [-7.928441, 41.794177], [-7.937432, 41.797975], [-7.949471, 41.797825], [-7.956497, 41.794435], [-7.959191, 41.785453]]], [[[-8.309289, 41.760927], [-8.313706, 41.75209], [-8.311625, 41.74307], [-8.301105, 41.734], [-8.287232, 41.731168], [-8.275177, 41.733937], [-8.265184, 41.742783], [-8.262946, 41.752002], [-8.267626, 41.760812], [-8.274372, 41.766179], [-8.277073, 41.764088], [-8.280681, 41.764083], [-8.284038, 41.761109], [-8.284931, 41.757507], [-8.287033, 41.756829], [-8.298457, 41.757263], [-8.300866, 41.758835], [-8.305674, 41.758152], [-8.309289, 41.760927]], [[-8.283464, 41.751905], [-8.287059, 41.746872], [-8.289312, 41.751942], [-8.286987, 41.753313], [-8.283464, 41.751905]]], [[[-8.750104, 41.585487], [-8.75101, 41.586228], [-8.756374, 41.582823], [-8.75635, 41.580347], [-8.762327, 41.578514], [-8.764443, 41.580303], [-8.767441, 41.580286], [-8.769874, 41.583874], [-8.768997, 41.58613], [-8.773228, 41.589482], [-8.775371, 41.593972], [-8.78556, 41.593464], [-8.797327, 41.600599], [-8.804218, 41.600109], [-8.80456, 41.604158], [-8.809434, 41.611332], [-8.828644, 41.609656], [-8.82839, 41.585633], [-8.818497, 41.554794], [-8.8221, 41.547542], [-8.821965, 41.534907], [-8.815926, 41.525624], [-8.81063, 41.5101], [-8.813279, 41.503483], [-8.812636, 41.496944], [-8.804699, 41.482068], [-8.798552, 41.474753], [-8.798549, 41.467086], [-8.784009, 41.456696], [-8.752285, 41.438617], [-8.721417, 41.426124], [-8.68556, 41.416654], [-8.613828, 41.405741], [-8.576302, 41.393066], [-8.542688, 41.374922], [-8.53037, 41.365503], [-8.514353, 41.347783], [-8.506759, 41.329735], [-8.506901, 41.320728], [-8.511212, 41.311739], [-8.522604, 41.302779], [-8.554809, 41.288222], [-8.578776, 41.275457], [-8.602764, 41.2577], [-8.618584, 41.240083], [-8.624439, 41.231094], [-8.633515, 41.213108], [-8.638283, 41.194452], [-8.634946, 41.193341], [-8.632526, 41.188624], [-8.625658, 41.186628], [-8.621132, 41.178994], [-8.613374, 41.177451], [-8.608583, 41.174095], [-8.609164, 41.172066], [-8.604942, 41.164881], [-8.599281, 41.164723], [-8.610139, 41.176999], [-8.618269, 41.195042], [-8.620005, 41.213064], [-8.61831, 41.222066], [-8.609395, 41.240052], [-8.602824, 41.247803], [-8.590825, 41.258081], [-8.578842, 41.265282], [-8.566869, 41.270443], [-8.542954, 41.275649], [-8.531008, 41.276455], [-8.507146, 41.27407], [-8.495232, 41.270608], [-8.483338, 41.264892], [-8.472882, 41.257523], [-8.461774, 41.244839], [-8.459989, 41.246644], [-8.454323, 41.246886], [-8.455541, 41.251834], [-8.452276, 41.25522], [-8.449891, 41.255452], [-8.449304, 41.257479], [-8.447812, 41.257258], [-8.449028, 41.261982], [-8.439785, 41.262907], [-8.438023, 41.268989], [-8.434745, 41.269673], [-8.432691, 41.277107], [-8.427032, 41.279372], [-8.429143, 41.284319], [-8.426171, 41.287028], [-8.426488, 41.291079], [-8.425013, 41.294909], [-8.422037, 41.296942], [-8.422647, 41.299867], [-8.407744, 41.304856], [-8.406262, 41.307335], [-8.403277, 41.307342], [-8.401801, 41.311398], [-8.399712, 41.311628], [-8.400316, 41.313202], [-8.396738, 41.314336], [-8.398834, 41.315906], [-8.397054, 41.318612], [-8.394073, 41.319847], [-8.411166, 41.325279], [-8.429878, 41.338388], [-8.443536, 41.35647], [-8.458444, 41.387942], [-8.470307, 41.39999], [-8.494126, 41.413764], [-8.541832, 41.435902], [-8.553301, 41.438017], [-8.553773, 41.440118], [-8.637621, 41.430086], [-8.673529, 41.429623], [-8.697445, 41.434017], [-8.71063, 41.43852], [-8.728503, 41.447571], [-8.740932, 41.456607], [-8.750269, 41.465635], [-8.762983, 41.483677], [-8.770036, 41.501707], [-8.773007, 41.519727], [-8.772088, 41.53774], [-8.767382, 41.555746], [-8.758583, 41.573742], [-8.750104, 41.585487]]], [[[-8.310809, 41.327782], [-8.304632, 41.346707], [-8.302659, 41.36471], [-8.3038, 41.382732], [-8.308082, 41.400773], [-8.314605, 41.417512], [-8.333924, 41.454971], [-8.342482, 41.464027], [-8.349991, 41.468831], [-8.359755, 41.48214], [-8.360581, 41.491152], [-8.345348, 41.518088], [-8.344718, 41.527092], [-8.350189, 41.554145], [-8.365113, 41.599264], [-8.376704, 41.617342], [-8.432082, 41.667588], [-8.444014, 41.676868], [-8.46794, 41.689816], [-8.482012, 41.682123], [-8.484371, 41.674238], [-8.49308, 41.674886], [-8.498766, 41.671729], [-8.468097, 41.670206], [-8.456103, 41.668006], [-8.444126, 41.663872], [-8.432166, 41.658077], [-8.420234, 41.649306], [-8.405539, 41.635509], [-8.398755, 41.626467], [-8.392746, 41.608421], [-8.393355, 41.599417], [-8.396788, 41.587894], [-8.408982, 41.566371], [-8.421033, 41.559983], [-8.444993, 41.562789], [-8.457002, 41.560953], [-8.467918, 41.55475], [-8.473799, 41.54577], [-8.471466, 41.536752], [-8.457272, 41.528636], [-8.445293, 41.527744], [-8.409202, 41.542228], [-8.397275, 41.535515], [-8.385409, 41.522649], [-8.379622, 41.509271], [-8.37802, 41.500255], [-8.370506, 41.437162], [-8.363568, 41.428116], [-8.338576, 41.41363], [-8.326717, 41.403379], [-8.318885, 41.39183], [-8.315412, 41.382802], [-8.313964, 41.373786], [-8.315202, 41.360646], [-8.320738, 41.346803], [-8.324569, 41.341657], [-8.316788, 41.335876], [-8.313802, 41.336331], [-8.310809, 41.327782]]], [[[-8.511072, 41.671358], [-8.509271, 41.671439], [-8.51018, 41.672806], [-8.511072, 41.671358]]], [[[-8.508971, 41.671452], [-8.508971, 41.671452], [-8.508813, 41.67146], [-8.508971, 41.671452]]], [[[-8.508671, 41.671466], [-8.508671, 41.671466], [-8.50597, 41.671588], [-8.508671, 41.671466]]], [[[-8.503269, 41.67168], [-8.503269, 41.67168], [-8.501768, 41.671696], [-8.503269, 41.67168]]], [[[-8.109712, 41.524988], [-8.104402, 41.525471], [-8.109684, 41.52701], [-8.109712, 41.524988]]], [[[-8.553719, 41.447896], [-8.543973, 41.455995], [-8.553643, 41.459049], [-8.55774, 41.456049], [-8.553719, 41.447896]]], [[[-8.707341, 41.195303], [-8.702555, 41.186283], [-8.698603, 41.183043], [-8.686692, 41.180481], [-8.674754, 41.183601], [-8.670787, 41.186196], [-8.667114, 41.195194], [-8.672264, 41.204216], [-8.686556, 41.20906], [-8.698492, 41.207169], [-8.703241, 41.2043], [-8.707341, 41.195303]]]]}}, {"id": "4", "type": "Feature", "properties": {"fill": "#d75e13", "value_min": -2.67, "value_max": -2.33}, "geometry": {"type": "MultiPolygon", "coordinates": [[[[-7.855967, 41.829505], [-7.864627, 41.831181], [-7.876704, 41.829197], [-7.889208, 41.820824], [-7.893406, 41.811858], [-7.892133, 41.802839], [-7.889274, 41.798665], [-7.87736, 41.791682], [-7.865342, 41.79067], [-7.853266, 41.793451], [-7.840297, 41.802327], [-7.83741, 41.811305], [-7.8415, 41.820353], [-7.855967, 41.829505]], [[-7.86472, 41.825904], [-7.852732, 41.820466], [-7.848382, 41.811416], [-7.853388, 41.802459], [-7.865228, 41.797171], [-7.877252, 41.79784], [-7.884485, 41.802765], [-7.888651, 41.811812], [-7.882837, 41.820763], [-7.876782, 41.824761], [-7.86472, 41.825904]]], [[[-7.730144, 41.819032], [-7.756551, 41.815284], [-7.771389, 41.810618], [-7.786105, 41.801768], [-7.792423, 41.792827], [-7.795238, 41.78385], [-7.794822, 41.774839], [-7.788278, 41.756757], [-7.781024, 41.747673], [-7.770057, 41.738588], [-7.762329, 41.734359], [-7.759307, 41.737203], [-7.759597, 41.739005], [-7.75689, 41.739446], [-7.758673, 41.743053], [-7.754625, 41.746866], [-7.769723, 41.75609], [-7.777899, 41.765653], [-7.781416, 41.774698], [-7.782326, 41.783714], [-7.779726, 41.792693], [-7.772606, 41.801624], [-7.756654, 41.809962], [-7.744557, 41.812947], [-7.728177, 41.813962], [-7.730144, 41.819032]]], [[[-8.283464, 41.751905], [-8.286987, 41.753313], [-8.289312, 41.751942], [-8.287059, 41.746872], [-8.283464, 41.751905]]], [[[-7.872084, 41.68597], [-7.865328, 41.694495], [-7.865536, 41.703504], [-7.856278, 41.721426], [-7.859443, 41.730465], [-7.890215, 41.744129], [-7.902224, 41.745123], [-7.914314, 41.741386], [-7.926491, 41.732328], [-7.932765, 41.722162], [-7.933492, 41.713162], [-7.927046, 41.698946], [-7.915206, 41.688379], [-7.903275, 41.683359], [-7.891292, 41.681469], [-7.879253, 41.682878], [-7.874006, 41.684938], [-7.872084, 41.68597]], [[-7.902336, 41.738555], [-7.890317, 41.738202], [-7.878369, 41.733782], [-7.872924, 41.730598], [-7.868102, 41.721543], [-7.87384, 41.703586], [-7.879017, 41.696465], [-7.891134, 41.69067], [-7.903142, 41.691203], [-7.915069, 41.696536], [-7.922773, 41.704055], [-7.926305, 41.713095], [-7.925313, 41.722093], [-7.918801, 41.731038], [-7.914433, 41.734306], [-7.902336, 41.738555]]], [[[-8.750104, 41.585487], [-8.758583, 41.573742], [-8.767382, 41.555746], [-8.772088, 41.53774], [-8.773007, 41.519727], [-8.770036, 41.501707], [-8.762983, 41.483677], [-8.750269, 41.465635], [-8.740932, 41.456607], [-8.728503, 41.447571], [-8.71063, 41.43852], [-8.697445, 41.434017], [-8.673529, 41.429623], [-8.637621, 41.430086], [-8.553773, 41.440118], [-8.553301, 41.438017], [-8.541832, 41.435902], [-8.494126, 41.413764], [-8.470307, 41.39999], [-8.458444, 41.387942], [-8.443536, 41.35647], [-8.429878, 41.338388], [-8.411166, 41.325279], [-8.394073, 41.319847], [-8.393489, 41.323122], [-8.391105, 41.324253], [-8.386325, 41.323588], [-8.380382, 41.331254], [-8.375305, 41.33104], [-8.37201, 41.328346], [-8.361563, 41.329718], [-8.358276, 41.329049], [-8.357673, 41.327249], [-8.350207, 41.327264], [-8.346032, 41.328847], [-8.342462, 41.333131], [-8.333215, 41.336299], [-8.326363, 41.342163], [-8.324569, 41.341657], [-8.320738, 41.346803], [-8.315202, 41.360646], [-8.313964, 41.373786], [-8.315412, 41.382802], [-8.318885, 41.39183], [-8.326717, 41.403379], [-8.338576, 41.41363], [-8.363568, 41.428116], [-8.370506, 41.437162], [-8.37802, 41.500255], [-8.379622, 41.509271], [-8.385409, 41.522649], [-8.397275, 41.535515], [-8.409202, 41.542228], [-8.445293, 41.527744], [-8.457272, 41.528636], [-8.471466, 41.536752], [-8.473799, 41.54577], [-8.467918, 41.55475], [-8.457002, 41.560953], [-8.444993, 41.562789], [-8.421033, 41.559983], [-8.408982, 41.566371], [-8.396788, 41.587894], [-8.393355, 41.599417], [-8.392746, 41.608421], [-8.398755, 41.626467], [-8.405539, 41.635509], [-8.420234, 41.649306], [-8.432166, 41.658077], [-8.444126, 41.663872], [-8.456103, 41.668006], [-8.468097, 41.670206], [-8.498766, 41.671729], [-8.501768, 41.671696], [-8.503269, 41.67168], [-8.50597, 41.671588], [-8.508671, 41.671466], [-8.508813, 41.67146], [-8.508971, 41.671452], [-8.509271, 41.671439], [-8.511072, 41.671358], [-8.511967, 41.670324], [-8.509856, 41.668755], [-8.512252, 41.667847], [-8.514629, 41.663788], [-8.522103, 41.658811], [-8.525706, 41.659023], [-8.527769, 41.652714], [-8.534066, 41.652017], [-8.537951, 41.649302], [-8.537634, 41.646602], [-8.543876, 41.637352], [-8.543855, 41.633976], [-8.539345, 41.632514], [-8.516372, 41.640422], [-8.487176, 41.653917], [-8.468197, 41.658085], [-8.456185, 41.658241], [-8.444193, 41.656119], [-8.432225, 41.651287], [-8.422486, 41.644603], [-8.413138, 41.635549], [-8.408191, 41.626516], [-8.406357, 41.617499], [-8.408454, 41.608503], [-8.414586, 41.599527], [-8.420728, 41.594039], [-8.43278, 41.588059], [-8.456838, 41.580552], [-8.4689, 41.572444], [-8.492708, 41.545855], [-8.499379, 41.536876], [-8.502501, 41.527883], [-8.493266, 41.524325], [-8.481296, 41.522278], [-8.469367, 41.51536], [-8.457423, 41.510618], [-8.421434, 41.515021], [-8.409469, 41.512828], [-8.397555, 41.505313], [-8.389381, 41.491308], [-8.387762, 41.473285], [-8.389894, 41.464289], [-8.395051, 41.455308], [-8.410102, 41.44312], [-8.422105, 41.439489], [-8.43408, 41.438882], [-8.446036, 41.440578], [-8.460504, 41.446626], [-8.472641, 41.45569], [-8.479846, 41.46473], [-8.493163, 41.491812], [-8.517282, 41.518353], [-8.541272, 41.515368], [-8.553284, 41.511325], [-8.565312, 41.504672], [-8.596102, 41.483212], [-8.624359, 41.456286], [-8.637517, 41.448718], [-8.649511, 41.44474], [-8.661491, 41.442933], [-8.673462, 41.443018], [-8.685423, 41.444983], [-8.697375, 41.449098], [-8.709316, 41.455977], [-8.719341, 41.465564], [-8.724877, 41.474585], [-8.727746, 41.483599], [-8.727304, 41.501613], [-8.7156, 41.528607], [-8.695639, 41.555578], [-8.68484, 41.565244], [-8.672361, 41.573529], [-8.660779, 41.57945], [-8.612691, 41.596909], [-8.58063, 41.615628], [-8.585766, 41.620988], [-8.591462, 41.620515], [-8.596534, 41.616668], [-8.601628, 41.615972], [-8.603996, 41.611686], [-8.613256, 41.606696], [-8.619881, 41.610269], [-8.621338, 41.604636], [-8.628833, 41.604378], [-8.636302, 41.600744], [-8.64075, 41.594422], [-8.645536, 41.593051], [-8.646744, 41.594171], [-8.649125, 41.591909], [-8.656622, 41.5921], [-8.660788, 41.588255], [-8.663794, 41.589141], [-8.665265, 41.585758], [-8.66948, 41.587989], [-8.684455, 41.586117], [-8.685608, 41.58071], [-8.697261, 41.576376], [-8.701703, 41.570277], [-8.707704, 41.570923], [-8.712485, 41.569323], [-8.716422, 41.573805], [-8.720316, 41.57356], [-8.725151, 41.577811], [-8.726633, 41.576003], [-8.734424, 41.575737], [-8.736564, 41.580228], [-8.738354, 41.579318], [-8.740778, 41.582006], [-8.74467, 41.581535], [-8.746796, 41.58445], [-8.750104, 41.585487]], [[-8.553719, 41.447896], [-8.55774, 41.456049], [-8.553643, 41.459049], [-8.543973, 41.455995], [-8.553719, 41.447896]], [[-8.374542, 41.406414], [-8.36258, 41.406131], [-8.350645, 41.403286], [-8.338744, 41.397054], [-8.327172, 41.382871], [-8.325114, 41.373852], [-8.32714, 41.362323], [-8.330595, 41.355869], [-8.339251, 41.347015], [-8.351265, 41.340889], [-8.363239, 41.338611], [-8.375188, 41.338934], [-8.387111, 41.341977], [-8.396734, 41.347227], [-8.406276, 41.356284], [-8.410602, 41.365314], [-8.411966, 41.374328], [-8.410114, 41.383326], [-8.405048, 41.392308], [-8.39301, 41.401253], [-8.386527, 41.404115], [-8.374542, 41.406414]]], [[[-8.461774, 41.244839], [-8.472882, 41.257523], [-8.483338, 41.264892], [-8.495232, 41.270608], [-8.507146, 41.27407], [-8.531008, 41.276455], [-8.542954, 41.275649], [-8.566869, 41.270443], [-8.578842, 41.265282], [-8.590825, 41.258081], [-8.602824, 41.247803], [-8.609395, 41.240052], [-8.61831, 41.222066], [-8.620005, 41.213064], [-8.618269, 41.195042], [-8.610139, 41.176999], [-8.599281, 41.164723], [-8.589766, 41.167193], [-8.589194, 41.170572], [-8.584155, 41.174155], [-8.591319, 41.17885], [-8.603159, 41.192519], [-8.608329, 41.204017], [-8.60981, 41.21303], [-8.606139, 41.231033], [-8.600425, 41.240021], [-8.590879, 41.249456], [-8.578896, 41.256811], [-8.566929, 41.261456], [-8.554975, 41.263882], [-8.531102, 41.263378], [-8.519187, 41.260314], [-8.50729, 41.254843], [-8.498268, 41.248629], [-8.487856, 41.236207], [-8.484411, 41.240495], [-8.476346, 41.237818], [-8.475756, 41.23917], [-8.470986, 41.23941], [-8.471604, 41.243459], [-8.469227, 41.245267], [-8.461774, 41.244839]]]]}}, {"id": "3", "type": "Feature", "properties": {"fill": "#c33119", "value_min": -3.0, "value_max": -2.67}, "geometry": {"type": "MultiPolygon", "coordinates": [[[[-7.86472, 41.825904], [-7.876782, 41.824761], [-7.882837, 41.820763], [-7.888651, 41.811812], [-7.884485, 41.802765], [-7.877252, 41.79784], [-7.865228, 41.797171], [-7.853388, 41.802459], [-7.848382, 41.811416], [-7.852732, 41.820466], [-7.86472, 41.825904]], [[-7.864684, 41.820585], [-7.857738, 41.811509], [-7.865121, 41.803225], [-7.877149, 41.803759], [-7.882388, 41.811752], [-7.876867, 41.819888], [-7.864684, 41.820585]]], [[[-7.728177, 41.813962], [-7.744557, 41.812947], [-7.756654, 41.809962], [-7.772606, 41.801624], [-7.779726, 41.792693], [-7.782326, 41.783714], [-7.781416, 41.774698], [-7.777899, 41.765653], [-7.769723, 41.75609], [-7.754625, 41.746866], [-7.748417, 41.749321], [-7.747487, 41.754116], [-7.757648, 41.758471], [-7.769455, 41.770123], [-7.772084, 41.774598], [-7.773561, 41.783621], [-7.770638, 41.792596], [-7.761907, 41.801509], [-7.756764, 41.804287], [-7.74465, 41.808165], [-7.727608, 41.808673], [-7.728177, 41.813962]]], [[[-7.902336, 41.738555], [-7.914433, 41.734306], [-7.918801, 41.731038], [-7.925313, 41.722093], [-7.926305, 41.713095], [-7.922773, 41.704055], [-7.915069, 41.696536], [-7.903142, 41.691203], [-7.891134, 41.69067], [-7.879017, 41.696465], [-7.87384, 41.703586], [-7.868102, 41.721543], [-7.872924, 41.730598], [-7.878369, 41.733782], [-7.890317, 41.738202], [-7.902336, 41.738555]], [[-7.890389, 41.734031], [-7.87848, 41.727402], [-7.873895, 41.7216], [-7.875032, 41.712604], [-7.881332, 41.703659], [-7.891021, 41.697276], [-7.903039, 41.697279], [-7.915355, 41.703985], [-7.920731, 41.713043], [-7.919609, 41.722039], [-7.914544, 41.727741], [-7.90241, 41.734212], [-7.890389, 41.734031]]], [[[-8.58063, 41.615628], [-8.612691, 41.596909], [-8.660779, 41.57945], [-8.672361, 41.573529], [-8.68484, 41.565244], [-8.695639, 41.555578], [-8.7156, 41.528607], [-8.727304, 41.501613], [-8.727746, 41.483599], [-8.724877, 41.474585], [-8.719341, 41.465564], [-8.709316, 41.455977], [-8.697375, 41.449098], [-8.685423, 41.444983], [-8.673462, 41.443018], [-8.661491, 41.442933], [-8.649511, 41.44474], [-8.637517, 41.448718], [-8.624359, 41.456286], [-8.596102, 41.483212], [-8.565312, 41.504672], [-8.553284, 41.511325], [-8.541272, 41.515368], [-8.517282, 41.518353], [-8.493163, 41.491812], [-8.479846, 41.46473], [-8.472641, 41.45569], [-8.460504, 41.446626], [-8.446036, 41.440578], [-8.43408, 41.438882], [-8.422105, 41.439489], [-8.410102, 41.44312], [-8.395051, 41.455308], [-8.389894, 41.464289], [-8.387762, 41.473285], [-8.389381, 41.491308], [-8.397555, 41.505313], [-8.409469, 41.512828], [-8.421434, 41.515021], [-8.457423, 41.510618], [-8.469367, 41.51536], [-8.481296, 41.522278], [-8.493266, 41.524325], [-8.502501, 41.527883], [-8.499379, 41.536876], [-8.492708, 41.545855], [-8.4689, 41.572444], [-8.456838, 41.580552], [-8.43278, 41.588059], [-8.420728, 41.594039], [-8.414586, 41.599527], [-8.408454, 41.608503], [-8.406357, 41.617499], [-8.408191, 41.626516], [-8.413138, 41.635549], [-8.422486, 41.644603], [-8.432225, 41.651287], [-8.444193, 41.656119], [-8.456185, 41.658241], [-8.468197, 41.658085], [-8.487176, 41.653917], [-8.516372, 41.640422], [-8.539345, 41.632514], [-8.536342, 41.631977], [-8.535128, 41.62973], [-8.543431, 41.61462], [-8.554533, 41.615255], [-8.557244, 41.617046], [-8.562639, 41.61635], [-8.567756, 41.619032], [-8.570735, 41.616095], [-8.576721, 41.614271], [-8.58063, 41.615628]], [[-8.456251, 41.650488], [-8.444247, 41.649823], [-8.432275, 41.645571], [-8.420131, 41.635584], [-8.415596, 41.626554], [-8.415921, 41.617548], [-8.421767, 41.608571], [-8.432662, 41.601506], [-8.444687, 41.598605], [-8.480686, 41.598514], [-8.485332, 41.572844], [-8.49297, 41.562183], [-8.505035, 41.552727], [-8.517058, 41.548456], [-8.529054, 41.547636], [-8.541031, 41.549505], [-8.552966, 41.555112], [-8.562403, 41.564156], [-8.564984, 41.573173], [-8.564225, 41.582177], [-8.559925, 41.591168], [-8.549869, 41.600136], [-8.540637, 41.605097], [-8.528612, 41.608396], [-8.504602, 41.609431], [-8.492567, 41.613612], [-8.490333, 41.62691], [-8.485814, 41.635897], [-8.475153, 41.644856], [-8.468281, 41.647895], [-8.456251, 41.650488]], [[-8.636937, 41.552643], [-8.624937, 41.55415], [-8.612954, 41.552783], [-8.59945, 41.546276], [-8.592179, 41.537243], [-8.590563, 41.52823], [-8.592835, 41.519231], [-8.601231, 41.509246], [-8.625267, 41.497068], [-8.631713, 41.492339], [-8.635664, 41.474337], [-8.642037, 41.46535], [-8.649427, 41.460227], [-8.660353, 41.456398], [-8.673397, 41.455966], [-8.685352, 41.459638], [-8.694203, 41.4655], [-8.70024, 41.474523], [-8.701162, 41.483533], [-8.697169, 41.493395], [-8.685135, 41.504432], [-8.673123, 41.510504], [-8.666482, 41.519468], [-8.659794, 41.537463], [-8.650673, 41.546443], [-8.636937, 41.552643]], [[-8.42153, 41.504138], [-8.409584, 41.500248], [-8.400381, 41.491366], [-8.39748, 41.482343], [-8.398716, 41.473342], [-8.404875, 41.464367], [-8.409948, 41.460099], [-8.421958, 41.456016], [-8.433932, 41.455952], [-8.445873, 41.45977], [-8.452449, 41.464603], [-8.458076, 41.473637], [-8.458411, 41.482646], [-8.454035, 41.491633], [-8.445543, 41.498408], [-8.433519, 41.503394], [-8.42153, 41.504138]]], [[[-8.374542, 41.406414], [-8.386527, 41.404115], [-8.39301, 41.401253], [-8.405048, 41.392308], [-8.410114, 41.383326], [-8.411966, 41.374328], [-8.410602, 41.365314], [-8.406276, 41.356284], [-8.396734, 41.347227], [-8.387111, 41.341977], [-8.375188, 41.338934], [-8.363239, 41.338611], [-8.351265, 41.340889], [-8.339251, 41.347015], [-8.330595, 41.355869], [-8.32714, 41.362323], [-8.325114, 41.373852], [-8.327172, 41.382871], [-8.338744, 41.397054], [-8.350645, 41.403286], [-8.36258, 41.406131], [-8.374542, 41.406414]], [[-8.3627, 41.393888], [-8.350765, 41.391188], [-8.340254, 41.382947], [-8.337015, 41.373921], [-8.339077, 41.364925], [-8.349251, 41.355976], [-8.363105, 41.352381], [-8.375042, 41.354216], [-8.378977, 41.35614], [-8.389107, 41.365202], [-8.391262, 41.374221], [-8.386713, 41.384362], [-8.374678, 41.392237], [-8.3627, 41.393888]]], [[[-8.487856, 41.236207], [-8.498268, 41.248629], [-8.50729, 41.254843], [-8.519187, 41.260314], [-8.531102, 41.263378], [-8.554975, 41.263882], [-8.566929, 41.261456], [-8.578896, 41.256811], [-8.590879, 41.249456], [-8.600425, 41.240021], [-8.606139, 41.231033], [-8.60981, 41.21303], [-8.608329, 41.204017], [-8.603159, 41.192519], [-8.591319, 41.17885], [-8.584155, 41.174155], [-8.582094, 41.177803], [-8.578825, 41.178941], [-8.580057, 41.185689], [-8.591222, 41.194349], [-8.597738, 41.20398], [-8.600588, 41.212998], [-8.600588, 41.222006], [-8.597639, 41.231004], [-8.591294, 41.239989], [-8.578946, 41.249052], [-8.56698, 41.253642], [-8.555031, 41.255525], [-8.543097, 41.255154], [-8.53118, 41.252435], [-8.519287, 41.246656], [-8.51061, 41.239674], [-8.504274, 41.230639], [-8.501786, 41.222883], [-8.495642, 41.222227], [-8.495947, 41.223351], [-8.490894, 41.226294], [-8.487935, 41.230354], [-8.490333, 41.232598], [-8.487856, 41.236207]]], [[[-8.501381, 41.217031], [-8.501382, 41.21433], [-8.500076, 41.21546], [-8.501381, 41.217031]]]]}}, {"id": "1", "type": "Feature", "properties": {"fill": "#9c1c1c", "value_min": -3.67, "value_max": -3.33}, "geometry": {"type": "MultiPolygon", "coordinates": [[[[-7.727041, 41.803102], [-7.73269, 41.804223], [-7.744746, 41.803285], [-7.756891, 41.797687], [-7.762508, 41.792509], [-7.765601, 41.783536], [-7.763344, 41.774504], [-7.757472, 41.767624], [-7.745565, 41.761273], [-7.742036, 41.760827], [-7.73478, 41.767546], [-7.745418, 41.768825], [-7.753819, 41.774402], [-7.758144, 41.783455], [-7.753698, 41.792414], [-7.744859, 41.797487], [-7.732802, 41.798536], [-7.725884, 41.795852], [-7.728879, 41.797871], [-7.727041, 41.803102]]], [[[-7.72584, 41.795835], [-7.72584, 41.795835], [-7.725584, 41.795735], [-7.72584, 41.795835]]], [[[-7.914741, 41.71601], [-7.914802, 41.712404], [-7.905968, 41.703896], [-7.902954, 41.70227], [-7.890932, 41.702465], [-7.880115, 41.712654], [-7.879629, 41.721656], [-7.89046, 41.729884], [-7.902483, 41.729939], [-7.913907, 41.721985], [-7.914741, 41.71601]], [[-7.89053, 41.725823], [-7.885115, 41.72171], [-7.885435, 41.712706], [-7.890843, 41.707617], [-7.902865, 41.707513], [-7.908986, 41.712932], [-7.908242, 41.721932], [-7.902552, 41.725893], [-7.89053, 41.725823]]], [[[-8.473604, 41.626834], [-8.468545, 41.615706], [-8.45661, 41.608741], [-8.444611, 41.607426], [-8.432579, 41.610937], [-8.425299, 41.617596], [-8.423023, 41.626591], [-8.427615, 41.635622], [-8.432329, 41.639517], [-8.444297, 41.64401], [-8.456311, 41.643325], [-8.468373, 41.636743], [-8.473604, 41.626834]], [[-8.438424, 41.635675], [-8.430595, 41.626629], [-8.432481, 41.622166], [-8.437547, 41.617656], [-8.444545, 41.615104], [-8.455658, 41.617743], [-8.461567, 41.626778], [-8.456378, 41.635306], [-8.44435, 41.637902], [-8.438424, 41.635675]]], [[[-8.540788, 41.583768], [-8.543384, 41.573089], [-8.536932, 41.564056], [-8.528964, 41.559995], [-8.516979, 41.558993], [-8.504953, 41.563435], [-8.49768, 41.572898], [-8.497976, 41.581907], [-8.504752, 41.589823], [-8.516719, 41.593961], [-8.528728, 41.592555], [-8.540788, 41.583768]], [[-8.513565, 41.572967], [-8.516891, 41.570823], [-8.522613, 41.573005], [-8.51683, 41.579045], [-8.513565, 41.572967]]], [[[-8.445674, 41.483084], [-8.443481, 41.473568], [-8.433836, 41.46697], [-8.421867, 41.466341], [-8.409831, 41.473032], [-8.406818, 41.482392], [-8.412181, 41.491427], [-8.421604, 41.495868], [-8.433593, 41.494924], [-8.439605, 41.491564], [-8.445674, 41.483084]], [[-8.421699, 41.485221], [-8.419132, 41.482455], [-8.421757, 41.478624], [-8.433992, 41.482529], [-8.421699, 41.485221]]], [[[-8.362938, 41.369504], [-8.356566, 41.374032], [-8.362853, 41.378178], [-8.368173, 41.374096], [-8.362938, 41.369504]]], [[[-8.524948, 41.201422], [-8.517529, 41.21268], [-8.516864, 41.221685], [-8.520121, 41.230707], [-8.531259, 41.241473], [-8.543159, 41.246316], [-8.555084, 41.247748], [-8.56703, 41.246106], [-8.578998, 41.240964], [-8.588815, 41.230972], [-8.592185, 41.221976], [-8.591556, 41.212966], [-8.58653, 41.203941], [-8.576255, 41.19547], [-8.576894, 41.201908], [-8.574515, 41.202593], [-8.57423, 41.20462], [-8.571521, 41.204405], [-8.580891, 41.212928], [-8.58241, 41.221941], [-8.578499, 41.230935], [-8.567084, 41.237904], [-8.555139, 41.23966], [-8.543229, 41.236249], [-8.535615, 41.23077], [-8.531139, 41.221744], [-8.532908, 41.213099], [-8.529858, 41.210859], [-8.529539, 41.207259], [-8.524948, 41.201422]]]]}}, {"id": "2", "type": "Feature", "properties": {"fill": "#ae1c1c", "value_min": -3.33, "value_max": -3.0}, "geometry": {"type": "MultiPolygon", "coordinates": [[[[-7.864684, 41.820585], [-7.876867, 41.819888], [-7.882388, 41.811752], [-7.877149, 41.803759], [-7.865121, 41.803225], [-7.857738, 41.811509], [-7.864684, 41.820585]]], [[[-7.727608, 41.808673], [-7.74465, 41.808165], [-7.756764, 41.804287], [-7.761907, 41.801509], [-7.770638, 41.792596], [-7.773561, 41.783621], [-7.772084, 41.774598], [-7.769455, 41.770123], [-7.757648, 41.758471], [-7.747487, 41.754116], [-7.743866, 41.756509], [-7.742036, 41.760827], [-7.745565, 41.761273], [-7.757472, 41.767624], [-7.763344, 41.774504], [-7.765601, 41.783536], [-7.762508, 41.792509], [-7.756891, 41.797687], [-7.744746, 41.803285], [-7.73269, 41.804223], [-7.727041, 41.803102], [-7.727608, 41.808673]]], [[[-7.890389, 41.734031], [-7.90241, 41.734212], [-7.914544, 41.727741], [-7.919609, 41.722039], [-7.920731, 41.713043], [-7.915355, 41.703985], [-7.903039, 41.697279], [-7.891021, 41.697276], [-7.881332, 41.703659], [-7.875032, 41.712604], [-7.873895, 41.7216], [-7.87848, 41.727402], [-7.890389, 41.734031]], [[-7.914741, 41.71601], [-7.913907, 41.721985], [-7.902483, 41.729939], [-7.89046, 41.729884], [-7.879629, 41.721656], [-7.880115, 41.712654], [-7.890932, 41.702465], [-7.902954, 41.70227], [-7.905968, 41.703896], [-7.914802, 41.712404], [-7.914741, 41.71601]]], [[[-8.456251, 41.650488], [-8.468281, 41.647895], [-8.475153, 41.644856], [-8.485814, 41.635897], [-8.490333, 41.62691], [-8.492567, 41.613612], [-8.504602, 41.609431], [-8.528612, 41.608396], [-8.540637, 41.605097], [-8.549869, 41.600136], [-8.559925, 41.591168], [-8.564225, 41.582177], [-8.564984, 41.573173], [-8.562403, 41.564156], [-8.552966, 41.555112], [-8.541031, 41.549505], [-8.529054, 41.547636], [-8.517058, 41.548456], [-8.505035, 41.552727], [-8.49297, 41.562183], [-8.485332, 41.572844], [-8.480686, 41.598514], [-8.444687, 41.598605], [-8.432662, 41.601506], [-8.421767, 41.608571], [-8.415921, 41.617548], [-8.415596, 41.626554], [-8.420131, 41.635584], [-8.432275, 41.645571], [-8.444247, 41.649823], [-8.456251, 41.650488]], [[-8.473604, 41.626834], [-8.468373, 41.636743], [-8.456311, 41.643325], [-8.444297, 41.64401], [-8.432329, 41.639517], [-8.427615, 41.635622], [-8.423023, 41.626591], [-8.425299, 41.617596], [-8.432579, 41.610937], [-8.444611, 41.607426], [-8.45661, 41.608741], [-8.468545, 41.615706], [-8.473604, 41.626834]], [[-8.540788, 41.583768], [-8.528728, 41.592555], [-8.516719, 41.593961], [-8.504752, 41.589823], [-8.497976, 41.581907], [-8.49768, 41.572898], [-8.504953, 41.563435], [-8.516979, 41.558993], [-8.528964, 41.559995], [-8.536932, 41.564056], [-8.543384, 41.573089], [-8.540788, 41.583768]]], [[[-8.636937, 41.552643], [-8.650673, 41.546443], [-8.659794, 41.537463], [-8.666482, 41.519468], [-8.673123, 41.510504], [-8.685135, 41.504432], [-8.697169, 41.493395], [-8.701162, 41.483533], [-8.70024, 41.474523], [-8.694203, 41.4655], [-8.685352, 41.459638], [-8.673397, 41.455966], [-8.660353, 41.456398], [-8.649427, 41.460227], [-8.642037, 41.46535], [-8.635664, 41.474337], [-8.631713, 41.492339], [-8.625267, 41.497068], [-8.601231, 41.509246], [-8.592835, 41.519231], [-8.590563, 41.52823], [-8.592179, 41.537243], [-8.59945, 41.546276], [-8.612954, 41.552783], [-8.624937, 41.55415], [-8.636937, 41.552643]]], [[[-8.42153, 41.504138], [-8.433519, 41.503394], [-8.445543, 41.498408], [-8.454035, 41.491633], [-8.458411, 41.482646], [-8.458076, 41.473637], [-8.452449, 41.464603], [-8.445873, 41.45977], [-8.433932, 41.455952], [-8.421958, 41.456016], [-8.409948, 41.460099], [-8.404875, 41.464367], [-8.398716, 41.473342], [-8.39748, 41.482343], [-8.400381, 41.491366], [-8.409584, 41.500248], [-8.42153, 41.504138]], [[-8.445674, 41.483084], [-8.439605, 41.491564], [-8.433593, 41.494924], [-8.421604, 41.495868], [-8.412181, 41.491427], [-8.406818, 41.482392], [-8.409831, 41.473032], [-8.421867, 41.466341], [-8.433836, 41.46697], [-8.443481, 41.473568], [-8.445674, 41.483084]]], [[[-8.3627, 41.393888], [-8.374678, 41.392237], [-8.386713, 41.384362], [-8.391262, 41.374221], [-8.389107, 41.365202], [-8.378977, 41.35614], [-8.375042, 41.354216], [-8.363105, 41.352381], [-8.349251, 41.355976], [-8.339077, 41.364925], [-8.337015, 41.373921], [-8.340254, 41.382947], [-8.350765, 41.391188], [-8.3627, 41.393888]], [[-8.362938, 41.369504], [-8.368173, 41.374096], [-8.362853, 41.378178], [-8.356566, 41.374032], [-8.362938, 41.369504]]], [[[-8.501786, 41.222883], [-8.504274, 41.230639], [-8.51061, 41.239674], [-8.519287, 41.246656], [-8.53118, 41.252435], [-8.543097, 41.255154], [-8.555031, 41.255525], [-8.56698, 41.253642], [-8.578946, 41.249052], [-8.591294, 41.239989], [-8.597639, 41.231004], [-8.600588, 41.222006], [-8.600588, 41.212998], [-8.597738, 41.20398], [-8.591222, 41.194349], [-8.580057, 41.185689], [-8.581296, 41.191762], [-8.576255, 41.19547], [-8.58653, 41.203941], [-8.591556, 41.212966], [-8.592185, 41.221976], [-8.588815, 41.230972], [-8.578998, 41.240964], [-8.56703, 41.246106], [-8.555084, 41.247748], [-8.543159, 41.246316], [-8.531259, 41.241473], [-8.520121, 41.230707], [-8.516864, 41.221685], [-8.517529, 41.21268], [-8.524948, 41.201422], [-8.520554, 41.200086], [-8.51163, 41.203042], [-8.510456, 41.206197], [-8.505693, 41.207113], [-8.504239, 41.213646], [-8.501382, 41.21433], [-8.501381, 41.217031], [-8.50308, 41.219502], [-8.501786, 41.222883]]]]}}, {"id": "0", "type": "Feature", "properties": {"fill": "#881d1d", "value_min": -4.0, "value_max": -3.67}, "geometry": {"type": "MultiPolygon", "coordinates": [[[[-7.725884, 41.795852], [-7.732802, 41.798536], [-7.744859, 41.797487], [-7.753698, 41.792414], [-7.758144, 41.783455], [-7.753819, 41.774402], [-7.745418, 41.768825], [-7.73478, 41.767546], [-7.726937, 41.771755], [-7.725406, 41.776252], [-7.727191, 41.779184], [-7.724177, 41.780299], [-7.725372, 41.781653], [-7.722296, 41.792446], [-7.725584, 41.795735], [-7.72584, 41.795835], [-7.725884, 41.795852]]], [[[-7.89053, 41.725823], [-7.902552, 41.725893], [-7.908242, 41.721932], [-7.908986, 41.712932], [-7.902865, 41.707513], [-7.890843, 41.707617], [-7.885435, 41.712706], [-7.885115, 41.72171], [-7.89053, 41.725823]]], [[[-8.438424, 41.635675], [-8.44435, 41.637902], [-8.456378, 41.635306], [-8.461567, 41.626778], [-8.455658, 41.617743], [-8.444545, 41.615104], [-8.437547, 41.617656], [-8.432481, 41.622166], [-8.430595, 41.626629], [-8.438424, 41.635675]]], [[[-8.513565, 41.572967], [-8.51683, 41.579045], [-8.522613, 41.573005], [-8.516891, 41.570823], [-8.513565, 41.572967]]], [[[-8.421699, 41.485221], [-8.433992, 41.482529], [-8.421757, 41.478624], [-8.419132, 41.482455], [-8.421699, 41.485221]]], [[[-8.532908, 41.213099], [-8.531139, 41.221744], [-8.535615, 41.23077], [-8.543229, 41.236249], [-8.555139, 41.23966], [-8.567084, 41.237904], [-8.578499, 41.230935], [-8.58241, 41.221941], [-8.580891, 41.212928], [-8.571521, 41.204405], [-8.565895, 41.206227], [-8.567697, 41.208246], [-8.566512, 41.209376], [-8.559636, 41.206251], [-8.554271, 41.20627], [-8.549521, 41.209214], [-8.544157, 41.209458], [-8.54238, 41.211265], [-8.532908, 41.213099]]]]}}, {"id": "6", "type": "Feature", "properties": {"fill": "#e79f24", "value_min": -2.0, "value_max": -1.67}, "geometry": {"type": "MultiPolygon", "coordinates": [[[[-8.46794, 41.689816], [-8.444014, 41.676868], [-8.432082, 41.667588], [-8.376704, 41.617342], [-8.365113, 41.599264], [-8.350189, 41.554145], [-8.344718, 41.527092], [-8.345348, 41.518088], [-8.360581, 41.491152], [-8.359755, 41.48214], [-8.349991, 41.468831], [-8.342482, 41.464027], [-8.333924, 41.454971], [-8.314605, 41.417512], [-8.308082, 41.400773], [-8.3038, 41.382732], [-8.302659, 41.36471], [-8.304632, 41.346707], [-8.310809, 41.327782], [-8.307502, 41.325762], [-8.305116, 41.326891], [-8.303024, 41.325994], [-8.303615, 41.323742], [-8.301216, 41.319694], [-8.296431, 41.316774], [-8.297618, 41.313846], [-8.296116, 41.310022], [-8.292241, 41.312504], [-8.288361, 41.312959], [-8.284592, 41.316116], [-8.291065, 41.364639], [-8.292669, 41.400679], [-8.290658, 41.418842], [-8.282239, 41.45466], [-8.282286, 41.463667], [-8.294921, 41.508783], [-8.296993, 41.553832], [-8.302262, 41.571878], [-8.31181, 41.589951], [-8.325982, 41.608049], [-8.336993, 41.61712], [-8.348446, 41.622952], [-8.372373, 41.631309], [-8.396277, 41.642785], [-8.409709, 41.653545], [-8.417569, 41.662593], [-8.4228, 41.671626], [-8.425485, 41.680647], [-8.424602, 41.689649], [-8.419817, 41.695667], [-8.399828, 41.707537], [-8.390979, 41.716497], [-8.387675, 41.725487], [-8.387877, 41.731664], [-8.393033, 41.729852], [-8.396942, 41.730518], [-8.400531, 41.726683], [-8.402934, 41.726452], [-8.404721, 41.722847], [-8.417349, 41.725067], [-8.422737, 41.720552], [-8.429643, 41.719859], [-8.430533, 41.717381], [-8.435927, 41.714441], [-8.441333, 41.714201], [-8.4446, 41.70654], [-8.453868, 41.697961], [-8.453255, 41.695487], [-8.461659, 41.694563], [-8.46794, 41.689816]]], [[[-7.739824, 41.828112], [-7.739824, 41.828112], [-7.7401, 41.828069], [-7.739824, 41.828112]]], [[[-7.740427, 41.828019], [-7.768409, 41.824772], [-7.792485, 41.825122], [-7.804473, 41.827982], [-7.828354, 41.839122], [-7.840329, 41.842938], [-7.852354, 41.844058], [-7.864424, 41.84268], [-7.876545, 41.838343], [-7.888718, 41.830833], [-7.89767, 41.820906], [-7.913374, 41.797081], [-7.937361, 41.802304], [-7.949408, 41.801708], [-7.964438, 41.794507], [-7.969185, 41.785543], [-7.970404, 41.758533], [-7.966676, 41.749493], [-7.955281, 41.731376], [-7.949281, 41.7043], [-7.945337, 41.695257], [-7.92749, 41.672217], [-7.915645, 41.662244], [-7.892757, 41.648359], [-7.892145, 41.651576], [-7.902319, 41.659925], [-7.899913, 41.66127], [-7.900198, 41.665547], [-7.898396, 41.665769], [-7.897186, 41.668467], [-7.892682, 41.668685], [-7.903469, 41.67195], [-7.91538, 41.677999], [-7.926009, 41.686071], [-7.934221, 41.695155], [-7.938979, 41.704206], [-7.941564, 41.713237], [-7.941611, 41.722244], [-7.938498, 41.733377], [-7.929654, 41.749154], [-7.914069, 41.755926], [-7.902025, 41.756806], [-7.890047, 41.753902], [-7.882611, 41.748706], [-7.866183, 41.742928], [-7.854188, 41.741205], [-7.842152, 41.74174], [-7.830073, 41.744687], [-7.824025, 41.748121], [-7.819562, 41.757082], [-7.820037, 41.766094], [-7.824093, 41.775142], [-7.829432, 41.779961], [-7.841427, 41.782086], [-7.877525, 41.782222], [-7.889487, 41.786353], [-7.896317, 41.793873], [-7.898959, 41.802905], [-7.898057, 41.811903], [-7.888802, 41.826022], [-7.876625, 41.833762], [-7.864533, 41.836494], [-7.852499, 41.835947], [-7.835414, 41.829298], [-7.816801, 41.812482], [-7.804817, 41.809513], [-7.762819, 41.819533], [-7.736636, 41.823556], [-7.743152, 41.825154], [-7.742839, 41.827178], [-7.740427, 41.828019]], [[-7.959191, 41.785453], [-7.956497, 41.794435], [-7.949471, 41.797825], [-7.937432, 41.797975], [-7.928441, 41.794177], [-7.925171, 41.785139], [-7.932822, 41.776204], [-7.937667, 41.767242], [-7.931156, 41.758175], [-7.938179, 41.752735], [-7.950171, 41.754929], [-7.952761, 41.758374], [-7.949991, 41.766007], [-7.939734, 41.767261], [-7.949919, 41.770374], [-7.950797, 41.776369], [-7.959191, 41.785453]], [[-7.859007, 41.757481], [-7.86596, 41.755622], [-7.86919, 41.757582], [-7.865829, 41.763073], [-7.859007, 41.757481]]], [[[-8.347627, 41.760332], [-8.348726, 41.752294], [-8.345394, 41.743268], [-8.337386, 41.734215], [-8.323306, 41.725126], [-8.311395, 41.720476], [-8.299393, 41.718649], [-8.287363, 41.719311], [-8.275302, 41.72283], [-8.263197, 41.730004], [-8.25305, 41.742705], [-8.251015, 41.751698], [-8.252287, 41.760714], [-8.261434, 41.774235], [-8.271366, 41.766346], [-8.274372, 41.766179], [-8.267626, 41.760812], [-8.262946, 41.752002], [-8.265184, 41.742783], [-8.275177, 41.733937], [-8.287232, 41.731168], [-8.301105, 41.734], [-8.311625, 41.74307], [-8.313706, 41.75209], [-8.309289, 41.760927], [-8.311096, 41.762195], [-8.318308, 41.761283], [-8.326436, 41.765096], [-8.328234, 41.763292], [-8.336653, 41.763728], [-8.341756, 41.761468], [-8.344765, 41.762363], [-8.347627, 41.760332]]], [[[-8.144246, 41.632887], [-8.132321, 41.626861], [-8.125558, 41.633721], [-8.132139, 41.640421], [-8.144224, 41.634596], [-8.144246, 41.632887]]], [[[-8.107147, 41.615565], [-8.103952, 41.606533], [-8.09666, 41.601555], [-8.084669, 41.600961], [-8.076119, 41.606312], [-8.072354, 41.615289], [-8.080429, 41.624361], [-8.084315, 41.625987], [-8.099753, 41.624514], [-8.107147, 41.615565]]], [[[-8.08637, 41.544226], [-8.097397, 41.548693], [-8.10938, 41.549186], [-8.124365, 41.54364], [-8.131735, 41.534688], [-8.131536, 41.525679], [-8.122862, 41.516606], [-8.109881, 41.512629], [-8.097904, 41.512168], [-8.090599, 41.514074], [-8.089398, 41.519468], [-8.090594, 41.522169], [-8.093588, 41.52307], [-8.091786, 41.531848], [-8.097775, 41.536127], [-8.097774, 41.537927], [-8.106759, 41.543557], [-8.101666, 41.542655], [-8.094175, 41.544904], [-8.087885, 41.542876], [-8.08637, 41.544226]], [[-8.109712, 41.524988], [-8.109684, 41.52701], [-8.104402, 41.525471], [-8.109712, 41.524988]]], [[[-8.806531, 41.435596], [-8.691342, 41.40244], [-8.666105, 41.393362], [-8.65499, 41.384321], [-8.654367, 41.366304], [-8.651986, 41.357289], [-8.641091, 41.348248], [-8.626139, 41.345253], [-8.602211, 41.348857], [-8.590258, 41.348747], [-8.57834, 41.343263], [-8.567148, 41.329978], [-8.564644, 41.320961], [-8.56555, 41.311957], [-8.569403, 41.302964], [-8.58462, 41.285004], [-8.614712, 41.255855], [-8.63874, 41.227884], [-8.650713, 41.21993], [-8.66265, 41.218647], [-8.686502, 41.220233], [-8.698441, 41.218473], [-8.712655, 41.213332], [-8.723355, 41.204351], [-8.728445, 41.195355], [-8.730271, 41.186351], [-8.729422, 41.177341], [-8.72254, 41.161674], [-8.709324, 41.146052], [-8.674793, 41.146932], [-8.674849, 41.153767], [-8.672489, 41.15648], [-8.66117, 41.156307], [-8.662078, 41.158104], [-8.660313, 41.160813], [-8.657033, 41.160378], [-8.654961, 41.161963], [-8.653231, 41.169174], [-8.655366, 41.175467], [-8.647955, 41.180228], [-8.647696, 41.185181], [-8.641225, 41.196014], [-8.638841, 41.196025], [-8.638283, 41.194452], [-8.633515, 41.213108], [-8.624439, 41.231094], [-8.618584, 41.240083], [-8.602764, 41.2577], [-8.578776, 41.275457], [-8.554809, 41.288222], [-8.522604, 41.302779], [-8.511212, 41.311739], [-8.506901, 41.320728], [-8.506759, 41.329735], [-8.514353, 41.347783], [-8.53037, 41.365503], [-8.542688, 41.374922], [-8.576302, 41.393066], [-8.613828, 41.405741], [-8.68556, 41.416654], [-8.721417, 41.426124], [-8.752285, 41.438617], [-8.784009, 41.456696], [-8.798549, 41.467086], [-8.801548, 41.4468], [-8.806531, 41.435596]], [[-8.707341, 41.195303], [-8.703241, 41.2043], [-8.698492, 41.207169], [-8.686556, 41.20906], [-8.672264, 41.204216], [-8.667114, 41.195194], [-8.670787, 41.186196], [-8.674754, 41.183601], [-8.686692, 41.180481], [-8.698603, 41.183043], [-8.702555, 41.186283], [-8.707341, 41.195303]]]]}}, {"id": "7", "type": "Feature", "properties": {"fill": "#cba158", "value_min": -1.67, "value_max": -1.33}, "geometry": {"type": "MultiPolygon", "coordinates": [[[[-8.387877, 41.731664], [-8.387675, 41.725487], [-8.390979, 41.716497], [-8.399828, 41.707537], [-8.419817, 41.695667], [-8.424602, 41.689649], [-8.425485, 41.680647], [-8.4228, 41.671626], [-8.417569, 41.662593], [-8.409709, 41.653545], [-8.396277, 41.642785], [-8.372373, 41.631309], [-8.348446, 41.622952], [-8.336993, 41.61712], [-8.325982, 41.608049], [-8.31181, 41.589951], [-8.302262, 41.571878], [-8.296993, 41.553832], [-8.294921, 41.508783], [-8.282286, 41.463667], [-8.282239, 41.45466], [-8.290658, 41.418842], [-8.292669, 41.400679], [-8.291065, 41.364639], [-8.284592, 41.316116], [-8.281801, 41.316569], [-8.279132, 41.324451], [-8.272266, 41.32536], [-8.265709, 41.331221], [-8.269001, 41.334818], [-8.268136, 41.33662], [-8.273503, 41.346515], [-8.279634, 41.364568], [-8.281467, 41.382595], [-8.278452, 41.400591], [-8.274572, 41.409574], [-8.266702, 41.420934], [-8.254601, 41.432637], [-8.225023, 41.454289], [-8.217276, 41.463243], [-8.212987, 41.472222], [-8.211168, 41.481217], [-8.212349, 41.490232], [-8.217948, 41.494788], [-8.229961, 41.492033], [-8.241941, 41.491987], [-8.253869, 41.496501], [-8.256856, 41.499536], [-8.260372, 41.508566], [-8.253595, 41.520399], [-8.241563, 41.524427], [-8.22959, 41.523374], [-8.217295, 41.517288], [-8.205819, 41.507011], [-8.18173, 41.516795], [-8.169744, 41.516979], [-8.124226, 41.507609], [-8.088809, 41.503358], [-8.093, 41.504613], [-8.090599, 41.514074], [-8.097904, 41.512168], [-8.109881, 41.512629], [-8.122862, 41.516606], [-8.131536, 41.525679], [-8.131735, 41.534688], [-8.124365, 41.54364], [-8.10938, 41.549186], [-8.097397, 41.548693], [-8.08637, 41.544226], [-8.083389, 41.5449], [-8.080687, 41.551651], [-8.074396, 41.549848], [-8.072897, 41.551197], [-8.076188, 41.557276], [-8.079783, 41.558403], [-8.082176, 41.564032], [-8.07108, 41.569879], [-8.074154, 41.579275], [-8.06199, 41.597191], [-8.059659, 41.606179], [-8.061215, 41.615199], [-8.067574, 41.624258], [-8.084236, 41.631588], [-8.108235, 41.632445], [-8.119787, 41.642684], [-8.132042, 41.647645], [-8.144056, 41.647291], [-8.154215, 41.642942], [-8.161565, 41.633989], [-8.162098, 41.624986], [-8.157515, 41.615945], [-8.138617, 41.597791], [-8.133451, 41.588745], [-8.136295, 41.579759], [-8.157082, 41.569156], [-8.169134, 41.564614], [-8.181158, 41.562179], [-8.193136, 41.563357], [-8.205066, 41.56849], [-8.228854, 41.585311], [-8.264487, 41.616871], [-8.311985, 41.665097], [-8.316221, 41.662034], [-8.324046, 41.660459], [-8.332847, 41.653125], [-8.348211, 41.646244], [-8.360251, 41.643013], [-8.372266, 41.642329], [-8.384253, 41.644458], [-8.396212, 41.649757], [-8.408956, 41.662549], [-8.411609, 41.671569], [-8.407928, 41.681708], [-8.395827, 41.6909], [-8.383766, 41.695557], [-8.37173, 41.697473], [-8.359714, 41.69721], [-8.347726, 41.694321], [-8.336341, 41.689174], [-8.323829, 41.681115], [-8.315812, 41.680046], [-8.311848, 41.677951], [-8.287867, 41.69789], [-8.263365, 41.715375], [-8.244495, 41.733642], [-8.239722, 41.742617], [-8.236423, 41.760609], [-8.238642, 41.772956], [-8.244617, 41.786632], [-8.251257, 41.784375], [-8.251845, 41.777172], [-8.257551, 41.773564], [-8.261434, 41.774235], [-8.252287, 41.760714], [-8.251015, 41.751698], [-8.25305, 41.742705], [-8.263197, 41.730004], [-8.275302, 41.72283], [-8.287363, 41.719311], [-8.299393, 41.718649], [-8.311395, 41.720476], [-8.323306, 41.725126], [-8.337386, 41.734215], [-8.345394, 41.743268], [-8.348726, 41.752294], [-8.347627, 41.760332], [-8.352557, 41.755145], [-8.349814, 41.744122], [-8.352516, 41.743441], [-8.352203, 41.739616], [-8.357897, 41.735103], [-8.362407, 41.735994], [-8.368703, 41.73193], [-8.374122, 41.734845], [-8.384922, 41.73032], [-8.387877, 41.731664]], [[-8.144246, 41.632887], [-8.144224, 41.634596], [-8.132139, 41.640421], [-8.125558, 41.633721], [-8.132321, 41.626861], [-8.144246, 41.632887]], [[-8.107147, 41.615565], [-8.099753, 41.624514], [-8.084315, 41.625987], [-8.080429, 41.624361], [-8.072354, 41.615289], [-8.076119, 41.606312], [-8.084669, 41.600961], [-8.09666, 41.601555], [-8.103952, 41.606533], [-8.107147, 41.615565]]], [[[-7.892757, 41.648359], [-7.915645, 41.662244], [-7.92749, 41.672217], [-7.945337, 41.695257], [-7.949281, 41.7043], [-7.955281, 41.731376], [-7.966676, 41.749493], [-7.970404, 41.758533], [-7.969185, 41.785543], [-7.964438, 41.794507], [-7.949408, 41.801708], [-7.937361, 41.802304], [-7.913374, 41.797081], [-7.89767, 41.820906], [-7.888718, 41.830833], [-7.876545, 41.838343], [-7.864424, 41.84268], [-7.852354, 41.844058], [-7.840329, 41.842938], [-7.828354, 41.839122], [-7.804473, 41.827982], [-7.792485, 41.825122], [-7.768409, 41.824772], [-7.740427, 41.828019], [-7.7401, 41.828069], [-7.739824, 41.828112], [-7.739805, 41.831219], [-7.7422, 41.833291], [-7.756241, 41.831294], [-7.780299, 41.832723], [-7.795803, 41.837897], [-7.816111, 41.849947], [-7.82807, 41.854713], [-7.840098, 41.855774], [-7.852174, 41.854149], [-7.873063, 41.845667], [-7.873967, 41.845297], [-7.888637, 41.835546], [-7.913213, 41.806658], [-7.92529, 41.804332], [-7.937316, 41.80504], [-7.954984, 41.803428], [-7.972573, 41.79458], [-7.980996, 41.785648], [-7.987313, 41.76769], [-7.984285, 41.74965], [-7.968914, 41.722492], [-7.953138, 41.686322], [-7.939643, 41.663723], [-7.914481, 41.628437], [-7.912613, 41.63361], [-7.906014, 41.633147], [-7.906884, 41.641927], [-7.897869, 41.645511], [-7.89696, 41.647985], [-7.892757, 41.648359]]], [[[-7.859007, 41.757481], [-7.865829, 41.763073], [-7.86919, 41.757582], [-7.86596, 41.755622], [-7.859007, 41.757481]]], [[[-8.01068, 41.731052], [-8.007753, 41.731841], [-8.010613, 41.735404], [-8.012091, 41.731878], [-8.01068, 41.731052]]], [[[-8.145961, 41.705931], [-8.143298, 41.704435], [-8.131278, 41.704542], [-8.127705, 41.7148], [-8.13109, 41.718486], [-8.143125, 41.717508], [-8.146543, 41.714942], [-8.145961, 41.705931]]], [[[-8.810474, 41.411673], [-8.781315, 41.408582], [-8.745446, 41.402357], [-8.721542, 41.396968], [-8.697653, 41.38914], [-8.685723, 41.382756], [-8.677569, 41.375379], [-8.665764, 41.35733], [-8.657602, 41.348298], [-8.638139, 41.336659], [-8.61729, 41.330156], [-8.60237, 41.322659], [-8.594339, 41.312062], [-8.593398, 41.303051], [-8.595642, 41.294051], [-8.600556, 41.285061], [-8.622234, 41.25811], [-8.639752, 41.240151], [-8.650646, 41.232584], [-8.662597, 41.228914], [-8.686471, 41.22681], [-8.710354, 41.222169], [-8.72819, 41.21337], [-8.739287, 41.204388], [-8.75286, 41.186402], [-8.770826, 41.144704], [-8.709324, 41.146052], [-8.72254, 41.161674], [-8.729422, 41.177341], [-8.730271, 41.186351], [-8.728445, 41.195355], [-8.723355, 41.204351], [-8.712655, 41.213332], [-8.698441, 41.218473], [-8.686502, 41.220233], [-8.66265, 41.218647], [-8.650713, 41.21993], [-8.63874, 41.227884], [-8.614712, 41.255855], [-8.58462, 41.285004], [-8.569403, 41.302964], [-8.56555, 41.311957], [-8.564644, 41.320961], [-8.567148, 41.329978], [-8.57834, 41.343263], [-8.590258, 41.348747], [-8.602211, 41.348857], [-8.626139, 41.345253], [-8.641091, 41.348248], [-8.651986, 41.357289], [-8.654367, 41.366304], [-8.65499, 41.384321], [-8.666105, 41.393362], [-8.691342, 41.40244], [-8.806531, 41.435596], [-8.807354, 41.425915], [-8.811035, 41.418186], [-8.810474, 41.411673]]]]}}, {"id": "8", "type": "Feature", "properties": {"fill": "#b1a288", "value_min": -1.33, "value_max": -1.0}, "geometry": {"type": "MultiPolygon", "coordinates": [[[[-8.244617, 41.786632], [-8.238642, 41.772956], [-8.236423, 41.760609], [-8.239722, 41.742617], [-8.244495, 41.733642], [-8.263365, 41.715375], [-8.287867, 41.69789], [-8.311848, 41.677951], [-8.315812, 41.680046], [-8.323829, 41.681115], [-8.336341, 41.689174], [-8.347726, 41.694321], [-8.359714, 41.69721], [-8.37173, 41.697473], [-8.383766, 41.695557], [-8.395827, 41.6909], [-8.407928, 41.681708], [-8.411609, 41.671569], [-8.408956, 41.662549], [-8.396212, 41.649757], [-8.384253, 41.644458], [-8.372266, 41.642329], [-8.360251, 41.643013], [-8.348211, 41.646244], [-8.332847, 41.653125], [-8.324046, 41.660459], [-8.316221, 41.662034], [-8.311985, 41.665097], [-8.264487, 41.616871], [-8.228854, 41.585311], [-8.205066, 41.56849], [-8.193136, 41.563357], [-8.181158, 41.562179], [-8.169134, 41.564614], [-8.157082, 41.569156], [-8.136295, 41.579759], [-8.133451, 41.588745], [-8.138617, 41.597791], [-8.157515, 41.615945], [-8.162098, 41.624986], [-8.161565, 41.633989], [-8.154215, 41.642942], [-8.144056, 41.647291], [-8.132042, 41.647645], [-8.119787, 41.642684], [-8.108235, 41.632445], [-8.084236, 41.631588], [-8.067574, 41.624258], [-8.061215, 41.615199], [-8.059659, 41.606179], [-8.06199, 41.597191], [-8.074154, 41.579275], [-8.07108, 41.569879], [-8.068081, 41.573478], [-8.062384, 41.575501], [-8.055484, 41.580673], [-8.052181, 41.584498], [-8.052777, 41.587649], [-8.048277, 41.590122], [-8.045573, 41.594397], [-8.031558, 41.602713], [-8.054237, 41.624149], [-8.070413, 41.633288], [-8.108104, 41.641913], [-8.131965, 41.653399], [-8.143952, 41.655083], [-8.155974, 41.654212], [-8.192125, 41.644453], [-8.204139, 41.643999], [-8.216121, 41.646123], [-8.228072, 41.650911], [-8.239992, 41.658497], [-8.251046, 41.670635], [-8.255231, 41.679669], [-8.256237, 41.688683], [-8.254135, 41.697676], [-8.249134, 41.706651], [-8.22458, 41.733509], [-8.219412, 41.742481], [-8.208497, 41.778434], [-8.203533, 41.808048], [-8.205872, 41.804445], [-8.213692, 41.803765], [-8.217598, 41.80016], [-8.217589, 41.793634], [-8.224207, 41.794303], [-8.229917, 41.791598], [-8.240744, 41.791588], [-8.24074, 41.789338], [-8.242545, 41.789336], [-8.244617, 41.786632]], [[-8.371862, 41.683921], [-8.363483, 41.68032], [-8.355499, 41.671268], [-8.356218, 41.662265], [-8.366965, 41.653318], [-8.372176, 41.6516], [-8.384185, 41.651609], [-8.396135, 41.657957], [-8.40014, 41.662503], [-8.401288, 41.671516], [-8.393342, 41.680481], [-8.383874, 41.684254], [-8.371862, 41.683921]]], [[[-8.088809, 41.503358], [-8.124226, 41.507609], [-8.169744, 41.516979], [-8.18173, 41.516795], [-8.205819, 41.507011], [-8.217295, 41.517288], [-8.22959, 41.523374], [-8.241563, 41.524427], [-8.253595, 41.520399], [-8.260372, 41.508566], [-8.256856, 41.499536], [-8.253869, 41.496501], [-8.241941, 41.491987], [-8.229961, 41.492033], [-8.217948, 41.494788], [-8.212349, 41.490232], [-8.211168, 41.481217], [-8.212987, 41.472222], [-8.217276, 41.463243], [-8.225023, 41.454289], [-8.254601, 41.432637], [-8.266702, 41.420934], [-8.274572, 41.409574], [-8.278452, 41.400591], [-8.281467, 41.382595], [-8.279634, 41.364568], [-8.273503, 41.346515], [-8.268136, 41.33662], [-8.263339, 41.340902], [-8.262751, 41.345405], [-8.257467, 41.347662], [-8.268328, 41.364497], [-8.271128, 41.38253], [-8.269426, 41.391527], [-8.265205, 41.400507], [-8.254836, 41.412088], [-8.242786, 41.419378], [-8.230766, 41.423949], [-8.218773, 41.426107], [-8.194837, 41.426177], [-8.182893, 41.424265], [-8.165417, 41.417842], [-8.152561, 41.40874], [-8.145646, 41.399682], [-8.141224, 41.390641], [-8.139507, 41.377894], [-8.133418, 41.374292], [-8.119672, 41.376768], [-8.119672, 41.378569], [-8.116683, 41.380144], [-8.117578, 41.386447], [-8.113992, 41.386896], [-8.112795, 41.390723], [-8.110105, 41.390947], [-8.108011, 41.393648], [-8.103827, 41.392972], [-8.105321, 41.394998], [-8.10263, 41.396123], [-8.10801, 41.398825], [-8.108606, 41.403102], [-8.104419, 41.406252], [-8.104119, 41.408728], [-8.101727, 41.409403], [-8.102025, 41.411204], [-8.092756, 41.411201], [-8.09126, 41.414352], [-8.079893, 41.41975], [-8.077503, 41.416597], [-8.070923, 41.41862], [-8.066739, 41.416142], [-8.061953, 41.417264], [-8.059852, 41.424916], [-8.055959, 41.429415], [-8.057743, 41.438645], [-8.061033, 41.438872], [-8.064916, 41.444052], [-8.067908, 41.444279], [-8.069999, 41.447206], [-8.068788, 41.462286], [-8.073872, 41.46499], [-8.074468, 41.468141], [-8.073564, 41.474668], [-8.066374, 41.482318], [-8.066069, 41.48817], [-8.072054, 41.490199], [-8.07175, 41.494925], [-8.078333, 41.49898], [-8.078332, 41.500331], [-8.088809, 41.503358]], [[-8.110066, 41.499133], [-8.098132, 41.495728], [-8.084561, 41.489286], [-8.07653, 41.480214], [-8.07448, 41.471191], [-8.076263, 41.462197], [-8.086791, 41.45021], [-8.098842, 41.444535], [-8.110849, 41.441869], [-8.122815, 41.44223], [-8.134738, 41.445817], [-8.146597, 41.454319], [-8.152699, 41.462786], [-8.155447, 41.471814], [-8.154875, 41.480817], [-8.149895, 41.489787], [-8.134037, 41.498449], [-8.122036, 41.499969], [-8.110066, 41.499133]]], [[[-7.914481, 41.628437], [-7.939643, 41.663723], [-7.953138, 41.686322], [-7.968914, 41.722492], [-7.984285, 41.74965], [-7.987313, 41.76769], [-7.980996, 41.785648], [-7.972573, 41.79458], [-7.954984, 41.803428], [-7.937316, 41.80504], [-7.92529, 41.804332], [-7.913213, 41.806658], [-7.888637, 41.835546], [-7.873967, 41.845297], [-7.87756, 41.850261], [-7.888547, 41.840743], [-7.913105, 41.813014], [-7.925231, 41.807854], [-7.94933, 41.806475], [-7.965096, 41.80352], [-7.984874, 41.794689], [-7.998447, 41.785802], [-8.006741, 41.776867], [-8.013594, 41.758912], [-8.022447, 41.748026], [-8.025546, 41.741], [-8.024705, 41.731986], [-8.011636, 41.722868], [-7.986831, 41.718357], [-7.975801, 41.70454], [-7.967622, 41.686453], [-7.957362, 41.659339], [-7.9539, 41.632286], [-7.958623, 41.614315], [-7.967193, 41.603315], [-7.960399, 41.601955], [-7.9541, 41.602846], [-7.952606, 41.600592], [-7.947808, 41.60081], [-7.945413, 41.599456], [-7.942725, 41.595625], [-7.936132, 41.594488], [-7.93791, 41.601694], [-7.937004, 41.603718], [-7.931604, 41.604384], [-7.930073, 41.614735], [-7.925255, 41.620579], [-7.918952, 41.621918], [-7.914481, 41.628437]], [[-8.01068, 41.731052], [-8.012091, 41.731878], [-8.010613, 41.735404], [-8.007753, 41.731841], [-8.01068, 41.731052]]], [[[-7.873063, 41.845667], [-7.852174, 41.854149], [-7.840098, 41.855774], [-7.82807, 41.854713], [-7.816111, 41.849947], [-7.795803, 41.837897], [-7.780299, 41.832723], [-7.756241, 41.831294], [-7.7422, 41.833291], [-7.746986, 41.838217], [-7.756132, 41.836899], [-7.768163, 41.837597], [-7.780134, 41.841416], [-7.789783, 41.84684], [-7.799167, 41.855945], [-7.808982, 41.870596], [-7.809123, 41.870799], [-7.809139, 41.870822], [-7.814229, 41.873537], [-7.823863, 41.874013], [-7.825059, 41.875817], [-7.830479, 41.875831], [-7.830789, 41.874031], [-7.832894, 41.874712], [-7.83772, 41.872924], [-7.842528, 41.875187], [-7.841663, 41.866632], [-7.849515, 41.861475], [-7.858542, 41.862622], [-7.859456, 41.860148], [-7.864877, 41.859711], [-7.87033, 41.851395], [-7.873043, 41.850501], [-7.873063, 41.845667]]], [[[-8.155123, 41.719246], [-8.159299, 41.715036], [-8.158395, 41.706022], [-8.15533, 41.703447], [-8.143379, 41.698337], [-8.131329, 41.700684], [-8.12537, 41.705776], [-8.121398, 41.714752], [-8.130985, 41.726253], [-8.143, 41.726885], [-8.155123, 41.719246]], [[-8.145961, 41.705931], [-8.146543, 41.714942], [-8.143125, 41.717508], [-8.13109, 41.718486], [-8.127705, 41.7148], [-8.131278, 41.704542], [-8.143298, 41.704435], [-8.145961, 41.705931]]], [[[-8.809478, 41.392641], [-8.781367, 41.39319], [-8.757449, 41.391647], [-8.733541, 41.388025], [-8.709649, 41.381357], [-8.697716, 41.375603], [-8.685799, 41.366908], [-8.667517, 41.348327], [-8.656027, 41.339286], [-8.624325, 41.321171], [-8.614484, 41.312131], [-8.610062, 41.303109], [-8.609914, 41.2941], [-8.617516, 41.27611], [-8.631485, 41.25814], [-8.650597, 41.241727], [-8.662558, 41.236497], [-8.698386, 41.230363], [-8.725764, 41.222372], [-8.743827, 41.213406], [-8.782052, 41.187733], [-8.801006, 41.177474], [-8.799695, 41.14406], [-8.770826, 41.144704], [-8.75286, 41.186402], [-8.739287, 41.204388], [-8.72819, 41.21337], [-8.710354, 41.222169], [-8.686471, 41.22681], [-8.662597, 41.228914], [-8.650646, 41.232584], [-8.639752, 41.240151], [-8.622234, 41.25811], [-8.600556, 41.285061], [-8.595642, 41.294051], [-8.593398, 41.303051], [-8.594339, 41.312062], [-8.60237, 41.322659], [-8.61729, 41.330156], [-8.638139, 41.336659], [-8.657602, 41.348298], [-8.665764, 41.35733], [-8.677569, 41.375379], [-8.685723, 41.382756], [-8.697653, 41.38914], [-8.721542, 41.396968], [-8.745446, 41.402357], [-8.781315, 41.408582], [-8.810474, 41.411673], [-8.809478, 41.392641]]]]}}, {"id": "9", "type": "Feature", "properties": {"fill": "#a3a3a3", "value_min": -1.0, "value_max": -0.67}, "geometry": {"type": "MultiPolygon", "coordinates": [[[[-8.203533, 41.808048], [-8.208497, 41.778434], [-8.219412, 41.742481], [-8.22458, 41.733509], [-8.249134, 41.706651], [-8.254135, 41.697676], [-8.256237, 41.688683], [-8.255231, 41.679669], [-8.251046, 41.670635], [-8.239992, 41.658497], [-8.228072, 41.650911], [-8.216121, 41.646123], [-8.204139, 41.643999], [-8.192125, 41.644453], [-8.155974, 41.654212], [-8.143952, 41.655083], [-8.131965, 41.653399], [-8.108104, 41.641913], [-8.070413, 41.633288], [-8.054237, 41.624149], [-8.031558, 41.602713], [-8.02367, 41.603156], [-8.019174, 41.601802], [-8.015872, 41.603824], [-8.013474, 41.603372], [-8.005971, 41.60629], [-8.003562, 41.611239], [-7.99936, 41.61281], [-7.998462, 41.612359], [-7.999669, 41.608759], [-7.996976, 41.605829], [-7.996684, 41.602003], [-7.984685, 41.603564], [-7.982292, 41.60086], [-7.975689, 41.603552], [-7.974482, 41.606701], [-7.971182, 41.607147], [-7.967193, 41.603315], [-7.958623, 41.614315], [-7.9539, 41.632286], [-7.957362, 41.659339], [-7.967622, 41.686453], [-7.975801, 41.70454], [-7.986831, 41.718357], [-8.011636, 41.722868], [-8.024705, 41.731986], [-8.025546, 41.741], [-8.022447, 41.748026], [-8.013594, 41.758912], [-8.006741, 41.776867], [-7.998447, 41.785802], [-7.984874, 41.794689], [-7.965096, 41.80352], [-7.94933, 41.806475], [-7.925231, 41.807854], [-7.913105, 41.813014], [-7.888547, 41.840743], [-7.87756, 41.850261], [-7.882256, 41.854123], [-7.91303, 41.81743], [-7.923303, 41.812142], [-7.97789, 41.803634], [-7.997604, 41.798655], [-8.020195, 41.794996], [-8.042121, 41.786174], [-8.045176, 41.777193], [-8.043379, 41.768171], [-8.031048, 41.73204], [-8.022821, 41.723329], [-8.002923, 41.713785], [-7.991591, 41.70468], [-7.982946, 41.686589], [-7.978331, 41.668534], [-7.978557, 41.650522], [-7.982105, 41.641547], [-7.98961, 41.632606], [-8.000279, 41.626275], [-8.012323, 41.623684], [-8.02432, 41.624184], [-8.03628, 41.62712], [-8.060152, 41.63661], [-8.096071, 41.643776], [-8.108025, 41.64768], [-8.155131, 41.66997], [-8.161934, 41.679027], [-8.150635, 41.687951], [-8.143497, 41.689424], [-8.131381, 41.696827], [-8.120945, 41.705742], [-8.113883, 41.714695], [-8.114818, 41.723709], [-8.129634, 41.750843], [-8.130477, 41.759856], [-8.128252, 41.768846], [-8.123215, 41.777815], [-8.110198, 41.795728], [-8.106509, 41.804707], [-8.105843, 41.81185], [-8.117188, 41.812302], [-8.123807, 41.808702], [-8.138247, 41.808477], [-8.139751, 41.813203], [-8.14276, 41.812978], [-8.145769, 41.815453], [-8.149078, 41.814777], [-8.153893, 41.817928], [-8.161415, 41.818376], [-8.165627, 41.817925], [-8.173744, 41.808019], [-8.177655, 41.808242], [-8.183676, 41.812741], [-8.190291, 41.809587], [-8.196857, 41.814129], [-8.19926, 41.810301], [-8.203533, 41.808048]], [[-8.155123, 41.719246], [-8.143, 41.726885], [-8.130985, 41.726253], [-8.121398, 41.714752], [-8.12537, 41.705776], [-8.131329, 41.700684], [-8.143379, 41.698337], [-8.15533, 41.703447], [-8.158395, 41.706022], [-8.159299, 41.715036], [-8.155123, 41.719246]], [[-8.203269, 41.714496], [-8.1913, 41.710412], [-8.186892, 41.706227], [-8.181679, 41.697183], [-8.181025, 41.688172], [-8.191119, 41.679236], [-8.203742, 41.676158], [-8.215741, 41.677431], [-8.227665, 41.684936], [-8.230337, 41.688513], [-8.231632, 41.697528], [-8.226481, 41.706501], [-8.215306, 41.713192], [-8.203269, 41.714496]]], [[[-7.809139, 41.870822], [-7.809139, 41.870822], [-7.809123, 41.870799], [-7.809139, 41.870822]]], [[[-7.808982, 41.870596], [-7.799167, 41.855945], [-7.789783, 41.84684], [-7.780134, 41.841416], [-7.768163, 41.837597], [-7.756132, 41.836899], [-7.746986, 41.838217], [-7.745767, 41.840692], [-7.748057, 41.845201], [-7.755999, 41.843785], [-7.768015, 41.845285], [-7.779906, 41.853408], [-7.782244, 41.855767], [-7.784807, 41.864801], [-7.782217, 41.87378], [-7.779452, 41.877315], [-7.767256, 41.884807], [-7.755174, 41.886335], [-7.743175, 41.883561], [-7.730506, 41.87215], [-7.729293, 41.875972], [-7.720533, 41.880218], [-7.720523, 41.881793], [-7.725335, 41.882935], [-7.726208, 41.887665], [-7.737044, 41.888828], [-7.73944, 41.891087], [-7.74246, 41.889747], [-7.742785, 41.885922], [-7.756022, 41.888441], [-7.758719, 41.890926], [-7.756592, 41.89407], [-7.758076, 41.897901], [-7.764097, 41.898595], [-7.779227, 41.886264], [-7.785257, 41.885157], [-7.788886, 41.882467], [-7.794309, 41.882033], [-7.796739, 41.878214], [-7.794954, 41.873932], [-7.803381, 41.874857], [-7.804612, 41.869684], [-7.808982, 41.870596]]], [[[-7.730391, 41.8717], [-7.730391, 41.8717], [-7.730228, 41.871062], [-7.730391, 41.8717]]], [[[-8.371862, 41.683921], [-8.383874, 41.684254], [-8.393342, 41.680481], [-8.401288, 41.671516], [-8.40014, 41.662503], [-8.396135, 41.657957], [-8.384185, 41.651609], [-8.372176, 41.6516], [-8.366965, 41.653318], [-8.356218, 41.662265], [-8.355499, 41.671268], [-8.363483, 41.68032], [-8.371862, 41.683921]], [[-8.376641, 41.671385], [-8.376991, 41.66238], [-8.384096, 41.660913], [-8.386686, 41.662432], [-8.386847, 41.67144], [-8.383979, 41.673198], [-8.376641, 41.671385]]], [[[-8.110066, 41.499133], [-8.122036, 41.499969], [-8.134037, 41.498449], [-8.149895, 41.489787], [-8.154875, 41.480817], [-8.155447, 41.471814], [-8.152699, 41.462786], [-8.146597, 41.454319], [-8.134738, 41.445817], [-8.122815, 41.44223], [-8.110849, 41.441869], [-8.098842, 41.444535], [-8.086791, 41.45021], [-8.076263, 41.462197], [-8.07448, 41.471191], [-8.07653, 41.480214], [-8.084561, 41.489286], [-8.098132, 41.495728], [-8.110066, 41.499133]], [[-8.110186, 41.490395], [-8.107771, 41.489468], [-8.100988, 41.480408], [-8.106968, 41.471447], [-8.110472, 41.469492], [-8.122443, 41.469845], [-8.131165, 41.48064], [-8.124752, 41.489599], [-8.110186, 41.490395]]], [[[-8.139507, 41.377894], [-8.141224, 41.390641], [-8.145646, 41.399682], [-8.152561, 41.40874], [-8.165417, 41.417842], [-8.182893, 41.424265], [-8.194837, 41.426177], [-8.218773, 41.426107], [-8.230766, 41.423949], [-8.242786, 41.419378], [-8.254836, 41.412088], [-8.265205, 41.400507], [-8.269426, 41.391527], [-8.271128, 41.38253], [-8.268328, 41.364497], [-8.257467, 41.347662], [-8.249622, 41.353072], [-8.250527, 41.357719], [-8.256621, 41.364422], [-8.26041, 41.373454], [-8.261073, 41.382466], [-8.258538, 41.391457], [-8.251747, 41.400421], [-8.242931, 41.406889], [-8.230914, 41.411378], [-8.218932, 41.412853], [-8.20698, 41.411733], [-8.195063, 41.407861], [-8.182759, 41.399951], [-8.175331, 41.390891], [-8.172594, 41.377661], [-8.168382, 41.377438], [-8.1642, 41.38059], [-8.158223, 41.378791], [-8.150152, 41.37339], [-8.139507, 41.377894]]], [[[-8.808861, 41.377005], [-8.781409, 41.380681], [-8.757489, 41.380874], [-8.733581, 41.378164], [-8.709693, 41.37153], [-8.697763, 41.365439], [-8.685848, 41.356855], [-8.627919, 41.312175], [-8.622419, 41.30315], [-8.620949, 41.294137], [-8.622596, 41.285135], [-8.632485, 41.267151], [-8.650555, 41.249598], [-8.662525, 41.243047], [-8.713791, 41.231351], [-8.781986, 41.207584], [-8.802018, 41.203243], [-8.801006, 41.177474], [-8.782052, 41.187733], [-8.743827, 41.213406], [-8.725764, 41.222372], [-8.698386, 41.230363], [-8.662558, 41.236497], [-8.650597, 41.241727], [-8.631485, 41.25814], [-8.617516, 41.27611], [-8.609914, 41.2941], [-8.610062, 41.303109], [-8.614484, 41.312131], [-8.624325, 41.321171], [-8.656027, 41.339286], [-8.667517, 41.348327], [-8.685799, 41.366908], [-8.697716, 41.375603], [-8.709649, 41.381357], [-8.733541, 41.388025], [-8.757449, 41.391647], [-8.781367, 41.39319], [-8.809478, 41.392641], [-8.808861, 41.377005]]]]}}, {"id": "21", "type": "Feature", "properties": {"fill": "#245bd9", "value_min": 3.0, "value_max": -3.33}, "geometry": {"type": "MultiPolygon", "coordinates": [[[[-7.979177, 41.84868], [-7.979445, 41.839675], [-7.973017, 41.830854], [-7.961059, 41.825576], [-7.949024, 41.825158], [-7.936951, 41.827073], [-7.931715, 41.830234], [-7.926021, 41.839188], [-7.925692, 41.848192], [-7.931546, 41.857253], [-7.936388, 41.861079], [-7.948379, 41.864591], [-7.960441, 41.863788], [-7.972587, 41.857708], [-7.979177, 41.84868]], [[-7.94842, 41.862068], [-7.935438, 41.857289], [-7.929328, 41.848226], [-7.929597, 41.839221], [-7.934018, 41.830256], [-7.936928, 41.828499], [-7.948996, 41.826904], [-7.961033, 41.827219], [-7.968846, 41.830574], [-7.976493, 41.839649], [-7.975787, 41.848649], [-7.96717, 41.857579], [-7.960487, 41.860938], [-7.94842, 41.862068]]], [[[-8.757734, 41.3148], [-8.765412, 41.30353], [-8.76667, 41.294525], [-8.764387, 41.285512], [-8.757498, 41.27649], [-8.745964, 41.269122], [-8.73404, 41.265338], [-8.722107, 41.26414], [-8.710164, 41.265103], [-8.69821, 41.268494], [-8.685328, 41.276316], [-8.678607, 41.285305], [-8.676589, 41.294307], [-8.678455, 41.30332], [-8.684553, 41.312345], [-8.697964, 41.321967], [-8.709894, 41.32622], [-8.721837, 41.327712], [-8.733791, 41.326743], [-8.745755, 41.323004], [-8.757734, 41.3148]], [[-8.721848, 41.32502], [-8.709905, 41.323666], [-8.7036, 41.321403], [-8.688734, 41.312356], [-8.681677, 41.303329], [-8.679788, 41.294316], [-8.68211, 41.285315], [-8.689928, 41.276328], [-8.698197, 41.271351], [-8.710152, 41.267822], [-8.722096, 41.266759], [-8.734027, 41.268593], [-8.75125, 41.276477], [-8.758887, 41.285501], [-8.76155, 41.294514], [-8.760129, 41.303519], [-8.754311, 41.312515], [-8.740188, 41.321491], [-8.721848, 41.32502]]]]}}, {"id": "22", "type": "Feature", "properties": {"fill": "#214db8", "value_min": 3.33, "value_max": -3.67}, "geometry": {"type": "MultiPolygon", "coordinates": [[[[-7.94842, 41.862068], [-7.960487, 41.860938], [-7.96717, 41.857579], [-7.975787, 41.848649], [-7.976493, 41.839649], [-7.968846, 41.830574], [-7.961033, 41.827219], [-7.948996, 41.826904], [-7.936928, 41.828499], [-7.934018, 41.830256], [-7.929597, 41.839221], [-7.929328, 41.848226], [-7.935438, 41.857289], [-7.94842, 41.862068]], [[-7.948462, 41.859545], [-7.936514, 41.85347], [-7.932964, 41.84826], [-7.933174, 41.839255], [-7.936323, 41.830277], [-7.961006, 41.82886], [-7.964912, 41.830538], [-7.97354, 41.839623], [-7.972777, 41.845865], [-7.971646, 41.848612], [-7.961645, 41.857529], [-7.948462, 41.859545]]], [[[-8.721848, 41.32502], [-8.740188, 41.321491], [-8.754311, 41.312515], [-8.760129, 41.303519], [-8.76155, 41.294514], [-8.758887, 41.285501], [-8.75125, 41.276477], [-8.734027, 41.268593], [-8.722096, 41.266759], [-8.710152, 41.267822], [-8.698197, 41.271351], [-8.689928, 41.276328], [-8.68211, 41.285315], [-8.679788, 41.294316], [-8.681677, 41.303329], [-8.688734, 41.312356], [-8.7036, 41.321403], [-8.709905, 41.323666], [-8.721848, 41.32502]], [[-8.713128, 41.321427], [-8.697993, 41.315615], [-8.686096, 41.305071], [-8.682986, 41.294325], [-8.685614, 41.285324], [-8.698184, 41.274207], [-8.722077, 41.271277], [-8.734011, 41.272516], [-8.744384, 41.276462], [-8.752498, 41.285487], [-8.755275, 41.294501], [-8.753514, 41.303505], [-8.745787, 41.314597], [-8.728056, 41.321463], [-8.713128, 41.321427]]]]}}, {"id": "20", "type": "Feature", "properties": {"fill": "#2e6eed", "value_min": 2.67, "value_max": -3.0}, "geometry": {"type": "MultiPolygon", "coordinates": [[[[-7.972521, 41.861809], [-7.977459, 41.857671], [-7.982568, 41.84871], [-7.982397, 41.839701], [-7.976357, 41.830641], [-7.961086, 41.823933], [-7.949053, 41.823414], [-7.936975, 41.825646], [-7.92941, 41.830213], [-7.923272, 41.839162], [-7.922743, 41.848164], [-7.927654, 41.857217], [-7.936338, 41.864079], [-7.948334, 41.867347], [-7.960394, 41.86667], [-7.972521, 41.861809]], [[-7.979177, 41.84868], [-7.972587, 41.857708], [-7.960441, 41.863788], [-7.948379, 41.864591], [-7.936388, 41.861079], [-7.931546, 41.857253], [-7.925692, 41.848192], [-7.926021, 41.839188], [-7.931715, 41.830234], [-7.936951, 41.827073], [-7.949024, 41.825158], [-7.961059, 41.825576], [-7.973017, 41.830854], [-7.979445, 41.839675], [-7.979177, 41.84868]]], [[[-8.095585, 41.678504], [-8.094878, 41.678518], [-8.095584, 41.678543], [-8.095585, 41.678504]]], [[[-8.757713, 41.320494], [-8.76619, 41.312539], [-8.770858, 41.303541], [-8.772144, 41.294536], [-8.769903, 41.285524], [-8.764027, 41.276504], [-8.751043, 41.267469], [-8.734052, 41.262364], [-8.722118, 41.26152], [-8.710176, 41.262567], [-8.694591, 41.267333], [-8.681136, 41.276304], [-8.675103, 41.285295], [-8.673301, 41.294298], [-8.675233, 41.303311], [-8.68099, 41.312335], [-8.697952, 41.324653], [-8.709882, 41.328775], [-8.721825, 41.330402], [-8.733778, 41.329848], [-8.74574, 41.32683], [-8.757713, 41.320494]], [[-8.757734, 41.3148], [-8.745755, 41.323004], [-8.733791, 41.326743], [-8.721837, 41.327712], [-8.709894, 41.32622], [-8.697964, 41.321967], [-8.684553, 41.312345], [-8.678455, 41.30332], [-8.676589, 41.294307], [-8.678607, 41.285305], [-8.685328, 41.276316], [-8.69821, 41.268494], [-8.710164, 41.265103], [-8.722107, 41.26414], [-8.73404, 41.265338], [-8.745964, 41.269122], [-8.757498, 41.27649], [-8.764387, 41.285512], [-8.76667, 41.294525], [-8.765412, 41.30353], [-8.757734, 41.3148]]]]}}, {"id": "19", "type": "Feature", "properties": {"fill": "#4182f2", "value_min": 2.33, "value_max": -2.67}, "geometry": {"type": "MultiPolygon", "coordinates": [[[[-7.972456, 41.86591], [-7.982236, 41.857713], [-7.986306, 41.848743], [-7.985525, 41.839729], [-7.979913, 41.830673], [-7.973088, 41.826388], [-7.961112, 41.822291], [-7.949082, 41.821669], [-7.936998, 41.824219], [-7.927105, 41.830191], [-7.921004, 41.839141], [-7.920109, 41.848139], [-7.924392, 41.857988], [-7.936285, 41.8673], [-7.948279, 41.870711], [-7.960336, 41.870292], [-7.972456, 41.86591]], [[-7.972521, 41.861809], [-7.960394, 41.86667], [-7.948334, 41.867347], [-7.936338, 41.864079], [-7.927654, 41.857217], [-7.922743, 41.848164], [-7.923272, 41.839162], [-7.92941, 41.830213], [-7.936975, 41.825646], [-7.949053, 41.823414], [-7.961086, 41.823933], [-7.976357, 41.830641], [-7.982397, 41.839701], [-7.982568, 41.84871], [-7.977459, 41.857671], [-7.972521, 41.861809]]], [[[-8.059209, 41.701384], [-8.047193, 41.701227], [-8.044395, 41.705131], [-8.047086, 41.708423], [-8.059104, 41.708584], [-8.061983, 41.705276], [-8.059209, 41.701384]]], [[[-8.095637, 41.674793], [-8.083624, 41.674731], [-8.080002, 41.6784], [-8.083512, 41.682665], [-8.095536, 41.682018], [-8.098381, 41.678546], [-8.095637, 41.674793]], [[-8.095585, 41.678504], [-8.095584, 41.678543], [-8.094878, 41.678518], [-8.095585, 41.678504]]], [[[-8.757694, 41.325541], [-8.763913, 41.321542], [-8.772573, 41.312552], [-8.777016, 41.303553], [-8.778153, 41.294548], [-8.776293, 41.285536], [-8.770675, 41.276517], [-8.759768, 41.267487], [-8.745993, 41.261723], [-8.734064, 41.259389], [-8.722129, 41.258901], [-8.698236, 41.262987], [-8.686271, 41.268596], [-8.674273, 41.280383], [-8.671358, 41.285284], [-8.669753, 41.294288], [-8.671758, 41.303301], [-8.677427, 41.312325], [-8.686024, 41.320233], [-8.697939, 41.327339], [-8.709871, 41.331454], [-8.721813, 41.333393], [-8.733765, 41.333139], [-8.745725, 41.330661], [-8.757694, 41.325541]], [[-8.757713, 41.320494], [-8.74574, 41.32683], [-8.733778, 41.329848], [-8.721825, 41.330402], [-8.709882, 41.328775], [-8.697952, 41.324653], [-8.68099, 41.312335], [-8.675233, 41.303311], [-8.673301, 41.294298], [-8.675103, 41.285295], [-8.681136, 41.276304], [-8.694591, 41.267333], [-8.710176, 41.262567], [-8.722118, 41.26152], [-8.734052, 41.262364], [-8.751043, 41.267469], [-8.764027, 41.276504], [-8.769903, 41.285524], [-8.772144, 41.294536], [-8.770858, 41.303541], [-8.76619, 41.312539], [-8.757713, 41.320494]]]]}}, {"id": "18", "type": "Feature", "properties": {"fill": "#5599f7", "value_min": 2.0, "value_max": -2.33}, "geometry": {"type": "MultiPolygon", "coordinates": [[[[-7.956365, 41.873966], [-7.972383, 41.870474], [-7.978576, 41.866688], [-7.987376, 41.857759], [-7.990699, 41.848781], [-7.989686, 41.839766], [-7.983467, 41.830704], [-7.973123, 41.824208], [-7.961138, 41.820708], [-7.949104, 41.820284], [-7.937022, 41.822793], [-7.924795, 41.83017], [-7.918736, 41.83912], [-7.917474, 41.848115], [-7.920177, 41.857147], [-7.928529, 41.866232], [-7.939808, 41.872027], [-7.941618, 41.870891], [-7.951254, 41.871132], [-7.956365, 41.873966]], [[-7.972456, 41.86591], [-7.960336, 41.870292], [-7.948279, 41.870711], [-7.936285, 41.8673], [-7.924392, 41.857988], [-7.920109, 41.848139], [-7.921004, 41.839141], [-7.927105, 41.830191], [-7.936998, 41.824219], [-7.949082, 41.821669], [-7.961112, 41.822291], [-7.973088, 41.826388], [-7.979913, 41.830673], [-7.985525, 41.839729], [-7.986306, 41.848743], [-7.982236, 41.857713], [-7.972456, 41.86591]]], [[[-8.059803, 41.696251], [-8.047093, 41.696146], [-8.040731, 41.7051], [-8.047022, 41.712793], [-8.059035, 41.713336], [-8.066018, 41.705309], [-8.059803, 41.696251]], [[-8.059209, 41.701384], [-8.061983, 41.705276], [-8.059104, 41.708584], [-8.047086, 41.708423], [-8.044395, 41.705131], [-8.047193, 41.701227], [-8.059209, 41.701384]]], [[[-8.095689, 41.671082], [-8.083682, 41.670677], [-8.076087, 41.678369], [-8.083446, 41.687309], [-8.095487, 41.685494], [-8.101161, 41.678568], [-8.095689, 41.671082]], [[-8.095637, 41.674793], [-8.098381, 41.678546], [-8.095536, 41.682018], [-8.083512, 41.682665], [-8.080002, 41.6784], [-8.083624, 41.674731], [-8.095637, 41.674793]]], [[[-8.757676, 41.330444], [-8.771664, 41.321558], [-8.779437, 41.312565], [-8.783478, 41.303565], [-8.784674, 41.29456], [-8.782872, 41.285549], [-8.778086, 41.276532], [-8.769844, 41.26865], [-8.75793, 41.261851], [-8.746007, 41.258086], [-8.734077, 41.25631], [-8.710198, 41.257432], [-8.698248, 41.260259], [-8.682864, 41.267301], [-8.672649, 41.27628], [-8.667534, 41.285273], [-8.666205, 41.294277], [-8.668158, 41.303291], [-8.673836, 41.312315], [-8.683257, 41.321349], [-8.697927, 41.330025], [-8.709858, 41.334365], [-8.7218, 41.336389], [-8.733751, 41.336479], [-8.74571, 41.334614], [-8.757676, 41.330444]], [[-8.757694, 41.325541], [-8.745725, 41.330661], [-8.733765, 41.333139], [-8.721813, 41.333393], [-8.709871, 41.331454], [-8.697939, 41.327339], [-8.686024, 41.320233], [-8.677427, 41.312325], [-8.671758, 41.303301], [-8.669753, 41.294288], [-8.671358, 41.285284], [-8.674273, 41.280383], [-8.686271, 41.268596], [-8.698236, 41.262987], [-8.722129, 41.258901], [-8.734064, 41.259389], [-8.745993, 41.261723], [-8.759768, 41.267487], [-8.770675, 41.276517], [-8.776293, 41.285536], [-8.778153, 41.294548], [-8.777016, 41.303553], [-8.772573, 41.312552], [-8.763913, 41.321542], [-8.757694, 41.325541]]]]}}, {"id": "23", "type": "Feature", "properties": {"fill": "#1f4099", "value_min": 3.67, "value_max": -4.0}, "geometry": {"type": "MultiPolygon", "coordinates": [[[[-7.948462, 41.859545], [-7.961645, 41.857529], [-7.971646, 41.848612], [-7.972777, 41.845865], [-7.97354, 41.839623], [-7.964912, 41.830538], [-7.961006, 41.82886], [-7.936323, 41.830277], [-7.933174, 41.839255], [-7.932964, 41.84826], [-7.936514, 41.85347], [-7.948462, 41.859545]]], [[[-8.713128, 41.321427], [-8.728056, 41.321463], [-8.745787, 41.314597], [-8.753514, 41.303505], [-8.755275, 41.294501], [-8.752498, 41.285487], [-8.744384, 41.276462], [-8.734011, 41.272516], [-8.722077, 41.271277], [-8.698184, 41.274207], [-8.685614, 41.285324], [-8.682986, 41.294325], [-8.686096, 41.305071], [-8.697993, 41.315615], [-8.713128, 41.321427]]]]}}, {"id": "17", "type": "Feature", "properties": {"fill": "#6ba5ec", "value_min": 1.67, "value_max": -2.0}, "geometry": {"type": "MultiPolygon", "coordinates": [[[[-7.971997, 41.875213], [-7.98447, 41.868146], [-7.989818, 41.861826], [-7.991947, 41.859034], [-7.995092, 41.84882], [-7.993848, 41.839802], [-7.985092, 41.828767], [-7.973158, 41.82203], [-7.961163, 41.81918], [-7.949126, 41.818968], [-7.937046, 41.821365], [-7.92224, 41.830146], [-7.916469, 41.839098], [-7.914839, 41.84809], [-7.916549, 41.857113], [-7.922604, 41.866176], [-7.935652, 41.874707], [-7.935885, 41.874846], [-7.936031, 41.874933], [-7.939808, 41.872027], [-7.928529, 41.866232], [-7.920177, 41.857147], [-7.917474, 41.848115], [-7.918736, 41.83912], [-7.924795, 41.83017], [-7.937022, 41.822793], [-7.949104, 41.820284], [-7.961138, 41.820708], [-7.973123, 41.824208], [-7.983467, 41.830704], [-7.989686, 41.839766], [-7.990699, 41.848781], [-7.987376, 41.857759], [-7.978576, 41.866688], [-7.972383, 41.870474], [-7.956365, 41.873966], [-7.956362, 41.875191], [-7.960576, 41.875647], [-7.962086, 41.874074], [-7.971997, 41.875213]]], [[[-8.070055, 41.705341], [-8.067269, 41.696312], [-8.059352, 41.691562], [-8.047321, 41.692525], [-8.04173, 41.696102], [-8.037066, 41.70507], [-8.046974, 41.716049], [-8.058985, 41.716756], [-8.063703, 41.714297], [-8.070055, 41.705341]], [[-8.059803, 41.696251], [-8.066018, 41.705309], [-8.059035, 41.713336], [-8.047022, 41.712793], [-8.040731, 41.7051], [-8.047093, 41.696146], [-8.059803, 41.696251]]], [[[-8.103942, 41.678589], [-8.095733, 41.667965], [-8.083727, 41.667468], [-8.079563, 41.66939], [-8.072173, 41.678337], [-8.075215, 41.687369], [-8.083394, 41.690927], [-8.095443, 41.68862], [-8.103942, 41.678589]], [[-8.095689, 41.671082], [-8.101161, 41.678568], [-8.095487, 41.685494], [-8.083446, 41.687309], [-8.076087, 41.678369], [-8.083682, 41.670677], [-8.095689, 41.671082]]], [[[-8.745694, 41.338568], [-8.757658, 41.335311], [-8.76963, 41.329494], [-8.779942, 41.321574], [-8.787134, 41.31258], [-8.790878, 41.303579], [-8.791934, 41.294573], [-8.79053, 41.285563], [-8.786146, 41.276547], [-8.777732, 41.267523], [-8.769866, 41.262401], [-8.757947, 41.257212], [-8.746021, 41.254358], [-8.734089, 41.253179], [-8.71021, 41.254712], [-8.686302, 41.262028], [-8.674325, 41.269948], [-8.668182, 41.276268], [-8.663712, 41.285262], [-8.662655, 41.294267], [-8.664558, 41.30328], [-8.669854, 41.312303], [-8.685994, 41.326468], [-8.697913, 41.333056], [-8.709845, 41.337274], [-8.733737, 41.339877], [-8.745694, 41.338568]], [[-8.757676, 41.330444], [-8.74571, 41.334614], [-8.733751, 41.336479], [-8.7218, 41.336389], [-8.709858, 41.334365], [-8.697927, 41.330025], [-8.683257, 41.321349], [-8.673836, 41.312315], [-8.668158, 41.303291], [-8.666205, 41.294277], [-8.667534, 41.285273], [-8.672649, 41.27628], [-8.682864, 41.267301], [-8.698248, 41.260259], [-8.710198, 41.257432], [-8.734077, 41.25631], [-8.746007, 41.258086], [-8.75793, 41.261851], [-8.769844, 41.26865], [-8.778086, 41.276532], [-8.782872, 41.285549], [-8.784674, 41.29456], [-8.783478, 41.303565], [-8.779437, 41.312565], [-8.771664, 41.321558], [-8.757676, 41.330444]]]]}}, {"id": "16", "type": "Feature", "properties": {"fill": "#80a4d0", "value_min": 1.33, "value_max": -1.67}, "geometry": {"type": "MultiPolygon", "coordinates": [[[[-8.000227, 41.850716], [-7.998523, 41.839843], [-7.992887, 41.830787], [-7.978554, 41.821654], [-7.961187, 41.817652], [-7.949147, 41.817652], [-7.937071, 41.819813], [-7.924932, 41.825728], [-7.919685, 41.830122], [-7.9142, 41.839077], [-7.912115, 41.848064], [-7.912922, 41.857078], [-7.917245, 41.866126], [-7.924133, 41.873394], [-7.930457, 41.877007], [-7.935652, 41.874707], [-7.922604, 41.866176], [-7.916549, 41.857113], [-7.914839, 41.84809], [-7.916469, 41.839098], [-7.92224, 41.830146], [-7.937046, 41.821365], [-7.949126, 41.818968], [-7.961163, 41.81918], [-7.973158, 41.82203], [-7.985092, 41.828767], [-7.993848, 41.839802], [-7.995092, 41.84882], [-7.991947, 41.859034], [-7.995547, 41.858138], [-7.994047, 41.855211], [-7.996765, 41.851162], [-8.000227, 41.850716]]], [[[-7.936031, 41.874933], [-7.936031, 41.874933], [-7.935885, 41.874846], [-7.936031, 41.874933]]], [[[-7.989818, 41.861826], [-7.98447, 41.868146], [-7.971997, 41.875213], [-7.987996, 41.869157], [-7.989818, 41.861826]]], [[[-8.071075, 41.711953], [-8.074955, 41.705381], [-8.076851, 41.696389], [-8.095406, 41.691252], [-8.106723, 41.678611], [-8.102855, 41.669574], [-8.09577, 41.66528], [-8.083767, 41.664638], [-8.073573, 41.669342], [-8.059417, 41.687125], [-8.047373, 41.689015], [-8.036366, 41.696057], [-8.033252, 41.705038], [-8.039551, 41.714097], [-8.046933, 41.718797], [-8.05894, 41.719856], [-8.069512, 41.714344], [-8.071075, 41.711953]], [[-8.070055, 41.705341], [-8.063703, 41.714297], [-8.058985, 41.716756], [-8.046974, 41.716049], [-8.037066, 41.70507], [-8.04173, 41.696102], [-8.047321, 41.692525], [-8.059352, 41.691562], [-8.067269, 41.696312], [-8.070055, 41.705341]], [[-8.103942, 41.678589], [-8.095443, 41.68862], [-8.083394, 41.690927], [-8.075215, 41.687369], [-8.072173, 41.678337], [-8.079563, 41.66939], [-8.083727, 41.667468], [-8.095733, 41.667965], [-8.103942, 41.678589]]], [[[-8.769608, 41.335658], [-8.778568, 41.330579], [-8.789161, 41.321591], [-8.795551, 41.312595], [-8.799282, 41.303594], [-8.800417, 41.294588], [-8.799145, 41.285578], [-8.795059, 41.276563], [-8.787849, 41.267542], [-8.781802, 41.262917], [-8.769887, 41.25637], [-8.757964, 41.252576], [-8.734102, 41.250048], [-8.710222, 41.251991], [-8.698275, 41.254587], [-8.686318, 41.258791], [-8.671963, 41.267271], [-8.663714, 41.276255], [-8.659383, 41.28525], [-8.658343, 41.294254], [-8.660626, 41.303269], [-8.665874, 41.312292], [-8.685979, 41.329557], [-8.697898, 41.336143], [-8.721772, 41.343031], [-8.745677, 41.342904], [-8.769608, 41.335658]], [[-8.745694, 41.338568], [-8.733737, 41.339877], [-8.709845, 41.337274], [-8.697913, 41.333056], [-8.685994, 41.326468], [-8.669854, 41.312303], [-8.664558, 41.30328], [-8.662655, 41.294267], [-8.663712, 41.285262], [-8.668182, 41.276268], [-8.674325, 41.269948], [-8.686302, 41.262028], [-8.71021, 41.254712], [-8.734089, 41.253179], [-8.746021, 41.254358], [-8.757947, 41.257212], [-8.769866, 41.262401], [-8.777732, 41.267523], [-8.786146, 41.276547], [-8.79053, 41.285563], [-8.791934, 41.294573], [-8.790878, 41.303579], [-8.787134, 41.31258], [-8.779942, 41.321574], [-8.76963, 41.329494], [-8.757658, 41.335311], [-8.745694, 41.338568]]]]}}, {"id": "15", "type": "Feature", "properties": {"fill": "#97a3b2", "value_min": 1.0, "value_max": -1.33}, "geometry": {"type": "MultiPolygon", "coordinates": [[[[-8.005809, 41.844684], [-8.004729, 41.839897], [-7.998338, 41.830835], [-7.985255, 41.821713], [-7.973228, 41.817623], [-7.949169, 41.816337], [-7.937097, 41.818251], [-7.929316, 41.821205], [-7.91713, 41.830098], [-7.908704, 41.848032], [-7.908718, 41.857038], [-7.911857, 41.866075], [-7.921757, 41.877834], [-7.930457, 41.877007], [-7.924133, 41.873394], [-7.917245, 41.866126], [-7.912922, 41.857078], [-7.912115, 41.848064], [-7.9142, 41.839077], [-7.919685, 41.830122], [-7.924932, 41.825728], [-7.937071, 41.819813], [-7.949147, 41.817652], [-7.961187, 41.817652], [-7.978554, 41.821654], [-7.992887, 41.830787], [-7.998523, 41.839843], [-8.000227, 41.850716], [-8.00339, 41.85027], [-8.005809, 41.844684]]], [[[-8.080183, 41.705423], [-8.087106, 41.696471], [-8.09537, 41.693884], [-8.103357, 41.687592], [-8.110338, 41.678639], [-8.107381, 41.669609], [-8.095808, 41.662595], [-8.083808, 41.661807], [-8.071734, 41.666118], [-8.066964, 41.669288], [-8.059541, 41.678563], [-8.035319, 41.691548], [-8.031021, 41.696012], [-8.029266, 41.705004], [-8.035135, 41.71406], [-8.046893, 41.721545], [-8.058894, 41.722955], [-8.070983, 41.718376], [-8.0754, 41.714391], [-8.080183, 41.705423]], [[-8.071075, 41.711953], [-8.069512, 41.714344], [-8.05894, 41.719856], [-8.046933, 41.718797], [-8.039551, 41.714097], [-8.033252, 41.705038], [-8.036366, 41.696057], [-8.047373, 41.689015], [-8.059417, 41.687125], [-8.073573, 41.669342], [-8.083767, 41.664638], [-8.09577, 41.66528], [-8.102855, 41.669574], [-8.106723, 41.678611], [-8.095406, 41.691252], [-8.076851, 41.696389], [-8.074955, 41.705381], [-8.071075, 41.711953]]], [[[-8.804871, 41.27579], [-8.799249, 41.267563], [-8.788323, 41.258535], [-8.769908, 41.250447], [-8.746051, 41.246619], [-8.722177, 41.247483], [-8.698288, 41.251693], [-8.686334, 41.255448], [-8.674368, 41.261375], [-8.666352, 41.267254], [-8.658727, 41.27624], [-8.654759, 41.285236], [-8.653935, 41.294241], [-8.656075, 41.303255], [-8.661815, 41.31228], [-8.674054, 41.324408], [-8.697884, 41.339229], [-8.709815, 41.344048], [-8.721756, 41.346693], [-8.74566, 41.347362], [-8.75762, 41.345492], [-8.774962, 41.33958], [-8.793536, 41.327392], [-8.79947, 41.32161], [-8.806222, 41.310103], [-8.804871, 41.27579]], [[-8.769608, 41.335658], [-8.745677, 41.342904], [-8.721772, 41.343031], [-8.697898, 41.336143], [-8.685979, 41.329557], [-8.665874, 41.312292], [-8.660626, 41.303269], [-8.658343, 41.294254], [-8.659383, 41.28525], [-8.663714, 41.276255], [-8.671963, 41.267271], [-8.686318, 41.258791], [-8.698275, 41.254587], [-8.710222, 41.251991], [-8.734102, 41.250048], [-8.757964, 41.252576], [-8.769887, 41.25637], [-8.781802, 41.262917], [-8.787849, 41.267542], [-8.795059, 41.276563], [-8.799145, 41.285578], [-8.800417, 41.294588], [-8.799282, 41.303594], [-8.795551, 41.312595], [-8.789161, 41.321591], [-8.778568, 41.330579], [-8.769608, 41.335658]]]]}}, {"id": "14", "type": "Feature", "properties": {"fill": "#a3a3a3", "value_min": 0.67, "value_max": -1.0}, "geometry": {"type": "MultiPolygon", "coordinates": [[[[-8.010037, 41.837486], [-8.005867, 41.8309], [-7.993732, 41.821788], [-7.985259, 41.81823], [-7.973263, 41.815416], [-7.961237, 41.814597], [-7.937123, 41.81669], [-7.925005, 41.82134], [-7.914575, 41.830074], [-7.908609, 41.839024], [-7.905293, 41.847999], [-7.905107, 41.860922], [-7.905215, 41.861528], [-7.905227, 41.861597], [-7.907309, 41.865203], [-7.906401, 41.866768], [-7.907576, 41.869029], [-7.907597, 41.869071], [-7.907693, 41.869255], [-7.910299, 41.871285], [-7.90999, 41.873677], [-7.911723, 41.876465], [-7.911787, 41.876553], [-7.911886, 41.87669], [-7.912687, 41.877516], [-7.912766, 41.877592], [-7.912987, 41.877804], [-7.913002, 41.877817], [-7.915391, 41.879397], [-7.921757, 41.877834], [-7.911857, 41.866075], [-7.908718, 41.857038], [-7.908704, 41.848032], [-7.91713, 41.830098], [-7.929316, 41.821205], [-7.937097, 41.818251], [-7.949169, 41.816337], [-7.973228, 41.817623], [-7.985255, 41.821713], [-7.998338, 41.830835], [-8.004729, 41.839897], [-8.005809, 41.844684], [-8.007928, 41.838796], [-8.010037, 41.837486]]], [[[-8.081316, 41.714439], [-8.086115, 41.70547], [-8.106629, 41.687617], [-8.114336, 41.67867], [-8.112387, 41.669648], [-8.107777, 41.66563], [-8.095848, 41.65973], [-8.083854, 41.658562], [-8.071802, 41.661439], [-8.049345, 41.678151], [-8.033498, 41.687026], [-8.025683, 41.695967], [-8.025279, 41.70497], [-8.030877, 41.714025], [-8.046844, 41.724831], [-8.058832, 41.727239], [-8.070903, 41.723921], [-8.081316, 41.714439]], [[-8.080183, 41.705423], [-8.0754, 41.714391], [-8.070983, 41.718376], [-8.058894, 41.722955], [-8.046893, 41.721545], [-8.035135, 41.71406], [-8.029266, 41.705004], [-8.031021, 41.696012], [-8.035319, 41.691548], [-8.059541, 41.678563], [-8.066964, 41.669288], [-8.071734, 41.666118], [-8.083808, 41.661807], [-8.095808, 41.662595], [-8.107381, 41.669609], [-8.110338, 41.678639], [-8.103357, 41.687592], [-8.09537, 41.693884], [-8.087106, 41.696471], [-8.080183, 41.705423]]], [[[-8.804221, 41.259275], [-8.793773, 41.252366], [-8.781854, 41.24728], [-8.758, 41.242791], [-8.734131, 41.243026], [-8.698301, 41.248727], [-8.674389, 41.257214], [-8.660546, 41.267237], [-8.653512, 41.276224], [-8.650075, 41.285222], [-8.649284, 41.294227], [-8.651523, 41.303242], [-8.656721, 41.312265], [-8.674036, 41.32816], [-8.697866, 41.343157], [-8.721738, 41.350888], [-8.74564, 41.352429], [-8.769564, 41.348234], [-8.79016, 41.339609], [-8.806866, 41.326444], [-8.806222, 41.310103], [-8.79947, 41.32161], [-8.793536, 41.327392], [-8.774962, 41.33958], [-8.75762, 41.345492], [-8.74566, 41.347362], [-8.721756, 41.346693], [-8.709815, 41.344048], [-8.697884, 41.339229], [-8.674054, 41.324408], [-8.661815, 41.31228], [-8.656075, 41.303255], [-8.653935, 41.294241], [-8.654759, 41.285236], [-8.658727, 41.27624], [-8.666352, 41.267254], [-8.674368, 41.261375], [-8.686334, 41.255448], [-8.698288, 41.251693], [-8.722177, 41.247483], [-8.746051, 41.246619], [-8.769908, 41.250447], [-8.788323, 41.258535], [-8.799249, 41.267563], [-8.804871, 41.27579], [-8.804221, 41.259275]]]]}}, {"id": "10", "type": "Feature", "properties": {"fill": "#a3a3a3", "value_min": -0.67, "value_max": -0.33}, "geometry": {"type": "MultiPolygon", "coordinates": [[[[-8.105843, 41.81185], [-8.106509, 41.804707], [-8.110198, 41.795728], [-8.123215, 41.777815], [-8.128252, 41.768846], [-8.130477, 41.759856], [-8.129634, 41.750843], [-8.114818, 41.723709], [-8.113883, 41.714695], [-8.120945, 41.705742], [-8.131381, 41.696827], [-8.143497, 41.689424], [-8.150635, 41.687951], [-8.161934, 41.679027], [-8.155131, 41.66997], [-8.108025, 41.64768], [-8.096071, 41.643776], [-8.060152, 41.63661], [-8.03628, 41.62712], [-8.02432, 41.624184], [-8.012323, 41.623684], [-8.000279, 41.626275], [-7.98961, 41.632606], [-7.982105, 41.641547], [-7.978557, 41.650522], [-7.978331, 41.668534], [-7.982946, 41.686589], [-7.991591, 41.70468], [-8.002923, 41.713785], [-8.022821, 41.723329], [-8.031048, 41.73204], [-8.043379, 41.768171], [-8.045176, 41.777193], [-8.042121, 41.786174], [-8.020195, 41.794996], [-7.997604, 41.798655], [-7.97789, 41.803634], [-7.923303, 41.812142], [-7.91303, 41.81743], [-7.882256, 41.854123], [-7.888786, 41.856162], [-7.905342, 41.829986], [-7.913669, 41.821058], [-7.925127, 41.814054], [-7.973393, 41.807318], [-7.997479, 41.806676], [-8.009495, 41.808099], [-8.02716, 41.813069], [-8.045517, 41.8242], [-8.047679, 41.821276], [-8.057314, 41.815656], [-8.06664, 41.817012], [-8.072961, 41.813414], [-8.078678, 41.813417], [-8.082892, 41.810493], [-8.091013, 41.812521], [-8.093421, 41.811397], [-8.093723, 41.808471], [-8.105843, 41.81185]], [[-8.070488, 41.752733], [-8.058504, 41.749718], [-8.04659, 41.741998], [-8.027699, 41.723005], [-8.004614, 41.704793], [-8.000251, 41.695748], [-7.998188, 41.677716], [-7.999772, 41.659037], [-8.004882, 41.650753], [-8.011991, 41.645428], [-8.02358, 41.641907], [-8.096005, 41.648483], [-8.12328, 41.660724], [-8.134096, 41.669814], [-8.136039, 41.678835], [-8.11022, 41.705659], [-8.105519, 41.71463], [-8.101181, 41.73261], [-8.09632, 41.741579], [-8.08254, 41.750997], [-8.070488, 41.752733]]], [[[-7.730506, 41.87215], [-7.743175, 41.883561], [-7.755174, 41.886335], [-7.767256, 41.884807], [-7.779452, 41.877315], [-7.782217, 41.87378], [-7.784807, 41.864801], [-7.782244, 41.855767], [-7.779906, 41.853408], [-7.768015, 41.845285], [-7.755999, 41.843785], [-7.748057, 41.845201], [-7.750532, 41.849261], [-7.743309, 41.849012], [-7.746901, 41.8524], [-7.746881, 41.855776], [-7.73843, 41.859348], [-7.734159, 41.868337], [-7.730228, 41.871062], [-7.730391, 41.8717], [-7.730506, 41.87215]], [[-7.752724, 41.864457], [-7.753804, 41.855462], [-7.758682, 41.855515], [-7.759821, 41.864534], [-7.755567, 41.866072], [-7.752724, 41.864457]]], [[[-8.203269, 41.714496], [-8.215306, 41.713192], [-8.226481, 41.706501], [-8.231632, 41.697528], [-8.230337, 41.688513], [-8.227665, 41.684936], [-8.215741, 41.677431], [-8.203742, 41.676158], [-8.191119, 41.679236], [-8.181025, 41.688172], [-8.181679, 41.697183], [-8.186892, 41.706227], [-8.1913, 41.710412], [-8.203269, 41.714496]]], [[[-8.376641, 41.671385], [-8.383979, 41.673198], [-8.386847, 41.67144], [-8.386686, 41.662432], [-8.384096, 41.660913], [-8.376991, 41.66238], [-8.376641, 41.671385]]], [[[-8.110186, 41.490395], [-8.124752, 41.489599], [-8.131165, 41.48064], [-8.122443, 41.469845], [-8.110472, 41.469492], [-8.106968, 41.471447], [-8.100988, 41.480408], [-8.107771, 41.489468], [-8.110186, 41.490395]]], [[[-8.172594, 41.377661], [-8.175331, 41.390891], [-8.182759, 41.399951], [-8.195063, 41.407861], [-8.20698, 41.411733], [-8.218932, 41.412853], [-8.230914, 41.411378], [-8.242931, 41.406889], [-8.251747, 41.400421], [-8.258538, 41.391457], [-8.261073, 41.382466], [-8.26041, 41.373454], [-8.256621, 41.364422], [-8.250527, 41.357719], [-8.248141, 41.360052], [-8.248448, 41.364328], [-8.245461, 41.364781], [-8.244568, 41.366636], [-8.249293, 41.373382], [-8.250595, 41.382398], [-8.24685, 41.391381], [-8.243067, 41.395236], [-8.231032, 41.401435], [-8.219056, 41.402513], [-8.207126, 41.399737], [-8.195279, 41.391032], [-8.191251, 41.381996], [-8.192055, 41.375852], [-8.175853, 41.376309], [-8.172594, 41.377661]]], [[[-8.802018, 41.203243], [-8.781986, 41.207584], [-8.713791, 41.231351], [-8.662525, 41.243047], [-8.650555, 41.249598], [-8.632485, 41.267151], [-8.622596, 41.285135], [-8.620949, 41.294137], [-8.622419, 41.30315], [-8.627919, 41.312175], [-8.685848, 41.356855], [-8.697763, 41.365439], [-8.709693, 41.37153], [-8.733581, 41.378164], [-8.757489, 41.380874], [-8.781409, 41.380681], [-8.808861, 41.377005], [-8.808324, 41.363415], [-8.781445, 41.369922], [-8.757523, 41.371788], [-8.733614, 41.37007], [-8.709727, 41.363732], [-8.68588, 41.350117], [-8.647244, 41.321244], [-8.637973, 41.312208], [-8.631838, 41.30318], [-8.629898, 41.294166], [-8.630888, 41.285162], [-8.64045, 41.267176], [-8.650517, 41.256868], [-8.662494, 41.249027], [-8.674453, 41.244163], [-8.758068, 41.224507], [-8.781943, 41.220499], [-8.802682, 41.220145], [-8.802018, 41.203243]]]]}}, {"id": "11", "type": "Feature", "properties": {"fill": "#a3a3a3", "value_min": -0.33, "value_max": -0.0}, "geometry": {"type": "MultiPolygon", "coordinates": [[[[-8.045517, 41.8242], [-8.02716, 41.813069], [-8.009495, 41.808099], [-7.997479, 41.806676], [-7.973393, 41.807318], [-7.925127, 41.814054], [-7.913669, 41.821058], [-7.905342, 41.829986], [-7.888786, 41.856162], [-7.893886, 41.859324], [-7.902477, 41.838965], [-7.912897, 41.825316], [-7.925086, 41.816489], [-7.937175, 41.813568], [-7.973344, 41.810382], [-7.995828, 41.812799], [-8.009355, 41.817192], [-8.018472, 41.822002], [-8.027949, 41.830038], [-8.037134, 41.831171], [-8.041351, 41.828023], [-8.041054, 41.825097], [-8.045517, 41.8242]]], [[[-7.752724, 41.864457], [-7.755567, 41.866072], [-7.759821, 41.864534], [-7.758682, 41.855515], [-7.753804, 41.855462], [-7.752724, 41.864457]]], [[[-8.070488, 41.752733], [-8.08254, 41.750997], [-8.09632, 41.741579], [-8.101181, 41.73261], [-8.105519, 41.71463], [-8.11022, 41.705659], [-8.136039, 41.678835], [-8.134096, 41.669814], [-8.12328, 41.660724], [-8.096005, 41.648483], [-8.02358, 41.641907], [-8.011991, 41.645428], [-8.004882, 41.650753], [-7.999772, 41.659037], [-7.998188, 41.677716], [-8.000251, 41.695748], [-8.004614, 41.704793], [-8.027699, 41.723005], [-8.04659, 41.741998], [-8.058504, 41.749718], [-8.070488, 41.752733]], [[-8.070686, 41.738941], [-8.058665, 41.738682], [-8.046713, 41.733681], [-8.021946, 41.713949], [-8.013715, 41.704872], [-8.011352, 41.695844], [-8.012747, 41.686849], [-8.020917, 41.677912], [-8.037247, 41.669043], [-8.047806, 41.659676], [-8.059908, 41.653349], [-8.083957, 41.651228], [-8.095945, 41.652754], [-8.114377, 41.660656], [-8.124419, 41.66974], [-8.125453, 41.678755], [-8.11751, 41.687701], [-8.105759, 41.696618], [-8.092228, 41.723533], [-8.084638, 41.732479], [-8.070686, 41.738941]]], [[[-8.192055, 41.375852], [-8.191251, 41.381996], [-8.195279, 41.391032], [-8.207126, 41.399737], [-8.219056, 41.402513], [-8.231032, 41.401435], [-8.243067, 41.395236], [-8.24685, 41.391381], [-8.250595, 41.382398], [-8.249293, 41.373382], [-8.244568, 41.366636], [-8.244272, 41.368384], [-8.239197, 41.371315], [-8.232024, 41.369971], [-8.225173, 41.370877], [-8.231384, 41.371554], [-8.233677, 41.373279], [-8.23705, 41.382309], [-8.231168, 41.389836], [-8.218388, 41.391191], [-8.208876, 41.382119], [-8.212531, 41.374939], [-8.208127, 41.376968], [-8.204839, 41.376294], [-8.200657, 41.377648], [-8.194976, 41.374275], [-8.192055, 41.375852]]], [[[-8.212607, 41.374788], [-8.212607, 41.374788], [-8.212874, 41.374263], [-8.212607, 41.374788]]], [[[-8.212905, 41.374202], [-8.212905, 41.374202], [-8.212989, 41.374038], [-8.212905, 41.374202]]], [[[-8.214696, 41.372539], [-8.219441, 41.370252], [-8.224853, 41.370842], [-8.21738, 41.368182], [-8.214696, 41.372539]]], [[[-8.802682, 41.220145], [-8.781943, 41.220499], [-8.758068, 41.224507], [-8.674453, 41.244163], [-8.662494, 41.249027], [-8.650517, 41.256868], [-8.64045, 41.267176], [-8.630888, 41.285162], [-8.629898, 41.294166], [-8.631838, 41.30318], [-8.637973, 41.312208], [-8.647244, 41.321244], [-8.68588, 41.350117], [-8.709727, 41.363732], [-8.733614, 41.37007], [-8.757523, 41.371788], [-8.781445, 41.369922], [-8.808324, 41.363415], [-8.807838, 41.351094], [-8.781476, 41.360479], [-8.757552, 41.363975], [-8.733642, 41.36327], [-8.709756, 41.35723], [-8.685905, 41.344927], [-8.654264, 41.321265], [-8.645115, 41.31223], [-8.639712, 41.303205], [-8.637545, 41.294191], [-8.64153, 41.276188], [-8.647642, 41.267199], [-8.657053, 41.258219], [-8.674431, 41.248776], [-8.698332, 41.242151], [-8.758042, 41.231564], [-8.781909, 41.230642], [-8.803225, 41.233945], [-8.802682, 41.220145]]]]}}, {"id": "13", "type": "Feature", "properties": {"fill": "#a3a3a3", "value_min": 0.33, "value_max": -0.67}, "geometry": {"type": "MultiPolygon", "coordinates": [[[[-8.013362, 41.829263], [-8.004096, 41.821878], [-7.985313, 41.814769], [-7.961262, 41.813068], [-7.937149, 41.815128], [-7.925046, 41.818924], [-7.911808, 41.830048], [-7.905543, 41.838995], [-7.901881, 41.847967], [-7.900096, 41.861362], [-7.902203, 41.861591], [-7.904017, 41.859794], [-7.905107, 41.860922], [-7.905293, 41.847999], [-7.908609, 41.839024], [-7.914575, 41.830074], [-7.925005, 41.82134], [-7.937123, 41.81669], [-7.961237, 41.814597], [-7.973263, 41.815416], [-7.985259, 41.81823], [-7.993732, 41.821788], [-8.005867, 41.8309], [-8.010037, 41.837486], [-8.013362, 41.829263]]], [[[-7.913002, 41.877817], [-7.913002, 41.877817], [-7.912987, 41.877804], [-7.913002, 41.877817]]], [[[-7.912766, 41.877592], [-7.912766, 41.877592], [-7.912687, 41.877516], [-7.912766, 41.877592]]], [[[-7.911886, 41.87669], [-7.911886, 41.87669], [-7.911787, 41.876553], [-7.911886, 41.87669]]], [[[-7.911723, 41.876465], [-7.911723, 41.876465], [-7.90999, 41.873677], [-7.911723, 41.876465]]], [[[-7.907693, 41.869255], [-7.907693, 41.869255], [-7.907597, 41.869071], [-7.907693, 41.869255]]], [[[-7.907576, 41.869029], [-7.907576, 41.869029], [-7.906401, 41.866768], [-7.907576, 41.869029]]], [[[-7.905227, 41.861597], [-7.905227, 41.861597], [-7.905215, 41.861528], [-7.905227, 41.861597]]], [[[-8.08295, 41.722196], [-8.092997, 41.705525], [-8.100526, 41.696577], [-8.111748, 41.687657], [-8.118334, 41.678701], [-8.117432, 41.669687], [-8.107837, 41.661324], [-8.095897, 41.656242], [-8.083905, 41.654914], [-8.071873, 41.656459], [-8.059786, 41.661726], [-8.024344, 41.686948], [-8.019061, 41.69591], [-8.020173, 41.704927], [-8.026624, 41.713989], [-8.046784, 41.728889], [-8.058767, 41.731655], [-8.070809, 41.730426], [-8.08295, 41.722196]], [[-8.081316, 41.714439], [-8.070903, 41.723921], [-8.058832, 41.727239], [-8.046844, 41.724831], [-8.030877, 41.714025], [-8.025279, 41.70497], [-8.025683, 41.695967], [-8.033498, 41.687026], [-8.049345, 41.678151], [-8.071802, 41.661439], [-8.083854, 41.658562], [-8.095848, 41.65973], [-8.107777, 41.66563], [-8.112387, 41.669648], [-8.114336, 41.67867], [-8.106629, 41.687617], [-8.086115, 41.70547], [-8.081316, 41.714439]]], [[[-8.803721, 41.246574], [-8.78188, 41.239317], [-8.75802, 41.237357], [-8.722205, 41.241047], [-8.686366, 41.248658], [-8.664919, 41.258242], [-8.654275, 41.267219], [-8.64785, 41.276207], [-8.644226, 41.285204], [-8.643517, 41.294209], [-8.645834, 41.303224], [-8.651627, 41.31225], [-8.660379, 41.321284], [-8.685927, 41.340276], [-8.709778, 41.352353], [-8.733666, 41.357248], [-8.757577, 41.357052], [-8.781505, 41.35194], [-8.793474, 41.347141], [-8.807368, 41.339165], [-8.806866, 41.326444], [-8.79016, 41.339609], [-8.769564, 41.348234], [-8.74564, 41.352429], [-8.721738, 41.350888], [-8.697866, 41.343157], [-8.674036, 41.32816], [-8.656721, 41.312265], [-8.651523, 41.303242], [-8.649284, 41.294227], [-8.650075, 41.285222], [-8.653512, 41.276224], [-8.660546, 41.267237], [-8.674389, 41.257214], [-8.698301, 41.248727], [-8.734131, 41.243026], [-8.758, 41.242791], [-8.781854, 41.24728], [-8.793773, 41.252366], [-8.804221, 41.259275], [-8.803721, 41.246574]]]]}}, {"id": "12", "type": "Feature", "properties": {"fill": "#a3a3a3", "value_min": 0.0, "value_max": -0.33}, "geometry": {"type": "MultiPolygon", "coordinates": [[[[-8.027949, 41.830038], [-8.018472, 41.822002], [-8.009355, 41.817192], [-7.995828, 41.812799], [-7.973344, 41.810382], [-7.937175, 41.813568], [-7.925086, 41.816489], [-7.912897, 41.825316], [-7.902477, 41.838965], [-7.893886, 41.859324], [-7.900096, 41.861362], [-7.901881, 41.847967], [-7.905543, 41.838995], [-7.911808, 41.830048], [-7.925046, 41.818924], [-7.937149, 41.815128], [-7.961262, 41.813068], [-7.985313, 41.814769], [-8.004096, 41.821878], [-8.013362, 41.829263], [-8.017873, 41.831379], [-8.027949, 41.830038]]], [[[-8.070686, 41.738941], [-8.084638, 41.732479], [-8.092228, 41.723533], [-8.105759, 41.696618], [-8.11751, 41.687701], [-8.125453, 41.678755], [-8.124419, 41.66974], [-8.114377, 41.660656], [-8.095945, 41.652754], [-8.083957, 41.651228], [-8.059908, 41.653349], [-8.047806, 41.659676], [-8.037247, 41.669043], [-8.020917, 41.677912], [-8.012747, 41.686849], [-8.011352, 41.695844], [-8.013715, 41.704872], [-8.021946, 41.713949], [-8.046713, 41.733681], [-8.058665, 41.738682], [-8.070686, 41.738941]], [[-8.08295, 41.722196], [-8.070809, 41.730426], [-8.058767, 41.731655], [-8.046784, 41.728889], [-8.026624, 41.713989], [-8.020173, 41.704927], [-8.019061, 41.69591], [-8.024344, 41.686948], [-8.059786, 41.661726], [-8.071873, 41.656459], [-8.083905, 41.654914], [-8.095897, 41.656242], [-8.107837, 41.661324], [-8.117432, 41.669687], [-8.118334, 41.678701], [-8.111748, 41.687657], [-8.100526, 41.696577], [-8.092997, 41.705525], [-8.08295, 41.722196]]], [[[-8.212531, 41.374939], [-8.208876, 41.382119], [-8.218388, 41.391191], [-8.231168, 41.389836], [-8.23705, 41.382309], [-8.233677, 41.373279], [-8.231384, 41.371554], [-8.225173, 41.370877], [-8.224853, 41.370842], [-8.219441, 41.370252], [-8.214696, 41.372539], [-8.212989, 41.374038], [-8.212905, 41.374202], [-8.212874, 41.374263], [-8.212607, 41.374788], [-8.212531, 41.374939]]], [[[-8.803225, 41.233945], [-8.781909, 41.230642], [-8.758042, 41.231564], [-8.698332, 41.242151], [-8.674431, 41.248776], [-8.657053, 41.258219], [-8.647642, 41.267199], [-8.64153, 41.276188], [-8.637545, 41.294191], [-8.639712, 41.303205], [-8.645115, 41.31223], [-8.654264, 41.321265], [-8.685905, 41.344927], [-8.709756, 41.35723], [-8.733642, 41.36327], [-8.757552, 41.363975], [-8.781476, 41.360479], [-8.807838, 41.351094], [-8.807368, 41.339165], [-8.793474, 41.347141], [-8.781505, 41.35194], [-8.757577, 41.357052], [-8.733666, 41.357248], [-8.709778, 41.352353], [-8.685927, 41.340276], [-8.660379, 41.321284], [-8.651627, 41.31225], [-8.645834, 41.303224], [-8.643517, 41.294209], [-8.644226, 41.285204], [-8.64785, 41.276207], [-8.654275, 41.267219], [-8.664919, 41.258242], [-8.686366, 41.248658], [-8.722205, 41.241047], [-8.75802, 41.237357], [-8.78188, 41.239317], [-8.803721, 41.246574], [-8.803225, 41.233945]]]]}}]}