{"type": "FeatureCollection", "features": [{"id": "5", "type": "Feature", "properties": {"fill": "#ea870e", "value_min": -2.33, "value_max": -2.0}, "geometry": {"type": "MultiPolygon", "coordinates": [[[[-7.888774, 41.827626], [-7.894888, 41.820879], [-7.899695, 41.811919], [-7.902174, 41.793929], [-7.909238, 41.784989], [-7.913588, 41.784409], [-7.926407, 41.794158], [-7.937429, 41.798186], [-7.949469, 41.797989], [-7.957849, 41.794447], [-7.976252, 41.767592], [-7.979223, 41.758612], [-7.977475, 41.749589], [-7.970933, 41.740524], [-7.950689, 41.72315], [-7.939271, 41.704208], [-7.931631, 41.695131], [-7.915266, 41.684779], [-7.9033, 41.681891], [-7.891256, 41.68359], [-7.879042, 41.695048], [-7.863521, 41.730505], [-7.863449, 41.739511], [-7.882038, 41.757707], [-7.882912, 41.766723], [-7.865678, 41.771634], [-7.853633, 41.772368], [-7.841553, 41.77508], [-7.82942, 41.78062], [-7.819831, 41.793112], [-7.818816, 41.802109], [-7.820546, 41.811133], [-7.825386, 41.820189], [-7.833989, 41.829284], [-7.840503, 41.833348], [-7.852472, 41.837478], [-7.864508, 41.837902], [-7.8766, 41.835159], [-7.888774, 41.827626]], [[-7.864598, 41.832846], [-7.850124, 41.829447], [-7.839095, 41.820329], [-7.83556, 41.811286], [-7.837563, 41.8023], [-7.846817, 41.793386], [-7.853317, 41.790111], [-7.865396, 41.787622], [-7.877419, 41.788279], [-7.889341, 41.794784], [-7.89479, 41.802865], [-7.895178, 41.811875], [-7.888855, 41.822966], [-7.876677, 41.830766], [-7.864598, 41.832846]], [[-7.937814, 41.774848], [-7.925695, 41.767131], [-7.921171, 41.758081], [-7.924263, 41.749104], [-7.926251, 41.746719], [-7.938354, 41.742075], [-7.950359, 41.743376], [-7.959955, 41.749432], [-7.962239, 41.752503], [-7.965177, 41.758486], [-7.962011, 41.766619], [-7.949845, 41.774898], [-7.937814, 41.774848]], [[-7.902319, 41.739561], [-7.890319, 41.738062], [-7.878516, 41.730652], [-7.874861, 41.72161], [-7.877103, 41.712625], [-7.883501, 41.70368], [-7.891026, 41.696958], [-7.903071, 41.695378], [-7.915027, 41.699007], [-7.921434, 41.704042], [-7.926543, 41.713097], [-7.926988, 41.722108], [-7.923531, 41.731083], [-7.91437, 41.738065], [-7.902319, 41.739561]]], [[[-7.727912, 41.808167], [-7.744657, 41.807831], [-7.764948, 41.801542], [-7.777182, 41.792666], [-7.781829, 41.783709], [-7.782237, 41.774706], [-7.778455, 41.765659], [-7.769013, 41.756552], [-7.757813, 41.749957], [-7.751076, 41.74798], [-7.747812, 41.749995], [-7.747786, 41.754496], [-7.743866, 41.756509], [-7.740214, 41.763924], [-7.731764, 41.76917], [-7.745401, 41.769692], [-7.752567, 41.774388], [-7.757105, 41.783444], [-7.751528, 41.79239], [-7.744892, 41.795772], [-7.73284, 41.796583], [-7.722597, 41.792496], [-7.728879, 41.797871], [-7.72705, 41.801691], [-7.727912, 41.808167]]], [[[-7.722473, 41.792447], [-7.722473, 41.792447], [-7.722297, 41.792376], [-7.722473, 41.792447]]], [[[-7.728448, 41.770581], [-7.728448, 41.770581], [-7.728847, 41.770412], [-7.728448, 41.770581]]], [[[-7.729352, 41.770196], [-7.729352, 41.770196], [-7.729371, 41.770188], [-7.729352, 41.770196]]], [[[-8.352515, 41.743145], [-8.327105, 41.725148], [-8.311415, 41.718614], [-8.299415, 41.716551], [-8.28739, 41.716908], [-8.275335, 41.719848], [-8.263237, 41.726512], [-8.255064, 41.733711], [-8.249059, 41.742679], [-8.246556, 41.751669], [-8.247161, 41.76068], [-8.250746, 41.76971], [-8.255149, 41.775282], [-8.257551, 41.773564], [-8.261762, 41.774235], [-8.268366, 41.769531], [-8.259661, 41.760761], [-8.257133, 41.751738], [-8.259233, 41.742745], [-8.26757, 41.733791], [-8.27523, 41.729273], [-8.287281, 41.726776], [-8.299291, 41.728007], [-8.312079, 41.734066], [-8.320086, 41.743121], [-8.322097, 41.75214], [-8.319284, 41.761732], [-8.326436, 41.765096], [-8.328234, 41.763292], [-8.336653, 41.763728], [-8.338452, 41.762149], [-8.344765, 41.762363], [-8.349267, 41.760103], [-8.352557, 41.755145], [-8.349814, 41.744122], [-8.352515, 41.743145]]], [[[-8.76929, 41.585377], [-8.775371, 41.593972], [-8.78556, 41.593464], [-8.797327, 41.600599], [-8.804218, 41.600109], [-8.80456, 41.604158], [-8.809434, 41.611332], [-8.828644, 41.609656], [-8.82839, 41.585633], [-8.818497, 41.554794], [-8.8221, 41.547542], [-8.821965, 41.534907], [-8.815926, 41.525624], [-8.81063, 41.5101], [-8.813279, 41.503483], [-8.812636, 41.496944], [-8.804699, 41.482068], [-8.798552, 41.474753], [-8.799228, 41.463574], [-8.75605, 41.438625], [-8.735315, 41.429572], [-8.709474, 41.420653], [-8.638627, 41.402286], [-8.625846, 41.39626], [-8.601958, 41.390345], [-8.518318, 41.378395], [-8.4944, 41.378445], [-8.47044, 41.383625], [-8.446433, 41.393851], [-8.374314, 41.430105], [-8.363611, 41.437124], [-8.354897, 41.446083], [-8.351432, 41.455071], [-8.352607, 41.464085], [-8.361849, 41.480801], [-8.362376, 41.491162], [-8.346853, 41.518097], [-8.345026, 41.527094], [-8.345283, 41.536102], [-8.349918, 41.554143], [-8.360371, 41.572216], [-8.396565, 41.611831], [-8.413309, 41.635549], [-8.432218, 41.652114], [-8.448933, 41.662747], [-8.459022, 41.671802], [-8.46389, 41.680832], [-8.457681, 41.68981], [-8.419818, 41.695585], [-8.40777, 41.698914], [-8.390894, 41.70749], [-8.381631, 41.716447], [-8.375949, 41.725424], [-8.373244, 41.734622], [-8.376825, 41.734389], [-8.384922, 41.73032], [-8.387032, 41.731891], [-8.393033, 41.729852], [-8.396942, 41.730518], [-8.403127, 41.726002], [-8.401701, 41.716554], [-8.407666, 41.710244], [-8.414646, 41.707613], [-8.419719, 41.706662], [-8.42492, 41.707665], [-8.435208, 41.715118], [-8.441632, 41.713975], [-8.4446, 41.70654], [-8.453868, 41.697961], [-8.453255, 41.695487], [-8.461659, 41.694563], [-8.482012, 41.682123], [-8.484371, 41.674238], [-8.49308, 41.674886], [-8.499963, 41.671038], [-8.50927, 41.671233], [-8.51018, 41.672806], [-8.511967, 41.670324], [-8.509856, 41.668755], [-8.512252, 41.667847], [-8.514629, 41.663788], [-8.522103, 41.658811], [-8.525706, 41.659023], [-8.527769, 41.652714], [-8.534066, 41.652017], [-8.537355, 41.64998], [-8.537634, 41.646602], [-8.540908, 41.642342], [-8.504389, 41.637177], [-8.492383, 41.637096], [-8.468313, 41.644005], [-8.456288, 41.646008], [-8.444289, 41.644956], [-8.432328, 41.639547], [-8.427749, 41.635622], [-8.422257, 41.626588], [-8.422174, 41.61758], [-8.437362, 41.590634], [-8.431921, 41.563585], [-8.433025, 41.559988], [-8.445018, 41.559951], [-8.457033, 41.557241], [-8.466142, 41.545734], [-8.460218, 41.536699], [-8.457217, 41.535204], [-8.44523, 41.535182], [-8.440544, 41.536605], [-8.433156, 41.544994], [-8.421085, 41.554121], [-8.409151, 41.547811], [-8.397249, 41.538393], [-8.385403, 41.523343], [-8.378946, 41.50026], [-8.377634, 41.464223], [-8.380846, 41.455233], [-8.388503, 41.446266], [-8.398165, 41.439444], [-8.410187, 41.433714], [-8.434185, 41.426871], [-8.458145, 41.423899], [-8.494034, 41.425528], [-8.553802, 41.435778], [-8.625667, 41.427508], [-8.649611, 41.425995], [-8.6855, 41.429068], [-8.715921, 41.438533], [-8.733018, 41.447582], [-8.755425, 41.465646], [-8.769616, 41.483691], [-8.778835, 41.501724], [-8.785092, 41.528758], [-8.784562, 41.546772], [-8.780047, 41.564778], [-8.76929, 41.585377]]], [[[-8.010678, 41.731166], [-8.008865, 41.731851], [-8.010632, 41.73416], [-8.011971, 41.731877], [-8.010678, 41.731166]]], [[[-8.143061, 41.722315], [-8.152328, 41.714985], [-8.153138, 41.705984], [-8.14338, 41.698293], [-8.131359, 41.698485], [-8.121272, 41.705744], [-8.119161, 41.714735], [-8.131014, 41.724119], [-8.143061, 41.722315]], [[-8.131091, 41.718379], [-8.126525, 41.714791], [-8.127768, 41.705794], [-8.131295, 41.703255], [-8.1433, 41.704315], [-8.145346, 41.705926], [-8.144953, 41.71493], [-8.14314, 41.716365], [-8.131091, 41.718379]]], [[[-8.062359, 41.575726], [-8.065121, 41.579202], [-8.056786, 41.606155], [-8.058644, 41.615178], [-8.064958, 41.624236], [-8.072269, 41.628888], [-8.084219, 41.632729], [-8.096231, 41.63229], [-8.111298, 41.624604], [-8.117953, 41.615648], [-8.120257, 41.606659], [-8.118495, 41.588631], [-8.123259, 41.57966], [-8.145108, 41.567629], [-8.157229, 41.557843], [-8.166079, 41.54395], [-8.167587, 41.534953], [-8.16392, 41.516912], [-8.156986, 41.507854], [-8.145973, 41.501935], [-8.108513, 41.498481], [-8.086208, 41.49176], [-8.066069, 41.487625], [-8.068462, 41.489747], [-8.072054, 41.490199], [-8.072348, 41.495601], [-8.078333, 41.49898], [-8.078332, 41.500331], [-8.08307, 41.501683], [-8.110008, 41.503372], [-8.133894, 41.509232], [-8.144891, 41.516772], [-8.149596, 41.525814], [-8.149643, 41.534822], [-8.145457, 41.543798], [-8.136635, 41.55274], [-8.121221, 41.560204], [-8.109196, 41.562573], [-8.097201, 41.562759], [-8.085241, 41.560433], [-8.07627, 41.556826], [-8.080082, 41.558854], [-8.081576, 41.565157], [-8.078879, 41.56493], [-8.077678, 41.566956], [-8.069283, 41.570553], [-8.069281, 41.572579], [-8.065682, 41.575053], [-8.062359, 41.575726]], [[-8.08428, 41.628486], [-8.074142, 41.624311], [-8.067469, 41.61525], [-8.06899, 41.606255], [-8.072659, 41.601637], [-8.084741, 41.595882], [-8.096721, 41.597192], [-8.107838, 41.606563], [-8.108707, 41.615577], [-8.102165, 41.624533], [-8.096296, 41.62769], [-8.08428, 41.628486]]], [[[-8.553713, 41.448782], [-8.544061, 41.455995], [-8.553643, 41.459016], [-8.557568, 41.456048], [-8.553713, 41.448782]]], [[[-8.64992, 41.36846], [-8.64905, 41.35728], [-8.63807, 41.349145], [-8.626123, 41.348005], [-8.609796, 41.357154], [-8.606718, 41.366151], [-8.6092, 41.375167], [-8.613972, 41.381339], [-8.625918, 41.383721], [-8.637893, 41.381072], [-8.64992, 41.36846]]], [[[-8.475414, 41.239171], [-8.483479, 41.248564], [-8.495201, 41.257623], [-8.507225, 41.26355], [-8.519139, 41.266792], [-8.543006, 41.268269], [-8.566916, 41.263332], [-8.578889, 41.257993], [-8.590873, 41.250402], [-8.601822, 41.240026], [-8.6085, 41.231041], [-8.616604, 41.213053], [-8.620674, 41.19505], [-8.61852, 41.186035], [-8.608955, 41.174318], [-8.608882, 41.174253], [-8.608701, 41.174094], [-8.608582, 41.173989], [-8.597107, 41.165138], [-8.589766, 41.167193], [-8.589194, 41.170572], [-8.583263, 41.174422], [-8.582094, 41.177803], [-8.578825, 41.178941], [-8.580327, 41.180736], [-8.579945, 41.18569], [-8.591222, 41.19433], [-8.597488, 41.203979], [-8.599709, 41.212995], [-8.599006, 41.222], [-8.595331, 41.230995], [-8.587817, 41.239977], [-8.578963, 41.246416], [-8.566995, 41.251431], [-8.555045, 41.253525], [-8.543111, 41.253222], [-8.531195, 41.250435], [-8.519304, 41.2443], [-8.513347, 41.239686], [-8.506666, 41.23065], [-8.50343, 41.221628], [-8.503313, 41.213649], [-8.500076, 41.21546], [-8.50308, 41.219502], [-8.502204, 41.222656], [-8.495642, 41.222227], [-8.495947, 41.223351], [-8.490894, 41.226294], [-8.487935, 41.230354], [-8.490331, 41.232373], [-8.489156, 41.235528], [-8.486181, 41.236888], [-8.484411, 41.240495], [-8.478434, 41.238037], [-8.475414, 41.239171]]], [[[-8.642912, 41.192631], [-8.643363, 41.195123], [-8.651383, 41.204155], [-8.664314, 41.213201], [-8.67459, 41.216526], [-8.686513, 41.218085], [-8.698448, 41.216818], [-8.708974, 41.213323], [-8.719736, 41.204342], [-8.724151, 41.195345], [-8.724316, 41.186337], [-8.720422, 41.17732], [-8.710594, 41.167784], [-8.698698, 41.162447], [-8.686787, 41.160621], [-8.674864, 41.161301], [-8.662927, 41.164737], [-8.653797, 41.170072], [-8.655366, 41.175467], [-8.647955, 41.180228], [-8.647696, 41.185181], [-8.642912, 41.192631]], [[-8.686555, 41.209254], [-8.673751, 41.204221], [-8.670465, 41.195203], [-8.675448, 41.18621], [-8.686685, 41.181931], [-8.6986, 41.183658], [-8.702313, 41.186282], [-8.707769, 41.195304], [-8.703867, 41.204302], [-8.698491, 41.207563], [-8.686555, 41.209254]]]]}}, {"id": "4", "type": "Feature", "properties": {"fill": "#d75e13", "value_min": -2.67, "value_max": -2.33}, "geometry": {"type": "MultiPolygon", "coordinates": [[[[-7.864598, 41.832846], [-7.876677, 41.830766], [-7.888855, 41.822966], [-7.895178, 41.811875], [-7.89479, 41.802865], [-7.889341, 41.794784], [-7.877419, 41.788279], [-7.865396, 41.787622], [-7.853317, 41.790111], [-7.846817, 41.793386], [-7.837563, 41.8023], [-7.83556, 41.811286], [-7.839095, 41.820329], [-7.850124, 41.829447], [-7.864598, 41.832846]], [[-7.864687, 41.827814], [-7.849323, 41.820432], [-7.845684, 41.811389], [-7.849538, 41.80242], [-7.853148, 41.799599], [-7.865267, 41.794937], [-7.877292, 41.795577], [-7.887913, 41.802798], [-7.890661, 41.811832], [-7.885471, 41.820788], [-7.876752, 41.826483], [-7.864687, 41.827814]]], [[[-7.722597, 41.792496], [-7.73284, 41.796583], [-7.744892, 41.795772], [-7.751528, 41.79239], [-7.757105, 41.783444], [-7.752567, 41.774388], [-7.745401, 41.769692], [-7.731764, 41.76917], [-7.729371, 41.770188], [-7.729352, 41.770196], [-7.728847, 41.770412], [-7.728448, 41.770581], [-7.725406, 41.776252], [-7.727191, 41.779184], [-7.724177, 41.780299], [-7.725372, 41.781653], [-7.722297, 41.792376], [-7.722473, 41.792447], [-7.722597, 41.792496]]], [[[-8.319284, 41.761732], [-8.322097, 41.75214], [-8.320086, 41.743121], [-8.312079, 41.734066], [-8.299291, 41.728007], [-8.287281, 41.726776], [-8.27523, 41.729273], [-8.26757, 41.733791], [-8.259233, 41.742745], [-8.257133, 41.751738], [-8.259661, 41.760761], [-8.268366, 41.769531], [-8.271366, 41.766346], [-8.274372, 41.766342], [-8.281337, 41.76302], [-8.274116, 41.760854], [-8.268006, 41.751808], [-8.270308, 41.742815], [-8.275124, 41.738665], [-8.287184, 41.735555], [-8.299165, 41.739542], [-8.30333, 41.74302], [-8.305433, 41.75204], [-8.300673, 41.75861], [-8.30778, 41.758824], [-8.307785, 41.760625], [-8.311096, 41.762195], [-8.319284, 41.761732]]], [[[-7.937814, 41.774848], [-7.949845, 41.774898], [-7.962011, 41.766619], [-7.965177, 41.758486], [-7.962239, 41.752503], [-7.959955, 41.749432], [-7.950359, 41.743376], [-7.938354, 41.742075], [-7.926251, 41.746719], [-7.924263, 41.749104], [-7.921171, 41.758081], [-7.925695, 41.767131], [-7.937814, 41.774848]], [[-7.938047, 41.760751], [-7.936472, 41.758224], [-7.938117, 41.756485], [-7.95016, 41.755586], [-7.952745, 41.758374], [-7.950046, 41.762583], [-7.938047, 41.760751]]], [[[-7.902319, 41.739561], [-7.91437, 41.738065], [-7.923531, 41.731083], [-7.926988, 41.722108], [-7.926543, 41.713097], [-7.921434, 41.704042], [-7.915027, 41.699007], [-7.903071, 41.695378], [-7.891026, 41.696958], [-7.883501, 41.70368], [-7.877103, 41.712625], [-7.874861, 41.72161], [-7.878516, 41.730652], [-7.890319, 41.738062], [-7.902319, 41.739561]], [[-7.89047, 41.729338], [-7.882383, 41.721683], [-7.88343, 41.712686], [-7.890888, 41.705029], [-7.902927, 41.703823], [-7.914785, 41.712987], [-7.91419, 41.721988], [-7.902482, 41.730022], [-7.89047, 41.729338]]], [[[-8.435208, 41.715118], [-8.42492, 41.707665], [-8.419719, 41.706662], [-8.414646, 41.707613], [-8.407666, 41.710244], [-8.401701, 41.716554], [-8.403127, 41.726002], [-8.404721, 41.722847], [-8.417349, 41.725067], [-8.422737, 41.720552], [-8.429643, 41.719859], [-8.430533, 41.717381], [-8.435208, 41.715118]]], [[[-8.131091, 41.718379], [-8.14314, 41.716365], [-8.144953, 41.71493], [-8.145346, 41.705926], [-8.1433, 41.704315], [-8.131295, 41.703255], [-8.127768, 41.705794], [-8.126525, 41.714791], [-8.131091, 41.718379]]], [[[-8.76929, 41.585377], [-8.780047, 41.564778], [-8.784562, 41.546772], [-8.785092, 41.528758], [-8.778835, 41.501724], [-8.769616, 41.483691], [-8.755425, 41.465646], [-8.733018, 41.447582], [-8.715921, 41.438533], [-8.6855, 41.429068], [-8.649611, 41.425995], [-8.625667, 41.427508], [-8.553802, 41.435778], [-8.494034, 41.425528], [-8.458145, 41.423899], [-8.434185, 41.426871], [-8.410187, 41.433714], [-8.398165, 41.439444], [-8.388503, 41.446266], [-8.380846, 41.455233], [-8.377634, 41.464223], [-8.378946, 41.50026], [-8.385403, 41.523343], [-8.397249, 41.538393], [-8.409151, 41.547811], [-8.421085, 41.554121], [-8.433156, 41.544994], [-8.440544, 41.536605], [-8.44523, 41.535182], [-8.457217, 41.535204], [-8.460218, 41.536699], [-8.466142, 41.545734], [-8.457033, 41.557241], [-8.445018, 41.559951], [-8.433025, 41.559988], [-8.431921, 41.563585], [-8.437362, 41.590634], [-8.422174, 41.61758], [-8.422257, 41.626588], [-8.427749, 41.635622], [-8.432328, 41.639547], [-8.444289, 41.644956], [-8.456288, 41.646008], [-8.468313, 41.644005], [-8.492383, 41.637096], [-8.504389, 41.637177], [-8.540908, 41.642342], [-8.543855, 41.633976], [-8.536342, 41.631977], [-8.535128, 41.62973], [-8.543431, 41.61462], [-8.554533, 41.615255], [-8.557244, 41.617046], [-8.562639, 41.61635], [-8.568056, 41.619031], [-8.570735, 41.616095], [-8.577321, 41.614269], [-8.581231, 41.615829], [-8.585766, 41.620988], [-8.591462, 41.620515], [-8.596534, 41.616668], [-8.601628, 41.615972], [-8.603996, 41.611686], [-8.613256, 41.606696], [-8.619881, 41.610269], [-8.621338, 41.604636], [-8.628833, 41.604378], [-8.6366, 41.600518], [-8.639873, 41.597352], [-8.640152, 41.59465], [-8.645536, 41.593051], [-8.646744, 41.594171], [-8.648531, 41.592548], [-8.624707, 41.593955], [-8.576733, 41.590743], [-8.564717, 41.593361], [-8.540662, 41.601568], [-8.52865, 41.603254], [-8.516654, 41.602575], [-8.504682, 41.598971], [-8.492745, 41.590923], [-8.486766, 41.581857], [-8.486, 41.572847], [-8.49386, 41.554867], [-8.493969, 41.54586], [-8.482434, 41.536801], [-8.457315, 41.523515], [-8.445361, 41.51974], [-8.421413, 41.51731], [-8.409459, 41.513947], [-8.397559, 41.504918], [-8.390378, 41.491313], [-8.388911, 41.482298], [-8.389585, 41.473294], [-8.393149, 41.464306], [-8.39799, 41.458336], [-8.410038, 41.450124], [-8.422043, 41.446515], [-8.434027, 41.445058], [-8.445991, 41.445843], [-8.457939, 41.448619], [-8.473774, 41.455695], [-8.529463, 41.491181], [-8.541403, 41.496802], [-8.553381, 41.497223], [-8.565389, 41.493159], [-8.577409, 41.48694], [-8.596085, 41.474205], [-8.617101, 41.456262], [-8.637536, 41.445356], [-8.649525, 41.44207], [-8.673472, 41.440863], [-8.697387, 41.446585], [-8.714732, 41.456545], [-8.723955, 41.465575], [-8.733534, 41.483613], [-8.736063, 41.501634], [-8.733642, 41.519643], [-8.727526, 41.537643], [-8.716749, 41.555632], [-8.701907, 41.570276], [-8.707704, 41.570923], [-8.712485, 41.569323], [-8.716422, 41.573805], [-8.720316, 41.57356], [-8.725151, 41.577811], [-8.726633, 41.576003], [-8.734424, 41.575737], [-8.736564, 41.580228], [-8.738354, 41.579318], [-8.740778, 41.582006], [-8.74467, 41.581535], [-8.750711, 41.58623], [-8.756374, 41.582823], [-8.75635, 41.580347], [-8.762327, 41.578514], [-8.764443, 41.580303], [-8.767441, 41.580286], [-8.76929, 41.585377]], [[-8.553713, 41.448782], [-8.557568, 41.456048], [-8.553643, 41.459016], [-8.544061, 41.455995], [-8.553713, 41.448782]]], [[[-8.701705, 41.570445], [-8.701705, 41.570445], [-8.701636, 41.570503], [-8.701705, 41.570445]]], [[[-8.701407, 41.570694], [-8.686912, 41.580253], [-8.697261, 41.576376], [-8.701407, 41.570694]]], [[[-8.68561, 41.581023], [-8.669219, 41.587765], [-8.684455, 41.586117], [-8.68561, 41.581023]]], [[[-8.65841, 41.590679], [-8.650327, 41.59221], [-8.656622, 41.5921], [-8.65841, 41.590679]]], [[[-8.08428, 41.628486], [-8.096296, 41.62769], [-8.102165, 41.624533], [-8.108707, 41.615577], [-8.107838, 41.606563], [-8.096721, 41.597192], [-8.084741, 41.595882], [-8.072659, 41.601637], [-8.06899, 41.606255], [-8.067469, 41.61525], [-8.074142, 41.624311], [-8.08428, 41.628486]], [[-8.084342, 41.624039], [-8.07624, 41.615321], [-8.084608, 41.605293], [-8.096583, 41.607132], [-8.101147, 41.615518], [-8.096382, 41.621534], [-8.084342, 41.624039]]], [[[-8.07627, 41.556826], [-8.085241, 41.560433], [-8.097201, 41.562759], [-8.109196, 41.562573], [-8.121221, 41.560204], [-8.136635, 41.55274], [-8.145457, 41.543798], [-8.149643, 41.534822], [-8.149596, 41.525814], [-8.144891, 41.516772], [-8.133894, 41.509232], [-8.110008, 41.503372], [-8.08307, 41.501683], [-8.092402, 41.504163], [-8.0921, 41.507907], [-8.109945, 41.508007], [-8.121884, 41.511233], [-8.13183, 41.516674], [-8.13766, 41.525726], [-8.137107, 41.534729], [-8.130668, 41.543687], [-8.121364, 41.549634], [-8.109333, 41.552616], [-8.097344, 41.552455], [-8.082788, 41.547528], [-8.080687, 41.551651], [-8.074396, 41.549848], [-8.072897, 41.551197], [-8.07627, 41.556826]]], [[[-8.503313, 41.213649], [-8.50343, 41.221628], [-8.506666, 41.23065], [-8.513347, 41.239686], [-8.519304, 41.2443], [-8.531195, 41.250435], [-8.543111, 41.253222], [-8.555045, 41.253525], [-8.566995, 41.251431], [-8.578963, 41.246416], [-8.587817, 41.239977], [-8.595331, 41.230995], [-8.599006, 41.222], [-8.599709, 41.212995], [-8.597488, 41.203979], [-8.591222, 41.19433], [-8.579945, 41.18569], [-8.581296, 41.191762], [-8.575958, 41.195609], [-8.576894, 41.201908], [-8.574366, 41.203044], [-8.579219, 41.206507], [-8.583418, 41.212937], [-8.584467, 41.221949], [-8.579052, 41.232462], [-8.567072, 41.239701], [-8.555128, 41.241215], [-8.547195, 41.239824], [-8.543212, 41.238746], [-8.531818, 41.230755], [-8.527874, 41.221731], [-8.530414, 41.210857], [-8.52653, 41.202542], [-8.523236, 41.200077], [-8.520554, 41.200086], [-8.51163, 41.203042], [-8.510456, 41.206197], [-8.505693, 41.207113], [-8.505713, 41.210715], [-8.503313, 41.213649]]], [[[-8.686555, 41.209254], [-8.698491, 41.207563], [-8.703867, 41.204302], [-8.707769, 41.195304], [-8.702313, 41.186282], [-8.6986, 41.183658], [-8.686685, 41.181931], [-8.675448, 41.18621], [-8.670465, 41.195203], [-8.673751, 41.204221], [-8.686555, 41.209254]]]]}}, {"id": "3", "type": "Feature", "properties": {"fill": "#c33119", "value_min": -3.0, "value_max": -2.67}, "geometry": {"type": "MultiPolygon", "coordinates": [[[[-7.864687, 41.827814], [-7.876752, 41.826483], [-7.885471, 41.820788], [-7.890661, 41.811832], [-7.887913, 41.802798], [-7.877292, 41.795577], [-7.865267, 41.794937], [-7.853148, 41.799599], [-7.849538, 41.80242], [-7.845684, 41.811389], [-7.849323, 41.820432], [-7.864687, 41.827814]], [[-7.864775, 41.822824], [-7.859899, 41.820537], [-7.854208, 41.811474], [-7.860839, 41.802533], [-7.865169, 41.800492], [-7.877199, 41.800912], [-7.885158, 41.811778], [-7.876826, 41.822234], [-7.864775, 41.822824]]], [[[-8.300673, 41.75861], [-8.305433, 41.75204], [-8.30333, 41.74302], [-8.299165, 41.739542], [-8.287184, 41.735555], [-8.275124, 41.738665], [-8.270308, 41.742815], [-8.268006, 41.751808], [-8.274116, 41.760854], [-8.281337, 41.76302], [-8.284038, 41.761109], [-8.284931, 41.757507], [-8.287033, 41.756829], [-8.298457, 41.757263], [-8.300673, 41.75861]]], [[[-7.938047, 41.760751], [-7.950046, 41.762583], [-7.952745, 41.758374], [-7.95016, 41.755586], [-7.938117, 41.756485], [-7.936472, 41.758224], [-7.938047, 41.760751]]], [[[-7.89047, 41.729338], [-7.902482, 41.730022], [-7.91419, 41.721988], [-7.914785, 41.712987], [-7.902927, 41.703823], [-7.890888, 41.705029], [-7.88343, 41.712686], [-7.882383, 41.721683], [-7.89047, 41.729338]], [[-7.890595, 41.722039], [-7.890766, 41.712122], [-7.902784, 41.712271], [-7.902739, 41.721879], [-7.890595, 41.722039]]], [[[-8.084342, 41.624039], [-8.096382, 41.621534], [-8.101147, 41.615518], [-8.096583, 41.607132], [-8.084608, 41.605293], [-8.07624, 41.615321], [-8.084342, 41.624039]]], [[[-8.701907, 41.570276], [-8.716749, 41.555632], [-8.727526, 41.537643], [-8.733642, 41.519643], [-8.736063, 41.501634], [-8.733534, 41.483613], [-8.723955, 41.465575], [-8.714732, 41.456545], [-8.697387, 41.446585], [-8.673472, 41.440863], [-8.649525, 41.44207], [-8.637536, 41.445356], [-8.617101, 41.456262], [-8.596085, 41.474205], [-8.577409, 41.48694], [-8.565389, 41.493159], [-8.553381, 41.497223], [-8.541403, 41.496802], [-8.529463, 41.491181], [-8.473774, 41.455695], [-8.457939, 41.448619], [-8.445991, 41.445843], [-8.434027, 41.445058], [-8.422043, 41.446515], [-8.410038, 41.450124], [-8.39799, 41.458336], [-8.393149, 41.464306], [-8.389585, 41.473294], [-8.388911, 41.482298], [-8.390378, 41.491313], [-8.397559, 41.504918], [-8.409459, 41.513947], [-8.421413, 41.51731], [-8.445361, 41.51974], [-8.457315, 41.523515], [-8.482434, 41.536801], [-8.493969, 41.54586], [-8.49386, 41.554867], [-8.486, 41.572847], [-8.486766, 41.581857], [-8.492745, 41.590923], [-8.504682, 41.598971], [-8.516654, 41.602575], [-8.52865, 41.603254], [-8.540662, 41.601568], [-8.564717, 41.593361], [-8.576733, 41.590743], [-8.624707, 41.593955], [-8.648531, 41.592548], [-8.650327, 41.59221], [-8.65841, 41.590679], [-8.660788, 41.588255], [-8.663794, 41.589141], [-8.665265, 41.585758], [-8.669219, 41.587765], [-8.68561, 41.581023], [-8.686912, 41.580253], [-8.701407, 41.570694], [-8.701636, 41.570503], [-8.701705, 41.570445], [-8.701907, 41.570276]], [[-8.636857, 41.566952], [-8.624862, 41.567133], [-8.612881, 41.565084], [-8.600913, 41.560956], [-8.58897, 41.553039], [-8.582206, 41.546215], [-8.57771, 41.537191], [-8.576042, 41.528177], [-8.577708, 41.519176], [-8.582355, 41.510186], [-8.589284, 41.503477], [-8.621543, 41.483299], [-8.637427, 41.464895], [-8.65177, 41.456372], [-8.661434, 41.453906], [-8.673407, 41.453849], [-8.685366, 41.456827], [-8.698545, 41.465511], [-8.704409, 41.474534], [-8.706106, 41.483546], [-8.704575, 41.49255], [-8.683856, 41.537532], [-8.678015, 41.546523], [-8.660881, 41.55995], [-8.648864, 41.564571], [-8.636857, 41.566952]], [[-8.48127, 41.525539], [-8.466771, 41.518715], [-8.460084, 41.509677], [-8.457494, 41.50208], [-8.433507, 41.504815], [-8.421527, 41.504488], [-8.409588, 41.499786], [-8.401509, 41.491372], [-8.398764, 41.48235], [-8.400519, 41.473352], [-8.409924, 41.462801], [-8.421939, 41.458188], [-8.433916, 41.457835], [-8.44586, 41.461236], [-8.451745, 41.4646], [-8.460414, 41.473648], [-8.469565, 41.491065], [-8.48154, 41.491719], [-8.493499, 41.494396], [-8.503133, 41.500863], [-8.50817, 41.509892], [-8.50523, 41.518887], [-8.493255, 41.525673], [-8.48127, 41.525539]]], [[[-8.082788, 41.547528], [-8.097344, 41.552455], [-8.109333, 41.552616], [-8.121364, 41.549634], [-8.130668, 41.543687], [-8.137107, 41.534729], [-8.13766, 41.525726], [-8.13183, 41.516674], [-8.121884, 41.511233], [-8.109945, 41.508007], [-8.0921, 41.507907], [-8.090599, 41.514825], [-8.097902, 41.512297], [-8.109882, 41.512606], [-8.120959, 41.516592], [-8.128177, 41.525654], [-8.126761, 41.534651], [-8.121494, 41.540077], [-8.109434, 41.54528], [-8.095374, 41.544112], [-8.094175, 41.544904], [-8.087885, 41.542876], [-8.083389, 41.5449], [-8.082788, 41.547528]]], [[[-8.530414, 41.210857], [-8.527874, 41.221731], [-8.531818, 41.230755], [-8.543212, 41.238746], [-8.547195, 41.239824], [-8.555128, 41.241215], [-8.567072, 41.239701], [-8.579052, 41.232462], [-8.584467, 41.221949], [-8.583418, 41.212937], [-8.579219, 41.206507], [-8.574366, 41.203044], [-8.57423, 41.20462], [-8.568566, 41.204416], [-8.565895, 41.206227], [-8.567697, 41.208246], [-8.566512, 41.209376], [-8.559636, 41.206251], [-8.554271, 41.20627], [-8.549521, 41.209214], [-8.544157, 41.209458], [-8.537023, 41.212635], [-8.532257, 41.213102], [-8.530414, 41.210857]]]]}}, {"id": "6", "type": "Feature", "properties": {"fill": "#e79f24", "value_min": -2.0, "value_max": -1.67}, "geometry": {"type": "MultiPolygon", "coordinates": [[[[-8.373244, 41.734622], [-8.375949, 41.725424], [-8.381631, 41.716447], [-8.390894, 41.70749], [-8.40777, 41.698914], [-8.419818, 41.695585], [-8.457681, 41.68981], [-8.46389, 41.680832], [-8.459022, 41.671802], [-8.448933, 41.662747], [-8.432218, 41.652114], [-8.413309, 41.635549], [-8.396565, 41.611831], [-8.360371, 41.572216], [-8.349918, 41.554143], [-8.345283, 41.536102], [-8.345026, 41.527094], [-8.346853, 41.518097], [-8.362376, 41.491162], [-8.361849, 41.480801], [-8.352607, 41.464085], [-8.351432, 41.455071], [-8.354897, 41.446083], [-8.363611, 41.437124], [-8.374314, 41.430105], [-8.446433, 41.393851], [-8.47044, 41.383625], [-8.4944, 41.378445], [-8.518318, 41.378395], [-8.601958, 41.390345], [-8.625846, 41.39626], [-8.638627, 41.402286], [-8.709474, 41.420653], [-8.735315, 41.429572], [-8.75605, 41.438625], [-8.799228, 41.463574], [-8.801548, 41.4468], [-8.806645, 41.435051], [-8.709538, 41.406159], [-8.678397, 41.393397], [-8.669699, 41.384364], [-8.661342, 41.357317], [-8.653231, 41.348285], [-8.63812, 41.340158], [-8.626181, 41.337781], [-8.578359, 41.340282], [-8.566421, 41.338126], [-8.548995, 41.329909], [-8.539538, 41.320864], [-8.535786, 41.311841], [-8.537706, 41.302841], [-8.545375, 41.293864], [-8.590795, 41.26297], [-8.606343, 41.249049], [-8.626816, 41.226544], [-8.638784, 41.219869], [-8.650714, 41.21978], [-8.674555, 41.223751], [-8.686484, 41.22412], [-8.701111, 41.222311], [-8.722322, 41.213356], [-8.732286, 41.204372], [-8.738154, 41.195377], [-8.741653, 41.177369], [-8.736364, 41.159341], [-8.725744, 41.145696], [-8.674793, 41.146932], [-8.673673, 41.155574], [-8.670708, 41.157163], [-8.66117, 41.156307], [-8.662078, 41.158104], [-8.660313, 41.160813], [-8.657033, 41.160378], [-8.654961, 41.161963], [-8.653797, 41.170072], [-8.662927, 41.164737], [-8.674864, 41.161301], [-8.686787, 41.160621], [-8.698698, 41.162447], [-8.710594, 41.167784], [-8.720422, 41.17732], [-8.724316, 41.186337], [-8.724151, 41.195345], [-8.719736, 41.204342], [-8.708974, 41.213323], [-8.698448, 41.216818], [-8.686513, 41.218085], [-8.67459, 41.216526], [-8.664314, 41.213201], [-8.651383, 41.204155], [-8.643363, 41.195123], [-8.642912, 41.192631], [-8.641225, 41.196014], [-8.638841, 41.196025], [-8.638231, 41.194227], [-8.634946, 41.193341], [-8.632526, 41.188624], [-8.625658, 41.186628], [-8.621132, 41.178994], [-8.613374, 41.177451], [-8.608955, 41.174318], [-8.61852, 41.186035], [-8.620674, 41.19505], [-8.616604, 41.213053], [-8.6085, 41.231041], [-8.601822, 41.240026], [-8.590873, 41.250402], [-8.578889, 41.257993], [-8.566916, 41.263332], [-8.543006, 41.268269], [-8.519139, 41.266792], [-8.507225, 41.26355], [-8.495201, 41.257623], [-8.483479, 41.248564], [-8.475414, 41.239171], [-8.470986, 41.23941], [-8.471604, 41.243459], [-8.469227, 41.245267], [-8.463258, 41.244384], [-8.459989, 41.246644], [-8.454323, 41.246886], [-8.455541, 41.251834], [-8.452276, 41.25522], [-8.449891, 41.255452], [-8.449304, 41.257479], [-8.447812, 41.257258], [-8.449028, 41.261982], [-8.439785, 41.262907], [-8.438023, 41.268989], [-8.434745, 41.269673], [-8.432691, 41.277107], [-8.427032, 41.279372], [-8.429143, 41.284319], [-8.426171, 41.287028], [-8.426488, 41.291079], [-8.425013, 41.294909], [-8.422037, 41.296942], [-8.422647, 41.299867], [-8.41191, 41.30372], [-8.420188, 41.329332], [-8.421506, 41.347354], [-8.418813, 41.365355], [-8.409418, 41.383323], [-8.400835, 41.392286], [-8.386551, 41.401586], [-8.37454, 41.406614], [-8.338546, 41.416641], [-8.326522, 41.422201], [-8.307315, 41.436799], [-8.292898, 41.454726], [-8.290149, 41.463716], [-8.290312, 41.472725], [-8.298701, 41.508806], [-8.297572, 41.526813], [-8.294584, 41.535803], [-8.275401, 41.571712], [-8.276076, 41.580724], [-8.281453, 41.589765], [-8.291472, 41.598834], [-8.306987, 41.607936], [-8.324537, 41.613402], [-8.372465, 41.621768], [-8.396368, 41.633028], [-8.420099, 41.653598], [-8.427682, 41.662643], [-8.43011, 41.671663], [-8.426349, 41.680651], [-8.411718, 41.689584], [-8.371651, 41.705508], [-8.359609, 41.707788], [-8.347592, 41.707512], [-8.311631, 41.698389], [-8.299615, 41.698146], [-8.28757, 41.700601], [-8.263378, 41.714211], [-8.242297, 41.733627], [-8.233855, 41.751585], [-8.232894, 41.769593], [-8.239241, 41.791589], [-8.241345, 41.791137], [-8.24074, 41.789338], [-8.244347, 41.787984], [-8.245546, 41.785731], [-8.251257, 41.784375], [-8.251845, 41.777172], [-8.255149, 41.775282], [-8.250746, 41.76971], [-8.247161, 41.76068], [-8.246556, 41.751669], [-8.249059, 41.742679], [-8.255064, 41.733711], [-8.263237, 41.726512], [-8.275335, 41.719848], [-8.28739, 41.716908], [-8.299415, 41.716551], [-8.311415, 41.718614], [-8.327105, 41.725148], [-8.352515, 41.743145], [-8.352203, 41.739616], [-8.357897, 41.735103], [-8.362407, 41.735994], [-8.368703, 41.73193], [-8.373244, 41.734622]], [[-8.64992, 41.36846], [-8.637893, 41.381072], [-8.625918, 41.383721], [-8.613972, 41.381339], [-8.6092, 41.375167], [-8.606718, 41.366151], [-8.609796, 41.357154], [-8.626123, 41.348005], [-8.63807, 41.349145], [-8.64905, 41.35728], [-8.64992, 41.36846]]], [[[-8.597107, 41.165138], [-8.608582, 41.173989], [-8.609164, 41.172066], [-8.604942, 41.164881], [-8.597107, 41.165138]]], [[[-8.608701, 41.174094], [-8.608701, 41.174094], [-8.608882, 41.174253], [-8.608701, 41.174094]]], [[[-7.729955, 41.818258], [-7.780681, 41.812613], [-7.792691, 41.814178], [-7.804609, 41.820692], [-7.827432, 41.838224], [-7.840313, 41.843871], [-7.85233, 41.845415], [-7.864398, 41.844161], [-7.876519, 41.839822], [-7.888694, 41.832222], [-7.913307, 41.801061], [-7.925358, 41.800246], [-7.937352, 41.802848], [-7.9494, 41.802167], [-7.967769, 41.794537], [-7.998065, 41.769095], [-8.02233, 41.755737], [-8.029182, 41.750038], [-8.034227, 41.741074], [-8.033293, 41.732059], [-8.025832, 41.722989], [-8.010902, 41.716608], [-7.986883, 41.715059], [-7.974933, 41.710617], [-7.963066, 41.701064], [-7.927595, 41.665917], [-7.915722, 41.6576], [-7.8961, 41.647758], [-7.895761, 41.647594], [-7.895632, 41.647532], [-7.892759, 41.647976], [-7.892145, 41.651576], [-7.901724, 41.658573], [-7.902017, 41.660599], [-7.899913, 41.66127], [-7.900198, 41.665547], [-7.898396, 41.665769], [-7.896885, 41.668692], [-7.883969, 41.67069], [-7.879755, 41.673607], [-7.877044, 41.676077], [-7.876723, 41.681253], [-7.873401, 41.686198], [-7.868896, 41.686413], [-7.867408, 41.683258], [-7.859218, 41.68639], [-7.867015, 41.695574], [-7.868515, 41.703534], [-7.865764, 41.712513], [-7.854528, 41.722081], [-7.842464, 41.72437], [-7.83048, 41.722225], [-7.817712, 41.715005], [-7.815291, 41.718689], [-7.808986, 41.717996], [-7.808396, 41.715744], [-7.804499, 41.714158], [-7.79939, 41.714593], [-7.79788, 41.716164], [-7.796383, 41.71526], [-7.790966, 41.717044], [-7.789449, 41.719966], [-7.78464, 41.720402], [-7.78252, 41.723546], [-7.776204, 41.724652], [-7.773786, 41.727346], [-7.770798, 41.72441], [-7.765698, 41.723044], [-7.761765, 41.727758], [-7.762933, 41.733839], [-7.759307, 41.737203], [-7.759597, 41.739005], [-7.75689, 41.739446], [-7.758687, 41.740577], [-7.757758, 41.745301], [-7.751076, 41.74798], [-7.757813, 41.749957], [-7.769013, 41.756552], [-7.778455, 41.765659], [-7.782237, 41.774706], [-7.781829, 41.783709], [-7.777182, 41.792666], [-7.764948, 41.801542], [-7.744657, 41.807831], [-7.727912, 41.808167], [-7.729955, 41.818258]], [[-7.888774, 41.827626], [-7.8766, 41.835159], [-7.864508, 41.837902], [-7.852472, 41.837478], [-7.840503, 41.833348], [-7.833989, 41.829284], [-7.825386, 41.820189], [-7.820546, 41.811133], [-7.818816, 41.802109], [-7.819831, 41.793112], [-7.82942, 41.78062], [-7.841553, 41.77508], [-7.853633, 41.772368], [-7.865678, 41.771634], [-7.882912, 41.766723], [-7.882038, 41.757707], [-7.863449, 41.739511], [-7.863521, 41.730505], [-7.879042, 41.695048], [-7.891256, 41.68359], [-7.9033, 41.681891], [-7.915266, 41.684779], [-7.931631, 41.695131], [-7.939271, 41.704208], [-7.950689, 41.72315], [-7.970933, 41.740524], [-7.977475, 41.749589], [-7.979223, 41.758612], [-7.976252, 41.767592], [-7.957849, 41.794447], [-7.949469, 41.797989], [-7.937429, 41.798186], [-7.926407, 41.794158], [-7.913588, 41.784409], [-7.909238, 41.784989], [-7.902174, 41.793929], [-7.899695, 41.811919], [-7.894888, 41.820879], [-7.888774, 41.827626]], [[-8.010678, 41.731166], [-8.011971, 41.731877], [-8.010632, 41.73416], [-8.008865, 41.731851], [-8.010678, 41.731166]]], [[[-8.155107, 41.720516], [-8.161027, 41.715048], [-8.162248, 41.70605], [-8.155431, 41.695732], [-8.143477, 41.690929], [-8.119405, 41.693794], [-8.114261, 41.696684], [-8.109584, 41.714661], [-8.112645, 41.723692], [-8.11892, 41.729298], [-8.130913, 41.73163], [-8.142975, 41.728738], [-8.155107, 41.720516]], [[-8.143061, 41.722315], [-8.131014, 41.724119], [-8.119161, 41.714735], [-8.121272, 41.705744], [-8.131359, 41.698485], [-8.14338, 41.698293], [-8.153138, 41.705984], [-8.152328, 41.714985], [-8.143061, 41.722315]]], [[[-8.036775, 41.600242], [-8.046438, 41.615077], [-8.054595, 41.624152], [-8.069443, 41.63328], [-8.084158, 41.637049], [-8.096164, 41.637136], [-8.108203, 41.634769], [-8.113247, 41.633626], [-8.156632, 41.60371], [-8.197997, 41.580206], [-8.205355, 41.57125], [-8.206727, 41.562252], [-8.192007, 41.52612], [-8.182022, 41.493596], [-8.170268, 41.475873], [-8.158371, 41.469705], [-8.146381, 41.470804], [-8.140684, 41.480712], [-8.129277, 41.489633], [-8.122153, 41.491305], [-8.105887, 41.489454], [-8.096827, 41.480376], [-8.096462, 41.471365], [-8.098549, 41.465698], [-8.106802, 41.453431], [-8.101621, 41.444384], [-8.086807, 41.43526], [-8.059801, 41.424916], [-8.055959, 41.429415], [-8.05745, 41.432793], [-8.056549, 41.436394], [-8.069999, 41.447206], [-8.068788, 41.462286], [-8.073872, 41.46499], [-8.074468, 41.468141], [-8.074164, 41.473543], [-8.067273, 41.480743], [-8.066069, 41.487625], [-8.086208, 41.49176], [-8.108513, 41.498481], [-8.145973, 41.501935], [-8.156986, 41.507854], [-8.16392, 41.516912], [-8.167587, 41.534953], [-8.166079, 41.54395], [-8.157229, 41.557843], [-8.145108, 41.567629], [-8.123259, 41.57966], [-8.118495, 41.588631], [-8.120257, 41.606659], [-8.117953, 41.615648], [-8.111298, 41.624604], [-8.096231, 41.63229], [-8.084219, 41.632729], [-8.072269, 41.628888], [-8.064958, 41.624236], [-8.058644, 41.615178], [-8.056786, 41.606155], [-8.065121, 41.579202], [-8.062359, 41.575726], [-8.055484, 41.580673], [-8.052181, 41.584498], [-8.052777, 41.587649], [-8.048277, 41.590122], [-8.047974, 41.592373], [-8.036775, 41.600242]]]]}}, {"id": "7", "type": "Feature", "properties": {"fill": "#cba158", "value_min": -1.67, "value_max": -1.33}, "geometry": {"type": "MultiPolygon", "coordinates": [[[[-8.239241, 41.791589], [-8.232894, 41.769593], [-8.233855, 41.751585], [-8.242297, 41.733627], [-8.263378, 41.714211], [-8.28757, 41.700601], [-8.299615, 41.698146], [-8.311631, 41.698389], [-8.347592, 41.707512], [-8.359609, 41.707788], [-8.371651, 41.705508], [-8.411718, 41.689584], [-8.426349, 41.680651], [-8.43011, 41.671663], [-8.427682, 41.662643], [-8.420099, 41.653598], [-8.396368, 41.633028], [-8.372465, 41.621768], [-8.324537, 41.613402], [-8.306987, 41.607936], [-8.291472, 41.598834], [-8.281453, 41.589765], [-8.276076, 41.580724], [-8.275401, 41.571712], [-8.294584, 41.535803], [-8.297572, 41.526813], [-8.298701, 41.508806], [-8.290312, 41.472725], [-8.290149, 41.463716], [-8.292898, 41.454726], [-8.307315, 41.436799], [-8.326522, 41.422201], [-8.338546, 41.416641], [-8.37454, 41.406614], [-8.386551, 41.401586], [-8.400835, 41.392286], [-8.409418, 41.383323], [-8.418813, 41.365355], [-8.421506, 41.347354], [-8.420188, 41.329332], [-8.41191, 41.30372], [-8.407744, 41.304856], [-8.406262, 41.307335], [-8.402979, 41.307568], [-8.401801, 41.311398], [-8.399712, 41.311628], [-8.400316, 41.313202], [-8.396738, 41.314336], [-8.398835, 41.316131], [-8.393775, 41.31997], [-8.393489, 41.323122], [-8.391105, 41.324253], [-8.386325, 41.323588], [-8.380382, 41.331254], [-8.375305, 41.33104], [-8.37201, 41.328346], [-8.361563, 41.329718], [-8.358276, 41.329049], [-8.357673, 41.327249], [-8.350207, 41.327264], [-8.346032, 41.328847], [-8.342462, 41.333131], [-8.333215, 41.336299], [-8.326363, 41.342163], [-8.324568, 41.341041], [-8.323376, 41.341943], [-8.316788, 41.335876], [-8.313802, 41.336331], [-8.310792, 41.327557], [-8.308701, 41.327561], [-8.307502, 41.325762], [-8.305116, 41.326891], [-8.303024, 41.325994], [-8.303615, 41.323742], [-8.301216, 41.319694], [-8.296431, 41.316774], [-8.297618, 41.313846], [-8.296116, 41.310022], [-8.289615, 41.312507], [-8.302897, 41.328681], [-8.311915, 41.346751], [-8.314222, 41.36478], [-8.309952, 41.382769], [-8.298883, 41.400718], [-8.281745, 41.418627], [-8.266605, 41.429529], [-8.242541, 41.440504], [-8.230543, 41.442841], [-8.206615, 41.441736], [-8.194682, 41.438667], [-8.170867, 41.428863], [-8.152218, 41.417745], [-8.140437, 41.40865], [-8.131128, 41.399573], [-8.117463, 41.379694], [-8.117578, 41.386447], [-8.113992, 41.386896], [-8.112795, 41.390723], [-8.110105, 41.390947], [-8.108011, 41.393648], [-8.103827, 41.392972], [-8.105321, 41.394998], [-8.10263, 41.396123], [-8.10801, 41.398825], [-8.108606, 41.403102], [-8.104419, 41.406252], [-8.104119, 41.408728], [-8.101727, 41.409403], [-8.102025, 41.411204], [-8.092756, 41.411201], [-8.09126, 41.414352], [-8.079893, 41.41975], [-8.077503, 41.416597], [-8.070923, 41.41862], [-8.066739, 41.416142], [-8.063748, 41.41659], [-8.061654, 41.417489], [-8.059801, 41.424916], [-8.086807, 41.43526], [-8.101621, 41.444384], [-8.106802, 41.453431], [-8.098549, 41.465698], [-8.096462, 41.471365], [-8.096827, 41.480376], [-8.105887, 41.489454], [-8.122153, 41.491305], [-8.129277, 41.489633], [-8.140684, 41.480712], [-8.146381, 41.470804], [-8.158371, 41.469705], [-8.170268, 41.475873], [-8.182022, 41.493596], [-8.192007, 41.52612], [-8.206727, 41.562252], [-8.205355, 41.57125], [-8.197997, 41.580206], [-8.156632, 41.60371], [-8.113247, 41.633626], [-8.108203, 41.634769], [-8.096164, 41.637136], [-8.084158, 41.637049], [-8.069443, 41.63328], [-8.054595, 41.624152], [-8.046438, 41.615077], [-8.036775, 41.600242], [-8.031467, 41.602938], [-8.02367, 41.603156], [-8.019174, 41.601802], [-8.015872, 41.603824], [-8.013474, 41.603372], [-8.005671, 41.606515], [-8.003563, 41.610936], [-8.0125, 41.612098], [-8.024444, 41.61591], [-8.055175, 41.633164], [-8.072116, 41.639559], [-8.108089, 41.643039], [-8.131994, 41.651225], [-8.155964, 41.654949], [-8.167991, 41.653599], [-8.192088, 41.647413], [-8.216122, 41.646048], [-8.228105, 41.648115], [-8.24006, 41.652725], [-8.253236, 41.661642], [-8.260196, 41.670694], [-8.262644, 41.679717], [-8.262009, 41.68872], [-8.258698, 41.697706], [-8.244009, 41.715624], [-8.225015, 41.733512], [-8.219621, 41.742482], [-8.209196, 41.769432], [-8.202439, 41.781604], [-8.184642, 41.805288], [-8.181892, 41.812067], [-8.184277, 41.812741], [-8.190291, 41.809587], [-8.197158, 41.814129], [-8.201063, 41.808724], [-8.204973, 41.807372], [-8.205872, 41.804445], [-8.213692, 41.803765], [-8.217598, 41.80016], [-8.217589, 41.793634], [-8.224207, 41.794303], [-8.229917, 41.791598], [-8.239241, 41.791589]], [[-8.371756, 41.694731], [-8.35975, 41.693617], [-8.347779, 41.689069], [-8.336305, 41.680166], [-8.330232, 41.671124], [-8.32928, 41.662111], [-8.333026, 41.653126], [-8.342388, 41.644173], [-8.360308, 41.63724], [-8.372323, 41.636413], [-8.384314, 41.638068], [-8.396275, 41.643003], [-8.4082, 41.65205], [-8.415929, 41.662584], [-8.416752, 41.671596], [-8.410997, 41.680573], [-8.395843, 41.689149], [-8.383789, 41.693139], [-8.371756, 41.694731]], [[-8.241455, 41.533649], [-8.229499, 41.530993], [-8.222051, 41.526327], [-8.21387, 41.517264], [-8.211098, 41.508238], [-8.212121, 41.499238], [-8.218014, 41.489301], [-8.230085, 41.481545], [-8.242088, 41.479416], [-8.254034, 41.48215], [-8.265929, 41.489496], [-8.273032, 41.499639], [-8.274906, 41.508658], [-8.272762, 41.517652], [-8.265511, 41.526491], [-8.253456, 41.532526], [-8.241455, 41.533649]], [[-8.350843, 41.383368], [-8.342184, 41.373951], [-8.345341, 41.364961], [-8.351058, 41.361707], [-8.363028, 41.360269], [-8.373639, 41.365118], [-8.377112, 41.374145], [-8.374811, 41.378279], [-8.36884, 41.383107], [-8.362786, 41.385028], [-8.350843, 41.383368]]], [[[-7.74315, 41.825505], [-7.768421, 41.824145], [-7.780428, 41.825918], [-7.792384, 41.830506], [-7.828081, 41.854071], [-7.840086, 41.856393], [-7.852151, 41.855437], [-7.864261, 41.851878], [-7.872756, 41.847056], [-7.873066, 41.844875], [-7.874565, 41.846358], [-7.888616, 41.836762], [-7.913179, 41.808622], [-7.925277, 41.805098], [-7.949358, 41.804777], [-7.957209, 41.803448], [-7.997772, 41.78791], [-8.046192, 41.777201], [-8.066305, 41.768359], [-8.075677, 41.759428], [-8.078541, 41.750444], [-8.070619, 41.743607], [-8.053057, 41.723216], [-8.052379, 41.714204], [-8.059068, 41.711058], [-8.060676, 41.705265], [-8.059174, 41.703811], [-8.047183, 41.70192], [-8.039451, 41.70509], [-8.035058, 41.709019], [-8.011117, 41.702529], [-7.992429, 41.69568], [-7.978368, 41.686549], [-7.969427, 41.677462], [-7.958667, 41.659351], [-7.955668, 41.64131], [-7.957729, 41.632321], [-7.963627, 41.623368], [-7.976453, 41.614693], [-7.988509, 41.611242], [-7.999665, 41.61059], [-7.996684, 41.602003], [-7.984685, 41.603564], [-7.982292, 41.60086], [-7.975689, 41.603552], [-7.974482, 41.606701], [-7.970882, 41.607147], [-7.969091, 41.603768], [-7.965796, 41.602413], [-7.9541, 41.602846], [-7.952606, 41.600592], [-7.947808, 41.60081], [-7.945413, 41.599456], [-7.942725, 41.595625], [-7.936733, 41.594264], [-7.93791, 41.601694], [-7.937004, 41.603718], [-7.931604, 41.604384], [-7.930073, 41.614735], [-7.925255, 41.620579], [-7.920755, 41.620796], [-7.917748, 41.623041], [-7.915933, 41.627764], [-7.913229, 41.628885], [-7.912613, 41.63361], [-7.906014, 41.633147], [-7.907486, 41.641253], [-7.897869, 41.645511], [-7.8961, 41.647758], [-7.915722, 41.6576], [-7.927595, 41.665917], [-7.963066, 41.701064], [-7.974933, 41.710617], [-7.986883, 41.715059], [-8.010902, 41.716608], [-8.025832, 41.722989], [-8.033293, 41.732059], [-8.034227, 41.741074], [-8.029182, 41.750038], [-8.02233, 41.755737], [-7.998065, 41.769095], [-7.967769, 41.794537], [-7.9494, 41.802167], [-7.937352, 41.802848], [-7.925358, 41.800246], [-7.913307, 41.801061], [-7.888694, 41.832222], [-7.876519, 41.839822], [-7.864398, 41.844161], [-7.85233, 41.845415], [-7.840313, 41.843871], [-7.827432, 41.838224], [-7.804609, 41.820692], [-7.792691, 41.814178], [-7.780681, 41.812613], [-7.729955, 41.818258], [-7.732041, 41.821514], [-7.74315, 41.825505]]], [[[-7.895632, 41.647532], [-7.895632, 41.647532], [-7.895761, 41.647594], [-7.895632, 41.647532]]], [[[-8.11863, 41.750543], [-8.130726, 41.745478], [-8.133705, 41.741867], [-8.162695, 41.724068], [-8.172679, 41.715133], [-8.17311, 41.706129], [-8.167522, 41.69001], [-8.155635, 41.680146], [-8.143611, 41.68083], [-8.131549, 41.684332], [-8.119477, 41.688522], [-8.106381, 41.696623], [-8.097936, 41.714571], [-8.089269, 41.741523], [-8.0946, 41.748736], [-8.098282, 41.750601], [-8.106575, 41.752521], [-8.11863, 41.750543]], [[-8.155107, 41.720516], [-8.142975, 41.728738], [-8.130913, 41.73163], [-8.11892, 41.729298], [-8.112645, 41.723692], [-8.109584, 41.714661], [-8.114261, 41.696684], [-8.119405, 41.693794], [-8.143477, 41.690929], [-8.155431, 41.695732], [-8.162248, 41.70605], [-8.161027, 41.715048], [-8.155107, 41.720516]]], [[[-7.817712, 41.715005], [-7.83048, 41.722225], [-7.842464, 41.72437], [-7.854528, 41.722081], [-7.865764, 41.712513], [-7.868515, 41.703534], [-7.867015, 41.695574], [-7.859218, 41.68639], [-7.857773, 41.689538], [-7.854776, 41.68818], [-7.847538, 41.695365], [-7.837309, 41.699391], [-7.835792, 41.702763], [-7.839682, 41.705924], [-7.838465, 41.709522], [-7.832453, 41.710407], [-7.825252, 41.708813], [-7.817712, 41.715005]], [[-7.852027, 41.70337], [-7.855538, 41.703405], [-7.854801, 41.706701], [-7.852027, 41.70337]]], [[[-8.810815, 41.412817], [-8.769355, 41.407403], [-8.733492, 41.399917], [-8.709599, 41.392636], [-8.697662, 41.38734], [-8.685742, 41.378724], [-8.662786, 41.348314], [-8.650668, 41.33927], [-8.638157, 41.333507], [-8.598005, 41.321083], [-8.585759, 41.312031], [-8.581605, 41.303009], [-8.582139, 41.294003], [-8.58629, 41.28501], [-8.59317, 41.276027], [-8.62673, 41.241661], [-8.63871, 41.233298], [-8.65066, 41.229921], [-8.686461, 41.228863], [-8.710344, 41.224477], [-8.734246, 41.213384], [-8.745369, 41.204401], [-8.753636, 41.195411], [-8.764501, 41.177418], [-8.775402, 41.144603], [-8.725744, 41.145696], [-8.736364, 41.159341], [-8.741653, 41.177369], [-8.738154, 41.195377], [-8.732286, 41.204372], [-8.722322, 41.213356], [-8.701111, 41.222311], [-8.686484, 41.22412], [-8.674555, 41.223751], [-8.650714, 41.21978], [-8.638784, 41.219869], [-8.626816, 41.226544], [-8.606343, 41.249049], [-8.590795, 41.26297], [-8.545375, 41.293864], [-8.537706, 41.302841], [-8.535786, 41.311841], [-8.539538, 41.320864], [-8.548995, 41.329909], [-8.566421, 41.338126], [-8.578359, 41.340282], [-8.626181, 41.337781], [-8.63812, 41.340158], [-8.653231, 41.348285], [-8.661342, 41.357317], [-8.669699, 41.384364], [-8.678397, 41.393397], [-8.709538, 41.406159], [-8.806645, 41.435051], [-8.807354, 41.425915], [-8.811035, 41.418186], [-8.810815, 41.412817]]]]}}, {"id": "8", "type": "Feature", "properties": {"fill": "#b1a288", "value_min": -1.33, "value_max": -1.0}, "geometry": {"type": "MultiPolygon", "coordinates": [[[[-8.181892, 41.812067], [-8.184642, 41.805288], [-8.202439, 41.781604], [-8.209196, 41.769432], [-8.219621, 41.742482], [-8.225015, 41.733512], [-8.244009, 41.715624], [-8.258698, 41.697706], [-8.262009, 41.68872], [-8.262644, 41.679717], [-8.260196, 41.670694], [-8.253236, 41.661642], [-8.24006, 41.652725], [-8.228105, 41.648115], [-8.216122, 41.646048], [-8.192088, 41.647413], [-8.167991, 41.653599], [-8.155964, 41.654949], [-8.131994, 41.651225], [-8.108089, 41.643039], [-8.072116, 41.639559], [-8.055175, 41.633164], [-8.024444, 41.61591], [-8.0125, 41.612098], [-8.003563, 41.610936], [-7.998761, 41.612809], [-7.999665, 41.61059], [-7.988509, 41.611242], [-7.976453, 41.614693], [-7.963627, 41.623368], [-7.957729, 41.632321], [-7.955668, 41.64131], [-7.958667, 41.659351], [-7.969427, 41.677462], [-7.978368, 41.686549], [-7.992429, 41.69568], [-8.011117, 41.702529], [-8.035058, 41.709019], [-8.039451, 41.70509], [-8.047183, 41.70192], [-8.059174, 41.703811], [-8.060676, 41.705265], [-8.059068, 41.711058], [-8.052379, 41.714204], [-8.053057, 41.723216], [-8.070619, 41.743607], [-8.078541, 41.750444], [-8.075677, 41.759428], [-8.066305, 41.768359], [-8.046192, 41.777201], [-7.997772, 41.78791], [-7.957209, 41.803448], [-7.949358, 41.804777], [-7.925277, 41.805098], [-7.913179, 41.808622], [-7.888616, 41.836762], [-7.874565, 41.846358], [-7.878158, 41.851298], [-7.888523, 41.842141], [-7.913086, 41.814133], [-7.925219, 41.808585], [-7.949325, 41.806749], [-7.969252, 41.803557], [-7.985559, 41.79919], [-8.00965, 41.798075], [-8.021667, 41.799351], [-8.041669, 41.804184], [-8.067242, 41.816312], [-8.06995, 41.816113], [-8.072962, 41.813414], [-8.078678, 41.813417], [-8.082892, 41.810493], [-8.091013, 41.812521], [-8.093421, 41.811397], [-8.093723, 41.808471], [-8.101845, 41.809824], [-8.104853, 41.81185], [-8.115984, 41.812302], [-8.123807, 41.808702], [-8.138247, 41.808477], [-8.139751, 41.813203], [-8.14276, 41.812978], [-8.144866, 41.815228], [-8.149078, 41.814777], [-8.153291, 41.817703], [-8.158106, 41.818377], [-8.165326, 41.81815], [-8.173744, 41.808019], [-8.177655, 41.808242], [-8.181892, 41.812067]], [[-8.166551, 41.765178], [-8.154591, 41.759872], [-8.148715, 41.750986], [-8.149929, 41.741988], [-8.159871, 41.733054], [-8.167016, 41.729251], [-8.179064, 41.727321], [-8.191052, 41.730141], [-8.1973, 41.742329], [-8.195084, 41.75132], [-8.190716, 41.75691], [-8.178593, 41.764276], [-8.166551, 41.765178]], [[-8.11863, 41.750543], [-8.106575, 41.752521], [-8.098282, 41.750601], [-8.0946, 41.748736], [-8.089269, 41.741523], [-8.097936, 41.714571], [-8.106381, 41.696623], [-8.119477, 41.688522], [-8.131549, 41.684332], [-8.143611, 41.68083], [-8.155635, 41.680146], [-8.167522, 41.69001], [-8.17311, 41.706129], [-8.172679, 41.715133], [-8.162695, 41.724068], [-8.133705, 41.741867], [-8.130726, 41.745478], [-8.11863, 41.750543]], [[-8.203188, 41.721116], [-8.191252, 41.71423], [-8.185847, 41.70622], [-8.182585, 41.69719], [-8.182877, 41.688185], [-8.19173, 41.67608], [-8.203802, 41.671367], [-8.215818, 41.671068], [-8.227789, 41.674589], [-8.234409, 41.679533], [-8.240031, 41.688577], [-8.24018, 41.697585], [-8.235589, 41.706562], [-8.227319, 41.713898], [-8.215227, 41.7197], [-8.203188, 41.721116]], [[-8.072819, 41.705364], [-8.059306, 41.694706], [-8.047341, 41.691174], [-8.02332, 41.6904], [-8.011346, 41.687632], [-7.99941, 41.682418], [-7.992845, 41.67767], [-7.98529, 41.668596], [-7.981925, 41.659559], [-7.98233, 41.650556], [-7.987058, 41.641591], [-7.999282, 41.632691], [-8.012237, 41.629348], [-8.024235, 41.629775], [-8.036192, 41.633063], [-8.060064, 41.642648], [-8.09603, 41.646713], [-8.108001, 41.649381], [-8.129616, 41.660773], [-8.134604, 41.669817], [-8.129236, 41.678784], [-8.119539, 41.68394], [-8.102479, 41.696592], [-8.095214, 41.704968], [-8.083104, 41.711401], [-8.072819, 41.705364]]], [[[-7.872756, 41.847056], [-7.864261, 41.851878], [-7.852151, 41.855437], [-7.840086, 41.856393], [-7.828081, 41.854071], [-7.792384, 41.830506], [-7.780428, 41.825918], [-7.768421, 41.824145], [-7.74315, 41.825505], [-7.742839, 41.827178], [-7.738919, 41.828515], [-7.74229, 41.833928], [-7.756221, 41.832332], [-7.768247, 41.833227], [-7.78212, 41.837752], [-7.795304, 41.846898], [-7.815175, 41.873539], [-7.818448, 41.872873], [-7.823863, 41.874013], [-7.825059, 41.875817], [-7.830479, 41.875831], [-7.830789, 41.874031], [-7.832894, 41.874712], [-7.838021, 41.872924], [-7.842528, 41.875187], [-7.841663, 41.866632], [-7.849515, 41.861475], [-7.858542, 41.862622], [-7.859456, 41.860148], [-7.864877, 41.859711], [-7.87033, 41.851395], [-7.873043, 41.850501], [-7.872756, 41.847056]]], [[[-7.852027, 41.70337], [-7.854801, 41.706701], [-7.855538, 41.703405], [-7.852027, 41.70337]]], [[[-8.371756, 41.694731], [-8.383789, 41.693139], [-8.395843, 41.689149], [-8.410997, 41.680573], [-8.416752, 41.671596], [-8.415929, 41.662584], [-8.4082, 41.65205], [-8.396275, 41.643003], [-8.384314, 41.638068], [-8.372323, 41.636413], [-8.360308, 41.63724], [-8.342388, 41.644173], [-8.333026, 41.653126], [-8.32928, 41.662111], [-8.330232, 41.671124], [-8.336305, 41.680166], [-8.347779, 41.689069], [-8.35975, 41.693617], [-8.371756, 41.694731]], [[-8.383855, 41.686229], [-8.371839, 41.686285], [-8.359866, 41.681932], [-8.350495, 41.67124], [-8.350196, 41.662231], [-8.355939, 41.653257], [-8.372229, 41.646145], [-8.384234, 41.646401], [-8.3962, 41.650983], [-8.406507, 41.662536], [-8.406667, 41.671544], [-8.399016, 41.680511], [-8.383855, 41.686229]]], [[[-8.241455, 41.533649], [-8.253456, 41.532526], [-8.265511, 41.526491], [-8.272762, 41.517652], [-8.274906, 41.508658], [-8.273032, 41.499639], [-8.265929, 41.489496], [-8.254034, 41.48215], [-8.242088, 41.479416], [-8.230085, 41.481545], [-8.218014, 41.489301], [-8.212121, 41.499238], [-8.211098, 41.508238], [-8.21387, 41.517264], [-8.222051, 41.526327], [-8.229499, 41.530993], [-8.241455, 41.533649]], [[-8.238408, 41.508422], [-8.241794, 41.50466], [-8.248443, 41.508488], [-8.241714, 41.511479], [-8.238408, 41.508422]]], [[[-8.117463, 41.379694], [-8.131128, 41.399573], [-8.140437, 41.40865], [-8.152218, 41.417745], [-8.170867, 41.428863], [-8.194682, 41.438667], [-8.206615, 41.441736], [-8.230543, 41.442841], [-8.242541, 41.440504], [-8.266605, 41.429529], [-8.281745, 41.418627], [-8.298883, 41.400718], [-8.309952, 41.382769], [-8.314222, 41.36478], [-8.311915, 41.346751], [-8.302897, 41.328681], [-8.289615, 41.312507], [-8.284488, 41.316341], [-8.281801, 41.316569], [-8.279132, 41.324451], [-8.272266, 41.32536], [-8.265709, 41.331221], [-8.269004, 41.336169], [-8.265653, 41.339099], [-8.272797, 41.34651], [-8.278273, 41.355552], [-8.282866, 41.373596], [-8.282075, 41.382599], [-8.273769, 41.400562], [-8.266852, 41.407553], [-8.254792, 41.415912], [-8.242769, 41.420847], [-8.230772, 41.423444], [-8.218799, 41.423953], [-8.206848, 41.422606], [-8.183025, 41.413759], [-8.165254, 41.399826], [-8.158966, 41.390772], [-8.153647, 41.375866], [-8.150152, 41.37339], [-8.139096, 41.377894], [-8.131924, 41.374292], [-8.119672, 41.376768], [-8.117463, 41.379694]]], [[[-8.809559, 41.394694], [-8.781361, 41.394752], [-8.757445, 41.392704], [-8.733538, 41.388665], [-8.70965, 41.381158], [-8.69772, 41.374625], [-8.685809, 41.364823], [-8.670121, 41.348335], [-8.658946, 41.339295], [-8.610645, 41.312118], [-8.603807, 41.303087], [-8.601907, 41.294073], [-8.603504, 41.285071], [-8.60767, 41.276077], [-8.621951, 41.258109], [-8.638653, 41.24364], [-8.650617, 41.238058], [-8.662564, 41.23548], [-8.699737, 41.231315], [-8.729978, 41.222382], [-8.762054, 41.204437], [-8.800998, 41.177274], [-8.799695, 41.14406], [-8.775402, 41.144603], [-8.764501, 41.177418], [-8.753636, 41.195411], [-8.745369, 41.204401], [-8.734246, 41.213384], [-8.710344, 41.224477], [-8.686461, 41.228863], [-8.65066, 41.229921], [-8.63871, 41.233298], [-8.62673, 41.241661], [-8.59317, 41.276027], [-8.58629, 41.28501], [-8.582139, 41.294003], [-8.581605, 41.303009], [-8.585759, 41.312031], [-8.598005, 41.321083], [-8.638157, 41.333507], [-8.650668, 41.33927], [-8.662786, 41.348314], [-8.685742, 41.378724], [-8.697662, 41.38734], [-8.709599, 41.392636], [-8.733492, 41.399917], [-8.769355, 41.407403], [-8.810815, 41.412817], [-8.809559, 41.394694]]], [[[-8.350843, 41.383368], [-8.362786, 41.385028], [-8.36884, 41.383107], [-8.374811, 41.378279], [-8.377112, 41.374145], [-8.373639, 41.365118], [-8.363028, 41.360269], [-8.351058, 41.361707], [-8.345341, 41.364961], [-8.342184, 41.373951], [-8.350843, 41.383368]]]]}}, {"id": "9", "type": "Feature", "properties": {"fill": "#a3a3a3", "value_min": -1.0, "value_max": -0.67}, "geometry": {"type": "MultiPolygon", "coordinates": [[[[-8.067242, 41.816312], [-8.041669, 41.804184], [-8.021667, 41.799351], [-8.00965, 41.798075], [-7.985559, 41.79919], [-7.969252, 41.803557], [-7.949325, 41.806749], [-7.925219, 41.808585], [-7.913086, 41.814133], [-7.888523, 41.842141], [-7.878158, 41.851298], [-7.883327, 41.854575], [-7.913014, 41.818402], [-7.92516, 41.812071], [-7.973421, 41.805561], [-7.997499, 41.805389], [-8.009503, 41.80759], [-8.024498, 41.813046], [-8.042475, 41.824648], [-8.045268, 41.824425], [-8.047679, 41.821276], [-8.057314, 41.815656], [-8.067242, 41.816312]]], [[[-7.815175, 41.873539], [-7.795304, 41.846898], [-7.78212, 41.837752], [-7.768247, 41.833227], [-7.756221, 41.832332], [-7.74229, 41.833928], [-7.74729, 41.837772], [-7.74636, 41.84214], [-7.75606, 41.840654], [-7.768071, 41.842374], [-7.777299, 41.846708], [-7.785802, 41.855805], [-7.788285, 41.864837], [-7.786516, 41.873825], [-7.779344, 41.88294], [-7.767173, 41.889143], [-7.757819, 41.890259], [-7.758714, 41.891826], [-7.756585, 41.895195], [-7.758076, 41.897901], [-7.764097, 41.898595], [-7.779227, 41.886264], [-7.785257, 41.885157], [-7.788886, 41.882467], [-7.794309, 41.882033], [-7.796739, 41.878214], [-7.794954, 41.873932], [-7.803381, 41.874857], [-7.804914, 41.869459], [-7.815175, 41.873539]]], [[[-7.741868, 41.888159], [-7.731143, 41.88253], [-7.726659, 41.876863], [-7.720533, 41.880218], [-7.720523, 41.881793], [-7.725335, 41.882935], [-7.726208, 41.887665], [-7.737044, 41.888828], [-7.73944, 41.891087], [-7.74246, 41.889747], [-7.741868, 41.888159]]], [[[-8.166551, 41.765178], [-8.178593, 41.764276], [-8.190716, 41.75691], [-8.195084, 41.75132], [-8.1973, 41.742329], [-8.191052, 41.730141], [-8.179064, 41.727321], [-8.167016, 41.729251], [-8.159871, 41.733054], [-8.149929, 41.741988], [-8.148715, 41.750986], [-8.154591, 41.759872], [-8.166551, 41.765178]], [[-8.164352, 41.742094], [-8.166877, 41.740001], [-8.176168, 41.742179], [-8.166791, 41.746639], [-8.164352, 41.742094]]], [[[-8.203188, 41.721116], [-8.215227, 41.7197], [-8.227319, 41.713898], [-8.235589, 41.706562], [-8.24018, 41.697585], [-8.240031, 41.688577], [-8.234409, 41.679533], [-8.227789, 41.674589], [-8.215818, 41.671068], [-8.203802, 41.671367], [-8.19173, 41.67608], [-8.182877, 41.688185], [-8.182585, 41.69719], [-8.185847, 41.70622], [-8.191252, 41.71423], [-8.203188, 41.721116]], [[-8.203357, 41.707427], [-8.194075, 41.697271], [-8.19753, 41.688288], [-8.203644, 41.68415], [-8.215659, 41.684174], [-8.222453, 41.688459], [-8.225656, 41.697488], [-8.215376, 41.707501], [-8.203357, 41.707427]]], [[[-8.072819, 41.705364], [-8.083104, 41.711401], [-8.095214, 41.704968], [-8.102479, 41.696592], [-8.119539, 41.68394], [-8.129236, 41.678784], [-8.134604, 41.669817], [-8.129616, 41.660773], [-8.108001, 41.649381], [-8.09603, 41.646713], [-8.060064, 41.642648], [-8.036192, 41.633063], [-8.024235, 41.629775], [-8.012237, 41.629348], [-7.999282, 41.632691], [-7.987058, 41.641591], [-7.98233, 41.650556], [-7.981925, 41.659559], [-7.98529, 41.668596], [-7.992845, 41.67767], [-7.99941, 41.682418], [-8.011346, 41.687632], [-8.02332, 41.6904], [-8.047341, 41.691174], [-8.059306, 41.694706], [-8.072819, 41.705364]], [[-8.083213, 41.7037], [-8.07127, 41.698418], [-8.04747, 41.682445], [-8.035492, 41.679991], [-8.023485, 41.679489], [-8.011521, 41.676192], [-8.001545, 41.668738], [-7.99774, 41.659698], [-8.000222, 41.650713], [-8.012046, 41.641856], [-8.024081, 41.640002], [-8.036053, 41.64236], [-8.047978, 41.647946], [-8.059947, 41.650709], [-8.083973, 41.650132], [-8.095965, 41.65133], [-8.107929, 41.654647], [-8.118032, 41.660684], [-8.124699, 41.669742], [-8.121034, 41.678721], [-8.095279, 41.700362], [-8.083213, 41.7037]]], [[[-8.383855, 41.686229], [-8.399016, 41.680511], [-8.406667, 41.671544], [-8.406507, 41.662536], [-8.3962, 41.650983], [-8.384234, 41.646401], [-8.372229, 41.646145], [-8.355939, 41.653257], [-8.350196, 41.662231], [-8.350495, 41.67124], [-8.359866, 41.681932], [-8.371839, 41.686285], [-8.383855, 41.686229]], [[-8.383919, 41.679481], [-8.371922, 41.677731], [-8.36408, 41.671316], [-8.363888, 41.662308], [-8.37214, 41.655309], [-8.384165, 41.653741], [-8.397658, 41.66249], [-8.397532, 41.671496], [-8.383919, 41.679481]]], [[[-8.238408, 41.508422], [-8.241714, 41.511479], [-8.248443, 41.508488], [-8.241794, 41.50466], [-8.238408, 41.508422]]], [[[-8.153647, 41.375866], [-8.158966, 41.390772], [-8.165254, 41.399826], [-8.183025, 41.413759], [-8.206848, 41.422606], [-8.218799, 41.423953], [-8.230772, 41.423444], [-8.242769, 41.420847], [-8.254792, 41.415912], [-8.266852, 41.407553], [-8.273769, 41.400562], [-8.282075, 41.382599], [-8.282866, 41.373596], [-8.278273, 41.355552], [-8.272797, 41.34651], [-8.265653, 41.339099], [-8.263339, 41.340902], [-8.262751, 41.345405], [-8.256483, 41.347663], [-8.252309, 41.352144], [-8.25673, 41.355415], [-8.263496, 41.364466], [-8.266444, 41.373493], [-8.266412, 41.3825], [-8.26337, 41.391488], [-8.256089, 41.400449], [-8.242913, 41.408497], [-8.230908, 41.411874], [-8.218937, 41.412436], [-8.206996, 41.410394], [-8.195092, 41.405473], [-8.18709, 41.399982], [-8.179228, 41.390919], [-8.175361, 41.376535], [-8.168382, 41.377438], [-8.1642, 41.38059], [-8.153647, 41.375866]]], [[[-8.808972, 41.379831], [-8.781402, 41.382749], [-8.757483, 41.382439], [-8.733576, 41.379299], [-8.709691, 41.371897], [-8.697764, 41.365247], [-8.665901, 41.339315], [-8.625846, 41.312169], [-8.618007, 41.303135], [-8.61532, 41.294119], [-8.61583, 41.285112], [-8.619036, 41.276115], [-8.624894, 41.267127], [-8.638602, 41.252934], [-8.650578, 41.245348], [-8.667094, 41.240233], [-8.716152, 41.231357], [-8.744148, 41.222414], [-8.781987, 41.207247], [-8.801949, 41.201478], [-8.800998, 41.177274], [-8.762054, 41.204437], [-8.729978, 41.222382], [-8.699737, 41.231315], [-8.662564, 41.23548], [-8.650617, 41.238058], [-8.638653, 41.24364], [-8.621951, 41.258109], [-8.60767, 41.276077], [-8.603504, 41.285071], [-8.601907, 41.294073], [-8.603807, 41.303087], [-8.610645, 41.312118], [-8.658946, 41.339295], [-8.670121, 41.348335], [-8.685809, 41.364823], [-8.69772, 41.374625], [-8.70965, 41.381158], [-8.733538, 41.388665], [-8.757445, 41.392704], [-8.781361, 41.394752], [-8.809559, 41.394694], [-8.808972, 41.379831]]]]}}, {"id": "23", "type": "Feature", "properties": {"fill": "#1f4099", "value_min": 3.67, "value_max": 4.0}, "geometry": {"type": "MultiPolygon", "coordinates": [[[[-7.972725, 41.849088], [-7.974116, 41.839628], [-7.965039, 41.83054], [-7.961006, 41.82885], [-7.948968, 41.828615], [-7.935666, 41.830271], [-7.932959, 41.839253], [-7.932748, 41.848258], [-7.940492, 41.857336], [-7.948456, 41.859895], [-7.960523, 41.858709], [-7.972725, 41.849088]]], [[[-8.745772, 41.318469], [-8.757757, 41.3086], [-8.760902, 41.303521], [-8.762301, 41.294516], [-8.759686, 41.285503], [-8.751927, 41.276478], [-8.74595, 41.272697], [-8.730501, 41.267422], [-8.722097, 41.266402], [-8.709752, 41.267372], [-8.686217, 41.279834], [-8.68245, 41.285316], [-8.68254, 41.303331], [-8.686076, 41.309398], [-8.703006, 41.321401], [-8.709904, 41.323819], [-8.733802, 41.324044], [-8.745772, 41.318469]]]]}}, {"id": "10", "type": "Feature", "properties": {"fill": "#a3a3a3", "value_min": -0.67, "value_max": -0.33}, "geometry": {"type": "MultiPolygon", "coordinates": [[[[-8.042475, 41.824648], [-8.024498, 41.813046], [-8.009503, 41.80759], [-7.997499, 41.805389], [-7.973421, 41.805561], [-7.92516, 41.812071], [-7.913014, 41.818402], [-7.883327, 41.854575], [-7.889366, 41.856839], [-7.893496, 41.847886], [-7.905915, 41.829992], [-7.914389, 41.821065], [-7.92512, 41.814461], [-7.961322, 41.809325], [-7.985405, 41.808971], [-7.997407, 41.811295], [-8.009379, 41.815676], [-8.020354, 41.822018], [-8.02901, 41.829649], [-8.037134, 41.831171], [-8.041351, 41.828023], [-8.041054, 41.825097], [-8.042475, 41.824648]]], [[[-7.757819, 41.890259], [-7.767173, 41.889143], [-7.779344, 41.88294], [-7.786516, 41.873825], [-7.788285, 41.864837], [-7.785802, 41.855805], [-7.777299, 41.846708], [-7.768071, 41.842374], [-7.75606, 41.840654], [-7.74636, 41.84214], [-7.746349, 41.84407], [-7.750541, 41.847685], [-7.750532, 41.849261], [-7.743309, 41.849012], [-7.746901, 41.8524], [-7.746881, 41.855776], [-7.73843, 41.859348], [-7.734159, 41.868337], [-7.730228, 41.871024], [-7.729293, 41.875972], [-7.726659, 41.876863], [-7.731143, 41.88253], [-7.741868, 41.888159], [-7.742785, 41.885922], [-7.745495, 41.885931], [-7.750001, 41.887971], [-7.756022, 41.888441], [-7.757819, 41.890259]], [[-7.755499, 41.869585], [-7.745838, 41.864382], [-7.747653, 41.855395], [-7.755833, 41.852365], [-7.767037, 41.855605], [-7.768147, 41.864623], [-7.755499, 41.869585]]], [[[-8.164352, 41.742094], [-8.166791, 41.746639], [-8.176168, 41.742179], [-8.166877, 41.740001], [-8.164352, 41.742094]]], [[[-8.203357, 41.707427], [-8.215376, 41.707501], [-8.225656, 41.697488], [-8.222453, 41.688459], [-8.215659, 41.684174], [-8.203644, 41.68415], [-8.19753, 41.688288], [-8.194075, 41.697271], [-8.203357, 41.707427]]], [[[-8.083213, 41.7037], [-8.095279, 41.700362], [-8.121034, 41.678721], [-8.124699, 41.669742], [-8.118032, 41.660684], [-8.107929, 41.654647], [-8.095965, 41.65133], [-8.083973, 41.650132], [-8.059947, 41.650709], [-8.047978, 41.647946], [-8.036053, 41.64236], [-8.024081, 41.640002], [-8.012046, 41.641856], [-8.000222, 41.650713], [-7.99774, 41.659698], [-8.001545, 41.668738], [-8.011521, 41.676192], [-8.023485, 41.679489], [-8.035492, 41.679991], [-8.04747, 41.682445], [-8.07127, 41.698418], [-8.083213, 41.7037]], [[-8.076906, 41.69639], [-8.061855, 41.687261], [-8.053089, 41.678182], [-8.050575, 41.669154], [-8.060091, 41.660225], [-8.071886, 41.655538], [-8.08392, 41.653856], [-8.095917, 41.654757], [-8.110019, 41.660623], [-8.117951, 41.669691], [-8.116956, 41.67869], [-8.095337, 41.696233], [-8.083271, 41.6996], [-8.076906, 41.69639]], [[-8.019377, 41.668892], [-8.011738, 41.662017], [-8.010511, 41.659809], [-8.01181, 41.657244], [-8.018817, 41.650873], [-8.023942, 41.649221], [-8.03121, 41.650978], [-8.042389, 41.660079], [-8.032747, 41.669005], [-8.023621, 41.670452], [-8.019377, 41.668892]]], [[[-8.383919, 41.679481], [-8.397532, 41.671496], [-8.397658, 41.66249], [-8.384165, 41.653741], [-8.37214, 41.655309], [-8.363888, 41.662308], [-8.36408, 41.671316], [-8.371922, 41.677731], [-8.383919, 41.679481]]], [[[-8.175361, 41.376535], [-8.179228, 41.390919], [-8.18709, 41.399982], [-8.195092, 41.405473], [-8.206996, 41.410394], [-8.218937, 41.412436], [-8.230908, 41.411874], [-8.242913, 41.408497], [-8.256089, 41.400449], [-8.26337, 41.391488], [-8.266412, 41.3825], [-8.266444, 41.373493], [-8.263496, 41.364466], [-8.25673, 41.355415], [-8.252309, 41.352144], [-8.249622, 41.353072], [-8.251123, 41.356897], [-8.248141, 41.360052], [-8.248448, 41.364328], [-8.246875, 41.36478], [-8.2527, 41.373404], [-8.253563, 41.382417], [-8.249458, 41.391398], [-8.243045, 41.397116], [-8.231022, 41.402212], [-8.219052, 41.402803], [-8.207127, 41.399661], [-8.195733, 41.391035], [-8.191567, 41.381998], [-8.192086, 41.375852], [-8.175361, 41.376535]]], [[[-8.808462, 41.366908], [-8.781436, 41.372488], [-8.757516, 41.373704], [-8.733608, 41.371533], [-8.709724, 41.364489], [-8.68588, 41.350101], [-8.63562, 41.3122], [-8.628498, 41.30317], [-8.625458, 41.294152], [-8.625604, 41.285145], [-8.628483, 41.276146], [-8.633975, 41.267156], [-8.64245, 41.258175], [-8.656121, 41.249209], [-8.674459, 41.243034], [-8.731273, 41.231393], [-8.77001, 41.221353], [-8.802575, 41.217409], [-8.801949, 41.201478], [-8.781987, 41.207247], [-8.744148, 41.222414], [-8.716152, 41.231357], [-8.667094, 41.240233], [-8.650578, 41.245348], [-8.638602, 41.252934], [-8.624894, 41.267127], [-8.619036, 41.276115], [-8.61583, 41.285112], [-8.61532, 41.294119], [-8.618007, 41.303135], [-8.625846, 41.312169], [-8.665901, 41.339315], [-8.697764, 41.365247], [-8.709691, 41.371897], [-8.733576, 41.379299], [-8.757483, 41.382439], [-8.781402, 41.382749], [-8.808972, 41.379831], [-8.808462, 41.366908]]]]}}, {"id": "11", "type": "Feature", "properties": {"fill": "#a3a3a3", "value_min": -0.33, "value_max": 0.0}, "geometry": {"type": "MultiPolygon", "coordinates": [[[[-8.02901, 41.829649], [-8.020354, 41.822018], [-8.009379, 41.815676], [-7.997407, 41.811295], [-7.985405, 41.808971], [-7.961322, 41.809325], [-7.92512, 41.814461], [-7.914389, 41.821065], [-7.905915, 41.829992], [-7.893496, 41.847886], [-7.889366, 41.856839], [-7.891675, 41.859094], [-7.894712, 41.859326], [-7.902902, 41.83897], [-7.912888, 41.825853], [-7.925081, 41.816824], [-7.937172, 41.813743], [-7.961286, 41.811555], [-7.985341, 41.813021], [-7.997325, 41.816556], [-8.007563, 41.821908], [-8.018489, 41.831379], [-8.02901, 41.829649]]], [[[-7.755499, 41.869585], [-7.768147, 41.864623], [-7.767037, 41.855605], [-7.755833, 41.852365], [-7.747653, 41.855395], [-7.745838, 41.864382], [-7.755499, 41.869585]]], [[[-8.076906, 41.69639], [-8.083271, 41.6996], [-8.095337, 41.696233], [-8.116956, 41.67869], [-8.117951, 41.669691], [-8.110019, 41.660623], [-8.095917, 41.654757], [-8.08392, 41.653856], [-8.071886, 41.655538], [-8.060091, 41.660225], [-8.050575, 41.669154], [-8.053089, 41.678182], [-8.061855, 41.687261], [-8.076906, 41.69639]], [[-8.083323, 41.695984], [-8.066635, 41.6873], [-8.060875, 41.678246], [-8.061588, 41.669244], [-8.07263, 41.660327], [-8.083871, 41.657309], [-8.09587, 41.658137], [-8.107802, 41.663799], [-8.113555, 41.669657], [-8.113744, 41.678665], [-8.095362, 41.694441], [-8.083323, 41.695984]]], [[[-8.019377, 41.668892], [-8.023621, 41.670452], [-8.032747, 41.669005], [-8.042389, 41.660079], [-8.03121, 41.650978], [-8.023942, 41.649221], [-8.018817, 41.650873], [-8.01181, 41.657244], [-8.010511, 41.659809], [-8.011738, 41.662017], [-8.019377, 41.668892]]], [[[-8.192086, 41.375852], [-8.191567, 41.381998], [-8.195733, 41.391035], [-8.207127, 41.399661], [-8.219052, 41.402803], [-8.231022, 41.402212], [-8.243045, 41.397116], [-8.249458, 41.391398], [-8.253563, 41.382417], [-8.2527, 41.373404], [-8.246875, 41.36478], [-8.244864, 41.365457], [-8.244272, 41.368384], [-8.239197, 41.371315], [-8.230148, 41.369973], [-8.235843, 41.373294], [-8.239034, 41.382322], [-8.231148, 41.391514], [-8.219179, 41.392224], [-8.216556, 41.391179], [-8.207334, 41.382108], [-8.21017, 41.375841], [-8.200657, 41.377648], [-8.194976, 41.374275], [-8.192086, 41.375852]]], [[[-8.215292, 41.371125], [-8.215292, 41.371125], [-8.215321, 41.37111], [-8.215292, 41.371125]]], [[[-8.215591, 41.370971], [-8.215591, 41.370971], [-8.215759, 41.370885], [-8.215591, 41.370971]]], [[[-8.215889, 41.370818], [-8.221265, 41.369149], [-8.21738, 41.368182], [-8.215889, 41.370818]]], [[[-8.802575, 41.217409], [-8.77001, 41.221353], [-8.731273, 41.231393], [-8.674459, 41.243034], [-8.656121, 41.249209], [-8.64245, 41.258175], [-8.633975, 41.267156], [-8.628483, 41.276146], [-8.625604, 41.285145], [-8.625458, 41.294152], [-8.628498, 41.30317], [-8.63562, 41.3122], [-8.68588, 41.350101], [-8.709724, 41.364489], [-8.733608, 41.371533], [-8.757516, 41.373704], [-8.781436, 41.372488], [-8.808462, 41.366908], [-8.807997, 41.355114], [-8.781466, 41.363444], [-8.757544, 41.366114], [-8.733635, 41.364893], [-8.709751, 41.358438], [-8.685903, 41.345391], [-8.653221, 41.321262], [-8.643042, 41.312223], [-8.636601, 41.303195], [-8.633199, 41.294177], [-8.63327, 41.285169], [-8.636383, 41.276171], [-8.642083, 41.267182], [-8.651539, 41.258203], [-8.668104, 41.249244], [-8.686389, 41.244003], [-8.758046, 41.23041], [-8.781917, 41.228406], [-8.803083, 41.230353], [-8.802575, 41.217409]]]]}}, {"id": "0", "type": "Feature", "properties": {"fill": "#881d1d", "value_min": -4.0, "value_max": -3.67}, "geometry": {"type": "Polygon", "coordinates": [[[-8.637053, 41.532009], [-8.639598, 41.528394], [-8.636749, 41.519378], [-8.625162, 41.515208], [-8.612273, 41.519298], [-8.609743, 41.528297], [-8.613072, 41.533092], [-8.625031, 41.537934], [-8.637053, 41.532009]]]}}, {"id": "22", "type": "Feature", "properties": {"fill": "#214db8", "value_min": 3.33, "value_max": 3.67}, "geometry": {"type": "MultiPolygon", "coordinates": [[[[-7.972653, 41.853596], [-7.976218, 41.848653], [-7.976867, 41.839652], [-7.969098, 41.830576], [-7.961033, 41.827198], [-7.948997, 41.826836], [-7.936933, 41.828152], [-7.933458, 41.830251], [-7.929168, 41.839217], [-7.928898, 41.848222], [-7.936427, 41.858709], [-7.948415, 41.86238], [-7.96048, 41.861401], [-7.972653, 41.853596]], [[-7.972725, 41.849088], [-7.960523, 41.858709], [-7.948456, 41.859895], [-7.940492, 41.857336], [-7.932748, 41.848258], [-7.932959, 41.839253], [-7.935666, 41.830271], [-7.948968, 41.828615], [-7.961006, 41.82885], [-7.965039, 41.83054], [-7.974116, 41.839628], [-7.972725, 41.849088]]], [[[-8.757733, 41.315195], [-8.765802, 41.303531], [-8.767047, 41.294526], [-8.764782, 41.285513], [-8.75792, 41.276491], [-8.745965, 41.268929], [-8.734041, 41.265175], [-8.722107, 41.263994], [-8.710165, 41.264933], [-8.69821, 41.268639], [-8.684812, 41.276314], [-8.678708, 41.285305], [-8.677247, 41.294309], [-8.678975, 41.303321], [-8.684376, 41.312344], [-8.697964, 41.322053], [-8.709894, 41.326218], [-8.73379, 41.326908], [-8.745754, 41.323241], [-8.757733, 41.315195]], [[-8.745772, 41.318469], [-8.733802, 41.324044], [-8.709904, 41.323819], [-8.703006, 41.321401], [-8.686076, 41.309398], [-8.68254, 41.303331], [-8.68245, 41.285316], [-8.686217, 41.279834], [-8.709752, 41.267372], [-8.722097, 41.266402], [-8.730501, 41.267422], [-8.74595, 41.272697], [-8.751927, 41.276478], [-8.759686, 41.285503], [-8.762301, 41.294516], [-8.760902, 41.303521], [-8.757757, 41.3086], [-8.745772, 41.318469]]]]}}, {"id": "21", "type": "Feature", "properties": {"fill": "#245bd9", "value_min": 3.0, "value_max": 3.33}, "geometry": {"type": "MultiPolygon", "coordinates": [[[[-7.979377, 41.848681], [-7.979619, 41.839677], [-7.97313, 41.830612], [-7.96106, 41.825545], [-7.949026, 41.825059], [-7.936956, 41.826784], [-7.93125, 41.83023], [-7.925377, 41.839182], [-7.925046, 41.848186], [-7.930868, 41.857247], [-7.93638, 41.861555], [-7.948374, 41.864867], [-7.960436, 41.864094], [-7.972582, 41.858036], [-7.979377, 41.848681]], [[-7.972653, 41.853596], [-7.96048, 41.861401], [-7.948415, 41.86238], [-7.936427, 41.858709], [-7.928898, 41.848222], [-7.929168, 41.839217], [-7.933458, 41.830251], [-7.936933, 41.828152], [-7.948997, 41.826836], [-7.961033, 41.827198], [-7.969098, 41.830576], [-7.976867, 41.839652], [-7.976218, 41.848653], [-7.972653, 41.853596]]], [[[-8.757713, 41.320459], [-8.766183, 41.312539], [-8.770863, 41.303541], [-8.772147, 41.294536], [-8.769893, 41.285524], [-8.763984, 41.276504], [-8.750902, 41.267468], [-8.734052, 41.262443], [-8.722118, 41.261586], [-8.710175, 41.262601], [-8.694416, 41.267332], [-8.68086, 41.276303], [-8.674232, 41.288689], [-8.673153, 41.294297], [-8.67541, 41.303311], [-8.681088, 41.312335], [-8.697952, 41.324511], [-8.709883, 41.328618], [-8.721826, 41.330281], [-8.733778, 41.329774], [-8.74574, 41.326775], [-8.757713, 41.320459]], [[-8.757733, 41.315195], [-8.745754, 41.323241], [-8.73379, 41.326908], [-8.709894, 41.326218], [-8.697964, 41.322053], [-8.684376, 41.312344], [-8.678975, 41.303321], [-8.677247, 41.294309], [-8.678708, 41.285305], [-8.684812, 41.276314], [-8.69821, 41.268639], [-8.710165, 41.264933], [-8.722107, 41.263994], [-8.734041, 41.265175], [-8.745965, 41.268929], [-8.75792, 41.276491], [-8.764782, 41.285513], [-8.767047, 41.294526], [-8.765802, 41.303531], [-8.757733, 41.315195]]]]}}, {"id": "20", "type": "Feature", "properties": {"fill": "#2e6eed", "value_min": 2.67, "value_max": 3.0}, "geometry": {"type": "MultiPolygon", "coordinates": [[[[-7.97252, 41.8619], [-7.977489, 41.857671], [-7.982538, 41.848709], [-7.982371, 41.839701], [-7.976425, 41.830642], [-7.961087, 41.823893], [-7.949055, 41.82328], [-7.936979, 41.825416], [-7.929042, 41.83021], [-7.922914, 41.839159], [-7.922347, 41.84816], [-7.927133, 41.857212], [-7.936333, 41.864403], [-7.948329, 41.867615], [-7.960391, 41.866857], [-7.97252, 41.8619]], [[-7.979377, 41.848681], [-7.972582, 41.858036], [-7.960436, 41.864094], [-7.948374, 41.864867], [-7.93638, 41.861555], [-7.930868, 41.857247], [-7.925046, 41.848186], [-7.925377, 41.839182], [-7.93125, 41.83023], [-7.936956, 41.826784], [-7.949026, 41.825059], [-7.96106, 41.825545], [-7.97313, 41.830612], [-7.979619, 41.839677], [-7.979377, 41.848681]]], [[[-8.745726, 41.330308], [-8.763318, 41.321541], [-8.772067, 41.312551], [-8.776574, 41.303552], [-8.777718, 41.294547], [-8.775815, 41.285535], [-8.770081, 41.276516], [-8.757911, 41.266915], [-8.745991, 41.262097], [-8.734063, 41.25971], [-8.710186, 41.260269], [-8.698235, 41.263167], [-8.68869, 41.267317], [-8.676908, 41.276292], [-8.671333, 41.285284], [-8.669828, 41.294288], [-8.671985, 41.303302], [-8.677801, 41.312326], [-8.688249, 41.321362], [-8.697941, 41.326969], [-8.709872, 41.331083], [-8.721814, 41.333048], [-8.733766, 41.332798], [-8.745726, 41.330308]], [[-8.757713, 41.320459], [-8.74574, 41.326775], [-8.733778, 41.329774], [-8.721826, 41.330281], [-8.709883, 41.328618], [-8.697952, 41.324511], [-8.681088, 41.312335], [-8.67541, 41.303311], [-8.673153, 41.294297], [-8.674232, 41.288689], [-8.68086, 41.276303], [-8.694416, 41.267332], [-8.710175, 41.262601], [-8.722118, 41.261586], [-8.734052, 41.262443], [-8.750902, 41.267468], [-8.763984, 41.276504], [-8.769893, 41.285524], [-8.772147, 41.294536], [-8.770863, 41.303541], [-8.766183, 41.312539], [-8.757713, 41.320459]]]]}}, {"id": "19", "type": "Feature", "properties": {"fill": "#4182f2", "value_min": 2.33, "value_max": 2.67}, "geometry": {"type": "MultiPolygon", "coordinates": [[[[-7.972458, 41.865765], [-7.981922, 41.857711], [-7.985955, 41.84874], [-7.985203, 41.839726], [-7.979718, 41.830671], [-7.973088, 41.826411], [-7.961113, 41.82224], [-7.949084, 41.821501], [-7.937001, 41.824048], [-7.926833, 41.830189], [-7.920735, 41.839139], [-7.919814, 41.848137], [-7.924384, 41.858427], [-7.936281, 41.86752], [-7.948277, 41.8708], [-7.960336, 41.870279], [-7.972458, 41.865765]], [[-7.97252, 41.8619], [-7.960391, 41.866857], [-7.948329, 41.867615], [-7.936333, 41.864403], [-7.927133, 41.857212], [-7.922347, 41.84816], [-7.922914, 41.839159], [-7.929042, 41.83021], [-7.936979, 41.825416], [-7.949055, 41.82328], [-7.961087, 41.823893], [-7.976425, 41.830642], [-7.982371, 41.839701], [-7.982538, 41.848709], [-7.977489, 41.857671], [-7.97252, 41.8619]]], [[[-8.095607, 41.676947], [-8.083588, 41.677297], [-8.08266, 41.678422], [-8.083557, 41.679462], [-8.095567, 41.679818], [-8.095607, 41.676947]]], [[[-8.757679, 41.329667], [-8.770421, 41.321556], [-8.778434, 41.312564], [-8.782409, 41.303563], [-8.783622, 41.294558], [-8.781741, 41.285547], [-8.77695, 41.27653], [-8.76984, 41.269786], [-8.757927, 41.262661], [-8.746004, 41.258767], [-8.734074, 41.256915], [-8.710196, 41.25791], [-8.698247, 41.260658], [-8.683299, 41.267302], [-8.672851, 41.276281], [-8.667725, 41.285274], [-8.666503, 41.294278], [-8.668635, 41.303292], [-8.674514, 41.312317], [-8.684171, 41.321351], [-8.697929, 41.329427], [-8.70986, 41.33375], [-8.721802, 41.335803], [-8.733753, 41.335875], [-8.745712, 41.333948], [-8.757679, 41.329667]], [[-8.745726, 41.330308], [-8.733766, 41.332798], [-8.721814, 41.333048], [-8.709872, 41.331083], [-8.697941, 41.326969], [-8.688249, 41.321362], [-8.677801, 41.312326], [-8.671985, 41.303302], [-8.669828, 41.294288], [-8.671333, 41.285284], [-8.676908, 41.276292], [-8.68869, 41.267317], [-8.698235, 41.263167], [-8.710186, 41.260269], [-8.734063, 41.25971], [-8.745991, 41.262097], [-8.757911, 41.266915], [-8.770081, 41.276516], [-8.775815, 41.285535], [-8.777718, 41.294547], [-8.776574, 41.303552], [-8.772067, 41.312551], [-8.763318, 41.321541], [-8.745726, 41.330308]]]]}}, {"id": "18", "type": "Feature", "properties": {"fill": "#5599f7", "value_min": 2.0, "value_max": 2.33}, "geometry": {"type": "MultiPolygon", "coordinates": [[[[-7.956365, 41.873793], [-7.97239, 41.870042], [-7.977754, 41.86668], [-7.986599, 41.857752], [-7.990002, 41.848775], [-7.989027, 41.83976], [-7.983011, 41.8307], [-7.973121, 41.824345], [-7.961138, 41.820689], [-7.949106, 41.820197], [-7.937024, 41.82268], [-7.924599, 41.830168], [-7.918557, 41.839118], [-7.917283, 41.848113], [-7.919969, 41.857145], [-7.928347, 41.86623], [-7.939808, 41.872016], [-7.941618, 41.870891], [-7.951254, 41.871132], [-7.956365, 41.873793]], [[-7.972458, 41.865765], [-7.960336, 41.870279], [-7.948277, 41.8708], [-7.936281, 41.86752], [-7.924384, 41.858427], [-7.919814, 41.848137], [-7.920735, 41.839139], [-7.926833, 41.830189], [-7.937001, 41.824048], [-7.949084, 41.821501], [-7.961113, 41.82224], [-7.973088, 41.826411], [-7.979718, 41.830671], [-7.985203, 41.839726], [-7.985955, 41.84874], [-7.981922, 41.857711], [-7.972458, 41.865765]]], [[[-8.095649, 41.673955], [-8.083634, 41.674068], [-8.08006, 41.678401], [-8.083515, 41.682407], [-8.095532, 41.682273], [-8.098853, 41.67855], [-8.095649, 41.673955]], [[-8.095607, 41.676947], [-8.095567, 41.679818], [-8.083557, 41.679462], [-8.08266, 41.678422], [-8.083588, 41.677297], [-8.095607, 41.676947]]], [[[-8.769635, 41.328047], [-8.778108, 41.321571], [-8.78537, 41.312577], [-8.789273, 41.303576], [-8.790354, 41.29457], [-8.788841, 41.28556], [-8.78418, 41.276543], [-8.76986, 41.263889], [-8.758139, 41.258476], [-8.746017, 41.255376], [-8.734086, 41.254063], [-8.710207, 41.255438], [-8.6863, 41.262603], [-8.678152, 41.267288], [-8.668596, 41.276269], [-8.664118, 41.285264], [-8.663178, 41.294269], [-8.665285, 41.303282], [-8.670888, 41.312306], [-8.680313, 41.321341], [-8.697917, 41.332099], [-8.709849, 41.336416], [-8.733741, 41.338952], [-8.745698, 41.337594], [-8.757662, 41.334166], [-8.769635, 41.328047]], [[-8.757679, 41.329667], [-8.745712, 41.333948], [-8.733753, 41.335875], [-8.721802, 41.335803], [-8.70986, 41.33375], [-8.697929, 41.329427], [-8.684171, 41.321351], [-8.674514, 41.312317], [-8.668635, 41.303292], [-8.666503, 41.294278], [-8.667725, 41.285274], [-8.672851, 41.276281], [-8.683299, 41.267302], [-8.698247, 41.260658], [-8.710196, 41.25791], [-8.734074, 41.256915], [-8.746004, 41.258767], [-8.757927, 41.262661], [-8.76984, 41.269786], [-8.77695, 41.27653], [-8.781741, 41.285547], [-8.783622, 41.294558], [-8.782409, 41.303563], [-8.778434, 41.312564], [-8.770421, 41.321556], [-8.757679, 41.329667]]]]}}, {"id": "17", "type": "Feature", "properties": {"fill": "#6ba5ec", "value_min": 1.67, "value_max": 2.0}, "geometry": {"type": "MultiPolygon", "coordinates": [[[[-7.970215, 41.874986], [-7.98449, 41.866845], [-7.991661, 41.857797], [-7.994049, 41.848811], [-7.992852, 41.839794], [-7.986791, 41.830733], [-7.973154, 41.82228], [-7.961162, 41.819219], [-7.949126, 41.818925], [-7.937047, 41.821312], [-7.924896, 41.827838], [-7.916377, 41.839097], [-7.914751, 41.848089], [-7.916474, 41.857112], [-7.924227, 41.867836], [-7.936632, 41.874934], [-7.937089, 41.875033], [-7.93739, 41.875098], [-7.939808, 41.872016], [-7.928347, 41.86623], [-7.919969, 41.857145], [-7.917283, 41.848113], [-7.918557, 41.839118], [-7.924599, 41.830168], [-7.937024, 41.82268], [-7.949106, 41.820197], [-7.961138, 41.820689], [-7.973121, 41.824345], [-7.983011, 41.8307], [-7.989027, 41.83976], [-7.990002, 41.848775], [-7.986599, 41.857752], [-7.977754, 41.86668], [-7.97239, 41.870042], [-7.956365, 41.873793], [-7.956362, 41.875191], [-7.960576, 41.875647], [-7.962086, 41.874074], [-7.970215, 41.874986]]], [[[-8.095691, 41.670963], [-8.083679, 41.67084], [-8.07746, 41.67838], [-8.083474, 41.685351], [-8.095498, 41.684728], [-8.100993, 41.678566], [-8.095691, 41.670963]], [[-8.095649, 41.673955], [-8.098853, 41.67855], [-8.095532, 41.682273], [-8.083515, 41.682407], [-8.08006, 41.678401], [-8.083634, 41.674068], [-8.095649, 41.673955]]], [[[-8.757646, 41.338659], [-8.77536, 41.330573], [-8.786392, 41.321586], [-8.792878, 41.31259], [-8.79668, 41.303589], [-8.797845, 41.294584], [-8.796426, 41.285574], [-8.792246, 41.276558], [-8.784565, 41.267536], [-8.770308, 41.258501], [-8.757958, 41.254182], [-8.734097, 41.251211], [-8.710218, 41.252964], [-8.69827, 41.255514], [-8.686314, 41.259621], [-8.674344, 41.266285], [-8.664341, 41.276256], [-8.660109, 41.285252], [-8.659247, 41.294257], [-8.661861, 41.303272], [-8.667214, 41.312296], [-8.676456, 41.32133], [-8.697904, 41.33491], [-8.721777, 41.34172], [-8.745683, 41.341459], [-8.757646, 41.338659]], [[-8.769635, 41.328047], [-8.757662, 41.334166], [-8.745698, 41.337594], [-8.733741, 41.338952], [-8.709849, 41.336416], [-8.697917, 41.332099], [-8.680313, 41.321341], [-8.670888, 41.312306], [-8.665285, 41.303282], [-8.663178, 41.294269], [-8.664118, 41.285264], [-8.668596, 41.276269], [-8.678152, 41.267288], [-8.6863, 41.262603], [-8.710207, 41.255438], [-8.734086, 41.254063], [-8.746017, 41.255376], [-8.758139, 41.258476], [-8.76986, 41.263889], [-8.78418, 41.276543], [-8.788841, 41.28556], [-8.790354, 41.29457], [-8.789273, 41.303576], [-8.78537, 41.312577], [-8.778108, 41.321571], [-8.769635, 41.328047]]]]}}, {"id": "16", "type": "Feature", "properties": {"fill": "#80a4d0", "value_min": 1.33, "value_max": 1.67}, "geometry": {"type": "MultiPolygon", "coordinates": [[[[-7.998113, 41.851164], [-7.996676, 41.839827], [-7.991375, 41.830774], [-7.977213, 41.821642], [-7.961186, 41.81775], [-7.949147, 41.817652], [-7.933307, 41.821242], [-7.919682, 41.830122], [-7.914199, 41.839077], [-7.912131, 41.848064], [-7.912979, 41.857079], [-7.917432, 41.866128], [-7.924139, 41.873065], [-7.93106, 41.876912], [-7.936632, 41.874934], [-7.924227, 41.867836], [-7.916474, 41.857112], [-7.914751, 41.848089], [-7.916377, 41.839097], [-7.924896, 41.827838], [-7.937047, 41.821312], [-7.949126, 41.818925], [-7.961162, 41.819219], [-7.973154, 41.82228], [-7.986791, 41.830733], [-7.992852, 41.839794], [-7.994049, 41.848811], [-7.991661, 41.857797], [-7.98449, 41.866845], [-7.970215, 41.874986], [-7.973828, 41.875216], [-7.987996, 41.869157], [-7.990123, 41.860157], [-7.995547, 41.858138], [-7.994047, 41.855211], [-7.998113, 41.851164]]], [[[-7.93739, 41.875098], [-7.93739, 41.875098], [-7.937089, 41.875033], [-7.93739, 41.875098]]], [[[-8.095463, 41.687183], [-8.103132, 41.678583], [-8.097658, 41.669533], [-8.095728, 41.668298], [-8.083719, 41.668043], [-8.07486, 41.678359], [-8.083436, 41.688017], [-8.095463, 41.687183]], [[-8.095691, 41.670963], [-8.100993, 41.678566], [-8.095498, 41.684728], [-8.083474, 41.685351], [-8.07746, 41.67838], [-8.083679, 41.67084], [-8.095691, 41.670963]]], [[[-8.80537, 41.28846], [-8.801577, 41.276575], [-8.794578, 41.267555], [-8.7827, 41.258525], [-8.769899, 41.252915], [-8.757974, 41.249955], [-8.73411, 41.248231], [-8.698282, 41.252888], [-8.686328, 41.256606], [-8.674363, 41.262453], [-8.667506, 41.267258], [-8.659661, 41.276243], [-8.655696, 41.285239], [-8.655085, 41.294245], [-8.657605, 41.30326], [-8.663542, 41.312285], [-8.672432, 41.321318], [-8.685971, 41.33121], [-8.709822, 41.342345], [-8.733712, 41.346087], [-8.757628, 41.343444], [-8.769595, 41.339458], [-8.7857, 41.330593], [-8.795445, 41.321603], [-8.801731, 41.312606], [-8.805734, 41.297714], [-8.80537, 41.28846]], [[-8.757646, 41.338659], [-8.745683, 41.341459], [-8.721777, 41.34172], [-8.697904, 41.33491], [-8.676456, 41.32133], [-8.667214, 41.312296], [-8.661861, 41.303272], [-8.659247, 41.294257], [-8.660109, 41.285252], [-8.664341, 41.276256], [-8.674344, 41.266285], [-8.686314, 41.259621], [-8.69827, 41.255514], [-8.710218, 41.252964], [-8.734097, 41.251211], [-8.757958, 41.254182], [-8.770308, 41.258501], [-8.784565, 41.267536], [-8.792246, 41.276558], [-8.796426, 41.285574], [-8.797845, 41.294584], [-8.79668, 41.303589], [-8.792878, 41.31259], [-8.786392, 41.321586], [-8.77536, 41.330573], [-8.757646, 41.338659]]]]}}, {"id": "15", "type": "Feature", "properties": {"fill": "#97a3b2", "value_min": 1.0, "value_max": 1.33}, "geometry": {"type": "MultiPolygon", "coordinates": [[[[-8.004058, 41.848245], [-8.002141, 41.839875], [-7.995957, 41.830814], [-7.983222, 41.821695], [-7.973221, 41.818085], [-7.96121, 41.816281], [-7.937097, 41.818287], [-7.924967, 41.823617], [-7.917224, 41.830099], [-7.908834, 41.848033], [-7.908924, 41.85704], [-7.912242, 41.866079], [-7.922855, 41.878061], [-7.93106, 41.876912], [-7.924139, 41.873065], [-7.917432, 41.866128], [-7.912979, 41.857079], [-7.912131, 41.848064], [-7.914199, 41.839077], [-7.919682, 41.830122], [-7.933307, 41.821242], [-7.949147, 41.817652], [-7.961186, 41.81775], [-7.977213, 41.821642], [-7.991375, 41.830774], [-7.996676, 41.839827], [-7.998113, 41.851164], [-8.003089, 41.850494], [-8.004058, 41.848245]]], [[[-8.105272, 41.6786], [-8.101422, 41.669563], [-8.095761, 41.665936], [-8.083754, 41.665583], [-8.076805, 41.669368], [-8.072259, 41.678338], [-8.078724, 41.687397], [-8.083407, 41.690009], [-8.095437, 41.689068], [-8.105272, 41.6786]], [[-8.095463, 41.687183], [-8.083436, 41.688017], [-8.07486, 41.678359], [-8.083719, 41.668043], [-8.095728, 41.668298], [-8.097658, 41.669533], [-8.103132, 41.678583], [-8.095463, 41.687183]]], [[[-8.804489, 41.266088], [-8.793758, 41.257038], [-8.781841, 41.251064], [-8.769918, 41.247425], [-8.746058, 41.244755], [-8.710241, 41.247848], [-8.686343, 41.253561], [-8.674382, 41.258621], [-8.662402, 41.266937], [-8.65461, 41.276228], [-8.651283, 41.285225], [-8.650923, 41.294232], [-8.653349, 41.303247], [-8.659218, 41.312272], [-8.674047, 41.325957], [-8.697877, 41.340855], [-8.709807, 41.345698], [-8.721749, 41.348444], [-8.74565, 41.349892], [-8.769574, 41.345334], [-8.783268, 41.339596], [-8.793518, 41.333178], [-8.806624, 41.320306], [-8.805734, 41.297714], [-8.801731, 41.312606], [-8.795445, 41.321603], [-8.7857, 41.330593], [-8.769595, 41.339458], [-8.757628, 41.343444], [-8.733712, 41.346087], [-8.709822, 41.342345], [-8.685971, 41.33121], [-8.672432, 41.321318], [-8.663542, 41.312285], [-8.657605, 41.30326], [-8.655085, 41.294245], [-8.655696, 41.285239], [-8.659661, 41.276243], [-8.667506, 41.267258], [-8.674363, 41.262453], [-8.686328, 41.256606], [-8.698282, 41.252888], [-8.73411, 41.248231], [-8.757974, 41.249955], [-8.769899, 41.252915], [-8.7827, 41.258525], [-8.794578, 41.267555], [-8.801577, 41.276575], [-8.80537, 41.28846], [-8.804489, 41.266088]]]]}}, {"id": "14", "type": "Feature", "properties": {"fill": "#a3a3a3", "value_min": 0.67, "value_max": 1.0}, "geometry": {"type": "MultiPolygon", "coordinates": [[[[-8.007924, 41.840721], [-8.002109, 41.830868], [-7.985238, 41.819532], [-7.973254, 41.815983], [-7.961233, 41.814813], [-7.937122, 41.816773], [-7.925002, 41.821507], [-7.914765, 41.830076], [-7.908827, 41.839026], [-7.905536, 41.848001], [-7.906252, 41.864525], [-7.906722, 41.866327], [-7.90863, 41.869707], [-7.908798, 41.870004], [-7.908885, 41.870157], [-7.909098, 41.870535], [-7.909139, 41.870608], [-7.910411, 41.872861], [-7.915994, 41.879211], [-7.922855, 41.878061], [-7.912242, 41.866079], [-7.908924, 41.85704], [-7.908834, 41.848033], [-7.917224, 41.830099], [-7.924967, 41.823617], [-7.937097, 41.818287], [-7.96121, 41.816281], [-7.973221, 41.818085], [-7.983222, 41.821695], [-7.995957, 41.830814], [-8.002141, 41.839875], [-8.004058, 41.848245], [-8.007924, 41.840721]]], [[[-8.107413, 41.678616], [-8.105188, 41.669592], [-8.095794, 41.663576], [-8.083789, 41.663122], [-8.072387, 41.669332], [-8.0687, 41.678309], [-8.075071, 41.687368], [-8.083379, 41.692001], [-8.095412, 41.69086], [-8.107413, 41.678616]], [[-8.105272, 41.6786], [-8.095437, 41.689068], [-8.083407, 41.690009], [-8.078724, 41.687397], [-8.072259, 41.678338], [-8.076805, 41.669368], [-8.083754, 41.665583], [-8.095761, 41.665936], [-8.101422, 41.669563], [-8.105272, 41.6786]]], [[[-8.803989, 41.253388], [-8.793787, 41.247929], [-8.781865, 41.243961], [-8.758007, 41.24091], [-8.722196, 41.243206], [-8.690945, 41.249307], [-8.667553, 41.25825], [-8.65582, 41.267223], [-8.649354, 41.276212], [-8.645863, 41.285209], [-8.6456, 41.294216], [-8.64867, 41.303233], [-8.654508, 41.312258], [-8.67403, 41.32931], [-8.69786, 41.344468], [-8.72173, 41.352751], [-8.745631, 41.354763], [-8.769552, 41.351473], [-8.79349, 41.342185], [-8.807121, 41.332904], [-8.806624, 41.320306], [-8.793518, 41.333178], [-8.783268, 41.339596], [-8.769574, 41.345334], [-8.74565, 41.349892], [-8.721749, 41.348444], [-8.709807, 41.345698], [-8.697877, 41.340855], [-8.674047, 41.325957], [-8.659218, 41.312272], [-8.653349, 41.303247], [-8.650923, 41.294232], [-8.651283, 41.285225], [-8.65461, 41.276228], [-8.662402, 41.266937], [-8.674382, 41.258621], [-8.686343, 41.253561], [-8.710241, 41.247848], [-8.746058, 41.244755], [-8.769918, 41.247425], [-8.781841, 41.251064], [-8.793758, 41.257038], [-8.804489, 41.266088], [-8.803989, 41.253388]]]]}}, {"id": "13", "type": "Feature", "properties": {"fill": "#a3a3a3", "value_min": 0.33, "value_max": 0.67}, "geometry": {"type": "MultiPolygon", "coordinates": [[[[-8.01149, 41.834748], [-7.997688, 41.821822], [-7.98529, 41.816276], [-7.973288, 41.813879], [-7.961257, 41.813343], [-7.937147, 41.815258], [-7.925041, 41.819186], [-7.912168, 41.830051], [-7.905864, 41.838998], [-7.90224, 41.84797], [-7.900719, 41.861588], [-7.904318, 41.859795], [-7.906252, 41.864525], [-7.905536, 41.848001], [-7.908827, 41.839026], [-7.914765, 41.830076], [-7.925002, 41.821507], [-7.937122, 41.816773], [-7.961233, 41.814813], [-7.973254, 41.815983], [-7.985238, 41.819532], [-8.002109, 41.830868], [-8.007924, 41.840721], [-8.01149, 41.834748]]], [[[-7.915994, 41.879211], [-7.910411, 41.872861], [-7.910285, 41.875562], [-7.915994, 41.879211]]], [[[-7.909139, 41.870608], [-7.909139, 41.870608], [-7.909098, 41.870535], [-7.909139, 41.870608]]], [[[-7.908885, 41.870157], [-7.908885, 41.870157], [-7.908798, 41.870004], [-7.908885, 41.870157]]], [[[-7.90863, 41.869707], [-7.906722, 41.866327], [-7.906095, 41.868126], [-7.90863, 41.869707]]], [[[-8.10756, 41.681374], [-8.110531, 41.678641], [-8.109159, 41.669623], [-8.095827, 41.661214], [-8.083824, 41.660663], [-8.071746, 41.665351], [-8.067073, 41.669289], [-8.064787, 41.678278], [-8.071414, 41.687338], [-8.083351, 41.693992], [-8.095387, 41.692651], [-8.102426, 41.687585], [-8.10756, 41.681374]], [[-8.107413, 41.678616], [-8.095412, 41.69086], [-8.083379, 41.692001], [-8.075071, 41.687368], [-8.0687, 41.678309], [-8.072387, 41.669332], [-8.083789, 41.663122], [-8.095794, 41.663576], [-8.105188, 41.669592], [-8.107413, 41.678616]]], [[[-8.803537, 41.241892], [-8.78189, 41.236519], [-8.758026, 41.235783], [-8.710265, 41.242271], [-8.679621, 41.249276], [-8.662455, 41.256628], [-8.649448, 41.267204], [-8.643085, 41.276192], [-8.640178, 41.285191], [-8.640078, 41.294199], [-8.642881, 41.303215], [-8.65879, 41.321279], [-8.685923, 41.341218], [-8.709772, 41.353716], [-8.733658, 41.359274], [-8.757568, 41.359634], [-8.781494, 41.355264], [-8.807559, 41.344027], [-8.807121, 41.332904], [-8.79349, 41.342185], [-8.769552, 41.351473], [-8.745631, 41.354763], [-8.72173, 41.352751], [-8.69786, 41.344468], [-8.67403, 41.32931], [-8.654508, 41.312258], [-8.64867, 41.303233], [-8.6456, 41.294216], [-8.645863, 41.285209], [-8.649354, 41.276212], [-8.65582, 41.267223], [-8.667553, 41.25825], [-8.690945, 41.249307], [-8.722196, 41.243206], [-8.758007, 41.24091], [-8.781865, 41.243961], [-8.793787, 41.247929], [-8.803989, 41.253388], [-8.803537, 41.241892]]]]}}, {"id": "12", "type": "Feature", "properties": {"fill": "#a3a3a3", "value_min": 0.0, "value_max": 0.33}, "geometry": {"type": "MultiPolygon", "coordinates": [[[[-8.018489, 41.831379], [-8.007563, 41.821908], [-7.997325, 41.816556], [-7.985341, 41.813021], [-7.961286, 41.811555], [-7.937172, 41.813743], [-7.925081, 41.816824], [-7.912888, 41.825853], [-7.902902, 41.83897], [-7.894712, 41.859326], [-7.900719, 41.861588], [-7.90224, 41.84797], [-7.905864, 41.838998], [-7.912168, 41.830051], [-7.925041, 41.819186], [-7.937147, 41.815258], [-7.961257, 41.813343], [-7.973288, 41.813879], [-7.98529, 41.816276], [-7.997688, 41.821822], [-8.01149, 41.834748], [-8.013363, 41.829124], [-8.018489, 41.831379]]], [[[-8.083323, 41.695984], [-8.095362, 41.694441], [-8.113744, 41.678665], [-8.113555, 41.669657], [-8.107802, 41.663799], [-8.09587, 41.658137], [-8.083871, 41.657309], [-8.07263, 41.660327], [-8.061588, 41.669244], [-8.060875, 41.678246], [-8.066635, 41.6873], [-8.083323, 41.695984]], [[-8.10756, 41.681374], [-8.102426, 41.687585], [-8.095387, 41.692651], [-8.083351, 41.693992], [-8.071414, 41.687338], [-8.064787, 41.678278], [-8.067073, 41.669289], [-8.071746, 41.665351], [-8.083824, 41.660663], [-8.095827, 41.661214], [-8.109159, 41.669623], [-8.110531, 41.678641], [-8.10756, 41.681374]]], [[[-8.21017, 41.375841], [-8.207334, 41.382108], [-8.216556, 41.391179], [-8.219179, 41.392224], [-8.231148, 41.391514], [-8.239034, 41.382322], [-8.235843, 41.373294], [-8.230148, 41.369973], [-8.224854, 41.370878], [-8.221265, 41.369149], [-8.215889, 41.370818], [-8.215759, 41.370885], [-8.215591, 41.370971], [-8.215321, 41.37111], [-8.215292, 41.371125], [-8.212011, 41.375839], [-8.21017, 41.375841]]], [[[-8.803083, 41.230353], [-8.781917, 41.228406], [-8.758046, 41.23041], [-8.686389, 41.244003], [-8.668104, 41.249244], [-8.651539, 41.258203], [-8.642083, 41.267182], [-8.636383, 41.276171], [-8.63327, 41.285169], [-8.633199, 41.294177], [-8.636601, 41.303195], [-8.643042, 41.312223], [-8.653221, 41.321262], [-8.685903, 41.345391], [-8.709751, 41.358438], [-8.733635, 41.364893], [-8.757544, 41.366114], [-8.781466, 41.363444], [-8.807997, 41.355114], [-8.807559, 41.344027], [-8.781494, 41.355264], [-8.757568, 41.359634], [-8.733658, 41.359274], [-8.709772, 41.353716], [-8.685923, 41.341218], [-8.65879, 41.321279], [-8.642881, 41.303215], [-8.640078, 41.294199], [-8.640178, 41.285191], [-8.643085, 41.276192], [-8.649448, 41.267204], [-8.662455, 41.256628], [-8.679621, 41.249276], [-8.710265, 41.242271], [-8.758026, 41.235783], [-8.78189, 41.236519], [-8.803537, 41.241892], [-8.803083, 41.230353]]]]}}, {"id": "2", "type": "Feature", "properties": {"fill": "#ae1c1c", "value_min": -3.33, "value_max": -3.0}, "geometry": {"type": "MultiPolygon", "coordinates": [[[[-7.864775, 41.822824], [-7.876826, 41.822234], [-7.885158, 41.811778], [-7.877199, 41.800912], [-7.865169, 41.800492], [-7.860839, 41.802533], [-7.854208, 41.811474], [-7.859899, 41.820537], [-7.864775, 41.822824]], [[-7.86492, 41.814606], [-7.862625, 41.811558], [-7.865022, 41.808801], [-7.877064, 41.80862], [-7.879105, 41.81172], [-7.876955, 41.81486], [-7.86492, 41.814606]]], [[[-7.890595, 41.722039], [-7.902739, 41.721879], [-7.902784, 41.712271], [-7.890766, 41.712122], [-7.890595, 41.722039]]], [[[-8.636857, 41.566952], [-8.648864, 41.564571], [-8.660881, 41.55995], [-8.678015, 41.546523], [-8.683856, 41.537532], [-8.704575, 41.49255], [-8.706106, 41.483546], [-8.704409, 41.474534], [-8.698545, 41.465511], [-8.685366, 41.456827], [-8.673407, 41.453849], [-8.661434, 41.453906], [-8.65177, 41.456372], [-8.637427, 41.464895], [-8.621543, 41.483299], [-8.589284, 41.503477], [-8.582355, 41.510186], [-8.577708, 41.519176], [-8.576042, 41.528177], [-8.57771, 41.537191], [-8.582206, 41.546215], [-8.58897, 41.553039], [-8.600913, 41.560956], [-8.612881, 41.565084], [-8.624862, 41.567133], [-8.636857, 41.566952]], [[-8.624954, 41.551271], [-8.612977, 41.54898], [-8.601032, 41.541535], [-8.597198, 41.537261], [-8.593952, 41.528242], [-8.59559, 41.51924], [-8.603319, 41.51026], [-8.613241, 41.504706], [-8.625236, 41.502431], [-8.637213, 41.503317], [-8.649167, 41.508501], [-8.658068, 41.519443], [-8.65925, 41.528454], [-8.656024, 41.537452], [-8.648973, 41.544324], [-8.636952, 41.549997], [-8.624954, 41.551271]], [[-8.661263, 41.486741], [-8.657353, 41.483411], [-8.657069, 41.474403], [-8.661344, 41.471239], [-8.673319, 41.471374], [-8.677409, 41.474462], [-8.676712, 41.483467], [-8.673244, 41.486334], [-8.661263, 41.486741]]], [[[-8.095374, 41.544112], [-8.109434, 41.54528], [-8.121494, 41.540077], [-8.126761, 41.534651], [-8.128177, 41.525654], [-8.120959, 41.516592], [-8.109882, 41.512606], [-8.097902, 41.512297], [-8.090599, 41.514825], [-8.089398, 41.519468], [-8.090594, 41.522169], [-8.093289, 41.522621], [-8.097816, 41.518519], [-8.109809, 41.517933], [-8.118826, 41.525583], [-8.115195, 41.534562], [-8.109538, 41.537702], [-8.098074, 41.53698], [-8.106759, 41.543557], [-8.101666, 41.542655], [-8.095374, 41.544112]]], [[[-8.092946, 41.532749], [-8.092946, 41.532749], [-8.091884, 41.529822], [-8.092946, 41.532749]]], [[[-8.48127, 41.525539], [-8.493255, 41.525673], [-8.50523, 41.518887], [-8.50817, 41.509892], [-8.503133, 41.500863], [-8.493499, 41.494396], [-8.48154, 41.491719], [-8.469565, 41.491065], [-8.460414, 41.473648], [-8.451745, 41.4646], [-8.44586, 41.461236], [-8.433916, 41.457835], [-8.421939, 41.458188], [-8.409924, 41.462801], [-8.400519, 41.473352], [-8.398764, 41.48235], [-8.401509, 41.491372], [-8.409588, 41.499786], [-8.421527, 41.504488], [-8.433507, 41.504815], [-8.457494, 41.50208], [-8.460084, 41.509677], [-8.466771, 41.518715], [-8.48127, 41.525539]], [[-8.42161, 41.495145], [-8.414343, 41.491438], [-8.409716, 41.485629], [-8.408306, 41.4824], [-8.409788, 41.477774], [-8.41225, 41.473412], [-8.421851, 41.468039], [-8.433822, 41.468548], [-8.441999, 41.473561], [-8.445515, 41.482585], [-8.43949, 41.491563], [-8.433596, 41.494586], [-8.42161, 41.495145]]]]}}, {"id": "1", "type": "Feature", "properties": {"fill": "#9c1c1c", "value_min": -3.67, "value_max": -3.33}, "geometry": {"type": "MultiPolygon", "coordinates": [[[[-7.86492, 41.814606], [-7.876955, 41.81486], [-7.879105, 41.81172], [-7.877064, 41.80862], [-7.865022, 41.808801], [-7.862625, 41.811558], [-7.86492, 41.814606]]], [[[-8.624954, 41.551271], [-8.636952, 41.549997], [-8.648973, 41.544324], [-8.656024, 41.537452], [-8.65925, 41.528454], [-8.658068, 41.519443], [-8.649167, 41.508501], [-8.637213, 41.503317], [-8.625236, 41.502431], [-8.613241, 41.504706], [-8.603319, 41.51026], [-8.59559, 41.51924], [-8.593952, 41.528242], [-8.597198, 41.537261], [-8.601032, 41.541535], [-8.612977, 41.54898], [-8.624954, 41.551271]], [[-8.637053, 41.532009], [-8.625031, 41.537934], [-8.613072, 41.533092], [-8.609743, 41.528297], [-8.612273, 41.519298], [-8.625162, 41.515208], [-8.636749, 41.519378], [-8.639598, 41.528394], [-8.637053, 41.532009]]], [[[-8.098074, 41.53698], [-8.109538, 41.537702], [-8.115195, 41.534562], [-8.118826, 41.525583], [-8.109809, 41.517933], [-8.097816, 41.518519], [-8.093289, 41.522621], [-8.091884, 41.529822], [-8.092946, 41.532749], [-8.098074, 41.53698]]], [[[-8.42161, 41.495145], [-8.433596, 41.494586], [-8.43949, 41.491563], [-8.445515, 41.482585], [-8.441999, 41.473561], [-8.433822, 41.468548], [-8.421851, 41.468039], [-8.41225, 41.473412], [-8.409788, 41.477774], [-8.408306, 41.4824], [-8.409716, 41.485629], [-8.414343, 41.491438], [-8.42161, 41.495145]]], [[[-8.661263, 41.486741], [-8.673244, 41.486334], [-8.676712, 41.483467], [-8.677409, 41.474462], [-8.673319, 41.471374], [-8.661344, 41.471239], [-8.657069, 41.474403], [-8.657353, 41.483411], [-8.661263, 41.486741]]]]}}]}