{"type": "FeatureCollection", "features": [{"id": "23", "type": "Feature", "properties": {"fill": "#1f4099", "value_min": 3.67, "value_max": -4.0}, "geometry": {"type": "Polygon", "coordinates": [[[-8.373618, 41.502486], [-8.376467, 41.491239], [-8.376307, 41.473223], [-8.373935, 41.46958], [-8.362047, 41.460592], [-8.350131, 41.454816], [-8.338168, 41.453839], [-8.332117, 41.45496], [-8.311746, 41.463848], [-8.305034, 41.481822], [-8.310477, 41.49987], [-8.313675, 41.505753], [-8.317823, 41.508921], [-8.337534, 41.516093], [-8.361545, 41.511732], [-8.373618, 41.502486]]]}}, {"id": "21", "type": "Feature", "properties": {"fill": "#245bd9", "value_min": 3.0, "value_max": -3.33}, "geometry": {"type": "Polygon", "coordinates": [[[-8.361495, 41.51685], [-8.373558, 41.508674], [-8.380187, 41.500266], [-8.381949, 41.491268], [-8.381263, 41.47325], [-8.374007, 41.462059], [-8.362114, 41.453754], [-8.350179, 41.449978], [-8.338215, 41.449211], [-8.326225, 41.450995], [-8.314198, 41.456158], [-8.305068, 41.463807], [-8.302093, 41.468474], [-8.298197, 41.48178], [-8.301793, 41.496441], [-8.313602, 41.512668], [-8.325519, 41.519104], [-8.337476, 41.521743], [-8.349469, 41.521061], [-8.361495, 41.51685]], [[-8.337498, 41.519597], [-8.32555, 41.516057], [-8.312397, 41.508888], [-8.301846, 41.491441], [-8.300467, 41.481794], [-8.302024, 41.474837], [-8.308408, 41.463827], [-8.314168, 41.459001], [-8.326198, 41.4536], [-8.338191, 41.451525], [-8.350155, 41.452396], [-8.358163, 41.455108], [-8.371833, 41.464191], [-8.378785, 41.473237], [-8.379383, 41.482247], [-8.377789, 41.500253], [-8.373588, 41.50558], [-8.36152, 41.51429], [-8.351665, 41.518124], [-8.337498, 41.519597]]]}}, {"id": "22", "type": "Feature", "properties": {"fill": "#214db8", "value_min": 3.33, "value_max": -3.67}, "geometry": {"type": "Polygon", "coordinates": [[[-8.337498, 41.519597], [-8.351665, 41.518124], [-8.36152, 41.51429], [-8.373588, 41.50558], [-8.377789, 41.500253], [-8.379383, 41.482247], [-8.378785, 41.473237], [-8.371833, 41.464191], [-8.358163, 41.455108], [-8.350155, 41.452396], [-8.338191, 41.451525], [-8.326198, 41.4536], [-8.314168, 41.459001], [-8.308408, 41.463827], [-8.302024, 41.474837], [-8.300467, 41.481794], [-8.301846, 41.491441], [-8.312397, 41.508888], [-8.32555, 41.516057], [-8.337498, 41.519597]], [[-8.373618, 41.502486], [-8.361545, 41.511732], [-8.337534, 41.516093], [-8.317823, 41.508921], [-8.313675, 41.505753], [-8.310477, 41.49987], [-8.305034, 41.481822], [-8.311746, 41.463848], [-8.332117, 41.45496], [-8.338168, 41.453839], [-8.350131, 41.454816], [-8.362047, 41.460592], [-8.373935, 41.46958], [-8.376307, 41.473223], [-8.376467, 41.491239], [-8.373618, 41.502486]]]}}, {"id": "12", "type": "Feature", "properties": {"fill": "#a3a3a3", "value_min": 0.0, "value_max": -0.33}, "geometry": {"type": "MultiPolygon", "coordinates": [[[[-8.001559, 41.850493], [-8.001584, 41.850376], [-8.001607, 41.850268], [-8.000313, 41.839859], [-7.99486, 41.830804], [-7.982232, 41.821686], [-7.973215, 41.818413], [-7.961204, 41.816641], [-7.949159, 41.816962], [-7.937072, 41.819769], [-7.922785, 41.830151], [-7.917685, 41.83911], [-7.915979, 41.8481], [-7.917285, 41.85712], [-7.922163, 41.866172], [-7.933634, 41.875604], [-7.937389, 41.87516], [-7.940109, 41.871993], [-7.929987, 41.866245], [-7.922007, 41.857164], [-7.919397, 41.848133], [-7.920547, 41.839137], [-7.925822, 41.830179], [-7.93703, 41.822298], [-7.949122, 41.819224], [-7.961161, 41.819272], [-7.973155, 41.822228], [-7.986734, 41.830733], [-7.992518, 41.839791], [-7.993355, 41.848805], [-7.990304, 41.857785], [-7.981853, 41.866717], [-7.972356, 41.872125], [-7.96299, 41.874174], [-7.973828, 41.875216], [-7.987996, 41.869157], [-7.990123, 41.860157], [-7.995547, 41.858138], [-7.994044, 41.856786], [-7.994954, 41.853411], [-7.996765, 41.851162], [-8.001559, 41.850493]]], [[[-7.962085, 41.874372], [-7.956363, 41.874653], [-7.960878, 41.875648], [-7.962085, 41.874372]]], [[[-7.877642, 41.775473], [-7.891661, 41.766807], [-7.896124, 41.757843], [-7.894676, 41.748823], [-7.885596, 41.739728], [-7.878325, 41.736318], [-7.866315, 41.735441], [-7.854264, 41.736945], [-7.842171, 41.740717], [-7.831669, 41.748199], [-7.828696, 41.757176], [-7.831692, 41.766213], [-7.841579, 41.773608], [-7.853545, 41.777305], [-7.865571, 41.777709], [-7.877642, 41.775473]], [[-7.853577, 41.775547], [-7.841639, 41.77028], [-7.836263, 41.76626], [-7.833216, 41.757222], [-7.837122, 41.748255], [-7.842099, 41.744709], [-7.854212, 41.739835], [-7.866258, 41.738671], [-7.878243, 41.741016], [-7.888587, 41.748764], [-7.891223, 41.757796], [-7.887573, 41.766768], [-7.877682, 41.773197], [-7.868948, 41.775593], [-7.853577, 41.775547]]], [[[-8.436527, 41.714344], [-8.430643, 41.707694], [-8.419734, 41.704988], [-8.407695, 41.707097], [-8.398993, 41.71654], [-8.401584, 41.726681], [-8.404721, 41.722847], [-8.413744, 41.725076], [-8.417349, 41.725067], [-8.418768, 41.723713], [-8.409633, 41.716595], [-8.419658, 41.713382], [-8.424667, 41.716671], [-8.421326, 41.721681], [-8.429643, 41.719859], [-8.430533, 41.717381], [-8.436527, 41.714344]]], [[[-8.42124, 41.72181], [-8.42124, 41.72181], [-8.421176, 41.721906], [-8.42124, 41.72181]]], [[[-8.108454, 41.616575], [-8.107354, 41.606559], [-8.0967, 41.598697], [-8.084714, 41.597741], [-8.072643, 41.602751], [-8.069188, 41.606257], [-8.066746, 41.615244], [-8.072165, 41.624295], [-8.084263, 41.629668], [-8.096281, 41.628746], [-8.103244, 41.624542], [-8.108454, 41.616575]], [[-8.081499, 41.62437], [-8.073933, 41.615302], [-8.080108, 41.606344], [-8.084626, 41.604017], [-8.096606, 41.605431], [-8.102826, 41.615531], [-8.096343, 41.624324], [-8.08432, 41.62562], [-8.081499, 41.62437]]], [[[-8.349142, 41.55369], [-8.361163, 41.550613], [-8.373211, 41.544665], [-8.385282, 41.536093], [-8.409462, 41.513679], [-8.421514, 41.505976], [-8.433544, 41.500524], [-8.4456, 41.491823], [-8.451374, 41.482613], [-8.452464, 41.473611], [-8.445892, 41.457535], [-8.434041, 41.443366], [-8.422171, 41.431985], [-8.410275, 41.424], [-8.398351, 41.419349], [-8.386409, 41.416673], [-8.338593, 41.412026], [-8.314662, 41.412062], [-8.302668, 41.414723], [-8.290644, 41.420163], [-8.278585, 41.428501], [-8.270421, 41.436571], [-8.265189, 41.445545], [-8.263145, 41.454539], [-8.264409, 41.463555], [-8.281495, 41.499692], [-8.289875, 41.526766], [-8.294016, 41.535799], [-8.301277, 41.544426], [-8.313192, 41.551447], [-8.325153, 41.554278], [-8.337137, 41.555047], [-8.349142, 41.55369]], [[-8.337202, 41.548615], [-8.325224, 41.547459], [-8.313274, 41.543645], [-8.301374, 41.535333], [-8.290983, 41.517766], [-8.272764, 41.472615], [-8.270835, 41.463595], [-8.271354, 41.454591], [-8.275049, 41.445607], [-8.28247, 41.436646], [-8.290534, 41.430264], [-8.30257, 41.423902], [-8.314574, 41.420417], [-8.326555, 41.419049], [-8.350482, 41.419583], [-8.374387, 41.422493], [-8.398252, 41.429969], [-8.410117, 41.437372], [-8.433912, 41.458208], [-8.445841, 41.473579], [-8.446014, 41.482587], [-8.439298, 41.491562], [-8.433586, 41.495689], [-8.409523, 41.506886], [-8.385338, 41.530165], [-8.373269, 41.538649], [-8.361226, 41.544173], [-8.349204, 41.547477], [-8.337202, 41.548615]]], [[[-8.621888, 41.179666], [-8.626812, 41.204078], [-8.640882, 41.249162], [-8.645296, 41.285207], [-8.654782, 41.303251], [-8.673701, 41.321322], [-8.697895, 41.336799], [-8.721761, 41.345519], [-8.733706, 41.347455], [-8.757613, 41.347544], [-8.769572, 41.345748], [-8.79008, 41.339609], [-8.807056, 41.331253], [-8.806129, 41.307747], [-8.792862, 41.321598], [-8.778789, 41.33058], [-8.757648, 41.338118], [-8.745689, 41.340006], [-8.733735, 41.340368], [-8.709849, 41.336359], [-8.686001, 41.324888], [-8.670363, 41.312305], [-8.658121, 41.294254], [-8.655622, 41.285238], [-8.655253, 41.258214], [-8.653266, 41.2492], [-8.636049, 41.213116], [-8.630526, 41.188183], [-8.625658, 41.186628], [-8.621888, 41.179666]]], [[[-8.794554, 41.144175], [-8.799916, 41.149697], [-8.799695, 41.14406], [-8.794554, 41.144175]]]]}}, {"id": "13", "type": "Feature", "properties": {"fill": "#a3a3a3", "value_min": 0.33, "value_max": -0.67}, "geometry": {"type": "MultiPolygon", "coordinates": [[[[-7.96299, 41.874174], [-7.972356, 41.872125], [-7.981853, 41.866717], [-7.990304, 41.857785], [-7.993355, 41.848805], [-7.992518, 41.839791], [-7.986734, 41.830733], [-7.973155, 41.822228], [-7.961161, 41.819272], [-7.949122, 41.819224], [-7.93703, 41.822298], [-7.925822, 41.830179], [-7.920547, 41.839137], [-7.919397, 41.848133], [-7.922007, 41.857164], [-7.929987, 41.866245], [-7.940109, 41.871993], [-7.941618, 41.870891], [-7.951254, 41.871132], [-7.954864, 41.872262], [-7.956363, 41.874653], [-7.962085, 41.874372], [-7.96299, 41.874174]], [[-7.948302, 41.869255], [-7.936319, 41.865251], [-7.927042, 41.857211], [-7.922816, 41.848165], [-7.92341, 41.839164], [-7.928991, 41.830209], [-7.936992, 41.824583], [-7.949085, 41.821472], [-7.961119, 41.821866], [-7.973096, 41.825896], [-7.980464, 41.830678], [-7.985802, 41.839732], [-7.986263, 41.848742], [-7.981808, 41.85771], [-7.972468, 41.865147], [-7.960353, 41.8692], [-7.948302, 41.869255]]], [[[-7.853577, 41.775547], [-7.868948, 41.775593], [-7.877682, 41.773197], [-7.887573, 41.766768], [-7.891223, 41.757796], [-7.888587, 41.748764], [-7.878243, 41.741016], [-7.866258, 41.738671], [-7.854212, 41.739835], [-7.842099, 41.744709], [-7.837122, 41.748255], [-7.833216, 41.757222], [-7.836263, 41.76626], [-7.841639, 41.77028], [-7.853577, 41.775547]], [[-7.865627, 41.774527], [-7.853614, 41.773439], [-7.841699, 41.766954], [-7.837361, 41.757264], [-7.842514, 41.748309], [-7.854167, 41.742369], [-7.866214, 41.741178], [-7.878185, 41.74435], [-7.884018, 41.74872], [-7.887711, 41.757762], [-7.884163, 41.766735], [-7.877722, 41.770921], [-7.865627, 41.774527]]], [[[-8.421176, 41.721906], [-8.42124, 41.72181], [-8.421326, 41.721681], [-8.424667, 41.716671], [-8.419658, 41.713382], [-8.409633, 41.716595], [-8.418768, 41.723713], [-8.421176, 41.721906]]], [[[-8.081499, 41.62437], [-8.08432, 41.62562], [-8.096343, 41.624324], [-8.102826, 41.615531], [-8.096606, 41.605431], [-8.084626, 41.604017], [-8.080108, 41.606344], [-8.073933, 41.615302], [-8.081499, 41.62437]], [[-8.084424, 41.618248], [-8.081885, 41.615366], [-8.084508, 41.612304], [-8.096622, 41.615483], [-8.084424, 41.618248]]], [[[-8.337202, 41.548615], [-8.349204, 41.547477], [-8.361226, 41.544173], [-8.373269, 41.538649], [-8.385338, 41.530165], [-8.409523, 41.506886], [-8.433586, 41.495689], [-8.439298, 41.491562], [-8.446014, 41.482587], [-8.445841, 41.473579], [-8.433912, 41.458208], [-8.410117, 41.437372], [-8.398252, 41.429969], [-8.374387, 41.422493], [-8.350482, 41.419583], [-8.326555, 41.419049], [-8.314574, 41.420417], [-8.30257, 41.423902], [-8.290534, 41.430264], [-8.28247, 41.436646], [-8.275049, 41.445607], [-8.271354, 41.454591], [-8.270835, 41.463595], [-8.272764, 41.472615], [-8.290983, 41.517766], [-8.301374, 41.535333], [-8.313274, 41.543645], [-8.325224, 41.547459], [-8.337202, 41.548615]], [[-8.349255, 41.542353], [-8.337258, 41.543187], [-8.325282, 41.541887], [-8.313339, 41.537483], [-8.301451, 41.528219], [-8.290612, 41.508756], [-8.27761, 41.472646], [-8.276754, 41.463633], [-8.278721, 41.454638], [-8.283776, 41.445662], [-8.290437, 41.439108], [-8.30249, 41.431432], [-8.326493, 41.424996], [-8.338467, 41.424433], [-8.36238, 41.426599], [-8.386253, 41.433241], [-8.405653, 41.446356], [-8.421894, 41.463226], [-8.43381, 41.470009], [-8.436659, 41.473535], [-8.43881, 41.482552], [-8.433636, 41.490018], [-8.409599, 41.498536], [-8.392376, 41.518346], [-8.373319, 41.533515], [-8.361275, 41.539195], [-8.349255, 41.542353]]], [[[-8.630526, 41.188183], [-8.636049, 41.213116], [-8.653266, 41.2492], [-8.655253, 41.258214], [-8.655622, 41.285238], [-8.658121, 41.294254], [-8.670363, 41.312305], [-8.686001, 41.324888], [-8.709849, 41.336359], [-8.733735, 41.340368], [-8.745689, 41.340006], [-8.757648, 41.338118], [-8.778789, 41.33058], [-8.792862, 41.321598], [-8.806129, 41.307747], [-8.799916, 41.149697], [-8.794554, 41.144175], [-8.753311, 41.145092], [-8.761883, 41.150389], [-8.771857, 41.159417], [-8.778846, 41.168439], [-8.786724, 41.186469], [-8.788908, 41.204489], [-8.788011, 41.240519], [-8.795208, 41.276564], [-8.792927, 41.294575], [-8.789199, 41.303576], [-8.782554, 41.312571], [-8.772395, 41.32156], [-8.757681, 41.329146], [-8.745717, 41.332624], [-8.733761, 41.33407], [-8.721812, 41.333632], [-8.709872, 41.331211], [-8.697942, 41.326776], [-8.688507, 41.321363], [-8.67728, 41.312324], [-8.670069, 41.303296], [-8.666076, 41.294277], [-8.664703, 41.285265], [-8.669272, 41.258255], [-8.667848, 41.249243], [-8.647632, 41.22216], [-8.639654, 41.204119], [-8.637913, 41.194228], [-8.634946, 41.193341], [-8.633126, 41.189072], [-8.630526, 41.188183]]]]}}, {"id": "11", "type": "Feature", "properties": {"fill": "#a3a3a3", "value_min": -0.33, "value_max": -0.0}, "geometry": {"type": "MultiPolygon", "coordinates": [[[[-8.009441, 41.837897], [-8.005667, 41.830898], [-7.997216, 41.823569], [-7.985274, 41.817257], [-7.973277, 41.814568], [-7.961246, 41.814009], [-7.937117, 41.81704], [-7.924956, 41.824308], [-7.919805, 41.830123], [-7.914822, 41.839083], [-7.912561, 41.848068], [-7.912563, 41.857075], [-7.91526, 41.866107], [-7.923957, 41.878063], [-7.928949, 41.877847], [-7.933634, 41.875604], [-7.922163, 41.866172], [-7.917285, 41.85712], [-7.915979, 41.8481], [-7.917685, 41.83911], [-7.922785, 41.830151], [-7.937072, 41.819769], [-7.949159, 41.816962], [-7.961204, 41.816641], [-7.973215, 41.818413], [-7.982232, 41.821686], [-7.99486, 41.830804], [-8.000313, 41.839859], [-8.001607, 41.850268], [-8.003089, 41.850494], [-8.005804, 41.847346], [-8.009441, 41.837897]]], [[[-8.001584, 41.850376], [-8.001584, 41.850376], [-8.001559, 41.850493], [-8.001584, 41.850376]]], [[[-7.889736, 41.771947], [-7.897071, 41.766859], [-7.901025, 41.75789], [-7.899759, 41.739865], [-7.902412, 41.734081], [-7.913012, 41.721977], [-7.912968, 41.71297], [-7.902893, 41.705832], [-7.890847, 41.707367], [-7.885989, 41.712711], [-7.878695, 41.730654], [-7.854316, 41.733983], [-7.835588, 41.739232], [-7.8247, 41.748128], [-7.822549, 41.757113], [-7.825998, 41.766155], [-7.841526, 41.776565], [-7.853514, 41.779062], [-7.865544, 41.779223], [-7.883371, 41.775734], [-7.889736, 41.771947]], [[-7.877642, 41.775473], [-7.865571, 41.777709], [-7.853545, 41.777305], [-7.841579, 41.773608], [-7.831692, 41.766213], [-7.828696, 41.757176], [-7.831669, 41.748199], [-7.842171, 41.740717], [-7.854264, 41.736945], [-7.866315, 41.735441], [-7.878325, 41.736318], [-7.885596, 41.739728], [-7.894676, 41.748823], [-7.896124, 41.757843], [-7.891661, 41.766807], [-7.877642, 41.775473]]], [[[-8.444094, 41.707666], [-8.431786, 41.701209], [-8.419781, 41.699674], [-8.407741, 41.702108], [-8.397443, 41.707524], [-8.39066, 41.716496], [-8.390585, 41.725502], [-8.393163, 41.729851], [-8.396942, 41.730518], [-8.401584, 41.726681], [-8.398993, 41.71654], [-8.407695, 41.707097], [-8.419734, 41.704988], [-8.430643, 41.707694], [-8.436527, 41.714344], [-8.441632, 41.713975], [-8.444094, 41.707666]]], [[[-8.09622, 41.633087], [-8.110849, 41.624601], [-8.116665, 41.615638], [-8.117065, 41.606634], [-8.108742, 41.595616], [-8.096816, 41.590396], [-8.084828, 41.589705], [-8.072787, 41.592704], [-8.06615, 41.597225], [-8.059807, 41.60618], [-8.059465, 41.615185], [-8.064362, 41.624232], [-8.072254, 41.629937], [-8.084205, 41.633777], [-8.09622, 41.633087]], [[-8.108454, 41.616575], [-8.103244, 41.624542], [-8.096281, 41.628746], [-8.084263, 41.629668], [-8.072165, 41.624295], [-8.066746, 41.615244], [-8.069188, 41.606257], [-8.072643, 41.602751], [-8.084714, 41.597741], [-8.0967, 41.598697], [-8.107354, 41.606559], [-8.108454, 41.616575]]], [[[-8.349058, 41.56198], [-8.361085, 41.558565], [-8.373135, 41.552562], [-8.38521, 41.543683], [-8.411356, 41.518445], [-8.445557, 41.496819], [-8.456734, 41.482639], [-8.459211, 41.473643], [-8.457825, 41.462313], [-8.446052, 41.438738], [-8.434213, 41.423598], [-8.42233, 41.414084], [-8.413575, 41.410367], [-8.398463, 41.40716], [-8.362576, 41.40662], [-8.32673, 41.402089], [-8.314775, 41.40129], [-8.302797, 41.402653], [-8.290783, 41.40735], [-8.278736, 41.414834], [-8.263554, 41.427519], [-8.256471, 41.436481], [-8.253007, 41.445466], [-8.253063, 41.454474], [-8.256189, 41.463502], [-8.278796, 41.499675], [-8.286108, 41.53575], [-8.289643, 41.544779], [-8.301148, 41.5564], [-8.313086, 41.561407], [-8.325058, 41.563426], [-8.349058, 41.56198]], [[-8.349142, 41.55369], [-8.337137, 41.555047], [-8.325153, 41.554278], [-8.313192, 41.551447], [-8.301277, 41.544426], [-8.294016, 41.535799], [-8.289875, 41.526766], [-8.281495, 41.499692], [-8.264409, 41.463555], [-8.263145, 41.454539], [-8.265189, 41.445545], [-8.270421, 41.436571], [-8.278585, 41.428501], [-8.290644, 41.420163], [-8.302668, 41.414723], [-8.314662, 41.412062], [-8.338593, 41.412026], [-8.386409, 41.416673], [-8.398351, 41.419349], [-8.410275, 41.424], [-8.422171, 41.431985], [-8.434041, 41.443366], [-8.445892, 41.457535], [-8.452464, 41.473611], [-8.451374, 41.482613], [-8.4456, 41.491823], [-8.433544, 41.500524], [-8.421514, 41.505976], [-8.409462, 41.513679], [-8.385282, 41.536093], [-8.373211, 41.544665], [-8.361163, 41.550613], [-8.349142, 41.55369]]], [[[-8.612208, 41.176781], [-8.62726, 41.231103], [-8.630362, 41.276152], [-8.632788, 41.285168], [-8.644915, 41.303221], [-8.654563, 41.312258], [-8.697869, 41.342621], [-8.72173, 41.352938], [-8.733672, 41.355838], [-8.757573, 41.358214], [-8.781489, 41.35672], [-8.807831, 41.350921], [-8.807056, 41.331253], [-8.79008, 41.339609], [-8.769572, 41.345748], [-8.757613, 41.347544], [-8.733706, 41.347455], [-8.721761, 41.345519], [-8.697895, 41.336799], [-8.673701, 41.321322], [-8.654782, 41.303251], [-8.645296, 41.285207], [-8.640882, 41.249162], [-8.626812, 41.204078], [-8.621888, 41.179666], [-8.612208, 41.176781]]], [[[-8.612148, 41.176556], [-8.612148, 41.176556], [-8.612177, 41.176663], [-8.612148, 41.176556]]]]}}, {"id": "14", "type": "Feature", "properties": {"fill": "#a3a3a3", "value_min": 0.67, "value_max": -1.0}, "geometry": {"type": "MultiPolygon", "coordinates": [[[[-7.948302, 41.869255], [-7.960353, 41.8692], [-7.972468, 41.865147], [-7.981808, 41.85771], [-7.986263, 41.848742], [-7.985802, 41.839732], [-7.980464, 41.830678], [-7.973096, 41.825896], [-7.961119, 41.821866], [-7.949085, 41.821472], [-7.936992, 41.824583], [-7.928991, 41.830209], [-7.92341, 41.839164], [-7.922816, 41.848165], [-7.927042, 41.857211], [-7.936319, 41.865251], [-7.948302, 41.869255]], [[-7.960433, 41.864248], [-7.948377, 41.86469], [-7.936394, 41.860722], [-7.926335, 41.848198], [-7.926288, 41.839191], [-7.93216, 41.830239], [-7.936955, 41.826867], [-7.949053, 41.82343], [-7.961081, 41.82425], [-7.973037, 41.829563], [-7.980781, 41.839687], [-7.980466, 41.848691], [-7.97407, 41.857641], [-7.960433, 41.864248]]], [[[-7.865627, 41.774527], [-7.877722, 41.770921], [-7.884163, 41.766735], [-7.887711, 41.757762], [-7.884018, 41.74872], [-7.878185, 41.74435], [-7.866214, 41.741178], [-7.854167, 41.742369], [-7.842514, 41.748309], [-7.837361, 41.757264], [-7.841699, 41.766954], [-7.853614, 41.773439], [-7.865627, 41.774527]], [[-7.865658, 41.772748], [-7.853652, 41.77131], [-7.844849, 41.766346], [-7.841507, 41.757306], [-7.847343, 41.748358], [-7.854122, 41.744902], [-7.866175, 41.743419], [-7.879448, 41.748675], [-7.884671, 41.757733], [-7.880753, 41.766702], [-7.865658, 41.772748]]], [[[-8.084424, 41.618248], [-8.096622, 41.615483], [-8.084508, 41.612304], [-8.081885, 41.615366], [-8.084424, 41.618248]]], [[[-8.349255, 41.542353], [-8.361275, 41.539195], [-8.373319, 41.533515], [-8.392376, 41.518346], [-8.409599, 41.498536], [-8.433636, 41.490018], [-8.43881, 41.482552], [-8.436659, 41.473535], [-8.43381, 41.470009], [-8.421894, 41.463226], [-8.405653, 41.446356], [-8.386253, 41.433241], [-8.36238, 41.426599], [-8.338467, 41.424433], [-8.326493, 41.424996], [-8.30249, 41.431432], [-8.290437, 41.439108], [-8.283776, 41.445662], [-8.278721, 41.454638], [-8.276754, 41.463633], [-8.27761, 41.472646], [-8.290612, 41.508756], [-8.301451, 41.528219], [-8.313339, 41.537483], [-8.325282, 41.541887], [-8.337258, 41.543187], [-8.349255, 41.542353]], [[-8.337303, 41.538768], [-8.325333, 41.536992], [-8.313392, 41.53255], [-8.301512, 41.522506], [-8.293374, 41.508773], [-8.285867, 41.490712], [-8.281292, 41.472669], [-8.281621, 41.463663], [-8.284763, 41.454675], [-8.2919, 41.445712], [-8.302419, 41.438003], [-8.314444, 41.432804], [-8.338415, 41.429479], [-8.36233, 41.431701], [-8.374267, 41.435053], [-8.386183, 41.440703], [-8.393903, 41.446295], [-8.401643, 41.455343], [-8.406235, 41.464374], [-8.408117, 41.482399], [-8.406119, 41.491396], [-8.40129, 41.500378], [-8.385437, 41.519718], [-8.373363, 41.528962], [-8.361319, 41.534757], [-8.3493, 41.537891], [-8.337303, 41.538768]]], [[[-8.637913, 41.194228], [-8.639654, 41.204119], [-8.647632, 41.22216], [-8.667848, 41.249243], [-8.669272, 41.258255], [-8.664703, 41.285265], [-8.666076, 41.294277], [-8.670069, 41.303296], [-8.67728, 41.312324], [-8.688507, 41.321363], [-8.697942, 41.326776], [-8.709872, 41.331211], [-8.721812, 41.333632], [-8.733761, 41.33407], [-8.745717, 41.332624], [-8.757681, 41.329146], [-8.772395, 41.32156], [-8.782554, 41.312571], [-8.789199, 41.303576], [-8.792927, 41.294575], [-8.795208, 41.276564], [-8.788011, 41.240519], [-8.788908, 41.204489], [-8.786724, 41.186469], [-8.778846, 41.168439], [-8.771857, 41.159417], [-8.761883, 41.150389], [-8.753311, 41.145092], [-8.67527, 41.147484], [-8.676193, 41.146567], [-8.674793, 41.146932], [-8.674204, 41.147693], [-8.674245, 41.152666], [-8.686843, 41.148723], [-8.698767, 41.14725], [-8.710682, 41.147747], [-8.722588, 41.150218], [-8.742197, 41.159355], [-8.752615, 41.168385], [-8.758878, 41.177407], [-8.762675, 41.186422], [-8.763858, 41.204441], [-8.754598, 41.231445], [-8.753208, 41.24045], [-8.758045, 41.249468], [-8.771777, 41.267512], [-8.777625, 41.285539], [-8.776999, 41.294545], [-8.773712, 41.303547], [-8.767053, 41.312541], [-8.754814, 41.321523], [-8.745746, 41.325321], [-8.733786, 41.327983], [-8.721834, 41.328316], [-8.709893, 41.326426], [-8.697964, 41.322045], [-8.683935, 41.312343], [-8.676817, 41.303315], [-8.673344, 41.294298], [-8.672902, 41.285289], [-8.675229, 41.276288], [-8.68548, 41.2583], [-8.687656, 41.249299], [-8.679227, 41.240268], [-8.662598, 41.228864], [-8.650742, 41.214567], [-8.646374, 41.20414], [-8.645177, 41.188569], [-8.641225, 41.196014], [-8.638841, 41.196025], [-8.637913, 41.194228]]], [[[-8.653225, 41.168458], [-8.653225, 41.168458], [-8.654253, 41.167369], [-8.653225, 41.168458]]], [[[-8.654407, 41.167219], [-8.667746, 41.156277], [-8.66117, 41.156307], [-8.662078, 41.158104], [-8.660313, 41.160813], [-8.657033, 41.160378], [-8.654961, 41.161963], [-8.654407, 41.167219]]]]}}, {"id": "10", "type": "Feature", "properties": {"fill": "#a3a3a3", "value_min": -0.67, "value_max": -0.33}, "geometry": {"type": "MultiPolygon", "coordinates": [[[[-8.021183, 41.831243], [-8.009314, 41.819888], [-7.997369, 41.813758], [-7.985379, 41.810603], [-7.961299, 41.810739], [-7.937162, 41.814311], [-7.925015, 41.820756], [-7.916826, 41.830095], [-7.91186, 41.839055], [-7.907388, 41.857026], [-7.909941, 41.871059], [-7.909999, 41.871226], [-7.910019, 41.871285], [-7.910297, 41.87209], [-7.91033, 41.872186], [-7.910563, 41.872861], [-7.912284, 41.876916], [-7.912388, 41.877065], [-7.912441, 41.877141], [-7.912687, 41.877496], [-7.912754, 41.877592], [-7.915391, 41.879397], [-7.923957, 41.878063], [-7.91526, 41.866107], [-7.912563, 41.857075], [-7.912561, 41.848068], [-7.914822, 41.839083], [-7.919805, 41.830123], [-7.924956, 41.824308], [-7.937117, 41.81704], [-7.961246, 41.814009], [-7.973277, 41.814568], [-7.985274, 41.817257], [-7.997216, 41.823569], [-8.005667, 41.830898], [-8.009441, 41.837897], [-8.012753, 41.833624], [-8.013363, 41.829124], [-8.017873, 41.831379], [-8.021183, 41.831243]]], [[[-7.901839, 41.767708], [-7.909898, 41.757975], [-7.91426, 41.744573], [-7.926351, 41.722102], [-7.926219, 41.713094], [-7.920846, 41.704037], [-7.915014, 41.699776], [-7.903046, 41.696846], [-7.890979, 41.699737], [-7.879733, 41.71265], [-7.87566, 41.721617], [-7.86644, 41.728318], [-7.842309, 41.733041], [-7.824075, 41.739115], [-7.816718, 41.748046], [-7.81578, 41.757043], [-7.819419, 41.766088], [-7.830171, 41.775204], [-7.84148, 41.779132], [-7.853483, 41.78082], [-7.877579, 41.779121], [-7.889673, 41.775795], [-7.901839, 41.767708]], [[-7.889736, 41.771947], [-7.883371, 41.775734], [-7.865544, 41.779223], [-7.853514, 41.779062], [-7.841526, 41.776565], [-7.825998, 41.766155], [-7.822549, 41.757113], [-7.8247, 41.748128], [-7.835588, 41.739232], [-7.854316, 41.733983], [-7.878695, 41.730654], [-7.885989, 41.712711], [-7.890847, 41.707367], [-7.902893, 41.705832], [-7.912968, 41.71297], [-7.913012, 41.721977], [-7.902412, 41.734081], [-7.899759, 41.739865], [-7.901025, 41.75789], [-7.897071, 41.766859], [-7.889736, 41.771947]]], [[[-8.44998, 41.701257], [-8.443835, 41.697741], [-8.431844, 41.694698], [-8.419827, 41.694638], [-8.404537, 41.698554], [-8.388764, 41.707478], [-8.382629, 41.716453], [-8.381536, 41.725454], [-8.383452, 41.730998], [-8.385523, 41.730319], [-8.387332, 41.73189], [-8.393163, 41.729851], [-8.390585, 41.725502], [-8.39066, 41.716496], [-8.397443, 41.707524], [-8.407741, 41.702108], [-8.419781, 41.699674], [-8.431786, 41.701209], [-8.444094, 41.707666], [-8.44998, 41.701257]]], [[[-8.119948, 41.624671], [-8.128518, 41.615729], [-8.130952, 41.60674], [-8.129369, 41.597721], [-8.120848, 41.587724], [-8.108943, 41.581013], [-8.096989, 41.577997], [-8.085001, 41.577466], [-8.072973, 41.57971], [-8.060901, 41.584939], [-8.056923, 41.588142], [-8.050112, 41.597093], [-8.04827, 41.606085], [-8.049891, 41.615106], [-8.055372, 41.624158], [-8.067521, 41.633264], [-8.084137, 41.638586], [-8.096145, 41.638449], [-8.110426, 41.633604], [-8.119948, 41.624671]], [[-8.09622, 41.633087], [-8.084205, 41.633777], [-8.072254, 41.629937], [-8.064362, 41.624232], [-8.059465, 41.615185], [-8.059807, 41.60618], [-8.06615, 41.597225], [-8.072787, 41.592704], [-8.084828, 41.589705], [-8.096816, 41.590396], [-8.108742, 41.595616], [-8.117065, 41.606634], [-8.116665, 41.615638], [-8.110849, 41.624601], [-8.09622, 41.633087]]], [[[-8.36098, 41.569241], [-8.373035, 41.562876], [-8.385117, 41.553501], [-8.409344, 41.526664], [-8.421418, 41.516766], [-8.445514, 41.501849], [-8.456106, 41.491643], [-8.462993, 41.482668], [-8.466447, 41.473677], [-8.467122, 41.464672], [-8.46324, 41.446639], [-8.45808, 41.431751], [-8.446313, 41.408028], [-8.434461, 41.394969], [-8.422552, 41.389054], [-8.410597, 41.388344], [-8.374633, 41.39694], [-8.362663, 41.397638], [-8.338784, 41.393178], [-8.314964, 41.383343], [-8.303013, 41.382447], [-8.291002, 41.387175], [-8.243975, 41.427392], [-8.237989, 41.43636], [-8.236431, 41.445357], [-8.238841, 41.454381], [-8.244953, 41.463428], [-8.265992, 41.48393], [-8.275646, 41.499655], [-8.279553, 41.517695], [-8.277671, 41.544705], [-8.279108, 41.553721], [-8.28485, 41.562764], [-8.300116, 41.571865], [-8.31294, 41.575187], [-8.336929, 41.575355], [-8.36098, 41.569241]], [[-8.349058, 41.56198], [-8.325058, 41.563426], [-8.313086, 41.561407], [-8.301148, 41.5564], [-8.289643, 41.544779], [-8.286108, 41.53575], [-8.278796, 41.499675], [-8.256189, 41.463502], [-8.253063, 41.454474], [-8.253007, 41.445466], [-8.256471, 41.436481], [-8.263554, 41.427519], [-8.278736, 41.414834], [-8.290783, 41.40735], [-8.302797, 41.402653], [-8.314775, 41.40129], [-8.32673, 41.402089], [-8.362576, 41.40662], [-8.398463, 41.40716], [-8.413575, 41.410367], [-8.42233, 41.414084], [-8.434213, 41.423598], [-8.446052, 41.438738], [-8.457825, 41.462313], [-8.459211, 41.473643], [-8.456734, 41.482639], [-8.445557, 41.496819], [-8.411356, 41.518445], [-8.38521, 41.543683], [-8.373135, 41.552562], [-8.361085, 41.558565], [-8.349058, 41.56198]]], [[[-8.109732, 41.523523], [-8.097736, 41.524285], [-8.096028, 41.525406], [-8.097647, 41.53072], [-8.109591, 41.533794], [-8.112786, 41.525536], [-8.109732, 41.523523]]], [[[-8.807831, 41.350921], [-8.781489, 41.35672], [-8.757573, 41.358214], [-8.733672, 41.355838], [-8.72173, 41.352938], [-8.697869, 41.342621], [-8.654563, 41.312258], [-8.644915, 41.303221], [-8.632788, 41.285168], [-8.630362, 41.276152], [-8.62726, 41.231103], [-8.612208, 41.176781], [-8.612177, 41.176663], [-8.612148, 41.176556], [-8.608583, 41.174095], [-8.609164, 41.172066], [-8.604942, 41.164881], [-8.595712, 41.165414], [-8.610237, 41.195015], [-8.618271, 41.222066], [-8.619451, 41.240086], [-8.614853, 41.276101], [-8.616714, 41.285115], [-8.622205, 41.294141], [-8.631619, 41.30318], [-8.685922, 41.341277], [-8.70976, 41.356451], [-8.72169, 41.362266], [-8.745574, 41.369368], [-8.757524, 41.371412], [-8.781434, 41.373153], [-8.808673, 41.372243], [-8.807831, 41.350921]]]]}}, {"id": "15", "type": "Feature", "properties": {"fill": "#97a3b2", "value_min": 1.0, "value_max": -1.33}, "geometry": {"type": "MultiPolygon", "coordinates": [[[[-7.960433, 41.864248], [-7.97407, 41.857641], [-7.980466, 41.848691], [-7.980781, 41.839687], [-7.973037, 41.829563], [-7.961081, 41.82425], [-7.949053, 41.82343], [-7.936955, 41.826867], [-7.93216, 41.830239], [-7.926288, 41.839191], [-7.926335, 41.848198], [-7.936394, 41.860722], [-7.948377, 41.86469], [-7.960433, 41.864248]], [[-7.94844, 41.860847], [-7.936468, 41.85624], [-7.929958, 41.848232], [-7.929179, 41.839218], [-7.936917, 41.829151], [-7.949021, 41.825388], [-7.961042, 41.826632], [-7.969343, 41.830578], [-7.976016, 41.839645], [-7.975011, 41.848642], [-7.965345, 41.857563], [-7.960504, 41.859868], [-7.94844, 41.860847]]], [[[-7.865658, 41.772748], [-7.880753, 41.766702], [-7.884671, 41.757733], [-7.879448, 41.748675], [-7.866175, 41.743419], [-7.854122, 41.744902], [-7.847343, 41.748358], [-7.841507, 41.757306], [-7.844849, 41.766346], [-7.853652, 41.77131], [-7.865658, 41.772748]], [[-7.85369, 41.76918], [-7.848734, 41.766385], [-7.844932, 41.75734], [-7.852173, 41.748406], [-7.866135, 41.745661], [-7.873846, 41.74862], [-7.881631, 41.757703], [-7.877184, 41.766667], [-7.86569, 41.770971], [-7.85369, 41.76918]]], [[[-8.337303, 41.538768], [-8.3493, 41.537891], [-8.361319, 41.534757], [-8.373363, 41.528962], [-8.385437, 41.519718], [-8.40129, 41.500378], [-8.406119, 41.491396], [-8.408117, 41.482399], [-8.406235, 41.464374], [-8.401643, 41.455343], [-8.393903, 41.446295], [-8.386183, 41.440703], [-8.374267, 41.435053], [-8.36233, 41.431701], [-8.338415, 41.429479], [-8.314444, 41.432804], [-8.302419, 41.438003], [-8.2919, 41.445712], [-8.284763, 41.454675], [-8.281621, 41.463663], [-8.281292, 41.472669], [-8.285867, 41.490712], [-8.293374, 41.508773], [-8.301512, 41.522506], [-8.313392, 41.53255], [-8.325333, 41.536992], [-8.337303, 41.538768]], [[-8.349337, 41.534224], [-8.337343, 41.534862], [-8.325372, 41.533227], [-8.311997, 41.526901], [-8.301569, 41.51728], [-8.296136, 41.50879], [-8.285879, 41.481705], [-8.286151, 41.463692], [-8.290733, 41.454712], [-8.302358, 41.443688], [-8.31439, 41.437907], [-8.326392, 41.43483], [-8.350336, 41.434299], [-8.374215, 41.440427], [-8.384098, 41.446243], [-8.393314, 41.455299], [-8.397191, 41.464327], [-8.398964, 41.482351], [-8.397862, 41.491353], [-8.395789, 41.500349], [-8.390675, 41.50933], [-8.373401, 41.525009], [-8.361355, 41.531139], [-8.349337, 41.534224]]], [[[-8.645177, 41.188569], [-8.646374, 41.20414], [-8.650742, 41.214567], [-8.662598, 41.228864], [-8.679227, 41.240268], [-8.687656, 41.249299], [-8.68548, 41.2583], [-8.675229, 41.276288], [-8.672902, 41.285289], [-8.673344, 41.294298], [-8.676817, 41.303315], [-8.683935, 41.312343], [-8.697964, 41.322045], [-8.709893, 41.326426], [-8.721834, 41.328316], [-8.733786, 41.327983], [-8.745746, 41.325321], [-8.754814, 41.321523], [-8.767053, 41.312541], [-8.773712, 41.303547], [-8.776999, 41.294545], [-8.777625, 41.285539], [-8.771777, 41.267512], [-8.758045, 41.249468], [-8.753208, 41.24045], [-8.754598, 41.231445], [-8.763858, 41.204441], [-8.762675, 41.186422], [-8.758878, 41.177407], [-8.752615, 41.168385], [-8.742197, 41.159355], [-8.722588, 41.150218], [-8.710682, 41.147747], [-8.698767, 41.14725], [-8.686843, 41.148723], [-8.674245, 41.152666], [-8.672489, 41.15648], [-8.667746, 41.156277], [-8.654407, 41.167219], [-8.654253, 41.167369], [-8.653225, 41.168458], [-8.655366, 41.175467], [-8.647955, 41.180228], [-8.647696, 41.185181], [-8.645177, 41.188569]], [[-8.721856, 41.323209], [-8.709914, 41.321706], [-8.697987, 41.316925], [-8.691281, 41.312363], [-8.683265, 41.303333], [-8.680198, 41.294317], [-8.680817, 41.285311], [-8.685054, 41.276315], [-8.694225, 41.267332], [-8.698232, 41.263846], [-8.710191, 41.259017], [-8.722136, 41.257255], [-8.734065, 41.25912], [-8.745984, 41.26397], [-8.7506, 41.267468], [-8.759251, 41.276494], [-8.763299, 41.28551], [-8.763838, 41.294519], [-8.76091, 41.303521], [-8.75355, 41.312513], [-8.735775, 41.321481], [-8.721856, 41.323209]], [[-8.698368, 41.234208], [-8.686447, 41.231805], [-8.674537, 41.22739], [-8.66265, 41.218764], [-8.653473, 41.204161], [-8.651889, 41.195149], [-8.653315, 41.186145], [-8.662893, 41.171312], [-8.674853, 41.163557], [-8.68679, 41.159982], [-8.698713, 41.159045], [-8.710626, 41.16048], [-8.728835, 41.168332], [-8.738648, 41.177362], [-8.743612, 41.186382], [-8.745325, 41.195393], [-8.74436, 41.204399], [-8.740535, 41.213398], [-8.732871, 41.222389], [-8.722253, 41.22971], [-8.710303, 41.233751], [-8.698368, 41.234208]]]]}}, {"id": "16", "type": "Feature", "properties": {"fill": "#80a4d0", "value_min": 1.33, "value_max": -1.67}, "geometry": {"type": "MultiPolygon", "coordinates": [[[[-7.94844, 41.860847], [-7.960504, 41.859868], [-7.965345, 41.857563], [-7.975011, 41.848642], [-7.976016, 41.839645], [-7.969343, 41.830578], [-7.961042, 41.826632], [-7.949021, 41.825388], [-7.936917, 41.829151], [-7.929179, 41.839218], [-7.929958, 41.848232], [-7.936468, 41.85624], [-7.94844, 41.860847]], [[-7.948503, 41.857043], [-7.93654, 41.851906], [-7.933579, 41.848265], [-7.932071, 41.839244], [-7.939846, 41.83031], [-7.948989, 41.827346], [-7.964195, 41.830532], [-7.971433, 41.839604], [-7.969581, 41.848594], [-7.960575, 41.855536], [-7.948503, 41.857043]]], [[[-7.85369, 41.76918], [-7.86569, 41.770971], [-7.877184, 41.766667], [-7.881631, 41.757703], [-7.873846, 41.74862], [-7.866135, 41.745661], [-7.852173, 41.748406], [-7.844932, 41.75734], [-7.848734, 41.766385], [-7.85369, 41.76918]], [[-7.853728, 41.76705], [-7.848289, 41.757374], [-7.854017, 41.75083], [-7.862236, 41.748506], [-7.867814, 41.748561], [-7.87859, 41.757674], [-7.872586, 41.766622], [-7.865721, 41.769192], [-7.853728, 41.76705]]], [[[-8.349337, 41.534224], [-8.361355, 41.531139], [-8.373401, 41.525009], [-8.390675, 41.50933], [-8.395789, 41.500349], [-8.397862, 41.491353], [-8.398964, 41.482351], [-8.397191, 41.464327], [-8.393314, 41.455299], [-8.384098, 41.446243], [-8.374215, 41.440427], [-8.350336, 41.434299], [-8.326392, 41.43483], [-8.31439, 41.437907], [-8.302358, 41.443688], [-8.290733, 41.454712], [-8.286151, 41.463692], [-8.285879, 41.481705], [-8.296136, 41.50879], [-8.301569, 41.51728], [-8.311997, 41.526901], [-8.325372, 41.533227], [-8.337343, 41.534862], [-8.349337, 41.534224]], [[-8.349368, 41.531076], [-8.337374, 41.53177], [-8.325408, 41.529753], [-8.313478, 41.524424], [-8.301614, 41.513053], [-8.290969, 41.490744], [-8.288393, 41.472713], [-8.290586, 41.463719], [-8.295982, 41.454745], [-8.307362, 41.445806], [-8.314345, 41.442144], [-8.326351, 41.438805], [-8.350296, 41.438242], [-8.362244, 41.440515], [-8.375343, 41.446196], [-8.386223, 41.455262], [-8.392068, 41.4643], [-8.39485, 41.48233], [-8.392071, 41.50033], [-8.386228, 41.509306], [-8.373436, 41.521418], [-8.36139, 41.527522], [-8.349368, 41.531076]]], [[[-8.721856, 41.323209], [-8.735775, 41.321481], [-8.75355, 41.312513], [-8.76091, 41.303521], [-8.763838, 41.294519], [-8.763299, 41.28551], [-8.759251, 41.276494], [-8.7506, 41.267468], [-8.745984, 41.26397], [-8.734065, 41.25912], [-8.722136, 41.257255], [-8.710191, 41.259017], [-8.698232, 41.263846], [-8.694225, 41.267332], [-8.685054, 41.276315], [-8.680817, 41.285311], [-8.680198, 41.294317], [-8.683265, 41.303333], [-8.691281, 41.312363], [-8.697987, 41.316925], [-8.709914, 41.321706], [-8.721856, 41.323209]], [[-8.721879, 41.31775], [-8.709937, 41.316568], [-8.698013, 41.311434], [-8.690261, 41.303352], [-8.687124, 41.294336], [-8.689073, 41.285334], [-8.698181, 41.274823], [-8.710144, 41.269664], [-8.722088, 41.268682], [-8.734016, 41.271192], [-8.742978, 41.276459], [-8.750424, 41.285483], [-8.752224, 41.294495], [-8.749455, 41.303496], [-8.740087, 41.312483], [-8.733837, 41.315405], [-8.721879, 41.31775]]], [[[-8.698368, 41.234208], [-8.710303, 41.233751], [-8.722253, 41.22971], [-8.732871, 41.222389], [-8.740535, 41.213398], [-8.74436, 41.204399], [-8.745325, 41.195393], [-8.743612, 41.186382], [-8.738648, 41.177362], [-8.728835, 41.168332], [-8.710626, 41.16048], [-8.698713, 41.159045], [-8.68679, 41.159982], [-8.674853, 41.163557], [-8.662893, 41.171312], [-8.653315, 41.186145], [-8.651889, 41.195149], [-8.653473, 41.204161], [-8.66265, 41.218764], [-8.674537, 41.22739], [-8.686447, 41.231805], [-8.698368, 41.234208]], [[-8.68649, 41.222841], [-8.674581, 41.218446], [-8.667866, 41.213212], [-8.661305, 41.204185], [-8.659935, 41.195173], [-8.662822, 41.185178], [-8.6748, 41.174137], [-8.686741, 41.170152], [-8.698664, 41.169738], [-8.710572, 41.172691], [-8.72246, 41.180721], [-8.726911, 41.186343], [-8.729572, 41.195357], [-8.728177, 41.204362], [-8.722113, 41.213355], [-8.71036, 41.220722], [-8.698417, 41.22354], [-8.68649, 41.222841]]]]}}, {"id": "17", "type": "Feature", "properties": {"fill": "#6ba5ec", "value_min": 1.67, "value_max": -2.0}, "geometry": {"type": "MultiPolygon", "coordinates": [[[[-7.948503, 41.857043], [-7.960575, 41.855536], [-7.969581, 41.848594], [-7.971433, 41.839604], [-7.964195, 41.830532], [-7.948989, 41.827346], [-7.939846, 41.83031], [-7.932071, 41.839244], [-7.933579, 41.848265], [-7.93654, 41.851906], [-7.948503, 41.857043]], [[-7.948559, 41.853573], [-7.937809, 41.848304], [-7.934963, 41.839271], [-7.936792, 41.836666], [-7.948957, 41.829304], [-7.960951, 41.832305], [-7.967196, 41.839566], [-7.964167, 41.848545], [-7.960644, 41.85126], [-7.948559, 41.853573]]], [[[-7.853728, 41.76705], [-7.865721, 41.769192], [-7.872586, 41.766622], [-7.87859, 41.757674], [-7.867814, 41.748561], [-7.862236, 41.748506], [-7.854017, 41.75083], [-7.848289, 41.757374], [-7.853728, 41.76705]], [[-7.860902, 41.766506], [-7.853821, 41.761804], [-7.851644, 41.757407], [-7.853946, 41.754778], [-7.866046, 41.750747], [-7.874777, 41.757636], [-7.867989, 41.766577], [-7.860902, 41.766506]]], [[[-8.349368, 41.531076], [-8.36139, 41.527522], [-8.373436, 41.521418], [-8.386228, 41.509306], [-8.392071, 41.50033], [-8.39485, 41.48233], [-8.392068, 41.4643], [-8.386223, 41.455262], [-8.375343, 41.446196], [-8.362244, 41.440515], [-8.350296, 41.438242], [-8.326351, 41.438805], [-8.314345, 41.442144], [-8.307362, 41.445806], [-8.295982, 41.454745], [-8.290586, 41.463719], [-8.288393, 41.472713], [-8.290969, 41.490744], [-8.301614, 41.513053], [-8.313478, 41.524424], [-8.325408, 41.529753], [-8.337374, 41.53177], [-8.349368, 41.531076]], [[-8.337406, 41.528679], [-8.325442, 41.526484], [-8.313513, 41.52111], [-8.309802, 41.51788], [-8.301659, 41.508826], [-8.29646, 41.499785], [-8.291386, 41.481739], [-8.291528, 41.472732], [-8.294286, 41.463742], [-8.30225, 41.453833], [-8.314302, 41.446273], [-8.326315, 41.442274], [-8.3383, 41.440889], [-8.350264, 41.441528], [-8.362206, 41.444373], [-8.374124, 41.449953], [-8.38069, 41.455232], [-8.386945, 41.464273], [-8.391493, 41.482312], [-8.388355, 41.50031], [-8.382773, 41.509288], [-8.37347, 41.517887], [-8.361417, 41.524774], [-8.3494, 41.527929], [-8.337406, 41.528679]]], [[[-8.721879, 41.31775], [-8.733837, 41.315405], [-8.740087, 41.312483], [-8.749455, 41.303496], [-8.752224, 41.294495], [-8.750424, 41.285483], [-8.742978, 41.276459], [-8.734016, 41.271192], [-8.722088, 41.268682], [-8.710144, 41.269664], [-8.698181, 41.274823], [-8.689073, 41.285334], [-8.687124, 41.294336], [-8.690261, 41.303352], [-8.698013, 41.311434], [-8.709937, 41.316568], [-8.721879, 41.31775]], [[-8.721904, 41.311937], [-8.709962, 41.310902], [-8.697688, 41.303372], [-8.694954, 41.294357], [-8.698132, 41.285482], [-8.710105, 41.278429], [-8.722049, 41.277685], [-8.73397, 41.282549], [-8.737227, 41.285454], [-8.740885, 41.29447], [-8.737852, 41.303471], [-8.733872, 41.306833], [-8.721904, 41.311937]]], [[[-8.68649, 41.222841], [-8.698417, 41.22354], [-8.71036, 41.220722], [-8.722113, 41.213355], [-8.728177, 41.204362], [-8.729572, 41.195357], [-8.726911, 41.186343], [-8.72246, 41.180721], [-8.710572, 41.172691], [-8.698664, 41.169738], [-8.686741, 41.170152], [-8.6748, 41.174137], [-8.662822, 41.185178], [-8.659935, 41.195173], [-8.661305, 41.204185], [-8.667866, 41.213212], [-8.674581, 41.218446], [-8.68649, 41.222841]], [[-8.686532, 41.213957], [-8.674634, 41.207673], [-8.671779, 41.204215], [-8.670156, 41.195203], [-8.674741, 41.186043], [-8.68669, 41.180821], [-8.698611, 41.181216], [-8.710504, 41.188261], [-8.714062, 41.19532], [-8.712321, 41.204323], [-8.699625, 41.213299], [-8.686532, 41.213957]]]]}}, {"id": "9", "type": "Feature", "properties": {"fill": "#a3a3a3", "value_min": -1.0, "value_max": -0.67}, "geometry": {"type": "MultiPolygon", "coordinates": [[[[-8.043157, 41.824424], [-8.030072, 41.813094], [-8.021534, 41.808101], [-8.009565, 41.803566], [-7.997566, 41.801104], [-7.985522, 41.801517], [-7.937215, 41.811126], [-7.92509, 41.816258], [-7.913846, 41.830067], [-7.904671, 41.847993], [-7.901605, 41.86159], [-7.904318, 41.859795], [-7.907309, 41.865203], [-7.906095, 41.868126], [-7.909941, 41.871059], [-7.907388, 41.857026], [-7.91186, 41.839055], [-7.916826, 41.830095], [-7.925015, 41.820756], [-7.937162, 41.814311], [-7.961299, 41.810739], [-7.985379, 41.810603], [-7.997369, 41.813758], [-8.009314, 41.819888], [-8.021183, 41.831243], [-8.02901, 41.829589], [-8.037134, 41.831171], [-8.041351, 41.828023], [-8.041054, 41.825097], [-8.043157, 41.824424]]], [[[-7.912754, 41.877592], [-7.912754, 41.877592], [-7.912687, 41.877496], [-7.912754, 41.877592]]], [[[-7.912441, 41.877141], [-7.912441, 41.877141], [-7.912388, 41.877065], [-7.912441, 41.877141]]], [[[-7.912284, 41.876916], [-7.910563, 41.872861], [-7.909985, 41.875111], [-7.912284, 41.876916]]], [[[-7.91033, 41.872186], [-7.91033, 41.872186], [-7.910297, 41.87209], [-7.91033, 41.872186]]], [[[-7.910019, 41.871285], [-7.910019, 41.871285], [-7.909999, 41.871226], [-7.910019, 41.871285]]], [[[-7.901721, 41.774628], [-7.926, 41.761786], [-7.937953, 41.766448], [-7.94997, 41.767267], [-7.95887, 41.758429], [-7.946542, 41.740303], [-7.945159, 41.71327], [-7.941983, 41.704233], [-7.935659, 41.695168], [-7.927227, 41.688082], [-7.915293, 41.683188], [-7.90328, 41.683091], [-7.89117, 41.68861], [-7.869478, 41.721557], [-7.866521, 41.723706], [-7.854428, 41.727703], [-7.830334, 41.730275], [-7.818259, 41.733071], [-7.809428, 41.738964], [-7.806157, 41.747937], [-7.806937, 41.756952], [-7.810924, 41.766], [-7.820553, 41.775106], [-7.82945, 41.77896], [-7.841434, 41.781698], [-7.865491, 41.782252], [-7.889621, 41.778614], [-7.901721, 41.774628]], [[-7.901839, 41.767708], [-7.889673, 41.775795], [-7.877579, 41.779121], [-7.853483, 41.78082], [-7.84148, 41.779132], [-7.830171, 41.775204], [-7.819419, 41.766088], [-7.81578, 41.757043], [-7.816718, 41.748046], [-7.824075, 41.739115], [-7.842309, 41.733041], [-7.86644, 41.728318], [-7.87566, 41.721617], [-7.879733, 41.71265], [-7.890979, 41.699737], [-7.903046, 41.696846], [-7.915014, 41.699776], [-7.920846, 41.704037], [-7.926219, 41.713094], [-7.926351, 41.722102], [-7.91426, 41.744573], [-7.909898, 41.757975], [-7.901839, 41.767708]]], [[[-8.461658, 41.694377], [-8.443912, 41.688741], [-8.431902, 41.688022], [-8.407827, 41.692727], [-8.393379, 41.698496], [-8.37906, 41.707426], [-8.372916, 41.7164], [-8.371607, 41.7254], [-8.373518, 41.734621], [-8.383452, 41.730998], [-8.381536, 41.725454], [-8.382629, 41.716453], [-8.388764, 41.707478], [-8.404537, 41.698554], [-8.419827, 41.694638], [-8.431844, 41.694698], [-8.443835, 41.697741], [-8.44998, 41.701257], [-8.453868, 41.697961], [-8.453255, 41.695487], [-8.461658, 41.694377]]], [[[-8.215558, 41.692517], [-8.203555, 41.691365], [-8.200739, 41.697318], [-8.203448, 41.700006], [-8.215473, 41.699495], [-8.217667, 41.697434], [-8.215558, 41.692517]]], [[[-8.028438, 41.602486], [-8.035654, 41.614987], [-8.04346, 41.62406], [-8.060155, 41.636362], [-8.072089, 41.641454], [-8.084064, 41.643714], [-8.120067, 41.645237], [-8.132044, 41.647533], [-8.144065, 41.646564], [-8.152974, 41.642933], [-8.161705, 41.63399], [-8.170307, 41.607031], [-8.170473, 41.598025], [-8.16812, 41.589001], [-8.16307, 41.579957], [-8.144538, 41.561806], [-8.138557, 41.552754], [-8.136005, 41.53472], [-8.131524, 41.525679], [-8.119192, 41.516578], [-8.10986, 41.514173], [-8.097883, 41.513726], [-8.090598, 41.515242], [-8.089398, 41.519468], [-8.090594, 41.522169], [-8.093588, 41.52307], [-8.091786, 41.531848], [-8.097775, 41.536127], [-8.097774, 41.537927], [-8.106759, 41.543557], [-8.101666, 41.542655], [-8.094175, 41.544904], [-8.087885, 41.542876], [-8.083389, 41.5449], [-8.080687, 41.551651], [-8.074097, 41.549848], [-8.073494, 41.553449], [-8.075891, 41.554575], [-8.076188, 41.557276], [-8.079783, 41.558403], [-8.081576, 41.565157], [-8.078879, 41.56493], [-8.075279, 41.568305], [-8.073182, 41.568079], [-8.069283, 41.570553], [-8.068081, 41.573478], [-8.056684, 41.579549], [-8.052181, 41.584498], [-8.052777, 41.587649], [-8.048277, 41.590122], [-8.047974, 41.592373], [-8.044072, 41.595521], [-8.031467, 41.602938], [-8.028438, 41.602486]], [[-8.119948, 41.624671], [-8.110426, 41.633604], [-8.096145, 41.638449], [-8.084137, 41.638586], [-8.067521, 41.633264], [-8.055372, 41.624158], [-8.049891, 41.615106], [-8.04827, 41.606085], [-8.050112, 41.597093], [-8.056923, 41.588142], [-8.060901, 41.584939], [-8.072973, 41.57971], [-8.085001, 41.577466], [-8.096989, 41.577997], [-8.108943, 41.581013], [-8.120848, 41.587724], [-8.129369, 41.597721], [-8.130952, 41.60674], [-8.128518, 41.615729], [-8.119948, 41.624671]], [[-8.109732, 41.523523], [-8.112786, 41.525536], [-8.109591, 41.533794], [-8.097647, 41.53072], [-8.096028, 41.525406], [-8.097736, 41.524285], [-8.109732, 41.523523]]], [[[-8.262116, 41.345856], [-8.267918, 41.364494], [-8.265406, 41.382494], [-8.260506, 41.39147], [-8.252071, 41.400423], [-8.242928, 41.407178], [-8.221763, 41.418237], [-8.212074, 41.427178], [-8.210065, 41.436172], [-8.211834, 41.445191], [-8.216826, 41.454233], [-8.226163, 41.463304], [-8.254073, 41.478765], [-8.265932, 41.489278], [-8.272233, 41.499634], [-8.275174, 41.50866], [-8.275451, 41.517669], [-8.26938, 41.535645], [-8.253262, 41.562563], [-8.251792, 41.571561], [-8.256404, 41.580598], [-8.271821, 41.589704], [-8.288743, 41.594028], [-8.30073, 41.595144], [-8.32474, 41.593962], [-8.348789, 41.588804], [-8.360828, 41.584584], [-8.372885, 41.578425], [-8.380769, 41.572328], [-8.389463, 41.563367], [-8.407604, 41.53644], [-8.415482, 41.527473], [-8.452753, 41.500634], [-8.462165, 41.491671], [-8.47485, 41.473715], [-8.476132, 41.455706], [-8.470273, 41.392627], [-8.462773, 41.347554], [-8.451311, 41.320477], [-8.437704, 41.302396], [-8.426486, 41.290607], [-8.425013, 41.294909], [-8.422037, 41.296942], [-8.421756, 41.30077], [-8.416982, 41.301232], [-8.407744, 41.304856], [-8.406262, 41.307335], [-8.403277, 41.307342], [-8.401801, 41.311398], [-8.399712, 41.311628], [-8.400316, 41.313202], [-8.396738, 41.314336], [-8.398835, 41.316131], [-8.393775, 41.31997], [-8.393489, 41.323122], [-8.391105, 41.324253], [-8.386325, 41.323588], [-8.380382, 41.331254], [-8.375305, 41.33104], [-8.37201, 41.328346], [-8.361563, 41.329718], [-8.358276, 41.329049], [-8.357673, 41.327249], [-8.350207, 41.327264], [-8.346032, 41.328847], [-8.342462, 41.333131], [-8.333215, 41.336299], [-8.326363, 41.342163], [-8.324568, 41.341041], [-8.323376, 41.341943], [-8.320676, 41.338121], [-8.312604, 41.334983], [-8.313794, 41.333405], [-8.31139, 41.328007], [-8.307502, 41.325762], [-8.305116, 41.326891], [-8.303024, 41.325994], [-8.303615, 41.323742], [-8.301216, 41.319694], [-8.296431, 41.316774], [-8.297618, 41.313846], [-8.295817, 41.310022], [-8.281801, 41.316569], [-8.281808, 41.319721], [-8.278828, 41.321976], [-8.278238, 41.325128], [-8.273161, 41.325134], [-8.269582, 41.326939], [-8.265709, 41.331221], [-8.269004, 41.336169], [-8.263339, 41.340902], [-8.264239, 41.342477], [-8.262116, 41.345856]], [[-8.36098, 41.569241], [-8.336929, 41.575355], [-8.31294, 41.575187], [-8.300116, 41.571865], [-8.28485, 41.562764], [-8.279108, 41.553721], [-8.277671, 41.544705], [-8.279553, 41.517695], [-8.275646, 41.499655], [-8.265992, 41.48393], [-8.244953, 41.463428], [-8.238841, 41.454381], [-8.236431, 41.445357], [-8.237989, 41.43636], [-8.243975, 41.427392], [-8.291002, 41.387175], [-8.303013, 41.382447], [-8.314964, 41.383343], [-8.338784, 41.393178], [-8.362663, 41.397638], [-8.374633, 41.39694], [-8.410597, 41.388344], [-8.422552, 41.389054], [-8.434461, 41.394969], [-8.446313, 41.408028], [-8.45808, 41.431751], [-8.46324, 41.446639], [-8.467122, 41.464672], [-8.466447, 41.473677], [-8.462993, 41.482668], [-8.456106, 41.491643], [-8.445514, 41.501849], [-8.421418, 41.516766], [-8.409344, 41.526664], [-8.385117, 41.553501], [-8.373035, 41.562876], [-8.36098, 41.569241]], [[-8.357593, 41.383045], [-8.350882, 41.3794], [-8.346695, 41.373976], [-8.351045, 41.363058], [-8.363035, 41.359512], [-8.374948, 41.364044], [-8.378124, 41.37415], [-8.36719, 41.383098], [-8.362796, 41.384011], [-8.357593, 41.383045]]], [[[-8.585634, 41.172675], [-8.591321, 41.17838], [-8.603137, 41.196145], [-8.611175, 41.222042], [-8.610193, 41.240055], [-8.607417, 41.249053], [-8.594492, 41.276032], [-8.59315, 41.285035], [-8.596926, 41.294056], [-8.608883, 41.303105], [-8.63825, 41.31656], [-8.662076, 41.330148], [-8.709709, 41.367842], [-8.721635, 41.375089], [-8.73357, 41.38089], [-8.75746, 41.388752], [-8.809731, 41.399052], [-8.808673, 41.372243], [-8.781434, 41.373153], [-8.757524, 41.371412], [-8.745574, 41.369368], [-8.72169, 41.362266], [-8.70976, 41.356451], [-8.685922, 41.341277], [-8.631619, 41.30318], [-8.622205, 41.294141], [-8.616714, 41.285115], [-8.614853, 41.276101], [-8.619451, 41.240086], [-8.618271, 41.222066], [-8.610237, 41.195015], [-8.595712, 41.165414], [-8.589766, 41.167193], [-8.589194, 41.170572], [-8.585634, 41.172675]]]]}}, {"id": "18", "type": "Feature", "properties": {"fill": "#5599f7", "value_min": 2.0, "value_max": -2.33}, "geometry": {"type": "MultiPolygon", "coordinates": [[[[-7.948559, 41.853573], [-7.960644, 41.85126], [-7.964167, 41.848545], [-7.967196, 41.839566], [-7.960951, 41.832305], [-7.948957, 41.829304], [-7.936792, 41.836666], [-7.934963, 41.839271], [-7.937809, 41.848304], [-7.948559, 41.853573]], [[-7.945081, 41.848371], [-7.938899, 41.839308], [-7.948909, 41.832207], [-7.960873, 41.8371], [-7.962961, 41.839528], [-7.960749, 41.844768], [-7.955607, 41.848468], [-7.948616, 41.850104], [-7.945081, 41.848371]]], [[[-7.860902, 41.766506], [-7.867989, 41.766577], [-7.874777, 41.757636], [-7.866046, 41.750747], [-7.853946, 41.754778], [-7.851644, 41.757407], [-7.853821, 41.761804], [-7.860902, 41.766506]], [[-7.856478, 41.757456], [-7.865991, 41.753836], [-7.870758, 41.757597], [-7.865815, 41.763849], [-7.856478, 41.757456]]], [[[-8.337406, 41.528679], [-8.3494, 41.527929], [-8.361417, 41.524774], [-8.37347, 41.517887], [-8.382773, 41.509288], [-8.388355, 41.50031], [-8.391493, 41.482312], [-8.386945, 41.464273], [-8.38069, 41.455232], [-8.374124, 41.449953], [-8.362206, 41.444373], [-8.350264, 41.441528], [-8.3383, 41.440889], [-8.326315, 41.442274], [-8.314302, 41.446273], [-8.30225, 41.453833], [-8.294286, 41.463742], [-8.291528, 41.472732], [-8.291386, 41.481739], [-8.29646, 41.499785], [-8.301659, 41.508826], [-8.309802, 41.51788], [-8.313513, 41.52111], [-8.325442, 41.526484], [-8.337406, 41.528679]], [[-8.349424, 41.525478], [-8.337433, 41.526035], [-8.325467, 41.524024], [-8.313547, 41.517821], [-8.304342, 41.50884], [-8.298738, 41.499799], [-8.293657, 41.481753], [-8.29429, 41.472749], [-8.297986, 41.463764], [-8.306355, 41.454808], [-8.314266, 41.44965], [-8.326279, 41.445742], [-8.338267, 41.444062], [-8.350231, 41.444813], [-8.362173, 41.447761], [-8.374082, 41.454305], [-8.383089, 41.464252], [-8.388137, 41.482294], [-8.387795, 41.4913], [-8.384987, 41.500292], [-8.379501, 41.50927], [-8.373499, 41.514818], [-8.361443, 41.522116], [-8.349424, 41.525478]]], [[[-8.721904, 41.311937], [-8.733872, 41.306833], [-8.737852, 41.303471], [-8.740885, 41.29447], [-8.737227, 41.285454], [-8.73397, 41.282549], [-8.722049, 41.277685], [-8.710105, 41.278429], [-8.698132, 41.285482], [-8.694954, 41.294357], [-8.697688, 41.303372], [-8.709962, 41.310902], [-8.721904, 41.311937]], [[-8.720428, 41.30343], [-8.709999, 41.302496], [-8.706313, 41.294387], [-8.710056, 41.289626], [-8.722001, 41.289152], [-8.726878, 41.294437], [-8.722019, 41.303433], [-8.720428, 41.30343]]], [[[-8.686532, 41.213957], [-8.699625, 41.213299], [-8.712321, 41.204323], [-8.714062, 41.19532], [-8.710504, 41.188261], [-8.698611, 41.181216], [-8.68669, 41.180821], [-8.674741, 41.186043], [-8.670156, 41.195203], [-8.671779, 41.204215], [-8.674634, 41.207673], [-8.686532, 41.213957]]]]}}, {"id": "8", "type": "Feature", "properties": {"fill": "#b1a288", "value_min": -1.33, "value_max": -1.0}, "geometry": {"type": "MultiPolygon", "coordinates": [[[[-8.093421, 41.810667], [-8.074142, 41.795444], [-8.058069, 41.786306], [-8.046009, 41.781274], [-8.010048, 41.772169], [-7.998093, 41.76724], [-7.986247, 41.755555], [-7.977677, 41.740584], [-7.974897, 41.731553], [-7.973645, 41.704521], [-7.970784, 41.695488], [-7.954647, 41.668321], [-7.946334, 41.650231], [-7.944964, 41.641212], [-7.946897, 41.632223], [-7.954977, 41.623289], [-7.964385, 41.618822], [-7.976426, 41.61642], [-8.000412, 41.617696], [-8.024305, 41.625136], [-8.060028, 41.645109], [-8.071982, 41.648859], [-8.107951, 41.653012], [-8.167798, 41.668631], [-8.170629, 41.670083], [-8.175548, 41.679125], [-8.17741, 41.697153], [-8.182494, 41.706196], [-8.191272, 41.712613], [-8.203238, 41.717073], [-8.215258, 41.717179], [-8.227335, 41.712542], [-8.235297, 41.70656], [-8.242106, 41.697598], [-8.245455, 41.688613], [-8.247282, 41.670611], [-8.250264, 41.661623], [-8.258282, 41.652668], [-8.272128, 41.643749], [-8.309201, 41.625964], [-8.372663, 41.601309], [-8.389376, 41.590389], [-8.396846, 41.581696], [-8.401245, 41.572437], [-8.406342, 41.554448], [-8.414508, 41.536476], [-8.422497, 41.527509], [-8.449257, 41.509625], [-8.479149, 41.482742], [-8.48492, 41.473761], [-8.486546, 41.464761], [-8.486567, 41.437738], [-8.489648, 41.419737], [-8.500641, 41.392762], [-8.521113, 41.356819], [-8.53053, 41.343176], [-8.542569, 41.330888], [-8.55457, 41.323348], [-8.566547, 41.319196], [-8.59046, 41.316506], [-8.614345, 41.31817], [-8.638208, 41.324127], [-8.65013, 41.329247], [-8.66623, 41.339316], [-8.67685, 41.348354], [-8.706823, 41.384465], [-8.721546, 41.395981], [-8.806113, 41.437135], [-8.807354, 41.425915], [-8.811166, 41.417099], [-8.809731, 41.399052], [-8.75746, 41.388752], [-8.73357, 41.38089], [-8.721635, 41.375089], [-8.709709, 41.367842], [-8.662076, 41.330148], [-8.63825, 41.31656], [-8.608883, 41.303105], [-8.596926, 41.294056], [-8.59315, 41.285035], [-8.594492, 41.276032], [-8.607417, 41.249053], [-8.610193, 41.240055], [-8.611175, 41.222042], [-8.603137, 41.196145], [-8.591321, 41.17838], [-8.585634, 41.172675], [-8.582094, 41.177803], [-8.578825, 41.178941], [-8.580335, 41.181911], [-8.591237, 41.19203], [-8.59885, 41.203984], [-8.603018, 41.215848], [-8.603474, 41.231024], [-8.600686, 41.240022], [-8.590844, 41.255116], [-8.57884, 41.265535], [-8.566853, 41.272943], [-8.554882, 41.27752], [-8.542923, 41.28009], [-8.530984, 41.279918], [-8.519062, 41.27727], [-8.507155, 41.27277], [-8.49527, 41.265721], [-8.483411, 41.255707], [-8.471468, 41.239183], [-8.471604, 41.243459], [-8.469227, 41.245267], [-8.463258, 41.244384], [-8.459989, 41.246644], [-8.454323, 41.246886], [-8.455541, 41.251834], [-8.452276, 41.25522], [-8.449891, 41.255452], [-8.449304, 41.257479], [-8.447812, 41.257258], [-8.449028, 41.261982], [-8.443657, 41.261771], [-8.438004, 41.264938], [-8.438023, 41.268989], [-8.434745, 41.269673], [-8.432691, 41.277107], [-8.427032, 41.279372], [-8.429143, 41.284319], [-8.426171, 41.287028], [-8.426486, 41.290607], [-8.437704, 41.302396], [-8.451311, 41.320477], [-8.462773, 41.347554], [-8.470273, 41.392627], [-8.476132, 41.455706], [-8.47485, 41.473715], [-8.462165, 41.491671], [-8.452753, 41.500634], [-8.415482, 41.527473], [-8.407604, 41.53644], [-8.389463, 41.563367], [-8.380769, 41.572328], [-8.372885, 41.578425], [-8.360828, 41.584584], [-8.348789, 41.588804], [-8.32474, 41.593962], [-8.30073, 41.595144], [-8.288743, 41.594028], [-8.271821, 41.589704], [-8.256404, 41.580598], [-8.251792, 41.571561], [-8.253262, 41.562563], [-8.26938, 41.535645], [-8.275451, 41.517669], [-8.275174, 41.50866], [-8.272233, 41.499634], [-8.265932, 41.489278], [-8.254073, 41.478765], [-8.226163, 41.463304], [-8.216826, 41.454233], [-8.211834, 41.445191], [-8.210065, 41.436172], [-8.212074, 41.427178], [-8.221763, 41.418237], [-8.242928, 41.407178], [-8.252071, 41.400423], [-8.260506, 41.39147], [-8.265406, 41.382494], [-8.267918, 41.364494], [-8.262116, 41.345856], [-8.256483, 41.347663], [-8.255889, 41.349689], [-8.249622, 41.353072], [-8.251123, 41.356897], [-8.248141, 41.360052], [-8.248448, 41.364328], [-8.245461, 41.364781], [-8.243973, 41.368609], [-8.239197, 41.371315], [-8.229418, 41.369973], [-8.234913, 41.373287], [-8.237538, 41.382312], [-8.231161, 41.390424], [-8.219179, 41.392208], [-8.215665, 41.391173], [-8.205854, 41.382098], [-8.207393, 41.376968], [-8.199163, 41.377423], [-8.194677, 41.374275], [-8.191691, 41.376302], [-8.189299, 41.375403], [-8.184818, 41.376756], [-8.168382, 41.377438], [-8.1642, 41.38059], [-8.152544, 41.375866], [-8.151049, 41.37339], [-8.145073, 41.374742], [-8.139694, 41.377894], [-8.133418, 41.374292], [-8.125051, 41.375193], [-8.119672, 41.376768], [-8.119672, 41.378569], [-8.116683, 41.380144], [-8.117578, 41.386447], [-8.113992, 41.386896], [-8.112795, 41.390723], [-8.110105, 41.390947], [-8.108011, 41.393648], [-8.103827, 41.392972], [-8.104534, 41.395223], [-8.135272, 41.405579], [-8.159001, 41.420993], [-8.170818, 41.432709], [-8.194352, 41.465354], [-8.203709, 41.472158], [-8.242091, 41.479107], [-8.254009, 41.484289], [-8.26587, 41.494746], [-8.268821, 41.499612], [-8.271587, 41.508637], [-8.271062, 41.517641], [-8.265475, 41.529715], [-8.253369, 41.540092], [-8.24133, 41.54436], [-8.229315, 41.546509], [-8.217336, 41.545574], [-8.205387, 41.542327], [-8.169652, 41.524169], [-8.109928, 41.509256], [-8.0921, 41.507937], [-8.090598, 41.515242], [-8.097883, 41.513726], [-8.10986, 41.514173], [-8.119192, 41.516578], [-8.131524, 41.525679], [-8.136005, 41.53472], [-8.138557, 41.552754], [-8.144538, 41.561806], [-8.16307, 41.579957], [-8.16812, 41.589001], [-8.170473, 41.598025], [-8.170307, 41.607031], [-8.161705, 41.63399], [-8.152974, 41.642933], [-8.144065, 41.646564], [-8.132044, 41.647533], [-8.120067, 41.645237], [-8.084064, 41.643714], [-8.072089, 41.641454], [-8.060155, 41.636362], [-8.04346, 41.62406], [-8.035654, 41.614987], [-8.028438, 41.602486], [-8.02367, 41.603156], [-8.019174, 41.601802], [-8.015872, 41.603824], [-8.013474, 41.603372], [-8.005971, 41.60629], [-8.003562, 41.611239], [-7.998761, 41.612809], [-7.999669, 41.608759], [-7.996976, 41.605829], [-7.996684, 41.602003], [-7.984685, 41.603564], [-7.982292, 41.60086], [-7.975689, 41.603552], [-7.974482, 41.606701], [-7.970882, 41.607147], [-7.969091, 41.603768], [-7.965796, 41.602413], [-7.9541, 41.602846], [-7.952606, 41.600592], [-7.947808, 41.60081], [-7.945413, 41.599456], [-7.942725, 41.595625], [-7.936132, 41.594488], [-7.93791, 41.601694], [-7.937004, 41.603718], [-7.931604, 41.604384], [-7.930979, 41.612711], [-7.925556, 41.620354], [-7.920755, 41.620796], [-7.917748, 41.623041], [-7.915933, 41.627764], [-7.913229, 41.628885], [-7.912613, 41.63361], [-7.906014, 41.633147], [-7.906884, 41.641927], [-7.897869, 41.645511], [-7.89696, 41.647985], [-7.892759, 41.647976], [-7.892145, 41.651576], [-7.902319, 41.659925], [-7.899913, 41.66127], [-7.900198, 41.665547], [-7.898396, 41.665769], [-7.896885, 41.668692], [-7.882465, 41.671588], [-7.877044, 41.676077], [-7.875819, 41.682106], [-7.876844, 41.694608], [-7.875277, 41.7036], [-7.8716, 41.712571], [-7.866606, 41.718867], [-7.854488, 41.724292], [-7.842451, 41.725089], [-7.806455, 41.721169], [-7.794334, 41.726474], [-7.790927, 41.738771], [-7.795822, 41.756836], [-7.800798, 41.765895], [-7.809085, 41.774988], [-7.817405, 41.779651], [-7.829375, 41.783072], [-7.841387, 41.784265], [-7.865464, 41.783766], [-7.901627, 41.780151], [-7.937828, 41.773989], [-7.961875, 41.775063], [-7.968997, 41.776534], [-7.973825, 41.780209], [-7.977754, 41.785619], [-7.97256, 41.79458], [-7.957404, 41.80345], [-7.93729, 41.80659], [-7.925172, 41.811351], [-7.912873, 41.826716], [-7.895255, 41.859327], [-7.901605, 41.86159], [-7.904671, 41.847993], [-7.913846, 41.830067], [-7.92509, 41.816258], [-7.937215, 41.811126], [-7.985522, 41.801517], [-7.997566, 41.801104], [-8.009565, 41.803566], [-8.021534, 41.808101], [-8.030072, 41.813094], [-8.043157, 41.824424], [-8.045268, 41.824425], [-8.047679, 41.821276], [-8.057314, 41.815656], [-8.06664, 41.817012], [-8.072961, 41.813414], [-8.078678, 41.813417], [-8.082892, 41.810493], [-8.090111, 41.812521], [-8.093421, 41.810667]], [[-7.901721, 41.774628], [-7.889621, 41.778614], [-7.865491, 41.782252], [-7.841434, 41.781698], [-7.82945, 41.77896], [-7.820553, 41.775106], [-7.810924, 41.766], [-7.806937, 41.756952], [-7.806157, 41.747937], [-7.809428, 41.738964], [-7.818259, 41.733071], [-7.830334, 41.730275], [-7.854428, 41.727703], [-7.866521, 41.723706], [-7.869478, 41.721557], [-7.89117, 41.68861], [-7.90328, 41.683091], [-7.915293, 41.683188], [-7.927227, 41.688082], [-7.935659, 41.695168], [-7.941983, 41.704233], [-7.945159, 41.71327], [-7.946542, 41.740303], [-7.95887, 41.758429], [-7.94997, 41.767267], [-7.937953, 41.766448], [-7.926, 41.761786], [-7.901721, 41.774628]], [[-8.215558, 41.692517], [-8.217667, 41.697434], [-8.215473, 41.699495], [-8.203448, 41.700006], [-8.200739, 41.697318], [-8.203555, 41.691365], [-8.215558, 41.692517]]], [[[-8.216485, 41.369816], [-8.220368, 41.368606], [-8.21738, 41.368182], [-8.216485, 41.369816]]], [[[-8.220528, 41.36863], [-8.220528, 41.36863], [-8.220966, 41.368696], [-8.220528, 41.36863]]], [[[-8.482007, 41.68125], [-8.468032, 41.678152], [-8.444011, 41.677257], [-8.41993, 41.683152], [-8.381108, 41.69843], [-8.365346, 41.707352], [-8.35996, 41.716329], [-8.359208, 41.725332], [-8.361417, 41.735771], [-8.368703, 41.73193], [-8.373518, 41.734621], [-8.371607, 41.7254], [-8.372916, 41.7164], [-8.37906, 41.707426], [-8.393379, 41.698496], [-8.407827, 41.692727], [-8.431902, 41.688022], [-8.443912, 41.688741], [-8.461658, 41.694377], [-8.471532, 41.687557], [-8.475731, 41.686644], [-8.482007, 41.68125]]], [[[-8.059216, 41.700886], [-8.04723, 41.698728], [-8.040149, 41.705095], [-8.047009, 41.713698], [-8.059045, 41.712655], [-8.062806, 41.705282], [-8.059216, 41.700886]]], [[[-8.357593, 41.383045], [-8.362796, 41.384011], [-8.36719, 41.383098], [-8.378124, 41.37415], [-8.374948, 41.364044], [-8.363035, 41.359512], [-8.351045, 41.363058], [-8.346695, 41.373976], [-8.350882, 41.3794], [-8.357593, 41.383045]]]]}}, {"id": "4", "type": "Feature", "properties": {"fill": "#d75e13", "value_min": -2.67, "value_max": -2.33}, "geometry": {"type": "MultiPolygon", "coordinates": [[[[-7.812568, 41.871957], [-7.815748, 41.869587], [-7.827867, 41.865832], [-7.845892, 41.863574], [-7.84647, 41.863493], [-7.846495, 41.863489], [-7.849515, 41.861475], [-7.853425, 41.862329], [-7.858851, 41.860826], [-7.858867, 41.860822], [-7.859153, 41.860743], [-7.862091, 41.859929], [-7.866088, 41.858242], [-7.866268, 41.858138], [-7.866389, 41.858069], [-7.872446, 41.849413], [-7.864252, 41.852384], [-7.852184, 41.853565], [-7.840161, 41.852284], [-7.826956, 41.847226], [-7.81639, 41.838111], [-7.811506, 41.829053], [-7.811779, 41.82005], [-7.816913, 41.811096], [-7.825149, 41.802174], [-7.844134, 41.793359], [-7.865364, 41.789424], [-7.877404, 41.789137], [-7.889403, 41.791241], [-7.895481, 41.793865], [-7.90515, 41.802964], [-7.907228, 41.811991], [-7.900825, 41.827109], [-7.888545, 41.840845], [-7.875634, 41.848256], [-7.878757, 41.852039], [-7.888467, 41.845354], [-7.900745, 41.831802], [-7.907529, 41.821], [-7.910349, 41.81202], [-7.909424, 41.803005], [-7.900965, 41.793917], [-7.889442, 41.788944], [-7.877431, 41.787608], [-7.853328, 41.789493], [-7.834646, 41.793264], [-7.811614, 41.802034], [-7.804872, 41.806546], [-7.792761, 41.810409], [-7.780814, 41.805566], [-7.775033, 41.783636], [-7.769402, 41.772856], [-7.757596, 41.761177], [-7.746003, 41.755616], [-7.737801, 41.765167], [-7.745465, 41.766409], [-7.757845, 41.774445], [-7.761917, 41.783496], [-7.760923, 41.792492], [-7.756873, 41.798629], [-7.74469, 41.806141], [-7.732629, 41.807274], [-7.727325, 41.805905], [-7.72995, 41.819031], [-7.73594, 41.823554], [-7.74345, 41.825605], [-7.738918, 41.82874], [-7.742196, 41.833928], [-7.74729, 41.837772], [-7.74577, 41.840242], [-7.746949, 41.84434], [-7.756025, 41.842434], [-7.768027, 41.844679], [-7.77159, 41.846647], [-7.779713, 41.85574], [-7.7794, 41.864743], [-7.767432, 41.875679], [-7.75534, 41.877792], [-7.743341, 41.87508], [-7.734571, 41.866087], [-7.734159, 41.868337], [-7.730228, 41.871024], [-7.729293, 41.875972], [-7.722351, 41.878424], [-7.720523, 41.881793], [-7.725335, 41.882935], [-7.726208, 41.887665], [-7.737044, 41.888828], [-7.737935, 41.890857], [-7.74246, 41.889747], [-7.742785, 41.885922], [-7.756022, 41.888441], [-7.758719, 41.890926], [-7.756592, 41.89407], [-7.758076, 41.897901], [-7.763193, 41.898593], [-7.779227, 41.886264], [-7.785257, 41.885157], [-7.788886, 41.882467], [-7.794309, 41.882033], [-7.796739, 41.878214], [-7.794954, 41.873932], [-7.803381, 41.874857], [-7.804914, 41.869459], [-7.812568, 41.871957]]], [[[-7.872747, 41.849304], [-7.872747, 41.849304], [-7.872551, 41.849375], [-7.872747, 41.849304]]], [[[-8.324311, 41.76465], [-8.327381, 41.752171], [-8.325564, 41.743153], [-8.320366, 41.734115], [-8.309033, 41.725041], [-8.299367, 41.720964], [-8.287359, 41.719729], [-8.275314, 41.721718], [-8.263227, 41.727401], [-8.255319, 41.733712], [-8.248892, 41.742677], [-8.246291, 41.751667], [-8.247372, 41.760681], [-8.252307, 41.769721], [-8.257237, 41.774015], [-8.261762, 41.774235], [-8.268367, 41.769651], [-8.258628, 41.760755], [-8.255923, 41.75173], [-8.258025, 41.742737], [-8.263122, 41.73661], [-8.275232, 41.729047], [-8.287277, 41.727152], [-8.299277, 41.72926], [-8.307676, 41.73404], [-8.315246, 41.743092], [-8.316933, 41.752109], [-8.313103, 41.762192], [-8.318308, 41.761283], [-8.324311, 41.76465]]], [[[-7.857475, 41.703424], [-7.854905, 41.700849], [-7.846617, 41.703316], [-7.853575, 41.712392], [-7.854993, 41.712406], [-7.857475, 41.703424]]], [[[-8.095695, 41.67064], [-8.083681, 41.670698], [-8.076968, 41.678376], [-8.083454, 41.686731], [-8.095465, 41.687104], [-8.102629, 41.678579], [-8.095695, 41.67064]]], [[[-8.400664, 41.662506], [-8.396149, 41.65645], [-8.384191, 41.651016], [-8.372168, 41.652405], [-8.361175, 41.662293], [-8.361705, 41.671303], [-8.371909, 41.67907], [-8.383912, 41.680272], [-8.399288, 41.671506], [-8.400664, 41.662506]], [[-8.383508, 41.662415], [-8.384341, 41.662419], [-8.384024, 41.668529], [-8.383508, 41.662415]]], [[[-8.552741, 41.582133], [-8.553787, 41.57313], [-8.550251, 41.564109], [-8.540987, 41.555722], [-8.529032, 41.550621], [-8.517051, 41.549358], [-8.493044, 41.552748], [-8.481188, 41.5358], [-8.469261, 41.528404], [-8.457291, 41.526396], [-8.445283, 41.528891], [-8.434329, 41.536575], [-8.430925, 41.545565], [-8.433901, 41.554587], [-8.444991, 41.563122], [-8.456959, 41.5661], [-8.480952, 41.565269], [-8.487239, 41.58186], [-8.495519, 41.590903], [-8.5047, 41.596576], [-8.516676, 41.599638], [-8.528678, 41.599366], [-8.540707, 41.595243], [-8.546675, 41.591117], [-8.552741, 41.582133]], [[-8.516767, 41.5875], [-8.504349, 41.581935], [-8.501868, 41.572917], [-8.504914, 41.568612], [-8.516953, 41.562496], [-8.528925, 41.56545], [-8.53523, 41.573056], [-8.532765, 41.582054], [-8.528782, 41.585075], [-8.516767, 41.5875]], [[-8.445062, 41.554767], [-8.438391, 41.545602], [-8.441969, 41.536612], [-8.445237, 41.534319], [-8.457242, 41.532271], [-8.467531, 41.536733], [-8.472066, 41.545762], [-8.463594, 41.55473], [-8.457034, 41.557099], [-8.445062, 41.554767]]], [[[-8.258312, 41.508552], [-8.253841, 41.498984], [-8.2419, 41.495549], [-8.229273, 41.499354], [-8.224657, 41.50833], [-8.229542, 41.51737], [-8.241599, 41.521361], [-8.253621, 41.518151], [-8.258312, 41.508552]], [[-8.236289, 41.508408], [-8.24181, 41.503249], [-8.250272, 41.5085], [-8.241696, 41.513055], [-8.236289, 41.508408]]], [[[-8.4814, 41.509306], [-8.480719, 41.509772], [-8.481378, 41.511966], [-8.483247, 41.509783], [-8.4814, 41.509306]]], [[[-8.685195, 41.49205], [-8.692708, 41.483511], [-8.693421, 41.474505], [-8.685333, 41.463596], [-8.673383, 41.458673], [-8.661411, 41.458384], [-8.645578, 41.46536], [-8.640822, 41.474353], [-8.642986, 41.483367], [-8.64927, 41.489363], [-8.661218, 41.495336], [-8.673195, 41.496103], [-8.685195, 41.49205]]], [[[-8.145951, 41.480751], [-8.144325, 41.471731], [-8.136438, 41.462665], [-8.122623, 41.456481], [-8.110659, 41.45581], [-8.098642, 41.45897], [-8.093297, 41.462333], [-8.086045, 41.471283], [-8.085339, 41.480285], [-8.090665, 41.489334], [-8.110084, 41.497839], [-8.122055, 41.498532], [-8.134082, 41.495129], [-8.142167, 41.48973], [-8.145951, 41.480751]], [[-8.110147, 41.493237], [-8.100925, 41.489415], [-8.095131, 41.480362], [-8.098337, 41.47138], [-8.110533, 41.465023], [-8.122501, 41.465506], [-8.13287, 41.471646], [-8.136723, 41.480682], [-8.131672, 41.489651], [-8.122122, 41.493564], [-8.110147, 41.493237]]], [[[-8.589435, 41.479613], [-8.596619, 41.474207], [-8.602525, 41.46522], [-8.605049, 41.456221], [-8.602991, 41.447206], [-8.59799, 41.438182], [-8.589742, 41.430854], [-8.577816, 41.424267], [-8.565868, 41.421347], [-8.553904, 41.420955], [-8.541923, 41.422947], [-8.529915, 41.428578], [-8.517851, 41.441563], [-8.514279, 41.455874], [-8.51766, 41.467401], [-8.529534, 41.481309], [-8.541467, 41.487705], [-8.553431, 41.489971], [-8.565413, 41.489535], [-8.577414, 41.486256], [-8.589435, 41.479613]], [[-8.553498, 41.480141], [-8.541535, 41.478103], [-8.529612, 41.470641], [-8.524925, 41.464925], [-8.522177, 41.455907], [-8.523954, 41.446906], [-8.52984, 41.439014], [-8.541859, 41.432132], [-8.55384, 41.430334], [-8.565797, 41.43199], [-8.57769, 41.438109], [-8.585255, 41.447144], [-8.586917, 41.456157], [-8.584142, 41.465155], [-8.574609, 41.474127], [-8.565487, 41.478497], [-8.553498, 41.480141]]], [[[-8.649893, 41.373494], [-8.654021, 41.366303], [-8.653186, 41.357293], [-8.643283, 41.348255], [-8.638087, 41.346099], [-8.626136, 41.345674], [-8.618551, 41.348176], [-8.61415, 41.351371], [-8.609298, 41.357152], [-8.608789, 41.366158], [-8.615446, 41.375188], [-8.62594, 41.37995], [-8.6379, 41.3799], [-8.649893, 41.373494]]], [[[-8.574146, 41.221911], [-8.570547, 41.21289], [-8.567266, 41.210269], [-8.555352, 41.208168], [-8.543574, 41.212786], [-8.540336, 41.221781], [-8.546845, 41.230815], [-8.555179, 41.233719], [-8.567123, 41.232008], [-8.574146, 41.221911]]]]}}, {"id": "7", "type": "Feature", "properties": {"fill": "#cba158", "value_min": -1.67, "value_max": -1.33}, "geometry": {"type": "MultiPolygon", "coordinates": [[[[-8.740168, 41.580958], [-8.740778, 41.582006], [-8.74467, 41.581535], [-8.746796, 41.58445], [-8.75101, 41.586228], [-8.756374, 41.582823], [-8.75635, 41.580347], [-8.762327, 41.578514], [-8.764443, 41.580303], [-8.767441, 41.580286], [-8.769874, 41.583874], [-8.768997, 41.58613], [-8.773228, 41.589482], [-8.775371, 41.593972], [-8.78556, 41.593464], [-8.797327, 41.600599], [-8.804218, 41.600109], [-8.80456, 41.604158], [-8.809434, 41.611332], [-8.828644, 41.609656], [-8.82839, 41.585633], [-8.818497, 41.554794], [-8.8221, 41.547542], [-8.821965, 41.534907], [-8.815926, 41.525624], [-8.81063, 41.5101], [-8.813279, 41.503483], [-8.812636, 41.496944], [-8.804699, 41.482068], [-8.798552, 41.474753], [-8.80154, 41.446836], [-8.806113, 41.437135], [-8.721546, 41.395981], [-8.706823, 41.384465], [-8.67685, 41.348354], [-8.66623, 41.339316], [-8.65013, 41.329247], [-8.638208, 41.324127], [-8.614345, 41.31817], [-8.59046, 41.316506], [-8.566547, 41.319196], [-8.55457, 41.323348], [-8.542569, 41.330888], [-8.53053, 41.343176], [-8.521113, 41.356819], [-8.500641, 41.392762], [-8.489648, 41.419737], [-8.486567, 41.437738], [-8.486546, 41.464761], [-8.48492, 41.473761], [-8.479149, 41.482742], [-8.449257, 41.509625], [-8.422497, 41.527509], [-8.414508, 41.536476], [-8.406342, 41.554448], [-8.401245, 41.572437], [-8.396846, 41.581696], [-8.389376, 41.590389], [-8.372663, 41.601309], [-8.309201, 41.625964], [-8.272128, 41.643749], [-8.258282, 41.652668], [-8.250264, 41.661623], [-8.247282, 41.670611], [-8.245455, 41.688613], [-8.242106, 41.697598], [-8.235297, 41.70656], [-8.227335, 41.712542], [-8.215258, 41.717179], [-8.203238, 41.717073], [-8.191272, 41.712613], [-8.182494, 41.706196], [-8.17741, 41.697153], [-8.175548, 41.679125], [-8.170629, 41.670083], [-8.167798, 41.668631], [-8.107951, 41.653012], [-8.071982, 41.648859], [-8.060028, 41.645109], [-8.024305, 41.625136], [-8.000412, 41.617696], [-7.976426, 41.61642], [-7.964385, 41.618822], [-7.954977, 41.623289], [-7.946897, 41.632223], [-7.944964, 41.641212], [-7.946334, 41.650231], [-7.954647, 41.668321], [-7.970784, 41.695488], [-7.973645, 41.704521], [-7.974897, 41.731553], [-7.977677, 41.740584], [-7.986247, 41.755555], [-7.998093, 41.76724], [-8.010048, 41.772169], [-8.046009, 41.781274], [-8.058069, 41.786306], [-8.074142, 41.795444], [-8.093421, 41.810667], [-8.093723, 41.808471], [-8.095829, 41.808471], [-8.104853, 41.81185], [-8.117188, 41.812302], [-8.123807, 41.808702], [-8.138247, 41.808477], [-8.139751, 41.813203], [-8.14276, 41.812978], [-8.144866, 41.815228], [-8.149078, 41.814777], [-8.153893, 41.817928], [-8.165326, 41.81815], [-8.173744, 41.808019], [-8.177655, 41.808242], [-8.183676, 41.812741], [-8.190291, 41.809587], [-8.197158, 41.814129], [-8.201063, 41.808724], [-8.204973, 41.807372], [-8.205872, 41.804445], [-8.212225, 41.803766], [-8.190512, 41.773193], [-8.183033, 41.769249], [-8.166545, 41.765668], [-8.154597, 41.759369], [-8.147942, 41.75098], [-8.147826, 41.741972], [-8.157013, 41.733033], [-8.167016, 41.729238], [-8.179025, 41.730431], [-8.202913, 41.743303], [-8.214987, 41.739403], [-8.263506, 41.702955], [-8.275599, 41.696366], [-8.311796, 41.6829], [-8.326276, 41.653087], [-8.33403, 41.644125], [-8.346501, 41.635189], [-8.360391, 41.628915], [-8.372426, 41.62581], [-8.408482, 41.621139], [-8.420546, 41.614483], [-8.426155, 41.608593], [-8.42896, 41.599599], [-8.427216, 41.590583], [-8.41694, 41.56351], [-8.417054, 41.545496], [-8.42129, 41.53651], [-8.429732, 41.527545], [-8.45704, 41.509662], [-8.469514, 41.49732], [-8.4935, 41.482806], [-8.497213, 41.473815], [-8.496831, 41.446791], [-8.498368, 41.43779], [-8.506543, 41.419811], [-8.518114, 41.406075], [-8.547472, 41.383949], [-8.554205, 41.376848], [-8.572341, 41.348013], [-8.582366, 41.339042], [-8.602323, 41.330339], [-8.614285, 41.328504], [-8.626233, 41.32876], [-8.63817, 41.331076], [-8.650096, 41.335677], [-8.662007, 41.343463], [-8.674628, 41.357355], [-8.678978, 41.366375], [-8.684184, 41.393413], [-8.688176, 41.402431], [-8.697348, 41.411463], [-8.733355, 41.433582], [-8.751687, 41.447623], [-8.760404, 41.456649], [-8.772514, 41.474689], [-8.77635, 41.483704], [-8.78004, 41.501726], [-8.777084, 41.528743], [-8.763642, 41.555738], [-8.740168, 41.580958]], [[-8.010475, 41.744387], [-8.00275, 41.740805], [-7.997939, 41.731756], [-8.010798, 41.723366], [-8.022736, 41.728969], [-8.025442, 41.731992], [-8.022665, 41.740976], [-8.010475, 41.744387]], [[-8.095053, 41.716492], [-8.083147, 41.708364], [-8.071715, 41.696348], [-8.059418, 41.687063], [-8.047484, 41.681522], [-8.023404, 41.68485], [-8.011405, 41.683719], [-7.999487, 41.677462], [-7.99159, 41.668652], [-7.989308, 41.659624], [-7.991494, 41.650637], [-8.000027, 41.642587], [-8.012102, 41.638176], [-8.024109, 41.638125], [-8.036062, 41.64173], [-8.059842, 41.657923], [-8.095876, 41.657697], [-8.107838, 41.661205], [-8.123232, 41.669731], [-8.132592, 41.678809], [-8.137952, 41.687857], [-8.136176, 41.69685], [-8.131353, 41.69897], [-8.119153, 41.712274], [-8.110981, 41.714672], [-8.107053, 41.718005], [-8.095053, 41.716492]], [[-8.059216, 41.700886], [-8.062806, 41.705282], [-8.059045, 41.712655], [-8.047009, 41.713698], [-8.040149, 41.705095], [-8.04723, 41.698728], [-8.059216, 41.700886]]], [[[-8.361417, 41.735771], [-8.359208, 41.725332], [-8.35996, 41.716329], [-8.365346, 41.707352], [-8.381108, 41.69843], [-8.41993, 41.683152], [-8.444011, 41.677257], [-8.468032, 41.678152], [-8.482007, 41.68125], [-8.484371, 41.674238], [-8.49308, 41.674886], [-8.499963, 41.671038], [-8.50927, 41.671233], [-8.51018, 41.672806], [-8.511967, 41.670324], [-8.509856, 41.668755], [-8.512252, 41.667847], [-8.514629, 41.663788], [-8.522103, 41.658811], [-8.525706, 41.659023], [-8.527769, 41.652714], [-8.534066, 41.652017], [-8.537352, 41.649533], [-8.480335, 41.642301], [-8.468318, 41.643429], [-8.444245, 41.650038], [-8.424162, 41.671633], [-8.41156, 41.680576], [-8.383801, 41.691892], [-8.347681, 41.698781], [-8.339351, 41.707205], [-8.34076, 41.71622], [-8.350456, 41.743896], [-8.352516, 41.743441], [-8.352203, 41.739616], [-8.357897, 41.735103], [-8.361417, 41.735771]]], [[[-7.895255, 41.859327], [-7.912873, 41.826716], [-7.925172, 41.811351], [-7.93729, 41.80659], [-7.957404, 41.80345], [-7.97256, 41.79458], [-7.977754, 41.785619], [-7.973825, 41.780209], [-7.968997, 41.776534], [-7.961875, 41.775063], [-7.937828, 41.773989], [-7.901627, 41.780151], [-7.865464, 41.783766], [-7.841387, 41.784265], [-7.829375, 41.783072], [-7.817405, 41.779651], [-7.809085, 41.774988], [-7.800798, 41.765895], [-7.795822, 41.756836], [-7.790927, 41.738771], [-7.794334, 41.726474], [-7.806455, 41.721169], [-7.842451, 41.725089], [-7.854488, 41.724292], [-7.866606, 41.718867], [-7.8716, 41.712571], [-7.875277, 41.7036], [-7.876844, 41.694608], [-7.875819, 41.682106], [-7.873401, 41.686198], [-7.868896, 41.686413], [-7.868008, 41.68326], [-7.859778, 41.685941], [-7.867095, 41.691039], [-7.868911, 41.69453], [-7.870714, 41.703555], [-7.866695, 41.713828], [-7.854551, 41.720775], [-7.842526, 41.720921], [-7.830586, 41.716411], [-7.822525, 41.711281], [-7.818621, 41.713522], [-7.815291, 41.718689], [-7.808986, 41.717996], [-7.808396, 41.715744], [-7.804499, 41.714158], [-7.79939, 41.714593], [-7.79788, 41.716164], [-7.796383, 41.71526], [-7.790966, 41.717044], [-7.789449, 41.719966], [-7.78464, 41.720402], [-7.78252, 41.723546], [-7.776204, 41.724652], [-7.773786, 41.727346], [-7.770798, 41.72441], [-7.765698, 41.723044], [-7.761765, 41.727758], [-7.762938, 41.732857], [-7.770036, 41.739708], [-7.796027, 41.774852], [-7.805322, 41.782336], [-7.817283, 41.786261], [-7.841342, 41.786795], [-7.889523, 41.784248], [-7.901539, 41.785295], [-7.913521, 41.788376], [-7.925579, 41.786984], [-7.926507, 41.785152], [-7.937716, 41.78077], [-7.94975, 41.780777], [-7.95909, 41.785452], [-7.958906, 41.794457], [-7.949439, 41.799785], [-7.925358, 41.800249], [-7.900573, 41.841816], [-7.889601, 41.857064], [-7.891675, 41.859094], [-7.895255, 41.859327]]], [[[-8.0921, 41.507937], [-8.109928, 41.509256], [-8.169652, 41.524169], [-8.205387, 41.542327], [-8.217336, 41.545574], [-8.229315, 41.546509], [-8.24133, 41.54436], [-8.253369, 41.540092], [-8.265475, 41.529715], [-8.271062, 41.517641], [-8.271587, 41.508637], [-8.268821, 41.499612], [-8.26587, 41.494746], [-8.254009, 41.484289], [-8.242091, 41.479107], [-8.203709, 41.472158], [-8.194352, 41.465354], [-8.170818, 41.432709], [-8.159001, 41.420993], [-8.135272, 41.405579], [-8.104534, 41.395223], [-8.10263, 41.396123], [-8.10801, 41.398825], [-8.108606, 41.403102], [-8.104419, 41.406252], [-8.104119, 41.408728], [-8.101727, 41.409403], [-8.102025, 41.411204], [-8.092756, 41.411201], [-8.09126, 41.414352], [-8.079893, 41.41975], [-8.077503, 41.416597], [-8.070923, 41.41862], [-8.066739, 41.416142], [-8.061654, 41.417489], [-8.059852, 41.424916], [-8.055959, 41.429641], [-8.057444, 41.438195], [-8.061033, 41.438872], [-8.063694, 41.441575], [-8.07504, 41.434666], [-8.087068, 41.43049], [-8.09906, 41.428745], [-8.122971, 41.430636], [-8.134887, 41.434594], [-8.152451, 41.444769], [-8.16206, 41.453847], [-8.171788, 41.471932], [-8.173363, 41.480951], [-8.171275, 41.489943], [-8.164534, 41.498902], [-8.145912, 41.506535], [-8.121946, 41.506637], [-8.098026, 41.503424], [-8.078333, 41.498983], [-8.078332, 41.500331], [-8.084618, 41.502809], [-8.092402, 41.504163], [-8.0921, 41.507937]], [[-8.241445, 41.534554], [-8.22946, 41.534256], [-8.21752, 41.530308], [-8.211102, 41.526253], [-8.203195, 41.517191], [-8.199801, 41.50816], [-8.201533, 41.499165], [-8.210806, 41.490221], [-8.230052, 41.484383], [-8.242024, 41.484905], [-8.253954, 41.48909], [-8.265172, 41.499589], [-8.267999, 41.508614], [-8.265586, 41.519898], [-8.259329, 41.526574], [-8.25347, 41.5313], [-8.241445, 41.534554]]], [[[-8.078323, 41.49898], [-8.078323, 41.49898], [-8.078034, 41.498899], [-8.078323, 41.49898]]], [[[-8.207393, 41.376968], [-8.205854, 41.382098], [-8.215665, 41.391173], [-8.219179, 41.392208], [-8.231161, 41.390424], [-8.237538, 41.382312], [-8.234913, 41.373287], [-8.229418, 41.369973], [-8.224854, 41.370878], [-8.220966, 41.368696], [-8.220528, 41.36863], [-8.220368, 41.368606], [-8.216485, 41.369816], [-8.212011, 41.375839], [-8.207393, 41.376968]]], [[[-8.471468, 41.239183], [-8.483411, 41.255707], [-8.49527, 41.265721], [-8.507155, 41.27277], [-8.519062, 41.27727], [-8.530984, 41.279918], [-8.542923, 41.28009], [-8.554882, 41.27752], [-8.566853, 41.272943], [-8.57884, 41.265535], [-8.590844, 41.255116], [-8.600686, 41.240022], [-8.603474, 41.231024], [-8.603018, 41.215848], [-8.59885, 41.203984], [-8.591237, 41.19203], [-8.580335, 41.181911], [-8.581296, 41.191762], [-8.579725, 41.193119], [-8.590263, 41.203954], [-8.594556, 41.212977], [-8.596029, 41.22199], [-8.594725, 41.230993], [-8.590311, 41.239986], [-8.581022, 41.24896], [-8.566963, 41.256311], [-8.555009, 41.258834], [-8.543071, 41.258905], [-8.531151, 41.256503], [-8.519253, 41.251268], [-8.505861, 41.239654], [-8.500579, 41.230623], [-8.498742, 41.222442], [-8.495642, 41.222227], [-8.495947, 41.223351], [-8.490894, 41.226294], [-8.487935, 41.230354], [-8.490331, 41.232373], [-8.489156, 41.235528], [-8.486181, 41.236888], [-8.484411, 41.240495], [-8.476644, 41.237817], [-8.475756, 41.23917], [-8.471468, 41.239183]]]]}}, {"id": "6", "type": "Feature", "properties": {"fill": "#e79f24", "value_min": -2.0, "value_max": -1.67}, "geometry": {"type": "MultiPolygon", "coordinates": [[[[-7.889601, 41.857064], [-7.900573, 41.841816], [-7.925358, 41.800249], [-7.949439, 41.799785], [-7.958906, 41.794457], [-7.95909, 41.785452], [-7.94975, 41.780777], [-7.937716, 41.78077], [-7.926507, 41.785152], [-7.925579, 41.786984], [-7.913521, 41.788376], [-7.901539, 41.785295], [-7.889523, 41.784248], [-7.841342, 41.786795], [-7.817283, 41.786261], [-7.805322, 41.782336], [-7.796027, 41.774852], [-7.770036, 41.739708], [-7.762938, 41.732857], [-7.759597, 41.739005], [-7.75689, 41.739446], [-7.758687, 41.740577], [-7.757758, 41.745301], [-7.754373, 41.746865], [-7.769687, 41.757965], [-7.793182, 41.788019], [-7.805125, 41.792908], [-7.817163, 41.792774], [-7.853359, 41.787775], [-7.877457, 41.78608], [-7.889482, 41.786647], [-7.901463, 41.789783], [-7.909249, 41.793996], [-7.914269, 41.803051], [-7.913732, 41.812052], [-7.910406, 41.821027], [-7.900666, 41.836375], [-7.883864, 41.854644], [-7.889601, 41.857064]]], [[[-8.350456, 41.743896], [-8.34076, 41.71622], [-8.339351, 41.707205], [-8.347681, 41.698781], [-8.383801, 41.691892], [-8.41156, 41.680576], [-8.424162, 41.671633], [-8.444245, 41.650038], [-8.468318, 41.643429], [-8.480335, 41.642301], [-8.537352, 41.649533], [-8.543876, 41.637352], [-8.543855, 41.633976], [-8.536342, 41.631977], [-8.535128, 41.62973], [-8.543133, 41.614901], [-8.528553, 41.616501], [-8.516557, 41.615577], [-8.504578, 41.612518], [-8.49262, 41.606892], [-8.458312, 41.581727], [-8.444884, 41.575543], [-8.43296, 41.567397], [-8.424902, 41.554543], [-8.424163, 41.545532], [-8.427723, 41.536542], [-8.433279, 41.530907], [-8.445329, 41.523595], [-8.458932, 41.518679], [-8.469446, 41.505723], [-8.476608, 41.500746], [-8.481489, 41.498162], [-8.493479, 41.496916], [-8.505449, 41.498327], [-8.51722, 41.491916], [-8.507216, 41.464851], [-8.506586, 41.446833], [-8.509369, 41.437838], [-8.515008, 41.428854], [-8.524764, 41.419887], [-8.530006, 41.41599], [-8.553998, 41.407256], [-8.565974, 41.405501], [-8.601874, 41.404099], [-8.610386, 41.402194], [-8.601911, 41.398041], [-8.594098, 41.384122], [-8.589566, 41.366091], [-8.591405, 41.35709], [-8.597135, 41.348103], [-8.611883, 41.339146], [-8.626188, 41.3367], [-8.638132, 41.337972], [-8.650057, 41.342853], [-8.657586, 41.348298], [-8.661954, 41.353696], [-8.666945, 41.366341], [-8.665801, 41.375345], [-8.660951, 41.384339], [-8.649781, 41.394471], [-8.637786, 41.4004], [-8.627004, 41.402249], [-8.615505, 41.411219], [-8.627306, 41.420265], [-8.637645, 41.425651], [-8.647426, 41.429336], [-8.685455, 41.438321], [-8.697402, 41.443325], [-8.709338, 41.451105], [-8.721986, 41.465571], [-8.725615, 41.474587], [-8.726482, 41.483596], [-8.72471, 41.4926], [-8.720018, 41.501596], [-8.709063, 41.512578], [-8.69705, 41.519013], [-8.685047, 41.522639], [-8.673057, 41.523607], [-8.661082, 41.521551], [-8.637174, 41.510214], [-8.62521, 41.506936], [-8.613232, 41.50609], [-8.594251, 41.510228], [-8.569814, 41.519147], [-8.564127, 41.528133], [-8.582115, 41.555222], [-8.585221, 41.56424], [-8.584729, 41.582253], [-8.580623, 41.591245], [-8.573176, 41.600225], [-8.560004, 41.609183], [-8.543732, 41.614745], [-8.554533, 41.615255], [-8.557244, 41.617046], [-8.562639, 41.61635], [-8.568056, 41.619031], [-8.570735, 41.616095], [-8.577321, 41.614269], [-8.581231, 41.615829], [-8.585766, 41.620988], [-8.591462, 41.620515], [-8.596534, 41.616668], [-8.601628, 41.615972], [-8.603996, 41.611686], [-8.613256, 41.606696], [-8.619881, 41.610269], [-8.621338, 41.604636], [-8.628833, 41.604378], [-8.636302, 41.600744], [-8.64075, 41.594422], [-8.645536, 41.593051], [-8.646744, 41.594171], [-8.649125, 41.591909], [-8.656622, 41.5921], [-8.660788, 41.588255], [-8.663794, 41.589141], [-8.665265, 41.585758], [-8.66948, 41.587989], [-8.684455, 41.586117], [-8.685608, 41.58071], [-8.697261, 41.576376], [-8.701703, 41.570277], [-8.707704, 41.570923], [-8.712485, 41.569323], [-8.716422, 41.573805], [-8.720316, 41.57356], [-8.725151, 41.577811], [-8.726633, 41.576003], [-8.734424, 41.575737], [-8.736539, 41.577527], [-8.736262, 41.580004], [-8.738354, 41.579318], [-8.740168, 41.580958], [-8.763642, 41.555738], [-8.777084, 41.528743], [-8.78004, 41.501726], [-8.77635, 41.483704], [-8.772514, 41.474689], [-8.760404, 41.456649], [-8.751687, 41.447623], [-8.733355, 41.433582], [-8.697348, 41.411463], [-8.688176, 41.402431], [-8.684184, 41.393413], [-8.678978, 41.366375], [-8.674628, 41.357355], [-8.662007, 41.343463], [-8.650096, 41.335677], [-8.63817, 41.331076], [-8.626233, 41.32876], [-8.614285, 41.328504], [-8.602323, 41.330339], [-8.582366, 41.339042], [-8.572341, 41.348013], [-8.554205, 41.376848], [-8.547472, 41.383949], [-8.518114, 41.406075], [-8.506543, 41.419811], [-8.498368, 41.43779], [-8.496831, 41.446791], [-8.497213, 41.473815], [-8.4935, 41.482806], [-8.469514, 41.49732], [-8.45704, 41.509662], [-8.429732, 41.527545], [-8.42129, 41.53651], [-8.417054, 41.545496], [-8.41694, 41.56351], [-8.427216, 41.590583], [-8.42896, 41.599599], [-8.426155, 41.608593], [-8.420546, 41.614483], [-8.408482, 41.621139], [-8.372426, 41.62581], [-8.360391, 41.628915], [-8.346501, 41.635189], [-8.33403, 41.644125], [-8.326276, 41.653087], [-8.311796, 41.6829], [-8.275599, 41.696366], [-8.263506, 41.702955], [-8.214987, 41.739403], [-8.202913, 41.743303], [-8.179025, 41.730431], [-8.167016, 41.729238], [-8.157013, 41.733033], [-8.147826, 41.741972], [-8.147942, 41.75098], [-8.154597, 41.759369], [-8.166545, 41.765668], [-8.183033, 41.769249], [-8.190512, 41.773193], [-8.212225, 41.803766], [-8.217598, 41.80016], [-8.217589, 41.793634], [-8.224207, 41.794303], [-8.229917, 41.791598], [-8.240744, 41.791588], [-8.24074, 41.789338], [-8.242545, 41.789336], [-8.245809, 41.785731], [-8.23935, 41.778642], [-8.23449, 41.769603], [-8.232624, 41.760584], [-8.233322, 41.751582], [-8.243009, 41.733632], [-8.263338, 41.717656], [-8.27542, 41.712341], [-8.287467, 41.709917], [-8.299485, 41.710131], [-8.31147, 41.713433], [-8.32341, 41.721164], [-8.333288, 41.734191], [-8.337148, 41.74322], [-8.339321, 41.762147], [-8.344765, 41.762363], [-8.349267, 41.760103], [-8.351959, 41.756272], [-8.350456, 41.743896]], [[-8.383856, 41.68613], [-8.371832, 41.686976], [-8.359841, 41.684408], [-8.352212, 41.680257], [-8.346158, 41.671216], [-8.345919, 41.662207], [-8.350612, 41.653227], [-8.360226, 41.645565], [-8.372278, 41.641067], [-8.384292, 41.640347], [-8.39627, 41.643494], [-8.409455, 41.653544], [-8.413006, 41.662569], [-8.409945, 41.671561], [-8.399627, 41.680514], [-8.383856, 41.68613]]], [[[-8.543433, 41.614823], [-8.543433, 41.614823], [-8.543345, 41.614846], [-8.543433, 41.614823]]], [[[-8.010475, 41.744387], [-8.022665, 41.740976], [-8.025442, 41.731992], [-8.022736, 41.728969], [-8.010798, 41.723366], [-7.997939, 41.731756], [-8.00275, 41.740805], [-8.010475, 41.744387]]], [[[-8.095053, 41.716492], [-8.107053, 41.718005], [-8.110981, 41.714672], [-8.119153, 41.712274], [-8.131353, 41.69897], [-8.136176, 41.69685], [-8.137952, 41.687857], [-8.132592, 41.678809], [-8.123232, 41.669731], [-8.107838, 41.661205], [-8.095876, 41.657697], [-8.059842, 41.657923], [-8.036062, 41.64173], [-8.024109, 41.638125], [-8.012102, 41.638176], [-8.000027, 41.642587], [-7.991494, 41.650637], [-7.989308, 41.659624], [-7.99159, 41.668652], [-7.999487, 41.677462], [-8.011405, 41.683719], [-8.023404, 41.68485], [-8.047484, 41.681522], [-8.059418, 41.687063], [-8.071715, 41.696348], [-8.083147, 41.708364], [-8.095053, 41.716492]], [[-8.095348, 41.695419], [-8.083347, 41.694302], [-8.07305, 41.687351], [-8.066822, 41.678294], [-8.071179, 41.669322], [-8.083781, 41.663695], [-8.095787, 41.664092], [-8.106982, 41.669606], [-8.113012, 41.67866], [-8.107445, 41.689667], [-8.095348, 41.695419]], [[-8.016899, 41.668871], [-8.009133, 41.659797], [-8.011842, 41.655176], [-8.017226, 41.65086], [-8.023945, 41.649029], [-8.030382, 41.650971], [-8.035872, 41.6545], [-8.039642, 41.660056], [-8.035692, 41.666566], [-8.023611, 41.671128], [-8.016899, 41.668871]]], [[[-7.822525, 41.711281], [-7.830586, 41.716411], [-7.842526, 41.720921], [-7.854551, 41.720775], [-7.866695, 41.713828], [-7.870714, 41.703555], [-7.868911, 41.69453], [-7.867095, 41.691039], [-7.859778, 41.685941], [-7.857773, 41.689538], [-7.854776, 41.68818], [-7.84935, 41.692966], [-7.855048, 41.692749], [-7.865587, 41.703505], [-7.861728, 41.712473], [-7.854624, 41.716678], [-7.842624, 41.715449], [-7.836298, 41.712219], [-7.835423, 41.70974], [-7.82945, 41.710174], [-7.825252, 41.708813], [-7.822525, 41.711281]]], [[[-8.241445, 41.534554], [-8.25347, 41.5313], [-8.259329, 41.526574], [-8.265586, 41.519898], [-8.267999, 41.508614], [-8.265172, 41.499589], [-8.253954, 41.48909], [-8.242024, 41.484905], [-8.230052, 41.484383], [-8.210806, 41.490221], [-8.201533, 41.499165], [-8.199801, 41.50816], [-8.203195, 41.517191], [-8.211102, 41.526253], [-8.21752, 41.530308], [-8.22946, 41.534256], [-8.241445, 41.534554]], [[-8.233328, 41.526403], [-8.229562, 41.52571], [-8.21794, 41.517292], [-8.214464, 41.508261], [-8.217962, 41.499278], [-8.229968, 41.491452], [-8.241963, 41.490136], [-8.253898, 41.494011], [-8.259791, 41.499554], [-8.263743, 41.508587], [-8.260719, 41.517575], [-8.253549, 41.52443], [-8.241525, 41.527671], [-8.233328, 41.526403]]], [[[-8.078333, 41.498983], [-8.098026, 41.503424], [-8.121946, 41.506637], [-8.145912, 41.506535], [-8.164534, 41.498902], [-8.171275, 41.489943], [-8.173363, 41.480951], [-8.171788, 41.471932], [-8.16206, 41.453847], [-8.152451, 41.444769], [-8.134887, 41.434594], [-8.122971, 41.430636], [-8.09906, 41.428745], [-8.087068, 41.43049], [-8.07504, 41.434666], [-8.063694, 41.441575], [-8.069999, 41.447206], [-8.068788, 41.462286], [-8.073872, 41.465101], [-8.083426, 41.453247], [-8.098817, 41.446309], [-8.110807, 41.444938], [-8.122765, 41.445934], [-8.134687, 41.449639], [-8.146556, 41.457486], [-8.151586, 41.462778], [-8.156243, 41.471819], [-8.15701, 41.480832], [-8.153912, 41.489817], [-8.142613, 41.498741], [-8.133996, 41.501528], [-8.122001, 41.50259], [-8.098087, 41.499022], [-8.08618, 41.493733], [-8.078765, 41.48924], [-8.07291, 41.480185], [-8.072216, 41.475343], [-8.066374, 41.482318], [-8.066069, 41.48817], [-8.072054, 41.490199], [-8.07175, 41.494925], [-8.078034, 41.498899], [-8.078323, 41.49898], [-8.078333, 41.498983]]], [[[-8.073572, 41.465908], [-8.073572, 41.465908], [-8.073746, 41.46544], [-8.073572, 41.465908]]], [[[-8.498742, 41.222442], [-8.500579, 41.230623], [-8.505861, 41.239654], [-8.519253, 41.251268], [-8.531151, 41.256503], [-8.543071, 41.258905], [-8.555009, 41.258834], [-8.566963, 41.256311], [-8.581022, 41.24896], [-8.590311, 41.239986], [-8.594725, 41.230993], [-8.596029, 41.22199], [-8.594556, 41.212977], [-8.590263, 41.203954], [-8.579725, 41.193119], [-8.575958, 41.195609], [-8.577183, 41.200557], [-8.575661, 41.202138], [-8.579233, 41.204299], [-8.585057, 41.212943], [-8.586971, 41.221958], [-8.584457, 41.230957], [-8.576229, 41.239935], [-8.567039, 41.244675], [-8.555092, 41.246595], [-8.543167, 41.245082], [-8.531407, 41.239761], [-8.522975, 41.230718], [-8.520177, 41.221699], [-8.521611, 41.212697], [-8.527663, 41.204339], [-8.523236, 41.200077], [-8.51163, 41.203042], [-8.510456, 41.206197], [-8.505693, 41.207113], [-8.504239, 41.213646], [-8.500076, 41.21546], [-8.50308, 41.219502], [-8.502204, 41.222656], [-8.498742, 41.222442]]]]}}, {"id": "5", "type": "Feature", "properties": {"fill": "#ea870e", "value_min": -2.33, "value_max": -2.0}, "geometry": {"type": "MultiPolygon", "coordinates": [[[[-7.883864, 41.854644], [-7.900666, 41.836375], [-7.910406, 41.821027], [-7.913732, 41.812052], [-7.914269, 41.803051], [-7.909249, 41.793996], [-7.901463, 41.789783], [-7.889482, 41.786647], [-7.877457, 41.78608], [-7.853359, 41.787775], [-7.817163, 41.792774], [-7.805125, 41.792908], [-7.793182, 41.788019], [-7.769687, 41.757965], [-7.754373, 41.746865], [-7.748417, 41.749321], [-7.747786, 41.754496], [-7.746003, 41.755616], [-7.757596, 41.761177], [-7.769402, 41.772856], [-7.775033, 41.783636], [-7.780814, 41.805566], [-7.792761, 41.810409], [-7.804872, 41.806546], [-7.811614, 41.802034], [-7.834646, 41.793264], [-7.853328, 41.789493], [-7.877431, 41.787608], [-7.889442, 41.788944], [-7.900965, 41.793917], [-7.909424, 41.803005], [-7.910349, 41.81202], [-7.907529, 41.821], [-7.900745, 41.831802], [-7.888467, 41.845354], [-7.878757, 41.852039], [-7.883864, 41.854644]]], [[[-7.866389, 41.858069], [-7.866389, 41.858069], [-7.866268, 41.858138], [-7.866389, 41.858069]]], [[[-7.866088, 41.858242], [-7.866088, 41.858242], [-7.862091, 41.859929], [-7.866088, 41.858242]]], [[[-7.859153, 41.860743], [-7.859153, 41.860743], [-7.858867, 41.860822], [-7.859153, 41.860743]]], [[[-7.858851, 41.860826], [-7.853425, 41.862329], [-7.858542, 41.862622], [-7.858851, 41.860826]]], [[[-7.846495, 41.863489], [-7.846495, 41.863489], [-7.84647, 41.863493], [-7.846495, 41.863489]]], [[[-7.845892, 41.863574], [-7.827867, 41.865832], [-7.815748, 41.869587], [-7.812568, 41.871957], [-7.814229, 41.873537], [-7.823863, 41.874013], [-7.825059, 41.875817], [-7.830479, 41.875831], [-7.830789, 41.874031], [-7.832894, 41.874712], [-7.83772, 41.872924], [-7.842528, 41.875187], [-7.841663, 41.866632], [-7.845892, 41.863574]]], [[[-8.339321, 41.762147], [-8.337148, 41.74322], [-8.333288, 41.734191], [-8.32341, 41.721164], [-8.31147, 41.713433], [-8.299485, 41.710131], [-8.287467, 41.709917], [-8.27542, 41.712341], [-8.263338, 41.717656], [-8.243009, 41.733632], [-8.233322, 41.751582], [-8.232624, 41.760584], [-8.23449, 41.769603], [-8.23935, 41.778642], [-8.245809, 41.785731], [-8.251257, 41.784375], [-8.251845, 41.777172], [-8.257237, 41.774015], [-8.252307, 41.769721], [-8.247372, 41.760681], [-8.246291, 41.751667], [-8.248892, 41.742677], [-8.255319, 41.733712], [-8.263227, 41.727401], [-8.275314, 41.721718], [-8.287359, 41.719729], [-8.299367, 41.720964], [-8.309033, 41.725041], [-8.320366, 41.734115], [-8.325564, 41.743153], [-8.327381, 41.752171], [-8.324311, 41.76465], [-8.332141, 41.762835], [-8.336653, 41.763728], [-8.339321, 41.762147]]], [[[-7.835423, 41.70974], [-7.836298, 41.712219], [-7.842624, 41.715449], [-7.854624, 41.716678], [-7.861728, 41.712473], [-7.865587, 41.703505], [-7.855048, 41.692749], [-7.84935, 41.692966], [-7.847538, 41.695365], [-7.837309, 41.699391], [-7.835792, 41.702763], [-7.839679, 41.706599], [-7.838465, 41.709522], [-7.835423, 41.70974]], [[-7.857475, 41.703424], [-7.854993, 41.712406], [-7.853575, 41.712392], [-7.846617, 41.703316], [-7.854905, 41.700849], [-7.857475, 41.703424]]], [[[-8.095348, 41.695419], [-8.107445, 41.689667], [-8.113012, 41.67866], [-8.106982, 41.669606], [-8.095787, 41.664092], [-8.083781, 41.663695], [-8.071179, 41.669322], [-8.066822, 41.678294], [-8.07305, 41.687351], [-8.083347, 41.694302], [-8.095348, 41.695419]], [[-8.095695, 41.67064], [-8.102629, 41.678579], [-8.095465, 41.687104], [-8.083454, 41.686731], [-8.076968, 41.678376], [-8.083681, 41.670698], [-8.095695, 41.67064]]], [[[-8.383856, 41.68613], [-8.399627, 41.680514], [-8.409945, 41.671561], [-8.413006, 41.662569], [-8.409455, 41.653544], [-8.39627, 41.643494], [-8.384292, 41.640347], [-8.372278, 41.641067], [-8.360226, 41.645565], [-8.350612, 41.653227], [-8.345919, 41.662207], [-8.346158, 41.671216], [-8.352212, 41.680257], [-8.359841, 41.684408], [-8.371832, 41.686976], [-8.383856, 41.68613]], [[-8.400664, 41.662506], [-8.399288, 41.671506], [-8.383912, 41.680272], [-8.371909, 41.67907], [-8.361705, 41.671303], [-8.361175, 41.662293], [-8.372168, 41.652405], [-8.384191, 41.651016], [-8.396149, 41.65645], [-8.400664, 41.662506]]], [[[-8.016899, 41.668871], [-8.023611, 41.671128], [-8.035692, 41.666566], [-8.039642, 41.660056], [-8.035872, 41.6545], [-8.030382, 41.650971], [-8.023945, 41.649029], [-8.017226, 41.65086], [-8.011842, 41.655176], [-8.009133, 41.659797], [-8.016899, 41.668871]]], [[[-8.543732, 41.614745], [-8.560004, 41.609183], [-8.573176, 41.600225], [-8.580623, 41.591245], [-8.584729, 41.582253], [-8.585221, 41.56424], [-8.582115, 41.555222], [-8.564127, 41.528133], [-8.569814, 41.519147], [-8.594251, 41.510228], [-8.613232, 41.50609], [-8.62521, 41.506936], [-8.637174, 41.510214], [-8.661082, 41.521551], [-8.673057, 41.523607], [-8.685047, 41.522639], [-8.69705, 41.519013], [-8.709063, 41.512578], [-8.720018, 41.501596], [-8.72471, 41.4926], [-8.726482, 41.483596], [-8.725615, 41.474587], [-8.721986, 41.465571], [-8.709338, 41.451105], [-8.697402, 41.443325], [-8.685455, 41.438321], [-8.647426, 41.429336], [-8.637645, 41.425651], [-8.627306, 41.420265], [-8.615505, 41.411219], [-8.627004, 41.402249], [-8.637786, 41.4004], [-8.649781, 41.394471], [-8.660951, 41.384339], [-8.665801, 41.375345], [-8.666945, 41.366341], [-8.661954, 41.353696], [-8.657586, 41.348298], [-8.650057, 41.342853], [-8.638132, 41.337972], [-8.626188, 41.3367], [-8.611883, 41.339146], [-8.597135, 41.348103], [-8.591405, 41.35709], [-8.589566, 41.366091], [-8.594098, 41.384122], [-8.601911, 41.398041], [-8.610386, 41.402194], [-8.601874, 41.404099], [-8.565974, 41.405501], [-8.553998, 41.407256], [-8.530006, 41.41599], [-8.524764, 41.419887], [-8.515008, 41.428854], [-8.509369, 41.437838], [-8.506586, 41.446833], [-8.507216, 41.464851], [-8.51722, 41.491916], [-8.505449, 41.498327], [-8.493479, 41.496916], [-8.481489, 41.498162], [-8.476608, 41.500746], [-8.469446, 41.505723], [-8.458932, 41.518679], [-8.445329, 41.523595], [-8.433279, 41.530907], [-8.427723, 41.536542], [-8.424163, 41.545532], [-8.424902, 41.554543], [-8.43296, 41.567397], [-8.444884, 41.575543], [-8.458312, 41.581727], [-8.49262, 41.606892], [-8.504578, 41.612518], [-8.516557, 41.615577], [-8.528553, 41.616501], [-8.543133, 41.614901], [-8.543345, 41.614846], [-8.543433, 41.614823], [-8.543732, 41.614745]], [[-8.552741, 41.582133], [-8.546675, 41.591117], [-8.540707, 41.595243], [-8.528678, 41.599366], [-8.516676, 41.599638], [-8.5047, 41.596576], [-8.495519, 41.590903], [-8.487239, 41.58186], [-8.480952, 41.565269], [-8.456959, 41.5661], [-8.444991, 41.563122], [-8.433901, 41.554587], [-8.430925, 41.545565], [-8.434329, 41.536575], [-8.445283, 41.528891], [-8.457291, 41.526396], [-8.469261, 41.528404], [-8.481188, 41.5358], [-8.493044, 41.552748], [-8.517051, 41.549358], [-8.529032, 41.550621], [-8.540987, 41.555722], [-8.550251, 41.564109], [-8.553787, 41.57313], [-8.552741, 41.582133]], [[-8.4814, 41.509306], [-8.483247, 41.509783], [-8.481378, 41.511966], [-8.480719, 41.509772], [-8.4814, 41.509306]], [[-8.685195, 41.49205], [-8.673195, 41.496103], [-8.661218, 41.495336], [-8.64927, 41.489363], [-8.642986, 41.483367], [-8.640822, 41.474353], [-8.645578, 41.46536], [-8.661411, 41.458384], [-8.673383, 41.458673], [-8.685333, 41.463596], [-8.693421, 41.474505], [-8.692708, 41.483511], [-8.685195, 41.49205]], [[-8.589435, 41.479613], [-8.577414, 41.486256], [-8.565413, 41.489535], [-8.553431, 41.489971], [-8.541467, 41.487705], [-8.529534, 41.481309], [-8.51766, 41.467401], [-8.514279, 41.455874], [-8.517851, 41.441563], [-8.529915, 41.428578], [-8.541923, 41.422947], [-8.553904, 41.420955], [-8.565868, 41.421347], [-8.577816, 41.424267], [-8.589742, 41.430854], [-8.59799, 41.438182], [-8.602991, 41.447206], [-8.605049, 41.456221], [-8.602525, 41.46522], [-8.596619, 41.474207], [-8.589435, 41.479613]], [[-8.649893, 41.373494], [-8.6379, 41.3799], [-8.62594, 41.37995], [-8.615446, 41.375188], [-8.608789, 41.366158], [-8.609298, 41.357152], [-8.61415, 41.351371], [-8.618551, 41.348176], [-8.626136, 41.345674], [-8.638087, 41.346099], [-8.643283, 41.348255], [-8.653186, 41.357293], [-8.654021, 41.366303], [-8.649893, 41.373494]]], [[[-8.233328, 41.526403], [-8.241525, 41.527671], [-8.253549, 41.52443], [-8.260719, 41.517575], [-8.263743, 41.508587], [-8.259791, 41.499554], [-8.253898, 41.494011], [-8.241963, 41.490136], [-8.229968, 41.491452], [-8.217962, 41.499278], [-8.214464, 41.508261], [-8.21794, 41.517292], [-8.229562, 41.52571], [-8.233328, 41.526403]], [[-8.258312, 41.508552], [-8.253621, 41.518151], [-8.241599, 41.521361], [-8.229542, 41.51737], [-8.224657, 41.50833], [-8.229273, 41.499354], [-8.2419, 41.495549], [-8.253841, 41.498984], [-8.258312, 41.508552]]], [[[-8.072216, 41.475343], [-8.07291, 41.480185], [-8.078765, 41.48924], [-8.08618, 41.493733], [-8.098087, 41.499022], [-8.122001, 41.50259], [-8.133996, 41.501528], [-8.142613, 41.498741], [-8.153912, 41.489817], [-8.15701, 41.480832], [-8.156243, 41.471819], [-8.151586, 41.462778], [-8.146556, 41.457486], [-8.134687, 41.449639], [-8.122765, 41.445934], [-8.110807, 41.444938], [-8.098817, 41.446309], [-8.083426, 41.453247], [-8.073872, 41.465101], [-8.073746, 41.46544], [-8.073572, 41.465908], [-8.074164, 41.473543], [-8.072216, 41.475343]], [[-8.145951, 41.480751], [-8.142167, 41.48973], [-8.134082, 41.495129], [-8.122055, 41.498532], [-8.110084, 41.497839], [-8.090665, 41.489334], [-8.085339, 41.480285], [-8.086045, 41.471283], [-8.093297, 41.462333], [-8.098642, 41.45897], [-8.110659, 41.45581], [-8.122623, 41.456481], [-8.136438, 41.462665], [-8.144325, 41.471731], [-8.145951, 41.480751]]], [[[-8.527663, 41.204339], [-8.521611, 41.212697], [-8.520177, 41.221699], [-8.522975, 41.230718], [-8.531407, 41.239761], [-8.543167, 41.245082], [-8.555092, 41.246595], [-8.567039, 41.244675], [-8.576229, 41.239935], [-8.584457, 41.230957], [-8.586971, 41.221958], [-8.585057, 41.212943], [-8.579233, 41.204299], [-8.575661, 41.202138], [-8.57423, 41.20462], [-8.568566, 41.204416], [-8.565895, 41.206227], [-8.567697, 41.208246], [-8.566512, 41.209376], [-8.559636, 41.206251], [-8.554271, 41.20627], [-8.549521, 41.209214], [-8.544157, 41.209458], [-8.54238, 41.211265], [-8.533747, 41.213097], [-8.529858, 41.210859], [-8.527663, 41.204339]], [[-8.574146, 41.221911], [-8.567123, 41.232008], [-8.555179, 41.233719], [-8.546845, 41.230815], [-8.540336, 41.221781], [-8.543574, 41.212786], [-8.555352, 41.208168], [-8.567266, 41.210269], [-8.570547, 41.21289], [-8.574146, 41.221911]]]]}}, {"id": "19", "type": "Feature", "properties": {"fill": "#4182f2", "value_min": 2.33, "value_max": -2.67}, "geometry": {"type": "MultiPolygon", "coordinates": [[[[-7.945081, 41.848371], [-7.948616, 41.850104], [-7.955607, 41.848468], [-7.960749, 41.844768], [-7.962961, 41.839528], [-7.960873, 41.8371], [-7.948909, 41.832207], [-7.938899, 41.839308], [-7.945081, 41.848371]], [[-7.944522, 41.83936], [-7.948842, 41.836295], [-7.956064, 41.839465], [-7.948703, 41.844785], [-7.944522, 41.83936]]], [[[-7.856478, 41.757456], [-7.865815, 41.763849], [-7.870758, 41.757597], [-7.865991, 41.753836], [-7.856478, 41.757456]], [[-7.864335, 41.757534], [-7.865937, 41.756924], [-7.86674, 41.757557], [-7.865907, 41.75861], [-7.864335, 41.757534]]], [[[-8.349424, 41.525478], [-8.361443, 41.522116], [-8.373499, 41.514818], [-8.379501, 41.50927], [-8.384987, 41.500292], [-8.387795, 41.4913], [-8.388137, 41.482294], [-8.383089, 41.464252], [-8.374082, 41.454305], [-8.362173, 41.447761], [-8.350231, 41.444813], [-8.338267, 41.444062], [-8.326279, 41.445742], [-8.314266, 41.44965], [-8.306355, 41.454808], [-8.297986, 41.463764], [-8.29429, 41.472749], [-8.293657, 41.481753], [-8.298738, 41.499799], [-8.304342, 41.50884], [-8.313547, 41.517821], [-8.325467, 41.524024], [-8.337433, 41.526035], [-8.349424, 41.525478]], [[-8.349447, 41.52327], [-8.337455, 41.523889], [-8.325493, 41.521564], [-8.313575, 41.515245], [-8.301743, 41.501076], [-8.297338, 41.490783], [-8.295926, 41.481767], [-8.297051, 41.472766], [-8.301685, 41.463787], [-8.314231, 41.453026], [-8.326252, 41.44839], [-8.338238, 41.446897], [-8.350203, 41.44756], [-8.362144, 41.450757], [-8.374044, 41.458236], [-8.379535, 41.464233], [-8.38374, 41.473263], [-8.384689, 41.491283], [-8.382587, 41.500279], [-8.373529, 41.511748], [-8.36147, 41.519457], [-8.349447, 41.52327]]], [[[-8.720428, 41.30343], [-8.722019, 41.303433], [-8.726878, 41.294437], [-8.722001, 41.289152], [-8.710056, 41.289626], [-8.706313, 41.294387], [-8.709999, 41.302496], [-8.720428, 41.30343]]]]}}, {"id": "2", "type": "Feature", "properties": {"fill": "#ae1c1c", "value_min": -3.33, "value_max": -3.0}, "geometry": {"type": "MultiPolygon", "coordinates": [[[[-7.888611, 41.837058], [-7.901773, 41.820945], [-7.904108, 41.811961], [-7.900907, 41.802923], [-7.889997, 41.793812], [-7.877377, 41.790666], [-7.86534, 41.790824], [-7.851133, 41.79343], [-7.832523, 41.802249], [-7.824953, 41.811178], [-7.822471, 41.82016], [-7.824594, 41.829188], [-7.832047, 41.838271], [-7.84032, 41.843488], [-7.852307, 41.846717], [-7.864351, 41.846803], [-7.876444, 41.844102], [-7.888611, 41.837058]], [[-7.864421, 41.842853], [-7.852397, 41.841664], [-7.84455, 41.838397], [-7.833212, 41.829276], [-7.830072, 41.820237], [-7.831323, 41.811243], [-7.838097, 41.802305], [-7.858309, 41.793501], [-7.877351, 41.792195], [-7.889311, 41.796565], [-7.897007, 41.802886], [-7.9009, 41.81193], [-7.897786, 41.820907], [-7.888666, 41.833855], [-7.87651, 41.840316], [-7.864421, 41.842853]]], [[[-7.733122, 41.782284], [-7.733077, 41.784562], [-7.739286, 41.78325], [-7.733122, 41.782284]]], [[[-8.302956, 41.758381], [-8.306883, 41.752049], [-8.305022, 41.743031], [-8.299187, 41.737605], [-8.287206, 41.733589], [-8.275152, 41.736176], [-8.267099, 41.742795], [-8.264767, 41.751787], [-8.270456, 41.76083], [-8.277074, 41.764382], [-8.280681, 41.764083], [-8.284038, 41.761109], [-8.284931, 41.757507], [-8.287033, 41.756833], [-8.274521, 41.751849], [-8.28051, 41.74288], [-8.287121, 41.741277], [-8.291068, 41.742945], [-8.294752, 41.751975], [-8.287041, 41.756829], [-8.302956, 41.758381]]], [[[-8.457167, 41.541178], [-8.449827, 41.545657], [-8.457112, 41.547765], [-8.45974, 41.545704], [-8.457167, 41.541178]]], [[[-8.122359, 41.476073], [-8.110389, 41.475526], [-8.106279, 41.480449], [-8.110242, 41.486306], [-8.122224, 41.486064], [-8.125843, 41.4806], [-8.122359, 41.476073]]], [[[-8.575055, 41.456114], [-8.572095, 41.447096], [-8.565732, 41.441811], [-8.553785, 41.438271], [-8.541801, 41.44038], [-8.533234, 41.446945], [-8.529836, 41.455938], [-8.534251, 41.464964], [-8.54159, 41.470326], [-8.55355, 41.472554], [-8.565549, 41.469181], [-8.571027, 41.465107], [-8.575055, 41.456114]], [[-8.552707, 41.465037], [-8.541662, 41.460117], [-8.539332, 41.455977], [-8.541724, 41.45125], [-8.553729, 41.446464], [-8.56346, 41.456071], [-8.552707, 41.465037]]]]}}, {"id": "1", "type": "Feature", "properties": {"fill": "#9c1c1c", "value_min": -3.67, "value_max": -3.33}, "geometry": {"type": "MultiPolygon", "coordinates": [[[[-7.864421, 41.842853], [-7.87651, 41.840316], [-7.888666, 41.833855], [-7.897786, 41.820907], [-7.9009, 41.81193], [-7.897007, 41.802886], [-7.889311, 41.796565], [-7.877351, 41.792195], [-7.858309, 41.793501], [-7.838097, 41.802305], [-7.831323, 41.811243], [-7.830072, 41.820237], [-7.833212, 41.829276], [-7.84455, 41.838397], [-7.852397, 41.841664], [-7.864421, 41.842853]], [[-7.862406, 41.838576], [-7.852497, 41.836049], [-7.840553, 41.82935], [-7.835405, 41.820292], [-7.836111, 41.811292], [-7.844899, 41.802374], [-7.865285, 41.793895], [-7.877321, 41.793888], [-7.893105, 41.802849], [-7.894973, 41.811873], [-7.893339, 41.820864], [-7.888722, 41.830652], [-7.876596, 41.835419], [-7.862406, 41.838576]]], [[[-8.287041, 41.756829], [-8.294752, 41.751975], [-8.291068, 41.742945], [-8.287121, 41.741277], [-8.28051, 41.74288], [-8.274521, 41.751849], [-8.287033, 41.756833], [-8.287041, 41.756829]]], [[[-8.552707, 41.465037], [-8.56346, 41.456071], [-8.553729, 41.446464], [-8.541724, 41.45125], [-8.539332, 41.455977], [-8.541662, 41.460117], [-8.552707, 41.465037]]]]}}, {"id": "20", "type": "Feature", "properties": {"fill": "#2e6eed", "value_min": 2.67, "value_max": -3.0}, "geometry": {"type": "MultiPolygon", "coordinates": [[[[-7.944522, 41.83936], [-7.948703, 41.844785], [-7.956064, 41.839465], [-7.948842, 41.836295], [-7.944522, 41.83936]]], [[[-7.864335, 41.757534], [-7.865907, 41.75861], [-7.86674, 41.757557], [-7.865937, 41.756924], [-7.864335, 41.757534]]], [[[-8.349447, 41.52327], [-8.36147, 41.519457], [-8.373529, 41.511748], [-8.382587, 41.500279], [-8.384689, 41.491283], [-8.38374, 41.473263], [-8.379535, 41.464233], [-8.374044, 41.458236], [-8.362144, 41.450757], [-8.350203, 41.44756], [-8.338238, 41.446897], [-8.326252, 41.44839], [-8.314231, 41.453026], [-8.301685, 41.463787], [-8.297051, 41.472766], [-8.295926, 41.481767], [-8.297338, 41.490783], [-8.301743, 41.501076], [-8.313575, 41.515245], [-8.325493, 41.521564], [-8.337455, 41.523889], [-8.349447, 41.52327]], [[-8.361495, 41.51685], [-8.349469, 41.521061], [-8.337476, 41.521743], [-8.325519, 41.519104], [-8.313602, 41.512668], [-8.301793, 41.496441], [-8.298197, 41.48178], [-8.302093, 41.468474], [-8.305068, 41.463807], [-8.314198, 41.456158], [-8.326225, 41.450995], [-8.338215, 41.449211], [-8.350179, 41.449978], [-8.362114, 41.453754], [-8.374007, 41.462059], [-8.381263, 41.47325], [-8.381949, 41.491268], [-8.380187, 41.500266], [-8.373558, 41.508674], [-8.361495, 41.51685]]]]}}, {"id": "3", "type": "Feature", "properties": {"fill": "#c33119", "value_min": -3.0, "value_max": -2.67}, "geometry": {"type": "MultiPolygon", "coordinates": [[[[-7.734571, 41.866087], [-7.743341, 41.87508], [-7.75534, 41.877792], [-7.767432, 41.875679], [-7.7794, 41.864743], [-7.779713, 41.85574], [-7.77159, 41.846647], [-7.768027, 41.844679], [-7.756025, 41.842434], [-7.746949, 41.84434], [-7.750246, 41.846784], [-7.750532, 41.849261], [-7.746624, 41.848348], [-7.743304, 41.849912], [-7.746901, 41.8524], [-7.746881, 41.855776], [-7.739943, 41.858003], [-7.734571, 41.866087]]], [[[-7.875634, 41.848256], [-7.888545, 41.840845], [-7.900825, 41.827109], [-7.907228, 41.811991], [-7.90515, 41.802964], [-7.895481, 41.793865], [-7.889403, 41.791241], [-7.877404, 41.789137], [-7.865364, 41.789424], [-7.844134, 41.793359], [-7.825149, 41.802174], [-7.816913, 41.811096], [-7.811779, 41.82005], [-7.811506, 41.829053], [-7.81639, 41.838111], [-7.826956, 41.847226], [-7.840161, 41.852284], [-7.852184, 41.853565], [-7.864252, 41.852384], [-7.872446, 41.849413], [-7.872551, 41.849375], [-7.872747, 41.849304], [-7.873066, 41.844875], [-7.875634, 41.848256]], [[-7.888611, 41.837058], [-7.876444, 41.844102], [-7.864351, 41.846803], [-7.852307, 41.846717], [-7.84032, 41.843488], [-7.832047, 41.838271], [-7.824594, 41.829188], [-7.822471, 41.82016], [-7.824953, 41.811178], [-7.832523, 41.802249], [-7.851133, 41.79343], [-7.86534, 41.790824], [-7.877377, 41.790666], [-7.889997, 41.793812], [-7.900907, 41.802923], [-7.904108, 41.811961], [-7.901773, 41.820945], [-7.888611, 41.837058]]], [[[-7.727325, 41.805905], [-7.732629, 41.807274], [-7.74469, 41.806141], [-7.756873, 41.798629], [-7.760923, 41.792492], [-7.761917, 41.783496], [-7.757845, 41.774445], [-7.745465, 41.766409], [-7.737801, 41.765167], [-7.726937, 41.771755], [-7.7254, 41.777152], [-7.727191, 41.779184], [-7.724177, 41.780299], [-7.725372, 41.781653], [-7.722296, 41.792446], [-7.728879, 41.797871], [-7.727325, 41.805905]], [[-7.733122, 41.782284], [-7.739286, 41.78325], [-7.733077, 41.784562], [-7.733122, 41.782284]]], [[[-8.313103, 41.762192], [-8.316933, 41.752109], [-8.315246, 41.743092], [-8.307676, 41.73404], [-8.299277, 41.72926], [-8.287277, 41.727152], [-8.275232, 41.729047], [-8.263122, 41.73661], [-8.258025, 41.742737], [-8.255923, 41.75173], [-8.258628, 41.760755], [-8.268367, 41.769651], [-8.271366, 41.766346], [-8.274372, 41.766342], [-8.277074, 41.764382], [-8.270456, 41.76083], [-8.264767, 41.751787], [-8.267099, 41.742795], [-8.275152, 41.736176], [-8.287206, 41.733589], [-8.299187, 41.737605], [-8.305022, 41.743031], [-8.306883, 41.752049], [-8.302956, 41.758381], [-8.30778, 41.758824], [-8.307785, 41.760625], [-8.313103, 41.762192]]], [[[-8.383508, 41.662415], [-8.384024, 41.668529], [-8.384341, 41.662419], [-8.383508, 41.662415]]], [[[-8.516767, 41.5875], [-8.528782, 41.585075], [-8.532765, 41.582054], [-8.53523, 41.573056], [-8.528925, 41.56545], [-8.516953, 41.562496], [-8.504914, 41.568612], [-8.501868, 41.572917], [-8.504349, 41.581935], [-8.516767, 41.5875]]], [[[-8.445062, 41.554767], [-8.457034, 41.557099], [-8.463594, 41.55473], [-8.472066, 41.545762], [-8.467531, 41.536733], [-8.457242, 41.532271], [-8.445237, 41.534319], [-8.441969, 41.536612], [-8.438391, 41.545602], [-8.445062, 41.554767]], [[-8.457167, 41.541178], [-8.45974, 41.545704], [-8.457112, 41.547765], [-8.449827, 41.545657], [-8.457167, 41.541178]]], [[[-8.236289, 41.508408], [-8.241696, 41.513055], [-8.250272, 41.5085], [-8.24181, 41.503249], [-8.236289, 41.508408]]], [[[-8.110147, 41.493237], [-8.122122, 41.493564], [-8.131672, 41.489651], [-8.136723, 41.480682], [-8.13287, 41.471646], [-8.122501, 41.465506], [-8.110533, 41.465023], [-8.098337, 41.47138], [-8.095131, 41.480362], [-8.100925, 41.489415], [-8.110147, 41.493237]], [[-8.122359, 41.476073], [-8.125843, 41.4806], [-8.122224, 41.486064], [-8.110242, 41.486306], [-8.106279, 41.480449], [-8.110389, 41.475526], [-8.122359, 41.476073]]], [[[-8.553498, 41.480141], [-8.565487, 41.478497], [-8.574609, 41.474127], [-8.584142, 41.465155], [-8.586917, 41.456157], [-8.585255, 41.447144], [-8.57769, 41.438109], [-8.565797, 41.43199], [-8.55384, 41.430334], [-8.541859, 41.432132], [-8.52984, 41.439014], [-8.523954, 41.446906], [-8.522177, 41.455907], [-8.524925, 41.464925], [-8.529612, 41.470641], [-8.541535, 41.478103], [-8.553498, 41.480141]], [[-8.575055, 41.456114], [-8.571027, 41.465107], [-8.565549, 41.469181], [-8.55355, 41.472554], [-8.54159, 41.470326], [-8.534251, 41.464964], [-8.529836, 41.455938], [-8.533234, 41.446945], [-8.541801, 41.44038], [-8.553785, 41.438271], [-8.565732, 41.441811], [-8.572095, 41.447096], [-8.575055, 41.456114]]]]}}, {"id": "0", "type": "Feature", "properties": {"fill": "#881d1d", "value_min": -4.0, "value_max": -3.67}, "geometry": {"type": "Polygon", "coordinates": [[[-7.862406, 41.838576], [-7.876596, 41.835419], [-7.888722, 41.830652], [-7.893339, 41.820864], [-7.894973, 41.811873], [-7.893105, 41.802849], [-7.877321, 41.793888], [-7.865285, 41.793895], [-7.844899, 41.802374], [-7.836111, 41.811292], [-7.835405, 41.820292], [-7.840553, 41.82935], [-7.852497, 41.836049], [-7.862406, 41.838576]]]}}]}