{"type": "FeatureCollection", "features": [{"id": "7", "type": "Feature", "properties": {"fill": "#cba158", "value_min": -1.67, "value_max": -1.33}, "geometry": {"type": "MultiPolygon", "coordinates": [[[[-7.739521, 41.828512], [-7.780472, 41.823612], [-7.804558, 41.823432], [-7.816538, 41.826771], [-7.840439, 41.836894], [-7.852447, 41.838866], [-7.864502, 41.838238], [-7.876603, 41.835014], [-7.888781, 41.827196], [-7.894493, 41.820875], [-7.899536, 41.811917], [-7.901207, 41.804753], [-7.908029, 41.793985], [-7.913477, 41.791013], [-7.915764, 41.794058], [-7.937377, 41.801318], [-7.949421, 41.800891], [-7.96287, 41.794493], [-7.967487, 41.785528], [-7.9694, 41.758524], [-7.965558, 41.749483], [-7.957615, 41.740404], [-7.952596, 41.731352], [-7.947139, 41.704281], [-7.939219, 41.689525], [-7.927427, 41.676048], [-7.91557, 41.666665], [-7.901723, 41.658833], [-7.902017, 41.660599], [-7.899913, 41.66127], [-7.900198, 41.665547], [-7.898396, 41.665769], [-7.896885, 41.668692], [-7.882376, 41.671812], [-7.903403, 41.675811], [-7.91533, 41.68099], [-7.931538, 41.69513], [-7.936887, 41.704186], [-7.938986, 41.72222], [-7.936623, 41.731205], [-7.926265, 41.745886], [-7.914168, 41.750066], [-7.902123, 41.751067], [-7.89015, 41.747894], [-7.866264, 41.73833], [-7.83726, 41.730242], [-7.820581, 41.721065], [-7.817499, 41.715094], [-7.81469, 41.718688], [-7.808986, 41.717996], [-7.808396, 41.715744], [-7.804499, 41.714158], [-7.79939, 41.714593], [-7.79788, 41.716164], [-7.796383, 41.71526], [-7.790966, 41.717044], [-7.789449, 41.719966], [-7.78464, 41.720402], [-7.78373, 41.721882], [-7.793542, 41.729791], [-7.798719, 41.738853], [-7.807343, 41.77497], [-7.808575, 41.783989], [-7.80721, 41.792982], [-7.801509, 41.801929], [-7.788271, 41.810797], [-7.768546, 41.817601], [-7.736187, 41.823554], [-7.743152, 41.825154], [-7.742839, 41.827178], [-7.739521, 41.828512]], [[-7.864604, 41.832506], [-7.848834, 41.829434], [-7.835711, 41.820295], [-7.831078, 41.811241], [-7.831643, 41.80224], [-7.842825, 41.793346], [-7.853322, 41.789836], [-7.865387, 41.788131], [-7.877409, 41.788855], [-7.889333, 41.795291], [-7.894246, 41.80286], [-7.894519, 41.811869], [-7.888869, 41.822138], [-7.876688, 41.83015], [-7.864604, 41.832506]], [[-7.937445, 41.797198], [-7.930525, 41.794196], [-7.927911, 41.785165], [-7.937789, 41.776363], [-7.949811, 41.777003], [-7.957698, 41.785439], [-7.955228, 41.794424], [-7.949482, 41.797169], [-7.937445, 41.797198]], [[-7.853566, 41.776145], [-7.841644, 41.77], [-7.838239, 41.76628], [-7.837743, 41.757268], [-7.847321, 41.748357], [-7.854096, 41.746371], [-7.866122, 41.746385], [-7.87265, 41.748609], [-7.885177, 41.757738], [-7.887448, 41.766767], [-7.877647, 41.775207], [-7.865585, 41.776912], [-7.853566, 41.776145]], [[-7.937945, 41.766921], [-7.932474, 41.758187], [-7.938175, 41.752965], [-7.950181, 41.754298], [-7.953446, 41.75838], [-7.94998, 41.766667], [-7.937945, 41.766921]]], [[[-7.738918, 41.82863], [-7.738918, 41.82863], [-7.739494, 41.828517], [-7.738918, 41.82863]]], [[[-8.794988, 41.598587], [-8.797327, 41.600599], [-8.804218, 41.600109], [-8.80456, 41.604158], [-8.809434, 41.611332], [-8.828644, 41.609656], [-8.82839, 41.585633], [-8.818497, 41.554794], [-8.8221, 41.547542], [-8.821965, 41.534907], [-8.815926, 41.525624], [-8.81063, 41.5101], [-8.813279, 41.503483], [-8.812636, 41.496944], [-8.804699, 41.482068], [-8.798552, 41.474753], [-8.801539, 41.446847], [-8.761051, 41.429628], [-8.69757, 41.407167], [-8.685629, 41.402203], [-8.673706, 41.394254], [-8.667952, 41.384359], [-8.665491, 41.366337], [-8.662172, 41.35732], [-8.650045, 41.345206], [-8.638125, 41.339279], [-8.626186, 41.336935], [-8.590327, 41.337675], [-8.578383, 41.336487], [-8.566469, 41.330893], [-8.558681, 41.320939], [-8.55742, 41.311926], [-8.560165, 41.302929], [-8.575853, 41.284972], [-8.602742, 41.261387], [-8.620776, 41.24009], [-8.635107, 41.213113], [-8.639282, 41.196023], [-8.634946, 41.193341], [-8.632526, 41.188624], [-8.625658, 41.186628], [-8.621132, 41.178994], [-8.613374, 41.177451], [-8.610116, 41.174989], [-8.618755, 41.195044], [-8.6205, 41.213065], [-8.615607, 41.231065], [-8.602813, 41.249611], [-8.590811, 41.260322], [-8.578824, 41.268045], [-8.554874, 41.278723], [-8.53095, 41.284566], [-8.483131, 41.291106], [-8.473863, 41.293559], [-8.469431, 41.302546], [-8.475506, 41.32059], [-8.490701, 41.347681], [-8.506437, 41.368055], [-8.518315, 41.378816], [-8.542129, 41.393593], [-8.554055, 41.398873], [-8.577933, 41.406214], [-8.606558, 41.411189], [-8.661621, 41.417991], [-8.697483, 41.425811], [-8.729845, 41.438567], [-8.757576, 41.456644], [-8.76771, 41.465672], [-8.783228, 41.483717], [-8.794078, 41.501752], [-8.801365, 41.51978], [-8.805244, 41.537801], [-8.806098, 41.555817], [-8.803761, 41.573828], [-8.794988, 41.598587]], [[-8.625934, 41.381036], [-8.612695, 41.375179], [-8.607637, 41.366154], [-8.609796, 41.357154], [-8.624268, 41.348194], [-8.638072, 41.348739], [-8.649458, 41.357282], [-8.649921, 41.368339], [-8.637902, 41.37946], [-8.625934, 41.381036]]], [[[-8.28401, 41.316341], [-8.29357, 41.427708], [-8.297427, 41.445746], [-8.302749, 41.454786], [-8.314145, 41.461222], [-8.338061, 41.464313], [-8.349996, 41.468328], [-8.362381, 41.482154], [-8.362783, 41.491164], [-8.357642, 41.500143], [-8.349604, 41.507502], [-8.32272, 41.517957], [-8.314538, 41.526916], [-8.312028, 41.535908], [-8.31256, 41.553926], [-8.320614, 41.580996], [-8.329673, 41.599063], [-8.344686, 41.617164], [-8.359053, 41.626252], [-8.384324, 41.63703], [-8.396267, 41.643776], [-8.408564, 41.653539], [-8.416568, 41.662587], [-8.426001, 41.680649], [-8.436995, 41.714213], [-8.441632, 41.713975], [-8.4446, 41.70654], [-8.453868, 41.697961], [-8.453255, 41.695487], [-8.461659, 41.694563], [-8.467939, 41.689593], [-8.47573, 41.686495], [-8.456007, 41.679428], [-8.432093, 41.66628], [-8.387608, 41.626408], [-8.376501, 41.608334], [-8.373682, 41.590304], [-8.374904, 41.554282], [-8.372618, 41.527247], [-8.375665, 41.491234], [-8.373864, 41.477003], [-8.362132, 41.45198], [-8.350269, 41.441015], [-8.326496, 41.424739], [-8.314661, 41.412169], [-8.308239, 41.400774], [-8.3028, 41.382726], [-8.301314, 41.364702], [-8.303399, 41.346312], [-8.310408, 41.327558], [-8.307502, 41.325762], [-8.305116, 41.326891], [-8.303024, 41.325994], [-8.303615, 41.323742], [-8.301216, 41.319694], [-8.296431, 41.316774], [-8.297618, 41.313846], [-8.296116, 41.310022], [-8.292241, 41.312504], [-8.288361, 41.312959], [-8.28401, 41.316341]]], [[[-8.602298, 41.164216], [-8.608874, 41.173128], [-8.604942, 41.164881], [-8.602298, 41.164216]]], [[[-8.609666, 41.174315], [-8.609666, 41.174315], [-8.609777, 41.174482], [-8.609666, 41.174315]]], [[[-8.609816, 41.17454], [-8.609816, 41.17454], [-8.610079, 41.174933], [-8.609816, 41.17454]]], [[[-8.305623, 41.758152], [-8.30963, 41.752065], [-8.307788, 41.743047], [-8.299201, 41.736291], [-8.287206, 41.733535], [-8.275143, 41.736984], [-8.268731, 41.742805], [-8.266533, 41.751798], [-8.272168, 41.760841], [-8.278924, 41.764086], [-8.284038, 41.761109], [-8.284931, 41.757507], [-8.287033, 41.756829], [-8.298457, 41.757263], [-8.300866, 41.758835], [-8.305623, 41.758152]]], [[[-8.145709, 41.705929], [-8.143296, 41.704628], [-8.131274, 41.704819], [-8.127899, 41.714802], [-8.131091, 41.71842], [-8.143125, 41.717504], [-8.14651, 41.714942], [-8.145709, 41.705929]]], [[[-8.132293, 41.628932], [-8.127579, 41.633736], [-8.132166, 41.638454], [-8.141614, 41.633842], [-8.132293, 41.628932]]], [[[-8.096344, 41.624211], [-8.104531, 41.615544], [-8.099775, 41.6065], [-8.096621, 41.604371], [-8.084633, 41.603484], [-8.080008, 41.606344], [-8.074812, 41.615309], [-8.083098, 41.624383], [-8.096344, 41.624211]]], [[[-8.469104, 41.547561], [-8.470218, 41.545753], [-8.466863, 41.53673], [-8.457249, 41.531337], [-8.445264, 41.531102], [-8.433807, 41.536572], [-8.429165, 41.545557], [-8.436257, 41.554599], [-8.445036, 41.557797], [-8.457033, 41.557256], [-8.469104, 41.547561]]], [[[-8.09867, 41.543456], [-8.109451, 41.544002], [-8.121522, 41.537959], [-8.124456, 41.534633], [-8.124943, 41.525629], [-8.113257, 41.516533], [-8.109841, 41.515562], [-8.097858, 41.515486], [-8.089996, 41.519883], [-8.090594, 41.522169], [-8.093588, 41.52307], [-8.09209, 41.524645], [-8.092385, 41.532749], [-8.095978, 41.534325], [-8.098073, 41.538152], [-8.106759, 41.543106], [-8.09867, 41.543456]]], [[[-8.69851, 41.203303], [-8.701328, 41.195288], [-8.698568, 41.190606], [-8.686662, 41.186749], [-8.675741, 41.195218], [-8.681755, 41.204243], [-8.686572, 41.205685], [-8.69851, 41.203303]]]]}}, {"id": "6", "type": "Feature", "properties": {"fill": "#e79f24", "value_min": -2.0, "value_max": -1.67}, "geometry": {"type": "MultiPolygon", "coordinates": [[[[-7.864604, 41.832506], [-7.876688, 41.83015], [-7.888869, 41.822138], [-7.894519, 41.811869], [-7.894246, 41.80286], [-7.889333, 41.795291], [-7.877409, 41.788855], [-7.865387, 41.788131], [-7.853322, 41.789836], [-7.842825, 41.793346], [-7.831643, 41.80224], [-7.831078, 41.811241], [-7.835711, 41.820295], [-7.848834, 41.829434], [-7.864604, 41.832506]], [[-7.864705, 41.82678], [-7.850342, 41.820442], [-7.846115, 41.811393], [-7.850422, 41.802429], [-7.85313, 41.800584], [-7.86525, 41.795912], [-7.877273, 41.796645], [-7.886131, 41.802781], [-7.889502, 41.811821], [-7.883722, 41.820771], [-7.876771, 41.825382], [-7.864705, 41.82678]]], [[[-7.736187, 41.823554], [-7.768546, 41.817601], [-7.788271, 41.810797], [-7.801509, 41.801929], [-7.80721, 41.792982], [-7.808575, 41.783989], [-7.807343, 41.77497], [-7.798719, 41.738853], [-7.793542, 41.729791], [-7.78373, 41.721882], [-7.78252, 41.723546], [-7.776204, 41.724652], [-7.773786, 41.727346], [-7.770798, 41.72441], [-7.765698, 41.723044], [-7.761765, 41.727758], [-7.763239, 41.732714], [-7.75954, 41.739004], [-7.773015, 41.747588], [-7.787041, 41.76575], [-7.790398, 41.783799], [-7.78828, 41.792784], [-7.781564, 41.801719], [-7.76823, 41.810584], [-7.744473, 41.817254], [-7.729953, 41.818646], [-7.736187, 41.823554]]], [[[-7.937445, 41.797198], [-7.949482, 41.797169], [-7.955228, 41.794424], [-7.957698, 41.785439], [-7.949811, 41.777003], [-7.937789, 41.776363], [-7.927911, 41.785165], [-7.930525, 41.794196], [-7.937445, 41.797198]]], [[[-7.937945, 41.766921], [-7.94998, 41.766667], [-7.953446, 41.75838], [-7.950181, 41.754298], [-7.938175, 41.752965], [-7.932474, 41.758187], [-7.937945, 41.766921]]], [[[-7.817499, 41.715094], [-7.820581, 41.721065], [-7.83726, 41.730242], [-7.866264, 41.73833], [-7.89015, 41.747894], [-7.902123, 41.751067], [-7.914168, 41.750066], [-7.926265, 41.745886], [-7.936623, 41.731205], [-7.938986, 41.72222], [-7.936887, 41.704186], [-7.931538, 41.69513], [-7.91533, 41.68099], [-7.903403, 41.675811], [-7.882376, 41.671812], [-7.877044, 41.676077], [-7.876723, 41.681253], [-7.873401, 41.686198], [-7.868896, 41.686413], [-7.868008, 41.68326], [-7.864403, 41.683701], [-7.864096, 41.685276], [-7.858987, 41.68639], [-7.857773, 41.689538], [-7.854776, 41.68818], [-7.847538, 41.695365], [-7.837309, 41.699391], [-7.835792, 41.702763], [-7.839682, 41.705924], [-7.838465, 41.709522], [-7.832453, 41.710407], [-7.825252, 41.708813], [-7.817499, 41.715094]], [[-7.890267, 41.741125], [-7.878315, 41.736876], [-7.867231, 41.730542], [-7.861886, 41.721482], [-7.866697, 41.713707], [-7.87194, 41.69456], [-7.879164, 41.688041], [-7.891229, 41.685178], [-7.903224, 41.68634], [-7.915163, 41.690929], [-7.926989, 41.702376], [-7.931414, 41.713143], [-7.930558, 41.722142], [-7.924999, 41.731097], [-7.914356, 41.738893], [-7.902271, 41.742372], [-7.890267, 41.741125]]], [[[-8.794988, 41.598587], [-8.803761, 41.573828], [-8.806098, 41.555817], [-8.805244, 41.537801], [-8.801365, 41.51978], [-8.794078, 41.501752], [-8.783228, 41.483717], [-8.76771, 41.465672], [-8.757576, 41.456644], [-8.729845, 41.438567], [-8.697483, 41.425811], [-8.661621, 41.417991], [-8.606558, 41.411189], [-8.577933, 41.406214], [-8.554055, 41.398873], [-8.542129, 41.393593], [-8.518315, 41.378816], [-8.506437, 41.368055], [-8.490701, 41.347681], [-8.475506, 41.32059], [-8.469431, 41.302546], [-8.473863, 41.293559], [-8.483131, 41.291106], [-8.53095, 41.284566], [-8.554874, 41.278723], [-8.578824, 41.268045], [-8.590811, 41.260322], [-8.602813, 41.249611], [-8.615607, 41.231065], [-8.6205, 41.213065], [-8.618755, 41.195044], [-8.610116, 41.174989], [-8.610079, 41.174933], [-8.609816, 41.17454], [-8.609777, 41.174482], [-8.609666, 41.174315], [-8.608874, 41.173128], [-8.602298, 41.164216], [-8.59422, 41.165149], [-8.589766, 41.167193], [-8.589194, 41.170572], [-8.584154, 41.174044], [-8.591318, 41.178997], [-8.603154, 41.193348], [-8.60782, 41.204015], [-8.609408, 41.213028], [-8.606057, 41.231033], [-8.600585, 41.240022], [-8.590876, 41.249964], [-8.578891, 41.257596], [-8.566921, 41.262617], [-8.554965, 41.265337], [-8.531085, 41.265788], [-8.519163, 41.26354], [-8.504434, 41.257664], [-8.49139, 41.248599], [-8.48441, 41.240219], [-8.476346, 41.237818], [-8.475756, 41.23917], [-8.470986, 41.23941], [-8.471604, 41.243459], [-8.469227, 41.245267], [-8.463258, 41.244384], [-8.459989, 41.246644], [-8.454323, 41.246886], [-8.455541, 41.251834], [-8.452276, 41.25522], [-8.449891, 41.255452], [-8.449304, 41.257479], [-8.447812, 41.257258], [-8.449028, 41.261982], [-8.439785, 41.262907], [-8.438023, 41.268989], [-8.434745, 41.269673], [-8.432691, 41.277107], [-8.427032, 41.279372], [-8.429143, 41.284319], [-8.426171, 41.287028], [-8.426488, 41.291079], [-8.425013, 41.294909], [-8.422037, 41.296942], [-8.422647, 41.299867], [-8.407744, 41.304856], [-8.406262, 41.307335], [-8.402979, 41.307568], [-8.401801, 41.311398], [-8.399712, 41.311628], [-8.400316, 41.313202], [-8.396738, 41.314336], [-8.398835, 41.316131], [-8.393775, 41.31997], [-8.393488, 41.322748], [-8.409474, 41.329277], [-8.421836, 41.338348], [-8.429859, 41.347395], [-8.434704, 41.356427], [-8.439691, 41.374467], [-8.436493, 41.410481], [-8.44448, 41.419528], [-8.458125, 41.426333], [-8.475205, 41.437687], [-8.484665, 41.446737], [-8.505865, 41.473853], [-8.517539, 41.48368], [-8.529467, 41.490694], [-8.541417, 41.494844], [-8.55339, 41.495967], [-8.565382, 41.494186], [-8.577392, 41.489676], [-8.589417, 41.482342], [-8.614503, 41.456253], [-8.625551, 41.447774], [-8.637554, 41.442171], [-8.649541, 41.439126], [-8.661517, 41.437873], [-8.685446, 41.44013], [-8.705462, 41.447514], [-8.719004, 41.456556], [-8.72762, 41.465584], [-8.736342, 41.483619], [-8.737738, 41.49263], [-8.735704, 41.51064], [-8.728498, 41.528638], [-8.710626, 41.555617], [-8.696809, 41.570554], [-8.677411, 41.586601], [-8.684455, 41.586117], [-8.685608, 41.58071], [-8.697261, 41.576376], [-8.701703, 41.570277], [-8.707704, 41.570923], [-8.712485, 41.569323], [-8.716422, 41.573805], [-8.720316, 41.57356], [-8.725151, 41.577811], [-8.726633, 41.576003], [-8.734424, 41.575737], [-8.736564, 41.580228], [-8.738354, 41.579318], [-8.740778, 41.582006], [-8.74467, 41.581535], [-8.750711, 41.58623], [-8.75993, 41.578527], [-8.767441, 41.580286], [-8.769874, 41.583874], [-8.768997, 41.58613], [-8.773228, 41.589482], [-8.774165, 41.593303], [-8.78556, 41.593464], [-8.794988, 41.598587]]], [[[-8.310408, 41.327558], [-8.303399, 41.346312], [-8.301314, 41.364702], [-8.3028, 41.382726], [-8.308239, 41.400774], [-8.314661, 41.412169], [-8.326496, 41.424739], [-8.350269, 41.441015], [-8.362132, 41.45198], [-8.373864, 41.477003], [-8.375665, 41.491234], [-8.372618, 41.527247], [-8.374904, 41.554282], [-8.373682, 41.590304], [-8.376501, 41.608334], [-8.387608, 41.626408], [-8.432093, 41.66628], [-8.456007, 41.679428], [-8.47573, 41.686495], [-8.482012, 41.682123], [-8.484371, 41.674238], [-8.49308, 41.674886], [-8.499963, 41.671038], [-8.50927, 41.671233], [-8.51018, 41.672806], [-8.511967, 41.670324], [-8.509856, 41.668755], [-8.51702, 41.661979], [-8.520614, 41.660659], [-8.480141, 41.666422], [-8.456129, 41.664933], [-8.444145, 41.661725], [-8.432179, 41.656544], [-8.420243, 41.648206], [-8.407231, 41.635518], [-8.400922, 41.626478], [-8.398197, 41.617457], [-8.398282, 41.60845], [-8.401372, 41.599459], [-8.408768, 41.589891], [-8.420838, 41.581761], [-8.456917, 41.571121], [-8.468969, 41.564063], [-8.478446, 41.554798], [-8.484235, 41.545817], [-8.484643, 41.536811], [-8.474204, 41.527757], [-8.457348, 41.519517], [-8.445378, 41.517809], [-8.421387, 41.520268], [-8.409415, 41.518866], [-8.397489, 41.512508], [-8.38953, 41.500316], [-8.38533, 41.482279], [-8.385998, 41.460297], [-8.393243, 41.437284], [-8.39119, 41.428266], [-8.350513, 41.416473], [-8.338601, 41.411149], [-8.325009, 41.400874], [-8.318234, 41.391826], [-8.312772, 41.373779], [-8.315072, 41.355777], [-8.323254, 41.341718], [-8.316788, 41.335876], [-8.313802, 41.336331], [-8.310408, 41.327558]], [[-8.469104, 41.547561], [-8.457033, 41.557256], [-8.445036, 41.557797], [-8.436257, 41.554599], [-8.429165, 41.545557], [-8.433807, 41.536572], [-8.445264, 41.531102], [-8.457249, 41.531337], [-8.466863, 41.53673], [-8.470218, 41.545753], [-8.469104, 41.547561]]], [[[-8.323672, 41.341177], [-8.323672, 41.341177], [-8.323777, 41.341042], [-8.323672, 41.341177]]], [[[-8.520914, 41.6606], [-8.520914, 41.6606], [-8.520835, 41.660616], [-8.520914, 41.6606]]], [[[-8.625934, 41.381036], [-8.637902, 41.37946], [-8.649921, 41.368339], [-8.649458, 41.357282], [-8.638072, 41.348739], [-8.624268, 41.348194], [-8.609796, 41.357154], [-8.607637, 41.366154], [-8.612695, 41.375179], [-8.625934, 41.381036]]]]}}, {"id": "5", "type": "Feature", "properties": {"fill": "#ea870e", "value_min": -2.33, "value_max": -2.0}, "geometry": {"type": "MultiPolygon", "coordinates": [[[[-7.864705, 41.82678], [-7.876771, 41.825382], [-7.883722, 41.820771], [-7.889502, 41.811821], [-7.886131, 41.802781], [-7.877273, 41.796645], [-7.86525, 41.795912], [-7.85313, 41.800584], [-7.850422, 41.802429], [-7.846115, 41.811393], [-7.850342, 41.820442], [-7.864705, 41.82678]], [[-7.863706, 41.820575], [-7.856847, 41.8115], [-7.865136, 41.802376], [-7.877164, 41.802909], [-7.882839, 41.811756], [-7.876856, 41.820528], [-7.863706, 41.820575]]], [[[-7.729953, 41.818646], [-7.744473, 41.817254], [-7.76823, 41.810584], [-7.781564, 41.801719], [-7.78828, 41.792784], [-7.790398, 41.783799], [-7.787041, 41.76575], [-7.773015, 41.747588], [-7.75954, 41.739004], [-7.75689, 41.739446], [-7.758687, 41.740577], [-7.757758, 41.745301], [-7.750526, 41.748465], [-7.75779, 41.75113], [-7.765508, 41.756514], [-7.774352, 41.765616], [-7.778636, 41.774668], [-7.779566, 41.783685], [-7.777301, 41.792667], [-7.769983, 41.801596], [-7.756672, 41.809035], [-7.744569, 41.812321], [-7.72788, 41.813299], [-7.729953, 41.818646]]], [[[-7.890267, 41.741125], [-7.902271, 41.742372], [-7.914356, 41.738893], [-7.924999, 41.731097], [-7.930558, 41.722142], [-7.931414, 41.713143], [-7.926989, 41.702376], [-7.915163, 41.690929], [-7.903224, 41.68634], [-7.891229, 41.685178], [-7.879164, 41.688041], [-7.87194, 41.69456], [-7.866697, 41.713707], [-7.861886, 41.721482], [-7.867231, 41.730542], [-7.878315, 41.736876], [-7.890267, 41.741125]], [[-7.902364, 41.736941], [-7.890347, 41.736458], [-7.878412, 41.731311], [-7.870446, 41.721566], [-7.871999, 41.712575], [-7.878948, 41.700437], [-7.891086, 41.693506], [-7.903101, 41.693624], [-7.91503, 41.698855], [-7.920374, 41.704032], [-7.924532, 41.713078], [-7.923519, 41.722076], [-7.916042, 41.731012], [-7.902364, 41.736941]]], [[[-8.323254, 41.341718], [-8.315072, 41.355777], [-8.312772, 41.373779], [-8.318234, 41.391826], [-8.325009, 41.400874], [-8.338601, 41.411149], [-8.350513, 41.416473], [-8.39119, 41.428266], [-8.393243, 41.437284], [-8.385998, 41.460297], [-8.38533, 41.482279], [-8.38953, 41.500316], [-8.397489, 41.512508], [-8.409415, 41.518866], [-8.421387, 41.520268], [-8.445378, 41.517809], [-8.457348, 41.519517], [-8.474204, 41.527757], [-8.484643, 41.536811], [-8.484235, 41.545817], [-8.478446, 41.554798], [-8.468969, 41.564063], [-8.456917, 41.571121], [-8.420838, 41.581761], [-8.408768, 41.589891], [-8.401372, 41.599459], [-8.398282, 41.60845], [-8.398197, 41.617457], [-8.400922, 41.626478], [-8.407231, 41.635518], [-8.420243, 41.648206], [-8.432179, 41.656544], [-8.444145, 41.661725], [-8.456129, 41.664933], [-8.480141, 41.666422], [-8.520614, 41.660659], [-8.520835, 41.660616], [-8.520914, 41.6606], [-8.522103, 41.658811], [-8.525706, 41.659023], [-8.527769, 41.652714], [-8.534066, 41.652017], [-8.537355, 41.64998], [-8.537634, 41.646602], [-8.543876, 41.637352], [-8.543855, 41.633976], [-8.536342, 41.631977], [-8.535132, 41.630406], [-8.53869, 41.623725], [-8.51645, 41.629934], [-8.480268, 41.650579], [-8.468229, 41.654172], [-8.45621, 41.655278], [-8.444214, 41.653669], [-8.432241, 41.649507], [-8.425021, 41.644616], [-8.415287, 41.635559], [-8.410708, 41.626529], [-8.410129, 41.617519], [-8.413756, 41.60853], [-8.420662, 41.601441], [-8.432719, 41.594956], [-8.456764, 41.589337], [-8.46882, 41.582253], [-8.493043, 41.552781], [-8.505107, 41.543306], [-8.517133, 41.538359], [-8.529134, 41.536621], [-8.553092, 41.539216], [-8.569692, 41.546168], [-8.580576, 41.555216], [-8.585545, 41.564241], [-8.58652, 41.582259], [-8.583706, 41.591257], [-8.577797, 41.600242], [-8.56873, 41.609216], [-8.556004, 41.616825], [-8.562639, 41.61635], [-8.568056, 41.619031], [-8.570735, 41.616095], [-8.577321, 41.614269], [-8.581231, 41.615829], [-8.585766, 41.620988], [-8.591462, 41.620515], [-8.596534, 41.616668], [-8.601628, 41.615972], [-8.603996, 41.611686], [-8.613256, 41.606696], [-8.619881, 41.610269], [-8.621338, 41.604636], [-8.628833, 41.604378], [-8.636302, 41.600744], [-8.639873, 41.597352], [-8.640152, 41.59465], [-8.645536, 41.593051], [-8.646744, 41.594171], [-8.649125, 41.591909], [-8.656622, 41.5921], [-8.660788, 41.588255], [-8.663794, 41.589141], [-8.665265, 41.585758], [-8.66948, 41.587989], [-8.677411, 41.586601], [-8.696809, 41.570554], [-8.710626, 41.555617], [-8.728498, 41.528638], [-8.735704, 41.51064], [-8.737738, 41.49263], [-8.736342, 41.483619], [-8.72762, 41.465584], [-8.719004, 41.456556], [-8.705462, 41.447514], [-8.685446, 41.44013], [-8.661517, 41.437873], [-8.649541, 41.439126], [-8.637554, 41.442171], [-8.625551, 41.447774], [-8.614503, 41.456253], [-8.589417, 41.482342], [-8.577392, 41.489676], [-8.565382, 41.494186], [-8.55339, 41.495967], [-8.541417, 41.494844], [-8.529467, 41.490694], [-8.517539, 41.48368], [-8.505865, 41.473853], [-8.484665, 41.446737], [-8.475205, 41.437687], [-8.458125, 41.426333], [-8.44448, 41.419528], [-8.436493, 41.410481], [-8.439691, 41.374467], [-8.434704, 41.356427], [-8.429859, 41.347395], [-8.421836, 41.338348], [-8.409474, 41.329277], [-8.393488, 41.322748], [-8.391105, 41.324253], [-8.386325, 41.323588], [-8.380382, 41.331254], [-8.375305, 41.33104], [-8.37201, 41.328346], [-8.361563, 41.329718], [-8.358276, 41.329049], [-8.357673, 41.327249], [-8.350207, 41.327264], [-8.346032, 41.328847], [-8.342462, 41.333131], [-8.333215, 41.336299], [-8.326363, 41.342163], [-8.323777, 41.341042], [-8.323672, 41.341177], [-8.323254, 41.341718]], [[-8.624984, 41.546004], [-8.613003, 41.54456], [-8.602315, 41.537278], [-8.599306, 41.528261], [-8.602588, 41.519265], [-8.613207, 41.51034], [-8.635383, 41.501358], [-8.631847, 41.483332], [-8.63336, 41.47433], [-8.638938, 41.46534], [-8.649441, 41.457626], [-8.661434, 41.45396], [-8.673407, 41.453813], [-8.685366, 41.456867], [-8.698084, 41.46551], [-8.703483, 41.474532], [-8.70436, 41.483542], [-8.701123, 41.492541], [-8.697149, 41.49759], [-8.685127, 41.506239], [-8.66113, 41.512236], [-8.652901, 41.519427], [-8.651333, 41.52843], [-8.645409, 41.537419], [-8.636991, 41.543065], [-8.624984, 41.546004]], [[-8.43349, 41.506768], [-8.421503, 41.507272], [-8.409549, 41.50409], [-8.397676, 41.492268], [-8.394745, 41.482329], [-8.395461, 41.473325], [-8.399676, 41.46434], [-8.409995, 41.454891], [-8.422009, 41.450276], [-8.433985, 41.449895], [-8.44593, 41.452997], [-8.461542, 41.464646], [-8.466156, 41.473675], [-8.466474, 41.482684], [-8.462307, 41.491672], [-8.451327, 41.500628], [-8.43349, 41.506768]], [[-8.37455, 41.405506], [-8.362585, 41.405704], [-8.350644, 41.403353], [-8.338737, 41.397756], [-8.326907, 41.384921], [-8.323562, 41.373843], [-8.324435, 41.36484], [-8.327181, 41.358323], [-8.337141, 41.346899], [-8.351277, 41.339649], [-8.363249, 41.337615], [-8.375195, 41.338202], [-8.387116, 41.341418], [-8.397203, 41.347229], [-8.406138, 41.356283], [-8.410139, 41.365311], [-8.410951, 41.374323], [-8.408856, 41.38332], [-8.402901, 41.392297], [-8.389562, 41.401234], [-8.37455, 41.405506]]], [[[-8.48441, 41.240219], [-8.49139, 41.248599], [-8.504434, 41.257664], [-8.519163, 41.26354], [-8.531085, 41.265788], [-8.554965, 41.265337], [-8.566921, 41.262617], [-8.578891, 41.257596], [-8.590876, 41.249964], [-8.600585, 41.240022], [-8.606057, 41.231033], [-8.609408, 41.213028], [-8.60782, 41.204015], [-8.603154, 41.193348], [-8.591318, 41.178997], [-8.584154, 41.174044], [-8.582094, 41.177803], [-8.578825, 41.178941], [-8.580373, 41.187539], [-8.591209, 41.196492], [-8.596175, 41.203975], [-8.599242, 41.212993], [-8.599397, 41.222002], [-8.596552, 41.231], [-8.590943, 41.23916], [-8.57895, 41.248439], [-8.566983, 41.253273], [-8.555033, 41.255299], [-8.543098, 41.255036], [-8.53118, 41.25242], [-8.519286, 41.246742], [-8.510457, 41.239674], [-8.504162, 41.230639], [-8.501755, 41.222883], [-8.495642, 41.222227], [-8.495947, 41.223351], [-8.490894, 41.226294], [-8.487935, 41.230354], [-8.490331, 41.232373], [-8.489156, 41.235528], [-8.486181, 41.236888], [-8.48441, 41.240219]]], [[[-8.501432, 41.217031], [-8.501472, 41.21433], [-8.500076, 41.21546], [-8.501432, 41.217031]]]]}}, {"id": "4", "type": "Feature", "properties": {"fill": "#d75e13", "value_min": -2.67, "value_max": -2.33}, "geometry": {"type": "MultiPolygon", "coordinates": [[[[-7.863706, 41.820575], [-7.876856, 41.820528], [-7.882839, 41.811756], [-7.877164, 41.802909], [-7.865136, 41.802376], [-7.856847, 41.8115], [-7.863706, 41.820575]]], [[[-7.72788, 41.813299], [-7.744569, 41.812321], [-7.756672, 41.809035], [-7.769983, 41.801596], [-7.777301, 41.792667], [-7.779566, 41.783685], [-7.778636, 41.774668], [-7.774352, 41.765616], [-7.765508, 41.756514], [-7.75779, 41.75113], [-7.750526, 41.748465], [-7.747812, 41.749995], [-7.747786, 41.754496], [-7.745974, 41.755788], [-7.757603, 41.76084], [-7.7632, 41.765496], [-7.769377, 41.774186], [-7.771375, 41.783597], [-7.768534, 41.792574], [-7.756785, 41.803186], [-7.744666, 41.807344], [-7.727914, 41.807823], [-7.72788, 41.813299]]], [[[-7.902364, 41.736941], [-7.916042, 41.731012], [-7.923519, 41.722076], [-7.924532, 41.713078], [-7.920374, 41.704032], [-7.91503, 41.698855], [-7.903101, 41.693624], [-7.891086, 41.693506], [-7.878948, 41.700437], [-7.871999, 41.712575], [-7.870446, 41.721566], [-7.878412, 41.731311], [-7.890347, 41.736458], [-7.902364, 41.736941]], [[-7.890418, 41.732314], [-7.876259, 41.721623], [-7.877026, 41.712624], [-7.884311, 41.703688], [-7.890987, 41.699229], [-7.903008, 41.699094], [-7.914899, 41.706644], [-7.918786, 41.713024], [-7.917618, 41.72202], [-7.914583, 41.725405], [-7.902439, 41.732554], [-7.890418, 41.732314]]], [[[-8.556004, 41.616825], [-8.56873, 41.609216], [-8.577797, 41.600242], [-8.583706, 41.591257], [-8.58652, 41.582259], [-8.585545, 41.564241], [-8.580576, 41.555216], [-8.569692, 41.546168], [-8.553092, 41.539216], [-8.529134, 41.536621], [-8.517133, 41.538359], [-8.505107, 41.543306], [-8.493043, 41.552781], [-8.46882, 41.582253], [-8.456764, 41.589337], [-8.432719, 41.594956], [-8.420662, 41.601441], [-8.413756, 41.60853], [-8.410129, 41.617519], [-8.410708, 41.626529], [-8.415287, 41.635559], [-8.425021, 41.644616], [-8.432241, 41.649507], [-8.444214, 41.653669], [-8.45621, 41.655278], [-8.468229, 41.654172], [-8.480268, 41.650579], [-8.51645, 41.629934], [-8.53869, 41.623725], [-8.543431, 41.61462], [-8.554533, 41.615255], [-8.556004, 41.616825]], [[-8.444268, 41.647332], [-8.432297, 41.643068], [-8.42326, 41.6356], [-8.418796, 41.62657], [-8.420106, 41.617569], [-8.432621, 41.606169], [-8.444649, 41.603052], [-8.456647, 41.603291], [-8.473411, 41.608819], [-8.480413, 41.617858], [-8.481432, 41.62687], [-8.477642, 41.63586], [-8.468319, 41.643225], [-8.456277, 41.647378], [-8.444268, 41.647332]], [[-8.528631, 41.605883], [-8.516624, 41.606699], [-8.504636, 41.604975], [-8.492687, 41.598323], [-8.487276, 41.590867], [-8.485571, 41.581852], [-8.487504, 41.572853], [-8.493621, 41.563873], [-8.505017, 41.555035], [-8.517042, 41.550609], [-8.529035, 41.550279], [-8.543903, 41.555076], [-8.554795, 41.564126], [-8.559187, 41.573151], [-8.559099, 41.582158], [-8.554651, 41.591148], [-8.540659, 41.602037], [-8.528631, 41.605883]]], [[[-8.624984, 41.546004], [-8.636991, 41.543065], [-8.645409, 41.537419], [-8.651333, 41.52843], [-8.652901, 41.519427], [-8.66113, 41.512236], [-8.685127, 41.506239], [-8.697149, 41.49759], [-8.701123, 41.492541], [-8.70436, 41.483542], [-8.703483, 41.474532], [-8.698084, 41.46551], [-8.685366, 41.456867], [-8.673407, 41.453813], [-8.661434, 41.45396], [-8.649441, 41.457626], [-8.638938, 41.46534], [-8.63336, 41.47433], [-8.631847, 41.483332], [-8.635383, 41.501358], [-8.613207, 41.51034], [-8.602588, 41.519265], [-8.599306, 41.528261], [-8.602315, 41.537278], [-8.613003, 41.54456], [-8.624984, 41.546004]]], [[[-8.43349, 41.506768], [-8.451327, 41.500628], [-8.462307, 41.491672], [-8.466474, 41.482684], [-8.466156, 41.473675], [-8.461542, 41.464646], [-8.44593, 41.452997], [-8.433985, 41.449895], [-8.422009, 41.450276], [-8.409995, 41.454891], [-8.399676, 41.46434], [-8.395461, 41.473325], [-8.394745, 41.482329], [-8.397676, 41.492268], [-8.409549, 41.50409], [-8.421503, 41.507272], [-8.43349, 41.506768]], [[-8.421582, 41.498307], [-8.408044, 41.491406], [-8.404103, 41.482378], [-8.406242, 41.473382], [-8.409868, 41.468943], [-8.421896, 41.462993], [-8.433868, 41.463319], [-8.445783, 41.470329], [-8.44856, 41.473592], [-8.45017, 41.482607], [-8.444424, 41.491587], [-8.43357, 41.49754], [-8.421582, 41.498307]]], [[[-8.37455, 41.405506], [-8.389562, 41.401234], [-8.402901, 41.392297], [-8.408856, 41.38332], [-8.410951, 41.374323], [-8.410139, 41.365311], [-8.406138, 41.356283], [-8.397203, 41.347229], [-8.387116, 41.341418], [-8.375195, 41.338202], [-8.363249, 41.337615], [-8.351277, 41.339649], [-8.337141, 41.346899], [-8.327181, 41.358323], [-8.324435, 41.36484], [-8.323562, 41.373843], [-8.326907, 41.384921], [-8.338737, 41.397756], [-8.350644, 41.403353], [-8.362585, 41.405704], [-8.37455, 41.405506]], [[-8.362685, 41.395373], [-8.350746, 41.393056], [-8.338871, 41.38456], [-8.33462, 41.373907], [-8.336472, 41.36491], [-8.345018, 41.355952], [-8.351151, 41.352408], [-8.363127, 41.350169], [-8.375064, 41.35189], [-8.383492, 41.356164], [-8.391795, 41.365216], [-8.393549, 41.374233], [-8.390246, 41.383223], [-8.38669, 41.386787], [-8.374662, 41.393813], [-8.362685, 41.395373]]], [[[-8.501755, 41.222883], [-8.504162, 41.230639], [-8.510457, 41.239674], [-8.519286, 41.246742], [-8.53118, 41.25242], [-8.543098, 41.255036], [-8.555033, 41.255299], [-8.566983, 41.253273], [-8.57895, 41.248439], [-8.590943, 41.23916], [-8.596552, 41.231], [-8.599397, 41.222002], [-8.599242, 41.212993], [-8.596175, 41.203975], [-8.591209, 41.196492], [-8.580373, 41.187539], [-8.581296, 41.191762], [-8.575958, 41.195609], [-8.576874, 41.198874], [-8.583201, 41.203929], [-8.588747, 41.212956], [-8.589746, 41.221968], [-8.586215, 41.230963], [-8.576988, 41.239937], [-8.567042, 41.244365], [-8.555096, 41.246031], [-8.543172, 41.244444], [-8.532266, 41.239764], [-8.523064, 41.230719], [-8.519806, 41.221697], [-8.520691, 41.212693], [-8.526831, 41.203132], [-8.523236, 41.200077], [-8.51163, 41.203042], [-8.510456, 41.206197], [-8.505693, 41.207113], [-8.504239, 41.213646], [-8.501472, 41.21433], [-8.501432, 41.217031], [-8.50308, 41.219502], [-8.501755, 41.222883]]]]}}, {"id": "3", "type": "Feature", "properties": {"fill": "#c33119", "value_min": -3.0, "value_max": -2.67}, "geometry": {"type": "MultiPolygon", "coordinates": [[[[-7.727914, 41.807823], [-7.744666, 41.807344], [-7.756785, 41.803186], [-7.768534, 41.792574], [-7.771375, 41.783597], [-7.769377, 41.774186], [-7.7632, 41.765496], [-7.757603, 41.76084], [-7.745974, 41.755788], [-7.743866, 41.756509], [-7.743242, 41.760333], [-7.740223, 41.762375], [-7.74553, 41.763055], [-7.757426, 41.76998], [-7.761261, 41.774482], [-7.76381, 41.783516], [-7.760715, 41.79249], [-7.747469, 41.801353], [-7.732708, 41.803283], [-7.727048, 41.802083], [-7.727914, 41.807823]]], [[[-7.890418, 41.732314], [-7.902439, 41.732554], [-7.914583, 41.725405], [-7.917618, 41.72202], [-7.918786, 41.713024], [-7.914899, 41.706644], [-7.903008, 41.699094], [-7.890987, 41.699229], [-7.884311, 41.703688], [-7.877026, 41.712624], [-7.876259, 41.721623], [-7.890418, 41.732314]], [[-7.890487, 41.728326], [-7.88174, 41.721677], [-7.881945, 41.712672], [-7.890898, 41.704417], [-7.902921, 41.704191], [-7.912982, 41.71297], [-7.911765, 41.721965], [-7.90251, 41.728343], [-7.890487, 41.728326]]], [[[-8.444268, 41.647332], [-8.456277, 41.647378], [-8.468319, 41.643225], [-8.477642, 41.63586], [-8.481432, 41.62687], [-8.480413, 41.617858], [-8.473411, 41.608819], [-8.456647, 41.603291], [-8.444649, 41.603052], [-8.432621, 41.606169], [-8.420106, 41.617569], [-8.418796, 41.62657], [-8.42326, 41.6356], [-8.432297, 41.643068], [-8.444268, 41.647332]], [[-8.444325, 41.640793], [-8.432357, 41.636315], [-8.427032, 41.626611], [-8.432537, 41.61578], [-8.444574, 41.611691], [-8.456559, 41.613728], [-8.462837, 41.617777], [-8.466867, 41.626803], [-8.462298, 41.635789], [-8.456345, 41.639201], [-8.444325, 41.640793]]], [[[-8.528631, 41.605883], [-8.540659, 41.602037], [-8.554651, 41.591148], [-8.559099, 41.582158], [-8.559187, 41.573151], [-8.554795, 41.564126], [-8.543903, 41.555076], [-8.529035, 41.550279], [-8.517042, 41.550609], [-8.505017, 41.555035], [-8.493621, 41.563873], [-8.487504, 41.572853], [-8.485571, 41.581852], [-8.487276, 41.590867], [-8.492687, 41.598323], [-8.504636, 41.604975], [-8.516624, 41.606699], [-8.528631, 41.605883]], [[-8.516716, 41.594331], [-8.504749, 41.590202], [-8.49766, 41.581906], [-8.497414, 41.572897], [-8.504955, 41.56323], [-8.51698, 41.558857], [-8.528965, 41.559903], [-8.537004, 41.564056], [-8.543482, 41.573089], [-8.542454, 41.582092], [-8.528724, 41.592985], [-8.516716, 41.594331]]], [[[-8.421582, 41.498307], [-8.43357, 41.49754], [-8.444424, 41.491587], [-8.45017, 41.482607], [-8.44856, 41.473592], [-8.445783, 41.470329], [-8.433868, 41.463319], [-8.421896, 41.462993], [-8.409868, 41.468943], [-8.406242, 41.473382], [-8.404103, 41.482378], [-8.408044, 41.491406], [-8.421582, 41.498307]], [[-8.421662, 41.489327], [-8.415325, 41.482435], [-8.421299, 41.473458], [-8.433763, 41.475415], [-8.437457, 41.482546], [-8.43366, 41.487179], [-8.421662, 41.489327]]], [[[-8.362685, 41.395373], [-8.374662, 41.393813], [-8.38669, 41.386787], [-8.390246, 41.383223], [-8.393549, 41.374233], [-8.391795, 41.365216], [-8.383492, 41.356164], [-8.375064, 41.35189], [-8.363127, 41.350169], [-8.351151, 41.352408], [-8.345018, 41.355952], [-8.336472, 41.36491], [-8.33462, 41.373907], [-8.338871, 41.38456], [-8.350746, 41.393056], [-8.362685, 41.395373]], [[-8.356566, 41.383039], [-8.350883, 41.379368], [-8.348145, 41.373984], [-8.351001, 41.367494], [-8.354533, 41.365013], [-8.363004, 41.362738], [-8.370466, 41.365101], [-8.374898, 41.369181], [-8.377013, 41.374144], [-8.374813, 41.378142], [-8.368398, 41.383105], [-8.36279, 41.38463], [-8.356566, 41.383039]]], [[[-8.526831, 41.203132], [-8.520691, 41.212693], [-8.519806, 41.221697], [-8.523064, 41.230719], [-8.532266, 41.239764], [-8.543172, 41.244444], [-8.555096, 41.246031], [-8.567042, 41.244365], [-8.576988, 41.239937], [-8.586215, 41.230963], [-8.589746, 41.221968], [-8.588747, 41.212956], [-8.583201, 41.203929], [-8.576874, 41.198874], [-8.576894, 41.201908], [-8.574515, 41.202593], [-8.57423, 41.20462], [-8.568566, 41.204416], [-8.565899, 41.20674], [-8.574826, 41.212906], [-8.577914, 41.221925], [-8.571885, 41.230911], [-8.567111, 41.23387], [-8.555167, 41.235482], [-8.542274, 41.230797], [-8.53739, 41.221769], [-8.541783, 41.211048], [-8.532257, 41.213102], [-8.526831, 41.203132]]]]}}, {"id": "2", "type": "Feature", "properties": {"fill": "#ae1c1c", "value_min": -3.33, "value_max": -3.0}, "geometry": {"type": "MultiPolygon", "coordinates": [[[[-7.727048, 41.802083], [-7.732708, 41.803283], [-7.747469, 41.801353], [-7.760715, 41.79249], [-7.76381, 41.783516], [-7.761261, 41.774482], [-7.757426, 41.76998], [-7.74553, 41.763055], [-7.740223, 41.762375], [-7.739912, 41.764148], [-7.728143, 41.771286], [-7.73338, 41.769185], [-7.745383, 41.770585], [-7.75108, 41.774372], [-7.756183, 41.783434], [-7.751338, 41.792388], [-7.744885, 41.796151], [-7.732829, 41.797163], [-7.722594, 41.79289], [-7.728879, 41.797871], [-7.727048, 41.802083]]], [[[-7.726937, 41.77177], [-7.726937, 41.77177], [-7.726972, 41.771756], [-7.726937, 41.77177]]], [[[-7.890487, 41.728326], [-7.90251, 41.728343], [-7.911765, 41.721965], [-7.912982, 41.71297], [-7.902921, 41.704191], [-7.890898, 41.704417], [-7.881945, 41.712672], [-7.88174, 41.721677], [-7.890487, 41.728326]], [[-7.890554, 41.724429], [-7.887001, 41.721728], [-7.886807, 41.712719], [-7.890819, 41.709019], [-7.902835, 41.709236], [-7.90705, 41.712913], [-7.905962, 41.72191], [-7.90258, 41.724241], [-7.890554, 41.724429]]], [[[-8.444325, 41.640793], [-8.456345, 41.639201], [-8.462298, 41.635789], [-8.466867, 41.626803], [-8.462837, 41.617777], [-8.456559, 41.613728], [-8.444574, 41.611691], [-8.432537, 41.61578], [-8.427032, 41.626611], [-8.432357, 41.636315], [-8.444325, 41.640793]], [[-8.438745, 41.626669], [-8.444488, 41.621761], [-8.452463, 41.626735], [-8.444402, 41.63181], [-8.438745, 41.626669]]], [[[-8.516716, 41.594331], [-8.528724, 41.592985], [-8.542454, 41.582092], [-8.543482, 41.573089], [-8.537004, 41.564056], [-8.528965, 41.559903], [-8.51698, 41.558857], [-8.504955, 41.56323], [-8.497414, 41.572897], [-8.49766, 41.581906], [-8.504749, 41.590202], [-8.516716, 41.594331]], [[-8.512934, 41.581971], [-8.508694, 41.572946], [-8.516915, 41.567675], [-8.528877, 41.572049], [-8.528847, 41.576183], [-8.523889, 41.582017], [-8.516794, 41.583839], [-8.512934, 41.581971]]], [[[-8.421662, 41.489327], [-8.43366, 41.487179], [-8.437457, 41.482546], [-8.433763, 41.475415], [-8.421299, 41.473458], [-8.415325, 41.482435], [-8.421662, 41.489327]]], [[[-8.356566, 41.383039], [-8.36279, 41.38463], [-8.368398, 41.383105], [-8.374813, 41.378142], [-8.377013, 41.374144], [-8.374898, 41.369181], [-8.370466, 41.365101], [-8.363004, 41.362738], [-8.354533, 41.365013], [-8.351001, 41.367494], [-8.348145, 41.373984], [-8.350883, 41.379368], [-8.356566, 41.383039]]], [[[-8.541783, 41.211048], [-8.53739, 41.221769], [-8.542274, 41.230797], [-8.555167, 41.235482], [-8.567111, 41.23387], [-8.571885, 41.230911], [-8.577914, 41.221925], [-8.574826, 41.212906], [-8.565899, 41.20674], [-8.567697, 41.208246], [-8.566512, 41.209376], [-8.559636, 41.206251], [-8.554271, 41.20627], [-8.550116, 41.208987], [-8.544157, 41.209458], [-8.541783, 41.211048]]]]}}, {"id": "8", "type": "Feature", "properties": {"fill": "#b1a288", "value_min": -1.33, "value_max": -1.0}, "geometry": {"type": "MultiPolygon", "coordinates": [[[[-8.436995, 41.714213], [-8.426001, 41.680649], [-8.416568, 41.662587], [-8.408564, 41.653539], [-8.396267, 41.643776], [-8.384324, 41.63703], [-8.359053, 41.626252], [-8.344686, 41.617164], [-8.329673, 41.599063], [-8.320614, 41.580996], [-8.31256, 41.553926], [-8.312028, 41.535908], [-8.314538, 41.526916], [-8.32272, 41.517957], [-8.349604, 41.507502], [-8.357642, 41.500143], [-8.362783, 41.491164], [-8.362381, 41.482154], [-8.349996, 41.468328], [-8.338061, 41.464313], [-8.314145, 41.461222], [-8.302749, 41.454786], [-8.297427, 41.445746], [-8.29357, 41.427708], [-8.28401, 41.316341], [-8.281801, 41.316569], [-8.279132, 41.324451], [-8.272266, 41.32536], [-8.265709, 41.331221], [-8.269001, 41.334818], [-8.265724, 41.338798], [-8.274057, 41.355526], [-8.27849, 41.373569], [-8.278375, 41.391583], [-8.276416, 41.400578], [-8.266716, 41.419672], [-8.254596, 41.433052], [-8.228538, 41.454312], [-8.218304, 41.465173], [-8.206113, 41.482935], [-8.195023, 41.508127], [-8.190626, 41.526111], [-8.190713, 41.535118], [-8.194984, 41.544156], [-8.203113, 41.55322], [-8.252729, 41.595592], [-8.300149, 41.648911], [-8.312039, 41.660089], [-8.324016, 41.663273], [-8.336092, 41.656982], [-8.340334, 41.653168], [-8.348172, 41.650124], [-8.36022, 41.646202], [-8.372239, 41.645038], [-8.384231, 41.646736], [-8.39619, 41.65209], [-8.406047, 41.662534], [-8.408546, 41.671554], [-8.405444, 41.680545], [-8.395848, 41.688659], [-8.383782, 41.693843], [-8.371744, 41.696013], [-8.359726, 41.696038], [-8.323752, 41.688537], [-8.263272, 41.723486], [-8.252834, 41.733696], [-8.247334, 41.742667], [-8.245163, 41.75166], [-8.24584, 41.760671], [-8.254059, 41.776494], [-8.257551, 41.773564], [-8.261762, 41.774235], [-8.271366, 41.766346], [-8.278924, 41.764086], [-8.272168, 41.760841], [-8.266533, 41.751798], [-8.268731, 41.742805], [-8.275143, 41.736984], [-8.287206, 41.733535], [-8.299201, 41.736291], [-8.307788, 41.743047], [-8.30963, 41.752065], [-8.305623, 41.758152], [-8.311096, 41.762195], [-8.318308, 41.761283], [-8.325233, 41.765098], [-8.328234, 41.763292], [-8.336653, 41.763728], [-8.341756, 41.761468], [-8.344765, 41.762363], [-8.349267, 41.760103], [-8.352557, 41.755145], [-8.349814, 41.744122], [-8.352516, 41.743441], [-8.352203, 41.739616], [-8.357897, 41.735103], [-8.362407, 41.735994], [-8.368703, 41.73193], [-8.374122, 41.734845], [-8.384922, 41.73032], [-8.387032, 41.731891], [-8.393033, 41.729852], [-8.396942, 41.730518], [-8.400531, 41.726683], [-8.402934, 41.726452], [-8.404721, 41.722847], [-8.417349, 41.725067], [-8.41974, 41.722135], [-8.429643, 41.719859], [-8.430533, 41.717381], [-8.436995, 41.714213]]], [[[-7.742605, 41.834155], [-7.756225, 41.832146], [-7.780293, 41.833067], [-7.79819, 41.837922], [-7.816188, 41.845728], [-7.828173, 41.84908], [-7.840205, 41.849857], [-7.852277, 41.848381], [-7.864376, 41.845402], [-7.876511, 41.840247], [-7.888695, 41.832176], [-7.913264, 41.80359], [-7.937326, 41.804419], [-7.952554, 41.803406], [-7.970794, 41.794564], [-7.97845, 41.785626], [-7.984874, 41.767669], [-7.982532, 41.749634], [-7.966441, 41.72247], [-7.955559, 41.695351], [-7.945609, 41.677246], [-7.927813, 41.652743], [-7.909904, 41.63338], [-7.906014, 41.633147], [-7.906884, 41.641927], [-7.897869, 41.645511], [-7.89696, 41.647985], [-7.892759, 41.647976], [-7.892145, 41.651576], [-7.901723, 41.658833], [-7.91557, 41.666665], [-7.927427, 41.676048], [-7.939219, 41.689525], [-7.947139, 41.704281], [-7.952596, 41.731352], [-7.957615, 41.740404], [-7.965558, 41.749483], [-7.9694, 41.758524], [-7.967487, 41.785528], [-7.96287, 41.794493], [-7.949421, 41.800891], [-7.937377, 41.801318], [-7.915764, 41.794058], [-7.913477, 41.791013], [-7.908029, 41.793985], [-7.901207, 41.804753], [-7.899536, 41.811917], [-7.894493, 41.820875], [-7.888781, 41.827196], [-7.876603, 41.835014], [-7.864502, 41.838238], [-7.852447, 41.838866], [-7.840439, 41.836894], [-7.816538, 41.826771], [-7.804558, 41.823432], [-7.780472, 41.823612], [-7.739521, 41.828512], [-7.739494, 41.828517], [-7.738918, 41.82863], [-7.742605, 41.834155]]], [[[-7.853566, 41.776145], [-7.865585, 41.776912], [-7.877647, 41.775207], [-7.887448, 41.766767], [-7.885177, 41.757738], [-7.87265, 41.748609], [-7.866122, 41.746385], [-7.854096, 41.746371], [-7.847321, 41.748357], [-7.837743, 41.757268], [-7.838239, 41.76628], [-7.841644, 41.77], [-7.853566, 41.776145]]], [[[-8.010682, 41.730893], [-8.007312, 41.731837], [-8.010604, 41.735985], [-8.012371, 41.731881], [-8.010682, 41.730893]]], [[[-8.15379, 41.705988], [-8.143352, 41.700365], [-8.131309, 41.702221], [-8.127254, 41.70579], [-8.123475, 41.714768], [-8.131025, 41.723325], [-8.143042, 41.723726], [-8.154568, 41.715001], [-8.15379, 41.705988]], [[-8.145709, 41.705929], [-8.14651, 41.714942], [-8.143125, 41.717504], [-8.131091, 41.71842], [-8.127899, 41.714802], [-8.131274, 41.704819], [-8.143296, 41.704628], [-8.145709, 41.705929]]], [[[-8.156191, 41.637578], [-8.159349, 41.633973], [-8.158859, 41.624962], [-8.156409, 41.620875], [-8.144539, 41.61074], [-8.132604, 41.605782], [-8.120762, 41.594068], [-8.108887, 41.585096], [-8.096932, 41.582076], [-8.08491, 41.583869], [-8.07282, 41.590433], [-8.066432, 41.597227], [-8.062271, 41.6062], [-8.062878, 41.615212], [-8.07231, 41.626002], [-8.08425, 41.63057], [-8.108268, 41.630079], [-8.121733, 41.642698], [-8.132052, 41.646894], [-8.144067, 41.646406], [-8.152385, 41.642929], [-8.156191, 41.637578]], [[-8.132293, 41.628932], [-8.141614, 41.633842], [-8.132166, 41.638454], [-8.127579, 41.633736], [-8.132293, 41.628932]], [[-8.096344, 41.624211], [-8.083098, 41.624383], [-8.074812, 41.615309], [-8.080008, 41.606344], [-8.084633, 41.603484], [-8.096621, 41.604371], [-8.099775, 41.6065], [-8.104531, 41.615544], [-8.096344, 41.624211]]], [[[-8.081578, 41.562186], [-8.097119, 41.568637], [-8.109104, 41.569272], [-8.121121, 41.567575], [-8.133173, 41.56324], [-8.145251, 41.556754], [-8.151075, 41.552847], [-8.156976, 41.543883], [-8.156737, 41.534874], [-8.150539, 41.525821], [-8.136005, 41.516706], [-8.109927, 41.509329], [-8.0921, 41.508722], [-8.089996, 41.519883], [-8.097858, 41.515486], [-8.109841, 41.515562], [-8.113257, 41.516533], [-8.124943, 41.525629], [-8.124456, 41.534633], [-8.121522, 41.537959], [-8.109451, 41.544002], [-8.09867, 41.543456], [-8.094175, 41.544904], [-8.087885, 41.542876], [-8.083689, 41.544675], [-8.080687, 41.551651], [-8.074097, 41.549848], [-8.073494, 41.553449], [-8.075891, 41.554575], [-8.076188, 41.557276], [-8.079783, 41.558403], [-8.081578, 41.562186]]], [[[-8.810832, 41.419159], [-8.745432, 41.405897], [-8.721533, 41.399013], [-8.697656, 41.388568], [-8.685743, 41.378526], [-8.67178, 41.357347], [-8.661991, 41.346544], [-8.650084, 41.337856], [-8.638164, 41.332235], [-8.606345, 41.321111], [-8.594566, 41.312063], [-8.591132, 41.303043], [-8.591908, 41.294038], [-8.602072, 41.276058], [-8.638717, 41.231946], [-8.650699, 41.222627], [-8.662644, 41.219779], [-8.686502, 41.220334], [-8.698441, 41.21846], [-8.712692, 41.213332], [-8.723625, 41.204351], [-8.729101, 41.195356], [-8.731753, 41.177347], [-8.722745, 41.145761], [-8.674793, 41.146932], [-8.674849, 41.153767], [-8.672489, 41.15648], [-8.66117, 41.156307], [-8.662078, 41.158104], [-8.660313, 41.160813], [-8.657033, 41.160378], [-8.654961, 41.161963], [-8.653231, 41.169174], [-8.655366, 41.175467], [-8.647955, 41.180228], [-8.647696, 41.185181], [-8.641225, 41.196014], [-8.639282, 41.196023], [-8.635107, 41.213113], [-8.620776, 41.24009], [-8.602742, 41.261387], [-8.575853, 41.284972], [-8.560165, 41.302929], [-8.55742, 41.311926], [-8.558681, 41.320939], [-8.566469, 41.330893], [-8.578383, 41.336487], [-8.590327, 41.337675], [-8.626186, 41.336935], [-8.638125, 41.339279], [-8.650045, 41.345206], [-8.662172, 41.35732], [-8.665491, 41.366337], [-8.667952, 41.384359], [-8.673706, 41.394254], [-8.685629, 41.402203], [-8.69757, 41.407167], [-8.761051, 41.429628], [-8.801539, 41.446847], [-8.806115, 41.43713], [-8.807354, 41.425915], [-8.810832, 41.419159]], [[-8.69851, 41.203303], [-8.686572, 41.205685], [-8.681755, 41.204243], [-8.675741, 41.195218], [-8.686662, 41.186749], [-8.698568, 41.190606], [-8.701328, 41.195288], [-8.69851, 41.203303]]]]}}, {"id": "9", "type": "Feature", "properties": {"fill": "#a3a3a3", "value_min": -1.0, "value_max": -0.67}, "geometry": {"type": "MultiPolygon", "coordinates": [[[[-8.254059, 41.776494], [-8.24584, 41.760671], [-8.245163, 41.75166], [-8.247334, 41.742667], [-8.252834, 41.733696], [-8.263272, 41.723486], [-8.323752, 41.688537], [-8.359726, 41.696038], [-8.371744, 41.696013], [-8.383782, 41.693843], [-8.395848, 41.688659], [-8.405444, 41.680545], [-8.408546, 41.671554], [-8.406047, 41.662534], [-8.39619, 41.65209], [-8.384231, 41.646736], [-8.372239, 41.645038], [-8.36022, 41.646202], [-8.348172, 41.650124], [-8.340334, 41.653168], [-8.336092, 41.656982], [-8.324016, 41.663273], [-8.312039, 41.660089], [-8.300149, 41.648911], [-8.252729, 41.595592], [-8.203113, 41.55322], [-8.194984, 41.544156], [-8.190713, 41.535118], [-8.190626, 41.526111], [-8.195023, 41.508127], [-8.206113, 41.482935], [-8.218304, 41.465173], [-8.228538, 41.454312], [-8.254596, 41.433052], [-8.266716, 41.419672], [-8.276416, 41.400578], [-8.278375, 41.391583], [-8.27849, 41.373569], [-8.274057, 41.355526], [-8.265724, 41.338798], [-8.263339, 41.340902], [-8.262751, 41.345405], [-8.256483, 41.347663], [-8.254098, 41.350221], [-8.264006, 41.36447], [-8.266894, 41.373496], [-8.2657, 41.391503], [-8.261206, 41.400482], [-8.254884, 41.407907], [-8.242822, 41.41632], [-8.230799, 41.421188], [-8.218799, 41.423964], [-8.182873, 41.425824], [-8.17088, 41.42784], [-8.166968, 41.435868], [-8.172588, 41.462931], [-8.172744, 41.471939], [-8.167432, 41.489916], [-8.159484, 41.498865], [-8.145933, 41.50496], [-8.133936, 41.506078], [-8.11, 41.503993], [-8.076837, 41.497881], [-8.078332, 41.500331], [-8.092402, 41.504163], [-8.0921, 41.508722], [-8.109927, 41.509329], [-8.136005, 41.516706], [-8.150539, 41.525821], [-8.156737, 41.534874], [-8.156976, 41.543883], [-8.151075, 41.552847], [-8.145251, 41.556754], [-8.133173, 41.56324], [-8.121121, 41.567575], [-8.109104, 41.569272], [-8.097119, 41.568637], [-8.081578, 41.562186], [-8.081576, 41.565157], [-8.078879, 41.56493], [-8.075279, 41.568305], [-8.073182, 41.568079], [-8.069283, 41.570553], [-8.068081, 41.573478], [-8.056684, 41.579549], [-8.052181, 41.584498], [-8.052777, 41.587649], [-8.048277, 41.590122], [-8.047974, 41.592373], [-8.037169, 41.600242], [-8.034668, 41.600465], [-8.046569, 41.615078], [-8.055581, 41.62416], [-8.060294, 41.626801], [-8.073022, 41.633309], [-8.108126, 41.640332], [-8.120034, 41.647628], [-8.131977, 41.652541], [-8.143964, 41.654191], [-8.155986, 41.653284], [-8.192121, 41.644773], [-8.204121, 41.645428], [-8.216084, 41.64919], [-8.228014, 41.655762], [-8.239906, 41.665795], [-8.248927, 41.679628], [-8.250842, 41.688648], [-8.249717, 41.697648], [-8.239334, 41.714351], [-8.219771, 41.733476], [-8.211419, 41.751433], [-8.20746, 41.778427], [-8.21033, 41.804442], [-8.213692, 41.803765], [-8.217598, 41.80016], [-8.217589, 41.793634], [-8.224207, 41.794303], [-8.229917, 41.791598], [-8.240744, 41.791588], [-8.24074, 41.789338], [-8.244347, 41.787984], [-8.245546, 41.785731], [-8.251257, 41.784375], [-8.251845, 41.777172], [-8.254059, 41.776494]], [[-8.371929, 41.676998], [-8.365247, 41.671323], [-8.365892, 41.662319], [-8.372113, 41.657998], [-8.384137, 41.656627], [-8.39407, 41.662471], [-8.395205, 41.671484], [-8.383927, 41.678692], [-8.371929, 41.676998]], [[-8.156191, 41.637578], [-8.152385, 41.642929], [-8.144067, 41.646406], [-8.132052, 41.646894], [-8.121733, 41.642698], [-8.108268, 41.630079], [-8.08425, 41.63057], [-8.07231, 41.626002], [-8.062878, 41.615212], [-8.062271, 41.6062], [-8.066432, 41.597227], [-8.07282, 41.590433], [-8.08491, 41.583869], [-8.096932, 41.582076], [-8.108887, 41.585096], [-8.120762, 41.594068], [-8.132604, 41.605782], [-8.144539, 41.61074], [-8.156409, 41.620875], [-8.158859, 41.624962], [-8.159349, 41.633973], [-8.156191, 41.637578]]], [[[-7.909904, 41.63338], [-7.927813, 41.652743], [-7.945609, 41.677246], [-7.955559, 41.695351], [-7.966441, 41.72247], [-7.982532, 41.749634], [-7.984874, 41.767669], [-7.97845, 41.785626], [-7.970794, 41.794564], [-7.952554, 41.803406], [-7.937326, 41.804419], [-7.913264, 41.80359], [-7.888695, 41.832176], [-7.876511, 41.840247], [-7.864376, 41.845402], [-7.852277, 41.848381], [-7.840205, 41.849857], [-7.828173, 41.84908], [-7.816188, 41.845728], [-7.79819, 41.837922], [-7.780293, 41.833067], [-7.756225, 41.832146], [-7.742605, 41.834155], [-7.74729, 41.837772], [-7.745768, 41.840558], [-7.756096, 41.838763], [-7.768125, 41.839571], [-7.780097, 41.843391], [-7.786883, 41.846809], [-7.797385, 41.855926], [-7.803791, 41.864639], [-7.81523, 41.873539], [-7.821154, 41.873726], [-7.827726, 41.873536], [-7.841659, 41.867617], [-7.848912, 41.861698], [-7.852137, 41.862156], [-7.87275, 41.848645], [-7.873066, 41.844875], [-7.874862, 41.847344], [-7.888611, 41.83707], [-7.913155, 41.810056], [-7.925253, 41.806538], [-7.949339, 41.805904], [-7.962173, 41.803493], [-7.981794, 41.794662], [-7.994307, 41.785765], [-8.00236, 41.776829], [-8.010546, 41.758886], [-8.022466, 41.746743], [-8.025124, 41.740997], [-8.024478, 41.731984], [-8.022718, 41.730118], [-8.010809, 41.722634], [-7.986804, 41.720117], [-7.979766, 41.713582], [-7.973923, 41.704523], [-7.959274, 41.668363], [-7.95202, 41.641276], [-7.9524, 41.617711], [-7.959072, 41.601953], [-7.9541, 41.602846], [-7.952606, 41.600592], [-7.947808, 41.60081], [-7.942725, 41.595625], [-7.936132, 41.594488], [-7.93791, 41.601694], [-7.937004, 41.603718], [-7.931604, 41.604384], [-7.930073, 41.614735], [-7.925255, 41.620579], [-7.918952, 41.621918], [-7.915933, 41.627764], [-7.913229, 41.628885], [-7.912613, 41.63361], [-7.909904, 41.63338]], [[-8.010682, 41.730893], [-8.012371, 41.731881], [-8.010604, 41.735985], [-8.007312, 41.731837], [-8.010682, 41.730893]]], [[[-8.076768, 41.497854], [-8.076768, 41.497854], [-8.076538, 41.497764], [-8.076768, 41.497854]]], [[[-8.076191, 41.497629], [-8.076191, 41.497629], [-8.075939, 41.49753], [-8.076191, 41.497629]]], [[[-8.056255, 41.43197], [-8.064227, 41.426071], [-8.078697, 41.41918], [-8.077503, 41.416597], [-8.070923, 41.41862], [-8.066739, 41.416142], [-8.061953, 41.417264], [-8.059852, 41.424916], [-8.055959, 41.429415], [-8.056255, 41.43197]]], [[[-8.084978, 41.417073], [-8.084978, 41.417073], [-8.085039, 41.417051], [-8.084978, 41.417073]]], [[[-8.085277, 41.416963], [-8.085277, 41.416963], [-8.087585, 41.416151], [-8.085277, 41.416963]]], [[[-8.088268, 41.415975], [-8.126661, 41.408547], [-8.135334, 41.400896], [-8.139035, 41.377218], [-8.131924, 41.374292], [-8.119074, 41.377218], [-8.119672, 41.378569], [-8.116683, 41.380144], [-8.117578, 41.386447], [-8.113992, 41.386896], [-8.112795, 41.390723], [-8.110105, 41.390947], [-8.108011, 41.393648], [-8.103827, 41.392972], [-8.105321, 41.394998], [-8.10263, 41.396123], [-8.10801, 41.398825], [-8.108008, 41.404002], [-8.104419, 41.406252], [-8.104119, 41.408728], [-8.101727, 41.409403], [-8.102025, 41.411204], [-8.092756, 41.411201], [-8.092456, 41.413227], [-8.088268, 41.415975]]], [[[-8.154965, 41.731299], [-8.166103, 41.724092], [-8.171307, 41.715123], [-8.168162, 41.706093], [-8.1562, 41.696999], [-8.143416, 41.695557], [-8.131344, 41.699622], [-8.124361, 41.705768], [-8.119024, 41.714734], [-8.121641, 41.723761], [-8.130909, 41.731889], [-8.142902, 41.734237], [-8.154965, 41.731299]], [[-8.15379, 41.705988], [-8.154568, 41.715001], [-8.143042, 41.723726], [-8.131025, 41.723325], [-8.123475, 41.714768], [-8.127254, 41.70579], [-8.131309, 41.702221], [-8.143352, 41.700365], [-8.15379, 41.705988]]], [[[-8.809646, 41.396879], [-8.781356, 41.396262], [-8.745487, 41.391665], [-8.733537, 41.389056], [-8.709652, 41.380706], [-8.697725, 41.373544], [-8.661303, 41.339302], [-8.629533, 41.321188], [-8.616559, 41.312138], [-8.60994, 41.303108], [-8.608205, 41.294095], [-8.609947, 41.285093], [-8.620009, 41.267111], [-8.638644, 41.245226], [-8.650629, 41.235746], [-8.662585, 41.231294], [-8.71035, 41.222997], [-8.730783, 41.213376], [-8.752078, 41.195408], [-8.782135, 41.162638], [-8.799948, 41.150491], [-8.799695, 41.14406], [-8.722745, 41.145761], [-8.731753, 41.177347], [-8.729101, 41.195356], [-8.723625, 41.204351], [-8.712692, 41.213332], [-8.698441, 41.21846], [-8.686502, 41.220334], [-8.662644, 41.219779], [-8.650699, 41.222627], [-8.638717, 41.231946], [-8.602072, 41.276058], [-8.591908, 41.294038], [-8.591132, 41.303043], [-8.594566, 41.312063], [-8.606345, 41.321111], [-8.638164, 41.332235], [-8.650084, 41.337856], [-8.661991, 41.346544], [-8.67178, 41.357347], [-8.685743, 41.378526], [-8.697656, 41.388568], [-8.721533, 41.399013], [-8.745432, 41.405897], [-8.810832, 41.419159], [-8.809646, 41.396879]]]]}}, {"id": "10", "type": "Feature", "properties": {"fill": "#a3a3a3", "value_min": -0.67, "value_max": -0.33}, "geometry": {"type": "MultiPolygon", "coordinates": [[[[-8.21033, 41.804442], [-8.20746, 41.778427], [-8.211419, 41.751433], [-8.219771, 41.733476], [-8.239334, 41.714351], [-8.249717, 41.697648], [-8.250842, 41.688648], [-8.248927, 41.679628], [-8.239906, 41.665795], [-8.228014, 41.655762], [-8.216084, 41.64919], [-8.204121, 41.645428], [-8.192121, 41.644773], [-8.155986, 41.653284], [-8.143964, 41.654191], [-8.131977, 41.652541], [-8.120034, 41.647628], [-8.108126, 41.640332], [-8.073022, 41.633309], [-8.060294, 41.626801], [-8.055581, 41.62416], [-8.046569, 41.615078], [-8.034668, 41.600465], [-8.031467, 41.602938], [-8.02367, 41.603156], [-8.019174, 41.601802], [-8.015872, 41.603824], [-8.013474, 41.603372], [-8.005971, 41.60629], [-8.003562, 41.611239], [-7.99936, 41.61281], [-7.998462, 41.612359], [-7.999669, 41.608759], [-7.996976, 41.605829], [-7.996684, 41.602003], [-7.984685, 41.603564], [-7.982292, 41.60086], [-7.975689, 41.603552], [-7.974482, 41.606701], [-7.971182, 41.607147], [-7.968193, 41.603316], [-7.959072, 41.601953], [-7.9524, 41.617711], [-7.95202, 41.641276], [-7.959274, 41.668363], [-7.973923, 41.704523], [-7.979766, 41.713582], [-7.986804, 41.720117], [-8.010809, 41.722634], [-8.022718, 41.730118], [-8.024478, 41.731984], [-8.025124, 41.740997], [-8.022466, 41.746743], [-8.010546, 41.758886], [-8.00236, 41.776829], [-7.994307, 41.785765], [-7.981794, 41.794662], [-7.962173, 41.803493], [-7.949339, 41.805904], [-7.925253, 41.806538], [-7.913155, 41.810056], [-7.888611, 41.83707], [-7.874862, 41.847344], [-7.879056, 41.852398], [-7.913072, 41.815002], [-7.925197, 41.809893], [-7.961378, 41.805831], [-8.005446, 41.794869], [-8.029638, 41.786069], [-8.037491, 41.777129], [-8.038404, 41.768129], [-8.035974, 41.750095], [-8.030511, 41.732035], [-8.022813, 41.723871], [-8.010893, 41.717163], [-8.001356, 41.713772], [-7.990045, 41.704666], [-7.985293, 41.695617], [-7.980869, 41.677564], [-7.980292, 41.659545], [-7.986352, 41.641584], [-8.000225, 41.629753], [-8.012284, 41.626245], [-8.02429, 41.62613], [-8.03626, 41.628467], [-8.060157, 41.636209], [-8.096084, 41.642838], [-8.10804, 41.646565], [-8.131898, 41.658381], [-8.140297, 41.660853], [-8.155039, 41.669969], [-8.156167, 41.678985], [-8.145735, 41.687915], [-8.131379, 41.697024], [-8.112722, 41.714686], [-8.1123, 41.723689], [-8.117329, 41.741742], [-8.119205, 41.75977], [-8.113256, 41.795752], [-8.114442, 41.811627], [-8.118391, 41.812077], [-8.123807, 41.808702], [-8.138247, 41.808477], [-8.139751, 41.813203], [-8.14276, 41.812978], [-8.144866, 41.815228], [-8.149078, 41.814777], [-8.153893, 41.817928], [-8.165326, 41.81815], [-8.173744, 41.808019], [-8.177655, 41.808242], [-8.183676, 41.812741], [-8.190291, 41.809587], [-8.197158, 41.814129], [-8.201063, 41.808724], [-8.204973, 41.807372], [-8.205872, 41.804445], [-8.21033, 41.804442]], [[-8.154965, 41.731299], [-8.142902, 41.734237], [-8.130909, 41.731889], [-8.121641, 41.723761], [-8.119024, 41.714734], [-8.124361, 41.705768], [-8.131344, 41.699622], [-8.143416, 41.695557], [-8.1562, 41.696999], [-8.168162, 41.706093], [-8.171307, 41.715123], [-8.166103, 41.724092], [-8.154965, 41.731299]]], [[[-7.87275, 41.848645], [-7.852137, 41.862156], [-7.858542, 41.862622], [-7.859456, 41.860148], [-7.864877, 41.859711], [-7.87033, 41.851395], [-7.873043, 41.850501], [-7.87275, 41.848645]]], [[[-7.841659, 41.867617], [-7.827726, 41.873536], [-7.821154, 41.873726], [-7.823863, 41.874013], [-7.825059, 41.875817], [-7.830479, 41.875831], [-7.830789, 41.874031], [-7.832894, 41.874712], [-7.838021, 41.872924], [-7.842528, 41.875187], [-7.841659, 41.867617]]], [[[-7.81523, 41.873539], [-7.803791, 41.864639], [-7.797385, 41.855926], [-7.786883, 41.846809], [-7.780097, 41.843391], [-7.768125, 41.839571], [-7.756096, 41.838763], [-7.745768, 41.840558], [-7.746349, 41.84407], [-7.750541, 41.847685], [-7.750532, 41.849261], [-7.743309, 41.849012], [-7.745705, 41.851104], [-7.755929, 41.847394], [-7.767919, 41.850299], [-7.775087, 41.855691], [-7.777334, 41.864721], [-7.771396, 41.873665], [-7.767418, 41.876411], [-7.755327, 41.878448], [-7.743353, 41.874506], [-7.736786, 41.864283], [-7.737696, 41.860922], [-7.734159, 41.868337], [-7.730228, 41.871024], [-7.729293, 41.875972], [-7.722351, 41.878424], [-7.720523, 41.881793], [-7.725335, 41.882935], [-7.726208, 41.887665], [-7.737044, 41.888828], [-7.737935, 41.890857], [-7.74246, 41.889747], [-7.742785, 41.885922], [-7.756022, 41.888441], [-7.758719, 41.890926], [-7.756592, 41.89407], [-7.758376, 41.898127], [-7.764097, 41.898595], [-7.779227, 41.886264], [-7.785257, 41.885157], [-7.788886, 41.882467], [-7.794007, 41.882257], [-7.796739, 41.878214], [-7.794349, 41.87438], [-7.797064, 41.873488], [-7.803381, 41.874857], [-7.804914, 41.869459], [-7.81523, 41.873539]]], [[[-8.371929, 41.676998], [-8.383927, 41.678692], [-8.395205, 41.671484], [-8.39407, 41.662471], [-8.384137, 41.656627], [-8.372113, 41.657998], [-8.365892, 41.662319], [-8.365247, 41.671323], [-8.371929, 41.676998]]], [[[-8.076837, 41.497881], [-8.11, 41.503993], [-8.133936, 41.506078], [-8.145933, 41.50496], [-8.159484, 41.498865], [-8.167432, 41.489916], [-8.172744, 41.471939], [-8.172588, 41.462931], [-8.166968, 41.435868], [-8.17088, 41.42784], [-8.182873, 41.425824], [-8.218799, 41.423964], [-8.230799, 41.421188], [-8.242822, 41.41632], [-8.254884, 41.407907], [-8.261206, 41.400482], [-8.2657, 41.391503], [-8.266894, 41.373496], [-8.264006, 41.36447], [-8.254098, 41.350221], [-8.249622, 41.353072], [-8.251123, 41.356897], [-8.248141, 41.360052], [-8.248446, 41.363393], [-8.254863, 41.373418], [-8.255819, 41.382432], [-8.252742, 41.39142], [-8.242993, 41.401574], [-8.230969, 41.406705], [-8.218988, 41.408139], [-8.207041, 41.406725], [-8.195136, 41.40193], [-8.183673, 41.39095], [-8.180302, 41.381919], [-8.180827, 41.376532], [-8.168382, 41.377438], [-8.164499, 41.38059], [-8.152544, 41.375866], [-8.151049, 41.37339], [-8.145073, 41.374742], [-8.141188, 41.377668], [-8.139035, 41.377218], [-8.135334, 41.400896], [-8.126661, 41.408547], [-8.088268, 41.415975], [-8.087585, 41.416151], [-8.085277, 41.416963], [-8.085039, 41.417051], [-8.084978, 41.417073], [-8.081986, 41.4193], [-8.078697, 41.41918], [-8.064227, 41.426071], [-8.056255, 41.43197], [-8.057743, 41.438645], [-8.061033, 41.438872], [-8.064916, 41.444052], [-8.067908, 41.444279], [-8.069999, 41.447206], [-8.068788, 41.462286], [-8.073872, 41.46499], [-8.074164, 41.473543], [-8.066374, 41.482318], [-8.066069, 41.48817], [-8.072054, 41.490199], [-8.07175, 41.494925], [-8.075939, 41.49753], [-8.076191, 41.497629], [-8.076538, 41.497764], [-8.076768, 41.497854], [-8.076837, 41.497881]], [[-8.110068, 41.49903], [-8.098136, 41.495446], [-8.08649, 41.489301], [-8.079301, 41.480237], [-8.078462, 41.471222], [-8.082492, 41.462247], [-8.09415, 41.453332], [-8.110756, 41.448702], [-8.122717, 41.449491], [-8.13463, 41.453901], [-8.145554, 41.462733], [-8.150464, 41.471777], [-8.150932, 41.480788], [-8.146346, 41.489761], [-8.134049, 41.497562], [-8.122039, 41.499766], [-8.110068, 41.49903]]], [[[-8.808957, 41.379443], [-8.781403, 41.382217], [-8.757486, 41.381725], [-8.733581, 41.378206], [-8.709698, 41.370235], [-8.697773, 41.363379], [-8.668254, 41.339322], [-8.630078, 41.312182], [-8.623203, 41.303152], [-8.620387, 41.294135], [-8.621056, 41.28513], [-8.629709, 41.267142], [-8.638583, 41.256239], [-8.650577, 41.245574], [-8.662543, 41.239422], [-8.674494, 41.2359], [-8.700624, 41.231317], [-8.730497, 41.222383], [-8.782017, 41.198217], [-8.801591, 41.192365], [-8.799948, 41.150491], [-8.782135, 41.162638], [-8.752078, 41.195408], [-8.730783, 41.213376], [-8.71035, 41.222997], [-8.662585, 41.231294], [-8.650629, 41.235746], [-8.638644, 41.245226], [-8.620009, 41.267111], [-8.609947, 41.285093], [-8.608205, 41.294095], [-8.60994, 41.303108], [-8.616559, 41.312138], [-8.629533, 41.321188], [-8.661303, 41.339302], [-8.697725, 41.373544], [-8.709652, 41.380706], [-8.733537, 41.389056], [-8.745487, 41.391665], [-8.781356, 41.396262], [-8.809646, 41.396879], [-8.808957, 41.379443]]]]}}, {"id": "11", "type": "Feature", "properties": {"fill": "#a3a3a3", "value_min": -0.33, "value_max": 0.0}, "geometry": {"type": "MultiPolygon", "coordinates": [[[[-8.114442, 41.811627], [-8.113256, 41.795752], [-8.119205, 41.75977], [-8.117329, 41.741742], [-8.1123, 41.723689], [-8.112722, 41.714686], [-8.131379, 41.697024], [-8.145735, 41.687915], [-8.156167, 41.678985], [-8.155039, 41.669969], [-8.140297, 41.660853], [-8.131898, 41.658381], [-8.10804, 41.646565], [-8.096084, 41.642838], [-8.060157, 41.636209], [-8.03626, 41.628467], [-8.02429, 41.62613], [-8.012284, 41.626245], [-8.000225, 41.629753], [-7.986352, 41.641584], [-7.980292, 41.659545], [-7.980869, 41.677564], [-7.985293, 41.695617], [-7.990045, 41.704666], [-8.001356, 41.713772], [-8.010893, 41.717163], [-8.022813, 41.723871], [-8.030511, 41.732035], [-8.035974, 41.750095], [-8.038404, 41.768129], [-8.037491, 41.777129], [-8.029638, 41.786069], [-8.005446, 41.794869], [-7.961378, 41.805831], [-7.925197, 41.809893], [-7.913072, 41.815002], [-7.879056, 41.852398], [-7.885014, 41.855254], [-7.895939, 41.838903], [-7.911278, 41.821036], [-7.925146, 41.812922], [-7.985466, 41.80509], [-8.009537, 41.805378], [-8.033529, 41.810947], [-8.050215, 41.820377], [-8.057314, 41.815656], [-8.06664, 41.817012], [-8.072961, 41.813414], [-8.078678, 41.813417], [-8.082892, 41.810493], [-8.091013, 41.812521], [-8.093421, 41.811397], [-8.093723, 41.808471], [-8.101845, 41.809824], [-8.104853, 41.81185], [-8.114442, 41.811627]], [[-8.070456, 41.754904], [-8.058469, 41.75208], [-8.046557, 41.74426], [-8.036877, 41.732089], [-8.027036, 41.722999], [-8.003385, 41.704782], [-7.999556, 41.695742], [-7.998999, 41.68673], [-8.002419, 41.677753], [-8.011594, 41.671393], [-8.026851, 41.668956], [-8.038279, 41.660045], [-8.041148, 41.651062], [-8.047994, 41.646876], [-8.060033, 41.644794], [-8.09602, 41.64738], [-8.107968, 41.651818], [-8.12564, 41.660742], [-8.136378, 41.669831], [-8.137794, 41.678848], [-8.119267, 41.703898], [-8.106198, 41.714635], [-8.100494, 41.732605], [-8.094673, 41.743564], [-8.082518, 41.752567], [-8.070456, 41.754904]]], [[[-7.737696, 41.860922], [-7.736786, 41.864283], [-7.743353, 41.874506], [-7.755327, 41.878448], [-7.767418, 41.876411], [-7.771396, 41.873665], [-7.777334, 41.864721], [-7.775087, 41.855691], [-7.767919, 41.850299], [-7.755929, 41.847394], [-7.745705, 41.851104], [-7.746881, 41.855776], [-7.739943, 41.858003], [-7.737696, 41.860922]]], [[[-8.110068, 41.49903], [-8.122039, 41.499766], [-8.134049, 41.497562], [-8.146346, 41.489761], [-8.150932, 41.480788], [-8.150464, 41.471777], [-8.145554, 41.462733], [-8.13463, 41.453901], [-8.122717, 41.449491], [-8.110756, 41.448702], [-8.09415, 41.453332], [-8.082492, 41.462247], [-8.078462, 41.471222], [-8.079301, 41.480237], [-8.08649, 41.489301], [-8.098136, 41.495446], [-8.110068, 41.49903]], [[-8.110157, 41.492502], [-8.102402, 41.489426], [-8.096016, 41.480369], [-8.098447, 41.47304], [-8.110527, 41.465427], [-8.122496, 41.465891], [-8.131875, 41.471638], [-8.135841, 41.480675], [-8.130194, 41.48964], [-8.122133, 41.492803], [-8.110157, 41.492502]]], [[[-8.180827, 41.376532], [-8.180302, 41.381919], [-8.183673, 41.39095], [-8.195136, 41.40193], [-8.207041, 41.406725], [-8.218988, 41.408139], [-8.230969, 41.406705], [-8.242993, 41.401574], [-8.252742, 41.39142], [-8.255819, 41.382432], [-8.254863, 41.373418], [-8.248446, 41.363393], [-8.245461, 41.364781], [-8.244272, 41.368384], [-8.241287, 41.370413], [-8.235518, 41.370643], [-8.239027, 41.373315], [-8.242054, 41.382342], [-8.2354, 41.391306], [-8.231122, 41.393804], [-8.219147, 41.394908], [-8.209143, 41.391128], [-8.203078, 41.382079], [-8.204579, 41.37652], [-8.199163, 41.377423], [-8.194677, 41.374275], [-8.191691, 41.376302], [-8.189299, 41.375403], [-8.180827, 41.376532]]], [[[-8.808375, 41.364707], [-8.781442, 41.370604], [-8.757522, 41.371941], [-8.733616, 41.369582], [-8.709733, 41.362365], [-8.685892, 41.347696], [-8.639872, 41.312213], [-8.632883, 41.303184], [-8.629954, 41.294167], [-8.630174, 41.285159], [-8.633063, 41.276161], [-8.638549, 41.267171], [-8.650531, 41.254156], [-8.662508, 41.246332], [-8.674465, 41.241813], [-8.720845, 41.231368], [-8.770023, 41.217427], [-8.78196, 41.215339], [-8.80245, 41.214246], [-8.801591, 41.192365], [-8.782017, 41.198217], [-8.730497, 41.222383], [-8.700624, 41.231317], [-8.674494, 41.2359], [-8.662543, 41.239422], [-8.650577, 41.245574], [-8.638583, 41.256239], [-8.629709, 41.267142], [-8.621056, 41.28513], [-8.620387, 41.294135], [-8.623203, 41.303152], [-8.630078, 41.312182], [-8.668254, 41.339322], [-8.697773, 41.363379], [-8.709698, 41.370235], [-8.733581, 41.378206], [-8.757486, 41.381725], [-8.781403, 41.382217], [-8.808957, 41.379443], [-8.808375, 41.364707]]]]}}, {"id": "23", "type": "Feature", "properties": {"fill": "#1f4099", "value_min": 3.67, "value_max": 4.0}, "geometry": {"type": "MultiPolygon", "coordinates": [[[[-7.972618, 41.855772], [-7.976749, 41.848658], [-7.976628, 41.83965], [-7.969915, 41.830583], [-7.961018, 41.828161], [-7.948981, 41.827819], [-7.936926, 41.828626], [-7.934078, 41.830256], [-7.929197, 41.839218], [-7.928803, 41.848221], [-7.932589, 41.857263], [-7.936402, 41.860254], [-7.948423, 41.861894], [-7.960478, 41.861498], [-7.972618, 41.855772]]], [[[-8.74578, 41.316584], [-8.751302, 41.312508], [-8.757087, 41.303513], [-8.759011, 41.294509], [-8.755269, 41.285493], [-8.748345, 41.276471], [-8.734017, 41.271118], [-8.722087, 41.268802], [-8.69819, 41.273051], [-8.692714, 41.276336], [-8.683892, 41.28532], [-8.682394, 41.294323], [-8.683524, 41.303334], [-8.6924, 41.312366], [-8.707865, 41.321414], [-8.721855, 41.323471], [-8.73381, 41.321909], [-8.74578, 41.316584]]]]}}, {"id": "22", "type": "Feature", "properties": {"fill": "#214db8", "value_min": 3.33, "value_max": 3.67}, "geometry": {"type": "MultiPolygon", "coordinates": [[[[-7.980766, 41.848694], [-7.98038, 41.839684], [-7.975255, 41.830631], [-7.961055, 41.825819], [-7.949023, 41.825244], [-7.936953, 41.826969], [-7.931258, 41.83023], [-7.923804, 41.839167], [-7.92338, 41.84817], [-7.928727, 41.857227], [-7.936353, 41.86321], [-7.94835, 41.866379], [-7.960414, 41.865477], [-7.972541, 41.860564], [-7.975996, 41.857658], [-7.980766, 41.848694]], [[-7.972618, 41.855772], [-7.960478, 41.861498], [-7.948423, 41.861894], [-7.936402, 41.860254], [-7.932589, 41.857263], [-7.928803, 41.848221], [-7.929197, 41.839218], [-7.934078, 41.830256], [-7.936926, 41.828626], [-7.948981, 41.827819], [-7.961018, 41.828161], [-7.969915, 41.830583], [-7.976628, 41.83965], [-7.976749, 41.848658], [-7.972618, 41.855772]]], [[[-8.745762, 41.321079], [-8.757357, 41.312521], [-8.763034, 41.303525], [-8.764441, 41.29452], [-8.762078, 41.285508], [-8.754987, 41.276485], [-8.745958, 41.270654], [-8.737501, 41.267439], [-8.722103, 41.265096], [-8.705374, 41.267361], [-8.698205, 41.269753], [-8.687254, 41.276321], [-8.680197, 41.285309], [-8.678639, 41.294313], [-8.680165, 41.303325], [-8.686791, 41.312351], [-8.697973, 41.32008], [-8.7099, 41.324802], [-8.721843, 41.326272], [-8.733797, 41.325149], [-8.745762, 41.321079]], [[-8.74578, 41.316584], [-8.73381, 41.321909], [-8.721855, 41.323471], [-8.707865, 41.321414], [-8.6924, 41.312366], [-8.683524, 41.303334], [-8.682394, 41.294323], [-8.683892, 41.28532], [-8.692714, 41.276336], [-8.69819, 41.273051], [-8.722087, 41.268802], [-8.734017, 41.271118], [-8.748345, 41.276471], [-8.755269, 41.285493], [-8.759011, 41.294509], [-8.757087, 41.303513], [-8.751302, 41.312508], [-8.74578, 41.316584]]]]}}, {"id": "21", "type": "Feature", "properties": {"fill": "#245bd9", "value_min": 3.0, "value_max": 3.33}, "geometry": {"type": "MultiPolygon", "coordinates": [[[[-7.972478, 41.86453], [-7.980597, 41.857699], [-7.984784, 41.848729], [-7.984132, 41.839717], [-7.97868, 41.830662], [-7.973076, 41.827134], [-7.961093, 41.823477], [-7.949065, 41.822669], [-7.93698, 41.825312], [-7.928438, 41.830204], [-7.921576, 41.839146], [-7.920798, 41.848146], [-7.924865, 41.857191], [-7.936304, 41.866164], [-7.948296, 41.869642], [-7.960355, 41.869105], [-7.972478, 41.86453]], [[-7.980766, 41.848694], [-7.975996, 41.857658], [-7.972541, 41.860564], [-7.960414, 41.865477], [-7.94835, 41.866379], [-7.936353, 41.86321], [-7.928727, 41.857227], [-7.92338, 41.84817], [-7.923804, 41.839167], [-7.931258, 41.83023], [-7.936953, 41.826969], [-7.949023, 41.825244], [-7.961055, 41.825819], [-7.975255, 41.830631], [-7.98038, 41.839684], [-7.980766, 41.848694]]], [[[-8.059172, 41.703915], [-8.047157, 41.703659], [-8.046088, 41.705145], [-8.047116, 41.706408], [-8.059136, 41.706403], [-8.059172, 41.703915]]], [[[-8.095625, 41.675647], [-8.08361, 41.675706], [-8.080976, 41.678408], [-8.083527, 41.681556], [-8.095547, 41.681253], [-8.097765, 41.678541], [-8.095625, 41.675647]]], [[[-8.757722, 41.318095], [-8.763733, 41.312534], [-8.768634, 41.303537], [-8.769892, 41.294531], [-8.767917, 41.28552], [-8.761806, 41.276499], [-8.748301, 41.267463], [-8.734049, 41.263237], [-8.722115, 41.262269], [-8.710172, 41.263297], [-8.696474, 41.267338], [-8.682622, 41.276308], [-8.676503, 41.285299], [-8.674884, 41.294302], [-8.676806, 41.303315], [-8.682857, 41.31234], [-8.697958, 41.323214], [-8.709888, 41.327451], [-8.721831, 41.329073], [-8.733784, 41.32839], [-8.745746, 41.325125], [-8.757722, 41.318095]], [[-8.745762, 41.321079], [-8.733797, 41.325149], [-8.721843, 41.326272], [-8.7099, 41.324802], [-8.697973, 41.32008], [-8.686791, 41.312351], [-8.680165, 41.303325], [-8.678639, 41.294313], [-8.680197, 41.285309], [-8.687254, 41.276321], [-8.698205, 41.269753], [-8.705374, 41.267361], [-8.722103, 41.265096], [-8.737501, 41.267439], [-8.745958, 41.270654], [-8.754987, 41.276485], [-8.762078, 41.285508], [-8.764441, 41.29452], [-8.763034, 41.303525], [-8.757357, 41.312521], [-8.745762, 41.321079]]]]}}, {"id": "20", "type": "Feature", "properties": {"fill": "#2e6eed", "value_min": 2.67, "value_max": 3.0}, "geometry": {"type": "MultiPolygon", "coordinates": [[[[-7.955465, 41.872722], [-7.960298, 41.872606], [-7.975803, 41.866663], [-7.985282, 41.85774], [-7.989009, 41.848767], [-7.98808, 41.839752], [-7.982105, 41.830692], [-7.97311, 41.82503], [-7.961129, 41.82127], [-7.949097, 41.82075], [-7.937008, 41.823655], [-7.925618, 41.830178], [-7.919349, 41.839125], [-7.918216, 41.848122], [-7.921276, 41.857157], [-7.930548, 41.86625], [-7.94122, 41.871115], [-7.951254, 41.871132], [-7.955465, 41.872722]], [[-7.972478, 41.86453], [-7.960355, 41.869105], [-7.948296, 41.869642], [-7.936304, 41.866164], [-7.924865, 41.857191], [-7.920798, 41.848146], [-7.921576, 41.839146], [-7.928438, 41.830204], [-7.93698, 41.825312], [-7.949065, 41.822669], [-7.961093, 41.823477], [-7.973076, 41.827134], [-7.97868, 41.830662], [-7.984132, 41.839717], [-7.984784, 41.848729], [-7.980597, 41.857699], [-7.972478, 41.86453]]], [[[-8.059249, 41.698648], [-8.04723, 41.698694], [-8.04261, 41.705116], [-8.047055, 41.710574], [-8.05907, 41.710933], [-8.064008, 41.705292], [-8.059249, 41.698648]], [[-8.059172, 41.703915], [-8.059136, 41.706403], [-8.047116, 41.706408], [-8.046088, 41.705145], [-8.047157, 41.703659], [-8.059172, 41.703915]]], [[[-8.095673, 41.672189], [-8.083664, 41.671949], [-8.077392, 41.678379], [-8.083466, 41.68587], [-8.095501, 41.684532], [-8.100384, 41.678562], [-8.095673, 41.672189]], [[-8.095625, 41.675647], [-8.097765, 41.678541], [-8.095547, 41.681253], [-8.083527, 41.681556], [-8.080976, 41.678408], [-8.08361, 41.675706], [-8.095625, 41.675647]]], [[[-8.745731, 41.329124], [-8.761118, 41.321537], [-8.770192, 41.312547], [-8.774988, 41.303549], [-8.77627, 41.294544], [-8.7744, 41.285532], [-8.768764, 41.276513], [-8.75759, 41.267483], [-8.745989, 41.262554], [-8.734062, 41.260026], [-8.710185, 41.260557], [-8.690007, 41.267321], [-8.67818, 41.276296], [-8.672678, 41.285288], [-8.671161, 41.294292], [-8.673366, 41.303306], [-8.679175, 41.31233], [-8.686031, 41.31858], [-8.697945, 41.325979], [-8.709877, 41.330098], [-8.721819, 41.332032], [-8.73377, 41.331716], [-8.745731, 41.329124]], [[-8.757722, 41.318095], [-8.745746, 41.325125], [-8.733784, 41.32839], [-8.721831, 41.329073], [-8.709888, 41.327451], [-8.697958, 41.323214], [-8.682857, 41.31234], [-8.676806, 41.303315], [-8.674884, 41.294302], [-8.676503, 41.285299], [-8.682622, 41.276308], [-8.696474, 41.267338], [-8.710172, 41.263297], [-8.722115, 41.262269], [-8.734049, 41.263237], [-8.748301, 41.267463], [-8.761806, 41.276499], [-8.767917, 41.28552], [-8.769892, 41.294531], [-8.768634, 41.303537], [-8.763733, 41.312534], [-8.757722, 41.318095]]]]}}, {"id": "19", "type": "Feature", "properties": {"fill": "#4182f2", "value_min": 2.33, "value_max": 2.67}, "geometry": {"type": "MultiPolygon", "coordinates": [[[[-7.967221, 41.874531], [-7.968108, 41.87431], [-7.968118, 41.874308], [-7.972338, 41.873255], [-7.982953, 41.866727], [-7.990574, 41.857787], [-7.993234, 41.848804], [-7.992083, 41.839787], [-7.985724, 41.830724], [-7.973143, 41.822927], [-7.961153, 41.819795], [-7.949117, 41.819479], [-7.937035, 41.821998], [-7.924884, 41.828613], [-7.917121, 41.839105], [-7.915634, 41.848097], [-7.917723, 41.857124], [-7.924257, 41.865995], [-7.938228, 41.874036], [-7.94122, 41.871115], [-7.930548, 41.86625], [-7.921276, 41.857157], [-7.918216, 41.848122], [-7.919349, 41.839125], [-7.925618, 41.830178], [-7.937008, 41.823655], [-7.949097, 41.82075], [-7.961129, 41.82127], [-7.97311, 41.82503], [-7.982105, 41.830692], [-7.98808, 41.839752], [-7.989009, 41.848767], [-7.985282, 41.85774], [-7.975803, 41.866663], [-7.960298, 41.872606], [-7.955465, 41.872722], [-7.956362, 41.875191], [-7.967221, 41.874531]]], [[[-8.067881, 41.705324], [-8.063266, 41.696279], [-8.059317, 41.693979], [-8.047291, 41.694554], [-8.039132, 41.705087], [-8.046996, 41.714525], [-8.05901, 41.715043], [-8.067881, 41.705324]], [[-8.059249, 41.698648], [-8.064008, 41.705292], [-8.05907, 41.710933], [-8.047055, 41.710574], [-8.04261, 41.705116], [-8.04723, 41.698694], [-8.059249, 41.698648]]], [[[-8.103004, 41.678582], [-8.095719, 41.668947], [-8.083712, 41.668561], [-8.07381, 41.678351], [-8.078637, 41.687396], [-8.083414, 41.689556], [-8.095456, 41.687743], [-8.103004, 41.678582]], [[-8.095673, 41.672189], [-8.100384, 41.678562], [-8.095501, 41.684532], [-8.083466, 41.68587], [-8.077392, 41.678379], [-8.083664, 41.671949], [-8.095673, 41.672189]]], [[[-8.757682, 41.328825], [-8.769659, 41.321077], [-8.77748, 41.312562], [-8.781523, 41.303562], [-8.782848, 41.294556], [-8.781185, 41.285546], [-8.776497, 41.276529], [-8.766806, 41.267502], [-8.757927, 41.262633], [-8.746005, 41.258634], [-8.722139, 41.256475], [-8.698247, 41.260634], [-8.683844, 41.267304], [-8.673703, 41.276283], [-8.668651, 41.285277], [-8.667444, 41.294281], [-8.669623, 41.303295], [-8.675492, 41.312319], [-8.6853, 41.321354], [-8.697933, 41.328745], [-8.709863, 41.33306], [-8.721805, 41.335144], [-8.733756, 41.335195], [-8.745715, 41.333207], [-8.757682, 41.328825]], [[-8.745731, 41.329124], [-8.73377, 41.331716], [-8.721819, 41.332032], [-8.709877, 41.330098], [-8.697945, 41.325979], [-8.686031, 41.31858], [-8.679175, 41.31233], [-8.673366, 41.303306], [-8.671161, 41.294292], [-8.672678, 41.285288], [-8.67818, 41.276296], [-8.690007, 41.267321], [-8.710185, 41.260557], [-8.734062, 41.260026], [-8.745989, 41.262554], [-8.75759, 41.267483], [-8.768764, 41.276513], [-8.7744, 41.285532], [-8.77627, 41.294544], [-8.774988, 41.303549], [-8.770192, 41.312547], [-8.761118, 41.321537], [-8.745731, 41.329124]]]]}}, {"id": "18", "type": "Feature", "properties": {"fill": "#5599f7", "value_min": 2.0, "value_max": 2.33}, "geometry": {"type": "MultiPolygon", "coordinates": [[[[-7.987559, 41.869157], [-7.987996, 41.868772], [-7.98807, 41.868707], [-7.988298, 41.868506], [-7.98858, 41.868258], [-7.9886, 41.86824], [-7.987701, 41.866456], [-7.98951, 41.865333], [-7.990123, 41.860157], [-7.995547, 41.858138], [-7.994047, 41.855211], [-7.997215, 41.851163], [-7.996085, 41.839822], [-7.990567, 41.830767], [-7.975554, 41.821627], [-7.961177, 41.818319], [-7.949138, 41.818208], [-7.934822, 41.821257], [-7.920489, 41.830129], [-7.914893, 41.839083], [-7.913053, 41.848073], [-7.914171, 41.85709], [-7.91923, 41.866145], [-7.924169, 41.871272], [-7.932869, 41.876237], [-7.938228, 41.874036], [-7.924257, 41.865995], [-7.917723, 41.857124], [-7.915634, 41.848097], [-7.917121, 41.839105], [-7.924884, 41.828613], [-7.937035, 41.821998], [-7.949117, 41.819479], [-7.961153, 41.819795], [-7.973143, 41.822927], [-7.985724, 41.830724], [-7.992083, 41.839787], [-7.993234, 41.848804], [-7.990574, 41.857787], [-7.982953, 41.866727], [-7.972338, 41.873255], [-7.968118, 41.874308], [-7.973828, 41.875216], [-7.987559, 41.869157]]], [[[-7.968108, 41.87431], [-7.968108, 41.87431], [-7.967221, 41.874531], [-7.968108, 41.87431]]], [[[-8.071152, 41.706641], [-8.071389, 41.690155], [-8.083367, 41.692883], [-8.095421, 41.690243], [-8.105623, 41.678603], [-8.10093, 41.669559], [-8.095754, 41.666438], [-8.083749, 41.665928], [-8.076504, 41.669365], [-8.069459, 41.678315], [-8.070619, 41.687332], [-8.04734, 41.691281], [-8.039779, 41.696085], [-8.035653, 41.705058], [-8.042208, 41.71412], [-8.046958, 41.717148], [-8.058967, 41.717995], [-8.066048, 41.714316], [-8.071152, 41.706641]], [[-8.067881, 41.705324], [-8.05901, 41.715043], [-8.046996, 41.714525], [-8.039132, 41.705087], [-8.047291, 41.694554], [-8.059317, 41.693979], [-8.063266, 41.696279], [-8.067881, 41.705324]], [[-8.103004, 41.678582], [-8.095456, 41.687743], [-8.083414, 41.689556], [-8.078637, 41.687396], [-8.07381, 41.678351], [-8.083712, 41.668561], [-8.095719, 41.668947], [-8.103004, 41.678582]]], [[[-8.769635, 41.327836], [-8.777939, 41.32157], [-8.785333, 41.312577], [-8.789355, 41.303576], [-8.790557, 41.294571], [-8.78921, 41.285561], [-8.784819, 41.276545], [-8.776531, 41.267521], [-8.769863, 41.263076], [-8.757945, 41.257605], [-8.74602, 41.254586], [-8.722152, 41.253426], [-8.696296, 41.25833], [-8.686301, 41.262289], [-8.674322, 41.270586], [-8.668975, 41.27627], [-8.664624, 41.285265], [-8.663727, 41.29427], [-8.66588, 41.303284], [-8.671548, 41.312308], [-8.686001, 41.325023], [-8.697919, 41.331669], [-8.70985, 41.336064], [-8.733742, 41.338676], [-8.745699, 41.337336], [-8.757663, 41.333927], [-8.769635, 41.327836]], [[-8.757682, 41.328825], [-8.745715, 41.333207], [-8.733756, 41.335195], [-8.721805, 41.335144], [-8.709863, 41.33306], [-8.697933, 41.328745], [-8.6853, 41.321354], [-8.675492, 41.312319], [-8.669623, 41.303295], [-8.667444, 41.294281], [-8.668651, 41.285277], [-8.673703, 41.276283], [-8.683844, 41.267304], [-8.698247, 41.260634], [-8.722139, 41.256475], [-8.746005, 41.258634], [-8.757927, 41.262633], [-8.766806, 41.267502], [-8.776497, 41.276529], [-8.781185, 41.285546], [-8.782848, 41.294556], [-8.781523, 41.303562], [-8.77748, 41.312562], [-8.769659, 41.321077], [-8.757682, 41.328825]]]]}}, {"id": "17", "type": "Feature", "properties": {"fill": "#6ba5ec", "value_min": 1.67, "value_max": 2.0}, "geometry": {"type": "MultiPolygon", "coordinates": [[[[-8.00353, 41.84982], [-8.001606, 41.83987], [-7.995408, 41.830809], [-7.98197, 41.821684], [-7.973211, 41.818686], [-7.9612, 41.816844], [-7.949159, 41.816937], [-7.937086, 41.818918], [-7.924955, 41.824348], [-7.917965, 41.830106], [-7.90985, 41.848042], [-7.910285, 41.857053], [-7.913986, 41.866095], [-7.926303, 41.878067], [-7.932869, 41.876237], [-7.924169, 41.871272], [-7.91923, 41.866145], [-7.914171, 41.85709], [-7.913053, 41.848073], [-7.914893, 41.839083], [-7.920489, 41.830129], [-7.934822, 41.821257], [-7.949138, 41.818208], [-7.961177, 41.818319], [-7.975554, 41.821627], [-7.990567, 41.830767], [-7.996085, 41.839822], [-7.997215, 41.851163], [-8.00353, 41.84982]]], [[[-7.9886, 41.86824], [-7.9886, 41.86824], [-7.98858, 41.868258], [-7.9886, 41.86824]]], [[[-7.988298, 41.868506], [-7.988298, 41.868506], [-7.98807, 41.868707], [-7.988298, 41.868506]]], [[[-7.987996, 41.868772], [-7.987996, 41.868772], [-7.987559, 41.869157], [-7.987996, 41.868772]]], [[[-8.077013, 41.705397], [-8.082457, 41.696434], [-8.095386, 41.692742], [-8.10208, 41.687582], [-8.108523, 41.678625], [-8.105182, 41.669592], [-8.095789, 41.663929], [-8.083786, 41.663295], [-8.071695, 41.668844], [-8.059459, 41.68421], [-8.047388, 41.688009], [-8.035259, 41.695533], [-8.031914, 41.705026], [-8.038002, 41.714084], [-8.046919, 41.719771], [-8.058924, 41.720947], [-8.071033, 41.714874], [-8.077013, 41.705397]], [[-8.071152, 41.706641], [-8.066048, 41.714316], [-8.058967, 41.717995], [-8.046958, 41.717148], [-8.042208, 41.71412], [-8.035653, 41.705058], [-8.039779, 41.696085], [-8.04734, 41.691281], [-8.070619, 41.687332], [-8.069459, 41.678315], [-8.076504, 41.669365], [-8.083749, 41.665928], [-8.095754, 41.666438], [-8.10093, 41.669559], [-8.105623, 41.678603], [-8.095421, 41.690243], [-8.083367, 41.692883], [-8.071389, 41.690155], [-8.071152, 41.706641]]], [[[-8.757644, 41.339015], [-8.77642, 41.330575], [-8.787487, 41.321588], [-8.797994, 41.303592], [-8.799288, 41.294586], [-8.798119, 41.285576], [-8.794115, 41.276562], [-8.787129, 41.267541], [-8.769886, 41.256507], [-8.757964, 41.252558], [-8.746036, 41.250531], [-8.734103, 41.24991], [-8.710223, 41.251836], [-8.686318, 41.25876], [-8.67227, 41.267271], [-8.664245, 41.276256], [-8.660238, 41.285252], [-8.659467, 41.294258], [-8.662116, 41.303273], [-8.667452, 41.312296], [-8.685985, 41.328165], [-8.697905, 41.334829], [-8.709837, 41.33907], [-8.721777, 41.341787], [-8.733726, 41.342624], [-8.757644, 41.339015]], [[-8.769635, 41.327836], [-8.757663, 41.333927], [-8.745699, 41.337336], [-8.733742, 41.338676], [-8.70985, 41.336064], [-8.697919, 41.331669], [-8.686001, 41.325023], [-8.671548, 41.312308], [-8.66588, 41.303284], [-8.663727, 41.29427], [-8.664624, 41.285265], [-8.668975, 41.27627], [-8.674322, 41.270586], [-8.686301, 41.262289], [-8.696296, 41.25833], [-8.722152, 41.253426], [-8.74602, 41.254586], [-8.757945, 41.257605], [-8.769863, 41.263076], [-8.776531, 41.267521], [-8.784819, 41.276545], [-8.78921, 41.285561], [-8.790557, 41.294571], [-8.789355, 41.303576], [-8.785333, 41.312577], [-8.777939, 41.32157], [-8.769635, 41.327836]]]]}}, {"id": "16", "type": "Feature", "properties": {"fill": "#80a4d0", "value_min": 1.33, "value_max": 1.67}, "geometry": {"type": "MultiPolygon", "coordinates": [[[[-8.007908, 41.841497], [-8.00178, 41.830865], [-7.997158, 41.827257], [-7.989219, 41.821748], [-7.973245, 41.816558], [-7.94918, 41.815667], [-7.937111, 41.81741], [-7.926948, 41.821183], [-7.915441, 41.830082], [-7.909621, 41.839034], [-7.906485, 41.84801], [-7.90605, 41.857013], [-7.90842, 41.866042], [-7.918674, 41.878953], [-7.926303, 41.878067], [-7.913986, 41.866095], [-7.910285, 41.857053], [-7.90985, 41.848042], [-7.917965, 41.830106], [-7.924955, 41.824348], [-7.937086, 41.818918], [-7.949159, 41.816937], [-7.9612, 41.816844], [-7.973211, 41.818686], [-7.98197, 41.821684], [-7.995408, 41.830809], [-8.001606, 41.83987], [-8.00353, 41.84982], [-8.007908, 41.841497]]], [[[-8.070959, 41.720027], [-8.077268, 41.714406], [-8.083212, 41.703751], [-8.091035, 41.696502], [-8.095351, 41.695242], [-8.105255, 41.687607], [-8.11228, 41.678654], [-8.109621, 41.669627], [-8.095824, 41.66142], [-8.083824, 41.660663], [-8.071757, 41.664518], [-8.065035, 41.669272], [-8.057366, 41.678217], [-8.035335, 41.690441], [-8.029728, 41.696001], [-8.028129, 41.704994], [-8.033837, 41.714049], [-8.04688, 41.722393], [-8.058877, 41.724169], [-8.070959, 41.720027]], [[-8.077013, 41.705397], [-8.071033, 41.714874], [-8.058924, 41.720947], [-8.046919, 41.719771], [-8.038002, 41.714084], [-8.031914, 41.705026], [-8.035259, 41.695533], [-8.047388, 41.688009], [-8.059459, 41.68421], [-8.071695, 41.668844], [-8.083786, 41.663295], [-8.095789, 41.663929], [-8.105182, 41.669592], [-8.108523, 41.678625], [-8.10208, 41.687582], [-8.095386, 41.692742], [-8.082457, 41.696434], [-8.077013, 41.705397]]], [[[-8.80489, 41.276274], [-8.799139, 41.267563], [-8.788618, 41.258536], [-8.769909, 41.25005], [-8.746053, 41.246122], [-8.72218, 41.246995], [-8.69829, 41.251293], [-8.686336, 41.255083], [-8.674369, 41.261134], [-8.666308, 41.267254], [-8.659041, 41.276241], [-8.655368, 41.285238], [-8.654855, 41.294244], [-8.657392, 41.303259], [-8.663354, 41.312285], [-8.672197, 41.321318], [-8.68597, 41.331438], [-8.70982, 41.342759], [-8.733709, 41.346717], [-8.757624, 41.344481], [-8.76959, 41.340805], [-8.781561, 41.335053], [-8.798242, 41.321608], [-8.806138, 41.307963], [-8.80489, 41.276274]], [[-8.757644, 41.339015], [-8.733726, 41.342624], [-8.721777, 41.341787], [-8.709837, 41.33907], [-8.697905, 41.334829], [-8.685985, 41.328165], [-8.667452, 41.312296], [-8.662116, 41.303273], [-8.659467, 41.294258], [-8.660238, 41.285252], [-8.664245, 41.276256], [-8.67227, 41.267271], [-8.686318, 41.25876], [-8.710223, 41.251836], [-8.734103, 41.24991], [-8.746036, 41.250531], [-8.757964, 41.252558], [-8.769886, 41.256507], [-8.787129, 41.267541], [-8.794115, 41.276562], [-8.798119, 41.285576], [-8.799288, 41.294586], [-8.797994, 41.303592], [-8.787487, 41.321588], [-8.77642, 41.330575], [-8.757644, 41.339015]]]]}}, {"id": "15", "type": "Feature", "properties": {"fill": "#97a3b2", "value_min": 1.0, "value_max": 1.33}, "geometry": {"type": "MultiPolygon", "coordinates": [[[[-8.011606, 41.834523], [-7.997341, 41.821819], [-7.985282, 41.816728], [-7.961248, 41.813894], [-7.937136, 41.815902], [-7.925028, 41.819973], [-7.912917, 41.830058], [-7.906577, 41.839005], [-7.90312, 41.847978], [-7.902242, 41.861366], [-7.904017, 41.859794], [-7.905217, 41.860922], [-7.907309, 41.865203], [-7.906095, 41.868126], [-7.910299, 41.871285], [-7.910285, 41.875562], [-7.91479, 41.879171], [-7.918674, 41.878953], [-7.90842, 41.866042], [-7.90605, 41.857013], [-7.906485, 41.84801], [-7.909621, 41.839034], [-7.915441, 41.830082], [-7.926948, 41.821183], [-7.937111, 41.81741], [-7.94918, 41.815667], [-7.973245, 41.816558], [-7.989219, 41.821748], [-7.997158, 41.827257], [-8.00178, 41.830865], [-8.007908, 41.841497], [-8.007928, 41.838796], [-8.011606, 41.834523]]], [[[-8.082926, 41.714452], [-8.088558, 41.70549], [-8.109161, 41.687637], [-8.116038, 41.678683], [-8.114339, 41.669663], [-8.1078, 41.663948], [-8.095866, 41.658406], [-8.083871, 41.657298], [-8.071514, 41.660318], [-8.048466, 41.678144], [-8.032607, 41.687018], [-8.024711, 41.695958], [-8.024342, 41.704962], [-8.029779, 41.714015], [-8.034918, 41.718342], [-8.046828, 41.725901], [-8.058815, 41.728374], [-8.07088, 41.72553], [-8.082926, 41.714452]], [[-8.070959, 41.720027], [-8.058877, 41.724169], [-8.04688, 41.722393], [-8.033837, 41.714049], [-8.028129, 41.704994], [-8.029728, 41.696001], [-8.035335, 41.690441], [-8.057366, 41.678217], [-8.065035, 41.669272], [-8.071757, 41.664518], [-8.083824, 41.660663], [-8.095824, 41.66142], [-8.109621, 41.669627], [-8.11228, 41.678654], [-8.105255, 41.687607], [-8.095351, 41.695242], [-8.091035, 41.696502], [-8.083212, 41.703751], [-8.077268, 41.714406], [-8.070959, 41.720027]]], [[[-8.804182, 41.258278], [-8.793776, 41.251341], [-8.781857, 41.246236], [-8.758004, 41.241836], [-8.734134, 41.242184], [-8.698305, 41.247943], [-8.674392, 41.256538], [-8.660102, 41.267236], [-8.653519, 41.276224], [-8.650498, 41.285223], [-8.650217, 41.29423], [-8.652667, 41.303245], [-8.658452, 41.31227], [-8.674044, 41.326537], [-8.697873, 41.341649], [-8.721744, 41.34965], [-8.745644, 41.351498], [-8.769566, 41.347481], [-8.78887, 41.339606], [-8.806839, 41.32576], [-8.806138, 41.307963], [-8.798242, 41.321608], [-8.781561, 41.335053], [-8.76959, 41.340805], [-8.757624, 41.344481], [-8.733709, 41.346717], [-8.70982, 41.342759], [-8.68597, 41.331438], [-8.672197, 41.321318], [-8.663354, 41.312285], [-8.657392, 41.303259], [-8.654855, 41.294244], [-8.655368, 41.285238], [-8.659041, 41.276241], [-8.666308, 41.267254], [-8.674369, 41.261134], [-8.686336, 41.255083], [-8.69829, 41.251293], [-8.72218, 41.246995], [-8.746053, 41.246122], [-8.769909, 41.25005], [-8.788618, 41.258536], [-8.799139, 41.267563], [-8.80489, 41.276274], [-8.804182, 41.258278]]]]}}, {"id": "14", "type": "Feature", "properties": {"fill": "#a3a3a3", "value_min": 0.67, "value_max": 1.0}, "geometry": {"type": "MultiPolygon", "coordinates": [[[[-8.01976, 41.831381], [-8.00844, 41.821916], [-7.997326, 41.816519], [-7.985335, 41.813396], [-7.961273, 41.812385], [-7.937161, 41.814394], [-7.925067, 41.817622], [-7.909696, 41.830028], [-7.899438, 41.847943], [-7.896494, 41.859779], [-7.902242, 41.861366], [-7.90312, 41.847978], [-7.906577, 41.839005], [-7.912917, 41.830058], [-7.925028, 41.819973], [-7.937136, 41.815902], [-7.961248, 41.813894], [-7.985282, 41.816728], [-7.997341, 41.821819], [-8.011606, 41.834523], [-8.013363, 41.829124], [-8.01976, 41.831381]]], [[[-8.070791, 41.731676], [-8.082921, 41.724231], [-8.095459, 41.705544], [-8.114763, 41.68768], [-8.119986, 41.678713], [-8.119058, 41.669699], [-8.109122, 41.660616], [-8.095912, 41.655107], [-8.08392, 41.653859], [-8.071889, 41.655386], [-8.061291, 41.660235], [-8.047624, 41.672023], [-8.024247, 41.686947], [-8.018057, 41.695902], [-8.018953, 41.704916], [-8.025721, 41.713981], [-8.046771, 41.729779], [-8.058751, 41.732793], [-8.070791, 41.731676]], [[-8.082926, 41.714452], [-8.07088, 41.72553], [-8.058815, 41.728374], [-8.046828, 41.725901], [-8.034918, 41.718342], [-8.029779, 41.714015], [-8.024342, 41.704962], [-8.024711, 41.695958], [-8.032607, 41.687018], [-8.048466, 41.678144], [-8.071514, 41.660318], [-8.083871, 41.657298], [-8.095866, 41.658406], [-8.1078, 41.663948], [-8.114339, 41.669663], [-8.116038, 41.678683], [-8.109161, 41.687637], [-8.088558, 41.70549], [-8.082926, 41.714452]]], [[[-8.803635, 41.244379], [-8.781887, 41.23734], [-8.758026, 41.235672], [-8.734152, 41.237815], [-8.686372, 41.247469], [-8.674415, 41.25188], [-8.663339, 41.258238], [-8.653435, 41.267216], [-8.647479, 41.276206], [-8.644358, 41.285204], [-8.644168, 41.294211], [-8.647131, 41.303228], [-8.653225, 41.312254], [-8.674025, 41.330281], [-8.697854, 41.345712], [-8.721723, 41.354539], [-8.745622, 41.357032], [-8.769541, 41.354715], [-8.789451, 41.348615], [-8.807364, 41.339071], [-8.806839, 41.32576], [-8.78887, 41.339606], [-8.769566, 41.347481], [-8.745644, 41.351498], [-8.721744, 41.34965], [-8.697873, 41.341649], [-8.674044, 41.326537], [-8.658452, 41.31227], [-8.652667, 41.303245], [-8.650217, 41.29423], [-8.650498, 41.285223], [-8.653519, 41.276224], [-8.660102, 41.267236], [-8.674392, 41.256538], [-8.698305, 41.247943], [-8.734134, 41.242184], [-8.758004, 41.241836], [-8.781857, 41.246236], [-8.793776, 41.251341], [-8.804182, 41.258278], [-8.803635, 41.244379]]]]}}, {"id": "13", "type": "Feature", "properties": {"fill": "#a3a3a3", "value_min": 0.33, "value_max": 0.67}, "geometry": {"type": "MultiPolygon", "coordinates": [[[[-8.033623, 41.830268], [-8.02135, 41.820187], [-8.009398, 41.81441], [-7.997412, 41.810971], [-7.973362, 41.809239], [-7.937186, 41.812887], [-7.925107, 41.815273], [-7.912934, 41.823115], [-7.906447, 41.829997], [-7.89458, 41.847896], [-7.890755, 41.857742], [-7.891675, 41.859094], [-7.896494, 41.859779], [-7.899438, 41.847943], [-7.909696, 41.830028], [-7.925067, 41.817622], [-7.937161, 41.814394], [-7.961273, 41.812385], [-7.985335, 41.813396], [-7.997326, 41.816519], [-8.00844, 41.821916], [-8.01976, 41.831381], [-8.02901, 41.829589], [-8.033623, 41.830268]]], [[[-8.093234, 41.723541], [-8.107287, 41.701111], [-8.116701, 41.696702], [-8.119413, 41.693236], [-8.12111, 41.687729], [-8.127625, 41.678772], [-8.126502, 41.669756], [-8.116504, 41.660673], [-8.107912, 41.655862], [-8.095959, 41.651808], [-8.083973, 41.650118], [-8.067492, 41.651278], [-8.059909, 41.653284], [-8.041944, 41.669082], [-8.013212, 41.686853], [-8.010476, 41.695837], [-8.01278, 41.704864], [-8.020719, 41.713938], [-8.046693, 41.735068], [-8.058647, 41.739904], [-8.070668, 41.740255], [-8.082759, 41.735614], [-8.093234, 41.723541]], [[-8.070791, 41.731676], [-8.058751, 41.732793], [-8.046771, 41.729779], [-8.025721, 41.713981], [-8.018953, 41.704916], [-8.018057, 41.695902], [-8.024247, 41.686947], [-8.047624, 41.672023], [-8.061291, 41.660235], [-8.071889, 41.655386], [-8.08392, 41.653859], [-8.095912, 41.655107], [-8.109122, 41.660616], [-8.119058, 41.669699], [-8.119986, 41.678713], [-8.114763, 41.68768], [-8.095459, 41.705544], [-8.082921, 41.724231], [-8.070791, 41.731676]]], [[[-8.803081, 41.230295], [-8.78192, 41.227372], [-8.758052, 41.228788], [-8.710284, 41.237988], [-8.674439, 41.246994], [-8.662475, 41.252758], [-8.646216, 41.267194], [-8.640769, 41.276185], [-8.638112, 41.285185], [-8.638031, 41.294192], [-8.640761, 41.303209], [-8.647132, 41.312236], [-8.656638, 41.321272], [-8.697833, 41.350304], [-8.721699, 41.360037], [-8.745597, 41.363664], [-8.769513, 41.362668], [-8.79219, 41.357628], [-8.807859, 41.351614], [-8.807364, 41.339071], [-8.789451, 41.348615], [-8.769541, 41.354715], [-8.745622, 41.357032], [-8.721723, 41.354539], [-8.697854, 41.345712], [-8.674025, 41.330281], [-8.653225, 41.312254], [-8.647131, 41.303228], [-8.644168, 41.294211], [-8.644358, 41.285204], [-8.647479, 41.276206], [-8.653435, 41.267216], [-8.663339, 41.258238], [-8.674415, 41.25188], [-8.686372, 41.247469], [-8.734152, 41.237815], [-8.758026, 41.235672], [-8.781887, 41.23734], [-8.803635, 41.244379], [-8.803081, 41.230295]]]]}}, {"id": "12", "type": "Feature", "properties": {"fill": "#a3a3a3", "value_min": 0.0, "value_max": 0.33}, "geometry": {"type": "MultiPolygon", "coordinates": [[[[-8.050215, 41.820377], [-8.033529, 41.810947], [-8.009537, 41.805378], [-7.985466, 41.80509], [-7.925146, 41.812922], [-7.911278, 41.821036], [-7.895939, 41.838903], [-7.885014, 41.855254], [-7.888076, 41.855486], [-7.890755, 41.857742], [-7.89458, 41.847896], [-7.906447, 41.829997], [-7.912934, 41.823115], [-7.925107, 41.815273], [-7.937186, 41.812887], [-7.973362, 41.809239], [-7.997412, 41.810971], [-8.009398, 41.81441], [-8.02135, 41.820187], [-8.033623, 41.830268], [-8.037134, 41.831171], [-8.041351, 41.828023], [-8.041054, 41.825097], [-8.045268, 41.824425], [-8.050215, 41.820377]]], [[[-8.070456, 41.754904], [-8.082518, 41.752567], [-8.094673, 41.743564], [-8.100494, 41.732605], [-8.106198, 41.714635], [-8.119267, 41.703898], [-8.137794, 41.678848], [-8.136378, 41.669831], [-8.12564, 41.660742], [-8.107968, 41.651818], [-8.09602, 41.64738], [-8.060033, 41.644794], [-8.047994, 41.646876], [-8.041148, 41.651062], [-8.038279, 41.660045], [-8.026851, 41.668956], [-8.011594, 41.671393], [-8.002419, 41.677753], [-7.998999, 41.68673], [-7.999556, 41.695742], [-8.003385, 41.704782], [-8.027036, 41.722999], [-8.036877, 41.732089], [-8.046557, 41.74426], [-8.058469, 41.75208], [-8.070456, 41.754904]], [[-8.093234, 41.723541], [-8.082759, 41.735614], [-8.070668, 41.740255], [-8.058647, 41.739904], [-8.046693, 41.735068], [-8.020719, 41.713938], [-8.01278, 41.704864], [-8.010476, 41.695837], [-8.013212, 41.686853], [-8.041944, 41.669082], [-8.059909, 41.653284], [-8.067492, 41.651278], [-8.083973, 41.650118], [-8.095959, 41.651808], [-8.107912, 41.655862], [-8.116504, 41.660673], [-8.126502, 41.669756], [-8.127625, 41.678772], [-8.12111, 41.687729], [-8.119413, 41.693236], [-8.116701, 41.696702], [-8.107287, 41.701111], [-8.093234, 41.723541]]], [[[-8.110157, 41.492502], [-8.122133, 41.492803], [-8.130194, 41.48964], [-8.135841, 41.480675], [-8.131875, 41.471638], [-8.122496, 41.465891], [-8.110527, 41.465427], [-8.098447, 41.47304], [-8.096016, 41.480369], [-8.102402, 41.489426], [-8.110157, 41.492502]]], [[[-8.204579, 41.37652], [-8.203078, 41.382079], [-8.209143, 41.391128], [-8.219147, 41.394908], [-8.231122, 41.393804], [-8.2354, 41.391306], [-8.242054, 41.382342], [-8.239027, 41.373315], [-8.235518, 41.370643], [-8.224854, 41.370878], [-8.21738, 41.368182], [-8.211712, 41.376065], [-8.204579, 41.37652]]], [[[-8.80245, 41.214246], [-8.78196, 41.215339], [-8.770023, 41.217427], [-8.720845, 41.231368], [-8.674465, 41.241813], [-8.662508, 41.246332], [-8.650531, 41.254156], [-8.638549, 41.267171], [-8.633063, 41.276161], [-8.630174, 41.285159], [-8.629954, 41.294167], [-8.632883, 41.303184], [-8.639872, 41.312213], [-8.685892, 41.347696], [-8.709733, 41.362365], [-8.733616, 41.369582], [-8.757522, 41.371941], [-8.781442, 41.370604], [-8.808375, 41.364707], [-8.807859, 41.351614], [-8.79219, 41.357628], [-8.769513, 41.362668], [-8.745597, 41.363664], [-8.721699, 41.360037], [-8.697833, 41.350304], [-8.656638, 41.321272], [-8.647132, 41.312236], [-8.640761, 41.303209], [-8.638031, 41.294192], [-8.638112, 41.285185], [-8.640769, 41.276185], [-8.646216, 41.267194], [-8.662475, 41.252758], [-8.674439, 41.246994], [-8.710284, 41.237988], [-8.758052, 41.228788], [-8.78192, 41.227372], [-8.803081, 41.230295], [-8.80245, 41.214246]]]]}}, {"id": "1", "type": "Feature", "properties": {"fill": "#9c1c1c", "value_min": -3.67, "value_max": -3.33}, "geometry": {"type": "MultiPolygon", "coordinates": [[[[-7.722594, 41.79289], [-7.732829, 41.797163], [-7.744885, 41.796151], [-7.751338, 41.792388], [-7.756183, 41.783434], [-7.75108, 41.774372], [-7.745383, 41.770585], [-7.73338, 41.769185], [-7.728143, 41.771286], [-7.726972, 41.771756], [-7.726937, 41.77177], [-7.7254, 41.777152], [-7.727191, 41.779184], [-7.724177, 41.780299], [-7.725372, 41.781653], [-7.722594, 41.79289]], [[-7.733033, 41.786769], [-7.730408, 41.783152], [-7.733161, 41.780284], [-7.7458, 41.783321], [-7.745111, 41.784534], [-7.733033, 41.786769]]], [[[-7.890554, 41.724429], [-7.90258, 41.724241], [-7.905962, 41.72191], [-7.90705, 41.712913], [-7.902835, 41.709236], [-7.890819, 41.709019], [-7.886807, 41.712719], [-7.887001, 41.721728], [-7.890554, 41.724429]]], [[[-8.438745, 41.626669], [-8.444402, 41.63181], [-8.452463, 41.626735], [-8.444488, 41.621761], [-8.438745, 41.626669]]], [[[-8.512934, 41.581971], [-8.516794, 41.583839], [-8.523889, 41.582017], [-8.528847, 41.576183], [-8.528877, 41.572049], [-8.516915, 41.567675], [-8.508694, 41.572946], [-8.512934, 41.581971]]]]}}, {"id": "0", "type": "Feature", "properties": {"fill": "#881d1d", "value_min": -4.0, "value_max": -3.67}, "geometry": {"type": "Polygon", "coordinates": [[[-7.733033, 41.786769], [-7.745111, 41.784534], [-7.7458, 41.783321], [-7.733161, 41.780284], [-7.730408, 41.783152], [-7.733033, 41.786769]]]}}]}