{"type": "FeatureCollection", "features": [{"id": "14", "type": "Feature", "properties": {"fill": "#a3a3a3", "value_min": 0.67, "value_max": -1.0}, "geometry": {"type": "MultiPolygon", "coordinates": [[[[-8.012759, 41.830155], [-8.002549, 41.821865], [-7.985312, 41.814883], [-7.961266, 41.812791], [-7.93715, 41.815042], [-7.925031, 41.819777], [-7.913876, 41.830067], [-7.904434, 41.847991], [-7.903176, 41.860693], [-7.904318, 41.859795], [-7.907309, 41.865203], [-7.906095, 41.868126], [-7.910299, 41.871285], [-7.910285, 41.875562], [-7.91479, 41.879171], [-7.918103, 41.879165], [-7.908867, 41.866047], [-7.906894, 41.857021], [-7.907526, 41.84802], [-7.916187, 41.830089], [-7.926613, 41.82118], [-7.937124, 41.816644], [-7.949194, 41.814772], [-7.973266, 41.815265], [-7.993064, 41.821782], [-8.004976, 41.830892], [-8.009394, 41.838122], [-8.012753, 41.833624], [-8.012759, 41.830155]]], [[[-8.08215, 41.705439], [-8.09533, 41.696697], [-8.116865, 41.678689], [-8.117372, 41.669686], [-8.107728, 41.660605], [-8.095908, 41.655404], [-8.083919, 41.653974], [-8.071888, 41.655394], [-8.060677, 41.66023], [-8.051075, 41.669158], [-8.034474, 41.696041], [-8.033805, 41.705042], [-8.041146, 41.714111], [-8.046947, 41.717884], [-8.058943, 41.719609], [-8.07103, 41.715106], [-8.08215, 41.705439]], [[-8.047028, 41.712391], [-8.040908, 41.705102], [-8.0448, 41.696127], [-8.053614, 41.687193], [-8.054784, 41.678196], [-8.059734, 41.669229], [-8.070497, 41.66031], [-8.083877, 41.65694], [-8.095869, 41.658208], [-8.107797, 41.664163], [-8.113603, 41.669657], [-8.114028, 41.678668], [-8.104716, 41.687603], [-8.095355, 41.694961], [-8.089, 41.696486], [-8.083259, 41.700451], [-8.071195, 41.70367], [-8.059028, 41.713777], [-8.047028, 41.712391]]], [[[-8.361305, 41.536176], [-8.373339, 41.531434], [-8.37969, 41.527286], [-8.389521, 41.518331], [-8.394836, 41.509352], [-8.396601, 41.500354], [-8.396331, 41.446308], [-8.393459, 41.437285], [-8.382844, 41.419214], [-8.380668, 41.410194], [-8.39868, 41.383569], [-8.400555, 41.374269], [-8.398852, 41.364991], [-8.393378, 41.356217], [-8.38703, 41.350606], [-8.375131, 41.344884], [-8.363198, 41.342858], [-8.351236, 41.343768], [-8.339242, 41.347924], [-8.327191, 41.357393], [-8.322159, 41.364827], [-8.319639, 41.373819], [-8.321174, 41.400851], [-8.313624, 41.409814], [-8.290561, 41.427765], [-8.282952, 41.436649], [-8.275795, 41.454619], [-8.275617, 41.463626], [-8.280188, 41.481669], [-8.29164, 41.508762], [-8.296598, 41.5178], [-8.304427, 41.526855], [-8.313383, 41.533374], [-8.325325, 41.537698], [-8.337295, 41.53952], [-8.349289, 41.53902], [-8.361305, 41.536176]], [[-8.337383, 41.5309], [-8.325418, 41.528765], [-8.313485, 41.523677], [-8.301617, 41.512818], [-8.290521, 41.490741], [-8.286955, 41.472704], [-8.288201, 41.463704], [-8.292161, 41.454721], [-8.302359, 41.443621], [-8.3144, 41.437001], [-8.32641, 41.433033], [-8.338392, 41.431811], [-8.350351, 41.432799], [-8.362282, 41.436625], [-8.376953, 41.446204], [-8.383648, 41.455248], [-8.386921, 41.464273], [-8.389729, 41.49131], [-8.388514, 41.500311], [-8.384524, 41.509297], [-8.37344, 41.520934], [-8.361395, 41.527024], [-8.349376, 41.530351], [-8.337383, 41.5309]]], [[[-8.146243, 41.481333], [-8.146781, 41.47175], [-8.141449, 41.462702], [-8.134586, 41.457252], [-8.122662, 41.453546], [-8.11069, 41.4535], [-8.098666, 41.457227], [-8.092298, 41.462325], [-8.086986, 41.47129], [-8.087407, 41.480301], [-8.093883, 41.48936], [-8.110112, 41.495781], [-8.122082, 41.496564], [-8.134105, 41.493377], [-8.141104, 41.489722], [-8.146243, 41.481333]], [[-8.11016, 41.49227], [-8.102744, 41.489429], [-8.095867, 41.480368], [-8.098258, 41.471379], [-8.110546, 41.464074], [-8.122518, 41.464229], [-8.134397, 41.471465], [-8.137149, 41.480685], [-8.130798, 41.489645], [-8.122134, 41.492677], [-8.11016, 41.49227]]], [[[-8.808291, 41.362568], [-8.781455, 41.366914], [-8.757543, 41.36634], [-8.733649, 41.361558], [-8.709782, 41.351324], [-8.674038, 41.327764], [-8.643631, 41.303217], [-8.630676, 41.285161], [-8.628348, 41.276146], [-8.630835, 41.258138], [-8.638651, 41.243981], [-8.650654, 41.231016], [-8.66262, 41.224437], [-8.698438, 41.219109], [-8.71497, 41.213338], [-8.74627, 41.189904], [-8.758216, 41.18417], [-8.770151, 41.180972], [-8.782078, 41.179829], [-8.801152, 41.181188], [-8.799695, 41.14406], [-8.67527, 41.147484], [-8.676193, 41.146567], [-8.674793, 41.146932], [-8.674204, 41.147693], [-8.674849, 41.153767], [-8.672489, 41.15648], [-8.66117, 41.156307], [-8.662078, 41.158104], [-8.660313, 41.160813], [-8.657033, 41.160378], [-8.654961, 41.161963], [-8.653231, 41.169174], [-8.655366, 41.175467], [-8.647955, 41.180228], [-8.647696, 41.185181], [-8.640929, 41.196241], [-8.634946, 41.193341], [-8.632526, 41.188624], [-8.625658, 41.186628], [-8.623495, 41.18191], [-8.621195, 41.222076], [-8.608605, 41.258065], [-8.607602, 41.267069], [-8.60952, 41.276083], [-8.623166, 41.294145], [-8.697838, 41.349302], [-8.733606, 41.371996], [-8.757489, 41.380768], [-8.76944, 41.383293], [-8.793352, 41.385765], [-8.809195, 41.385464], [-8.808291, 41.362568]]]]}}, {"id": "13", "type": "Feature", "properties": {"fill": "#a3a3a3", "value_min": 0.33, "value_max": -0.67}, "geometry": {"type": "MultiPolygon", "coordinates": [[[[-8.025097, 41.830261], [-8.009332, 41.818727], [-7.997368, 41.813834], [-7.985372, 41.811065], [-7.961302, 41.810533], [-7.937177, 41.813439], [-7.925073, 41.817278], [-7.911319, 41.830043], [-7.901342, 41.847961], [-7.898224, 41.860458], [-7.900698, 41.861588], [-7.903176, 41.860693], [-7.904434, 41.847991], [-7.913876, 41.830067], [-7.925031, 41.819777], [-7.93715, 41.815042], [-7.961266, 41.812791], [-7.985312, 41.814883], [-8.002549, 41.821865], [-8.012759, 41.830155], [-8.014266, 41.828899], [-8.017873, 41.831379], [-8.025097, 41.830261]]], [[[-8.083041, 41.715813], [-8.08963, 41.705498], [-8.095261, 41.701624], [-8.098011, 41.696557], [-8.119869, 41.678713], [-8.122407, 41.669725], [-8.11375, 41.660651], [-8.095948, 41.652599], [-8.083963, 41.650872], [-8.069295, 41.651293], [-8.059914, 41.652925], [-8.040402, 41.660062], [-8.02906, 41.677981], [-8.026229, 41.686964], [-8.025105, 41.695962], [-8.026979, 41.704985], [-8.034969, 41.714939], [-8.046877, 41.722613], [-8.058853, 41.72581], [-8.070901, 41.724042], [-8.083041, 41.715813]], [[-8.08215, 41.705439], [-8.07103, 41.715106], [-8.058943, 41.719609], [-8.046947, 41.717884], [-8.041146, 41.714111], [-8.033805, 41.705042], [-8.034474, 41.696041], [-8.051075, 41.669158], [-8.060677, 41.66023], [-8.071888, 41.655394], [-8.083919, 41.653974], [-8.095908, 41.655404], [-8.107728, 41.660605], [-8.117372, 41.669686], [-8.116865, 41.678689], [-8.09533, 41.696697], [-8.08215, 41.705439]]], [[[-8.13114, 41.714721], [-8.131139, 41.714858], [-8.131331, 41.714828], [-8.13114, 41.714721]]], [[[-8.457177, 41.539955], [-8.445145, 41.545112], [-8.44491, 41.545634], [-8.457112, 41.547817], [-8.459442, 41.545703], [-8.457177, 41.539955]]], [[[-8.173554, 41.377436], [-8.17585, 41.390895], [-8.183172, 41.402005], [-8.195015, 41.411747], [-8.230705, 41.42909], [-8.242536, 41.440905], [-8.277861, 41.493747], [-8.289498, 41.525125], [-8.301317, 41.540645], [-8.313236, 41.547282], [-8.32519, 41.550765], [-8.337168, 41.551983], [-8.361175, 41.549412], [-8.37339, 41.545266], [-8.39045, 41.536351], [-8.400696, 41.527397], [-8.406866, 41.518422], [-8.409567, 41.509428], [-8.405919, 41.482387], [-8.40733, 41.473387], [-8.409885, 41.467065], [-8.426134, 41.44646], [-8.431031, 41.437477], [-8.441577, 41.410506], [-8.446378, 41.392514], [-8.448566, 41.365502], [-8.442964, 41.338452], [-8.433901, 41.320392], [-8.423274, 41.307211], [-8.416686, 41.301823], [-8.407744, 41.304856], [-8.406262, 41.307335], [-8.402979, 41.307568], [-8.401801, 41.311398], [-8.399712, 41.311628], [-8.400316, 41.313202], [-8.396738, 41.314336], [-8.398835, 41.316131], [-8.393775, 41.31997], [-8.393489, 41.323122], [-8.391105, 41.324253], [-8.386325, 41.323588], [-8.380382, 41.331254], [-8.375305, 41.33104], [-8.37201, 41.328346], [-8.361563, 41.329718], [-8.358276, 41.329049], [-8.357673, 41.327249], [-8.350207, 41.327264], [-8.346032, 41.328847], [-8.342462, 41.333131], [-8.333215, 41.336299], [-8.326363, 41.342163], [-8.324568, 41.341041], [-8.323376, 41.341943], [-8.316788, 41.335876], [-8.313802, 41.336331], [-8.310792, 41.327557], [-8.308701, 41.327561], [-8.307502, 41.325762], [-8.305116, 41.326891], [-8.303024, 41.325994], [-8.303615, 41.323742], [-8.301216, 41.319694], [-8.296431, 41.316774], [-8.297618, 41.313846], [-8.295817, 41.310022], [-8.281801, 41.316569], [-8.279132, 41.324451], [-8.272266, 41.32536], [-8.265709, 41.331221], [-8.269004, 41.336169], [-8.263339, 41.340902], [-8.262751, 41.345405], [-8.256483, 41.347663], [-8.255889, 41.349689], [-8.249622, 41.353072], [-8.251123, 41.356897], [-8.248141, 41.360052], [-8.248448, 41.364328], [-8.245461, 41.364781], [-8.244272, 41.368384], [-8.241287, 41.370413], [-8.224854, 41.370878], [-8.21738, 41.368182], [-8.214399, 41.373587], [-8.208127, 41.376968], [-8.199163, 41.377423], [-8.194677, 41.374275], [-8.191691, 41.376302], [-8.189299, 41.375403], [-8.173554, 41.377436]], [[-8.361305, 41.536176], [-8.349289, 41.53902], [-8.337295, 41.53952], [-8.325325, 41.537698], [-8.313383, 41.533374], [-8.304427, 41.526855], [-8.296598, 41.5178], [-8.29164, 41.508762], [-8.280188, 41.481669], [-8.275617, 41.463626], [-8.275795, 41.454619], [-8.282952, 41.436649], [-8.290561, 41.427765], [-8.313624, 41.409814], [-8.321174, 41.400851], [-8.319639, 41.373819], [-8.322159, 41.364827], [-8.327191, 41.357393], [-8.339242, 41.347924], [-8.351236, 41.343768], [-8.363198, 41.342858], [-8.375131, 41.344884], [-8.38703, 41.350606], [-8.393378, 41.356217], [-8.398852, 41.364991], [-8.400555, 41.374269], [-8.39868, 41.383569], [-8.380668, 41.410194], [-8.382844, 41.419214], [-8.393459, 41.437285], [-8.396331, 41.446308], [-8.396601, 41.500354], [-8.394836, 41.509352], [-8.389521, 41.518331], [-8.37969, 41.527286], [-8.373339, 41.531434], [-8.361305, 41.536176]]], [[[-8.074432, 41.468591], [-8.076861, 41.480217], [-8.0852, 41.489291], [-8.107165, 41.498471], [-8.122036, 41.499947], [-8.134317, 41.498678], [-8.153289, 41.489812], [-8.159783, 41.480853], [-8.162857, 41.471868], [-8.162593, 41.462858], [-8.158936, 41.453824], [-8.151341, 41.444761], [-8.146768, 41.441272], [-8.134859, 41.436649], [-8.122911, 41.435111], [-8.110931, 41.435847], [-8.098922, 41.438763], [-8.086854, 41.4457], [-8.079452, 41.453216], [-8.074987, 41.462187], [-8.074468, 41.468178], [-8.074432, 41.468591]], [[-8.146243, 41.481333], [-8.141104, 41.489722], [-8.134105, 41.493377], [-8.122082, 41.496564], [-8.110112, 41.495781], [-8.093883, 41.48936], [-8.087407, 41.480301], [-8.086986, 41.47129], [-8.092298, 41.462325], [-8.098666, 41.457227], [-8.11069, 41.4535], [-8.122662, 41.453546], [-8.134586, 41.457252], [-8.141449, 41.462702], [-8.146781, 41.47175], [-8.146243, 41.481333]]], [[[-8.683582, 41.474479], [-8.673343, 41.466619], [-8.661365, 41.467095], [-8.652986, 41.474391], [-8.654494, 41.483403], [-8.661256, 41.488184], [-8.673232, 41.48873], [-8.682091, 41.483482], [-8.683582, 41.474479]]], [[[-8.565533, 41.471546], [-8.57507, 41.465122], [-8.578901, 41.456128], [-8.576228, 41.447111], [-8.565756, 41.438116], [-8.55381, 41.434636], [-8.541837, 41.435216], [-8.535227, 41.437945], [-8.525757, 41.446914], [-8.524888, 41.455918], [-8.530117, 41.464947], [-8.541578, 41.471943], [-8.55354, 41.474108], [-8.565533, 41.471546]]], [[[-8.809195, 41.385464], [-8.793352, 41.385765], [-8.76944, 41.383293], [-8.757489, 41.380768], [-8.733606, 41.371996], [-8.697838, 41.349302], [-8.623166, 41.294145], [-8.60952, 41.276083], [-8.607602, 41.267069], [-8.608605, 41.258065], [-8.621195, 41.222076], [-8.623495, 41.18191], [-8.621132, 41.178994], [-8.613374, 41.177451], [-8.608583, 41.174095], [-8.609164, 41.172066], [-8.604942, 41.164881], [-8.59422, 41.165149], [-8.589174, 41.167645], [-8.589194, 41.170572], [-8.583263, 41.174422], [-8.582094, 41.177803], [-8.578825, 41.178941], [-8.581296, 41.191762], [-8.575958, 41.195609], [-8.576001, 41.202041], [-8.579232, 41.204518], [-8.58386, 41.212939], [-8.585145, 41.221951], [-8.582483, 41.23095], [-8.579027, 41.236423], [-8.552954, 41.257862], [-8.554232, 41.266875], [-8.563316, 41.275918], [-8.579422, 41.284985], [-8.626361, 41.306255], [-8.662092, 41.326955], [-8.690102, 41.34839], [-8.733531, 41.39031], [-8.757392, 41.40703], [-8.781285, 41.417466], [-8.808671, 41.424198], [-8.811211, 41.415789], [-8.809195, 41.385464]]]]}}, {"id": "12", "type": "Feature", "properties": {"fill": "#a3a3a3", "value_min": 0.0, "value_max": -0.33}, "geometry": {"type": "MultiPolygon", "coordinates": [[[[-8.041351, 41.827559], [-8.035215, 41.822144], [-8.021435, 41.814568], [-7.997464, 41.807645], [-7.973399, 41.806904], [-7.937208, 41.811564], [-7.925115, 41.814778], [-7.912906, 41.824783], [-7.902535, 41.838966], [-7.892806, 41.859097], [-7.898224, 41.860458], [-7.901342, 41.847961], [-7.911319, 41.830043], [-7.925073, 41.817278], [-7.937177, 41.813439], [-7.961302, 41.810533], [-7.985372, 41.811065], [-7.997368, 41.813834], [-8.009332, 41.818727], [-8.025097, 41.830261], [-8.030816, 41.82959], [-8.037134, 41.831171], [-8.041351, 41.827559]]], [[[-8.442516, 41.710425], [-8.431783, 41.701616], [-8.419795, 41.698172], [-8.407771, 41.698854], [-8.39569, 41.705511], [-8.390987, 41.716497], [-8.393043, 41.725515], [-8.39694, 41.730072], [-8.400531, 41.726683], [-8.402934, 41.726452], [-8.404721, 41.722847], [-8.417349, 41.725067], [-8.422737, 41.720552], [-8.429643, 41.719859], [-8.430533, 41.717381], [-8.435927, 41.714441], [-8.441333, 41.714201], [-8.442516, 41.710425]]], [[[-8.082813, 41.731821], [-8.092242, 41.723533], [-8.096159, 41.70555], [-8.100604, 41.696577], [-8.119564, 41.682121], [-8.128082, 41.678775], [-8.129568, 41.669779], [-8.119765, 41.660698], [-8.10794, 41.653795], [-8.095997, 41.649085], [-8.060027, 41.645167], [-8.024097, 41.638913], [-8.012058, 41.641078], [-7.999921, 41.65071], [-7.997348, 41.659695], [-7.999182, 41.668718], [-8.018791, 41.704915], [-8.027374, 41.713995], [-8.046786, 41.728792], [-8.05874, 41.733553], [-8.070742, 41.73506], [-8.082813, 41.731821]], [[-8.083041, 41.715813], [-8.070901, 41.724042], [-8.058853, 41.72581], [-8.046877, 41.722613], [-8.034969, 41.714939], [-8.026979, 41.704985], [-8.025105, 41.695962], [-8.026229, 41.686964], [-8.02906, 41.677981], [-8.040402, 41.660062], [-8.059914, 41.652925], [-8.069295, 41.651293], [-8.083963, 41.650872], [-8.095948, 41.652599], [-8.11375, 41.660651], [-8.122407, 41.669725], [-8.119869, 41.678713], [-8.098011, 41.696557], [-8.095261, 41.701624], [-8.08963, 41.705498], [-8.083041, 41.715813]]], [[[-8.150739, 41.705966], [-8.143341, 41.701231], [-8.131288, 41.703749], [-8.124144, 41.714773], [-8.13104, 41.722199], [-8.143091, 41.720011], [-8.14973, 41.714965], [-8.150739, 41.705966]], [[-8.13114, 41.714721], [-8.131331, 41.714828], [-8.131139, 41.714858], [-8.13114, 41.714721]]], [[[-8.395933, 41.679611], [-8.400615, 41.671513], [-8.398831, 41.662496], [-8.384173, 41.652902], [-8.372157, 41.653474], [-8.361287, 41.662294], [-8.361038, 41.671299], [-8.371881, 41.681933], [-8.383871, 41.684503], [-8.395933, 41.679611]]], [[[-8.066073, 41.483923], [-8.072271, 41.489187], [-8.09393, 41.498367], [-8.110034, 41.501502], [-8.133978, 41.502937], [-8.157668, 41.498852], [-8.175697, 41.489975], [-8.19422, 41.476034], [-8.206251, 41.471611], [-8.218242, 41.470302], [-8.242145, 41.474529], [-8.254056, 41.480232], [-8.265923, 41.490008], [-8.271961, 41.499632], [-8.276179, 41.517673], [-8.275317, 41.535683], [-8.277249, 41.544702], [-8.283143, 41.553746], [-8.289128, 41.558976], [-8.301048, 41.565658], [-8.312999, 41.569614], [-8.324974, 41.571531], [-8.336964, 41.57194], [-8.360982, 41.568962], [-8.409082, 41.555437], [-8.421067, 41.556121], [-8.445006, 41.561347], [-8.457009, 41.560032], [-8.466896, 41.554745], [-8.473472, 41.545768], [-8.471342, 41.536751], [-8.457283, 41.527377], [-8.439395, 41.518585], [-8.437524, 41.509568], [-8.440752, 41.500577], [-8.457687, 41.478922], [-8.46974, 41.469647], [-8.481744, 41.466105], [-8.493712, 41.466988], [-8.54145, 41.490222], [-8.577765, 41.501161], [-8.585798, 41.510198], [-8.591713, 41.528234], [-8.597352, 41.537261], [-8.612975, 41.549243], [-8.624942, 41.553338], [-8.648914, 41.555213], [-8.7089, 41.548936], [-8.768867, 41.54487], [-8.822183, 41.546851], [-8.821717, 41.533832], [-8.815926, 41.525624], [-8.81063, 41.5101], [-8.813279, 41.503483], [-8.812636, 41.496944], [-8.804699, 41.482068], [-8.798552, 41.474753], [-8.80154, 41.446836], [-8.806115, 41.43713], [-8.808671, 41.424198], [-8.781285, 41.417466], [-8.757392, 41.40703], [-8.733531, 41.39031], [-8.690102, 41.34839], [-8.662092, 41.326955], [-8.626361, 41.306255], [-8.579422, 41.284985], [-8.563316, 41.275918], [-8.554232, 41.266875], [-8.552954, 41.257862], [-8.579027, 41.236423], [-8.582483, 41.23095], [-8.585145, 41.221951], [-8.58386, 41.212939], [-8.579232, 41.204518], [-8.576001, 41.202041], [-8.57423, 41.20462], [-8.568566, 41.204416], [-8.565895, 41.206227], [-8.567697, 41.208246], [-8.566512, 41.209376], [-8.559636, 41.206251], [-8.554271, 41.20627], [-8.549521, 41.209214], [-8.544157, 41.209458], [-8.54238, 41.211265], [-8.533747, 41.213097], [-8.529858, 41.210859], [-8.52713, 41.203215], [-8.523236, 41.200077], [-8.51163, 41.203042], [-8.510456, 41.206197], [-8.505693, 41.207113], [-8.504239, 41.213646], [-8.500076, 41.21546], [-8.50308, 41.219502], [-8.502204, 41.222656], [-8.495642, 41.222227], [-8.495947, 41.223351], [-8.490894, 41.226294], [-8.487935, 41.230354], [-8.490331, 41.232373], [-8.489156, 41.235528], [-8.486181, 41.236888], [-8.484411, 41.240495], [-8.476346, 41.237818], [-8.475756, 41.23917], [-8.470986, 41.23941], [-8.471604, 41.243459], [-8.469227, 41.245267], [-8.463258, 41.244384], [-8.459989, 41.246644], [-8.454323, 41.246886], [-8.455541, 41.251834], [-8.452276, 41.25522], [-8.449891, 41.255452], [-8.449304, 41.257479], [-8.447812, 41.257258], [-8.449028, 41.261982], [-8.439785, 41.262907], [-8.438023, 41.268989], [-8.434745, 41.269673], [-8.432691, 41.277107], [-8.427032, 41.279372], [-8.429143, 41.284319], [-8.426171, 41.287028], [-8.425606, 41.294007], [-8.422037, 41.296942], [-8.421756, 41.30077], [-8.416686, 41.301823], [-8.423274, 41.307211], [-8.433901, 41.320392], [-8.442964, 41.338452], [-8.448566, 41.365502], [-8.446378, 41.392514], [-8.441577, 41.410506], [-8.431031, 41.437477], [-8.426134, 41.44646], [-8.409885, 41.467065], [-8.40733, 41.473387], [-8.405919, 41.482387], [-8.409567, 41.509428], [-8.406866, 41.518422], [-8.400696, 41.527397], [-8.39045, 41.536351], [-8.37339, 41.545266], [-8.361175, 41.549412], [-8.337168, 41.551983], [-8.32519, 41.550765], [-8.313236, 41.547282], [-8.301317, 41.540645], [-8.289498, 41.525125], [-8.277861, 41.493747], [-8.242536, 41.440905], [-8.230705, 41.42909], [-8.195015, 41.411747], [-8.183172, 41.402005], [-8.17585, 41.390895], [-8.173554, 41.377436], [-8.168382, 41.377438], [-8.1642, 41.38059], [-8.152544, 41.375866], [-8.151049, 41.37339], [-8.145073, 41.374742], [-8.139694, 41.377894], [-8.133418, 41.374292], [-8.119672, 41.376768], [-8.119672, 41.378569], [-8.116683, 41.380144], [-8.117578, 41.386447], [-8.113992, 41.386896], [-8.112795, 41.390723], [-8.110105, 41.390947], [-8.108011, 41.393648], [-8.103827, 41.392972], [-8.105321, 41.394998], [-8.10263, 41.396123], [-8.10801, 41.398825], [-8.108606, 41.403102], [-8.104419, 41.406252], [-8.104119, 41.408728], [-8.101727, 41.409403], [-8.102025, 41.411204], [-8.092756, 41.411201], [-8.09126, 41.414352], [-8.079893, 41.41975], [-8.077503, 41.416597], [-8.070923, 41.41862], [-8.066739, 41.416142], [-8.061654, 41.417489], [-8.059852, 41.424916], [-8.055959, 41.429415], [-8.05745, 41.432793], [-8.056549, 41.436394], [-8.069999, 41.447206], [-8.068788, 41.462286], [-8.073872, 41.46499], [-8.074468, 41.468178], [-8.074987, 41.462187], [-8.079452, 41.453216], [-8.086854, 41.4457], [-8.098922, 41.438763], [-8.110931, 41.435847], [-8.122911, 41.435111], [-8.134859, 41.436649], [-8.146768, 41.441272], [-8.151341, 41.444761], [-8.158936, 41.453824], [-8.162593, 41.462858], [-8.162857, 41.471868], [-8.159783, 41.480853], [-8.153289, 41.489812], [-8.134317, 41.498678], [-8.122036, 41.499947], [-8.107165, 41.498471], [-8.0852, 41.489291], [-8.076861, 41.480217], [-8.074432, 41.468591], [-8.073564, 41.474668], [-8.066073, 41.483923]], [[-8.457177, 41.539955], [-8.459442, 41.545703], [-8.457112, 41.547817], [-8.44491, 41.545634], [-8.445145, 41.545112], [-8.457177, 41.539955]], [[-8.683582, 41.474479], [-8.682091, 41.483482], [-8.673232, 41.48873], [-8.661256, 41.488184], [-8.654494, 41.483403], [-8.652986, 41.474391], [-8.661365, 41.467095], [-8.673343, 41.466619], [-8.683582, 41.474479]], [[-8.565533, 41.471546], [-8.55354, 41.474108], [-8.541578, 41.471943], [-8.530117, 41.464947], [-8.524888, 41.455918], [-8.525757, 41.446914], [-8.535227, 41.437945], [-8.541837, 41.435216], [-8.55381, 41.434636], [-8.565756, 41.438116], [-8.576228, 41.447111], [-8.578901, 41.456128], [-8.57507, 41.465122], [-8.565533, 41.471546]], [[-8.661544, 41.43273], [-8.637586, 41.436384], [-8.625614, 41.436767], [-8.613655, 41.434978], [-8.541428, 41.40194], [-8.529258, 41.392883], [-8.522236, 41.383847], [-8.518719, 41.374824], [-8.516814, 41.356801], [-8.521939, 41.338807], [-8.528371, 41.329826], [-8.538935, 41.320861], [-8.559114, 41.311932], [-8.578566, 41.308135], [-8.602457, 41.308394], [-8.614391, 41.310464], [-8.638242, 41.317978], [-8.650159, 41.323773], [-8.673521, 41.339337], [-8.683664, 41.348373], [-8.692015, 41.357403], [-8.703579, 41.375449], [-8.708793, 41.393477], [-8.708807, 41.402485], [-8.706166, 41.411486], [-8.697505, 41.421111], [-8.68551, 41.427007], [-8.661544, 41.43273]]]]}}, {"id": "15", "type": "Feature", "properties": {"fill": "#97a3b2", "value_min": 1.0, "value_max": -1.33}, "geometry": {"type": "MultiPolygon", "coordinates": [[[[-8.009394, 41.838122], [-8.004976, 41.830892], [-7.993064, 41.821782], [-7.973266, 41.815265], [-7.949194, 41.814772], [-7.937124, 41.816644], [-7.926613, 41.82118], [-7.916187, 41.830089], [-7.907526, 41.84802], [-7.906894, 41.857021], [-7.908867, 41.866047], [-7.918103, 41.879165], [-7.924594, 41.878064], [-7.914089, 41.866096], [-7.910837, 41.857059], [-7.910617, 41.84805], [-7.913259, 41.839068], [-7.918498, 41.830111], [-7.924956, 41.824265], [-7.937097, 41.818247], [-7.949172, 41.816115], [-7.961216, 41.815892], [-7.97323, 41.817489], [-7.98505, 41.821711], [-7.997705, 41.830829], [-8.004138, 41.839892], [-8.005525, 41.845996], [-8.009394, 41.838122]]], [[[-7.925015, 41.87829], [-7.925015, 41.87829], [-7.924731, 41.878138], [-7.925015, 41.87829]]], [[[-8.005679, 41.846671], [-8.005679, 41.846671], [-8.005805, 41.847224], [-8.005679, 41.846671]]], [[[-8.047028, 41.712391], [-8.059028, 41.713777], [-8.071195, 41.70367], [-8.083259, 41.700451], [-8.089, 41.696486], [-8.095355, 41.694961], [-8.104716, 41.687603], [-8.114028, 41.678668], [-8.113603, 41.669657], [-8.107797, 41.664163], [-8.095869, 41.658208], [-8.083877, 41.65694], [-8.070497, 41.66031], [-8.059734, 41.669229], [-8.054784, 41.678196], [-8.053614, 41.687193], [-8.0448, 41.696127], [-8.040908, 41.705102], [-8.047028, 41.712391]], [[-8.08332, 41.696172], [-8.071329, 41.694334], [-8.062797, 41.687268], [-8.061123, 41.678248], [-8.064625, 41.669269], [-8.071769, 41.663695], [-8.083835, 41.659904], [-8.095832, 41.660877], [-8.109834, 41.669628], [-8.111193, 41.678646], [-8.095377, 41.693332], [-8.08332, 41.696172]]], [[[-8.337383, 41.5309], [-8.349376, 41.530351], [-8.361395, 41.527024], [-8.37344, 41.520934], [-8.384524, 41.509297], [-8.388514, 41.500311], [-8.389729, 41.49131], [-8.386921, 41.464273], [-8.383648, 41.455248], [-8.376953, 41.446204], [-8.362282, 41.436625], [-8.350351, 41.432799], [-8.338392, 41.431811], [-8.32641, 41.433033], [-8.3144, 41.437001], [-8.302359, 41.443621], [-8.292161, 41.454721], [-8.288201, 41.463704], [-8.286955, 41.472704], [-8.290521, 41.490741], [-8.301617, 41.512818], [-8.313485, 41.523677], [-8.325418, 41.528765], [-8.337383, 41.5309]], [[-8.349441, 41.523836], [-8.337449, 41.52439], [-8.325487, 41.522164], [-8.313566, 41.516067], [-8.305892, 41.508849], [-8.299813, 41.499805], [-8.294347, 41.481757], [-8.294865, 41.472753], [-8.298299, 41.463766], [-8.306017, 41.454806], [-8.314273, 41.448999], [-8.326288, 41.444817], [-8.338276, 41.443199], [-8.350235, 41.4444], [-8.362168, 41.448301], [-8.371715, 41.455183], [-8.378903, 41.46423], [-8.383828, 41.482271], [-8.381986, 41.500276], [-8.376538, 41.509254], [-8.361462, 41.520198], [-8.349441, 41.523836]]], [[[-8.11016, 41.49227], [-8.122134, 41.492677], [-8.130798, 41.489645], [-8.137149, 41.480685], [-8.134397, 41.471465], [-8.122518, 41.464229], [-8.110546, 41.464074], [-8.098258, 41.471379], [-8.095867, 41.480368], [-8.102744, 41.489429], [-8.11016, 41.49227]], [[-8.110238, 41.486558], [-8.105793, 41.480446], [-8.110404, 41.47441], [-8.122376, 41.474776], [-8.126684, 41.480606], [-8.122217, 41.486556], [-8.110238, 41.486558]]], [[[-8.801152, 41.181188], [-8.782078, 41.179829], [-8.770151, 41.180972], [-8.758216, 41.18417], [-8.74627, 41.189904], [-8.71497, 41.213338], [-8.698438, 41.219109], [-8.66262, 41.224437], [-8.650654, 41.231016], [-8.638651, 41.243981], [-8.630835, 41.258138], [-8.628348, 41.276146], [-8.630676, 41.285161], [-8.643631, 41.303217], [-8.674038, 41.327764], [-8.709782, 41.351324], [-8.733649, 41.361558], [-8.757543, 41.36634], [-8.781455, 41.366914], [-8.808291, 41.362568], [-8.80757, 41.344284], [-8.781499, 41.35359], [-8.757581, 41.356161], [-8.73368, 41.353869], [-8.709806, 41.345967], [-8.685964, 41.33256], [-8.659818, 41.312274], [-8.645057, 41.294214], [-8.641663, 41.285196], [-8.640914, 41.276186], [-8.642688, 41.267183], [-8.650531, 41.254131], [-8.662521, 41.243822], [-8.674482, 41.2385], [-8.758094, 41.217375], [-8.781957, 41.216334], [-8.80271, 41.220844], [-8.801152, 41.181188]]]]}}, {"id": "16", "type": "Feature", "properties": {"fill": "#80a4d0", "value_min": 1.33, "value_max": -1.67}, "geometry": {"type": "MultiPolygon", "coordinates": [[[[-8.005805, 41.847224], [-8.005679, 41.846671], [-8.005525, 41.845996], [-8.004138, 41.839892], [-7.997705, 41.830829], [-7.98505, 41.821711], [-7.97323, 41.817489], [-7.961216, 41.815892], [-7.949172, 41.816115], [-7.937097, 41.818247], [-7.924956, 41.824265], [-7.918498, 41.830111], [-7.913259, 41.839068], [-7.910617, 41.84805], [-7.910837, 41.857059], [-7.914089, 41.866096], [-7.924594, 41.878064], [-7.924731, 41.878138], [-7.925015, 41.87829], [-7.931798, 41.876501], [-7.92416, 41.871825], [-7.919064, 41.866143], [-7.914431, 41.857093], [-7.913461, 41.848077], [-7.915353, 41.839088], [-7.920807, 41.830132], [-7.937071, 41.81985], [-7.94915, 41.817459], [-7.961191, 41.817443], [-7.978629, 41.821654], [-7.992614, 41.830785], [-7.998093, 41.839839], [-7.999771, 41.850716], [-8.003089, 41.850494], [-8.005805, 41.847224]]], [[[-8.08332, 41.696172], [-8.095377, 41.693332], [-8.111193, 41.678646], [-8.109834, 41.669628], [-8.095832, 41.660877], [-8.083835, 41.659904], [-8.071769, 41.663695], [-8.064625, 41.669269], [-8.061123, 41.678248], [-8.062797, 41.687268], [-8.071329, 41.694334], [-8.08332, 41.696172]], [[-8.083349, 41.694138], [-8.06904, 41.687319], [-8.065023, 41.678279], [-8.071713, 41.667594], [-8.083802, 41.6622], [-8.095803, 41.662919], [-8.106283, 41.669601], [-8.108357, 41.678624], [-8.0954, 41.691703], [-8.083349, 41.694138]]], [[[-8.349441, 41.523836], [-8.361462, 41.520198], [-8.376538, 41.509254], [-8.381986, 41.500276], [-8.383828, 41.482271], [-8.378903, 41.46423], [-8.371715, 41.455183], [-8.362168, 41.448301], [-8.350235, 41.4444], [-8.338276, 41.443199], [-8.326288, 41.444817], [-8.314273, 41.448999], [-8.306017, 41.454806], [-8.298299, 41.463766], [-8.294865, 41.472753], [-8.294347, 41.481757], [-8.299813, 41.499805], [-8.305892, 41.508849], [-8.313566, 41.516067], [-8.325487, 41.522164], [-8.337449, 41.52439], [-8.349441, 41.523836]], [[-8.337504, 41.519023], [-8.325545, 41.516539], [-8.312809, 41.508891], [-8.305255, 41.499838], [-8.300243, 41.481793], [-8.302065, 41.472797], [-8.307446, 41.463822], [-8.314179, 41.457935], [-8.326209, 41.452455], [-8.338201, 41.450548], [-8.350162, 41.451713], [-8.362088, 41.456447], [-8.371199, 41.464188], [-8.37684, 41.473226], [-8.379283, 41.482247], [-8.379278, 41.491254], [-8.373602, 41.504113], [-8.361518, 41.514484], [-8.349497, 41.518265], [-8.337504, 41.519023]]], [[[-8.110238, 41.486558], [-8.122217, 41.486556], [-8.126684, 41.480606], [-8.122376, 41.474776], [-8.110404, 41.47441], [-8.105793, 41.480446], [-8.110238, 41.486558]]], [[[-8.80271, 41.220844], [-8.781957, 41.216334], [-8.758094, 41.217375], [-8.674482, 41.2385], [-8.662521, 41.243822], [-8.650531, 41.254131], [-8.642688, 41.267183], [-8.640914, 41.276186], [-8.641663, 41.285196], [-8.645057, 41.294214], [-8.659818, 41.312274], [-8.685964, 41.33256], [-8.709806, 41.345967], [-8.73368, 41.353869], [-8.757581, 41.356161], [-8.781499, 41.35359], [-8.80757, 41.344284], [-8.806877, 41.326718], [-8.787307, 41.339603], [-8.769572, 41.345725], [-8.745657, 41.348254], [-8.721762, 41.345292], [-8.697899, 41.336006], [-8.675523, 41.321327], [-8.657424, 41.303259], [-8.652572, 41.294237], [-8.65052, 41.285223], [-8.650939, 41.276217], [-8.654158, 41.267218], [-8.662452, 41.257115], [-8.674429, 41.24911], [-8.698336, 41.241123], [-8.734167, 41.23413], [-8.758038, 41.232587], [-8.781891, 41.23593], [-8.79381, 41.240604], [-8.803727, 41.246716], [-8.80271, 41.220844]]]]}}, {"id": "17", "type": "Feature", "properties": {"fill": "#6ba5ec", "value_min": 1.67, "value_max": -2.0}, "geometry": {"type": "MultiPolygon", "coordinates": [[[[-7.999771, 41.850716], [-7.998093, 41.839839], [-7.992614, 41.830785], [-7.978629, 41.821654], [-7.961191, 41.817443], [-7.94915, 41.817459], [-7.937071, 41.81985], [-7.920807, 41.830132], [-7.915353, 41.839088], [-7.913461, 41.848077], [-7.914431, 41.857093], [-7.919064, 41.866143], [-7.92416, 41.871825], [-7.931798, 41.876501], [-7.937692, 41.874648], [-7.92404, 41.86619], [-7.917806, 41.857124], [-7.91591, 41.8481], [-7.917446, 41.839108], [-7.923118, 41.830154], [-7.937044, 41.821438], [-7.949128, 41.818802], [-7.961166, 41.818994], [-7.973159, 41.821928], [-7.985092, 41.828813], [-7.993663, 41.839801], [-7.994874, 41.848818], [-7.991635, 41.859034], [-7.995547, 41.858138], [-7.994044, 41.856786], [-7.994652, 41.853861], [-7.996765, 41.851162], [-7.999771, 41.850716]]], [[[-7.991631, 41.859039], [-7.991631, 41.859039], [-7.991459, 41.859259], [-7.991631, 41.859039]]], [[[-7.989819, 41.861359], [-7.984476, 41.867734], [-7.970817, 41.875123], [-7.973828, 41.875216], [-7.987996, 41.869157], [-7.989819, 41.861359]]], [[[-8.083349, 41.694138], [-8.0954, 41.691703], [-8.108357, 41.678624], [-8.106283, 41.669601], [-8.095803, 41.662919], [-8.083802, 41.6622], [-8.071713, 41.667594], [-8.065023, 41.678279], [-8.06904, 41.687319], [-8.083349, 41.694138]], [[-8.083378, 41.692104], [-8.073975, 41.687359], [-8.068922, 41.678311], [-8.073985, 41.669345], [-8.083771, 41.664355], [-8.095775, 41.664962], [-8.103011, 41.669575], [-8.106208, 41.678607], [-8.095423, 41.690074], [-8.083378, 41.692104]]], [[[-8.337504, 41.519023], [-8.349497, 41.518265], [-8.361518, 41.514484], [-8.373602, 41.504113], [-8.379278, 41.491254], [-8.379283, 41.482247], [-8.37684, 41.473226], [-8.371199, 41.464188], [-8.362088, 41.456447], [-8.350162, 41.451713], [-8.338201, 41.450548], [-8.326209, 41.452455], [-8.314179, 41.457935], [-8.307446, 41.463822], [-8.302065, 41.472797], [-8.300243, 41.481793], [-8.305255, 41.499838], [-8.312809, 41.508891], [-8.325545, 41.516539], [-8.337504, 41.519023]], [[-8.349538, 41.514169], [-8.337547, 41.514865], [-8.325593, 41.511954], [-8.313697, 41.503648], [-8.306116, 41.490836], [-8.305336, 41.481824], [-8.308121, 41.472833], [-8.314098, 41.465634], [-8.326147, 41.458505], [-8.338142, 41.456397], [-8.350105, 41.457453], [-8.362026, 41.462737], [-8.371568, 41.473197], [-8.37474, 41.482222], [-8.374692, 41.491229], [-8.371094, 41.500217], [-8.36157, 41.509239], [-8.349538, 41.514169]]], [[[-8.803727, 41.246716], [-8.79381, 41.240604], [-8.781891, 41.23593], [-8.758038, 41.232587], [-8.734167, 41.23413], [-8.698336, 41.241123], [-8.674429, 41.24911], [-8.662452, 41.257115], [-8.654158, 41.267218], [-8.650939, 41.276217], [-8.65052, 41.285223], [-8.652572, 41.294237], [-8.657424, 41.303259], [-8.675523, 41.321327], [-8.697899, 41.336006], [-8.721762, 41.345292], [-8.745657, 41.348254], [-8.769572, 41.345725], [-8.787307, 41.339603], [-8.806877, 41.326718], [-8.805922, 41.302485], [-8.801459, 41.312606], [-8.79396, 41.3216], [-8.781574, 41.331109], [-8.769604, 41.336866], [-8.757639, 41.340362], [-8.733728, 41.342182], [-8.709844, 41.337337], [-8.697916, 41.332345], [-8.680424, 41.321341], [-8.670092, 41.312304], [-8.663159, 41.303276], [-8.658733, 41.294255], [-8.657329, 41.285244], [-8.658997, 41.276241], [-8.664064, 41.267248], [-8.674386, 41.257809], [-8.686353, 41.251552], [-8.698306, 41.247697], [-8.734134, 41.242171], [-8.757999, 41.243213], [-8.778648, 41.249509], [-8.792758, 41.258544], [-8.800989, 41.267566], [-8.80485, 41.275258], [-8.803727, 41.246716]]]]}}, {"id": "18", "type": "Feature", "properties": {"fill": "#5599f7", "value_min": 2.0, "value_max": -2.33}, "geometry": {"type": "MultiPolygon", "coordinates": [[[[-7.970817, 41.875123], [-7.984476, 41.867734], [-7.989819, 41.861359], [-7.991459, 41.859259], [-7.991631, 41.859039], [-7.991635, 41.859034], [-7.994874, 41.848818], [-7.993663, 41.839801], [-7.985092, 41.828813], [-7.973159, 41.821928], [-7.961166, 41.818994], [-7.949128, 41.818802], [-7.937044, 41.821438], [-7.923118, 41.830154], [-7.917446, 41.839108], [-7.91591, 41.8481], [-7.917806, 41.857124], [-7.92404, 41.86619], [-7.937692, 41.874648], [-7.940411, 41.871635], [-7.92978, 41.866243], [-7.921182, 41.857156], [-7.918358, 41.848123], [-7.919541, 41.839127], [-7.925425, 41.830176], [-7.93702, 41.822912], [-7.949106, 41.820145], [-7.961141, 41.820545], [-7.973125, 41.824089], [-7.983479, 41.830704], [-7.989606, 41.839765], [-7.99058, 41.84878], [-7.987192, 41.857757], [-7.978234, 41.866685], [-7.972387, 41.870221], [-7.956366, 41.873646], [-7.956362, 41.875191], [-7.960576, 41.875647], [-7.962086, 41.874074], [-7.970817, 41.875123]]], [[[-8.083378, 41.692104], [-8.095423, 41.690074], [-8.106208, 41.678607], [-8.103011, 41.669575], [-8.095775, 41.664962], [-8.083771, 41.664355], [-8.073985, 41.669345], [-8.068922, 41.678311], [-8.073975, 41.687359], [-8.083378, 41.692104]], [[-8.083407, 41.69007], [-8.0781, 41.687392], [-8.072376, 41.678339], [-8.078117, 41.669378], [-8.083741, 41.666511], [-8.095746, 41.667003], [-8.099739, 41.66955], [-8.10431, 41.678592], [-8.095446, 41.688445], [-8.083407, 41.69007]]], [[[-8.349538, 41.514169], [-8.36157, 41.509239], [-8.371094, 41.500217], [-8.374692, 41.491229], [-8.37474, 41.482222], [-8.371568, 41.473197], [-8.362026, 41.462737], [-8.350105, 41.457453], [-8.338142, 41.456397], [-8.326147, 41.458505], [-8.314098, 41.465634], [-8.308121, 41.472833], [-8.305336, 41.481824], [-8.306116, 41.490836], [-8.313697, 41.503648], [-8.325593, 41.511954], [-8.337547, 41.514865], [-8.349538, 41.514169]], [[-8.337586, 41.510977], [-8.325638, 41.507557], [-8.31571, 41.499901], [-8.310637, 41.490863], [-8.310103, 41.481852], [-8.314177, 41.472869], [-8.326057, 41.463932], [-8.338096, 41.46093], [-8.350057, 41.462187], [-8.361973, 41.468212], [-8.366601, 41.47317], [-8.370759, 41.4822], [-8.370732, 41.491208], [-8.366249, 41.50019], [-8.361616, 41.504576], [-8.349578, 41.510115], [-8.337586, 41.510977]]], [[[-8.80485, 41.275258], [-8.800989, 41.267566], [-8.792758, 41.258544], [-8.778648, 41.249509], [-8.757999, 41.243213], [-8.734134, 41.242171], [-8.698306, 41.247697], [-8.686353, 41.251552], [-8.674386, 41.257809], [-8.664064, 41.267248], [-8.658997, 41.276241], [-8.657329, 41.285244], [-8.658733, 41.294255], [-8.663159, 41.303276], [-8.670092, 41.312304], [-8.680424, 41.321341], [-8.697916, 41.332345], [-8.709844, 41.337337], [-8.733728, 41.342182], [-8.757639, 41.340362], [-8.769604, 41.336866], [-8.781574, 41.331109], [-8.79396, 41.3216], [-8.801459, 41.312606], [-8.805922, 41.302485], [-8.80485, 41.275258]], [[-8.745703, 41.336415], [-8.7218, 41.336409], [-8.709861, 41.333677], [-8.697932, 41.328854], [-8.685326, 41.321354], [-8.674919, 41.312318], [-8.667912, 41.30329], [-8.664374, 41.294272], [-8.663806, 41.285263], [-8.666314, 41.276262], [-8.674345, 41.265984], [-8.686321, 41.258056], [-8.69828, 41.253363], [-8.710228, 41.250687], [-8.734107, 41.248812], [-8.757966, 41.252169], [-8.772696, 41.258506], [-8.7841, 41.267535], [-8.790492, 41.276555], [-8.793968, 41.294577], [-8.792139, 41.303581], [-8.787656, 41.312581], [-8.779424, 41.321573], [-8.769634, 41.328257], [-8.757664, 41.333563], [-8.745703, 41.336415]]]]}}, {"id": "19", "type": "Feature", "properties": {"fill": "#4182f2", "value_min": 2.33, "value_max": -2.67}, "geometry": {"type": "MultiPolygon", "coordinates": [[[[-7.956366, 41.873646], [-7.972387, 41.870221], [-7.978234, 41.866685], [-7.987192, 41.857757], [-7.99058, 41.84878], [-7.989606, 41.839765], [-7.983479, 41.830704], [-7.973125, 41.824089], [-7.961141, 41.820545], [-7.949106, 41.820145], [-7.93702, 41.822912], [-7.925425, 41.830176], [-7.919541, 41.839127], [-7.918358, 41.848123], [-7.921182, 41.857156], [-7.92978, 41.866243], [-7.940411, 41.871635], [-7.951254, 41.871132], [-7.956366, 41.873646]], [[-7.948283, 41.870425], [-7.936293, 41.866788], [-7.92457, 41.857188], [-7.920807, 41.848146], [-7.921634, 41.839147], [-7.927718, 41.830197], [-7.936996, 41.824386], [-7.949083, 41.821554], [-7.961112, 41.822289], [-7.97309, 41.82625], [-7.980014, 41.830674], [-7.985549, 41.839729], [-7.986286, 41.848743], [-7.982171, 41.857713], [-7.972458, 41.86579], [-7.960339, 41.8701], [-7.948283, 41.870425]]], [[[-8.083407, 41.69007], [-8.095446, 41.688445], [-8.10431, 41.678592], [-8.099739, 41.66955], [-8.095746, 41.667003], [-8.083741, 41.666511], [-8.078117, 41.669378], [-8.072376, 41.678339], [-8.0781, 41.687392], [-8.083407, 41.69007]], [[-8.082226, 41.687425], [-8.074897, 41.678359], [-8.08371, 41.668666], [-8.095717, 41.669046], [-8.102412, 41.678578], [-8.095472, 41.686551], [-8.082226, 41.687425]]], [[[-8.337586, 41.510977], [-8.349578, 41.510115], [-8.361616, 41.504576], [-8.366249, 41.50019], [-8.370732, 41.491208], [-8.370759, 41.4822], [-8.366601, 41.47317], [-8.361973, 41.468212], [-8.350057, 41.462187], [-8.338096, 41.46093], [-8.326057, 41.463932], [-8.314177, 41.472869], [-8.310103, 41.481852], [-8.310637, 41.490863], [-8.31571, 41.499901], [-8.325638, 41.507557], [-8.337586, 41.510977]], [[-8.337623, 41.5074], [-8.32568, 41.503508], [-8.321044, 41.499932], [-8.315097, 41.49089], [-8.314819, 41.481881], [-8.320267, 41.472906], [-8.326043, 41.468565], [-8.338053, 41.465178], [-8.350016, 41.466338], [-8.361542, 41.473142], [-8.366924, 41.482179], [-8.366939, 41.491187], [-8.361337, 41.500163], [-8.349614, 41.506554], [-8.337623, 41.5074]]], [[[-8.745703, 41.336415], [-8.757664, 41.333563], [-8.769634, 41.328257], [-8.779424, 41.321573], [-8.787656, 41.312581], [-8.792139, 41.303581], [-8.793968, 41.294577], [-8.790492, 41.276555], [-8.7841, 41.267535], [-8.772696, 41.258506], [-8.757966, 41.252169], [-8.734107, 41.248812], [-8.710228, 41.250687], [-8.69828, 41.253363], [-8.686321, 41.258056], [-8.674345, 41.265984], [-8.666314, 41.276262], [-8.663806, 41.285263], [-8.664374, 41.294272], [-8.667912, 41.30329], [-8.674919, 41.312318], [-8.685326, 41.321354], [-8.697932, 41.328854], [-8.709861, 41.333677], [-8.7218, 41.336409], [-8.745703, 41.336415]], [[-8.733766, 41.332813], [-8.721817, 41.332493], [-8.709877, 41.330056], [-8.690855, 41.321369], [-8.679427, 41.31233], [-8.672664, 41.303304], [-8.669317, 41.294286], [-8.669379, 41.285279], [-8.673102, 41.276282], [-8.681468, 41.267297], [-8.698256, 41.258685], [-8.710206, 41.255602], [-8.734084, 41.254448], [-8.746013, 41.256327], [-8.757935, 41.260365], [-8.769847, 41.267688], [-8.777949, 41.276532], [-8.781777, 41.285547], [-8.782841, 41.294556], [-8.78097, 41.303561], [-8.776215, 41.312559], [-8.769666, 41.319042], [-8.757689, 41.326816], [-8.745724, 41.331016], [-8.733766, 41.332813]]]]}}, {"id": "20", "type": "Feature", "properties": {"fill": "#2e6eed", "value_min": 2.67, "value_max": -3.0}, "geometry": {"type": "MultiPolygon", "coordinates": [[[[-7.948283, 41.870425], [-7.960339, 41.8701], [-7.972458, 41.86579], [-7.982171, 41.857713], [-7.986286, 41.848743], [-7.985549, 41.839729], [-7.980014, 41.830674], [-7.97309, 41.82625], [-7.961112, 41.822289], [-7.949083, 41.821554], [-7.936996, 41.824386], [-7.927718, 41.830197], [-7.921634, 41.839147], [-7.920807, 41.848146], [-7.92457, 41.857188], [-7.936293, 41.866788], [-7.948283, 41.870425]], [[-7.948337, 41.867159], [-7.936343, 41.863784], [-7.928236, 41.857222], [-7.923255, 41.848169], [-7.923728, 41.839167], [-7.930013, 41.830219], [-7.936971, 41.82586], [-7.949047, 41.823764], [-7.961079, 41.824342], [-7.976549, 41.830643], [-7.982273, 41.8397], [-7.982631, 41.84871], [-7.977494, 41.857671], [-7.972521, 41.861806], [-7.960396, 41.866577], [-7.948337, 41.867159]]], [[[-8.082226, 41.687425], [-8.095472, 41.686551], [-8.102412, 41.678578], [-8.095717, 41.669046], [-8.08371, 41.668666], [-8.074897, 41.678359], [-8.082226, 41.687425]], [[-8.083473, 41.685418], [-8.07742, 41.67838], [-8.083673, 41.671315], [-8.095682, 41.671576], [-8.100514, 41.678563], [-8.095504, 41.684319], [-8.083473, 41.685418]]], [[[-8.337623, 41.5074], [-8.349614, 41.506554], [-8.361337, 41.500163], [-8.366939, 41.491187], [-8.366924, 41.482179], [-8.361542, 41.473142], [-8.350016, 41.466338], [-8.338053, 41.465178], [-8.326043, 41.468565], [-8.320267, 41.472906], [-8.314819, 41.481881], [-8.315097, 41.49089], [-8.321044, 41.499932], [-8.32568, 41.503508], [-8.337623, 41.5074]], [[-8.337656, 41.50413], [-8.325724, 41.499268], [-8.319404, 41.490915], [-8.319335, 41.481907], [-8.325994, 41.47329], [-8.338016, 41.468828], [-8.349978, 41.470105], [-8.355062, 41.473106], [-8.363088, 41.482158], [-8.363145, 41.491166], [-8.355202, 41.500129], [-8.349648, 41.503157], [-8.337656, 41.50413]]], [[[-8.733766, 41.332813], [-8.745724, 41.331016], [-8.757689, 41.326816], [-8.769666, 41.319042], [-8.776215, 41.312559], [-8.78097, 41.303561], [-8.782841, 41.294556], [-8.781777, 41.285547], [-8.777949, 41.276532], [-8.769847, 41.267688], [-8.757935, 41.260365], [-8.746013, 41.256327], [-8.734084, 41.254448], [-8.710206, 41.255602], [-8.698256, 41.258685], [-8.681468, 41.267297], [-8.673102, 41.276282], [-8.669379, 41.285279], [-8.669317, 41.294286], [-8.672664, 41.303304], [-8.679427, 41.31233], [-8.690855, 41.321369], [-8.709877, 41.330056], [-8.721817, 41.332493], [-8.733766, 41.332813]], [[-8.733784, 41.328463], [-8.721833, 41.328738], [-8.709891, 41.326762], [-8.697963, 41.322255], [-8.683936, 41.312343], [-8.677125, 41.303316], [-8.674257, 41.2943], [-8.674895, 41.285294], [-8.679524, 41.2763], [-8.690391, 41.267322], [-8.698234, 41.263435], [-8.710186, 41.260254], [-8.734062, 41.259836], [-8.745989, 41.26263], [-8.757905, 41.26845], [-8.767022, 41.27651], [-8.772041, 41.285528], [-8.773513, 41.294538], [-8.771618, 41.303542], [-8.766244, 41.312539], [-8.755178, 41.321524], [-8.745744, 41.325756], [-8.733784, 41.328463]]]]}}, {"id": "21", "type": "Feature", "properties": {"fill": "#245bd9", "value_min": 3.0, "value_max": -3.33}, "geometry": {"type": "MultiPolygon", "coordinates": [[[[-7.948337, 41.867159], [-7.960396, 41.866577], [-7.972521, 41.861806], [-7.977494, 41.857671], [-7.982631, 41.84871], [-7.982273, 41.8397], [-7.976549, 41.830643], [-7.961079, 41.824342], [-7.949047, 41.823764], [-7.936971, 41.82586], [-7.930013, 41.830219], [-7.923728, 41.839167], [-7.923255, 41.848169], [-7.928236, 41.857222], [-7.936343, 41.863784], [-7.948337, 41.867159]], [[-7.960445, 41.863553], [-7.94839, 41.863906], [-7.936391, 41.860891], [-7.931901, 41.857256], [-7.926842, 41.848202], [-7.927238, 41.839199], [-7.932308, 41.83024], [-7.936947, 41.827334], [-7.961046, 41.826396], [-7.973083, 41.830612], [-7.979141, 41.839673], [-7.979322, 41.848681], [-7.972816, 41.85763], [-7.960445, 41.863553]]], [[[-8.083473, 41.685418], [-8.095504, 41.684319], [-8.100514, 41.678563], [-8.095682, 41.671576], [-8.083673, 41.671315], [-8.07742, 41.67838], [-8.083473, 41.685418]], [[-8.083513, 41.682553], [-8.079942, 41.6784], [-8.083631, 41.674231], [-8.095645, 41.674252], [-8.098616, 41.678548], [-8.095535, 41.682088], [-8.083513, 41.682553]]], [[[-8.337656, 41.50413], [-8.349648, 41.503157], [-8.355202, 41.500129], [-8.363145, 41.491166], [-8.363088, 41.482158], [-8.355062, 41.473106], [-8.349978, 41.470105], [-8.338016, 41.468828], [-8.325994, 41.47329], [-8.319335, 41.481907], [-8.319404, 41.490915], [-8.325724, 41.499268], [-8.337656, 41.50413]], [[-8.335485, 41.500017], [-8.323713, 41.490941], [-8.323849, 41.481934], [-8.325932, 41.479239], [-8.337978, 41.472477], [-8.349939, 41.474015], [-8.358594, 41.482133], [-8.358788, 41.491142], [-8.349683, 41.499654], [-8.335485, 41.500017]]], [[[-8.733784, 41.328463], [-8.745744, 41.325756], [-8.755178, 41.321524], [-8.766244, 41.312539], [-8.771618, 41.303542], [-8.773513, 41.294538], [-8.772041, 41.285528], [-8.767022, 41.27651], [-8.757905, 41.26845], [-8.745989, 41.26263], [-8.734062, 41.259836], [-8.710186, 41.260254], [-8.698234, 41.263435], [-8.690391, 41.267322], [-8.679524, 41.2763], [-8.674895, 41.285294], [-8.674257, 41.2943], [-8.677125, 41.303316], [-8.683936, 41.312343], [-8.697963, 41.322255], [-8.709891, 41.326762], [-8.721833, 41.328738], [-8.733784, 41.328463]], [[-8.721848, 41.325161], [-8.704449, 41.321405], [-8.688792, 41.312356], [-8.681453, 41.303328], [-8.678751, 41.294313], [-8.68001, 41.285309], [-8.686236, 41.275969], [-8.698212, 41.268179], [-8.710167, 41.264569], [-8.722109, 41.263566], [-8.734042, 41.264852], [-8.742428, 41.26745], [-8.757057, 41.276489], [-8.763362, 41.28551], [-8.765205, 41.294522], [-8.763378, 41.303526], [-8.757161, 41.312521], [-8.743101, 41.321498], [-8.733801, 41.324256], [-8.721848, 41.325161]]]]}}, {"id": "11", "type": "Feature", "properties": {"fill": "#a3a3a3", "value_min": -0.33, "value_max": -0.0}, "geometry": {"type": "MultiPolygon", "coordinates": [[[[-8.636301, 41.600737], [-8.639873, 41.597352], [-8.640152, 41.59465], [-8.645536, 41.593051], [-8.646744, 41.594171], [-8.649125, 41.591909], [-8.656622, 41.5921], [-8.660788, 41.588255], [-8.663794, 41.589141], [-8.665265, 41.585758], [-8.66948, 41.587989], [-8.684455, 41.586117], [-8.685608, 41.58071], [-8.697261, 41.576376], [-8.701703, 41.570277], [-8.707704, 41.570923], [-8.712485, 41.569323], [-8.716422, 41.573805], [-8.720316, 41.57356], [-8.725151, 41.577811], [-8.726633, 41.576003], [-8.734424, 41.575737], [-8.736564, 41.580228], [-8.738354, 41.579318], [-8.740778, 41.582006], [-8.74467, 41.581535], [-8.750711, 41.58623], [-8.75993, 41.578527], [-8.767441, 41.580286], [-8.769874, 41.583874], [-8.768997, 41.58613], [-8.773228, 41.589482], [-8.774165, 41.593303], [-8.78556, 41.593464], [-8.797327, 41.600599], [-8.804218, 41.600109], [-8.80456, 41.604158], [-8.809434, 41.611332], [-8.828644, 41.609656], [-8.82839, 41.585633], [-8.818497, 41.554794], [-8.822183, 41.546851], [-8.768867, 41.54487], [-8.7089, 41.548936], [-8.648914, 41.555213], [-8.624942, 41.553338], [-8.612975, 41.549243], [-8.597352, 41.537261], [-8.591713, 41.528234], [-8.585798, 41.510198], [-8.577765, 41.501161], [-8.54145, 41.490222], [-8.493712, 41.466988], [-8.481744, 41.466105], [-8.46974, 41.469647], [-8.457687, 41.478922], [-8.440752, 41.500577], [-8.437524, 41.509568], [-8.439395, 41.518585], [-8.457283, 41.527377], [-8.471342, 41.536751], [-8.473472, 41.545768], [-8.466896, 41.554745], [-8.457009, 41.560032], [-8.445006, 41.561347], [-8.421067, 41.556121], [-8.409082, 41.555437], [-8.360982, 41.568962], [-8.336964, 41.57194], [-8.324974, 41.571531], [-8.312999, 41.569614], [-8.301048, 41.565658], [-8.289128, 41.558976], [-8.283143, 41.553746], [-8.277249, 41.544702], [-8.275317, 41.535683], [-8.276179, 41.517673], [-8.271961, 41.499632], [-8.265923, 41.490008], [-8.254056, 41.480232], [-8.242145, 41.474529], [-8.218242, 41.470302], [-8.206251, 41.471611], [-8.19422, 41.476034], [-8.175697, 41.489975], [-8.157668, 41.498852], [-8.133978, 41.502937], [-8.110034, 41.501502], [-8.09393, 41.498367], [-8.072271, 41.489187], [-8.066073, 41.483923], [-8.066069, 41.48817], [-8.072054, 41.490199], [-8.07175, 41.494925], [-8.078034, 41.498835], [-8.193717, 41.516589], [-8.205789, 41.509453], [-8.21315, 41.499245], [-8.229319, 41.490347], [-8.241972, 41.489327], [-8.253907, 41.493217], [-8.260781, 41.499561], [-8.265075, 41.508596], [-8.262961, 41.51759], [-8.253498, 41.528826], [-8.236813, 41.535434], [-8.229382, 41.540863], [-8.226023, 41.544369], [-8.227715, 41.553387], [-8.239937, 41.571483], [-8.26475, 41.59363], [-8.288594, 41.60764], [-8.330223, 41.626088], [-8.326815, 41.65309], [-8.330124, 41.671123], [-8.342427, 41.689209], [-8.359074, 41.707317], [-8.373523, 41.734621], [-8.376825, 41.734389], [-8.384922, 41.73032], [-8.387332, 41.73189], [-8.393033, 41.729852], [-8.39694, 41.730072], [-8.393043, 41.725515], [-8.390987, 41.716497], [-8.39569, 41.705511], [-8.407771, 41.698854], [-8.419795, 41.698172], [-8.431783, 41.701616], [-8.442516, 41.710425], [-8.4446, 41.70654], [-8.453868, 41.697961], [-8.453255, 41.695487], [-8.458061, 41.695698], [-8.462828, 41.693209], [-8.431988, 41.678318], [-8.420063, 41.668322], [-8.407369, 41.653533], [-8.396257, 41.644844], [-8.372359, 41.632742], [-8.352066, 41.626213], [-8.348774, 41.617188], [-8.355161, 41.608216], [-8.380321, 41.59034], [-8.408869, 41.578788], [-8.456922, 41.570449], [-8.46897, 41.563915], [-8.478704, 41.554799], [-8.484832, 41.54582], [-8.485336, 41.536814], [-8.460798, 41.518687], [-8.457544, 41.509665], [-8.461199, 41.500674], [-8.469548, 41.493184], [-8.481566, 41.488428], [-8.493545, 41.488496], [-8.505493, 41.492549], [-8.51865, 41.500929], [-8.529329, 41.509717], [-8.553202, 41.523319], [-8.56513, 41.531869], [-8.636301, 41.600737]], [[-8.395933, 41.679611], [-8.383871, 41.684503], [-8.371881, 41.681933], [-8.361038, 41.671299], [-8.361287, 41.662294], [-8.372157, 41.653474], [-8.384173, 41.652902], [-8.398831, 41.662496], [-8.400615, 41.671513], [-8.395933, 41.679611]]], [[[-8.070553, 41.815184], [-8.057647, 41.808218], [-8.045662, 41.804662], [-8.009616, 41.800258], [-7.985524, 41.801426], [-7.937251, 41.80896], [-7.925157, 41.812279], [-7.913268, 41.821055], [-7.888676, 41.855937], [-7.892806, 41.859097], [-7.902535, 41.838966], [-7.912906, 41.824783], [-7.925115, 41.814778], [-7.937208, 41.811564], [-7.973399, 41.806904], [-7.997464, 41.807645], [-8.021435, 41.814568], [-8.035215, 41.822144], [-8.041351, 41.827559], [-8.041054, 41.825097], [-8.045268, 41.824425], [-8.046775, 41.821951], [-8.056712, 41.81588], [-8.06664, 41.817012], [-8.070553, 41.815184]]], [[[-8.106688, 41.74435], [-8.124798, 41.732792], [-8.143, 41.726915], [-8.159769, 41.715039], [-8.163587, 41.70606], [-8.160975, 41.697034], [-8.155514, 41.689401], [-8.143512, 41.688304], [-8.140489, 41.696883], [-8.131332, 41.70049], [-8.119133, 41.713753], [-8.107092, 41.715184], [-8.100809, 41.705586], [-8.103197, 41.696598], [-8.119519, 41.685428], [-8.13156, 41.683554], [-8.143534, 41.686637], [-8.14823, 41.678926], [-8.142603, 41.669877], [-8.128861, 41.660767], [-8.096052, 41.645119], [-8.060136, 41.637653], [-8.024329, 41.623562], [-8.012349, 41.621994], [-8.000315, 41.623928], [-7.986396, 41.632578], [-7.980544, 41.641533], [-7.978265, 41.65052], [-7.980921, 41.668557], [-7.985281, 41.677603], [-7.998411, 41.695732], [-8.007441, 41.704818], [-8.042547, 41.732136], [-8.046651, 41.737902], [-8.058526, 41.748185], [-8.07046, 41.754622], [-8.082468, 41.756105], [-8.094547, 41.752497], [-8.106688, 41.74435]], [[-8.082813, 41.731821], [-8.070742, 41.73506], [-8.05874, 41.733553], [-8.046786, 41.728792], [-8.027374, 41.713995], [-8.018791, 41.704915], [-7.999182, 41.668718], [-7.997348, 41.659695], [-7.999921, 41.65071], [-8.012058, 41.641078], [-8.024097, 41.638913], [-8.060027, 41.645167], [-8.095997, 41.649085], [-8.10794, 41.653795], [-8.119765, 41.660698], [-8.129568, 41.669779], [-8.128082, 41.678775], [-8.119564, 41.682121], [-8.100604, 41.696577], [-8.096159, 41.70555], [-8.092242, 41.723533], [-8.082813, 41.731821]], [[-8.150739, 41.705966], [-8.14973, 41.714965], [-8.143091, 41.720011], [-8.13104, 41.722199], [-8.124144, 41.714773], [-8.131288, 41.703749], [-8.143341, 41.701231], [-8.150739, 41.705966]]], [[[-8.661544, 41.43273], [-8.68551, 41.427007], [-8.697505, 41.421111], [-8.706166, 41.411486], [-8.708807, 41.402485], [-8.708793, 41.393477], [-8.703579, 41.375449], [-8.692015, 41.357403], [-8.683664, 41.348373], [-8.673521, 41.339337], [-8.650159, 41.323773], [-8.638242, 41.317978], [-8.614391, 41.310464], [-8.602457, 41.308394], [-8.578566, 41.308135], [-8.559114, 41.311932], [-8.538935, 41.320861], [-8.528371, 41.329826], [-8.521939, 41.338807], [-8.516814, 41.356801], [-8.518719, 41.374824], [-8.522236, 41.383847], [-8.529258, 41.392883], [-8.541428, 41.40194], [-8.613655, 41.434978], [-8.625614, 41.436767], [-8.637586, 41.436384], [-8.661544, 41.43273]], [[-8.649667, 41.41557], [-8.625731, 41.41643], [-8.601834, 41.410619], [-8.57798, 41.398886], [-8.560474, 41.383999], [-8.55215, 41.365952], [-8.551734, 41.356942], [-8.554123, 41.347944], [-8.558856, 41.338955], [-8.568359, 41.329983], [-8.578462, 41.324246], [-8.590437, 41.320121], [-8.602398, 41.318125], [-8.626285, 41.319687], [-8.650137, 41.327939], [-8.667874, 41.339321], [-8.677852, 41.348357], [-8.689665, 41.366405], [-8.692111, 41.375419], [-8.69205, 41.384426], [-8.688937, 41.393426], [-8.681418, 41.402413], [-8.673638, 41.407827], [-8.649667, 41.41557]]]]}}, {"id": "10", "type": "Feature", "properties": {"fill": "#a3a3a3", "value_min": -0.67, "value_max": -0.33}, "geometry": {"type": "MultiPolygon", "coordinates": [[[[-8.636301, 41.600737], [-8.56513, 41.531869], [-8.553202, 41.523319], [-8.529329, 41.509717], [-8.51865, 41.500929], [-8.505493, 41.492549], [-8.493545, 41.488496], [-8.481566, 41.488428], [-8.469548, 41.493184], [-8.461199, 41.500674], [-8.457544, 41.509665], [-8.460798, 41.518687], [-8.485336, 41.536814], [-8.484832, 41.54582], [-8.478704, 41.554799], [-8.46897, 41.563915], [-8.456922, 41.570449], [-8.408869, 41.578788], [-8.380321, 41.59034], [-8.355161, 41.608216], [-8.348774, 41.617188], [-8.352066, 41.626213], [-8.372359, 41.632742], [-8.396257, 41.644844], [-8.407369, 41.653533], [-8.420063, 41.668322], [-8.431988, 41.678318], [-8.462828, 41.693209], [-8.482012, 41.682123], [-8.484371, 41.674238], [-8.49308, 41.674886], [-8.499963, 41.671038], [-8.50927, 41.671233], [-8.51018, 41.672806], [-8.511967, 41.670324], [-8.509856, 41.668755], [-8.511947, 41.666938], [-8.492122, 41.670413], [-8.468095, 41.670512], [-8.444108, 41.666049], [-8.432141, 41.660824], [-8.410753, 41.644543], [-8.401431, 41.635488], [-8.396112, 41.626453], [-8.394163, 41.617436], [-8.397522, 41.608446], [-8.40632, 41.599485], [-8.420745, 41.592173], [-8.456816, 41.583106], [-8.468871, 41.575983], [-8.493065, 41.549949], [-8.50513, 41.540228], [-8.517144, 41.536813], [-8.529137, 41.536168], [-8.541109, 41.538424], [-8.553061, 41.543678], [-8.56499, 41.552793], [-8.575184, 41.564203], [-8.581058, 41.573232], [-8.587141, 41.591269], [-8.586397, 41.609281], [-8.582963, 41.618748], [-8.585766, 41.620988], [-8.591462, 41.620515], [-8.596534, 41.616668], [-8.601628, 41.615972], [-8.603996, 41.611686], [-8.609369, 41.608287], [-8.614156, 41.606692], [-8.619881, 41.610269], [-8.621338, 41.604636], [-8.628833, 41.604378], [-8.636301, 41.600737]], [[-8.481304, 41.521327], [-8.476682, 41.518761], [-8.471466, 41.509729], [-8.481459, 41.501904], [-8.493417, 41.504901], [-8.4985, 41.50985], [-8.495969, 41.518847], [-8.493296, 41.520446], [-8.481304, 41.521327]]], [[[-8.373523, 41.734621], [-8.359074, 41.707317], [-8.342427, 41.689209], [-8.330124, 41.671123], [-8.326815, 41.65309], [-8.330223, 41.626088], [-8.288594, 41.60764], [-8.26475, 41.59363], [-8.239937, 41.571483], [-8.227715, 41.553387], [-8.226023, 41.544369], [-8.229382, 41.540863], [-8.236813, 41.535434], [-8.253498, 41.528826], [-8.262961, 41.51759], [-8.265075, 41.508596], [-8.260781, 41.499561], [-8.253907, 41.493217], [-8.241972, 41.489327], [-8.229319, 41.490347], [-8.21315, 41.499245], [-8.205789, 41.509453], [-8.193717, 41.516589], [-8.078034, 41.498835], [-8.078332, 41.500331], [-8.093, 41.504831], [-8.117057, 41.507555], [-8.133857, 41.512017], [-8.14619, 41.516782], [-8.15773, 41.525874], [-8.1644, 41.53493], [-8.176721, 41.571048], [-8.196754, 41.598211], [-8.20603, 41.61629], [-8.208287, 41.63432], [-8.205289, 41.643307], [-8.198307, 41.652265], [-8.191983, 41.655817], [-8.179928, 41.659331], [-8.155881, 41.66133], [-8.131907, 41.657737], [-8.096114, 41.640712], [-8.066068, 41.633253], [-8.051413, 41.624125], [-8.041859, 41.615039], [-8.032068, 41.602339], [-8.02367, 41.603156], [-8.019174, 41.601802], [-8.015872, 41.603824], [-8.013474, 41.603372], [-8.005971, 41.60629], [-8.003562, 41.611239], [-7.998761, 41.612809], [-7.999669, 41.608759], [-7.996976, 41.605829], [-7.996684, 41.602003], [-7.984685, 41.603564], [-7.982292, 41.60086], [-7.975689, 41.603552], [-7.974482, 41.606701], [-7.970882, 41.607147], [-7.969091, 41.603768], [-7.965796, 41.602413], [-7.9541, 41.602846], [-7.952606, 41.600592], [-7.947808, 41.60081], [-7.944951, 41.59878], [-7.951421, 41.641271], [-7.957645, 41.659342], [-7.967002, 41.67744], [-7.979604, 41.695567], [-7.988732, 41.704654], [-8.022856, 41.721015], [-8.033827, 41.732063], [-8.038061, 41.741106], [-8.037789, 41.759117], [-8.034316, 41.768095], [-8.027051, 41.777041], [-8.011117, 41.785911], [-7.960236, 41.803476], [-7.925223, 41.808317], [-7.913038, 41.817011], [-7.882802, 41.854349], [-7.888676, 41.855937], [-7.913268, 41.821055], [-7.925157, 41.812279], [-7.937251, 41.80896], [-7.985524, 41.801426], [-8.009616, 41.800258], [-8.045662, 41.804662], [-8.057647, 41.808218], [-8.070553, 41.815184], [-8.072962, 41.813414], [-8.078678, 41.813417], [-8.082892, 41.810493], [-8.091013, 41.812521], [-8.093421, 41.811397], [-8.093723, 41.808471], [-8.101845, 41.809824], [-8.104853, 41.81185], [-8.115984, 41.812302], [-8.123807, 41.808702], [-8.138247, 41.808477], [-8.139751, 41.813203], [-8.14276, 41.812978], [-8.144866, 41.815228], [-8.149078, 41.814777], [-8.153291, 41.817703], [-8.158106, 41.818377], [-8.165326, 41.81815], [-8.168935, 41.814478], [-8.154005, 41.804409], [-8.135742, 41.786917], [-8.127405, 41.76884], [-8.126875, 41.759829], [-8.12907, 41.750839], [-8.133753, 41.741867], [-8.144003, 41.732937], [-8.167159, 41.718201], [-8.175807, 41.715155], [-8.187705, 41.706233], [-8.191848, 41.688248], [-8.203737, 41.676628], [-8.215788, 41.673543], [-8.227793, 41.674253], [-8.275758, 41.682235], [-8.299701, 41.690232], [-8.323588, 41.704146], [-8.335502, 41.714345], [-8.344869, 41.725251], [-8.353326, 41.739163], [-8.357897, 41.735103], [-8.362407, 41.735994], [-8.368703, 41.73193], [-8.373523, 41.734621]], [[-8.106688, 41.74435], [-8.094547, 41.752497], [-8.082468, 41.756105], [-8.07046, 41.754622], [-8.058526, 41.748185], [-8.046651, 41.737902], [-8.042547, 41.732136], [-8.007441, 41.704818], [-7.998411, 41.695732], [-7.985281, 41.677603], [-7.980921, 41.668557], [-7.978265, 41.65052], [-7.980544, 41.641533], [-7.986396, 41.632578], [-8.000315, 41.623928], [-8.012349, 41.621994], [-8.024329, 41.623562], [-8.060136, 41.637653], [-8.096052, 41.645119], [-8.128861, 41.660767], [-8.142603, 41.669877], [-8.14823, 41.678926], [-8.143534, 41.686637], [-8.13156, 41.683554], [-8.119519, 41.685428], [-8.103197, 41.696598], [-8.100809, 41.705586], [-8.107092, 41.715184], [-8.119133, 41.713753], [-8.131332, 41.70049], [-8.140489, 41.696883], [-8.143512, 41.688304], [-8.155514, 41.689401], [-8.160975, 41.697034], [-8.163587, 41.70606], [-8.159769, 41.715039], [-8.143, 41.726915], [-8.124798, 41.732792], [-8.106688, 41.74435]], [[-8.107189, 41.708162], [-8.105459, 41.705622], [-8.10579, 41.696618], [-8.119477, 41.68852], [-8.131407, 41.69495], [-8.132416, 41.696822], [-8.119181, 41.710233], [-8.107189, 41.708162]]], [[[-8.649667, 41.41557], [-8.673638, 41.407827], [-8.681418, 41.402413], [-8.688937, 41.393426], [-8.69205, 41.384426], [-8.692111, 41.375419], [-8.689665, 41.366405], [-8.677852, 41.348357], [-8.667874, 41.339321], [-8.650137, 41.327939], [-8.626285, 41.319687], [-8.602398, 41.318125], [-8.590437, 41.320121], [-8.578462, 41.324246], [-8.568359, 41.329983], [-8.558856, 41.338955], [-8.554123, 41.347944], [-8.551734, 41.356942], [-8.55215, 41.365952], [-8.560474, 41.383999], [-8.57798, 41.398886], [-8.601834, 41.410619], [-8.625731, 41.41643], [-8.649667, 41.41557]], [[-8.637758, 41.405394], [-8.625796, 41.405076], [-8.601907, 41.398708], [-8.589987, 41.391956], [-8.580463, 41.384074], [-8.573696, 41.375041], [-8.570395, 41.366021], [-8.570057, 41.357012], [-8.572677, 41.348014], [-8.579352, 41.339031], [-8.590369, 41.331086], [-8.602347, 41.326469], [-8.614307, 41.324632], [-8.626255, 41.324984], [-8.63819, 41.327414], [-8.650115, 41.332076], [-8.662227, 41.339304], [-8.672092, 41.348341], [-8.678561, 41.357366], [-8.681918, 41.366383], [-8.682367, 41.375392], [-8.679531, 41.384392], [-8.673718, 41.39177], [-8.661715, 41.399806], [-8.649731, 41.403661], [-8.637758, 41.405394]]]]}}, {"id": "5", "type": "Feature", "properties": {"fill": "#ea870e", "value_min": -2.33, "value_max": -2.0}, "geometry": {"type": "MultiPolygon", "coordinates": [[[[-7.876551, 41.837956], [-7.888719, 41.830793], [-7.897417, 41.820904], [-7.901586, 41.811937], [-7.902897, 41.802942], [-7.901568, 41.783616], [-7.914039, 41.75768], [-7.92113, 41.749074], [-7.9308, 41.722144], [-7.9301, 41.71313], [-7.92565, 41.704082], [-7.915102, 41.694569], [-7.903166, 41.689757], [-7.891156, 41.68943], [-7.879026, 41.695938], [-7.866602, 41.719099], [-7.854448, 41.726536], [-7.830308, 41.731756], [-7.818166, 41.738188], [-7.810673, 41.747984], [-7.808531, 41.756968], [-7.816067, 41.811087], [-7.819597, 41.82013], [-7.826662, 41.829209], [-7.840414, 41.838248], [-7.8524, 41.841519], [-7.864447, 41.841391], [-7.876551, 41.837956]], [[-7.864527, 41.836844], [-7.852504, 41.835708], [-7.840558, 41.830283], [-7.830978, 41.820247], [-7.827898, 41.811208], [-7.828987, 41.784199], [-7.823828, 41.766133], [-7.823955, 41.757127], [-7.828379, 41.748166], [-7.840418, 41.739281], [-7.868092, 41.73055], [-7.876297, 41.712617], [-7.883399, 41.703679], [-7.891003, 41.698335], [-7.903026, 41.698045], [-7.914942, 41.70407], [-7.921009, 41.713045], [-7.920945, 41.722052], [-7.914478, 41.731668], [-7.902293, 41.741126], [-7.89858, 41.74886], [-7.896007, 41.766849], [-7.891522, 41.775813], [-7.889917, 41.784804], [-7.898016, 41.802896], [-7.898171, 41.811904], [-7.89419, 41.820873], [-7.888784, 41.827023], [-7.876612, 41.834484], [-7.864527, 41.836844]]], [[[-7.950219, 41.752017], [-7.938216, 41.75047], [-7.928739, 41.758152], [-7.937946, 41.766871], [-7.949975, 41.766959], [-7.95538, 41.758398], [-7.950219, 41.752017]]], [[[-8.290216, 41.757049], [-8.298126, 41.751996], [-8.29447, 41.742966], [-8.287137, 41.739812], [-8.27508, 41.742614], [-8.272481, 41.751836], [-8.274939, 41.755073], [-8.284933, 41.758476], [-8.287033, 41.756829], [-8.290216, 41.757049]]], [[[-8.132279, 41.63], [-8.128284, 41.633741], [-8.132171, 41.638081], [-8.140076, 41.63383], [-8.132279, 41.63]]], [[[-8.528816, 41.580385], [-8.53081, 41.573038], [-8.528885, 41.570932], [-8.516921, 41.566754], [-8.507072, 41.572939], [-8.51084, 41.581962], [-8.516786, 41.584892], [-8.527483, 41.582032], [-8.528816, 41.580385]]], [[[-8.098074, 41.536964], [-8.109538, 41.537699], [-8.114605, 41.534558], [-8.117514, 41.525573], [-8.109784, 41.519724], [-8.097792, 41.520283], [-8.093288, 41.523799], [-8.093069, 41.523971], [-8.092989, 41.524033], [-8.092781, 41.524196], [-8.092689, 41.524267], [-8.092493, 41.524421], [-8.09239, 41.524501], [-8.092204, 41.524645], [-8.09209, 41.524735], [-8.09179, 41.527121], [-8.091922, 41.527572], [-8.092088, 41.528141], [-8.092119, 41.528247], [-8.092447, 41.529372], [-8.093433, 41.532749], [-8.098074, 41.536964]]], [[[-8.6499, 41.372266], [-8.654083, 41.366303], [-8.65383, 41.357295], [-8.644899, 41.34826], [-8.638091, 41.345409], [-8.626139, 41.345112], [-8.617904, 41.348173], [-8.614151, 41.351203], [-8.609863, 41.357154], [-8.610272, 41.366163], [-8.619632, 41.375202], [-8.625952, 41.377831], [-8.637909, 41.378163], [-8.6499, 41.372266]], [[-8.625996, 41.370107], [-8.620752, 41.366198], [-8.619961, 41.357188], [-8.626098, 41.352307], [-8.638054, 41.351994], [-8.64502, 41.357268], [-8.644449, 41.366274], [-8.63795, 41.370733], [-8.625996, 41.370107]]]]}}, {"id": "6", "type": "Feature", "properties": {"fill": "#e79f24", "value_min": -2.0, "value_max": -1.67}, "geometry": {"type": "MultiPolygon", "coordinates": [[[[-7.80401, 41.714156], [-7.794424, 41.721653], [-7.789554, 41.72975], [-7.787142, 41.738731], [-7.788292, 41.756757], [-7.799637, 41.810917], [-7.810783, 41.829046], [-7.828286, 41.842851], [-7.840257, 41.846942], [-7.852284, 41.847987], [-7.864357, 41.846454], [-7.876474, 41.842354], [-7.888654, 41.834541], [-7.893129, 41.829869], [-7.905589, 41.811975], [-7.913526, 41.788119], [-7.925706, 41.779383], [-7.937741, 41.779309], [-7.949824, 41.776213], [-7.961948, 41.770532], [-7.964937, 41.767491], [-7.968018, 41.758512], [-7.964549, 41.749474], [-7.946496, 41.731296], [-7.937241, 41.70419], [-7.927168, 41.691607], [-7.915293, 41.683195], [-7.903359, 41.678408], [-7.891382, 41.676239], [-7.876883, 41.676977], [-7.876723, 41.681253], [-7.873401, 41.686198], [-7.868896, 41.686413], [-7.868008, 41.68326], [-7.861075, 41.685269], [-7.865688, 41.703506], [-7.8612, 41.712468], [-7.854614, 41.717228], [-7.84259, 41.717363], [-7.822188, 41.711505], [-7.818621, 41.713522], [-7.815291, 41.718689], [-7.808986, 41.717996], [-7.808396, 41.715744], [-7.80401, 41.714156]], [[-7.876551, 41.837956], [-7.864447, 41.841391], [-7.8524, 41.841519], [-7.840414, 41.838248], [-7.826662, 41.829209], [-7.819597, 41.82013], [-7.816067, 41.811087], [-7.808531, 41.756968], [-7.810673, 41.747984], [-7.818166, 41.738188], [-7.830308, 41.731756], [-7.854448, 41.726536], [-7.866602, 41.719099], [-7.879026, 41.695938], [-7.891156, 41.68943], [-7.903166, 41.689757], [-7.915102, 41.694569], [-7.92565, 41.704082], [-7.9301, 41.71313], [-7.9308, 41.722144], [-7.92113, 41.749074], [-7.914039, 41.75768], [-7.901568, 41.783616], [-7.902897, 41.802942], [-7.901586, 41.811937], [-7.897417, 41.820904], [-7.888719, 41.830793], [-7.876551, 41.837956]], [[-7.950219, 41.752017], [-7.95538, 41.758398], [-7.949975, 41.766959], [-7.937946, 41.766871], [-7.928739, 41.758152], [-7.938216, 41.75047], [-7.950219, 41.752017]]], [[[-8.307784, 41.7604], [-8.31159, 41.752077], [-8.30968, 41.743059], [-8.300223, 41.733995], [-8.287241, 41.73043], [-8.275197, 41.732151], [-8.261551, 41.742759], [-8.259417, 41.751753], [-8.263331, 41.760785], [-8.271477, 41.766346], [-8.280681, 41.764083], [-8.284933, 41.758476], [-8.274939, 41.755073], [-8.272481, 41.751836], [-8.27508, 41.742614], [-8.287137, 41.739812], [-8.29447, 41.742966], [-8.298126, 41.751996], [-8.290216, 41.757049], [-8.298457, 41.757263], [-8.300866, 41.758835], [-8.305674, 41.758152], [-8.30778, 41.758824], [-8.307784, 41.7604]]], [[[-8.178891, 41.740895], [-8.166899, 41.738309], [-8.162375, 41.742079], [-8.166747, 41.750034], [-8.178836, 41.745215], [-8.180289, 41.742208], [-8.178891, 41.740895]]], [[[-8.11937, 41.696346], [-8.118684, 41.696718], [-8.119356, 41.69742], [-8.119941, 41.696727], [-8.11937, 41.696346]]], [[[-8.15119, 41.633913], [-8.144368, 41.623701], [-8.132399, 41.621041], [-8.124395, 41.624705], [-8.118705, 41.633668], [-8.126699, 41.642736], [-8.132078, 41.64502], [-8.145234, 41.642876], [-8.15119, 41.633913]], [[-8.132279, 41.63], [-8.140076, 41.63383], [-8.132171, 41.638081], [-8.128284, 41.633741], [-8.132279, 41.63]]], [[[-8.456394, 41.633425], [-8.460185, 41.626772], [-8.456499, 41.620873], [-8.451018, 41.617721], [-8.444535, 41.616253], [-8.440268, 41.617669], [-8.432464, 41.624124], [-8.43242, 41.629065], [-8.439553, 41.63568], [-8.444353, 41.637471], [-8.452727, 41.635744], [-8.456394, 41.633425]]], [[[-8.096571, 41.607966], [-8.08459, 41.606535], [-8.077807, 41.615333], [-8.084359, 41.622843], [-8.09638, 41.621652], [-8.102369, 41.615528], [-8.096571, 41.607966]]], [[[-8.540432, 41.582084], [-8.541197, 41.57308], [-8.533918, 41.564044], [-8.528954, 41.561441], [-8.516972, 41.560021], [-8.50601, 41.563927], [-8.498522, 41.572902], [-8.498778, 41.58191], [-8.504757, 41.589153], [-8.516721, 41.593593], [-8.528732, 41.591998], [-8.540432, 41.582084]], [[-8.528816, 41.580385], [-8.527483, 41.582032], [-8.516786, 41.584892], [-8.51084, 41.581962], [-8.507072, 41.572939], [-8.516921, 41.566754], [-8.528885, 41.570932], [-8.53081, 41.573038], [-8.528816, 41.580385]]], [[[-8.095148, 41.544229], [-8.10943, 41.545543], [-8.121502, 41.539474], [-8.125408, 41.53464], [-8.125774, 41.525636], [-8.115097, 41.516547], [-8.10985, 41.51495], [-8.097868, 41.514766], [-8.090597, 41.517442], [-8.090596, 41.517442], [-8.089698, 41.518155], [-8.090295, 41.521719], [-8.093289, 41.522395], [-8.093288, 41.523799], [-8.097792, 41.520283], [-8.109784, 41.519724], [-8.117514, 41.525573], [-8.114605, 41.534558], [-8.109538, 41.537699], [-8.098074, 41.536964], [-8.106759, 41.543557], [-8.101666, 41.542655], [-8.095148, 41.544229]]], [[[-8.093433, 41.532749], [-8.092447, 41.529372], [-8.091487, 41.531173], [-8.093433, 41.532749]]], [[[-8.092119, 41.528247], [-8.092119, 41.528247], [-8.092088, 41.528141], [-8.092119, 41.528247]]], [[[-8.091922, 41.527572], [-8.091922, 41.527572], [-8.09179, 41.527121], [-8.091922, 41.527572]]], [[[-8.09209, 41.524735], [-8.09209, 41.524735], [-8.092204, 41.524645], [-8.09209, 41.524735]]], [[[-8.09239, 41.524501], [-8.09239, 41.524501], [-8.092493, 41.524421], [-8.09239, 41.524501]]], [[[-8.092689, 41.524267], [-8.092689, 41.524267], [-8.092781, 41.524196], [-8.092689, 41.524267]]], [[[-8.092989, 41.524033], [-8.092989, 41.524033], [-8.093069, 41.523971], [-8.092989, 41.524033]]], [[[-8.661454, 41.366325], [-8.660517, 41.357315], [-8.653852, 41.348287], [-8.638118, 41.340465], [-8.626171, 41.339656], [-8.614198, 41.343102], [-8.606737, 41.348136], [-8.601413, 41.357125], [-8.60175, 41.366134], [-8.607682, 41.375162], [-8.613982, 41.379725], [-8.625917, 41.38396], [-8.637876, 41.384224], [-8.649856, 41.380434], [-8.656488, 41.375318], [-8.661454, 41.366325]], [[-8.6499, 41.372266], [-8.637909, 41.378163], [-8.625952, 41.377831], [-8.619632, 41.375202], [-8.610272, 41.366163], [-8.609863, 41.357154], [-8.614151, 41.351203], [-8.617904, 41.348173], [-8.626139, 41.345112], [-8.638091, 41.345409], [-8.644899, 41.34826], [-8.65383, 41.357295], [-8.654083, 41.366303], [-8.6499, 41.372266]]]]}}, {"id": "4", "type": "Feature", "properties": {"fill": "#d75e13", "value_min": -2.67, "value_max": -2.33}, "geometry": {"type": "MultiPolygon", "coordinates": [[[[-7.864527, 41.836844], [-7.876612, 41.834484], [-7.888784, 41.827023], [-7.89419, 41.820873], [-7.898171, 41.811904], [-7.898016, 41.802896], [-7.889917, 41.784804], [-7.891522, 41.775813], [-7.896007, 41.766849], [-7.89858, 41.74886], [-7.902293, 41.741126], [-7.914478, 41.731668], [-7.920945, 41.722052], [-7.921009, 41.713045], [-7.914942, 41.70407], [-7.903026, 41.698045], [-7.891003, 41.698335], [-7.883399, 41.703679], [-7.876297, 41.712617], [-7.868092, 41.73055], [-7.840418, 41.739281], [-7.828379, 41.748166], [-7.823955, 41.757127], [-7.823828, 41.766133], [-7.828987, 41.784199], [-7.827898, 41.811208], [-7.830978, 41.820247], [-7.840558, 41.830283], [-7.852504, 41.835708], [-7.864527, 41.836844]], [[-7.864596, 41.83293], [-7.850655, 41.829452], [-7.840038, 41.820338], [-7.836627, 41.811297], [-7.83806, 41.802305], [-7.849788, 41.784409], [-7.836204, 41.766259], [-7.835558, 41.757246], [-7.842043, 41.747849], [-7.854179, 41.741724], [-7.866231, 41.740196], [-7.878222, 41.742233], [-7.885449, 41.748734], [-7.888474, 41.75777], [-7.886441, 41.766757], [-7.873934, 41.784649], [-7.877465, 41.785658], [-7.889318, 41.796151], [-7.893536, 41.802853], [-7.894842, 41.811872], [-7.88885, 41.823245], [-7.876673, 41.831013], [-7.864596, 41.83293]], [[-7.890446, 41.730723], [-7.881181, 41.721671], [-7.882903, 41.712681], [-7.890882, 41.705376], [-7.902906, 41.70508], [-7.912417, 41.712964], [-7.911974, 41.721967], [-7.902485, 41.729825], [-7.890446, 41.730723]]], [[[-8.625996, 41.370107], [-8.63795, 41.370733], [-8.644449, 41.366274], [-8.64502, 41.357268], [-8.638054, 41.351994], [-8.626098, 41.352307], [-8.619961, 41.357188], [-8.620752, 41.366198], [-8.625996, 41.370107]]]]}}, {"id": "7", "type": "Feature", "properties": {"fill": "#cba158", "value_min": -1.67, "value_max": -1.33}, "geometry": {"type": "MultiPolygon", "coordinates": [[[[-7.753097, 41.747536], [-7.768598, 41.765554], [-7.772965, 41.774608], [-7.775161, 41.783638], [-7.775507, 41.810662], [-7.780273, 41.819719], [-7.804183, 41.843583], [-7.816067, 41.852325], [-7.828033, 41.856742], [-7.840057, 41.858019], [-7.864238, 41.85317], [-7.87275, 41.848588], [-7.873066, 41.844875], [-7.875163, 41.847436], [-7.888589, 41.838288], [-7.903803, 41.820965], [-7.913241, 41.804976], [-7.925412, 41.796994], [-7.937427, 41.798326], [-7.949474, 41.797672], [-7.957493, 41.794444], [-7.979667, 41.767623], [-7.98194, 41.758636], [-7.980674, 41.749618], [-7.962679, 41.725139], [-7.939249, 41.687704], [-7.927425, 41.676117], [-7.902017, 41.660555], [-7.899913, 41.66127], [-7.900198, 41.665547], [-7.898396, 41.665769], [-7.896885, 41.668692], [-7.883969, 41.67069], [-7.876883, 41.676977], [-7.891382, 41.676239], [-7.903359, 41.678408], [-7.915293, 41.683195], [-7.927168, 41.691607], [-7.937241, 41.70419], [-7.946496, 41.731296], [-7.964549, 41.749474], [-7.968018, 41.758512], [-7.964937, 41.767491], [-7.961948, 41.770532], [-7.949824, 41.776213], [-7.937741, 41.779309], [-7.925706, 41.779383], [-7.913526, 41.788119], [-7.905589, 41.811975], [-7.893129, 41.829869], [-7.888654, 41.834541], [-7.876474, 41.842354], [-7.864357, 41.846454], [-7.852284, 41.847987], [-7.840257, 41.846942], [-7.828286, 41.842851], [-7.810783, 41.829046], [-7.799637, 41.810917], [-7.788292, 41.756757], [-7.787142, 41.738731], [-7.789554, 41.72975], [-7.794424, 41.721653], [-7.80401, 41.714156], [-7.790966, 41.717044], [-7.789449, 41.719966], [-7.78464, 41.720402], [-7.78252, 41.723546], [-7.776204, 41.724652], [-7.773786, 41.727346], [-7.770798, 41.72441], [-7.765698, 41.723044], [-7.761765, 41.727758], [-7.762933, 41.733839], [-7.759307, 41.737203], [-7.759597, 41.739005], [-7.75689, 41.739446], [-7.758687, 41.740577], [-7.757758, 41.745301], [-7.753097, 41.747536]]], [[[-7.822188, 41.711505], [-7.84259, 41.717363], [-7.854614, 41.717228], [-7.8612, 41.712468], [-7.865688, 41.703506], [-7.861075, 41.685269], [-7.857773, 41.689538], [-7.854776, 41.68818], [-7.847538, 41.695365], [-7.837309, 41.699391], [-7.835792, 41.702763], [-7.839682, 41.705924], [-7.838465, 41.709522], [-7.832453, 41.710407], [-7.825252, 41.708813], [-7.822188, 41.711505]]], [[[-8.321427, 41.763529], [-8.324368, 41.752153], [-8.322335, 41.743134], [-8.316389, 41.734092], [-8.311296, 41.729715], [-8.299338, 41.723649], [-8.287339, 41.721482], [-8.275303, 41.722761], [-8.263224, 41.727675], [-8.255036, 41.73371], [-8.248227, 41.742673], [-8.245587, 41.751663], [-8.247067, 41.760679], [-8.252999, 41.769725], [-8.257914, 41.773564], [-8.261762, 41.774235], [-8.271477, 41.766346], [-8.263331, 41.760785], [-8.259417, 41.751753], [-8.261551, 41.742759], [-8.275197, 41.732151], [-8.287241, 41.73043], [-8.300223, 41.733995], [-8.30968, 41.743059], [-8.31159, 41.752077], [-8.307784, 41.7604], [-8.311096, 41.762195], [-8.318308, 41.761283], [-8.321427, 41.763529]]], [[[-8.192981, 41.742298], [-8.184412, 41.733231], [-8.179017, 41.731051], [-8.166993, 41.730989], [-8.152777, 41.742009], [-8.153516, 41.751021], [-8.166617, 41.760101], [-8.178647, 41.760096], [-8.191817, 41.751297], [-8.192981, 41.742298]], [[-8.178891, 41.740895], [-8.180289, 41.742208], [-8.178836, 41.745215], [-8.166747, 41.750034], [-8.162375, 41.742079], [-8.166899, 41.738309], [-8.178891, 41.740895]]], [[[-8.010703, 41.72953], [-8.003652, 41.731806], [-8.010532, 41.740702], [-8.014859, 41.731902], [-8.010703, 41.72953]]], [[[-8.119406, 41.693737], [-8.113959, 41.696681], [-8.11929, 41.702248], [-8.123924, 41.696758], [-8.119406, 41.693737]], [[-8.11937, 41.696346], [-8.119941, 41.696727], [-8.119356, 41.69742], [-8.118684, 41.696718], [-8.11937, 41.696346]]], [[[-8.46835, 41.63946], [-8.472519, 41.635836], [-8.475781, 41.626844], [-8.47287, 41.617824], [-8.457869, 41.608747], [-8.444612, 41.607278], [-8.438803, 41.608655], [-8.432584, 41.610335], [-8.423467, 41.617586], [-8.420754, 41.62658], [-8.424771, 41.635607], [-8.432308, 41.641869], [-8.44428, 41.646029], [-8.456292, 41.645506], [-8.46835, 41.63946]], [[-8.456394, 41.633425], [-8.452727, 41.635744], [-8.444353, 41.637471], [-8.439553, 41.63568], [-8.43242, 41.629065], [-8.432464, 41.624124], [-8.440268, 41.617669], [-8.444535, 41.616253], [-8.451018, 41.617721], [-8.456499, 41.620873], [-8.460185, 41.626772], [-8.456394, 41.633425]]], [[[-8.156131, 41.642174], [-8.161149, 41.633986], [-8.159259, 41.624965], [-8.156403, 41.621341], [-8.144507, 41.613143], [-8.120562, 41.608762], [-8.108675, 41.600522], [-8.096743, 41.595647], [-8.084742, 41.595757], [-8.072656, 41.60186], [-8.069094, 41.606256], [-8.067504, 41.61525], [-8.073903, 41.624309], [-8.084274, 41.628869], [-8.108268, 41.630015], [-8.117815, 41.642668], [-8.132024, 41.64902], [-8.144036, 41.648736], [-8.156131, 41.642174]], [[-8.15119, 41.633913], [-8.145234, 41.642876], [-8.132078, 41.64502], [-8.126699, 41.642736], [-8.118705, 41.633668], [-8.124395, 41.624705], [-8.132399, 41.621041], [-8.144368, 41.623701], [-8.15119, 41.633913]], [[-8.096571, 41.607966], [-8.102369, 41.615528], [-8.09638, 41.621652], [-8.084359, 41.622843], [-8.077807, 41.615333], [-8.08459, 41.606535], [-8.096571, 41.607966]]], [[[-8.54069, 41.597649], [-8.547886, 41.591121], [-8.552005, 41.58213], [-8.551584, 41.573121], [-8.546446, 41.564094], [-8.540959, 41.559715], [-8.529003, 41.554696], [-8.517015, 41.55425], [-8.504994, 41.558078], [-8.49728, 41.563889], [-8.490856, 41.572868], [-8.48926, 41.581869], [-8.492742, 41.591309], [-8.504667, 41.600859], [-8.516645, 41.603803], [-8.528653, 41.60275], [-8.54069, 41.597649]], [[-8.540432, 41.582084], [-8.528732, 41.591998], [-8.516721, 41.593593], [-8.504757, 41.589153], [-8.498778, 41.58191], [-8.498522, 41.572902], [-8.50601, 41.563927], [-8.516972, 41.560021], [-8.528954, 41.561441], [-8.533918, 41.564044], [-8.541197, 41.57308], [-8.540432, 41.582084]]], [[[-8.082787, 41.548882], [-8.097313, 41.554697], [-8.109305, 41.554687], [-8.121349, 41.550767], [-8.130214, 41.543684], [-8.134621, 41.53471], [-8.133183, 41.525692], [-8.124589, 41.516619], [-8.10989, 41.512031], [-8.097915, 41.511404], [-8.0906, 41.512926], [-8.090597, 41.517442], [-8.097868, 41.514766], [-8.10985, 41.51495], [-8.115097, 41.516547], [-8.125774, 41.525636], [-8.125408, 41.53464], [-8.121502, 41.539474], [-8.10943, 41.545543], [-8.095148, 41.544229], [-8.087885, 41.542876], [-8.083389, 41.5449], [-8.082787, 41.548882]]], [[[-8.089698, 41.518155], [-8.089698, 41.518155], [-8.090596, 41.517442], [-8.089698, 41.518155]]], [[[-8.661819, 41.379668], [-8.665317, 41.375344], [-8.668109, 41.366344], [-8.666556, 41.357332], [-8.660564, 41.348307], [-8.65007, 41.34049], [-8.638143, 41.336042], [-8.626198, 41.334825], [-8.614236, 41.336672], [-8.608155, 41.339133], [-8.596692, 41.348101], [-8.592707, 41.357095], [-8.592997, 41.366103], [-8.597515, 41.375127], [-8.613939, 41.386953], [-8.625882, 41.390127], [-8.637841, 41.390369], [-8.649818, 41.387592], [-8.661819, 41.379668]], [[-8.661454, 41.366325], [-8.656488, 41.375318], [-8.649856, 41.380434], [-8.637876, 41.384224], [-8.625917, 41.38396], [-8.613982, 41.379725], [-8.607682, 41.375162], [-8.60175, 41.366134], [-8.601413, 41.357125], [-8.606737, 41.348136], [-8.614198, 41.343102], [-8.626171, 41.339656], [-8.638118, 41.340465], [-8.653852, 41.348287], [-8.660517, 41.357315], [-8.661454, 41.366325]]]]}}, {"id": "8", "type": "Feature", "properties": {"fill": "#b1a288", "value_min": -1.33, "value_max": -1.0}, "geometry": {"type": "MultiPolygon", "coordinates": [[[[-7.840725, 41.874302], [-7.843326, 41.873163], [-7.841663, 41.866632], [-7.849515, 41.861475], [-7.858542, 41.862622], [-7.859456, 41.860148], [-7.864877, 41.859711], [-7.87033, 41.851395], [-7.873043, 41.850501], [-7.87275, 41.848588], [-7.864238, 41.85317], [-7.840057, 41.858019], [-7.828033, 41.856742], [-7.816067, 41.852325], [-7.804183, 41.843583], [-7.780273, 41.819719], [-7.775507, 41.810662], [-7.775161, 41.783638], [-7.772965, 41.774608], [-7.768598, 41.765554], [-7.753097, 41.747536], [-7.747812, 41.749995], [-7.747786, 41.754496], [-7.743866, 41.756509], [-7.740214, 41.763924], [-7.726937, 41.771755], [-7.7254, 41.777152], [-7.727191, 41.779184], [-7.724177, 41.780299], [-7.725372, 41.781653], [-7.722302, 41.791546], [-7.722889, 41.793798], [-7.728879, 41.797871], [-7.727026, 41.805517], [-7.728761, 41.816776], [-7.732041, 41.821514], [-7.743152, 41.825154], [-7.742839, 41.827178], [-7.738918, 41.82874], [-7.742196, 41.833928], [-7.74729, 41.837772], [-7.746373, 41.840075], [-7.756068, 41.840218], [-7.768046, 41.843668], [-7.772973, 41.846662], [-7.782424, 41.855769], [-7.791537, 41.875505], [-7.796437, 41.878253], [-7.794349, 41.87438], [-7.797064, 41.873488], [-7.803381, 41.874857], [-7.804914, 41.869459], [-7.813032, 41.871958], [-7.814229, 41.873537], [-7.823863, 41.874013], [-7.825059, 41.875817], [-7.830479, 41.875831], [-7.830789, 41.874031], [-7.832894, 41.874712], [-7.83772, 41.872924], [-7.840725, 41.874302]], [[-7.732996, 41.788691], [-7.728897, 41.783135], [-7.733173, 41.779707], [-7.745156, 41.782267], [-7.745102, 41.785012], [-7.732996, 41.788691]]], [[[-7.878458, 41.85147], [-7.888506, 41.843137], [-7.913805, 41.812053], [-7.92529, 41.804282], [-7.94939, 41.802783], [-7.969549, 41.794553], [-7.993291, 41.77675], [-8.008684, 41.75887], [-8.022429, 41.749179], [-8.027303, 41.741015], [-8.02654, 41.732002], [-8.014478, 41.722892], [-8.010832, 41.721122], [-7.986802, 41.720233], [-7.974895, 41.712977], [-7.939606, 41.665955], [-7.927815, 41.652646], [-7.906013, 41.633464], [-7.907486, 41.641253], [-7.897869, 41.645511], [-7.89696, 41.647985], [-7.892759, 41.647976], [-7.892147, 41.651126], [-7.900827, 41.657446], [-7.902017, 41.660555], [-7.927425, 41.676117], [-7.939249, 41.687704], [-7.962679, 41.725139], [-7.980674, 41.749618], [-7.98194, 41.758636], [-7.979667, 41.767623], [-7.957493, 41.794444], [-7.949474, 41.797672], [-7.937427, 41.798326], [-7.925412, 41.796994], [-7.913241, 41.804976], [-7.903803, 41.820965], [-7.888589, 41.838288], [-7.875163, 41.847436], [-7.878458, 41.85147]], [[-8.010703, 41.72953], [-8.014859, 41.731902], [-8.010532, 41.740702], [-8.003652, 41.731806], [-8.010703, 41.72953]]], [[[-8.340164, 41.761921], [-8.336924, 41.743219], [-8.332111, 41.734184], [-8.324114, 41.725131], [-8.311439, 41.716371], [-8.299471, 41.711438], [-8.287472, 41.70949], [-8.275447, 41.709953], [-8.26339, 41.713141], [-8.2513, 41.719098], [-8.227045, 41.736732], [-8.215003, 41.738151], [-8.208699, 41.733401], [-8.191105, 41.725943], [-8.179105, 41.724116], [-8.167062, 41.725695], [-8.152711, 41.733001], [-8.144895, 41.741951], [-8.143154, 41.750944], [-8.146096, 41.759973], [-8.154477, 41.768554], [-8.166433, 41.774332], [-8.178442, 41.776135], [-8.214577, 41.773092], [-8.241344, 41.790713], [-8.24074, 41.789338], [-8.244347, 41.787984], [-8.245546, 41.785731], [-8.251257, 41.784375], [-8.251845, 41.777172], [-8.257914, 41.773564], [-8.252999, 41.769725], [-8.247067, 41.760679], [-8.245587, 41.751663], [-8.248227, 41.742673], [-8.255036, 41.73371], [-8.263224, 41.727675], [-8.275303, 41.722761], [-8.287339, 41.721482], [-8.299338, 41.723649], [-8.311296, 41.729715], [-8.316389, 41.734092], [-8.322335, 41.743134], [-8.324368, 41.752153], [-8.321427, 41.763529], [-8.326436, 41.765096], [-8.328234, 41.763292], [-8.336653, 41.763728], [-8.340164, 41.761921]], [[-8.192981, 41.742298], [-8.191817, 41.751297], [-8.178647, 41.760096], [-8.166617, 41.760101], [-8.153516, 41.751021], [-8.152777, 41.742009], [-8.166993, 41.730989], [-8.179017, 41.731051], [-8.184412, 41.733231], [-8.192981, 41.742298]]], [[[-8.127909, 41.696788], [-8.119441, 41.691129], [-8.109234, 41.696645], [-8.115513, 41.7057], [-8.119229, 41.706711], [-8.127909, 41.696788]], [[-8.119406, 41.693737], [-8.123924, 41.696758], [-8.11929, 41.702248], [-8.113959, 41.696681], [-8.119406, 41.693737]]], [[[-8.480275, 41.649745], [-8.488474, 41.644916], [-8.504456, 41.628486], [-8.540561, 41.615818], [-8.552615, 41.608401], [-8.560419, 41.600177], [-8.564631, 41.591186], [-8.5658, 41.582183], [-8.564009, 41.573169], [-8.55936, 41.564144], [-8.552965, 41.557674], [-8.541027, 41.550057], [-8.529058, 41.547136], [-8.517066, 41.54738], [-8.505048, 41.550957], [-8.488951, 41.563853], [-8.482615, 41.572832], [-8.473963, 41.590807], [-8.468712, 41.595368], [-8.432672, 41.600367], [-8.417062, 41.608547], [-8.410731, 41.617522], [-8.410095, 41.626526], [-8.413951, 41.635553], [-8.423164, 41.644606], [-8.432231, 41.650569], [-8.444207, 41.654539], [-8.456206, 41.655773], [-8.468229, 41.654216], [-8.480275, 41.649745]], [[-8.46835, 41.63946], [-8.456292, 41.645506], [-8.44428, 41.646029], [-8.432308, 41.641869], [-8.424771, 41.635607], [-8.420754, 41.62658], [-8.423467, 41.617586], [-8.432584, 41.610335], [-8.438803, 41.608655], [-8.444612, 41.607278], [-8.457869, 41.608747], [-8.47287, 41.617824], [-8.475781, 41.626844], [-8.472519, 41.635836], [-8.46835, 41.63946]], [[-8.54069, 41.597649], [-8.528653, 41.60275], [-8.516645, 41.603803], [-8.504667, 41.600859], [-8.492742, 41.591309], [-8.48926, 41.581869], [-8.490856, 41.572868], [-8.49728, 41.563889], [-8.504994, 41.558078], [-8.517015, 41.55425], [-8.529003, 41.554696], [-8.540959, 41.559715], [-8.546446, 41.564094], [-8.551584, 41.573121], [-8.552005, 41.58213], [-8.547886, 41.591121], [-8.54069, 41.597649]]], [[[-8.072949, 41.568304], [-8.075394, 41.570278], [-8.072213, 41.579259], [-8.060809, 41.591321], [-8.055383, 41.606144], [-8.057201, 41.615166], [-8.063727, 41.624226], [-8.072257, 41.629687], [-8.082262, 41.633383], [-8.096187, 41.63545], [-8.108133, 41.639839], [-8.120025, 41.648331], [-8.131968, 41.65319], [-8.143963, 41.654312], [-8.155135, 41.651956], [-8.168112, 41.644212], [-8.17514, 41.634087], [-8.175485, 41.625082], [-8.171857, 41.616049], [-8.156669, 41.600873], [-8.136268, 41.588766], [-8.124686, 41.579671], [-8.12424, 41.57066], [-8.140973, 41.552772], [-8.145034, 41.543795], [-8.145795, 41.534794], [-8.143074, 41.525766], [-8.133262, 41.516685], [-8.121872, 41.512073], [-8.10993, 41.509112], [-8.0921, 41.508516], [-8.0906, 41.512926], [-8.097915, 41.511404], [-8.10989, 41.512031], [-8.124589, 41.516619], [-8.133183, 41.525692], [-8.134621, 41.53471], [-8.130214, 41.543684], [-8.121349, 41.550767], [-8.109305, 41.554687], [-8.097313, 41.554697], [-8.082787, 41.548882], [-8.079788, 41.551876], [-8.074396, 41.549848], [-8.072897, 41.551197], [-8.076188, 41.557276], [-8.079783, 41.558403], [-8.082177, 41.563131], [-8.081276, 41.565382], [-8.078879, 41.56493], [-8.077678, 41.566956], [-8.072949, 41.568304]], [[-8.156131, 41.642174], [-8.144036, 41.648736], [-8.132024, 41.64902], [-8.117815, 41.642668], [-8.108268, 41.630015], [-8.084274, 41.628869], [-8.073903, 41.624309], [-8.067504, 41.61525], [-8.069094, 41.606256], [-8.072656, 41.60186], [-8.084742, 41.595757], [-8.096743, 41.595647], [-8.108675, 41.600522], [-8.120562, 41.608762], [-8.144507, 41.613143], [-8.156403, 41.621341], [-8.159259, 41.624965], [-8.161149, 41.633986], [-8.156131, 41.642174]]], [[[-8.661768, 41.389563], [-8.667988, 41.384359], [-8.67357, 41.375368], [-8.674788, 41.366364], [-8.672418, 41.357349], [-8.662003, 41.344261], [-8.650093, 41.336178], [-8.638166, 41.331794], [-8.626226, 41.330043], [-8.614271, 41.330768], [-8.602299, 41.334423], [-8.594218, 41.339085], [-8.585923, 41.348063], [-8.582641, 41.357059], [-8.582951, 41.366067], [-8.586824, 41.375089], [-8.594996, 41.384126], [-8.611378, 41.39319], [-8.625843, 41.396929], [-8.637804, 41.397195], [-8.649778, 41.394964], [-8.661768, 41.389563]], [[-8.661819, 41.379668], [-8.649818, 41.387592], [-8.637841, 41.390369], [-8.625882, 41.390127], [-8.613939, 41.386953], [-8.597515, 41.375127], [-8.592997, 41.366103], [-8.592707, 41.357095], [-8.596692, 41.348101], [-8.608155, 41.339133], [-8.614236, 41.336672], [-8.626198, 41.334825], [-8.638143, 41.336042], [-8.65007, 41.34049], [-8.660564, 41.348307], [-8.666556, 41.357332], [-8.668109, 41.366344], [-8.665317, 41.375344], [-8.661819, 41.379668]]]]}}, {"id": "9", "type": "Feature", "properties": {"fill": "#a3a3a3", "value_min": -1.0, "value_max": -0.67}, "geometry": {"type": "MultiPolygon", "coordinates": [[[[-7.882802, 41.854349], [-7.913038, 41.817011], [-7.925223, 41.808317], [-7.960236, 41.803476], [-8.011117, 41.785911], [-8.027051, 41.777041], [-8.034316, 41.768095], [-8.037789, 41.759117], [-8.038061, 41.741106], [-8.033827, 41.732063], [-8.022856, 41.721015], [-7.988732, 41.704654], [-7.979604, 41.695567], [-7.967002, 41.67744], [-7.957645, 41.659342], [-7.951421, 41.641271], [-7.944951, 41.59878], [-7.942725, 41.595625], [-7.935832, 41.594713], [-7.93791, 41.601694], [-7.937004, 41.603718], [-7.931604, 41.604384], [-7.930073, 41.614735], [-7.925255, 41.620579], [-7.920755, 41.620796], [-7.917748, 41.623041], [-7.915933, 41.627764], [-7.913229, 41.628885], [-7.912613, 41.63361], [-7.906013, 41.633464], [-7.927815, 41.652646], [-7.939606, 41.665955], [-7.974895, 41.712977], [-7.986802, 41.720233], [-8.010832, 41.721122], [-8.014478, 41.722892], [-8.02654, 41.732002], [-8.027303, 41.741015], [-8.022429, 41.749179], [-8.008684, 41.75887], [-7.993291, 41.77675], [-7.969549, 41.794553], [-7.94939, 41.802783], [-7.92529, 41.804282], [-7.913805, 41.812053], [-7.888506, 41.843137], [-7.878458, 41.85147], [-7.882802, 41.854349]]], [[[-7.843326, 41.873163], [-7.840725, 41.874302], [-7.842528, 41.875187], [-7.843326, 41.873163]]], [[[-7.796437, 41.878253], [-7.791537, 41.875505], [-7.782424, 41.855769], [-7.772973, 41.846662], [-7.768046, 41.843668], [-7.756068, 41.840218], [-7.746373, 41.840075], [-7.746349, 41.84407], [-7.750541, 41.847685], [-7.750532, 41.849261], [-7.743309, 41.849012], [-7.746901, 41.8524], [-7.746881, 41.855776], [-7.73843, 41.859348], [-7.734159, 41.868337], [-7.730228, 41.871024], [-7.729293, 41.875972], [-7.720533, 41.880218], [-7.720523, 41.881793], [-7.725335, 41.882935], [-7.726208, 41.887665], [-7.737044, 41.888828], [-7.73944, 41.891087], [-7.74246, 41.889747], [-7.742785, 41.885922], [-7.756022, 41.888441], [-7.758719, 41.890926], [-7.756592, 41.89407], [-7.758076, 41.897901], [-7.764097, 41.898595], [-7.779227, 41.886264], [-7.785257, 41.885157], [-7.788886, 41.882467], [-7.794007, 41.882257], [-7.796437, 41.878253]]], [[[-8.353326, 41.739163], [-8.344869, 41.725251], [-8.335502, 41.714345], [-8.323588, 41.704146], [-8.299701, 41.690232], [-8.275758, 41.682235], [-8.227793, 41.674253], [-8.215788, 41.673543], [-8.203737, 41.676628], [-8.191848, 41.688248], [-8.187705, 41.706233], [-8.175807, 41.715155], [-8.167159, 41.718201], [-8.144003, 41.732937], [-8.133753, 41.741867], [-8.12907, 41.750839], [-8.126875, 41.759829], [-8.127405, 41.76884], [-8.135742, 41.786917], [-8.154005, 41.804409], [-8.168935, 41.814478], [-8.173744, 41.808019], [-8.177655, 41.808242], [-8.183676, 41.812741], [-8.190291, 41.809587], [-8.197158, 41.814129], [-8.201063, 41.808724], [-8.204973, 41.807372], [-8.205872, 41.804445], [-8.213692, 41.803765], [-8.217598, 41.80016], [-8.217589, 41.793634], [-8.224207, 41.794303], [-8.229917, 41.791598], [-8.23473, 41.792269], [-8.241344, 41.790713], [-8.214577, 41.773092], [-8.178442, 41.776135], [-8.166433, 41.774332], [-8.154477, 41.768554], [-8.146096, 41.759973], [-8.143154, 41.750944], [-8.144895, 41.741951], [-8.152711, 41.733001], [-8.167062, 41.725695], [-8.179105, 41.724116], [-8.191105, 41.725943], [-8.208699, 41.733401], [-8.215003, 41.738151], [-8.227045, 41.736732], [-8.2513, 41.719098], [-8.26339, 41.713141], [-8.275447, 41.709953], [-8.287472, 41.70949], [-8.299471, 41.711438], [-8.311439, 41.716371], [-8.324114, 41.725131], [-8.332111, 41.734184], [-8.336924, 41.743219], [-8.340164, 41.761921], [-8.344765, 41.762363], [-8.349267, 41.760103], [-8.351959, 41.756272], [-8.352545, 41.751769], [-8.349814, 41.744122], [-8.352516, 41.743441], [-8.353326, 41.739163]]], [[[-7.732996, 41.788691], [-7.745102, 41.785012], [-7.745156, 41.782267], [-7.733173, 41.779707], [-7.728897, 41.783135], [-7.732996, 41.788691]]], [[[-8.107189, 41.708162], [-8.119181, 41.710233], [-8.132416, 41.696822], [-8.131407, 41.69495], [-8.119477, 41.68852], [-8.10579, 41.696618], [-8.105459, 41.705622], [-8.107189, 41.708162]], [[-8.127909, 41.696788], [-8.119229, 41.706711], [-8.115513, 41.7057], [-8.109234, 41.696645], [-8.119441, 41.691129], [-8.127909, 41.696788]]], [[[-8.582963, 41.618748], [-8.586397, 41.609281], [-8.587141, 41.591269], [-8.581058, 41.573232], [-8.575184, 41.564203], [-8.56499, 41.552793], [-8.553061, 41.543678], [-8.541109, 41.538424], [-8.529137, 41.536168], [-8.517144, 41.536813], [-8.50513, 41.540228], [-8.493065, 41.549949], [-8.468871, 41.575983], [-8.456816, 41.583106], [-8.420745, 41.592173], [-8.40632, 41.599485], [-8.397522, 41.608446], [-8.394163, 41.617436], [-8.396112, 41.626453], [-8.401431, 41.635488], [-8.410753, 41.644543], [-8.432141, 41.660824], [-8.444108, 41.666049], [-8.468095, 41.670512], [-8.492122, 41.670413], [-8.511947, 41.666938], [-8.522103, 41.658811], [-8.525706, 41.659023], [-8.527769, 41.652714], [-8.534066, 41.652017], [-8.537951, 41.649302], [-8.537634, 41.646602], [-8.543876, 41.637352], [-8.543855, 41.633976], [-8.536342, 41.631977], [-8.535128, 41.62973], [-8.543431, 41.61462], [-8.554533, 41.615255], [-8.557244, 41.617046], [-8.562639, 41.61635], [-8.568056, 41.619031], [-8.570735, 41.616095], [-8.577321, 41.614269], [-8.581231, 41.615829], [-8.582963, 41.618748]], [[-8.480275, 41.649745], [-8.468229, 41.654216], [-8.456206, 41.655773], [-8.444207, 41.654539], [-8.432231, 41.650569], [-8.423164, 41.644606], [-8.413951, 41.635553], [-8.410095, 41.626526], [-8.410731, 41.617522], [-8.417062, 41.608547], [-8.432672, 41.600367], [-8.468712, 41.595368], [-8.473963, 41.590807], [-8.482615, 41.572832], [-8.488951, 41.563853], [-8.505048, 41.550957], [-8.517066, 41.54738], [-8.529058, 41.547136], [-8.541027, 41.550057], [-8.552965, 41.557674], [-8.55936, 41.564144], [-8.564009, 41.573169], [-8.5658, 41.582183], [-8.564631, 41.591186], [-8.560419, 41.600177], [-8.552615, 41.608401], [-8.540561, 41.615818], [-8.504456, 41.628486], [-8.488474, 41.644916], [-8.480275, 41.649745]]], [[[-8.032068, 41.602339], [-8.041859, 41.615039], [-8.051413, 41.624125], [-8.066068, 41.633253], [-8.096114, 41.640712], [-8.131907, 41.657737], [-8.155881, 41.66133], [-8.179928, 41.659331], [-8.191983, 41.655817], [-8.198307, 41.652265], [-8.205289, 41.643307], [-8.208287, 41.63432], [-8.20603, 41.61629], [-8.196754, 41.598211], [-8.176721, 41.571048], [-8.1644, 41.53493], [-8.15773, 41.525874], [-8.14619, 41.516782], [-8.133857, 41.512017], [-8.117057, 41.507555], [-8.093, 41.504831], [-8.0921, 41.508516], [-8.10993, 41.509112], [-8.121872, 41.512073], [-8.133262, 41.516685], [-8.143074, 41.525766], [-8.145795, 41.534794], [-8.145034, 41.543795], [-8.140973, 41.552772], [-8.12424, 41.57066], [-8.124686, 41.579671], [-8.136268, 41.588766], [-8.156669, 41.600873], [-8.171857, 41.616049], [-8.175485, 41.625082], [-8.17514, 41.634087], [-8.168112, 41.644212], [-8.155135, 41.651956], [-8.143963, 41.654312], [-8.131968, 41.65319], [-8.120025, 41.648331], [-8.108133, 41.639839], [-8.096187, 41.63545], [-8.082262, 41.633383], [-8.072257, 41.629687], [-8.063727, 41.624226], [-8.057201, 41.615166], [-8.055383, 41.606144], [-8.060809, 41.591321], [-8.072213, 41.579259], [-8.075394, 41.570278], [-8.072949, 41.568304], [-8.069283, 41.570553], [-8.068081, 41.573478], [-8.062384, 41.575501], [-8.055484, 41.580673], [-8.052181, 41.584498], [-8.052777, 41.587649], [-8.048277, 41.590122], [-8.045573, 41.594397], [-8.032068, 41.602339]]], [[[-8.481304, 41.521327], [-8.493296, 41.520446], [-8.495969, 41.518847], [-8.4985, 41.50985], [-8.493417, 41.504901], [-8.481459, 41.501904], [-8.471466, 41.509729], [-8.476682, 41.518761], [-8.481304, 41.521327]]], [[[-8.637758, 41.405394], [-8.649731, 41.403661], [-8.661715, 41.399806], [-8.673718, 41.39177], [-8.679531, 41.384392], [-8.682367, 41.375392], [-8.681918, 41.366383], [-8.678561, 41.357366], [-8.672092, 41.348341], [-8.662227, 41.339304], [-8.650115, 41.332076], [-8.63819, 41.327414], [-8.626255, 41.324984], [-8.614307, 41.324632], [-8.602347, 41.326469], [-8.590369, 41.331086], [-8.579352, 41.339031], [-8.572677, 41.348014], [-8.570057, 41.357012], [-8.570395, 41.366021], [-8.573696, 41.375041], [-8.580463, 41.384074], [-8.589987, 41.391956], [-8.601907, 41.398708], [-8.625796, 41.405076], [-8.637758, 41.405394]], [[-8.661768, 41.389563], [-8.649778, 41.394964], [-8.637804, 41.397195], [-8.625843, 41.396929], [-8.611378, 41.39319], [-8.594996, 41.384126], [-8.586824, 41.375089], [-8.582951, 41.366067], [-8.582641, 41.357059], [-8.585923, 41.348063], [-8.594218, 41.339085], [-8.602299, 41.334423], [-8.614271, 41.330768], [-8.626226, 41.330043], [-8.638166, 41.331794], [-8.650093, 41.336178], [-8.662003, 41.344261], [-8.672418, 41.357349], [-8.674788, 41.366364], [-8.67357, 41.375368], [-8.667988, 41.384359], [-8.661768, 41.389563]]]]}}, {"id": "3", "type": "Feature", "properties": {"fill": "#c33119", "value_min": -3.0, "value_max": -2.67}, "geometry": {"type": "MultiPolygon", "coordinates": [[[[-7.864596, 41.83293], [-7.876673, 41.831013], [-7.88885, 41.823245], [-7.894842, 41.811872], [-7.893536, 41.802853], [-7.889318, 41.796151], [-7.877465, 41.785658], [-7.873934, 41.784649], [-7.886441, 41.766757], [-7.888474, 41.75777], [-7.885449, 41.748734], [-7.878222, 41.742233], [-7.866231, 41.740196], [-7.854179, 41.741724], [-7.842043, 41.747849], [-7.835558, 41.757246], [-7.836204, 41.766259], [-7.849788, 41.784409], [-7.83806, 41.802305], [-7.836627, 41.811297], [-7.840038, 41.820338], [-7.850655, 41.829452], [-7.864596, 41.83293]], [[-7.864665, 41.829034], [-7.8527, 41.824733], [-7.847396, 41.820412], [-7.844012, 41.811372], [-7.846797, 41.802393], [-7.853208, 41.79626], [-7.865322, 41.791804], [-7.877318, 41.79408], [-7.889014, 41.802809], [-7.891511, 41.81184], [-7.887147, 41.820804], [-7.876731, 41.827657], [-7.864665, 41.829034]], [[-7.865644, 41.773572], [-7.853644, 41.771755], [-7.847324, 41.766371], [-7.845193, 41.757343], [-7.85329, 41.748417], [-7.866129, 41.746041], [-7.872737, 41.74861], [-7.878039, 41.752739], [-7.881056, 41.757698], [-7.877788, 41.767099], [-7.865644, 41.773572]]], [[[-7.890446, 41.730723], [-7.902485, 41.729825], [-7.911974, 41.721967], [-7.912417, 41.712964], [-7.902906, 41.70508], [-7.890882, 41.705376], [-7.882903, 41.712681], [-7.881181, 41.721671], [-7.890446, 41.730723]], [[-7.890588, 41.722455], [-7.890768, 41.711981], [-7.902781, 41.712413], [-7.902619, 41.721957], [-7.890588, 41.722455]]]]}}, {"id": "2", "type": "Feature", "properties": {"fill": "#ae1c1c", "value_min": -3.33, "value_max": -3.0}, "geometry": {"type": "MultiPolygon", "coordinates": [[[[-7.864665, 41.829034], [-7.876731, 41.827657], [-7.887147, 41.820804], [-7.891511, 41.81184], [-7.889014, 41.802809], [-7.877318, 41.79408], [-7.865322, 41.791804], [-7.853208, 41.79626], [-7.846797, 41.802393], [-7.844012, 41.811372], [-7.847396, 41.820412], [-7.8527, 41.824733], [-7.864665, 41.829034]], [[-7.864732, 41.825234], [-7.854849, 41.820487], [-7.850299, 41.811435], [-7.855073, 41.802476], [-7.865225, 41.797329], [-7.877245, 41.798259], [-7.883268, 41.802753], [-7.887662, 41.811803], [-7.882281, 41.820757], [-7.876789, 41.82437], [-7.864732, 41.825234]]], [[[-7.865644, 41.773572], [-7.877788, 41.767099], [-7.881056, 41.757698], [-7.878039, 41.752739], [-7.872737, 41.74861], [-7.866129, 41.746041], [-7.85329, 41.748417], [-7.845193, 41.757343], [-7.847324, 41.766371], [-7.853644, 41.771755], [-7.865644, 41.773572]], [[-7.854086, 41.757432], [-7.866005, 41.753083], [-7.87184, 41.757608], [-7.865771, 41.766375], [-7.854086, 41.757432]]], [[[-7.890588, 41.722455], [-7.902619, 41.721957], [-7.902781, 41.712413], [-7.890768, 41.711981], [-7.890588, 41.722455]]]]}}, {"id": "22", "type": "Feature", "properties": {"fill": "#214db8", "value_min": 3.33, "value_max": -3.67}, "geometry": {"type": "MultiPolygon", "coordinates": [[[[-7.960445, 41.863553], [-7.972816, 41.85763], [-7.979322, 41.848681], [-7.979141, 41.839673], [-7.973083, 41.830612], [-7.961046, 41.826396], [-7.936947, 41.827334], [-7.932308, 41.83024], [-7.927238, 41.839199], [-7.926842, 41.848202], [-7.931901, 41.857256], [-7.936391, 41.860891], [-7.94839, 41.863906], [-7.960445, 41.863553]], [[-7.948443, 41.860658], [-7.935567, 41.85729], [-7.931721, 41.848248], [-7.934603, 41.830261], [-7.936923, 41.828808], [-7.961013, 41.82845], [-7.967055, 41.830558], [-7.972949, 41.835073], [-7.976009, 41.839645], [-7.976013, 41.848651], [-7.972659, 41.853219], [-7.960494, 41.860536], [-7.948443, 41.860658]]], [[[-8.083513, 41.682553], [-8.095535, 41.682088], [-8.098616, 41.678548], [-8.095645, 41.674252], [-8.083631, 41.674231], [-8.079942, 41.6784], [-8.083513, 41.682553]], [[-8.083554, 41.679689], [-8.08359, 41.677146], [-8.095607, 41.676928], [-8.096718, 41.678533], [-8.095566, 41.679855], [-8.083554, 41.679689]]], [[[-8.335485, 41.500017], [-8.349683, 41.499654], [-8.358788, 41.491142], [-8.358594, 41.482133], [-8.349939, 41.474015], [-8.337978, 41.472477], [-8.325932, 41.479239], [-8.323849, 41.481934], [-8.323713, 41.490941], [-8.335485, 41.500017]], [[-8.337737, 41.496183], [-8.329874, 41.490977], [-8.330128, 41.481971], [-8.337931, 41.477158], [-8.349895, 41.47846], [-8.353784, 41.482106], [-8.354098, 41.491115], [-8.349727, 41.495202], [-8.337737, 41.496183]]], [[[-8.721848, 41.325161], [-8.733801, 41.324256], [-8.743101, 41.321498], [-8.757161, 41.312521], [-8.763378, 41.303526], [-8.765205, 41.294522], [-8.763362, 41.28551], [-8.757057, 41.276489], [-8.742428, 41.26745], [-8.734042, 41.264852], [-8.722109, 41.263566], [-8.710167, 41.264569], [-8.698212, 41.268179], [-8.686236, 41.275969], [-8.68001, 41.285309], [-8.678751, 41.294313], [-8.681453, 41.303328], [-8.688792, 41.312356], [-8.704449, 41.321405], [-8.721848, 41.325161]], [[-8.720791, 41.321446], [-8.697995, 41.315181], [-8.693958, 41.31237], [-8.685781, 41.30334], [-8.683245, 41.294325], [-8.685125, 41.285323], [-8.692958, 41.276336], [-8.69819, 41.272899], [-8.710144, 41.26971], [-8.722089, 41.268447], [-8.73402, 41.270375], [-8.74749, 41.276469], [-8.754813, 41.285492], [-8.757304, 41.294505], [-8.755049, 41.303508], [-8.748615, 41.312502], [-8.733821, 41.319193], [-8.720791, 41.321446]]]]}}, {"id": "23", "type": "Feature", "properties": {"fill": "#1f4099", "value_min": 3.67, "value_max": -4.0}, "geometry": {"type": "MultiPolygon", "coordinates": [[[[-7.948443, 41.860658], [-7.960494, 41.860536], [-7.972659, 41.853219], [-7.976013, 41.848651], [-7.976009, 41.839645], [-7.972949, 41.835073], [-7.967055, 41.830558], [-7.961013, 41.82845], [-7.936923, 41.828808], [-7.934603, 41.830261], [-7.931721, 41.848248], [-7.935567, 41.85729], [-7.948443, 41.860658]]], [[[-8.083554, 41.679689], [-8.095566, 41.679855], [-8.096718, 41.678533], [-8.095607, 41.676928], [-8.08359, 41.677146], [-8.083554, 41.679689]]], [[[-8.337737, 41.496183], [-8.349727, 41.495202], [-8.354098, 41.491115], [-8.353784, 41.482106], [-8.349895, 41.47846], [-8.337931, 41.477158], [-8.330128, 41.481971], [-8.329874, 41.490977], [-8.337737, 41.496183]]], [[[-8.720791, 41.321446], [-8.733821, 41.319193], [-8.748615, 41.312502], [-8.755049, 41.303508], [-8.757304, 41.294505], [-8.754813, 41.285492], [-8.74749, 41.276469], [-8.73402, 41.270375], [-8.722089, 41.268447], [-8.710144, 41.26971], [-8.69819, 41.272899], [-8.692958, 41.276336], [-8.685125, 41.285323], [-8.683245, 41.294325], [-8.685781, 41.30334], [-8.693958, 41.31237], [-8.697995, 41.315181], [-8.720791, 41.321446]]]]}}, {"id": "1", "type": "Feature", "properties": {"fill": "#9c1c1c", "value_min": -3.67, "value_max": -3.33}, "geometry": {"type": "MultiPolygon", "coordinates": [[[[-7.864732, 41.825234], [-7.876789, 41.82437], [-7.882281, 41.820757], [-7.887662, 41.811803], [-7.883268, 41.802753], [-7.877245, 41.798259], [-7.865225, 41.797329], [-7.855073, 41.802476], [-7.850299, 41.811435], [-7.854849, 41.820487], [-7.864732, 41.825234]], [[-7.864799, 41.821433], [-7.857358, 41.811505], [-7.865144, 41.801912], [-7.877172, 41.802436], [-7.882337, 41.811751], [-7.877415, 41.82071], [-7.864799, 41.821433]]], [[[-7.854086, 41.757432], [-7.865771, 41.766375], [-7.87184, 41.757608], [-7.866005, 41.753083], [-7.854086, 41.757432]]]]}}, {"id": "0", "type": "Feature", "properties": {"fill": "#881d1d", "value_min": -4.0, "value_max": -3.67}, "geometry": {"type": "Polygon", "coordinates": [[[-7.864799, 41.821433], [-7.877415, 41.82071], [-7.882337, 41.811751], [-7.877172, 41.802436], [-7.865144, 41.801912], [-7.857358, 41.811505], [-7.864799, 41.821433]]]}}]}