{"type": "FeatureCollection", "features": [{"id": "10", "type": "Feature", "properties": {"fill": "#a3a3a3", "value_min": -0.67, "value_max": -0.33}, "geometry": {"type": "MultiPolygon", "coordinates": [[[[-8.047545, 41.821501], [-8.033942, 41.813126], [-8.02154, 41.807692], [-7.997542, 41.802675], [-7.985503, 41.802734], [-7.937242, 41.809499], [-7.925152, 41.812557], [-7.914115, 41.821063], [-7.889576, 41.856965], [-7.891675, 41.859094], [-7.894582, 41.859325], [-7.903745, 41.838978], [-7.912885, 41.82601], [-7.925106, 41.815306], [-7.937197, 41.812214], [-7.973386, 41.807759], [-7.985422, 41.807898], [-7.99743, 41.809863], [-8.009404, 41.814018], [-8.021343, 41.820606], [-8.031985, 41.829816], [-8.03202, 41.829848], [-8.032227, 41.830042], [-8.03232, 41.830128], [-8.032469, 41.830267], [-8.037134, 41.831171], [-8.041351, 41.828023], [-8.041054, 41.825097], [-8.045268, 41.824425], [-8.047545, 41.821501]]], [[[-8.508671, 41.671517], [-8.505679, 41.653998], [-8.499914, 41.635959], [-8.48733, 41.617889], [-8.468651, 41.602806], [-8.456702, 41.596737], [-8.42078, 41.588301], [-8.408829, 41.583196], [-8.402655, 41.572444], [-8.402402, 41.563435], [-8.406409, 41.545441], [-8.425046, 41.509507], [-8.423888, 41.500494], [-8.41609, 41.491447], [-8.411251, 41.482415], [-8.415481, 41.473429], [-8.421856, 41.467495], [-8.43386, 41.464227], [-8.469811, 41.460893], [-8.481778, 41.461837], [-8.493718, 41.46627], [-8.529488, 41.487743], [-8.564013, 41.50111], [-8.572603, 41.51015], [-8.580391, 41.537201], [-8.588997, 41.548876], [-8.600922, 41.559537], [-8.612874, 41.566225], [-8.624844, 41.570332], [-8.636831, 41.571675], [-8.648832, 41.570419], [-8.661445, 41.56449], [-8.669392, 41.555506], [-8.671751, 41.546505], [-8.670719, 41.537495], [-8.666642, 41.528476], [-8.658729, 41.519445], [-8.646447, 41.5104], [-8.625246, 41.500656], [-8.59825, 41.492227], [-8.595003, 41.483208], [-8.602832, 41.447206], [-8.600226, 41.429182], [-8.594809, 41.420155], [-8.577936, 41.405817], [-8.53028, 41.377904], [-8.506438, 41.367993], [-8.494489, 41.366919], [-8.482516, 41.368927], [-8.470517, 41.374119], [-8.439239, 41.39248], [-8.418137, 41.401382], [-8.398469, 41.406556], [-8.374513, 41.409452], [-8.362549, 41.409298], [-8.338662, 41.405187], [-8.326743, 41.400821], [-8.312501, 41.391792], [-8.304946, 41.382739], [-8.300731, 41.373706], [-8.296654, 41.346658], [-8.299009, 41.318346], [-8.296431, 41.316774], [-8.297618, 41.313846], [-8.296116, 41.310022], [-8.281801, 41.316569], [-8.279132, 41.324451], [-8.272266, 41.32536], [-8.265709, 41.331221], [-8.269004, 41.336169], [-8.263339, 41.340902], [-8.26275, 41.344975], [-8.270728, 41.355505], [-8.288124, 41.391644], [-8.29971, 41.400723], [-8.31472, 41.406531], [-8.338586, 41.412693], [-8.397827, 41.419293], [-8.410292, 41.422099], [-8.422495, 41.428427], [-8.42737, 41.437459], [-8.425063, 41.446455], [-8.409902, 41.46521], [-8.40634, 41.473382], [-8.404994, 41.482383], [-8.411602, 41.509439], [-8.408691, 41.518431], [-8.397257, 41.537523], [-8.385117, 41.553533], [-8.373025, 41.563924], [-8.360973, 41.569909], [-8.336952, 41.573116], [-8.32497, 41.571857], [-8.313005, 41.569055], [-8.301072, 41.563388], [-8.290144, 41.55379], [-8.285384, 41.544753], [-8.282444, 41.517713], [-8.278161, 41.499671], [-8.266035, 41.480152], [-8.230495, 41.446863], [-8.218627, 41.438239], [-8.183045, 41.417968], [-8.171569, 41.408879], [-8.163176, 41.399811], [-8.157694, 41.390763], [-8.153563, 41.375866], [-8.150152, 41.37339], [-8.139694, 41.377894], [-8.133418, 41.374292], [-8.119672, 41.376768], [-8.119672, 41.378569], [-8.116683, 41.380144], [-8.117578, 41.386447], [-8.113992, 41.386896], [-8.112795, 41.390723], [-8.110105, 41.390947], [-8.108011, 41.393648], [-8.103827, 41.392972], [-8.105321, 41.394998], [-8.10263, 41.396123], [-8.10801, 41.398825], [-8.108008, 41.404002], [-8.104419, 41.406252], [-8.104119, 41.408728], [-8.101727, 41.409403], [-8.102025, 41.411204], [-8.092756, 41.411201], [-8.092456, 41.413227], [-8.087824, 41.416151], [-8.106078, 41.426403], [-8.134826, 41.439134], [-8.170471, 41.459998], [-8.182396, 41.463901], [-8.230242, 41.46826], [-8.254085, 41.477704], [-8.26595, 41.487601], [-8.273562, 41.499642], [-8.276579, 41.508669], [-8.277093, 41.517679], [-8.275465, 41.526676], [-8.264801, 41.553631], [-8.263803, 41.562631], [-8.267355, 41.571661], [-8.276889, 41.581109], [-8.300741, 41.594094], [-8.324656, 41.602014], [-8.360567, 41.611095], [-8.372507, 41.617402], [-8.408224, 41.649382], [-8.419332, 41.662601], [-8.420973, 41.671617], [-8.413959, 41.680588], [-8.380364, 41.698426], [-8.372854, 41.707393], [-8.370688, 41.716388], [-8.374899, 41.734393], [-8.384922, 41.73032], [-8.387032, 41.731891], [-8.390747, 41.730532], [-8.387693, 41.725487], [-8.387017, 41.716476], [-8.391552, 41.707493], [-8.405359, 41.698558], [-8.419828, 41.694442], [-8.431846, 41.694442], [-8.443832, 41.698088], [-8.449386, 41.702516], [-8.453868, 41.697961], [-8.453255, 41.695487], [-8.461659, 41.694563], [-8.482012, 41.682123], [-8.484371, 41.674238], [-8.49308, 41.674886], [-8.499963, 41.671038], [-8.508671, 41.671517]], [[-8.456235, 41.652376], [-8.444223, 41.652599], [-8.432246, 41.648969], [-8.416512, 41.635566], [-8.412837, 41.62654], [-8.414382, 41.61754], [-8.420575, 41.61124], [-8.432623, 41.605915], [-8.44463, 41.605251], [-8.456607, 41.6081], [-8.47065, 41.617813], [-8.47564, 41.626843], [-8.47577, 41.635851], [-8.470517, 41.644834], [-8.456235, 41.652376]], [[-8.624961, 41.550132], [-8.612985, 41.547595], [-8.601045, 41.539404], [-8.595285, 41.528247], [-8.596665, 41.519244], [-8.6012, 41.514153], [-8.613219, 41.508397], [-8.625201, 41.508503], [-8.637159, 41.512935], [-8.645888, 41.519406], [-8.650789, 41.528428], [-8.649727, 41.537433], [-8.640437, 41.546411], [-8.636962, 41.548284], [-8.624961, 41.550132]], [[-8.553489, 41.481437], [-8.541524, 41.479596], [-8.529195, 41.47395], [-8.518738, 41.4649], [-8.513055, 41.455868], [-8.511571, 41.446855], [-8.514313, 41.437859], [-8.51791, 41.433536], [-8.529938, 41.425469], [-8.541924, 41.422772], [-8.553889, 41.423167], [-8.565833, 41.426608], [-8.57775, 41.43449], [-8.58538, 41.447144], [-8.586059, 41.456154], [-8.583329, 41.465152], [-8.577501, 41.472837], [-8.565477, 41.47993], [-8.553489, 41.481437]]], [[[-7.88279, 41.757715], [-7.876756, 41.748649], [-7.866163, 41.744088], [-7.854118, 41.745103], [-7.847687, 41.748361], [-7.842256, 41.757313], [-7.846568, 41.766363], [-7.853679, 41.769812], [-7.865684, 41.77126], [-7.87845, 41.766679], [-7.88279, 41.757715]], [[-7.864572, 41.766543], [-7.853854, 41.759953], [-7.852417, 41.757415], [-7.853931, 41.755657], [-7.866032, 41.751529], [-7.873414, 41.757623], [-7.866281, 41.76656], [-7.864572, 41.766543]]], [[[-8.150054, 41.705961], [-8.143323, 41.702542], [-8.131281, 41.704323], [-8.125716, 41.714785], [-8.131039, 41.722269], [-8.143057, 41.722567], [-8.151806, 41.714981], [-8.150054, 41.705961]], [[-8.131115, 41.716632], [-8.129824, 41.714816], [-8.131205, 41.709931], [-8.143189, 41.71264], [-8.143154, 41.715302], [-8.131115, 41.716632]]], [[[-8.096053, 41.669521], [-8.083707, 41.668884], [-8.075908, 41.678367], [-8.083465, 41.685988], [-8.095511, 41.68382], [-8.100539, 41.678563], [-8.096053, 41.669521]]], [[[-8.15607, 41.646846], [-8.160896, 41.642991], [-8.165105, 41.634015], [-8.163549, 41.624996], [-8.156444, 41.618186], [-8.1495, 41.615886], [-8.144487, 41.614646], [-8.132457, 41.616721], [-8.120346, 41.624675], [-8.114474, 41.633636], [-8.114181, 41.642641], [-8.120011, 41.649342], [-8.131964, 41.653498], [-8.143984, 41.652668], [-8.15607, 41.646846]], [[-8.132055, 41.646681], [-8.124404, 41.642719], [-8.120403, 41.633681], [-8.132369, 41.623329], [-8.14436, 41.624289], [-8.152154, 41.63392], [-8.147305, 41.642891], [-8.144089, 41.644798], [-8.132055, 41.646681]]], [[[-8.073197, 41.551095], [-8.085309, 41.555621], [-8.097265, 41.558126], [-8.121246, 41.5584], [-8.133271, 41.555927], [-8.141738, 41.552778], [-8.154304, 41.543864], [-8.159348, 41.534893], [-8.160754, 41.525896], [-8.157803, 41.513603], [-8.154055, 41.507833], [-8.14596, 41.502911], [-8.110063, 41.499382], [-8.086184, 41.493416], [-8.071753, 41.491776], [-8.07175, 41.494925], [-8.078333, 41.49898], [-8.078332, 41.500331], [-8.093, 41.504613], [-8.0912, 41.510558], [-8.09795, 41.508865], [-8.109925, 41.50946], [-8.121859, 41.513075], [-8.128192, 41.516647], [-8.133328, 41.525693], [-8.131712, 41.534688], [-8.121444, 41.543744], [-8.10941, 41.547009], [-8.097429, 41.546394], [-8.087906, 41.542876], [-8.083389, 41.5449], [-8.080687, 41.551651], [-8.074396, 41.549848], [-8.073197, 41.551095]]], [[[-8.808302, 41.362842], [-8.793414, 41.366237], [-8.769491, 41.36878], [-8.745581, 41.367673], [-8.721689, 41.362432], [-8.697831, 41.350714], [-8.64523, 41.31223], [-8.636967, 41.303197], [-8.631776, 41.294172], [-8.63066, 41.285161], [-8.632739, 41.27616], [-8.638527, 41.266408], [-8.650531, 41.254143], [-8.662503, 41.247175], [-8.674459, 41.243085], [-8.728862, 41.231387], [-8.770013, 41.220408], [-8.802546, 41.216669], [-8.799695, 41.14406], [-8.759218, 41.144961], [-8.754995, 41.177398], [-8.751635, 41.186399], [-8.739382, 41.204388], [-8.72863, 41.213371], [-8.710353, 41.222435], [-8.686471, 41.226827], [-8.650665, 41.229025], [-8.638702, 41.234653], [-8.626707, 41.245684], [-8.600882, 41.276054], [-8.595592, 41.285043], [-8.594189, 41.294046], [-8.599284, 41.303072], [-8.614927, 41.312133], [-8.650137, 41.327905], [-8.667329, 41.339319], [-8.678008, 41.348357], [-8.697743, 41.369703], [-8.709658, 41.379258], [-8.721591, 41.385413], [-8.74548, 41.393447], [-8.810048, 41.407062], [-8.808302, 41.362842]]]]}}, {"id": "9", "type": "Feature", "properties": {"fill": "#a3a3a3", "value_min": -1.0, "value_max": -0.67}, "geometry": {"type": "MultiPolygon", "coordinates": [[[[-8.581377, 41.616504], [-8.585766, 41.620988], [-8.591462, 41.620515], [-8.596534, 41.616668], [-8.601628, 41.615972], [-8.603996, 41.611686], [-8.613256, 41.606696], [-8.619881, 41.610269], [-8.621338, 41.604636], [-8.628833, 41.604378], [-8.636302, 41.600744], [-8.639873, 41.597352], [-8.640152, 41.59465], [-8.645536, 41.593051], [-8.646744, 41.594171], [-8.649125, 41.591909], [-8.656622, 41.5921], [-8.660788, 41.588255], [-8.663794, 41.589141], [-8.665265, 41.585758], [-8.66948, 41.587989], [-8.684455, 41.586117], [-8.685608, 41.58071], [-8.697261, 41.576376], [-8.701703, 41.570277], [-8.707704, 41.570923], [-8.711586, 41.569327], [-8.716422, 41.573805], [-8.720316, 41.57356], [-8.725151, 41.577811], [-8.726633, 41.576003], [-8.734424, 41.575737], [-8.736564, 41.580228], [-8.738354, 41.579318], [-8.740778, 41.582006], [-8.74467, 41.581535], [-8.750711, 41.58623], [-8.756374, 41.582823], [-8.75635, 41.580347], [-8.762327, 41.578514], [-8.764443, 41.580303], [-8.767441, 41.580286], [-8.769874, 41.583874], [-8.768997, 41.58613], [-8.773228, 41.589482], [-8.775371, 41.593972], [-8.78556, 41.593464], [-8.797327, 41.600599], [-8.804218, 41.600109], [-8.80456, 41.604158], [-8.809434, 41.611332], [-8.828644, 41.609656], [-8.82839, 41.585633], [-8.818497, 41.554794], [-8.8221, 41.547542], [-8.821965, 41.534907], [-8.815926, 41.525624], [-8.81063, 41.5101], [-8.813279, 41.503483], [-8.812636, 41.496944], [-8.804699, 41.482068], [-8.798552, 41.474753], [-8.80154, 41.446836], [-8.806115, 41.43713], [-8.807354, 41.425915], [-8.811035, 41.418186], [-8.810048, 41.407062], [-8.74548, 41.393447], [-8.721591, 41.385413], [-8.709658, 41.379258], [-8.697743, 41.369703], [-8.678008, 41.348357], [-8.667329, 41.339319], [-8.650137, 41.327905], [-8.614927, 41.312133], [-8.599284, 41.303072], [-8.594189, 41.294046], [-8.595592, 41.285043], [-8.600882, 41.276054], [-8.626707, 41.245684], [-8.638702, 41.234653], [-8.650665, 41.229025], [-8.686471, 41.226827], [-8.710353, 41.222435], [-8.72863, 41.213371], [-8.739382, 41.204388], [-8.751635, 41.186399], [-8.754995, 41.177398], [-8.759218, 41.144961], [-8.674793, 41.146932], [-8.674849, 41.153767], [-8.672489, 41.15648], [-8.66117, 41.156307], [-8.662078, 41.158104], [-8.660313, 41.160813], [-8.657033, 41.160378], [-8.654961, 41.161963], [-8.653231, 41.169174], [-8.655366, 41.175467], [-8.647955, 41.180228], [-8.647696, 41.185181], [-8.640929, 41.196241], [-8.634946, 41.193341], [-8.632526, 41.188624], [-8.625658, 41.186628], [-8.621132, 41.178994], [-8.613374, 41.177451], [-8.608583, 41.174095], [-8.609164, 41.172066], [-8.604942, 41.164881], [-8.59422, 41.165149], [-8.589766, 41.167193], [-8.589194, 41.170572], [-8.585925, 41.17171], [-8.582978, 41.176359], [-8.591302, 41.181537], [-8.602869, 41.19499], [-8.606858, 41.204012], [-8.608235, 41.213024], [-8.607272, 41.222029], [-8.60388, 41.231025], [-8.597733, 41.240012], [-8.590896, 41.246715], [-8.578911, 41.254466], [-8.566946, 41.258877], [-8.554994, 41.261037], [-8.543057, 41.261002], [-8.531135, 41.258823], [-8.51923, 41.254367], [-8.507352, 41.246628], [-8.500138, 41.239629], [-8.492978, 41.225708], [-8.487935, 41.230354], [-8.490333, 41.232598], [-8.484411, 41.240495], [-8.476346, 41.237818], [-8.475756, 41.23917], [-8.470986, 41.23941], [-8.471604, 41.243459], [-8.469227, 41.245267], [-8.463258, 41.244384], [-8.459989, 41.246644], [-8.454323, 41.246886], [-8.455541, 41.251834], [-8.452276, 41.25522], [-8.449891, 41.255452], [-8.449304, 41.257479], [-8.447812, 41.257258], [-8.449028, 41.261982], [-8.439785, 41.262907], [-8.438023, 41.268989], [-8.434745, 41.269673], [-8.432691, 41.277107], [-8.427032, 41.279372], [-8.429143, 41.284319], [-8.426171, 41.287028], [-8.426488, 41.291079], [-8.425013, 41.294909], [-8.422037, 41.296942], [-8.422647, 41.299867], [-8.407744, 41.304856], [-8.406262, 41.307335], [-8.403277, 41.307342], [-8.401801, 41.311398], [-8.399712, 41.311628], [-8.400316, 41.313202], [-8.396738, 41.314336], [-8.398835, 41.316131], [-8.393775, 41.31997], [-8.393489, 41.323122], [-8.391105, 41.324253], [-8.386325, 41.323588], [-8.385437, 41.325521], [-8.39916, 41.331401], [-8.411017, 41.341838], [-8.418358, 41.356346], [-8.41889, 41.365356], [-8.416746, 41.374353], [-8.410892, 41.38333], [-8.401204, 41.392288], [-8.386575, 41.39909], [-8.374585, 41.401904], [-8.362616, 41.402509], [-8.350667, 41.401085], [-8.338744, 41.397119], [-8.329426, 41.391892], [-8.320607, 41.382833], [-8.31674, 41.373802], [-8.315806, 41.364789], [-8.317253, 41.35579], [-8.325167, 41.341855], [-8.323376, 41.341943], [-8.316788, 41.335876], [-8.313802, 41.336331], [-8.31139, 41.328007], [-8.307502, 41.325762], [-8.305116, 41.326891], [-8.303024, 41.325994], [-8.303615, 41.323742], [-8.299009, 41.318346], [-8.296654, 41.346658], [-8.300731, 41.373706], [-8.304946, 41.382739], [-8.312501, 41.391792], [-8.326743, 41.400821], [-8.338662, 41.405187], [-8.362549, 41.409298], [-8.374513, 41.409452], [-8.398469, 41.406556], [-8.418137, 41.401382], [-8.439239, 41.39248], [-8.470517, 41.374119], [-8.482516, 41.368927], [-8.494489, 41.366919], [-8.506438, 41.367993], [-8.53028, 41.377904], [-8.577936, 41.405817], [-8.594809, 41.420155], [-8.600226, 41.429182], [-8.602832, 41.447206], [-8.595003, 41.483208], [-8.59825, 41.492227], [-8.625246, 41.500656], [-8.646447, 41.5104], [-8.658729, 41.519445], [-8.666642, 41.528476], [-8.670719, 41.537495], [-8.671751, 41.546505], [-8.669392, 41.555506], [-8.661445, 41.56449], [-8.648832, 41.570419], [-8.636831, 41.571675], [-8.624844, 41.570332], [-8.612874, 41.566225], [-8.600922, 41.559537], [-8.588997, 41.548876], [-8.580391, 41.537201], [-8.572603, 41.51015], [-8.564013, 41.50111], [-8.529488, 41.487743], [-8.493718, 41.46627], [-8.481778, 41.461837], [-8.469811, 41.460893], [-8.43386, 41.464227], [-8.421856, 41.467495], [-8.415481, 41.473429], [-8.411251, 41.482415], [-8.41609, 41.491447], [-8.423888, 41.500494], [-8.425046, 41.509507], [-8.406409, 41.545441], [-8.402402, 41.563435], [-8.402655, 41.572444], [-8.408829, 41.583196], [-8.42078, 41.588301], [-8.456702, 41.596737], [-8.468651, 41.602806], [-8.48733, 41.617889], [-8.499914, 41.635959], [-8.505679, 41.653998], [-8.508671, 41.671517], [-8.51018, 41.672806], [-8.511967, 41.670324], [-8.509856, 41.668755], [-8.51702, 41.661979], [-8.522103, 41.658811], [-8.525706, 41.659023], [-8.527769, 41.652714], [-8.534066, 41.652017], [-8.537951, 41.649302], [-8.537634, 41.646602], [-8.543876, 41.637352], [-8.543855, 41.633976], [-8.535739, 41.631529], [-8.536905, 41.626163], [-8.51652, 41.620637], [-8.504561, 41.614715], [-8.468765, 41.588979], [-8.43294, 41.56975], [-8.426327, 41.563557], [-8.421378, 41.554525], [-8.420544, 41.545514], [-8.423088, 41.536519], [-8.429041, 41.527541], [-8.449848, 41.500621], [-8.45757, 41.492938], [-8.469611, 41.485498], [-8.481608, 41.483205], [-8.493578, 41.484233], [-8.511104, 41.49189], [-8.523461, 41.500949], [-8.565031, 41.546675], [-8.58456, 41.573245], [-8.591308, 41.591284], [-8.591355, 41.600291], [-8.588623, 41.607747], [-8.581377, 41.616504]], [[-8.732942, 41.534185], [-8.708975, 41.532364], [-8.685039, 41.524248], [-8.625876, 41.49232], [-8.61645, 41.483282], [-8.614203, 41.474267], [-8.617371, 41.456263], [-8.625604, 41.438425], [-8.644326, 41.411311], [-8.634191, 41.402272], [-8.613894, 41.394566], [-8.601977, 41.387241], [-8.590243, 41.375101], [-8.585975, 41.366078], [-8.585452, 41.357069], [-8.589031, 41.348074], [-8.602283, 41.337073], [-8.614255, 41.333454], [-8.626209, 41.332882], [-8.638149, 41.334865], [-8.650075, 41.339497], [-8.662025, 41.348311], [-8.668544, 41.357338], [-8.671772, 41.366355], [-8.67226, 41.375364], [-8.665569, 41.402368], [-8.709496, 41.415616], [-8.733391, 41.424675], [-8.757579, 41.438628], [-8.776227, 41.456681], [-8.78516, 41.474713], [-8.786731, 41.483724], [-8.786327, 41.49273], [-8.780985, 41.506799], [-8.770353, 41.519722], [-8.75694, 41.52808], [-8.744937, 41.532315], [-8.732942, 41.534185]]], [[[-8.075463, 41.567855], [-8.121006, 41.576109], [-8.1314, 41.579722], [-8.141731, 41.588807], [-8.140421, 41.597804], [-8.114962, 41.624632], [-8.10377, 41.64256], [-8.100732, 41.651543], [-8.095919, 41.654657], [-8.083873, 41.657203], [-8.076584, 41.660359], [-8.071781, 41.662882], [-8.065469, 41.669276], [-8.062748, 41.678261], [-8.067393, 41.687306], [-8.071391, 41.690024], [-8.083362, 41.693228], [-8.095431, 41.689534], [-8.106835, 41.678612], [-8.11089, 41.669636], [-8.11984, 41.661898], [-8.143862, 41.661916], [-8.15591, 41.659121], [-8.169046, 41.652057], [-8.179536, 41.643126], [-8.192339, 41.627312], [-8.204471, 41.616963], [-8.216517, 41.613421], [-8.228518, 41.613508], [-8.252461, 41.618795], [-8.276362, 41.628258], [-8.300226, 41.641775], [-8.315089, 41.65302], [-8.332079, 41.671135], [-8.337374, 41.680172], [-8.357567, 41.735554], [-8.362407, 41.735994], [-8.368703, 41.73193], [-8.371416, 41.7344], [-8.374899, 41.734393], [-8.370688, 41.716388], [-8.372854, 41.707393], [-8.380364, 41.698426], [-8.413959, 41.680588], [-8.420973, 41.671617], [-8.419332, 41.662601], [-8.408224, 41.649382], [-8.372507, 41.617402], [-8.360567, 41.611095], [-8.324656, 41.602014], [-8.300741, 41.594094], [-8.276889, 41.581109], [-8.267355, 41.571661], [-8.263803, 41.562631], [-8.264801, 41.553631], [-8.275465, 41.526676], [-8.277093, 41.517679], [-8.276579, 41.508669], [-8.273562, 41.499642], [-8.26595, 41.487601], [-8.254085, 41.477704], [-8.230242, 41.46826], [-8.182396, 41.463901], [-8.170471, 41.459998], [-8.134826, 41.439134], [-8.106078, 41.426403], [-8.087824, 41.416151], [-8.079893, 41.41975], [-8.077503, 41.416597], [-8.070923, 41.41862], [-8.066739, 41.416142], [-8.061953, 41.417264], [-8.059852, 41.424916], [-8.055959, 41.429415], [-8.057743, 41.438645], [-8.061033, 41.438872], [-8.064916, 41.444052], [-8.067908, 41.444279], [-8.069999, 41.447206], [-8.068788, 41.462286], [-8.073872, 41.46499], [-8.074164, 41.473543], [-8.066374, 41.482318], [-8.066069, 41.48817], [-8.071755, 41.489974], [-8.071753, 41.491776], [-8.086184, 41.493416], [-8.110063, 41.499382], [-8.14596, 41.502911], [-8.154055, 41.507833], [-8.157803, 41.513603], [-8.160754, 41.525896], [-8.159348, 41.534893], [-8.154304, 41.543864], [-8.141738, 41.552778], [-8.133271, 41.555927], [-8.121246, 41.5584], [-8.097265, 41.558126], [-8.085309, 41.555621], [-8.073197, 41.551095], [-8.076188, 41.557276], [-8.079783, 41.558403], [-8.082177, 41.563131], [-8.081276, 41.565382], [-8.078879, 41.56493], [-8.075463, 41.567855]], [[-8.096053, 41.669521], [-8.100539, 41.678563], [-8.095511, 41.68382], [-8.083465, 41.685988], [-8.075908, 41.678367], [-8.083707, 41.668884], [-8.096053, 41.669521]], [[-8.373358, 41.671367], [-8.373173, 41.662359], [-8.384101, 41.660425], [-8.387137, 41.662434], [-8.386851, 41.67144], [-8.38398, 41.673146], [-8.373358, 41.671367]], [[-8.15607, 41.646846], [-8.143984, 41.652668], [-8.131964, 41.653498], [-8.120011, 41.649342], [-8.114181, 41.642641], [-8.114474, 41.633636], [-8.120346, 41.624675], [-8.132457, 41.616721], [-8.144487, 41.614646], [-8.1495, 41.615886], [-8.156444, 41.618186], [-8.163549, 41.624996], [-8.165105, 41.634015], [-8.160896, 41.642991], [-8.15607, 41.646846]], [[-8.24134, 41.543471], [-8.229341, 41.544351], [-8.217373, 41.542543], [-8.205308, 41.53522], [-8.197787, 41.526161], [-8.19464, 41.517131], [-8.19416, 41.508121], [-8.196179, 41.499127], [-8.202704, 41.490166], [-8.218104, 41.481821], [-8.230107, 41.479691], [-8.242072, 41.48075], [-8.254003, 41.48484], [-8.265869, 41.494813], [-8.27168, 41.508638], [-8.271106, 41.517641], [-8.265478, 41.52938], [-8.253377, 41.539354], [-8.24134, 41.543471]]], [[[-8.093018, 41.811397], [-8.069778, 41.801816], [-8.045795, 41.795684], [-8.021775, 41.79225], [-7.997698, 41.792636], [-7.973529, 41.798798], [-7.962397, 41.803495], [-7.925222, 41.808386], [-7.913027, 41.817646], [-7.884165, 41.854813], [-7.889576, 41.856965], [-7.914115, 41.821063], [-7.925152, 41.812557], [-7.937242, 41.809499], [-7.985503, 41.802734], [-7.997542, 41.802675], [-8.02154, 41.807692], [-8.033942, 41.813126], [-8.047545, 41.821501], [-8.057314, 41.815656], [-8.06664, 41.817012], [-8.072961, 41.813414], [-8.078678, 41.813417], [-8.082892, 41.810493], [-8.090111, 41.812521], [-8.093018, 41.811397]]], [[[-7.877691, 41.772707], [-7.887599, 41.766768], [-7.891399, 41.757798], [-7.888774, 41.748766], [-7.878252, 41.740465], [-7.866301, 41.736248], [-7.854281, 41.735985], [-7.841453, 41.739291], [-7.830011, 41.748182], [-7.82819, 41.757171], [-7.83313, 41.766228], [-7.841626, 41.77102], [-7.853583, 41.775213], [-7.859201, 41.775496], [-7.866614, 41.77557], [-7.877691, 41.772707]], [[-7.88279, 41.757715], [-7.87845, 41.766679], [-7.865684, 41.77126], [-7.853679, 41.769812], [-7.846568, 41.766363], [-7.842256, 41.757313], [-7.847687, 41.748361], [-7.854118, 41.745103], [-7.866163, 41.744088], [-7.876756, 41.748649], [-7.88279, 41.757715]]], [[[-8.189332, 41.75128], [-8.189783, 41.742276], [-8.18233, 41.733216], [-8.164569, 41.724081], [-8.159117, 41.706028], [-8.155346, 41.702206], [-8.143376, 41.698547], [-8.131308, 41.702276], [-8.121607, 41.714754], [-8.121931, 41.723763], [-8.130858, 41.735672], [-8.138318, 41.741901], [-8.14235, 41.750939], [-8.150567, 41.760006], [-8.154556, 41.762516], [-8.166553, 41.765062], [-8.17862, 41.762196], [-8.189332, 41.75128]], [[-8.150054, 41.705961], [-8.151806, 41.714981], [-8.143057, 41.722567], [-8.131039, 41.722269], [-8.125716, 41.714785], [-8.131281, 41.704323], [-8.143323, 41.702542], [-8.150054, 41.705961]]]]}}, {"id": "11", "type": "Feature", "properties": {"fill": "#a3a3a3", "value_min": -0.33, "value_max": 0.0}, "geometry": {"type": "MultiPolygon", "coordinates": [[[[-8.032469, 41.830267], [-8.032469, 41.830267], [-8.03232, 41.830128], [-8.032469, 41.830267]]], [[[-8.032227, 41.830042], [-8.032227, 41.830042], [-8.03202, 41.829848], [-8.032227, 41.830042]]], [[[-8.031985, 41.829816], [-8.021343, 41.820606], [-8.009404, 41.814018], [-7.99743, 41.809863], [-7.985422, 41.807898], [-7.973386, 41.807759], [-7.937197, 41.812214], [-7.925106, 41.815306], [-7.912885, 41.82601], [-7.903745, 41.838978], [-7.894582, 41.859325], [-7.900374, 41.861363], [-7.902749, 41.847975], [-7.912575, 41.830055], [-7.92506, 41.818056], [-7.937168, 41.813973], [-7.961288, 41.811424], [-7.985346, 41.812721], [-7.997332, 41.816146], [-8.0082, 41.821914], [-8.019005, 41.83138], [-8.031985, 41.829816]]], [[[-7.864572, 41.766543], [-7.866281, 41.76656], [-7.873414, 41.757623], [-7.866032, 41.751529], [-7.853931, 41.755657], [-7.852417, 41.757415], [-7.853854, 41.759953], [-7.864572, 41.766543]]], [[[-8.449386, 41.702516], [-8.443832, 41.698088], [-8.431846, 41.694442], [-8.419828, 41.694442], [-8.405359, 41.698558], [-8.391552, 41.707493], [-8.387017, 41.716476], [-8.387693, 41.725487], [-8.390747, 41.730532], [-8.396942, 41.730518], [-8.400531, 41.726683], [-8.402934, 41.726452], [-8.405054, 41.722846], [-8.403246, 41.716562], [-8.40766, 41.710946], [-8.416757, 41.707624], [-8.421956, 41.70765], [-8.433411, 41.716473], [-8.436526, 41.714214], [-8.441632, 41.713975], [-8.4446, 41.70654], [-8.449386, 41.702516]]], [[[-8.131115, 41.716632], [-8.143154, 41.715302], [-8.143189, 41.71264], [-8.131205, 41.709931], [-8.129824, 41.714816], [-8.131115, 41.716632]]], [[[-8.456235, 41.652376], [-8.470517, 41.644834], [-8.47577, 41.635851], [-8.47564, 41.626843], [-8.47065, 41.617813], [-8.456607, 41.6081], [-8.44463, 41.605251], [-8.432623, 41.605915], [-8.420575, 41.61124], [-8.414382, 41.61754], [-8.412837, 41.62654], [-8.416512, 41.635566], [-8.432246, 41.648969], [-8.444223, 41.652599], [-8.456235, 41.652376]], [[-8.438369, 41.635675], [-8.430759, 41.62663], [-8.432469, 41.623553], [-8.440613, 41.617671], [-8.444532, 41.616651], [-8.456484, 41.622714], [-8.459024, 41.626766], [-8.456399, 41.63286], [-8.452552, 41.635743], [-8.44435, 41.637867], [-8.438369, 41.635675]]], [[[-8.132055, 41.646681], [-8.144089, 41.644798], [-8.147305, 41.642891], [-8.152154, 41.63392], [-8.14436, 41.624289], [-8.132369, 41.623329], [-8.120403, 41.633681], [-8.124404, 41.642719], [-8.132055, 41.646681]], [[-8.129906, 41.633754], [-8.132257, 41.631628], [-8.137888, 41.633814], [-8.132182, 41.637237], [-8.129906, 41.633754]]], [[[-8.153563, 41.375866], [-8.157694, 41.390763], [-8.163176, 41.399811], [-8.171569, 41.408879], [-8.183045, 41.417968], [-8.218627, 41.438239], [-8.230495, 41.446863], [-8.266035, 41.480152], [-8.278161, 41.499671], [-8.282444, 41.517713], [-8.285384, 41.544753], [-8.290144, 41.55379], [-8.301072, 41.563388], [-8.313005, 41.569055], [-8.32497, 41.571857], [-8.336952, 41.573116], [-8.360973, 41.569909], [-8.373025, 41.563924], [-8.385117, 41.553533], [-8.397257, 41.537523], [-8.408691, 41.518431], [-8.411602, 41.509439], [-8.404994, 41.482383], [-8.40634, 41.473382], [-8.409902, 41.46521], [-8.425063, 41.446455], [-8.42737, 41.437459], [-8.422495, 41.428427], [-8.410292, 41.422099], [-8.397827, 41.419293], [-8.338586, 41.412693], [-8.31472, 41.406531], [-8.29971, 41.400723], [-8.288124, 41.391644], [-8.270728, 41.355505], [-8.26275, 41.344975], [-8.256483, 41.347663], [-8.255889, 41.349689], [-8.249622, 41.353072], [-8.251123, 41.356897], [-8.248141, 41.360052], [-8.248448, 41.364328], [-8.244865, 41.366094], [-8.250769, 41.373392], [-8.253142, 41.382415], [-8.251057, 41.391409], [-8.24301, 41.400093], [-8.231002, 41.403968], [-8.219044, 41.403476], [-8.207132, 41.399272], [-8.197526, 41.391048], [-8.193679, 41.382013], [-8.194756, 41.374275], [-8.191691, 41.376302], [-8.189299, 41.375403], [-8.184818, 41.376756], [-8.168382, 41.377438], [-8.164499, 41.38059], [-8.153563, 41.375866]], [[-8.337115, 41.557171], [-8.325137, 41.555812], [-8.313184, 41.552135], [-8.301277, 41.544402], [-8.294485, 41.535802], [-8.277901, 41.490159], [-8.262776, 41.463544], [-8.258637, 41.445503], [-8.260329, 41.436506], [-8.266632, 41.427094], [-8.27868, 41.419901], [-8.283803, 41.41864], [-8.302647, 41.416718], [-8.314607, 41.417246], [-8.374362, 41.425191], [-8.386299, 41.42838], [-8.398207, 41.434898], [-8.401145, 41.437325], [-8.405532, 41.446355], [-8.405175, 41.455361], [-8.400349, 41.473351], [-8.399625, 41.482355], [-8.40308, 41.500387], [-8.402943, 41.509394], [-8.399418, 41.518383], [-8.385273, 41.537065], [-8.373188, 41.547017], [-8.36114, 41.553002], [-8.349116, 41.556226], [-8.337115, 41.557171]]], [[[-8.624961, 41.550132], [-8.636962, 41.548284], [-8.640437, 41.546411], [-8.649727, 41.537433], [-8.650789, 41.528428], [-8.645888, 41.519406], [-8.637159, 41.512935], [-8.625201, 41.508503], [-8.613219, 41.508397], [-8.6012, 41.514153], [-8.596665, 41.519244], [-8.595285, 41.528247], [-8.601045, 41.539404], [-8.612985, 41.547595], [-8.624961, 41.550132]], [[-8.613097, 41.528865], [-8.620378, 41.519325], [-8.625144, 41.518346], [-8.627789, 41.519349], [-8.633881, 41.528376], [-8.625052, 41.534374], [-8.613097, 41.528865]]], [[[-8.087906, 41.542876], [-8.097429, 41.546394], [-8.10941, 41.547009], [-8.121444, 41.543744], [-8.131712, 41.534688], [-8.133328, 41.525693], [-8.128192, 41.516647], [-8.121859, 41.513075], [-8.109925, 41.50946], [-8.09795, 41.508865], [-8.0912, 41.510558], [-8.091196, 41.516767], [-8.089398, 41.519468], [-8.090594, 41.522169], [-8.093588, 41.52307], [-8.091786, 41.531848], [-8.097775, 41.536127], [-8.097774, 41.537927], [-8.106759, 41.543557], [-8.101666, 41.542655], [-8.094175, 41.544904], [-8.087906, 41.542876]], [[-8.097653, 41.530287], [-8.095428, 41.525401], [-8.097752, 41.523146], [-8.109752, 41.522054], [-8.113756, 41.525544], [-8.1096, 41.533158], [-8.097653, 41.530287]]], [[[-8.553489, 41.481437], [-8.565477, 41.47993], [-8.577501, 41.472837], [-8.583329, 41.465152], [-8.586059, 41.456154], [-8.58538, 41.447144], [-8.57775, 41.43449], [-8.565833, 41.426608], [-8.553889, 41.423167], [-8.541924, 41.422772], [-8.529938, 41.425469], [-8.51791, 41.433536], [-8.514313, 41.437859], [-8.511571, 41.446855], [-8.513055, 41.455868], [-8.518738, 41.4649], [-8.529195, 41.47395], [-8.541524, 41.479596], [-8.553489, 41.481437]], [[-8.553571, 41.469612], [-8.541609, 41.467654], [-8.537293, 41.464976], [-8.531575, 41.455945], [-8.534626, 41.44695], [-8.541791, 41.441742], [-8.553772, 41.440281], [-8.565707, 41.44547], [-8.570263, 41.456096], [-8.565575, 41.465242], [-8.553571, 41.469612]]], [[[-8.802546, 41.216669], [-8.770013, 41.220408], [-8.728862, 41.231387], [-8.674459, 41.243085], [-8.662503, 41.247175], [-8.650531, 41.254143], [-8.638527, 41.266408], [-8.632739, 41.27616], [-8.63066, 41.285161], [-8.631776, 41.294172], [-8.636967, 41.303197], [-8.64523, 41.31223], [-8.697831, 41.350714], [-8.721689, 41.362432], [-8.745581, 41.367673], [-8.769491, 41.36878], [-8.793414, 41.366237], [-8.808302, 41.362842], [-8.806936, 41.328216], [-8.793503, 41.338148], [-8.781531, 41.343948], [-8.757603, 41.350113], [-8.733693, 41.350586], [-8.709809, 41.345225], [-8.685962, 41.3331], [-8.660265, 41.312275], [-8.65345, 41.303247], [-8.650247, 41.29423], [-8.649805, 41.285221], [-8.65246, 41.276221], [-8.658702, 41.267232], [-8.670088, 41.258257], [-8.686355, 41.251145], [-8.710252, 41.245374], [-8.746071, 41.241437], [-8.769935, 41.242585], [-8.793726, 41.249537], [-8.804084, 41.255798], [-8.802546, 41.216669]]]]}}, {"id": "14", "type": "Feature", "properties": {"fill": "#a3a3a3", "value_min": 0.67, "value_max": 1.0}, "geometry": {"type": "MultiPolygon", "coordinates": [[[[-8.007151, 41.843297], [-8.000553, 41.830854], [-7.985227, 41.820235], [-7.973247, 41.816433], [-7.961228, 41.81516], [-7.93711, 41.817449], [-7.924974, 41.823205], [-7.917539, 41.830102], [-7.909338, 41.848038], [-7.909076, 41.857042], [-7.911697, 41.866073], [-7.921027, 41.878283], [-7.929817, 41.877398], [-7.924123, 41.873981], [-7.917123, 41.866125], [-7.913178, 41.857081], [-7.91261, 41.848069], [-7.914666, 41.839081], [-7.920006, 41.830125], [-7.924935, 41.825552], [-7.937082, 41.819187], [-7.949159, 41.816938], [-7.961201, 41.816842], [-7.981024, 41.821676], [-7.994238, 41.830799], [-7.999982, 41.839856], [-8.001767, 41.850268], [-8.005804, 41.847346], [-8.007151, 41.843297]]], [[[-8.361312, 41.535448], [-8.375598, 41.527264], [-8.384744, 41.518306], [-8.390417, 41.509328], [-8.39285, 41.491326], [-8.39096, 41.464294], [-8.388419, 41.455273], [-8.382033, 41.446232], [-8.374214, 41.440575], [-8.362289, 41.435945], [-8.338389, 41.43208], [-8.314434, 41.4337], [-8.302424, 41.437566], [-8.29037, 41.445265], [-8.28304, 41.454665], [-8.28053, 41.463656], [-8.280662, 41.472665], [-8.285676, 41.490711], [-8.293228, 41.508772], [-8.301507, 41.523023], [-8.305519, 41.526862], [-8.313384, 41.533235], [-8.325323, 41.53796], [-8.337292, 41.539798], [-8.349289, 41.538961], [-8.361312, 41.535448]], [[-8.349345, 41.533435], [-8.33735, 41.534126], [-8.325381, 41.532344], [-8.313453, 41.526773], [-8.303329, 41.517841], [-8.297097, 41.508796], [-8.28677, 41.48171], [-8.28575, 41.472696], [-8.287145, 41.463698], [-8.291894, 41.45472], [-8.302338, 41.445554], [-8.314367, 41.44012], [-8.326361, 41.437853], [-8.350294, 41.438469], [-8.362236, 41.441363], [-8.374147, 41.447535], [-8.381779, 41.455238], [-8.385957, 41.46466], [-8.38941, 41.491308], [-8.388577, 41.500311], [-8.385132, 41.5093], [-8.37342, 41.523038], [-8.361366, 41.529953], [-8.349345, 41.533435]]], [[[-8.733777, 41.330203], [-8.745737, 41.327542], [-8.757708, 41.321884], [-8.768084, 41.312543], [-8.773008, 41.303545], [-8.774393, 41.29454], [-8.772414, 41.285529], [-8.766695, 41.276509], [-8.757902, 41.269416], [-8.745984, 41.263827], [-8.734057, 41.261109], [-8.71018, 41.261497], [-8.692085, 41.267326], [-8.679593, 41.2763], [-8.674083, 41.285292], [-8.672668, 41.294296], [-8.67506, 41.30331], [-8.681216, 41.312335], [-8.697953, 41.324368], [-8.709883, 41.328661], [-8.721825, 41.330507], [-8.733777, 41.330203]], [[-8.721857, 41.323082], [-8.709914, 41.321711], [-8.697987, 41.316963], [-8.691454, 41.312363], [-8.683995, 41.303335], [-8.681842, 41.294322], [-8.684113, 41.28532], [-8.692376, 41.276335], [-8.698191, 41.27279], [-8.710147, 41.268943], [-8.72209, 41.268073], [-8.734022, 41.269924], [-8.748134, 41.27647], [-8.756209, 41.285495], [-8.758842, 41.294509], [-8.757255, 41.303513], [-8.750954, 41.312507], [-8.734105, 41.321477], [-8.721857, 41.323082]]]]}}, {"id": "13", "type": "Feature", "properties": {"fill": "#a3a3a3", "value_min": 0.33, "value_max": 0.67}, "geometry": {"type": "MultiPolygon", "coordinates": [[[[-8.011245, 41.835444], [-8.008183, 41.83092], [-7.997015, 41.821816], [-7.985286, 41.816478], [-7.973286, 41.814016], [-7.961255, 41.813479], [-7.937139, 41.815711], [-7.925014, 41.820804], [-7.915073, 41.830078], [-7.906043, 41.848006], [-7.905385, 41.861598], [-7.905512, 41.862677], [-7.905544, 41.862948], [-7.907309, 41.865203], [-7.906222, 41.866776], [-7.906977, 41.868578], [-7.906996, 41.868625], [-7.907071, 41.868803], [-7.910299, 41.871285], [-7.910285, 41.875562], [-7.91479, 41.879171], [-7.921027, 41.878283], [-7.911697, 41.866073], [-7.909076, 41.857042], [-7.909338, 41.848038], [-7.917539, 41.830102], [-7.924974, 41.823205], [-7.93711, 41.817449], [-7.961228, 41.81516], [-7.973247, 41.816433], [-7.985227, 41.820235], [-8.000553, 41.830854], [-8.007151, 41.843297], [-8.007928, 41.838796], [-8.011245, 41.835444]]], [[[-8.361239, 41.542924], [-8.37329, 41.536523], [-8.384394, 41.527311], [-8.391795, 41.518343], [-8.395824, 41.509357], [-8.395822, 41.455312], [-8.392753, 41.446289], [-8.383051, 41.43723], [-8.36235, 41.429715], [-8.326486, 41.425749], [-8.302524, 41.42825], [-8.290508, 41.432623], [-8.284289, 41.436658], [-8.276265, 41.445615], [-8.272777, 41.4546], [-8.274641, 41.472627], [-8.292934, 41.517778], [-8.30141, 41.532031], [-8.3133, 41.541221], [-8.325247, 41.545216], [-8.33722, 41.546913], [-8.349219, 41.545959], [-8.361239, 41.542924]], [[-8.361312, 41.535448], [-8.349289, 41.538961], [-8.337292, 41.539798], [-8.325323, 41.53796], [-8.313384, 41.533235], [-8.305519, 41.526862], [-8.301507, 41.523023], [-8.293228, 41.508772], [-8.285676, 41.490711], [-8.280662, 41.472665], [-8.28053, 41.463656], [-8.28304, 41.454665], [-8.29037, 41.445265], [-8.302424, 41.437566], [-8.314434, 41.4337], [-8.338389, 41.43208], [-8.362289, 41.435945], [-8.374214, 41.440575], [-8.382033, 41.446232], [-8.388419, 41.455273], [-8.39096, 41.464294], [-8.39285, 41.491326], [-8.390417, 41.509328], [-8.384744, 41.518306], [-8.375598, 41.527264], [-8.361312, 41.535448]]], [[[-8.769627, 41.330303], [-8.781557, 41.321577], [-8.789077, 41.312584], [-8.792881, 41.303583], [-8.794162, 41.294577], [-8.79292, 41.285567], [-8.788985, 41.276552], [-8.780896, 41.267529], [-8.769873, 41.260325], [-8.757953, 41.255632], [-8.734094, 41.252127], [-8.710214, 41.253796], [-8.698266, 41.256492], [-8.686308, 41.260909], [-8.675659, 41.267281], [-8.666978, 41.276264], [-8.663124, 41.285261], [-8.662662, 41.294267], [-8.665228, 41.303282], [-8.671318, 41.312308], [-8.686001, 41.324904], [-8.697919, 41.331659], [-8.709849, 41.336255], [-8.72179, 41.338691], [-8.745695, 41.33845], [-8.757657, 41.335567], [-8.769627, 41.330303]], [[-8.733777, 41.330203], [-8.721825, 41.330507], [-8.709883, 41.328661], [-8.697953, 41.324368], [-8.681216, 41.312335], [-8.67506, 41.30331], [-8.672668, 41.294296], [-8.674083, 41.285292], [-8.679593, 41.2763], [-8.692085, 41.267326], [-8.71018, 41.261497], [-8.734057, 41.261109], [-8.745984, 41.263827], [-8.757902, 41.269416], [-8.766695, 41.276509], [-8.772414, 41.285529], [-8.774393, 41.29454], [-8.773008, 41.303545], [-8.768084, 41.312543], [-8.757708, 41.321884], [-8.745737, 41.327542], [-8.733777, 41.330203]]]]}}, {"id": "15", "type": "Feature", "properties": {"fill": "#97a3b2", "value_min": 1.0, "value_max": 1.33}, "geometry": {"type": "MultiPolygon", "coordinates": [[[[-8.001767, 41.850268], [-7.999982, 41.839856], [-7.994238, 41.830799], [-7.981024, 41.821676], [-7.961201, 41.816842], [-7.949159, 41.816938], [-7.937082, 41.819187], [-7.924935, 41.825552], [-7.920006, 41.830125], [-7.914666, 41.839081], [-7.91261, 41.848069], [-7.913178, 41.857081], [-7.917123, 41.866125], [-7.924123, 41.873981], [-7.929817, 41.877398], [-7.935239, 41.874932], [-7.922516, 41.866175], [-7.916831, 41.857115], [-7.915254, 41.848094], [-7.916919, 41.839103], [-7.922472, 41.830148], [-7.937053, 41.820925], [-7.949135, 41.818392], [-7.961173, 41.818523], [-7.974135, 41.821614], [-7.985107, 41.827843], [-7.989005, 41.830753], [-7.994658, 41.839809], [-7.99479, 41.853861], [-7.996765, 41.851162], [-8.001767, 41.850268]]], [[[-7.994651, 41.854488], [-7.994651, 41.854488], [-7.99459, 41.854761], [-7.994651, 41.854488]]], [[[-7.99414, 41.856786], [-7.993523, 41.858361], [-7.995547, 41.858138], [-7.99414, 41.856786]]], [[[-7.989513, 41.863987], [-7.989513, 41.863987], [-7.988393, 41.865557], [-7.989513, 41.863987]]], [[[-7.988304, 41.865682], [-7.988304, 41.865682], [-7.987752, 41.866456], [-7.988304, 41.865682]]], [[[-7.9877, 41.866529], [-7.979774, 41.872073], [-7.987996, 41.869157], [-7.9877, 41.866529]]], [[[-7.979557, 41.872193], [-7.979557, 41.872193], [-7.979369, 41.872297], [-7.979557, 41.872193]]], [[[-7.978049, 41.873028], [-7.978049, 41.873028], [-7.977342, 41.87342], [-7.978049, 41.873028]]], [[[-7.975939, 41.874197], [-7.975939, 41.874197], [-7.975721, 41.874318], [-7.975939, 41.874197]]], [[[-7.975637, 41.874365], [-7.975637, 41.874365], [-7.975315, 41.874543], [-7.975637, 41.874365]]], [[[-7.975034, 41.874699], [-7.975034, 41.874699], [-7.97491, 41.874767], [-7.975034, 41.874699]]], [[[-8.349345, 41.533435], [-8.361366, 41.529953], [-8.37342, 41.523038], [-8.385132, 41.5093], [-8.388577, 41.500311], [-8.38941, 41.491308], [-8.385957, 41.46466], [-8.381779, 41.455238], [-8.374147, 41.447535], [-8.362236, 41.441363], [-8.350294, 41.438469], [-8.326361, 41.437853], [-8.314367, 41.44012], [-8.302338, 41.445554], [-8.291894, 41.45472], [-8.287145, 41.463698], [-8.28575, 41.472696], [-8.28677, 41.48171], [-8.297097, 41.508796], [-8.303329, 41.517841], [-8.313453, 41.526773], [-8.325381, 41.532344], [-8.33735, 41.534126], [-8.349345, 41.533435]], [[-8.337396, 41.52963], [-8.325433, 41.527323], [-8.313503, 41.522048], [-8.301648, 41.509898], [-8.292542, 41.490753], [-8.290665, 41.472727], [-8.293078, 41.463734], [-8.302263, 41.452542], [-8.314306, 41.445916], [-8.326312, 41.442553], [-8.338291, 41.441699], [-8.35025, 41.442881], [-8.362185, 41.446494], [-8.3755, 41.455204], [-8.38176, 41.464245], [-8.384527, 41.473267], [-8.385969, 41.49129], [-8.384766, 41.500291], [-8.380961, 41.509278], [-8.373473, 41.517547], [-8.361413, 41.525238], [-8.349391, 41.528794], [-8.337396, 41.52963]]], [[[-8.721857, 41.323082], [-8.734105, 41.321477], [-8.750954, 41.312507], [-8.757255, 41.303513], [-8.758842, 41.294509], [-8.756209, 41.285495], [-8.748134, 41.27647], [-8.734022, 41.269924], [-8.72209, 41.268073], [-8.710147, 41.268943], [-8.698191, 41.27279], [-8.692376, 41.276335], [-8.684113, 41.28532], [-8.681842, 41.294322], [-8.683995, 41.303335], [-8.691454, 41.312363], [-8.697987, 41.316963], [-8.709914, 41.321711], [-8.721857, 41.323082]], [[-8.709946, 41.314388], [-8.698028, 41.30805], [-8.693763, 41.303362], [-8.691423, 41.294348], [-8.695067, 41.28535], [-8.698146, 41.282447], [-8.710113, 41.276634], [-8.722057, 41.276011], [-8.733981, 41.27995], [-8.741182, 41.285463], [-8.745236, 41.294479], [-8.743091, 41.303482], [-8.732793, 41.312467], [-8.72189, 41.315273], [-8.709946, 41.314388]]]]}}, {"id": "12", "type": "Feature", "properties": {"fill": "#a3a3a3", "value_min": 0.0, "value_max": 0.33}, "geometry": {"type": "MultiPolygon", "coordinates": [[[[-8.019005, 41.83138], [-8.0082, 41.821914], [-7.997332, 41.816146], [-7.985346, 41.812721], [-7.961288, 41.811424], [-7.937168, 41.813973], [-7.92506, 41.818056], [-7.912575, 41.830055], [-7.902749, 41.847975], [-7.900374, 41.861363], [-7.904318, 41.859795], [-7.905385, 41.861598], [-7.906043, 41.848006], [-7.915073, 41.830078], [-7.925014, 41.820804], [-7.937139, 41.815711], [-7.961255, 41.813479], [-7.973286, 41.814016], [-7.985286, 41.816478], [-7.997015, 41.821816], [-8.008183, 41.83092], [-8.011245, 41.835444], [-8.013363, 41.829124], [-8.019005, 41.83138]]], [[[-7.907071, 41.868803], [-7.907071, 41.868803], [-7.906996, 41.868625], [-7.907071, 41.868803]]], [[[-7.906977, 41.868578], [-7.906977, 41.868578], [-7.906222, 41.866776], [-7.906977, 41.868578]]], [[[-7.905544, 41.862948], [-7.905544, 41.862948], [-7.905512, 41.862677], [-7.905544, 41.862948]]], [[[-8.433411, 41.716473], [-8.421956, 41.70765], [-8.416757, 41.707624], [-8.40766, 41.710946], [-8.403246, 41.716562], [-8.405054, 41.722846], [-8.417349, 41.725067], [-8.41974, 41.722135], [-8.429643, 41.719859], [-8.430533, 41.717381], [-8.433411, 41.716473]]], [[[-8.438369, 41.635675], [-8.44435, 41.637867], [-8.452552, 41.635743], [-8.456399, 41.63286], [-8.459024, 41.626766], [-8.456484, 41.622714], [-8.444532, 41.616651], [-8.440613, 41.617671], [-8.432469, 41.623553], [-8.430759, 41.62663], [-8.438369, 41.635675]]], [[[-8.129906, 41.633754], [-8.132182, 41.637237], [-8.137888, 41.633814], [-8.132257, 41.631628], [-8.129906, 41.633754]]], [[[-8.337115, 41.557171], [-8.349116, 41.556226], [-8.36114, 41.553002], [-8.373188, 41.547017], [-8.385273, 41.537065], [-8.399418, 41.518383], [-8.402943, 41.509394], [-8.40308, 41.500387], [-8.399625, 41.482355], [-8.400349, 41.473351], [-8.405175, 41.455361], [-8.405532, 41.446355], [-8.401145, 41.437325], [-8.398207, 41.434898], [-8.386299, 41.42838], [-8.374362, 41.425191], [-8.314607, 41.417246], [-8.302647, 41.416718], [-8.283803, 41.41864], [-8.27868, 41.419901], [-8.266632, 41.427094], [-8.260329, 41.436506], [-8.258637, 41.445503], [-8.262776, 41.463544], [-8.277901, 41.490159], [-8.294485, 41.535802], [-8.301277, 41.544402], [-8.313184, 41.552135], [-8.325137, 41.555812], [-8.337115, 41.557171]], [[-8.361239, 41.542924], [-8.349219, 41.545959], [-8.33722, 41.546913], [-8.325247, 41.545216], [-8.3133, 41.541221], [-8.30141, 41.532031], [-8.292934, 41.517778], [-8.274641, 41.472627], [-8.272777, 41.4546], [-8.276265, 41.445615], [-8.284289, 41.436658], [-8.290508, 41.432623], [-8.302524, 41.42825], [-8.326486, 41.425749], [-8.36235, 41.429715], [-8.383051, 41.43723], [-8.392753, 41.446289], [-8.395822, 41.455312], [-8.395824, 41.509357], [-8.391795, 41.518343], [-8.384394, 41.527311], [-8.37329, 41.536523], [-8.361239, 41.542924]]], [[[-8.613097, 41.528865], [-8.625052, 41.534374], [-8.633881, 41.528376], [-8.627789, 41.519349], [-8.625144, 41.518346], [-8.620378, 41.519325], [-8.613097, 41.528865]]], [[[-8.097653, 41.530287], [-8.1096, 41.533158], [-8.113756, 41.525544], [-8.109752, 41.522054], [-8.097752, 41.523146], [-8.095428, 41.525401], [-8.097653, 41.530287]]], [[[-8.553571, 41.469612], [-8.565575, 41.465242], [-8.570263, 41.456096], [-8.565707, 41.44547], [-8.553772, 41.440281], [-8.541791, 41.441742], [-8.534626, 41.44695], [-8.531575, 41.455945], [-8.537293, 41.464976], [-8.541609, 41.467654], [-8.553571, 41.469612]]], [[[-8.194756, 41.374275], [-8.193679, 41.382013], [-8.197526, 41.391048], [-8.207132, 41.399272], [-8.219044, 41.403476], [-8.231002, 41.403968], [-8.24301, 41.400093], [-8.251057, 41.391409], [-8.253142, 41.382415], [-8.250769, 41.373392], [-8.244865, 41.366094], [-8.244272, 41.368384], [-8.239197, 41.371315], [-8.232024, 41.369971], [-8.224854, 41.370878], [-8.21738, 41.368182], [-8.214399, 41.373587], [-8.208127, 41.376968], [-8.199163, 41.377423], [-8.194756, 41.374275]]], [[[-8.804084, 41.255798], [-8.793726, 41.249537], [-8.769935, 41.242585], [-8.746071, 41.241437], [-8.710252, 41.245374], [-8.686355, 41.251145], [-8.670088, 41.258257], [-8.658702, 41.267232], [-8.65246, 41.276221], [-8.649805, 41.285221], [-8.650247, 41.29423], [-8.65345, 41.303247], [-8.660265, 41.312275], [-8.685962, 41.3331], [-8.709809, 41.345225], [-8.733693, 41.350586], [-8.757603, 41.350113], [-8.781531, 41.343948], [-8.793503, 41.338148], [-8.806936, 41.328216], [-8.804084, 41.255798]], [[-8.769627, 41.330303], [-8.757657, 41.335567], [-8.745695, 41.33845], [-8.72179, 41.338691], [-8.709849, 41.336255], [-8.697919, 41.331659], [-8.686001, 41.324904], [-8.671318, 41.312308], [-8.665228, 41.303282], [-8.662662, 41.294267], [-8.663124, 41.285261], [-8.666978, 41.276264], [-8.675659, 41.267281], [-8.686308, 41.260909], [-8.698266, 41.256492], [-8.710214, 41.253796], [-8.734094, 41.252127], [-8.757953, 41.255632], [-8.769873, 41.260325], [-8.780896, 41.267529], [-8.788985, 41.276552], [-8.79292, 41.285567], [-8.794162, 41.294577], [-8.792881, 41.303583], [-8.789077, 41.312584], [-8.781557, 41.321577], [-8.769627, 41.330303]]]]}}, {"id": "16", "type": "Feature", "properties": {"fill": "#80a4d0", "value_min": 1.33, "value_max": 1.67}, "geometry": {"type": "MultiPolygon", "coordinates": [[[[-7.97491, 41.874767], [-7.975034, 41.874699], [-7.975315, 41.874543], [-7.975637, 41.874365], [-7.975721, 41.874318], [-7.975939, 41.874197], [-7.977342, 41.87342], [-7.978049, 41.873028], [-7.979369, 41.872297], [-7.979557, 41.872193], [-7.979774, 41.872073], [-7.9877, 41.866529], [-7.987752, 41.866456], [-7.988304, 41.865682], [-7.988393, 41.865557], [-7.989513, 41.863987], [-7.990123, 41.860157], [-7.993523, 41.858361], [-7.99414, 41.856786], [-7.99459, 41.854761], [-7.994651, 41.854488], [-7.99479, 41.853861], [-7.994658, 41.839809], [-7.989005, 41.830753], [-7.985107, 41.827843], [-7.974135, 41.821614], [-7.961173, 41.818523], [-7.949135, 41.818392], [-7.937053, 41.820925], [-7.922472, 41.830148], [-7.916919, 41.839103], [-7.915254, 41.848094], [-7.916831, 41.857115], [-7.922516, 41.866175], [-7.935239, 41.874932], [-7.937389, 41.87516], [-7.939807, 41.872268], [-7.92851, 41.866232], [-7.920483, 41.85715], [-7.917899, 41.848119], [-7.919172, 41.839124], [-7.924935, 41.830171], [-7.937027, 41.822499], [-7.949111, 41.819846], [-7.961146, 41.820204], [-7.973132, 41.823628], [-7.984138, 41.83071], [-7.9903, 41.839771], [-7.991294, 41.848787], [-7.988117, 41.857765], [-7.979579, 41.866697], [-7.972373, 41.871096], [-7.956364, 41.874361], [-7.960576, 41.875647], [-7.962086, 41.874074], [-7.97491, 41.874767]]], [[[-8.337396, 41.52963], [-8.349391, 41.528794], [-8.361413, 41.525238], [-8.373473, 41.517547], [-8.380961, 41.509278], [-8.384766, 41.500291], [-8.385969, 41.49129], [-8.384527, 41.473267], [-8.38176, 41.464245], [-8.3755, 41.455204], [-8.362185, 41.446494], [-8.35025, 41.442881], [-8.338291, 41.441699], [-8.326312, 41.442553], [-8.314306, 41.445916], [-8.302263, 41.452542], [-8.293078, 41.463734], [-8.290665, 41.472727], [-8.292542, 41.490753], [-8.301648, 41.509898], [-8.313503, 41.522048], [-8.325433, 41.527323], [-8.337396, 41.52963]], [[-8.349428, 41.525083], [-8.337436, 41.525742], [-8.325471, 41.523712], [-8.313551, 41.517456], [-8.301708, 41.504345], [-8.295534, 41.490772], [-8.294605, 41.472751], [-8.298436, 41.463767], [-8.307355, 41.454814], [-8.314256, 41.4506], [-8.326267, 41.446936], [-8.338248, 41.445968], [-8.350209, 41.446981], [-8.362145, 41.45061], [-8.374033, 41.459368], [-8.381622, 41.473252], [-8.383474, 41.491277], [-8.381784, 41.500275], [-8.376788, 41.509255], [-8.361451, 41.521314], [-8.349428, 41.525083]]], [[[-8.709946, 41.314388], [-8.72189, 41.315273], [-8.732793, 41.312467], [-8.743091, 41.303482], [-8.745236, 41.294479], [-8.741182, 41.285463], [-8.733981, 41.27995], [-8.722057, 41.276011], [-8.710113, 41.276634], [-8.698146, 41.282447], [-8.695067, 41.28535], [-8.691423, 41.294348], [-8.693763, 41.303362], [-8.698028, 41.30805], [-8.709946, 41.314388]], [[-8.709989, 41.304709], [-8.707871, 41.303398], [-8.703953, 41.294381], [-8.710067, 41.287219], [-8.722011, 41.286667], [-8.729622, 41.294444], [-8.725279, 41.303441], [-8.721933, 41.305114], [-8.709989, 41.304709]]]]}}, {"id": "17", "type": "Feature", "properties": {"fill": "#6ba5ec", "value_min": 1.67, "value_max": 2.0}, "geometry": {"type": "MultiPolygon", "coordinates": [[[[-7.956364, 41.874361], [-7.972373, 41.871096], [-7.979579, 41.866697], [-7.988117, 41.857765], [-7.991294, 41.848787], [-7.9903, 41.839771], [-7.984138, 41.83071], [-7.973132, 41.823628], [-7.961146, 41.820204], [-7.949111, 41.819846], [-7.937027, 41.822499], [-7.924935, 41.830171], [-7.919172, 41.839124], [-7.917899, 41.848119], [-7.920483, 41.85715], [-7.92851, 41.866232], [-7.939807, 41.872268], [-7.941618, 41.870891], [-7.951254, 41.871132], [-7.956364, 41.874361]], [[-7.948276, 41.87084], [-7.936285, 41.867283], [-7.924399, 41.857566], [-7.920544, 41.848143], [-7.921425, 41.839145], [-7.92729, 41.830193], [-7.937002, 41.824031], [-7.949088, 41.821301], [-7.961119, 41.821857], [-7.973095, 41.825982], [-7.980391, 41.830677], [-7.985942, 41.839733], [-7.98668, 41.848746], [-7.982619, 41.857717], [-7.972451, 41.866219], [-7.960332, 41.870518], [-7.948276, 41.87084]]], [[[-8.349428, 41.525083], [-8.361451, 41.521314], [-8.376788, 41.509255], [-8.381784, 41.500275], [-8.383474, 41.491277], [-8.381622, 41.473252], [-8.374033, 41.459368], [-8.362145, 41.45061], [-8.350209, 41.446981], [-8.338248, 41.445968], [-8.326267, 41.446936], [-8.314256, 41.4506], [-8.307355, 41.454814], [-8.298436, 41.463767], [-8.294605, 41.472751], [-8.295534, 41.490772], [-8.301708, 41.504345], [-8.313551, 41.517456], [-8.325471, 41.523712], [-8.337436, 41.525742], [-8.349428, 41.525083]], [[-8.337467, 41.522674], [-8.325507, 41.520203], [-8.31359, 41.513811], [-8.308543, 41.508865], [-8.302243, 41.49982], [-8.297167, 41.481774], [-8.298546, 41.472775], [-8.302118, 41.466109], [-8.314208, 41.455217], [-8.32623, 41.450518], [-8.338216, 41.449138], [-8.350176, 41.450281], [-8.362105, 41.454725], [-8.373574, 41.464201], [-8.378718, 41.473236], [-8.381058, 41.491264], [-8.378802, 41.500259], [-8.373563, 41.508205], [-8.361488, 41.517586], [-8.34946, 41.521899], [-8.337467, 41.522674]]], [[[-8.709989, 41.304709], [-8.721933, 41.305114], [-8.725279, 41.303441], [-8.729622, 41.294444], [-8.722011, 41.286667], [-8.710067, 41.287219], [-8.703953, 41.294381], [-8.707871, 41.303398], [-8.709989, 41.304709]]]]}}, {"id": "6", "type": "Feature", "properties": {"fill": "#e79f24", "value_min": -2.0, "value_max": -1.67}, "geometry": {"type": "MultiPolygon", "coordinates": [[[[-7.745582, 41.856222], [-7.745148, 41.864374], [-7.755502, 41.86941], [-7.769323, 41.864636], [-7.770132, 41.855638], [-7.767856, 41.853576], [-7.755868, 41.850545], [-7.746585, 41.854921], [-7.745582, 41.856222]]], [[[-7.875761, 41.848409], [-7.888565, 41.839728], [-7.90084, 41.826213], [-7.909673, 41.812014], [-7.913315, 41.800588], [-7.925434, 41.795683], [-7.93741, 41.799337], [-7.949455, 41.798835], [-7.95912, 41.794459], [-7.963873, 41.785495], [-7.963982, 41.776489], [-7.970808, 41.758537], [-7.967802, 41.749503], [-7.962351, 41.745502], [-7.950386, 41.741713], [-7.938341, 41.742896], [-7.92846, 41.749143], [-7.9228, 41.758097], [-7.919132, 41.776076], [-7.913629, 41.781991], [-7.889583, 41.780777], [-7.829339, 41.785057], [-7.817251, 41.78802], [-7.807127, 41.792981], [-7.7979, 41.801892], [-7.790572, 41.819828], [-7.790186, 41.828831], [-7.79305, 41.837868], [-7.799777, 41.846945], [-7.816018, 41.854976], [-7.828014, 41.857764], [-7.840049, 41.85845], [-7.864224, 41.853991], [-7.87184, 41.850306], [-7.871907, 41.850274], [-7.872443, 41.850014], [-7.873066, 41.844875], [-7.875761, 41.848409]], [[-7.844197, 41.8474], [-7.828306, 41.841747], [-7.823324, 41.838182], [-7.816438, 41.829104], [-7.813029, 41.820062], [-7.813749, 41.811063], [-7.818437, 41.802105], [-7.829711, 41.793213], [-7.841303, 41.788972], [-7.865433, 41.785505], [-7.889487, 41.786366], [-7.902869, 41.793935], [-7.907042, 41.802982], [-7.905831, 41.811977], [-7.900916, 41.821794], [-7.888631, 41.835909], [-7.876453, 41.843575], [-7.864344, 41.847205], [-7.852275, 41.848494], [-7.844197, 41.8474]]], [[[-8.32812, 41.763518], [-8.32989, 41.752185], [-8.328031, 41.743168], [-8.323275, 41.734133], [-8.311378, 41.722084], [-8.299426, 41.715563], [-8.275486, 41.7064], [-8.267369, 41.697762], [-8.255688, 41.679672], [-8.23988, 41.66805], [-8.227916, 41.663968], [-8.215917, 41.662885], [-8.203889, 41.664282], [-8.191819, 41.66897], [-8.179095, 41.679151], [-8.174552, 41.688125], [-8.175466, 41.697139], [-8.179956, 41.706178], [-8.191215, 41.717182], [-8.229167, 41.73354], [-8.234761, 41.742584], [-8.239346, 41.760629], [-8.243713, 41.769664], [-8.252149, 41.77873], [-8.251845, 41.777172], [-8.256049, 41.774241], [-8.261762, 41.774235], [-8.268301, 41.769951], [-8.257434, 41.760747], [-8.253968, 41.751717], [-8.254653, 41.742715], [-8.263184, 41.731148], [-8.275264, 41.726166], [-8.287293, 41.725719], [-8.299282, 41.728857], [-8.307138, 41.734036], [-8.314308, 41.743086], [-8.315896, 41.752103], [-8.312024, 41.762194], [-8.318308, 41.761283], [-8.325233, 41.765098], [-8.32812, 41.763518]], [[-8.215242, 41.718483], [-8.203251, 41.716017], [-8.191311, 41.709476], [-8.183394, 41.697196], [-8.184222, 41.688194], [-8.191691, 41.679178], [-8.203777, 41.673376], [-8.215801, 41.672464], [-8.227781, 41.67528], [-8.235145, 41.679538], [-8.243192, 41.688598], [-8.245492, 41.69762], [-8.242802, 41.706609], [-8.239383, 41.710209], [-8.22728, 41.717092], [-8.215242, 41.718483]]], [[[-8.022453, 41.747599], [-8.02925, 41.741032], [-8.029899, 41.73203], [-8.022814, 41.723785], [-8.010867, 41.718889], [-7.998822, 41.720386], [-7.994099, 41.722715], [-7.987018, 41.73166], [-7.987639, 41.740673], [-7.998379, 41.748881], [-8.010375, 41.750949], [-8.022453, 41.747599]]], [[[-8.131363, 41.69818], [-8.134932, 41.696841], [-8.13631, 41.687844], [-8.131558, 41.683669], [-8.119575, 41.681325], [-8.107475, 41.687497], [-8.097088, 41.69655], [-8.095397, 41.705544], [-8.107111, 41.713807], [-8.119167, 41.711229], [-8.131363, 41.69818]], [[-8.107175, 41.709184], [-8.102089, 41.705596], [-8.101159, 41.696582], [-8.107425, 41.691138], [-8.119517, 41.685573], [-8.125342, 41.687761], [-8.130372, 41.696807], [-8.119201, 41.708715], [-8.107175, 41.709184]]], [[[-8.096252, 41.630817], [-8.103452, 41.624543], [-8.109423, 41.615582], [-8.10861, 41.605237], [-8.096747, 41.59532], [-8.084775, 41.593412], [-8.072744, 41.595706], [-8.058883, 41.606173], [-8.056497, 41.61516], [-8.061034, 41.624204], [-8.072229, 41.631651], [-8.084207, 41.633605], [-8.096252, 41.630817]], [[-8.084294, 41.627454], [-8.076293, 41.624328], [-8.069858, 41.615269], [-8.07508, 41.606304], [-8.084652, 41.60217], [-8.096625, 41.604124], [-8.09938, 41.606497], [-8.102878, 41.615532], [-8.096331, 41.62517], [-8.084294, 41.627454]]], [[[-8.540764, 41.587149], [-8.544757, 41.582102], [-8.545742, 41.573098], [-8.5407, 41.564071], [-8.528986, 41.556944], [-8.517006, 41.55543], [-8.504992, 41.558338], [-8.497607, 41.563891], [-8.493377, 41.572879], [-8.495328, 41.581895], [-8.504743, 41.590914], [-8.516713, 41.594787], [-8.528716, 41.594098], [-8.540764, 41.587149]], [[-8.511513, 41.581965], [-8.506573, 41.572937], [-8.516926, 41.566184], [-8.528886, 41.570781], [-8.530749, 41.573038], [-8.526275, 41.582027], [-8.516791, 41.584305], [-8.511513, 41.581965]]], [[[-8.260031, 41.508563], [-8.253857, 41.497546], [-8.241915, 41.494215], [-8.227157, 41.49934], [-8.222943, 41.508319], [-8.227015, 41.517354], [-8.229637, 41.519409], [-8.241579, 41.523044], [-8.253599, 41.520005], [-8.260031, 41.508563]], [[-8.236783, 41.508411], [-8.241806, 41.503619], [-8.24987, 41.508498], [-8.241699, 41.512763], [-8.236783, 41.508411]]], [[[-8.481405, 41.50868], [-8.479758, 41.509767], [-8.48137, 41.513065], [-8.484514, 41.509789], [-8.481405, 41.50868]]], [[[-8.709186, 41.485248], [-8.711738, 41.474553], [-8.708649, 41.465538], [-8.700409, 41.456509], [-8.685401, 41.449482], [-8.673437, 41.44795], [-8.661459, 41.449202], [-8.64946, 41.454147], [-8.638767, 41.465339], [-8.636274, 41.474339], [-8.638758, 41.483354], [-8.647377, 41.492388], [-8.661199, 41.498995], [-8.673168, 41.501408], [-8.685152, 41.500968], [-8.697152, 41.496955], [-8.70409, 41.492548], [-8.709186, 41.485248]], [[-8.66123, 41.493099], [-8.647412, 41.483381], [-8.645516, 41.474368], [-8.650447, 41.465375], [-8.661406, 41.459331], [-8.673384, 41.458434], [-8.685339, 41.46237], [-8.689691, 41.465488], [-8.694939, 41.474509], [-8.693474, 41.483513], [-8.681889, 41.492489], [-8.673203, 41.494436], [-8.66123, 41.493099]]], [[[-8.38173, 41.37417], [-8.379026, 41.365148], [-8.374972, 41.361519], [-8.363051, 41.357954], [-8.351066, 41.36089], [-8.346329, 41.364967], [-8.343308, 41.373957], [-8.348599, 41.382995], [-8.362767, 41.387023], [-8.376261, 41.383148], [-8.38173, 41.37417]]]]}}, {"id": "8", "type": "Feature", "properties": {"fill": "#b1a288", "value_min": -1.33, "value_max": -1.0}, "geometry": {"type": "MultiPolygon", "coordinates": [[[[-8.357567, 41.735554], [-8.337374, 41.680172], [-8.332079, 41.671135], [-8.315089, 41.65302], [-8.300226, 41.641775], [-8.276362, 41.628258], [-8.252461, 41.618795], [-8.228518, 41.613508], [-8.216517, 41.613421], [-8.204471, 41.616963], [-8.192339, 41.627312], [-8.179536, 41.643126], [-8.169046, 41.652057], [-8.15591, 41.659121], [-8.143862, 41.661916], [-8.11984, 41.661898], [-8.11089, 41.669636], [-8.106835, 41.678612], [-8.095431, 41.689534], [-8.083362, 41.693228], [-8.071391, 41.690024], [-8.067393, 41.687306], [-8.062748, 41.678261], [-8.065469, 41.669276], [-8.071781, 41.662882], [-8.076584, 41.660359], [-8.083873, 41.657203], [-8.095919, 41.654657], [-8.100732, 41.651543], [-8.10377, 41.64256], [-8.114962, 41.624632], [-8.140421, 41.597804], [-8.141731, 41.588807], [-8.1314, 41.579722], [-8.121006, 41.576109], [-8.075463, 41.567855], [-8.069883, 41.570103], [-8.068081, 41.573478], [-8.056684, 41.579549], [-8.052181, 41.584498], [-8.052778, 41.587178], [-8.07293, 41.582699], [-8.084929, 41.582569], [-8.0969, 41.58434], [-8.108832, 41.589103], [-8.117336, 41.597629], [-8.11858, 41.606646], [-8.115681, 41.615631], [-8.109577, 41.624591], [-8.096145, 41.638455], [-8.084085, 41.642233], [-8.060041, 41.644196], [-8.047941, 41.650471], [-8.045502, 41.660105], [-8.035583, 41.673837], [-8.011037, 41.686835], [-8.014548, 41.695872], [-8.023402, 41.704954], [-8.032658, 41.71404], [-8.056714, 41.732253], [-8.060124, 41.741288], [-8.057522, 41.750274], [-8.046307, 41.761159], [-8.030486, 41.768063], [-7.997966, 41.7754], [-7.985844, 41.781095], [-7.970107, 41.794558], [-7.950106, 41.803384], [-7.925296, 41.803977], [-7.913113, 41.812566], [-7.900765, 41.830624], [-7.88848, 41.844638], [-7.879057, 41.852288], [-7.884165, 41.854813], [-7.913027, 41.817646], [-7.925222, 41.808386], [-7.962397, 41.803495], [-7.973529, 41.798798], [-7.997698, 41.792636], [-8.021775, 41.79225], [-8.045795, 41.795684], [-8.069778, 41.801816], [-8.093018, 41.811397], [-8.093723, 41.808471], [-8.101845, 41.809824], [-8.104853, 41.81185], [-8.115984, 41.812302], [-8.123807, 41.808702], [-8.138247, 41.808477], [-8.139751, 41.813203], [-8.14276, 41.812978], [-8.145769, 41.815453], [-8.149078, 41.814777], [-8.153893, 41.817928], [-8.161415, 41.818376], [-8.165326, 41.81815], [-8.173744, 41.808019], [-8.177054, 41.808017], [-8.182773, 41.812516], [-8.190291, 41.809587], [-8.197158, 41.814129], [-8.201063, 41.808724], [-8.204973, 41.807372], [-8.205872, 41.804445], [-8.213692, 41.803765], [-8.217598, 41.80016], [-8.217589, 41.793634], [-8.222848, 41.79363], [-8.216161, 41.778487], [-8.212914, 41.751444], [-8.209467, 41.742413], [-8.201209, 41.733349], [-8.175991, 41.715157], [-8.167383, 41.700843], [-8.155528, 41.688287], [-8.143478, 41.690914], [-8.140261, 41.696881], [-8.131336, 41.700228], [-8.119133, 41.713743], [-8.115213, 41.714705], [-8.106983, 41.723089], [-8.094918, 41.726076], [-8.088684, 41.723505], [-8.082527, 41.714449], [-8.083521, 41.705449], [-8.089094, 41.696487], [-8.095368, 41.693998], [-8.10754, 41.682772], [-8.115954, 41.678682], [-8.119662, 41.674923], [-8.131691, 41.673822], [-8.155665, 41.677815], [-8.191992, 41.655114], [-8.204061, 41.650342], [-8.216103, 41.647622], [-8.228115, 41.647281], [-8.240103, 41.649065], [-8.252065, 41.653055], [-8.264006, 41.659084], [-8.275919, 41.667857], [-8.323509, 41.71174], [-8.339527, 41.734227], [-8.343402, 41.743256], [-8.347134, 41.760783], [-8.352557, 41.755145], [-8.349814, 41.744122], [-8.352516, 41.743441], [-8.352203, 41.739616], [-8.357567, 41.735554]], [[-8.189332, 41.75128], [-8.17862, 41.762196], [-8.166553, 41.765062], [-8.154556, 41.762516], [-8.150567, 41.760006], [-8.14235, 41.750939], [-8.138318, 41.741901], [-8.130858, 41.735672], [-8.121931, 41.723763], [-8.121607, 41.714754], [-8.131308, 41.702276], [-8.143376, 41.698547], [-8.155346, 41.702206], [-8.159117, 41.706028], [-8.164569, 41.724081], [-8.18233, 41.733216], [-8.189783, 41.742276], [-8.189332, 41.75128]]], [[[-7.74781, 41.750364], [-7.769751, 41.754602], [-7.825509, 41.775157], [-7.853511, 41.779207], [-7.865547, 41.779068], [-7.886091, 41.77576], [-7.900211, 41.76689], [-7.904113, 41.75792], [-7.905094, 41.748922], [-7.902181, 41.739888], [-7.866589, 41.719848], [-7.842585, 41.717618], [-7.830814, 41.712163], [-7.829576, 41.710175], [-7.829451, 41.70998], [-7.829287, 41.709724], [-7.829153, 41.709516], [-7.829142, 41.709498], [-7.825252, 41.708813], [-7.818621, 41.713522], [-7.815291, 41.718689], [-7.808986, 41.717996], [-7.808396, 41.715744], [-7.803298, 41.714154], [-7.790966, 41.717044], [-7.789449, 41.719966], [-7.78464, 41.720402], [-7.78252, 41.723546], [-7.776204, 41.724652], [-7.773786, 41.727346], [-7.770798, 41.72441], [-7.765698, 41.723044], [-7.761765, 41.727758], [-7.762933, 41.733839], [-7.759307, 41.737203], [-7.759597, 41.739005], [-7.75689, 41.739446], [-7.758687, 41.740577], [-7.757758, 41.745301], [-7.74781, 41.750364]], [[-7.877691, 41.772707], [-7.866614, 41.77557], [-7.859201, 41.775496], [-7.853583, 41.775213], [-7.841626, 41.77102], [-7.83313, 41.766228], [-7.82819, 41.757171], [-7.830011, 41.748182], [-7.841453, 41.739291], [-7.854281, 41.735985], [-7.866301, 41.736248], [-7.878252, 41.740465], [-7.888774, 41.748766], [-7.891399, 41.757798], [-7.887599, 41.766768], [-7.877691, 41.772707]]], [[[-7.878548, 41.675198], [-7.903436, 41.673897], [-7.951461, 41.675653], [-7.963495, 41.674355], [-7.975574, 41.670252], [-7.98673, 41.650595], [-7.994516, 41.641656], [-8.012236, 41.629403], [-8.017397, 41.62384], [-8.029661, 41.602487], [-8.02367, 41.603156], [-8.019174, 41.601802], [-8.015872, 41.603824], [-8.013474, 41.603372], [-8.005971, 41.60629], [-8.003562, 41.611239], [-7.998761, 41.612809], [-7.999669, 41.608759], [-7.996976, 41.605829], [-7.996684, 41.602003], [-7.984685, 41.603564], [-7.982292, 41.60086], [-7.975689, 41.603552], [-7.974482, 41.606701], [-7.970882, 41.607147], [-7.969091, 41.603768], [-7.965796, 41.602413], [-7.9541, 41.602846], [-7.952606, 41.600592], [-7.947808, 41.60081], [-7.945413, 41.599456], [-7.942725, 41.595625], [-7.936132, 41.594488], [-7.93791, 41.601694], [-7.937004, 41.603718], [-7.931604, 41.604384], [-7.930979, 41.612711], [-7.925556, 41.620354], [-7.920755, 41.620796], [-7.917748, 41.623041], [-7.915933, 41.627764], [-7.913229, 41.628885], [-7.912613, 41.63361], [-7.906014, 41.633147], [-7.906884, 41.641927], [-7.897869, 41.645511], [-7.89696, 41.647985], [-7.892759, 41.647976], [-7.892145, 41.651576], [-7.902319, 41.659925], [-7.899913, 41.66127], [-7.900198, 41.665547], [-7.898396, 41.665769], [-7.896885, 41.668692], [-7.883969, 41.67069], [-7.878548, 41.675198]]], [[[-8.223129, 41.794079], [-8.223129, 41.794079], [-8.223003, 41.793877], [-8.223129, 41.794079]]], [[[-8.373358, 41.671367], [-8.38398, 41.673146], [-8.386851, 41.67144], [-8.387137, 41.662434], [-8.384101, 41.660425], [-8.373173, 41.662359], [-8.373358, 41.671367]]], [[[-8.581377, 41.616504], [-8.588623, 41.607747], [-8.591355, 41.600291], [-8.591308, 41.591284], [-8.58456, 41.573245], [-8.565031, 41.546675], [-8.523461, 41.500949], [-8.511104, 41.49189], [-8.493578, 41.484233], [-8.481608, 41.483205], [-8.469611, 41.485498], [-8.45757, 41.492938], [-8.449848, 41.500621], [-8.429041, 41.527541], [-8.423088, 41.536519], [-8.420544, 41.545514], [-8.421378, 41.554525], [-8.426327, 41.563557], [-8.43294, 41.56975], [-8.468765, 41.588979], [-8.504561, 41.614715], [-8.51652, 41.620637], [-8.536905, 41.626163], [-8.543431, 41.61462], [-8.554533, 41.615255], [-8.557244, 41.617046], [-8.562639, 41.61635], [-8.567756, 41.619032], [-8.570735, 41.616095], [-8.576721, 41.614271], [-8.581377, 41.616504]], [[-8.528626, 41.606508], [-8.516633, 41.605499], [-8.504662, 41.601545], [-8.492719, 41.594228], [-8.481282, 41.581833], [-8.471146, 41.563772], [-8.468984, 41.562276], [-8.457, 41.561165], [-8.445035, 41.557956], [-8.440617, 41.55462], [-8.43499, 41.545585], [-8.437731, 41.536592], [-8.457328, 41.521996], [-8.460961, 41.509681], [-8.467928, 41.500706], [-8.481511, 41.495333], [-8.49348, 41.496775], [-8.50111, 41.500854], [-8.508648, 41.509894], [-8.509834, 41.518907], [-8.507265, 41.527903], [-8.507928, 41.536913], [-8.52909, 41.542622], [-8.54104, 41.548185], [-8.552963, 41.557914], [-8.55802, 41.564139], [-8.561924, 41.573161], [-8.562517, 41.582171], [-8.559467, 41.591166], [-8.552684, 41.598375], [-8.54064, 41.604633], [-8.528626, 41.606508]]], [[[-8.24134, 41.543471], [-8.253377, 41.539354], [-8.265478, 41.52938], [-8.271106, 41.517641], [-8.27168, 41.508638], [-8.265869, 41.494813], [-8.254003, 41.48484], [-8.242072, 41.48075], [-8.230107, 41.479691], [-8.218104, 41.481821], [-8.202704, 41.490166], [-8.196179, 41.499127], [-8.19416, 41.508121], [-8.19464, 41.517131], [-8.197787, 41.526161], [-8.205308, 41.53522], [-8.217373, 41.542543], [-8.229341, 41.544351], [-8.24134, 41.543471]], [[-8.241478, 41.531663], [-8.229508, 41.530282], [-8.221663, 41.526325], [-8.212751, 41.517257], [-8.210695, 41.508235], [-8.21367, 41.499248], [-8.225063, 41.490318], [-8.230004, 41.488419], [-8.241994, 41.487467], [-8.253932, 41.491063], [-8.263293, 41.499577], [-8.266783, 41.508607], [-8.264897, 41.517602], [-8.256001, 41.526552], [-8.253502, 41.528509], [-8.241478, 41.531663]]], [[[-8.732942, 41.534185], [-8.744937, 41.532315], [-8.75694, 41.52808], [-8.770353, 41.519722], [-8.780985, 41.506799], [-8.786327, 41.49273], [-8.786731, 41.483724], [-8.78516, 41.474713], [-8.776227, 41.456681], [-8.757579, 41.438628], [-8.733391, 41.424675], [-8.709496, 41.415616], [-8.665569, 41.402368], [-8.67226, 41.375364], [-8.671772, 41.366355], [-8.668544, 41.357338], [-8.662025, 41.348311], [-8.650075, 41.339497], [-8.638149, 41.334865], [-8.626209, 41.332882], [-8.614255, 41.333454], [-8.602283, 41.337073], [-8.589031, 41.348074], [-8.585452, 41.357069], [-8.585975, 41.366078], [-8.590243, 41.375101], [-8.601977, 41.387241], [-8.613894, 41.394566], [-8.634191, 41.402272], [-8.644326, 41.411311], [-8.625604, 41.438425], [-8.617371, 41.456263], [-8.614203, 41.474267], [-8.61645, 41.483282], [-8.625876, 41.49232], [-8.685039, 41.524248], [-8.708975, 41.532364], [-8.732942, 41.534185]], [[-8.684902, 41.510512], [-8.661167, 41.505142], [-8.649216, 41.499476], [-8.637759, 41.492359], [-8.629067, 41.483323], [-8.626509, 41.474308], [-8.627579, 41.465304], [-8.637514, 41.449362], [-8.649533, 41.440565], [-8.661527, 41.436102], [-8.673505, 41.434266], [-8.685473, 41.434697], [-8.69743, 41.437223], [-8.70938, 41.441823], [-8.718852, 41.447548], [-8.728487, 41.456579], [-8.733554, 41.465598], [-8.735922, 41.474611], [-8.735089, 41.483616], [-8.731059, 41.492615], [-8.722175, 41.501601], [-8.709083, 41.50812], [-8.697089, 41.510522], [-8.684902, 41.510512]], [[-8.62598, 41.372992], [-8.617184, 41.366186], [-8.616687, 41.357177], [-8.626111, 41.349997], [-8.638065, 41.350059], [-8.647731, 41.357276], [-8.647929, 41.366284], [-8.637935, 41.373601], [-8.62598, 41.372992]]], [[[-8.325167, 41.341855], [-8.317253, 41.35579], [-8.315806, 41.364789], [-8.31674, 41.373802], [-8.320607, 41.382833], [-8.329426, 41.391892], [-8.338744, 41.397119], [-8.350667, 41.401085], [-8.362616, 41.402509], [-8.374585, 41.401904], [-8.386575, 41.39909], [-8.401204, 41.392288], [-8.410892, 41.38333], [-8.416746, 41.374353], [-8.41889, 41.365356], [-8.418358, 41.356346], [-8.411017, 41.341838], [-8.39916, 41.331401], [-8.385437, 41.325521], [-8.380382, 41.331254], [-8.375305, 41.33104], [-8.37201, 41.328346], [-8.361563, 41.329718], [-8.358276, 41.329049], [-8.357673, 41.327249], [-8.350207, 41.327264], [-8.346032, 41.328847], [-8.342462, 41.333131], [-8.334109, 41.335847], [-8.325167, 41.341855]], [[-8.362685, 41.395444], [-8.35074, 41.393728], [-8.338842, 41.387393], [-8.333921, 41.382911], [-8.329883, 41.37388], [-8.330368, 41.364875], [-8.339201, 41.351975], [-8.351218, 41.345643], [-8.36319, 41.343664], [-8.375128, 41.345211], [-8.387028, 41.350856], [-8.392774, 41.356213], [-8.39735, 41.365245], [-8.397343, 41.374253], [-8.39286, 41.383237], [-8.386676, 41.388262], [-8.374661, 41.394019], [-8.362685, 41.395444]]], [[[-8.492978, 41.225708], [-8.500138, 41.239629], [-8.507352, 41.246628], [-8.51923, 41.254367], [-8.531135, 41.258823], [-8.543057, 41.261002], [-8.554994, 41.261037], [-8.566946, 41.258877], [-8.578911, 41.254466], [-8.590896, 41.246715], [-8.597733, 41.240012], [-8.60388, 41.231025], [-8.607272, 41.222029], [-8.608235, 41.213024], [-8.606858, 41.204012], [-8.602869, 41.19499], [-8.591302, 41.181537], [-8.582978, 41.176359], [-8.578825, 41.178941], [-8.581296, 41.191762], [-8.575958, 41.195609], [-8.576894, 41.201908], [-8.574515, 41.202593], [-8.57423, 41.20462], [-8.567971, 41.204644], [-8.565895, 41.206227], [-8.567697, 41.208246], [-8.566512, 41.209376], [-8.559636, 41.206251], [-8.554271, 41.20627], [-8.549521, 41.209214], [-8.544157, 41.209458], [-8.54238, 41.211265], [-8.532257, 41.213102], [-8.52653, 41.202542], [-8.523236, 41.200077], [-8.518471, 41.200543], [-8.51163, 41.203042], [-8.510456, 41.206197], [-8.505693, 41.207113], [-8.504239, 41.213646], [-8.500076, 41.21546], [-8.50308, 41.219502], [-8.502204, 41.222656], [-8.495642, 41.222227], [-8.492978, 41.225708]], [[-8.555228, 41.226549], [-8.550113, 41.22182], [-8.555311, 41.21428], [-8.567208, 41.219187], [-8.568279, 41.221889], [-8.567179, 41.223497], [-8.555228, 41.226549]]]]}}, {"id": "7", "type": "Feature", "properties": {"fill": "#cba158", "value_min": -1.67, "value_max": -1.33}, "geometry": {"type": "MultiPolygon", "coordinates": [[[[-7.879057, 41.852288], [-7.88848, 41.844638], [-7.900765, 41.830624], [-7.913113, 41.812566], [-7.925296, 41.803977], [-7.950106, 41.803384], [-7.970107, 41.794558], [-7.985844, 41.781095], [-7.997966, 41.7754], [-8.030486, 41.768063], [-8.046307, 41.761159], [-8.057522, 41.750274], [-8.060124, 41.741288], [-8.056714, 41.732253], [-8.032658, 41.71404], [-8.023402, 41.704954], [-8.014548, 41.695872], [-8.011037, 41.686835], [-8.035583, 41.673837], [-8.045502, 41.660105], [-8.047941, 41.650471], [-8.060041, 41.644196], [-8.084085, 41.642233], [-8.096145, 41.638455], [-8.109577, 41.624591], [-8.115681, 41.615631], [-8.11858, 41.606646], [-8.117336, 41.597629], [-8.108832, 41.589103], [-8.0969, 41.58434], [-8.084929, 41.582569], [-8.07293, 41.582699], [-8.052778, 41.587178], [-8.037169, 41.600242], [-8.031467, 41.602938], [-8.029661, 41.602487], [-8.017397, 41.62384], [-8.012236, 41.629403], [-7.994516, 41.641656], [-7.98673, 41.650595], [-7.975574, 41.670252], [-7.963495, 41.674355], [-7.951461, 41.675653], [-7.903436, 41.673897], [-7.878548, 41.675198], [-7.873401, 41.686198], [-7.868896, 41.686413], [-7.867408, 41.683258], [-7.864403, 41.683701], [-7.864096, 41.685276], [-7.860493, 41.685268], [-7.857773, 41.689538], [-7.854776, 41.68818], [-7.847538, 41.695365], [-7.837309, 41.699391], [-7.835792, 41.702763], [-7.839682, 41.705924], [-7.838465, 41.709522], [-7.829576, 41.710175], [-7.830814, 41.712163], [-7.842585, 41.717618], [-7.866589, 41.719848], [-7.902181, 41.739888], [-7.905094, 41.748922], [-7.904113, 41.75792], [-7.900211, 41.76689], [-7.886091, 41.77576], [-7.865547, 41.779068], [-7.853511, 41.779207], [-7.825509, 41.775157], [-7.769751, 41.754602], [-7.74781, 41.750364], [-7.747786, 41.754496], [-7.743866, 41.756509], [-7.740214, 41.763924], [-7.726937, 41.771755], [-7.7254, 41.777152], [-7.727191, 41.779184], [-7.724177, 41.780299], [-7.725372, 41.781653], [-7.722302, 41.791546], [-7.722889, 41.793798], [-7.728879, 41.797871], [-7.727026, 41.805517], [-7.72995, 41.819031], [-7.73594, 41.823554], [-7.74345, 41.825605], [-7.738918, 41.82874], [-7.742196, 41.833928], [-7.74729, 41.837772], [-7.746349, 41.84407], [-7.750541, 41.847685], [-7.750532, 41.849261], [-7.743309, 41.849012], [-7.746901, 41.8524], [-7.746585, 41.854921], [-7.755868, 41.850545], [-7.767856, 41.853576], [-7.770132, 41.855638], [-7.769323, 41.864636], [-7.755502, 41.86941], [-7.745148, 41.864374], [-7.745582, 41.856222], [-7.73843, 41.859348], [-7.734159, 41.868337], [-7.730228, 41.871024], [-7.729293, 41.875972], [-7.722351, 41.878424], [-7.720523, 41.881793], [-7.725335, 41.882935], [-7.726208, 41.887665], [-7.737044, 41.888828], [-7.737935, 41.890857], [-7.74246, 41.889747], [-7.742785, 41.885922], [-7.756022, 41.888441], [-7.758719, 41.890926], [-7.756592, 41.89407], [-7.758076, 41.897901], [-7.764097, 41.898595], [-7.779227, 41.886264], [-7.785257, 41.885157], [-7.788886, 41.882467], [-7.794007, 41.882257], [-7.796739, 41.878214], [-7.794349, 41.87438], [-7.797064, 41.873488], [-7.803381, 41.874857], [-7.804914, 41.869459], [-7.813032, 41.871958], [-7.814229, 41.873537], [-7.823863, 41.874013], [-7.825059, 41.875817], [-7.830479, 41.875831], [-7.830789, 41.874031], [-7.832894, 41.874712], [-7.83772, 41.872924], [-7.842528, 41.875187], [-7.841663, 41.866632], [-7.849515, 41.861475], [-7.858542, 41.862622], [-7.859456, 41.860148], [-7.864877, 41.859711], [-7.87184, 41.850306], [-7.864224, 41.853991], [-7.840049, 41.85845], [-7.828014, 41.857764], [-7.816018, 41.854976], [-7.799777, 41.846945], [-7.79305, 41.837868], [-7.790186, 41.828831], [-7.790572, 41.819828], [-7.7979, 41.801892], [-7.807127, 41.792981], [-7.817251, 41.78802], [-7.829339, 41.785057], [-7.889583, 41.780777], [-7.913629, 41.781991], [-7.919132, 41.776076], [-7.9228, 41.758097], [-7.92846, 41.749143], [-7.938341, 41.742896], [-7.950386, 41.741713], [-7.962351, 41.745502], [-7.967802, 41.749503], [-7.970808, 41.758537], [-7.963982, 41.776489], [-7.963873, 41.785495], [-7.95912, 41.794459], [-7.949455, 41.798835], [-7.93741, 41.799337], [-7.925434, 41.795683], [-7.913315, 41.800588], [-7.909673, 41.812014], [-7.90084, 41.826213], [-7.888565, 41.839728], [-7.875761, 41.848409], [-7.879057, 41.852288]], [[-8.022453, 41.747599], [-8.010375, 41.750949], [-7.998379, 41.748881], [-7.987639, 41.740673], [-7.987018, 41.73166], [-7.994099, 41.722715], [-7.998822, 41.720386], [-8.010867, 41.718889], [-8.022814, 41.723785], [-8.029899, 41.73203], [-8.02925, 41.741032], [-8.022453, 41.747599]], [[-8.096252, 41.630817], [-8.084207, 41.633605], [-8.072229, 41.631651], [-8.061034, 41.624204], [-8.056497, 41.61516], [-8.058883, 41.606173], [-8.072744, 41.595706], [-8.084775, 41.593412], [-8.096747, 41.59532], [-8.10861, 41.605237], [-8.109423, 41.615582], [-8.103452, 41.624543], [-8.096252, 41.630817]]], [[[-7.829142, 41.709498], [-7.829142, 41.709498], [-7.829153, 41.709516], [-7.829142, 41.709498]]], [[[-7.829287, 41.709724], [-7.829287, 41.709724], [-7.829451, 41.70998], [-7.829287, 41.709724]]], [[[-7.872443, 41.850014], [-7.872443, 41.850014], [-7.871907, 41.850274], [-7.872443, 41.850014]]], [[[-8.347134, 41.760783], [-8.343402, 41.743256], [-8.339527, 41.734227], [-8.323509, 41.71174], [-8.275919, 41.667857], [-8.264006, 41.659084], [-8.252065, 41.653055], [-8.240103, 41.649065], [-8.228115, 41.647281], [-8.216103, 41.647622], [-8.204061, 41.650342], [-8.191992, 41.655114], [-8.155665, 41.677815], [-8.131691, 41.673822], [-8.119662, 41.674923], [-8.115954, 41.678682], [-8.10754, 41.682772], [-8.095368, 41.693998], [-8.089094, 41.696487], [-8.083521, 41.705449], [-8.082527, 41.714449], [-8.088684, 41.723505], [-8.094918, 41.726076], [-8.106983, 41.723089], [-8.115213, 41.714705], [-8.119133, 41.713743], [-8.131336, 41.700228], [-8.140261, 41.696881], [-8.143478, 41.690914], [-8.155528, 41.688287], [-8.167383, 41.700843], [-8.175991, 41.715157], [-8.201209, 41.733349], [-8.209467, 41.742413], [-8.212914, 41.751444], [-8.216161, 41.778487], [-8.222848, 41.79363], [-8.223003, 41.793877], [-8.223129, 41.794079], [-8.229917, 41.791598], [-8.240744, 41.791588], [-8.24074, 41.789338], [-8.244347, 41.787984], [-8.245546, 41.785731], [-8.251257, 41.784375], [-8.252149, 41.77873], [-8.243713, 41.769664], [-8.239346, 41.760629], [-8.234761, 41.742584], [-8.229167, 41.73354], [-8.191215, 41.717182], [-8.179956, 41.706178], [-8.175466, 41.697139], [-8.174552, 41.688125], [-8.179095, 41.679151], [-8.191819, 41.66897], [-8.203889, 41.664282], [-8.215917, 41.662885], [-8.227916, 41.663968], [-8.23988, 41.66805], [-8.255688, 41.679672], [-8.267369, 41.697762], [-8.275486, 41.7064], [-8.299426, 41.715563], [-8.311378, 41.722084], [-8.323275, 41.734133], [-8.328031, 41.743168], [-8.32989, 41.752185], [-8.32812, 41.763518], [-8.336653, 41.763728], [-8.338452, 41.762149], [-8.344765, 41.762363], [-8.347134, 41.760783]], [[-8.131363, 41.69818], [-8.119167, 41.711229], [-8.107111, 41.713807], [-8.095397, 41.705544], [-8.097088, 41.69655], [-8.107475, 41.687497], [-8.119575, 41.681325], [-8.131558, 41.683669], [-8.13631, 41.687844], [-8.134932, 41.696841], [-8.131363, 41.69818]]], [[[-8.528626, 41.606508], [-8.54064, 41.604633], [-8.552684, 41.598375], [-8.559467, 41.591166], [-8.562517, 41.582171], [-8.561924, 41.573161], [-8.55802, 41.564139], [-8.552963, 41.557914], [-8.54104, 41.548185], [-8.52909, 41.542622], [-8.507928, 41.536913], [-8.507265, 41.527903], [-8.509834, 41.518907], [-8.508648, 41.509894], [-8.50111, 41.500854], [-8.49348, 41.496775], [-8.481511, 41.495333], [-8.467928, 41.500706], [-8.460961, 41.509681], [-8.457328, 41.521996], [-8.437731, 41.536592], [-8.43499, 41.545585], [-8.440617, 41.55462], [-8.445035, 41.557956], [-8.457, 41.561165], [-8.468984, 41.562276], [-8.471146, 41.563772], [-8.481282, 41.581833], [-8.492719, 41.594228], [-8.504662, 41.601545], [-8.516633, 41.605499], [-8.528626, 41.606508]], [[-8.540764, 41.587149], [-8.528716, 41.594098], [-8.516713, 41.594787], [-8.504743, 41.590914], [-8.495328, 41.581895], [-8.493377, 41.572879], [-8.497607, 41.563891], [-8.504992, 41.558338], [-8.517006, 41.55543], [-8.528986, 41.556944], [-8.5407, 41.564071], [-8.545742, 41.573098], [-8.544757, 41.582102], [-8.540764, 41.587149]], [[-8.481405, 41.50868], [-8.484514, 41.509789], [-8.48137, 41.513065], [-8.479758, 41.509767], [-8.481405, 41.50868]]], [[[-8.241478, 41.531663], [-8.253502, 41.528509], [-8.256001, 41.526552], [-8.264897, 41.517602], [-8.266783, 41.508607], [-8.263293, 41.499577], [-8.253932, 41.491063], [-8.241994, 41.487467], [-8.230004, 41.488419], [-8.225063, 41.490318], [-8.21367, 41.499248], [-8.210695, 41.508235], [-8.212751, 41.517257], [-8.221663, 41.526325], [-8.229508, 41.530282], [-8.241478, 41.531663]], [[-8.260031, 41.508563], [-8.253599, 41.520005], [-8.241579, 41.523044], [-8.229637, 41.519409], [-8.227015, 41.517354], [-8.222943, 41.508319], [-8.227157, 41.49934], [-8.241915, 41.494215], [-8.253857, 41.497546], [-8.260031, 41.508563]]], [[[-8.684902, 41.510512], [-8.697089, 41.510522], [-8.709083, 41.50812], [-8.722175, 41.501601], [-8.731059, 41.492615], [-8.735089, 41.483616], [-8.735922, 41.474611], [-8.733554, 41.465598], [-8.728487, 41.456579], [-8.718852, 41.447548], [-8.70938, 41.441823], [-8.69743, 41.437223], [-8.685473, 41.434697], [-8.673505, 41.434266], [-8.661527, 41.436102], [-8.649533, 41.440565], [-8.637514, 41.449362], [-8.627579, 41.465304], [-8.626509, 41.474308], [-8.629067, 41.483323], [-8.637759, 41.492359], [-8.649216, 41.499476], [-8.661167, 41.505142], [-8.684902, 41.510512]], [[-8.709186, 41.485248], [-8.70409, 41.492548], [-8.697152, 41.496955], [-8.685152, 41.500968], [-8.673168, 41.501408], [-8.661199, 41.498995], [-8.647377, 41.492388], [-8.638758, 41.483354], [-8.636274, 41.474339], [-8.638767, 41.465339], [-8.64946, 41.454147], [-8.661459, 41.449202], [-8.673437, 41.44795], [-8.685401, 41.449482], [-8.700409, 41.456509], [-8.708649, 41.465538], [-8.711738, 41.474553], [-8.709186, 41.485248]]], [[[-8.362685, 41.395444], [-8.374661, 41.394019], [-8.386676, 41.388262], [-8.39286, 41.383237], [-8.397343, 41.374253], [-8.39735, 41.365245], [-8.392774, 41.356213], [-8.387028, 41.350856], [-8.375128, 41.345211], [-8.36319, 41.343664], [-8.351218, 41.345643], [-8.339201, 41.351975], [-8.330368, 41.364875], [-8.329883, 41.37388], [-8.333921, 41.382911], [-8.338842, 41.387393], [-8.35074, 41.393728], [-8.362685, 41.395444]], [[-8.38173, 41.37417], [-8.376261, 41.383148], [-8.362767, 41.387023], [-8.348599, 41.382995], [-8.343308, 41.373957], [-8.346329, 41.364967], [-8.351066, 41.36089], [-8.363051, 41.357954], [-8.374972, 41.361519], [-8.379026, 41.365148], [-8.38173, 41.37417]]], [[[-8.62598, 41.372992], [-8.637935, 41.373601], [-8.647929, 41.366284], [-8.647731, 41.357276], [-8.638065, 41.350059], [-8.626111, 41.349997], [-8.616687, 41.357177], [-8.617184, 41.366186], [-8.62598, 41.372992]]], [[[-8.555228, 41.226549], [-8.567179, 41.223497], [-8.568279, 41.221889], [-8.567208, 41.219187], [-8.555311, 41.21428], [-8.550113, 41.22182], [-8.555228, 41.226549]]]]}}, {"id": "23", "type": "Feature", "properties": {"fill": "#1f4099", "value_min": 3.67, "value_max": 4.0}, "geometry": {"type": "MultiPolygon", "coordinates": [[[[-7.96715, 41.839565], [-7.960993, 41.829651], [-7.948964, 41.828878], [-7.942667, 41.830336], [-7.936827, 41.834597], [-7.934099, 41.839263], [-7.933914, 41.848268], [-7.936549, 41.851394], [-7.948536, 41.855006], [-7.960614, 41.853107], [-7.966097, 41.848563], [-7.96715, 41.839565]]], [[[-8.361631, 41.503029], [-8.364466, 41.500181], [-8.365786, 41.49118], [-8.364683, 41.47316], [-8.350042, 41.463719], [-8.338081, 41.462381], [-8.331334, 41.463963], [-8.313991, 41.475828], [-8.311273, 41.48186], [-8.311472, 41.490868], [-8.313785, 41.495359], [-8.325668, 41.504754], [-8.337592, 41.510433], [-8.349585, 41.509462], [-8.361631, 41.503029]]]]}}, {"id": "22", "type": "Feature", "properties": {"fill": "#214db8", "value_min": 3.33, "value_max": 3.67}, "geometry": {"type": "MultiPolygon", "coordinates": [[[[-7.971506, 41.848611], [-7.973168, 41.839619], [-7.966181, 41.83055], [-7.961019, 41.828092], [-7.948988, 41.827361], [-7.936709, 41.830281], [-7.931448, 41.839239], [-7.931227, 41.848243], [-7.936497, 41.854494], [-7.948469, 41.859099], [-7.960541, 41.857638], [-7.971506, 41.848611]], [[-7.96715, 41.839565], [-7.966097, 41.848563], [-7.960614, 41.853107], [-7.948536, 41.855006], [-7.936549, 41.851394], [-7.933914, 41.848268], [-7.934099, 41.839263], [-7.936827, 41.834597], [-7.942667, 41.830336], [-7.948964, 41.828878], [-7.960993, 41.829651], [-7.96715, 41.839565]]], [[[-8.361603, 41.505892], [-8.367273, 41.500196], [-8.369824, 41.491203], [-8.367441, 41.473175], [-8.361982, 41.467301], [-8.350066, 41.461281], [-8.338105, 41.460035], [-8.326104, 41.462646], [-8.314043, 41.470891], [-8.308617, 41.481844], [-8.308998, 41.490853], [-8.313639, 41.499888], [-8.325621, 41.50928], [-8.33757, 41.512613], [-8.349562, 41.511732], [-8.361603, 41.505892]], [[-8.361631, 41.503029], [-8.349585, 41.509462], [-8.337592, 41.510433], [-8.325668, 41.504754], [-8.313785, 41.495359], [-8.311472, 41.490868], [-8.311273, 41.48186], [-8.313991, 41.475828], [-8.331334, 41.463963], [-8.338081, 41.462381], [-8.350042, 41.463719], [-8.364683, 41.47316], [-8.365786, 41.49118], [-8.364466, 41.500181], [-8.361631, 41.503029]]]]}}, {"id": "21", "type": "Feature", "properties": {"fill": "#245bd9", "value_min": 3.0, "value_max": 3.33}, "geometry": {"type": "MultiPolygon", "coordinates": [[[[-7.97267, 41.852518], [-7.975504, 41.848647], [-7.976288, 41.839647], [-7.969544, 41.83058], [-7.961044, 41.826533], [-7.949013, 41.825845], [-7.934354, 41.830259], [-7.928798, 41.839214], [-7.92854, 41.848218], [-7.936446, 41.857599], [-7.948425, 41.861755], [-7.960492, 41.860643], [-7.97267, 41.852518]], [[-7.971506, 41.848611], [-7.960541, 41.857638], [-7.948469, 41.859099], [-7.936497, 41.854494], [-7.931227, 41.848243], [-7.931448, 41.839239], [-7.936709, 41.830281], [-7.948988, 41.827361], [-7.961019, 41.828092], [-7.966181, 41.83055], [-7.973168, 41.839619], [-7.971506, 41.848611]]], [[[-8.361575, 41.508756], [-8.37008, 41.500211], [-8.373808, 41.491224], [-8.37369, 41.482216], [-8.3702, 41.47319], [-8.36201, 41.46438], [-8.350091, 41.458843], [-8.338129, 41.45769], [-8.326133, 41.459858], [-8.314084, 41.467017], [-8.309028, 41.472839], [-8.305963, 41.481828], [-8.306524, 41.490838], [-8.31079, 41.499871], [-8.325594, 41.511864], [-8.337547, 41.514794], [-8.349539, 41.514002], [-8.361575, 41.508756]], [[-8.361603, 41.505892], [-8.349562, 41.511732], [-8.33757, 41.512613], [-8.325621, 41.50928], [-8.313639, 41.499888], [-8.308998, 41.490853], [-8.308617, 41.481844], [-8.314043, 41.470891], [-8.326104, 41.462646], [-8.338105, 41.460035], [-8.350066, 41.461281], [-8.361982, 41.467301], [-8.367441, 41.473175], [-8.369824, 41.491203], [-8.367273, 41.500196], [-8.361603, 41.505892]]]]}}, {"id": "19", "type": "Feature", "properties": {"fill": "#4182f2", "value_min": 2.33, "value_max": 2.67}, "geometry": {"type": "MultiPolygon", "coordinates": [[[[-7.97252, 41.861892], [-7.977567, 41.857672], [-7.98267, 41.848711], [-7.98253, 41.839703], [-7.976642, 41.830644], [-7.961094, 41.823416], [-7.949063, 41.822813], [-7.936976, 41.825563], [-7.929645, 41.830215], [-7.923678, 41.839166], [-7.923189, 41.848168], [-7.928098, 41.857221], [-7.936341, 41.863908], [-7.948335, 41.867287], [-7.960394, 41.866689], [-7.97252, 41.861892]], [[-7.948382, 41.86441], [-7.936394, 41.860753], [-7.932084, 41.857258], [-7.925854, 41.848193], [-7.926147, 41.839189], [-7.932, 41.830237], [-7.936951, 41.827096], [-7.949038, 41.824329], [-7.961069, 41.824974], [-7.973018, 41.830753], [-7.97941, 41.839675], [-7.979087, 41.848679], [-7.972504, 41.857627], [-7.960443, 41.863648], [-7.948382, 41.86441]]], [[[-8.361517, 41.514639], [-8.373607, 41.503599], [-8.378642, 41.491251], [-8.378517, 41.482242], [-8.373932, 41.469846], [-8.362073, 41.458012], [-8.350143, 41.45358], [-8.338184, 41.452302], [-8.326192, 41.4541], [-8.314166, 41.459172], [-8.308424, 41.463828], [-8.302415, 41.472799], [-8.300381, 41.481794], [-8.305092, 41.499837], [-8.313628, 41.510166], [-8.32554, 41.517031], [-8.337498, 41.519606], [-8.349492, 41.518714], [-8.361517, 41.514639]], [[-8.349517, 41.516271], [-8.337525, 41.516973], [-8.325567, 41.514447], [-8.313665, 41.506711], [-8.307941, 41.499854], [-8.30405, 41.490823], [-8.303309, 41.481812], [-8.305722, 41.472819], [-8.314124, 41.463128], [-8.326162, 41.45707], [-8.338153, 41.455345], [-8.350115, 41.456404], [-8.362041, 41.461207], [-8.372958, 41.473205], [-8.376127, 41.48223], [-8.376224, 41.491237], [-8.372886, 41.500227], [-8.361546, 41.511691], [-8.349517, 41.516271]]]]}}, {"id": "20", "type": "Feature", "properties": {"fill": "#2e6eed", "value_min": 2.67, "value_max": 3.0}, "geometry": {"type": "MultiPolygon", "coordinates": [[[[-7.948382, 41.86441], [-7.960443, 41.863648], [-7.972504, 41.857627], [-7.979087, 41.848679], [-7.97941, 41.839675], [-7.973018, 41.830753], [-7.961069, 41.824974], [-7.949038, 41.824329], [-7.936951, 41.827096], [-7.932, 41.830237], [-7.926147, 41.839189], [-7.925854, 41.848193], [-7.932084, 41.857258], [-7.936394, 41.860753], [-7.948382, 41.86441]], [[-7.97267, 41.852518], [-7.960492, 41.860643], [-7.948425, 41.861755], [-7.936446, 41.857599], [-7.92854, 41.848218], [-7.928798, 41.839214], [-7.934354, 41.830259], [-7.949013, 41.825845], [-7.961044, 41.826533], [-7.969544, 41.83058], [-7.976288, 41.839647], [-7.975504, 41.848647], [-7.97267, 41.852518]]], [[[-8.349517, 41.516271], [-8.361546, 41.511691], [-8.372886, 41.500227], [-8.376224, 41.491237], [-8.376127, 41.48223], [-8.372958, 41.473205], [-8.362041, 41.461207], [-8.350115, 41.456404], [-8.338153, 41.455345], [-8.326162, 41.45707], [-8.314124, 41.463128], [-8.305722, 41.472819], [-8.303309, 41.481812], [-8.30405, 41.490823], [-8.307941, 41.499854], [-8.313665, 41.506711], [-8.325567, 41.514447], [-8.337525, 41.516973], [-8.349517, 41.516271]], [[-8.361575, 41.508756], [-8.349539, 41.514002], [-8.337547, 41.514794], [-8.325594, 41.511864], [-8.31079, 41.499871], [-8.306524, 41.490838], [-8.305963, 41.481828], [-8.309028, 41.472839], [-8.314084, 41.467017], [-8.326133, 41.459858], [-8.338129, 41.45769], [-8.350091, 41.458843], [-8.36201, 41.46438], [-8.3702, 41.47319], [-8.37369, 41.482216], [-8.373808, 41.491224], [-8.37008, 41.500211], [-8.361575, 41.508756]]]]}}, {"id": "18", "type": "Feature", "properties": {"fill": "#5599f7", "value_min": 2.0, "value_max": 2.33}, "geometry": {"type": "MultiPolygon", "coordinates": [[[[-7.948276, 41.87084], [-7.960332, 41.870518], [-7.972451, 41.866219], [-7.982619, 41.857717], [-7.98668, 41.848746], [-7.985942, 41.839733], [-7.980391, 41.830677], [-7.973095, 41.825982], [-7.961119, 41.821857], [-7.949088, 41.821301], [-7.937002, 41.824031], [-7.92729, 41.830193], [-7.921425, 41.839145], [-7.920544, 41.848143], [-7.924399, 41.857566], [-7.936285, 41.867283], [-7.948276, 41.87084]], [[-7.97252, 41.861892], [-7.960394, 41.866689], [-7.948335, 41.867287], [-7.936341, 41.863908], [-7.928098, 41.857221], [-7.923189, 41.848168], [-7.923678, 41.839166], [-7.929645, 41.830215], [-7.936976, 41.825563], [-7.949063, 41.822813], [-7.961094, 41.823416], [-7.976642, 41.830644], [-7.98253, 41.839703], [-7.98267, 41.848711], [-7.977567, 41.857672], [-7.97252, 41.861892]]], [[[-8.337467, 41.522674], [-8.34946, 41.521899], [-8.361488, 41.517586], [-8.373563, 41.508205], [-8.378802, 41.500259], [-8.381058, 41.491264], [-8.378718, 41.473236], [-8.373574, 41.464201], [-8.362105, 41.454725], [-8.350176, 41.450281], [-8.338216, 41.449138], [-8.32623, 41.450518], [-8.314208, 41.455217], [-8.302118, 41.466109], [-8.298546, 41.472775], [-8.297167, 41.481774], [-8.302243, 41.49982], [-8.308543, 41.508865], [-8.31359, 41.513811], [-8.325507, 41.520203], [-8.337467, 41.522674]], [[-8.361517, 41.514639], [-8.349492, 41.518714], [-8.337498, 41.519606], [-8.32554, 41.517031], [-8.313628, 41.510166], [-8.305092, 41.499837], [-8.300381, 41.481794], [-8.302415, 41.472799], [-8.308424, 41.463828], [-8.314166, 41.459172], [-8.326192, 41.4541], [-8.338184, 41.452302], [-8.350143, 41.45358], [-8.362073, 41.458012], [-8.373932, 41.469846], [-8.378517, 41.482242], [-8.378642, 41.491251], [-8.373607, 41.503599], [-8.361517, 41.514639]]]]}}, {"id": "3", "type": "Feature", "properties": {"fill": "#c33119", "value_min": -3.0, "value_max": -2.67}, "geometry": {"type": "MultiPolygon", "coordinates": [[[[-7.888754, 41.828776], [-7.895591, 41.820886], [-7.89887, 41.811911], [-7.897306, 41.802889], [-7.889338, 41.795003], [-7.877374, 41.790855], [-7.865341, 41.790763], [-7.852901, 41.793447], [-7.837704, 41.802301], [-7.832819, 41.811259], [-7.833316, 41.82027], [-7.839548, 41.82934], [-7.852488, 41.836595], [-7.864507, 41.83797], [-7.876587, 41.835892], [-7.888754, 41.828776]], [[-7.864569, 41.83448], [-7.852575, 41.831735], [-7.8485, 41.82943], [-7.840448, 41.820343], [-7.839245, 41.811324], [-7.844144, 41.802366], [-7.853198, 41.796782], [-7.865294, 41.793391], [-7.877325, 41.793691], [-7.889273, 41.798743], [-7.893425, 41.802852], [-7.895971, 41.811883], [-7.892634, 41.820858], [-7.888815, 41.825265], [-7.876643, 41.83274], [-7.864569, 41.83448]]], [[[-8.218131, 41.68843], [-8.215625, 41.687006], [-8.203609, 41.687014], [-8.201676, 41.688317], [-8.197497, 41.697295], [-8.2034, 41.70389], [-8.215414, 41.70434], [-8.222636, 41.697468], [-8.218131, 41.68843]]], [[[-8.119429, 41.692017], [-8.110072, 41.696651], [-8.119283, 41.702742], [-8.12432, 41.696761], [-8.119429, 41.692017]], [[-8.115751, 41.696695], [-8.11939, 41.694893], [-8.121293, 41.696738], [-8.119333, 41.699064], [-8.115751, 41.696695]]]]}}, {"id": "2", "type": "Feature", "properties": {"fill": "#ae1c1c", "value_min": -3.33, "value_max": -3.0}, "geometry": {"type": "MultiPolygon", "coordinates": [[[[-7.864569, 41.83448], [-7.876643, 41.83274], [-7.888815, 41.825265], [-7.892634, 41.820858], [-7.895971, 41.811883], [-7.893425, 41.802852], [-7.889273, 41.798743], [-7.877325, 41.793691], [-7.865294, 41.793391], [-7.853198, 41.796782], [-7.844144, 41.802366], [-7.839245, 41.811324], [-7.840448, 41.820343], [-7.8485, 41.82943], [-7.852575, 41.831735], [-7.864569, 41.83448]], [[-7.859495, 41.82954], [-7.852663, 41.826778], [-7.845962, 41.820398], [-7.844242, 41.811374], [-7.849591, 41.802421], [-7.853137, 41.800234], [-7.865241, 41.796432], [-7.877272, 41.796692], [-7.889543, 41.802814], [-7.893074, 41.811855], [-7.889679, 41.820829], [-7.876699, 41.829537], [-7.86463, 41.83099], [-7.859495, 41.82954]]], [[[-8.115751, 41.696695], [-8.119333, 41.699064], [-8.121293, 41.696738], [-8.11939, 41.694893], [-8.115751, 41.696695]]]]}}, {"id": "5", "type": "Feature", "properties": {"fill": "#ea870e", "value_min": -2.33, "value_max": -2.0}, "geometry": {"type": "MultiPolygon", "coordinates": [[[[-7.844197, 41.8474], [-7.852275, 41.848494], [-7.864344, 41.847205], [-7.876453, 41.843575], [-7.888631, 41.835909], [-7.900916, 41.821794], [-7.905831, 41.811977], [-7.907042, 41.802982], [-7.902869, 41.793935], [-7.889487, 41.786366], [-7.865433, 41.785505], [-7.841303, 41.788972], [-7.829711, 41.793213], [-7.818437, 41.802105], [-7.813749, 41.811063], [-7.813029, 41.820062], [-7.816438, 41.829104], [-7.823324, 41.838182], [-7.828306, 41.841747], [-7.844197, 41.8474]], [[-7.864427, 41.842476], [-7.852388, 41.842178], [-7.840417, 41.838066], [-7.829581, 41.829239], [-7.824956, 41.820185], [-7.824987, 41.811179], [-7.829972, 41.802223], [-7.842712, 41.793345], [-7.865387, 41.788134], [-7.877424, 41.788018], [-7.88941, 41.790795], [-7.894595, 41.793856], [-7.901188, 41.802926], [-7.901988, 41.811941], [-7.898547, 41.820914], [-7.888693, 41.832333], [-7.87653, 41.839176], [-7.864427, 41.842476]]], [[[-8.312024, 41.762194], [-8.315896, 41.752103], [-8.314308, 41.743086], [-8.307138, 41.734036], [-8.299282, 41.728857], [-8.287293, 41.725719], [-8.275264, 41.726166], [-8.263184, 41.731148], [-8.254653, 41.742715], [-8.253968, 41.751717], [-8.257434, 41.760747], [-8.268301, 41.769951], [-8.271366, 41.766346], [-8.280681, 41.764083], [-8.282836, 41.76164], [-8.274888, 41.759615], [-8.268685, 41.751812], [-8.270588, 41.742817], [-8.275119, 41.739085], [-8.287171, 41.736698], [-8.299138, 41.742039], [-8.301843, 41.752018], [-8.297466, 41.757264], [-8.300866, 41.758835], [-8.30778, 41.758824], [-8.307785, 41.760625], [-8.312024, 41.762194]]], [[[-8.297255, 41.757393], [-8.297255, 41.757393], [-8.297097, 41.75749], [-8.297255, 41.757393]]], [[[-8.215242, 41.718483], [-8.22728, 41.717092], [-8.239383, 41.710209], [-8.242802, 41.706609], [-8.245492, 41.69762], [-8.243192, 41.688598], [-8.235145, 41.679538], [-8.227781, 41.67528], [-8.215801, 41.672464], [-8.203777, 41.673376], [-8.191691, 41.679178], [-8.184222, 41.688194], [-8.183394, 41.697196], [-8.191311, 41.709476], [-8.203251, 41.716017], [-8.215242, 41.718483]], [[-8.203321, 41.710289], [-8.196693, 41.706296], [-8.190031, 41.697243], [-8.192295, 41.688251], [-8.203688, 41.680574], [-8.21571, 41.680006], [-8.2305, 41.688514], [-8.233038, 41.697538], [-8.227365, 41.706507], [-8.215328, 41.711431], [-8.203321, 41.710289]]], [[[-8.107175, 41.709184], [-8.119201, 41.708715], [-8.130372, 41.696807], [-8.125342, 41.687761], [-8.119517, 41.685573], [-8.107425, 41.691138], [-8.101159, 41.696582], [-8.102089, 41.705596], [-8.107175, 41.709184]], [[-8.113873, 41.705688], [-8.107263, 41.702857], [-8.10523, 41.696614], [-8.119469, 41.689141], [-8.127345, 41.696784], [-8.119236, 41.706201], [-8.113873, 41.705688]]], [[[-8.084294, 41.627454], [-8.096331, 41.62517], [-8.102878, 41.615532], [-8.09938, 41.606497], [-8.096625, 41.604124], [-8.084652, 41.60217], [-8.07508, 41.606304], [-8.069858, 41.615269], [-8.076293, 41.624328], [-8.084294, 41.627454]], [[-8.081748, 41.615365], [-8.084506, 41.612485], [-8.095166, 41.615471], [-8.084425, 41.618223], [-8.081748, 41.615365]]], [[[-8.511513, 41.581965], [-8.516791, 41.584305], [-8.526275, 41.582027], [-8.530749, 41.573038], [-8.528886, 41.570781], [-8.516926, 41.566184], [-8.506573, 41.572937], [-8.511513, 41.581965]]], [[[-8.236783, 41.508411], [-8.241699, 41.512763], [-8.24987, 41.508498], [-8.241806, 41.503619], [-8.236783, 41.508411]]], [[[-8.66123, 41.493099], [-8.673203, 41.494436], [-8.681889, 41.492489], [-8.693474, 41.483513], [-8.694939, 41.474509], [-8.689691, 41.465488], [-8.685339, 41.46237], [-8.673384, 41.458434], [-8.661406, 41.459331], [-8.650447, 41.465375], [-8.645516, 41.474368], [-8.647412, 41.483381], [-8.66123, 41.493099]], [[-8.661274, 41.484695], [-8.659397, 41.483417], [-8.657597, 41.474404], [-8.661347, 41.470702], [-8.673324, 41.470386], [-8.678375, 41.474464], [-8.67638, 41.483466], [-8.67325, 41.48512], [-8.661274, 41.484695]]]]}}, {"id": "4", "type": "Feature", "properties": {"fill": "#d75e13", "value_min": -2.67, "value_max": -2.33}, "geometry": {"type": "MultiPolygon", "coordinates": [[[[-7.864427, 41.842476], [-7.87653, 41.839176], [-7.888693, 41.832333], [-7.898547, 41.820914], [-7.901988, 41.811941], [-7.901188, 41.802926], [-7.894595, 41.793856], [-7.88941, 41.790795], [-7.877424, 41.788018], [-7.865387, 41.788134], [-7.842712, 41.793345], [-7.829972, 41.802223], [-7.824987, 41.811179], [-7.824956, 41.820185], [-7.829581, 41.829239], [-7.840417, 41.838066], [-7.852388, 41.842178], [-7.864427, 41.842476]], [[-7.888754, 41.828776], [-7.876587, 41.835892], [-7.864507, 41.83797], [-7.852488, 41.836595], [-7.839548, 41.82934], [-7.833316, 41.82027], [-7.832819, 41.811259], [-7.837704, 41.802301], [-7.852901, 41.793447], [-7.865341, 41.790763], [-7.877374, 41.790855], [-7.889338, 41.795003], [-7.897306, 41.802889], [-7.89887, 41.811911], [-7.895591, 41.820886], [-7.888754, 41.828776]]], [[[-8.297097, 41.75749], [-8.297255, 41.757393], [-8.297466, 41.757264], [-8.301843, 41.752018], [-8.299138, 41.742039], [-8.287171, 41.736698], [-8.275119, 41.739085], [-8.270588, 41.742817], [-8.268685, 41.751812], [-8.274888, 41.759615], [-8.282836, 41.76164], [-8.284931, 41.757507], [-8.287033, 41.756829], [-8.297097, 41.75749]]], [[[-8.203321, 41.710289], [-8.215328, 41.711431], [-8.227365, 41.706507], [-8.233038, 41.697538], [-8.2305, 41.688514], [-8.21571, 41.680006], [-8.203688, 41.680574], [-8.192295, 41.688251], [-8.190031, 41.697243], [-8.196693, 41.706296], [-8.203321, 41.710289]], [[-8.218131, 41.68843], [-8.222636, 41.697468], [-8.215414, 41.70434], [-8.2034, 41.70389], [-8.197497, 41.697295], [-8.201676, 41.688317], [-8.203609, 41.687014], [-8.215625, 41.687006], [-8.218131, 41.68843]]], [[[-8.113873, 41.705688], [-8.119236, 41.706201], [-8.127345, 41.696784], [-8.119469, 41.689141], [-8.10523, 41.696614], [-8.107263, 41.702857], [-8.113873, 41.705688]], [[-8.119429, 41.692017], [-8.12432, 41.696761], [-8.119283, 41.702742], [-8.110072, 41.696651], [-8.119429, 41.692017]]], [[[-8.081748, 41.615365], [-8.084425, 41.618223], [-8.095166, 41.615471], [-8.084506, 41.612485], [-8.081748, 41.615365]]], [[[-8.661274, 41.484695], [-8.67325, 41.48512], [-8.67638, 41.483466], [-8.678375, 41.474464], [-8.673324, 41.470386], [-8.661347, 41.470702], [-8.657597, 41.474404], [-8.659397, 41.483417], [-8.661274, 41.484695]]]]}}, {"id": "0", "type": "Feature", "properties": {"fill": "#881d1d", "value_min": -4.0, "value_max": -3.67}, "geometry": {"type": "Polygon", "coordinates": [[[-7.888993, 41.814939], [-7.889094, 41.809121], [-7.883462, 41.802755], [-7.87722, 41.799693], [-7.865186, 41.799504], [-7.85626, 41.802488], [-7.848745, 41.811419], [-7.852753, 41.821734], [-7.864715, 41.826217], [-7.876776, 41.82512], [-7.883796, 41.820772], [-7.888993, 41.814939]]]}}, {"id": "1", "type": "Feature", "properties": {"fill": "#9c1c1c", "value_min": -3.67, "value_max": -3.33}, "geometry": {"type": "Polygon", "coordinates": [[[-7.859495, 41.82954], [-7.86463, 41.83099], [-7.876699, 41.829537], [-7.889679, 41.820829], [-7.893074, 41.811855], [-7.889543, 41.802814], [-7.877272, 41.796692], [-7.865241, 41.796432], [-7.853137, 41.800234], [-7.849591, 41.802421], [-7.844242, 41.811374], [-7.845962, 41.820398], [-7.852663, 41.826778], [-7.859495, 41.82954]], [[-7.888993, 41.814939], [-7.883796, 41.820772], [-7.876776, 41.82512], [-7.864715, 41.826217], [-7.852753, 41.821734], [-7.848745, 41.811419], [-7.85626, 41.802488], [-7.865186, 41.799504], [-7.87722, 41.799693], [-7.883462, 41.802755], [-7.889094, 41.809121], [-7.888993, 41.814939]]]}}]}