{"type": "FeatureCollection", "features": [{"id": "11", "type": "Feature", "properties": {"fill": "#a3a3a3", "value_min": -0.33, "value_max": -0.0}, "geometry": {"type": "MultiPolygon", "coordinates": [[[[-8.197572, 41.813453], [-8.187942, 41.796304], [-8.182716, 41.778254], [-8.18318, 41.76925], [-8.190373, 41.751287], [-8.189903, 41.742277], [-8.182058, 41.733214], [-8.179012, 41.73139], [-8.167013, 41.729469], [-8.142862, 41.737227], [-8.130873, 41.734609], [-8.118721, 41.723739], [-8.116673, 41.714716], [-8.122378, 41.705753], [-8.131363, 41.698228], [-8.155069, 41.687984], [-8.158872, 41.679005], [-8.154624, 41.669966], [-8.119937, 41.654742], [-8.102701, 41.642551], [-8.098515, 41.633512], [-8.114767, 41.597609], [-8.120795, 41.591624], [-8.132864, 41.586319], [-8.144892, 41.583968], [-8.168877, 41.584656], [-8.192791, 41.591073], [-8.240552, 41.610809], [-8.300388, 41.626784], [-8.316278, 41.635013], [-8.323737, 41.644064], [-8.331217, 41.662123], [-8.344269, 41.680212], [-8.35979, 41.68959], [-8.371781, 41.692228], [-8.383804, 41.691566], [-8.395851, 41.688309], [-8.413985, 41.680589], [-8.432079, 41.667942], [-8.462625, 41.653805], [-8.471716, 41.64484], [-8.474677, 41.635846], [-8.473526, 41.626834], [-8.468084, 41.617801], [-8.456595, 41.609449], [-8.444628, 41.605454], [-8.408639, 41.604035], [-8.396672, 41.600432], [-8.388101, 41.590382], [-8.386771, 41.581368], [-8.387685, 41.572365], [-8.39319, 41.55438], [-8.403056, 41.536417], [-8.410627, 41.527448], [-8.421687, 41.518497], [-8.445484, 41.505394], [-8.481666, 41.47593], [-8.493674, 41.471918], [-8.50564, 41.473255], [-8.54147, 41.487255], [-8.57736, 41.494626], [-8.584621, 41.501186], [-8.586113, 41.519207], [-8.588468, 41.528222], [-8.593489, 41.537248], [-8.601008, 41.545423], [-8.612952, 41.553153], [-8.624918, 41.557567], [-8.636898, 41.559663], [-8.64889, 41.559708], [-8.667676, 41.555501], [-8.681291, 41.546532], [-8.684717, 41.537534], [-8.682851, 41.528521], [-8.674626, 41.519491], [-8.660956, 41.510444], [-8.62582, 41.49232], [-8.613336, 41.483272], [-8.612098, 41.47426], [-8.620525, 41.456273], [-8.629698, 41.447295], [-8.649548, 41.437833], [-8.673511, 41.433194], [-8.709419, 41.433008], [-8.739898, 41.43859], [-8.757248, 41.445663], [-8.774204, 41.456677], [-8.783595, 41.465703], [-8.797315, 41.483743], [-8.811127, 41.509102], [-8.813279, 41.503483], [-8.812636, 41.496944], [-8.804699, 41.482068], [-8.798552, 41.474753], [-8.798251, 41.469014], [-8.801548, 41.4468], [-8.806115, 41.43713], [-8.807354, 41.425915], [-8.811166, 41.417099], [-8.808217, 41.360694], [-8.793404, 41.369198], [-8.781436, 41.372512], [-8.769475, 41.373399], [-8.75752, 41.372441], [-8.733634, 41.3652], [-8.709774, 41.353191], [-8.697855, 41.345484], [-8.665971, 41.3213], [-8.656766, 41.312265], [-8.651366, 41.303241], [-8.649932, 41.294229], [-8.652711, 41.28523], [-8.661379, 41.276248], [-8.67721, 41.267285], [-8.698245, 41.26094], [-8.722134, 41.257674], [-8.746006, 41.258301], [-8.769863, 41.263156], [-8.782691, 41.267533], [-8.799747, 41.276572], [-8.805081, 41.281144], [-8.803959, 41.252615], [-8.757972, 41.250361], [-8.722159, 41.251933], [-8.680983, 41.258288], [-8.626559, 41.271574], [-8.614619, 41.271645], [-8.605253, 41.267061], [-8.599728, 41.258034], [-8.598272, 41.221998], [-8.591407, 41.203958], [-8.580702, 41.192087], [-8.575958, 41.195609], [-8.576894, 41.201908], [-8.574515, 41.202593], [-8.57423, 41.20462], [-8.567971, 41.204644], [-8.565895, 41.206227], [-8.567697, 41.208246], [-8.566512, 41.209376], [-8.559636, 41.206251], [-8.554271, 41.20627], [-8.549521, 41.209214], [-8.544157, 41.209458], [-8.54238, 41.211265], [-8.532257, 41.213102], [-8.52713, 41.203215], [-8.523236, 41.200077], [-8.51163, 41.203042], [-8.510456, 41.206197], [-8.505693, 41.207113], [-8.504239, 41.213646], [-8.500076, 41.21546], [-8.50308, 41.219502], [-8.502204, 41.222656], [-8.495642, 41.222227], [-8.495947, 41.223351], [-8.490894, 41.226294], [-8.487935, 41.230354], [-8.490331, 41.232373], [-8.489156, 41.235528], [-8.486181, 41.236888], [-8.484411, 41.240495], [-8.476346, 41.237818], [-8.475756, 41.23917], [-8.470986, 41.23941], [-8.471604, 41.243459], [-8.469227, 41.245267], [-8.463258, 41.244384], [-8.459989, 41.246644], [-8.455512, 41.245982], [-8.455541, 41.251834], [-8.452276, 41.25522], [-8.449891, 41.255452], [-8.449304, 41.257479], [-8.447812, 41.257258], [-8.449028, 41.261982], [-8.443657, 41.261771], [-8.440049, 41.263807], [-8.459355, 41.277834], [-8.474842, 41.293563], [-8.486887, 41.311633], [-8.495887, 41.338696], [-8.496644, 41.365722], [-8.491595, 41.383715], [-8.486272, 41.392699], [-8.477961, 41.401669], [-8.464021, 41.410613], [-8.446238, 41.41681], [-8.42226, 41.422005], [-8.386323, 41.425851], [-8.350437, 41.424133], [-8.314615, 41.416506], [-8.298496, 41.409723], [-8.286266, 41.40064], [-8.275913, 41.38256], [-8.262999, 41.344729], [-8.249622, 41.353072], [-8.251123, 41.356897], [-8.248141, 41.360052], [-8.248448, 41.364328], [-8.245461, 41.364781], [-8.244272, 41.368384], [-8.239197, 41.371315], [-8.235554, 41.370643], [-8.243224, 41.381672], [-8.243909, 41.400369], [-8.255034, 41.409449], [-8.278701, 41.418608], [-8.302568, 41.424074], [-8.402163, 41.437331], [-8.434034, 41.44422], [-8.445951, 41.45052], [-8.451182, 41.45559], [-8.455915, 41.46462], [-8.456694, 41.473631], [-8.454256, 41.482627], [-8.445584, 41.493694], [-8.433535, 41.501582], [-8.409466, 41.513213], [-8.373168, 41.549185], [-8.36108, 41.559082], [-8.34901, 41.566807], [-8.324919, 41.576789], [-8.30088, 41.581182], [-8.264886, 41.581687], [-8.240927, 41.578779], [-8.181113, 41.565738], [-8.157136, 41.565025], [-8.133097, 41.56893], [-8.109012, 41.575977], [-8.10117, 41.57949], [-8.09256, 41.588429], [-8.093551, 41.597444], [-8.096681, 41.600065], [-8.100048, 41.615509], [-8.090976, 41.633452], [-8.096156, 41.63766], [-8.098401, 41.642518], [-8.111272, 41.651625], [-8.142745, 41.669878], [-8.147004, 41.678917], [-8.1411, 41.68788], [-8.127393, 41.696784], [-8.111028, 41.714673], [-8.110377, 41.723675], [-8.118667, 41.747819], [-8.158514, 41.818377], [-8.165326, 41.81815], [-8.173744, 41.808019], [-8.177655, 41.808242], [-8.183676, 41.812741], [-8.190291, 41.809587], [-8.193301, 41.810711], [-8.195353, 41.813905], [-8.197572, 41.813453]], [[-8.371882, 41.681847], [-8.357437, 41.671279], [-8.355631, 41.662262], [-8.359865, 41.653279], [-8.372232, 41.645789], [-8.384249, 41.644911], [-8.396225, 41.648284], [-8.402745, 41.653509], [-8.40694, 41.662538], [-8.404571, 41.671533], [-8.392011, 41.680474], [-8.383889, 41.682697], [-8.371882, 41.681847]], [[-8.439763, 41.626674], [-8.44447, 41.623922], [-8.448748, 41.626718], [-8.444412, 41.630643], [-8.439763, 41.626674]], [[-8.625042, 41.535979], [-8.613088, 41.530342], [-8.611623, 41.528303], [-8.614782, 41.519306], [-8.625155, 41.516395], [-8.633096, 41.519366], [-8.63789, 41.528389], [-8.625042, 41.535979]], [[-8.54167, 41.458938], [-8.539557, 41.455977], [-8.541725, 41.451082], [-8.55373, 41.44629], [-8.562429, 41.456067], [-8.553611, 41.463732], [-8.54167, 41.458938]], [[-8.637755, 41.406012], [-8.613832, 41.405032], [-8.589955, 41.396927], [-8.573709, 41.384049], [-8.564129, 41.365998], [-8.563121, 41.347978], [-8.570084, 41.329989], [-8.578488, 41.320273], [-8.590483, 41.312753], [-8.602448, 41.309774], [-8.614387, 41.311042], [-8.626314, 41.314492], [-8.650148, 41.325895], [-8.669111, 41.339324], [-8.678531, 41.348359], [-8.688649, 41.366402], [-8.689155, 41.375411], [-8.685568, 41.384409], [-8.676846, 41.393392], [-8.661709, 41.400966], [-8.637755, 41.406012]], [[-8.549217, 41.230824], [-8.541655, 41.221786], [-8.547583, 41.212802], [-8.555338, 41.210285], [-8.567252, 41.212491], [-8.571406, 41.221901], [-8.567135, 41.230241], [-8.555185, 41.232809], [-8.549217, 41.230824]]], [[[-8.262841, 41.344279], [-8.262841, 41.344279], [-8.262748, 41.344017], [-8.262841, 41.344279]]], [[[-7.874241, 41.845327], [-7.888619, 41.836558], [-7.90168, 41.820944], [-7.905509, 41.811974], [-7.9056, 41.802968], [-7.899367, 41.793902], [-7.889446, 41.788745], [-7.877438, 41.787193], [-7.865397, 41.787561], [-7.833702, 41.793254], [-7.817354, 41.802094], [-7.809064, 41.811015], [-7.806983, 41.82], [-7.808571, 41.829023], [-7.81631, 41.839136], [-7.82821, 41.847032], [-7.84019, 41.850661], [-7.852227, 41.851186], [-7.864312, 41.848999], [-7.873063, 41.8457], [-7.874241, 41.845327]], [[-7.864396, 41.844235], [-7.852345, 41.844576], [-7.840353, 41.841661], [-7.834017, 41.838291], [-7.824518, 41.829187], [-7.821123, 41.820146], [-7.822245, 41.811151], [-7.829358, 41.802217], [-7.845296, 41.793371], [-7.865363, 41.789478], [-7.877401, 41.789296], [-7.892879, 41.79384], [-7.900927, 41.802924], [-7.902244, 41.811943], [-7.899084, 41.82092], [-7.888675, 41.83335], [-7.876504, 41.84065], [-7.864396, 41.844235]]], [[[-8.034569, 41.741657], [-8.033562, 41.732061], [-8.02286, 41.720743], [-8.01091, 41.716074], [-7.998885, 41.716333], [-7.987688, 41.722659], [-7.983287, 41.731627], [-7.985809, 41.740656], [-7.99833, 41.752], [-8.01031, 41.755179], [-8.022361, 41.753651], [-8.028723, 41.750034], [-8.034569, 41.741657]], [[-8.010429, 41.747403], [-7.99847, 41.742995], [-7.995978, 41.740746], [-7.993479, 41.731717], [-7.998742, 41.725493], [-8.01082, 41.721935], [-8.022751, 41.727922], [-8.026402, 41.732001], [-8.025322, 41.740998], [-8.022511, 41.743773], [-8.010429, 41.747403]]], [[[-7.836108, 41.709516], [-7.837154, 41.712227], [-7.842631, 41.715088], [-7.854621, 41.716848], [-7.865065, 41.712506], [-7.869144, 41.70354], [-7.866953, 41.699143], [-7.855079, 41.691027], [-7.851459, 41.691451], [-7.847538, 41.695365], [-7.837309, 41.699391], [-7.835792, 41.702763], [-7.839679, 41.706599], [-7.838465, 41.709522], [-7.836108, 41.709516]]], [[[-8.03574, 41.663357], [-8.037651, 41.660039], [-8.035894, 41.652999], [-8.023996, 41.645633], [-8.011947, 41.648339], [-8.008645, 41.650786], [-8.004973, 41.659761], [-8.013765, 41.668844], [-8.023616, 41.670775], [-8.03574, 41.663357]], [[-8.022631, 41.659913], [-8.023794, 41.658988], [-8.024783, 41.659931], [-8.02377, 41.660637], [-8.022631, 41.659913]]]]}}, {"id": "14", "type": "Feature", "properties": {"fill": "#a3a3a3", "value_min": 0.67, "value_max": -1.0}, "geometry": {"type": "MultiPolygon", "coordinates": [[[[-8.076018, 41.813415], [-8.076018, 41.813415], [-8.07597, 41.813362], [-8.076018, 41.813415]]], [[[-8.075816, 41.81319], [-8.057828, 41.795895], [-8.038728, 41.786146], [-7.997936, 41.777356], [-7.985927, 41.77586], [-7.973878, 41.776909], [-7.959044, 41.794458], [-7.949463, 41.79834], [-7.937417, 41.798918], [-7.925422, 41.796421], [-7.91319, 41.808017], [-7.900773, 41.830119], [-7.88848, 41.844604], [-7.879178, 41.852541], [-7.883864, 41.854694], [-7.900705, 41.834087], [-7.913066, 41.815324], [-7.925283, 41.804735], [-7.949785, 41.803381], [-7.985694, 41.790629], [-7.997725, 41.790915], [-8.021698, 41.797319], [-8.035103, 41.804129], [-8.052528, 41.818804], [-8.057314, 41.815656], [-8.06664, 41.817012], [-8.075816, 41.81319]]], [[[-7.923717, 41.767112], [-7.924542, 41.749106], [-7.918219, 41.74004], [-7.878458, 41.728658], [-7.866459, 41.72724], [-7.811931, 41.729983], [-7.806269, 41.731265], [-7.794422, 41.738808], [-7.791168, 41.74778], [-7.792537, 41.756801], [-7.796424, 41.765849], [-7.804702, 41.774942], [-7.817379, 41.781056], [-7.829368, 41.783447], [-7.865466, 41.783638], [-7.913684, 41.778723], [-7.918107, 41.776066], [-7.923717, 41.767112]], [[-7.877562, 41.780064], [-7.853466, 41.781756], [-7.841453, 41.780602], [-7.823866, 41.77514], [-7.814161, 41.766033], [-7.811022, 41.756994], [-7.813086, 41.748009], [-7.82321, 41.739106], [-7.842294, 41.733859], [-7.854344, 41.732422], [-7.866373, 41.732155], [-7.878361, 41.734217], [-7.891842, 41.739788], [-7.903907, 41.748911], [-7.907036, 41.757948], [-7.904551, 41.766931], [-7.894632, 41.775843], [-7.877562, 41.780064]]], [[[-8.08286, 41.728567], [-8.095038, 41.717517], [-8.110371, 41.696653], [-8.123459, 41.687747], [-8.1312, 41.678799], [-8.129812, 41.669781], [-8.119053, 41.660692], [-8.096025, 41.647059], [-8.072096, 41.640937], [-8.060065, 41.642564], [-8.052199, 41.651153], [-8.043444, 41.669095], [-8.035524, 41.67781], [-8.022937, 41.686936], [-8.017996, 41.695901], [-8.023199, 41.704953], [-8.03201, 41.714034], [-8.046837, 41.725312], [-8.058775, 41.731127], [-8.070779, 41.73251], [-8.08286, 41.728567]], [[-8.070971, 41.719172], [-8.058955, 41.718823], [-8.046979, 41.715667], [-8.036358, 41.705064], [-8.034441, 41.696041], [-8.036906, 41.687054], [-8.059934, 41.651579], [-8.072019, 41.646281], [-8.084024, 41.646556], [-8.095981, 41.650177], [-8.115616, 41.660666], [-8.12579, 41.669751], [-8.12702, 41.678767], [-8.118142, 41.687706], [-8.105572, 41.696616], [-8.095158, 41.708961], [-8.083036, 41.716178], [-8.070971, 41.719172]]], [[[-8.277406, 41.534679], [-8.289404, 41.533726], [-8.313361, 41.535469], [-8.337342, 41.534894], [-8.349355, 41.532445], [-8.361392, 41.527395], [-8.37345, 41.51994], [-8.384109, 41.509295], [-8.389965, 41.500319], [-8.39285, 41.491326], [-8.392109, 41.473308], [-8.387807, 41.464277], [-8.379106, 41.455223], [-8.362177, 41.447382], [-8.350232, 41.444705], [-8.338274, 41.443416], [-8.31432, 41.444608], [-8.290307, 41.45111], [-8.266236, 41.462309], [-8.230176, 41.473887], [-8.216311, 41.481252], [-8.207356, 41.490198], [-8.202968, 41.499175], [-8.202362, 41.508178], [-8.20575, 41.517209], [-8.213119, 41.526267], [-8.229451, 41.535086], [-8.241407, 41.537761], [-8.253391, 41.538119], [-8.277406, 41.534679]], [[-8.34944, 41.523925], [-8.337436, 41.525724], [-8.325453, 41.525467], [-8.313491, 41.523129], [-8.283678, 41.508713], [-8.277787, 41.500404], [-8.272553, 41.508643], [-8.262829, 41.517589], [-8.253579, 41.521818], [-8.241581, 41.522838], [-8.22965, 41.518296], [-8.22401, 41.508326], [-8.226914, 41.499338], [-8.229909, 41.496444], [-8.241949, 41.491336], [-8.253925, 41.491623], [-8.265852, 41.496288], [-8.27748, 41.49066], [-8.284747, 41.47269], [-8.293425, 41.463736], [-8.30907, 41.454824], [-8.326231, 41.450345], [-8.33821, 41.449712], [-8.350169, 41.450973], [-8.363162, 41.455136], [-8.376313, 41.464216], [-8.382071, 41.473254], [-8.384047, 41.482272], [-8.383882, 41.491279], [-8.38127, 41.500272], [-8.374691, 41.509244], [-8.361473, 41.519099], [-8.34944, 41.523925]]], [[[-8.607382, 41.170498], [-8.621257, 41.213068], [-8.632351, 41.23112], [-8.644634, 41.240166], [-8.662512, 41.245411], [-8.674443, 41.246167], [-8.69832, 41.24466], [-8.724869, 41.240386], [-8.746095, 41.235206], [-8.778674, 41.222486], [-8.79241, 41.213504], [-8.802083, 41.204899], [-8.799695, 41.14406], [-8.777073, 41.144565], [-8.785208, 41.159443], [-8.787343, 41.168455], [-8.786038, 41.186468], [-8.782291, 41.195469], [-8.776824, 41.204467], [-8.768086, 41.213457], [-8.755474, 41.222439], [-8.735724, 41.231403], [-8.722229, 41.235392], [-8.698343, 41.239726], [-8.686405, 41.2405], [-8.66255, 41.238137], [-8.650641, 41.233548], [-8.63876, 41.22414], [-8.63112, 41.2131], [-8.624427, 41.195062], [-8.622117, 41.17989], [-8.612177, 41.176781], [-8.608583, 41.174095], [-8.609164, 41.172066], [-8.607382, 41.170498]]], [[[-8.607292, 41.170048], [-8.607292, 41.170048], [-8.607365, 41.170411], [-8.607292, 41.170048]]]]}}, {"id": "15", "type": "Feature", "properties": {"fill": "#97a3b2", "value_min": 1.0, "value_max": -1.33}, "geometry": {"type": "MultiPolygon", "coordinates": [[[[-8.052528, 41.818804], [-8.035103, 41.804129], [-8.021698, 41.797319], [-7.997725, 41.790915], [-7.985694, 41.790629], [-7.949785, 41.803381], [-7.925283, 41.804735], [-7.913066, 41.815324], [-7.900705, 41.834087], [-7.883864, 41.854694], [-7.888976, 41.856405], [-7.912983, 41.820227], [-7.925208, 41.809221], [-7.937287, 41.806762], [-7.963885, 41.803509], [-7.973503, 41.800399], [-7.98556, 41.799156], [-7.997576, 41.80048], [-8.009555, 41.804254], [-8.021503, 41.810107], [-8.033403, 41.819365], [-8.040989, 41.828023], [-8.041054, 41.825097], [-8.045268, 41.824425], [-8.046775, 41.821951], [-8.052528, 41.818804]]], [[[-7.877562, 41.780064], [-7.894632, 41.775843], [-7.904551, 41.766931], [-7.907036, 41.757948], [-7.903907, 41.748911], [-7.891842, 41.739788], [-7.878361, 41.734217], [-7.866373, 41.732155], [-7.854344, 41.732422], [-7.842294, 41.733859], [-7.82321, 41.739106], [-7.813086, 41.748009], [-7.811022, 41.756994], [-7.814161, 41.766033], [-7.823866, 41.77514], [-7.841453, 41.780602], [-7.853466, 41.781756], [-7.877562, 41.780064]], [[-7.865541, 41.779398], [-7.85351, 41.779288], [-7.841519, 41.776948], [-7.83657, 41.775269], [-7.825126, 41.766146], [-7.822439, 41.757112], [-7.825992, 41.748141], [-7.84039, 41.739281], [-7.854278, 41.736113], [-7.866309, 41.735786], [-7.88029, 41.739676], [-7.894692, 41.748823], [-7.898331, 41.757865], [-7.896045, 41.76685], [-7.883913, 41.775739], [-7.865541, 41.779398]]], [[[-8.070971, 41.719172], [-8.083036, 41.716178], [-8.095158, 41.708961], [-8.105572, 41.696616], [-8.118142, 41.687706], [-8.12702, 41.678767], [-8.12579, 41.669751], [-8.115616, 41.660666], [-8.095981, 41.650177], [-8.084024, 41.646556], [-8.072019, 41.646281], [-8.059934, 41.651579], [-8.036906, 41.687054], [-8.034441, 41.696041], [-8.036358, 41.705064], [-8.046979, 41.715667], [-8.058955, 41.718823], [-8.070971, 41.719172]], [[-8.071135, 41.707841], [-8.054605, 41.696208], [-8.047445, 41.687142], [-8.048307, 41.678142], [-8.059839, 41.65813], [-8.071951, 41.651044], [-8.083975, 41.650011], [-8.095948, 41.652566], [-8.112178, 41.660639], [-8.121767, 41.66972], [-8.122841, 41.678735], [-8.115351, 41.687685], [-8.102751, 41.696594], [-8.095227, 41.704053], [-8.083133, 41.709346], [-8.071135, 41.707841]]], [[[-8.34944, 41.523925], [-8.361473, 41.519099], [-8.374691, 41.509244], [-8.38127, 41.500272], [-8.383882, 41.491279], [-8.384047, 41.482272], [-8.382071, 41.473254], [-8.376313, 41.464216], [-8.363162, 41.455136], [-8.350169, 41.450973], [-8.33821, 41.449712], [-8.326231, 41.450345], [-8.30907, 41.454824], [-8.293425, 41.463736], [-8.284747, 41.47269], [-8.27748, 41.49066], [-8.265852, 41.496288], [-8.253925, 41.491623], [-8.241949, 41.491336], [-8.229909, 41.496444], [-8.226914, 41.499338], [-8.22401, 41.508326], [-8.22965, 41.518296], [-8.241581, 41.522838], [-8.253579, 41.521818], [-8.262829, 41.517589], [-8.272553, 41.508643], [-8.277787, 41.500404], [-8.283678, 41.508713], [-8.313491, 41.523129], [-8.325453, 41.525467], [-8.337436, 41.525724], [-8.34944, 41.523925]], [[-8.330367, 41.518002], [-8.313595, 41.513284], [-8.306766, 41.508855], [-8.298746, 41.499799], [-8.295177, 41.490769], [-8.295396, 41.481763], [-8.299602, 41.472782], [-8.308876, 41.46383], [-8.314148, 41.460871], [-8.326165, 41.456723], [-8.338151, 41.455549], [-8.350112, 41.456734], [-8.362042, 41.461101], [-8.373908, 41.472384], [-8.377942, 41.482239], [-8.377861, 41.491246], [-8.373634, 41.500863], [-8.361538, 41.512471], [-8.349507, 41.517236], [-8.337507, 41.51878], [-8.330367, 41.518002]]], [[[-8.622117, 41.17989], [-8.624427, 41.195062], [-8.63112, 41.2131], [-8.63876, 41.22414], [-8.650641, 41.233548], [-8.66255, 41.238137], [-8.686405, 41.2405], [-8.698343, 41.239726], [-8.722229, 41.235392], [-8.735724, 41.231403], [-8.755474, 41.222439], [-8.768086, 41.213457], [-8.776824, 41.204467], [-8.782291, 41.195469], [-8.786038, 41.186468], [-8.787343, 41.168455], [-8.785208, 41.159443], [-8.777073, 41.144565], [-8.744367, 41.145288], [-8.758311, 41.158477], [-8.763919, 41.168409], [-8.766229, 41.177422], [-8.764152, 41.195433], [-8.759264, 41.204431], [-8.751644, 41.213423], [-8.739206, 41.222403], [-8.722253, 41.229743], [-8.710306, 41.233063], [-8.686429, 41.235574], [-8.674501, 41.234569], [-8.662226, 41.231211], [-8.650688, 41.224765], [-8.640201, 41.213129], [-8.635763, 41.204107], [-8.632741, 41.189074], [-8.625658, 41.186628], [-8.622117, 41.17989]]]]}}, {"id": "18", "type": "Feature", "properties": {"fill": "#5599f7", "value_min": 2.0, "value_max": -2.33}, "geometry": {"type": "MultiPolygon", "coordinates": [[[[-8.019246, 41.83138], [-8.009296, 41.821061], [-7.997368, 41.813824], [-7.985392, 41.809774], [-7.973376, 41.808358], [-7.96133, 41.808837], [-7.937198, 41.812183], [-7.9251, 41.815668], [-7.912862, 41.827379], [-7.905119, 41.838991], [-7.898213, 41.860458], [-7.902943, 41.860918], [-7.904146, 41.847988], [-7.913335, 41.830062], [-7.925056, 41.818277], [-7.93717, 41.813849], [-7.961289, 41.811338], [-7.973324, 41.811612], [-7.985327, 41.81392], [-8.001524, 41.821856], [-8.012377, 41.834074], [-8.013363, 41.829124], [-8.019246, 41.83138]]], [[[-7.887398, 41.757759], [-7.882227, 41.748702], [-7.866198, 41.742104], [-7.854158, 41.742866], [-7.842452, 41.748308], [-7.836584, 41.757256], [-7.839541, 41.766293], [-7.841682, 41.767921], [-7.853602, 41.774133], [-7.865617, 41.775092], [-7.877711, 41.771538], [-7.884671, 41.76674], [-7.887398, 41.757759]], [[-7.86566, 41.77263], [-7.853655, 41.771164], [-7.845244, 41.76635], [-7.84223, 41.757313], [-7.84897, 41.748374], [-7.854103, 41.745988], [-7.866151, 41.744759], [-7.87637, 41.748645], [-7.883507, 41.757722], [-7.880122, 41.766695], [-7.86566, 41.77263]]], [[[-8.10745, 41.689288], [-8.117292, 41.678693], [-8.116203, 41.669677], [-8.107825, 41.662145], [-8.095896, 41.656258], [-8.083909, 41.654666], [-8.071859, 41.657434], [-8.06758, 41.660286], [-8.059805, 41.66923], [-8.056383, 41.678209], [-8.059843, 41.687244], [-8.071292, 41.696884], [-8.083239, 41.701862], [-8.095307, 41.698338], [-8.10745, 41.689288]], [[-8.076787, 41.696389], [-8.07133, 41.694223], [-8.06283, 41.687269], [-8.060045, 41.678239], [-8.062467, 41.669252], [-8.072344, 41.660325], [-8.08388, 41.656705], [-8.095871, 41.658105], [-8.107797, 41.664224], [-8.113842, 41.669659], [-8.115401, 41.678678], [-8.107062, 41.687621], [-8.095341, 41.695916], [-8.083277, 41.699225], [-8.076787, 41.696389]]], [[[-8.367475, 41.49119], [-8.367411, 41.482182], [-8.361923, 41.473229], [-8.350014, 41.466482], [-8.338052, 41.465192], [-8.326049, 41.468003], [-8.318327, 41.472894], [-8.312254, 41.481865], [-8.312085, 41.490872], [-8.317556, 41.499912], [-8.325659, 41.505545], [-8.337611, 41.508511], [-8.349607, 41.507288], [-8.361655, 41.500577], [-8.367475, 41.49119]], [[-8.337655, 41.504231], [-8.325717, 41.500027], [-8.318492, 41.49091], [-8.318764, 41.481904], [-8.32599, 41.473614], [-8.338009, 41.469505], [-8.349971, 41.470885], [-8.353902, 41.473099], [-8.362574, 41.482155], [-8.362714, 41.491163], [-8.354655, 41.500126], [-8.34965, 41.502957], [-8.337655, 41.504231]]], [[[-8.722309, 41.216392], [-8.734342, 41.204376], [-8.737745, 41.195376], [-8.737601, 41.186368], [-8.734393, 41.178304], [-8.725615, 41.168324], [-8.710625, 41.160597], [-8.698716, 41.158351], [-8.686796, 41.158674], [-8.674863, 41.161563], [-8.662909, 41.168161], [-8.654674, 41.177141], [-8.650465, 41.186137], [-8.649594, 41.195142], [-8.651726, 41.204156], [-8.657645, 41.213182], [-8.662656, 41.21748], [-8.674556, 41.223527], [-8.686476, 41.225641], [-8.69841, 41.225225], [-8.710352, 41.222542], [-8.722309, 41.216392]], [[-8.698435, 41.219756], [-8.686502, 41.220285], [-8.674587, 41.217264], [-8.667601, 41.213211], [-8.659922, 41.204181], [-8.657947, 41.195167], [-8.659934, 41.186165], [-8.662841, 41.181519], [-8.674811, 41.17204], [-8.686748, 41.168641], [-8.698669, 41.168691], [-8.710574, 41.172252], [-8.718145, 41.177314], [-8.725014, 41.186339], [-8.726531, 41.19535], [-8.723721, 41.204351], [-8.714992, 41.213338], [-8.698435, 41.219756]]]]}}, {"id": "19", "type": "Feature", "properties": {"fill": "#4182f2", "value_min": 2.33, "value_max": -2.67}, "geometry": {"type": "MultiPolygon", "coordinates": [[[[-8.012377, 41.834074], [-8.001524, 41.821856], [-7.985327, 41.81392], [-7.973324, 41.811612], [-7.961289, 41.811338], [-7.93717, 41.813849], [-7.925056, 41.818277], [-7.913335, 41.830062], [-7.904146, 41.847988], [-7.902943, 41.860918], [-7.904017, 41.859794], [-7.905217, 41.860922], [-7.907309, 41.865203], [-7.906095, 41.868126], [-7.910299, 41.871285], [-7.910285, 41.875562], [-7.91479, 41.879171], [-7.918103, 41.879045], [-7.912091, 41.87292], [-7.908403, 41.866042], [-7.906402, 41.857016], [-7.907058, 41.848016], [-7.915639, 41.830084], [-7.925013, 41.820886], [-7.937143, 41.815481], [-7.961254, 41.813562], [-7.973283, 41.814156], [-7.985272, 41.817385], [-7.993764, 41.821788], [-8.003951, 41.830884], [-8.008031, 41.838796], [-8.012377, 41.834074]]], [[[-7.86566, 41.77263], [-7.880122, 41.766695], [-7.883507, 41.757722], [-7.87637, 41.748645], [-7.866151, 41.744759], [-7.854103, 41.745988], [-7.84897, 41.748374], [-7.84223, 41.757313], [-7.845244, 41.76635], [-7.853655, 41.771164], [-7.86566, 41.77263]], [[-7.853708, 41.768196], [-7.850577, 41.766404], [-7.846743, 41.757358], [-7.85404, 41.749519], [-7.866104, 41.747413], [-7.869157, 41.748574], [-7.879617, 41.757684], [-7.874792, 41.766643], [-7.865704, 41.770169], [-7.853708, 41.768196]]], [[[-8.076787, 41.696389], [-8.083277, 41.699225], [-8.095341, 41.695916], [-8.107062, 41.687621], [-8.115401, 41.678678], [-8.113842, 41.669659], [-8.107797, 41.664224], [-8.095871, 41.658105], [-8.08388, 41.656705], [-8.072344, 41.660325], [-8.062467, 41.669252], [-8.060045, 41.678239], [-8.06283, 41.687269], [-8.07133, 41.694223], [-8.076787, 41.696389]], [[-8.082969, 41.696438], [-8.071365, 41.691832], [-8.065815, 41.687293], [-8.062348, 41.678258], [-8.065132, 41.669273], [-8.071778, 41.663073], [-8.083851, 41.658746], [-8.095845, 41.659951], [-8.11148, 41.669641], [-8.113512, 41.678664], [-8.104742, 41.687603], [-8.095365, 41.694239], [-8.082969, 41.696438]]], [[[-8.337655, 41.504231], [-8.34965, 41.502957], [-8.354655, 41.500126], [-8.362714, 41.491163], [-8.362574, 41.482155], [-8.353902, 41.473099], [-8.349971, 41.470885], [-8.338009, 41.469505], [-8.32599, 41.473614], [-8.318764, 41.481904], [-8.318492, 41.49091], [-8.325717, 41.500027], [-8.337655, 41.504231]], [[-8.337699, 41.499926], [-8.324621, 41.490946], [-8.32503, 41.481941], [-8.337963, 41.47402], [-8.349921, 41.475804], [-8.356771, 41.482123], [-8.357081, 41.491132], [-8.349698, 41.49817], [-8.337699, 41.499926]]], [[[-8.698435, 41.219756], [-8.714992, 41.213338], [-8.723721, 41.204351], [-8.726531, 41.19535], [-8.725014, 41.186339], [-8.718145, 41.177314], [-8.710574, 41.172252], [-8.698669, 41.168691], [-8.686748, 41.168641], [-8.674811, 41.17204], [-8.662841, 41.181519], [-8.659934, 41.186165], [-8.657947, 41.195167], [-8.659922, 41.204181], [-8.667601, 41.213211], [-8.674587, 41.217264], [-8.686502, 41.220285], [-8.698435, 41.219756]], [[-8.686531, 41.214214], [-8.674627, 41.20925], [-8.669633, 41.204209], [-8.667464, 41.195195], [-8.671556, 41.186199], [-8.674756, 41.183171], [-8.686702, 41.178395], [-8.698622, 41.179019], [-8.711297, 41.186305], [-8.714885, 41.195322], [-8.712422, 41.204324], [-8.699279, 41.213298], [-8.686531, 41.214214]]]]}}, {"id": "17", "type": "Feature", "properties": {"fill": "#6ba5ec", "value_min": 1.67, "value_max": -2.0}, "geometry": {"type": "MultiPolygon", "coordinates": [[[[-8.028709, 41.82993], [-8.021699, 41.822029], [-8.009419, 41.813057], [-7.997464, 41.807665], [-7.985463, 41.805259], [-7.973428, 41.805103], [-7.937242, 41.809473], [-7.925144, 41.813059], [-7.912921, 41.823925], [-7.897525, 41.847925], [-7.893107, 41.859097], [-7.898213, 41.860458], [-7.905119, 41.838991], [-7.912862, 41.827379], [-7.9251, 41.815668], [-7.937198, 41.812183], [-7.96133, 41.808837], [-7.973376, 41.808358], [-7.985392, 41.809774], [-7.997368, 41.813824], [-8.009296, 41.821061], [-8.019246, 41.83138], [-8.028709, 41.82993]]], [[[-7.877655, 41.774759], [-7.889222, 41.766784], [-7.892081, 41.757805], [-7.887653, 41.748755], [-7.878217, 41.742511], [-7.866245, 41.739416], [-7.854214, 41.739744], [-7.842118, 41.743671], [-7.834907, 41.748232], [-7.83084, 41.757198], [-7.833108, 41.766228], [-7.841596, 41.77268], [-7.853554, 41.776821], [-7.865578, 41.777277], [-7.877655, 41.774759]], [[-7.887398, 41.757759], [-7.884671, 41.76674], [-7.877711, 41.771538], [-7.865617, 41.775092], [-7.853602, 41.774133], [-7.841682, 41.767921], [-7.839541, 41.766293], [-7.836584, 41.757256], [-7.842452, 41.748308], [-7.854158, 41.742866], [-7.866198, 41.742104], [-7.882227, 41.748702], [-7.887398, 41.757759]]], [[[-8.107422, 41.691311], [-8.11256, 41.687663], [-8.119182, 41.678707], [-8.118566, 41.669696], [-8.108741, 41.660613], [-8.095922, 41.654412], [-8.083938, 41.652625], [-8.071904, 41.654285], [-8.062955, 41.660248], [-8.056072, 41.669199], [-8.052345, 41.678176], [-8.053891, 41.687195], [-8.071223, 41.701663], [-8.083202, 41.704498], [-8.095267, 41.701196], [-8.107422, 41.691311]], [[-8.10745, 41.689288], [-8.095307, 41.698338], [-8.083239, 41.701862], [-8.071292, 41.696884], [-8.059843, 41.687244], [-8.056383, 41.678209], [-8.059805, 41.66923], [-8.06758, 41.660286], [-8.071859, 41.657434], [-8.083909, 41.654666], [-8.095896, 41.656258], [-8.107825, 41.662145], [-8.116203, 41.669677], [-8.117292, 41.678693], [-8.10745, 41.689288]]], [[[-8.361598, 41.506359], [-8.36806, 41.5002], [-8.372235, 41.491216], [-8.372248, 41.482208], [-8.368128, 41.473178], [-8.361982, 41.467265], [-8.350061, 41.461786], [-8.338101, 41.460451], [-8.326106, 41.462483], [-8.314064, 41.468872], [-8.309502, 41.472841], [-8.304902, 41.481821], [-8.304802, 41.490828], [-8.308931, 41.49986], [-8.313689, 41.504454], [-8.325599, 41.511323], [-8.337561, 41.513498], [-8.349558, 41.512091], [-8.361598, 41.506359]], [[-8.367475, 41.49119], [-8.361655, 41.500577], [-8.349607, 41.507288], [-8.337611, 41.508511], [-8.325659, 41.505545], [-8.317556, 41.499912], [-8.312085, 41.490872], [-8.312254, 41.481865], [-8.318327, 41.472894], [-8.326049, 41.468003], [-8.338052, 41.465192], [-8.350014, 41.466482], [-8.361923, 41.473229], [-8.367411, 41.482182], [-8.367475, 41.49119]]], [[[-8.641624, 41.194662], [-8.643834, 41.204132], [-8.648792, 41.213155], [-8.658455, 41.222192], [-8.674528, 41.229042], [-8.686453, 41.23065], [-8.698387, 41.230196], [-8.722278, 41.223693], [-8.738488, 41.213394], [-8.745787, 41.204402], [-8.749857, 41.195403], [-8.7509, 41.186398], [-8.749169, 41.177386], [-8.744441, 41.168368], [-8.734473, 41.158338], [-8.722582, 41.151658], [-8.710681, 41.147972], [-8.69877, 41.146524], [-8.686851, 41.147138], [-8.674225, 41.150319], [-8.674849, 41.153767], [-8.672489, 41.15648], [-8.661469, 41.156411], [-8.661173, 41.156631], [-8.662078, 41.158104], [-8.660313, 41.160813], [-8.657033, 41.160378], [-8.654961, 41.161963], [-8.653231, 41.169174], [-8.655366, 41.175467], [-8.647955, 41.180228], [-8.647696, 41.185181], [-8.641624, 41.194662]], [[-8.722309, 41.216392], [-8.710352, 41.222542], [-8.69841, 41.225225], [-8.686476, 41.225641], [-8.674556, 41.223527], [-8.662656, 41.21748], [-8.657645, 41.213182], [-8.651726, 41.204156], [-8.649594, 41.195142], [-8.650465, 41.186137], [-8.654674, 41.177141], [-8.662909, 41.168161], [-8.674863, 41.161563], [-8.686796, 41.158674], [-8.698716, 41.158351], [-8.710625, 41.160597], [-8.725615, 41.168324], [-8.734393, 41.178304], [-8.737601, 41.186368], [-8.737745, 41.195376], [-8.734342, 41.204376], [-8.722309, 41.216392]]]]}}, {"id": "20", "type": "Feature", "properties": {"fill": "#2e6eed", "value_min": 2.67, "value_max": -3.0}, "geometry": {"type": "MultiPolygon", "coordinates": [[[[-8.008031, 41.838796], [-8.003951, 41.830884], [-7.993764, 41.821788], [-7.985272, 41.817385], [-7.973283, 41.814156], [-7.961254, 41.813562], [-7.937143, 41.815481], [-7.925013, 41.820886], [-7.915639, 41.830084], [-7.907058, 41.848016], [-7.906402, 41.857016], [-7.908403, 41.866042], [-7.912091, 41.87292], [-7.918103, 41.879045], [-7.92404, 41.878063], [-7.91342, 41.86609], [-7.910136, 41.857052], [-7.909969, 41.848044], [-7.917944, 41.830106], [-7.924974, 41.823231], [-7.937116, 41.817112], [-7.961221, 41.815546], [-7.973248, 41.816391], [-7.985217, 41.820849], [-7.997758, 41.83083], [-8.00333, 41.839885], [-8.004684, 41.84757], [-8.008031, 41.838796]]], [[[-7.853708, 41.768196], [-7.865704, 41.770169], [-7.874792, 41.766643], [-7.879617, 41.757684], [-7.869157, 41.748574], [-7.866104, 41.747413], [-7.85404, 41.749519], [-7.846743, 41.757358], [-7.850577, 41.766404], [-7.853708, 41.768196]], [[-7.859331, 41.766491], [-7.853805, 41.762744], [-7.851256, 41.757404], [-7.853951, 41.754508], [-7.866045, 41.750775], [-7.874981, 41.757638], [-7.868647, 41.766583], [-7.865747, 41.767708], [-7.859331, 41.766491]]], [[[-8.082969, 41.696438], [-8.095365, 41.694239], [-8.104742, 41.687603], [-8.113512, 41.678664], [-8.11148, 41.669641], [-8.095845, 41.659951], [-8.083851, 41.658746], [-8.071778, 41.663073], [-8.065132, 41.669273], [-8.062348, 41.678258], [-8.065815, 41.687293], [-8.071365, 41.691832], [-8.082969, 41.696438]], [[-8.083347, 41.694286], [-8.068802, 41.687317], [-8.06465, 41.678276], [-8.067794, 41.669295], [-8.071742, 41.665612], [-8.08382, 41.66093], [-8.095813, 41.662208], [-8.109118, 41.669623], [-8.111621, 41.678649], [-8.095388, 41.692562], [-8.083347, 41.694286]]], [[[-8.337699, 41.499926], [-8.349698, 41.49817], [-8.357081, 41.491132], [-8.356771, 41.482123], [-8.349921, 41.475804], [-8.337963, 41.47402], [-8.32503, 41.481941], [-8.324621, 41.490946], [-8.337699, 41.499926]], [[-8.337756, 41.494288], [-8.332782, 41.490994], [-8.333569, 41.481991], [-8.337908, 41.479408], [-8.349867, 41.481236], [-8.351225, 41.491099], [-8.349754, 41.492501], [-8.337756, 41.494288]]], [[[-8.686531, 41.214214], [-8.699279, 41.213298], [-8.712422, 41.204324], [-8.714885, 41.195322], [-8.711297, 41.186305], [-8.698622, 41.179019], [-8.686702, 41.178395], [-8.674756, 41.183171], [-8.671556, 41.186199], [-8.667464, 41.195195], [-8.669633, 41.204209], [-8.674627, 41.20925], [-8.686531, 41.214214]], [[-8.685849, 41.204254], [-8.68251, 41.195237], [-8.686638, 41.191772], [-8.698551, 41.194315], [-8.698534, 41.19802], [-8.689507, 41.204264], [-8.685849, 41.204254]]]]}}, {"id": "16", "type": "Feature", "properties": {"fill": "#80a4d0", "value_min": 1.33, "value_max": -1.67}, "geometry": {"type": "MultiPolygon", "coordinates": [[[[-8.040989, 41.828023], [-8.033403, 41.819365], [-8.021503, 41.810107], [-8.009555, 41.804254], [-7.997576, 41.80048], [-7.98556, 41.799156], [-7.973503, 41.800399], [-7.963885, 41.803509], [-7.937287, 41.806762], [-7.925208, 41.809221], [-7.912983, 41.820227], [-7.888976, 41.856405], [-7.893107, 41.859097], [-7.897525, 41.847925], [-7.912921, 41.823925], [-7.925144, 41.813059], [-7.937242, 41.809473], [-7.973428, 41.805103], [-7.985463, 41.805259], [-7.997464, 41.807665], [-8.009419, 41.813057], [-8.021699, 41.822029], [-8.028709, 41.82993], [-8.037134, 41.831171], [-8.040989, 41.828023]]], [[[-7.865541, 41.779398], [-7.883913, 41.775739], [-7.896045, 41.76685], [-7.898331, 41.757865], [-7.894692, 41.748823], [-7.88029, 41.739676], [-7.866309, 41.735786], [-7.854278, 41.736113], [-7.84039, 41.739281], [-7.825992, 41.748141], [-7.822439, 41.757112], [-7.825126, 41.766146], [-7.83657, 41.775269], [-7.841519, 41.776948], [-7.85351, 41.779288], [-7.865541, 41.779398]], [[-7.877655, 41.774759], [-7.865578, 41.777277], [-7.853554, 41.776821], [-7.841596, 41.77268], [-7.833108, 41.766228], [-7.83084, 41.757198], [-7.834907, 41.748232], [-7.842118, 41.743671], [-7.854214, 41.739744], [-7.866245, 41.739416], [-7.878217, 41.742511], [-7.887653, 41.748755], [-7.892081, 41.757805], [-7.889222, 41.766784], [-7.877655, 41.774759]]], [[[-8.071135, 41.707841], [-8.083133, 41.709346], [-8.095227, 41.704053], [-8.102751, 41.696594], [-8.115351, 41.687685], [-8.122841, 41.678735], [-8.121767, 41.66972], [-8.112178, 41.660639], [-8.095948, 41.652566], [-8.083975, 41.650011], [-8.071951, 41.651044], [-8.059839, 41.65813], [-8.048307, 41.678142], [-8.047445, 41.687142], [-8.054605, 41.696208], [-8.071135, 41.707841]], [[-8.107422, 41.691311], [-8.095267, 41.701196], [-8.083202, 41.704498], [-8.071223, 41.701663], [-8.053891, 41.687195], [-8.052345, 41.678176], [-8.056072, 41.669199], [-8.062955, 41.660248], [-8.071904, 41.654285], [-8.083938, 41.652625], [-8.095922, 41.654412], [-8.108741, 41.660613], [-8.118566, 41.669696], [-8.119182, 41.678707], [-8.11256, 41.687663], [-8.107422, 41.691311]]], [[[-8.330367, 41.518002], [-8.337507, 41.51878], [-8.349507, 41.517236], [-8.361538, 41.512471], [-8.373634, 41.500863], [-8.377861, 41.491246], [-8.377942, 41.482239], [-8.373908, 41.472384], [-8.362042, 41.461101], [-8.350112, 41.456734], [-8.338151, 41.455549], [-8.326165, 41.456723], [-8.314148, 41.460871], [-8.308876, 41.46383], [-8.299602, 41.472782], [-8.295396, 41.481763], [-8.295177, 41.490769], [-8.298746, 41.499799], [-8.306766, 41.508855], [-8.313595, 41.513284], [-8.330367, 41.518002]], [[-8.361598, 41.506359], [-8.349558, 41.512091], [-8.337561, 41.513498], [-8.325599, 41.511323], [-8.313689, 41.504454], [-8.308931, 41.49986], [-8.304802, 41.490828], [-8.304902, 41.481821], [-8.309502, 41.472841], [-8.314064, 41.468872], [-8.326106, 41.462483], [-8.338101, 41.460451], [-8.350061, 41.461786], [-8.361982, 41.467265], [-8.368128, 41.473178], [-8.372248, 41.482208], [-8.372235, 41.491216], [-8.36806, 41.5002], [-8.361598, 41.506359]]], [[[-8.632741, 41.189074], [-8.635763, 41.204107], [-8.640201, 41.213129], [-8.650688, 41.224765], [-8.662226, 41.231211], [-8.674501, 41.234569], [-8.686429, 41.235574], [-8.710306, 41.233063], [-8.722253, 41.229743], [-8.739206, 41.222403], [-8.751644, 41.213423], [-8.759264, 41.204431], [-8.764152, 41.195433], [-8.766229, 41.177422], [-8.763919, 41.168409], [-8.758311, 41.158477], [-8.744367, 41.145288], [-8.67527, 41.147484], [-8.676193, 41.146567], [-8.674793, 41.146932], [-8.674204, 41.147693], [-8.674225, 41.150319], [-8.686851, 41.147138], [-8.69877, 41.146524], [-8.710681, 41.147972], [-8.722582, 41.151658], [-8.734473, 41.158338], [-8.744441, 41.168368], [-8.749169, 41.177386], [-8.7509, 41.186398], [-8.749857, 41.195403], [-8.745787, 41.204402], [-8.738488, 41.213394], [-8.722278, 41.223693], [-8.698387, 41.230196], [-8.686453, 41.23065], [-8.674528, 41.229042], [-8.658455, 41.222192], [-8.648792, 41.213155], [-8.643834, 41.204132], [-8.641624, 41.194662], [-8.640929, 41.196241], [-8.638841, 41.196025], [-8.638231, 41.194227], [-8.634946, 41.193341], [-8.632741, 41.189074]]], [[[-8.661173, 41.156631], [-8.661173, 41.156631], [-8.661469, 41.156411], [-8.661173, 41.156631]]]]}}, {"id": "8", "type": "Feature", "properties": {"fill": "#b1a288", "value_min": -1.33, "value_max": -1.0}, "geometry": {"type": "MultiPolygon", "coordinates": [[[[-7.888784, 41.82702], [-7.893976, 41.82087], [-7.897028, 41.811893], [-7.894418, 41.802861], [-7.889284, 41.798095], [-7.877328, 41.7935], [-7.865296, 41.793312], [-7.853204, 41.796436], [-7.842596, 41.802351], [-7.836428, 41.811295], [-7.836736, 41.820305], [-7.843531, 41.82938], [-7.852525, 41.834523], [-7.864534, 41.836458], [-7.876612, 41.834466], [-7.888784, 41.82702]], [[-7.864589, 41.833346], [-7.851433, 41.82946], [-7.842539, 41.820364], [-7.841761, 41.811349], [-7.847255, 41.802398], [-7.853157, 41.799107], [-7.865262, 41.795238], [-7.877294, 41.795431], [-7.891163, 41.80283], [-7.894561, 41.811869], [-7.888838, 41.823905], [-7.876661, 41.83166], [-7.864589, 41.833346]]], [[[-8.4449, 41.706486], [-8.431793, 41.700447], [-8.419786, 41.699183], [-8.407746, 41.701549], [-8.394373, 41.707508], [-8.383559, 41.717202], [-8.371471, 41.724046], [-8.359478, 41.72106], [-8.311657, 41.695882], [-8.263766, 41.680199], [-8.239876, 41.668339], [-8.227907, 41.664717], [-8.21591, 41.663516], [-8.203882, 41.664826], [-8.191791, 41.671212], [-8.184415, 41.679189], [-8.179914, 41.688164], [-8.178476, 41.697161], [-8.181167, 41.706187], [-8.190643, 41.715261], [-8.208037, 41.724389], [-8.218205, 41.733466], [-8.224107, 41.769534], [-8.227426, 41.778563], [-8.235943, 41.791592], [-8.240744, 41.791588], [-8.24074, 41.789338], [-8.247217, 41.785729], [-8.238614, 41.775334], [-8.232588, 41.760584], [-8.233045, 41.724559], [-8.227253, 41.719359], [-8.203269, 41.714514], [-8.190262, 41.706251], [-8.185807, 41.697213], [-8.187668, 41.688219], [-8.191643, 41.683004], [-8.203751, 41.675488], [-8.215779, 41.674299], [-8.232255, 41.679518], [-8.24317, 41.688598], [-8.251515, 41.700618], [-8.263515, 41.702176], [-8.287554, 41.702032], [-8.31153, 41.707851], [-8.323491, 41.713375], [-8.340481, 41.725226], [-8.352203, 41.739617], [-8.357897, 41.735103], [-8.362407, 41.735994], [-8.368703, 41.73193], [-8.374122, 41.734845], [-8.384922, 41.73032], [-8.387032, 41.731891], [-8.393033, 41.729852], [-8.396942, 41.730518], [-8.400531, 41.726683], [-8.402934, 41.726452], [-8.404721, 41.722847], [-8.413744, 41.725076], [-8.417349, 41.725067], [-8.418845, 41.723612], [-8.410108, 41.716597], [-8.419654, 41.713826], [-8.424144, 41.716668], [-8.420951, 41.721907], [-8.429643, 41.719859], [-8.430533, 41.717381], [-8.435927, 41.714441], [-8.441333, 41.714201], [-8.4449, 41.706486]]], [[[-8.420941, 41.721924], [-8.420941, 41.721924], [-8.420813, 41.722132], [-8.420941, 41.721924]]], [[[-8.150666, 41.705965], [-8.143325, 41.702396], [-8.131294, 41.703341], [-8.12836, 41.705798], [-8.125717, 41.714785], [-8.131061, 41.720601], [-8.143087, 41.72033], [-8.151003, 41.714975], [-8.150666, 41.705965]], [[-8.129927, 41.714817], [-8.131249, 41.706675], [-8.141644, 41.714905], [-8.131122, 41.716117], [-8.129927, 41.714817]]], [[[-8.180106, 41.645297], [-8.185088, 41.634158], [-8.183063, 41.625136], [-8.176996, 41.616086], [-8.168555, 41.609776], [-8.156619, 41.604745], [-8.14464, 41.603108], [-8.132611, 41.60521], [-8.12052, 41.61189], [-8.110671, 41.624599], [-8.107081, 41.633579], [-8.110123, 41.642609], [-8.119996, 41.650456], [-8.131934, 41.655753], [-8.143918, 41.657649], [-8.155936, 41.657118], [-8.17275, 41.652084], [-8.180106, 41.645297]], [[-8.143956, 41.654801], [-8.131963, 41.653561], [-8.120024, 41.648336], [-8.112843, 41.64263], [-8.109966, 41.633601], [-8.113644, 41.624622], [-8.120451, 41.61696], [-8.132548, 41.609906], [-8.144565, 41.6088], [-8.156531, 41.611511], [-8.164288, 41.615994], [-8.172253, 41.625059], [-8.174151, 41.63408], [-8.168105, 41.644749], [-8.157086, 41.65197], [-8.143956, 41.654801]]], [[[-8.58063, 41.615701], [-8.586277, 41.60928], [-8.590123, 41.600287], [-8.591196, 41.591283], [-8.589598, 41.58227], [-8.586231, 41.573251], [-8.573692, 41.555191], [-8.553103, 41.537675], [-8.541154, 41.532147], [-8.529184, 41.529767], [-8.517198, 41.529532], [-8.493199, 41.532865], [-8.481213, 41.532646], [-8.457293, 41.526125], [-8.445292, 41.52791], [-8.432442, 41.536566], [-8.429076, 41.545556], [-8.433047, 41.557522], [-8.449574, 41.572678], [-8.465898, 41.59077], [-8.492572, 41.612994], [-8.504515, 41.620768], [-8.516478, 41.626208], [-8.535433, 41.630516], [-8.543431, 41.61462], [-8.554533, 41.615255], [-8.557244, 41.617046], [-8.562639, 41.61635], [-8.567756, 41.619032], [-8.570735, 41.616095], [-8.576721, 41.614271], [-8.58063, 41.615701]], [[-8.540565, 41.615314], [-8.528557, 41.616055], [-8.516566, 41.614477], [-8.504596, 41.610126], [-8.488023, 41.599878], [-8.478486, 41.590827], [-8.472643, 41.581793], [-8.470899, 41.572778], [-8.472185, 41.563777], [-8.478987, 41.554801], [-8.493089, 41.546958], [-8.505112, 41.542597], [-8.517118, 41.540376], [-8.529106, 41.540461], [-8.541075, 41.54328], [-8.553021, 41.549529], [-8.559842, 41.555138], [-8.567276, 41.564174], [-8.571822, 41.573198], [-8.573445, 41.582212], [-8.57229, 41.591215], [-8.567495, 41.600204], [-8.556996, 41.609171], [-8.540565, 41.615314]], [[-8.445139, 41.545766], [-8.457191, 41.538375], [-8.462768, 41.545719], [-8.457093, 41.550095], [-8.445139, 41.545766]]], [[[-8.311995, 41.330879], [-8.302545, 41.346694], [-8.299726, 41.364692], [-8.303968, 41.382733], [-8.309317, 41.391773], [-8.319423, 41.400841], [-8.338617, 41.409605], [-8.350555, 41.412321], [-8.374479, 41.412973], [-8.398462, 41.40722], [-8.410205, 41.401342], [-8.421624, 41.392392], [-8.428913, 41.383421], [-8.432703, 41.374432], [-8.433667, 41.356422], [-8.431121, 41.347402], [-8.425979, 41.338369], [-8.411179, 41.323861], [-8.398104, 41.316583], [-8.393775, 41.31997], [-8.393489, 41.323122], [-8.391105, 41.324253], [-8.386325, 41.323588], [-8.383948, 41.326644], [-8.399144, 41.333227], [-8.414109, 41.347316], [-8.418684, 41.356347], [-8.420304, 41.365363], [-8.419436, 41.374366], [-8.415769, 41.383355], [-8.408313, 41.392325], [-8.394987, 41.401263], [-8.374531, 41.407548], [-8.362559, 41.408289], [-8.350606, 41.407192], [-8.338674, 41.403962], [-8.326775, 41.397732], [-8.31952, 41.391834], [-8.313273, 41.382789], [-8.310134, 41.373763], [-8.309623, 41.364752], [-8.315338, 41.347599], [-8.321876, 41.339669], [-8.316788, 41.335876], [-8.313802, 41.336331], [-8.311995, 41.330879]]], [[[-8.745765, 41.320317], [-8.755143, 41.312516], [-8.759568, 41.303518], [-8.759528, 41.29451], [-8.755103, 41.285493], [-8.74389, 41.276461], [-8.73401, 41.272811], [-8.722078, 41.270932], [-8.710136, 41.271616], [-8.695186, 41.276342], [-8.684293, 41.285321], [-8.680673, 41.294318], [-8.681898, 41.30333], [-8.688094, 41.312354], [-8.697974, 41.319709], [-8.709902, 41.324447], [-8.721844, 41.326076], [-8.733798, 41.32492], [-8.745765, 41.320317]], [[-8.70995, 41.313595], [-8.698035, 41.30658], [-8.695296, 41.303366], [-8.693511, 41.294353], [-8.698331, 41.285358], [-8.710098, 41.280051], [-8.722041, 41.279549], [-8.736459, 41.285452], [-8.741887, 41.294472], [-8.740417, 41.303476], [-8.733858, 41.31011], [-8.728936, 41.312458], [-8.721893, 41.314417], [-8.70995, 41.313595]]]]}}, {"id": "9", "type": "Feature", "properties": {"fill": "#a3a3a3", "value_min": -1.0, "value_max": -0.67}, "geometry": {"type": "MultiPolygon", "coordinates": [[[[-8.466698, 41.690947], [-8.443924, 41.687384], [-8.431907, 41.687507], [-8.407828, 41.692561], [-8.383712, 41.701184], [-8.371668, 41.703855], [-8.359656, 41.703089], [-8.347679, 41.698964], [-8.335726, 41.692568], [-8.287974, 41.66396], [-8.264065, 41.653977], [-8.216215, 41.63834], [-8.204352, 41.626659], [-8.196597, 41.616225], [-8.180628, 41.604097], [-8.168695, 41.59885], [-8.156732, 41.596017], [-8.14474, 41.595549], [-8.132707, 41.598079], [-8.120613, 41.605062], [-8.107173, 41.624572], [-8.102798, 41.633545], [-8.106999, 41.642585], [-8.118479, 41.651681], [-8.131904, 41.657946], [-8.167837, 41.66556], [-8.173153, 41.670101], [-8.172238, 41.679102], [-8.165758, 41.697069], [-8.15537, 41.700438], [-8.143379, 41.698305], [-8.131328, 41.700785], [-8.125369, 41.705776], [-8.121506, 41.714753], [-8.130989, 41.725979], [-8.143, 41.726852], [-8.166333, 41.715087], [-8.167222, 41.713318], [-8.168817, 41.715105], [-8.179178, 41.718362], [-8.20122, 41.733349], [-8.20668, 41.742394], [-8.210123, 41.778445], [-8.217592, 41.795991], [-8.217589, 41.793634], [-8.224207, 41.794303], [-8.229917, 41.791598], [-8.235943, 41.791592], [-8.227426, 41.778563], [-8.224107, 41.769534], [-8.218205, 41.733466], [-8.208037, 41.724389], [-8.190643, 41.715261], [-8.181167, 41.706187], [-8.178476, 41.697161], [-8.179914, 41.688164], [-8.184415, 41.679189], [-8.191791, 41.671212], [-8.203882, 41.664826], [-8.21591, 41.663516], [-8.227907, 41.664717], [-8.239876, 41.668339], [-8.263766, 41.680199], [-8.311657, 41.695882], [-8.359478, 41.72106], [-8.371471, 41.724046], [-8.383559, 41.717202], [-8.394373, 41.707508], [-8.407746, 41.701549], [-8.419786, 41.699183], [-8.431793, 41.700447], [-8.4449, 41.706486], [-8.453868, 41.697961], [-8.453255, 41.695487], [-8.461659, 41.694563], [-8.466698, 41.690947]], [[-8.150666, 41.705965], [-8.151003, 41.714975], [-8.143087, 41.72033], [-8.131061, 41.720601], [-8.125717, 41.714785], [-8.12836, 41.705798], [-8.131294, 41.703341], [-8.143325, 41.702396], [-8.150666, 41.705965]], [[-8.180106, 41.645297], [-8.17275, 41.652084], [-8.155936, 41.657118], [-8.143918, 41.657649], [-8.131934, 41.655753], [-8.119996, 41.650456], [-8.110123, 41.642609], [-8.107081, 41.633579], [-8.110671, 41.624599], [-8.12052, 41.61189], [-8.132611, 41.60521], [-8.14464, 41.603108], [-8.156619, 41.604745], [-8.168555, 41.609776], [-8.176996, 41.616086], [-8.183063, 41.625136], [-8.185088, 41.634158], [-8.180106, 41.645297]]], [[[-7.876563, 41.837272], [-7.88873, 41.830144], [-7.896529, 41.820895], [-7.899494, 41.811917], [-7.897672, 41.802892], [-7.889335, 41.795152], [-7.877365, 41.791398], [-7.86533, 41.791395], [-7.853252, 41.793765], [-7.836363, 41.802288], [-7.830684, 41.811237], [-7.830306, 41.82024], [-7.834848, 41.829293], [-7.840492, 41.83395], [-7.852444, 41.839032], [-7.864472, 41.839942], [-7.876563, 41.837272]], [[-7.888784, 41.82702], [-7.876612, 41.834466], [-7.864534, 41.836458], [-7.852525, 41.834523], [-7.843531, 41.82938], [-7.836736, 41.820305], [-7.836428, 41.811295], [-7.842596, 41.802351], [-7.853204, 41.796436], [-7.865296, 41.793312], [-7.877328, 41.7935], [-7.889284, 41.798095], [-7.894418, 41.802861], [-7.897028, 41.811893], [-7.893976, 41.82087], [-7.888784, 41.82702]]], [[[-8.010711, 41.729013], [-8.005013, 41.731817], [-8.010546, 41.739805], [-8.01605, 41.731912], [-8.010711, 41.729013]]], [[[-8.629922, 41.603698], [-8.617667, 41.582367], [-8.565157, 41.527815], [-8.553232, 41.51892], [-8.505443, 41.499137], [-8.493487, 41.495898], [-8.481504, 41.496271], [-8.470617, 41.500718], [-8.457417, 41.511284], [-8.433348, 41.523039], [-8.421271, 41.533243], [-8.414407, 41.545482], [-8.413455, 41.554485], [-8.415171, 41.563501], [-8.419919, 41.572532], [-8.428816, 41.581584], [-8.468634, 41.604969], [-8.483644, 41.617872], [-8.504342, 41.643341], [-8.521463, 41.659938], [-8.522103, 41.658811], [-8.525706, 41.659023], [-8.527769, 41.652714], [-8.534066, 41.652017], [-8.537355, 41.64998], [-8.537634, 41.646602], [-8.543876, 41.637352], [-8.543855, 41.633976], [-8.536342, 41.631977], [-8.535433, 41.630516], [-8.516478, 41.626208], [-8.504515, 41.620768], [-8.492572, 41.612994], [-8.465898, 41.59077], [-8.449574, 41.572678], [-8.433047, 41.557522], [-8.429076, 41.545556], [-8.432442, 41.536566], [-8.445292, 41.52791], [-8.457293, 41.526125], [-8.481213, 41.532646], [-8.493199, 41.532865], [-8.517198, 41.529532], [-8.529184, 41.529767], [-8.541154, 41.532147], [-8.553103, 41.537675], [-8.573692, 41.555191], [-8.586231, 41.573251], [-8.589598, 41.58227], [-8.591196, 41.591283], [-8.590123, 41.600287], [-8.586277, 41.60928], [-8.58063, 41.615701], [-8.585766, 41.620988], [-8.591462, 41.620515], [-8.596534, 41.616668], [-8.601628, 41.615972], [-8.603996, 41.611686], [-8.609369, 41.608287], [-8.614156, 41.606692], [-8.619881, 41.610269], [-8.621338, 41.604636], [-8.629922, 41.603698]]], [[[-8.29673, 41.316972], [-8.290259, 41.328604], [-8.287554, 41.337595], [-8.28639, 41.355603], [-8.289275, 41.373636], [-8.296887, 41.391698], [-8.305381, 41.400757], [-8.314716, 41.406926], [-8.338554, 41.4158], [-8.362456, 41.418849], [-8.386398, 41.41783], [-8.410384, 41.411911], [-8.431365, 41.401449], [-8.442022, 41.392493], [-8.453291, 41.374532], [-8.455961, 41.356529], [-8.452022, 41.338495], [-8.440746, 41.320426], [-8.431532, 41.311373], [-8.416982, 41.301305], [-8.407744, 41.304856], [-8.406262, 41.307335], [-8.402979, 41.307568], [-8.401801, 41.311398], [-8.399712, 41.311628], [-8.400316, 41.313202], [-8.396738, 41.314336], [-8.398104, 41.316583], [-8.411179, 41.323861], [-8.425979, 41.338369], [-8.431121, 41.347402], [-8.433667, 41.356422], [-8.432703, 41.374432], [-8.428913, 41.383421], [-8.421624, 41.392392], [-8.410205, 41.401342], [-8.398462, 41.40722], [-8.374479, 41.412973], [-8.350555, 41.412321], [-8.338617, 41.409605], [-8.319423, 41.400841], [-8.309317, 41.391773], [-8.303968, 41.382733], [-8.299726, 41.364692], [-8.302545, 41.346694], [-8.311995, 41.330879], [-8.31139, 41.328007], [-8.307502, 41.325762], [-8.305116, 41.326891], [-8.303024, 41.325994], [-8.303615, 41.323742], [-8.301216, 41.319694], [-8.29673, 41.316972]]], [[[-8.745694, 41.338688], [-8.757658, 41.335313], [-8.766533, 41.330555], [-8.776472, 41.321568], [-8.781114, 41.312569], [-8.782555, 41.303564], [-8.780918, 41.294553], [-8.776231, 41.285536], [-8.766713, 41.276509], [-8.757894, 41.271666], [-8.747847, 41.267462], [-8.734043, 41.264658], [-8.710166, 41.264817], [-8.697848, 41.267341], [-8.686253, 41.272275], [-8.679173, 41.276299], [-8.67061, 41.285282], [-8.667444, 41.294281], [-8.668563, 41.303292], [-8.673874, 41.312315], [-8.686007, 41.323765], [-8.70985, 41.33606], [-8.733738, 41.339695], [-8.745694, 41.338688]], [[-8.745765, 41.320317], [-8.733798, 41.32492], [-8.721844, 41.326076], [-8.709902, 41.324447], [-8.697974, 41.319709], [-8.688094, 41.312354], [-8.681898, 41.30333], [-8.680673, 41.294318], [-8.684293, 41.285321], [-8.695186, 41.276342], [-8.710136, 41.271616], [-8.722078, 41.270932], [-8.73401, 41.272811], [-8.74389, 41.276461], [-8.755103, 41.285493], [-8.759528, 41.29451], [-8.759568, 41.303518], [-8.755143, 41.312516], [-8.745765, 41.320317]]]]}}, {"id": "12", "type": "Feature", "properties": {"fill": "#a3a3a3", "value_min": 0.0, "value_max": -0.33}, "geometry": {"type": "MultiPolygon", "coordinates": [[[[-8.158514, 41.818377], [-8.118667, 41.747819], [-8.110377, 41.723675], [-8.111028, 41.714673], [-8.127393, 41.696784], [-8.1411, 41.68788], [-8.147004, 41.678917], [-8.142745, 41.669878], [-8.111272, 41.651625], [-8.098401, 41.642518], [-8.096156, 41.63766], [-8.090976, 41.633452], [-8.100048, 41.615509], [-8.096681, 41.600065], [-8.093551, 41.597444], [-8.09256, 41.588429], [-8.10117, 41.57949], [-8.109012, 41.575977], [-8.133097, 41.56893], [-8.157136, 41.565025], [-8.181113, 41.565738], [-8.240927, 41.578779], [-8.264886, 41.581687], [-8.30088, 41.581182], [-8.324919, 41.576789], [-8.34901, 41.566807], [-8.36108, 41.559082], [-8.373168, 41.549185], [-8.409466, 41.513213], [-8.433535, 41.501582], [-8.445584, 41.493694], [-8.454256, 41.482627], [-8.456694, 41.473631], [-8.455915, 41.46462], [-8.451182, 41.45559], [-8.445951, 41.45052], [-8.434034, 41.44422], [-8.402163, 41.437331], [-8.302568, 41.424074], [-8.278701, 41.418608], [-8.255034, 41.409449], [-8.243909, 41.400369], [-8.243224, 41.381672], [-8.235554, 41.370643], [-8.224854, 41.370878], [-8.21738, 41.368182], [-8.214399, 41.373587], [-8.208127, 41.376968], [-8.199163, 41.377423], [-8.194677, 41.374275], [-8.191691, 41.376302], [-8.189299, 41.375403], [-8.184818, 41.376756], [-8.168382, 41.377438], [-8.164499, 41.38059], [-8.152544, 41.375866], [-8.151049, 41.37339], [-8.145073, 41.374742], [-8.139694, 41.377894], [-8.133418, 41.374292], [-8.119672, 41.376768], [-8.119672, 41.378569], [-8.116683, 41.380144], [-8.117578, 41.386447], [-8.113992, 41.386896], [-8.112795, 41.390723], [-8.110105, 41.390947], [-8.108011, 41.393648], [-8.103827, 41.392972], [-8.105321, 41.394998], [-8.10263, 41.396123], [-8.10801, 41.398825], [-8.108606, 41.403102], [-8.104419, 41.406252], [-8.104119, 41.408728], [-8.101727, 41.409403], [-8.102025, 41.411204], [-8.092756, 41.411201], [-8.09126, 41.414352], [-8.079893, 41.41975], [-8.077503, 41.416597], [-8.070923, 41.41862], [-8.066739, 41.416142], [-8.061654, 41.417489], [-8.059852, 41.424916], [-8.055959, 41.429415], [-8.05745, 41.432793], [-8.056549, 41.436394], [-8.057743, 41.438645], [-8.061033, 41.438872], [-8.063424, 41.4409], [-8.064916, 41.444052], [-8.068505, 41.444729], [-8.069999, 41.447206], [-8.068796, 41.453336], [-8.08686, 41.445284], [-8.110851, 41.44172], [-8.134755, 41.444487], [-8.158615, 41.450888], [-8.170565, 41.452633], [-8.182542, 41.452234], [-8.242516, 41.442641], [-8.290225, 41.436694], [-8.314415, 41.435575], [-8.338344, 41.436525], [-8.362251, 41.439771], [-8.384732, 41.446246], [-8.401379, 41.455341], [-8.409925, 41.462662], [-8.4338, 41.471115], [-8.438434, 41.482551], [-8.433644, 41.489043], [-8.427747, 41.491505], [-8.409638, 41.49424], [-8.385424, 41.521131], [-8.373337, 41.531635], [-8.361275, 41.539288], [-8.337202, 41.548664], [-8.325185, 41.551221], [-8.277171, 41.555764], [-8.241205, 41.555053], [-8.217285, 41.549836], [-8.16957, 41.530515], [-8.15757, 41.531561], [-8.137227, 41.543737], [-8.121355, 41.550341], [-8.109327, 41.553073], [-8.097327, 41.553719], [-8.080987, 41.551305], [-8.074097, 41.549848], [-8.072896, 41.552098], [-8.075891, 41.554575], [-8.076188, 41.557276], [-8.080082, 41.558854], [-8.081576, 41.565157], [-8.078879, 41.56493], [-8.075279, 41.568305], [-8.073182, 41.568079], [-8.069283, 41.570553], [-8.068081, 41.573478], [-8.056684, 41.579549], [-8.052181, 41.584498], [-8.052777, 41.587649], [-8.048277, 41.590122], [-8.047974, 41.592373], [-8.031467, 41.602938], [-8.02367, 41.603156], [-8.019174, 41.601802], [-8.015872, 41.603824], [-8.013474, 41.603372], [-8.005971, 41.60629], [-8.003562, 41.611239], [-7.998761, 41.612809], [-7.999669, 41.608759], [-7.996976, 41.605829], [-7.996684, 41.602003], [-7.984685, 41.603564], [-7.982292, 41.60086], [-7.975689, 41.603552], [-7.974482, 41.606701], [-7.971182, 41.607147], [-7.968193, 41.603316], [-7.961343, 41.602631], [-7.972363, 41.614439], [-7.974305, 41.623463], [-7.971791, 41.641455], [-7.972372, 41.650467], [-7.976016, 41.659507], [-7.981967, 41.668567], [-7.999491, 41.677235], [-8.011482, 41.6787], [-8.023521, 41.677098], [-8.035615, 41.671708], [-8.043298, 41.660087], [-8.043782, 41.651084], [-8.039084, 41.63303], [-8.048303, 41.62589], [-8.060285, 41.627416], [-8.084167, 41.636416], [-8.091687, 41.642465], [-8.123584, 41.660727], [-8.135506, 41.669824], [-8.138368, 41.678853], [-8.131129, 41.687805], [-8.118547, 41.696716], [-8.107155, 41.710656], [-8.087395, 41.759522], [-8.087635, 41.768531], [-8.090865, 41.777563], [-8.111673, 41.811851], [-8.118391, 41.812077], [-8.123807, 41.808702], [-8.138247, 41.808477], [-8.139751, 41.813203], [-8.14276, 41.812978], [-8.144866, 41.815228], [-8.149078, 41.814777], [-8.153291, 41.817703], [-8.158514, 41.818377]], [[-8.03574, 41.663357], [-8.023616, 41.670775], [-8.013765, 41.668844], [-8.004973, 41.659761], [-8.008645, 41.650786], [-8.011947, 41.648339], [-8.023996, 41.645633], [-8.035894, 41.652999], [-8.037651, 41.660039], [-8.03574, 41.663357]]], [[[-7.961032, 41.602406], [-7.961032, 41.602406], [-7.961297, 41.602598], [-7.961032, 41.602406]]], [[[-7.757483, 41.896218], [-7.77257, 41.891714], [-7.772733, 41.891646], [-7.772872, 41.891587], [-7.779227, 41.886264], [-7.785257, 41.885157], [-7.789569, 41.882469], [-7.796583, 41.877538], [-7.794954, 41.873932], [-7.801343, 41.874176], [-7.804297, 41.872502], [-7.804914, 41.869459], [-7.809124, 41.870614], [-7.815777, 41.868012], [-7.852066, 41.860179], [-7.870327, 41.852279], [-7.873043, 41.850501], [-7.873063, 41.8457], [-7.864312, 41.848999], [-7.852227, 41.851186], [-7.84019, 41.850661], [-7.82821, 41.847032], [-7.81631, 41.839136], [-7.808571, 41.829023], [-7.806983, 41.82], [-7.809064, 41.811015], [-7.817354, 41.802094], [-7.833702, 41.793254], [-7.865397, 41.787561], [-7.877438, 41.787193], [-7.889446, 41.788745], [-7.899367, 41.793902], [-7.9056, 41.802968], [-7.905509, 41.811974], [-7.90168, 41.820944], [-7.888619, 41.836558], [-7.874241, 41.845327], [-7.876565, 41.848934], [-7.888558, 41.840132], [-7.897938, 41.829915], [-7.908775, 41.812005], [-7.910424, 41.803014], [-7.908142, 41.793986], [-7.90148, 41.788796], [-7.889502, 41.785465], [-7.877475, 41.785091], [-7.841323, 41.787818], [-7.805129, 41.792689], [-7.793091, 41.792831], [-7.781184, 41.786065], [-7.766653, 41.765533], [-7.757676, 41.757048], [-7.747665, 41.750895], [-7.747786, 41.754496], [-7.743866, 41.756509], [-7.740214, 41.763924], [-7.726937, 41.771755], [-7.7254, 41.777152], [-7.727191, 41.779184], [-7.724177, 41.780299], [-7.725372, 41.781653], [-7.722296, 41.792446], [-7.728879, 41.797871], [-7.727026, 41.805517], [-7.728761, 41.816776], [-7.732041, 41.821514], [-7.743152, 41.825154], [-7.742839, 41.827178], [-7.738918, 41.82874], [-7.742196, 41.833928], [-7.74729, 41.837772], [-7.746349, 41.84407], [-7.750246, 41.846784], [-7.750532, 41.849261], [-7.743309, 41.849012], [-7.746901, 41.8524], [-7.746881, 41.855776], [-7.73843, 41.859348], [-7.734159, 41.868337], [-7.730228, 41.871024], [-7.729293, 41.875972], [-7.722351, 41.878424], [-7.720523, 41.881793], [-7.725335, 41.882935], [-7.726208, 41.887665], [-7.737044, 41.888828], [-7.737935, 41.890857], [-7.74246, 41.889747], [-7.742785, 41.885922], [-7.756022, 41.888441], [-7.758719, 41.890926], [-7.756592, 41.89407], [-7.757483, 41.896218]]], [[[-8.046389, 41.755563], [-8.049756, 41.75021], [-8.047896, 41.741188], [-8.043171, 41.732141], [-8.022952, 41.714662], [-8.011036, 41.707859], [-7.99906, 41.705021], [-7.987046, 41.704711], [-7.974953, 41.709344], [-7.970676, 41.713501], [-7.966711, 41.722472], [-7.967007, 41.731482], [-7.970841, 41.740523], [-7.977667, 41.749591], [-7.986228, 41.756746], [-7.998164, 41.762683], [-8.010153, 41.765338], [-8.022179, 41.765668], [-8.034242, 41.763523], [-8.043672, 41.759166], [-8.046389, 41.755563]], [[-8.034569, 41.741657], [-8.028723, 41.750034], [-8.022361, 41.753651], [-8.01031, 41.755179], [-7.99833, 41.752], [-7.985809, 41.740656], [-7.983287, 41.731627], [-7.987688, 41.722659], [-7.998885, 41.716333], [-8.01091, 41.716074], [-8.02286, 41.720743], [-8.033562, 41.732061], [-8.034569, 41.741657]]], [[[-7.81862, 41.713578], [-7.833418, 41.721196], [-7.842489, 41.72298], [-7.854507, 41.72325], [-7.865382, 41.721516], [-7.878665, 41.71673], [-7.890585, 41.722637], [-7.904848, 41.721899], [-7.908694, 41.712929], [-7.896776, 41.694801], [-7.888345, 41.676706], [-7.883066, 41.671463], [-7.877044, 41.676077], [-7.876723, 41.681253], [-7.873401, 41.686198], [-7.868896, 41.686413], [-7.868008, 41.68326], [-7.864403, 41.683701], [-7.864096, 41.685276], [-7.858987, 41.68639], [-7.857773, 41.689538], [-7.854776, 41.68818], [-7.851459, 41.691451], [-7.855079, 41.691027], [-7.866953, 41.699143], [-7.869144, 41.70354], [-7.865065, 41.712506], [-7.854621, 41.716848], [-7.842631, 41.715088], [-7.837154, 41.712227], [-7.836108, 41.709516], [-7.832453, 41.710407], [-7.825252, 41.708813], [-7.81862, 41.713578]]], [[[-8.371882, 41.681847], [-8.383889, 41.682697], [-8.392011, 41.680474], [-8.404571, 41.671533], [-8.40694, 41.662538], [-8.402745, 41.653509], [-8.396225, 41.648284], [-8.384249, 41.644911], [-8.372232, 41.645789], [-8.359865, 41.653279], [-8.355631, 41.662262], [-8.357437, 41.671279], [-8.371882, 41.681847]]], [[[-8.439763, 41.626674], [-8.444412, 41.630643], [-8.448748, 41.626718], [-8.44447, 41.623922], [-8.439763, 41.626674]]], [[[-8.625042, 41.535979], [-8.63789, 41.528389], [-8.633096, 41.519366], [-8.625155, 41.516395], [-8.614782, 41.519306], [-8.611623, 41.528303], [-8.613088, 41.530342], [-8.625042, 41.535979]]], [[[-8.54167, 41.458938], [-8.553611, 41.463732], [-8.562429, 41.456067], [-8.55373, 41.44629], [-8.541725, 41.451082], [-8.539557, 41.455977], [-8.54167, 41.458938]]], [[[-8.637755, 41.406012], [-8.661709, 41.400966], [-8.676846, 41.393392], [-8.685568, 41.384409], [-8.689155, 41.375411], [-8.688649, 41.366402], [-8.678531, 41.348359], [-8.669111, 41.339324], [-8.650148, 41.325895], [-8.626314, 41.314492], [-8.614387, 41.311042], [-8.602448, 41.309774], [-8.590483, 41.312753], [-8.578488, 41.320273], [-8.570084, 41.329989], [-8.563121, 41.347978], [-8.564129, 41.365998], [-8.573709, 41.384049], [-8.589955, 41.396927], [-8.613832, 41.405032], [-8.637755, 41.406012]], [[-8.625913, 41.384696], [-8.613976, 41.380738], [-8.605961, 41.375156], [-8.599876, 41.366127], [-8.599029, 41.357117], [-8.603105, 41.348123], [-8.614218, 41.33983], [-8.626186, 41.337008], [-8.638132, 41.337993], [-8.650057, 41.342953], [-8.656903, 41.348296], [-8.662973, 41.357322], [-8.663573, 41.366331], [-8.658574, 41.375324], [-8.64985, 41.381516], [-8.637872, 41.384955], [-8.625913, 41.384696]]], [[[-8.580702, 41.192087], [-8.591407, 41.203958], [-8.598272, 41.221998], [-8.599728, 41.258034], [-8.605253, 41.267061], [-8.614619, 41.271645], [-8.626559, 41.271574], [-8.680983, 41.258288], [-8.722159, 41.251933], [-8.757972, 41.250361], [-8.803959, 41.252615], [-8.803093, 41.230594], [-8.761671, 41.240468], [-8.686354, 41.251313], [-8.662471, 41.253508], [-8.650536, 41.25322], [-8.638613, 41.25086], [-8.626714, 41.244412], [-8.622607, 41.240096], [-8.617175, 41.23107], [-8.603132, 41.196875], [-8.587531, 41.170803], [-8.583263, 41.174422], [-8.582094, 41.177803], [-8.578825, 41.178941], [-8.580327, 41.180736], [-8.580702, 41.192087]]]]}}, {"id": "13", "type": "Feature", "properties": {"fill": "#a3a3a3", "value_min": 0.33, "value_max": -0.67}, "geometry": {"type": "MultiPolygon", "coordinates": [[[[-8.111673, 41.811851], [-8.090865, 41.777563], [-8.087635, 41.768531], [-8.087395, 41.759522], [-8.107155, 41.710656], [-8.118547, 41.696716], [-8.131129, 41.687805], [-8.138368, 41.678853], [-8.135506, 41.669824], [-8.123584, 41.660727], [-8.091687, 41.642465], [-8.084167, 41.636416], [-8.060285, 41.627416], [-8.048303, 41.62589], [-8.039084, 41.63303], [-8.043782, 41.651084], [-8.043298, 41.660087], [-8.035615, 41.671708], [-8.023521, 41.677098], [-8.011482, 41.6787], [-7.999491, 41.677235], [-7.981967, 41.668567], [-7.976016, 41.659507], [-7.972372, 41.650467], [-7.971791, 41.641455], [-7.974305, 41.623463], [-7.972363, 41.614439], [-7.961343, 41.602631], [-7.961297, 41.602598], [-7.961032, 41.602406], [-7.9541, 41.602846], [-7.952606, 41.600592], [-7.947808, 41.60081], [-7.945413, 41.599456], [-7.942725, 41.595625], [-7.935832, 41.594713], [-7.93791, 41.601694], [-7.937004, 41.603718], [-7.931604, 41.604384], [-7.930979, 41.612711], [-7.925556, 41.620354], [-7.920755, 41.620796], [-7.917748, 41.623041], [-7.915933, 41.627764], [-7.913229, 41.628885], [-7.912613, 41.63361], [-7.906014, 41.633147], [-7.906884, 41.641927], [-7.897869, 41.645511], [-7.89696, 41.647985], [-7.892759, 41.647976], [-7.892145, 41.651576], [-7.902319, 41.659925], [-7.899913, 41.66127], [-7.900198, 41.665547], [-7.898396, 41.665769], [-7.896885, 41.668692], [-7.883066, 41.671463], [-7.888345, 41.676706], [-7.896776, 41.694801], [-7.908694, 41.712929], [-7.904848, 41.721899], [-7.890585, 41.722637], [-7.878665, 41.71673], [-7.865382, 41.721516], [-7.854507, 41.72325], [-7.842489, 41.72298], [-7.833418, 41.721196], [-7.81862, 41.713578], [-7.815291, 41.718689], [-7.808986, 41.717996], [-7.808396, 41.715744], [-7.804499, 41.714158], [-7.79939, 41.714593], [-7.79788, 41.716164], [-7.796383, 41.71526], [-7.790966, 41.717044], [-7.789449, 41.719966], [-7.78464, 41.720402], [-7.78252, 41.723546], [-7.776204, 41.724652], [-7.773786, 41.727346], [-7.770798, 41.72441], [-7.765698, 41.723044], [-7.761765, 41.727758], [-7.762933, 41.733839], [-7.759307, 41.737203], [-7.759597, 41.739005], [-7.75689, 41.739446], [-7.758687, 41.740577], [-7.757758, 41.745301], [-7.749323, 41.748649], [-7.747665, 41.750895], [-7.757676, 41.757048], [-7.766653, 41.765533], [-7.781184, 41.786065], [-7.793091, 41.792831], [-7.805129, 41.792689], [-7.841323, 41.787818], [-7.877475, 41.785091], [-7.889502, 41.785465], [-7.90148, 41.788796], [-7.908142, 41.793986], [-7.910424, 41.803014], [-7.908775, 41.812005], [-7.897938, 41.829915], [-7.888558, 41.840132], [-7.876565, 41.848934], [-7.879178, 41.852541], [-7.88848, 41.844604], [-7.900773, 41.830119], [-7.91319, 41.808017], [-7.925422, 41.796421], [-7.937417, 41.798918], [-7.949463, 41.79834], [-7.959044, 41.794458], [-7.973878, 41.776909], [-7.985927, 41.77586], [-7.997936, 41.777356], [-8.038728, 41.786146], [-8.057828, 41.795895], [-8.075816, 41.81319], [-8.07597, 41.813362], [-8.076018, 41.813415], [-8.078678, 41.813417], [-8.082892, 41.810493], [-8.091013, 41.812521], [-8.093421, 41.811397], [-8.093723, 41.808471], [-8.101845, 41.809824], [-8.104853, 41.81185], [-8.111673, 41.811851]], [[-7.923717, 41.767112], [-7.918107, 41.776066], [-7.913684, 41.778723], [-7.865466, 41.783638], [-7.829368, 41.783447], [-7.817379, 41.781056], [-7.804702, 41.774942], [-7.796424, 41.765849], [-7.792537, 41.756801], [-7.791168, 41.74778], [-7.794422, 41.738808], [-7.806269, 41.731265], [-7.811931, 41.729983], [-7.866459, 41.72724], [-7.878458, 41.728658], [-7.918219, 41.74004], [-7.924542, 41.749106], [-7.923717, 41.767112]], [[-8.046389, 41.755563], [-8.043672, 41.759166], [-8.034242, 41.763523], [-8.022179, 41.765668], [-8.010153, 41.765338], [-7.998164, 41.762683], [-7.986228, 41.756746], [-7.977667, 41.749591], [-7.970841, 41.740523], [-7.967007, 41.731482], [-7.966711, 41.722472], [-7.970676, 41.713501], [-7.974953, 41.709344], [-7.987046, 41.704711], [-7.99906, 41.705021], [-8.011036, 41.707859], [-8.022952, 41.714662], [-8.043171, 41.732141], [-8.047896, 41.741188], [-8.049756, 41.75021], [-8.046389, 41.755563]], [[-8.08286, 41.728567], [-8.070779, 41.73251], [-8.058775, 41.731127], [-8.046837, 41.725312], [-8.03201, 41.714034], [-8.023199, 41.704953], [-8.017996, 41.695901], [-8.022937, 41.686936], [-8.035524, 41.67781], [-8.043444, 41.669095], [-8.052199, 41.651153], [-8.060065, 41.642564], [-8.072096, 41.640937], [-8.096025, 41.647059], [-8.119053, 41.660692], [-8.129812, 41.669781], [-8.1312, 41.678799], [-8.123459, 41.687747], [-8.110371, 41.696653], [-8.095038, 41.717517], [-8.08286, 41.728567]]], [[[-7.77257, 41.891714], [-7.757483, 41.896218], [-7.758376, 41.898127], [-7.764097, 41.898595], [-7.77257, 41.891714]]], [[[-7.870327, 41.852279], [-7.852066, 41.860179], [-7.815777, 41.868012], [-7.809124, 41.870614], [-7.814229, 41.873537], [-7.823863, 41.874013], [-7.825059, 41.875817], [-7.830479, 41.875831], [-7.830789, 41.874031], [-7.832894, 41.874712], [-7.83772, 41.872924], [-7.842528, 41.875187], [-7.841663, 41.866632], [-7.849515, 41.861475], [-7.858542, 41.862622], [-7.859456, 41.860148], [-7.864877, 41.859711], [-7.870327, 41.852279]]], [[[-7.804297, 41.872502], [-7.801343, 41.874176], [-7.803381, 41.874857], [-7.804297, 41.872502]]], [[[-7.796583, 41.877538], [-7.789569, 41.882469], [-7.794007, 41.882257], [-7.796583, 41.877538]]], [[[-7.772872, 41.891587], [-7.772872, 41.891587], [-7.772733, 41.891646], [-7.772872, 41.891587]]], [[[-8.080987, 41.551305], [-8.097327, 41.553719], [-8.109327, 41.553073], [-8.121355, 41.550341], [-8.137227, 41.543737], [-8.15757, 41.531561], [-8.16957, 41.530515], [-8.217285, 41.549836], [-8.241205, 41.555053], [-8.277171, 41.555764], [-8.325185, 41.551221], [-8.337202, 41.548664], [-8.361275, 41.539288], [-8.373337, 41.531635], [-8.385424, 41.521131], [-8.409638, 41.49424], [-8.427747, 41.491505], [-8.433644, 41.489043], [-8.438434, 41.482551], [-8.4338, 41.471115], [-8.409925, 41.462662], [-8.401379, 41.455341], [-8.384732, 41.446246], [-8.362251, 41.439771], [-8.338344, 41.436525], [-8.314415, 41.435575], [-8.290225, 41.436694], [-8.242516, 41.442641], [-8.182542, 41.452234], [-8.170565, 41.452633], [-8.158615, 41.450888], [-8.134755, 41.444487], [-8.110851, 41.44172], [-8.08686, 41.445284], [-8.068796, 41.453336], [-8.070288, 41.457335], [-8.068788, 41.462286], [-8.073872, 41.46499], [-8.074164, 41.473543], [-8.066374, 41.482318], [-8.066069, 41.48817], [-8.072054, 41.490199], [-8.07175, 41.494925], [-8.078333, 41.49898], [-8.078332, 41.500331], [-8.093, 41.504613], [-8.089398, 41.519242], [-8.090594, 41.522169], [-8.093588, 41.52307], [-8.091487, 41.531173], [-8.097775, 41.536127], [-8.097774, 41.537927], [-8.106759, 41.543106], [-8.10616, 41.543782], [-8.101666, 41.542655], [-8.094175, 41.544904], [-8.087885, 41.542876], [-8.083389, 41.5449], [-8.080987, 41.551305]], [[-8.277406, 41.534679], [-8.253391, 41.538119], [-8.241407, 41.537761], [-8.229451, 41.535086], [-8.213119, 41.526267], [-8.20575, 41.517209], [-8.202362, 41.508178], [-8.202968, 41.499175], [-8.207356, 41.490198], [-8.216311, 41.481252], [-8.230176, 41.473887], [-8.266236, 41.462309], [-8.290307, 41.45111], [-8.31432, 41.444608], [-8.338274, 41.443416], [-8.350232, 41.444705], [-8.362177, 41.447382], [-8.379106, 41.455223], [-8.387807, 41.464277], [-8.392109, 41.473308], [-8.39285, 41.491326], [-8.389965, 41.500319], [-8.384109, 41.509295], [-8.37345, 41.51994], [-8.361392, 41.527395], [-8.349355, 41.532445], [-8.337342, 41.534894], [-8.313361, 41.535469], [-8.289404, 41.533726], [-8.277406, 41.534679]]], [[[-8.625913, 41.384696], [-8.637872, 41.384955], [-8.64985, 41.381516], [-8.658574, 41.375324], [-8.663573, 41.366331], [-8.662973, 41.357322], [-8.656903, 41.348296], [-8.650057, 41.342953], [-8.638132, 41.337993], [-8.626186, 41.337008], [-8.614218, 41.33983], [-8.603105, 41.348123], [-8.599029, 41.357117], [-8.599876, 41.366127], [-8.605961, 41.375156], [-8.613976, 41.380738], [-8.625913, 41.384696]]], [[[-8.587531, 41.170803], [-8.603132, 41.196875], [-8.617175, 41.23107], [-8.622607, 41.240096], [-8.626714, 41.244412], [-8.638613, 41.25086], [-8.650536, 41.25322], [-8.662471, 41.253508], [-8.686354, 41.251313], [-8.761671, 41.240468], [-8.803093, 41.230594], [-8.802083, 41.204899], [-8.79241, 41.213504], [-8.778674, 41.222486], [-8.746095, 41.235206], [-8.724869, 41.240386], [-8.69832, 41.24466], [-8.674443, 41.246167], [-8.662512, 41.245411], [-8.644634, 41.240166], [-8.632351, 41.23112], [-8.621257, 41.213068], [-8.607382, 41.170498], [-8.607365, 41.170411], [-8.607292, 41.170048], [-8.604942, 41.164881], [-8.600767, 41.164222], [-8.589766, 41.167193], [-8.589194, 41.170572], [-8.587531, 41.170803]]]]}}, {"id": "21", "type": "Feature", "properties": {"fill": "#245bd9", "value_min": 3.0, "value_max": -3.33}, "geometry": {"type": "MultiPolygon", "coordinates": [[[[-8.004684, 41.84757], [-8.00333, 41.839885], [-7.997758, 41.83083], [-7.985217, 41.820849], [-7.973248, 41.816391], [-7.961221, 41.815546], [-7.937116, 41.817112], [-7.924974, 41.823231], [-7.917944, 41.830106], [-7.909969, 41.848044], [-7.910136, 41.857052], [-7.91342, 41.86609], [-7.92404, 41.878063], [-7.931361, 41.876705], [-7.924148, 41.872537], [-7.918176, 41.866135], [-7.914385, 41.857092], [-7.91323, 41.848074], [-7.920248, 41.830127], [-7.924935, 41.825544], [-7.937089, 41.818743], [-7.961189, 41.81753], [-7.973212, 41.818624], [-7.98087, 41.821674], [-7.99316, 41.83079], [-7.998044, 41.839839], [-7.999063, 41.851165], [-8.003089, 41.850494], [-8.004684, 41.84757]]], [[[-7.859331, 41.766491], [-7.865747, 41.767708], [-7.868647, 41.766583], [-7.874981, 41.757638], [-7.866045, 41.750775], [-7.853951, 41.754508], [-7.851256, 41.757404], [-7.853805, 41.762744], [-7.859331, 41.766491]], [[-7.858204, 41.757473], [-7.865977, 41.754661], [-7.869787, 41.757587], [-7.865834, 41.762799], [-7.858204, 41.757473]]], [[[-8.083347, 41.694286], [-8.095388, 41.692562], [-8.111621, 41.678649], [-8.109118, 41.669623], [-8.095813, 41.662208], [-8.08382, 41.66093], [-8.071742, 41.665612], [-8.067794, 41.669295], [-8.06465, 41.678276], [-8.068802, 41.687317], [-8.083347, 41.694286]], [[-8.083379, 41.692002], [-8.071437, 41.686829], [-8.066953, 41.678295], [-8.070457, 41.669316], [-8.08378, 41.663761], [-8.095779, 41.664645], [-8.105683, 41.669596], [-8.109731, 41.678634], [-8.095412, 41.690885], [-8.083379, 41.692002]]], [[[-8.337756, 41.494288], [-8.349754, 41.492501], [-8.351225, 41.491099], [-8.349867, 41.481236], [-8.337908, 41.479408], [-8.333569, 41.481991], [-8.332782, 41.490994], [-8.337756, 41.494288]]], [[[-8.685849, 41.204254], [-8.689507, 41.204264], [-8.698534, 41.19802], [-8.698551, 41.194315], [-8.686638, 41.191772], [-8.68251, 41.195237], [-8.685849, 41.204254]]]]}}, {"id": "6", "type": "Feature", "properties": {"fill": "#e79f24", "value_min": -2.0, "value_max": -1.67}, "geometry": {"type": "MultiPolygon", "coordinates": [[[[-7.876709, 41.828954], [-7.888855, 41.820821], [-7.892096, 41.811846], [-7.887704, 41.802796], [-7.877261, 41.797344], [-7.865228, 41.797165], [-7.851914, 41.802444], [-7.845646, 41.811388], [-7.84731, 41.820412], [-7.852683, 41.825635], [-7.862305, 41.829568], [-7.876709, 41.828954]], [[-7.864695, 41.827364], [-7.85208, 41.820459], [-7.84953, 41.811427], [-7.856614, 41.802491], [-7.865194, 41.799093], [-7.877228, 41.799257], [-7.883936, 41.80276], [-7.88907, 41.810516], [-7.889018, 41.813522], [-7.885249, 41.820786], [-7.876752, 41.826475], [-7.864695, 41.827364]]], [[[-8.341982, 41.761467], [-8.342479, 41.752258], [-8.340182, 41.743238], [-8.334592, 41.734199], [-8.325818, 41.725141], [-8.311436, 41.716625], [-8.299459, 41.712529], [-8.287455, 41.711011], [-8.275425, 41.711854], [-8.26336, 41.715787], [-8.25125, 41.723441], [-8.24351, 41.733635], [-8.240595, 41.742623], [-8.241027, 41.76064], [-8.244863, 41.769672], [-8.252148, 41.778401], [-8.251845, 41.777172], [-8.257902, 41.773564], [-8.253526, 41.769729], [-8.248015, 41.760686], [-8.246069, 41.751666], [-8.247293, 41.742667], [-8.252114, 41.733691], [-8.261874, 41.724748], [-8.275347, 41.718854], [-8.287382, 41.71765], [-8.299388, 41.719081], [-8.31136, 41.723751], [-8.323286, 41.732976], [-8.330257, 41.743181], [-8.332106, 41.752198], [-8.329263, 41.763966], [-8.332141, 41.762835], [-8.336653, 41.763728], [-8.341982, 41.761467]]], [[[-8.227453, 41.702683], [-8.230758, 41.697522], [-8.22701, 41.68849], [-8.21568, 41.682447], [-8.203657, 41.683062], [-8.196287, 41.688279], [-8.192946, 41.697263], [-8.203345, 41.708353], [-8.215349, 41.709646], [-8.224026, 41.706484], [-8.227453, 41.702683]], [[-8.203446, 41.70021], [-8.200954, 41.697319], [-8.203545, 41.692139], [-8.215557, 41.692553], [-8.218458, 41.697439], [-8.215464, 41.700198], [-8.203446, 41.70021]]], [[[-8.156056, 41.64793], [-8.163119, 41.643007], [-8.166603, 41.634025], [-8.164496, 41.625003], [-8.156451, 41.617618], [-8.144507, 41.613152], [-8.132495, 41.61393], [-8.120405, 41.620382], [-8.112344, 41.633619], [-8.115565, 41.642651], [-8.120053, 41.646218], [-8.131991, 41.651444], [-8.143994, 41.651953], [-8.156056, 41.64793]], [[-8.144026, 41.649543], [-8.132015, 41.649651], [-8.120082, 41.644099], [-8.114722, 41.633638], [-8.120358, 41.623805], [-8.132452, 41.617131], [-8.144455, 41.617073], [-8.156376, 41.623405], [-8.161542, 41.633989], [-8.156955, 41.642962], [-8.144026, 41.649543]]], [[[-8.552691, 41.597422], [-8.55831, 41.591162], [-8.561496, 41.582167], [-8.560909, 41.573157], [-8.556588, 41.564133], [-8.541017, 41.551395], [-8.529052, 41.547855], [-8.517064, 41.54755], [-8.505056, 41.550012], [-8.493013, 41.556665], [-8.485291, 41.563836], [-8.481869, 41.572828], [-8.482522, 41.581838], [-8.487881, 41.59087], [-8.504653, 41.602713], [-8.516626, 41.606331], [-8.528623, 41.606943], [-8.540641, 41.604567], [-8.552691, 41.597422]], [[-8.528676, 41.599661], [-8.516675, 41.599762], [-8.504702, 41.596352], [-8.496694, 41.590909], [-8.489718, 41.581871], [-8.48886, 41.572859], [-8.494014, 41.563875], [-8.505009, 41.556076], [-8.517025, 41.552835], [-8.529011, 41.553606], [-8.540965, 41.558772], [-8.547306, 41.564097], [-8.551868, 41.573122], [-8.551731, 41.582129], [-8.546414, 41.591115], [-8.540705, 41.595462], [-8.528676, 41.599661]]], [[[-8.386578, 41.398751], [-8.398611, 41.391092], [-8.40566, 41.383303], [-8.409118, 41.374314], [-8.409401, 41.365308], [-8.406573, 41.356285], [-8.399622, 41.347242], [-8.387141, 41.338812], [-8.375228, 41.334743], [-8.363289, 41.333494], [-8.351326, 41.334768], [-8.339332, 41.338991], [-8.328146, 41.346847], [-8.32131, 41.355814], [-8.318288, 41.364804], [-8.318228, 41.373811], [-8.321235, 41.382836], [-8.328717, 41.391888], [-8.338731, 41.398335], [-8.350654, 41.402365], [-8.362604, 41.403668], [-8.374579, 41.402537], [-8.386578, 41.398751]], [[-8.374625, 41.397674], [-8.362649, 41.39915], [-8.350701, 41.397674], [-8.337564, 41.391939], [-8.328766, 41.382881], [-8.325479, 41.373854], [-8.32614, 41.36485], [-8.33085, 41.35587], [-8.339238, 41.348274], [-8.351243, 41.343049], [-8.36321, 41.341607], [-8.375147, 41.343184], [-8.384538, 41.347162], [-8.395715, 41.356229], [-8.400265, 41.36526], [-8.400646, 41.37427], [-8.39692, 41.383258], [-8.387597, 41.392216], [-8.374625, 41.397674]]]]}}, {"id": "5", "type": "Feature", "properties": {"fill": "#ea870e", "value_min": -2.33, "value_max": -2.0}, "geometry": {"type": "MultiPolygon", "coordinates": [[[[-7.864695, 41.827364], [-7.876752, 41.826475], [-7.885249, 41.820786], [-7.889018, 41.813522], [-7.88907, 41.810516], [-7.883936, 41.80276], [-7.877228, 41.799257], [-7.865194, 41.799093], [-7.856614, 41.802491], [-7.84953, 41.811427], [-7.85208, 41.820459], [-7.864695, 41.827364]], [[-7.864744, 41.824558], [-7.857307, 41.820511], [-7.853409, 41.811466], [-7.861328, 41.802538], [-7.86516, 41.80102], [-7.877194, 41.801171], [-7.880167, 41.802723], [-7.886707, 41.811793], [-7.881642, 41.820751], [-7.876795, 41.823996], [-7.864744, 41.824558]]], [[[-8.329263, 41.763966], [-8.332106, 41.752198], [-8.330257, 41.743181], [-8.323286, 41.732976], [-8.31136, 41.723751], [-8.299388, 41.719081], [-8.287382, 41.71765], [-8.275347, 41.718854], [-8.261874, 41.724748], [-8.252114, 41.733691], [-8.247293, 41.742667], [-8.246069, 41.751666], [-8.248015, 41.760686], [-8.253526, 41.769729], [-8.257902, 41.773564], [-8.261762, 41.774235], [-8.264602, 41.771531], [-8.254476, 41.760728], [-8.252064, 41.751705], [-8.253383, 41.742707], [-8.263195, 41.730245], [-8.275283, 41.724551], [-8.287325, 41.722783], [-8.299327, 41.724724], [-8.315887, 41.734089], [-8.322044, 41.743132], [-8.323769, 41.75215], [-8.320589, 41.762405], [-8.325233, 41.765098], [-8.328234, 41.763292], [-8.329263, 41.763966]]], [[[-8.203446, 41.70021], [-8.215464, 41.700198], [-8.218458, 41.697439], [-8.215557, 41.692553], [-8.203545, 41.692139], [-8.200954, 41.697319], [-8.203446, 41.70021]]], [[[-8.144026, 41.649543], [-8.156955, 41.642962], [-8.161542, 41.633989], [-8.156376, 41.623405], [-8.144455, 41.617073], [-8.132452, 41.617131], [-8.120358, 41.623805], [-8.114722, 41.633638], [-8.120082, 41.644099], [-8.132015, 41.649651], [-8.144026, 41.649543]], [[-8.13204, 41.647857], [-8.121366, 41.642696], [-8.117101, 41.633656], [-8.123564, 41.624698], [-8.132418, 41.619645], [-8.144413, 41.620295], [-8.152256, 41.624913], [-8.156482, 41.633952], [-8.152202, 41.642927], [-8.144058, 41.647145], [-8.13204, 41.647857]]], [[[-8.528676, 41.599661], [-8.540705, 41.595462], [-8.546414, 41.591115], [-8.551731, 41.582129], [-8.551868, 41.573122], [-8.547306, 41.564097], [-8.540965, 41.558772], [-8.529011, 41.553606], [-8.517025, 41.552835], [-8.505009, 41.556076], [-8.494014, 41.563875], [-8.48886, 41.572859], [-8.489718, 41.581871], [-8.496694, 41.590909], [-8.504702, 41.596352], [-8.516675, 41.599762], [-8.528676, 41.599661]], [[-8.516715, 41.59446], [-8.504747, 41.590405], [-8.496493, 41.5819], [-8.495354, 41.572888], [-8.501238, 41.563906], [-8.50497, 41.561259], [-8.51699, 41.557584], [-8.528972, 41.558878], [-8.538379, 41.564062], [-8.544369, 41.573093], [-8.543468, 41.582097], [-8.534103, 41.591066], [-8.528721, 41.593522], [-8.516715, 41.59446]]], [[[-8.374625, 41.397674], [-8.387597, 41.392216], [-8.39692, 41.383258], [-8.400646, 41.37427], [-8.400265, 41.36526], [-8.395715, 41.356229], [-8.384538, 41.347162], [-8.375147, 41.343184], [-8.36321, 41.341607], [-8.351243, 41.343049], [-8.339238, 41.348274], [-8.33085, 41.35587], [-8.32614, 41.36485], [-8.325479, 41.373854], [-8.328766, 41.382881], [-8.337564, 41.391939], [-8.350701, 41.397674], [-8.362649, 41.39915], [-8.374625, 41.397674]], [[-8.362691, 41.394764], [-8.350747, 41.393035], [-8.338858, 41.385865], [-8.335924, 41.382922], [-8.332389, 41.373894], [-8.333792, 41.364895], [-8.340923, 41.355928], [-8.35117, 41.350408], [-8.363141, 41.348697], [-8.375075, 41.350747], [-8.384691, 41.35617], [-8.391781, 41.365216], [-8.39294, 41.374229], [-8.386703, 41.385414], [-8.374672, 41.392868], [-8.362691, 41.394764]]]]}}, {"id": "4", "type": "Feature", "properties": {"fill": "#d75e13", "value_min": -2.67, "value_max": -2.33}, "geometry": {"type": "MultiPolygon", "coordinates": [[[[-7.864744, 41.824558], [-7.876795, 41.823996], [-7.881642, 41.820751], [-7.886707, 41.811793], [-7.880167, 41.802723], [-7.877194, 41.801171], [-7.86516, 41.80102], [-7.861328, 41.802538], [-7.853409, 41.811466], [-7.857307, 41.820511], [-7.864744, 41.824558]], [[-7.864794, 41.821752], [-7.857256, 41.811504], [-7.865118, 41.803366], [-7.877154, 41.803469], [-7.883644, 41.811764], [-7.878035, 41.820716], [-7.864794, 41.821752]]], [[[-8.320589, 41.762405], [-8.323769, 41.75215], [-8.322044, 41.743132], [-8.315887, 41.734089], [-8.299327, 41.724724], [-8.287325, 41.722783], [-8.275283, 41.724551], [-8.263195, 41.730245], [-8.253383, 41.742707], [-8.252064, 41.751705], [-8.254476, 41.760728], [-8.264602, 41.771531], [-8.269566, 41.76808], [-8.260583, 41.760767], [-8.257177, 41.751738], [-8.258706, 41.742741], [-8.266612, 41.733785], [-8.275232, 41.72905], [-8.287275, 41.727316], [-8.299274, 41.729572], [-8.307308, 41.734037], [-8.315287, 41.743092], [-8.316983, 41.752109], [-8.312627, 41.762193], [-8.318308, 41.761283], [-8.320589, 41.762405]]], [[[-8.13204, 41.647857], [-8.144058, 41.647145], [-8.152202, 41.642927], [-8.156482, 41.633952], [-8.152256, 41.624913], [-8.144413, 41.620295], [-8.132418, 41.619645], [-8.123564, 41.624698], [-8.117101, 41.633656], [-8.121366, 41.642696], [-8.13204, 41.647857]], [[-8.132064, 41.646064], [-8.125158, 41.642725], [-8.11948, 41.633674], [-8.127878, 41.624731], [-8.132384, 41.622159], [-8.14437, 41.623517], [-8.152748, 41.633924], [-8.147669, 41.642894], [-8.144089, 41.644748], [-8.132064, 41.646064]]], [[[-8.516715, 41.59446], [-8.528721, 41.593522], [-8.534103, 41.591066], [-8.543468, 41.582097], [-8.544369, 41.573093], [-8.538379, 41.564062], [-8.528972, 41.558878], [-8.51699, 41.557584], [-8.50497, 41.561259], [-8.501238, 41.563906], [-8.495354, 41.572888], [-8.496493, 41.5819], [-8.504747, 41.590405], [-8.516715, 41.59446]], [[-8.516755, 41.589055], [-8.502946, 41.581928], [-8.501171, 41.572914], [-8.50492, 41.567818], [-8.516957, 41.561972], [-8.528991, 41.564024], [-8.536879, 41.573063], [-8.53499, 41.582063], [-8.528768, 41.586967], [-8.516755, 41.589055]]], [[[-8.362691, 41.394764], [-8.374672, 41.392868], [-8.386703, 41.385414], [-8.39294, 41.374229], [-8.391781, 41.365216], [-8.384691, 41.35617], [-8.375075, 41.350747], [-8.363141, 41.348697], [-8.35117, 41.350408], [-8.340923, 41.355928], [-8.333792, 41.364895], [-8.332389, 41.373894], [-8.335924, 41.382922], [-8.338858, 41.385865], [-8.350747, 41.393035], [-8.362691, 41.394764]], [[-8.362738, 41.389955], [-8.350802, 41.387486], [-8.34405, 41.382969], [-8.339261, 41.373934], [-8.342063, 41.364942], [-8.351099, 41.357606], [-8.363077, 41.355226], [-8.375002, 41.358305], [-8.382831, 41.365168], [-8.385278, 41.374189], [-8.38046, 41.383171], [-8.374728, 41.387016], [-8.362738, 41.389955]]]]}}, {"id": "3", "type": "Feature", "properties": {"fill": "#c33119", "value_min": -3.0, "value_max": -2.67}, "geometry": {"type": "MultiPolygon", "coordinates": [[[[-7.864794, 41.821752], [-7.878035, 41.820716], [-7.883644, 41.811764], [-7.877154, 41.803469], [-7.865118, 41.803366], [-7.857256, 41.811504], [-7.864794, 41.821752]], [[-7.864873, 41.817277], [-7.861103, 41.811542], [-7.865046, 41.807461], [-7.877088, 41.807269], [-7.880582, 41.811734], [-7.87691, 41.817411], [-7.864873, 41.817277]]], [[[-8.312627, 41.762193], [-8.316983, 41.752109], [-8.315287, 41.743092], [-8.307308, 41.734037], [-8.299274, 41.729572], [-8.287275, 41.727316], [-8.275232, 41.72905], [-8.266612, 41.733785], [-8.258706, 41.742741], [-8.257177, 41.751738], [-8.260583, 41.760767], [-8.269566, 41.76808], [-8.274371, 41.765705], [-8.267479, 41.760811], [-8.262291, 41.751771], [-8.264148, 41.742776], [-8.275182, 41.733486], [-8.28723, 41.731422], [-8.299221, 41.734475], [-8.308585, 41.743052], [-8.310352, 41.75207], [-8.306644, 41.758826], [-8.307785, 41.760625], [-8.312627, 41.762193]]], [[[-8.132064, 41.646064], [-8.144089, 41.644748], [-8.147669, 41.642894], [-8.152748, 41.633924], [-8.14437, 41.623517], [-8.132384, 41.622159], [-8.127878, 41.624731], [-8.11948, 41.633674], [-8.125158, 41.642725], [-8.132064, 41.646064]], [[-8.128952, 41.642753], [-8.122531, 41.633697], [-8.132351, 41.624673], [-8.144316, 41.627615], [-8.149082, 41.633897], [-8.144131, 41.641605], [-8.132088, 41.64427], [-8.128952, 41.642753]]], [[[-8.516755, 41.589055], [-8.528768, 41.586967], [-8.53499, 41.582063], [-8.536879, 41.573063], [-8.528991, 41.564024], [-8.516957, 41.561972], [-8.50492, 41.567818], [-8.501171, 41.572914], [-8.502946, 41.581928], [-8.516755, 41.589055]], [[-8.513568, 41.581974], [-8.508823, 41.572946], [-8.516914, 41.56779], [-8.528874, 41.572434], [-8.528856, 41.574846], [-8.522631, 41.582012], [-8.516797, 41.58346], [-8.513568, 41.581974]]], [[[-8.362738, 41.389955], [-8.374728, 41.387016], [-8.38046, 41.383171], [-8.385278, 41.374189], [-8.382831, 41.365168], [-8.375002, 41.358305], [-8.363077, 41.355226], [-8.351099, 41.357606], [-8.342063, 41.364942], [-8.339261, 41.373934], [-8.34405, 41.382969], [-8.350802, 41.387486], [-8.362738, 41.389955]], [[-8.356492, 41.383039], [-8.35088, 41.37963], [-8.347715, 41.373982], [-8.35101, 41.366535], [-8.363007, 41.362479], [-8.370701, 41.365102], [-8.374898, 41.369201], [-8.37682, 41.374143], [-8.374817, 41.377684], [-8.367791, 41.383102], [-8.362792, 41.384476], [-8.356492, 41.383039]]]]}}, {"id": "2", "type": "Feature", "properties": {"fill": "#ae1c1c", "value_min": -3.33, "value_max": -3.0}, "geometry": {"type": "MultiPolygon", "coordinates": [[[[-7.864873, 41.817277], [-7.87691, 41.817411], [-7.880582, 41.811734], [-7.877088, 41.807269], [-7.865046, 41.807461], [-7.861103, 41.811542], [-7.864873, 41.817277]], [[-7.864973, 41.811615], [-7.877021, 41.81107], [-7.877518, 41.811704], [-7.876996, 41.812511], [-7.864973, 41.811615]]], [[[-8.306644, 41.758826], [-8.310352, 41.75207], [-8.308585, 41.743052], [-8.299221, 41.734475], [-8.28723, 41.731422], [-8.275182, 41.733486], [-8.264148, 41.742776], [-8.262291, 41.751771], [-8.267479, 41.760811], [-8.274371, 41.765705], [-8.280681, 41.764083], [-8.281636, 41.762358], [-8.274838, 41.760858], [-8.268068, 41.751808], [-8.27012, 41.742814], [-8.275125, 41.738576], [-8.287181, 41.735828], [-8.299156, 41.740434], [-8.301971, 41.743012], [-8.303843, 41.752031], [-8.299661, 41.757942], [-8.306644, 41.758826]]], [[[-8.128952, 41.642753], [-8.132088, 41.64427], [-8.144131, 41.641605], [-8.149082, 41.633897], [-8.144316, 41.627615], [-8.132351, 41.624673], [-8.122531, 41.633697], [-8.128952, 41.642753]], [[-8.132118, 41.642041], [-8.125889, 41.633723], [-8.132309, 41.627808], [-8.145416, 41.63387], [-8.132118, 41.642041]]], [[[-8.513568, 41.581974], [-8.516797, 41.58346], [-8.522631, 41.582012], [-8.528856, 41.574846], [-8.528874, 41.572434], [-8.516914, 41.56779], [-8.508823, 41.572946], [-8.513568, 41.581974]]], [[[-8.356492, 41.383039], [-8.362792, 41.384476], [-8.367791, 41.383102], [-8.374817, 41.377684], [-8.37682, 41.374143], [-8.374898, 41.369201], [-8.370701, 41.365102], [-8.363007, 41.362479], [-8.35101, 41.366535], [-8.347715, 41.373982], [-8.35088, 41.37963], [-8.356492, 41.383039]]]]}}, {"id": "0", "type": "Feature", "properties": {"fill": "#881d1d", "value_min": -4.0, "value_max": -3.67}, "geometry": {"type": "MultiPolygon", "coordinates": [[[[-8.288166, 41.756827], [-8.296052, 41.751983], [-8.292447, 41.742954], [-8.287127, 41.740699], [-8.278343, 41.742866], [-8.273945, 41.751845], [-8.28612, 41.75728], [-8.288166, 41.756827]]], [[[-8.132266, 41.630967], [-8.129248, 41.633749], [-8.132176, 41.637661], [-8.139038, 41.633822], [-8.132266, 41.630967]]]]}}, {"id": "1", "type": "Feature", "properties": {"fill": "#9c1c1c", "value_min": -3.67, "value_max": -3.33}, "geometry": {"type": "MultiPolygon", "coordinates": [[[[-7.864973, 41.811615], [-7.876996, 41.812511], [-7.877518, 41.811704], [-7.877021, 41.81107], [-7.864973, 41.811615]]], [[[-8.299661, 41.757942], [-8.303843, 41.752031], [-8.301971, 41.743012], [-8.299156, 41.740434], [-8.287181, 41.735828], [-8.275125, 41.738576], [-8.27012, 41.742814], [-8.268068, 41.751808], [-8.274838, 41.760858], [-8.281636, 41.762358], [-8.28612, 41.75728], [-8.273945, 41.751845], [-8.278343, 41.742866], [-8.287127, 41.740699], [-8.292447, 41.742954], [-8.296052, 41.751983], [-8.288166, 41.756827], [-8.299661, 41.757942]]], [[[-8.132118, 41.642041], [-8.145416, 41.63387], [-8.132309, 41.627808], [-8.125889, 41.633723], [-8.132118, 41.642041]], [[-8.132266, 41.630967], [-8.139038, 41.633822], [-8.132176, 41.637661], [-8.129248, 41.633749], [-8.132266, 41.630967]]]]}}, {"id": "7", "type": "Feature", "properties": {"fill": "#cba158", "value_min": -1.67, "value_max": -1.33}, "geometry": {"type": "MultiPolygon", "coordinates": [[[[-7.864589, 41.833346], [-7.876661, 41.83166], [-7.888838, 41.823905], [-7.894561, 41.811869], [-7.891163, 41.80283], [-7.877294, 41.795431], [-7.865262, 41.795238], [-7.853157, 41.799107], [-7.847255, 41.802398], [-7.841761, 41.811349], [-7.842539, 41.820364], [-7.851433, 41.82946], [-7.864589, 41.833346]], [[-7.876709, 41.828954], [-7.862305, 41.829568], [-7.852683, 41.825635], [-7.84731, 41.820412], [-7.845646, 41.811388], [-7.851914, 41.802444], [-7.865228, 41.797165], [-7.877261, 41.797344], [-7.887704, 41.802796], [-7.892096, 41.811846], [-7.888855, 41.820821], [-7.876709, 41.828954]]], [[[-8.352203, 41.739617], [-8.340481, 41.725226], [-8.323491, 41.713375], [-8.31153, 41.707851], [-8.287554, 41.702032], [-8.263515, 41.702176], [-8.251515, 41.700618], [-8.24317, 41.688598], [-8.232255, 41.679518], [-8.215779, 41.674299], [-8.203751, 41.675488], [-8.191643, 41.683004], [-8.187668, 41.688219], [-8.185807, 41.697213], [-8.190262, 41.706251], [-8.203269, 41.714514], [-8.227253, 41.719359], [-8.233045, 41.724559], [-8.232588, 41.760584], [-8.238614, 41.775334], [-8.247217, 41.785729], [-8.251257, 41.784375], [-8.252148, 41.778401], [-8.244863, 41.769672], [-8.241027, 41.76064], [-8.240595, 41.742623], [-8.24351, 41.733635], [-8.25125, 41.723441], [-8.26336, 41.715787], [-8.275425, 41.711854], [-8.287455, 41.711011], [-8.299459, 41.712529], [-8.311436, 41.716625], [-8.325818, 41.725141], [-8.334592, 41.734199], [-8.340182, 41.743238], [-8.342479, 41.752258], [-8.341982, 41.761467], [-8.344765, 41.762363], [-8.349267, 41.760103], [-8.352557, 41.755145], [-8.34982, 41.745922], [-8.349814, 41.744122], [-8.352516, 41.743441], [-8.352203, 41.739617]], [[-8.227453, 41.702683], [-8.224026, 41.706484], [-8.215349, 41.709646], [-8.203345, 41.708353], [-8.192946, 41.697263], [-8.196287, 41.688279], [-8.203657, 41.683062], [-8.21568, 41.682447], [-8.22701, 41.68849], [-8.230758, 41.697522], [-8.227453, 41.702683]]], [[[-8.420813, 41.722132], [-8.420941, 41.721924], [-8.420951, 41.721907], [-8.424144, 41.716668], [-8.419654, 41.713826], [-8.410108, 41.716597], [-8.418845, 41.723612], [-8.420813, 41.722132]]], [[[-8.129927, 41.714817], [-8.131122, 41.716117], [-8.141644, 41.714905], [-8.131249, 41.706675], [-8.129927, 41.714817]]], [[[-8.143956, 41.654801], [-8.157086, 41.65197], [-8.168105, 41.644749], [-8.174151, 41.63408], [-8.172253, 41.625059], [-8.164288, 41.615994], [-8.156531, 41.611511], [-8.144565, 41.6088], [-8.132548, 41.609906], [-8.120451, 41.61696], [-8.113644, 41.624622], [-8.109966, 41.633601], [-8.112843, 41.64263], [-8.120024, 41.648336], [-8.131963, 41.653561], [-8.143956, 41.654801]], [[-8.156056, 41.64793], [-8.143994, 41.651953], [-8.131991, 41.651444], [-8.120053, 41.646218], [-8.115565, 41.642651], [-8.112344, 41.633619], [-8.120405, 41.620382], [-8.132495, 41.61393], [-8.144507, 41.613152], [-8.156451, 41.617618], [-8.164496, 41.625003], [-8.166603, 41.634025], [-8.163119, 41.643007], [-8.156056, 41.64793]]], [[[-8.540565, 41.615314], [-8.556996, 41.609171], [-8.567495, 41.600204], [-8.57229, 41.591215], [-8.573445, 41.582212], [-8.571822, 41.573198], [-8.567276, 41.564174], [-8.559842, 41.555138], [-8.553021, 41.549529], [-8.541075, 41.54328], [-8.529106, 41.540461], [-8.517118, 41.540376], [-8.505112, 41.542597], [-8.493089, 41.546958], [-8.478987, 41.554801], [-8.472185, 41.563777], [-8.470899, 41.572778], [-8.472643, 41.581793], [-8.478486, 41.590827], [-8.488023, 41.599878], [-8.504596, 41.610126], [-8.516566, 41.614477], [-8.528557, 41.616055], [-8.540565, 41.615314]], [[-8.552691, 41.597422], [-8.540641, 41.604567], [-8.528623, 41.606943], [-8.516626, 41.606331], [-8.504653, 41.602713], [-8.487881, 41.59087], [-8.482522, 41.581838], [-8.481869, 41.572828], [-8.485291, 41.563836], [-8.493013, 41.556665], [-8.505056, 41.550012], [-8.517064, 41.54755], [-8.529052, 41.547855], [-8.541017, 41.551395], [-8.556588, 41.564133], [-8.560909, 41.573157], [-8.561496, 41.582167], [-8.55831, 41.591162], [-8.552691, 41.597422]]], [[[-8.445139, 41.545766], [-8.457093, 41.550095], [-8.462768, 41.545719], [-8.457191, 41.538375], [-8.445139, 41.545766]]], [[[-8.321876, 41.339669], [-8.315338, 41.347599], [-8.309623, 41.364752], [-8.310134, 41.373763], [-8.313273, 41.382789], [-8.31952, 41.391834], [-8.326775, 41.397732], [-8.338674, 41.403962], [-8.350606, 41.407192], [-8.362559, 41.408289], [-8.374531, 41.407548], [-8.394987, 41.401263], [-8.408313, 41.392325], [-8.415769, 41.383355], [-8.419436, 41.374366], [-8.420304, 41.365363], [-8.418684, 41.356347], [-8.414109, 41.347316], [-8.399144, 41.333227], [-8.383948, 41.326644], [-8.380382, 41.331254], [-8.375305, 41.33104], [-8.37201, 41.328346], [-8.361563, 41.329718], [-8.358276, 41.329049], [-8.357673, 41.327249], [-8.350207, 41.327264], [-8.346032, 41.328847], [-8.342462, 41.333131], [-8.333215, 41.336299], [-8.326363, 41.342163], [-8.324568, 41.341041], [-8.323376, 41.341943], [-8.321876, 41.339669]], [[-8.386578, 41.398751], [-8.374579, 41.402537], [-8.362604, 41.403668], [-8.350654, 41.402365], [-8.338731, 41.398335], [-8.328717, 41.391888], [-8.321235, 41.382836], [-8.318228, 41.373811], [-8.318288, 41.364804], [-8.32131, 41.355814], [-8.328146, 41.346847], [-8.339332, 41.338991], [-8.351326, 41.334768], [-8.363289, 41.333494], [-8.375228, 41.334743], [-8.387141, 41.338812], [-8.399622, 41.347242], [-8.406573, 41.356285], [-8.409401, 41.365308], [-8.409118, 41.374314], [-8.40566, 41.383303], [-8.398611, 41.391092], [-8.386578, 41.398751]]], [[[-8.70995, 41.313595], [-8.721893, 41.314417], [-8.728936, 41.312458], [-8.733858, 41.31011], [-8.740417, 41.303476], [-8.741887, 41.294472], [-8.736459, 41.285452], [-8.722041, 41.279549], [-8.710098, 41.280051], [-8.698331, 41.285358], [-8.693511, 41.294353], [-8.695296, 41.303366], [-8.698035, 41.30658], [-8.70995, 41.313595]]]]}}, {"id": "10", "type": "Feature", "properties": {"fill": "#a3a3a3", "value_min": -0.67, "value_max": -0.33}, "geometry": {"type": "MultiPolygon", "coordinates": [[[[-8.629922, 41.603698], [-8.6366, 41.600518], [-8.639873, 41.597352], [-8.640152, 41.59465], [-8.645536, 41.593051], [-8.646744, 41.594171], [-8.649125, 41.591909], [-8.656622, 41.5921], [-8.660788, 41.588255], [-8.663794, 41.589141], [-8.665265, 41.585758], [-8.66948, 41.587989], [-8.684455, 41.586117], [-8.685608, 41.58071], [-8.697261, 41.576376], [-8.701703, 41.570277], [-8.707704, 41.570923], [-8.712485, 41.569323], [-8.716422, 41.573805], [-8.720316, 41.57356], [-8.725151, 41.577811], [-8.726633, 41.576003], [-8.734424, 41.575737], [-8.736564, 41.580228], [-8.738354, 41.579318], [-8.740778, 41.582006], [-8.74467, 41.581535], [-8.750711, 41.58623], [-8.75993, 41.578527], [-8.767441, 41.580286], [-8.769874, 41.583874], [-8.768997, 41.58613], [-8.773228, 41.589482], [-8.774165, 41.593303], [-8.78556, 41.593464], [-8.797327, 41.600599], [-8.804218, 41.600109], [-8.80456, 41.604158], [-8.809434, 41.611332], [-8.828644, 41.609656], [-8.82839, 41.585633], [-8.818497, 41.554794], [-8.8221, 41.547542], [-8.821965, 41.534907], [-8.815926, 41.525624], [-8.811127, 41.509102], [-8.797315, 41.483743], [-8.783595, 41.465703], [-8.774204, 41.456677], [-8.757248, 41.445663], [-8.739898, 41.43859], [-8.709419, 41.433008], [-8.673511, 41.433194], [-8.649548, 41.437833], [-8.629698, 41.447295], [-8.620525, 41.456273], [-8.612098, 41.47426], [-8.613336, 41.483272], [-8.62582, 41.49232], [-8.660956, 41.510444], [-8.674626, 41.519491], [-8.682851, 41.528521], [-8.684717, 41.537534], [-8.681291, 41.546532], [-8.667676, 41.555501], [-8.64889, 41.559708], [-8.636898, 41.559663], [-8.624918, 41.557567], [-8.612952, 41.553153], [-8.601008, 41.545423], [-8.593489, 41.537248], [-8.588468, 41.528222], [-8.586113, 41.519207], [-8.584621, 41.501186], [-8.57736, 41.494626], [-8.54147, 41.487255], [-8.50564, 41.473255], [-8.493674, 41.471918], [-8.481666, 41.47593], [-8.445484, 41.505394], [-8.421687, 41.518497], [-8.410627, 41.527448], [-8.403056, 41.536417], [-8.39319, 41.55438], [-8.387685, 41.572365], [-8.386771, 41.581368], [-8.388101, 41.590382], [-8.396672, 41.600432], [-8.408639, 41.604035], [-8.444628, 41.605454], [-8.456595, 41.609449], [-8.468084, 41.617801], [-8.473526, 41.626834], [-8.474677, 41.635846], [-8.471716, 41.64484], [-8.462625, 41.653805], [-8.432079, 41.667942], [-8.413985, 41.680589], [-8.395851, 41.688309], [-8.383804, 41.691566], [-8.371781, 41.692228], [-8.35979, 41.68959], [-8.344269, 41.680212], [-8.331217, 41.662123], [-8.323737, 41.644064], [-8.316278, 41.635013], [-8.300388, 41.626784], [-8.240552, 41.610809], [-8.192791, 41.591073], [-8.168877, 41.584656], [-8.144892, 41.583968], [-8.132864, 41.586319], [-8.120795, 41.591624], [-8.114767, 41.597609], [-8.098515, 41.633512], [-8.102701, 41.642551], [-8.119937, 41.654742], [-8.154624, 41.669966], [-8.158872, 41.679005], [-8.155069, 41.687984], [-8.131363, 41.698228], [-8.122378, 41.705753], [-8.116673, 41.714716], [-8.118721, 41.723739], [-8.130873, 41.734609], [-8.142862, 41.737227], [-8.167013, 41.729469], [-8.179012, 41.73139], [-8.182058, 41.733214], [-8.189903, 41.742277], [-8.190373, 41.751287], [-8.18318, 41.76925], [-8.182716, 41.778254], [-8.187942, 41.796304], [-8.197572, 41.813453], [-8.201063, 41.808724], [-8.204973, 41.807372], [-8.205872, 41.804445], [-8.214593, 41.803089], [-8.214591, 41.801513], [-8.217598, 41.80016], [-8.217592, 41.795991], [-8.210123, 41.778445], [-8.20668, 41.742394], [-8.20122, 41.733349], [-8.179178, 41.718362], [-8.168817, 41.715105], [-8.167222, 41.713318], [-8.166333, 41.715087], [-8.143, 41.726852], [-8.130989, 41.725979], [-8.121506, 41.714753], [-8.125369, 41.705776], [-8.131328, 41.700785], [-8.143379, 41.698305], [-8.15537, 41.700438], [-8.165758, 41.697069], [-8.172238, 41.679102], [-8.173153, 41.670101], [-8.167837, 41.66556], [-8.131904, 41.657946], [-8.118479, 41.651681], [-8.106999, 41.642585], [-8.102798, 41.633545], [-8.107173, 41.624572], [-8.120613, 41.605062], [-8.132707, 41.598079], [-8.14474, 41.595549], [-8.156732, 41.596017], [-8.168695, 41.59885], [-8.180628, 41.604097], [-8.196597, 41.616225], [-8.204352, 41.626659], [-8.216215, 41.63834], [-8.264065, 41.653977], [-8.287974, 41.66396], [-8.335726, 41.692568], [-8.347679, 41.698964], [-8.359656, 41.703089], [-8.371668, 41.703855], [-8.383712, 41.701184], [-8.407828, 41.692561], [-8.431907, 41.687507], [-8.443924, 41.687384], [-8.466698, 41.690947], [-8.482012, 41.682123], [-8.484371, 41.674238], [-8.49308, 41.674886], [-8.499963, 41.671038], [-8.50927, 41.671233], [-8.51018, 41.672806], [-8.511967, 41.670324], [-8.509856, 41.668755], [-8.512252, 41.667847], [-8.514629, 41.663788], [-8.521463, 41.659938], [-8.504342, 41.643341], [-8.483644, 41.617872], [-8.468634, 41.604969], [-8.428816, 41.581584], [-8.419919, 41.572532], [-8.415171, 41.563501], [-8.413455, 41.554485], [-8.414407, 41.545482], [-8.421271, 41.533243], [-8.433348, 41.523039], [-8.457417, 41.511284], [-8.470617, 41.500718], [-8.481504, 41.496271], [-8.493487, 41.495898], [-8.505443, 41.499137], [-8.553232, 41.51892], [-8.565157, 41.527815], [-8.617667, 41.582367], [-8.629922, 41.603698]]], [[[-7.864396, 41.844235], [-7.876504, 41.84065], [-7.888675, 41.83335], [-7.899084, 41.82092], [-7.902244, 41.811943], [-7.900927, 41.802924], [-7.892879, 41.79384], [-7.877401, 41.789296], [-7.865363, 41.789478], [-7.845296, 41.793371], [-7.829358, 41.802217], [-7.822245, 41.811151], [-7.821123, 41.820146], [-7.824518, 41.829187], [-7.834017, 41.838291], [-7.840353, 41.841661], [-7.852345, 41.844576], [-7.864396, 41.844235]], [[-7.876563, 41.837272], [-7.864472, 41.839942], [-7.852444, 41.839032], [-7.840492, 41.83395], [-7.834848, 41.829293], [-7.830306, 41.82024], [-7.830684, 41.811237], [-7.836363, 41.802288], [-7.853252, 41.793765], [-7.86533, 41.791395], [-7.877365, 41.791398], [-7.889335, 41.795152], [-7.897672, 41.802892], [-7.899494, 41.811917], [-7.896529, 41.820895], [-7.88873, 41.830144], [-7.876563, 41.837272]]], [[[-8.010429, 41.747403], [-8.022511, 41.743773], [-8.025322, 41.740998], [-8.026402, 41.732001], [-8.022751, 41.727922], [-8.01082, 41.721935], [-7.998742, 41.725493], [-7.993479, 41.731717], [-7.995978, 41.740746], [-7.99847, 41.742995], [-8.010429, 41.747403]], [[-8.010711, 41.729013], [-8.01605, 41.731912], [-8.010546, 41.739805], [-8.005013, 41.731817], [-8.010711, 41.729013]]], [[[-8.022631, 41.659913], [-8.02377, 41.660637], [-8.024783, 41.659931], [-8.023794, 41.658988], [-8.022631, 41.659913]]], [[[-8.262999, 41.344729], [-8.275913, 41.38256], [-8.286266, 41.40064], [-8.298496, 41.409723], [-8.314615, 41.416506], [-8.350437, 41.424133], [-8.386323, 41.425851], [-8.42226, 41.422005], [-8.446238, 41.41681], [-8.464021, 41.410613], [-8.477961, 41.401669], [-8.486272, 41.392699], [-8.491595, 41.383715], [-8.496644, 41.365722], [-8.495887, 41.338696], [-8.486887, 41.311633], [-8.474842, 41.293563], [-8.459355, 41.277834], [-8.440049, 41.263807], [-8.438004, 41.264938], [-8.438023, 41.268989], [-8.434745, 41.269673], [-8.432691, 41.277107], [-8.427032, 41.279372], [-8.429143, 41.284319], [-8.426171, 41.287028], [-8.426488, 41.291079], [-8.425013, 41.294909], [-8.422037, 41.296942], [-8.422647, 41.299867], [-8.41967, 41.301675], [-8.416982, 41.301305], [-8.431532, 41.311373], [-8.440746, 41.320426], [-8.452022, 41.338495], [-8.455961, 41.356529], [-8.453291, 41.374532], [-8.442022, 41.392493], [-8.431365, 41.401449], [-8.410384, 41.411911], [-8.386398, 41.41783], [-8.362456, 41.418849], [-8.338554, 41.4158], [-8.314716, 41.406926], [-8.305381, 41.400757], [-8.296887, 41.391698], [-8.289275, 41.373636], [-8.28639, 41.355603], [-8.287554, 41.337595], [-8.290259, 41.328604], [-8.29673, 41.316972], [-8.296116, 41.310022], [-8.281801, 41.316569], [-8.279132, 41.324451], [-8.272266, 41.32536], [-8.265709, 41.331221], [-8.269004, 41.336169], [-8.265722, 41.337748], [-8.262748, 41.344017], [-8.262841, 41.344279], [-8.262999, 41.344729]]], [[[-8.805081, 41.281144], [-8.799747, 41.276572], [-8.782691, 41.267533], [-8.769863, 41.263156], [-8.746006, 41.258301], [-8.722134, 41.257674], [-8.698245, 41.26094], [-8.67721, 41.267285], [-8.661379, 41.276248], [-8.652711, 41.28523], [-8.649932, 41.294229], [-8.651366, 41.303241], [-8.656766, 41.312265], [-8.665971, 41.3213], [-8.697855, 41.345484], [-8.709774, 41.353191], [-8.733634, 41.3652], [-8.75752, 41.372441], [-8.769475, 41.373399], [-8.781436, 41.372512], [-8.793404, 41.369198], [-8.808217, 41.360694], [-8.805081, 41.281144]], [[-8.745694, 41.338688], [-8.733738, 41.339695], [-8.70985, 41.33606], [-8.686007, 41.323765], [-8.673874, 41.312315], [-8.668563, 41.303292], [-8.667444, 41.294281], [-8.67061, 41.285282], [-8.679173, 41.276299], [-8.686253, 41.272275], [-8.697848, 41.267341], [-8.710166, 41.264817], [-8.734043, 41.264658], [-8.747847, 41.267462], [-8.757894, 41.271666], [-8.766713, 41.276509], [-8.776231, 41.285536], [-8.780918, 41.294553], [-8.782555, 41.303564], [-8.781114, 41.312569], [-8.776472, 41.321568], [-8.766533, 41.330555], [-8.757658, 41.335313], [-8.745694, 41.338688]]], [[[-8.549217, 41.230824], [-8.555185, 41.232809], [-8.567135, 41.230241], [-8.571406, 41.221901], [-8.567252, 41.212491], [-8.555338, 41.210285], [-8.547583, 41.212802], [-8.541655, 41.221786], [-8.549217, 41.230824]]]]}}, {"id": "23", "type": "Feature", "properties": {"fill": "#1f4099", "value_min": 3.67, "value_max": -4.0}, "geometry": {"type": "MultiPolygon", "coordinates": [[[[-7.970347, 41.874986], [-7.984479, 41.867574], [-7.991098, 41.857792], [-7.992925, 41.848801], [-7.991628, 41.839783], [-7.988752, 41.830751], [-7.985107, 41.827805], [-7.973176, 41.820858], [-7.961157, 41.819514], [-7.937062, 41.820375], [-7.922553, 41.830149], [-7.918893, 41.848128], [-7.919395, 41.857139], [-7.924231, 41.867571], [-7.937641, 41.874936], [-7.94222, 41.870892], [-7.951254, 41.871132], [-7.956367, 41.87339], [-7.956362, 41.875191], [-7.960878, 41.875648], [-7.962086, 41.874074], [-7.970347, 41.874986]]], [[[-8.107594, 41.678886], [-8.100697, 41.669557], [-8.095745, 41.667082], [-8.08374, 41.666592], [-8.071643, 41.672476], [-8.069256, 41.678314], [-8.071498, 41.682581], [-8.083412, 41.689719], [-8.095435, 41.689208], [-8.107594, 41.678886]]]]}}, {"id": "22", "type": "Feature", "properties": {"fill": "#214db8", "value_min": 3.33, "value_max": -3.67}, "geometry": {"type": "MultiPolygon", "coordinates": [[[[-7.999063, 41.851165], [-7.998044, 41.839839], [-7.99316, 41.83079], [-7.98087, 41.821674], [-7.973212, 41.818624], [-7.961189, 41.81753], [-7.937089, 41.818743], [-7.924935, 41.825544], [-7.920248, 41.830127], [-7.91323, 41.848074], [-7.914385, 41.857092], [-7.918176, 41.866135], [-7.924148, 41.872537], [-7.931361, 41.876705], [-7.937641, 41.874936], [-7.924231, 41.867571], [-7.919395, 41.857139], [-7.918893, 41.848128], [-7.922553, 41.830149], [-7.937062, 41.820375], [-7.961157, 41.819514], [-7.973176, 41.820858], [-7.985107, 41.827805], [-7.988752, 41.830751], [-7.991628, 41.839783], [-7.992925, 41.848801], [-7.991098, 41.857792], [-7.984479, 41.867574], [-7.970347, 41.874986], [-7.973828, 41.875216], [-7.987996, 41.869157], [-7.990123, 41.860157], [-7.995547, 41.858138], [-7.994044, 41.856786], [-7.994652, 41.853861], [-7.996765, 41.851162], [-7.999063, 41.851165]]], [[[-7.858204, 41.757473], [-7.865834, 41.762799], [-7.869787, 41.757587], [-7.865977, 41.754661], [-7.858204, 41.757473]]], [[[-8.083379, 41.692002], [-8.095412, 41.690885], [-8.109731, 41.678634], [-8.105683, 41.669596], [-8.095779, 41.664645], [-8.08378, 41.663761], [-8.070457, 41.669316], [-8.066953, 41.678295], [-8.071437, 41.686829], [-8.083379, 41.692002]], [[-8.107594, 41.678886], [-8.095435, 41.689208], [-8.083412, 41.689719], [-8.071498, 41.682581], [-8.069256, 41.678314], [-8.071643, 41.672476], [-8.08374, 41.666592], [-8.095745, 41.667082], [-8.100697, 41.669557], [-8.107594, 41.678886]]]]}}]}