{"type": "FeatureCollection", "features": [{"id": "23", "type": "Feature", "properties": {"fill": "#1f4099", "value_min": 3.67, "value_max": -4.0}, "geometry": {"type": "Polygon", "coordinates": [[[-8.361734, 41.492508], [-8.362376, 41.482154], [-8.34997, 41.470961], [-8.337998, 41.470572], [-8.329018, 41.472957], [-8.325974, 41.475211], [-8.322221, 41.481925], [-8.32226, 41.490932], [-8.328649, 41.499977], [-8.337673, 41.502469], [-8.349657, 41.50225], [-8.361734, 41.492508]]]}}, {"id": "1", "type": "Feature", "properties": {"fill": "#9c1c1c", "value_min": -3.67, "value_max": -3.33}, "geometry": {"type": "MultiPolygon", "coordinates": [[[[-7.888662, 41.834125], [-7.899308, 41.820922], [-7.903588, 41.811956], [-7.901283, 41.800311], [-7.895999, 41.79387], [-7.889419, 41.790269], [-7.877423, 41.788063], [-7.853322, 41.789865], [-7.842145, 41.793339], [-7.829298, 41.802216], [-7.823663, 41.811165], [-7.822914, 41.820164], [-7.82651, 41.829208], [-7.840368, 41.84083], [-7.85235, 41.844284], [-7.864395, 41.844316], [-7.876496, 41.841123], [-7.888662, 41.834125]], [[-7.854159, 41.838494], [-7.840516, 41.832611], [-7.836646, 41.829311], [-7.832316, 41.82026], [-7.832608, 41.811256], [-7.836552, 41.80229], [-7.851669, 41.793435], [-7.865338, 41.790939], [-7.877374, 41.790876], [-7.888006, 41.793792], [-7.896242, 41.802879], [-7.897915, 41.811902], [-7.88939, 41.829833], [-7.876587, 41.835906], [-7.864478, 41.83961], [-7.854159, 41.838494]]], [[[-8.119391, 41.6948], [-8.115615, 41.696694], [-8.119322, 41.699851], [-8.121881, 41.696742], [-8.119391, 41.6948]]], [[[-8.673309, 41.473375], [-8.661332, 41.473455], [-8.661302, 41.479273], [-8.673275, 41.48026], [-8.67463, 41.474454], [-8.673309, 41.473375]]], [[[-8.362948, 41.368439], [-8.35518, 41.374024], [-8.362848, 41.378687], [-8.368987, 41.374101], [-8.362948, 41.368439]]], [[[-8.722356, 41.205368], [-8.726587, 41.19535], [-8.725678, 41.18634], [-8.720036, 41.177319], [-8.710582, 41.170355], [-8.698679, 41.166525], [-8.686761, 41.166077], [-8.674827, 41.168841], [-8.661769, 41.177162], [-8.655932, 41.186153], [-8.654438, 41.195156], [-8.65695, 41.204172], [-8.665123, 41.213204], [-8.674584, 41.217806], [-8.686503, 41.220186], [-8.698437, 41.219293], [-8.714055, 41.213336], [-8.722356, 41.205368]], [[-8.686538, 41.212777], [-8.674635, 41.207612], [-8.670861, 41.204212], [-8.668436, 41.195198], [-8.67475, 41.184375], [-8.686695, 41.179748], [-8.698614, 41.180762], [-8.707907, 41.186297], [-8.710495, 41.190153], [-8.7124, 41.195316], [-8.710442, 41.202127], [-8.709584, 41.204317], [-8.698473, 41.21133], [-8.686538, 41.212777]]]]}}, {"id": "7", "type": "Feature", "properties": {"fill": "#cba158", "value_min": -1.67, "value_max": -1.33}, "geometry": {"type": "MultiPolygon", "coordinates": [[[[-8.666975, 41.586425], [-8.670979, 41.587982], [-8.684455, 41.586117], [-8.685608, 41.58071], [-8.697261, 41.576376], [-8.701703, 41.570277], [-8.707704, 41.570923], [-8.712485, 41.569323], [-8.716422, 41.573805], [-8.720316, 41.57356], [-8.725151, 41.577811], [-8.726633, 41.576003], [-8.734424, 41.575737], [-8.736564, 41.580228], [-8.738354, 41.579318], [-8.740778, 41.582006], [-8.74467, 41.581535], [-8.750711, 41.58623], [-8.75993, 41.578527], [-8.767441, 41.580286], [-8.769874, 41.583874], [-8.768997, 41.58613], [-8.773228, 41.589482], [-8.774165, 41.593303], [-8.78556, 41.593464], [-8.797327, 41.600599], [-8.804218, 41.600109], [-8.80456, 41.604158], [-8.809434, 41.611332], [-8.828644, 41.609656], [-8.82839, 41.585633], [-8.818497, 41.554794], [-8.8221, 41.547542], [-8.821965, 41.534907], [-8.815926, 41.525624], [-8.814016, 41.517569], [-8.794908, 41.528776], [-8.780895, 41.533334], [-8.7689, 41.535544], [-8.744921, 41.536276], [-8.72096, 41.532907], [-8.697019, 41.525672], [-8.649193, 41.5036], [-8.628852, 41.49233], [-8.61874, 41.48329], [-8.615468, 41.474271], [-8.615562, 41.465264], [-8.620747, 41.438259], [-8.619881, 41.429248], [-8.614024, 41.420221], [-8.602321, 41.411174], [-8.571105, 41.393047], [-8.530361, 41.366655], [-8.518451, 41.360312], [-8.506521, 41.356902], [-8.494569, 41.356516], [-8.482588, 41.359851], [-8.470568, 41.367727], [-8.443022, 41.392498], [-8.428498, 41.401434], [-8.41042, 41.408005], [-8.386451, 41.412219], [-8.362519, 41.41242], [-8.338631, 41.408241], [-8.326712, 41.403786], [-8.309832, 41.391776], [-8.300949, 41.373707], [-8.298903, 41.346672], [-8.303191, 41.323517], [-8.301216, 41.319694], [-8.296431, 41.316774], [-8.297618, 41.313846], [-8.295817, 41.310022], [-8.281801, 41.316569], [-8.281808, 41.319721], [-8.278828, 41.321976], [-8.278238, 41.325128], [-8.273161, 41.325134], [-8.271457, 41.326712], [-8.279521, 41.343756], [-8.291044, 41.383328], [-8.294795, 41.391685], [-8.303048, 41.400743], [-8.320482, 41.409855], [-8.338565, 41.414721], [-8.398322, 41.422469], [-8.410262, 41.425409], [-8.417753, 41.428403], [-8.422445, 41.437434], [-8.419344, 41.446426], [-8.409968, 41.457838], [-8.402931, 41.473364], [-8.401805, 41.482366], [-8.408368, 41.509422], [-8.406625, 41.518421], [-8.392778, 41.54537], [-8.386135, 41.56335], [-8.384948, 41.572351], [-8.387697, 41.581372], [-8.396806, 41.586004], [-8.444754, 41.590772], [-8.4687, 41.596917], [-8.488994, 41.608889], [-8.500891, 41.617949], [-8.535385, 41.650887], [-8.537951, 41.649302], [-8.537634, 41.646602], [-8.543876, 41.637352], [-8.543855, 41.633976], [-8.536342, 41.631977], [-8.535132, 41.630406], [-8.543431, 41.61462], [-8.554533, 41.615255], [-8.557244, 41.617046], [-8.562639, 41.61635], [-8.568056, 41.619031], [-8.570735, 41.616095], [-8.577321, 41.614269], [-8.581231, 41.615829], [-8.585766, 41.620988], [-8.591462, 41.620515], [-8.596534, 41.616668], [-8.601628, 41.615972], [-8.603996, 41.611686], [-8.609369, 41.608287], [-8.614156, 41.606692], [-8.619881, 41.610269], [-8.621338, 41.604636], [-8.628833, 41.604378], [-8.636302, 41.600744], [-8.639873, 41.597352], [-8.640152, 41.59465], [-8.645536, 41.593051], [-8.646744, 41.594171], [-8.649125, 41.591909], [-8.656622, 41.5921], [-8.659898, 41.589369], [-8.64872, 41.591067], [-8.636725, 41.590613], [-8.624742, 41.587998], [-8.60083, 41.574429], [-8.588904, 41.563516], [-8.575206, 41.546189], [-8.57018, 41.537163], [-8.561314, 41.510107], [-8.551929, 41.501064], [-8.520853, 41.482923], [-8.49859, 41.464814], [-8.485997, 41.446743], [-8.483048, 41.437722], [-8.482842, 41.428714], [-8.486786, 41.419724], [-8.497021, 41.410762], [-8.50615, 41.405953], [-8.51814, 41.40244], [-8.530113, 41.401196], [-8.55402, 41.403984], [-8.577889, 41.412957], [-8.589809, 41.42024], [-8.599231, 41.429178], [-8.604087, 41.438203], [-8.605755, 41.447216], [-8.603005, 41.474229], [-8.604112, 41.48324], [-8.615066, 41.492285], [-8.637221, 41.501788], [-8.667032, 41.519469], [-8.67668, 41.528504], [-8.687566, 41.546549], [-8.689249, 41.555561], [-8.688066, 41.564565], [-8.68481, 41.571541], [-8.674475, 41.582542], [-8.666975, 41.586425]], [[-8.540575, 41.613806], [-8.528577, 41.613253], [-8.516595, 41.610487], [-8.504629, 41.605902], [-8.468783, 41.586788], [-8.432859, 41.578955], [-8.420901, 41.574697], [-8.408995, 41.564919], [-8.404974, 41.554441], [-8.405416, 41.545436], [-8.419624, 41.509479], [-8.416281, 41.500455], [-8.409647, 41.49333], [-8.406706, 41.482391], [-8.409853, 41.470539], [-8.421919, 41.460459], [-8.433922, 41.457107], [-8.445896, 41.456989], [-8.457847, 41.459698], [-8.46978, 41.464756], [-8.505565, 41.483122], [-8.518422, 41.491921], [-8.537155, 41.510013], [-8.550493, 41.537088], [-8.567412, 41.564174], [-8.573892, 41.582213], [-8.573757, 41.59122], [-8.570047, 41.600214], [-8.564635, 41.605687], [-8.552591, 41.611814], [-8.540575, 41.613806]]], [[[-8.069282, 41.571424], [-8.122154, 41.579652], [-8.144015, 41.588824], [-8.14889, 41.597867], [-8.144677, 41.600293], [-8.140031, 41.606808], [-8.132549, 41.609852], [-8.120403, 41.620509], [-8.111355, 41.633612], [-8.109523, 41.642605], [-8.114274, 41.651648], [-8.119935, 41.654895], [-8.13191, 41.657509], [-8.143923, 41.657323], [-8.162174, 41.652008], [-8.175342, 41.643096], [-8.192443, 41.619], [-8.204515, 41.61341], [-8.216518, 41.613345], [-8.24045, 41.619489], [-8.276266, 41.636864], [-8.300357, 41.652932], [-8.32306, 41.671082], [-8.329195, 41.680125], [-8.335048, 41.70718], [-8.349818, 41.745154], [-8.352516, 41.743441], [-8.352203, 41.739616], [-8.356398, 41.736231], [-8.357897, 41.735103], [-8.361688, 41.735771], [-8.357899, 41.716317], [-8.360315, 41.707324], [-8.369313, 41.698366], [-8.408866, 41.680562], [-8.416807, 41.671596], [-8.416457, 41.662587], [-8.410421, 41.653549], [-8.3963, 41.640314], [-8.377513, 41.626354], [-8.360599, 41.607775], [-8.348662, 41.601405], [-8.324729, 41.594996], [-8.300829, 41.585944], [-8.288914, 41.578454], [-8.281976, 41.571754], [-8.276933, 41.562715], [-8.275632, 41.553699], [-8.280095, 41.526705], [-8.279562, 41.508687], [-8.271463, 41.490622], [-8.266002, 41.483063], [-8.254139, 41.472989], [-8.242245, 41.465964], [-8.230319, 41.461811], [-8.218377, 41.4591], [-8.182511, 41.454703], [-8.170585, 41.450996], [-8.124011, 41.426541], [-8.109036, 41.417419], [-8.101926, 41.411204], [-8.092756, 41.411201], [-8.09126, 41.414352], [-8.079893, 41.41975], [-8.077503, 41.416597], [-8.070923, 41.41862], [-8.066739, 41.416142], [-8.061654, 41.417489], [-8.059852, 41.424916], [-8.055959, 41.429415], [-8.05745, 41.432793], [-8.056549, 41.436394], [-8.069999, 41.447206], [-8.068788, 41.462286], [-8.073872, 41.46499], [-8.074468, 41.468141], [-8.073564, 41.474668], [-8.066973, 41.481974], [-8.074344, 41.483597], [-8.084883, 41.489288], [-8.11009, 41.497368], [-8.122053, 41.498727], [-8.146028, 41.497683], [-8.157958, 41.50163], [-8.162908, 41.507897], [-8.168454, 41.525952], [-8.165858, 41.543948], [-8.158515, 41.552902], [-8.145203, 41.560416], [-8.133165, 41.563831], [-8.121151, 41.565371], [-8.097176, 41.564577], [-8.081279, 41.561561], [-8.081576, 41.565157], [-8.078879, 41.56493], [-8.077678, 41.566956], [-8.073182, 41.568079], [-8.069282, 41.571424]], [[-8.371861, 41.683998], [-8.35252, 41.680259], [-8.340009, 41.67118], [-8.341935, 41.662184], [-8.35167, 41.653233], [-8.360188, 41.649441], [-8.37222, 41.646988], [-8.384217, 41.648264], [-8.395014, 41.653469], [-8.402403, 41.662515], [-8.402038, 41.67152], [-8.39595, 41.677728], [-8.383885, 41.683028], [-8.371861, 41.683998]], [[-8.132037, 41.648047], [-8.121651, 41.642698], [-8.11902, 41.633671], [-8.132392, 41.62159], [-8.144395, 41.621602], [-8.150618, 41.624901], [-8.155394, 41.633944], [-8.150846, 41.642917], [-8.144064, 41.64666], [-8.132037, 41.648047]], [[-8.241252, 41.551065], [-8.229247, 41.552259], [-8.217277, 41.55047], [-8.205377, 41.543143], [-8.198448, 41.535173], [-8.190613, 41.517103], [-8.190813, 41.49909], [-8.195332, 41.490114], [-8.205566, 41.481178], [-8.218172, 41.476192], [-8.230163, 41.474934], [-8.242124, 41.476317], [-8.254046, 41.481131], [-8.265921, 41.490179], [-8.271948, 41.499632], [-8.274846, 41.508658], [-8.274807, 41.517665], [-8.27191, 41.526654], [-8.265395, 41.536739], [-8.253299, 41.546116], [-8.241252, 41.551065]], [[-8.110317, 41.480842], [-8.110328, 41.480023], [-8.122366, 41.480573], [-8.122297, 41.480649], [-8.110317, 41.480842]]], [[[-8.35009, 41.745922], [-8.35009, 41.745922], [-8.350121, 41.746008], [-8.35009, 41.745922]]], [[[-8.35017, 41.746147], [-8.35017, 41.746147], [-8.350424, 41.746862], [-8.35017, 41.746147]]], [[[-8.352169, 41.75177], [-8.352169, 41.75177], [-8.352549, 41.752899], [-8.352169, 41.75177]]], [[[-8.664679, 41.587461], [-8.664679, 41.587461], [-8.664454, 41.587562], [-8.664679, 41.587461]]], [[[-8.664381, 41.587595], [-8.661428, 41.588927], [-8.663794, 41.589141], [-8.664381, 41.587595]]], [[[-8.057139, 41.815881], [-8.0336, 41.806247], [-8.009586, 41.802249], [-7.985487, 41.803769], [-7.937215, 41.811151], [-7.925124, 41.814246], [-7.916517, 41.821085], [-7.90902, 41.830021], [-7.892181, 41.859095], [-7.898356, 41.860458], [-7.901931, 41.847967], [-7.912835, 41.828985], [-7.925073, 41.817275], [-7.937177, 41.813442], [-7.973361, 41.809281], [-7.997415, 41.810813], [-8.009401, 41.814254], [-8.021354, 41.819941], [-8.03476, 41.830269], [-8.037134, 41.831171], [-8.038941, 41.830047], [-8.041351, 41.828023], [-8.041054, 41.825097], [-8.045268, 41.824425], [-8.047679, 41.821276], [-8.057139, 41.815881]]], [[[-7.885885, 41.757745], [-7.881205, 41.748692], [-7.866201, 41.741943], [-7.854167, 41.742366], [-7.842038, 41.748304], [-7.837278, 41.757263], [-7.842174, 41.766319], [-7.853641, 41.771907], [-7.865654, 41.77301], [-7.881941, 41.766713], [-7.885885, 41.757745]], [[-7.853728, 41.767027], [-7.847551, 41.757366], [-7.854032, 41.749967], [-7.8661, 41.747689], [-7.877969, 41.756759], [-7.877931, 41.758902], [-7.872265, 41.766619], [-7.865725, 41.768936], [-7.853728, 41.767027]]], [[[-8.1907, 41.758192], [-8.195122, 41.75132], [-8.195423, 41.742315], [-8.188204, 41.733258], [-8.179045, 41.728856], [-8.167027, 41.728404], [-8.156624, 41.73303], [-8.148159, 41.741975], [-8.14739, 41.750976], [-8.154569, 41.761531], [-8.166534, 41.766536], [-8.178574, 41.765796], [-8.1907, 41.758192]]], [[[-8.059023, 41.714151], [-8.065356, 41.705303], [-8.060418, 41.696256], [-8.047277, 41.695502], [-8.039322, 41.705088], [-8.046997, 41.714458], [-8.059023, 41.714151]]], [[[-8.095469, 41.686816], [-8.103183, 41.678584], [-8.102238, 41.669569], [-8.095792, 41.663712], [-8.083779, 41.663814], [-8.07459, 41.66935], [-8.069518, 41.678316], [-8.0715, 41.682461], [-8.074755, 41.687365], [-8.083406, 41.690102], [-8.095469, 41.686816]]], [[[-8.808841, 41.376494], [-8.793376, 41.378067], [-8.76946, 41.377568], [-8.745558, 41.373642], [-8.721678, 41.365005], [-8.697832, 41.350459], [-8.658963, 41.321279], [-8.640207, 41.303207], [-8.636139, 41.294186], [-8.636222, 41.285179], [-8.640334, 41.276184], [-8.648963, 41.267203], [-8.664706, 41.258242], [-8.6744, 41.254926], [-8.710244, 41.247116], [-8.746067, 41.242457], [-8.781875, 41.240818], [-8.803548, 41.242169], [-8.802792, 41.222934], [-8.723574, 41.240383], [-8.67206, 41.249255], [-8.650527, 41.254978], [-8.642261, 41.258174], [-8.628176, 41.267137], [-8.619172, 41.276116], [-8.614735, 41.285109], [-8.614533, 41.294116], [-8.619646, 41.303141], [-8.63167, 41.312188], [-8.662073, 41.330672], [-8.683823, 41.348373], [-8.721575, 41.389153], [-8.733504, 41.397121], [-8.780107, 41.420659], [-8.805907, 41.437682], [-8.807354, 41.425915], [-8.811193, 41.416638], [-8.808841, 41.376494]]]]}}, {"id": "13", "type": "Feature", "properties": {"fill": "#a3a3a3", "value_min": 0.33, "value_max": -0.67}, "geometry": {"type": "MultiPolygon", "coordinates": [[[[-7.956364, 41.874429], [-7.972368, 41.871411], [-7.98024, 41.866703], [-7.988714, 41.857771], [-7.991785, 41.848791], [-7.990704, 41.839775], [-7.984316, 41.830712], [-7.973131, 41.82371], [-7.961143, 41.820402], [-7.949107, 41.820105], [-7.937022, 41.822813], [-7.925488, 41.830176], [-7.919727, 41.839129], [-7.918462, 41.848124], [-7.921071, 41.857155], [-7.92912, 41.866237], [-7.939808, 41.8721], [-7.941618, 41.870891], [-7.951254, 41.871132], [-7.954864, 41.872262], [-7.956364, 41.874429]], [[-7.948285, 41.8703], [-7.936299, 41.866472], [-7.925164, 41.857194], [-7.921375, 41.848151], [-7.922198, 41.839152], [-7.928092, 41.830201], [-7.936994, 41.824517], [-7.949081, 41.821679], [-7.961114, 41.822221], [-7.973088, 41.826362], [-7.979975, 41.830673], [-7.98561, 41.83973], [-7.986394, 41.848744], [-7.98229, 41.857714], [-7.972457, 41.865842], [-7.960339, 41.870072], [-7.948285, 41.8703]]], [[[-8.361414, 41.525153], [-8.373479, 41.516908], [-8.380002, 41.509273], [-8.38382, 41.500286], [-8.384708, 41.482276], [-8.380396, 41.464238], [-8.373853, 41.455195], [-8.362177, 41.447373], [-8.350242, 41.443681], [-8.338285, 41.442286], [-8.326308, 41.442912], [-8.314306, 41.445931], [-8.299079, 41.454764], [-8.292508, 41.463731], [-8.290241, 41.472724], [-8.292262, 41.490751], [-8.30055, 41.508817], [-8.313496, 41.522691], [-8.325426, 41.52798], [-8.337391, 41.530107], [-8.349389, 41.52905], [-8.361414, 41.525153]], [[-8.349429, 41.525044], [-8.337435, 41.52585], [-8.325468, 41.523932], [-8.313549, 41.517694], [-8.301705, 41.504613], [-8.295417, 41.490771], [-8.294425, 41.47275], [-8.298242, 41.463766], [-8.307374, 41.454814], [-8.314254, 41.450788], [-8.326263, 41.447302], [-8.338243, 41.44647], [-8.350202, 41.44765], [-8.362135, 41.451607], [-8.374017, 41.461006], [-8.380491, 41.473246], [-8.382537, 41.491272], [-8.380817, 41.50027], [-8.375816, 41.50925], [-8.361455, 41.520974], [-8.349429, 41.525044]]], [[[-8.745768, 41.319615], [-8.75523, 41.312517], [-8.757757, 41.30854], [-8.760696, 41.30352], [-8.76167, 41.294515], [-8.758363, 41.2855], [-8.749679, 41.276474], [-8.734022, 41.269771], [-8.72209, 41.268098], [-8.710147, 41.26897], [-8.698192, 41.272577], [-8.691424, 41.276332], [-8.68275, 41.285316], [-8.680195, 41.294317], [-8.682079, 41.30333], [-8.688874, 41.312356], [-8.704095, 41.321404], [-8.709905, 41.323602], [-8.721848, 41.325186], [-8.733802, 41.324045], [-8.745768, 41.319615]], [[-8.721872, 41.319553], [-8.709929, 41.318314], [-8.698004, 41.313332], [-8.688755, 41.303348], [-8.686643, 41.294335], [-8.690152, 41.285337], [-8.698166, 41.278234], [-8.710126, 41.273791], [-8.722069, 41.273127], [-8.736097, 41.276443], [-8.748011, 41.285478], [-8.751713, 41.294494], [-8.75034, 41.303498], [-8.742884, 41.31249], [-8.733829, 41.317235], [-8.721872, 41.319553]]]]}}, {"id": "12", "type": "Feature", "properties": {"fill": "#a3a3a3", "value_min": 0.0, "value_max": -0.33}, "geometry": {"type": "MultiPolygon", "coordinates": [[[[-7.986903, 41.869156], [-7.988601, 41.867693], [-7.990123, 41.860157], [-7.99531, 41.858138], [-7.995457, 41.857913], [-7.994047, 41.855211], [-7.996725, 41.851612], [-7.996765, 41.851411], [-7.996817, 41.851162], [-7.9958, 41.839819], [-7.990179, 41.830763], [-7.974866, 41.821621], [-7.961173, 41.818536], [-7.949133, 41.8185], [-7.93705, 41.821089], [-7.922827, 41.830151], [-7.917255, 41.839106], [-7.915549, 41.848096], [-7.917045, 41.857117], [-7.922489, 41.866175], [-7.93482, 41.875156], [-7.937389, 41.87516], [-7.939808, 41.8721], [-7.92912, 41.866237], [-7.921071, 41.857155], [-7.918462, 41.848124], [-7.919727, 41.839129], [-7.925488, 41.830176], [-7.937022, 41.822813], [-7.949107, 41.820105], [-7.961143, 41.820402], [-7.973131, 41.82371], [-7.984316, 41.830712], [-7.990704, 41.839775], [-7.991785, 41.848791], [-7.988714, 41.857771], [-7.98024, 41.866703], [-7.972368, 41.871411], [-7.956364, 41.874429], [-7.960576, 41.875647], [-7.962086, 41.874074], [-7.973828, 41.875216], [-7.986903, 41.869156]]], [[[-8.432626, 41.71715], [-8.419305, 41.707637], [-8.407652, 41.711815], [-8.403735, 41.716564], [-8.405496, 41.722845], [-8.417349, 41.725067], [-8.422737, 41.720552], [-8.429643, 41.719859], [-8.430533, 41.717381], [-8.432626, 41.71715]]], [[[-8.444483, 41.622409], [-8.438733, 41.626669], [-8.444401, 41.631911], [-8.451505, 41.626731], [-8.444483, 41.622409]]], [[[-8.625102, 41.525666], [-8.622587, 41.528339], [-8.62508, 41.529509], [-8.626802, 41.528353], [-8.625102, 41.525666]]], [[[-8.373423, 41.522676], [-8.384187, 41.509295], [-8.387248, 41.500304], [-8.386418, 41.473277], [-8.380095, 41.455229], [-8.369638, 41.446164], [-8.362226, 41.442394], [-8.350287, 41.439208], [-8.326358, 41.438115], [-8.314368, 41.43999], [-8.302347, 41.44471], [-8.29057, 41.454711], [-8.285959, 41.46369], [-8.284883, 41.472691], [-8.292233, 41.499759], [-8.302334, 41.517835], [-8.313439, 41.528086], [-8.32537, 41.533392], [-8.337342, 41.534941], [-8.349339, 41.534045], [-8.361364, 41.530239], [-8.373423, 41.522676]], [[-8.361414, 41.525153], [-8.349389, 41.52905], [-8.337391, 41.530107], [-8.325426, 41.52798], [-8.313496, 41.522691], [-8.30055, 41.508817], [-8.292262, 41.490751], [-8.290241, 41.472724], [-8.292508, 41.463731], [-8.299079, 41.454764], [-8.314306, 41.445931], [-8.326308, 41.442912], [-8.338285, 41.442286], [-8.350242, 41.443681], [-8.362177, 41.447373], [-8.373853, 41.455195], [-8.380396, 41.464238], [-8.384708, 41.482276], [-8.38382, 41.500286], [-8.380002, 41.509273], [-8.373479, 41.516908], [-8.361414, 41.525153]]], [[[-8.109724, 41.524126], [-8.097721, 41.525362], [-8.097661, 41.525419], [-8.109661, 41.528709], [-8.111348, 41.525525], [-8.109724, 41.524126]]], [[[-8.553723, 41.44734], [-8.541715, 41.452554], [-8.539979, 41.455979], [-8.541672, 41.458706], [-8.553611, 41.463723], [-8.561511, 41.456063], [-8.553723, 41.44734]]], [[[-8.745735, 41.327985], [-8.758832, 41.321532], [-8.767968, 41.312543], [-8.772206, 41.303544], [-8.772819, 41.294537], [-8.769708, 41.285523], [-8.762612, 41.276501], [-8.745971, 41.267205], [-8.734044, 41.264352], [-8.72211, 41.263486], [-8.710167, 41.264454], [-8.698391, 41.267343], [-8.686247, 41.273592], [-8.675731, 41.285297], [-8.673747, 41.294299], [-8.675682, 41.303312], [-8.68163, 41.312337], [-8.697953, 41.324318], [-8.709882, 41.328762], [-8.721824, 41.330757], [-8.733775, 41.330554], [-8.745735, 41.327985]], [[-8.745768, 41.319615], [-8.733802, 41.324045], [-8.721848, 41.325186], [-8.709905, 41.323602], [-8.704095, 41.321404], [-8.688874, 41.312356], [-8.682079, 41.30333], [-8.680195, 41.294317], [-8.68275, 41.285316], [-8.691424, 41.276332], [-8.698192, 41.272577], [-8.710147, 41.26897], [-8.72209, 41.268098], [-8.734022, 41.269771], [-8.749679, 41.276474], [-8.758363, 41.2855], [-8.76167, 41.294515], [-8.760696, 41.30352], [-8.757757, 41.30854], [-8.75523, 41.312517], [-8.745768, 41.319615]]]]}}, {"id": "14", "type": "Feature", "properties": {"fill": "#a3a3a3", "value_min": 0.67, "value_max": -1.0}, "geometry": {"type": "MultiPolygon", "coordinates": [[[[-7.948285, 41.8703], [-7.960339, 41.870072], [-7.972457, 41.865842], [-7.98229, 41.857714], [-7.986394, 41.848744], [-7.98561, 41.83973], [-7.979975, 41.830673], [-7.973088, 41.826362], [-7.961114, 41.822221], [-7.949081, 41.821679], [-7.936994, 41.824517], [-7.928092, 41.830201], [-7.922198, 41.839152], [-7.921375, 41.848151], [-7.925164, 41.857194], [-7.936299, 41.866472], [-7.948285, 41.8703]], [[-7.960407, 41.865866], [-7.948351, 41.866283], [-7.936359, 41.86285], [-7.929591, 41.857235], [-7.924289, 41.848179], [-7.924671, 41.839175], [-7.930694, 41.830225], [-7.936965, 41.826221], [-7.949058, 41.823131], [-7.961085, 41.823969], [-7.973046, 41.829015], [-7.981812, 41.839696], [-7.981884, 41.848704], [-7.976425, 41.857662], [-7.972536, 41.860876], [-7.960407, 41.865866]]], [[[-8.349429, 41.525044], [-8.361455, 41.520974], [-8.375816, 41.50925], [-8.380817, 41.50027], [-8.382537, 41.491272], [-8.380491, 41.473246], [-8.374017, 41.461006], [-8.362135, 41.451607], [-8.350202, 41.44765], [-8.338243, 41.44647], [-8.326263, 41.447302], [-8.314254, 41.450788], [-8.307374, 41.454814], [-8.298242, 41.463766], [-8.294425, 41.47275], [-8.295417, 41.490771], [-8.301705, 41.504613], [-8.313549, 41.517694], [-8.325468, 41.523932], [-8.337435, 41.52585], [-8.349429, 41.525044]], [[-8.337468, 41.522589], [-8.325507, 41.520192], [-8.31359, 41.51382], [-8.308561, 41.508865], [-8.302275, 41.49982], [-8.297213, 41.481774], [-8.298609, 41.472776], [-8.302116, 41.466313], [-8.314205, 41.455528], [-8.326224, 41.451009], [-8.33821, 41.449737], [-8.350169, 41.451048], [-8.362095, 41.455686], [-8.37226, 41.464194], [-8.377587, 41.47323], [-8.380105, 41.491258], [-8.377815, 41.500254], [-8.373575, 41.507001], [-8.361492, 41.517149], [-8.349463, 41.521661], [-8.337468, 41.522589]]], [[[-8.721872, 41.319553], [-8.733829, 41.317235], [-8.742884, 41.31249], [-8.75034, 41.303498], [-8.751713, 41.294494], [-8.748011, 41.285478], [-8.736097, 41.276443], [-8.722069, 41.273127], [-8.710126, 41.273791], [-8.698166, 41.278234], [-8.690152, 41.285337], [-8.686643, 41.294335], [-8.688755, 41.303348], [-8.698004, 41.313332], [-8.709929, 41.318314], [-8.721872, 41.319553]], [[-8.709953, 41.31293], [-8.695907, 41.303367], [-8.69375, 41.294354], [-8.698134, 41.285168], [-8.710102, 41.27933], [-8.722045, 41.278735], [-8.737194, 41.285454], [-8.741984, 41.294472], [-8.739957, 41.303475], [-8.733862, 41.309234], [-8.726776, 41.312453], [-8.721896, 41.313726], [-8.709953, 41.31293]]]]}}, {"id": "15", "type": "Feature", "properties": {"fill": "#97a3b2", "value_min": 1.0, "value_max": -1.33}, "geometry": {"type": "MultiPolygon", "coordinates": [[[[-7.960407, 41.865866], [-7.972536, 41.860876], [-7.976425, 41.857662], [-7.981884, 41.848704], [-7.981812, 41.839696], [-7.973046, 41.829015], [-7.961085, 41.823969], [-7.949058, 41.823131], [-7.936965, 41.826221], [-7.930694, 41.830225], [-7.924671, 41.839175], [-7.924289, 41.848179], [-7.929591, 41.857235], [-7.936359, 41.86285], [-7.948351, 41.866283], [-7.960407, 41.865866]], [[-7.948401, 41.863263], [-7.934018, 41.857276], [-7.927235, 41.848206], [-7.927014, 41.839197], [-7.933297, 41.830249], [-7.936937, 41.827925], [-7.949034, 41.824584], [-7.961057, 41.825719], [-7.971491, 41.830598], [-7.978219, 41.839664], [-7.97775, 41.848667], [-7.970247, 41.857607], [-7.960463, 41.862436], [-7.948401, 41.863263]]], [[[-8.337468, 41.522589], [-8.349463, 41.521661], [-8.361492, 41.517149], [-8.373575, 41.507001], [-8.377815, 41.500254], [-8.380105, 41.491258], [-8.377587, 41.47323], [-8.37226, 41.464194], [-8.362095, 41.455686], [-8.350169, 41.451048], [-8.33821, 41.449737], [-8.326224, 41.451009], [-8.314205, 41.455528], [-8.302116, 41.466313], [-8.298609, 41.472776], [-8.297213, 41.481774], [-8.302275, 41.49982], [-8.308561, 41.508865], [-8.31359, 41.51382], [-8.325507, 41.520192], [-8.337468, 41.522589]], [[-8.337501, 41.519327], [-8.325542, 41.516861], [-8.312557, 41.508889], [-8.305283, 41.499838], [-8.300612, 41.481795], [-8.302673, 41.4728], [-8.3089, 41.46383], [-8.314161, 41.459655], [-8.326186, 41.454716], [-8.338176, 41.453004], [-8.350135, 41.454445], [-8.362063, 41.458993], [-8.368251, 41.464172], [-8.374682, 41.473214], [-8.377514, 41.482237], [-8.377672, 41.491245], [-8.373621, 41.502133], [-8.361523, 41.514041], [-8.349496, 41.518278], [-8.337501, 41.519327]]], [[[-8.709953, 41.31293], [-8.721896, 41.313726], [-8.726776, 41.312453], [-8.733862, 41.309234], [-8.739957, 41.303475], [-8.741984, 41.294472], [-8.737194, 41.285454], [-8.722045, 41.278735], [-8.710102, 41.27933], [-8.698134, 41.285168], [-8.69375, 41.294354], [-8.695907, 41.303367], [-8.709953, 41.31293]], [[-8.709986, 41.30552], [-8.706607, 41.303395], [-8.70281, 41.294378], [-8.710072, 41.286078], [-8.722016, 41.285457], [-8.731035, 41.294447], [-8.726959, 41.303445], [-8.721929, 41.306], [-8.709986, 41.30552]]]]}}, {"id": "11", "type": "Feature", "properties": {"fill": "#a3a3a3", "value_min": -0.33, "value_max": -0.0}, "geometry": {"type": "MultiPolygon", "coordinates": [[[[-8.004648, 41.84757], [-8.002851, 41.839881], [-7.996357, 41.830817], [-7.983108, 41.821694], [-7.973217, 41.818345], [-7.961203, 41.816671], [-7.94916, 41.816896], [-7.937082, 41.819177], [-7.924934, 41.825614], [-7.920148, 41.830126], [-7.914784, 41.839082], [-7.912636, 41.848069], [-7.913021, 41.857079], [-7.916564, 41.866119], [-7.924106, 41.874998], [-7.928673, 41.877846], [-7.93482, 41.875156], [-7.922489, 41.866175], [-7.917045, 41.857117], [-7.915549, 41.848096], [-7.917255, 41.839106], [-7.922827, 41.830151], [-7.93705, 41.821089], [-7.949133, 41.8185], [-7.961173, 41.818536], [-7.974866, 41.821621], [-7.990179, 41.830763], [-7.9958, 41.839819], [-7.996817, 41.851162], [-8.003089, 41.850494], [-8.004648, 41.84757]]], [[[-7.996765, 41.851411], [-7.996765, 41.851411], [-7.996725, 41.851612], [-7.996765, 41.851411]]], [[[-7.995457, 41.857913], [-7.995457, 41.857913], [-7.99531, 41.858138], [-7.995457, 41.857913]]], [[[-7.988601, 41.867693], [-7.988601, 41.867693], [-7.986903, 41.869156], [-7.988601, 41.867693]]], [[[-8.443013, 41.70992], [-8.431777, 41.702204], [-8.419775, 41.700424], [-8.407733, 41.702921], [-8.399558, 41.707535], [-8.393043, 41.716508], [-8.393727, 41.725519], [-8.397335, 41.730067], [-8.405496, 41.722845], [-8.403735, 41.716564], [-8.407652, 41.711815], [-8.419305, 41.707637], [-8.432626, 41.71715], [-8.436526, 41.714214], [-8.441333, 41.714201], [-8.443013, 41.70992]]], [[[-8.4656, 41.626797], [-8.460022, 41.617764], [-8.456544, 41.61551], [-8.444566, 41.612631], [-8.432539, 41.615559], [-8.42952, 41.617617], [-8.425163, 41.626602], [-8.429097, 41.635629], [-8.432338, 41.638434], [-8.444308, 41.642744], [-8.456332, 41.640802], [-8.462894, 41.635792], [-8.4656, 41.626797]], [[-8.444483, 41.622409], [-8.451505, 41.626731], [-8.444401, 41.631911], [-8.438733, 41.626669], [-8.444483, 41.622409]]], [[[-8.642396, 41.528403], [-8.638716, 41.519384], [-8.625171, 41.513635], [-8.613177, 41.515457], [-8.607683, 41.519282], [-8.605032, 41.52828], [-8.613037, 41.538841], [-8.62501, 41.541671], [-8.637019, 41.538045], [-8.642396, 41.528403]], [[-8.625102, 41.525666], [-8.626802, 41.528353], [-8.62508, 41.529509], [-8.622587, 41.528339], [-8.625102, 41.525666]]], [[[-8.361305, 41.536183], [-8.375479, 41.527263], [-8.383949, 41.518301], [-8.389141, 41.509322], [-8.391397, 41.491319], [-8.38913, 41.464284], [-8.386051, 41.454647], [-8.379862, 41.44622], [-8.3742, 41.44204], [-8.362277, 41.437102], [-8.350336, 41.434233], [-8.326416, 41.432442], [-8.314437, 41.433427], [-8.302436, 41.436402], [-8.286621, 41.44568], [-8.28063, 41.45465], [-8.27885, 41.463646], [-8.281676, 41.481678], [-8.296885, 41.517802], [-8.301485, 41.525048], [-8.313364, 41.535156], [-8.325301, 41.540092], [-8.337274, 41.541578], [-8.349274, 41.540451], [-8.361305, 41.536183]], [[-8.373423, 41.522676], [-8.361364, 41.530239], [-8.349339, 41.534045], [-8.337342, 41.534941], [-8.32537, 41.533392], [-8.313439, 41.528086], [-8.302334, 41.517835], [-8.292233, 41.499759], [-8.284883, 41.472691], [-8.285959, 41.46369], [-8.29057, 41.454711], [-8.302347, 41.44471], [-8.314368, 41.43999], [-8.326358, 41.438115], [-8.350287, 41.439208], [-8.362226, 41.442394], [-8.369638, 41.446164], [-8.380095, 41.455229], [-8.386418, 41.473277], [-8.387248, 41.500304], [-8.384187, 41.509295], [-8.373423, 41.522676]]], [[[-8.102266, 41.540508], [-8.109493, 41.540924], [-8.121567, 41.534629], [-8.123917, 41.525622], [-8.114807, 41.516545], [-8.109852, 41.514742], [-8.097868, 41.514748], [-8.093372, 41.516378], [-8.089996, 41.519882], [-8.090594, 41.522169], [-8.093588, 41.52307], [-8.091786, 41.531848], [-8.102266, 41.540508]], [[-8.109724, 41.524126], [-8.111348, 41.525525], [-8.109661, 41.528709], [-8.097661, 41.525419], [-8.097721, 41.525362], [-8.109724, 41.524126]]], [[[-8.573551, 41.456109], [-8.570686, 41.44709], [-8.565728, 41.442421], [-8.553787, 41.438054], [-8.541807, 41.439469], [-8.531557, 41.446938], [-8.528988, 41.455935], [-8.534079, 41.464963], [-8.541593, 41.469896], [-8.553554, 41.471993], [-8.565555, 41.468306], [-8.569544, 41.465101], [-8.573551, 41.456109]], [[-8.553723, 41.44734], [-8.561511, 41.456063], [-8.553611, 41.463723], [-8.541672, 41.458706], [-8.539979, 41.455979], [-8.541715, 41.452554], [-8.553723, 41.44734]]], [[[-8.211115, 41.376026], [-8.208054, 41.382113], [-8.216974, 41.391182], [-8.23115, 41.391382], [-8.238275, 41.382317], [-8.234664, 41.373286], [-8.231391, 41.370947], [-8.226139, 41.370426], [-8.223956, 41.37021], [-8.223888, 41.370203], [-8.223358, 41.37015], [-8.219447, 41.369762], [-8.214403, 41.372236], [-8.211115, 41.376026]]], [[[-8.76964, 41.326594], [-8.776066, 41.321567], [-8.782806, 41.312572], [-8.786219, 41.303571], [-8.786445, 41.294563], [-8.783487, 41.28555], [-8.777143, 41.27653], [-8.764771, 41.267498], [-8.745996, 41.260944], [-8.734065, 41.259189], [-8.710187, 41.260088], [-8.686443, 41.267311], [-8.674103, 41.276284], [-8.668087, 41.285275], [-8.666575, 41.294278], [-8.668709, 41.303292], [-8.674702, 41.312317], [-8.684391, 41.321352], [-8.697929, 41.329603], [-8.709857, 41.334402], [-8.721798, 41.336956], [-8.733746, 41.337615], [-8.745703, 41.336412], [-8.757667, 41.333003], [-8.76964, 41.326594]], [[-8.745735, 41.327985], [-8.733775, 41.330554], [-8.721824, 41.330757], [-8.709882, 41.328762], [-8.697953, 41.324318], [-8.68163, 41.312337], [-8.675682, 41.303312], [-8.673747, 41.294299], [-8.675731, 41.285297], [-8.686247, 41.273592], [-8.698391, 41.267343], [-8.710167, 41.264454], [-8.72211, 41.263486], [-8.734044, 41.264352], [-8.745971, 41.267205], [-8.762612, 41.276501], [-8.769708, 41.285523], [-8.772819, 41.294537], [-8.772206, 41.303544], [-8.767968, 41.312543], [-8.758832, 41.321532], [-8.745735, 41.327985]]]]}}, {"id": "16", "type": "Feature", "properties": {"fill": "#80a4d0", "value_min": 1.33, "value_max": -1.67}, "geometry": {"type": "MultiPolygon", "coordinates": [[[[-7.948401, 41.863263], [-7.960463, 41.862436], [-7.970247, 41.857607], [-7.97775, 41.848667], [-7.978219, 41.839664], [-7.971491, 41.830598], [-7.961057, 41.825719], [-7.949034, 41.824584], [-7.936937, 41.827925], [-7.933297, 41.830249], [-7.927014, 41.839197], [-7.927235, 41.848206], [-7.934018, 41.857276], [-7.948401, 41.863263]], [[-7.94845, 41.860243], [-7.936476, 41.855755], [-7.930183, 41.848234], [-7.929355, 41.839219], [-7.9359, 41.830273], [-7.94901, 41.826037], [-7.961029, 41.827469], [-7.967648, 41.830563], [-7.974625, 41.839632], [-7.973617, 41.84863], [-7.963476, 41.857546], [-7.960518, 41.859005], [-7.94845, 41.860243]]], [[[-8.337501, 41.519327], [-8.349496, 41.518278], [-8.361523, 41.514041], [-8.373621, 41.502133], [-8.377672, 41.491245], [-8.377514, 41.482237], [-8.374682, 41.473214], [-8.368251, 41.464172], [-8.362063, 41.458993], [-8.350135, 41.454445], [-8.338176, 41.453004], [-8.326186, 41.454716], [-8.314161, 41.459655], [-8.3089, 41.46383], [-8.302673, 41.4728], [-8.300612, 41.481795], [-8.305283, 41.499838], [-8.312557, 41.508889], [-8.325542, 41.516861], [-8.337501, 41.519327]], [[-8.349521, 41.515838], [-8.337528, 41.516648], [-8.32557, 41.514126], [-8.313669, 41.506311], [-8.308292, 41.499856], [-8.304361, 41.490825], [-8.303617, 41.481813], [-8.306174, 41.472821], [-8.314118, 41.463782], [-8.326156, 41.457665], [-8.338146, 41.455947], [-8.350108, 41.457131], [-8.362031, 41.462299], [-8.371937, 41.473199], [-8.375116, 41.482224], [-8.375241, 41.491232], [-8.372021, 41.500222], [-8.361553, 41.510933], [-8.349521, 41.515838]]], [[[-8.709986, 41.30552], [-8.721929, 41.306], [-8.726959, 41.303445], [-8.731035, 41.294447], [-8.722016, 41.285457], [-8.710072, 41.286078], [-8.70281, 41.294378], [-8.706607, 41.303395], [-8.709986, 41.30552]]]]}}, {"id": "10", "type": "Feature", "properties": {"fill": "#a3a3a3", "value_min": -0.67, "value_max": -0.33}, "geometry": {"type": "MultiPolygon", "coordinates": [[[[-8.009642, 41.837898], [-8.005218, 41.830895], [-7.992961, 41.821781], [-7.97326, 41.815641], [-7.949186, 41.815291], [-7.937113, 41.817265], [-7.92807, 41.821194], [-7.917468, 41.830101], [-7.909087, 41.848035], [-7.908502, 41.857036], [-7.910535, 41.866062], [-7.919147, 41.878729], [-7.928673, 41.877846], [-7.924106, 41.874998], [-7.916564, 41.866119], [-7.913021, 41.857079], [-7.912636, 41.848069], [-7.914784, 41.839082], [-7.920148, 41.830126], [-7.924934, 41.825614], [-7.937082, 41.819177], [-7.94916, 41.816896], [-7.961203, 41.816671], [-7.973217, 41.818345], [-7.983108, 41.821694], [-7.996357, 41.830817], [-8.002851, 41.839881], [-8.004648, 41.84757], [-8.009642, 41.837898]]], [[[-8.452075, 41.699792], [-8.443856, 41.69531], [-8.43186, 41.692819], [-8.419839, 41.693291], [-8.402672, 41.698545], [-8.388664, 41.707478], [-8.383648, 41.716458], [-8.383426, 41.725464], [-8.385976, 41.730993], [-8.386128, 41.731322], [-8.386184, 41.731443], [-8.397335, 41.730067], [-8.393727, 41.725519], [-8.393043, 41.716508], [-8.399558, 41.707535], [-8.407733, 41.702921], [-8.419775, 41.700424], [-8.431777, 41.702204], [-8.443013, 41.70992], [-8.452075, 41.699792]]], [[[-8.476766, 41.635856], [-8.47682, 41.626849], [-8.471926, 41.617819], [-8.456609, 41.60787], [-8.444627, 41.605613], [-8.432614, 41.60692], [-8.420554, 41.613518], [-8.416603, 41.617552], [-8.414478, 41.626548], [-8.417993, 41.635573], [-8.432253, 41.648095], [-8.444227, 41.652128], [-8.456236, 41.652205], [-8.468285, 41.647353], [-8.476766, 41.635856]], [[-8.4656, 41.626797], [-8.462894, 41.635792], [-8.456332, 41.640802], [-8.444308, 41.642744], [-8.432338, 41.638434], [-8.429097, 41.635629], [-8.425163, 41.626602], [-8.42952, 41.617617], [-8.432539, 41.615559], [-8.444566, 41.612631], [-8.456544, 41.61551], [-8.460022, 41.617764], [-8.4656, 41.626797]]], [[[-8.648988, 41.541573], [-8.651691, 41.537439], [-8.652556, 41.528434], [-8.647745, 41.519412], [-8.637167, 41.511507], [-8.625207, 41.5075], [-8.613225, 41.507389], [-8.601209, 41.512757], [-8.595491, 41.51924], [-8.594014, 41.528242], [-8.597431, 41.537261], [-8.60783, 41.546305], [-8.612976, 41.549202], [-8.624952, 41.551579], [-8.636952, 41.549915], [-8.648988, 41.541573]], [[-8.642396, 41.528403], [-8.637019, 41.538045], [-8.62501, 41.541671], [-8.613037, 41.538841], [-8.605032, 41.52828], [-8.607683, 41.519282], [-8.613177, 41.515457], [-8.625171, 41.513635], [-8.638716, 41.519384], [-8.642396, 41.528403]]], [[[-8.36122, 41.544826], [-8.373279, 41.53769], [-8.384053, 41.527309], [-8.390711, 41.518337], [-8.394458, 41.50935], [-8.393618, 41.455301], [-8.390241, 41.446275], [-8.386172, 41.441827], [-8.374271, 41.434666], [-8.350391, 41.42879], [-8.314516, 41.425903], [-8.290549, 41.428865], [-8.276021, 41.436606], [-8.270016, 41.445575], [-8.268548, 41.454574], [-8.272569, 41.472614], [-8.29541, 41.5268], [-8.301369, 41.5358], [-8.313262, 41.544826], [-8.325205, 41.549295], [-8.337183, 41.550487], [-8.349187, 41.549171], [-8.36122, 41.544826]], [[-8.361305, 41.536183], [-8.349274, 41.540451], [-8.337274, 41.541578], [-8.325301, 41.540092], [-8.313364, 41.535156], [-8.301485, 41.525048], [-8.296885, 41.517802], [-8.281676, 41.481678], [-8.27885, 41.463646], [-8.28063, 41.45465], [-8.286621, 41.44568], [-8.302436, 41.436402], [-8.314437, 41.433427], [-8.326416, 41.432442], [-8.350336, 41.434233], [-8.362277, 41.437102], [-8.3742, 41.44204], [-8.379862, 41.44622], [-8.386051, 41.454647], [-8.38913, 41.464284], [-8.391397, 41.491319], [-8.389141, 41.509322], [-8.383949, 41.518301], [-8.375479, 41.527263], [-8.361305, 41.536183]]], [[[-8.086386, 41.544179], [-8.097405, 41.548063], [-8.109389, 41.548554], [-8.121423, 41.545292], [-8.133053, 41.534698], [-8.134344, 41.525701], [-8.128981, 41.516653], [-8.121864, 41.51269], [-8.109929, 41.509164], [-8.097955, 41.508481], [-8.0912, 41.509958], [-8.090942, 41.510014], [-8.090901, 41.510023], [-8.089996, 41.519882], [-8.093372, 41.516378], [-8.097868, 41.514748], [-8.109852, 41.514742], [-8.114807, 41.516545], [-8.123917, 41.525622], [-8.121567, 41.534629], [-8.109493, 41.540924], [-8.102266, 41.540508], [-8.106759, 41.543557], [-8.101666, 41.542655], [-8.094175, 41.544904], [-8.087885, 41.542876], [-8.086386, 41.544179]]], [[[-8.577521, 41.46977], [-8.581053, 41.465144], [-8.583688, 41.456146], [-8.582135, 41.447133], [-8.575324, 41.4381], [-8.565797, 41.432068], [-8.553847, 41.429227], [-8.541875, 41.429767], [-8.529873, 41.434456], [-8.525587, 41.437906], [-8.519868, 41.44689], [-8.519412, 41.455895], [-8.523472, 41.464919], [-8.534712, 41.473973], [-8.54154, 41.477361], [-8.553503, 41.479459], [-8.565492, 41.477764], [-8.577521, 41.46977]], [[-8.573551, 41.456109], [-8.569544, 41.465101], [-8.565555, 41.468306], [-8.553554, 41.471993], [-8.541593, 41.469896], [-8.534079, 41.464963], [-8.528988, 41.455935], [-8.531557, 41.446938], [-8.541807, 41.439469], [-8.553787, 41.438054], [-8.565728, 41.442421], [-8.570686, 41.44709], [-8.573551, 41.456109]]], [[[-8.183939, 41.376081], [-8.183557, 41.381942], [-8.186694, 41.390972], [-8.195156, 41.400295], [-8.207041, 41.40674], [-8.218971, 41.409582], [-8.230935, 41.409643], [-8.242935, 41.406535], [-8.251318, 41.400418], [-8.257151, 41.391448], [-8.258706, 41.382451], [-8.257102, 41.373433], [-8.248443, 41.361623], [-8.248448, 41.364328], [-8.245461, 41.364781], [-8.244272, 41.368384], [-8.239197, 41.371315], [-8.226139, 41.370426], [-8.231391, 41.370947], [-8.234664, 41.373286], [-8.238275, 41.382317], [-8.23115, 41.391382], [-8.216974, 41.391182], [-8.208054, 41.382113], [-8.211115, 41.376026], [-8.200358, 41.377648], [-8.194677, 41.374275], [-8.191691, 41.376302], [-8.183939, 41.376081]]], [[[-8.214403, 41.372236], [-8.219447, 41.369762], [-8.223358, 41.37015], [-8.21738, 41.368182], [-8.214403, 41.372236]]], [[[-8.223888, 41.370203], [-8.223888, 41.370203], [-8.223956, 41.37021], [-8.223888, 41.370203]]], [[[-8.781561, 41.33499], [-8.79707, 41.321606], [-8.802278, 41.312607], [-8.804484, 41.303603], [-8.804296, 41.294595], [-8.801619, 41.285583], [-8.795514, 41.276564], [-8.781793, 41.265682], [-8.769874, 41.260143], [-8.757949, 41.256703], [-8.746019, 41.254807], [-8.722148, 41.254441], [-8.698258, 41.258147], [-8.686303, 41.262022], [-8.675468, 41.26728], [-8.664843, 41.276258], [-8.659766, 41.285251], [-8.658634, 41.294255], [-8.661369, 41.303271], [-8.667098, 41.312295], [-8.676539, 41.32133], [-8.697901, 41.335497], [-8.721767, 41.344037], [-8.745666, 41.345756], [-8.757625, 41.344202], [-8.76959, 41.340741], [-8.781561, 41.33499]], [[-8.76964, 41.326594], [-8.757667, 41.333003], [-8.745703, 41.336412], [-8.733746, 41.337615], [-8.721798, 41.336956], [-8.709857, 41.334402], [-8.697929, 41.329603], [-8.684391, 41.321352], [-8.674702, 41.312317], [-8.668709, 41.303292], [-8.666575, 41.294278], [-8.668087, 41.285275], [-8.674103, 41.276284], [-8.686443, 41.267311], [-8.710187, 41.260088], [-8.734065, 41.259189], [-8.745996, 41.260944], [-8.764771, 41.267498], [-8.777143, 41.27653], [-8.783487, 41.28555], [-8.786445, 41.294563], [-8.786219, 41.303571], [-8.782806, 41.312572], [-8.776066, 41.321567], [-8.76964, 41.326594]]]]}}, {"id": "0", "type": "Feature", "properties": {"fill": "#881d1d", "value_min": -4.0, "value_max": -3.67}, "geometry": {"type": "MultiPolygon", "coordinates": [[[[-7.854159, 41.838494], [-7.864478, 41.83961], [-7.876587, 41.835906], [-7.88939, 41.829833], [-7.897915, 41.811902], [-7.896242, 41.802879], [-7.888006, 41.793792], [-7.877374, 41.790876], [-7.865338, 41.790939], [-7.851669, 41.793435], [-7.836552, 41.80229], [-7.832608, 41.811256], [-7.832316, 41.82026], [-7.836646, 41.829311], [-7.840516, 41.832611], [-7.854159, 41.838494]]], [[[-8.686538, 41.212777], [-8.698473, 41.21133], [-8.709584, 41.204317], [-8.710442, 41.202127], [-8.7124, 41.195316], [-8.710495, 41.190153], [-8.707907, 41.186297], [-8.698614, 41.180762], [-8.686695, 41.179748], [-8.67475, 41.184375], [-8.668436, 41.195198], [-8.670861, 41.204212], [-8.674635, 41.207612], [-8.686538, 41.212777]]]]}}, {"id": "2", "type": "Feature", "properties": {"fill": "#ae1c1c", "value_min": -3.33, "value_max": -3.0}, "geometry": {"type": "MultiPolygon", "coordinates": [[[[-7.734777, 41.865802], [-7.743333, 41.875505], [-7.755327, 41.878448], [-7.767417, 41.876454], [-7.772368, 41.873675], [-7.779675, 41.865592], [-7.780122, 41.855744], [-7.770435, 41.846634], [-7.755992, 41.844174], [-7.748747, 41.845765], [-7.750532, 41.849261], [-7.743309, 41.849012], [-7.746901, 41.8524], [-7.746881, 41.855776], [-7.739943, 41.858003], [-7.734777, 41.865802]]], [[[-7.874868, 41.845963], [-7.888599, 41.837747], [-7.90315, 41.820958], [-7.907486, 41.811993], [-7.908882, 41.802999], [-7.905184, 41.793957], [-7.889489, 41.786219], [-7.877472, 41.785251], [-7.853376, 41.786792], [-7.8413, 41.789109], [-7.829902, 41.793215], [-7.818265, 41.802103], [-7.812663, 41.811052], [-7.810528, 41.820037], [-7.811457, 41.829053], [-7.816918, 41.838116], [-7.82822, 41.846457], [-7.840194, 41.850434], [-7.852223, 41.851393], [-7.8643, 41.849703], [-7.872758, 41.846557], [-7.873066, 41.844875], [-7.874868, 41.845963]], [[-7.888662, 41.834125], [-7.876496, 41.841123], [-7.864395, 41.844316], [-7.85235, 41.844284], [-7.840368, 41.84083], [-7.82651, 41.829208], [-7.822914, 41.820164], [-7.823663, 41.811165], [-7.829298, 41.802216], [-7.842145, 41.793339], [-7.853322, 41.789865], [-7.877423, 41.788063], [-7.889419, 41.790269], [-7.895999, 41.79387], [-7.901283, 41.800311], [-7.903588, 41.811956], [-7.899308, 41.820922], [-7.888662, 41.834125]]], [[[-7.874566, 41.846048], [-7.874566, 41.846048], [-7.874724, 41.846004], [-7.874566, 41.846048]]], [[[-7.954195, 41.785407], [-7.949733, 41.781786], [-7.937701, 41.781711], [-7.932168, 41.785205], [-7.93243, 41.794214], [-7.93746, 41.796315], [-7.949497, 41.796248], [-7.953115, 41.794404], [-7.954195, 41.785407]]], [[[-8.127343, 41.696784], [-8.119448, 41.690623], [-8.107471, 41.696631], [-8.11624, 41.705706], [-8.119234, 41.70635], [-8.127343, 41.696784]], [[-8.119391, 41.6948], [-8.121881, 41.696742], [-8.119322, 41.699851], [-8.115615, 41.696694], [-8.119391, 41.6948]]], [[[-8.457137, 41.544781], [-8.455783, 41.545686], [-8.457127, 41.546018], [-8.457137, 41.544781]]], [[[-8.68996, 41.474496], [-8.683052, 41.46547], [-8.673368, 41.461659], [-8.661389, 41.462485], [-8.656405, 41.465393], [-8.648874, 41.474378], [-8.651472, 41.483393], [-8.661246, 41.489963], [-8.673219, 41.491425], [-8.688121, 41.483499], [-8.68996, 41.474496]], [[-8.673309, 41.473375], [-8.67463, 41.474454], [-8.673275, 41.48026], [-8.661302, 41.479273], [-8.661332, 41.473455], [-8.673309, 41.473375]]], [[[-8.384423, 41.374184], [-8.382055, 41.365164], [-8.374996, 41.358947], [-8.363071, 41.355826], [-8.351089, 41.358558], [-8.343587, 41.364951], [-8.340824, 41.373943], [-8.345863, 41.382979], [-8.350814, 41.386244], [-8.362749, 41.388844], [-8.374737, 41.386009], [-8.379245, 41.383164], [-8.384423, 41.374184]], [[-8.362948, 41.368439], [-8.368987, 41.374101], [-8.362848, 41.378687], [-8.35518, 41.374024], [-8.362948, 41.368439]]], [[[-8.641215, 41.357256], [-8.638039, 41.354836], [-8.626081, 41.355377], [-8.623833, 41.357201], [-8.624773, 41.366211], [-8.637966, 41.367874], [-8.640347, 41.366261], [-8.641215, 41.357256]]], [[[-8.641185, 41.196015], [-8.64368, 41.204132], [-8.650748, 41.213341], [-8.664882, 41.222211], [-8.674548, 41.225011], [-8.686474, 41.226231], [-8.698409, 41.225386], [-8.711144, 41.222336], [-8.7275, 41.213368], [-8.735832, 41.20438], [-8.74006, 41.195382], [-8.740997, 41.186376], [-8.738897, 41.177363], [-8.733293, 41.168342], [-8.72255, 41.159328], [-8.710655, 41.15393], [-8.698748, 41.151512], [-8.686831, 41.15129], [-8.674548, 41.153324], [-8.672489, 41.15648], [-8.669814, 41.157168], [-8.667525, 41.156053], [-8.667423, 41.156092], [-8.664592, 41.157192], [-8.660599, 41.159311], [-8.660313, 41.160813], [-8.658899, 41.160594], [-8.654973, 41.163561], [-8.654703, 41.163765], [-8.654677, 41.163785], [-8.653231, 41.169174], [-8.655366, 41.175467], [-8.647955, 41.180228], [-8.647696, 41.185181], [-8.641185, 41.196015]], [[-8.722356, 41.205368], [-8.714055, 41.213336], [-8.698437, 41.219293], [-8.686503, 41.220186], [-8.674584, 41.217806], [-8.665123, 41.213204], [-8.65695, 41.204172], [-8.654438, 41.195156], [-8.655932, 41.186153], [-8.661769, 41.177162], [-8.674827, 41.168841], [-8.686761, 41.166077], [-8.698679, 41.166525], [-8.710582, 41.170355], [-8.720036, 41.177319], [-8.725678, 41.18634], [-8.726587, 41.19535], [-8.722356, 41.205368]]]]}}, {"id": "3", "type": "Feature", "properties": {"fill": "#c33119", "value_min": -3.0, "value_max": -2.67}, "geometry": {"type": "MultiPolygon", "coordinates": [[[[-7.814056, 41.873311], [-7.827855, 41.866481], [-7.848609, 41.861935], [-7.848668, 41.861923], [-7.848911, 41.86187], [-7.850116, 41.861607], [-7.868812, 41.854555], [-7.87033, 41.851395], [-7.873043, 41.850501], [-7.872758, 41.846557], [-7.8643, 41.849703], [-7.852223, 41.851393], [-7.840194, 41.850434], [-7.82822, 41.846457], [-7.816918, 41.838116], [-7.811457, 41.829053], [-7.810528, 41.820037], [-7.812663, 41.811052], [-7.818265, 41.802103], [-7.829902, 41.793215], [-7.8413, 41.789109], [-7.853376, 41.786792], [-7.877472, 41.785251], [-7.889489, 41.786219], [-7.905184, 41.793957], [-7.908882, 41.802999], [-7.907486, 41.811993], [-7.90315, 41.820958], [-7.888599, 41.837747], [-7.874868, 41.845963], [-7.874724, 41.846004], [-7.874566, 41.846048], [-7.877537, 41.850061], [-7.88852, 41.842318], [-7.899884, 41.829934], [-7.906374, 41.820989], [-7.913218, 41.806342], [-7.917767, 41.803084], [-7.92538, 41.798898], [-7.937369, 41.801794], [-7.949419, 41.801006], [-7.962239, 41.794487], [-7.965468, 41.785509], [-7.961828, 41.777959], [-7.950879, 41.767363], [-7.952468, 41.758371], [-7.95015, 41.756213], [-7.93811, 41.756888], [-7.936588, 41.758225], [-7.936787, 41.767234], [-7.913638, 41.781458], [-7.889576, 41.781182], [-7.842489, 41.784336], [-7.829323, 41.785968], [-7.817221, 41.789621], [-7.805031, 41.798], [-7.79271, 41.81315], [-7.78048, 41.823203], [-7.739881, 41.831219], [-7.74729, 41.837772], [-7.746349, 41.84407], [-7.748747, 41.845765], [-7.755992, 41.844174], [-7.770435, 41.846634], [-7.780122, 41.855744], [-7.779675, 41.865592], [-7.772368, 41.873675], [-7.767417, 41.876454], [-7.755327, 41.878448], [-7.743333, 41.875505], [-7.734777, 41.865802], [-7.734159, 41.868337], [-7.730228, 41.871024], [-7.729293, 41.875972], [-7.722351, 41.878424], [-7.720523, 41.881793], [-7.725335, 41.882935], [-7.726208, 41.887665], [-7.737044, 41.888828], [-7.737935, 41.890857], [-7.74246, 41.889747], [-7.742785, 41.885922], [-7.756022, 41.888441], [-7.758719, 41.890926], [-7.756592, 41.89407], [-7.758076, 41.897901], [-7.763193, 41.898593], [-7.779227, 41.886264], [-7.785257, 41.885157], [-7.788886, 41.882467], [-7.794309, 41.882033], [-7.796739, 41.878214], [-7.794954, 41.873932], [-7.803381, 41.874857], [-7.804914, 41.869459], [-7.814056, 41.873311]], [[-7.954195, 41.785407], [-7.953115, 41.794404], [-7.949497, 41.796248], [-7.93746, 41.796315], [-7.93243, 41.794214], [-7.932168, 41.785205], [-7.937701, 41.781711], [-7.949733, 41.781786], [-7.954195, 41.785407]]], [[[-8.30164, 41.758608], [-8.301767, 41.758403], [-8.301779, 41.758383], [-8.305685, 41.752042], [-8.303873, 41.743024], [-8.299179, 41.738325], [-8.287205, 41.733652], [-8.275157, 41.735753], [-8.266443, 41.742791], [-8.264398, 41.751785], [-8.270431, 41.76083], [-8.277073, 41.76419], [-8.280681, 41.764083], [-8.284038, 41.761109], [-8.284931, 41.757507], [-8.287033, 41.756829], [-8.298457, 41.757263], [-8.30164, 41.758608]]], [[[-8.131364, 41.698147], [-8.133755, 41.696832], [-8.131443, 41.692235], [-8.126061, 41.687767], [-8.11951, 41.686072], [-8.107413, 41.691981], [-8.102184, 41.69659], [-8.102522, 41.705599], [-8.107163, 41.710076], [-8.119171, 41.710962], [-8.131364, 41.698147]], [[-8.127343, 41.696784], [-8.119234, 41.70635], [-8.11624, 41.705706], [-8.107471, 41.696631], [-8.119448, 41.690623], [-8.127343, 41.696784]]], [[[-8.096384, 41.621367], [-8.100082, 41.61551], [-8.096562, 41.608605], [-8.083231, 41.606369], [-8.074896, 41.61531], [-8.08433, 41.624947], [-8.096384, 41.621367]]], [[[-8.469086, 41.549702], [-8.472288, 41.545763], [-8.47045, 41.536747], [-8.457262, 41.5298], [-8.445258, 41.531879], [-8.43934, 41.536599], [-8.436803, 41.545594], [-8.445061, 41.55495], [-8.457039, 41.556536], [-8.462244, 41.554723], [-8.469086, 41.549702]], [[-8.457137, 41.544781], [-8.457127, 41.546018], [-8.455783, 41.545686], [-8.457137, 41.544781]]], [[[-8.253646, 41.515933], [-8.257229, 41.508545], [-8.253819, 41.500899], [-8.241883, 41.496994], [-8.234421, 41.499388], [-8.22781, 41.508352], [-8.235236, 41.517408], [-8.241618, 41.519678], [-8.253646, 41.515933]]], [[[-8.481407, 41.508341], [-8.479001, 41.509764], [-8.481359, 41.514418], [-8.485186, 41.509792], [-8.481407, 41.508341]]], [[[-8.697191, 41.488592], [-8.701861, 41.483535], [-8.703772, 41.474533], [-8.700479, 41.465517], [-8.689534, 41.45648], [-8.673416, 41.452143], [-8.661436, 41.453535], [-8.64943, 41.459753], [-8.644454, 41.465357], [-8.641316, 41.474355], [-8.643758, 41.48337], [-8.654572, 41.49241], [-8.661218, 41.495419], [-8.673189, 41.497316], [-8.685178, 41.495707], [-8.692834, 41.492519], [-8.697191, 41.488592]], [[-8.68996, 41.474496], [-8.688121, 41.483499], [-8.673219, 41.491425], [-8.661246, 41.489963], [-8.651472, 41.483393], [-8.648874, 41.474378], [-8.656405, 41.465393], [-8.661389, 41.462485], [-8.673368, 41.461659], [-8.683052, 41.46547], [-8.68996, 41.474496]]], [[[-8.386684, 41.387463], [-8.391606, 41.38323], [-8.395826, 41.374245], [-8.395358, 41.365235], [-8.387002, 41.353547], [-8.375106, 41.347532], [-8.363168, 41.345885], [-8.351195, 41.34788], [-8.339174, 41.354591], [-8.332209, 41.364886], [-8.331278, 41.373888], [-8.335003, 41.382917], [-8.33885, 41.386663], [-8.350742, 41.393483], [-8.362686, 41.395278], [-8.374663, 41.39374], [-8.386684, 41.387463]], [[-8.384423, 41.374184], [-8.379245, 41.383164], [-8.374737, 41.386009], [-8.362749, 41.388844], [-8.350814, 41.386244], [-8.345863, 41.382979], [-8.340824, 41.373943], [-8.343587, 41.364951], [-8.351089, 41.358558], [-8.363071, 41.355826], [-8.374996, 41.358947], [-8.382055, 41.365164], [-8.384423, 41.374184]]], [[[-8.658214, 41.366315], [-8.657511, 41.357306], [-8.650854, 41.348278], [-8.638107, 41.342549], [-8.626158, 41.341861], [-8.614182, 41.345915], [-8.611021, 41.34815], [-8.605456, 41.357139], [-8.606208, 41.366149], [-8.613206, 41.375181], [-8.625935, 41.380784], [-8.637891, 41.381362], [-8.649873, 41.377285], [-8.658214, 41.366315]], [[-8.641215, 41.357256], [-8.640347, 41.366261], [-8.637966, 41.367874], [-8.624773, 41.366211], [-8.623833, 41.357201], [-8.626081, 41.355377], [-8.638039, 41.354836], [-8.641215, 41.357256]]], [[[-8.622031, 41.17971], [-8.623086, 41.195058], [-8.627203, 41.204079], [-8.633079, 41.213106], [-8.644519, 41.22215], [-8.662596, 41.229191], [-8.674517, 41.23132], [-8.698384, 41.230742], [-8.710328, 41.228153], [-8.726544, 41.222374], [-8.740874, 41.213399], [-8.749637, 41.204411], [-8.754981, 41.195414], [-8.757917, 41.177405], [-8.756054, 41.168393], [-8.746413, 41.152842], [-8.737572, 41.145437], [-8.67527, 41.147484], [-8.676193, 41.146567], [-8.674793, 41.146932], [-8.674204, 41.147693], [-8.674548, 41.153324], [-8.686831, 41.15129], [-8.698748, 41.151512], [-8.710655, 41.15393], [-8.72255, 41.159328], [-8.733293, 41.168342], [-8.738897, 41.177363], [-8.740997, 41.186376], [-8.74006, 41.195382], [-8.735832, 41.20438], [-8.7275, 41.213368], [-8.711144, 41.222336], [-8.698409, 41.225386], [-8.686474, 41.226231], [-8.674548, 41.225011], [-8.664882, 41.222211], [-8.650748, 41.213341], [-8.64368, 41.204132], [-8.641185, 41.196015], [-8.634946, 41.193341], [-8.632526, 41.188624], [-8.625658, 41.186628], [-8.622031, 41.17971]]], [[[-8.654677, 41.163785], [-8.654677, 41.163785], [-8.654703, 41.163765], [-8.654677, 41.163785]]], [[[-8.654973, 41.163561], [-8.658899, 41.160594], [-8.656143, 41.160832], [-8.654973, 41.163561]]], [[[-8.660599, 41.159311], [-8.664592, 41.157192], [-8.66117, 41.156307], [-8.662078, 41.158104], [-8.660599, 41.159311]]], [[[-8.667423, 41.156092], [-8.667423, 41.156092], [-8.667525, 41.156053], [-8.667423, 41.156092]]]]}}, {"id": "4", "type": "Feature", "properties": {"fill": "#d75e13", "value_min": -2.67, "value_max": -2.33}, "geometry": {"type": "MultiPolygon", "coordinates": [[[[-7.881168, 41.85367], [-7.900718, 41.833328], [-7.913069, 41.815163], [-7.925264, 41.80587], [-7.95516, 41.80343], [-7.971803, 41.794573], [-7.978552, 41.785626], [-7.980803, 41.77664], [-7.98058, 41.767631], [-7.978198, 41.758603], [-7.972915, 41.749549], [-7.962465, 41.738459], [-7.938667, 41.723121], [-7.929762, 41.70412], [-7.920712, 41.695029], [-7.915159, 41.691167], [-7.903217, 41.686771], [-7.89123, 41.685105], [-7.874005, 41.685231], [-7.869196, 41.686413], [-7.867999, 41.685369], [-7.860192, 41.685632], [-7.857773, 41.689538], [-7.854776, 41.68818], [-7.847538, 41.695365], [-7.837309, 41.699391], [-7.835792, 41.702763], [-7.839679, 41.706599], [-7.838465, 41.709522], [-7.833163, 41.710184], [-7.833949, 41.712195], [-7.842599, 41.716873], [-7.866559, 41.721568], [-7.882963, 41.730696], [-7.907926, 41.739943], [-7.911363, 41.748982], [-7.909456, 41.757971], [-7.904116, 41.766927], [-7.889147, 41.77579], [-7.865535, 41.779752], [-7.853497, 41.780014], [-7.805439, 41.776023], [-7.793333, 41.779947], [-7.77247, 41.801623], [-7.757265, 41.810466], [-7.728764, 41.816297], [-7.732041, 41.821514], [-7.743152, 41.825154], [-7.742839, 41.827178], [-7.738919, 41.828515], [-7.739881, 41.831219], [-7.78048, 41.823203], [-7.79271, 41.81315], [-7.805031, 41.798], [-7.817221, 41.789621], [-7.829323, 41.785968], [-7.842489, 41.784336], [-7.889576, 41.781182], [-7.913638, 41.781458], [-7.936787, 41.767234], [-7.936588, 41.758225], [-7.93811, 41.756888], [-7.95015, 41.756213], [-7.952468, 41.758371], [-7.950879, 41.767363], [-7.961828, 41.777959], [-7.965468, 41.785509], [-7.962239, 41.794487], [-7.949419, 41.801006], [-7.937369, 41.801794], [-7.92538, 41.798898], [-7.917767, 41.803084], [-7.913218, 41.806342], [-7.906374, 41.820989], [-7.899884, 41.829934], [-7.88852, 41.842318], [-7.877537, 41.850061], [-7.881168, 41.85367]]], [[[-7.868812, 41.854555], [-7.850116, 41.861607], [-7.858542, 41.862622], [-7.859456, 41.860148], [-7.865481, 41.859262], [-7.868812, 41.854555]]], [[[-7.848911, 41.86187], [-7.848911, 41.86187], [-7.848668, 41.861923], [-7.848911, 41.86187]]], [[[-7.848609, 41.861935], [-7.827855, 41.866481], [-7.814056, 41.873311], [-7.818448, 41.872873], [-7.823863, 41.874013], [-7.825059, 41.875817], [-7.830479, 41.875831], [-7.830789, 41.874031], [-7.832894, 41.874712], [-7.838021, 41.872924], [-7.842528, 41.875187], [-7.841663, 41.866632], [-7.848609, 41.861935]]], [[[-8.31844, 41.761508], [-8.320568, 41.752131], [-8.318861, 41.743114], [-8.311269, 41.732248], [-8.299325, 41.724857], [-8.287336, 41.721751], [-8.275308, 41.722288], [-8.263235, 41.726712], [-8.254487, 41.733707], [-8.249333, 41.74268], [-8.247934, 41.751678], [-8.250149, 41.7607], [-8.256336, 41.769747], [-8.261762, 41.774187], [-8.269568, 41.76905], [-8.269565, 41.767474], [-8.277073, 41.76419], [-8.270431, 41.76083], [-8.264398, 41.751785], [-8.266443, 41.742791], [-8.275157, 41.735753], [-8.287205, 41.733652], [-8.299179, 41.738325], [-8.303873, 41.743024], [-8.305685, 41.752042], [-8.301779, 41.758383], [-8.30778, 41.758824], [-8.307785, 41.760625], [-8.311096, 41.762195], [-8.31844, 41.761508]]], [[[-8.301767, 41.758403], [-8.301767, 41.758403], [-8.30164, 41.758608], [-8.301767, 41.758403]]], [[[-8.128975, 41.705803], [-8.142859, 41.6969], [-8.143065, 41.687895], [-8.131595, 41.680925], [-8.119584, 41.680669], [-8.10748, 41.687166], [-8.096941, 41.696549], [-8.095175, 41.707784], [-8.099467, 41.714583], [-8.107028, 41.71979], [-8.119078, 41.717744], [-8.128975, 41.705803]], [[-8.131364, 41.698147], [-8.119171, 41.710962], [-8.107163, 41.710076], [-8.102522, 41.705599], [-8.102184, 41.69659], [-8.107413, 41.691981], [-8.11951, 41.686072], [-8.126061, 41.687767], [-8.131443, 41.692235], [-8.133755, 41.696832], [-8.131364, 41.698147]]], [[[-8.215512, 41.696308], [-8.203511, 41.694928], [-8.202165, 41.697327], [-8.203466, 41.698616], [-8.21549, 41.69805], [-8.215512, 41.696308]]], [[[-8.023898, 41.652118], [-8.014566, 41.659844], [-8.023686, 41.666144], [-8.033477, 41.660004], [-8.023898, 41.652118]]], [[[-8.108415, 41.615575], [-8.107333, 41.606559], [-8.096711, 41.597935], [-8.084737, 41.596129], [-8.072699, 41.59883], [-8.062354, 41.606201], [-8.059166, 41.615182], [-8.062562, 41.624217], [-8.072243, 41.630682], [-8.084218, 41.632853], [-8.096262, 41.630117], [-8.102603, 41.624537], [-8.108415, 41.615575]], [[-8.096384, 41.621367], [-8.08433, 41.624947], [-8.074896, 41.61531], [-8.083231, 41.606369], [-8.096562, 41.608605], [-8.100082, 41.61551], [-8.096384, 41.621367]]], [[[-8.516904, 41.569153], [-8.511175, 41.572956], [-8.516816, 41.580845], [-8.524699, 41.573013], [-8.516904, 41.569153]]], [[[-8.468981, 41.562573], [-8.482374, 41.554816], [-8.488725, 41.545837], [-8.491747, 41.536843], [-8.504943, 41.518886], [-8.505014, 41.509879], [-8.497652, 41.500839], [-8.493469, 41.498287], [-8.481506, 41.495924], [-8.466882, 41.500701], [-8.451826, 41.518645], [-8.445349, 41.521239], [-8.433286, 41.53014], [-8.428529, 41.536546], [-8.426748, 41.545545], [-8.430647, 41.554571], [-8.44499, 41.563232], [-8.456971, 41.564675], [-8.468981, 41.562573]], [[-8.469086, 41.549702], [-8.462244, 41.554723], [-8.457039, 41.556536], [-8.445061, 41.55495], [-8.436803, 41.545594], [-8.43934, 41.536599], [-8.445258, 41.531879], [-8.457262, 41.5298], [-8.47045, 41.536747], [-8.472288, 41.545763], [-8.469086, 41.549702]], [[-8.481407, 41.508341], [-8.485186, 41.509792], [-8.481359, 41.514418], [-8.479001, 41.509764], [-8.481407, 41.508341]]], [[[-8.253547, 41.52461], [-8.261381, 41.517579], [-8.264483, 41.508592], [-8.260509, 41.499559], [-8.253902, 41.493658], [-8.241961, 41.490287], [-8.229956, 41.492497], [-8.220629, 41.499296], [-8.217418, 41.508281], [-8.220383, 41.517309], [-8.229574, 41.524703], [-8.236896, 41.526427], [-8.241529, 41.527361], [-8.253547, 41.52461]], [[-8.253646, 41.515933], [-8.241618, 41.519678], [-8.235236, 41.517408], [-8.22781, 41.508352], [-8.234421, 41.499388], [-8.241883, 41.496994], [-8.253819, 41.500899], [-8.257229, 41.508545], [-8.253646, 41.515933]]], [[[-8.697134, 41.500996], [-8.712534, 41.49257], [-8.719072, 41.483578], [-8.720911, 41.474575], [-8.719481, 41.465564], [-8.714065, 41.456544], [-8.702397, 41.447507], [-8.68544, 41.441369], [-8.673473, 41.440677], [-8.661493, 41.442627], [-8.649491, 41.448416], [-8.63745, 41.460825], [-8.633562, 41.47433], [-8.636694, 41.483348], [-8.645617, 41.492383], [-8.661194, 41.500028], [-8.673161, 41.502901], [-8.685141, 41.503293], [-8.697134, 41.500996]], [[-8.697191, 41.488592], [-8.692834, 41.492519], [-8.685178, 41.495707], [-8.673189, 41.497316], [-8.661218, 41.495419], [-8.654572, 41.49241], [-8.643758, 41.48337], [-8.641316, 41.474355], [-8.644454, 41.465357], [-8.64943, 41.459753], [-8.661436, 41.453535], [-8.673416, 41.452143], [-8.689534, 41.45648], [-8.700479, 41.465517], [-8.703772, 41.474533], [-8.701861, 41.483535], [-8.697191, 41.488592]]], [[[-8.398633, 41.388667], [-8.404194, 41.383296], [-8.408417, 41.37431], [-8.409231, 41.365307], [-8.406953, 41.356287], [-8.399028, 41.345769], [-8.387146, 41.338193], [-8.375231, 41.334408], [-8.363287, 41.33366], [-8.351317, 41.335652], [-8.339314, 41.34079], [-8.327245, 41.352111], [-8.321898, 41.364825], [-8.321957, 41.373833], [-8.325473, 41.382861], [-8.334013, 41.391919], [-8.350684, 41.39938], [-8.362631, 41.400966], [-8.374603, 41.40006], [-8.386599, 41.396453], [-8.398633, 41.388667]], [[-8.386684, 41.387463], [-8.374663, 41.39374], [-8.362686, 41.395278], [-8.350742, 41.393483], [-8.33885, 41.386663], [-8.335003, 41.382917], [-8.331278, 41.373888], [-8.332209, 41.364886], [-8.339174, 41.354591], [-8.351195, 41.34788], [-8.363168, 41.345885], [-8.375106, 41.347532], [-8.387002, 41.353547], [-8.395358, 41.365235], [-8.395826, 41.374245], [-8.391606, 41.38323], [-8.386684, 41.387463]]], [[[-8.669392, 41.375356], [-8.671089, 41.366353], [-8.668991, 41.357339], [-8.663061, 41.348314], [-8.650081, 41.338478], [-8.638154, 41.333904], [-8.626214, 41.332139], [-8.614257, 41.333153], [-8.600298, 41.339106], [-8.59214, 41.348085], [-8.58959, 41.357084], [-8.590857, 41.366096], [-8.595884, 41.375121], [-8.602016, 41.380825], [-8.613932, 41.388141], [-8.625872, 41.3918], [-8.637828, 41.392801], [-8.649798, 41.391165], [-8.661791, 41.385098], [-8.669392, 41.375356]], [[-8.658214, 41.366315], [-8.649873, 41.377285], [-8.637891, 41.381362], [-8.625935, 41.380784], [-8.613206, 41.375181], [-8.606208, 41.366149], [-8.605456, 41.357139], [-8.611021, 41.34815], [-8.614182, 41.345915], [-8.626158, 41.341861], [-8.638107, 41.342549], [-8.650854, 41.348278], [-8.657511, 41.357306], [-8.658214, 41.366315]]], [[[-8.523837, 41.200891], [-8.518333, 41.212683], [-8.518421, 41.221692], [-8.522119, 41.230715], [-8.531268, 41.240156], [-8.543163, 41.245688], [-8.555083, 41.247878], [-8.567023, 41.247115], [-8.578981, 41.243534], [-8.602933, 41.229857], [-8.614877, 41.227737], [-8.662558, 41.236621], [-8.686423, 41.2368], [-8.710305, 41.233362], [-8.742035, 41.22241], [-8.756554, 41.213433], [-8.76687, 41.204447], [-8.774083, 41.195453], [-8.778917, 41.186455], [-8.782795, 41.168446], [-8.782187, 41.159437], [-8.777279, 41.144561], [-8.737572, 41.145437], [-8.746413, 41.152842], [-8.756054, 41.168393], [-8.757917, 41.177405], [-8.754981, 41.195414], [-8.749637, 41.204411], [-8.740874, 41.213399], [-8.726544, 41.222374], [-8.710328, 41.228153], [-8.698384, 41.230742], [-8.674517, 41.23132], [-8.662596, 41.229191], [-8.644519, 41.22215], [-8.633079, 41.213106], [-8.627203, 41.204079], [-8.623086, 41.195058], [-8.622031, 41.17971], [-8.613374, 41.177451], [-8.608583, 41.174095], [-8.609164, 41.172066], [-8.604942, 41.164881], [-8.59422, 41.165149], [-8.589174, 41.167645], [-8.589194, 41.170572], [-8.583263, 41.174422], [-8.582094, 41.177803], [-8.578825, 41.178941], [-8.581296, 41.191762], [-8.575958, 41.195609], [-8.576894, 41.201908], [-8.574515, 41.202593], [-8.57423, 41.20462], [-8.567971, 41.204644], [-8.565895, 41.206227], [-8.567697, 41.208246], [-8.566512, 41.209376], [-8.559636, 41.206251], [-8.554271, 41.20627], [-8.549521, 41.209214], [-8.544157, 41.209458], [-8.54238, 41.211265], [-8.532257, 41.213102], [-8.52713, 41.203215], [-8.523837, 41.200891]]]]}}, {"id": "5", "type": "Feature", "properties": {"fill": "#ea870e", "value_min": -2.33, "value_max": -2.0}, "geometry": {"type": "MultiPolygon", "coordinates": [[[[-7.887642, 41.85571], [-7.887775, 41.855588], [-7.887886, 41.855485], [-7.912974, 41.820794], [-7.925184, 41.810668], [-7.967161, 41.803538], [-8.003187, 41.785843], [-8.015132, 41.776939], [-8.021907, 41.76799], [-8.024033, 41.759001], [-8.018381, 41.749946], [-8.004025, 41.740816], [-7.998126, 41.731758], [-8.000559, 41.722772], [-8.001155, 41.704763], [-8.005342, 41.695792], [-8.020301, 41.686914], [-8.035472, 41.681284], [-8.047602, 41.673461], [-8.059866, 41.656257], [-8.065421, 41.651262], [-8.096121, 41.6402], [-8.108302, 41.627576], [-8.116407, 41.615636], [-8.119001, 41.606649], [-8.116555, 41.597623], [-8.108802, 41.591268], [-8.102006, 41.588503], [-8.084891, 41.585239], [-8.072891, 41.585455], [-8.048276, 41.590912], [-8.044072, 41.595521], [-8.031467, 41.602938], [-8.020802, 41.602253], [-8.008671, 41.606008], [-8.00845, 41.606067], [-8.008071, 41.606169], [-8.007612, 41.606292], [-8.00567, 41.606811], [-8.003562, 41.611239], [-7.998761, 41.612809], [-7.999069, 41.608458], [-7.964477, 41.613056], [-7.931286, 41.610305], [-7.930073, 41.614735], [-7.925556, 41.620354], [-7.920755, 41.620796], [-7.917748, 41.623041], [-7.915933, 41.627764], [-7.913229, 41.628885], [-7.912613, 41.63361], [-7.906014, 41.633147], [-7.906884, 41.641927], [-7.897869, 41.645511], [-7.89696, 41.647985], [-7.892759, 41.647976], [-7.892145, 41.651576], [-7.902319, 41.659925], [-7.899913, 41.66127], [-7.900198, 41.665547], [-7.898396, 41.665769], [-7.896885, 41.668692], [-7.883969, 41.67069], [-7.879755, 41.673607], [-7.877044, 41.676077], [-7.876723, 41.681253], [-7.874005, 41.685231], [-7.89123, 41.685105], [-7.903217, 41.686771], [-7.915159, 41.691167], [-7.920712, 41.695029], [-7.929762, 41.70412], [-7.938667, 41.723121], [-7.962465, 41.738459], [-7.972915, 41.749549], [-7.978198, 41.758603], [-7.98058, 41.767631], [-7.980803, 41.77664], [-7.978552, 41.785626], [-7.971803, 41.794573], [-7.95516, 41.80343], [-7.925264, 41.80587], [-7.913069, 41.815163], [-7.900718, 41.833328], [-7.881168, 41.85367], [-7.887642, 41.85571]], [[-8.023898, 41.652118], [-8.033477, 41.660004], [-8.023686, 41.666144], [-8.014566, 41.659844], [-8.023898, 41.652118]], [[-8.108415, 41.615575], [-8.102603, 41.624537], [-8.096262, 41.630117], [-8.084218, 41.632853], [-8.072243, 41.630682], [-8.062562, 41.624217], [-8.059166, 41.615182], [-8.062354, 41.606201], [-8.072699, 41.59883], [-8.084737, 41.596129], [-8.096711, 41.597935], [-8.107333, 41.606559], [-8.108415, 41.615575]]], [[[-7.728764, 41.816297], [-7.757265, 41.810466], [-7.77247, 41.801623], [-7.793333, 41.779947], [-7.805439, 41.776023], [-7.853497, 41.780014], [-7.865535, 41.779752], [-7.889147, 41.77579], [-7.904116, 41.766927], [-7.909456, 41.757971], [-7.911363, 41.748982], [-7.907926, 41.739943], [-7.882963, 41.730696], [-7.866559, 41.721568], [-7.842599, 41.716873], [-7.833949, 41.712195], [-7.833163, 41.710184], [-7.825252, 41.708813], [-7.818621, 41.713522], [-7.815291, 41.718689], [-7.808986, 41.717996], [-7.808396, 41.715744], [-7.804499, 41.714158], [-7.79939, 41.714593], [-7.79788, 41.716164], [-7.796383, 41.71526], [-7.790966, 41.717044], [-7.789449, 41.719966], [-7.78464, 41.720402], [-7.78252, 41.723546], [-7.776204, 41.724652], [-7.773786, 41.727346], [-7.770798, 41.72441], [-7.765698, 41.723044], [-7.761765, 41.727758], [-7.762933, 41.733839], [-7.759307, 41.737203], [-7.759597, 41.739005], [-7.75689, 41.739446], [-7.758687, 41.740577], [-7.757758, 41.745301], [-7.748417, 41.749321], [-7.747786, 41.754496], [-7.743866, 41.756509], [-7.740214, 41.763924], [-7.726937, 41.771755], [-7.7254, 41.777152], [-7.727066, 41.778958], [-7.733301, 41.7732], [-7.740879, 41.77426], [-7.745292, 41.775281], [-7.749572, 41.783362], [-7.744989, 41.790818], [-7.732916, 41.792729], [-7.724699, 41.784352], [-7.722296, 41.792446], [-7.728879, 41.797871], [-7.727026, 41.805517], [-7.728764, 41.816297]], [[-7.853561, 41.776429], [-7.841583, 41.773389], [-7.828081, 41.766176], [-7.821463, 41.757102], [-7.821946, 41.7481], [-7.83195, 41.739195], [-7.842262, 41.735634], [-7.854317, 41.733936], [-7.86633, 41.734594], [-7.880078, 41.739674], [-7.890169, 41.746818], [-7.89237, 41.7488], [-7.895015, 41.757833], [-7.89039, 41.766795], [-7.877663, 41.774296], [-7.865589, 41.776701], [-7.853561, 41.776429]]], [[[-7.860192, 41.685632], [-7.867999, 41.685369], [-7.867408, 41.683258], [-7.860192, 41.685632]]], [[[-7.725191, 41.781202], [-7.726879, 41.779183], [-7.724177, 41.780299], [-7.725191, 41.781202]]], [[[-8.335715, 41.763729], [-8.335666, 41.752219], [-8.329519, 41.734169], [-8.323367, 41.725241], [-8.313591, 41.716061], [-8.299515, 41.707374], [-8.273818, 41.697803], [-8.263629, 41.692173], [-8.249835, 41.679634], [-8.235695, 41.670534], [-8.227876, 41.667307], [-8.215891, 41.665024], [-8.203877, 41.665281], [-8.167741, 41.673066], [-8.131745, 41.669789], [-8.11971, 41.671396], [-8.095387, 41.692656], [-8.087135, 41.696471], [-8.08287, 41.705444], [-8.082078, 41.732459], [-8.088127, 41.741514], [-8.094648, 41.745289], [-8.106664, 41.746069], [-8.118748, 41.741933], [-8.130869, 41.734903], [-8.155141, 41.717887], [-8.167219, 41.713493], [-8.179245, 41.713101], [-8.209349, 41.724398], [-8.220895, 41.733484], [-8.223737, 41.74251], [-8.227844, 41.778566], [-8.235713, 41.791592], [-8.240744, 41.791588], [-8.24074, 41.789338], [-8.244347, 41.787984], [-8.245546, 41.785731], [-8.251257, 41.784375], [-8.251845, 41.777172], [-8.256049, 41.774241], [-8.261762, 41.774187], [-8.256336, 41.769747], [-8.250149, 41.7607], [-8.247934, 41.751678], [-8.249333, 41.74268], [-8.254487, 41.733707], [-8.263235, 41.726712], [-8.275308, 41.722288], [-8.287336, 41.721751], [-8.299325, 41.724857], [-8.311269, 41.732248], [-8.318861, 41.743114], [-8.320568, 41.752131], [-8.31844, 41.761508], [-8.325233, 41.765098], [-8.328234, 41.763292], [-8.335715, 41.763729]], [[-8.128975, 41.705803], [-8.119078, 41.717744], [-8.107028, 41.71979], [-8.099467, 41.714583], [-8.095175, 41.707784], [-8.096941, 41.696549], [-8.10748, 41.687166], [-8.119584, 41.680669], [-8.131595, 41.680925], [-8.143065, 41.687895], [-8.142859, 41.6969], [-8.128975, 41.705803]], [[-8.215512, 41.696308], [-8.21549, 41.69805], [-8.203466, 41.698616], [-8.202165, 41.697327], [-8.203511, 41.694928], [-8.215512, 41.696308]]], [[[-8.548496, 41.582116], [-8.549446, 41.573113], [-8.545923, 41.564092], [-8.540973, 41.557741], [-8.527505, 41.546003], [-8.52282, 41.536976], [-8.521958, 41.518958], [-8.519362, 41.50994], [-8.513342, 41.500907], [-8.50548, 41.494283], [-8.493549, 41.487903], [-8.481592, 41.485138], [-8.457621, 41.486828], [-8.445717, 41.478071], [-8.442331, 41.473562], [-8.43381, 41.469964], [-8.421827, 41.470757], [-8.41853, 41.473444], [-8.413877, 41.482428], [-8.41935, 41.491463], [-8.421622, 41.493856], [-8.440446, 41.500575], [-8.43768, 41.509569], [-8.423516, 41.527514], [-8.418508, 41.536496], [-8.416615, 41.545494], [-8.418482, 41.55451], [-8.425776, 41.563554], [-8.432954, 41.568066], [-8.444914, 41.572022], [-8.48086, 41.576752], [-8.500629, 41.590926], [-8.5167, 41.596528], [-8.5287, 41.596293], [-8.540733, 41.591548], [-8.548496, 41.582116]], [[-8.516904, 41.569153], [-8.524699, 41.573013], [-8.516816, 41.580845], [-8.511175, 41.572956], [-8.516904, 41.569153]], [[-8.468981, 41.562573], [-8.456971, 41.564675], [-8.44499, 41.563232], [-8.430647, 41.554571], [-8.426748, 41.545545], [-8.428529, 41.536546], [-8.433286, 41.53014], [-8.445349, 41.521239], [-8.451826, 41.518645], [-8.466882, 41.500701], [-8.481506, 41.495924], [-8.493469, 41.498287], [-8.497652, 41.500839], [-8.505014, 41.509879], [-8.504943, 41.518886], [-8.491747, 41.536843], [-8.488725, 41.545837], [-8.482374, 41.554816], [-8.468981, 41.562573]]], [[[-8.253447, 41.533229], [-8.265543, 41.523695], [-8.268721, 41.517626], [-8.269857, 41.508626], [-8.267136, 41.499602], [-8.253974, 41.487374], [-8.242036, 41.483872], [-8.230054, 41.484207], [-8.215762, 41.490255], [-8.208026, 41.49921], [-8.205972, 41.508203], [-8.207445, 41.51722], [-8.217528, 41.529665], [-8.229453, 41.534902], [-8.241429, 41.535887], [-8.253447, 41.533229]], [[-8.253547, 41.52461], [-8.241529, 41.527361], [-8.236896, 41.526427], [-8.229574, 41.524703], [-8.220383, 41.517309], [-8.217418, 41.508281], [-8.220629, 41.499296], [-8.229956, 41.492497], [-8.241961, 41.490287], [-8.253902, 41.493658], [-8.260509, 41.499559], [-8.264483, 41.508592], [-8.261381, 41.517579], [-8.253547, 41.52461]]], [[[-8.721069, 41.507539], [-8.73279, 41.501626], [-8.742795, 41.492641], [-8.747989, 41.483645], [-8.750132, 41.474643], [-8.749488, 41.465634], [-8.740284, 41.447598], [-8.730808, 41.438569], [-8.709452, 41.425591], [-8.677121, 41.411408], [-8.685997, 41.38441], [-8.684308, 41.36639], [-8.680218, 41.357371], [-8.673382, 41.348344], [-8.66355, 41.339308], [-8.650122, 41.330736], [-8.638202, 41.325365], [-8.614335, 41.319981], [-8.602387, 41.319811], [-8.590425, 41.322139], [-8.576873, 41.330015], [-8.570234, 41.338998], [-8.567906, 41.347997], [-8.568224, 41.357005], [-8.570973, 41.366023], [-8.576836, 41.375053], [-8.585422, 41.384092], [-8.601928, 41.395264], [-8.625792, 41.405756], [-8.646238, 41.411317], [-8.656545, 41.420356], [-8.637557, 41.441619], [-8.628879, 41.4563], [-8.62591, 41.465298], [-8.625597, 41.474305], [-8.62874, 41.483322], [-8.638079, 41.49236], [-8.649218, 41.499075], [-8.673132, 41.508616], [-8.697083, 41.511783], [-8.709072, 41.5107], [-8.721069, 41.507539]], [[-8.697134, 41.500996], [-8.685141, 41.503293], [-8.673161, 41.502901], [-8.661194, 41.500028], [-8.645617, 41.492383], [-8.636694, 41.483348], [-8.633562, 41.47433], [-8.63745, 41.460825], [-8.649491, 41.448416], [-8.661493, 41.442627], [-8.673473, 41.440677], [-8.68544, 41.441369], [-8.702397, 41.447507], [-8.714065, 41.456544], [-8.719481, 41.465564], [-8.720911, 41.474575], [-8.719072, 41.483578], [-8.712534, 41.49257], [-8.697134, 41.500996]], [[-8.669392, 41.375356], [-8.661791, 41.385098], [-8.649798, 41.391165], [-8.637828, 41.392801], [-8.625872, 41.3918], [-8.613932, 41.388141], [-8.602016, 41.380825], [-8.595884, 41.375121], [-8.590857, 41.366096], [-8.58959, 41.357084], [-8.59214, 41.348085], [-8.600298, 41.339106], [-8.614257, 41.333153], [-8.626214, 41.332139], [-8.638154, 41.333904], [-8.650081, 41.338478], [-8.663061, 41.348314], [-8.668991, 41.357339], [-8.671089, 41.366353], [-8.669392, 41.375356]]], [[[-8.320677, 41.338225], [-8.315344, 41.347086], [-8.311201, 41.364762], [-8.312117, 41.373775], [-8.315574, 41.382803], [-8.322403, 41.391851], [-8.33684, 41.400943], [-8.350626, 41.405166], [-8.374542, 41.406336], [-8.386526, 41.404302], [-8.398528, 41.400148], [-8.411763, 41.392342], [-8.420636, 41.38338], [-8.425922, 41.374399], [-8.428663, 41.365405], [-8.427183, 41.347382], [-8.422609, 41.338352], [-8.41116, 41.325962], [-8.397054, 41.318565], [-8.393775, 41.31997], [-8.393489, 41.323122], [-8.391701, 41.324026], [-8.386027, 41.323814], [-8.380382, 41.331254], [-8.375305, 41.33104], [-8.37201, 41.328346], [-8.361563, 41.329718], [-8.358276, 41.329049], [-8.357673, 41.327249], [-8.350207, 41.327264], [-8.346032, 41.328847], [-8.342462, 41.333131], [-8.333215, 41.336299], [-8.326363, 41.342163], [-8.324568, 41.341041], [-8.323376, 41.341943], [-8.320677, 41.338225]], [[-8.398633, 41.388667], [-8.386599, 41.396453], [-8.374603, 41.40006], [-8.362631, 41.400966], [-8.350684, 41.39938], [-8.334013, 41.391919], [-8.325473, 41.382861], [-8.321957, 41.373833], [-8.321898, 41.364825], [-8.327245, 41.352111], [-8.339314, 41.34079], [-8.351317, 41.335652], [-8.363287, 41.33366], [-8.375231, 41.334408], [-8.387146, 41.338193], [-8.399028, 41.345769], [-8.406953, 41.356287], [-8.409231, 41.365307], [-8.408417, 41.37431], [-8.404194, 41.383296], [-8.398633, 41.388667]]], [[[-8.473216, 41.238953], [-8.480551, 41.24855], [-8.490398, 41.257602], [-8.507192, 41.267877], [-8.531014, 41.275736], [-8.554881, 41.27759], [-8.578797, 41.272299], [-8.626688, 41.24905], [-8.638638, 41.246318], [-8.698341, 41.240239], [-8.737985, 41.231408], [-8.762164, 41.222453], [-8.779633, 41.21348], [-8.801782, 41.197233], [-8.799695, 41.14406], [-8.777279, 41.144561], [-8.782187, 41.159437], [-8.782795, 41.168446], [-8.778917, 41.186455], [-8.774083, 41.195453], [-8.76687, 41.204447], [-8.756554, 41.213433], [-8.742035, 41.22241], [-8.710305, 41.233362], [-8.686423, 41.2368], [-8.662558, 41.236621], [-8.614877, 41.227737], [-8.602933, 41.229857], [-8.578981, 41.243534], [-8.567023, 41.247115], [-8.555083, 41.247878], [-8.543163, 41.245688], [-8.531268, 41.240156], [-8.522119, 41.230715], [-8.518421, 41.221692], [-8.518333, 41.212683], [-8.523837, 41.200891], [-8.518471, 41.200543], [-8.51163, 41.203042], [-8.510456, 41.206197], [-8.505693, 41.207113], [-8.504239, 41.213646], [-8.500076, 41.21546], [-8.50308, 41.219502], [-8.502204, 41.222656], [-8.495642, 41.222227], [-8.495947, 41.223351], [-8.490894, 41.226294], [-8.487935, 41.230354], [-8.490331, 41.232373], [-8.489156, 41.235528], [-8.486181, 41.236888], [-8.484411, 41.240495], [-8.478434, 41.238037], [-8.473216, 41.238953]]]]}}, {"id": "6", "type": "Feature", "properties": {"fill": "#e79f24", "value_min": -2.0, "value_max": -1.67}, "geometry": {"type": "MultiPolygon", "coordinates": [[[[-8.352549, 41.752899], [-8.352169, 41.75177], [-8.350424, 41.746862], [-8.35017, 41.746147], [-8.350121, 41.746008], [-8.35009, 41.745922], [-8.349818, 41.745154], [-8.335048, 41.70718], [-8.329195, 41.680125], [-8.32306, 41.671082], [-8.300357, 41.652932], [-8.276266, 41.636864], [-8.24045, 41.619489], [-8.216518, 41.613345], [-8.204515, 41.61341], [-8.192443, 41.619], [-8.175342, 41.643096], [-8.162174, 41.652008], [-8.143923, 41.657323], [-8.13191, 41.657509], [-8.119935, 41.654895], [-8.114274, 41.651648], [-8.109523, 41.642605], [-8.111355, 41.633612], [-8.120403, 41.620509], [-8.132549, 41.609852], [-8.140031, 41.606808], [-8.144677, 41.600293], [-8.14889, 41.597867], [-8.144015, 41.588824], [-8.122154, 41.579652], [-8.069282, 41.571424], [-8.065682, 41.575053], [-8.062384, 41.575501], [-8.056684, 41.579549], [-8.052181, 41.584498], [-8.052777, 41.587649], [-8.048276, 41.590912], [-8.072891, 41.585455], [-8.084891, 41.585239], [-8.102006, 41.588503], [-8.108802, 41.591268], [-8.116555, 41.597623], [-8.119001, 41.606649], [-8.116407, 41.615636], [-8.108302, 41.627576], [-8.096121, 41.6402], [-8.065421, 41.651262], [-8.059866, 41.656257], [-8.047602, 41.673461], [-8.035472, 41.681284], [-8.020301, 41.686914], [-8.005342, 41.695792], [-8.001155, 41.704763], [-8.000559, 41.722772], [-7.998126, 41.731758], [-8.004025, 41.740816], [-8.018381, 41.749946], [-8.024033, 41.759001], [-8.021907, 41.76799], [-8.015132, 41.776939], [-8.003187, 41.785843], [-7.967161, 41.803538], [-7.925184, 41.810668], [-7.912974, 41.820794], [-7.887886, 41.855485], [-7.892181, 41.859095], [-7.90902, 41.830021], [-7.916517, 41.821085], [-7.925124, 41.814246], [-7.937215, 41.811151], [-7.985487, 41.803769], [-8.009586, 41.802249], [-8.0336, 41.806247], [-8.057139, 41.815881], [-8.06664, 41.817012], [-8.072961, 41.813414], [-8.078678, 41.813417], [-8.082892, 41.810493], [-8.091013, 41.812521], [-8.093421, 41.811397], [-8.093723, 41.808471], [-8.101845, 41.809824], [-8.104853, 41.81185], [-8.115984, 41.812302], [-8.123807, 41.808702], [-8.138247, 41.808477], [-8.139751, 41.813203], [-8.14276, 41.812978], [-8.144866, 41.815228], [-8.149078, 41.814777], [-8.153291, 41.817703], [-8.158106, 41.818377], [-8.165326, 41.81815], [-8.173744, 41.808019], [-8.177655, 41.808242], [-8.183676, 41.812741], [-8.190291, 41.809587], [-8.197158, 41.814129], [-8.201063, 41.808724], [-8.204973, 41.807372], [-8.205872, 41.804445], [-8.213692, 41.803765], [-8.217598, 41.80016], [-8.217589, 41.793634], [-8.224207, 41.794303], [-8.229917, 41.791598], [-8.235713, 41.791592], [-8.227844, 41.778566], [-8.223737, 41.74251], [-8.220895, 41.733484], [-8.209349, 41.724398], [-8.179245, 41.713101], [-8.167219, 41.713493], [-8.155141, 41.717887], [-8.130869, 41.734903], [-8.118748, 41.741933], [-8.106664, 41.746069], [-8.094648, 41.745289], [-8.088127, 41.741514], [-8.082078, 41.732459], [-8.08287, 41.705444], [-8.087135, 41.696471], [-8.095387, 41.692656], [-8.11971, 41.671396], [-8.131745, 41.669789], [-8.167741, 41.673066], [-8.203877, 41.665281], [-8.215891, 41.665024], [-8.227876, 41.667307], [-8.235695, 41.670534], [-8.249835, 41.679634], [-8.263629, 41.692173], [-8.273818, 41.697803], [-8.299515, 41.707374], [-8.313591, 41.716061], [-8.323367, 41.725241], [-8.329519, 41.734169], [-8.335666, 41.752219], [-8.335715, 41.763729], [-8.341756, 41.761468], [-8.344765, 41.762363], [-8.349267, 41.760103], [-8.352549, 41.752899]], [[-8.1907, 41.758192], [-8.178574, 41.765796], [-8.166534, 41.766536], [-8.154569, 41.761531], [-8.14739, 41.750976], [-8.148159, 41.741975], [-8.156624, 41.73303], [-8.167027, 41.728404], [-8.179045, 41.728856], [-8.188204, 41.733258], [-8.195423, 41.742315], [-8.195122, 41.75132], [-8.1907, 41.758192]], [[-8.059023, 41.714151], [-8.046997, 41.714458], [-8.039322, 41.705088], [-8.047277, 41.695502], [-8.060418, 41.696256], [-8.065356, 41.705303], [-8.059023, 41.714151]], [[-8.095469, 41.686816], [-8.083406, 41.690102], [-8.074755, 41.687365], [-8.0715, 41.682461], [-8.069518, 41.678316], [-8.07459, 41.66935], [-8.083779, 41.663814], [-8.095792, 41.663712], [-8.102238, 41.669569], [-8.103183, 41.678584], [-8.095469, 41.686816]]], [[[-7.931286, 41.610305], [-7.964477, 41.613056], [-7.999069, 41.608458], [-7.996684, 41.602003], [-7.984685, 41.603564], [-7.982292, 41.60086], [-7.975689, 41.603552], [-7.974482, 41.606701], [-7.970882, 41.607147], [-7.969091, 41.603768], [-7.965796, 41.602413], [-7.9541, 41.602846], [-7.952606, 41.600592], [-7.947808, 41.60081], [-7.945413, 41.599456], [-7.942725, 41.595625], [-7.936733, 41.594264], [-7.93791, 41.601694], [-7.937004, 41.603718], [-7.931604, 41.604384], [-7.931286, 41.610305]]], [[[-8.00567, 41.606811], [-8.00567, 41.606811], [-8.007612, 41.606292], [-8.00567, 41.606811]]], [[[-8.008071, 41.606169], [-8.008071, 41.606169], [-8.00845, 41.606067], [-8.008071, 41.606169]]], [[[-8.008671, 41.606008], [-8.020802, 41.602253], [-8.013474, 41.603372], [-8.008671, 41.606008]]], [[[-7.887775, 41.855588], [-7.887775, 41.855588], [-7.887642, 41.85571], [-7.887775, 41.855588]]], [[[-7.724699, 41.784352], [-7.732916, 41.792729], [-7.744989, 41.790818], [-7.749572, 41.783362], [-7.745292, 41.775281], [-7.740879, 41.77426], [-7.733301, 41.7732], [-7.727066, 41.778958], [-7.726879, 41.779183], [-7.725191, 41.781202], [-7.724699, 41.784352]]], [[[-7.853561, 41.776429], [-7.865589, 41.776701], [-7.877663, 41.774296], [-7.89039, 41.766795], [-7.895015, 41.757833], [-7.89237, 41.7488], [-7.890169, 41.746818], [-7.880078, 41.739674], [-7.86633, 41.734594], [-7.854317, 41.733936], [-7.842262, 41.735634], [-7.83195, 41.739195], [-7.821946, 41.7481], [-7.821463, 41.757102], [-7.828081, 41.766176], [-7.841583, 41.773389], [-7.853561, 41.776429]], [[-7.885885, 41.757745], [-7.881941, 41.766713], [-7.865654, 41.77301], [-7.853641, 41.771907], [-7.842174, 41.766319], [-7.837278, 41.757263], [-7.842038, 41.748304], [-7.854167, 41.742366], [-7.866201, 41.741943], [-7.881205, 41.748692], [-7.885885, 41.757745]]], [[[-8.371861, 41.683998], [-8.383885, 41.683028], [-8.39595, 41.677728], [-8.402038, 41.67152], [-8.402403, 41.662515], [-8.395014, 41.653469], [-8.384217, 41.648264], [-8.37222, 41.646988], [-8.360188, 41.649441], [-8.35167, 41.653233], [-8.341935, 41.662184], [-8.340009, 41.67118], [-8.35252, 41.680259], [-8.371861, 41.683998]]], [[[-8.540575, 41.613806], [-8.552591, 41.611814], [-8.564635, 41.605687], [-8.570047, 41.600214], [-8.573757, 41.59122], [-8.573892, 41.582213], [-8.567412, 41.564174], [-8.550493, 41.537088], [-8.537155, 41.510013], [-8.518422, 41.491921], [-8.505565, 41.483122], [-8.46978, 41.464756], [-8.457847, 41.459698], [-8.445896, 41.456989], [-8.433922, 41.457107], [-8.421919, 41.460459], [-8.409853, 41.470539], [-8.406706, 41.482391], [-8.409647, 41.49333], [-8.416281, 41.500455], [-8.419624, 41.509479], [-8.405416, 41.545436], [-8.404974, 41.554441], [-8.408995, 41.564919], [-8.420901, 41.574697], [-8.432859, 41.578955], [-8.468783, 41.586788], [-8.504629, 41.605902], [-8.516595, 41.610487], [-8.528577, 41.613253], [-8.540575, 41.613806]], [[-8.548496, 41.582116], [-8.540733, 41.591548], [-8.5287, 41.596293], [-8.5167, 41.596528], [-8.500629, 41.590926], [-8.48086, 41.576752], [-8.444914, 41.572022], [-8.432954, 41.568066], [-8.425776, 41.563554], [-8.418482, 41.55451], [-8.416615, 41.545494], [-8.418508, 41.536496], [-8.423516, 41.527514], [-8.43768, 41.509569], [-8.440446, 41.500575], [-8.421622, 41.493856], [-8.41935, 41.491463], [-8.413877, 41.482428], [-8.41853, 41.473444], [-8.421827, 41.470757], [-8.43381, 41.469964], [-8.442331, 41.473562], [-8.445717, 41.478071], [-8.457621, 41.486828], [-8.481592, 41.485138], [-8.493549, 41.487903], [-8.50548, 41.494283], [-8.513342, 41.500907], [-8.519362, 41.50994], [-8.521958, 41.518958], [-8.52282, 41.536976], [-8.527505, 41.546003], [-8.540973, 41.557741], [-8.545923, 41.564092], [-8.549446, 41.573113], [-8.548496, 41.582116]]], [[[-8.241252, 41.551065], [-8.253299, 41.546116], [-8.265395, 41.536739], [-8.27191, 41.526654], [-8.274807, 41.517665], [-8.274846, 41.508658], [-8.271948, 41.499632], [-8.265921, 41.490179], [-8.254046, 41.481131], [-8.242124, 41.476317], [-8.230163, 41.474934], [-8.218172, 41.476192], [-8.205566, 41.481178], [-8.195332, 41.490114], [-8.190813, 41.49909], [-8.190613, 41.517103], [-8.198448, 41.535173], [-8.205377, 41.543143], [-8.217277, 41.55047], [-8.229247, 41.552259], [-8.241252, 41.551065]], [[-8.253447, 41.533229], [-8.241429, 41.535887], [-8.229453, 41.534902], [-8.217528, 41.529665], [-8.207445, 41.51722], [-8.205972, 41.508203], [-8.208026, 41.49921], [-8.215762, 41.490255], [-8.230054, 41.484207], [-8.242036, 41.483872], [-8.253974, 41.487374], [-8.267136, 41.499602], [-8.269857, 41.508626], [-8.268721, 41.517626], [-8.265543, 41.523695], [-8.253447, 41.533229]]], [[[-8.303191, 41.323517], [-8.298903, 41.346672], [-8.300949, 41.373707], [-8.309832, 41.391776], [-8.326712, 41.403786], [-8.338631, 41.408241], [-8.362519, 41.41242], [-8.386451, 41.412219], [-8.41042, 41.408005], [-8.428498, 41.401434], [-8.443022, 41.392498], [-8.470568, 41.367727], [-8.482588, 41.359851], [-8.494569, 41.356516], [-8.506521, 41.356902], [-8.518451, 41.360312], [-8.530361, 41.366655], [-8.571105, 41.393047], [-8.602321, 41.411174], [-8.614024, 41.420221], [-8.619881, 41.429248], [-8.620747, 41.438259], [-8.615562, 41.465264], [-8.615468, 41.474271], [-8.61874, 41.48329], [-8.628852, 41.49233], [-8.649193, 41.5036], [-8.697019, 41.525672], [-8.72096, 41.532907], [-8.744921, 41.536276], [-8.7689, 41.535544], [-8.780895, 41.533334], [-8.794908, 41.528776], [-8.814016, 41.517569], [-8.81063, 41.5101], [-8.813279, 41.503483], [-8.812636, 41.496944], [-8.804699, 41.482068], [-8.798552, 41.474753], [-8.80154, 41.446836], [-8.805907, 41.437682], [-8.780107, 41.420659], [-8.733504, 41.397121], [-8.721575, 41.389153], [-8.683823, 41.348373], [-8.662073, 41.330672], [-8.63167, 41.312188], [-8.619646, 41.303141], [-8.614533, 41.294116], [-8.614735, 41.285109], [-8.619172, 41.276116], [-8.628176, 41.267137], [-8.642261, 41.258174], [-8.650527, 41.254978], [-8.67206, 41.249255], [-8.723574, 41.240383], [-8.802792, 41.222934], [-8.801782, 41.197233], [-8.779633, 41.21348], [-8.762164, 41.222453], [-8.737985, 41.231408], [-8.698341, 41.240239], [-8.638638, 41.246318], [-8.626688, 41.24905], [-8.578797, 41.272299], [-8.554881, 41.27759], [-8.531014, 41.275736], [-8.507192, 41.267877], [-8.490398, 41.257602], [-8.480551, 41.24855], [-8.473216, 41.238953], [-8.470986, 41.23941], [-8.471604, 41.243459], [-8.469227, 41.245267], [-8.463258, 41.244384], [-8.459989, 41.246644], [-8.454323, 41.246886], [-8.455541, 41.251834], [-8.452276, 41.25522], [-8.449891, 41.255452], [-8.449304, 41.257479], [-8.447812, 41.257258], [-8.449028, 41.261982], [-8.439785, 41.262907], [-8.438023, 41.268989], [-8.434745, 41.269673], [-8.432691, 41.277107], [-8.427032, 41.279372], [-8.429143, 41.284319], [-8.426171, 41.287028], [-8.426488, 41.291079], [-8.425013, 41.294909], [-8.422037, 41.296942], [-8.422647, 41.299867], [-8.407744, 41.304856], [-8.406262, 41.307335], [-8.403277, 41.307342], [-8.401801, 41.311398], [-8.399712, 41.311628], [-8.400316, 41.313202], [-8.396738, 41.314336], [-8.398834, 41.315906], [-8.397054, 41.318565], [-8.41116, 41.325962], [-8.422609, 41.338352], [-8.427183, 41.347382], [-8.428663, 41.365405], [-8.425922, 41.374399], [-8.420636, 41.38338], [-8.411763, 41.392342], [-8.398528, 41.400148], [-8.386526, 41.404302], [-8.374542, 41.406336], [-8.350626, 41.405166], [-8.33684, 41.400943], [-8.322403, 41.391851], [-8.315574, 41.382803], [-8.312117, 41.373775], [-8.311201, 41.364762], [-8.315344, 41.347086], [-8.320677, 41.338225], [-8.316788, 41.335876], [-8.313802, 41.336331], [-8.31139, 41.328007], [-8.307502, 41.325762], [-8.303622, 41.326443], [-8.303191, 41.323517]], [[-8.721069, 41.507539], [-8.709072, 41.5107], [-8.697083, 41.511783], [-8.673132, 41.508616], [-8.649218, 41.499075], [-8.638079, 41.49236], [-8.62874, 41.483322], [-8.625597, 41.474305], [-8.62591, 41.465298], [-8.628879, 41.4563], [-8.637557, 41.441619], [-8.656545, 41.420356], [-8.646238, 41.411317], [-8.625792, 41.405756], [-8.601928, 41.395264], [-8.585422, 41.384092], [-8.576836, 41.375053], [-8.570973, 41.366023], [-8.568224, 41.357005], [-8.567906, 41.347997], [-8.570234, 41.338998], [-8.576873, 41.330015], [-8.590425, 41.322139], [-8.602387, 41.319811], [-8.614335, 41.319981], [-8.638202, 41.325365], [-8.650122, 41.330736], [-8.66355, 41.339308], [-8.673382, 41.348344], [-8.680218, 41.357371], [-8.684308, 41.36639], [-8.685997, 41.38441], [-8.677121, 41.411408], [-8.709452, 41.425591], [-8.730808, 41.438569], [-8.740284, 41.447598], [-8.749488, 41.465634], [-8.750132, 41.474643], [-8.747989, 41.483645], [-8.742795, 41.492641], [-8.73279, 41.501626], [-8.721069, 41.507539]]], [[[-8.110317, 41.480842], [-8.122297, 41.480649], [-8.122366, 41.480573], [-8.110328, 41.480023], [-8.110317, 41.480842]]]]}}, {"id": "22", "type": "Feature", "properties": {"fill": "#214db8", "value_min": 3.33, "value_max": -3.67}, "geometry": {"type": "MultiPolygon", "coordinates": [[[[-7.948837, 41.836612], [-7.944849, 41.839363], [-7.948711, 41.844335], [-7.955337, 41.839458], [-7.948837, 41.836612]]], [[[-8.361699, 41.496152], [-8.364603, 41.491174], [-8.364472, 41.482166], [-8.357268, 41.473118], [-8.349991, 41.468843], [-8.338023, 41.468135], [-8.323678, 41.472926], [-8.318538, 41.481903], [-8.318708, 41.490911], [-8.325701, 41.501567], [-8.337648, 41.504908], [-8.349635, 41.504403], [-8.361699, 41.496152]], [[-8.361734, 41.492508], [-8.349657, 41.50225], [-8.337673, 41.502469], [-8.328649, 41.499977], [-8.32226, 41.490932], [-8.322221, 41.481925], [-8.325974, 41.475211], [-8.329018, 41.472957], [-8.337998, 41.470572], [-8.34997, 41.470961], [-8.362376, 41.482154], [-8.361734, 41.492508]]]]}}, {"id": "21", "type": "Feature", "properties": {"fill": "#245bd9", "value_min": 3.0, "value_max": -3.33}, "geometry": {"type": "MultiPolygon", "coordinates": [[[[-7.960801, 41.841518], [-7.960848, 41.838625], [-7.948888, 41.833504], [-7.940451, 41.839322], [-7.948633, 41.84911], [-7.960801, 41.841518]], [[-7.948837, 41.836612], [-7.955337, 41.839458], [-7.948711, 41.844335], [-7.944849, 41.839363], [-7.948837, 41.836612]]], [[[-8.361663, 41.499797], [-8.366688, 41.491185], [-8.366568, 41.482177], [-8.360928, 41.473139], [-8.350012, 41.466726], [-8.338047, 41.465698], [-8.326042, 41.468666], [-8.320178, 41.472905], [-8.314855, 41.481881], [-8.315158, 41.49089], [-8.320524, 41.499929], [-8.325676, 41.503944], [-8.337623, 41.507348], [-8.349614, 41.506556], [-8.361663, 41.499797]], [[-8.361699, 41.496152], [-8.349635, 41.504403], [-8.337648, 41.504908], [-8.325701, 41.501567], [-8.318708, 41.490911], [-8.318538, 41.481903], [-8.323678, 41.472926], [-8.338023, 41.468135], [-8.349991, 41.468843], [-8.357268, 41.473118], [-8.364472, 41.482166], [-8.364603, 41.491174], [-8.361699, 41.496152]]]]}}, {"id": "20", "type": "Feature", "properties": {"fill": "#2e6eed", "value_min": 2.67, "value_max": -3.0}, "geometry": {"type": "MultiPolygon", "coordinates": [[[[-7.964826, 41.839544], [-7.960906, 41.83504], [-7.948939, 41.830396], [-7.936379, 41.839284], [-7.94136, 41.848337], [-7.948588, 41.851821], [-7.960681, 41.848985], [-7.964826, 41.839544]], [[-7.960801, 41.841518], [-7.948633, 41.84911], [-7.940451, 41.839322], [-7.948888, 41.833504], [-7.960848, 41.838625], [-7.960801, 41.841518]]], [[[-8.349592, 41.508708], [-8.364048, 41.500178], [-8.368772, 41.491197], [-8.368664, 41.482189], [-8.361945, 41.471078], [-8.350033, 41.464609], [-8.338072, 41.463261], [-8.326068, 41.466096], [-8.316678, 41.472884], [-8.311869, 41.481863], [-8.312196, 41.490872], [-8.317424, 41.499911], [-8.325651, 41.50632], [-8.337599, 41.509745], [-8.349592, 41.508708]], [[-8.361663, 41.499797], [-8.349614, 41.506556], [-8.337623, 41.507348], [-8.325676, 41.503944], [-8.320524, 41.499929], [-8.315158, 41.49089], [-8.314855, 41.481881], [-8.320178, 41.472905], [-8.326042, 41.468666], [-8.338047, 41.465698], [-8.350012, 41.466726], [-8.360928, 41.473139], [-8.366568, 41.482177], [-8.366688, 41.491185], [-8.361663, 41.499797]]]]}}, {"id": "19", "type": "Feature", "properties": {"fill": "#4182f2", "value_min": 2.33, "value_max": -2.67}, "geometry": {"type": "MultiPolygon", "coordinates": [[[[-7.968029, 41.839573], [-7.960964, 41.831455], [-7.948963, 41.828943], [-7.936811, 41.835529], [-7.934038, 41.839263], [-7.936081, 41.848288], [-7.948544, 41.854531], [-7.960627, 41.85231], [-7.965384, 41.848556], [-7.968029, 41.839573]], [[-7.964826, 41.839544], [-7.960681, 41.848985], [-7.948588, 41.851821], [-7.94136, 41.848337], [-7.936379, 41.839284], [-7.948939, 41.830396], [-7.960906, 41.83504], [-7.964826, 41.839544]]], [[[-8.361609, 41.505298], [-8.366707, 41.500193], [-8.370856, 41.491208], [-8.37076, 41.4822], [-8.366565, 41.47317], [-8.361972, 41.468238], [-8.350057, 41.462186], [-8.338097, 41.460823], [-8.326095, 41.463473], [-8.314032, 41.471891], [-8.309119, 41.481847], [-8.309584, 41.490857], [-8.314326, 41.499893], [-8.325627, 41.508696], [-8.337575, 41.512046], [-8.349569, 41.511056], [-8.361609, 41.505298]], [[-8.349592, 41.508708], [-8.337599, 41.509745], [-8.325651, 41.50632], [-8.317424, 41.499911], [-8.312196, 41.490872], [-8.311869, 41.481863], [-8.316678, 41.472884], [-8.326068, 41.466096], [-8.338072, 41.463261], [-8.350033, 41.464609], [-8.361945, 41.471078], [-8.368664, 41.482189], [-8.368772, 41.491197], [-8.364048, 41.500178], [-8.349592, 41.508708]]]]}}, {"id": "9", "type": "Feature", "properties": {"fill": "#a3a3a3", "value_min": -1.0, "value_max": -0.67}, "geometry": {"type": "MultiPolygon", "coordinates": [[[[-8.016375, 41.830477], [-8.005619, 41.821891], [-7.985321, 41.814288], [-7.961264, 41.81294], [-7.937145, 41.815353], [-7.925023, 41.820304], [-7.914788, 41.830076], [-7.905508, 41.848001], [-7.904005, 41.860245], [-7.907309, 41.865203], [-7.906095, 41.868126], [-7.910299, 41.871285], [-7.910285, 41.875562], [-7.915391, 41.879397], [-7.919147, 41.878729], [-7.910535, 41.866062], [-7.908502, 41.857036], [-7.909087, 41.848035], [-7.917468, 41.830101], [-7.92807, 41.821194], [-7.937113, 41.817265], [-7.949186, 41.815291], [-7.97326, 41.815641], [-7.992961, 41.821781], [-8.005218, 41.830895], [-8.009642, 41.837898], [-8.012753, 41.833624], [-8.013062, 41.829348], [-8.016375, 41.830477]]], [[[-8.478515, 41.683934], [-8.47628, 41.680889], [-8.476972, 41.671885], [-8.49007, 41.65393], [-8.492791, 41.644935], [-8.492699, 41.635927], [-8.490079, 41.626908], [-8.48414, 41.617875], [-8.473779, 41.60882], [-8.456668, 41.600828], [-8.444686, 41.598675], [-8.432686, 41.598719], [-8.420666, 41.60104], [-8.406819, 41.608494], [-8.401248, 41.617473], [-8.401594, 41.626482], [-8.406472, 41.635514], [-8.414389, 41.644562], [-8.435796, 41.662683], [-8.442418, 41.671723], [-8.431616, 41.680677], [-8.39579, 41.694831], [-8.388336, 41.698469], [-8.376726, 41.707414], [-8.372493, 41.716398], [-8.372173, 41.725403], [-8.374796, 41.734393], [-8.384922, 41.73032], [-8.385976, 41.730993], [-8.383426, 41.725464], [-8.383648, 41.716458], [-8.388664, 41.707478], [-8.402672, 41.698545], [-8.419839, 41.693291], [-8.43186, 41.692819], [-8.443856, 41.69531], [-8.452075, 41.699792], [-8.453868, 41.697961], [-8.453255, 41.695487], [-8.461659, 41.694563], [-8.478515, 41.683934]], [[-8.476766, 41.635856], [-8.468285, 41.647353], [-8.456236, 41.652205], [-8.444227, 41.652128], [-8.432253, 41.648095], [-8.417993, 41.635573], [-8.414478, 41.626548], [-8.416603, 41.617552], [-8.420554, 41.613518], [-8.432614, 41.60692], [-8.444627, 41.605613], [-8.456609, 41.60787], [-8.471926, 41.617819], [-8.47682, 41.626849], [-8.476766, 41.635856]]], [[[-8.386184, 41.731443], [-8.386184, 41.731443], [-8.386128, 41.731322], [-8.386184, 41.731443]]], [[[-7.865966, 41.755282], [-7.860071, 41.757491], [-7.865861, 41.761225], [-7.868781, 41.757577], [-7.865966, 41.755282]]], [[[-8.132246, 41.632462], [-8.130837, 41.633761], [-8.132201, 41.635852], [-8.135715, 41.633797], [-8.132246, 41.632462]]], [[[-8.152948, 41.375866], [-8.156543, 41.390755], [-8.162086, 41.399803], [-8.171118, 41.409106], [-8.182977, 41.417572], [-8.194868, 41.423676], [-8.230629, 41.435566], [-8.242509, 41.443271], [-8.266106, 41.47385], [-8.277873, 41.492679], [-8.283916, 41.508715], [-8.289896, 41.535774], [-8.294013, 41.544806], [-8.301182, 41.553245], [-8.313097, 41.56043], [-8.325056, 41.563591], [-8.337039, 41.564615], [-8.349049, 41.562964], [-8.36108, 41.55904], [-8.373151, 41.550882], [-8.385264, 41.537966], [-8.397781, 41.518375], [-8.400751, 41.509383], [-8.397565, 41.473336], [-8.402203, 41.446338], [-8.397349, 41.437305], [-8.386278, 41.430645], [-8.379083, 41.428201], [-8.314608, 41.417229], [-8.286933, 41.409652], [-8.279084, 41.400595], [-8.269956, 41.364507], [-8.258429, 41.347661], [-8.256483, 41.347663], [-8.255889, 41.349689], [-8.249622, 41.353072], [-8.251123, 41.356897], [-8.248443, 41.361623], [-8.257102, 41.373433], [-8.258706, 41.382451], [-8.257151, 41.391448], [-8.251318, 41.400418], [-8.242935, 41.406535], [-8.230935, 41.409643], [-8.218971, 41.409582], [-8.207041, 41.40674], [-8.195156, 41.400295], [-8.186694, 41.390972], [-8.183557, 41.381942], [-8.183939, 41.376081], [-8.168382, 41.377438], [-8.1642, 41.38059], [-8.152948, 41.375866]], [[-8.36122, 41.544826], [-8.349187, 41.549171], [-8.337183, 41.550487], [-8.325205, 41.549295], [-8.313262, 41.544826], [-8.301369, 41.5358], [-8.29541, 41.5268], [-8.272569, 41.472614], [-8.268548, 41.454574], [-8.270016, 41.445575], [-8.276021, 41.436606], [-8.290549, 41.428865], [-8.314516, 41.425903], [-8.350391, 41.42879], [-8.374271, 41.434666], [-8.386172, 41.441827], [-8.390241, 41.446275], [-8.393618, 41.455301], [-8.394458, 41.50935], [-8.390711, 41.518337], [-8.384053, 41.527309], [-8.373279, 41.53769], [-8.36122, 41.544826]]], [[[-8.66093, 41.550645], [-8.665299, 41.537479], [-8.66286, 41.528465], [-8.656609, 41.519439], [-8.644641, 41.510395], [-8.625238, 41.502168], [-8.613268, 41.500053], [-8.601284, 41.500582], [-8.589268, 41.506023], [-8.582239, 41.519193], [-8.582123, 41.528199], [-8.589031, 41.543468], [-8.60095, 41.554987], [-8.612904, 41.561276], [-8.624882, 41.563812], [-8.636875, 41.563743], [-8.648886, 41.560538], [-8.66093, 41.550645]], [[-8.648988, 41.541573], [-8.636952, 41.549915], [-8.624952, 41.551579], [-8.612976, 41.549202], [-8.60783, 41.546305], [-8.597431, 41.537261], [-8.594014, 41.528242], [-8.595491, 41.51924], [-8.601209, 41.512757], [-8.613225, 41.507389], [-8.625207, 41.5075], [-8.637167, 41.511507], [-8.647745, 41.519412], [-8.652556, 41.528434], [-8.651691, 41.537439], [-8.648988, 41.541573]]], [[[-8.081287, 41.551166], [-8.097298, 41.555803], [-8.109281, 41.556375], [-8.127087, 41.552668], [-8.141646, 41.54377], [-8.147044, 41.534803], [-8.147979, 41.525802], [-8.144143, 41.516767], [-8.129595, 41.50765], [-8.098045, 41.502053], [-8.08372, 41.502153], [-8.093, 41.504613], [-8.0912, 41.509958], [-8.097955, 41.508481], [-8.109929, 41.509164], [-8.121864, 41.51269], [-8.128981, 41.516653], [-8.134344, 41.525701], [-8.133053, 41.534698], [-8.121423, 41.545292], [-8.109389, 41.548554], [-8.097405, 41.548063], [-8.086386, 41.544179], [-8.083389, 41.5449], [-8.081287, 41.551166]]], [[[-8.090901, 41.510023], [-8.090901, 41.510023], [-8.090942, 41.510014], [-8.090901, 41.510023]]], [[[-8.588329, 41.474177], [-8.594138, 41.456183], [-8.59342, 41.447173], [-8.589458, 41.438151], [-8.577799, 41.426916], [-8.565869, 41.421268], [-8.553921, 41.418478], [-8.541957, 41.418102], [-8.529974, 41.420488], [-8.515183, 41.428855], [-8.508644, 41.437835], [-8.506816, 41.446834], [-8.508091, 41.455847], [-8.512697, 41.464874], [-8.529548, 41.479459], [-8.541485, 41.485128], [-8.553442, 41.488271], [-8.565418, 41.488835], [-8.577418, 41.48569], [-8.588329, 41.474177]], [[-8.577521, 41.46977], [-8.565492, 41.477764], [-8.553503, 41.479459], [-8.54154, 41.477361], [-8.534712, 41.473973], [-8.523472, 41.464919], [-8.519412, 41.455895], [-8.519868, 41.44689], [-8.525587, 41.437906], [-8.529873, 41.434456], [-8.541875, 41.429767], [-8.553847, 41.429227], [-8.565797, 41.432068], [-8.575324, 41.4381], [-8.582135, 41.447133], [-8.583688, 41.456146], [-8.581053, 41.465144], [-8.577521, 41.46977]]], [[[-8.804315, 41.26168], [-8.781835, 41.252922], [-8.757977, 41.249181], [-8.734106, 41.24902], [-8.698279, 41.253685], [-8.681493, 41.25829], [-8.663562, 41.267246], [-8.654042, 41.276226], [-8.649873, 41.285221], [-8.649241, 41.294227], [-8.652214, 41.303244], [-8.658659, 41.312271], [-8.668208, 41.321306], [-8.697871, 41.342102], [-8.72173, 41.352763], [-8.745622, 41.357091], [-8.769535, 41.356339], [-8.793465, 41.349904], [-8.807499, 41.342507], [-8.804315, 41.26168]], [[-8.781561, 41.33499], [-8.76959, 41.340741], [-8.757625, 41.344202], [-8.745666, 41.345756], [-8.721767, 41.344037], [-8.697901, 41.335497], [-8.676539, 41.32133], [-8.667098, 41.312295], [-8.661369, 41.303271], [-8.658634, 41.294255], [-8.659766, 41.285251], [-8.664843, 41.276258], [-8.675468, 41.26728], [-8.686303, 41.262022], [-8.698258, 41.258147], [-8.722148, 41.254441], [-8.746019, 41.254807], [-8.757949, 41.256703], [-8.769874, 41.260143], [-8.781793, 41.265682], [-8.795514, 41.276564], [-8.801619, 41.285583], [-8.804296, 41.294595], [-8.804484, 41.303603], [-8.802278, 41.312607], [-8.79707, 41.321606], [-8.781561, 41.33499]]]]}}, {"id": "8", "type": "Feature", "properties": {"fill": "#b1a288", "value_min": -1.33, "value_max": -1.0}, "geometry": {"type": "MultiPolygon", "coordinates": [[[[-8.03476, 41.830269], [-8.021354, 41.819941], [-8.009401, 41.814254], [-7.997415, 41.810813], [-7.973361, 41.809281], [-7.937177, 41.813442], [-7.925073, 41.817275], [-7.912835, 41.828985], [-7.901931, 41.847967], [-7.898356, 41.860458], [-7.902203, 41.861591], [-7.904005, 41.860245], [-7.905508, 41.848001], [-7.914788, 41.830076], [-7.925023, 41.820304], [-7.937145, 41.815353], [-7.961264, 41.81294], [-7.985321, 41.814288], [-8.005619, 41.821891], [-8.016375, 41.830477], [-8.021183, 41.831382], [-8.02901, 41.829589], [-8.03476, 41.830269]]], [[[-8.535385, 41.650887], [-8.500891, 41.617949], [-8.488994, 41.608889], [-8.4687, 41.596917], [-8.444754, 41.590772], [-8.396806, 41.586004], [-8.387697, 41.581372], [-8.384948, 41.572351], [-8.386135, 41.56335], [-8.392778, 41.54537], [-8.406625, 41.518421], [-8.408368, 41.509422], [-8.401805, 41.482366], [-8.402931, 41.473364], [-8.409968, 41.457838], [-8.419344, 41.446426], [-8.422445, 41.437434], [-8.417753, 41.428403], [-8.410262, 41.425409], [-8.398322, 41.422469], [-8.338565, 41.414721], [-8.320482, 41.409855], [-8.303048, 41.400743], [-8.294795, 41.391685], [-8.291044, 41.383328], [-8.279521, 41.343756], [-8.271457, 41.326712], [-8.265709, 41.331221], [-8.269004, 41.336169], [-8.263339, 41.340902], [-8.262751, 41.345405], [-8.258429, 41.347661], [-8.269956, 41.364507], [-8.279084, 41.400595], [-8.286933, 41.409652], [-8.314608, 41.417229], [-8.379083, 41.428201], [-8.386278, 41.430645], [-8.397349, 41.437305], [-8.402203, 41.446338], [-8.397565, 41.473336], [-8.400751, 41.509383], [-8.397781, 41.518375], [-8.385264, 41.537966], [-8.373151, 41.550882], [-8.36108, 41.55904], [-8.349049, 41.562964], [-8.337039, 41.564615], [-8.325056, 41.563591], [-8.313097, 41.56043], [-8.301182, 41.553245], [-8.294013, 41.544806], [-8.289896, 41.535774], [-8.283916, 41.508715], [-8.277873, 41.492679], [-8.266106, 41.47385], [-8.242509, 41.443271], [-8.230629, 41.435566], [-8.194868, 41.423676], [-8.182977, 41.417572], [-8.171118, 41.409106], [-8.162086, 41.399803], [-8.156543, 41.390755], [-8.152948, 41.375866], [-8.150152, 41.37339], [-8.139694, 41.377894], [-8.133418, 41.374292], [-8.119672, 41.376768], [-8.119672, 41.378569], [-8.116683, 41.380144], [-8.117578, 41.386447], [-8.113992, 41.386896], [-8.112795, 41.390723], [-8.110105, 41.390947], [-8.108011, 41.393648], [-8.103827, 41.392972], [-8.105321, 41.394998], [-8.10263, 41.396123], [-8.10801, 41.398825], [-8.108606, 41.403102], [-8.104419, 41.406252], [-8.104119, 41.408728], [-8.101727, 41.409403], [-8.101926, 41.411204], [-8.109036, 41.417419], [-8.124011, 41.426541], [-8.170585, 41.450996], [-8.182511, 41.454703], [-8.218377, 41.4591], [-8.230319, 41.461811], [-8.242245, 41.465964], [-8.254139, 41.472989], [-8.266002, 41.483063], [-8.271463, 41.490622], [-8.279562, 41.508687], [-8.280095, 41.526705], [-8.275632, 41.553699], [-8.276933, 41.562715], [-8.281976, 41.571754], [-8.288914, 41.578454], [-8.300829, 41.585944], [-8.324729, 41.594996], [-8.348662, 41.601405], [-8.360599, 41.607775], [-8.377513, 41.626354], [-8.3963, 41.640314], [-8.410421, 41.653549], [-8.416457, 41.662587], [-8.416807, 41.671596], [-8.408866, 41.680562], [-8.369313, 41.698366], [-8.360315, 41.707324], [-8.357899, 41.716317], [-8.361688, 41.735771], [-8.368703, 41.73193], [-8.371416, 41.7344], [-8.374796, 41.734393], [-8.372173, 41.725403], [-8.372493, 41.716398], [-8.376726, 41.707414], [-8.388336, 41.698469], [-8.39579, 41.694831], [-8.431616, 41.680677], [-8.442418, 41.671723], [-8.435796, 41.662683], [-8.414389, 41.644562], [-8.406472, 41.635514], [-8.401594, 41.626482], [-8.401248, 41.617473], [-8.406819, 41.608494], [-8.420666, 41.60104], [-8.432686, 41.598719], [-8.444686, 41.598675], [-8.456668, 41.600828], [-8.473779, 41.60882], [-8.48414, 41.617875], [-8.490079, 41.626908], [-8.492699, 41.635927], [-8.492791, 41.644935], [-8.49007, 41.65393], [-8.476972, 41.671885], [-8.47628, 41.680889], [-8.478515, 41.683934], [-8.482012, 41.682123], [-8.484371, 41.674238], [-8.49308, 41.674886], [-8.499963, 41.671038], [-8.50927, 41.671233], [-8.51018, 41.672806], [-8.511967, 41.670324], [-8.509856, 41.668755], [-8.512252, 41.667847], [-8.514629, 41.663788], [-8.522103, 41.658811], [-8.525706, 41.659023], [-8.527769, 41.652714], [-8.535385, 41.650887]]], [[[-7.853728, 41.767027], [-7.865725, 41.768936], [-7.872265, 41.766619], [-7.877931, 41.758902], [-7.877969, 41.756759], [-7.8661, 41.747689], [-7.854032, 41.749967], [-7.847551, 41.757366], [-7.853728, 41.767027]], [[-7.865966, 41.755282], [-7.868781, 41.757577], [-7.865861, 41.761225], [-7.860071, 41.757491], [-7.865966, 41.755282]]], [[[-8.132037, 41.648047], [-8.144064, 41.64666], [-8.150846, 41.642917], [-8.155394, 41.633944], [-8.150618, 41.624901], [-8.144395, 41.621602], [-8.132392, 41.62159], [-8.11902, 41.633671], [-8.121651, 41.642698], [-8.132037, 41.648047]], [[-8.132246, 41.632462], [-8.135715, 41.633797], [-8.132201, 41.635852], [-8.130837, 41.633761], [-8.132246, 41.632462]]], [[[-8.666975, 41.586425], [-8.674475, 41.582542], [-8.68481, 41.571541], [-8.688066, 41.564565], [-8.689249, 41.555561], [-8.687566, 41.546549], [-8.67668, 41.528504], [-8.667032, 41.519469], [-8.637221, 41.501788], [-8.615066, 41.492285], [-8.604112, 41.48324], [-8.603005, 41.474229], [-8.605755, 41.447216], [-8.604087, 41.438203], [-8.599231, 41.429178], [-8.589809, 41.42024], [-8.577889, 41.412957], [-8.55402, 41.403984], [-8.530113, 41.401196], [-8.51814, 41.40244], [-8.50615, 41.405953], [-8.497021, 41.410762], [-8.486786, 41.419724], [-8.482842, 41.428714], [-8.483048, 41.437722], [-8.485997, 41.446743], [-8.49859, 41.464814], [-8.520853, 41.482923], [-8.551929, 41.501064], [-8.561314, 41.510107], [-8.57018, 41.537163], [-8.575206, 41.546189], [-8.588904, 41.563516], [-8.60083, 41.574429], [-8.624742, 41.587998], [-8.636725, 41.590613], [-8.64872, 41.591067], [-8.659898, 41.589369], [-8.661428, 41.588927], [-8.664381, 41.587595], [-8.664454, 41.587562], [-8.664679, 41.587461], [-8.665265, 41.585758], [-8.666975, 41.586425]], [[-8.66093, 41.550645], [-8.648886, 41.560538], [-8.636875, 41.563743], [-8.624882, 41.563812], [-8.612904, 41.561276], [-8.60095, 41.554987], [-8.589031, 41.543468], [-8.582123, 41.528199], [-8.582239, 41.519193], [-8.589268, 41.506023], [-8.601284, 41.500582], [-8.613268, 41.500053], [-8.625238, 41.502168], [-8.644641, 41.510395], [-8.656609, 41.519439], [-8.66286, 41.528465], [-8.665299, 41.537479], [-8.66093, 41.550645]], [[-8.588329, 41.474177], [-8.577418, 41.48569], [-8.565418, 41.488835], [-8.553442, 41.488271], [-8.541485, 41.485128], [-8.529548, 41.479459], [-8.512697, 41.464874], [-8.508091, 41.455847], [-8.506816, 41.446834], [-8.508644, 41.437835], [-8.515183, 41.428855], [-8.529974, 41.420488], [-8.541957, 41.418102], [-8.553921, 41.418478], [-8.565869, 41.421268], [-8.577799, 41.426916], [-8.589458, 41.438151], [-8.59342, 41.447173], [-8.594138, 41.456183], [-8.588329, 41.474177]]], [[[-8.081279, 41.561561], [-8.097176, 41.564577], [-8.121151, 41.565371], [-8.133165, 41.563831], [-8.145203, 41.560416], [-8.158515, 41.552902], [-8.165858, 41.543948], [-8.168454, 41.525952], [-8.162908, 41.507897], [-8.157958, 41.50163], [-8.146028, 41.497683], [-8.122053, 41.498727], [-8.11009, 41.497368], [-8.084883, 41.489288], [-8.074344, 41.483597], [-8.066973, 41.481974], [-8.066069, 41.48817], [-8.072054, 41.490199], [-8.072348, 41.495601], [-8.078333, 41.49898], [-8.078332, 41.500331], [-8.08372, 41.502153], [-8.098045, 41.502053], [-8.129595, 41.50765], [-8.144143, 41.516767], [-8.147979, 41.525802], [-8.147044, 41.534803], [-8.141646, 41.54377], [-8.127087, 41.552668], [-8.109281, 41.556375], [-8.097298, 41.555803], [-8.081287, 41.551166], [-8.079489, 41.551876], [-8.074097, 41.549848], [-8.072896, 41.552098], [-8.081279, 41.561561]]], [[[-8.803548, 41.242169], [-8.781875, 41.240818], [-8.746067, 41.242457], [-8.710244, 41.247116], [-8.6744, 41.254926], [-8.664706, 41.258242], [-8.648963, 41.267203], [-8.640334, 41.276184], [-8.636222, 41.285179], [-8.636139, 41.294186], [-8.640207, 41.303207], [-8.658963, 41.321279], [-8.697832, 41.350459], [-8.721678, 41.365005], [-8.745558, 41.373642], [-8.76946, 41.377568], [-8.793376, 41.378067], [-8.808841, 41.376494], [-8.807499, 41.342507], [-8.793465, 41.349904], [-8.769535, 41.356339], [-8.745622, 41.357091], [-8.72173, 41.352763], [-8.697871, 41.342102], [-8.668208, 41.321306], [-8.658659, 41.312271], [-8.652214, 41.303244], [-8.649241, 41.294227], [-8.649873, 41.285221], [-8.654042, 41.276226], [-8.663562, 41.267246], [-8.681493, 41.25829], [-8.698279, 41.253685], [-8.734106, 41.24902], [-8.757977, 41.249181], [-8.781835, 41.252922], [-8.804315, 41.26168], [-8.803548, 41.242169]]]]}}, {"id": "18", "type": "Feature", "properties": {"fill": "#5599f7", "value_min": 2.0, "value_max": -2.33}, "geometry": {"type": "MultiPolygon", "coordinates": [[[[-7.971232, 41.839602], [-7.963803, 41.830528], [-7.948986, 41.827489], [-7.936865, 41.832283], [-7.931696, 41.839241], [-7.933131, 41.848261], [-7.936533, 41.852327], [-7.948499, 41.857242], [-7.960573, 41.855634], [-7.969499, 41.848593], [-7.971232, 41.839602]], [[-7.968029, 41.839573], [-7.965384, 41.848556], [-7.960627, 41.85231], [-7.948544, 41.854531], [-7.936081, 41.848288], [-7.934038, 41.839263], [-7.936811, 41.835529], [-7.948963, 41.828943], [-7.960964, 41.831455], [-7.968029, 41.839573]]], [[[-8.361582, 41.508], [-8.369364, 41.500207], [-8.37294, 41.49122], [-8.372856, 41.482212], [-8.369251, 41.473185], [-8.362, 41.465398], [-8.350083, 41.459659], [-8.338122, 41.458385], [-8.326125, 41.460569], [-8.314075, 41.467837], [-8.309676, 41.472843], [-8.306368, 41.48183], [-8.306973, 41.490841], [-8.3113, 41.499874], [-8.325599, 41.51139], [-8.337552, 41.514347], [-8.349545, 41.513447], [-8.361582, 41.508]], [[-8.361609, 41.505298], [-8.349569, 41.511056], [-8.337575, 41.512046], [-8.325627, 41.508696], [-8.314326, 41.499893], [-8.309584, 41.490857], [-8.309119, 41.481847], [-8.314032, 41.471891], [-8.326095, 41.463473], [-8.338097, 41.460823], [-8.350057, 41.462186], [-8.361972, 41.468238], [-8.366565, 41.47317], [-8.37076, 41.4822], [-8.370856, 41.491208], [-8.366707, 41.500193], [-8.361609, 41.505298]]]]}}, {"id": "17", "type": "Feature", "properties": {"fill": "#6ba5ec", "value_min": 1.67, "value_max": -2.0}, "geometry": {"type": "MultiPolygon", "coordinates": [[[[-7.94845, 41.860243], [-7.960518, 41.859005], [-7.963476, 41.857546], [-7.973617, 41.84863], [-7.974625, 41.839632], [-7.967648, 41.830563], [-7.961029, 41.827469], [-7.94901, 41.826037], [-7.9359, 41.830273], [-7.929355, 41.839219], [-7.930183, 41.848234], [-7.936476, 41.855755], [-7.94845, 41.860243]], [[-7.971232, 41.839602], [-7.969499, 41.848593], [-7.960573, 41.855634], [-7.948499, 41.857242], [-7.936533, 41.852327], [-7.933131, 41.848261], [-7.931696, 41.839241], [-7.936865, 41.832283], [-7.948986, 41.827489], [-7.963803, 41.830528], [-7.971232, 41.839602]]], [[[-8.349521, 41.515838], [-8.361553, 41.510933], [-8.372021, 41.500222], [-8.375241, 41.491232], [-8.375116, 41.482224], [-8.371937, 41.473199], [-8.362031, 41.462299], [-8.350108, 41.457131], [-8.338146, 41.455947], [-8.326156, 41.457665], [-8.314118, 41.463782], [-8.306174, 41.472821], [-8.303617, 41.481813], [-8.304361, 41.490825], [-8.308292, 41.499856], [-8.313669, 41.506311], [-8.32557, 41.514126], [-8.337528, 41.516648], [-8.349521, 41.515838]], [[-8.361582, 41.508], [-8.349545, 41.513447], [-8.337552, 41.514347], [-8.325599, 41.51139], [-8.3113, 41.499874], [-8.306973, 41.490841], [-8.306368, 41.48183], [-8.309676, 41.472843], [-8.314075, 41.467837], [-8.326125, 41.460569], [-8.338122, 41.458385], [-8.350083, 41.459659], [-8.362, 41.465398], [-8.369251, 41.473185], [-8.372856, 41.482212], [-8.37294, 41.49122], [-8.369364, 41.500207], [-8.361582, 41.508]]]]}}]}