{"type": "FeatureCollection", "features": [{"id": "10", "type": "Feature", "properties": {"fill": "#a3a3a3", "value_min": 0.33, "value_max": -0.67}, "geometry": {"type": "MultiPolygon", "coordinates": [[[[-7.799662, 41.873946], [-7.801766, 41.864979], [-7.801245, 41.855967], [-7.797402, 41.84692], [-7.786599, 41.8378], [-7.768258, 41.832651], [-7.756218, 41.832472], [-7.742953, 41.834381], [-7.74729, 41.837772], [-7.746675, 41.839881], [-7.756105, 41.838328], [-7.768126, 41.839527], [-7.782972, 41.846768], [-7.789085, 41.855839], [-7.78997, 41.864855], [-7.786624, 41.873827], [-7.779365, 41.881878], [-7.76719, 41.888269], [-7.757055, 41.89002], [-7.758719, 41.890926], [-7.756592, 41.89407], [-7.758076, 41.897901], [-7.764097, 41.898595], [-7.779227, 41.886264], [-7.785257, 41.885157], [-7.788886, 41.882467], [-7.794007, 41.882257], [-7.796739, 41.878214], [-7.794349, 41.87438], [-7.799662, 41.873946]]], [[[-7.742345, 41.889071], [-7.731102, 41.884609], [-7.724368, 41.877981], [-7.720533, 41.880218], [-7.720523, 41.881793], [-7.725335, 41.882935], [-7.726208, 41.887665], [-7.737044, 41.888828], [-7.73944, 41.891087], [-7.742345, 41.889071]]], [[[-7.789435, 41.719966], [-7.836811, 41.784279], [-7.838424, 41.793302], [-7.836066, 41.811291], [-7.840858, 41.820347], [-7.852643, 41.827897], [-7.864649, 41.829927], [-7.876733, 41.827571], [-7.886837, 41.820801], [-7.892223, 41.811847], [-7.892507, 41.802843], [-7.889267, 41.793805], [-7.888776, 41.784793], [-7.901678, 41.77718], [-7.913681, 41.77894], [-7.924468, 41.79414], [-7.937405, 41.799604], [-7.949446, 41.799376], [-7.95971, 41.794464], [-7.9634, 41.785491], [-7.961487, 41.776467], [-7.963627, 41.758472], [-7.957431, 41.749409], [-7.946532, 41.740303], [-7.94333, 41.731267], [-7.94335, 41.704246], [-7.93921, 41.690065], [-7.927528, 41.669936], [-7.915724, 41.657539], [-7.898723, 41.645512], [-7.89696, 41.647985], [-7.892759, 41.647976], [-7.892147, 41.651126], [-7.902319, 41.659925], [-7.899913, 41.66127], [-7.900198, 41.665547], [-7.898396, 41.665769], [-7.897186, 41.668348], [-7.915385, 41.677682], [-7.924683, 41.686059], [-7.931602, 41.69513], [-7.935564, 41.704174], [-7.93631, 41.722195], [-7.933439, 41.731175], [-7.926311, 41.743121], [-7.918, 41.749045], [-7.889953, 41.757784], [-7.875946, 41.766655], [-7.865704, 41.770131], [-7.853713, 41.767887], [-7.839797, 41.748282], [-7.818328, 41.729321], [-7.809957, 41.717774], [-7.808396, 41.715744], [-7.803298, 41.714154], [-7.790966, 41.717044], [-7.789435, 41.719966]], [[-7.864752, 41.824138], [-7.855602, 41.820495], [-7.849832, 41.81143], [-7.853082, 41.803289], [-7.865248, 41.795992], [-7.877263, 41.797235], [-7.883303, 41.802754], [-7.886539, 41.811792], [-7.876814, 41.822944], [-7.864752, 41.824138]], [[-7.937457, 41.796501], [-7.932223, 41.794212], [-7.929729, 41.785182], [-7.937772, 41.777386], [-7.949793, 41.778127], [-7.956076, 41.785424], [-7.953972, 41.794412], [-7.949492, 41.796556], [-7.937457, 41.796501]], [[-7.937883, 41.770678], [-7.930143, 41.758165], [-7.938197, 41.751622], [-7.950195, 41.753446], [-7.95419, 41.758387], [-7.949939, 41.769163], [-7.937883, 41.770678]]], [[[-8.337613, 41.762826], [-8.33596, 41.743214], [-8.323452, 41.717112], [-8.311525, 41.70831], [-8.299509, 41.707953], [-8.287464, 41.710193], [-8.263294, 41.721529], [-8.2472, 41.733659], [-8.230183, 41.751561], [-8.226979, 41.760546], [-8.228003, 41.76956], [-8.233792, 41.778606], [-8.244347, 41.787925], [-8.245546, 41.785731], [-8.251257, 41.784375], [-8.251845, 41.777172], [-8.256951, 41.774025], [-8.251867, 41.769718], [-8.247002, 41.760679], [-8.24661, 41.751669], [-8.250503, 41.742688], [-8.263201, 41.729654], [-8.275297, 41.723305], [-8.287352, 41.720361], [-8.299369, 41.720817], [-8.30985, 41.725046], [-8.320217, 41.734115], [-8.324905, 41.743149], [-8.326477, 41.752165], [-8.323727, 41.764124], [-8.326436, 41.765096], [-8.328234, 41.763292], [-8.330341, 41.764189], [-8.332141, 41.762835], [-8.337613, 41.762826]]], [[[-8.202634, 41.765906], [-8.209874, 41.76043], [-8.209881, 41.751423], [-8.195566, 41.733309], [-8.179125, 41.722548], [-8.171687, 41.715126], [-8.162673, 41.697046], [-8.155515, 41.689285], [-8.143554, 41.685147], [-8.131531, 41.685743], [-8.119482, 41.688182], [-8.107362, 41.695695], [-8.104916, 41.705618], [-8.111951, 41.723687], [-8.118873, 41.732727], [-8.129037, 41.741831], [-8.142941, 41.75995], [-8.15448, 41.768312], [-8.166455, 41.772592], [-8.178474, 41.773604], [-8.19053, 41.771691], [-8.202634, 41.765906]], [[-8.166603, 41.761153], [-8.15464, 41.756084], [-8.149254, 41.75099], [-8.142827, 41.739892], [-8.117233, 41.723727], [-8.107367, 41.705637], [-8.108647, 41.69664], [-8.119452, 41.690353], [-8.143485, 41.690332], [-8.155424, 41.696276], [-8.162293, 41.706051], [-8.167218, 41.724101], [-8.18427, 41.73323], [-8.191698, 41.742289], [-8.190782, 41.751668], [-8.178642, 41.760487], [-8.166603, 41.761153]]], [[[-8.040471, 41.597424], [-8.050943, 41.615114], [-8.061032, 41.624204], [-8.072259, 41.629537], [-8.096193, 41.635013], [-8.120004, 41.649835], [-8.13194, 41.655265], [-8.143922, 41.657377], [-8.155951, 41.655954], [-8.168039, 41.649876], [-8.177139, 41.643109], [-8.192376, 41.62439], [-8.201395, 41.616258], [-8.21657, 41.609005], [-8.228597, 41.606911], [-8.252606, 41.606284], [-8.276567, 41.609939], [-8.288496, 41.616522], [-8.295344, 41.62588], [-8.309963, 41.671004], [-8.319912, 41.689078], [-8.323706, 41.69288], [-8.335687, 41.696393], [-8.347701, 41.696798], [-8.371758, 41.694547], [-8.383801, 41.691844], [-8.419976, 41.677974], [-8.432016, 41.675099], [-8.456043, 41.67512], [-8.483488, 41.677527], [-8.484371, 41.674238], [-8.49308, 41.674886], [-8.499963, 41.671038], [-8.50927, 41.671233], [-8.51018, 41.672806], [-8.511967, 41.670324], [-8.509856, 41.668755], [-8.512252, 41.667847], [-8.514629, 41.663788], [-8.521211, 41.660121], [-8.504181, 41.66429], [-8.48013, 41.667802], [-8.432064, 41.669583], [-8.420021, 41.672987], [-8.395883, 41.684865], [-8.383831, 41.688716], [-8.371799, 41.690352], [-8.357189, 41.689292], [-8.347806, 41.686343], [-8.337935, 41.680176], [-8.331257, 41.67113], [-8.328529, 41.662107], [-8.328273, 41.653098], [-8.329989, 41.644101], [-8.33932, 41.626141], [-8.357837, 41.608231], [-8.372536, 41.599305], [-8.395021, 41.590419], [-8.40879, 41.587431], [-8.456812, 41.583587], [-8.468839, 41.579884], [-8.480917, 41.569644], [-8.517202, 41.528999], [-8.541202, 41.525319], [-8.553211, 41.521984], [-8.589246, 41.501203], [-8.601305, 41.497085], [-8.613293, 41.495946], [-8.625263, 41.497713], [-8.63722, 41.502082], [-8.653813, 41.510423], [-8.666607, 41.519468], [-8.6749, 41.528499], [-8.680435, 41.537522], [-8.68296, 41.555544], [-8.676186, 41.57354], [-8.665398, 41.585757], [-8.66948, 41.587989], [-8.684455, 41.586117], [-8.685608, 41.58071], [-8.697261, 41.576376], [-8.701703, 41.570277], [-8.707704, 41.570923], [-8.712485, 41.569323], [-8.715667, 41.572908], [-8.713833, 41.564632], [-8.705394, 41.546596], [-8.68898, 41.528538], [-8.676583, 41.519497], [-8.63724, 41.498433], [-8.613325, 41.490499], [-8.601347, 41.490294], [-8.553337, 41.50358], [-8.541358, 41.503141], [-8.529406, 41.499072], [-8.503716, 41.482851], [-8.490548, 41.473786], [-8.481796, 41.464739], [-8.475024, 41.455701], [-8.465955, 41.437644], [-8.465187, 41.428633], [-8.467038, 41.419634], [-8.47869, 41.383657], [-8.480684, 41.356644], [-8.476868, 41.329603], [-8.459993, 41.266471], [-8.458387, 41.246649], [-8.454323, 41.246886], [-8.455541, 41.251834], [-8.452276, 41.25522], [-8.449891, 41.255452], [-8.449304, 41.257479], [-8.447812, 41.257258], [-8.449028, 41.261982], [-8.443657, 41.261771], [-8.438004, 41.264938], [-8.438023, 41.268989], [-8.434745, 41.269673], [-8.432691, 41.277107], [-8.427032, 41.279372], [-8.429143, 41.284319], [-8.425879, 41.288572], [-8.426122, 41.288829], [-8.426179, 41.288889], [-8.444277, 41.311435], [-8.456948, 41.338519], [-8.460473, 41.365558], [-8.453839, 41.39255], [-8.441985, 41.410508], [-8.434261, 41.418083], [-8.422226, 41.425808], [-8.41023, 41.428979], [-8.39825, 41.430198], [-8.33843, 41.428088], [-8.314485, 41.428925], [-8.30249, 41.431382], [-8.290466, 41.436503], [-8.279648, 41.445636], [-8.275447, 41.454617], [-8.2755, 41.463625], [-8.291575, 41.508762], [-8.294856, 41.535804], [-8.289186, 41.553666], [-8.277054, 41.566254], [-8.264998, 41.571759], [-8.24095, 41.576875], [-8.178908, 41.580071], [-8.1689, 41.582888], [-8.155911, 41.588912], [-8.157737, 41.597932], [-8.168515, 41.612849], [-8.171749, 41.625056], [-8.169989, 41.63405], [-8.164475, 41.643017], [-8.156045, 41.648773], [-8.143986, 41.652582], [-8.131988, 41.651725], [-8.120047, 41.646651], [-8.113892, 41.642638], [-8.108201, 41.634911], [-8.09628, 41.628778], [-8.08429, 41.627722], [-8.075409, 41.624321], [-8.06752, 41.61525], [-8.067995, 41.606247], [-8.072706, 41.59837], [-8.083371, 41.588356], [-8.078783, 41.579312], [-8.067482, 41.573542], [-8.056684, 41.579549], [-8.052181, 41.584498], [-8.052777, 41.587649], [-8.040471, 41.597424]], [[-8.444865, 41.577819], [-8.384929, 41.573375], [-8.348941, 41.573684], [-8.336963, 41.571991], [-8.325024, 41.566687], [-8.313192, 41.551424], [-8.301497, 41.523963], [-8.284925, 41.472691], [-8.284907, 41.463684], [-8.288066, 41.454696], [-8.296205, 41.445739], [-8.302378, 41.441826], [-8.314396, 41.437328], [-8.338364, 41.434506], [-8.362289, 41.435953], [-8.386177, 41.441302], [-8.395473, 41.446303], [-8.398049, 41.451979], [-8.397729, 41.486599], [-8.399119, 41.491359], [-8.409536, 41.505546], [-8.421483, 41.509454], [-8.44544, 41.510576], [-8.457382, 41.51551], [-8.460278, 41.518685], [-8.491619, 41.536842], [-8.492192, 41.545852], [-8.487036, 41.554837], [-8.478558, 41.563806], [-8.468907, 41.571632], [-8.456872, 41.576425], [-8.444865, 41.577819]], [[-8.493246, 41.526859], [-8.481277, 41.524685], [-8.468802, 41.518725], [-8.461615, 41.509684], [-8.457539, 41.496616], [-8.433539, 41.501084], [-8.421561, 41.500677], [-8.409634, 41.494742], [-8.403826, 41.482376], [-8.404988, 41.473375], [-8.409909, 41.464405], [-8.421956, 41.456249], [-8.433939, 41.45517], [-8.445879, 41.458988], [-8.452933, 41.464606], [-8.459747, 41.473645], [-8.463735, 41.482671], [-8.469581, 41.489142], [-8.481558, 41.489394], [-8.493514, 41.492398], [-8.507142, 41.50088], [-8.513717, 41.509916], [-8.515046, 41.518929], [-8.505235, 41.526427], [-8.493246, 41.526859]]], [[[-8.47282, 41.238954], [-8.507306, 41.252681], [-8.531145, 41.257383], [-8.555022, 41.256841], [-8.566977, 41.254098], [-8.578946, 41.249006], [-8.590937, 41.240112], [-8.597746, 41.231004], [-8.601319, 41.222008], [-8.602139, 41.213003], [-8.600399, 41.20399], [-8.595936, 41.194966], [-8.591256, 41.188882], [-8.580022, 41.179796], [-8.581296, 41.191762], [-8.577139, 41.194029], [-8.576266, 41.197079], [-8.584278, 41.203932], [-8.589179, 41.212958], [-8.589678, 41.221968], [-8.585729, 41.230961], [-8.579017, 41.237986], [-8.567044, 41.243959], [-8.555096, 41.245988], [-8.543168, 41.245026], [-8.531262, 41.24096], [-8.519117, 41.230702], [-8.515142, 41.221678], [-8.515622, 41.212672], [-8.520542, 41.203685], [-8.524002, 41.200975], [-8.518471, 41.200543], [-8.51163, 41.203042], [-8.510456, 41.206197], [-8.505693, 41.207113], [-8.504239, 41.213646], [-8.500076, 41.21546], [-8.50308, 41.219502], [-8.502204, 41.222656], [-8.495642, 41.222227], [-8.495947, 41.223351], [-8.490894, 41.226294], [-8.487935, 41.230354], [-8.490331, 41.232373], [-8.489156, 41.235528], [-8.486181, 41.236888], [-8.484411, 41.240495], [-8.478434, 41.238037], [-8.47282, 41.238954]]], [[[-8.579787, 41.179613], [-8.579787, 41.179613], [-8.579723, 41.179563], [-8.579787, 41.179613]]], [[[-8.579499, 41.179389], [-8.579499, 41.179389], [-8.578825, 41.179049], [-8.579499, 41.179389]]], [[[-8.665266, 41.58588], [-8.665266, 41.58588], [-8.665155, 41.585984], [-8.665266, 41.58588]]], [[[-8.664968, 41.586157], [-8.664968, 41.586157], [-8.664912, 41.58621], [-8.664968, 41.586157]]], [[[-8.664671, 41.586434], [-8.661995, 41.588924], [-8.664092, 41.588915], [-8.664671, 41.586434]]], [[[-8.525705, 41.658879], [-8.525705, 41.658879], [-8.525176, 41.659025], [-8.525705, 41.658879]]], [[[-8.524806, 41.659127], [-8.524806, 41.659127], [-8.524351, 41.659253], [-8.524806, 41.659127]]], [[[-8.044119, 41.660093], [-8.044412, 41.651089], [-8.039826, 41.642043], [-8.036132, 41.637042], [-8.024188, 41.63293], [-8.012181, 41.632963], [-8.0001, 41.637866], [-7.996039, 41.641669], [-7.991526, 41.650637], [-7.992648, 41.659654], [-8.001397, 41.668737], [-8.011571, 41.672902], [-8.023569, 41.673933], [-8.035638, 41.670212], [-8.044119, 41.660093]], [[-8.011615, 41.669997], [-8.008691, 41.6688], [-8.001093, 41.659727], [-8.002066, 41.650729], [-8.012035, 41.642524], [-8.024069, 41.64083], [-8.036007, 41.645446], [-8.040064, 41.651053], [-8.041286, 41.66007], [-8.033305, 41.66901], [-8.023598, 41.671973], [-8.011615, 41.669997]]]]}}, {"id": "11", "type": "Feature", "properties": {"fill": "#a3a3a3", "value_min": 0.67, "value_max": -1.0}, "geometry": {"type": "MultiPolygon", "coordinates": [[[[-7.813658, 41.87331], [-7.816649, 41.838113], [-7.828451, 41.833818], [-7.85249, 41.836453], [-7.864549, 41.835623], [-7.876652, 41.832181], [-7.891705, 41.820849], [-7.901272, 41.80097], [-7.913402, 41.795421], [-7.937354, 41.802705], [-7.9494, 41.802196], [-7.965574, 41.794517], [-7.970475, 41.785554], [-7.971928, 41.767554], [-7.970662, 41.758535], [-7.953437, 41.731359], [-7.949908, 41.677285], [-7.951728, 41.659171], [-7.963894, 41.649495], [-7.975788, 41.656712], [-7.97728, 41.659518], [-7.989979, 41.668637], [-8.011527, 41.675806], [-8.023539, 41.675893], [-8.035609, 41.672112], [-8.040306, 41.669069], [-8.046951, 41.660117], [-8.049156, 41.642121], [-8.06019, 41.633941], [-8.096129, 41.639621], [-8.131892, 41.658817], [-8.139951, 41.66085], [-8.143833, 41.66411], [-8.155814, 41.666419], [-8.204176, 41.640923], [-8.216228, 41.637274], [-8.228248, 41.636111], [-8.240244, 41.637061], [-8.252211, 41.640447], [-8.264144, 41.647036], [-8.276015, 41.659249], [-8.282365, 41.670835], [-8.284705, 41.679857], [-8.284303, 41.688861], [-8.27978, 41.69784], [-8.270852, 41.706791], [-8.239145, 41.730401], [-8.227051, 41.736201], [-8.215026, 41.736232], [-8.203065, 41.731036], [-8.179304, 41.71518], [-8.173036, 41.706129], [-8.167481, 41.69324], [-8.155646, 41.679292], [-8.143636, 41.678965], [-8.119511, 41.686023], [-8.104669, 41.696609], [-8.102538, 41.7056], [-8.106965, 41.724397], [-8.13419, 41.768891], [-8.142334, 41.776919], [-8.154262, 41.784889], [-8.205872, 41.805093], [-8.213692, 41.803765], [-8.217598, 41.80016], [-8.217589, 41.793634], [-8.224207, 41.794303], [-8.229917, 41.791598], [-8.240744, 41.791588], [-8.24074, 41.789338], [-8.244347, 41.787925], [-8.233792, 41.778606], [-8.228003, 41.76956], [-8.226979, 41.760546], [-8.230183, 41.751561], [-8.2472, 41.733659], [-8.263294, 41.721529], [-8.287464, 41.710193], [-8.299509, 41.707953], [-8.311525, 41.70831], [-8.323452, 41.717112], [-8.33596, 41.743214], [-8.337613, 41.762826], [-8.341756, 41.761468], [-8.344765, 41.762363], [-8.349267, 41.760103], [-8.350556, 41.757175], [-8.343165, 41.725241], [-8.343875, 41.716238], [-8.351006, 41.707271], [-8.372561, 41.698384], [-8.419939, 41.6821], [-8.431972, 41.680078], [-8.443988, 41.679907], [-8.476626, 41.685595], [-8.482012, 41.682123], [-8.483488, 41.677527], [-8.456043, 41.67512], [-8.432016, 41.675099], [-8.419976, 41.677974], [-8.383801, 41.691844], [-8.371758, 41.694547], [-8.347701, 41.696798], [-8.335687, 41.696393], [-8.323706, 41.69288], [-8.319912, 41.689078], [-8.309963, 41.671004], [-8.295344, 41.62588], [-8.288496, 41.616522], [-8.276567, 41.609939], [-8.252606, 41.606284], [-8.228597, 41.606911], [-8.21657, 41.609005], [-8.201395, 41.616258], [-8.192376, 41.62439], [-8.177139, 41.643109], [-8.168039, 41.649876], [-8.155951, 41.655954], [-8.143922, 41.657377], [-8.13194, 41.655265], [-8.120004, 41.649835], [-8.096193, 41.635013], [-8.072259, 41.629537], [-8.061032, 41.624204], [-8.050943, 41.615114], [-8.040471, 41.597424], [-8.031467, 41.602938], [-8.02367, 41.603156], [-8.019174, 41.601802], [-8.015872, 41.603824], [-8.013474, 41.603372], [-8.005971, 41.60629], [-8.003562, 41.611239], [-7.998761, 41.612809], [-7.999669, 41.608759], [-7.996976, 41.605829], [-7.996684, 41.602003], [-7.984685, 41.603564], [-7.982292, 41.60086], [-7.975689, 41.603552], [-7.974482, 41.606701], [-7.970882, 41.607147], [-7.969091, 41.603768], [-7.965796, 41.602413], [-7.9541, 41.602846], [-7.952606, 41.600592], [-7.947808, 41.60081], [-7.945413, 41.599456], [-7.942725, 41.595625], [-7.936733, 41.594264], [-7.93791, 41.601694], [-7.937004, 41.603718], [-7.931604, 41.604384], [-7.930073, 41.614735], [-7.925255, 41.620579], [-7.920755, 41.620796], [-7.917748, 41.623041], [-7.915933, 41.627764], [-7.913229, 41.628885], [-7.912613, 41.63361], [-7.906014, 41.633147], [-7.905699, 41.637648], [-7.907788, 41.640804], [-7.898723, 41.645512], [-7.915724, 41.657539], [-7.927528, 41.669936], [-7.93921, 41.690065], [-7.94335, 41.704246], [-7.94333, 41.731267], [-7.946532, 41.740303], [-7.957431, 41.749409], [-7.963627, 41.758472], [-7.961487, 41.776467], [-7.9634, 41.785491], [-7.95971, 41.794464], [-7.949446, 41.799376], [-7.937405, 41.799604], [-7.924468, 41.79414], [-7.913681, 41.77894], [-7.901678, 41.77718], [-7.888776, 41.784793], [-7.889267, 41.793805], [-7.892507, 41.802843], [-7.892223, 41.811847], [-7.886837, 41.820801], [-7.876733, 41.827571], [-7.864649, 41.829927], [-7.852643, 41.827897], [-7.840858, 41.820347], [-7.836066, 41.811291], [-7.838424, 41.793302], [-7.836811, 41.784279], [-7.789435, 41.719966], [-7.78464, 41.720402], [-7.78252, 41.723546], [-7.776204, 41.724652], [-7.773786, 41.727346], [-7.770292, 41.724409], [-7.792017, 41.747789], [-7.808609, 41.774983], [-7.81393, 41.793051], [-7.812952, 41.820062], [-7.80449, 41.827097], [-7.768389, 41.825775], [-7.739516, 41.829358], [-7.742953, 41.834381], [-7.756218, 41.832472], [-7.768258, 41.832651], [-7.786599, 41.8378], [-7.797402, 41.84692], [-7.801245, 41.855967], [-7.801766, 41.864979], [-7.799662, 41.873946], [-7.804288, 41.874184], [-7.804914, 41.869459], [-7.813032, 41.871958], [-7.813658, 41.87331]], [[-8.202634, 41.765906], [-8.19053, 41.771691], [-8.178474, 41.773604], [-8.166455, 41.772592], [-8.15448, 41.768312], [-8.142941, 41.75995], [-8.129037, 41.741831], [-8.118873, 41.732727], [-8.111951, 41.723687], [-8.104916, 41.705618], [-8.107362, 41.695695], [-8.119482, 41.688182], [-8.131531, 41.685743], [-8.143554, 41.685147], [-8.155515, 41.689285], [-8.162673, 41.697046], [-8.171687, 41.715126], [-8.179125, 41.722548], [-8.195566, 41.733309], [-8.209881, 41.751423], [-8.209874, 41.76043], [-8.202634, 41.765906]], [[-8.044119, 41.660093], [-8.035638, 41.670212], [-8.023569, 41.673933], [-8.011571, 41.672902], [-8.001397, 41.668737], [-7.992648, 41.659654], [-7.991526, 41.650637], [-7.996039, 41.641669], [-8.0001, 41.637866], [-8.012181, 41.632963], [-8.024188, 41.63293], [-8.036132, 41.637042], [-8.039826, 41.642043], [-8.044412, 41.651089], [-8.044119, 41.660093]]], [[[-8.821479, 41.610423], [-8.798081, 41.582826], [-8.778439, 41.564775], [-8.753561, 41.546709], [-8.737766, 41.537667], [-8.718222, 41.528613], [-8.661159, 41.506817], [-8.625318, 41.488153], [-8.613366, 41.483645], [-8.601398, 41.481871], [-8.565407, 41.490444], [-8.55342, 41.491526], [-8.541449, 41.490233], [-8.529501, 41.485993], [-8.511258, 41.473876], [-8.502945, 41.464833], [-8.497638, 41.455802], [-8.494069, 41.437771], [-8.494687, 41.428767], [-8.505159, 41.383774], [-8.502619, 41.311702], [-8.506697, 41.293704], [-8.513524, 41.284726], [-8.519033, 41.281166], [-8.530616, 41.275789], [-8.566909, 41.264458], [-8.578883, 41.258852], [-8.590869, 41.25111], [-8.602875, 41.239456], [-8.612964, 41.222048], [-8.616563, 41.204044], [-8.613618, 41.186019], [-8.609609, 41.176997], [-8.600038, 41.16445], [-8.589766, 41.167193], [-8.589194, 41.170572], [-8.585925, 41.17171], [-8.582094, 41.177803], [-8.578825, 41.179049], [-8.579499, 41.179389], [-8.579723, 41.179563], [-8.579787, 41.179613], [-8.580022, 41.179796], [-8.591256, 41.188882], [-8.595936, 41.194966], [-8.600399, 41.20399], [-8.602139, 41.213003], [-8.601319, 41.222008], [-8.597746, 41.231004], [-8.590937, 41.240112], [-8.578946, 41.249006], [-8.566977, 41.254098], [-8.555022, 41.256841], [-8.531145, 41.257383], [-8.507306, 41.252681], [-8.47282, 41.238954], [-8.470986, 41.23941], [-8.471604, 41.243459], [-8.469227, 41.245267], [-8.463258, 41.244384], [-8.458387, 41.246649], [-8.459993, 41.266471], [-8.476868, 41.329603], [-8.480684, 41.356644], [-8.47869, 41.383657], [-8.467038, 41.419634], [-8.465187, 41.428633], [-8.465955, 41.437644], [-8.475024, 41.455701], [-8.481796, 41.464739], [-8.490548, 41.473786], [-8.503716, 41.482851], [-8.529406, 41.499072], [-8.541358, 41.503141], [-8.553337, 41.50358], [-8.601347, 41.490294], [-8.613325, 41.490499], [-8.63724, 41.498433], [-8.676583, 41.519497], [-8.68898, 41.528538], [-8.705394, 41.546596], [-8.713833, 41.564632], [-8.715667, 41.572908], [-8.720316, 41.57356], [-8.725151, 41.577811], [-8.726633, 41.576003], [-8.734424, 41.575737], [-8.736564, 41.580228], [-8.738354, 41.579318], [-8.740778, 41.582006], [-8.74467, 41.581535], [-8.750711, 41.58623], [-8.75993, 41.578527], [-8.767441, 41.580286], [-8.769874, 41.583874], [-8.768997, 41.58613], [-8.773228, 41.589482], [-8.774165, 41.593303], [-8.78556, 41.593464], [-8.797327, 41.600599], [-8.804218, 41.600109], [-8.80456, 41.604158], [-8.809434, 41.611332], [-8.821479, 41.610423]]], [[[-8.444865, 41.577819], [-8.456872, 41.576425], [-8.468907, 41.571632], [-8.478558, 41.563806], [-8.487036, 41.554837], [-8.492192, 41.545852], [-8.491619, 41.536842], [-8.460278, 41.518685], [-8.457382, 41.51551], [-8.44544, 41.510576], [-8.421483, 41.509454], [-8.409536, 41.505546], [-8.399119, 41.491359], [-8.397729, 41.486599], [-8.398049, 41.451979], [-8.395473, 41.446303], [-8.386177, 41.441302], [-8.362289, 41.435953], [-8.338364, 41.434506], [-8.314396, 41.437328], [-8.302378, 41.441826], [-8.296205, 41.445739], [-8.288066, 41.454696], [-8.284907, 41.463684], [-8.284925, 41.472691], [-8.301497, 41.523963], [-8.313192, 41.551424], [-8.325024, 41.566687], [-8.336963, 41.571991], [-8.348941, 41.573684], [-8.384929, 41.573375], [-8.444865, 41.577819]], [[-8.456925, 41.570166], [-8.444921, 41.571263], [-8.432938, 41.56998], [-8.413189, 41.563491], [-8.397114, 41.552885], [-8.385171, 41.547787], [-8.349209, 41.546976], [-8.337247, 41.54426], [-8.325313, 41.538921], [-8.313433, 41.528604], [-8.30607, 41.517858], [-8.293854, 41.490761], [-8.291368, 41.472731], [-8.29324, 41.463735], [-8.30227, 41.4519], [-8.314314, 41.445093], [-8.32632, 41.441739], [-8.338303, 41.440565], [-8.362222, 41.442766], [-8.374156, 41.446614], [-8.386035, 41.456402], [-8.389346, 41.464286], [-8.393003, 41.491327], [-8.397525, 41.508595], [-8.405882, 41.518417], [-8.409399, 41.520554], [-8.445371, 41.518608], [-8.457332, 41.521439], [-8.481815, 41.536799], [-8.485002, 41.54582], [-8.480374, 41.554807], [-8.468959, 41.565239], [-8.456925, 41.570166]]], [[[-8.710465, 41.196902], [-8.7073, 41.186295], [-8.698618, 41.179721], [-8.686705, 41.177693], [-8.674767, 41.180935], [-8.66839, 41.18619], [-8.665533, 41.195189], [-8.669819, 41.204209], [-8.686546, 41.211168], [-8.698483, 41.209278], [-8.706757, 41.204309], [-8.710465, 41.196902]]]]}}, {"id": "14", "type": "Feature", "properties": {"fill": "#6ba5ec", "value_min": 1.67, "value_max": -2.0}, "geometry": {"type": "MultiPolygon", "coordinates": [[[[-8.111633, 41.811851], [-8.103917, 41.79568], [-8.099564, 41.777632], [-8.097784, 41.705562], [-8.10141, 41.696584], [-8.11957, 41.681708], [-8.126127, 41.67876], [-8.12997, 41.669782], [-8.122965, 41.660722], [-8.096031, 41.646605], [-8.084051, 41.644622], [-8.072042, 41.644676], [-8.059962, 41.649681], [-8.04604, 41.669116], [-8.035552, 41.675915], [-8.023477, 41.679977], [-7.98736, 41.684689], [-7.982932, 41.686589], [-7.973999, 41.695517], [-7.968633, 41.713483], [-7.969482, 41.731504], [-7.989679, 41.767711], [-7.991738, 41.776736], [-7.988675, 41.785716], [-7.979606, 41.794643], [-7.960892, 41.803482], [-7.949343, 41.805656], [-7.925265, 41.80582], [-7.913197, 41.807559], [-7.888682, 41.832951], [-7.855442, 41.85652], [-7.851643, 41.86193], [-7.858542, 41.862622], [-7.859456, 41.860148], [-7.865481, 41.859262], [-7.87033, 41.851395], [-7.873043, 41.850501], [-7.873066, 41.844875], [-7.876201, 41.848708], [-7.91312, 41.812144], [-7.925223, 41.808325], [-7.94932, 41.807097], [-7.968726, 41.803552], [-7.991532, 41.794748], [-8.004106, 41.785851], [-8.005888, 41.776859], [-8.000684, 41.767807], [-7.986311, 41.751493], [-7.979341, 41.740599], [-7.976147, 41.731564], [-7.975495, 41.722551], [-7.980058, 41.704578], [-7.986119, 41.695624], [-7.999325, 41.687962], [-8.035524, 41.677815], [-8.04896, 41.669141], [-8.059883, 41.655104], [-8.066221, 41.651268], [-8.071987, 41.648542], [-8.084009, 41.647615], [-8.09599, 41.649589], [-8.107931, 41.654454], [-8.117849, 41.660683], [-8.125376, 41.669748], [-8.121436, 41.678725], [-8.099781, 41.696571], [-8.095408, 41.705544], [-8.091098, 41.741538], [-8.073636, 41.786433], [-8.073495, 41.795438], [-8.079561, 41.812292], [-8.084998, 41.810493], [-8.091013, 41.812521], [-8.093421, 41.811397], [-8.093723, 41.808471], [-8.101845, 41.809824], [-8.104853, 41.81185], [-8.111633, 41.811851]]], [[[-7.73055, 41.819346], [-7.756554, 41.815105], [-7.768977, 41.810592], [-7.780234, 41.801705], [-7.784954, 41.792749], [-7.785879, 41.783752], [-7.783899, 41.774724], [-7.779333, 41.765669], [-7.769751, 41.754626], [-7.756625, 41.745522], [-7.749323, 41.748649], [-7.747695, 41.750895], [-7.757705, 41.755526], [-7.769567, 41.765565], [-7.775218, 41.774632], [-7.777129, 41.783659], [-7.775577, 41.792649], [-7.76918, 41.801587], [-7.756671, 41.809087], [-7.744566, 41.812479], [-7.728178, 41.813721], [-7.73055, 41.819346]]], [[[-8.460652, 41.694566], [-8.447518, 41.689762], [-8.431907, 41.687467], [-8.419883, 41.688411], [-8.40784, 41.691319], [-8.388906, 41.698472], [-8.373855, 41.707398], [-8.365969, 41.716362], [-8.363496, 41.725355], [-8.364397, 41.73464], [-8.368703, 41.73193], [-8.372241, 41.734399], [-8.371039, 41.725397], [-8.373126, 41.716401], [-8.380075, 41.707432], [-8.394979, 41.698504], [-8.407819, 41.693615], [-8.419858, 41.691122], [-8.431878, 41.690836], [-8.443876, 41.692942], [-8.453261, 41.696722], [-8.453255, 41.695487], [-8.460652, 41.694566]]], [[[-8.239342, 41.713716], [-8.247029, 41.706637], [-8.251507, 41.697659], [-8.252499, 41.688659], [-8.249409, 41.679632], [-8.240423, 41.670565], [-8.227908, 41.664671], [-8.215914, 41.663148], [-8.203887, 41.664424], [-8.191813, 41.669385], [-8.181165, 41.679166], [-8.178255, 41.688152], [-8.179277, 41.697166], [-8.183268, 41.706202], [-8.191256, 41.713887], [-8.203201, 41.720049], [-8.215198, 41.722124], [-8.22724, 41.720432], [-8.239342, 41.713716]], [[-8.203254, 41.715769], [-8.187963, 41.706235], [-8.183315, 41.697195], [-8.1835, 41.688189], [-8.19172, 41.676839], [-8.203801, 41.671382], [-8.215825, 41.670506], [-8.227807, 41.673046], [-8.237577, 41.679554], [-8.243333, 41.688599], [-8.243503, 41.697607], [-8.238435, 41.706581], [-8.224112, 41.715492], [-8.215253, 41.717546], [-8.203254, 41.715769]]], [[[-8.469057, 41.553245], [-8.473488, 41.545768], [-8.470137, 41.536745], [-8.457264, 41.52957], [-8.445285, 41.528668], [-8.429754, 41.536552], [-8.427154, 41.545547], [-8.433129, 41.554584], [-8.445018, 41.559966], [-8.45701, 41.559916], [-8.469057, 41.553245]], [[-8.445063, 41.55465], [-8.43597, 41.54559], [-8.439252, 41.536599], [-8.445244, 41.533439], [-8.457234, 41.533217], [-8.463589, 41.536715], [-8.467983, 41.545743], [-8.457049, 41.555286], [-8.445063, 41.55465]]], [[[-8.373499, 41.514863], [-8.378051, 41.509262], [-8.381662, 41.500274], [-8.382577, 41.491272], [-8.379548, 41.473241], [-8.373989, 41.463935], [-8.362099, 41.455334], [-8.350161, 41.451764], [-8.338195, 41.451144], [-8.326202, 41.453179], [-8.314173, 41.458554], [-8.308016, 41.463825], [-8.302513, 41.472799], [-8.300853, 41.481797], [-8.305293, 41.499838], [-8.313609, 41.511966], [-8.325502, 41.520695], [-8.337447, 41.524607], [-8.349428, 41.525119], [-8.361439, 41.522551], [-8.373499, 41.514863]], [[-8.337507, 41.518756], [-8.325559, 41.515227], [-8.313674, 41.505855], [-8.305702, 41.490833], [-8.304957, 41.481822], [-8.30753, 41.47283], [-8.31527, 41.463869], [-8.326153, 41.457938], [-8.338148, 41.455759], [-8.350115, 41.456425], [-8.362048, 41.460502], [-8.373909, 41.472294], [-8.377677, 41.482238], [-8.378244, 41.491248], [-8.373597, 41.504626], [-8.361509, 41.515484], [-8.34949, 41.518883], [-8.337507, 41.518756]]], [[[-8.753199, 41.145094], [-8.75133, 41.168383], [-8.746665, 41.186388], [-8.735438, 41.204379], [-8.724925, 41.213362], [-8.710362, 41.220439], [-8.698416, 41.223821], [-8.686479, 41.225166], [-8.650688, 41.224616], [-8.638737, 41.228301], [-8.626751, 41.237872], [-8.602736, 41.262322], [-8.577301, 41.284977], [-8.568914, 41.293954], [-8.558644, 41.311931], [-8.555207, 41.329933], [-8.555814, 41.347951], [-8.563318, 41.375002], [-8.573641, 41.393056], [-8.589857, 41.412548], [-8.613685, 41.429967], [-8.620213, 41.438257], [-8.629345, 41.474317], [-8.63572, 41.483345], [-8.649246, 41.493744], [-8.661199, 41.498991], [-8.673166, 41.501933], [-8.685144, 41.502657], [-8.697132, 41.501389], [-8.721654, 41.492592], [-8.74515, 41.477874], [-8.757148, 41.472394], [-8.769136, 41.469098], [-8.798728, 41.465975], [-8.80154, 41.446836], [-8.806115, 41.43713], [-8.806859, 41.430052], [-8.709418, 41.433292], [-8.697945, 41.438487], [-8.709332, 41.452547], [-8.71277, 41.465548], [-8.711478, 41.474552], [-8.706698, 41.483548], [-8.695313, 41.492525], [-8.685177, 41.495923], [-8.67319, 41.497014], [-8.66122, 41.495012], [-8.655162, 41.492412], [-8.643061, 41.483368], [-8.638894, 41.474347], [-8.639265, 41.465341], [-8.643974, 41.456348], [-8.649482, 41.450089], [-8.661495, 41.442233], [-8.675501, 41.438426], [-8.691738, 41.429463], [-8.685506, 41.427675], [-8.675528, 41.420411], [-8.656102, 41.411347], [-8.613895, 41.394357], [-8.599084, 41.38414], [-8.590755, 41.375103], [-8.585535, 41.366077], [-8.58026, 41.348042], [-8.578738, 41.330021], [-8.580512, 41.312012], [-8.587605, 41.294023], [-8.609043, 41.267074], [-8.638676, 41.239393], [-8.65064, 41.233719], [-8.698396, 41.228235], [-8.722289, 41.221231], [-8.737617, 41.213392], [-8.74997, 41.204411], [-8.782101, 41.172929], [-8.800299, 41.15946], [-8.799695, 41.14406], [-8.753199, 41.145094]]], [[[-8.565529, 41.472219], [-8.577589, 41.465131], [-8.585027, 41.456151], [-8.587166, 41.447151], [-8.585206, 41.438136], [-8.57777, 41.431317], [-8.571147, 41.429077], [-8.565826, 41.427698], [-8.553856, 41.427966], [-8.541865, 41.431189], [-8.529833, 41.439974], [-8.525625, 41.446913], [-8.524787, 41.455917], [-8.529258, 41.464943], [-8.541572, 41.472795], [-8.553535, 41.474722], [-8.565529, 41.472219]], [[-8.5485, 41.46502], [-8.541648, 41.462099], [-8.537741, 41.45597], [-8.541754, 41.446978], [-8.553745, 41.444224], [-8.56056, 41.447052], [-8.566298, 41.456081], [-8.55641, 41.465051], [-8.5485, 41.46502]]]]}}, {"id": "12", "type": "Feature", "properties": {"fill": "#97a3b2", "value_min": 1.0, "value_max": -1.33}, "geometry": {"type": "MultiPolygon", "coordinates": [[[[-8.476626, 41.685595], [-8.443988, 41.679907], [-8.431972, 41.680078], [-8.419939, 41.6821], [-8.372561, 41.698384], [-8.351006, 41.707271], [-8.343875, 41.716238], [-8.343165, 41.725241], [-8.350556, 41.757175], [-8.352557, 41.755145], [-8.352545, 41.751769], [-8.349814, 41.744122], [-8.352516, 41.743441], [-8.352203, 41.739616], [-8.356105, 41.736907], [-8.354613, 41.725306], [-8.357226, 41.716313], [-8.365002, 41.70735], [-8.382287, 41.698437], [-8.419911, 41.685256], [-8.431939, 41.683856], [-8.443949, 41.684462], [-8.467343, 41.690363], [-8.476626, 41.685595]]], [[[-8.205872, 41.805093], [-8.154262, 41.784889], [-8.142334, 41.776919], [-8.13419, 41.768891], [-8.106965, 41.724397], [-8.102538, 41.7056], [-8.104669, 41.696609], [-8.119511, 41.686023], [-8.143636, 41.678965], [-8.155646, 41.679292], [-8.167481, 41.69324], [-8.173036, 41.706129], [-8.179304, 41.71518], [-8.203065, 41.731036], [-8.215026, 41.736232], [-8.227051, 41.736201], [-8.239145, 41.730401], [-8.270852, 41.706791], [-8.27978, 41.69784], [-8.284303, 41.688861], [-8.284705, 41.679857], [-8.282365, 41.670835], [-8.276015, 41.659249], [-8.264144, 41.647036], [-8.252211, 41.640447], [-8.240244, 41.637061], [-8.228248, 41.636111], [-8.216228, 41.637274], [-8.204176, 41.640923], [-8.155814, 41.666419], [-8.143833, 41.66411], [-8.139951, 41.66085], [-8.131892, 41.658817], [-8.096129, 41.639621], [-8.06019, 41.633941], [-8.049156, 41.642121], [-8.046951, 41.660117], [-8.040306, 41.669069], [-8.035609, 41.672112], [-8.023539, 41.675893], [-8.011527, 41.675806], [-7.989979, 41.668637], [-7.97728, 41.659518], [-7.975788, 41.656712], [-7.963894, 41.649495], [-7.951728, 41.659171], [-7.949908, 41.677285], [-7.953437, 41.731359], [-7.970662, 41.758535], [-7.971928, 41.767554], [-7.970475, 41.785554], [-7.965574, 41.794517], [-7.9494, 41.802196], [-7.937354, 41.802705], [-7.913402, 41.795421], [-7.901272, 41.80097], [-7.891705, 41.820849], [-7.876652, 41.832181], [-7.864549, 41.835623], [-7.85249, 41.836453], [-7.828451, 41.833818], [-7.816649, 41.838113], [-7.813658, 41.87331], [-7.818448, 41.872873], [-7.823863, 41.874013], [-7.825059, 41.875817], [-7.828548, 41.875826], [-7.832055, 41.865291], [-7.840147, 41.85303], [-7.84832, 41.847442], [-7.876572, 41.836776], [-7.888758, 41.828543], [-7.902179, 41.811942], [-7.912968, 41.803038], [-7.949367, 41.804215], [-7.953612, 41.803416], [-7.971498, 41.79457], [-7.978661, 41.785627], [-7.981071, 41.776642], [-7.980542, 41.76763], [-7.977697, 41.758598], [-7.962485, 41.731441], [-7.960423, 41.722416], [-7.960939, 41.704406], [-7.965046, 41.68643], [-7.97547, 41.676789], [-7.987497, 41.675961], [-8.011481, 41.678755], [-8.023509, 41.677852], [-8.035581, 41.674014], [-8.043173, 41.669093], [-8.061176, 41.64222], [-8.072104, 41.640389], [-8.096073, 41.64362], [-8.129128, 41.660769], [-8.138257, 41.669845], [-8.130817, 41.678796], [-8.11954, 41.683865], [-8.10304, 41.696596], [-8.100161, 41.705581], [-8.100793, 41.714593], [-8.106746, 41.740186], [-8.118313, 41.773712], [-8.1301, 41.791807], [-8.156697, 41.818152], [-8.165326, 41.81815], [-8.173744, 41.808019], [-8.177655, 41.808242], [-8.183676, 41.812741], [-8.190291, 41.809587], [-8.197158, 41.814129], [-8.19926, 41.810301], [-8.204973, 41.807372], [-8.205872, 41.805093]], [[-8.215127, 41.727941], [-8.191195, 41.718764], [-8.179318, 41.707416], [-8.174075, 41.697129], [-8.171281, 41.679095], [-8.176079, 41.670122], [-8.191934, 41.659747], [-8.204002, 41.655113], [-8.216034, 41.653262], [-8.22804, 41.653616], [-8.240015, 41.656556], [-8.251945, 41.663422], [-8.259271, 41.670688], [-8.263776, 41.679725], [-8.265064, 41.68874], [-8.262689, 41.697732], [-8.25717, 41.706703], [-8.247645, 41.715648], [-8.239248, 41.721628], [-8.227161, 41.727036], [-8.215127, 41.727941]]], [[[-7.739516, 41.829358], [-7.768389, 41.825775], [-7.80449, 41.827097], [-7.812952, 41.820062], [-7.81393, 41.793051], [-7.808609, 41.774983], [-7.792017, 41.747789], [-7.770292, 41.724409], [-7.765698, 41.723044], [-7.763888, 41.724389], [-7.761765, 41.727758], [-7.763239, 41.732714], [-7.761118, 41.735782], [-7.77594, 41.747619], [-7.790419, 41.765786], [-7.796719, 41.783866], [-7.796917, 41.792875], [-7.794392, 41.801855], [-7.78773, 41.810791], [-7.768528, 41.818551], [-7.738947, 41.82387], [-7.74345, 41.825605], [-7.739516, 41.829358]]], [[[-8.821479, 41.610423], [-8.828644, 41.609656], [-8.828544, 41.586718], [-8.818497, 41.554794], [-8.8221, 41.547542], [-8.821717, 41.533832], [-8.815926, 41.525624], [-8.815181, 41.519971], [-8.811735, 41.514277], [-8.768992, 41.509661], [-8.69709, 41.510393], [-8.673142, 41.506721], [-8.649227, 41.497409], [-8.639819, 41.492365], [-8.613434, 41.472187], [-8.601478, 41.468954], [-8.565468, 41.481278], [-8.553482, 41.482542], [-8.541515, 41.480989], [-8.526591, 41.47394], [-8.517342, 41.464894], [-8.512646, 41.455867], [-8.511618, 41.446855], [-8.513484, 41.437855], [-8.535526, 41.401916], [-8.536634, 41.392913], [-8.530566, 41.34785], [-8.529942, 41.329832], [-8.532678, 41.311828], [-8.536434, 41.302836], [-8.543267, 41.293855], [-8.553973, 41.284889], [-8.590803, 41.261536], [-8.602803, 41.251354], [-8.626841, 41.222122], [-8.638829, 41.211652], [-8.650758, 41.211637], [-8.674582, 41.218281], [-8.686506, 41.219393], [-8.698443, 41.217946], [-8.71039, 41.213985], [-8.722424, 41.204348], [-8.727225, 41.195352], [-8.728511, 41.186347], [-8.72678, 41.177335], [-8.72251, 41.168902], [-8.710642, 41.1569], [-8.691003, 41.146448], [-8.674793, 41.146932], [-8.674849, 41.153767], [-8.672489, 41.15648], [-8.66117, 41.156307], [-8.662078, 41.158104], [-8.660313, 41.160813], [-8.657033, 41.160378], [-8.654961, 41.161963], [-8.653231, 41.169174], [-8.655366, 41.175467], [-8.647955, 41.180228], [-8.647696, 41.185181], [-8.640929, 41.196241], [-8.634946, 41.193341], [-8.632526, 41.188624], [-8.625658, 41.186628], [-8.621132, 41.178994], [-8.613374, 41.177451], [-8.608583, 41.174095], [-8.609164, 41.172066], [-8.604942, 41.164881], [-8.600038, 41.16445], [-8.609609, 41.176997], [-8.613618, 41.186019], [-8.616563, 41.204044], [-8.612964, 41.222048], [-8.602875, 41.239456], [-8.590869, 41.25111], [-8.578883, 41.258852], [-8.566909, 41.264458], [-8.530616, 41.275789], [-8.519033, 41.281166], [-8.513524, 41.284726], [-8.506697, 41.293704], [-8.502619, 41.311702], [-8.505159, 41.383774], [-8.494687, 41.428767], [-8.494069, 41.437771], [-8.497638, 41.455802], [-8.502945, 41.464833], [-8.511258, 41.473876], [-8.529501, 41.485993], [-8.541449, 41.490233], [-8.55342, 41.491526], [-8.565407, 41.490444], [-8.601398, 41.481871], [-8.613366, 41.483645], [-8.625318, 41.488153], [-8.661159, 41.506817], [-8.718222, 41.528613], [-8.737766, 41.537667], [-8.753561, 41.546709], [-8.778439, 41.564775], [-8.798081, 41.582826], [-8.821479, 41.610423]], [[-8.710465, 41.196902], [-8.706757, 41.204309], [-8.698483, 41.209278], [-8.686546, 41.211168], [-8.669819, 41.204209], [-8.665533, 41.195189], [-8.66839, 41.18619], [-8.674767, 41.180935], [-8.686705, 41.177693], [-8.698618, 41.179721], [-8.7073, 41.186295], [-8.710465, 41.196902]]], [[[-8.456925, 41.570166], [-8.468959, 41.565239], [-8.480374, 41.554807], [-8.485002, 41.54582], [-8.481815, 41.536799], [-8.457332, 41.521439], [-8.445371, 41.518608], [-8.409399, 41.520554], [-8.405882, 41.518417], [-8.397525, 41.508595], [-8.393003, 41.491327], [-8.389346, 41.464286], [-8.386035, 41.456402], [-8.374156, 41.446614], [-8.362222, 41.442766], [-8.338303, 41.440565], [-8.32632, 41.441739], [-8.314314, 41.445093], [-8.30227, 41.4519], [-8.29324, 41.463735], [-8.291368, 41.472731], [-8.293854, 41.490761], [-8.30607, 41.517858], [-8.313433, 41.528604], [-8.325313, 41.538921], [-8.337247, 41.54426], [-8.349209, 41.546976], [-8.385171, 41.547787], [-8.397114, 41.552885], [-8.413189, 41.563491], [-8.432938, 41.56998], [-8.444921, 41.571263], [-8.456925, 41.570166]], [[-8.444971, 41.565438], [-8.433003, 41.562465], [-8.421081, 41.554538], [-8.4156, 41.545489], [-8.417394, 41.53649], [-8.428785, 41.52754], [-8.445328, 41.52367], [-8.457297, 41.525651], [-8.469231, 41.532012], [-8.475843, 41.536772], [-8.478713, 41.545792], [-8.474189, 41.554779], [-8.469007, 41.559435], [-8.45697, 41.564698], [-8.444971, 41.565438]], [[-8.361344, 41.532211], [-8.349344, 41.533544], [-8.337369, 41.532313], [-8.325431, 41.527538], [-8.313538, 41.518739], [-8.301152, 41.499813], [-8.296343, 41.481769], [-8.296968, 41.472766], [-8.300815, 41.463782], [-8.314241, 41.452075], [-8.326258, 41.447789], [-8.338244, 41.446327], [-8.350211, 41.446749], [-8.362159, 41.449238], [-8.37407, 41.455486], [-8.381509, 41.464244], [-8.387292, 41.491297], [-8.386762, 41.509309], [-8.383264, 41.518298], [-8.373426, 41.527252], [-8.361344, 41.532211]]]]}}, {"id": "13", "type": "Feature", "properties": {"fill": "#80a4d0", "value_min": 1.33, "value_max": -1.67}, "geometry": {"type": "MultiPolygon", "coordinates": [[[[-8.156697, 41.818152], [-8.1301, 41.791807], [-8.118313, 41.773712], [-8.106746, 41.740186], [-8.100793, 41.714593], [-8.100161, 41.705581], [-8.10304, 41.696596], [-8.11954, 41.683865], [-8.130817, 41.678796], [-8.138257, 41.669845], [-8.129128, 41.660769], [-8.096073, 41.64362], [-8.072104, 41.640389], [-8.061176, 41.64222], [-8.043173, 41.669093], [-8.035581, 41.674014], [-8.023509, 41.677852], [-8.011481, 41.678755], [-7.987497, 41.675961], [-7.97547, 41.676789], [-7.965046, 41.68643], [-7.960939, 41.704406], [-7.960423, 41.722416], [-7.962485, 41.731441], [-7.977697, 41.758598], [-7.980542, 41.76763], [-7.981071, 41.776642], [-7.978661, 41.785627], [-7.971498, 41.79457], [-7.953612, 41.803416], [-7.949367, 41.804215], [-7.912968, 41.803038], [-7.902179, 41.811942], [-7.888758, 41.828543], [-7.876572, 41.836776], [-7.84832, 41.847442], [-7.840147, 41.85303], [-7.832055, 41.865291], [-7.828548, 41.875826], [-7.830782, 41.875607], [-7.830789, 41.874031], [-7.832894, 41.874712], [-7.83772, 41.872924], [-7.842528, 41.875187], [-7.841663, 41.866632], [-7.848912, 41.861698], [-7.851643, 41.86193], [-7.855442, 41.85652], [-7.888682, 41.832951], [-7.913197, 41.807559], [-7.925265, 41.80582], [-7.949343, 41.805656], [-7.960892, 41.803482], [-7.979606, 41.794643], [-7.988675, 41.785716], [-7.991738, 41.776736], [-7.989679, 41.767711], [-7.969482, 41.731504], [-7.968633, 41.713483], [-7.973999, 41.695517], [-7.982932, 41.686589], [-7.98736, 41.684689], [-8.023477, 41.679977], [-8.035552, 41.675915], [-8.04604, 41.669116], [-8.059962, 41.649681], [-8.072042, 41.644676], [-8.084051, 41.644622], [-8.096031, 41.646605], [-8.122965, 41.660722], [-8.12997, 41.669782], [-8.126127, 41.67876], [-8.11957, 41.681708], [-8.10141, 41.696584], [-8.097784, 41.705562], [-8.099564, 41.777632], [-8.103917, 41.79568], [-8.111633, 41.811851], [-8.118391, 41.812077], [-8.123807, 41.808702], [-8.138247, 41.808477], [-8.139751, 41.813203], [-8.14276, 41.812978], [-8.145769, 41.815453], [-8.149078, 41.814777], [-8.153291, 41.817703], [-8.156697, 41.818152]]], [[[-7.738947, 41.82387], [-7.768528, 41.818551], [-7.78773, 41.810791], [-7.794392, 41.801855], [-7.796917, 41.792875], [-7.796719, 41.783866], [-7.790419, 41.765786], [-7.77594, 41.747619], [-7.761118, 41.735782], [-7.759597, 41.739005], [-7.75689, 41.739446], [-7.758673, 41.743053], [-7.756625, 41.745522], [-7.769751, 41.754626], [-7.779333, 41.765669], [-7.783899, 41.774724], [-7.785879, 41.783752], [-7.784954, 41.792749], [-7.780234, 41.801705], [-7.768977, 41.810592], [-7.756554, 41.815105], [-7.73055, 41.819346], [-7.732041, 41.821514], [-7.738947, 41.82387]]], [[[-8.467343, 41.690363], [-8.443949, 41.684462], [-8.431939, 41.683856], [-8.419911, 41.685256], [-8.382287, 41.698437], [-8.365002, 41.70735], [-8.357226, 41.716313], [-8.354613, 41.725306], [-8.356105, 41.736907], [-8.357897, 41.735103], [-8.362407, 41.735994], [-8.364397, 41.73464], [-8.363496, 41.725355], [-8.365969, 41.716362], [-8.373855, 41.707398], [-8.388906, 41.698472], [-8.40784, 41.691319], [-8.419883, 41.688411], [-8.431907, 41.687467], [-8.447518, 41.689762], [-8.460652, 41.694566], [-8.467343, 41.690363]]], [[[-8.215127, 41.727941], [-8.227161, 41.727036], [-8.239248, 41.721628], [-8.247645, 41.715648], [-8.25717, 41.706703], [-8.262689, 41.697732], [-8.265064, 41.68874], [-8.263776, 41.679725], [-8.259271, 41.670688], [-8.251945, 41.663422], [-8.240015, 41.656556], [-8.22804, 41.653616], [-8.216034, 41.653262], [-8.204002, 41.655113], [-8.191934, 41.659747], [-8.176079, 41.670122], [-8.171281, 41.679095], [-8.174075, 41.697129], [-8.179318, 41.707416], [-8.191195, 41.718764], [-8.215127, 41.727941]], [[-8.239342, 41.713716], [-8.22724, 41.720432], [-8.215198, 41.722124], [-8.203201, 41.720049], [-8.191256, 41.713887], [-8.183268, 41.706202], [-8.179277, 41.697166], [-8.178255, 41.688152], [-8.181165, 41.679166], [-8.191813, 41.669385], [-8.203887, 41.664424], [-8.215914, 41.663148], [-8.227908, 41.664671], [-8.240423, 41.670565], [-8.249409, 41.679632], [-8.252499, 41.688659], [-8.251507, 41.697659], [-8.247029, 41.706637], [-8.239342, 41.713716]]], [[[-8.444971, 41.565438], [-8.45697, 41.564698], [-8.469007, 41.559435], [-8.474189, 41.554779], [-8.478713, 41.545792], [-8.475843, 41.536772], [-8.469231, 41.532012], [-8.457297, 41.525651], [-8.445328, 41.52367], [-8.428785, 41.52754], [-8.417394, 41.53649], [-8.4156, 41.545489], [-8.421081, 41.554538], [-8.433003, 41.562465], [-8.444971, 41.565438]], [[-8.469057, 41.553245], [-8.45701, 41.559916], [-8.445018, 41.559966], [-8.433129, 41.554584], [-8.427154, 41.545547], [-8.429754, 41.536552], [-8.445285, 41.528668], [-8.457264, 41.52957], [-8.470137, 41.536745], [-8.473488, 41.545768], [-8.469057, 41.553245]]], [[[-8.361344, 41.532211], [-8.373426, 41.527252], [-8.383264, 41.518298], [-8.386762, 41.509309], [-8.387292, 41.491297], [-8.381509, 41.464244], [-8.37407, 41.455486], [-8.362159, 41.449238], [-8.350211, 41.446749], [-8.338244, 41.446327], [-8.326258, 41.447789], [-8.314241, 41.452075], [-8.300815, 41.463782], [-8.296968, 41.472766], [-8.296343, 41.481769], [-8.301152, 41.499813], [-8.313538, 41.518739], [-8.325431, 41.527538], [-8.337369, 41.532313], [-8.349344, 41.533544], [-8.361344, 41.532211]], [[-8.373499, 41.514863], [-8.361439, 41.522551], [-8.349428, 41.525119], [-8.337447, 41.524607], [-8.325502, 41.520695], [-8.313609, 41.511966], [-8.305293, 41.499838], [-8.300853, 41.481797], [-8.302513, 41.472799], [-8.308016, 41.463825], [-8.314173, 41.458554], [-8.326202, 41.453179], [-8.338195, 41.451144], [-8.350161, 41.451764], [-8.362099, 41.455334], [-8.373989, 41.463935], [-8.379548, 41.473241], [-8.382577, 41.491272], [-8.381662, 41.500274], [-8.378051, 41.509262], [-8.373499, 41.514863]]], [[[-8.798728, 41.465975], [-8.769136, 41.469098], [-8.757148, 41.472394], [-8.74515, 41.477874], [-8.721654, 41.492592], [-8.697132, 41.501389], [-8.685144, 41.502657], [-8.673166, 41.501933], [-8.661199, 41.498991], [-8.649246, 41.493744], [-8.63572, 41.483345], [-8.629345, 41.474317], [-8.620213, 41.438257], [-8.613685, 41.429967], [-8.589857, 41.412548], [-8.573641, 41.393056], [-8.563318, 41.375002], [-8.555814, 41.347951], [-8.555207, 41.329933], [-8.558644, 41.311931], [-8.568914, 41.293954], [-8.577301, 41.284977], [-8.602736, 41.262322], [-8.626751, 41.237872], [-8.638737, 41.228301], [-8.650688, 41.224616], [-8.686479, 41.225166], [-8.698416, 41.223821], [-8.710362, 41.220439], [-8.724925, 41.213362], [-8.735438, 41.204379], [-8.746665, 41.186388], [-8.75133, 41.168383], [-8.753199, 41.145094], [-8.691003, 41.146448], [-8.710642, 41.1569], [-8.72251, 41.168902], [-8.72678, 41.177335], [-8.728511, 41.186347], [-8.727225, 41.195352], [-8.722424, 41.204348], [-8.71039, 41.213985], [-8.698443, 41.217946], [-8.686506, 41.219393], [-8.674582, 41.218281], [-8.650758, 41.211637], [-8.638829, 41.211652], [-8.626841, 41.222122], [-8.602803, 41.251354], [-8.590803, 41.261536], [-8.553973, 41.284889], [-8.543267, 41.293855], [-8.536434, 41.302836], [-8.532678, 41.311828], [-8.529942, 41.329832], [-8.530566, 41.34785], [-8.536634, 41.392913], [-8.535526, 41.401916], [-8.513484, 41.437855], [-8.511618, 41.446855], [-8.512646, 41.455867], [-8.517342, 41.464894], [-8.526591, 41.47394], [-8.541515, 41.480989], [-8.553482, 41.482542], [-8.565468, 41.481278], [-8.601478, 41.468954], [-8.613434, 41.472187], [-8.639819, 41.492365], [-8.649227, 41.497409], [-8.673142, 41.506721], [-8.69709, 41.510393], [-8.768992, 41.509661], [-8.811735, 41.514277], [-8.81063, 41.5101], [-8.813279, 41.503483], [-8.812976, 41.498005], [-8.804699, 41.482068], [-8.798552, 41.474753], [-8.798728, 41.465975]], [[-8.565529, 41.472219], [-8.553535, 41.474722], [-8.541572, 41.472795], [-8.529258, 41.464943], [-8.524787, 41.455917], [-8.525625, 41.446913], [-8.529833, 41.439974], [-8.541865, 41.431189], [-8.553856, 41.427966], [-8.565826, 41.427698], [-8.571147, 41.429077], [-8.57777, 41.431317], [-8.585206, 41.438136], [-8.587166, 41.447151], [-8.585027, 41.456151], [-8.577589, 41.465131], [-8.565529, 41.472219]]]]}}, {"id": "3", "type": "Feature", "properties": {"fill": "#e79f24", "value_min": -2.0, "value_max": -1.67}, "geometry": {"type": "MultiPolygon", "coordinates": [[[[-7.904069, 41.712885], [-7.902793, 41.711713], [-7.890784, 41.711077], [-7.88885, 41.712739], [-7.88935, 41.721751], [-7.902615, 41.722194], [-7.904069, 41.712885]]], [[[-8.444462, 41.624818], [-8.441984, 41.626685], [-8.444427, 41.628859], [-8.447494, 41.626712], [-8.444462, 41.624818]]], [[[-8.264754, 41.508594], [-8.261145, 41.499563], [-8.253905, 41.493407], [-8.241958, 41.490557], [-8.229943, 41.493515], [-8.222726, 41.49931], [-8.219783, 41.508297], [-8.223686, 41.517331], [-8.229607, 41.521876], [-8.241553, 41.525261], [-8.253564, 41.523079], [-8.260814, 41.517576], [-8.264754, 41.508594]], [[-8.241611, 41.520297], [-8.233445, 41.517397], [-8.226779, 41.508345], [-8.231572, 41.499369], [-8.241898, 41.495702], [-8.253845, 41.498597], [-8.258933, 41.508556], [-8.253624, 41.517833], [-8.241611, 41.520297]]], [[[-8.386649, 41.391181], [-8.394579, 41.383246], [-8.397973, 41.374256], [-8.397292, 41.365245], [-8.39222, 41.35621], [-8.387024, 41.351292], [-8.375129, 41.345104], [-8.363198, 41.342855], [-8.351237, 41.343683], [-8.339241, 41.347985], [-8.327172, 41.359218], [-8.324129, 41.364838], [-8.323451, 41.373842], [-8.327227, 41.382872], [-8.336582, 41.391934], [-8.350701, 41.397587], [-8.362653, 41.398734], [-8.374633, 41.396895], [-8.386649, 41.391181]], [[-8.362693, 41.394567], [-8.350746, 41.393103], [-8.338851, 41.386511], [-8.334949, 41.382917], [-8.331244, 41.373887], [-8.332666, 41.364888], [-8.340098, 41.355923], [-8.351169, 41.350558], [-8.363135, 41.349287], [-8.375065, 41.351808], [-8.382379, 41.356158], [-8.3901, 41.365207], [-8.391464, 41.374222], [-8.386714, 41.38423], [-8.374676, 41.392393], [-8.362693, 41.394567]]]]}}, {"id": "9", "type": "Feature", "properties": {"fill": "#a3a3a3", "value_min": 0.0, "value_max": -0.33}, "geometry": {"type": "MultiPolygon", "coordinates": [[[[-7.757055, 41.89002], [-7.76719, 41.888269], [-7.779365, 41.881878], [-7.786624, 41.873827], [-7.78997, 41.864855], [-7.789085, 41.855839], [-7.782972, 41.846768], [-7.768126, 41.839527], [-7.756105, 41.838328], [-7.746675, 41.839881], [-7.746349, 41.84407], [-7.749346, 41.84623], [-7.755976, 41.844976], [-7.767981, 41.84705], [-7.777447, 41.855716], [-7.77837, 41.864732], [-7.771394, 41.873665], [-7.76742, 41.876291], [-7.755321, 41.878742], [-7.743323, 41.876021], [-7.739298, 41.873317], [-7.734575, 41.866088], [-7.734159, 41.868337], [-7.730228, 41.871024], [-7.729293, 41.875972], [-7.724368, 41.877981], [-7.731102, 41.884609], [-7.742345, 41.889071], [-7.741573, 41.887043], [-7.745495, 41.885931], [-7.750001, 41.887971], [-7.756022, 41.888441], [-7.757055, 41.89002]]], [[[-7.864752, 41.824138], [-7.876814, 41.822944], [-7.886539, 41.811792], [-7.883303, 41.802754], [-7.877263, 41.797235], [-7.865248, 41.795992], [-7.853082, 41.803289], [-7.849832, 41.81143], [-7.855602, 41.820495], [-7.864752, 41.824138]], [[-7.864904, 41.815527], [-7.861509, 41.811546], [-7.86505, 41.807225], [-7.877084, 41.807473], [-7.879453, 41.811723], [-7.876947, 41.815305], [-7.864904, 41.815527]]], [[[-7.937457, 41.796501], [-7.949492, 41.796556], [-7.953972, 41.794412], [-7.956076, 41.785424], [-7.949793, 41.778127], [-7.937772, 41.777386], [-7.929729, 41.785182], [-7.932223, 41.794212], [-7.937457, 41.796501]]], [[[-8.323727, 41.764124], [-8.326477, 41.752165], [-8.324905, 41.743149], [-8.320217, 41.734115], [-8.30985, 41.725046], [-8.299369, 41.720817], [-8.287352, 41.720361], [-8.275297, 41.723305], [-8.263201, 41.729654], [-8.250503, 41.742688], [-8.24661, 41.751669], [-8.247002, 41.760679], [-8.251867, 41.769718], [-8.256951, 41.774025], [-8.261762, 41.774235], [-8.268983, 41.769275], [-8.259333, 41.760759], [-8.256765, 41.751736], [-8.259346, 41.742745], [-8.268744, 41.733799], [-8.275219, 41.730204], [-8.287269, 41.727883], [-8.299272, 41.729762], [-8.311203, 41.738454], [-8.314435, 41.743087], [-8.316017, 41.752104], [-8.312074, 41.762194], [-8.318308, 41.761283], [-8.323727, 41.764124]]], [[[-7.937883, 41.770678], [-7.949939, 41.769163], [-7.95419, 41.758387], [-7.950195, 41.753446], [-7.938197, 41.751622], [-7.930143, 41.758165], [-7.937883, 41.770678]]], [[[-7.809957, 41.717774], [-7.818328, 41.729321], [-7.839797, 41.748282], [-7.853713, 41.767887], [-7.865704, 41.770131], [-7.875946, 41.766655], [-7.889953, 41.757784], [-7.918, 41.749045], [-7.926311, 41.743121], [-7.933439, 41.731175], [-7.93631, 41.722195], [-7.935564, 41.704174], [-7.931602, 41.69513], [-7.924683, 41.686059], [-7.915385, 41.677682], [-7.897186, 41.668348], [-7.888171, 41.670925], [-7.883969, 41.67069], [-7.877044, 41.676077], [-7.877033, 41.678905], [-7.891323, 41.679705], [-7.903287, 41.682669], [-7.915201, 41.688691], [-7.927001, 41.701639], [-7.930789, 41.713137], [-7.929671, 41.722133], [-7.924612, 41.731093], [-7.914346, 41.739498], [-7.902234, 41.744566], [-7.890194, 41.74533], [-7.878211, 41.742864], [-7.842412, 41.727278], [-7.830563, 41.717679], [-7.826396, 41.708816], [-7.818621, 41.713522], [-7.815291, 41.718689], [-7.809957, 41.717774]]], [[[-8.166603, 41.761153], [-8.178642, 41.760487], [-8.190782, 41.751668], [-8.191698, 41.742289], [-8.18427, 41.73323], [-8.167218, 41.724101], [-8.162293, 41.706051], [-8.155424, 41.696276], [-8.143485, 41.690332], [-8.119452, 41.690353], [-8.108647, 41.69664], [-8.107367, 41.705637], [-8.117233, 41.723727], [-8.142827, 41.739892], [-8.149254, 41.75099], [-8.15464, 41.756084], [-8.166603, 41.761153]], [[-8.165722, 41.751111], [-8.158996, 41.742055], [-8.166936, 41.735443], [-8.178905, 41.739807], [-8.180923, 41.742213], [-8.178812, 41.747101], [-8.169759, 41.75114], [-8.165722, 41.751111]], [[-8.130962, 41.728], [-8.119054, 41.719545], [-8.112338, 41.705676], [-8.112297, 41.696668], [-8.119422, 41.692522], [-8.143427, 41.694717], [-8.156977, 41.706012], [-8.158139, 41.715027], [-8.152368, 41.723992], [-8.142973, 41.728947], [-8.130962, 41.728]]], [[[-8.665398, 41.585757], [-8.676186, 41.57354], [-8.68296, 41.555544], [-8.680435, 41.537522], [-8.6749, 41.528499], [-8.666607, 41.519468], [-8.653813, 41.510423], [-8.63722, 41.502082], [-8.625263, 41.497713], [-8.613293, 41.495946], [-8.601305, 41.497085], [-8.589246, 41.501203], [-8.553211, 41.521984], [-8.541202, 41.525319], [-8.517202, 41.528999], [-8.480917, 41.569644], [-8.468839, 41.579884], [-8.456812, 41.583587], [-8.40879, 41.587431], [-8.395021, 41.590419], [-8.372536, 41.599305], [-8.357837, 41.608231], [-8.33932, 41.626141], [-8.329989, 41.644101], [-8.328273, 41.653098], [-8.328529, 41.662107], [-8.331257, 41.67113], [-8.337935, 41.680176], [-8.347806, 41.686343], [-8.357189, 41.689292], [-8.371799, 41.690352], [-8.383831, 41.688716], [-8.395883, 41.684865], [-8.420021, 41.672987], [-8.432064, 41.669583], [-8.48013, 41.667802], [-8.504181, 41.66429], [-8.521211, 41.660121], [-8.522103, 41.658811], [-8.524351, 41.659253], [-8.524806, 41.659127], [-8.525176, 41.659025], [-8.525705, 41.658879], [-8.527769, 41.652714], [-8.534066, 41.652017], [-8.537951, 41.649302], [-8.537634, 41.646602], [-8.543876, 41.637352], [-8.543855, 41.633976], [-8.536342, 41.631977], [-8.535132, 41.630406], [-8.539282, 41.622523], [-8.528472, 41.627702], [-8.505866, 41.644992], [-8.491102, 41.653934], [-8.468174, 41.66087], [-8.432123, 41.662887], [-8.42009, 41.665369], [-8.399156, 41.680512], [-8.383863, 41.68538], [-8.371841, 41.686076], [-8.359851, 41.683387], [-8.353428, 41.680264], [-8.345373, 41.671211], [-8.343022, 41.662191], [-8.344719, 41.653193], [-8.350191, 41.644217], [-8.392614, 41.60842], [-8.407251, 41.599489], [-8.420721, 41.594835], [-8.432739, 41.59267], [-8.468755, 41.59022], [-8.480823, 41.581481], [-8.492961, 41.563281], [-8.505035, 41.55275], [-8.517066, 41.547345], [-8.529071, 41.545248], [-8.553043, 41.546353], [-8.565047, 41.544295], [-8.579014, 41.519181], [-8.588243, 41.510207], [-8.601267, 41.503336], [-8.613263, 41.500899], [-8.62524, 41.501755], [-8.637201, 41.505452], [-8.646989, 41.510402], [-8.658783, 41.519445], [-8.665505, 41.528472], [-8.668194, 41.537487], [-8.667478, 41.546493], [-8.66314, 41.555487], [-8.648845, 41.568101], [-8.636824, 41.57287], [-8.624813, 41.5757], [-8.60081, 41.577674], [-8.588791, 41.581391], [-8.573052, 41.600225], [-8.553441, 41.615259], [-8.557244, 41.617046], [-8.564441, 41.616794], [-8.568056, 41.619031], [-8.570735, 41.616095], [-8.577321, 41.614269], [-8.581231, 41.615829], [-8.585766, 41.620988], [-8.591462, 41.620515], [-8.596534, 41.616668], [-8.601628, 41.615972], [-8.603996, 41.611686], [-8.609369, 41.608287], [-8.614156, 41.606692], [-8.619881, 41.610269], [-8.621338, 41.604636], [-8.628833, 41.604378], [-8.636302, 41.600744], [-8.639873, 41.597352], [-8.640152, 41.59465], [-8.645536, 41.593051], [-8.646744, 41.594171], [-8.649125, 41.591909], [-8.656622, 41.5921], [-8.660788, 41.588255], [-8.661995, 41.588924], [-8.664671, 41.586434], [-8.664912, 41.58621], [-8.664968, 41.586157], [-8.665155, 41.585984], [-8.665266, 41.58588], [-8.665398, 41.585757]]], [[[-8.011615, 41.669997], [-8.023598, 41.671973], [-8.033305, 41.66901], [-8.041286, 41.66007], [-8.040064, 41.651053], [-8.036007, 41.645446], [-8.024069, 41.64083], [-8.012035, 41.642524], [-8.002066, 41.650729], [-8.001093, 41.659727], [-8.008691, 41.6688], [-8.011615, 41.669997]], [[-8.017861, 41.668879], [-8.011688, 41.665287], [-8.00665, 41.659776], [-8.011932, 41.649273], [-8.023995, 41.645709], [-8.035917, 41.651455], [-8.038454, 41.660046], [-8.035735, 41.663678], [-8.027089, 41.668958], [-8.023628, 41.670014], [-8.017861, 41.668879]]], [[[-8.067482, 41.573542], [-8.078783, 41.579312], [-8.083371, 41.588356], [-8.072706, 41.59837], [-8.067995, 41.606247], [-8.06752, 41.61525], [-8.075409, 41.624321], [-8.08429, 41.627722], [-8.09628, 41.628778], [-8.108201, 41.634911], [-8.113892, 41.642638], [-8.120047, 41.646651], [-8.131988, 41.651725], [-8.143986, 41.652582], [-8.156045, 41.648773], [-8.164475, 41.643017], [-8.169989, 41.63405], [-8.171749, 41.625056], [-8.168515, 41.612849], [-8.157737, 41.597932], [-8.155911, 41.588912], [-8.1689, 41.582888], [-8.178908, 41.580071], [-8.24095, 41.576875], [-8.264998, 41.571759], [-8.277054, 41.566254], [-8.289186, 41.553666], [-8.294856, 41.535804], [-8.291575, 41.508762], [-8.2755, 41.463625], [-8.275447, 41.454617], [-8.279648, 41.445636], [-8.290466, 41.436503], [-8.30249, 41.431382], [-8.314485, 41.428925], [-8.33843, 41.428088], [-8.39825, 41.430198], [-8.41023, 41.428979], [-8.422226, 41.425808], [-8.434261, 41.418083], [-8.441985, 41.410508], [-8.453839, 41.39255], [-8.460473, 41.365558], [-8.456948, 41.338519], [-8.444277, 41.311435], [-8.426179, 41.288889], [-8.425606, 41.294007], [-8.422037, 41.296942], [-8.421756, 41.30077], [-8.409532, 41.304205], [-8.427008, 41.320358], [-8.43501, 41.331603], [-8.44222, 41.347456], [-8.444114, 41.356473], [-8.443581, 41.374485], [-8.43621, 41.392465], [-8.429315, 41.401438], [-8.418321, 41.410391], [-8.410357, 41.414879], [-8.398354, 41.419025], [-8.386363, 41.421612], [-8.362416, 41.422969], [-8.302606, 41.420515], [-8.290616, 41.422729], [-8.278596, 41.427448], [-8.265016, 41.436536], [-8.258637, 41.445503], [-8.258857, 41.454511], [-8.27796, 41.484829], [-8.287063, 41.508734], [-8.287347, 41.526751], [-8.284293, 41.535739], [-8.277288, 41.545297], [-8.265205, 41.553507], [-8.253162, 41.558018], [-8.241149, 41.559839], [-8.217174, 41.559034], [-8.181279, 41.552588], [-8.169287, 41.552683], [-8.12116, 41.564714], [-8.097178, 41.564392], [-8.080381, 41.559683], [-8.081576, 41.565157], [-8.078879, 41.56493], [-8.075279, 41.568305], [-8.073182, 41.568079], [-8.067482, 41.573542]], [[-8.132028, 41.648738], [-8.11888, 41.642677], [-8.11261, 41.633621], [-8.112738, 41.624615], [-8.120453, 41.616814], [-8.13252, 41.612002], [-8.144508, 41.613086], [-8.156408, 41.620904], [-8.159332, 41.624965], [-8.160694, 41.633982], [-8.155027, 41.642948], [-8.14404, 41.648465], [-8.132028, 41.648738]], [[-8.084422, 41.618387], [-8.081577, 41.615363], [-8.084525, 41.611117], [-8.096501, 41.612956], [-8.098954, 41.615501], [-8.096442, 41.617183], [-8.084422, 41.618387]]], [[[-8.426122, 41.288829], [-8.426122, 41.288829], [-8.425879, 41.288572], [-8.426122, 41.288829]]], [[[-8.063591, 41.441575], [-8.087048, 41.416151], [-8.079893, 41.41975], [-8.077503, 41.416597], [-8.070923, 41.41862], [-8.066739, 41.416142], [-8.061654, 41.417489], [-8.059852, 41.424916], [-8.055959, 41.429641], [-8.057444, 41.438195], [-8.061033, 41.438872], [-8.063591, 41.441575]]], [[[-8.493246, 41.526859], [-8.505235, 41.526427], [-8.515046, 41.518929], [-8.513717, 41.509916], [-8.507142, 41.50088], [-8.493514, 41.492398], [-8.481558, 41.489394], [-8.469581, 41.489142], [-8.463735, 41.482671], [-8.459747, 41.473645], [-8.452933, 41.464606], [-8.445879, 41.458988], [-8.433939, 41.45517], [-8.421956, 41.456249], [-8.409909, 41.464405], [-8.404988, 41.473375], [-8.403826, 41.482376], [-8.409634, 41.494742], [-8.421561, 41.500677], [-8.433539, 41.501084], [-8.457539, 41.496616], [-8.461615, 41.509684], [-8.468802, 41.518725], [-8.481277, 41.524685], [-8.493246, 41.526859]], [[-8.480996, 41.51878], [-8.474729, 41.509744], [-8.481444, 41.503783], [-8.494585, 41.509833], [-8.49336, 41.512193], [-8.480996, 41.51878]], [[-8.421633, 41.492621], [-8.412141, 41.482419], [-8.416606, 41.473435], [-8.421837, 41.469694], [-8.433809, 41.470072], [-8.439124, 41.473547], [-8.442855, 41.482572], [-8.435059, 41.491542], [-8.421633, 41.492621]]], [[[-8.524002, 41.200975], [-8.520542, 41.203685], [-8.515622, 41.212672], [-8.515142, 41.221678], [-8.519117, 41.230702], [-8.531262, 41.24096], [-8.543168, 41.245026], [-8.555096, 41.245988], [-8.567044, 41.243959], [-8.579017, 41.237986], [-8.585729, 41.230961], [-8.589678, 41.221968], [-8.589179, 41.212958], [-8.584278, 41.203932], [-8.576266, 41.197079], [-8.576894, 41.201908], [-8.574515, 41.202593], [-8.57423, 41.20462], [-8.567971, 41.204644], [-8.565895, 41.206227], [-8.567697, 41.208246], [-8.566512, 41.209376], [-8.559636, 41.206251], [-8.554271, 41.20627], [-8.549521, 41.209214], [-8.544157, 41.209458], [-8.54238, 41.211265], [-8.533747, 41.213097], [-8.529858, 41.210859], [-8.529539, 41.207259], [-8.524002, 41.200975]], [[-8.555186, 41.232729], [-8.549161, 41.230824], [-8.541045, 41.221784], [-8.544314, 41.212789], [-8.555352, 41.208182], [-8.567267, 41.210222], [-8.570503, 41.21289], [-8.573633, 41.221909], [-8.567129, 41.231164], [-8.555186, 41.232729]]]]}}, {"id": "8", "type": "Feature", "properties": {"fill": "#a3a3a3", "value_min": -0.33, "value_max": -0.0}, "geometry": {"type": "MultiPolygon", "coordinates": [[[[-7.734575, 41.866088], [-7.739298, 41.873317], [-7.743323, 41.876021], [-7.755321, 41.878742], [-7.76742, 41.876291], [-7.771394, 41.873665], [-7.77837, 41.864732], [-7.777447, 41.855716], [-7.767981, 41.84705], [-7.755976, 41.844976], [-7.749346, 41.84623], [-7.750532, 41.849261], [-7.743309, 41.849012], [-7.746901, 41.8524], [-7.746881, 41.855776], [-7.739943, 41.858003], [-7.734575, 41.866088]], [[-7.75525, 41.864484], [-7.755764, 41.855483], [-7.755772, 41.85548], [-7.756076, 41.864493], [-7.75525, 41.864484]]], [[[-7.864904, 41.815527], [-7.876947, 41.815305], [-7.879453, 41.811723], [-7.877084, 41.807473], [-7.86505, 41.807225], [-7.861509, 41.811546], [-7.864904, 41.815527]]], [[[-8.312074, 41.762194], [-8.316017, 41.752104], [-8.314435, 41.743087], [-8.311203, 41.738454], [-8.299272, 41.729762], [-8.287269, 41.727883], [-8.275219, 41.730204], [-8.268744, 41.733799], [-8.259346, 41.742745], [-8.256765, 41.751736], [-8.259333, 41.760759], [-8.268983, 41.769275], [-8.271366, 41.766346], [-8.280437, 41.763963], [-8.272058, 41.76084], [-8.266154, 41.751796], [-8.268689, 41.742805], [-8.275137, 41.737534], [-8.287194, 41.734649], [-8.299173, 41.738807], [-8.303701, 41.743023], [-8.305549, 41.752041], [-8.301085, 41.758834], [-8.305674, 41.758152], [-8.312074, 41.762194]]], [[[-8.165722, 41.751111], [-8.169759, 41.75114], [-8.178812, 41.747101], [-8.180923, 41.742213], [-8.178905, 41.739807], [-8.166936, 41.735443], [-8.158996, 41.742055], [-8.165722, 41.751111]]], [[[-7.826396, 41.708816], [-7.830563, 41.717679], [-7.842412, 41.727278], [-7.878211, 41.742864], [-7.890194, 41.74533], [-7.902234, 41.744566], [-7.914346, 41.739498], [-7.924612, 41.731093], [-7.929671, 41.722133], [-7.930789, 41.713137], [-7.927001, 41.701639], [-7.915201, 41.688691], [-7.903287, 41.682669], [-7.891323, 41.679705], [-7.877033, 41.678905], [-7.873401, 41.686198], [-7.868896, 41.686413], [-7.868008, 41.68326], [-7.864403, 41.683701], [-7.864096, 41.685276], [-7.858987, 41.68639], [-7.857773, 41.689538], [-7.854776, 41.68818], [-7.847538, 41.695365], [-7.837309, 41.699391], [-7.835792, 41.702763], [-7.839682, 41.705924], [-7.838465, 41.709522], [-7.832453, 41.710407], [-7.826396, 41.708816]], [[-7.90234, 41.738338], [-7.890309, 41.738667], [-7.878341, 41.735375], [-7.869534, 41.730564], [-7.860921, 41.721472], [-7.859378, 41.71245], [-7.864018, 41.703489], [-7.872012, 41.694561], [-7.879103, 41.69155], [-7.89116, 41.689203], [-7.903149, 41.690766], [-7.915062, 41.696936], [-7.921607, 41.704044], [-7.925001, 41.713083], [-7.923872, 41.722079], [-7.914451, 41.73325], [-7.90234, 41.738338]]], [[[-8.130962, 41.728], [-8.142973, 41.728947], [-8.152368, 41.723992], [-8.158139, 41.715027], [-8.156977, 41.706012], [-8.143427, 41.694717], [-8.119422, 41.692522], [-8.112297, 41.696668], [-8.112338, 41.705676], [-8.119054, 41.719545], [-8.130962, 41.728]], [[-8.131025, 41.723263], [-8.120173, 41.714743], [-8.115949, 41.696697], [-8.119393, 41.694692], [-8.143373, 41.698788], [-8.152111, 41.705976], [-8.1525, 41.714986], [-8.143053, 41.722924], [-8.131025, 41.723263]]], [[[-8.553441, 41.615259], [-8.573052, 41.600225], [-8.588791, 41.581391], [-8.60081, 41.577674], [-8.624813, 41.5757], [-8.636824, 41.57287], [-8.648845, 41.568101], [-8.66314, 41.555487], [-8.667478, 41.546493], [-8.668194, 41.537487], [-8.665505, 41.528472], [-8.658783, 41.519445], [-8.646989, 41.510402], [-8.637201, 41.505452], [-8.62524, 41.501755], [-8.613263, 41.500899], [-8.601267, 41.503336], [-8.588243, 41.510207], [-8.579014, 41.519181], [-8.565047, 41.544295], [-8.553043, 41.546353], [-8.529071, 41.545248], [-8.517066, 41.547345], [-8.505035, 41.55275], [-8.492961, 41.563281], [-8.480823, 41.581481], [-8.468755, 41.59022], [-8.432739, 41.59267], [-8.420721, 41.594835], [-8.407251, 41.599489], [-8.392614, 41.60842], [-8.350191, 41.644217], [-8.344719, 41.653193], [-8.343022, 41.662191], [-8.345373, 41.671211], [-8.353428, 41.680264], [-8.359851, 41.683387], [-8.371841, 41.686076], [-8.383863, 41.68538], [-8.399156, 41.680512], [-8.42009, 41.665369], [-8.432123, 41.662887], [-8.468174, 41.66087], [-8.491102, 41.653934], [-8.505866, 41.644992], [-8.528472, 41.627702], [-8.539282, 41.622523], [-8.543431, 41.61462], [-8.553441, 41.615259]], [[-8.371882, 41.681773], [-8.367251, 41.680341], [-8.355783, 41.67127], [-8.354058, 41.662253], [-8.358086, 41.653269], [-8.372256, 41.643356], [-8.395258, 41.635456], [-8.402589, 41.61748], [-8.411341, 41.608518], [-8.420646, 41.603256], [-8.432679, 41.599569], [-8.44469, 41.598199], [-8.468669, 41.600661], [-8.480643, 41.603874], [-8.490325, 41.608895], [-8.494386, 41.61792], [-8.494566, 41.626928], [-8.491272, 41.635921], [-8.480296, 41.647105], [-8.468239, 41.653047], [-8.456206, 41.655776], [-8.44419, 41.656427], [-8.420188, 41.654353], [-8.408086, 41.664461], [-8.404348, 41.671532], [-8.395952, 41.677527], [-8.383895, 41.682043], [-8.371882, 41.681773]], [[-8.516631, 41.605654], [-8.50464, 41.604445], [-8.497236, 41.599918], [-8.492728, 41.593068], [-8.490864, 41.581876], [-8.49312, 41.572878], [-8.504982, 41.55966], [-8.517009, 41.555012], [-8.529005, 41.55442], [-8.540972, 41.557819], [-8.550544, 41.56411], [-8.555891, 41.573138], [-8.555806, 41.582145], [-8.550902, 41.591133], [-8.540678, 41.599363], [-8.528643, 41.604169], [-8.516631, 41.605654]], [[-8.624901, 41.56041], [-8.612915, 41.55943], [-8.600951, 41.554744], [-8.590939, 41.546246], [-8.586504, 41.537223], [-8.586222, 41.528214], [-8.590126, 41.519221], [-8.599517, 41.510247], [-8.613237, 41.505317], [-8.625219, 41.505339], [-8.640268, 41.510381], [-8.652404, 41.519426], [-8.657583, 41.528449], [-8.658187, 41.537458], [-8.654242, 41.546454], [-8.648932, 41.552014], [-8.636906, 41.558296], [-8.624901, 41.56041]]], [[[-8.017861, 41.668879], [-8.023628, 41.670014], [-8.027089, 41.668958], [-8.035735, 41.663678], [-8.038454, 41.660046], [-8.035917, 41.651455], [-8.023995, 41.645709], [-8.011932, 41.649273], [-8.00665, 41.659776], [-8.011688, 41.665287], [-8.017861, 41.668879]], [[-8.01231, 41.659824], [-8.023928, 41.65011], [-8.035379, 41.66002], [-8.023673, 41.667029], [-8.01231, 41.659824]]], [[[-8.132028, 41.648738], [-8.14404, 41.648465], [-8.155027, 41.642948], [-8.160694, 41.633982], [-8.159332, 41.624965], [-8.156408, 41.620904], [-8.144508, 41.613086], [-8.13252, 41.612002], [-8.120453, 41.616814], [-8.112738, 41.624615], [-8.11261, 41.633621], [-8.11888, 41.642677], [-8.132028, 41.648738]], [[-8.132068, 41.645751], [-8.12528, 41.642726], [-8.118101, 41.633664], [-8.123508, 41.624698], [-8.132415, 41.619877], [-8.144394, 41.621682], [-8.148706, 41.624887], [-8.152996, 41.633926], [-8.14723, 41.64289], [-8.144093, 41.644465], [-8.132068, 41.645751]]], [[[-8.084422, 41.618387], [-8.096442, 41.617183], [-8.098954, 41.615501], [-8.096501, 41.612956], [-8.084525, 41.611117], [-8.081577, 41.615363], [-8.084422, 41.618387]]], [[[-8.080381, 41.559683], [-8.097178, 41.564392], [-8.12116, 41.564714], [-8.169287, 41.552683], [-8.181279, 41.552588], [-8.217174, 41.559034], [-8.241149, 41.559839], [-8.253162, 41.558018], [-8.265205, 41.553507], [-8.277288, 41.545297], [-8.284293, 41.535739], [-8.287347, 41.526751], [-8.287063, 41.508734], [-8.27796, 41.484829], [-8.258857, 41.454511], [-8.258637, 41.445503], [-8.265016, 41.436536], [-8.278596, 41.427448], [-8.290616, 41.422729], [-8.302606, 41.420515], [-8.362416, 41.422969], [-8.386363, 41.421612], [-8.398354, 41.419025], [-8.410357, 41.414879], [-8.418321, 41.410391], [-8.429315, 41.401438], [-8.43621, 41.392465], [-8.443581, 41.374485], [-8.444114, 41.356473], [-8.44222, 41.347456], [-8.43501, 41.331603], [-8.427008, 41.320358], [-8.409532, 41.304205], [-8.406262, 41.307335], [-8.402979, 41.307568], [-8.401801, 41.311398], [-8.399712, 41.311628], [-8.400316, 41.313202], [-8.39704, 41.315097], [-8.397314, 41.315235], [-8.397339, 41.315247], [-8.398211, 41.315683], [-8.398236, 41.315695], [-8.39866, 41.315907], [-8.398835, 41.315994], [-8.415635, 41.329309], [-8.428036, 41.347386], [-8.430948, 41.356409], [-8.431107, 41.374425], [-8.428235, 41.383418], [-8.422545, 41.392397], [-8.414017, 41.401361], [-8.398743, 41.41029], [-8.38643, 41.414513], [-8.374444, 41.416555], [-8.35051, 41.416843], [-8.302729, 41.409057], [-8.29077, 41.408508], [-8.278778, 41.411038], [-8.230667, 41.432299], [-8.218666, 41.434983], [-8.206693, 41.435332], [-8.194749, 41.433274], [-8.182847, 41.427929], [-8.167839, 41.417859], [-8.152707, 41.399734], [-8.149026, 41.390699], [-8.147098, 41.374967], [-8.145073, 41.374742], [-8.139694, 41.377894], [-8.133418, 41.374292], [-8.119672, 41.376768], [-8.119672, 41.378569], [-8.116683, 41.380144], [-8.117578, 41.386447], [-8.113992, 41.386896], [-8.112795, 41.390723], [-8.110105, 41.390947], [-8.108011, 41.393648], [-8.103827, 41.392972], [-8.105321, 41.394998], [-8.10263, 41.396123], [-8.107412, 41.39815], [-8.108606, 41.401976], [-8.104419, 41.406252], [-8.104119, 41.408728], [-8.101727, 41.409403], [-8.101128, 41.411654], [-8.092756, 41.411201], [-8.09126, 41.414352], [-8.087048, 41.416151], [-8.063591, 41.441575], [-8.069999, 41.447206], [-8.068788, 41.462286], [-8.073872, 41.46499], [-8.074468, 41.468141], [-8.073564, 41.474668], [-8.066374, 41.482318], [-8.066069, 41.48817], [-8.072054, 41.490199], [-8.07175, 41.494925], [-8.074742, 41.496824], [-8.084055, 41.489282], [-8.098457, 41.472333], [-8.11051, 41.466686], [-8.12249, 41.466338], [-8.134407, 41.470681], [-8.146225, 41.482734], [-8.158099, 41.490733], [-8.19439, 41.462335], [-8.206431, 41.456858], [-8.218417, 41.45577], [-8.230371, 41.457412], [-8.24229, 41.462025], [-8.254196, 41.468056], [-8.266063, 41.477595], [-8.277857, 41.494128], [-8.28267, 41.508707], [-8.282825, 41.517715], [-8.277439, 41.531702], [-8.265329, 41.542586], [-8.253285, 41.547378], [-8.241273, 41.549233], [-8.229287, 41.54884], [-8.217326, 41.546429], [-8.19171, 41.535125], [-8.169705, 41.519964], [-8.157659, 41.52473], [-8.150727, 41.53483], [-8.140479, 41.543761], [-8.121326, 41.552451], [-8.109308, 41.554411], [-8.097327, 41.553701], [-8.082787, 41.548766], [-8.079788, 41.551876], [-8.074396, 41.549848], [-8.072897, 41.551197], [-8.076188, 41.557276], [-8.080381, 41.559683]]], [[[-8.480996, 41.51878], [-8.49336, 41.512193], [-8.494585, 41.509833], [-8.481444, 41.503783], [-8.474729, 41.509744], [-8.480996, 41.51878]]], [[[-8.421633, 41.492621], [-8.435059, 41.491542], [-8.442855, 41.482572], [-8.439124, 41.473547], [-8.433809, 41.470072], [-8.421837, 41.469694], [-8.416606, 41.473435], [-8.412141, 41.482419], [-8.421633, 41.492621]]], [[[-8.555186, 41.232729], [-8.567129, 41.231164], [-8.573633, 41.221909], [-8.570503, 41.21289], [-8.567267, 41.210222], [-8.555352, 41.208182], [-8.544314, 41.212789], [-8.541045, 41.221784], [-8.549161, 41.230824], [-8.555186, 41.232729]]]]}}, {"id": "15", "type": "Feature", "properties": {"fill": "#5599f7", "value_min": 2.0, "value_max": -2.33}, "geometry": {"type": "MultiPolygon", "coordinates": [[[[-8.079561, 41.812292], [-8.073495, 41.795438], [-8.073636, 41.786433], [-8.091098, 41.741538], [-8.095408, 41.705544], [-8.099781, 41.696571], [-8.121436, 41.678725], [-8.125376, 41.669748], [-8.117849, 41.660683], [-8.107931, 41.654454], [-8.09599, 41.649589], [-8.084009, 41.647615], [-8.071987, 41.648542], [-8.066221, 41.651268], [-8.059883, 41.655104], [-8.04896, 41.669141], [-8.035524, 41.677815], [-7.999325, 41.687962], [-7.986119, 41.695624], [-7.980058, 41.704578], [-7.975495, 41.722551], [-7.976147, 41.731564], [-7.979341, 41.740599], [-7.986311, 41.751493], [-8.000684, 41.767807], [-8.005888, 41.776859], [-8.004106, 41.785851], [-7.991532, 41.794748], [-7.968726, 41.803552], [-7.94932, 41.807097], [-7.925223, 41.808325], [-7.91312, 41.812144], [-7.876201, 41.848708], [-7.879656, 41.852896], [-7.906896, 41.820994], [-7.913065, 41.815378], [-7.925181, 41.810831], [-7.961364, 41.806697], [-7.997593, 41.799392], [-8.021692, 41.797718], [-8.033687, 41.80048], [-8.045605, 41.808462], [-8.054002, 41.81783], [-8.057314, 41.815656], [-8.06664, 41.817012], [-8.072961, 41.813414], [-8.077775, 41.813641], [-8.079561, 41.812292]], [[-8.034099, 41.773041], [-8.022119, 41.769607], [-8.010172, 41.764101], [-7.998266, 41.756119], [-7.986444, 41.742978], [-7.98196, 41.731615], [-7.982333, 41.722612], [-7.986969, 41.70959], [-7.997183, 41.695721], [-8.01397, 41.68686], [-8.038925, 41.678064], [-8.051951, 41.669165], [-8.059811, 41.660046], [-8.071935, 41.65212], [-8.083966, 41.650606], [-8.095953, 41.652215], [-8.113796, 41.660652], [-8.120783, 41.669712], [-8.118304, 41.678701], [-8.098151, 41.696558], [-8.093009, 41.705525], [-8.087374, 41.732501], [-8.082661, 41.74255], [-8.070417, 41.757627], [-8.058257, 41.766555], [-8.046148, 41.771879], [-8.034099, 41.773041]]], [[[-7.728178, 41.813721], [-7.744566, 41.812479], [-7.756671, 41.809087], [-7.76918, 41.801587], [-7.775577, 41.792649], [-7.777129, 41.783659], [-7.775218, 41.774632], [-7.769567, 41.765565], [-7.757705, 41.755526], [-7.747695, 41.750895], [-7.747786, 41.754496], [-7.743559, 41.757523], [-7.757548, 41.763691], [-7.76708, 41.774545], [-7.769403, 41.783576], [-7.767206, 41.79256], [-7.756793, 41.802739], [-7.74467, 41.807141], [-7.727914, 41.807812], [-7.728178, 41.813721]]], [[[-8.453261, 41.696722], [-8.443876, 41.692942], [-8.431878, 41.690836], [-8.419858, 41.691122], [-8.407819, 41.693615], [-8.394979, 41.698504], [-8.380075, 41.707432], [-8.373126, 41.716401], [-8.371039, 41.725397], [-8.372241, 41.734399], [-8.378609, 41.73326], [-8.376708, 41.725428], [-8.378435, 41.71643], [-8.385553, 41.707461], [-8.400916, 41.698535], [-8.419836, 41.693552], [-8.431851, 41.693815], [-8.443842, 41.696925], [-8.451179, 41.700825], [-8.453261, 41.696722]]], [[[-8.203254, 41.715769], [-8.215253, 41.717546], [-8.224112, 41.715492], [-8.238435, 41.706581], [-8.243503, 41.697607], [-8.243333, 41.688599], [-8.237577, 41.679554], [-8.227807, 41.673046], [-8.215825, 41.670506], [-8.203801, 41.671382], [-8.19172, 41.676839], [-8.1835, 41.688189], [-8.183315, 41.697195], [-8.187963, 41.706235], [-8.203254, 41.715769]], [[-8.215303, 41.713442], [-8.203296, 41.712338], [-8.192962, 41.70627], [-8.187312, 41.697223], [-8.188413, 41.688224], [-8.191633, 41.68383], [-8.203738, 41.676512], [-8.215761, 41.675748], [-8.226192, 41.679478], [-8.235471, 41.688547], [-8.236466, 41.69756], [-8.231073, 41.706532], [-8.227375, 41.709201], [-8.215303, 41.713442]]], [[[-8.445063, 41.55465], [-8.457049, 41.555286], [-8.467983, 41.545743], [-8.463589, 41.536715], [-8.457234, 41.533217], [-8.445244, 41.533439], [-8.439252, 41.536599], [-8.43597, 41.54559], [-8.445063, 41.55465]], [[-8.445129, 41.546907], [-8.443848, 41.545629], [-8.445166, 41.542652], [-8.457199, 41.53741], [-8.461046, 41.54571], [-8.4571, 41.54923], [-8.445129, 41.546907]]], [[[-8.337507, 41.518756], [-8.34949, 41.518883], [-8.361509, 41.515484], [-8.373597, 41.504626], [-8.378244, 41.491248], [-8.377677, 41.482238], [-8.373909, 41.472294], [-8.362048, 41.460502], [-8.350115, 41.456425], [-8.338148, 41.455759], [-8.326153, 41.457938], [-8.31527, 41.463869], [-8.30753, 41.47283], [-8.304957, 41.481822], [-8.305702, 41.490833], [-8.313674, 41.505855], [-8.325559, 41.515227], [-8.337507, 41.518756]], [[-8.349536, 41.514357], [-8.33755, 41.514531], [-8.325607, 41.510575], [-8.313734, 41.500113], [-8.30943, 41.490856], [-8.308932, 41.481845], [-8.314041, 41.471026], [-8.326107, 41.462394], [-8.33811, 41.459568], [-8.350075, 41.460407], [-8.361999, 41.465512], [-8.3697, 41.473187], [-8.373516, 41.482215], [-8.373911, 41.491225], [-8.37093, 41.500216], [-8.361566, 41.509638], [-8.349536, 41.514357]]], [[[-8.800299, 41.15946], [-8.782101, 41.172929], [-8.74997, 41.204411], [-8.737617, 41.213392], [-8.722289, 41.221231], [-8.698396, 41.228235], [-8.65064, 41.233719], [-8.638676, 41.239393], [-8.609043, 41.267074], [-8.587605, 41.294023], [-8.580512, 41.312012], [-8.578738, 41.330021], [-8.58026, 41.348042], [-8.585535, 41.366077], [-8.590755, 41.375103], [-8.599084, 41.38414], [-8.613895, 41.394357], [-8.656102, 41.411347], [-8.675528, 41.420411], [-8.685506, 41.427675], [-8.691738, 41.429463], [-8.675501, 41.438426], [-8.661495, 41.442233], [-8.649482, 41.450089], [-8.643974, 41.456348], [-8.639265, 41.465341], [-8.638894, 41.474347], [-8.643061, 41.483368], [-8.655162, 41.492412], [-8.66122, 41.495012], [-8.67319, 41.497014], [-8.685177, 41.495923], [-8.695313, 41.492525], [-8.706698, 41.483548], [-8.711478, 41.474552], [-8.71277, 41.465548], [-8.709332, 41.452547], [-8.697945, 41.438487], [-8.709418, 41.433292], [-8.806859, 41.430052], [-8.811035, 41.418186], [-8.809967, 41.405017], [-8.769351, 41.408454], [-8.733466, 41.406404], [-8.697608, 41.398942], [-8.673727, 41.390041], [-8.662099, 41.384342], [-8.649555, 41.375297], [-8.643753, 41.366272], [-8.640855, 41.357255], [-8.638037, 41.355037], [-8.626099, 41.352105], [-8.614181, 41.345974], [-8.603506, 41.330109], [-8.599143, 41.312079], [-8.599772, 41.303073], [-8.606389, 41.285081], [-8.619295, 41.267108], [-8.638626, 41.248419], [-8.650599, 41.241366], [-8.662553, 41.237559], [-8.703679, 41.231325], [-8.733084, 41.222389], [-8.782018, 41.197913], [-8.801516, 41.190448], [-8.800299, 41.15946]], [[-8.673216, 41.491847], [-8.661245, 41.490139], [-8.6505, 41.48339], [-8.647291, 41.474373], [-8.651701, 41.465379], [-8.661408, 41.458963], [-8.673388, 41.457749], [-8.685342, 41.461798], [-8.689635, 41.465488], [-8.693466, 41.474506], [-8.69044, 41.483505], [-8.685218, 41.487267], [-8.673216, 41.491847]]], [[[-8.5485, 41.46502], [-8.55641, 41.465051], [-8.566298, 41.456081], [-8.56056, 41.447052], [-8.553745, 41.444224], [-8.541754, 41.446978], [-8.537741, 41.45597], [-8.541648, 41.462099], [-8.5485, 41.46502]]]]}}, {"id": "7", "type": "Feature", "properties": {"fill": "#a3a3a3", "value_min": -0.67, "value_max": -0.33}, "geometry": {"type": "MultiPolygon", "coordinates": [[[[-7.75525, 41.864484], [-7.756076, 41.864493], [-7.755772, 41.85548], [-7.755764, 41.855483], [-7.75525, 41.864484]]], [[[-8.301085, 41.758834], [-8.305549, 41.752041], [-8.303701, 41.743023], [-8.299173, 41.738807], [-8.287194, 41.734649], [-8.275137, 41.737534], [-8.268689, 41.742805], [-8.266154, 41.751796], [-8.272058, 41.76084], [-8.280437, 41.763963], [-8.284038, 41.761109], [-8.284931, 41.757507], [-8.287033, 41.756829], [-8.298457, 41.757263], [-8.301085, 41.758834]], [[-8.279319, 41.751879], [-8.286185, 41.742915], [-8.287671, 41.742924], [-8.291443, 41.751955], [-8.286971, 41.754772], [-8.279319, 41.751879]]], [[[-7.90234, 41.738338], [-7.914451, 41.73325], [-7.923872, 41.722079], [-7.925001, 41.713083], [-7.921607, 41.704044], [-7.915062, 41.696936], [-7.903149, 41.690766], [-7.89116, 41.689203], [-7.879103, 41.69155], [-7.872012, 41.694561], [-7.864018, 41.703489], [-7.859378, 41.71245], [-7.860921, 41.721472], [-7.869534, 41.730564], [-7.878341, 41.735375], [-7.890309, 41.738667], [-7.90234, 41.738338]], [[-7.890381, 41.734467], [-7.878452, 41.729013], [-7.871377, 41.721576], [-7.871754, 41.712572], [-7.878915, 41.702332], [-7.891038, 41.696276], [-7.903044, 41.696961], [-7.914962, 41.703981], [-7.919978, 41.713036], [-7.918771, 41.722031], [-7.914556, 41.727023], [-7.902412, 41.734132], [-7.890381, 41.734467]]], [[[-8.131025, 41.723263], [-8.143053, 41.722924], [-8.1525, 41.714986], [-8.152111, 41.705976], [-8.143373, 41.698788], [-8.119393, 41.694692], [-8.115949, 41.696697], [-8.120173, 41.714743], [-8.131025, 41.723263]], [[-8.131072, 41.719835], [-8.12463, 41.714777], [-8.122806, 41.705756], [-8.13133, 41.700641], [-8.143323, 41.702545], [-8.147452, 41.705942], [-8.147527, 41.714949], [-8.143109, 41.718661], [-8.131072, 41.719835]]], [[[-8.371882, 41.681773], [-8.383895, 41.682043], [-8.395952, 41.677527], [-8.404348, 41.671532], [-8.408086, 41.664461], [-8.420188, 41.654353], [-8.44419, 41.656427], [-8.456206, 41.655776], [-8.468239, 41.653047], [-8.480296, 41.647105], [-8.491272, 41.635921], [-8.494566, 41.626928], [-8.494386, 41.61792], [-8.490325, 41.608895], [-8.480643, 41.603874], [-8.468669, 41.600661], [-8.44469, 41.598199], [-8.432679, 41.599569], [-8.420646, 41.603256], [-8.411341, 41.608518], [-8.402589, 41.61748], [-8.395258, 41.635456], [-8.372256, 41.643356], [-8.358086, 41.653269], [-8.354058, 41.662253], [-8.355783, 41.67127], [-8.367251, 41.680341], [-8.371882, 41.681773]], [[-8.383938, 41.677542], [-8.37194, 41.675836], [-8.365531, 41.671324], [-8.364235, 41.66231], [-8.372155, 41.653757], [-8.384188, 41.651234], [-8.396147, 41.656652], [-8.399589, 41.6625], [-8.396919, 41.671493], [-8.383938, 41.677542]], [[-8.456259, 41.649473], [-8.444241, 41.650517], [-8.432248, 41.648656], [-8.42273, 41.644604], [-8.413156, 41.635549], [-8.41153, 41.626533], [-8.414742, 41.617542], [-8.425884, 41.608591], [-8.432624, 41.605785], [-8.444641, 41.603959], [-8.456631, 41.605174], [-8.468592, 41.610004], [-8.477529, 41.617845], [-8.48004, 41.626863], [-8.47784, 41.635861], [-8.468474, 41.644825], [-8.456259, 41.649473]]], [[[-8.01231, 41.659824], [-8.023673, 41.667029], [-8.035379, 41.66002], [-8.023928, 41.65011], [-8.01231, 41.659824]], [[-8.019186, 41.659883], [-8.023842, 41.655869], [-8.028427, 41.659962], [-8.023737, 41.662769], [-8.019186, 41.659883]]], [[[-8.132068, 41.645751], [-8.144093, 41.644465], [-8.14723, 41.64289], [-8.152996, 41.633926], [-8.148706, 41.624887], [-8.144394, 41.621682], [-8.132415, 41.619877], [-8.123508, 41.624698], [-8.118101, 41.633664], [-8.12528, 41.642726], [-8.132068, 41.645751]], [[-8.132108, 41.642743], [-8.124411, 41.633712], [-8.132331, 41.626101], [-8.144275, 41.630701], [-8.146323, 41.633877], [-8.144192, 41.636948], [-8.132108, 41.642743]]], [[[-8.516631, 41.605654], [-8.528643, 41.604169], [-8.540678, 41.599363], [-8.550902, 41.591133], [-8.555806, 41.582145], [-8.555891, 41.573138], [-8.550544, 41.56411], [-8.540972, 41.557819], [-8.529005, 41.55442], [-8.517009, 41.555012], [-8.504982, 41.55966], [-8.49312, 41.572878], [-8.490864, 41.581876], [-8.492728, 41.593068], [-8.497236, 41.599918], [-8.50464, 41.604445], [-8.516631, 41.605654]], [[-8.516728, 41.592646], [-8.504769, 41.587594], [-8.500676, 41.581919], [-8.500588, 41.572911], [-8.504924, 41.567205], [-8.516963, 41.56115], [-8.528948, 41.56224], [-8.532859, 41.564039], [-8.540721, 41.573078], [-8.539736, 41.582082], [-8.528738, 41.591056], [-8.516728, 41.592646]]], [[[-8.624901, 41.56041], [-8.636906, 41.558296], [-8.648932, 41.552014], [-8.654242, 41.546454], [-8.658187, 41.537458], [-8.657583, 41.528449], [-8.652404, 41.519426], [-8.640268, 41.510381], [-8.625219, 41.505339], [-8.613237, 41.505317], [-8.599517, 41.510247], [-8.590126, 41.519221], [-8.586222, 41.528214], [-8.586504, 41.537223], [-8.590939, 41.546246], [-8.600951, 41.554744], [-8.612915, 41.55943], [-8.624901, 41.56041]], [[-8.624957, 41.550838], [-8.612976, 41.549089], [-8.601032, 41.541511], [-8.597599, 41.537262], [-8.595287, 41.528247], [-8.598505, 41.51925], [-8.613211, 41.50969], [-8.625199, 41.508922], [-8.637159, 41.51291], [-8.645993, 41.519406], [-8.650582, 41.528428], [-8.649193, 41.537431], [-8.639972, 41.54641], [-8.624957, 41.550838]]], [[[-8.082787, 41.548766], [-8.097327, 41.553701], [-8.109308, 41.554411], [-8.121326, 41.552451], [-8.140479, 41.543761], [-8.150727, 41.53483], [-8.157659, 41.52473], [-8.169705, 41.519964], [-8.19171, 41.535125], [-8.217326, 41.546429], [-8.229287, 41.54884], [-8.241273, 41.549233], [-8.253285, 41.547378], [-8.265329, 41.542586], [-8.277439, 41.531702], [-8.282825, 41.517715], [-8.28267, 41.508707], [-8.277857, 41.494128], [-8.266063, 41.477595], [-8.254196, 41.468056], [-8.24229, 41.462025], [-8.230371, 41.457412], [-8.218417, 41.45577], [-8.206431, 41.456858], [-8.19439, 41.462335], [-8.158099, 41.490733], [-8.146225, 41.482734], [-8.134407, 41.470681], [-8.12249, 41.466338], [-8.11051, 41.466686], [-8.098457, 41.472333], [-8.084055, 41.489282], [-8.074742, 41.496824], [-8.078332, 41.500331], [-8.093, 41.504613], [-8.0915, 41.509624], [-8.097971, 41.507332], [-8.109952, 41.507475], [-8.121889, 41.510853], [-8.129871, 41.51666], [-8.133177, 41.525692], [-8.130393, 41.534678], [-8.121468, 41.541962], [-8.109427, 41.545785], [-8.095074, 41.544247], [-8.087885, 41.542876], [-8.083389, 41.5449], [-8.082787, 41.548766]], [[-8.241363, 41.541545], [-8.229385, 41.540596], [-8.217442, 41.536845], [-8.205542, 41.529606], [-8.201234, 41.526185], [-8.19508, 41.517134], [-8.192562, 41.508109], [-8.193368, 41.499108], [-8.196937, 41.490125], [-8.205534, 41.481178], [-8.218194, 41.474353], [-8.230193, 41.472419], [-8.242161, 41.473152], [-8.254096, 41.476758], [-8.26598, 41.48501], [-8.275994, 41.499658], [-8.278276, 41.508679], [-8.277575, 41.517682], [-8.273211, 41.526662], [-8.265423, 41.534236], [-8.253371, 41.539836], [-8.241363, 41.541545]]], [[[-8.147098, 41.374967], [-8.149026, 41.390699], [-8.152707, 41.399734], [-8.167839, 41.417859], [-8.182847, 41.427929], [-8.194749, 41.433274], [-8.206693, 41.435332], [-8.218666, 41.434983], [-8.230667, 41.432299], [-8.278778, 41.411038], [-8.29077, 41.408508], [-8.302729, 41.409057], [-8.35051, 41.416843], [-8.374444, 41.416555], [-8.38643, 41.414513], [-8.398743, 41.41029], [-8.414017, 41.401361], [-8.422545, 41.392397], [-8.428235, 41.383418], [-8.431107, 41.374425], [-8.430948, 41.356409], [-8.428036, 41.347386], [-8.415635, 41.329309], [-8.398835, 41.315994], [-8.393775, 41.31997], [-8.393489, 41.323122], [-8.3882, 41.324034], [-8.399171, 41.330258], [-8.411024, 41.341002], [-8.419815, 41.356353], [-8.421433, 41.365369], [-8.417978, 41.383366], [-8.411747, 41.392342], [-8.401233, 41.401296], [-8.386489, 41.408203], [-8.362522, 41.41207], [-8.34047, 41.409971], [-8.311669, 41.400795], [-8.290963, 41.39079], [-8.278998, 41.391109], [-8.254903, 41.40627], [-8.242874, 41.411816], [-8.230873, 41.414891], [-8.218899, 41.415614], [-8.206952, 41.414046], [-8.195042, 41.409559], [-8.18182, 41.399945], [-8.175317, 41.390891], [-8.172627, 41.377661], [-8.168382, 41.377438], [-8.1642, 41.38059], [-8.152544, 41.375866], [-8.151049, 41.37339], [-8.147098, 41.374967]]], [[[-8.39866, 41.315907], [-8.39866, 41.315907], [-8.398236, 41.315695], [-8.39866, 41.315907]]], [[[-8.398211, 41.315683], [-8.398211, 41.315683], [-8.397339, 41.315247], [-8.398211, 41.315683]]], [[[-8.397314, 41.315235], [-8.397314, 41.315235], [-8.39704, 41.315097], [-8.397314, 41.315235]]], [[[-8.264238, 41.342307], [-8.27954, 41.342021], [-8.308102, 41.32662], [-8.303024, 41.325994], [-8.303615, 41.323742], [-8.301216, 41.319694], [-8.296431, 41.316774], [-8.296415, 41.310472], [-8.293133, 41.310927], [-8.292241, 41.312504], [-8.289255, 41.312508], [-8.284488, 41.316341], [-8.281801, 41.316569], [-8.281808, 41.319721], [-8.278828, 41.321976], [-8.278238, 41.325128], [-8.273161, 41.325134], [-8.269582, 41.326939], [-8.265709, 41.331221], [-8.269004, 41.336169], [-8.265722, 41.337748], [-8.265428, 41.339999], [-8.263339, 41.340902], [-8.264238, 41.342307]]], [[[-8.387404, 41.323586], [-8.387404, 41.323586], [-8.387519, 41.323651], [-8.387404, 41.323586]]], [[[-8.387802, 41.32381], [-8.387802, 41.32381], [-8.387819, 41.323819], [-8.387802, 41.32381]]]]}}, {"id": "0", "type": "Feature", "properties": {"fill": "#c33119", "value_min": -3.0, "value_max": -2.67}, "geometry": {"type": "Polygon", "coordinates": [[[-8.374812, 41.378231], [-8.377045, 41.374145], [-8.374905, 41.368536], [-8.371446, 41.365107], [-8.36301, 41.362125], [-8.351024, 41.365096], [-8.346922, 41.373978], [-8.350869, 41.380774], [-8.354689, 41.383029], [-8.362789, 41.384786], [-8.368639, 41.383106], [-8.374812, 41.378231]]]}}, {"id": "1", "type": "Feature", "properties": {"fill": "#d75e13", "value_min": -2.67, "value_max": -2.33}, "geometry": {"type": "MultiPolygon", "coordinates": [[[[-8.241815, 41.502824], [-8.23645, 41.508409], [-8.241695, 41.513089], [-8.251456, 41.508508], [-8.241815, 41.502824]]], [[[-8.384644, 41.374185], [-8.382086, 41.365164], [-8.374998, 41.358768], [-8.363076, 41.355339], [-8.351101, 41.357365], [-8.341218, 41.364937], [-8.338512, 41.373929], [-8.34328, 41.382964], [-8.350799, 41.387756], [-8.362738, 41.389985], [-8.374729, 41.386824], [-8.379957, 41.383168], [-8.384644, 41.374185]], [[-8.374812, 41.378231], [-8.368639, 41.383106], [-8.362789, 41.384786], [-8.354689, 41.383029], [-8.350869, 41.380774], [-8.346922, 41.373978], [-8.351024, 41.365096], [-8.36301, 41.362125], [-8.371446, 41.365107], [-8.374905, 41.368536], [-8.377045, 41.374145], [-8.374812, 41.378231]]]]}}, {"id": "2", "type": "Feature", "properties": {"fill": "#ea870e", "value_min": -2.33, "value_max": -2.0}, "geometry": {"type": "MultiPolygon", "coordinates": [[[[-8.241611, 41.520297], [-8.253624, 41.517833], [-8.258933, 41.508556], [-8.253845, 41.498597], [-8.241898, 41.495702], [-8.231572, 41.499369], [-8.226779, 41.508345], [-8.233445, 41.517397], [-8.241611, 41.520297]], [[-8.241815, 41.502824], [-8.251456, 41.508508], [-8.241695, 41.513089], [-8.23645, 41.508409], [-8.241815, 41.502824]]], [[[-8.362693, 41.394567], [-8.374676, 41.392393], [-8.386714, 41.38423], [-8.391464, 41.374222], [-8.3901, 41.365207], [-8.382379, 41.356158], [-8.375065, 41.351808], [-8.363135, 41.349287], [-8.351169, 41.350558], [-8.340098, 41.355923], [-8.332666, 41.364888], [-8.331244, 41.373887], [-8.334949, 41.382917], [-8.338851, 41.386511], [-8.350746, 41.393103], [-8.362693, 41.394567]], [[-8.384644, 41.374185], [-8.379957, 41.383168], [-8.374729, 41.386824], [-8.362738, 41.389985], [-8.350799, 41.387756], [-8.34328, 41.382964], [-8.338512, 41.373929], [-8.341218, 41.364937], [-8.351101, 41.357365], [-8.363076, 41.355339], [-8.374998, 41.358768], [-8.382086, 41.365164], [-8.384644, 41.374185]]]]}}, {"id": "5", "type": "Feature", "properties": {"fill": "#b1a288", "value_min": -1.33, "value_max": -1.0}, "geometry": {"type": "MultiPolygon", "coordinates": [[[[-7.91477, 41.714299], [-7.914797, 41.712703], [-7.90296, 41.70192], [-7.890948, 41.701536], [-7.878239, 41.712636], [-7.878198, 41.721642], [-7.890453, 41.73031], [-7.902482, 41.729995], [-7.913632, 41.721983], [-7.91477, 41.714299]], [[-7.890519, 41.72647], [-7.88381, 41.721697], [-7.883592, 41.712688], [-7.890863, 41.706436], [-7.902876, 41.706832], [-7.909519, 41.712937], [-7.908341, 41.721933], [-7.902548, 41.726094], [-7.890519, 41.72647]]], [[[-8.141018, 41.705894], [-8.131282, 41.704214], [-8.128638, 41.7058], [-8.129086, 41.714811], [-8.131118, 41.716407], [-8.140653, 41.714898], [-8.141018, 41.705894]]], [[[-8.386219, 41.662429], [-8.384095, 41.66105], [-8.37976, 41.662395], [-8.381365, 41.671411], [-8.385159, 41.671431], [-8.386219, 41.662429]]], [[[-8.456313, 41.643044], [-8.467203, 41.635812], [-8.470431, 41.62682], [-8.466265, 41.617793], [-8.456577, 41.611633], [-8.444593, 41.609542], [-8.432567, 41.612276], [-8.424828, 41.617593], [-8.420907, 41.626581], [-8.424039, 41.635604], [-8.432309, 41.641787], [-8.443638, 41.644707], [-8.456313, 41.643044]], [[-8.444342, 41.638816], [-8.43481, 41.635657], [-8.429103, 41.626622], [-8.432494, 41.620634], [-8.436443, 41.617651], [-8.444544, 41.615283], [-8.456516, 41.618852], [-8.461363, 41.626777], [-8.456697, 41.635763], [-8.444342, 41.638816]]], [[[-8.132242, 41.632798], [-8.131237, 41.633764], [-8.132213, 41.634909], [-8.134326, 41.633787], [-8.132242, 41.632798]]], [[[-8.526848, 41.573022], [-8.516901, 41.569449], [-8.511474, 41.572958], [-8.515763, 41.581983], [-8.51886, 41.581996], [-8.526848, 41.573022]]], [[[-8.643376, 41.528406], [-8.639546, 41.519386], [-8.625174, 41.513235], [-8.613178, 41.515166], [-8.606953, 41.51928], [-8.603607, 41.528276], [-8.60851, 41.5373], [-8.613027, 41.540627], [-8.625001, 41.543103], [-8.637011, 41.539406], [-8.643376, 41.528406]], [[-8.613091, 41.529866], [-8.613117, 41.525463], [-8.619072, 41.51932], [-8.625146, 41.518022], [-8.628809, 41.519352], [-8.635097, 41.52838], [-8.625046, 41.535305], [-8.613091, 41.529866]]], [[[-8.096278, 41.534808], [-8.109554, 41.536505], [-8.113615, 41.53455], [-8.118442, 41.52558], [-8.109814, 41.517528], [-8.097816, 41.518535], [-8.093588, 41.52313], [-8.092402, 41.52442], [-8.09239, 41.524434], [-8.092195, 41.524645], [-8.09209, 41.524759], [-8.092218, 41.526896], [-8.095581, 41.534325], [-8.095978, 41.534627], [-8.096224, 41.534776], [-8.096278, 41.534808]]], [[[-8.27236, 41.517649], [-8.273849, 41.508651], [-8.271466, 41.499629], [-8.265908, 41.491387], [-8.254023, 41.483128], [-8.242081, 41.479997], [-8.230097, 41.480545], [-8.218066, 41.484957], [-8.211153, 41.490224], [-8.205588, 41.499193], [-8.204032, 41.508189], [-8.206747, 41.517216], [-8.217542, 41.528536], [-8.229466, 41.533797], [-8.241437, 41.535235], [-8.253443, 41.533619], [-8.265503, 41.52716], [-8.27236, 41.517649]], [[-8.241495, 41.530245], [-8.226346, 41.526356], [-8.215418, 41.517275], [-8.212272, 41.508246], [-8.214372, 41.499253], [-8.223459, 41.490308], [-8.23002, 41.487043], [-8.242017, 41.485458], [-8.253964, 41.488248], [-8.257323, 41.490531], [-8.266939, 41.4996], [-8.269416, 41.508623], [-8.265587, 41.519782], [-8.253504, 41.528337], [-8.241495, 41.530245]]], [[[-8.319757, 41.337672], [-8.308954, 41.346733], [-8.303663, 41.355709], [-8.300948, 41.3647], [-8.302214, 41.373715], [-8.306167, 41.382747], [-8.315035, 41.391807], [-8.326758, 41.399402], [-8.338672, 41.404188], [-8.35061, 41.406743], [-8.362568, 41.407388], [-8.374544, 41.406133], [-8.389245, 41.401233], [-8.402507, 41.392295], [-8.409185, 41.383322], [-8.412338, 41.37433], [-8.41259, 41.365324], [-8.409993, 41.356303], [-8.404341, 41.347266], [-8.393946, 41.338204], [-8.379486, 41.33122], [-8.375305, 41.33104], [-8.373806, 41.329462], [-8.367681, 41.328355], [-8.361563, 41.329718], [-8.358276, 41.329049], [-8.357673, 41.327459], [-8.356777, 41.327449], [-8.352298, 41.3274], [-8.349612, 41.327683], [-8.345436, 41.329299], [-8.342462, 41.333131], [-8.333215, 41.336299], [-8.326363, 41.342163], [-8.324568, 41.341041], [-8.323376, 41.341943], [-8.319757, 41.337672]], [[-8.362611, 41.402998], [-8.350656, 41.402107], [-8.338728, 41.398693], [-8.326834, 41.391994], [-8.31813, 41.382818], [-8.314872, 41.373791], [-8.314737, 41.364783], [-8.317934, 41.355794], [-8.325846, 41.346833], [-8.33933, 41.339212], [-8.351311, 41.336224], [-8.363266, 41.335824], [-8.375196, 41.338043], [-8.387102, 41.342927], [-8.398959, 41.353359], [-8.404772, 41.365284], [-8.404983, 41.374292], [-8.401685, 41.383283], [-8.393813, 41.392249], [-8.386595, 41.396931], [-8.375378, 41.401158], [-8.362611, 41.402998]]], [[[-8.19149, 41.376302], [-8.190914, 41.381994], [-8.1947, 41.391028], [-8.206102, 41.400115], [-8.219042, 41.40367], [-8.231011, 41.403147], [-8.243026, 41.398779], [-8.252449, 41.391418], [-8.257582, 41.382443], [-8.257692, 41.373437], [-8.252076, 41.364393], [-8.248443, 41.361852], [-8.248448, 41.364328], [-8.245461, 41.364781], [-8.244272, 41.368384], [-8.239197, 41.371315], [-8.232024, 41.369971], [-8.224854, 41.370878], [-8.21738, 41.368182], [-8.214697, 41.373116], [-8.219437, 41.3706], [-8.231384, 41.371503], [-8.234002, 41.373281], [-8.237413, 41.382311], [-8.231173, 41.389435], [-8.219194, 41.39091], [-8.210202, 41.382128], [-8.214659, 41.373136], [-8.211712, 41.376065], [-8.208127, 41.376968], [-8.199163, 41.377423], [-8.194976, 41.374275], [-8.19149, 41.376302]]]]}}, {"id": "4", "type": "Feature", "properties": {"fill": "#cba158", "value_min": -1.67, "value_max": -1.33}, "geometry": {"type": "MultiPolygon", "coordinates": [[[[-7.890519, 41.72647], [-7.902548, 41.726094], [-7.908341, 41.721933], [-7.909519, 41.712937], [-7.902876, 41.706832], [-7.890863, 41.706436], [-7.883592, 41.712688], [-7.88381, 41.721697], [-7.890519, 41.72647]], [[-7.904069, 41.712885], [-7.902615, 41.722194], [-7.88935, 41.721751], [-7.88885, 41.712739], [-7.890784, 41.711077], [-7.902793, 41.711713], [-7.904069, 41.712885]]], [[[-8.444342, 41.638816], [-8.456697, 41.635763], [-8.461363, 41.626777], [-8.456516, 41.618852], [-8.444544, 41.615283], [-8.436443, 41.617651], [-8.432494, 41.620634], [-8.429103, 41.626622], [-8.43481, 41.635657], [-8.444342, 41.638816]], [[-8.444462, 41.624818], [-8.447494, 41.626712], [-8.444427, 41.628859], [-8.441984, 41.626685], [-8.444462, 41.624818]]], [[[-8.613091, 41.529866], [-8.625046, 41.535305], [-8.635097, 41.52838], [-8.628809, 41.519352], [-8.625146, 41.518022], [-8.619072, 41.51932], [-8.613117, 41.525463], [-8.613091, 41.529866]]], [[[-8.241495, 41.530245], [-8.253504, 41.528337], [-8.265587, 41.519782], [-8.269416, 41.508623], [-8.266939, 41.4996], [-8.257323, 41.490531], [-8.253964, 41.488248], [-8.242017, 41.485458], [-8.23002, 41.487043], [-8.223459, 41.490308], [-8.214372, 41.499253], [-8.212272, 41.508246], [-8.215418, 41.517275], [-8.226346, 41.526356], [-8.241495, 41.530245]], [[-8.264754, 41.508594], [-8.260814, 41.517576], [-8.253564, 41.523079], [-8.241553, 41.525261], [-8.229607, 41.521876], [-8.223686, 41.517331], [-8.219783, 41.508297], [-8.222726, 41.49931], [-8.229943, 41.493515], [-8.241958, 41.490557], [-8.253905, 41.493407], [-8.261145, 41.499563], [-8.264754, 41.508594]]], [[[-8.362611, 41.402998], [-8.375378, 41.401158], [-8.386595, 41.396931], [-8.393813, 41.392249], [-8.401685, 41.383283], [-8.404983, 41.374292], [-8.404772, 41.365284], [-8.398959, 41.353359], [-8.387102, 41.342927], [-8.375196, 41.338043], [-8.363266, 41.335824], [-8.351311, 41.336224], [-8.33933, 41.339212], [-8.325846, 41.346833], [-8.317934, 41.355794], [-8.314737, 41.364783], [-8.314872, 41.373791], [-8.31813, 41.382818], [-8.326834, 41.391994], [-8.338728, 41.398693], [-8.350656, 41.402107], [-8.362611, 41.402998]], [[-8.386649, 41.391181], [-8.374633, 41.396895], [-8.362653, 41.398734], [-8.350701, 41.397587], [-8.336582, 41.391934], [-8.327227, 41.382872], [-8.323451, 41.373842], [-8.324129, 41.364838], [-8.327172, 41.359218], [-8.339241, 41.347985], [-8.351237, 41.343683], [-8.363198, 41.342855], [-8.375129, 41.345104], [-8.387024, 41.351292], [-8.39222, 41.35621], [-8.397292, 41.365245], [-8.397973, 41.374256], [-8.394579, 41.383246], [-8.386649, 41.391181]]], [[[-8.214659, 41.373136], [-8.210202, 41.382128], [-8.219194, 41.39091], [-8.231173, 41.389435], [-8.237413, 41.382311], [-8.234002, 41.373281], [-8.231384, 41.371503], [-8.219437, 41.3706], [-8.214697, 41.373116], [-8.214659, 41.373136]]]]}}, {"id": "6", "type": "Feature", "properties": {"fill": "#a3a3a3", "value_min": -1.0, "value_max": -0.67}, "geometry": {"type": "MultiPolygon", "coordinates": [[[[-8.279319, 41.751879], [-8.286971, 41.754772], [-8.291443, 41.751955], [-8.287671, 41.742924], [-8.286185, 41.742915], [-8.279319, 41.751879]]], [[[-7.890381, 41.734467], [-7.902412, 41.734132], [-7.914556, 41.727023], [-7.918771, 41.722031], [-7.919978, 41.713036], [-7.914962, 41.703981], [-7.903044, 41.696961], [-7.891038, 41.696276], [-7.878915, 41.702332], [-7.871754, 41.712572], [-7.871377, 41.721576], [-7.878452, 41.729013], [-7.890381, 41.734467]], [[-7.91477, 41.714299], [-7.913632, 41.721983], [-7.902482, 41.729995], [-7.890453, 41.73031], [-7.878198, 41.721642], [-7.878239, 41.712636], [-7.890948, 41.701536], [-7.90296, 41.70192], [-7.914797, 41.712703], [-7.91477, 41.714299]]], [[[-8.131072, 41.719835], [-8.143109, 41.718661], [-8.147527, 41.714949], [-8.147452, 41.705942], [-8.143323, 41.702545], [-8.13133, 41.700641], [-8.122806, 41.705756], [-8.12463, 41.714777], [-8.131072, 41.719835]], [[-8.141018, 41.705894], [-8.140653, 41.714898], [-8.131118, 41.716407], [-8.129086, 41.714811], [-8.128638, 41.7058], [-8.131282, 41.704214], [-8.141018, 41.705894]]], [[[-8.383938, 41.677542], [-8.396919, 41.671493], [-8.399589, 41.6625], [-8.396147, 41.656652], [-8.384188, 41.651234], [-8.372155, 41.653757], [-8.364235, 41.66231], [-8.365531, 41.671324], [-8.37194, 41.675836], [-8.383938, 41.677542]], [[-8.386219, 41.662429], [-8.385159, 41.671431], [-8.381365, 41.671411], [-8.37976, 41.662395], [-8.384095, 41.66105], [-8.386219, 41.662429]]], [[[-8.019186, 41.659883], [-8.023737, 41.662769], [-8.028427, 41.659962], [-8.023842, 41.655869], [-8.019186, 41.659883]]], [[[-8.456259, 41.649473], [-8.468474, 41.644825], [-8.47784, 41.635861], [-8.48004, 41.626863], [-8.477529, 41.617845], [-8.468592, 41.610004], [-8.456631, 41.605174], [-8.444641, 41.603959], [-8.432624, 41.605785], [-8.425884, 41.608591], [-8.414742, 41.617542], [-8.41153, 41.626533], [-8.413156, 41.635549], [-8.42273, 41.644604], [-8.432248, 41.648656], [-8.444241, 41.650517], [-8.456259, 41.649473]], [[-8.456313, 41.643044], [-8.443638, 41.644707], [-8.432309, 41.641787], [-8.424039, 41.635604], [-8.420907, 41.626581], [-8.424828, 41.617593], [-8.432567, 41.612276], [-8.444593, 41.609542], [-8.456577, 41.611633], [-8.466265, 41.617793], [-8.470431, 41.62682], [-8.467203, 41.635812], [-8.456313, 41.643044]]], [[[-8.132108, 41.642743], [-8.144192, 41.636948], [-8.146323, 41.633877], [-8.144275, 41.630701], [-8.132331, 41.626101], [-8.124411, 41.633712], [-8.132108, 41.642743]], [[-8.132242, 41.632798], [-8.134326, 41.633787], [-8.132213, 41.634909], [-8.131237, 41.633764], [-8.132242, 41.632798]]], [[[-8.516728, 41.592646], [-8.528738, 41.591056], [-8.539736, 41.582082], [-8.540721, 41.573078], [-8.532859, 41.564039], [-8.528948, 41.56224], [-8.516963, 41.56115], [-8.504924, 41.567205], [-8.500588, 41.572911], [-8.500676, 41.581919], [-8.504769, 41.587594], [-8.516728, 41.592646]], [[-8.526848, 41.573022], [-8.51886, 41.581996], [-8.515763, 41.581983], [-8.511474, 41.572958], [-8.516901, 41.569449], [-8.526848, 41.573022]]], [[[-8.624957, 41.550838], [-8.639972, 41.54641], [-8.649193, 41.537431], [-8.650582, 41.528428], [-8.645993, 41.519406], [-8.637159, 41.51291], [-8.625199, 41.508922], [-8.613211, 41.50969], [-8.598505, 41.51925], [-8.595287, 41.528247], [-8.597599, 41.537262], [-8.601032, 41.541511], [-8.612976, 41.549089], [-8.624957, 41.550838]], [[-8.643376, 41.528406], [-8.637011, 41.539406], [-8.625001, 41.543103], [-8.613027, 41.540627], [-8.60851, 41.5373], [-8.603607, 41.528276], [-8.606953, 41.51928], [-8.613178, 41.515166], [-8.625174, 41.513235], [-8.639546, 41.519386], [-8.643376, 41.528406]]], [[[-8.095074, 41.544247], [-8.109427, 41.545785], [-8.121468, 41.541962], [-8.130393, 41.534678], [-8.133177, 41.525692], [-8.129871, 41.51666], [-8.121889, 41.510853], [-8.109952, 41.507475], [-8.097971, 41.507332], [-8.0915, 41.509624], [-8.091196, 41.516767], [-8.089398, 41.519468], [-8.090594, 41.522169], [-8.093588, 41.52313], [-8.097816, 41.518535], [-8.109814, 41.517528], [-8.118442, 41.52558], [-8.113615, 41.53455], [-8.109554, 41.536505], [-8.096278, 41.534808], [-8.097774, 41.537927], [-8.106759, 41.543557], [-8.101666, 41.542655], [-8.095074, 41.544247]]], [[[-8.096224, 41.534776], [-8.096224, 41.534776], [-8.095978, 41.534627], [-8.096224, 41.534776]]], [[[-8.095581, 41.534325], [-8.092218, 41.526896], [-8.091786, 41.531848], [-8.095581, 41.534325]]], [[[-8.09209, 41.524759], [-8.09209, 41.524759], [-8.092195, 41.524645], [-8.09209, 41.524759]]], [[[-8.09239, 41.524434], [-8.09239, 41.524434], [-8.092402, 41.52442], [-8.09239, 41.524434]]], [[[-8.241363, 41.541545], [-8.253371, 41.539836], [-8.265423, 41.534236], [-8.273211, 41.526662], [-8.277575, 41.517682], [-8.278276, 41.508679], [-8.275994, 41.499658], [-8.26598, 41.48501], [-8.254096, 41.476758], [-8.242161, 41.473152], [-8.230193, 41.472419], [-8.218194, 41.474353], [-8.205534, 41.481178], [-8.196937, 41.490125], [-8.193368, 41.499108], [-8.192562, 41.508109], [-8.19508, 41.517134], [-8.201234, 41.526185], [-8.205542, 41.529606], [-8.217442, 41.536845], [-8.229385, 41.540596], [-8.241363, 41.541545]], [[-8.27236, 41.517649], [-8.265503, 41.52716], [-8.253443, 41.533619], [-8.241437, 41.535235], [-8.229466, 41.533797], [-8.217542, 41.528536], [-8.206747, 41.517216], [-8.204032, 41.508189], [-8.205588, 41.499193], [-8.211153, 41.490224], [-8.218066, 41.484957], [-8.230097, 41.480545], [-8.242081, 41.479997], [-8.254023, 41.483128], [-8.265908, 41.491387], [-8.271466, 41.499629], [-8.273849, 41.508651], [-8.27236, 41.517649]]], [[[-8.172627, 41.377661], [-8.175317, 41.390891], [-8.18182, 41.399945], [-8.195042, 41.409559], [-8.206952, 41.414046], [-8.218899, 41.415614], [-8.230873, 41.414891], [-8.242874, 41.411816], [-8.254903, 41.40627], [-8.278998, 41.391109], [-8.290963, 41.39079], [-8.311669, 41.400795], [-8.34047, 41.409971], [-8.362522, 41.41207], [-8.386489, 41.408203], [-8.401233, 41.401296], [-8.411747, 41.392342], [-8.417978, 41.383366], [-8.421433, 41.365369], [-8.419815, 41.356353], [-8.411024, 41.341002], [-8.399171, 41.330258], [-8.3882, 41.324034], [-8.387819, 41.323819], [-8.387802, 41.32381], [-8.387519, 41.323651], [-8.387404, 41.323586], [-8.379486, 41.33122], [-8.393946, 41.338204], [-8.404341, 41.347266], [-8.409993, 41.356303], [-8.41259, 41.365324], [-8.412338, 41.37433], [-8.409185, 41.383322], [-8.402507, 41.392295], [-8.389245, 41.401233], [-8.374544, 41.406133], [-8.362568, 41.407388], [-8.35061, 41.406743], [-8.338672, 41.404188], [-8.326758, 41.399402], [-8.315035, 41.391807], [-8.306167, 41.382747], [-8.302214, 41.373715], [-8.300948, 41.3647], [-8.303663, 41.355709], [-8.308954, 41.346733], [-8.319757, 41.337672], [-8.316788, 41.335876], [-8.313802, 41.336331], [-8.31169, 41.328456], [-8.308102, 41.32662], [-8.27954, 41.342021], [-8.264238, 41.342307], [-8.262155, 41.345856], [-8.256483, 41.347663], [-8.255889, 41.349689], [-8.249622, 41.353072], [-8.251123, 41.356897], [-8.248443, 41.361852], [-8.252076, 41.364393], [-8.257692, 41.373437], [-8.257582, 41.382443], [-8.252449, 41.391418], [-8.243026, 41.398779], [-8.231011, 41.403147], [-8.219042, 41.40367], [-8.206102, 41.400115], [-8.1947, 41.391028], [-8.190914, 41.381994], [-8.19149, 41.376302], [-8.175853, 41.376309], [-8.172627, 41.377661]]], [[[-8.349612, 41.327683], [-8.349612, 41.327683], [-8.352298, 41.3274], [-8.349612, 41.327683]]], [[[-8.356777, 41.327449], [-8.356777, 41.327449], [-8.357673, 41.327459], [-8.356777, 41.327449]]], [[[-8.367681, 41.328355], [-8.367681, 41.328355], [-8.373806, 41.329462], [-8.367681, 41.328355]]]]}}, {"id": "16", "type": "Feature", "properties": {"fill": "#4182f2", "value_min": 2.33, "value_max": -2.67}, "geometry": {"type": "MultiPolygon", "coordinates": [[[[-8.054002, 41.81783], [-8.045605, 41.808462], [-8.033687, 41.80048], [-8.021692, 41.797718], [-7.997593, 41.799392], [-7.961364, 41.806697], [-7.925181, 41.810831], [-7.913065, 41.815378], [-7.906896, 41.820994], [-7.879656, 41.852896], [-7.88466, 41.855028], [-7.894628, 41.83889], [-7.910359, 41.821027], [-7.925143, 41.813106], [-7.973402, 41.806758], [-7.997494, 41.805737], [-8.009509, 41.807235], [-8.021486, 41.811246], [-8.033411, 41.818798], [-8.041352, 41.827211], [-8.041054, 41.825097], [-8.045268, 41.824425], [-8.046775, 41.821951], [-8.054002, 41.81783]]], [[[-7.727914, 41.807812], [-7.74467, 41.807141], [-7.756793, 41.802739], [-7.767206, 41.79256], [-7.769403, 41.783576], [-7.76708, 41.774545], [-7.757548, 41.763691], [-7.743559, 41.757523], [-7.739912, 41.764069], [-7.746337, 41.765313], [-7.759086, 41.774459], [-7.762098, 41.783498], [-7.759287, 41.792474], [-7.744776, 41.801725], [-7.732718, 41.80276], [-7.727351, 41.801669], [-7.727914, 41.807812]]], [[[-8.034099, 41.773041], [-8.046148, 41.771879], [-8.058257, 41.766555], [-8.070417, 41.757627], [-8.082661, 41.74255], [-8.087374, 41.732501], [-8.093009, 41.705525], [-8.098151, 41.696558], [-8.118304, 41.678701], [-8.120783, 41.669712], [-8.113796, 41.660652], [-8.095953, 41.652215], [-8.083966, 41.650606], [-8.071935, 41.65212], [-8.059811, 41.660046], [-8.051951, 41.669165], [-8.038925, 41.678064], [-8.01397, 41.68686], [-7.997183, 41.695721], [-7.986969, 41.70959], [-7.982333, 41.722612], [-7.98196, 41.731615], [-7.986444, 41.742978], [-7.998266, 41.756119], [-8.010172, 41.764101], [-8.022119, 41.769607], [-8.034099, 41.773041]], [[-8.046377, 41.756384], [-8.034324, 41.758032], [-8.022298, 41.757819], [-8.010305, 41.755482], [-7.998374, 41.749176], [-7.990825, 41.740701], [-7.987845, 41.731667], [-7.989461, 41.722675], [-7.993645, 41.713704], [-8.005664, 41.695795], [-8.021397, 41.686923], [-8.042776, 41.678096], [-8.071895, 41.654968], [-8.083934, 41.652908], [-8.095925, 41.654199], [-8.109744, 41.66062], [-8.117791, 41.66969], [-8.116162, 41.678684], [-8.096523, 41.696545], [-8.090611, 41.705506], [-8.082826, 41.730948], [-8.074214, 41.741403], [-8.070595, 41.745275], [-8.058466, 41.7523], [-8.046377, 41.756384]]], [[[-8.451179, 41.700825], [-8.443842, 41.696925], [-8.431851, 41.693815], [-8.419836, 41.693552], [-8.400916, 41.698535], [-8.385553, 41.707461], [-8.378435, 41.71643], [-8.376708, 41.725428], [-8.378609, 41.73326], [-8.384056, 41.730772], [-8.382266, 41.725458], [-8.383703, 41.716459], [-8.390026, 41.707485], [-8.406832, 41.698566], [-8.419815, 41.695984], [-8.431825, 41.696795], [-8.447521, 41.703831], [-8.451179, 41.700825]]], [[[-8.215303, 41.713442], [-8.227375, 41.709201], [-8.231073, 41.706532], [-8.236466, 41.69756], [-8.235471, 41.688547], [-8.226192, 41.679478], [-8.215761, 41.675748], [-8.203738, 41.676512], [-8.191633, 41.68383], [-8.188413, 41.688224], [-8.187312, 41.697223], [-8.192962, 41.70627], [-8.203296, 41.712338], [-8.215303, 41.713442]], [[-8.203337, 41.708999], [-8.198759, 41.706311], [-8.19131, 41.697252], [-8.193709, 41.688261], [-8.20368, 41.681261], [-8.2157, 41.68081], [-8.228369, 41.688499], [-8.230382, 41.69752], [-8.223096, 41.706478], [-8.215348, 41.709745], [-8.203337, 41.708999]]], [[[-8.445129, 41.546907], [-8.4571, 41.54923], [-8.461046, 41.54571], [-8.457199, 41.53741], [-8.445166, 41.542652], [-8.443848, 41.545629], [-8.445129, 41.546907]]], [[[-8.349536, 41.514357], [-8.361566, 41.509638], [-8.37093, 41.500216], [-8.373911, 41.491225], [-8.373516, 41.482215], [-8.3697, 41.473187], [-8.361999, 41.465512], [-8.350075, 41.460407], [-8.33811, 41.459568], [-8.326107, 41.462394], [-8.314041, 41.471026], [-8.308932, 41.481845], [-8.30943, 41.490856], [-8.313734, 41.500113], [-8.325607, 41.510575], [-8.33755, 41.514531], [-8.349536, 41.514357]], [[-8.337591, 41.510531], [-8.325651, 41.506386], [-8.318183, 41.499915], [-8.313157, 41.490878], [-8.312908, 41.481869], [-8.317745, 41.472891], [-8.326063, 41.466589], [-8.338071, 41.463376], [-8.350036, 41.464341], [-8.361954, 41.470143], [-8.369834, 41.482195], [-8.370178, 41.491205], [-8.366058, 41.500189], [-8.361615, 41.504625], [-8.349579, 41.510072], [-8.337591, 41.510531]]], [[[-8.673216, 41.491847], [-8.685218, 41.487267], [-8.69044, 41.483505], [-8.693466, 41.474506], [-8.689635, 41.465488], [-8.685342, 41.461798], [-8.673388, 41.457749], [-8.661408, 41.458963], [-8.651701, 41.465379], [-8.647291, 41.474373], [-8.6505, 41.48339], [-8.661245, 41.490139], [-8.673216, 41.491847]], [[-8.661279, 41.483608], [-8.658944, 41.474408], [-8.661341, 41.471729], [-8.673319, 41.471416], [-8.676806, 41.47446], [-8.674234, 41.48346], [-8.661279, 41.483608]]], [[[-8.809233, 41.386432], [-8.781372, 41.391476], [-8.745485, 41.39216], [-8.721575, 41.38912], [-8.697686, 41.381971], [-8.68547, 41.375401], [-8.650061, 41.342234], [-8.62624, 41.327462], [-8.619527, 41.321156], [-8.614896, 41.312133], [-8.61325, 41.303119], [-8.616976, 41.285116], [-8.621774, 41.276124], [-8.636978, 41.258158], [-8.650563, 41.248165], [-8.662525, 41.243021], [-8.719431, 41.231365], [-8.770031, 41.215201], [-8.80223, 41.208646], [-8.801516, 41.190448], [-8.782018, 41.197913], [-8.733084, 41.222389], [-8.703679, 41.231325], [-8.662553, 41.237559], [-8.650599, 41.241366], [-8.638626, 41.248419], [-8.619295, 41.267108], [-8.606389, 41.285081], [-8.599772, 41.303073], [-8.599143, 41.312079], [-8.603506, 41.330109], [-8.614181, 41.345974], [-8.626099, 41.352105], [-8.638037, 41.355037], [-8.640855, 41.357255], [-8.643753, 41.366272], [-8.649555, 41.375297], [-8.662099, 41.384342], [-8.673727, 41.390041], [-8.697608, 41.398942], [-8.733466, 41.406404], [-8.769351, 41.408454], [-8.809967, 41.405017], [-8.809233, 41.386432]]]]}}, {"id": "20", "type": "Feature", "properties": {"fill": "#1f4099", "value_min": 3.67, "value_max": -4.0}, "geometry": {"type": "MultiPolygon", "coordinates": [[[[-8.013055, 41.831149], [-7.997284, 41.81922], [-7.973266, 41.81524], [-7.925042, 41.819151], [-7.910153, 41.830032], [-7.907575, 41.839014], [-7.900451, 41.847953], [-7.89859, 41.860459], [-7.898595, 41.860518], [-7.898606, 41.860684], [-7.902203, 41.861591], [-7.904318, 41.859795], [-7.907309, 41.865203], [-7.906095, 41.868126], [-7.910299, 41.871285], [-7.909985, 41.875111], [-7.915391, 41.879397], [-7.921118, 41.877833], [-7.928044, 41.87807], [-7.935283, 41.874707], [-7.937389, 41.87516], [-7.941618, 41.870891], [-7.951254, 41.871132], [-7.956367, 41.87339], [-7.956362, 41.875191], [-7.960878, 41.875648], [-7.962086, 41.874074], [-7.973828, 41.875216], [-7.987996, 41.869157], [-7.990123, 41.860157], [-7.995547, 41.858138], [-7.994047, 41.855211], [-7.996765, 41.851162], [-8.003089, 41.850494], [-8.005804, 41.847346], [-8.007928, 41.838796], [-8.010941, 41.836773], [-8.013055, 41.831149]]], [[[-8.438056, 41.713985], [-8.43174, 41.706428], [-8.419738, 41.704545], [-8.407708, 41.705674], [-8.404031, 41.707559], [-8.39684, 41.716528], [-8.397747, 41.72554], [-8.3997, 41.727585], [-8.402934, 41.726452], [-8.404721, 41.722847], [-8.417349, 41.725067], [-8.41974, 41.722135], [-8.429643, 41.719859], [-8.430833, 41.717155], [-8.438056, 41.713985]]], [[[-8.070851, 41.727499], [-8.074735, 41.723393], [-8.077113, 41.714405], [-8.083177, 41.706225], [-8.086992, 41.69647], [-8.10974, 41.678635], [-8.11024, 41.669631], [-8.095842, 41.66015], [-8.083847, 41.659048], [-8.079338, 41.660381], [-8.047449, 41.683884], [-8.035439, 41.687042], [-8.022128, 41.695936], [-8.017861, 41.704907], [-8.017723, 41.713913], [-8.02286, 41.72079], [-8.034748, 41.729745], [-8.046713, 41.733722], [-8.05875, 41.732857], [-8.070851, 41.727499]]], [[[-8.349691, 41.498844], [-8.35671, 41.49113], [-8.356414, 41.482121], [-8.349922, 41.475737], [-8.337967, 41.47361], [-8.325918, 41.48059], [-8.324613, 41.490946], [-8.337693, 41.50053], [-8.349691, 41.498844]]], [[[-8.803665, 41.24515], [-8.781883, 41.238586], [-8.758021, 41.237018], [-8.734147, 41.239096], [-8.710255, 41.24461], [-8.686369, 41.248029], [-8.662448, 41.257847], [-8.650458, 41.267791], [-8.644054, 41.276195], [-8.639051, 41.294195], [-8.644063, 41.312226], [-8.650186, 41.318884], [-8.688289, 41.348386], [-8.709748, 41.359056], [-8.733639, 41.363903], [-8.757553, 41.363675], [-8.781483, 41.358519], [-8.793452, 41.354005], [-8.80764, 41.346066], [-8.803665, 41.24515]]]]}}, {"id": "19", "type": "Feature", "properties": {"fill": "#214db8", "value_min": 3.33, "value_max": -3.67}, "geometry": {"type": "MultiPolygon", "coordinates": [[[[-8.020823, 41.831382], [-8.009297, 41.820945], [-7.997347, 41.815136], [-7.985352, 41.812332], [-7.961284, 41.811693], [-7.925076, 41.817136], [-7.912911, 41.824509], [-7.90749, 41.830007], [-7.896586, 41.847916], [-7.893793, 41.859324], [-7.89859, 41.860459], [-7.900451, 41.847953], [-7.907575, 41.839014], [-7.910153, 41.830032], [-7.925042, 41.819151], [-7.973266, 41.81524], [-7.997284, 41.81922], [-8.013055, 41.831149], [-8.014266, 41.828899], [-8.015166, 41.830476], [-8.020823, 41.831382]]], [[[-7.898606, 41.860684], [-7.898606, 41.860684], [-7.898595, 41.860518], [-7.898606, 41.860684]]], [[[-8.022575, 41.739545], [-8.058678, 41.737767], [-8.070792, 41.731636], [-8.078559, 41.723424], [-8.090667, 41.696499], [-8.11188, 41.678651], [-8.112757, 41.669651], [-8.107793, 41.664513], [-8.09587, 41.658166], [-8.083876, 41.657001], [-8.072626, 41.660327], [-8.047497, 41.680627], [-8.031005, 41.687005], [-8.017383, 41.695896], [-8.012624, 41.704862], [-8.00967, 41.722851], [-8.002378, 41.731795], [-8.008079, 41.740851], [-8.010511, 41.742091], [-8.022575, 41.739545]], [[-8.070851, 41.727499], [-8.05875, 41.732857], [-8.046713, 41.733722], [-8.034748, 41.729745], [-8.02286, 41.72079], [-8.017723, 41.713913], [-8.017861, 41.704907], [-8.022128, 41.695936], [-8.035439, 41.687042], [-8.047449, 41.683884], [-8.079338, 41.660381], [-8.083847, 41.659048], [-8.095842, 41.66015], [-8.11024, 41.669631], [-8.10974, 41.678635], [-8.086992, 41.69647], [-8.083177, 41.706225], [-8.077113, 41.714405], [-8.074735, 41.723393], [-8.070851, 41.727499]]], [[[-8.442518, 41.710775], [-8.440305, 41.707741], [-8.431769, 41.703155], [-8.419765, 41.70145], [-8.407731, 41.703174], [-8.399222, 41.707534], [-8.391946, 41.716502], [-8.391873, 41.725509], [-8.394715, 41.730298], [-8.396942, 41.730518], [-8.3997, 41.727585], [-8.397747, 41.72554], [-8.39684, 41.716528], [-8.404031, 41.707559], [-8.407708, 41.705674], [-8.419738, 41.704545], [-8.43174, 41.706428], [-8.438056, 41.713985], [-8.441333, 41.714201], [-8.442518, 41.710775]]], [[[-8.215556, 41.692653], [-8.203548, 41.6919], [-8.20091, 41.697319], [-8.203447, 41.700104], [-8.215469, 41.699851], [-8.218028, 41.697436], [-8.215556, 41.692653]]], [[[-8.36173, 41.49296], [-8.362472, 41.482155], [-8.349968, 41.471111], [-8.338004, 41.469983], [-8.329818, 41.472962], [-8.325973, 41.475259], [-8.320893, 41.481917], [-8.320788, 41.490923], [-8.325738, 41.497976], [-8.33766, 41.503769], [-8.34965, 41.502988], [-8.354868, 41.500127], [-8.36173, 41.49296]], [[-8.349691, 41.498844], [-8.337693, 41.50053], [-8.324613, 41.490946], [-8.325918, 41.48059], [-8.337967, 41.47361], [-8.349922, 41.475737], [-8.356414, 41.482121], [-8.35671, 41.49113], [-8.349691, 41.498844]]], [[[-8.803234, 41.234191], [-8.781908, 41.231032], [-8.75804, 41.23193], [-8.722219, 41.237576], [-8.674434, 41.248122], [-8.653949, 41.25821], [-8.643932, 41.267187], [-8.633246, 41.285169], [-8.631541, 41.294172], [-8.632465, 41.303182], [-8.636764, 41.312204], [-8.644162, 41.321235], [-8.685863, 41.353671], [-8.697784, 41.360891], [-8.709718, 41.365762], [-8.73361, 41.371148], [-8.757524, 41.371555], [-8.781452, 41.367795], [-8.808123, 41.35831], [-8.80764, 41.346066], [-8.793452, 41.354005], [-8.781483, 41.358519], [-8.757553, 41.363675], [-8.733639, 41.363903], [-8.709748, 41.359056], [-8.688289, 41.348386], [-8.650186, 41.318884], [-8.644063, 41.312226], [-8.639051, 41.294195], [-8.644054, 41.276195], [-8.650458, 41.267791], [-8.662448, 41.257847], [-8.686369, 41.248029], [-8.710255, 41.24461], [-8.734147, 41.239096], [-8.758021, 41.237018], [-8.781883, 41.238586], [-8.803665, 41.24515], [-8.803234, 41.234191]]]]}}, {"id": "18", "type": "Feature", "properties": {"fill": "#245bd9", "value_min": 3.0, "value_max": -3.33}, "geometry": {"type": "MultiPolygon", "coordinates": [[[[-8.029558, 41.829589], [-8.02133, 41.821504], [-8.009397, 41.814507], [-7.997417, 41.810682], [-7.973366, 41.809018], [-7.925109, 41.815122], [-7.912958, 41.821735], [-7.904827, 41.829981], [-7.892721, 41.847879], [-7.889455, 41.856839], [-7.893793, 41.859324], [-7.896586, 41.847916], [-7.90749, 41.830007], [-7.912911, 41.824509], [-7.925076, 41.817136], [-7.961284, 41.811693], [-7.985352, 41.812332], [-7.997347, 41.815136], [-8.009297, 41.820945], [-8.020823, 41.831382], [-8.029558, 41.829589]]], [[[-7.72261, 41.790423], [-7.732854, 41.795888], [-7.74491, 41.794851], [-7.749024, 41.792363], [-7.753713, 41.783407], [-7.745347, 41.772472], [-7.733343, 41.771023], [-7.726625, 41.773568], [-7.7254, 41.777152], [-7.727191, 41.779184], [-7.724177, 41.780299], [-7.725372, 41.781653], [-7.72261, 41.790423]]], [[[-8.444886, 41.706539], [-8.431798, 41.699881], [-8.419793, 41.698415], [-8.407754, 41.700674], [-8.394501, 41.707509], [-8.387824, 41.716481], [-8.387163, 41.725484], [-8.38987, 41.730984], [-8.394715, 41.730298], [-8.391873, 41.725509], [-8.391946, 41.716502], [-8.399222, 41.707534], [-8.407731, 41.703174], [-8.419765, 41.70145], [-8.431769, 41.703155], [-8.440305, 41.707741], [-8.442518, 41.710775], [-8.444886, 41.706539]]], [[[-8.070706, 41.737555], [-8.082383, 41.723454], [-8.088211, 41.705487], [-8.094342, 41.696528], [-8.114021, 41.678668], [-8.115275, 41.66967], [-8.107828, 41.661962], [-8.095897, 41.656183], [-8.083905, 41.654955], [-8.071854, 41.657816], [-8.047542, 41.677559], [-8.026603, 41.686967], [-8.012636, 41.695855], [-8.005962, 41.704805], [-7.994028, 41.731722], [-7.998477, 41.742605], [-8.010409, 41.748701], [-8.022426, 41.749397], [-8.046524, 41.746475], [-8.058593, 41.743576], [-8.070706, 41.737555]], [[-8.022575, 41.739545], [-8.010511, 41.742091], [-8.008079, 41.740851], [-8.002378, 41.731795], [-8.00967, 41.722851], [-8.012624, 41.704862], [-8.017383, 41.695896], [-8.031005, 41.687005], [-8.047497, 41.680627], [-8.072626, 41.660327], [-8.083876, 41.657001], [-8.09587, 41.658166], [-8.107793, 41.664513], [-8.112757, 41.669651], [-8.11188, 41.678651], [-8.090667, 41.696499], [-8.078559, 41.723424], [-8.070792, 41.731636], [-8.058678, 41.737767], [-8.022575, 41.739545]]], [[[-8.220606, 41.688447], [-8.215643, 41.685453], [-8.203627, 41.685547], [-8.199702, 41.688303], [-8.196093, 41.697285], [-8.203383, 41.705284], [-8.215396, 41.705816], [-8.224234, 41.697479], [-8.220606, 41.688447]], [[-8.215556, 41.692653], [-8.218028, 41.697436], [-8.215469, 41.699851], [-8.203447, 41.700104], [-8.20091, 41.697319], [-8.203548, 41.6919], [-8.215556, 41.692653]]], [[[-8.361665, 41.499527], [-8.366471, 41.491184], [-8.366154, 41.482175], [-8.359745, 41.473132], [-8.350002, 41.467726], [-8.338037, 41.466725], [-8.326021, 41.470647], [-8.316897, 41.481893], [-8.316964, 41.490901], [-8.325692, 41.502441], [-8.337627, 41.507007], [-8.349615, 41.506435], [-8.361665, 41.499527]], [[-8.36173, 41.49296], [-8.354868, 41.500127], [-8.34965, 41.502988], [-8.33766, 41.503769], [-8.325738, 41.497976], [-8.320788, 41.490923], [-8.320893, 41.481917], [-8.325973, 41.475259], [-8.329818, 41.472962], [-8.338004, 41.469983], [-8.349968, 41.471111], [-8.362472, 41.482155], [-8.36173, 41.49296]]], [[[-8.802775, 41.222509], [-8.781936, 41.222485], [-8.758063, 41.225859], [-8.674454, 41.244141], [-8.662498, 41.248151], [-8.645682, 41.258185], [-8.630093, 41.276151], [-8.623642, 41.294146], [-8.623922, 41.303155], [-8.627226, 41.312173], [-8.634022, 41.321203], [-8.662014, 41.342048], [-8.685821, 41.362398], [-8.697743, 41.369716], [-8.709679, 41.374502], [-8.733574, 41.379885], [-8.757489, 41.380957], [-8.781416, 41.378563], [-8.808637, 41.37133], [-8.808123, 41.35831], [-8.781452, 41.367795], [-8.757524, 41.371555], [-8.73361, 41.371148], [-8.709718, 41.365762], [-8.697784, 41.360891], [-8.685863, 41.353671], [-8.644162, 41.321235], [-8.636764, 41.312204], [-8.632465, 41.303182], [-8.631541, 41.294172], [-8.633246, 41.285169], [-8.643932, 41.267187], [-8.653949, 41.25821], [-8.674434, 41.248122], [-8.722219, 41.237576], [-8.75804, 41.23193], [-8.781908, 41.231032], [-8.803234, 41.234191], [-8.802775, 41.222509]]]]}}, {"id": "17", "type": "Feature", "properties": {"fill": "#2e6eed", "value_min": 2.67, "value_max": -3.0}, "geometry": {"type": "MultiPolygon", "coordinates": [[[[-8.041352, 41.827211], [-8.033411, 41.818798], [-8.021486, 41.811246], [-8.009509, 41.807235], [-7.997494, 41.805737], [-7.973402, 41.806758], [-7.925143, 41.813106], [-7.910359, 41.821027], [-7.894628, 41.83889], [-7.88466, 41.855028], [-7.889455, 41.856839], [-7.892721, 41.847879], [-7.904827, 41.829981], [-7.912958, 41.821735], [-7.925109, 41.815122], [-7.973366, 41.809018], [-7.997417, 41.810682], [-8.009397, 41.814507], [-8.02133, 41.821504], [-8.029558, 41.829589], [-8.037134, 41.831171], [-8.041352, 41.827211]]], [[[-7.727351, 41.801669], [-7.732718, 41.80276], [-7.744776, 41.801725], [-7.759287, 41.792474], [-7.762098, 41.783498], [-7.759086, 41.774459], [-7.746337, 41.765313], [-7.739912, 41.764069], [-7.728449, 41.77041], [-7.726625, 41.773568], [-7.733343, 41.771023], [-7.745347, 41.772472], [-7.753713, 41.783407], [-7.749024, 41.792363], [-7.74491, 41.794851], [-7.732854, 41.795888], [-7.72261, 41.790423], [-7.722889, 41.793798], [-7.728879, 41.797871], [-7.727351, 41.801669]]], [[[-8.447521, 41.703831], [-8.431825, 41.696795], [-8.419815, 41.695984], [-8.406832, 41.698566], [-8.390026, 41.707485], [-8.383703, 41.716459], [-8.382266, 41.725458], [-8.384056, 41.730772], [-8.387032, 41.731891], [-8.38987, 41.730984], [-8.387163, 41.725484], [-8.387824, 41.716481], [-8.394501, 41.707509], [-8.407754, 41.700674], [-8.419793, 41.698415], [-8.431798, 41.699881], [-8.444886, 41.706539], [-8.447521, 41.703831]]], [[[-8.046377, 41.756384], [-8.058466, 41.7523], [-8.070595, 41.745275], [-8.074214, 41.741403], [-8.082826, 41.730948], [-8.090611, 41.705506], [-8.096523, 41.696545], [-8.116162, 41.678684], [-8.117791, 41.66969], [-8.109744, 41.66062], [-8.095925, 41.654199], [-8.083934, 41.652908], [-8.071895, 41.654968], [-8.042776, 41.678096], [-8.021397, 41.686923], [-8.005664, 41.695795], [-7.993645, 41.713704], [-7.989461, 41.722675], [-7.987845, 41.731667], [-7.990825, 41.740701], [-7.998374, 41.749176], [-8.010305, 41.755482], [-8.022298, 41.757819], [-8.034324, 41.758032], [-8.046377, 41.756384]], [[-8.070706, 41.737555], [-8.058593, 41.743576], [-8.046524, 41.746475], [-8.022426, 41.749397], [-8.010409, 41.748701], [-7.998477, 41.742605], [-7.994028, 41.731722], [-8.005962, 41.704805], [-8.012636, 41.695855], [-8.026603, 41.686967], [-8.047542, 41.677559], [-8.071854, 41.657816], [-8.083905, 41.654955], [-8.095897, 41.656183], [-8.107828, 41.661962], [-8.115275, 41.66967], [-8.114021, 41.678668], [-8.094342, 41.696528], [-8.088211, 41.705487], [-8.082383, 41.723454], [-8.070706, 41.737555]]], [[[-8.203337, 41.708999], [-8.215348, 41.709745], [-8.223096, 41.706478], [-8.230382, 41.69752], [-8.228369, 41.688499], [-8.2157, 41.68081], [-8.20368, 41.681261], [-8.193709, 41.688261], [-8.19131, 41.697252], [-8.198759, 41.706311], [-8.203337, 41.708999]], [[-8.220606, 41.688447], [-8.224234, 41.697479], [-8.215396, 41.705816], [-8.203383, 41.705284], [-8.196093, 41.697285], [-8.199702, 41.688303], [-8.203627, 41.685547], [-8.215643, 41.685453], [-8.220606, 41.688447]]], [[[-8.337591, 41.510531], [-8.349579, 41.510072], [-8.361615, 41.504625], [-8.366058, 41.500189], [-8.370178, 41.491205], [-8.369834, 41.482195], [-8.361954, 41.470143], [-8.350036, 41.464341], [-8.338071, 41.463376], [-8.326063, 41.466589], [-8.317745, 41.472891], [-8.312908, 41.481869], [-8.313157, 41.490878], [-8.318183, 41.499915], [-8.325651, 41.506386], [-8.337591, 41.510531]], [[-8.361665, 41.499527], [-8.349615, 41.506435], [-8.337627, 41.507007], [-8.325692, 41.502441], [-8.316964, 41.490901], [-8.316897, 41.481893], [-8.326021, 41.470647], [-8.338037, 41.466725], [-8.350002, 41.467726], [-8.359745, 41.473132], [-8.366154, 41.482175], [-8.366471, 41.491184], [-8.361665, 41.499527]]], [[[-8.661279, 41.483608], [-8.674234, 41.48346], [-8.676806, 41.47446], [-8.673319, 41.471416], [-8.661341, 41.471729], [-8.658944, 41.474408], [-8.661279, 41.483608]]], [[[-8.80223, 41.208646], [-8.770031, 41.215201], [-8.719431, 41.231365], [-8.662525, 41.243021], [-8.650563, 41.248165], [-8.636978, 41.258158], [-8.621774, 41.276124], [-8.616976, 41.285116], [-8.61325, 41.303119], [-8.614896, 41.312133], [-8.619527, 41.321156], [-8.62624, 41.327462], [-8.650061, 41.342234], [-8.68547, 41.375401], [-8.697686, 41.381971], [-8.721575, 41.38912], [-8.745485, 41.39216], [-8.781372, 41.391476], [-8.809233, 41.386432], [-8.808637, 41.37133], [-8.781416, 41.378563], [-8.757489, 41.380957], [-8.733574, 41.379885], [-8.709679, 41.374502], [-8.697743, 41.369716], [-8.685821, 41.362398], [-8.662014, 41.342048], [-8.634022, 41.321203], [-8.627226, 41.312173], [-8.623922, 41.303155], [-8.623642, 41.294146], [-8.630093, 41.276151], [-8.645682, 41.258185], [-8.662498, 41.248151], [-8.674454, 41.244141], [-8.758063, 41.225859], [-8.781936, 41.222485], [-8.802775, 41.222509], [-8.80223, 41.208646]]]]}}]}