{"type": "FeatureCollection", "features": [{"id": "8", "type": "Feature", "properties": {"fill": "#b1a288", "value_min": -1.33, "value_max": -1.0}, "geometry": {"type": "MultiPolygon", "coordinates": [[[[-7.875868, 41.848482], [-7.888541, 41.841071], [-7.898932, 41.829925], [-7.904575, 41.820972], [-7.907087, 41.811989], [-7.905483, 41.802967], [-7.901349, 41.796447], [-7.88946, 41.787941], [-7.877453, 41.78632], [-7.853357, 41.787887], [-7.830209, 41.793218], [-7.817041, 41.80209], [-7.812327, 41.811048], [-7.813339, 41.820066], [-7.817748, 41.829118], [-7.828312, 41.841414], [-7.840218, 41.849085], [-7.852203, 41.85252], [-7.864254, 41.852298], [-7.872445, 41.849607], [-7.873065, 41.845013], [-7.86435, 41.84686], [-7.852314, 41.846334], [-7.840345, 41.842073], [-7.826215, 41.829205], [-7.821841, 41.820153], [-7.821596, 41.811144], [-7.826692, 41.802189], [-7.841357, 41.793331], [-7.853317, 41.790095], [-7.87742, 41.788246], [-7.889408, 41.790912], [-7.894187, 41.793852], [-7.901828, 41.802932], [-7.904143, 41.811961], [-7.900905, 41.822396], [-7.888609, 41.837188], [-7.873367, 41.844949], [-7.875868, 41.848482]]], [[[-7.728879, 41.797901], [-7.732786, 41.799326], [-7.74484, 41.798445], [-7.756243, 41.792441], [-7.760006, 41.783475], [-7.756478, 41.77443], [-7.745451, 41.767121], [-7.736294, 41.765923], [-7.726937, 41.771755], [-7.7254, 41.777152], [-7.727191, 41.779184], [-7.724177, 41.780299], [-7.725372, 41.781653], [-7.722296, 41.792446], [-7.728579, 41.797791], [-7.728796, 41.797871], [-7.728879, 41.797901]]], [[[-7.95025, 41.750074], [-7.938201, 41.751414], [-7.933305, 41.758195], [-7.937998, 41.763726], [-7.949999, 41.765474], [-7.957438, 41.758416], [-7.95025, 41.750074]]], [[[-8.022436, 41.748723], [-8.029469, 41.741033], [-8.029252, 41.732025], [-8.022801, 41.724682], [-8.010865, 41.719013], [-7.998832, 41.719704], [-7.99234, 41.7227], [-7.985987, 41.731651], [-7.987606, 41.740672], [-8.00024, 41.74979], [-8.010359, 41.75198], [-8.022436, 41.748723]], [[-7.998503, 41.740926], [-7.995561, 41.731735], [-7.998695, 41.728516], [-8.010785, 41.724182], [-8.023688, 41.731978], [-8.021539, 41.740966], [-8.010459, 41.74543], [-7.998503, 41.740926]]], [[[-7.835639, 41.70974], [-7.836554, 41.712221], [-7.842622, 41.715569], [-7.854605, 41.717724], [-7.866669, 41.715304], [-7.890487, 41.728313], [-7.902492, 41.72943], [-7.916954, 41.722014], [-7.919384, 41.71303], [-7.914924, 41.705136], [-7.903035, 41.697491], [-7.89104, 41.696145], [-7.879006, 41.697126], [-7.867071, 41.692409], [-7.855108, 41.689405], [-7.852366, 41.689902], [-7.847538, 41.695365], [-7.837309, 41.699391], [-7.835792, 41.702763], [-7.839679, 41.706599], [-7.838465, 41.709522], [-7.835639, 41.70974]], [[-7.890595, 41.722056], [-7.888333, 41.712734], [-7.890791, 41.710662], [-7.902798, 41.711408], [-7.904373, 41.712888], [-7.902715, 41.721879], [-7.890595, 41.722056]]], [[[-8.251421, 41.708709], [-8.257951, 41.697701], [-8.25749, 41.688691], [-8.251374, 41.679644], [-8.239838, 41.67162], [-8.227871, 41.6677], [-8.21587, 41.666831], [-8.203831, 41.668978], [-8.191752, 41.674277], [-8.18562, 41.679197], [-8.179556, 41.688161], [-8.177607, 41.697154], [-8.181612, 41.70619], [-8.191261, 41.713531], [-8.203213, 41.719079], [-8.215204, 41.721606], [-8.227229, 41.721421], [-8.24388, 41.715624], [-8.251421, 41.708709]], [[-8.213917, 41.715422], [-8.203274, 41.714109], [-8.191332, 41.707864], [-8.184285, 41.697202], [-8.186089, 41.688208], [-8.191657, 41.681898], [-8.203753, 41.675284], [-8.215782, 41.674078], [-8.227761, 41.676971], [-8.232483, 41.67952], [-8.240671, 41.688581], [-8.242095, 41.697598], [-8.237383, 41.706574], [-8.227327, 41.713197], [-8.213917, 41.715422]]], [[[-8.149134, 41.705954], [-8.143322, 41.702631], [-8.131296, 41.703207], [-8.128192, 41.705797], [-8.125621, 41.714785], [-8.131072, 41.719832], [-8.143113, 41.718403], [-8.148278, 41.714955], [-8.149134, 41.705954]]], [[[-8.383759, 41.696229], [-8.421523, 41.680627], [-8.434174, 41.671683], [-8.440397, 41.662706], [-8.439346, 41.653694], [-8.408478, 41.62162], [-8.396527, 41.615971], [-8.384541, 41.614186], [-8.372533, 41.614799], [-8.348467, 41.620773], [-8.336403, 41.626742], [-8.324937, 41.635064], [-8.316537, 41.644022], [-8.311915, 41.653001], [-8.308903, 41.661991], [-8.308779, 41.670997], [-8.31213, 41.680024], [-8.318531, 41.689069], [-8.335664, 41.698676], [-8.347655, 41.701358], [-8.359673, 41.701405], [-8.383759, 41.696229]], [[-8.383785, 41.693558], [-8.371746, 41.695746], [-8.359728, 41.695873], [-8.347736, 41.69326], [-8.33942, 41.689191], [-8.329604, 41.680127], [-8.325735, 41.671098], [-8.325195, 41.662087], [-8.327382, 41.653093], [-8.333218, 41.64412], [-8.34835, 41.63246], [-8.360402, 41.627763], [-8.372426, 41.625783], [-8.384427, 41.626158], [-8.396405, 41.629001], [-8.408342, 41.636494], [-8.425644, 41.653626], [-8.428379, 41.662647], [-8.425102, 41.671638], [-8.414931, 41.680593], [-8.396144, 41.689503], [-8.383785, 41.693558]]], [[[-8.042482, 41.66008], [-8.03998, 41.651052], [-8.035987, 41.646776], [-8.024045, 41.642404], [-8.012022, 41.643407], [-8.000869, 41.650718], [-7.997977, 41.6597], [-8.002885, 41.66875], [-8.011564, 41.673347], [-8.023559, 41.674603], [-8.035636, 41.67035], [-8.042482, 41.66008]], [[-8.016032, 41.668863], [-8.011677, 41.665964], [-8.007158, 41.65978], [-8.012705, 41.650821], [-8.023965, 41.647693], [-8.035877, 41.654171], [-8.038154, 41.660044], [-8.03573, 41.664043], [-8.028343, 41.668968], [-8.023618, 41.67065], [-8.016032, 41.668863]]], [[[-8.672766, 41.581338], [-8.688848, 41.573575], [-8.700484, 41.564598], [-8.712929, 41.546615], [-8.715914, 41.528608], [-8.714123, 41.519596], [-8.709075, 41.509854], [-8.697142, 41.499093], [-8.68518, 41.495277], [-8.66124, 41.491172], [-8.649298, 41.484265], [-8.637393, 41.47105], [-8.625462, 41.46315], [-8.61075, 41.45624], [-8.590265, 41.438154], [-8.57777, 41.431405], [-8.565819, 41.42873], [-8.553851, 41.428715], [-8.541864, 41.431392], [-8.529844, 41.438405], [-8.523122, 41.446903], [-8.520651, 41.4559], [-8.522169, 41.464914], [-8.529573, 41.476008], [-8.550604, 41.492051], [-8.553109, 41.501068], [-8.550973, 41.519075], [-8.5522, 41.528087], [-8.555477, 41.537107], [-8.569007, 41.555173], [-8.588846, 41.572661], [-8.600799, 41.579461], [-8.61277, 41.583632], [-8.624752, 41.586273], [-8.648743, 41.586792], [-8.672766, 41.581338]], [[-8.636898, 41.559716], [-8.624903, 41.560078], [-8.612925, 41.557694], [-8.600967, 41.552081], [-8.593793, 41.546256], [-8.587069, 41.537225], [-8.58429, 41.528207], [-8.585273, 41.519204], [-8.590454, 41.510215], [-8.601277, 41.501637], [-8.613284, 41.497448], [-8.625265, 41.497337], [-8.637228, 41.500692], [-8.649179, 41.5063], [-8.656048, 41.51043], [-8.665432, 41.519465], [-8.669235, 41.528483], [-8.668646, 41.537489], [-8.663438, 41.546481], [-8.650922, 41.555451], [-8.636898, 41.559716]]], [[[-8.468832, 41.580802], [-8.48088, 41.574323], [-8.500157, 41.554894], [-8.50683, 41.545916], [-8.51013, 41.536923], [-8.503997, 41.527889], [-8.493273, 41.52332], [-8.481307, 41.520938], [-8.469375, 41.514433], [-8.457421, 41.510803], [-8.445424, 41.512428], [-8.433375, 41.519862], [-8.421271, 41.53321], [-8.416311, 41.545492], [-8.416371, 41.5545], [-8.420977, 41.566194], [-8.432872, 41.577509], [-8.444834, 41.581368], [-8.456821, 41.582558], [-8.468832, 41.580802]], [[-8.456934, 41.569018], [-8.444948, 41.568152], [-8.433006, 41.562155], [-8.426657, 41.554551], [-8.424543, 41.545534], [-8.427138, 41.536539], [-8.433292, 41.529413], [-8.445335, 41.522815], [-8.457324, 41.52242], [-8.469821, 41.527737], [-8.482543, 41.536802], [-8.485979, 41.545825], [-8.481759, 41.554813], [-8.471658, 41.563774], [-8.456934, 41.569018]]], [[[-8.096273, 41.543762], [-8.109443, 41.544574], [-8.121496, 41.539929], [-8.127634, 41.534657], [-8.130207, 41.525669], [-8.1256, 41.516627], [-8.109923, 41.509587], [-8.097945, 41.509208], [-8.0909, 41.511629], [-8.091196, 41.516767], [-8.089398, 41.519468], [-8.090594, 41.522169], [-8.093588, 41.52307], [-8.091786, 41.531848], [-8.097775, 41.536127], [-8.097774, 41.537927], [-8.106759, 41.543106], [-8.096273, 41.543762]], [[-8.097664, 41.529443], [-8.095732, 41.525403], [-8.097749, 41.523332], [-8.109751, 41.52216], [-8.113366, 41.525541], [-8.109613, 41.532202], [-8.097664, 41.529443]]], [[[-8.241817, 41.502679], [-8.235395, 41.508402], [-8.241689, 41.513665], [-8.250899, 41.508504], [-8.241817, 41.502679]]], [[[-8.445614, 41.490091], [-8.449724, 41.482605], [-8.444305, 41.473572], [-8.433819, 41.468916], [-8.421834, 41.469972], [-8.417573, 41.473439], [-8.412978, 41.482424], [-8.421618, 41.494337], [-8.433579, 41.496481], [-8.445614, 41.490091]], [[-8.421707, 41.484302], [-8.420523, 41.482462], [-8.421743, 41.480222], [-8.433738, 41.482528], [-8.421707, 41.484302]]], [[[-8.172434, 41.377661], [-8.176442, 41.390899], [-8.185031, 41.399967], [-8.195087, 41.405914], [-8.207005, 41.409692], [-8.218956, 41.41079], [-8.230939, 41.409316], [-8.242952, 41.405129], [-8.250567, 41.400413], [-8.259494, 41.391463], [-8.263617, 41.382482], [-8.264385, 41.37348], [-8.262075, 41.364457], [-8.252122, 41.352169], [-8.249622, 41.353072], [-8.251123, 41.356897], [-8.248141, 41.360052], [-8.248448, 41.364328], [-8.246196, 41.364781], [-8.251584, 41.373397], [-8.252048, 41.382408], [-8.247426, 41.391385], [-8.243067, 41.395215], [-8.231036, 41.401038], [-8.219061, 41.402047], [-8.207131, 41.399318], [-8.195287, 41.391032], [-8.190788, 41.381993], [-8.191173, 41.376302], [-8.175853, 41.376309], [-8.172434, 41.377661]]], [[[-8.661706, 41.401554], [-8.673731, 41.389171], [-8.678317, 41.375381], [-8.677637, 41.366372], [-8.674142, 41.357354], [-8.662008, 41.343269], [-8.650098, 41.335316], [-8.638172, 41.330658], [-8.626235, 41.328396], [-8.614284, 41.32854], [-8.60689, 41.330121], [-8.590326, 41.337811], [-8.580758, 41.348044], [-8.577143, 41.357039], [-8.576178, 41.366043], [-8.581591, 41.384078], [-8.589967, 41.395129], [-8.601872, 41.404413], [-8.613807, 41.40932], [-8.625763, 41.410854], [-8.63773, 41.410477], [-8.649708, 41.407947], [-8.661706, 41.401554]], [[-8.625908, 41.385566], [-8.613972, 41.381433], [-8.605962, 41.375156], [-8.600893, 41.366131], [-8.601032, 41.357124], [-8.606701, 41.348136], [-8.614198, 41.343233], [-8.626169, 41.339904], [-8.638116, 41.340823], [-8.653274, 41.348285], [-8.660178, 41.357314], [-8.661541, 41.366325], [-8.657345, 41.375321], [-8.649849, 41.381728], [-8.637867, 41.385715], [-8.625908, 41.385566]]], [[[-8.607568, 41.170497], [-8.618008, 41.204049], [-8.627249, 41.222095], [-8.638708, 41.233584], [-8.650612, 41.238891], [-8.662534, 41.241213], [-8.674465, 41.241893], [-8.69834, 41.240288], [-8.739045, 41.231411], [-8.761698, 41.222452], [-8.777426, 41.213476], [-8.788882, 41.204489], [-8.801471, 41.189309], [-8.799695, 41.14406], [-8.763243, 41.144872], [-8.772786, 41.159419], [-8.775412, 41.168432], [-8.774427, 41.186446], [-8.770553, 41.195446], [-8.764753, 41.204443], [-8.755454, 41.213431], [-8.741729, 41.222409], [-8.718655, 41.231363], [-8.698363, 41.235401], [-8.674494, 41.235909], [-8.662572, 41.233813], [-8.650665, 41.229041], [-8.641366, 41.22214], [-8.634256, 41.21311], [-8.629917, 41.204088], [-8.625694, 41.186628], [-8.625656, 41.186431], [-8.625546, 41.185053], [-8.621132, 41.178994], [-8.613374, 41.177451], [-8.608583, 41.174095], [-8.607568, 41.170497]]]]}}, {"id": "9", "type": "Feature", "properties": {"fill": "#a3a3a3", "value_min": -1.0, "value_max": -0.67}, "geometry": {"type": "MultiPolygon", "coordinates": [[[[-7.879045, 41.85209], [-7.888463, 41.845598], [-7.900744, 41.831809], [-7.907362, 41.820999], [-7.910033, 41.812017], [-7.909137, 41.803002], [-7.901454, 41.790268], [-7.889511, 41.78497], [-7.877488, 41.784319], [-7.829284, 41.788111], [-7.807118, 41.792981], [-7.795249, 41.801864], [-7.796616, 41.810885], [-7.807197, 41.829009], [-7.81629, 41.840202], [-7.828129, 41.851474], [-7.840061, 41.857815], [-7.852065, 41.860261], [-7.866391, 41.857758], [-7.866532, 41.857689], [-7.866692, 41.857611], [-7.872445, 41.849607], [-7.864254, 41.852298], [-7.852203, 41.85252], [-7.840218, 41.849085], [-7.828312, 41.841414], [-7.817748, 41.829118], [-7.813339, 41.820066], [-7.812327, 41.811048], [-7.817041, 41.80209], [-7.830209, 41.793218], [-7.853357, 41.787887], [-7.877453, 41.78632], [-7.88946, 41.787941], [-7.901349, 41.796447], [-7.905483, 41.802967], [-7.907087, 41.811989], [-7.904575, 41.820972], [-7.898932, 41.829925], [-7.888541, 41.841071], [-7.875868, 41.848482], [-7.879045, 41.85209]]], [[[-7.728499, 41.810483], [-7.744613, 41.810061], [-7.756702, 41.807489], [-7.774686, 41.801646], [-7.78352, 41.792733], [-7.778628, 41.774668], [-7.772991, 41.765601], [-7.75779, 41.751126], [-7.750829, 41.748081], [-7.747812, 41.749995], [-7.747786, 41.754496], [-7.743866, 41.756509], [-7.743242, 41.760333], [-7.736294, 41.765923], [-7.745451, 41.767121], [-7.756478, 41.77443], [-7.760006, 41.783475], [-7.756243, 41.792441], [-7.74484, 41.798445], [-7.732786, 41.799326], [-7.728879, 41.797901], [-7.72705, 41.801691], [-7.728499, 41.810483]]], [[[-7.728796, 41.797871], [-7.728796, 41.797871], [-7.728579, 41.797791], [-7.728796, 41.797871]]], [[[-8.31549, 41.761738], [-8.319764, 41.752126], [-8.32004, 41.725106], [-8.332017, 41.71617], [-8.371667, 41.703902], [-8.492233, 41.656174], [-8.516302, 41.64972], [-8.53764, 41.64762], [-8.543876, 41.637352], [-8.543855, 41.633976], [-8.536342, 41.631977], [-8.535128, 41.62973], [-8.543431, 41.61462], [-8.554533, 41.615255], [-8.557244, 41.617046], [-8.562639, 41.61635], [-8.568056, 41.619031], [-8.570735, 41.616095], [-8.577321, 41.614269], [-8.581231, 41.615829], [-8.585766, 41.620988], [-8.591462, 41.620515], [-8.596534, 41.616668], [-8.601628, 41.615972], [-8.603996, 41.611686], [-8.613256, 41.606696], [-8.619881, 41.610269], [-8.621338, 41.604636], [-8.628833, 41.604378], [-8.636302, 41.600744], [-8.64075, 41.594422], [-8.645536, 41.593051], [-8.646744, 41.594171], [-8.649125, 41.591909], [-8.656622, 41.5921], [-8.660788, 41.588255], [-8.663794, 41.589141], [-8.665265, 41.585758], [-8.66948, 41.587989], [-8.684455, 41.586117], [-8.685608, 41.58071], [-8.697261, 41.576376], [-8.701703, 41.570277], [-8.707704, 41.570923], [-8.712485, 41.569323], [-8.716422, 41.573805], [-8.720316, 41.57356], [-8.725151, 41.577811], [-8.726633, 41.576003], [-8.734424, 41.575737], [-8.736564, 41.580228], [-8.738354, 41.579318], [-8.740778, 41.582006], [-8.74467, 41.581535], [-8.750711, 41.58623], [-8.75993, 41.578527], [-8.767441, 41.580286], [-8.769874, 41.583874], [-8.768997, 41.58613], [-8.773228, 41.589482], [-8.774165, 41.593303], [-8.78556, 41.593464], [-8.797327, 41.600599], [-8.804218, 41.600109], [-8.80456, 41.604158], [-8.808527, 41.610662], [-8.813069, 41.611323], [-8.82868, 41.596142], [-8.827396, 41.580627], [-8.821576, 41.567535], [-8.821417, 41.560283], [-8.818497, 41.554794], [-8.8221, 41.547542], [-8.821965, 41.534907], [-8.815926, 41.525624], [-8.81063, 41.5101], [-8.813279, 41.503483], [-8.812976, 41.498005], [-8.804699, 41.482068], [-8.798552, 41.474753], [-8.801321, 41.448657], [-8.733459, 41.407952], [-8.721534, 41.398837], [-8.709628, 41.385973], [-8.680479, 41.348364], [-8.670096, 41.339327], [-8.650148, 41.325922], [-8.62631, 41.315351], [-8.602445, 41.310391], [-8.590497, 41.31051], [-8.578536, 41.312741], [-8.559869, 41.320943], [-8.548861, 41.329908], [-8.541988, 41.338889], [-8.537006, 41.347876], [-8.521307, 41.39285], [-8.481857, 41.451865], [-8.469821, 41.459714], [-8.433899, 41.459766], [-8.421896, 41.463056], [-8.409831, 41.473044], [-8.407774, 41.482397], [-8.409678, 41.489862], [-8.426653, 41.509515], [-8.407592, 41.545448], [-8.403542, 41.572449], [-8.401099, 41.581443], [-8.396797, 41.586946], [-8.384731, 41.59421], [-8.348618, 41.605856], [-8.32191, 41.617032], [-8.307296, 41.625952], [-8.276099, 41.651769], [-8.264049, 41.655358], [-8.22802, 41.655221], [-8.215992, 41.656716], [-8.203938, 41.660275], [-8.191861, 41.665587], [-8.179731, 41.674874], [-8.169408, 41.688088], [-8.167464, 41.694551], [-8.163557, 41.697053], [-8.155381, 41.699584], [-8.143395, 41.697126], [-8.131343, 41.699644], [-8.124011, 41.705765], [-8.119729, 41.71474], [-8.127146, 41.723803], [-8.130993, 41.725679], [-8.143511, 41.723926], [-8.158351, 41.715029], [-8.16731, 41.70645], [-8.182568, 41.715204], [-8.203148, 41.724315], [-8.215113, 41.729116], [-8.234192, 41.733573], [-8.248096, 41.742672], [-8.256793, 41.760743], [-8.267437, 41.769952], [-8.271366, 41.766346], [-8.280681, 41.764083], [-8.284038, 41.761109], [-8.284931, 41.757507], [-8.287033, 41.756829], [-8.298457, 41.757263], [-8.300866, 41.758835], [-8.305674, 41.758152], [-8.311096, 41.762195], [-8.31549, 41.761738]], [[-8.251421, 41.708709], [-8.24388, 41.715624], [-8.227229, 41.721421], [-8.215204, 41.721606], [-8.203213, 41.719079], [-8.191261, 41.713531], [-8.181612, 41.70619], [-8.177607, 41.697154], [-8.179556, 41.688161], [-8.18562, 41.679197], [-8.191752, 41.674277], [-8.203831, 41.668978], [-8.21587, 41.666831], [-8.227871, 41.6677], [-8.239838, 41.67162], [-8.251374, 41.679644], [-8.25749, 41.688691], [-8.257951, 41.697701], [-8.251421, 41.708709]], [[-8.149134, 41.705954], [-8.148278, 41.714955], [-8.143113, 41.718403], [-8.131072, 41.719832], [-8.125621, 41.714785], [-8.128192, 41.705797], [-8.131296, 41.703207], [-8.143322, 41.702631], [-8.149134, 41.705954]], [[-8.383759, 41.696229], [-8.359673, 41.701405], [-8.347655, 41.701358], [-8.335664, 41.698676], [-8.318531, 41.689069], [-8.31213, 41.680024], [-8.308779, 41.670997], [-8.308903, 41.661991], [-8.311915, 41.653001], [-8.316537, 41.644022], [-8.324937, 41.635064], [-8.336403, 41.626742], [-8.348467, 41.620773], [-8.372533, 41.614799], [-8.384541, 41.614186], [-8.396527, 41.615971], [-8.408478, 41.62162], [-8.439346, 41.653694], [-8.440397, 41.662706], [-8.434174, 41.671683], [-8.421523, 41.680627], [-8.383759, 41.696229]], [[-8.672766, 41.581338], [-8.648743, 41.586792], [-8.624752, 41.586273], [-8.61277, 41.583632], [-8.600799, 41.579461], [-8.588846, 41.572661], [-8.569007, 41.555173], [-8.555477, 41.537107], [-8.5522, 41.528087], [-8.550973, 41.519075], [-8.553109, 41.501068], [-8.550604, 41.492051], [-8.529573, 41.476008], [-8.522169, 41.464914], [-8.520651, 41.4559], [-8.523122, 41.446903], [-8.529844, 41.438405], [-8.541864, 41.431392], [-8.553851, 41.428715], [-8.565819, 41.42873], [-8.57777, 41.431405], [-8.590265, 41.438154], [-8.61075, 41.45624], [-8.625462, 41.46315], [-8.637393, 41.47105], [-8.649298, 41.484265], [-8.66124, 41.491172], [-8.68518, 41.495277], [-8.697142, 41.499093], [-8.709075, 41.509854], [-8.714123, 41.519596], [-8.715914, 41.528608], [-8.712929, 41.546615], [-8.700484, 41.564598], [-8.688848, 41.573575], [-8.672766, 41.581338]], [[-8.468832, 41.580802], [-8.456821, 41.582558], [-8.444834, 41.581368], [-8.432872, 41.577509], [-8.420977, 41.566194], [-8.416371, 41.5545], [-8.416311, 41.545492], [-8.421271, 41.53321], [-8.433375, 41.519862], [-8.445424, 41.512428], [-8.457421, 41.510803], [-8.469375, 41.514433], [-8.481307, 41.520938], [-8.493273, 41.52332], [-8.503997, 41.527889], [-8.51013, 41.536923], [-8.50683, 41.545916], [-8.500157, 41.554894], [-8.48088, 41.574323], [-8.468832, 41.580802]], [[-8.445614, 41.490091], [-8.433579, 41.496481], [-8.421618, 41.494337], [-8.412978, 41.482424], [-8.417573, 41.473439], [-8.421834, 41.469972], [-8.433819, 41.468916], [-8.444305, 41.473572], [-8.449724, 41.482605], [-8.445614, 41.490091]], [[-8.661706, 41.401554], [-8.649708, 41.407947], [-8.63773, 41.410477], [-8.625763, 41.410854], [-8.613807, 41.40932], [-8.601872, 41.404413], [-8.589967, 41.395129], [-8.581591, 41.384078], [-8.576178, 41.366043], [-8.577143, 41.357039], [-8.580758, 41.348044], [-8.590326, 41.337811], [-8.60689, 41.330121], [-8.614284, 41.32854], [-8.626235, 41.328396], [-8.638172, 41.330658], [-8.650098, 41.335316], [-8.662008, 41.343269], [-8.674142, 41.357354], [-8.677637, 41.366372], [-8.678317, 41.375381], [-8.673731, 41.389171], [-8.661706, 41.401554]]], [[[-7.818617, 41.714374], [-7.830524, 41.721167], [-7.842475, 41.723779], [-7.866508, 41.72447], [-7.890397, 41.733566], [-7.926372, 41.739486], [-7.923675, 41.758105], [-7.930551, 41.767176], [-7.937904, 41.769418], [-7.949927, 41.769875], [-7.959961, 41.767446], [-7.971708, 41.758545], [-7.974245, 41.75385], [-8.010239, 41.759775], [-8.022297, 41.757881], [-8.033652, 41.750076], [-8.037427, 41.7411], [-8.034851, 41.732072], [-8.022878, 41.71956], [-8.01094, 41.714119], [-7.998959, 41.711509], [-7.986918, 41.712841], [-7.966712, 41.722472], [-7.962639, 41.727636], [-7.950589, 41.729285], [-7.944539, 41.722271], [-7.943453, 41.713254], [-7.935037, 41.695162], [-7.927243, 41.687129], [-7.915367, 41.678781], [-7.892379, 41.669478], [-7.883969, 41.67069], [-7.879755, 41.673607], [-7.877044, 41.676077], [-7.876723, 41.681253], [-7.873401, 41.686198], [-7.868896, 41.686413], [-7.868008, 41.68326], [-7.864403, 41.683701], [-7.864096, 41.685276], [-7.858987, 41.68639], [-7.857773, 41.689538], [-7.854776, 41.68818], [-7.852366, 41.689902], [-7.855108, 41.689405], [-7.867071, 41.692409], [-7.879006, 41.697126], [-7.89104, 41.696145], [-7.903035, 41.697491], [-7.914924, 41.705136], [-7.919384, 41.71303], [-7.916954, 41.722014], [-7.902492, 41.72943], [-7.890487, 41.728313], [-7.866669, 41.715304], [-7.854605, 41.717724], [-7.842622, 41.715569], [-7.836554, 41.712221], [-7.835639, 41.70974], [-7.82945, 41.710174], [-7.825252, 41.708813], [-7.818617, 41.714374]], [[-7.95025, 41.750074], [-7.957438, 41.758416], [-7.949999, 41.765474], [-7.937998, 41.763726], [-7.933305, 41.758195], [-7.938201, 41.751414], [-7.95025, 41.750074]], [[-8.022436, 41.748723], [-8.010359, 41.75198], [-8.00024, 41.74979], [-7.987606, 41.740672], [-7.985987, 41.731651], [-7.99234, 41.7227], [-7.998832, 41.719704], [-8.010865, 41.719013], [-8.022801, 41.724682], [-8.029252, 41.732025], [-8.029469, 41.741033], [-8.022436, 41.748723]]], [[[-8.035574, 41.674449], [-8.042051, 41.669083], [-8.046809, 41.660116], [-8.045728, 41.6511], [-8.036082, 41.640392], [-8.024149, 41.635489], [-8.012156, 41.634642], [-8.000111, 41.637152], [-7.991586, 41.64163], [-7.983641, 41.650567], [-7.981835, 41.659558], [-7.987594, 41.669744], [-7.999489, 41.677355], [-8.011464, 41.679878], [-8.023495, 41.678793], [-8.035574, 41.674449]], [[-8.042482, 41.66008], [-8.035636, 41.67035], [-8.023559, 41.674603], [-8.011564, 41.673347], [-8.002885, 41.66875], [-7.997977, 41.6597], [-8.000869, 41.650718], [-8.012022, 41.643407], [-8.024045, 41.642404], [-8.035987, 41.646776], [-8.03998, 41.651052], [-8.042482, 41.66008]]], [[[-8.082187, 41.549454], [-8.09733, 41.553502], [-8.109317, 41.55381], [-8.121336, 41.551735], [-8.133396, 41.546531], [-8.137926, 41.543742], [-8.145388, 41.53479], [-8.148665, 41.525808], [-8.147672, 41.516793], [-8.142485, 41.507747], [-8.134005, 41.500902], [-8.098174, 41.492741], [-8.086204, 41.492046], [-8.072947, 41.495833], [-8.078333, 41.49898], [-8.078332, 41.500331], [-8.093, 41.504613], [-8.0909, 41.511629], [-8.097945, 41.509208], [-8.109923, 41.509587], [-8.1256, 41.516627], [-8.130207, 41.525669], [-8.127634, 41.534657], [-8.121496, 41.539929], [-8.109443, 41.544574], [-8.096273, 41.543762], [-8.094175, 41.544904], [-8.087885, 41.542876], [-8.083389, 41.5449], [-8.082187, 41.549454]]], [[[-8.260756, 41.508568], [-8.253869, 41.496528], [-8.241936, 41.492435], [-8.229937, 41.494034], [-8.221102, 41.499299], [-8.217417, 41.508281], [-8.220728, 41.517311], [-8.22959, 41.523327], [-8.241552, 41.52535], [-8.25358, 41.52171], [-8.257529, 41.517555], [-8.260756, 41.508568]], [[-8.241817, 41.502679], [-8.250899, 41.508504], [-8.241689, 41.513665], [-8.235395, 41.508402], [-8.241817, 41.502679]]], [[[-8.141574, 41.377218], [-8.147098, 41.390685], [-8.153594, 41.39974], [-8.171077, 41.412385], [-8.194912, 41.42008], [-8.218839, 41.420568], [-8.230834, 41.418152], [-8.242846, 41.414229], [-8.254887, 41.407655], [-8.264038, 41.4005], [-8.271819, 41.391542], [-8.276385, 41.382563], [-8.278469, 41.373569], [-8.27705, 41.355545], [-8.273256, 41.346513], [-8.266917, 41.337684], [-8.263339, 41.340902], [-8.262751, 41.345405], [-8.256483, 41.347663], [-8.252122, 41.352169], [-8.262075, 41.364457], [-8.264385, 41.37348], [-8.263617, 41.382482], [-8.259494, 41.391463], [-8.250567, 41.400413], [-8.242952, 41.405129], [-8.230939, 41.409316], [-8.218956, 41.41079], [-8.207005, 41.409692], [-8.195087, 41.405914], [-8.185031, 41.399967], [-8.176442, 41.390899], [-8.172434, 41.377661], [-8.168382, 41.377438], [-8.1642, 41.38059], [-8.152544, 41.375866], [-8.151049, 41.37339], [-8.145073, 41.374742], [-8.141574, 41.377218]]], [[[-8.583264, 41.17464], [-8.591285, 41.1843], [-8.603092, 41.203497], [-8.614447, 41.231061], [-8.62044, 41.240089], [-8.626711, 41.244868], [-8.638626, 41.248521], [-8.662494, 41.249027], [-8.710261, 41.243287], [-8.768893, 41.231475], [-8.802738, 41.22156], [-8.801471, 41.189309], [-8.788882, 41.204489], [-8.777426, 41.213476], [-8.761698, 41.222452], [-8.739045, 41.231411], [-8.69834, 41.240288], [-8.674465, 41.241893], [-8.662534, 41.241213], [-8.650612, 41.238891], [-8.638708, 41.233584], [-8.627249, 41.222095], [-8.618008, 41.204049], [-8.607568, 41.170497], [-8.604942, 41.164881], [-8.59422, 41.165149], [-8.589174, 41.167645], [-8.589194, 41.170572], [-8.583264, 41.17464]]]]}}, {"id": "7", "type": "Feature", "properties": {"fill": "#cba158", "value_min": -1.67, "value_max": -1.33}, "geometry": {"type": "MultiPolygon", "coordinates": [[[[-7.873367, 41.844949], [-7.888609, 41.837188], [-7.900905, 41.822396], [-7.904143, 41.811961], [-7.901828, 41.802932], [-7.894187, 41.793852], [-7.889408, 41.790912], [-7.87742, 41.788246], [-7.853317, 41.790095], [-7.841357, 41.793331], [-7.826692, 41.802189], [-7.821596, 41.811144], [-7.821841, 41.820153], [-7.826215, 41.829205], [-7.840345, 41.842073], [-7.852314, 41.846334], [-7.86435, 41.84686], [-7.873065, 41.845013], [-7.873367, 41.844949]], [[-7.864419, 41.842933], [-7.8524, 41.841504], [-7.840461, 41.835673], [-7.83348, 41.829279], [-7.829101, 41.820227], [-7.829037, 41.81122], [-7.83351, 41.802259], [-7.84919, 41.79341], [-7.865351, 41.79018], [-7.877386, 41.79017], [-7.889357, 41.793873], [-7.898901, 41.802904], [-7.901199, 41.811933], [-7.899217, 41.820921], [-7.888665, 41.833935], [-7.876507, 41.840487], [-7.864419, 41.842933]]], [[[-7.998503, 41.740926], [-8.010459, 41.74543], [-8.021539, 41.740966], [-8.023688, 41.731978], [-8.010785, 41.724182], [-7.998695, 41.728516], [-7.995561, 41.731735], [-7.998503, 41.740926]], [[-8.007462, 41.731839], [-8.010691, 41.730364], [-8.013415, 41.73189], [-8.010601, 41.736207], [-8.007462, 41.731839]]], [[[-7.890595, 41.722056], [-7.902715, 41.721879], [-7.904373, 41.712888], [-7.902798, 41.711408], [-7.890791, 41.710662], [-7.888333, 41.712734], [-7.890595, 41.722056]]], [[[-8.213917, 41.715422], [-8.227327, 41.713197], [-8.237383, 41.706574], [-8.242095, 41.697598], [-8.240671, 41.688581], [-8.232483, 41.67952], [-8.227761, 41.676971], [-8.215782, 41.674078], [-8.203753, 41.675284], [-8.191657, 41.681898], [-8.186089, 41.688208], [-8.184285, 41.697202], [-8.191332, 41.707864], [-8.203274, 41.714109], [-8.213917, 41.715422]], [[-8.203327, 41.7098], [-8.197023, 41.706299], [-8.190098, 41.697243], [-8.192787, 41.688255], [-8.203683, 41.68096], [-8.215707, 41.680256], [-8.230303, 41.688512], [-8.232544, 41.697534], [-8.225994, 41.706497], [-8.215336, 41.710746], [-8.203327, 41.7098]]], [[[-8.383785, 41.693558], [-8.396144, 41.689503], [-8.414931, 41.680593], [-8.425102, 41.671638], [-8.428379, 41.662647], [-8.425644, 41.653626], [-8.408342, 41.636494], [-8.396405, 41.629001], [-8.384427, 41.626158], [-8.372426, 41.625783], [-8.360402, 41.627763], [-8.34835, 41.63246], [-8.333218, 41.64412], [-8.327382, 41.653093], [-8.325195, 41.662087], [-8.325735, 41.671098], [-8.329604, 41.680127], [-8.33942, 41.689191], [-8.347736, 41.69326], [-8.359728, 41.695873], [-8.371746, 41.695746], [-8.383785, 41.693558]], [[-8.371779, 41.692359], [-8.35459, 41.689277], [-8.340966, 41.680193], [-8.336434, 41.67116], [-8.335734, 41.662149], [-8.338411, 41.653157], [-8.348251, 41.642298], [-8.360321, 41.635949], [-8.372355, 41.633123], [-8.384358, 41.633411], [-8.396331, 41.636922], [-8.408268, 41.64461], [-8.417079, 41.653583], [-8.420096, 41.662605], [-8.418149, 41.671603], [-8.408985, 41.680563], [-8.395863, 41.687085], [-8.38381, 41.690885], [-8.371779, 41.692359]]], [[[-8.016032, 41.668863], [-8.023618, 41.67065], [-8.028343, 41.668968], [-8.03573, 41.664043], [-8.038154, 41.660044], [-8.035877, 41.654171], [-8.023965, 41.647693], [-8.012705, 41.650821], [-8.007158, 41.65978], [-8.011677, 41.665964], [-8.016032, 41.668863]], [[-8.016729, 41.659862], [-8.023865, 41.654284], [-8.030872, 41.659982], [-8.023707, 41.664757], [-8.016729, 41.659862]]], [[[-8.456934, 41.569018], [-8.471658, 41.563774], [-8.481759, 41.554813], [-8.485979, 41.545825], [-8.482543, 41.536802], [-8.469821, 41.527737], [-8.457324, 41.52242], [-8.445335, 41.522815], [-8.433292, 41.529413], [-8.427138, 41.536539], [-8.424543, 41.545534], [-8.426657, 41.554551], [-8.433006, 41.562155], [-8.444948, 41.568152], [-8.456934, 41.569018]], [[-8.457005, 41.56056], [-8.445022, 41.559452], [-8.437438, 41.554605], [-8.432321, 41.545572], [-8.435217, 41.536579], [-8.445276, 41.529704], [-8.457269, 41.52906], [-8.472037, 41.536754], [-8.47534, 41.545777], [-8.469905, 41.554759], [-8.457005, 41.56056]]], [[[-8.636898, 41.559716], [-8.650922, 41.555451], [-8.663438, 41.546481], [-8.668646, 41.537489], [-8.669235, 41.528483], [-8.665432, 41.519465], [-8.656048, 41.51043], [-8.649179, 41.5063], [-8.637228, 41.500692], [-8.625265, 41.497337], [-8.613284, 41.497448], [-8.601277, 41.501637], [-8.590454, 41.510215], [-8.585273, 41.519204], [-8.58429, 41.528207], [-8.587069, 41.537225], [-8.593793, 41.546256], [-8.600967, 41.552081], [-8.612925, 41.557694], [-8.624903, 41.560078], [-8.636898, 41.559716]], [[-8.624996, 41.544035], [-8.613023, 41.541291], [-8.607454, 41.537296], [-8.602074, 41.52827], [-8.60426, 41.51927], [-8.613196, 41.512133], [-8.625192, 41.509994], [-8.637154, 41.513858], [-8.644205, 41.519401], [-8.647318, 41.528418], [-8.642841, 41.537411], [-8.637, 41.541473], [-8.624996, 41.544035]]], [[[-8.097664, 41.529443], [-8.109613, 41.532202], [-8.113366, 41.525541], [-8.109751, 41.52216], [-8.097749, 41.523332], [-8.095732, 41.525403], [-8.097664, 41.529443]]], [[[-8.421707, 41.484302], [-8.433738, 41.482528], [-8.421743, 41.480222], [-8.420523, 41.482462], [-8.421707, 41.484302]]], [[[-8.191173, 41.376302], [-8.190788, 41.381993], [-8.195287, 41.391032], [-8.207131, 41.399318], [-8.219061, 41.402047], [-8.231036, 41.401038], [-8.243067, 41.395215], [-8.247426, 41.391385], [-8.252048, 41.382408], [-8.251584, 41.373397], [-8.246196, 41.364781], [-8.244272, 41.368384], [-8.239197, 41.371315], [-8.228825, 41.369974], [-8.235419, 41.373291], [-8.238397, 41.382318], [-8.231155, 41.391003], [-8.217006, 41.391182], [-8.207375, 41.382108], [-8.210143, 41.375841], [-8.200358, 41.377648], [-8.194677, 41.374275], [-8.191173, 41.376302]]], [[[-8.215292, 41.371118], [-8.215292, 41.371118], [-8.215307, 41.37111], [-8.215292, 41.371118]]], [[[-8.215591, 41.370966], [-8.215591, 41.370966], [-8.21575, 41.370885], [-8.215591, 41.370966]]], [[[-8.215889, 41.370814], [-8.221265, 41.369186], [-8.21738, 41.368182], [-8.215889, 41.370814]]], [[[-8.625908, 41.385566], [-8.637867, 41.385715], [-8.649849, 41.381728], [-8.657345, 41.375321], [-8.661541, 41.366325], [-8.660178, 41.357314], [-8.653274, 41.348285], [-8.638116, 41.340823], [-8.626169, 41.339904], [-8.614198, 41.343233], [-8.606701, 41.348136], [-8.601032, 41.357124], [-8.600893, 41.366131], [-8.605962, 41.375156], [-8.613972, 41.381433], [-8.625908, 41.385566]], [[-8.626453, 41.366217], [-8.625227, 41.357205], [-8.638032, 41.355964], [-8.639747, 41.357252], [-8.63889, 41.366256], [-8.626453, 41.366217]]], [[[-8.625694, 41.186628], [-8.629917, 41.204088], [-8.634256, 41.21311], [-8.641366, 41.22214], [-8.650665, 41.229041], [-8.662572, 41.233813], [-8.674494, 41.235909], [-8.698363, 41.235401], [-8.718655, 41.231363], [-8.741729, 41.222409], [-8.755454, 41.213431], [-8.764753, 41.204443], [-8.770553, 41.195446], [-8.774427, 41.186446], [-8.775412, 41.168432], [-8.772786, 41.159419], [-8.763243, 41.144872], [-8.723603, 41.145742], [-8.734502, 41.151268], [-8.746378, 41.16189], [-8.754162, 41.177397], [-8.754815, 41.186406], [-8.752974, 41.19541], [-8.748185, 41.204408], [-8.740062, 41.213397], [-8.726134, 41.222373], [-8.710328, 41.228027], [-8.698386, 41.23044], [-8.68645, 41.231135], [-8.674524, 41.229959], [-8.66261, 41.226416], [-8.654844, 41.222181], [-8.645317, 41.213145], [-8.640367, 41.204121], [-8.63783, 41.194229], [-8.634946, 41.193341], [-8.632526, 41.188624], [-8.625694, 41.186628]]], [[[-8.625546, 41.185053], [-8.625546, 41.185053], [-8.625656, 41.186431], [-8.625546, 41.185053]]]]}}, {"id": "6", "type": "Feature", "properties": {"fill": "#e79f24", "value_min": -2.0, "value_max": -1.67}, "geometry": {"type": "MultiPolygon", "coordinates": [[[[-7.864419, 41.842933], [-7.876507, 41.840487], [-7.888665, 41.833935], [-7.899217, 41.820921], [-7.901199, 41.811933], [-7.898901, 41.802904], [-7.889357, 41.793873], [-7.877386, 41.79017], [-7.865351, 41.79018], [-7.84919, 41.79341], [-7.83351, 41.802259], [-7.829037, 41.81122], [-7.829101, 41.820227], [-7.83348, 41.829279], [-7.840461, 41.835673], [-7.8524, 41.841504], [-7.864419, 41.842933]], [[-7.861865, 41.83857], [-7.85248, 41.837029], [-7.840291, 41.829348], [-7.834295, 41.82028], [-7.833843, 41.811269], [-7.839423, 41.802319], [-7.853237, 41.794619], [-7.86532, 41.791948], [-7.877353, 41.792096], [-7.889313, 41.796442], [-7.896112, 41.802877], [-7.898926, 41.811911], [-7.896742, 41.820897], [-7.888721, 41.830682], [-7.876563, 41.837286], [-7.861865, 41.83857]]], [[[-8.007462, 41.731839], [-8.010601, 41.736207], [-8.013415, 41.73189], [-8.010691, 41.730364], [-8.007462, 41.731839]]], [[[-8.203327, 41.7098], [-8.215336, 41.710746], [-8.225994, 41.706497], [-8.232544, 41.697534], [-8.230303, 41.688512], [-8.215707, 41.680256], [-8.203683, 41.68096], [-8.192787, 41.688255], [-8.190098, 41.697243], [-8.197023, 41.706299], [-8.203327, 41.7098]], [[-8.203387, 41.705011], [-8.196295, 41.697287], [-8.200362, 41.688308], [-8.20362, 41.686126], [-8.215637, 41.685972], [-8.22003, 41.688443], [-8.224057, 41.697477], [-8.215399, 41.705551], [-8.203387, 41.705011]]], [[[-8.371779, 41.692359], [-8.38381, 41.690885], [-8.395863, 41.687085], [-8.408985, 41.680563], [-8.418149, 41.671603], [-8.420096, 41.662605], [-8.417079, 41.653583], [-8.408268, 41.64461], [-8.396331, 41.636922], [-8.384358, 41.633411], [-8.372355, 41.633123], [-8.360321, 41.635949], [-8.348251, 41.642298], [-8.338411, 41.653157], [-8.335734, 41.662149], [-8.336434, 41.67116], [-8.340966, 41.680193], [-8.35459, 41.689277], [-8.371779, 41.692359]], [[-8.383835, 41.688267], [-8.371812, 41.689001], [-8.359822, 41.686317], [-8.349978, 41.680244], [-8.343932, 41.671203], [-8.3432, 41.662192], [-8.347206, 41.653207], [-8.360256, 41.642554], [-8.372299, 41.638884], [-8.384306, 41.638864], [-8.396279, 41.642546], [-8.410471, 41.653549], [-8.414854, 41.662579], [-8.413103, 41.671577], [-8.403837, 41.680536], [-8.383835, 41.688267]]], [[[-8.016729, 41.659862], [-8.023707, 41.664757], [-8.030872, 41.659982], [-8.023865, 41.654284], [-8.016729, 41.659862]]], [[[-8.457005, 41.56056], [-8.469905, 41.554759], [-8.47534, 41.545777], [-8.472037, 41.536754], [-8.457269, 41.52906], [-8.445276, 41.529704], [-8.435217, 41.536579], [-8.432321, 41.545572], [-8.437438, 41.554605], [-8.445022, 41.559452], [-8.457005, 41.56056]], [[-8.445095, 41.550874], [-8.440757, 41.545614], [-8.444165, 41.536623], [-8.457223, 41.534466], [-8.461587, 41.536706], [-8.466018, 41.545734], [-8.457067, 41.553204], [-8.445095, 41.550874]]], [[[-8.624996, 41.544035], [-8.637, 41.541473], [-8.642841, 41.537411], [-8.647318, 41.528418], [-8.644205, 41.519401], [-8.637154, 41.513858], [-8.625192, 41.509994], [-8.613196, 41.512133], [-8.60426, 41.51927], [-8.602074, 41.52827], [-8.607454, 41.537296], [-8.613023, 41.541291], [-8.624996, 41.544035]]], [[[-8.210143, 41.375841], [-8.207375, 41.382108], [-8.217006, 41.391182], [-8.231155, 41.391003], [-8.238397, 41.382318], [-8.235419, 41.373291], [-8.228825, 41.369974], [-8.224854, 41.370878], [-8.221265, 41.369186], [-8.215889, 41.370814], [-8.21575, 41.370885], [-8.215591, 41.370966], [-8.215307, 41.37111], [-8.215292, 41.371118], [-8.212011, 41.375839], [-8.210143, 41.375841]]], [[[-8.626453, 41.366217], [-8.63889, 41.366256], [-8.639747, 41.357252], [-8.638032, 41.355964], [-8.625227, 41.357205], [-8.626453, 41.366217]]], [[[-8.63783, 41.194229], [-8.640367, 41.204121], [-8.645317, 41.213145], [-8.654844, 41.222181], [-8.66261, 41.226416], [-8.674524, 41.229959], [-8.68645, 41.231135], [-8.698386, 41.23044], [-8.710328, 41.228027], [-8.726134, 41.222373], [-8.740062, 41.213397], [-8.748185, 41.204408], [-8.752974, 41.19541], [-8.754815, 41.186406], [-8.754162, 41.177397], [-8.746378, 41.16189], [-8.734502, 41.151268], [-8.723603, 41.145742], [-8.674793, 41.146932], [-8.674849, 41.153767], [-8.672489, 41.15648], [-8.66117, 41.156307], [-8.662078, 41.158104], [-8.660313, 41.160813], [-8.657033, 41.160378], [-8.654961, 41.161963], [-8.653222, 41.168049], [-8.655052, 41.173423], [-8.662924, 41.165195], [-8.674875, 41.159135], [-8.686807, 41.15622], [-8.698727, 41.155959], [-8.710636, 41.15823], [-8.722532, 41.163497], [-8.728834, 41.168332], [-8.736062, 41.177357], [-8.739052, 41.186371], [-8.7387, 41.195378], [-8.734868, 41.204378], [-8.726889, 41.213367], [-8.710353, 41.222395], [-8.69841, 41.225091], [-8.686476, 41.225663], [-8.674554, 41.223859], [-8.662651, 41.218447], [-8.656097, 41.213177], [-8.650049, 41.204151], [-8.647764, 41.195136], [-8.650894, 41.179314], [-8.647955, 41.180228], [-8.647696, 41.185181], [-8.641225, 41.196014], [-8.638841, 41.196025], [-8.63783, 41.194229]]], [[[-8.650927, 41.179226], [-8.650927, 41.179226], [-8.651207, 41.178637], [-8.650927, 41.179226]]], [[[-8.65122, 41.17861], [-8.65122, 41.17861], [-8.651314, 41.178412], [-8.65122, 41.17861]]]]}}, {"id": "5", "type": "Feature", "properties": {"fill": "#ea870e", "value_min": -2.33, "value_max": -2.0}, "geometry": {"type": "MultiPolygon", "coordinates": [[[[-7.861865, 41.83857], [-7.876563, 41.837286], [-7.888721, 41.830682], [-7.896742, 41.820897], [-7.898926, 41.811911], [-7.896112, 41.802877], [-7.889313, 41.796442], [-7.877353, 41.792096], [-7.86532, 41.791948], [-7.853237, 41.794619], [-7.839423, 41.802319], [-7.833843, 41.811269], [-7.834295, 41.82028], [-7.840291, 41.829348], [-7.85248, 41.837029], [-7.861865, 41.83857]], [[-7.864541, 41.836041], [-7.852549, 41.833151], [-7.846626, 41.829411], [-7.839491, 41.820333], [-7.838646, 41.811318], [-7.844012, 41.802365], [-7.853194, 41.797048], [-7.865289, 41.793717], [-7.877319, 41.793988], [-7.889268, 41.799012], [-7.893325, 41.802851], [-7.896681, 41.81189], [-7.894268, 41.820873], [-7.888775, 41.827546], [-7.87661, 41.834615], [-7.864541, 41.836041]]], [[[-8.203387, 41.705011], [-8.215399, 41.705551], [-8.224057, 41.697477], [-8.22003, 41.688443], [-8.215637, 41.685972], [-8.20362, 41.686126], [-8.200362, 41.688308], [-8.196295, 41.697287], [-8.203387, 41.705011]], [[-8.20347, 41.698269], [-8.203503, 41.695588], [-8.215837, 41.697422], [-8.215494, 41.697741], [-8.20347, 41.698269]]], [[[-8.383835, 41.688267], [-8.403837, 41.680536], [-8.413103, 41.671577], [-8.414854, 41.662579], [-8.410471, 41.653549], [-8.396279, 41.642546], [-8.384306, 41.638864], [-8.372299, 41.638884], [-8.360256, 41.642554], [-8.347206, 41.653207], [-8.3432, 41.662192], [-8.343932, 41.671203], [-8.349978, 41.680244], [-8.359822, 41.686317], [-8.371812, 41.689001], [-8.383835, 41.688267]], [[-8.38386, 41.685712], [-8.371843, 41.685852], [-8.359868, 41.681676], [-8.350597, 41.671241], [-8.350005, 41.66223], [-8.354737, 41.65325], [-8.360194, 41.648797], [-8.372249, 41.644017], [-8.384261, 41.643657], [-8.396234, 41.647382], [-8.404318, 41.653517], [-8.409611, 41.662552], [-8.408058, 41.671551], [-8.398861, 41.68051], [-8.38386, 41.685712]]], [[[-8.445095, 41.550874], [-8.457067, 41.553204], [-8.466018, 41.545734], [-8.461587, 41.536706], [-8.457223, 41.534466], [-8.444165, 41.536623], [-8.440757, 41.545614], [-8.445095, 41.550874]]], [[[-8.650894, 41.179314], [-8.647764, 41.195136], [-8.650049, 41.204151], [-8.656097, 41.213177], [-8.662651, 41.218447], [-8.674554, 41.223859], [-8.686476, 41.225663], [-8.69841, 41.225091], [-8.710353, 41.222395], [-8.726889, 41.213367], [-8.734868, 41.204378], [-8.7387, 41.195378], [-8.739052, 41.186371], [-8.736062, 41.177357], [-8.728834, 41.168332], [-8.722532, 41.163497], [-8.710636, 41.15823], [-8.698727, 41.155959], [-8.686807, 41.15622], [-8.674875, 41.159135], [-8.662924, 41.165195], [-8.655052, 41.173423], [-8.655366, 41.175467], [-8.651314, 41.178412], [-8.65122, 41.17861], [-8.651207, 41.178637], [-8.650927, 41.179226], [-8.650894, 41.179314]], [[-8.698438, 41.219019], [-8.686505, 41.219679], [-8.674589, 41.216833], [-8.668007, 41.213212], [-8.659954, 41.204181], [-8.657847, 41.195167], [-8.659764, 41.186164], [-8.666906, 41.177177], [-8.674811, 41.171885], [-8.686749, 41.168564], [-8.698669, 41.168697], [-8.710573, 41.1724], [-8.717694, 41.177313], [-8.724444, 41.186337], [-8.725794, 41.195348], [-8.722771, 41.204349], [-8.713633, 41.213335], [-8.698438, 41.219019]]]]}}, {"id": "4", "type": "Feature", "properties": {"fill": "#d75e13", "value_min": -2.67, "value_max": -2.33}, "geometry": {"type": "MultiPolygon", "coordinates": [[[[-7.864541, 41.836041], [-7.87661, 41.834615], [-7.888775, 41.827546], [-7.894268, 41.820873], [-7.896681, 41.81189], [-7.893325, 41.802851], [-7.889268, 41.799012], [-7.877319, 41.793988], [-7.865289, 41.793717], [-7.853194, 41.797048], [-7.844012, 41.802365], [-7.838646, 41.811318], [-7.839491, 41.820333], [-7.846626, 41.829411], [-7.852549, 41.833151], [-7.864541, 41.836041]], [[-7.864592, 41.833188], [-7.852619, 41.829266], [-7.84383, 41.820377], [-7.842697, 41.811358], [-7.848092, 41.802406], [-7.85315, 41.799477], [-7.865257, 41.795489], [-7.877289, 41.79573], [-7.890538, 41.802824], [-7.894436, 41.811868], [-7.891793, 41.820849], [-7.888829, 41.82445], [-7.876656, 41.831943], [-7.864592, 41.833188]]], [[[-8.20347, 41.698269], [-8.215494, 41.697741], [-8.215837, 41.697422], [-8.203503, 41.695588], [-8.20347, 41.698269]]], [[[-8.38386, 41.685712], [-8.398861, 41.68051], [-8.408058, 41.671551], [-8.409611, 41.662552], [-8.404318, 41.653517], [-8.396234, 41.647382], [-8.384261, 41.643657], [-8.372249, 41.644017], [-8.360194, 41.648797], [-8.354737, 41.65325], [-8.350005, 41.66223], [-8.350597, 41.671241], [-8.359868, 41.681676], [-8.371843, 41.685852], [-8.38386, 41.685712]], [[-8.371873, 41.682703], [-8.365728, 41.680332], [-8.356293, 41.671273], [-8.355715, 41.662262], [-8.362375, 41.653292], [-8.372207, 41.64834], [-8.384223, 41.647575], [-8.398405, 41.653487], [-8.404916, 41.662528], [-8.403803, 41.671529], [-8.392587, 41.680477], [-8.383884, 41.683157], [-8.371873, 41.682703]]], [[[-8.698438, 41.219019], [-8.713633, 41.213335], [-8.722771, 41.204349], [-8.725794, 41.195348], [-8.724444, 41.186337], [-8.717694, 41.177313], [-8.710573, 41.1724], [-8.698669, 41.168697], [-8.686749, 41.168564], [-8.674811, 41.171885], [-8.666906, 41.177177], [-8.659764, 41.186164], [-8.657847, 41.195167], [-8.659954, 41.204181], [-8.668007, 41.213212], [-8.674589, 41.216833], [-8.686505, 41.219679], [-8.698438, 41.219019]], [[-8.686539, 41.212562], [-8.674637, 41.207044], [-8.671739, 41.204215], [-8.669569, 41.195201], [-8.674744, 41.185447], [-8.686692, 41.180507], [-8.698611, 41.181337], [-8.70732, 41.186295], [-8.710492, 41.190802], [-8.71227, 41.195315], [-8.709559, 41.204317], [-8.698473, 41.211308], [-8.686539, 41.212562]]]]}}, {"id": "3", "type": "Feature", "properties": {"fill": "#c33119", "value_min": -3.0, "value_max": -2.67}, "geometry": {"type": "MultiPolygon", "coordinates": [[[[-7.864592, 41.833188], [-7.876656, 41.831943], [-7.888829, 41.82445], [-7.891793, 41.820849], [-7.894436, 41.811868], [-7.890538, 41.802824], [-7.877289, 41.79573], [-7.865257, 41.795489], [-7.85315, 41.799477], [-7.848092, 41.802406], [-7.842697, 41.811358], [-7.84383, 41.820377], [-7.852619, 41.829266], [-7.864592, 41.833188]], [[-7.862266, 41.829567], [-7.85269, 41.825265], [-7.847898, 41.820417], [-7.846079, 41.811392], [-7.853107, 41.801906], [-7.865226, 41.797261], [-7.877259, 41.797471], [-7.887422, 41.802794], [-7.889161, 41.805255], [-7.892191, 41.811846], [-7.889319, 41.820826], [-7.876704, 41.829243], [-7.862266, 41.829567]]], [[[-8.371873, 41.682703], [-8.383884, 41.683157], [-8.392587, 41.680477], [-8.403803, 41.671529], [-8.404916, 41.662528], [-8.398405, 41.653487], [-8.384223, 41.647575], [-8.372207, 41.64834], [-8.362375, 41.653292], [-8.355715, 41.662262], [-8.356293, 41.671273], [-8.365728, 41.680332], [-8.371873, 41.682703]], [[-8.381451, 41.680418], [-8.371907, 41.679213], [-8.361989, 41.671305], [-8.361455, 41.662295], [-8.372166, 41.65261], [-8.384188, 41.651332], [-8.396144, 41.656995], [-8.400441, 41.662504], [-8.399556, 41.671507], [-8.395977, 41.674838], [-8.38445, 41.680434], [-8.381451, 41.680418]]], [[[-8.686539, 41.212562], [-8.698473, 41.211308], [-8.709559, 41.204317], [-8.71227, 41.195315], [-8.710492, 41.190802], [-8.70732, 41.186295], [-8.698611, 41.181337], [-8.686692, 41.180507], [-8.674744, 41.185447], [-8.669569, 41.195201], [-8.671739, 41.204215], [-8.674637, 41.207044], [-8.686539, 41.212562]]]]}}, {"id": "17", "type": "Feature", "properties": {"fill": "#6ba5ec", "value_min": 1.67, "value_max": 2.0}, "geometry": {"type": "MultiPolygon", "coordinates": [[[[-7.999601, 41.850716], [-7.998724, 41.839845], [-7.994018, 41.830797], [-7.983062, 41.821694], [-7.973236, 41.817116], [-7.961234, 41.814779], [-7.949193, 41.814867], [-7.937105, 41.81776], [-7.921861, 41.830142], [-7.916972, 41.839103], [-7.915301, 41.848094], [-7.916578, 41.857113], [-7.92151, 41.866166], [-7.933473, 41.875646], [-7.937389, 41.87516], [-7.939807, 41.872426], [-7.928769, 41.866234], [-7.921026, 41.857155], [-7.918515, 41.848124], [-7.919671, 41.839129], [-7.924861, 41.829947], [-7.937054, 41.820881], [-7.949152, 41.817387], [-7.961188, 41.817601], [-7.974403, 41.821617], [-7.987172, 41.830737], [-7.992381, 41.839789], [-7.993026, 41.848802], [-7.989843, 41.857781], [-7.981382, 41.866713], [-7.972358, 41.871997], [-7.962989, 41.874214], [-7.973828, 41.875216], [-7.987996, 41.869157], [-7.990123, 41.860157], [-7.995547, 41.858138], [-7.994044, 41.856786], [-7.994652, 41.853861], [-7.996765, 41.851162], [-7.999601, 41.850716]]], [[[-7.962085, 41.874428], [-7.959374, 41.874847], [-7.960878, 41.875648], [-7.962085, 41.874428]]], [[[-7.959073, 41.874843], [-7.959073, 41.874843], [-7.956363, 41.874806], [-7.959073, 41.874843]]], [[[-7.877906, 41.760356], [-7.877977, 41.756301], [-7.866096, 41.747909], [-7.854026, 41.750282], [-7.847319, 41.757364], [-7.851284, 41.766411], [-7.86571, 41.769804], [-7.873943, 41.766635], [-7.877906, 41.760356]], [[-7.861058, 41.766508], [-7.853825, 41.76161], [-7.851808, 41.757409], [-7.85394, 41.755158], [-7.866035, 41.751367], [-7.874247, 41.757631], [-7.86787, 41.766575], [-7.861058, 41.766508]]], [[[-8.435329, 41.714892], [-8.426812, 41.707675], [-8.419724, 41.706044], [-8.410685, 41.707593], [-8.407681, 41.708652], [-8.40041, 41.716547], [-8.402499, 41.726454], [-8.404721, 41.722847], [-8.410069, 41.72396], [-8.407559, 41.72191], [-8.406159, 41.716577], [-8.419679, 41.711057], [-8.428581, 41.71669], [-8.42684, 41.719866], [-8.429643, 41.719859], [-8.430533, 41.717381], [-8.435329, 41.714892]]], [[[-8.410343, 41.724184], [-8.410343, 41.724184], [-8.410134, 41.724013], [-8.410343, 41.724184]]], [[[-8.106461, 41.678609], [-8.103833, 41.669582], [-8.095786, 41.664172], [-8.083772, 41.664339], [-8.076033, 41.669361], [-8.071131, 41.678329], [-8.075463, 41.687371], [-8.083384, 41.691695], [-8.095421, 41.690187], [-8.106461, 41.678609]], [[-8.083427, 41.688646], [-8.074751, 41.678358], [-8.083722, 41.667833], [-8.095736, 41.667733], [-8.098423, 41.669539], [-8.103471, 41.678586], [-8.095457, 41.687628], [-8.083427, 41.688646]]], [[[-8.349326, 41.535258], [-8.361351, 41.531521], [-8.37341, 41.524068], [-8.385296, 41.509301], [-8.388331, 41.50031], [-8.388917, 41.491306], [-8.385812, 41.464267], [-8.382625, 41.455242], [-8.375412, 41.446196], [-8.362265, 41.438399], [-8.350327, 41.435171], [-8.338371, 41.433899], [-8.326395, 41.434492], [-8.314398, 41.437139], [-8.302378, 41.441889], [-8.290308, 41.450955], [-8.282041, 41.463666], [-8.281844, 41.48168], [-8.292087, 41.508765], [-8.297227, 41.517804], [-8.305818, 41.526864], [-8.313397, 41.53205], [-8.325347, 41.535617], [-8.337325, 41.536603], [-8.349326, 41.535258]], [[-8.349361, 41.531764], [-8.337361, 41.533037], [-8.325387, 41.531812], [-8.31311, 41.526907], [-8.301788, 41.517832], [-8.295411, 41.508786], [-8.285366, 41.481701], [-8.284927, 41.472691], [-8.287304, 41.463699], [-8.29332, 41.454728], [-8.305266, 41.445794], [-8.314352, 41.441531], [-8.326351, 41.438746], [-8.350287, 41.439214], [-8.362222, 41.44273], [-8.37412, 41.450371], [-8.382909, 41.464251], [-8.386527, 41.491293], [-8.382298, 41.509285], [-8.373451, 41.519821], [-8.361391, 41.527401], [-8.349361, 41.531764]]], [[[-8.733867, 41.307886], [-8.738521, 41.303472], [-8.740606, 41.294469], [-8.733963, 41.284241], [-8.722041, 41.279698], [-8.710098, 41.280214], [-8.699426, 41.285361], [-8.694606, 41.294356], [-8.698043, 41.304781], [-8.709956, 41.312174], [-8.7219, 41.312965], [-8.733867, 41.307886]], [[-8.710002, 41.3018], [-8.706854, 41.294388], [-8.710051, 41.290759], [-8.721995, 41.290442], [-8.726006, 41.294435], [-8.721943, 41.302691], [-8.710002, 41.3018]]]]}}, {"id": "16", "type": "Feature", "properties": {"fill": "#80a4d0", "value_min": 1.33, "value_max": 1.67}, "geometry": {"type": "MultiPolygon", "coordinates": [[[[-8.007571, 41.843072], [-8.007534, 41.842847], [-8.007351, 41.841721], [-8.002393, 41.83087], [-7.992858, 41.82178], [-7.985274, 41.81728], [-7.973299, 41.813187], [-7.961288, 41.8114], [-7.937157, 41.814639], [-7.924977, 41.823022], [-7.919044, 41.830116], [-7.914273, 41.839078], [-7.912012, 41.848063], [-7.912102, 41.857071], [-7.914948, 41.866104], [-7.924519, 41.878064], [-7.924731, 41.878187], [-7.924907, 41.87829], [-7.933473, 41.875646], [-7.92151, 41.866166], [-7.916578, 41.857113], [-7.915301, 41.848094], [-7.916972, 41.839103], [-7.921861, 41.830142], [-7.937105, 41.81776], [-7.949193, 41.814867], [-7.961234, 41.814779], [-7.973236, 41.817116], [-7.983062, 41.821694], [-7.994018, 41.830797], [-7.998724, 41.839845], [-7.999601, 41.850716], [-8.00339, 41.85027], [-8.007571, 41.843072]]], [[[-7.882766, 41.757714], [-7.874632, 41.748628], [-7.86614, 41.745386], [-7.854093, 41.746548], [-7.850006, 41.748384], [-7.842831, 41.757319], [-7.845971, 41.766357], [-7.853663, 41.770687], [-7.865668, 41.772217], [-7.879459, 41.766689], [-7.882766, 41.757714]], [[-7.877906, 41.760356], [-7.873943, 41.766635], [-7.86571, 41.769804], [-7.851284, 41.766411], [-7.847319, 41.757364], [-7.854026, 41.750282], [-7.866096, 41.747909], [-7.877977, 41.756301], [-7.877906, 41.760356]]], [[[-8.441629, 41.713445], [-8.441517, 41.7133], [-8.441327, 41.713057], [-8.437181, 41.707726], [-8.431752, 41.70507], [-8.419752, 41.702925], [-8.407712, 41.705221], [-8.403045, 41.707554], [-8.394773, 41.716517], [-8.39455, 41.725523], [-8.397843, 41.729841], [-8.402499, 41.726454], [-8.40041, 41.716547], [-8.407681, 41.708652], [-8.410685, 41.707593], [-8.419724, 41.706044], [-8.426812, 41.707675], [-8.435329, 41.714892], [-8.441629, 41.713445]]], [[[-8.107561, 41.681309], [-8.110316, 41.678639], [-8.109463, 41.669625], [-8.095835, 41.660611], [-8.083821, 41.660845], [-8.071703, 41.668284], [-8.066546, 41.678292], [-8.069077, 41.687319], [-8.071394, 41.689804], [-8.08334, 41.694742], [-8.095386, 41.692745], [-8.10247, 41.687585], [-8.107561, 41.681309]], [[-8.106461, 41.678609], [-8.095421, 41.690187], [-8.083384, 41.691695], [-8.075463, 41.687371], [-8.071131, 41.678329], [-8.076033, 41.669361], [-8.083772, 41.664339], [-8.095786, 41.664172], [-8.103833, 41.669582], [-8.106461, 41.678609]]], [[[-8.36131, 41.53564], [-8.374916, 41.52726], [-8.38375, 41.5183], [-8.389058, 41.509321], [-8.391307, 41.491318], [-8.389284, 41.464285], [-8.38607, 41.452681], [-8.382311, 41.446233], [-8.374231, 41.438811], [-8.362316, 41.43316], [-8.338417, 41.429307], [-8.314456, 41.431643], [-8.30244, 41.436076], [-8.287426, 41.445685], [-8.279859, 41.454645], [-8.276309, 41.46363], [-8.276015, 41.472636], [-8.278321, 41.481657], [-8.289649, 41.51135], [-8.301433, 41.529869], [-8.313341, 41.537328], [-8.325293, 41.540834], [-8.337275, 41.541505], [-8.34928, 41.539904], [-8.36131, 41.53564]], [[-8.349326, 41.535258], [-8.337325, 41.536603], [-8.325347, 41.535617], [-8.313397, 41.53205], [-8.305818, 41.526864], [-8.297227, 41.517804], [-8.292087, 41.508765], [-8.281844, 41.48168], [-8.282041, 41.463666], [-8.290308, 41.450955], [-8.302378, 41.441889], [-8.314398, 41.437139], [-8.326395, 41.434492], [-8.338371, 41.433899], [-8.350327, 41.435171], [-8.362265, 41.438399], [-8.375412, 41.446196], [-8.382625, 41.455242], [-8.385812, 41.464267], [-8.388917, 41.491306], [-8.388331, 41.50031], [-8.385296, 41.509301], [-8.37341, 41.524068], [-8.361351, 41.531521], [-8.349326, 41.535258]]], [[[-8.745804, 41.310416], [-8.750969, 41.3035], [-8.75227, 41.294495], [-8.748548, 41.285479], [-8.736706, 41.276445], [-8.72207, 41.272931], [-8.710127, 41.27356], [-8.698168, 41.277755], [-8.689442, 41.285335], [-8.685972, 41.294333], [-8.688077, 41.303346], [-8.698002, 41.313803], [-8.709927, 41.31873], [-8.72187, 41.319976], [-8.733827, 41.317716], [-8.745804, 41.310416]], [[-8.733867, 41.307886], [-8.7219, 41.312965], [-8.709956, 41.312174], [-8.698043, 41.304781], [-8.694606, 41.294356], [-8.699426, 41.285361], [-8.710098, 41.280214], [-8.722041, 41.279698], [-8.733963, 41.284241], [-8.740606, 41.294469], [-8.738521, 41.303472], [-8.733867, 41.307886]]]]}}, {"id": "18", "type": "Feature", "properties": {"fill": "#5599f7", "value_min": 2.0, "value_max": 2.33}, "geometry": {"type": "MultiPolygon", "coordinates": [[[[-7.962989, 41.874214], [-7.972358, 41.871997], [-7.981382, 41.866713], [-7.989843, 41.857781], [-7.993026, 41.848802], [-7.992381, 41.839789], [-7.987172, 41.830737], [-7.974403, 41.821617], [-7.961188, 41.817601], [-7.949152, 41.817387], [-7.937054, 41.820881], [-7.924861, 41.829947], [-7.919671, 41.839129], [-7.918515, 41.848124], [-7.921026, 41.857155], [-7.928769, 41.866234], [-7.939807, 41.872426], [-7.941618, 41.870891], [-7.951254, 41.871132], [-7.954864, 41.872262], [-7.956363, 41.874806], [-7.959073, 41.874843], [-7.959374, 41.874847], [-7.962085, 41.874428], [-7.962989, 41.874214]], [[-7.948289, 41.870074], [-7.936304, 41.866183], [-7.925608, 41.857198], [-7.921729, 41.848155], [-7.922371, 41.839154], [-7.927647, 41.830197], [-7.937014, 41.823256], [-7.94911, 41.819907], [-7.961143, 41.820421], [-7.973116, 41.824646], [-7.981553, 41.830687], [-7.98657, 41.839738], [-7.986865, 41.848748], [-7.982424, 41.857715], [-7.972458, 41.86575], [-7.960342, 41.869886], [-7.948289, 41.870074]]], [[[-7.861058, 41.766508], [-7.86787, 41.766575], [-7.874247, 41.757631], [-7.866035, 41.751367], [-7.85394, 41.755158], [-7.851808, 41.757409], [-7.853825, 41.76161], [-7.861058, 41.766508]], [[-7.859373, 41.757484], [-7.865968, 41.755139], [-7.869172, 41.757581], [-7.865848, 41.762002], [-7.859373, 41.757484]]], [[[-8.42684, 41.719866], [-8.428581, 41.71669], [-8.419679, 41.711057], [-8.406159, 41.716577], [-8.407559, 41.72191], [-8.410069, 41.72396], [-8.410134, 41.724013], [-8.410343, 41.724184], [-8.417349, 41.725067], [-8.41974, 41.722135], [-8.42684, 41.719866]]], [[[-8.083427, 41.688646], [-8.095457, 41.687628], [-8.103471, 41.678586], [-8.098423, 41.669539], [-8.095736, 41.667733], [-8.083722, 41.667833], [-8.074751, 41.678358], [-8.083427, 41.688646]], [[-8.083481, 41.684862], [-8.078271, 41.678386], [-8.083666, 41.671816], [-8.095681, 41.67162], [-8.100481, 41.678562], [-8.095505, 41.684199], [-8.083481, 41.684862]]], [[[-8.349361, 41.531764], [-8.361391, 41.527401], [-8.373451, 41.519821], [-8.382298, 41.509285], [-8.386527, 41.491293], [-8.382909, 41.464251], [-8.37412, 41.450371], [-8.362222, 41.44273], [-8.350287, 41.439214], [-8.326351, 41.438746], [-8.314352, 41.441531], [-8.305266, 41.445794], [-8.29332, 41.454728], [-8.287304, 41.463699], [-8.284927, 41.472691], [-8.285366, 41.481701], [-8.295411, 41.508786], [-8.301788, 41.517832], [-8.31311, 41.526907], [-8.325387, 41.531812], [-8.337361, 41.533037], [-8.349361, 41.531764]], [[-8.337396, 41.529638], [-8.325426, 41.528009], [-8.313488, 41.523458], [-8.306428, 41.51786], [-8.298735, 41.508806], [-8.293844, 41.499769], [-8.288889, 41.481723], [-8.289084, 41.472717], [-8.292091, 41.463728], [-8.302265, 41.452361], [-8.314306, 41.445908], [-8.326313, 41.442401], [-8.338294, 41.441475], [-8.350251, 41.442772], [-8.362182, 41.446826], [-8.374071, 41.455431], [-8.380005, 41.464236], [-8.382982, 41.473259], [-8.384316, 41.491281], [-8.383321, 41.500283], [-8.3793, 41.509269], [-8.373488, 41.51602], [-8.361421, 41.524384], [-8.349396, 41.528269], [-8.337396, 41.529638]]], [[[-8.710002, 41.3018], [-8.721943, 41.302691], [-8.726006, 41.294435], [-8.721995, 41.290442], [-8.710051, 41.290759], [-8.706854, 41.294388], [-8.710002, 41.3018]]]]}}, {"id": "10", "type": "Feature", "properties": {"fill": "#a3a3a3", "value_min": -0.67, "value_max": -0.33}, "geometry": {"type": "MultiPolygon", "coordinates": [[[[-8.82868, 41.596142], [-8.813069, 41.611323], [-8.828644, 41.609656], [-8.82868, 41.596142]]], [[[-8.53764, 41.64762], [-8.516302, 41.64972], [-8.492233, 41.656174], [-8.371667, 41.703902], [-8.332017, 41.71617], [-8.32004, 41.725106], [-8.319764, 41.752126], [-8.31549, 41.761738], [-8.318308, 41.761283], [-8.326436, 41.765096], [-8.328234, 41.763292], [-8.336653, 41.763728], [-8.338452, 41.762149], [-8.344765, 41.762363], [-8.349164, 41.760104], [-8.349201, 41.734282], [-8.352389, 41.725293], [-8.360633, 41.716332], [-8.373357, 41.707396], [-8.407832, 41.692136], [-8.431928, 41.685141], [-8.455978, 41.682909], [-8.478042, 41.685061], [-8.482012, 41.682123], [-8.484371, 41.674238], [-8.49308, 41.674886], [-8.499963, 41.671038], [-8.50927, 41.671233], [-8.51018, 41.672806], [-8.511967, 41.670324], [-8.509856, 41.668755], [-8.512252, 41.667847], [-8.514629, 41.663788], [-8.522103, 41.658811], [-8.525706, 41.659023], [-8.527769, 41.652714], [-8.534066, 41.652017], [-8.537951, 41.649302], [-8.53764, 41.64762]]], [[[-8.267437, 41.769952], [-8.256793, 41.760743], [-8.248096, 41.742672], [-8.234192, 41.733573], [-8.215113, 41.729116], [-8.203148, 41.724315], [-8.182568, 41.715204], [-8.16731, 41.70645], [-8.158351, 41.715029], [-8.143511, 41.723926], [-8.130993, 41.725679], [-8.127146, 41.723803], [-8.119729, 41.71474], [-8.124011, 41.705765], [-8.131343, 41.699644], [-8.143395, 41.697126], [-8.155381, 41.699584], [-8.163557, 41.697053], [-8.167464, 41.694551], [-8.169408, 41.688088], [-8.179731, 41.674874], [-8.191861, 41.665587], [-8.203938, 41.660275], [-8.215992, 41.656716], [-8.22802, 41.655221], [-8.264049, 41.655358], [-8.276099, 41.651769], [-8.307296, 41.625952], [-8.32191, 41.617032], [-8.348618, 41.605856], [-8.384731, 41.59421], [-8.396797, 41.586946], [-8.401099, 41.581443], [-8.403542, 41.572449], [-8.407592, 41.545448], [-8.426653, 41.509515], [-8.409678, 41.489862], [-8.407774, 41.482397], [-8.409831, 41.473044], [-8.421896, 41.463056], [-8.433899, 41.459766], [-8.469821, 41.459714], [-8.481857, 41.451865], [-8.521307, 41.39285], [-8.537006, 41.347876], [-8.541988, 41.338889], [-8.548861, 41.329908], [-8.559869, 41.320943], [-8.578536, 41.312741], [-8.590497, 41.31051], [-8.602445, 41.310391], [-8.62631, 41.315351], [-8.650148, 41.325922], [-8.670096, 41.339327], [-8.680479, 41.348364], [-8.709628, 41.385973], [-8.721534, 41.398837], [-8.733459, 41.407952], [-8.801321, 41.448657], [-8.811166, 41.417099], [-8.808854, 41.376831], [-8.793375, 41.378356], [-8.769459, 41.377937], [-8.745556, 41.37405], [-8.721676, 41.365525], [-8.697828, 41.351351], [-8.644931, 41.312229], [-8.634992, 41.30319], [-8.628313, 41.294161], [-8.625943, 41.285146], [-8.628236, 41.276145], [-8.638615, 41.267171], [-8.660124, 41.258228], [-8.674401, 41.254743], [-8.71024, 41.248097], [-8.746062, 41.243808], [-8.781871, 41.242234], [-8.803589, 41.243215], [-8.802738, 41.22156], [-8.768893, 41.231475], [-8.710261, 41.243287], [-8.662494, 41.249027], [-8.638626, 41.248521], [-8.626711, 41.244868], [-8.62044, 41.240089], [-8.614447, 41.231061], [-8.603092, 41.203497], [-8.591285, 41.1843], [-8.583264, 41.17464], [-8.582094, 41.177803], [-8.578825, 41.178941], [-8.581296, 41.191762], [-8.575958, 41.195609], [-8.577183, 41.200557], [-8.575597, 41.202139], [-8.579231, 41.204546], [-8.584931, 41.212943], [-8.587701, 41.221961], [-8.586724, 41.230965], [-8.582031, 41.239956], [-8.578981, 41.243662], [-8.567001, 41.250448], [-8.555049, 41.252913], [-8.543115, 41.25256], [-8.5312, 41.249635], [-8.519312, 41.243211], [-8.514774, 41.239692], [-8.508917, 41.230659], [-8.507557, 41.221646], [-8.509705, 41.212647], [-8.516759, 41.203669], [-8.522911, 41.200078], [-8.51163, 41.203042], [-8.510456, 41.206197], [-8.505693, 41.207113], [-8.504239, 41.213646], [-8.500076, 41.21546], [-8.50308, 41.219502], [-8.502204, 41.222656], [-8.495642, 41.222227], [-8.495947, 41.223351], [-8.490894, 41.226294], [-8.487935, 41.230354], [-8.490331, 41.232373], [-8.489156, 41.235528], [-8.486181, 41.236888], [-8.484411, 41.240495], [-8.476346, 41.237818], [-8.475756, 41.23917], [-8.470986, 41.23941], [-8.471604, 41.243459], [-8.469227, 41.245267], [-8.463258, 41.244384], [-8.459989, 41.246644], [-8.454323, 41.246886], [-8.455541, 41.251834], [-8.452276, 41.25522], [-8.449891, 41.255452], [-8.449304, 41.257479], [-8.447812, 41.257258], [-8.449028, 41.261982], [-8.439785, 41.262907], [-8.438023, 41.268989], [-8.434745, 41.269673], [-8.432691, 41.277107], [-8.427032, 41.279372], [-8.429143, 41.284319], [-8.426171, 41.287028], [-8.426488, 41.291079], [-8.425013, 41.294909], [-8.422037, 41.296942], [-8.422647, 41.299867], [-8.413995, 41.30304], [-8.435061, 41.325633], [-8.44685, 41.344622], [-8.458289, 41.374556], [-8.460722, 41.40159], [-8.457502, 41.41959], [-8.453957, 41.428581], [-8.447541, 41.437557], [-8.436572, 41.446512], [-8.421968, 41.454868], [-8.409901, 41.465271], [-8.405787, 41.473379], [-8.404325, 41.482379], [-8.406379, 41.491397], [-8.415299, 41.509458], [-8.413207, 41.518454], [-8.384984, 41.56755], [-8.372892, 41.577711], [-8.360836, 41.58378], [-8.276561, 41.610425], [-8.252441, 41.620584], [-8.216207, 41.638977], [-8.179887, 41.662553], [-8.155579, 41.684417], [-8.131407, 41.694906], [-8.111535, 41.714676], [-8.112857, 41.723694], [-8.118902, 41.730606], [-8.129083, 41.732825], [-8.142955, 41.730273], [-8.167153, 41.718627], [-8.179159, 41.719846], [-8.2065, 41.733386], [-8.21678, 41.742463], [-8.222853, 41.751511], [-8.230998, 41.778587], [-8.236996, 41.791591], [-8.240744, 41.791588], [-8.24074, 41.789338], [-8.244347, 41.787984], [-8.245546, 41.785731], [-8.251257, 41.784375], [-8.251845, 41.777172], [-8.257551, 41.773564], [-8.261762, 41.774235], [-8.267437, 41.769952]]], [[[-8.081279, 41.561528], [-8.109178, 41.563889], [-8.133198, 41.561372], [-8.158924, 41.552905], [-8.181459, 41.538347], [-8.193503, 41.533873], [-8.229404, 41.53898], [-8.241412, 41.537361], [-8.253455, 41.53257], [-8.266316, 41.517611], [-8.267418, 41.508611], [-8.264308, 41.499583], [-8.253953, 41.489256], [-8.242032, 41.484235], [-8.230075, 41.482429], [-8.206107, 41.483374], [-8.19415, 41.481683], [-8.18585, 41.472033], [-8.183288, 41.463007], [-8.184348, 41.454007], [-8.192253, 41.445056], [-8.242729, 41.424331], [-8.267569, 41.40953], [-8.278307, 41.40059], [-8.295084, 41.382679], [-8.322734, 41.346815], [-8.324376, 41.341041], [-8.323376, 41.341943], [-8.316788, 41.335876], [-8.313802, 41.336331], [-8.310792, 41.327557], [-8.308701, 41.327561], [-8.307502, 41.325762], [-8.305116, 41.326891], [-8.303024, 41.325994], [-8.303615, 41.323742], [-8.301216, 41.319694], [-8.296431, 41.316774], [-8.297618, 41.313846], [-8.296116, 41.310022], [-8.281801, 41.316569], [-8.281808, 41.319721], [-8.278828, 41.321976], [-8.278238, 41.325128], [-8.273161, 41.325134], [-8.269582, 41.326939], [-8.265709, 41.331221], [-8.269001, 41.334818], [-8.266917, 41.337684], [-8.273256, 41.346513], [-8.27705, 41.355545], [-8.278469, 41.373569], [-8.276385, 41.382563], [-8.271819, 41.391542], [-8.264038, 41.4005], [-8.254887, 41.407655], [-8.242846, 41.414229], [-8.230834, 41.418152], [-8.218839, 41.420568], [-8.194912, 41.42008], [-8.171077, 41.412385], [-8.153594, 41.39974], [-8.147098, 41.390685], [-8.141574, 41.377218], [-8.139096, 41.377894], [-8.131924, 41.374292], [-8.119074, 41.377218], [-8.119672, 41.378569], [-8.116683, 41.380144], [-8.117578, 41.386447], [-8.113992, 41.386896], [-8.112795, 41.390723], [-8.110105, 41.390947], [-8.108011, 41.393648], [-8.103827, 41.392972], [-8.105321, 41.394998], [-8.10263, 41.396123], [-8.10801, 41.398825], [-8.108606, 41.403102], [-8.104419, 41.406252], [-8.104119, 41.408728], [-8.101727, 41.409403], [-8.102025, 41.411204], [-8.092756, 41.411201], [-8.09126, 41.414352], [-8.079893, 41.41975], [-8.077503, 41.416597], [-8.070923, 41.41862], [-8.066739, 41.416142], [-8.061654, 41.417489], [-8.059852, 41.424916], [-8.055959, 41.429415], [-8.05745, 41.432793], [-8.056549, 41.436394], [-8.069999, 41.447206], [-8.068788, 41.462286], [-8.073872, 41.46499], [-8.074164, 41.473543], [-8.066374, 41.482318], [-8.066069, 41.48817], [-8.072054, 41.490199], [-8.072947, 41.495833], [-8.086204, 41.492046], [-8.098174, 41.492741], [-8.134005, 41.500902], [-8.142485, 41.507747], [-8.147672, 41.516793], [-8.148665, 41.525808], [-8.145388, 41.53479], [-8.137926, 41.543742], [-8.133396, 41.546531], [-8.121336, 41.551735], [-8.109317, 41.55381], [-8.09733, 41.553502], [-8.082187, 41.549454], [-8.079788, 41.551876], [-8.074396, 41.549848], [-8.072897, 41.551197], [-8.076188, 41.557276], [-8.079783, 41.558403], [-8.081279, 41.561528]], [[-8.260756, 41.508568], [-8.257529, 41.517555], [-8.25358, 41.52171], [-8.241552, 41.52535], [-8.22959, 41.523327], [-8.220728, 41.517311], [-8.217417, 41.508281], [-8.221102, 41.499299], [-8.229937, 41.494034], [-8.241936, 41.492435], [-8.253869, 41.496528], [-8.260756, 41.508568]]], [[[-7.884098, 41.854802], [-7.900666, 41.836365], [-7.910149, 41.821025], [-7.912977, 41.812045], [-7.912792, 41.803037], [-7.909932, 41.794003], [-7.903842, 41.784938], [-7.901582, 41.782819], [-7.88958, 41.780941], [-7.841405, 41.78329], [-7.817393, 41.78029], [-7.805414, 41.77495], [-7.797164, 41.765857], [-7.791627, 41.747785], [-7.794456, 41.738808], [-7.806256, 41.73194], [-7.818312, 41.730181], [-7.866404, 41.730384], [-7.878377, 41.73333], [-7.90225, 41.743643], [-7.909858, 41.748968], [-7.917179, 41.767051], [-7.925849, 41.770809], [-7.93785, 41.772657], [-7.949878, 41.772929], [-7.986038, 41.768778], [-8.010065, 41.77112], [-8.022105, 41.770554], [-8.034187, 41.767146], [-8.044607, 41.759174], [-8.048212, 41.750197], [-8.046572, 41.741177], [-8.042267, 41.732134], [-8.02295, 41.714847], [-8.008386, 41.704826], [-8.002707, 41.69577], [-8.013781, 41.686858], [-8.023412, 41.684263], [-8.035511, 41.678695], [-8.046888, 41.669123], [-8.051475, 41.660154], [-8.051731, 41.651149], [-8.046982, 41.642103], [-8.036202, 41.63234], [-8.024297, 41.625655], [-8.012359, 41.621331], [-8.0004, 41.618464], [-7.95247, 41.613393], [-7.931596, 41.606986], [-7.930073, 41.614735], [-7.925255, 41.620579], [-7.920755, 41.620796], [-7.917748, 41.623041], [-7.915933, 41.627764], [-7.913229, 41.628885], [-7.912613, 41.63361], [-7.906014, 41.633147], [-7.906884, 41.641927], [-7.897869, 41.645511], [-7.89696, 41.647985], [-7.892759, 41.647976], [-7.892145, 41.651576], [-7.900827, 41.657446], [-7.902319, 41.66015], [-7.899913, 41.66127], [-7.900198, 41.665547], [-7.898396, 41.665769], [-7.897186, 41.668467], [-7.892379, 41.669478], [-7.915367, 41.678781], [-7.927243, 41.687129], [-7.935037, 41.695162], [-7.943453, 41.713254], [-7.944539, 41.722271], [-7.950589, 41.729285], [-7.962639, 41.727636], [-7.966712, 41.722472], [-7.986918, 41.712841], [-7.998959, 41.711509], [-8.01094, 41.714119], [-8.022878, 41.71956], [-8.034851, 41.732072], [-8.037427, 41.7411], [-8.033652, 41.750076], [-8.022297, 41.757881], [-8.010239, 41.759775], [-7.974245, 41.75385], [-7.971708, 41.758545], [-7.959961, 41.767446], [-7.949927, 41.769875], [-7.937904, 41.769418], [-7.930551, 41.767176], [-7.923675, 41.758105], [-7.926372, 41.739486], [-7.890397, 41.733566], [-7.866508, 41.72447], [-7.842475, 41.723779], [-7.830524, 41.721167], [-7.818617, 41.714374], [-7.815291, 41.718689], [-7.808986, 41.717996], [-7.808396, 41.715744], [-7.804499, 41.714158], [-7.79939, 41.714593], [-7.79788, 41.716164], [-7.796383, 41.71526], [-7.790966, 41.717044], [-7.789449, 41.719966], [-7.78464, 41.720402], [-7.78252, 41.723546], [-7.776204, 41.724652], [-7.773786, 41.727346], [-7.770798, 41.72441], [-7.765698, 41.723044], [-7.761765, 41.727758], [-7.762933, 41.733839], [-7.759307, 41.737203], [-7.759597, 41.739005], [-7.75689, 41.739446], [-7.758687, 41.740577], [-7.757758, 41.745301], [-7.750829, 41.748081], [-7.75779, 41.751126], [-7.772991, 41.765601], [-7.778628, 41.774668], [-7.78352, 41.792733], [-7.774686, 41.801646], [-7.756702, 41.807489], [-7.744613, 41.810061], [-7.728499, 41.810483], [-7.728761, 41.816776], [-7.731681, 41.820163], [-7.768545, 41.817649], [-7.780538, 41.82015], [-7.792445, 41.827272], [-7.827892, 41.864416], [-7.842548, 41.870818], [-7.841663, 41.866632], [-7.848912, 41.861698], [-7.858542, 41.862622], [-7.859456, 41.860148], [-7.864877, 41.859711], [-7.866391, 41.857758], [-7.852065, 41.860261], [-7.840061, 41.857815], [-7.828129, 41.851474], [-7.81629, 41.840202], [-7.807197, 41.829009], [-7.796616, 41.810885], [-7.795249, 41.801864], [-7.807118, 41.792981], [-7.829284, 41.788111], [-7.877488, 41.784319], [-7.889511, 41.78497], [-7.901454, 41.790268], [-7.909137, 41.803002], [-7.910033, 41.812017], [-7.907362, 41.820999], [-7.900744, 41.831809], [-7.888463, 41.845598], [-7.879045, 41.85209], [-7.884098, 41.854802]], [[-8.035574, 41.674449], [-8.023495, 41.678793], [-8.011464, 41.679878], [-7.999489, 41.677355], [-7.987594, 41.669744], [-7.981835, 41.659558], [-7.983641, 41.650567], [-7.991586, 41.64163], [-8.000111, 41.637152], [-8.012156, 41.634642], [-8.024149, 41.635489], [-8.036082, 41.640392], [-8.045728, 41.6511], [-8.046809, 41.660116], [-8.042051, 41.669083], [-8.035574, 41.674449]]], [[[-7.866692, 41.857611], [-7.866692, 41.857611], [-7.866532, 41.857689], [-7.866692, 41.857611]]], [[[-8.3868, 41.375136], [-8.38913, 41.365202], [-8.386945, 41.359641], [-8.384776, 41.356171], [-8.375096, 41.348553], [-8.363173, 41.345431], [-8.35121, 41.346458], [-8.3392, 41.35206], [-8.33549, 41.355897], [-8.333705, 41.364894], [-8.336673, 41.373919], [-8.345415, 41.382977], [-8.350823, 41.3854], [-8.362762, 41.38758], [-8.374743, 41.385381], [-8.379802, 41.383167], [-8.3868, 41.375136]]]]}}, {"id": "11", "type": "Feature", "properties": {"fill": "#a3a3a3", "value_min": -0.33, "value_max": 0.0}, "geometry": {"type": "MultiPolygon", "coordinates": [[[[-8.478042, 41.685061], [-8.455978, 41.682909], [-8.431928, 41.685141], [-8.407832, 41.692136], [-8.373357, 41.707396], [-8.360633, 41.716332], [-8.352389, 41.725293], [-8.349201, 41.734282], [-8.349164, 41.760104], [-8.352557, 41.755145], [-8.34982, 41.745922], [-8.349814, 41.744122], [-8.352516, 41.743441], [-8.352203, 41.739616], [-8.357897, 41.735103], [-8.362407, 41.735994], [-8.364513, 41.73464], [-8.365865, 41.725369], [-8.371613, 41.716393], [-8.380891, 41.707436], [-8.397586, 41.698518], [-8.419857, 41.691314], [-8.431887, 41.689741], [-8.443903, 41.68978], [-8.461955, 41.693696], [-8.478042, 41.685061]]], [[[-8.236996, 41.791591], [-8.230998, 41.778587], [-8.222853, 41.751511], [-8.21678, 41.742463], [-8.2065, 41.733386], [-8.179159, 41.719846], [-8.167153, 41.718627], [-8.142955, 41.730273], [-8.129083, 41.732825], [-8.118902, 41.730606], [-8.112857, 41.723694], [-8.111535, 41.714676], [-8.131407, 41.694906], [-8.155579, 41.684417], [-8.179887, 41.662553], [-8.216207, 41.638977], [-8.252441, 41.620584], [-8.276561, 41.610425], [-8.360836, 41.58378], [-8.372892, 41.577711], [-8.384984, 41.56755], [-8.413207, 41.518454], [-8.415299, 41.509458], [-8.406379, 41.491397], [-8.404325, 41.482379], [-8.405787, 41.473379], [-8.409901, 41.465271], [-8.421968, 41.454868], [-8.436572, 41.446512], [-8.447541, 41.437557], [-8.453957, 41.428581], [-8.457502, 41.41959], [-8.460722, 41.40159], [-8.458289, 41.374556], [-8.44685, 41.344622], [-8.435061, 41.325633], [-8.413995, 41.30304], [-8.407744, 41.304856], [-8.406262, 41.307335], [-8.402979, 41.307568], [-8.401801, 41.311398], [-8.399712, 41.311628], [-8.400316, 41.313202], [-8.396738, 41.314336], [-8.398835, 41.316131], [-8.393775, 41.31997], [-8.393489, 41.323122], [-8.391105, 41.324253], [-8.386325, 41.323588], [-8.380382, 41.331254], [-8.375305, 41.33104], [-8.37201, 41.328346], [-8.361563, 41.329718], [-8.358276, 41.329049], [-8.357673, 41.327249], [-8.350207, 41.327264], [-8.346032, 41.328847], [-8.342462, 41.333131], [-8.333215, 41.336299], [-8.326363, 41.342163], [-8.324376, 41.341041], [-8.322734, 41.346815], [-8.295084, 41.382679], [-8.278307, 41.40059], [-8.267569, 41.40953], [-8.242729, 41.424331], [-8.192253, 41.445056], [-8.184348, 41.454007], [-8.183288, 41.463007], [-8.18585, 41.472033], [-8.19415, 41.481683], [-8.206107, 41.483374], [-8.230075, 41.482429], [-8.242032, 41.484235], [-8.253953, 41.489256], [-8.264308, 41.499583], [-8.267418, 41.508611], [-8.266316, 41.517611], [-8.253455, 41.53257], [-8.241412, 41.537361], [-8.229404, 41.53898], [-8.193503, 41.533873], [-8.181459, 41.538347], [-8.158924, 41.552905], [-8.133198, 41.561372], [-8.109178, 41.563889], [-8.081279, 41.561528], [-8.081576, 41.565157], [-8.078879, 41.56493], [-8.075279, 41.568305], [-8.073182, 41.568079], [-8.065082, 41.575118], [-8.085045, 41.574308], [-8.132983, 41.577406], [-8.155008, 41.579898], [-8.168896, 41.583178], [-8.182136, 41.589101], [-8.191331, 41.598173], [-8.1948, 41.607205], [-8.195062, 41.616214], [-8.192816, 41.625205], [-8.182605, 41.643147], [-8.153639, 41.669959], [-8.115532, 41.696693], [-8.107242, 41.704355], [-8.101375, 41.714597], [-8.094783, 41.735734], [-8.08943, 41.741524], [-8.082617, 41.745602], [-8.070621, 41.74347], [-8.058679, 41.737688], [-8.028058, 41.714001], [-8.020442, 41.704929], [-8.019512, 41.695914], [-8.028974, 41.686988], [-8.035432, 41.683962], [-8.047587, 41.674494], [-8.056242, 41.660194], [-8.057892, 41.6512], [-8.056021, 41.642178], [-8.034593, 41.614978], [-8.029473, 41.602486], [-8.02367, 41.603156], [-8.019174, 41.601802], [-8.015872, 41.603824], [-8.013474, 41.603372], [-8.005971, 41.60629], [-8.003562, 41.611239], [-7.998761, 41.612809], [-7.999669, 41.608759], [-7.996976, 41.605829], [-7.996684, 41.602003], [-7.984685, 41.603564], [-7.982292, 41.60086], [-7.975689, 41.603552], [-7.974482, 41.606701], [-7.970882, 41.607147], [-7.969091, 41.603768], [-7.965796, 41.602413], [-7.9541, 41.602846], [-7.952606, 41.600592], [-7.947808, 41.60081], [-7.945413, 41.599456], [-7.942725, 41.595625], [-7.936733, 41.594264], [-7.93791, 41.601694], [-7.937004, 41.603718], [-7.931604, 41.604384], [-7.931596, 41.606986], [-7.95247, 41.613393], [-8.0004, 41.618464], [-8.012359, 41.621331], [-8.024297, 41.625655], [-8.036202, 41.63234], [-8.046982, 41.642103], [-8.051731, 41.651149], [-8.051475, 41.660154], [-8.046888, 41.669123], [-8.035511, 41.678695], [-8.023412, 41.684263], [-8.013781, 41.686858], [-8.002707, 41.69577], [-8.008386, 41.704826], [-8.02295, 41.714847], [-8.042267, 41.732134], [-8.046572, 41.741177], [-8.048212, 41.750197], [-8.044607, 41.759174], [-8.034187, 41.767146], [-8.022105, 41.770554], [-8.010065, 41.77112], [-7.986038, 41.768778], [-7.949878, 41.772929], [-7.93785, 41.772657], [-7.925849, 41.770809], [-7.917179, 41.767051], [-7.909858, 41.748968], [-7.90225, 41.743643], [-7.878377, 41.73333], [-7.866404, 41.730384], [-7.818312, 41.730181], [-7.806256, 41.73194], [-7.794456, 41.738808], [-7.791627, 41.747785], [-7.797164, 41.765857], [-7.805414, 41.77495], [-7.817393, 41.78029], [-7.841405, 41.78329], [-7.88958, 41.780941], [-7.901582, 41.782819], [-7.903842, 41.784938], [-7.909932, 41.794003], [-7.912792, 41.803037], [-7.912977, 41.812045], [-7.910149, 41.821025], [-7.900666, 41.836365], [-7.884098, 41.854802], [-7.889876, 41.857112], [-7.917442, 41.812087], [-7.9182, 41.803088], [-7.915077, 41.785045], [-7.925741, 41.777274], [-7.937797, 41.775895], [-7.961846, 41.776892], [-8.021846, 41.787583], [-8.081918, 41.794632], [-8.093914, 41.797487], [-8.10588, 41.802546], [-8.11693, 41.812302], [-8.123807, 41.808702], [-8.138247, 41.808477], [-8.139751, 41.813203], [-8.14276, 41.812978], [-8.144866, 41.815228], [-8.149078, 41.814777], [-8.153893, 41.817928], [-8.165326, 41.81815], [-8.173744, 41.808019], [-8.177054, 41.808017], [-8.182773, 41.812516], [-8.190291, 41.809587], [-8.197158, 41.814129], [-8.201063, 41.808724], [-8.204973, 41.807372], [-8.205872, 41.804445], [-8.213692, 41.803765], [-8.217598, 41.80016], [-8.217589, 41.793634], [-8.224207, 41.794303], [-8.229917, 41.791598], [-8.236996, 41.791591]], [[-8.154185, 41.790767], [-8.142166, 41.789557], [-8.130206, 41.783987], [-8.124646, 41.777826], [-8.121674, 41.768796], [-8.122585, 41.759796], [-8.136513, 41.741888], [-8.142844, 41.738622], [-8.148818, 41.732973], [-8.167067, 41.725283], [-8.179082, 41.725903], [-8.194139, 41.733299], [-8.201775, 41.74236], [-8.204393, 41.751385], [-8.203117, 41.760383], [-8.198417, 41.769357], [-8.190452, 41.777905], [-8.178324, 41.785411], [-8.16624, 41.789202], [-8.154185, 41.790767]], [[-7.877574, 41.779427], [-7.853479, 41.781034], [-7.841468, 41.779773], [-7.825642, 41.775158], [-7.81517, 41.766044], [-7.811851, 41.757003], [-7.814221, 41.74802], [-7.825479, 41.739129], [-7.842278, 41.734763], [-7.866343, 41.733836], [-7.884264, 41.739715], [-7.89896, 41.748864], [-7.902944, 41.757909], [-7.903086, 41.766917], [-7.89479, 41.775844], [-7.877574, 41.779427]], [[-8.336926, 41.575662], [-8.312902, 41.578751], [-8.288922, 41.577751], [-8.268623, 41.571669], [-8.258805, 41.562599], [-8.257715, 41.553585], [-8.269917, 41.526641], [-8.272215, 41.508641], [-8.265884, 41.493466], [-8.254035, 41.482081], [-8.238865, 41.472396], [-8.230678, 41.463334], [-8.229314, 41.454317], [-8.233835, 41.44534], [-8.243941, 41.4364], [-8.290808, 41.405049], [-8.30284, 41.398665], [-8.314837, 41.395432], [-8.326793, 41.396002], [-8.362617, 41.402376], [-8.398501, 41.403043], [-8.410434, 41.406462], [-8.415815, 41.410378], [-8.421945, 41.419417], [-8.423405, 41.428431], [-8.417345, 41.446416], [-8.409986, 41.455945], [-8.401923, 41.473359], [-8.400875, 41.482361], [-8.407487, 41.509418], [-8.405627, 41.518415], [-8.40077, 41.527398], [-8.385155, 41.549455], [-8.373057, 41.56067], [-8.360994, 41.567828], [-8.336926, 41.575662]], [[-8.3868, 41.375136], [-8.379802, 41.383167], [-8.374743, 41.385381], [-8.362762, 41.38758], [-8.350823, 41.3854], [-8.345415, 41.382977], [-8.336673, 41.373919], [-8.333705, 41.364894], [-8.33549, 41.355897], [-8.3392, 41.35206], [-8.35121, 41.346458], [-8.363173, 41.345431], [-8.375096, 41.348553], [-8.384776, 41.356171], [-8.386945, 41.359641], [-8.38913, 41.365202], [-8.3868, 41.375136]]], [[[-7.842548, 41.870818], [-7.827892, 41.864416], [-7.792445, 41.827272], [-7.780538, 41.82015], [-7.768545, 41.817649], [-7.731681, 41.820163], [-7.73594, 41.823554], [-7.743152, 41.825154], [-7.742839, 41.827178], [-7.741031, 41.827551], [-7.756337, 41.82634], [-7.768358, 41.827398], [-7.780327, 41.831258], [-7.790129, 41.837837], [-7.799161, 41.846938], [-7.814732, 41.873538], [-7.818448, 41.872873], [-7.823863, 41.874013], [-7.825059, 41.875817], [-7.830479, 41.875831], [-7.830789, 41.874031], [-7.832894, 41.874712], [-7.838021, 41.872924], [-7.842528, 41.875187], [-7.842548, 41.870818]]], [[[-8.062984, 41.575305], [-8.062984, 41.575305], [-8.063311, 41.575276], [-8.062984, 41.575305]]], [[[-8.063883, 41.575225], [-8.063883, 41.575225], [-8.064483, 41.575171], [-8.063883, 41.575225]]], [[[-8.803589, 41.243215], [-8.781871, 41.242234], [-8.746062, 41.243808], [-8.71024, 41.248097], [-8.674401, 41.254743], [-8.660124, 41.258228], [-8.638615, 41.267171], [-8.628236, 41.276145], [-8.625943, 41.285146], [-8.628313, 41.294161], [-8.634992, 41.30319], [-8.644931, 41.312229], [-8.697828, 41.351351], [-8.721676, 41.365525], [-8.745556, 41.37405], [-8.769459, 41.377937], [-8.793375, 41.378356], [-8.808854, 41.376831], [-8.807303, 41.337529], [-8.793478, 41.346046], [-8.769545, 41.35365], [-8.745629, 41.355209], [-8.721736, 41.351316], [-8.697875, 41.341257], [-8.668632, 41.321308], [-8.658794, 41.312271], [-8.651891, 41.303243], [-8.648104, 41.294223], [-8.64813, 41.285216], [-8.652581, 41.276221], [-8.663239, 41.267245], [-8.684451, 41.258298], [-8.698273, 41.254988], [-8.734099, 41.250801], [-8.757968, 41.251487], [-8.781825, 41.255928], [-8.804485, 41.265979], [-8.803589, 41.243215]]], [[[-8.522911, 41.200078], [-8.516759, 41.203669], [-8.509705, 41.212647], [-8.507557, 41.221646], [-8.508917, 41.230659], [-8.514774, 41.239692], [-8.519312, 41.243211], [-8.5312, 41.249635], [-8.543115, 41.25256], [-8.555049, 41.252913], [-8.567001, 41.250448], [-8.578981, 41.243662], [-8.582031, 41.239956], [-8.586724, 41.230965], [-8.587701, 41.221961], [-8.584931, 41.212943], [-8.579231, 41.204546], [-8.575597, 41.202139], [-8.57423, 41.20462], [-8.568566, 41.204416], [-8.565895, 41.206227], [-8.567697, 41.208246], [-8.566512, 41.209376], [-8.559636, 41.206251], [-8.554271, 41.20627], [-8.549521, 41.209214], [-8.544157, 41.209458], [-8.54238, 41.211265], [-8.532257, 41.213102], [-8.52713, 41.203215], [-8.522911, 41.200078]]]]}}, {"id": "12", "type": "Feature", "properties": {"fill": "#a3a3a3", "value_min": 0.0, "value_max": 0.33}, "geometry": {"type": "MultiPolygon", "coordinates": [[[[-8.11693, 41.812302], [-8.10588, 41.802546], [-8.093914, 41.797487], [-8.081918, 41.794632], [-8.021846, 41.787583], [-7.961846, 41.776892], [-7.937797, 41.775895], [-7.925741, 41.777274], [-7.915077, 41.785045], [-7.9182, 41.803088], [-7.917442, 41.812087], [-7.889876, 41.857112], [-7.891675, 41.859094], [-7.895381, 41.859552], [-7.90512, 41.838991], [-7.921986, 41.81213], [-7.924516, 41.785133], [-7.937736, 41.779588], [-7.94977, 41.779531], [-7.961755, 41.782492], [-8.009614, 41.800397], [-8.03511, 41.813136], [-8.046775, 41.822283], [-8.057314, 41.815656], [-8.06664, 41.817012], [-8.072961, 41.813414], [-8.078678, 41.813417], [-8.082892, 41.810493], [-8.091013, 41.812521], [-8.093421, 41.811397], [-8.093723, 41.808471], [-8.101845, 41.809824], [-8.104853, 41.81185], [-8.11693, 41.812302]]], [[[-7.814732, 41.873538], [-7.799161, 41.846938], [-7.790129, 41.837837], [-7.780327, 41.831258], [-7.768358, 41.827398], [-7.756337, 41.82634], [-7.741031, 41.827551], [-7.738919, 41.828515], [-7.739805, 41.831219], [-7.743819, 41.834834], [-7.756192, 41.833814], [-7.768205, 41.835419], [-7.780146, 41.84079], [-7.787437, 41.846815], [-7.793865, 41.85589], [-7.796869, 41.864928], [-7.797181, 41.873713], [-7.803381, 41.874857], [-7.804914, 41.869459], [-7.814732, 41.873538]]], [[[-7.796374, 41.877087], [-7.796374, 41.877087], [-7.795967, 41.878662], [-7.796374, 41.877087]]], [[[-8.461955, 41.693696], [-8.443903, 41.68978], [-8.431887, 41.689741], [-8.419857, 41.691314], [-8.397586, 41.698518], [-8.380891, 41.707436], [-8.371613, 41.716393], [-8.365865, 41.725369], [-8.364513, 41.73464], [-8.368703, 41.73193], [-8.371416, 41.7344], [-8.375334, 41.734392], [-8.374983, 41.725418], [-8.378322, 41.71643], [-8.386942, 41.707469], [-8.403735, 41.69855], [-8.419832, 41.694104], [-8.431855, 41.69342], [-8.443858, 41.695079], [-8.453269, 41.698381], [-8.453255, 41.695487], [-8.458061, 41.695698], [-8.461955, 41.693696]]], [[[-8.154185, 41.790767], [-8.16624, 41.789202], [-8.178324, 41.785411], [-8.190452, 41.777905], [-8.198417, 41.769357], [-8.203117, 41.760383], [-8.204393, 41.751385], [-8.201775, 41.74236], [-8.194139, 41.733299], [-8.179082, 41.725903], [-8.167067, 41.725283], [-8.148818, 41.732973], [-8.142844, 41.738622], [-8.136513, 41.741888], [-8.122585, 41.759796], [-8.121674, 41.768796], [-8.124646, 41.777826], [-8.130206, 41.783987], [-8.142166, 41.789557], [-8.154185, 41.790767]], [[-8.166562, 41.764319], [-8.154596, 41.759455], [-8.148304, 41.750983], [-8.149279, 41.741983], [-8.159899, 41.733054], [-8.167004, 41.730205], [-8.179014, 41.731283], [-8.182952, 41.73322], [-8.191384, 41.742287], [-8.191283, 41.751293], [-8.178612, 41.7628], [-8.166562, 41.764319]]], [[[-7.877574, 41.779427], [-7.89479, 41.775844], [-7.903086, 41.766917], [-7.902944, 41.757909], [-7.89896, 41.748864], [-7.884264, 41.739715], [-7.866343, 41.733836], [-7.842278, 41.734763], [-7.825479, 41.739129], [-7.814221, 41.74802], [-7.811851, 41.757003], [-7.81517, 41.766044], [-7.825642, 41.775158], [-7.841468, 41.779773], [-7.853479, 41.781034], [-7.877574, 41.779427]], [[-7.865551, 41.778834], [-7.853521, 41.77867], [-7.838447, 41.775288], [-7.826146, 41.766157], [-7.823281, 41.75712], [-7.827253, 41.748154], [-7.84219, 41.739626], [-7.854261, 41.737075], [-7.866284, 41.737223], [-7.878247, 41.74077], [-7.89118, 41.748789], [-7.89656, 41.757848], [-7.895145, 41.766841], [-7.882664, 41.775727], [-7.865551, 41.778834]]], [[[-8.029473, 41.602486], [-8.034593, 41.614978], [-8.056021, 41.642178], [-8.057892, 41.6512], [-8.056242, 41.660194], [-8.047587, 41.674494], [-8.035432, 41.683962], [-8.028974, 41.686988], [-8.019512, 41.695914], [-8.020442, 41.704929], [-8.028058, 41.714001], [-8.058679, 41.737688], [-8.070621, 41.74347], [-8.082617, 41.745602], [-8.08943, 41.741524], [-8.094783, 41.735734], [-8.101375, 41.714597], [-8.107242, 41.704355], [-8.115532, 41.696693], [-8.153639, 41.669959], [-8.182605, 41.643147], [-8.192816, 41.625205], [-8.195062, 41.616214], [-8.1948, 41.607205], [-8.191331, 41.598173], [-8.182136, 41.589101], [-8.168896, 41.583178], [-8.155008, 41.579898], [-8.132983, 41.577406], [-8.085045, 41.574308], [-8.065082, 41.575118], [-8.064483, 41.575171], [-8.063883, 41.575225], [-8.063311, 41.575276], [-8.062984, 41.575305], [-8.055484, 41.580673], [-8.052181, 41.584498], [-8.052777, 41.587649], [-8.048277, 41.590122], [-8.045573, 41.594397], [-8.037169, 41.600242], [-8.031467, 41.602938], [-8.029473, 41.602486]], [[-8.058834, 41.727118], [-8.046874, 41.722813], [-8.034975, 41.714582], [-8.028082, 41.704994], [-8.029234, 41.695997], [-8.050248, 41.678158], [-8.065852, 41.651265], [-8.066934, 41.642267], [-8.052469, 41.615127], [-8.05264, 41.606121], [-8.058017, 41.597158], [-8.072842, 41.588892], [-8.08487, 41.586741], [-8.108837, 41.588734], [-8.135902, 41.59777], [-8.156567, 41.608743], [-8.163628, 41.61599], [-8.167772, 41.625027], [-8.167828, 41.634034], [-8.164151, 41.643015], [-8.156003, 41.651952], [-8.143874, 41.660985], [-8.128141, 41.678776], [-8.104163, 41.696605], [-8.082975, 41.720473], [-8.070862, 41.726786], [-8.058834, 41.727118]]], [[[-8.336926, 41.575662], [-8.360994, 41.567828], [-8.373057, 41.56067], [-8.385155, 41.549455], [-8.40077, 41.527398], [-8.405627, 41.518415], [-8.407487, 41.509418], [-8.400875, 41.482361], [-8.401923, 41.473359], [-8.409986, 41.455945], [-8.417345, 41.446416], [-8.423405, 41.428431], [-8.421945, 41.419417], [-8.415815, 41.410378], [-8.410434, 41.406462], [-8.398501, 41.403043], [-8.362617, 41.402376], [-8.326793, 41.396002], [-8.314837, 41.395432], [-8.30284, 41.398665], [-8.290808, 41.405049], [-8.243941, 41.4364], [-8.233835, 41.44534], [-8.229314, 41.454317], [-8.230678, 41.463334], [-8.238865, 41.472396], [-8.254035, 41.482081], [-8.265884, 41.493466], [-8.272215, 41.508641], [-8.269917, 41.526641], [-8.257715, 41.553585], [-8.258805, 41.562599], [-8.268623, 41.571669], [-8.288922, 41.577751], [-8.312902, 41.578751], [-8.336926, 41.575662]], [[-8.313064, 41.563518], [-8.301097, 41.561122], [-8.289167, 41.555428], [-8.280168, 41.54472], [-8.277012, 41.508671], [-8.265971, 41.485783], [-8.249223, 41.463456], [-8.248836, 41.454446], [-8.253363, 41.445469], [-8.261644, 41.436515], [-8.278632, 41.424205], [-8.302699, 41.411826], [-8.314694, 41.409019], [-8.326665, 41.408342], [-8.362521, 41.412191], [-8.386406, 41.416967], [-8.398311, 41.423669], [-8.402589, 41.428325], [-8.406106, 41.437351], [-8.40595, 41.446358], [-8.39806, 41.473339], [-8.397749, 41.484425], [-8.401921, 41.509389], [-8.399057, 41.518381], [-8.385263, 41.538108], [-8.373168, 41.549106], [-8.361109, 41.556085], [-8.349072, 41.560652], [-8.337055, 41.563008], [-8.313064, 41.563518]]], [[[-8.804485, 41.265979], [-8.781825, 41.255928], [-8.757968, 41.251487], [-8.734099, 41.250801], [-8.698273, 41.254988], [-8.684451, 41.258298], [-8.663239, 41.267245], [-8.652581, 41.276221], [-8.64813, 41.285216], [-8.648104, 41.294223], [-8.651891, 41.303243], [-8.658794, 41.312271], [-8.668632, 41.321308], [-8.697875, 41.341257], [-8.721736, 41.351316], [-8.745629, 41.355209], [-8.769545, 41.35365], [-8.793478, 41.346046], [-8.807303, 41.337529], [-8.804485, 41.265979]], [[-8.745679, 41.342382], [-8.733725, 41.342822], [-8.70984, 41.338389], [-8.69791, 41.333658], [-8.685992, 41.326705], [-8.668992, 41.312301], [-8.663109, 41.303276], [-8.660336, 41.29426], [-8.661477, 41.285256], [-8.666671, 41.276263], [-8.678646, 41.267289], [-8.698249, 41.260097], [-8.706877, 41.258357], [-8.734076, 41.256539], [-8.750806, 41.25846], [-8.769859, 41.264404], [-8.776402, 41.267521], [-8.788016, 41.276551], [-8.794146, 41.285569], [-8.797364, 41.294583], [-8.797511, 41.303591], [-8.794722, 41.312594], [-8.789141, 41.321591], [-8.77897, 41.33058], [-8.769607, 41.335835], [-8.75764, 41.340094], [-8.745679, 41.342382]]]]}}, {"id": "13", "type": "Feature", "properties": {"fill": "#a3a3a3", "value_min": 0.33, "value_max": 0.67}, "geometry": {"type": "MultiPolygon", "coordinates": [[[[-8.046775, 41.822283], [-8.03511, 41.813136], [-8.009614, 41.800397], [-7.961755, 41.782492], [-7.94977, 41.779531], [-7.937736, 41.779588], [-7.924516, 41.785133], [-7.921986, 41.81213], [-7.90512, 41.838991], [-7.895381, 41.859552], [-7.901697, 41.86159], [-7.908258, 41.839021], [-7.933499, 41.803231], [-7.930519, 41.794196], [-7.933231, 41.785215], [-7.937674, 41.783337], [-7.949711, 41.783148], [-7.956507, 41.785428], [-7.964911, 41.794511], [-8.008022, 41.812905], [-8.020371, 41.822018], [-8.027787, 41.830038], [-8.037134, 41.831171], [-8.041351, 41.828023], [-8.041054, 41.825097], [-8.045268, 41.824425], [-8.046775, 41.822283]]], [[[-7.795967, 41.878662], [-7.796374, 41.877087], [-7.794349, 41.87438], [-7.797181, 41.873713], [-7.796869, 41.864928], [-7.793865, 41.85589], [-7.787437, 41.846815], [-7.780146, 41.84079], [-7.768205, 41.835419], [-7.756192, 41.833814], [-7.743819, 41.834834], [-7.74729, 41.837772], [-7.746356, 41.842816], [-7.756045, 41.841423], [-7.768048, 41.843556], [-7.773889, 41.846671], [-7.782442, 41.855769], [-7.784144, 41.864794], [-7.781158, 41.873769], [-7.767262, 41.884514], [-7.755164, 41.886862], [-7.743142, 41.885258], [-7.728999, 41.875971], [-7.720533, 41.880218], [-7.720523, 41.881793], [-7.725335, 41.882935], [-7.726208, 41.887665], [-7.737044, 41.888828], [-7.73944, 41.891087], [-7.74246, 41.889747], [-7.742785, 41.885922], [-7.756022, 41.888441], [-7.758719, 41.890926], [-7.756592, 41.89407], [-7.758076, 41.897901], [-7.763193, 41.898593], [-7.779227, 41.886264], [-7.785257, 41.885157], [-7.788886, 41.882467], [-7.794007, 41.882257], [-7.795967, 41.878662]]], [[[-7.865551, 41.778834], [-7.882664, 41.775727], [-7.895145, 41.766841], [-7.89656, 41.757848], [-7.89118, 41.748789], [-7.878247, 41.74077], [-7.866284, 41.737223], [-7.854261, 41.737075], [-7.84219, 41.739626], [-7.827253, 41.748154], [-7.823281, 41.75712], [-7.826146, 41.766157], [-7.838447, 41.775288], [-7.853521, 41.77867], [-7.865551, 41.778834]], [[-7.853563, 41.776305], [-7.84161, 41.7719], [-7.83391, 41.766236], [-7.831515, 41.757204], [-7.835952, 41.748243], [-7.842103, 41.744494], [-7.854201, 41.740486], [-7.866229, 41.740338], [-7.878192, 41.743938], [-7.885717, 41.748736], [-7.890557, 41.75779], [-7.88856, 41.766777], [-7.877665, 41.774193], [-7.872443, 41.775627], [-7.865587, 41.776806], [-7.853563, 41.776305]]], [[[-8.453269, 41.698381], [-8.443858, 41.695079], [-8.431855, 41.69342], [-8.419832, 41.694104], [-8.403735, 41.69855], [-8.386942, 41.707469], [-8.378322, 41.71643], [-8.374983, 41.725418], [-8.375334, 41.734392], [-8.383529, 41.730998], [-8.38231, 41.725458], [-8.384669, 41.716464], [-8.392132, 41.707496], [-8.407764, 41.699545], [-8.419806, 41.696893], [-8.431822, 41.697099], [-8.44381, 41.70056], [-8.44849, 41.703545], [-8.453269, 41.698381]]], [[[-8.166562, 41.764319], [-8.178612, 41.7628], [-8.191283, 41.751293], [-8.191384, 41.742287], [-8.182952, 41.73322], [-8.179014, 41.731283], [-8.167004, 41.730205], [-8.159899, 41.733054], [-8.149279, 41.741983], [-8.148304, 41.750983], [-8.154596, 41.759455], [-8.166562, 41.764319]], [[-8.163758, 41.751096], [-8.159577, 41.742059], [-8.166921, 41.736588], [-8.178911, 41.739374], [-8.181715, 41.742219], [-8.178778, 41.749775], [-8.16671, 41.752898], [-8.163758, 41.751096]]], [[[-8.058834, 41.727118], [-8.070862, 41.726786], [-8.082975, 41.720473], [-8.104163, 41.696605], [-8.128141, 41.678776], [-8.143874, 41.660985], [-8.156003, 41.651952], [-8.164151, 41.643015], [-8.167828, 41.634034], [-8.167772, 41.625027], [-8.163628, 41.61599], [-8.156567, 41.608743], [-8.135902, 41.59777], [-8.108837, 41.588734], [-8.08487, 41.586741], [-8.072842, 41.588892], [-8.058017, 41.597158], [-8.05264, 41.606121], [-8.052469, 41.615127], [-8.066934, 41.642267], [-8.065852, 41.651265], [-8.050248, 41.678158], [-8.029234, 41.695997], [-8.028082, 41.704994], [-8.034975, 41.714582], [-8.046874, 41.722813], [-8.058834, 41.727118]], [[-8.058937, 41.720019], [-8.046947, 41.71788], [-8.041514, 41.714114], [-8.03514, 41.703542], [-8.037871, 41.696069], [-8.049872, 41.687162], [-8.071906, 41.654207], [-8.076927, 41.651354], [-8.08407, 41.643309], [-8.087317, 41.64243], [-8.084114, 41.640174], [-8.080451, 41.633369], [-8.069648, 41.624275], [-8.066301, 41.61524], [-8.069484, 41.606259], [-8.072634, 41.603365], [-8.084707, 41.59828], [-8.096701, 41.59866], [-8.112642, 41.6066], [-8.120458, 41.616485], [-8.144373, 41.623277], [-8.150832, 41.63391], [-8.144085, 41.645039], [-8.124933, 41.65173], [-8.123387, 41.669732], [-8.119092, 41.678707], [-8.110758, 41.687649], [-8.095286, 41.699833], [-8.084118, 41.705454], [-8.071016, 41.716064], [-8.058937, 41.720019]]], [[[-8.313064, 41.563518], [-8.337055, 41.563008], [-8.349072, 41.560652], [-8.361109, 41.556085], [-8.373168, 41.549106], [-8.385263, 41.538108], [-8.399057, 41.518381], [-8.401921, 41.509389], [-8.397749, 41.484425], [-8.39806, 41.473339], [-8.40595, 41.446358], [-8.406106, 41.437351], [-8.402589, 41.428325], [-8.398311, 41.423669], [-8.386406, 41.416967], [-8.362521, 41.412191], [-8.326665, 41.408342], [-8.314694, 41.409019], [-8.302699, 41.411826], [-8.278632, 41.424205], [-8.261644, 41.436515], [-8.253363, 41.445469], [-8.248836, 41.454446], [-8.249223, 41.463456], [-8.265971, 41.485783], [-8.277012, 41.508671], [-8.280168, 41.54472], [-8.289167, 41.555428], [-8.301097, 41.561122], [-8.313064, 41.563518]], [[-8.324719, 41.553998], [-8.313181, 41.552489], [-8.301238, 41.547989], [-8.289371, 41.536796], [-8.277806, 41.498745], [-8.26344, 41.472556], [-8.260699, 41.463531], [-8.261738, 41.45453], [-8.26698, 41.445556], [-8.275869, 41.436605], [-8.29057, 41.426924], [-8.302597, 41.421414], [-8.314596, 41.418365], [-8.338539, 41.417257], [-8.362441, 41.420393], [-8.374378, 41.423449], [-8.386288, 41.42951], [-8.393709, 41.437286], [-8.396956, 41.446311], [-8.395255, 41.482332], [-8.396719, 41.509362], [-8.393613, 41.518353], [-8.387314, 41.527327], [-8.373249, 41.540746], [-8.361192, 41.54763], [-8.34916, 41.551898], [-8.324719, 41.553998]]], [[[-8.745679, 41.342382], [-8.75764, 41.340094], [-8.769607, 41.335835], [-8.77897, 41.33058], [-8.789141, 41.321591], [-8.794722, 41.312594], [-8.797511, 41.303591], [-8.797364, 41.294583], [-8.794146, 41.285569], [-8.788016, 41.276551], [-8.776402, 41.267521], [-8.769859, 41.264404], [-8.750806, 41.25846], [-8.734076, 41.256539], [-8.706877, 41.258357], [-8.698249, 41.260097], [-8.678646, 41.267289], [-8.666671, 41.276263], [-8.661477, 41.285256], [-8.660336, 41.29426], [-8.663109, 41.303276], [-8.668992, 41.312301], [-8.685992, 41.326705], [-8.69791, 41.333658], [-8.70984, 41.338389], [-8.733725, 41.342822], [-8.745679, 41.342382]], [[-8.733762, 41.333849], [-8.721811, 41.333687], [-8.709871, 41.33136], [-8.697941, 41.326924], [-8.686027, 41.319574], [-8.677984, 41.312326], [-8.671958, 41.303302], [-8.66971, 41.294287], [-8.671504, 41.285285], [-8.67806, 41.276296], [-8.686261, 41.270622], [-8.698225, 41.265435], [-8.722117, 41.2618], [-8.745981, 41.264793], [-8.757901, 41.269516], [-8.768346, 41.276513], [-8.775616, 41.285535], [-8.778534, 41.294548], [-8.778199, 41.303555], [-8.774529, 41.312556], [-8.769669, 41.318207], [-8.757688, 41.327203], [-8.74572, 41.331826], [-8.733762, 41.333849]]]]}}, {"id": "23", "type": "Feature", "properties": {"fill": "#1f4099", "value_min": 3.67, "value_max": 4.0}, "geometry": {"type": "MultiPolygon", "coordinates": [[[[-7.967262, 41.839566], [-7.962205, 41.830514], [-7.948972, 41.828353], [-7.942597, 41.830335], [-7.936828, 41.834545], [-7.933836, 41.839261], [-7.93508, 41.848279], [-7.936571, 41.850072], [-7.948553, 41.853985], [-7.960617, 41.852944], [-7.966238, 41.848564], [-7.967262, 41.839566]]], [[[-8.36154, 41.512277], [-8.374723, 41.500237], [-8.375858, 41.482228], [-8.373914, 41.471726], [-8.362049, 41.460443], [-8.35014, 41.453937], [-8.338181, 41.452538], [-8.326191, 41.45423], [-8.314155, 41.46019], [-8.302049, 41.47255], [-8.299559, 41.481789], [-8.301821, 41.493817], [-8.307888, 41.499854], [-8.31362, 41.51094], [-8.330021, 41.518], [-8.337499, 41.519493], [-8.349496, 41.518278], [-8.36154, 41.512277]]]]}}, {"id": "22", "type": "Feature", "properties": {"fill": "#214db8", "value_min": 3.33, "value_max": 3.67}, "geometry": {"type": "MultiPolygon", "coordinates": [[[[-7.960545, 41.857375], [-7.971789, 41.848614], [-7.973414, 41.839621], [-7.966871, 41.830556], [-7.961027, 41.827573], [-7.949006, 41.826311], [-7.936902, 41.830053], [-7.930924, 41.839234], [-7.931708, 41.848248], [-7.936505, 41.854016], [-7.948475, 41.85875], [-7.960545, 41.857375]], [[-7.967262, 41.839566], [-7.966238, 41.848564], [-7.960617, 41.852944], [-7.948553, 41.853985], [-7.936571, 41.850072], [-7.93508, 41.848279], [-7.933836, 41.839261], [-7.936828, 41.834545], [-7.942597, 41.830335], [-7.948972, 41.828353], [-7.962205, 41.830514], [-7.967262, 41.839566]]], [[[-8.36151, 41.51538], [-8.373589, 41.505467], [-8.376872, 41.500248], [-8.377902, 41.482239], [-8.376762, 41.473226], [-8.373952, 41.467823], [-8.362085, 41.456749], [-8.350165, 41.451376], [-8.338206, 41.450081], [-8.326219, 41.451494], [-8.314194, 41.45652], [-8.304964, 41.463807], [-8.298758, 41.472776], [-8.296962, 41.481773], [-8.29811, 41.490787], [-8.301759, 41.49954], [-8.31359, 41.513764], [-8.325513, 41.519658], [-8.337476, 41.521827], [-8.349472, 41.520687], [-8.36151, 41.51538]], [[-8.36154, 41.512277], [-8.349496, 41.518278], [-8.337499, 41.519493], [-8.330021, 41.518], [-8.31362, 41.51094], [-8.307888, 41.499854], [-8.301821, 41.493817], [-8.299559, 41.481789], [-8.302049, 41.47255], [-8.314155, 41.46019], [-8.326191, 41.45423], [-8.338181, 41.452538], [-8.35014, 41.453937], [-8.362049, 41.460443], [-8.373914, 41.471726], [-8.375858, 41.482228], [-8.374723, 41.500237], [-8.36154, 41.512277]]]]}}, {"id": "21", "type": "Feature", "properties": {"fill": "#245bd9", "value_min": 3.0, "value_max": 3.33}, "geometry": {"type": "MultiPolygon", "coordinates": [[[[-7.972646, 41.854034], [-7.976746, 41.848658], [-7.97765, 41.839659], [-7.971536, 41.830598], [-7.961065, 41.825254], [-7.949039, 41.824271], [-7.936939, 41.827787], [-7.933613, 41.830252], [-7.928011, 41.839207], [-7.928335, 41.848216], [-7.936439, 41.857987], [-7.948418, 41.862221], [-7.960481, 41.861322], [-7.972646, 41.854034]], [[-7.960545, 41.857375], [-7.948475, 41.85875], [-7.936505, 41.854016], [-7.931708, 41.848248], [-7.930924, 41.839234], [-7.936902, 41.830053], [-7.949006, 41.826311], [-7.961027, 41.827573], [-7.966871, 41.830556], [-7.973414, 41.839621], [-7.971789, 41.848614], [-7.960545, 41.857375]]], [[[-8.373231, 41.509236], [-8.379022, 41.50026], [-8.378836, 41.473237], [-8.37399, 41.463898], [-8.364673, 41.455145], [-8.350191, 41.448815], [-8.338231, 41.447623], [-8.326248, 41.448759], [-8.311038, 41.454836], [-8.300525, 41.46378], [-8.295614, 41.472757], [-8.294367, 41.481757], [-8.299206, 41.499801], [-8.305151, 41.508845], [-8.31356, 41.516587], [-8.325485, 41.52234], [-8.337452, 41.52416], [-8.349448, 41.523095], [-8.361479, 41.518471], [-8.373231, 41.509236]], [[-8.36151, 41.51538], [-8.349472, 41.520687], [-8.337476, 41.521827], [-8.325513, 41.519658], [-8.31359, 41.513764], [-8.301759, 41.49954], [-8.29811, 41.490787], [-8.296962, 41.481773], [-8.298758, 41.472776], [-8.304964, 41.463807], [-8.314194, 41.45652], [-8.326219, 41.451494], [-8.338206, 41.450081], [-8.350165, 41.451376], [-8.362085, 41.456749], [-8.373952, 41.467823], [-8.376762, 41.473226], [-8.377902, 41.482239], [-8.376872, 41.500248], [-8.373589, 41.505467], [-8.36151, 41.51538]]]]}}, {"id": "20", "type": "Feature", "properties": {"fill": "#2e6eed", "value_min": 2.67, "value_max": 3.0}, "geometry": {"type": "MultiPolygon", "coordinates": [[[[-7.98158, 41.848701], [-7.981887, 41.839697], [-7.97648, 41.830642], [-7.961102, 41.822933], [-7.949072, 41.822229], [-7.936977, 41.825521], [-7.930631, 41.830224], [-7.925098, 41.839179], [-7.924963, 41.848185], [-7.93061, 41.857244], [-7.936371, 41.862085], [-7.948361, 41.865692], [-7.960417, 41.865252], [-7.972548, 41.860145], [-7.98158, 41.848701]], [[-7.972646, 41.854034], [-7.960481, 41.861322], [-7.948418, 41.862221], [-7.936439, 41.857987], [-7.928335, 41.848216], [-7.928011, 41.839207], [-7.933613, 41.830252], [-7.936939, 41.827787], [-7.949039, 41.824271], [-7.961065, 41.825254], [-7.971536, 41.830598], [-7.97765, 41.839659], [-7.976746, 41.848658], [-7.972646, 41.854034]]], [[[-8.095622, 41.675836], [-8.083603, 41.676207], [-8.08179, 41.678415], [-8.083541, 41.68059], [-8.095554, 41.680734], [-8.097492, 41.678539], [-8.095622, 41.675836]]], [[[-8.373522, 41.512482], [-8.381172, 41.500272], [-8.381991, 41.482261], [-8.380909, 41.473248], [-8.3771, 41.46422], [-8.369246, 41.45517], [-8.36215, 41.450068], [-8.350216, 41.446254], [-8.338259, 41.444857], [-8.326276, 41.446022], [-8.314269, 41.449422], [-8.30523, 41.454801], [-8.296308, 41.463754], [-8.29247, 41.472738], [-8.29177, 41.481741], [-8.296526, 41.499785], [-8.302033, 41.508826], [-8.311069, 41.517888], [-8.325457, 41.525023], [-8.337428, 41.526493], [-8.349424, 41.525503], [-8.36145, 41.521427], [-8.373522, 41.512482]], [[-8.373231, 41.509236], [-8.361479, 41.518471], [-8.349448, 41.523095], [-8.337452, 41.52416], [-8.325485, 41.52234], [-8.31356, 41.516587], [-8.305151, 41.508845], [-8.299206, 41.499801], [-8.294367, 41.481757], [-8.295614, 41.472757], [-8.300525, 41.46378], [-8.311038, 41.454836], [-8.326248, 41.448759], [-8.338231, 41.447623], [-8.350191, 41.448815], [-8.364673, 41.455145], [-8.37399, 41.463898], [-8.378836, 41.473237], [-8.379022, 41.50026], [-8.373231, 41.509236]]]]}}, {"id": "19", "type": "Feature", "properties": {"fill": "#4182f2", "value_min": 2.33, "value_max": 2.67}, "geometry": {"type": "MultiPolygon", "coordinates": [[[[-7.948289, 41.870074], [-7.960342, 41.869886], [-7.972458, 41.86575], [-7.982424, 41.857715], [-7.986865, 41.848748], [-7.98657, 41.839738], [-7.981553, 41.830687], [-7.973116, 41.824646], [-7.961143, 41.820421], [-7.94911, 41.819907], [-7.937014, 41.823256], [-7.927647, 41.830197], [-7.922371, 41.839154], [-7.921729, 41.848155], [-7.925608, 41.857198], [-7.936304, 41.866183], [-7.948289, 41.870074]], [[-7.98158, 41.848701], [-7.972548, 41.860145], [-7.960417, 41.865252], [-7.948361, 41.865692], [-7.936371, 41.862085], [-7.93061, 41.857244], [-7.924963, 41.848185], [-7.925098, 41.839179], [-7.930631, 41.830224], [-7.936977, 41.825521], [-7.949072, 41.822229], [-7.961102, 41.822933], [-7.97648, 41.830642], [-7.981887, 41.839697], [-7.98158, 41.848701]]], [[[-7.859373, 41.757484], [-7.865848, 41.762002], [-7.869172, 41.757581], [-7.865968, 41.755139], [-7.859373, 41.757484]]], [[[-8.083481, 41.684862], [-8.095505, 41.684199], [-8.100481, 41.678562], [-8.095681, 41.67162], [-8.083666, 41.671816], [-8.078271, 41.678386], [-8.083481, 41.684862]], [[-8.095622, 41.675836], [-8.097492, 41.678539], [-8.095554, 41.680734], [-8.083541, 41.68059], [-8.08179, 41.678415], [-8.083603, 41.676207], [-8.095622, 41.675836]]], [[[-8.337396, 41.529638], [-8.349396, 41.528269], [-8.361421, 41.524384], [-8.373488, 41.51602], [-8.3793, 41.509269], [-8.383321, 41.500283], [-8.384316, 41.491281], [-8.382982, 41.473259], [-8.380005, 41.464236], [-8.374071, 41.455431], [-8.362182, 41.446826], [-8.350251, 41.442772], [-8.338294, 41.441475], [-8.326313, 41.442401], [-8.314306, 41.445908], [-8.302265, 41.452361], [-8.292091, 41.463728], [-8.289084, 41.472717], [-8.288889, 41.481723], [-8.293844, 41.499769], [-8.298735, 41.508806], [-8.306428, 41.51786], [-8.313488, 41.523458], [-8.325426, 41.528009], [-8.337396, 41.529638]], [[-8.373522, 41.512482], [-8.36145, 41.521427], [-8.349424, 41.525503], [-8.337428, 41.526493], [-8.325457, 41.525023], [-8.311069, 41.517888], [-8.302033, 41.508826], [-8.296526, 41.499785], [-8.29177, 41.481741], [-8.29247, 41.472738], [-8.296308, 41.463754], [-8.30523, 41.454801], [-8.314269, 41.449422], [-8.326276, 41.446022], [-8.338259, 41.444857], [-8.350216, 41.446254], [-8.36215, 41.450068], [-8.369246, 41.45517], [-8.3771, 41.46422], [-8.380909, 41.473248], [-8.381991, 41.482261], [-8.381172, 41.500272], [-8.373522, 41.512482]]]]}}, {"id": "2", "type": "Feature", "properties": {"fill": "#ae1c1c", "value_min": -3.33, "value_max": -3.0}, "geometry": {"type": "MultiPolygon", "coordinates": [[[[-7.862266, 41.829567], [-7.876704, 41.829243], [-7.889319, 41.820826], [-7.892191, 41.811846], [-7.889161, 41.805255], [-7.887422, 41.802794], [-7.877259, 41.797471], [-7.865226, 41.797261], [-7.853107, 41.801906], [-7.846079, 41.811392], [-7.847898, 41.820417], [-7.85269, 41.825265], [-7.862266, 41.829567]], [[-7.864698, 41.82716], [-7.851966, 41.820458], [-7.849461, 41.811426], [-7.856454, 41.802489], [-7.865195, 41.799032], [-7.877228, 41.799211], [-7.884004, 41.80276], [-7.889945, 41.811825], [-7.888997, 41.814751], [-7.885368, 41.820787], [-7.876753, 41.826396], [-7.864698, 41.82716]]], [[[-8.381451, 41.680418], [-8.38445, 41.680434], [-8.395977, 41.674838], [-8.399556, 41.671507], [-8.400441, 41.662504], [-8.396144, 41.656995], [-8.384188, 41.651332], [-8.372166, 41.65261], [-8.361455, 41.662295], [-8.361989, 41.671305], [-8.371907, 41.679213], [-8.381451, 41.680418]], [[-8.371951, 41.674736], [-8.367687, 41.671336], [-8.367285, 41.662327], [-8.372115, 41.657868], [-8.384148, 41.655455], [-8.395872, 41.662481], [-8.394804, 41.671482], [-8.383943, 41.676948], [-8.371951, 41.674736]]]]}}, {"id": "15", "type": "Feature", "properties": {"fill": "#97a3b2", "value_min": 1.0, "value_max": 1.33}, "geometry": {"type": "MultiPolygon", "coordinates": [[[[-8.013059, 41.830837], [-8.012926, 41.830699], [-8.012758, 41.830523], [-8.004651, 41.821883], [-7.997321, 41.816835], [-7.985373, 41.810984], [-7.973393, 41.807281], [-7.949344, 41.805592], [-7.937236, 41.809831], [-7.925048, 41.818799], [-7.911396, 41.83905], [-7.90713, 41.857023], [-7.91027, 41.871285], [-7.910299, 41.871358], [-7.914706, 41.878946], [-7.91479, 41.879053], [-7.914883, 41.879171], [-7.924519, 41.878064], [-7.914948, 41.866104], [-7.912102, 41.857071], [-7.912012, 41.848063], [-7.914273, 41.839078], [-7.919044, 41.830116], [-7.924977, 41.823022], [-7.937157, 41.814639], [-7.961288, 41.8114], [-7.973299, 41.813187], [-7.985274, 41.81728], [-7.992858, 41.82178], [-8.002393, 41.83087], [-8.007351, 41.841721], [-8.013059, 41.830837]]], [[[-7.924907, 41.87829], [-7.924907, 41.87829], [-7.924731, 41.878187], [-7.924907, 41.87829]]], [[[-8.007534, 41.842847], [-8.007534, 41.842847], [-8.007571, 41.843072], [-8.007534, 41.842847]]], [[[-7.745267, 41.856221], [-7.743545, 41.864357], [-7.755481, 41.870523], [-7.767615, 41.866156], [-7.767825, 41.855211], [-7.755849, 41.851539], [-7.746585, 41.854952], [-7.745267, 41.856221]]], [[[-7.886554, 41.757751], [-7.880614, 41.748687], [-7.866184, 41.742862], [-7.854147, 41.743517], [-7.843457, 41.748318], [-7.837313, 41.757263], [-7.841694, 41.767238], [-7.853611, 41.773595], [-7.865625, 41.77463], [-7.87772, 41.771014], [-7.88401, 41.766733], [-7.886554, 41.757751]], [[-7.882766, 41.757714], [-7.879459, 41.766689], [-7.865668, 41.772217], [-7.853663, 41.770687], [-7.845971, 41.766357], [-7.842831, 41.757319], [-7.850006, 41.748384], [-7.854093, 41.746548], [-7.86614, 41.745386], [-7.874632, 41.748628], [-7.882766, 41.757714]]], [[[-8.444602, 41.706988], [-8.431788, 41.701], [-8.41978, 41.699806], [-8.407738, 41.702383], [-8.397451, 41.707524], [-8.389721, 41.716491], [-8.388534, 41.725491], [-8.390804, 41.730532], [-8.397843, 41.729841], [-8.39455, 41.725523], [-8.394773, 41.716517], [-8.403045, 41.707554], [-8.407712, 41.705221], [-8.419752, 41.702925], [-8.431752, 41.70507], [-8.437181, 41.707726], [-8.441327, 41.713057], [-8.444602, 41.706988]]], [[[-8.441517, 41.7133], [-8.441517, 41.7133], [-8.441629, 41.713445], [-8.441517, 41.7133]]], [[[-8.071231, 41.701113], [-8.083275, 41.699356], [-8.09535, 41.695303], [-8.10591, 41.687612], [-8.114705, 41.678673], [-8.115656, 41.669673], [-8.109465, 41.660618], [-8.095927, 41.6541], [-8.083905, 41.654919], [-8.071789, 41.662349], [-8.066061, 41.669281], [-8.06196, 41.678254], [-8.05936, 41.691043], [-8.046935, 41.696145], [-8.041584, 41.705107], [-8.047033, 41.712058], [-8.05903, 41.713656], [-8.068862, 41.705332], [-8.071231, 41.701113]], [[-8.107561, 41.681309], [-8.10247, 41.687585], [-8.095386, 41.692745], [-8.08334, 41.694742], [-8.071394, 41.689804], [-8.069077, 41.687319], [-8.066546, 41.678292], [-8.071703, 41.668284], [-8.083821, 41.660845], [-8.095835, 41.660611], [-8.109463, 41.669625], [-8.110316, 41.678639], [-8.107561, 41.681309]]], [[[-8.096487, 41.614011], [-8.084515, 41.611863], [-8.081427, 41.615362], [-8.084405, 41.619639], [-8.09644, 41.617348], [-8.097683, 41.615491], [-8.096487, 41.614011]]], [[[-8.349229, 41.54493], [-8.361256, 41.541189], [-8.373313, 41.534117], [-8.385411, 41.522492], [-8.392888, 41.509341], [-8.394157, 41.500341], [-8.392198, 41.455293], [-8.386179, 41.441152], [-8.3743, 41.431642], [-8.35043, 41.42485], [-8.326506, 41.423804], [-8.31452, 41.42558], [-8.302512, 41.429307], [-8.290477, 41.435429], [-8.2784, 41.445193], [-8.271538, 41.454592], [-8.269301, 41.463586], [-8.27018, 41.472599], [-8.289534, 41.521896], [-8.301348, 41.537809], [-8.313271, 41.543982], [-8.325232, 41.546658], [-8.337219, 41.546945], [-8.349229, 41.54493]], [[-8.36131, 41.53564], [-8.34928, 41.539904], [-8.337275, 41.541505], [-8.325293, 41.540834], [-8.313341, 41.537328], [-8.301433, 41.529869], [-8.289649, 41.51135], [-8.278321, 41.481657], [-8.276015, 41.472636], [-8.276309, 41.46363], [-8.279859, 41.454645], [-8.287426, 41.445685], [-8.30244, 41.436076], [-8.314456, 41.431643], [-8.338417, 41.429307], [-8.362316, 41.43316], [-8.374231, 41.438811], [-8.382311, 41.446233], [-8.38607, 41.452681], [-8.389284, 41.464285], [-8.391307, 41.491318], [-8.389058, 41.509321], [-8.38375, 41.5183], [-8.374916, 41.52726], [-8.36131, 41.53564]]], [[[-8.75774, 41.3132], [-8.763574, 41.303526], [-8.76437, 41.29452], [-8.761146, 41.285506], [-8.752612, 41.27648], [-8.74595, 41.272742], [-8.734027, 41.268529], [-8.722094, 41.267056], [-8.710152, 41.267877], [-8.698198, 41.271272], [-8.68874, 41.276325], [-8.680498, 41.28531], [-8.678111, 41.294311], [-8.680045, 41.303324], [-8.686064, 41.31184], [-8.697971, 41.320523], [-8.709899, 41.32505], [-8.721841, 41.326702], [-8.733794, 41.325794], [-8.746724, 41.321506], [-8.75774, 41.3132]], [[-8.745804, 41.310416], [-8.733827, 41.317716], [-8.72187, 41.319976], [-8.709927, 41.31873], [-8.698002, 41.313803], [-8.688077, 41.303346], [-8.685972, 41.294333], [-8.689442, 41.285335], [-8.698168, 41.277755], [-8.710127, 41.27356], [-8.72207, 41.272931], [-8.736706, 41.276445], [-8.748548, 41.285479], [-8.75227, 41.294495], [-8.750969, 41.3035], [-8.745804, 41.310416]]]]}}, {"id": "14", "type": "Feature", "properties": {"fill": "#a3a3a3", "value_min": 0.67, "value_max": 1.0}, "geometry": {"type": "MultiPolygon", "coordinates": [[[[-8.027787, 41.830038], [-8.020371, 41.822018], [-8.008022, 41.812905], [-7.964911, 41.794511], [-7.956507, 41.785428], [-7.949711, 41.783148], [-7.937674, 41.783337], [-7.933231, 41.785215], [-7.930519, 41.794196], [-7.933499, 41.803231], [-7.908258, 41.839021], [-7.901697, 41.86159], [-7.904318, 41.859795], [-7.907309, 41.865203], [-7.906095, 41.868126], [-7.91027, 41.871285], [-7.90713, 41.857023], [-7.911396, 41.83905], [-7.925048, 41.818799], [-7.937236, 41.809831], [-7.949344, 41.805592], [-7.973393, 41.807281], [-7.985373, 41.810984], [-7.997321, 41.816835], [-8.004651, 41.821883], [-8.012758, 41.830523], [-8.013965, 41.828899], [-8.017873, 41.831379], [-8.027787, 41.830038]]], [[[-7.914883, 41.879171], [-7.914883, 41.879171], [-7.91479, 41.879053], [-7.914883, 41.879171]]], [[[-7.914706, 41.878946], [-7.910299, 41.871358], [-7.909985, 41.875111], [-7.914706, 41.878946]]], [[[-8.012926, 41.830699], [-8.012926, 41.830699], [-8.013059, 41.830837], [-8.012926, 41.830699]]], [[[-7.728999, 41.875971], [-7.743142, 41.885258], [-7.755164, 41.886862], [-7.767262, 41.884514], [-7.781158, 41.873769], [-7.784144, 41.864794], [-7.782442, 41.855769], [-7.773889, 41.846671], [-7.768048, 41.843556], [-7.756045, 41.841423], [-7.746356, 41.842816], [-7.750541, 41.847685], [-7.750532, 41.849261], [-7.743309, 41.849012], [-7.746901, 41.8524], [-7.746585, 41.854952], [-7.755849, 41.851539], [-7.767825, 41.855211], [-7.767615, 41.866156], [-7.755481, 41.870523], [-7.743545, 41.864357], [-7.745267, 41.856221], [-7.739943, 41.858003], [-7.736611, 41.861368], [-7.734159, 41.868337], [-7.730228, 41.871024], [-7.728999, 41.875971]]], [[[-7.853563, 41.776305], [-7.865587, 41.776806], [-7.872443, 41.775627], [-7.877665, 41.774193], [-7.88856, 41.766777], [-7.890557, 41.75779], [-7.885717, 41.748736], [-7.878192, 41.743938], [-7.866229, 41.740338], [-7.854201, 41.740486], [-7.842103, 41.744494], [-7.835952, 41.748243], [-7.831515, 41.757204], [-7.83391, 41.766236], [-7.84161, 41.7719], [-7.853563, 41.776305]], [[-7.886554, 41.757751], [-7.88401, 41.766733], [-7.87772, 41.771014], [-7.865625, 41.77463], [-7.853611, 41.773595], [-7.841694, 41.767238], [-7.837313, 41.757263], [-7.843457, 41.748318], [-7.854147, 41.743517], [-7.866184, 41.742862], [-7.880614, 41.748687], [-7.886554, 41.757751]]], [[[-8.44849, 41.703545], [-8.44381, 41.70056], [-8.431822, 41.697099], [-8.419806, 41.696893], [-8.407764, 41.699545], [-8.392132, 41.707496], [-8.384669, 41.716464], [-8.38231, 41.725458], [-8.383529, 41.730998], [-8.385523, 41.730319], [-8.387332, 41.73189], [-8.390804, 41.730532], [-8.388534, 41.725491], [-8.389721, 41.716491], [-8.397451, 41.707524], [-8.407738, 41.702383], [-8.41978, 41.699806], [-8.431788, 41.701], [-8.444602, 41.706988], [-8.44849, 41.703545]]], [[[-8.163758, 41.751096], [-8.16671, 41.752898], [-8.178778, 41.749775], [-8.181715, 41.742219], [-8.178911, 41.739374], [-8.166921, 41.736588], [-8.159577, 41.742059], [-8.163758, 41.751096]]], [[[-8.058937, 41.720019], [-8.071016, 41.716064], [-8.084118, 41.705454], [-8.095286, 41.699833], [-8.110758, 41.687649], [-8.119092, 41.678707], [-8.123387, 41.669732], [-8.124933, 41.65173], [-8.144085, 41.645039], [-8.150832, 41.63391], [-8.144373, 41.623277], [-8.120458, 41.616485], [-8.112642, 41.6066], [-8.096701, 41.59866], [-8.084707, 41.59828], [-8.072634, 41.603365], [-8.069484, 41.606259], [-8.066301, 41.61524], [-8.069648, 41.624275], [-8.080451, 41.633369], [-8.084114, 41.640174], [-8.087317, 41.64243], [-8.08407, 41.643309], [-8.076927, 41.651354], [-8.071906, 41.654207], [-8.049872, 41.687162], [-8.037871, 41.696069], [-8.03514, 41.703542], [-8.041514, 41.714114], [-8.046947, 41.71788], [-8.058937, 41.720019]], [[-8.071231, 41.701113], [-8.068862, 41.705332], [-8.05903, 41.713656], [-8.047033, 41.712058], [-8.041584, 41.705107], [-8.046935, 41.696145], [-8.05936, 41.691043], [-8.06196, 41.678254], [-8.066061, 41.669281], [-8.071789, 41.662349], [-8.083905, 41.654919], [-8.095927, 41.6541], [-8.109465, 41.660618], [-8.115656, 41.669673], [-8.114705, 41.678673], [-8.10591, 41.687612], [-8.09535, 41.695303], [-8.083275, 41.699356], [-8.071231, 41.701113]], [[-8.096487, 41.614011], [-8.097683, 41.615491], [-8.09644, 41.617348], [-8.084405, 41.619639], [-8.081427, 41.615362], [-8.084515, 41.611863], [-8.096487, 41.614011]]], [[[-8.324719, 41.553998], [-8.34916, 41.551898], [-8.361192, 41.54763], [-8.373249, 41.540746], [-8.387314, 41.527327], [-8.393613, 41.518353], [-8.396719, 41.509362], [-8.395255, 41.482332], [-8.396956, 41.446311], [-8.393709, 41.437286], [-8.386288, 41.42951], [-8.374378, 41.423449], [-8.362441, 41.420393], [-8.338539, 41.417257], [-8.314596, 41.418365], [-8.302597, 41.421414], [-8.29057, 41.426924], [-8.275869, 41.436605], [-8.26698, 41.445556], [-8.261738, 41.45453], [-8.260699, 41.463531], [-8.26344, 41.472556], [-8.277806, 41.498745], [-8.289371, 41.536796], [-8.301238, 41.547989], [-8.313181, 41.552489], [-8.324719, 41.553998]], [[-8.349229, 41.54493], [-8.337219, 41.546945], [-8.325232, 41.546658], [-8.313271, 41.543982], [-8.301348, 41.537809], [-8.289534, 41.521896], [-8.27018, 41.472599], [-8.269301, 41.463586], [-8.271538, 41.454592], [-8.2784, 41.445193], [-8.290477, 41.435429], [-8.302512, 41.429307], [-8.31452, 41.42558], [-8.326506, 41.423804], [-8.35043, 41.42485], [-8.3743, 41.431642], [-8.386179, 41.441152], [-8.392198, 41.455293], [-8.394157, 41.500341], [-8.392888, 41.509341], [-8.385411, 41.522492], [-8.373313, 41.534117], [-8.361256, 41.541189], [-8.349229, 41.54493]]], [[[-8.733762, 41.333849], [-8.74572, 41.331826], [-8.757688, 41.327203], [-8.769669, 41.318207], [-8.774529, 41.312556], [-8.778199, 41.303555], [-8.778534, 41.294548], [-8.775616, 41.285535], [-8.768346, 41.276513], [-8.757901, 41.269516], [-8.745981, 41.264793], [-8.722117, 41.2618], [-8.698225, 41.265435], [-8.686261, 41.270622], [-8.67806, 41.276296], [-8.671504, 41.285285], [-8.66971, 41.294287], [-8.671958, 41.303302], [-8.677984, 41.312326], [-8.686027, 41.319574], [-8.697941, 41.326924], [-8.709871, 41.33136], [-8.721811, 41.333687], [-8.733762, 41.333849]], [[-8.75774, 41.3132], [-8.746724, 41.321506], [-8.733794, 41.325794], [-8.721841, 41.326702], [-8.709899, 41.32505], [-8.697971, 41.320523], [-8.686064, 41.31184], [-8.680045, 41.303324], [-8.678111, 41.294311], [-8.680498, 41.28531], [-8.68874, 41.276325], [-8.698198, 41.271272], [-8.710152, 41.267877], [-8.722094, 41.267056], [-8.734027, 41.268529], [-8.74595, 41.272742], [-8.752612, 41.27648], [-8.761146, 41.285506], [-8.76437, 41.29452], [-8.763574, 41.303526], [-8.75774, 41.3132]]]]}}, {"id": "1", "type": "Feature", "properties": {"fill": "#9c1c1c", "value_min": -3.67, "value_max": -3.33}, "geometry": {"type": "MultiPolygon", "coordinates": [[[[-7.864698, 41.82716], [-7.876753, 41.826396], [-7.885368, 41.820787], [-7.888997, 41.814751], [-7.889945, 41.811825], [-7.884004, 41.80276], [-7.877228, 41.799211], [-7.865195, 41.799032], [-7.856454, 41.802489], [-7.849461, 41.811426], [-7.851966, 41.820458], [-7.864698, 41.82716]], [[-7.864756, 41.823873], [-7.858129, 41.82052], [-7.852844, 41.81146], [-7.860794, 41.802533], [-7.865164, 41.800804], [-7.877198, 41.800953], [-7.880586, 41.802727], [-7.884533, 41.811772], [-7.881111, 41.820746], [-7.876803, 41.823551], [-7.864756, 41.823873]]], [[[-8.371951, 41.674736], [-8.383943, 41.676948], [-8.394804, 41.671482], [-8.395872, 41.662481], [-8.384148, 41.655455], [-8.372115, 41.657868], [-8.367285, 41.662327], [-8.367687, 41.671336], [-8.371951, 41.674736]], [[-8.376053, 41.671382], [-8.375145, 41.66237], [-8.384105, 41.660034], [-8.388119, 41.66244], [-8.3875, 41.671443], [-8.383979, 41.673215], [-8.376053, 41.671382]]]]}}, {"id": "0", "type": "Feature", "properties": {"fill": "#881d1d", "value_min": -4.0, "value_max": -3.67}, "geometry": {"type": "MultiPolygon", "coordinates": [[[[-7.864756, 41.823873], [-7.876803, 41.823551], [-7.881111, 41.820746], [-7.884533, 41.811772], [-7.880586, 41.802727], [-7.877198, 41.800953], [-7.865164, 41.800804], [-7.860794, 41.802533], [-7.852844, 41.81146], [-7.858129, 41.82052], [-7.864756, 41.823873]]], [[[-8.376053, 41.671382], [-8.383979, 41.673215], [-8.3875, 41.671443], [-8.388119, 41.66244], [-8.384105, 41.660034], [-8.375145, 41.66237], [-8.376053, 41.671382]]]]}}]}