{"type": "FeatureCollection", "features": [{"id": "8", "type": "Feature", "properties": {"fill": "#b1a288", "value_min": -1.33, "value_max": -1.0}, "geometry": {"type": "MultiPolygon", "coordinates": [[[[-7.888682, 41.832958], [-7.898431, 41.820913], [-7.9001, 41.811922], [-7.897032, 41.802886], [-7.889316, 41.79624], [-7.877347, 41.792396], [-7.865311, 41.792419], [-7.853225, 41.79529], [-7.84053, 41.80233], [-7.834151, 41.811272], [-7.833944, 41.820277], [-7.840546, 41.83097], [-7.852455, 41.838423], [-7.864456, 41.840864], [-7.876535, 41.83891], [-7.888682, 41.832958]], [[-7.864517, 41.837382], [-7.852524, 41.834557], [-7.844912, 41.829394], [-7.838746, 41.820325], [-7.838532, 41.811316], [-7.844368, 41.802369], [-7.853187, 41.797413], [-7.865284, 41.793949], [-7.877319, 41.794038], [-7.889276, 41.798561], [-7.894266, 41.80286], [-7.897862, 41.811901], [-7.895898, 41.820889], [-7.88874, 41.829593], [-7.876583, 41.836163], [-7.864517, 41.837382]]], [[[-7.950162, 41.755498], [-7.938105, 41.757225], [-7.937277, 41.758232], [-7.938068, 41.759445], [-7.950062, 41.761619], [-7.953134, 41.758377], [-7.950162, 41.755498]]], [[[-8.026896, 41.732005], [-8.022762, 41.72723], [-8.010831, 41.721234], [-8.002217, 41.722786], [-7.998766, 41.723977], [-7.99178, 41.731702], [-7.993651, 41.740725], [-7.998441, 41.744887], [-8.010412, 41.748505], [-8.022497, 41.744727], [-8.026018, 41.741004], [-8.026896, 41.732005]], [[-8.000377, 41.740784], [-7.996935, 41.731747], [-8.010778, 41.724687], [-8.023326, 41.731975], [-8.020198, 41.740955], [-8.010469, 41.744769], [-8.000377, 41.740784]]], [[[-8.234145, 41.697545], [-8.232484, 41.688527], [-8.227679, 41.683782], [-8.215726, 41.67866], [-8.2037, 41.679632], [-8.191579, 41.688144], [-8.189514, 41.697239], [-8.195674, 41.706289], [-8.203313, 41.710954], [-8.215321, 41.711959], [-8.22821, 41.706512], [-8.234145, 41.697545]], [[-8.203351, 41.707925], [-8.193219, 41.697265], [-8.196421, 41.68828], [-8.203656, 41.683179], [-8.215677, 41.682671], [-8.225781, 41.688482], [-8.228515, 41.697507], [-8.220501, 41.70646], [-8.215362, 41.708617], [-8.203351, 41.707925]]], [[[-8.395873, 41.685985], [-8.406264, 41.680549], [-8.414674, 41.671585], [-8.415622, 41.662583], [-8.410672, 41.65355], [-8.396278, 41.64259], [-8.384307, 41.638793], [-8.372301, 41.638673], [-8.36026, 41.642134], [-8.34647, 41.653203], [-8.342536, 41.662188], [-8.343179, 41.671199], [-8.34892, 41.680238], [-8.359811, 41.68745], [-8.3718, 41.690273], [-8.383823, 41.689554], [-8.395873, 41.685985]], [[-8.383849, 41.686894], [-8.371832, 41.686993], [-8.359857, 41.682828], [-8.356006, 41.680278], [-8.34966, 41.671235], [-8.349161, 41.662226], [-8.353738, 41.653244], [-8.360202, 41.648026], [-8.372255, 41.643459], [-8.384265, 41.643227], [-8.396237, 41.647042], [-8.404923, 41.653521], [-8.410623, 41.662557], [-8.409692, 41.67156], [-8.401125, 41.680522], [-8.383849, 41.686894]]], [[[-8.042837, 41.660083], [-8.039994, 41.651052], [-8.035982, 41.64711], [-8.024034, 41.643092], [-8.011999, 41.644898], [-8.003666, 41.650743], [-8.000767, 41.659725], [-8.005415, 41.668772], [-8.011578, 41.67244], [-8.023561, 41.674412], [-8.035633, 41.670508], [-8.042837, 41.660083]], [[-8.011632, 41.668888], [-8.005417, 41.659765], [-8.009798, 41.650796], [-8.023988, 41.646186], [-8.035929, 41.650667], [-8.040018, 41.660059], [-8.035685, 41.667015], [-8.023598, 41.671999], [-8.011632, 41.668888]]], [[[-8.64897, 41.545016], [-8.655879, 41.537451], [-8.657597, 41.528449], [-8.653994, 41.519431], [-8.64316, 41.51039], [-8.637191, 41.507239], [-8.625227, 41.503954], [-8.613242, 41.504403], [-8.601297, 41.510253], [-8.594816, 41.519238], [-8.593946, 41.528242], [-8.601035, 41.541018], [-8.612978, 41.548851], [-8.624953, 41.551503], [-8.636949, 41.550541], [-8.64897, 41.545016]], [[-8.625005, 41.542523], [-8.613033, 41.539574], [-8.604005, 41.528277], [-8.606032, 41.519276], [-8.613189, 41.513429], [-8.625185, 41.511195], [-8.637145, 41.515404], [-8.642244, 41.519395], [-8.645444, 41.528412], [-8.640474, 41.537404], [-8.637009, 41.539779], [-8.625005, 41.542523]]], [[[-8.4575, 41.536686], [-8.445176, 41.541488], [-8.443468, 41.545627], [-8.445124, 41.547543], [-8.457093, 41.550105], [-8.462008, 41.545715], [-8.4575, 41.536686]]], [[[-8.115803, 41.52556], [-8.109773, 41.520543], [-8.097777, 41.521312], [-8.093133, 41.525383], [-8.096917, 41.53442], [-8.109566, 41.535668], [-8.111629, 41.534535], [-8.115803, 41.52556]]], [[[-8.441602, 41.482566], [-8.437526, 41.473539], [-8.433799, 41.471284], [-8.421824, 41.471101], [-8.418591, 41.473445], [-8.413675, 41.482427], [-8.421636, 41.492258], [-8.43362, 41.491784], [-8.441602, 41.482566]], [[-8.421692, 41.486007], [-8.418971, 41.482454], [-8.421765, 41.47772], [-8.433721, 41.480152], [-8.435065, 41.482534], [-8.433687, 41.484156], [-8.421692, 41.486007]]], [[[-8.574315, 41.456111], [-8.571573, 41.447094], [-8.565731, 41.441966], [-8.553785, 41.438337], [-8.5418, 41.440504], [-8.533723, 41.446946], [-8.530758, 41.455942], [-8.535942, 41.46497], [-8.5416, 41.468855], [-8.553559, 41.471327], [-8.565556, 41.468144], [-8.569905, 41.465102], [-8.574315, 41.456111]], [[-8.551653, 41.456025], [-8.553671, 41.455028], [-8.554607, 41.456037], [-8.553658, 41.456905], [-8.551653, 41.456025]]], [[[-8.17268, 41.377661], [-8.177078, 41.390903], [-8.185519, 41.399971], [-8.195086, 41.405977], [-8.206997, 41.410305], [-8.218943, 41.411913], [-8.230918, 41.411054], [-8.242924, 41.407568], [-8.255231, 41.400443], [-8.263493, 41.391489], [-8.26732, 41.382506], [-8.268239, 41.373504], [-8.266182, 41.364483], [-8.255409, 41.34969], [-8.249622, 41.353072], [-8.251123, 41.356642], [-8.258107, 41.364432], [-8.261455, 41.373461], [-8.261189, 41.382467], [-8.257105, 41.391448], [-8.247396, 41.400392], [-8.230968, 41.406834], [-8.218995, 41.407594], [-8.207056, 41.405493], [-8.195195, 41.400039], [-8.185712, 41.390965], [-8.181587, 41.381928], [-8.181362, 41.376532], [-8.175853, 41.376309], [-8.17268, 41.377661]]], [[[-8.64984, 41.383471], [-8.660702, 41.37533], [-8.664847, 41.366335], [-8.663963, 41.357325], [-8.657913, 41.348299], [-8.65006, 41.342295], [-8.638134, 41.337554], [-8.626188, 41.336629], [-8.614221, 41.339323], [-8.602164, 41.34812], [-8.597901, 41.357113], [-8.598315, 41.366122], [-8.603494, 41.375148], [-8.613963, 41.382909], [-8.625902, 41.386651], [-8.637861, 41.386828], [-8.64984, 41.383471]], [[-8.625979, 41.373212], [-8.616556, 41.366184], [-8.61575, 41.357174], [-8.626119, 41.348671], [-8.638073, 41.348526], [-8.649514, 41.357282], [-8.64906, 41.366288], [-8.637933, 41.373787], [-8.625979, 41.373212]]], [[[-8.600705, 41.164448], [-8.60179, 41.176971], [-8.60699, 41.195004], [-8.619711, 41.222071], [-8.627586, 41.231104], [-8.638682, 41.238377], [-8.650594, 41.242374], [-8.662519, 41.244186], [-8.686389, 41.244035], [-8.710271, 41.240947], [-8.734161, 41.235578], [-8.758058, 41.227029], [-8.767674, 41.222464], [-8.780822, 41.213482], [-8.790232, 41.204492], [-8.801301, 41.18497], [-8.799889, 41.149006], [-8.797573, 41.144108], [-8.766831, 41.144793], [-8.776738, 41.159427], [-8.779595, 41.16844], [-8.779535, 41.186456], [-8.776588, 41.195458], [-8.762891, 41.213447], [-8.750343, 41.222428], [-8.730237, 41.231391], [-8.71029, 41.236622], [-8.68641, 41.239473], [-8.674477, 41.239326], [-8.662552, 41.237778], [-8.64475, 41.231159], [-8.633598, 41.222116], [-8.627483, 41.213088], [-8.620082, 41.195048], [-8.617989, 41.178557], [-8.613374, 41.177451], [-8.608583, 41.174095], [-8.609164, 41.172066], [-8.604942, 41.164881], [-8.600705, 41.164448]]]]}}, {"id": "9", "type": "Feature", "properties": {"fill": "#a3a3a3", "value_min": -1.0, "value_max": -0.67}, "geometry": {"type": "MultiPolygon", "coordinates": [[[[-7.888623, 41.836338], [-7.900969, 41.820938], [-7.902791, 41.811948], [-7.899796, 41.802913], [-7.889356, 41.793918], [-7.877376, 41.790728], [-7.865338, 41.790896], [-7.852341, 41.793442], [-7.835227, 41.802276], [-7.82977, 41.811227], [-7.829142, 41.820228], [-7.832552, 41.829269], [-7.840433, 41.837212], [-7.852368, 41.843307], [-7.864386, 41.844832], [-7.876466, 41.842804], [-7.888623, 41.836338]], [[-7.888682, 41.832958], [-7.876535, 41.83891], [-7.864456, 41.840864], [-7.852455, 41.838423], [-7.840546, 41.83097], [-7.833944, 41.820277], [-7.834151, 41.811272], [-7.84053, 41.80233], [-7.853225, 41.79529], [-7.865311, 41.792419], [-7.877347, 41.792396], [-7.889316, 41.79624], [-7.897032, 41.802886], [-7.9001, 41.811922], [-7.898431, 41.820913], [-7.888682, 41.832958]]], [[[-7.959326, 41.758433], [-7.950257, 41.74965], [-7.938197, 41.751622], [-7.932791, 41.75819], [-7.937958, 41.766105], [-7.949964, 41.767656], [-7.959326, 41.758433]], [[-7.950162, 41.755498], [-7.953134, 41.758377], [-7.950062, 41.761619], [-7.938068, 41.759445], [-7.937277, 41.758232], [-7.938105, 41.757225], [-7.950162, 41.755498]]], [[[-8.02242, 41.749757], [-8.030663, 41.741044], [-8.030465, 41.732035], [-8.022823, 41.723207], [-8.010878, 41.71812], [-7.99884, 41.719192], [-7.9925, 41.722701], [-7.986625, 41.731657], [-7.98764, 41.740673], [-7.998361, 41.750016], [-8.010346, 41.752836], [-8.02242, 41.749757]], [[-8.026896, 41.732005], [-8.026018, 41.741004], [-8.022497, 41.744727], [-8.010412, 41.748505], [-7.998441, 41.744887], [-7.993651, 41.740725], [-7.99178, 41.731702], [-7.998766, 41.723977], [-8.002217, 41.722786], [-8.010831, 41.721234], [-8.022762, 41.72723], [-8.026896, 41.732005]]], [[[-8.239525, 41.698184], [-8.239098, 41.688571], [-8.231301, 41.679512], [-8.21578, 41.674223], [-8.203751, 41.675449], [-8.191646, 41.682745], [-8.18749, 41.688218], [-8.186093, 41.697215], [-8.190741, 41.706255], [-8.203276, 41.713983], [-8.215281, 41.715301], [-8.22734, 41.712103], [-8.235217, 41.706559], [-8.239525, 41.698184]], [[-8.234145, 41.697545], [-8.22821, 41.706512], [-8.215321, 41.711959], [-8.203313, 41.710954], [-8.195674, 41.706289], [-8.189514, 41.697239], [-8.191579, 41.688144], [-8.2037, 41.679632], [-8.215726, 41.67866], [-8.227679, 41.683782], [-8.232484, 41.688527], [-8.234145, 41.697545]]], [[[-8.395847, 41.688714], [-8.41205, 41.680579], [-8.419655, 41.67161], [-8.420896, 41.662609], [-8.416712, 41.653581], [-8.408261, 41.645362], [-8.396326, 41.637502], [-8.384354, 41.633859], [-8.372353, 41.633326], [-8.360321, 41.635967], [-8.345586, 41.644191], [-8.338173, 41.653156], [-8.335424, 41.662147], [-8.336204, 41.671159], [-8.340544, 41.680191], [-8.347805, 41.686457], [-8.359764, 41.692209], [-8.371765, 41.693794], [-8.383796, 41.692435], [-8.395847, 41.688714]], [[-8.395873, 41.685985], [-8.383823, 41.689554], [-8.3718, 41.690273], [-8.359811, 41.68745], [-8.34892, 41.680238], [-8.343179, 41.671199], [-8.342536, 41.662188], [-8.34647, 41.653203], [-8.36026, 41.642134], [-8.372301, 41.638673], [-8.384307, 41.638793], [-8.396278, 41.64259], [-8.410672, 41.65355], [-8.415622, 41.662583], [-8.414674, 41.671585], [-8.406264, 41.680549], [-8.395873, 41.685985]]], [[[-8.045654, 41.660106], [-8.043699, 41.651083], [-8.036035, 41.643554], [-8.02409, 41.639405], [-8.012069, 41.6403], [-7.999951, 41.647514], [-7.996967, 41.650684], [-7.994673, 41.659671], [-7.999617, 41.669071], [-8.011524, 41.675992], [-8.023525, 41.676826], [-8.035594, 41.673113], [-8.040801, 41.669073], [-8.045654, 41.660106]], [[-8.042837, 41.660083], [-8.035633, 41.670508], [-8.023561, 41.674412], [-8.011578, 41.67244], [-8.005415, 41.668772], [-8.000767, 41.659725], [-8.003666, 41.650743], [-8.011999, 41.644898], [-8.024034, 41.643092], [-8.035982, 41.64711], [-8.039994, 41.651052], [-8.042837, 41.660083]]], [[[-8.660913, 41.553939], [-8.669087, 41.546497], [-8.672842, 41.537501], [-8.672408, 41.528492], [-8.667813, 41.519472], [-8.649181, 41.505906], [-8.625276, 41.495522], [-8.613305, 41.493952], [-8.601314, 41.495603], [-8.589275, 41.504928], [-8.583239, 41.519196], [-8.583462, 41.528204], [-8.586777, 41.537224], [-8.593638, 41.546255], [-8.600965, 41.552496], [-8.612919, 41.558673], [-8.624894, 41.561581], [-8.636885, 41.561929], [-8.64889, 41.559722], [-8.660913, 41.553939]], [[-8.64897, 41.545016], [-8.636949, 41.550541], [-8.624953, 41.551503], [-8.612978, 41.548851], [-8.601035, 41.541018], [-8.593946, 41.528242], [-8.594816, 41.519238], [-8.601297, 41.510253], [-8.613242, 41.504403], [-8.625227, 41.503954], [-8.637191, 41.507239], [-8.64316, 41.51039], [-8.653994, 41.519431], [-8.657597, 41.528449], [-8.655879, 41.537451], [-8.64897, 41.545016]]], [[[-8.469097, 41.548417], [-8.470565, 41.545755], [-8.465839, 41.536726], [-8.457243, 41.532149], [-8.445255, 41.532244], [-8.438186, 41.536594], [-8.435046, 41.545586], [-8.445047, 41.55652], [-8.457031, 41.557488], [-8.462716, 41.554726], [-8.469097, 41.548417]], [[-8.4575, 41.536686], [-8.462008, 41.545715], [-8.457093, 41.550105], [-8.445124, 41.547543], [-8.443468, 41.545627], [-8.445176, 41.541488], [-8.4575, 41.536686]]], [[[-8.103464, 41.541572], [-8.109481, 41.541826], [-8.121557, 41.535385], [-8.124178, 41.525624], [-8.114564, 41.516543], [-8.10985, 41.514921], [-8.097867, 41.514825], [-8.093021, 41.516375], [-8.089697, 41.519477], [-8.090594, 41.522169], [-8.093588, 41.52307], [-8.091786, 41.531848], [-8.103464, 41.541572]], [[-8.115803, 41.52556], [-8.111629, 41.534535], [-8.109566, 41.535668], [-8.096917, 41.53442], [-8.093133, 41.525383], [-8.097777, 41.521312], [-8.109773, 41.520543], [-8.115803, 41.52556]]], [[[-8.445643, 41.486721], [-8.448304, 41.482598], [-8.446514, 41.473582], [-8.433845, 41.465927], [-8.421864, 41.466678], [-8.412571, 41.473414], [-8.409775, 41.479151], [-8.409726, 41.484543], [-8.414571, 41.491439], [-8.421601, 41.496246], [-8.43358, 41.496372], [-8.442055, 41.491576], [-8.445643, 41.486721]], [[-8.441602, 41.482566], [-8.43362, 41.491784], [-8.421636, 41.492258], [-8.413675, 41.482427], [-8.418591, 41.473445], [-8.421824, 41.471101], [-8.433799, 41.471284], [-8.437526, 41.473539], [-8.441602, 41.482566]]], [[[-8.589289, 41.465173], [-8.591968, 41.456175], [-8.591239, 41.447165], [-8.587024, 41.438143], [-8.576004, 41.429095], [-8.565843, 41.425187], [-8.55388, 41.42446], [-8.541895, 41.426918], [-8.529882, 41.433212], [-8.525079, 41.437904], [-8.519943, 41.44689], [-8.519397, 41.455895], [-8.523206, 41.464918], [-8.529607, 41.471266], [-8.541534, 41.478204], [-8.553492, 41.48099], [-8.56547, 41.48097], [-8.57747, 41.477594], [-8.582633, 41.474157], [-8.589289, 41.465173]], [[-8.574315, 41.456111], [-8.569905, 41.465102], [-8.565556, 41.468144], [-8.553559, 41.471327], [-8.5416, 41.468855], [-8.535942, 41.46497], [-8.530758, 41.455942], [-8.533723, 41.446946], [-8.5418, 41.440504], [-8.553785, 41.438337], [-8.565731, 41.441966], [-8.571573, 41.447094], [-8.574315, 41.456111]]], [[[-8.162556, 41.379465], [-8.167314, 41.390833], [-8.175052, 41.399896], [-8.195012, 41.411972], [-8.206937, 41.415262], [-8.21889, 41.416328], [-8.230867, 41.415411], [-8.242869, 41.41227], [-8.254902, 41.406289], [-8.262739, 41.400492], [-8.270418, 41.391533], [-8.274609, 41.382552], [-8.275163, 41.36454], [-8.271892, 41.355512], [-8.262748, 41.343934], [-8.262751, 41.345405], [-8.256483, 41.347663], [-8.255409, 41.34969], [-8.266182, 41.364483], [-8.268239, 41.373504], [-8.26732, 41.382506], [-8.263493, 41.391489], [-8.255231, 41.400443], [-8.242924, 41.407568], [-8.230918, 41.411054], [-8.218943, 41.411913], [-8.206997, 41.410305], [-8.195086, 41.405977], [-8.185519, 41.399971], [-8.177078, 41.390903], [-8.17268, 41.377661], [-8.168382, 41.377438], [-8.164499, 41.38059], [-8.162556, 41.379465]]], [[[-8.673595, 41.384375], [-8.678607, 41.375382], [-8.679504, 41.366377], [-8.676989, 41.357362], [-8.671114, 41.348338], [-8.662026, 41.339658], [-8.650114, 41.332249], [-8.63819, 41.327451], [-8.626254, 41.325064], [-8.614304, 41.325128], [-8.598436, 41.330092], [-8.586642, 41.339058], [-8.580994, 41.348045], [-8.578811, 41.357045], [-8.579088, 41.366053], [-8.581782, 41.375071], [-8.587701, 41.3841], [-8.601927, 41.395415], [-8.613863, 41.399772], [-8.625818, 41.401302], [-8.637782, 41.401004], [-8.649757, 41.398818], [-8.661746, 41.393863], [-8.673595, 41.384375]], [[-8.64984, 41.383471], [-8.637861, 41.386828], [-8.625902, 41.386651], [-8.613963, 41.382909], [-8.603494, 41.375148], [-8.598315, 41.366122], [-8.597901, 41.357113], [-8.602164, 41.34812], [-8.614221, 41.339323], [-8.626188, 41.336629], [-8.638134, 41.337554], [-8.65006, 41.342295], [-8.657913, 41.348299], [-8.663963, 41.357325], [-8.664847, 41.366335], [-8.660702, 41.37533], [-8.64984, 41.383471]]], [[[-8.581283, 41.189916], [-8.591159, 41.203957], [-8.603644, 41.231024], [-8.610509, 41.240056], [-8.626692, 41.24828], [-8.638614, 41.250643], [-8.650546, 41.251357], [-8.674424, 41.250005], [-8.738057, 41.240416], [-8.772959, 41.231483], [-8.794278, 41.222515], [-8.802578, 41.217502], [-8.801301, 41.18497], [-8.790232, 41.204492], [-8.780822, 41.213482], [-8.767674, 41.222464], [-8.758058, 41.227029], [-8.734161, 41.235578], [-8.710271, 41.240947], [-8.686389, 41.244035], [-8.662519, 41.244186], [-8.650594, 41.242374], [-8.638682, 41.238377], [-8.627586, 41.231104], [-8.619711, 41.222071], [-8.60699, 41.195004], [-8.60179, 41.176971], [-8.600705, 41.164448], [-8.589766, 41.167193], [-8.589194, 41.170572], [-8.583263, 41.174422], [-8.582094, 41.177803], [-8.578825, 41.178941], [-8.581283, 41.189916]]], [[[-8.797573, 41.144108], [-8.799889, 41.149006], [-8.799695, 41.14406], [-8.797573, 41.144108]]]]}}, {"id": "10", "type": "Feature", "properties": {"fill": "#a3a3a3", "value_min": -0.67, "value_max": -0.33}, "geometry": {"type": "MultiPolygon", "coordinates": [[[[-7.874562, 41.847014], [-7.888559, 41.840075], [-7.898507, 41.829921], [-7.903963, 41.820966], [-7.90584, 41.811977], [-7.90303, 41.802944], [-7.894275, 41.793853], [-7.8894, 41.791367], [-7.877405, 41.78906], [-7.865365, 41.789373], [-7.845479, 41.793373], [-7.829924, 41.802222], [-7.823409, 41.811162], [-7.822415, 41.820159], [-7.828463, 41.833181], [-7.84031, 41.844019], [-7.852275, 41.848488], [-7.864305, 41.849392], [-7.872755, 41.847325], [-7.873066, 41.844875], [-7.874562, 41.847014]], [[-7.888623, 41.836338], [-7.876466, 41.842804], [-7.864386, 41.844832], [-7.852368, 41.843307], [-7.840433, 41.837212], [-7.832552, 41.829269], [-7.829142, 41.820228], [-7.82977, 41.811227], [-7.835227, 41.802276], [-7.852341, 41.793442], [-7.865338, 41.790896], [-7.877376, 41.790728], [-7.889356, 41.793918], [-7.899796, 41.802913], [-7.902791, 41.811948], [-7.900969, 41.820938], [-7.888623, 41.836338]]], [[[-7.962065, 41.76325], [-7.967377, 41.758506], [-7.96369, 41.749466], [-7.950341, 41.744481], [-7.93828, 41.746626], [-7.928306, 41.758148], [-7.933213, 41.767201], [-7.937909, 41.769073], [-7.94993, 41.769741], [-7.958445, 41.767432], [-7.962065, 41.76325]], [[-7.959326, 41.758433], [-7.949964, 41.767656], [-7.937958, 41.766105], [-7.932791, 41.75819], [-7.938197, 41.751622], [-7.950257, 41.74965], [-7.959326, 41.758433]]], [[[-8.034546, 41.743182], [-8.034036, 41.732065], [-8.026559, 41.722995], [-8.022872, 41.719978], [-8.010926, 41.715007], [-7.99891, 41.714686], [-7.986801, 41.720282], [-7.978803, 41.731587], [-7.978464, 41.740591], [-7.98636, 41.749668], [-7.998271, 41.755806], [-8.010274, 41.757512], [-8.022334, 41.755452], [-8.030238, 41.750047], [-8.034546, 41.743182]], [[-8.02242, 41.749757], [-8.010346, 41.752836], [-7.998361, 41.750016], [-7.98764, 41.740673], [-7.986625, 41.731657], [-7.9925, 41.722701], [-7.99884, 41.719192], [-8.010878, 41.71812], [-8.022823, 41.723207], [-8.030465, 41.732035], [-8.030663, 41.741044], [-8.02242, 41.749757]]], [[[-8.239388, 41.709824], [-8.243049, 41.706611], [-8.247896, 41.697636], [-8.247972, 41.688629], [-8.239771, 41.67728], [-8.227829, 41.671207], [-8.215837, 41.669511], [-8.203804, 41.671206], [-8.191716, 41.677194], [-8.183478, 41.688189], [-8.182673, 41.69719], [-8.186537, 41.706225], [-8.191291, 41.711116], [-8.203231, 41.717631], [-8.215229, 41.719584], [-8.227278, 41.71733], [-8.239388, 41.709824]], [[-8.239525, 41.698184], [-8.235217, 41.706559], [-8.22734, 41.712103], [-8.215281, 41.715301], [-8.203276, 41.713983], [-8.190741, 41.706255], [-8.186093, 41.697215], [-8.18749, 41.688218], [-8.191646, 41.682745], [-8.203751, 41.675449], [-8.21578, 41.674223], [-8.231301, 41.679512], [-8.239098, 41.688571], [-8.239525, 41.698184]]], [[[-8.407889, 41.686003], [-8.418148, 41.68061], [-8.427236, 41.671648], [-8.4286, 41.662648], [-8.424036, 41.653618], [-8.415182, 41.644566], [-8.396389, 41.630774], [-8.384416, 41.627289], [-8.372417, 41.626687], [-8.360396, 41.628374], [-8.344674, 41.635179], [-8.333739, 41.644123], [-8.327774, 41.653095], [-8.325614, 41.66209], [-8.326321, 41.671101], [-8.330467, 41.680132], [-8.339822, 41.689194], [-8.347732, 41.693668], [-8.359716, 41.697061], [-8.371731, 41.697316], [-8.383768, 41.695317], [-8.407889, 41.686003]], [[-8.395847, 41.688714], [-8.383796, 41.692435], [-8.371765, 41.693794], [-8.359764, 41.692209], [-8.347805, 41.686457], [-8.340544, 41.680191], [-8.336204, 41.671159], [-8.335424, 41.662147], [-8.338173, 41.653156], [-8.345586, 41.644191], [-8.360321, 41.635967], [-8.372353, 41.633326], [-8.384354, 41.633859], [-8.396326, 41.637502], [-8.408261, 41.645362], [-8.416712, 41.653581], [-8.420896, 41.662609], [-8.419655, 41.67161], [-8.41205, 41.680579], [-8.395847, 41.688714]]], [[[-8.035555, 41.675718], [-8.044083, 41.6691], [-8.04861, 41.660131], [-8.047402, 41.651114], [-8.03939, 41.64204], [-8.036096, 41.639471], [-8.024151, 41.635352], [-8.012147, 41.635241], [-8.000077, 41.639358], [-7.989372, 41.650618], [-7.988179, 41.659615], [-7.991196, 41.668648], [-7.999513, 41.675776], [-8.011461, 41.680088], [-8.02348, 41.679763], [-8.035555, 41.675718]], [[-8.045654, 41.660106], [-8.040801, 41.669073], [-8.035594, 41.673113], [-8.023525, 41.676826], [-8.011524, 41.675992], [-7.999617, 41.669071], [-7.994673, 41.659671], [-7.996967, 41.650684], [-7.999951, 41.647514], [-8.012069, 41.6403], [-8.02409, 41.639405], [-8.036035, 41.643554], [-8.043699, 41.651083], [-8.045654, 41.660106]]], [[[-8.672814, 41.571678], [-8.685959, 41.564559], [-8.695532, 41.555578], [-8.70082, 41.546584], [-8.702512, 41.537581], [-8.700408, 41.528568], [-8.693647, 41.519543], [-8.679114, 41.510496], [-8.649227, 41.497323], [-8.626958, 41.483317], [-8.6195, 41.474285], [-8.61803, 41.465272], [-8.621912, 41.44727], [-8.626103, 41.438276], [-8.635789, 41.4293], [-8.673607, 41.414011], [-8.691097, 41.402439], [-8.697636, 41.392911], [-8.700208, 41.384448], [-8.699771, 41.375439], [-8.691654, 41.357402], [-8.674378, 41.339339], [-8.662077, 41.329921], [-8.626345, 41.309151], [-8.611131, 41.303112], [-8.602521, 41.297852], [-8.590594, 41.295132], [-8.578618, 41.300151], [-8.566586, 41.313234], [-8.556443, 41.329938], [-8.550906, 41.347931], [-8.550525, 41.383961], [-8.548891, 41.392962], [-8.542081, 41.401942], [-8.517998, 41.421675], [-8.512174, 41.428842], [-8.507387, 41.437829], [-8.505445, 41.446828], [-8.506349, 41.45584], [-8.51025, 41.464864], [-8.51879, 41.473907], [-8.529531, 41.481849], [-8.550584, 41.492051], [-8.564184, 41.501111], [-8.574456, 41.537179], [-8.588254, 41.555244], [-8.600887, 41.56518], [-8.612843, 41.5714], [-8.6368, 41.577077], [-8.648796, 41.577145], [-8.6608, 41.57539], [-8.672814, 41.571678]], [[-8.660913, 41.553939], [-8.64889, 41.559722], [-8.636885, 41.561929], [-8.624894, 41.561581], [-8.612919, 41.558673], [-8.600965, 41.552496], [-8.593638, 41.546255], [-8.586777, 41.537224], [-8.583462, 41.528204], [-8.583239, 41.519196], [-8.589275, 41.504928], [-8.601314, 41.495603], [-8.613305, 41.493952], [-8.625276, 41.495522], [-8.649181, 41.505906], [-8.667813, 41.519472], [-8.672408, 41.528492], [-8.672842, 41.537501], [-8.669087, 41.546497], [-8.660913, 41.553939]], [[-8.589289, 41.465173], [-8.582633, 41.474157], [-8.57747, 41.477594], [-8.56547, 41.48097], [-8.553492, 41.48099], [-8.541534, 41.478204], [-8.529607, 41.471266], [-8.523206, 41.464918], [-8.519397, 41.455895], [-8.519943, 41.44689], [-8.525079, 41.437904], [-8.529882, 41.433212], [-8.541895, 41.426918], [-8.55388, 41.42446], [-8.565843, 41.425187], [-8.576004, 41.429095], [-8.587024, 41.438143], [-8.591239, 41.447165], [-8.591968, 41.456175], [-8.589289, 41.465173]], [[-8.673595, 41.384375], [-8.661746, 41.393863], [-8.649757, 41.398818], [-8.637782, 41.401004], [-8.625818, 41.401302], [-8.613863, 41.399772], [-8.601927, 41.395415], [-8.587701, 41.3841], [-8.581782, 41.375071], [-8.579088, 41.366053], [-8.578811, 41.357045], [-8.580994, 41.348045], [-8.586642, 41.339058], [-8.598436, 41.330092], [-8.614304, 41.325128], [-8.626254, 41.325064], [-8.63819, 41.327451], [-8.650114, 41.332249], [-8.662026, 41.339658], [-8.671114, 41.348338], [-8.676989, 41.357362], [-8.679504, 41.366377], [-8.678607, 41.375382], [-8.673595, 41.384375]]], [[[-8.469008, 41.559237], [-8.473875, 41.554777], [-8.477698, 41.545787], [-8.473555, 41.536761], [-8.457279, 41.527767], [-8.445306, 41.526268], [-8.433269, 41.532093], [-8.429355, 41.53655], [-8.426888, 41.545545], [-8.430124, 41.554569], [-8.433044, 41.557777], [-8.444985, 41.563745], [-8.456976, 41.564058], [-8.469008, 41.559237]], [[-8.469097, 41.548417], [-8.462716, 41.554726], [-8.457031, 41.557488], [-8.445047, 41.55652], [-8.435046, 41.545586], [-8.438186, 41.536594], [-8.445255, 41.532244], [-8.457243, 41.532149], [-8.465839, 41.536726], [-8.470565, 41.545755], [-8.469097, 41.548417]]], [[[-8.087285, 41.543727], [-8.097416, 41.54732], [-8.109402, 41.547598], [-8.121522, 41.543618], [-8.130336, 41.534678], [-8.131231, 41.525677], [-8.124431, 41.516618], [-8.109898, 41.511439], [-8.097922, 41.510859], [-8.0906, 41.512724], [-8.089697, 41.519477], [-8.093021, 41.516375], [-8.097867, 41.514825], [-8.10985, 41.514921], [-8.114564, 41.516543], [-8.124178, 41.525624], [-8.121557, 41.535385], [-8.109481, 41.541826], [-8.103464, 41.541572], [-8.106759, 41.543557], [-8.101666, 41.542655], [-8.094475, 41.544904], [-8.092079, 41.543328], [-8.087285, 41.543727]]], [[[-8.445568, 41.495563], [-8.45528, 41.482632], [-8.455641, 41.473626], [-8.445845, 41.463013], [-8.433897, 41.459961], [-8.421907, 41.461811], [-8.409855, 41.4704], [-8.408133, 41.473391], [-8.406295, 41.482389], [-8.409656, 41.492264], [-8.421565, 41.500234], [-8.433538, 41.50124], [-8.445568, 41.495563]], [[-8.445643, 41.486721], [-8.442055, 41.491576], [-8.43358, 41.496372], [-8.421601, 41.496246], [-8.414571, 41.491439], [-8.409726, 41.484543], [-8.409775, 41.479151], [-8.412571, 41.473414], [-8.421864, 41.466678], [-8.433845, 41.465927], [-8.446514, 41.473582], [-8.448304, 41.482598], [-8.445643, 41.486721]]], [[[-8.148334, 41.374066], [-8.15519, 41.390745], [-8.162828, 41.399808], [-8.183027, 41.413613], [-8.206872, 41.420608], [-8.218831, 41.421256], [-8.242814, 41.417024], [-8.259025, 41.409475], [-8.270751, 41.400543], [-8.282925, 41.382604], [-8.285362, 41.373612], [-8.284407, 41.355591], [-8.275599, 41.33752], [-8.267837, 41.329192], [-8.265711, 41.332121], [-8.269004, 41.336169], [-8.265722, 41.337748], [-8.262748, 41.343934], [-8.271892, 41.355512], [-8.275163, 41.36454], [-8.274609, 41.382552], [-8.270418, 41.391533], [-8.262739, 41.400492], [-8.254902, 41.406289], [-8.242869, 41.41227], [-8.230867, 41.415411], [-8.21889, 41.416328], [-8.206937, 41.415262], [-8.195012, 41.411972], [-8.175052, 41.399896], [-8.167314, 41.390833], [-8.162556, 41.379465], [-8.152544, 41.375866], [-8.151049, 41.37339], [-8.148334, 41.374066]]], [[[-8.49623, 41.222225], [-8.507384, 41.24231], [-8.519232, 41.254122], [-8.531108, 41.262559], [-8.566802, 41.280555], [-8.590644, 41.287012], [-8.591336, 41.285028], [-8.602622, 41.281156], [-8.609885, 41.276085], [-8.631706, 41.267149], [-8.663619, 41.258239], [-8.710233, 41.249595], [-8.803374, 41.237745], [-8.802578, 41.217502], [-8.794278, 41.222515], [-8.772959, 41.231483], [-8.738057, 41.240416], [-8.674424, 41.250005], [-8.650546, 41.251357], [-8.638614, 41.250643], [-8.626692, 41.24828], [-8.610509, 41.240056], [-8.603644, 41.231024], [-8.591159, 41.203957], [-8.581283, 41.189916], [-8.579522, 41.193795], [-8.575958, 41.195609], [-8.576894, 41.201908], [-8.574515, 41.202593], [-8.57423, 41.20462], [-8.567971, 41.204644], [-8.565895, 41.206227], [-8.567697, 41.208246], [-8.566512, 41.209376], [-8.559636, 41.206251], [-8.554271, 41.20627], [-8.549521, 41.209214], [-8.544157, 41.209458], [-8.54238, 41.211265], [-8.532257, 41.213102], [-8.52653, 41.202542], [-8.523236, 41.200077], [-8.520554, 41.200086], [-8.51163, 41.203042], [-8.510456, 41.206197], [-8.505693, 41.207113], [-8.504239, 41.213646], [-8.500076, 41.21546], [-8.50308, 41.219502], [-8.502204, 41.222656], [-8.49623, 41.222225]]]]}}, {"id": "7", "type": "Feature", "properties": {"fill": "#cba158", "value_min": -1.67, "value_max": -1.33}, "geometry": {"type": "MultiPolygon", "coordinates": [[[[-7.864517, 41.837382], [-7.876583, 41.836163], [-7.88874, 41.829593], [-7.895898, 41.820889], [-7.897862, 41.811901], [-7.894266, 41.80286], [-7.889276, 41.798561], [-7.877319, 41.794038], [-7.865284, 41.793949], [-7.853187, 41.797413], [-7.844368, 41.802369], [-7.838532, 41.811316], [-7.838746, 41.820325], [-7.844912, 41.829394], [-7.852524, 41.834557], [-7.864517, 41.837382]], [[-7.864568, 41.83455], [-7.850768, 41.829453], [-7.842944, 41.820368], [-7.842325, 41.811355], [-7.848042, 41.802405], [-7.853149, 41.799536], [-7.865257, 41.795506], [-7.877291, 41.795592], [-7.891502, 41.802833], [-7.895624, 41.81188], [-7.893366, 41.820865], [-7.888795, 41.826424], [-7.87663, 41.833475], [-7.864568, 41.83455]]], [[[-8.000377, 41.740784], [-8.010469, 41.744769], [-8.020198, 41.740955], [-8.023326, 41.731975], [-8.010778, 41.724687], [-7.996935, 41.731747], [-8.000377, 41.740784]], [[-8.010112, 41.740868], [-8.003846, 41.731807], [-8.010719, 41.728512], [-8.016872, 41.731919], [-8.010112, 41.740868]]], [[[-8.203351, 41.707925], [-8.215362, 41.708617], [-8.220501, 41.70646], [-8.228515, 41.697507], [-8.225781, 41.688482], [-8.215677, 41.682671], [-8.203656, 41.683179], [-8.196421, 41.68828], [-8.193219, 41.697265], [-8.203351, 41.707925]], [[-8.203397, 41.704181], [-8.197305, 41.697294], [-8.201358, 41.688315], [-8.203612, 41.686725], [-8.21563, 41.686597], [-8.218825, 41.688435], [-8.223007, 41.69747], [-8.215411, 41.704616], [-8.203397, 41.704181]]], [[[-8.383849, 41.686894], [-8.401125, 41.680522], [-8.409692, 41.67156], [-8.410623, 41.662557], [-8.404923, 41.653521], [-8.396237, 41.647042], [-8.384265, 41.643227], [-8.372255, 41.643459], [-8.360202, 41.648026], [-8.353738, 41.653244], [-8.349161, 41.662226], [-8.34966, 41.671235], [-8.356006, 41.680278], [-8.359857, 41.682828], [-8.371832, 41.686993], [-8.383849, 41.686894]], [[-8.383874, 41.684245], [-8.371863, 41.683798], [-8.363447, 41.68032], [-8.355063, 41.671266], [-8.354592, 41.662256], [-8.360143, 41.653984], [-8.372214, 41.647623], [-8.384229, 41.646996], [-8.396199, 41.651121], [-8.405958, 41.662533], [-8.405216, 41.671536], [-8.395986, 41.680495], [-8.383874, 41.684245]]], [[[-8.011632, 41.668888], [-8.023598, 41.671999], [-8.035685, 41.667015], [-8.040018, 41.660059], [-8.035929, 41.650667], [-8.023988, 41.646186], [-8.009798, 41.650796], [-8.005417, 41.659765], [-8.011632, 41.668888]], [[-8.021038, 41.668906], [-8.010067, 41.659805], [-8.018556, 41.650871], [-8.023941, 41.64928], [-8.035838, 41.656808], [-8.037201, 41.660036], [-8.025564, 41.668945], [-8.021038, 41.668906]]], [[[-8.625005, 41.542523], [-8.637009, 41.539779], [-8.640474, 41.537404], [-8.645444, 41.528412], [-8.642244, 41.519395], [-8.637145, 41.515404], [-8.625185, 41.511195], [-8.613189, 41.513429], [-8.606032, 41.519276], [-8.604005, 41.528277], [-8.613033, 41.539574], [-8.625005, 41.542523]], [[-8.618724, 41.528327], [-8.625131, 41.520718], [-8.629895, 41.528363], [-8.625069, 41.531297], [-8.618724, 41.528327]]], [[[-8.421692, 41.486007], [-8.433687, 41.484156], [-8.435065, 41.482534], [-8.433721, 41.480152], [-8.421765, 41.47772], [-8.418971, 41.482454], [-8.421692, 41.486007]]], [[[-8.551653, 41.456025], [-8.553658, 41.456905], [-8.554607, 41.456037], [-8.553671, 41.455028], [-8.551653, 41.456025]]], [[[-8.181362, 41.376532], [-8.181587, 41.381928], [-8.185712, 41.390965], [-8.195195, 41.400039], [-8.207056, 41.405493], [-8.218995, 41.407594], [-8.230968, 41.406834], [-8.247396, 41.400392], [-8.257105, 41.391448], [-8.261189, 41.382467], [-8.261455, 41.373461], [-8.258107, 41.364432], [-8.251123, 41.356642], [-8.248141, 41.360052], [-8.248446, 41.363313], [-8.254797, 41.373418], [-8.255085, 41.382427], [-8.250624, 41.391406], [-8.243036, 41.397869], [-8.231017, 41.402709], [-8.219045, 41.403423], [-8.205777, 41.400112], [-8.193578, 41.39102], [-8.18924, 41.381982], [-8.189468, 41.375403], [-8.181362, 41.376532]]], [[[-8.625979, 41.373212], [-8.637933, 41.373787], [-8.64906, 41.366288], [-8.649514, 41.357282], [-8.638073, 41.348526], [-8.626119, 41.348671], [-8.61575, 41.357174], [-8.616556, 41.366184], [-8.625979, 41.373212]]], [[[-8.617989, 41.178557], [-8.620082, 41.195048], [-8.627483, 41.213088], [-8.633598, 41.222116], [-8.64475, 41.231159], [-8.662552, 41.237778], [-8.674477, 41.239326], [-8.68641, 41.239473], [-8.71029, 41.236622], [-8.730237, 41.231391], [-8.750343, 41.222428], [-8.762891, 41.213447], [-8.776588, 41.195458], [-8.779535, 41.186456], [-8.779595, 41.16844], [-8.776738, 41.159427], [-8.766831, 41.144793], [-8.7389, 41.145408], [-8.746438, 41.150356], [-8.758288, 41.164501], [-8.763176, 41.177416], [-8.763525, 41.186424], [-8.761497, 41.195428], [-8.756837, 41.204426], [-8.7492, 41.213418], [-8.736709, 41.222398], [-8.722257, 41.228732], [-8.710309, 41.232297], [-8.686431, 41.235109], [-8.674502, 41.234369], [-8.661306, 41.231208], [-8.645309, 41.222152], [-8.637544, 41.21312], [-8.632823, 41.204097], [-8.629701, 41.187961], [-8.625658, 41.186628], [-8.62263, 41.180113], [-8.617989, 41.178557]]]]}}, {"id": "11", "type": "Feature", "properties": {"fill": "#a3a3a3", "value_min": -0.33, "value_max": -0.0}, "geometry": {"type": "MultiPolygon", "coordinates": [[[[-7.878109, 41.850963], [-7.888477, 41.844817], [-7.901812, 41.829952], [-7.906958, 41.820995], [-7.908889, 41.812006], [-7.906772, 41.802979], [-7.899444, 41.793903], [-7.889445, 41.788804], [-7.877435, 41.787391], [-7.865392, 41.787851], [-7.837472, 41.793292], [-7.821844, 41.80214], [-7.816347, 41.81109], [-7.814899, 41.820082], [-7.817442, 41.829115], [-7.82827, 41.843748], [-7.840167, 41.851924], [-7.852154, 41.855292], [-7.868814, 41.854117], [-7.868906, 41.854093], [-7.869417, 41.853961], [-7.87033, 41.851395], [-7.873043, 41.850501], [-7.872755, 41.847325], [-7.864305, 41.849392], [-7.852275, 41.848488], [-7.84031, 41.844019], [-7.828463, 41.833181], [-7.822415, 41.820159], [-7.823409, 41.811162], [-7.829924, 41.802222], [-7.845479, 41.793373], [-7.865365, 41.789373], [-7.877405, 41.78906], [-7.8894, 41.791367], [-7.894275, 41.793853], [-7.90303, 41.802944], [-7.90584, 41.811977], [-7.903963, 41.820966], [-7.898507, 41.829921], [-7.888559, 41.840075], [-7.874562, 41.847014], [-7.878109, 41.850963]]], [[[-7.974117, 41.761876], [-7.986177, 41.759977], [-8.010176, 41.763868], [-8.022233, 41.7621], [-8.034367, 41.755157], [-8.038557, 41.750117], [-8.041153, 41.741132], [-8.038599, 41.732103], [-8.02292, 41.7168], [-8.010998, 41.710318], [-7.999013, 41.708076], [-7.986946, 41.711092], [-7.974754, 41.721873], [-7.962494, 41.736672], [-7.938354, 41.74208], [-7.928418, 41.749142], [-7.923692, 41.758105], [-7.927513, 41.767148], [-7.937873, 41.771279], [-7.949896, 41.771825], [-7.961967, 41.769366], [-7.968111, 41.767519], [-7.974117, 41.761876]], [[-7.962065, 41.76325], [-7.958445, 41.767432], [-7.94993, 41.769741], [-7.937909, 41.769073], [-7.933213, 41.767201], [-7.928306, 41.758148], [-7.93828, 41.746626], [-7.950341, 41.744481], [-7.96369, 41.749466], [-7.967377, 41.758506], [-7.962065, 41.76325]], [[-8.034546, 41.743182], [-8.030238, 41.750047], [-8.022334, 41.755452], [-8.010274, 41.757512], [-7.998271, 41.755806], [-7.98636, 41.749668], [-7.978464, 41.740591], [-7.978803, 41.731587], [-7.986801, 41.720282], [-7.99891, 41.714686], [-8.010926, 41.715007], [-8.022872, 41.719978], [-8.026559, 41.722995], [-8.034036, 41.732065], [-8.034546, 41.743182]]], [[[-8.251434, 41.707529], [-8.258433, 41.697704], [-8.260108, 41.688708], [-8.257559, 41.679685], [-8.248143, 41.670616], [-8.239899, 41.666399], [-8.227923, 41.663394], [-8.215915, 41.663092], [-8.203877, 41.665271], [-8.191789, 41.671359], [-8.183529, 41.679182], [-8.179434, 41.68816], [-8.179177, 41.697166], [-8.182333, 41.706195], [-8.191237, 41.715383], [-8.203179, 41.721789], [-8.215176, 41.723905], [-8.22721, 41.722995], [-8.239292, 41.717895], [-8.251434, 41.707529]], [[-8.239388, 41.709824], [-8.227278, 41.71733], [-8.215229, 41.719584], [-8.203231, 41.717631], [-8.191291, 41.711116], [-8.186537, 41.706225], [-8.182673, 41.69719], [-8.183478, 41.688189], [-8.191716, 41.677194], [-8.203804, 41.671206], [-8.215837, 41.669511], [-8.227829, 41.671207], [-8.239771, 41.67728], [-8.247972, 41.688629], [-8.247896, 41.697636], [-8.243049, 41.706611], [-8.239388, 41.709824]]], [[[-8.383741, 41.698197], [-8.426967, 41.680654], [-8.437326, 41.671698], [-8.439495, 41.662702], [-8.433878, 41.653667], [-8.424606, 41.644614], [-8.40841, 41.629045], [-8.396483, 41.620696], [-8.384508, 41.617678], [-8.372508, 41.617316], [-8.360491, 41.618803], [-8.348452, 41.622359], [-8.336387, 41.628312], [-8.326872, 41.635076], [-8.318315, 41.644032], [-8.313543, 41.653011], [-8.311562, 41.662006], [-8.312334, 41.671018], [-8.315971, 41.680047], [-8.324705, 41.689106], [-8.339421, 41.698198], [-8.347656, 41.701269], [-8.359658, 41.702913], [-8.371688, 41.701717], [-8.383741, 41.698197]], [[-8.407889, 41.686003], [-8.383768, 41.695317], [-8.371731, 41.697316], [-8.359716, 41.697061], [-8.347732, 41.693668], [-8.339822, 41.689194], [-8.330467, 41.680132], [-8.326321, 41.671101], [-8.325614, 41.66209], [-8.327774, 41.653095], [-8.333739, 41.644123], [-8.344674, 41.635179], [-8.360396, 41.628374], [-8.372417, 41.626687], [-8.384416, 41.627289], [-8.396389, 41.630774], [-8.415182, 41.644566], [-8.424036, 41.653618], [-8.4286, 41.662648], [-8.427236, 41.671648], [-8.418148, 41.68061], [-8.407889, 41.686003]]], [[[-8.047366, 41.669127], [-8.052002, 41.660159], [-8.051529, 41.651148], [-8.04527, 41.642089], [-8.036163, 41.634985], [-8.024226, 41.630393], [-8.012241, 41.62905], [-7.996689, 41.632668], [-7.983935, 41.641563], [-7.979109, 41.650527], [-7.978428, 41.659528], [-7.981184, 41.66856], [-7.989077, 41.677636], [-7.999393, 41.683528], [-8.011389, 41.684769], [-8.023429, 41.683147], [-8.035515, 41.678409], [-8.047366, 41.669127]], [[-8.035555, 41.675718], [-8.02348, 41.679763], [-8.011461, 41.680088], [-7.999513, 41.675776], [-7.991196, 41.668648], [-7.988179, 41.659615], [-7.989372, 41.650618], [-8.000077, 41.639358], [-8.012147, 41.635241], [-8.024151, 41.635352], [-8.036096, 41.639471], [-8.03939, 41.64204], [-8.047402, 41.651114], [-8.04861, 41.660131], [-8.044083, 41.6691], [-8.035555, 41.675718]]], [[[-8.74958, 41.58511], [-8.756056, 41.580919], [-8.756221, 41.580798], [-8.756353, 41.580701], [-8.756839, 41.580344], [-8.775228, 41.564769], [-8.794207, 41.537782], [-8.80365, 41.510776], [-8.80658, 41.485838], [-8.798552, 41.474753], [-8.802242, 41.445246], [-8.796204, 41.429696], [-8.790623, 41.420678], [-8.773867, 41.402631], [-8.663347, 41.321292], [-8.645018, 41.303222], [-8.64157, 41.294203], [-8.642744, 41.285199], [-8.649757, 41.276213], [-8.663095, 41.267245], [-8.688247, 41.258308], [-8.722155, 41.25272], [-8.746032, 41.251596], [-8.7699, 41.252582], [-8.804143, 41.25729], [-8.803374, 41.237745], [-8.710233, 41.249595], [-8.663619, 41.258239], [-8.631706, 41.267149], [-8.609885, 41.276085], [-8.602622, 41.281156], [-8.591336, 41.285028], [-8.590644, 41.287012], [-8.566802, 41.280555], [-8.531108, 41.262559], [-8.519232, 41.254122], [-8.507384, 41.24231], [-8.49623, 41.222225], [-8.487935, 41.230354], [-8.490333, 41.232598], [-8.484411, 41.240495], [-8.476346, 41.237818], [-8.475756, 41.23917], [-8.470986, 41.23941], [-8.471604, 41.243459], [-8.469227, 41.245267], [-8.463258, 41.244384], [-8.459989, 41.246644], [-8.454323, 41.246886], [-8.455541, 41.251834], [-8.452276, 41.25522], [-8.449891, 41.255452], [-8.449304, 41.257479], [-8.447812, 41.257258], [-8.449028, 41.261982], [-8.44648, 41.262214], [-8.474635, 41.293562], [-8.488229, 41.311639], [-8.49679, 41.329692], [-8.501304, 41.347727], [-8.503305, 41.365751], [-8.502218, 41.383762], [-8.496997, 41.401754], [-8.486045, 41.428728], [-8.479923, 41.455723], [-8.486349, 41.46476], [-8.493704, 41.467993], [-8.537408, 41.501006], [-8.544625, 41.510042], [-8.558031, 41.537117], [-8.588833, 41.57474], [-8.600763, 41.585305], [-8.612714, 41.592961], [-8.633608, 41.601441], [-8.639577, 41.597804], [-8.640152, 41.59465], [-8.645536, 41.593051], [-8.646744, 41.594171], [-8.649125, 41.591909], [-8.656622, 41.5921], [-8.660788, 41.588255], [-8.663794, 41.589141], [-8.665265, 41.585758], [-8.66948, 41.587989], [-8.684455, 41.586117], [-8.685608, 41.58071], [-8.697261, 41.576376], [-8.701703, 41.570277], [-8.707704, 41.570923], [-8.712485, 41.569323], [-8.716422, 41.573805], [-8.720316, 41.57356], [-8.725151, 41.577811], [-8.726633, 41.576003], [-8.734424, 41.575737], [-8.736564, 41.580228], [-8.738354, 41.579318], [-8.740778, 41.582006], [-8.74467, 41.581535], [-8.746796, 41.58445], [-8.74958, 41.58511]], [[-8.672814, 41.571678], [-8.6608, 41.57539], [-8.648796, 41.577145], [-8.6368, 41.577077], [-8.612843, 41.5714], [-8.600887, 41.56518], [-8.588254, 41.555244], [-8.574456, 41.537179], [-8.564184, 41.501111], [-8.550584, 41.492051], [-8.529531, 41.481849], [-8.51879, 41.473907], [-8.51025, 41.464864], [-8.506349, 41.45584], [-8.505445, 41.446828], [-8.507387, 41.437829], [-8.512174, 41.428842], [-8.517998, 41.421675], [-8.542081, 41.401942], [-8.548891, 41.392962], [-8.550525, 41.383961], [-8.550906, 41.347931], [-8.556443, 41.329938], [-8.566586, 41.313234], [-8.578618, 41.300151], [-8.590594, 41.295132], [-8.602521, 41.297852], [-8.611131, 41.303112], [-8.626345, 41.309151], [-8.662077, 41.329921], [-8.674378, 41.339339], [-8.691654, 41.357402], [-8.699771, 41.375439], [-8.700208, 41.384448], [-8.697636, 41.392911], [-8.691097, 41.402439], [-8.673607, 41.414011], [-8.635789, 41.4293], [-8.626103, 41.438276], [-8.621912, 41.44727], [-8.61803, 41.465272], [-8.6195, 41.474285], [-8.626958, 41.483317], [-8.649227, 41.497323], [-8.679114, 41.510496], [-8.693647, 41.519543], [-8.700408, 41.528568], [-8.702512, 41.537581], [-8.70082, 41.546584], [-8.695532, 41.555578], [-8.685959, 41.564559], [-8.672814, 41.571678]], [[-8.673203, 41.49447], [-8.661232, 41.49265], [-8.649294, 41.484917], [-8.644339, 41.474364], [-8.649415, 41.462496], [-8.661427, 41.455169], [-8.673411, 41.453028], [-8.685378, 41.454219], [-8.697327, 41.459399], [-8.704486, 41.465527], [-8.706692, 41.47454], [-8.70282, 41.483538], [-8.697198, 41.487238], [-8.68814, 41.492506], [-8.673203, 41.49447]]], [[[-8.468929, 41.56897], [-8.483662, 41.554822], [-8.486897, 41.545829], [-8.480848, 41.536794], [-8.457323, 41.522546], [-8.445366, 41.51919], [-8.433367, 41.520832], [-8.421248, 41.535853], [-8.418512, 41.545503], [-8.419602, 41.554516], [-8.425032, 41.563551], [-8.432938, 41.569953], [-8.444903, 41.573392], [-8.456901, 41.572979], [-8.468929, 41.56897]], [[-8.469008, 41.559237], [-8.456976, 41.564058], [-8.444985, 41.563745], [-8.433044, 41.557777], [-8.430124, 41.554569], [-8.426888, 41.545545], [-8.429355, 41.53655], [-8.433269, 41.532093], [-8.445306, 41.526268], [-8.457279, 41.527767], [-8.473555, 41.536761], [-8.477698, 41.545787], [-8.473875, 41.554777], [-8.469008, 41.559237]]], [[[-8.082787, 41.548945], [-8.097334, 41.553177], [-8.109323, 41.553343], [-8.12135, 41.550681], [-8.133036, 41.543705], [-8.139237, 41.534745], [-8.139513, 41.525739], [-8.133077, 41.516684], [-8.121886, 41.511047], [-8.109945, 41.507958], [-8.0924, 41.507311], [-8.092359, 41.507314], [-8.0921, 41.507332], [-8.0906, 41.512724], [-8.097922, 41.510859], [-8.109898, 41.511439], [-8.124431, 41.516618], [-8.131231, 41.525677], [-8.130336, 41.534678], [-8.121522, 41.543618], [-8.109402, 41.547598], [-8.097416, 41.54732], [-8.087285, 41.543727], [-8.083389, 41.5449], [-8.082787, 41.548945]]], [[[-8.457453, 41.491649], [-8.465171, 41.482678], [-8.472469, 41.464697], [-8.462147, 41.455642], [-8.445936, 41.452367], [-8.433959, 41.452874], [-8.421954, 41.456498], [-8.409905, 41.464887], [-8.405018, 41.473375], [-8.403551, 41.482375], [-8.409611, 41.497269], [-8.42151, 41.50639], [-8.433471, 41.508876], [-8.445491, 41.504522], [-8.457453, 41.491649]], [[-8.445568, 41.495563], [-8.433538, 41.50124], [-8.421565, 41.500234], [-8.409656, 41.492264], [-8.406295, 41.482389], [-8.408133, 41.473391], [-8.409855, 41.4704], [-8.421907, 41.461811], [-8.433897, 41.459961], [-8.445845, 41.463013], [-8.455641, 41.473626], [-8.45528, 41.482632], [-8.445568, 41.495563]]], [[[-8.129706, 41.375193], [-8.138558, 41.390621], [-8.147061, 41.399692], [-8.159149, 41.409459], [-8.182925, 41.421698], [-8.206801, 41.426488], [-8.230751, 41.425249], [-8.242752, 41.422294], [-8.266817, 41.410665], [-8.279563, 41.400598], [-8.287969, 41.391643], [-8.298337, 41.373692], [-8.301832, 41.355698], [-8.30074, 41.337676], [-8.298108, 41.328652], [-8.288774, 41.312959], [-8.284488, 41.316341], [-8.281801, 41.316569], [-8.279132, 41.324451], [-8.272266, 41.32536], [-8.267837, 41.329192], [-8.275599, 41.33752], [-8.284407, 41.355591], [-8.285362, 41.373612], [-8.282925, 41.382604], [-8.270751, 41.400543], [-8.259025, 41.409475], [-8.242814, 41.417024], [-8.218831, 41.421256], [-8.206872, 41.420608], [-8.183027, 41.413613], [-8.162828, 41.399808], [-8.15519, 41.390745], [-8.148334, 41.374066], [-8.139694, 41.377894], [-8.133418, 41.374292], [-8.129706, 41.375193]]]]}}, {"id": "6", "type": "Feature", "properties": {"fill": "#e79f24", "value_min": -2.0, "value_max": -1.67}, "geometry": {"type": "MultiPolygon", "coordinates": [[[[-7.864568, 41.83455], [-7.87663, 41.833475], [-7.888795, 41.826424], [-7.893366, 41.820865], [-7.895624, 41.81188], [-7.891502, 41.802833], [-7.877291, 41.795592], [-7.865257, 41.795506], [-7.853149, 41.799536], [-7.848042, 41.802405], [-7.842325, 41.811355], [-7.842944, 41.820368], [-7.850768, 41.829453], [-7.864568, 41.83455]], [[-7.864618, 41.831718], [-7.852663, 41.826782], [-7.846716, 41.820406], [-7.845428, 41.811386], [-7.853111, 41.801658], [-7.86523, 41.797063], [-7.877264, 41.797147], [-7.88919, 41.803533], [-7.893387, 41.811858], [-7.890835, 41.82084], [-7.876677, 41.830787], [-7.864618, 41.831718]]], [[[-8.010112, 41.740868], [-8.016872, 41.731919], [-8.010719, 41.728512], [-8.003846, 41.731807], [-8.010112, 41.740868]]], [[[-8.203397, 41.704181], [-8.215411, 41.704616], [-8.223007, 41.69747], [-8.218825, 41.688435], [-8.21563, 41.686597], [-8.203612, 41.686725], [-8.201358, 41.688315], [-8.197305, 41.697294], [-8.203397, 41.704181]], [[-8.203453, 41.699655], [-8.201389, 41.697322], [-8.203535, 41.692983], [-8.215543, 41.693745], [-8.217528, 41.697433], [-8.215474, 41.699365], [-8.203453, 41.699655]]], [[[-8.383874, 41.684245], [-8.395986, 41.680495], [-8.405216, 41.671536], [-8.405958, 41.662533], [-8.396199, 41.651121], [-8.384229, 41.646996], [-8.372214, 41.647623], [-8.360143, 41.653984], [-8.354592, 41.662256], [-8.355063, 41.671266], [-8.363447, 41.68032], [-8.371863, 41.683798], [-8.383874, 41.684245]], [[-8.371894, 41.680601], [-8.360473, 41.671296], [-8.360022, 41.662287], [-8.372175, 41.651649], [-8.384195, 41.650524], [-8.396156, 41.65571], [-8.401632, 41.662511], [-8.400995, 41.671515], [-8.395963, 41.676393], [-8.387603, 41.680451], [-8.383899, 41.681594], [-8.371894, 41.680601]]], [[[-8.021038, 41.668906], [-8.025564, 41.668945], [-8.037201, 41.660036], [-8.035838, 41.656808], [-8.023941, 41.64928], [-8.018556, 41.650871], [-8.010067, 41.659805], [-8.021038, 41.668906]], [[-8.015734, 41.659854], [-8.02388, 41.653331], [-8.032432, 41.659996], [-8.023693, 41.665674], [-8.015734, 41.659854]]], [[[-8.618724, 41.528327], [-8.625069, 41.531297], [-8.629895, 41.528363], [-8.625131, 41.520718], [-8.618724, 41.528327]]], [[[-8.189468, 41.375403], [-8.18924, 41.381982], [-8.193578, 41.39102], [-8.205777, 41.400112], [-8.219045, 41.403423], [-8.231017, 41.402709], [-8.243036, 41.397869], [-8.250624, 41.391406], [-8.255085, 41.382427], [-8.254797, 41.373418], [-8.248446, 41.363313], [-8.245461, 41.364781], [-8.243972, 41.367861], [-8.244183, 41.368159], [-8.244272, 41.368283], [-8.247882, 41.373373], [-8.248856, 41.382387], [-8.244097, 41.391363], [-8.23107, 41.398215], [-8.219097, 41.399043], [-8.207184, 41.394992], [-8.20177, 41.391077], [-8.196725, 41.382035], [-8.197397, 41.376524], [-8.194976, 41.374275], [-8.191691, 41.376302], [-8.189468, 41.375403]]], [[[-8.629701, 41.187961], [-8.632823, 41.204097], [-8.637544, 41.21312], [-8.645309, 41.222152], [-8.661306, 41.231208], [-8.674502, 41.234369], [-8.686431, 41.235109], [-8.710309, 41.232297], [-8.722257, 41.228732], [-8.736709, 41.222398], [-8.7492, 41.213418], [-8.756837, 41.204426], [-8.761497, 41.195428], [-8.763525, 41.186424], [-8.763176, 41.177416], [-8.758288, 41.164501], [-8.746438, 41.150356], [-8.7389, 41.145408], [-8.67527, 41.147484], [-8.676193, 41.146567], [-8.674793, 41.146932], [-8.674204, 41.147693], [-8.674218, 41.149441], [-8.686853, 41.146719], [-8.698771, 41.146394], [-8.71068, 41.148079], [-8.722581, 41.151978], [-8.734471, 41.15894], [-8.74369, 41.168366], [-8.748452, 41.177384], [-8.750233, 41.186396], [-8.749217, 41.195402], [-8.745227, 41.204401], [-8.73787, 41.213392], [-8.724607, 41.222369], [-8.71033, 41.227658], [-8.686452, 41.230726], [-8.674527, 41.229391], [-8.65645, 41.222186], [-8.64654, 41.213148], [-8.641493, 41.204125], [-8.639477, 41.196022], [-8.634946, 41.193341], [-8.633126, 41.189072], [-8.629701, 41.187961]]]]}}, {"id": "12", "type": "Feature", "properties": {"fill": "#a3a3a3", "value_min": 0.0, "value_max": -0.33}, "geometry": {"type": "MultiPolygon", "coordinates": [[[[-7.882661, 41.85434], [-7.888377, 41.850583], [-7.900662, 41.836605], [-7.909953, 41.821023], [-7.911938, 41.812035], [-7.910515, 41.803015], [-7.90507, 41.793956], [-7.901452, 41.790433], [-7.889489, 41.78624], [-7.877464, 41.785723], [-7.853362, 41.787576], [-7.829204, 41.792487], [-7.810482, 41.802023], [-7.805159, 41.810974], [-7.804394, 41.819973], [-7.806837, 41.829005], [-7.819351, 41.847148], [-7.828057, 41.8554], [-7.83998, 41.862291], [-7.846335, 41.863492], [-7.849515, 41.861475], [-7.858542, 41.862622], [-7.859456, 41.860148], [-7.865481, 41.859262], [-7.868814, 41.854117], [-7.852154, 41.855292], [-7.840167, 41.851924], [-7.82827, 41.843748], [-7.817442, 41.829115], [-7.814899, 41.820082], [-7.816347, 41.81109], [-7.821844, 41.80214], [-7.837472, 41.793292], [-7.865392, 41.787851], [-7.877435, 41.787391], [-7.889445, 41.788804], [-7.899444, 41.793903], [-7.906772, 41.802979], [-7.908889, 41.812006], [-7.906958, 41.820995], [-7.901812, 41.829952], [-7.888477, 41.844817], [-7.878109, 41.850963], [-7.882661, 41.85434]]], [[[-7.869417, 41.853961], [-7.869417, 41.853961], [-7.868906, 41.854093], [-7.869417, 41.853961]]], [[[-8.034194, 41.766701], [-8.043063, 41.759161], [-8.047221, 41.750189], [-8.04698, 41.74118], [-8.043394, 41.732143], [-8.034505, 41.723062], [-8.011298, 41.704851], [-8.003847, 41.695779], [-8.021231, 41.686922], [-8.035465, 41.681796], [-8.047609, 41.672992], [-8.055395, 41.660187], [-8.055727, 41.651182], [-8.048115, 41.638626], [-8.03625, 41.629161], [-8.012368, 41.620712], [-8.00037, 41.620404], [-7.988322, 41.623258], [-7.97621, 41.63004], [-7.96721, 41.641414], [-7.964918, 41.6504], [-7.967296, 41.668436], [-7.981624, 41.695585], [-7.960367, 41.722415], [-7.94977, 41.731326], [-7.938449, 41.736327], [-7.926278, 41.745073], [-7.922665, 41.749089], [-7.918947, 41.75806], [-7.92117, 41.767088], [-7.925855, 41.770452], [-7.937837, 41.773484], [-7.949862, 41.773911], [-7.986019, 41.769995], [-8.010049, 41.772159], [-8.022096, 41.771108], [-8.034194, 41.766701]], [[-7.974117, 41.761876], [-7.968111, 41.767519], [-7.961967, 41.769366], [-7.949896, 41.771825], [-7.937873, 41.771279], [-7.927513, 41.767148], [-7.923692, 41.758105], [-7.928418, 41.749142], [-7.938354, 41.74208], [-7.962494, 41.736672], [-7.974754, 41.721873], [-7.986946, 41.711092], [-7.999013, 41.708076], [-8.010998, 41.710318], [-8.02292, 41.7168], [-8.038599, 41.732103], [-8.041153, 41.741132], [-8.038557, 41.750117], [-8.034367, 41.755157], [-8.022233, 41.7621], [-8.010176, 41.763868], [-7.986177, 41.759977], [-7.974117, 41.761876]], [[-8.047366, 41.669127], [-8.035515, 41.678409], [-8.023429, 41.683147], [-8.011389, 41.684769], [-7.999393, 41.683528], [-7.989077, 41.677636], [-7.981184, 41.66856], [-7.978428, 41.659528], [-7.979109, 41.650527], [-7.983935, 41.641563], [-7.996689, 41.632668], [-8.012241, 41.62905], [-8.024226, 41.630393], [-8.036163, 41.634985], [-8.04527, 41.642089], [-8.051529, 41.651148], [-8.052002, 41.660159], [-8.047366, 41.669127]]], [[[-8.251305, 41.718695], [-8.275573, 41.698729], [-8.28767, 41.691535], [-8.299676, 41.692542], [-8.33557, 41.70776], [-8.347563, 41.710418], [-8.359588, 41.709924], [-8.441611, 41.680726], [-8.458159, 41.671798], [-8.464813, 41.662822], [-8.460065, 41.653793], [-8.444272, 41.646964], [-8.427625, 41.635622], [-8.42098, 41.626581], [-8.416167, 41.608542], [-8.408673, 41.60028], [-8.384666, 41.600999], [-8.360621, 41.60557], [-8.336539, 41.613428], [-8.324477, 41.619202], [-8.301778, 41.634926], [-8.288146, 41.648347], [-8.276056, 41.655614], [-8.264043, 41.655893], [-8.240057, 41.652968], [-8.216023, 41.654192], [-8.203972, 41.657525], [-8.191885, 41.66367], [-8.184041, 41.670179], [-8.177006, 41.679136], [-8.174017, 41.688122], [-8.174419, 41.697131], [-8.179302, 41.708631], [-8.191169, 41.720852], [-8.203114, 41.727103], [-8.215094, 41.730604], [-8.22712, 41.730476], [-8.239194, 41.726211], [-8.251305, 41.718695]], [[-8.251434, 41.707529], [-8.239292, 41.717895], [-8.22721, 41.722995], [-8.215176, 41.723905], [-8.203179, 41.721789], [-8.191237, 41.715383], [-8.182333, 41.706195], [-8.179177, 41.697166], [-8.179434, 41.68816], [-8.183529, 41.679182], [-8.191789, 41.671359], [-8.203877, 41.665271], [-8.215915, 41.663092], [-8.227923, 41.663394], [-8.239899, 41.666399], [-8.248143, 41.670616], [-8.257559, 41.679685], [-8.260108, 41.688708], [-8.258433, 41.697704], [-8.251434, 41.707529]], [[-8.383741, 41.698197], [-8.371688, 41.701717], [-8.359658, 41.702913], [-8.347656, 41.701269], [-8.339421, 41.698198], [-8.324705, 41.689106], [-8.315971, 41.680047], [-8.312334, 41.671018], [-8.311562, 41.662006], [-8.313543, 41.653011], [-8.318315, 41.644032], [-8.326872, 41.635076], [-8.336387, 41.628312], [-8.348452, 41.622359], [-8.360491, 41.618803], [-8.372508, 41.617316], [-8.384508, 41.617678], [-8.396483, 41.620696], [-8.40841, 41.629045], [-8.424606, 41.644614], [-8.433878, 41.653667], [-8.439495, 41.662702], [-8.437326, 41.671698], [-8.426967, 41.680654], [-8.383741, 41.698197]]], [[[-8.756839, 41.580344], [-8.75993, 41.578527], [-8.767441, 41.580286], [-8.769874, 41.583874], [-8.768997, 41.58613], [-8.773228, 41.589482], [-8.775371, 41.593972], [-8.78556, 41.593464], [-8.797327, 41.600599], [-8.804218, 41.600109], [-8.80456, 41.604158], [-8.809434, 41.611332], [-8.828644, 41.609656], [-8.82839, 41.585633], [-8.818497, 41.554794], [-8.8221, 41.547542], [-8.821965, 41.534907], [-8.815926, 41.525624], [-8.815181, 41.519971], [-8.811755, 41.51463], [-8.81063, 41.5101], [-8.813245, 41.499192], [-8.80658, 41.485838], [-8.80365, 41.510776], [-8.794207, 41.537782], [-8.775228, 41.564769], [-8.756839, 41.580344]]], [[[-8.804143, 41.25729], [-8.7699, 41.252582], [-8.746032, 41.251596], [-8.722155, 41.25272], [-8.688247, 41.258308], [-8.663095, 41.267245], [-8.649757, 41.276213], [-8.642744, 41.285199], [-8.64157, 41.294203], [-8.645018, 41.303222], [-8.663347, 41.321292], [-8.773867, 41.402631], [-8.790623, 41.420678], [-8.796204, 41.429696], [-8.802242, 41.445246], [-8.806115, 41.43713], [-8.807354, 41.425915], [-8.811193, 41.416638], [-8.807079, 41.331833], [-8.793488, 41.342707], [-8.779297, 41.348596], [-8.757595, 41.35243], [-8.733694, 41.350581], [-8.709818, 41.343223], [-8.685978, 41.329713], [-8.665598, 41.312291], [-8.659658, 41.303266], [-8.657271, 41.294251], [-8.659217, 41.285249], [-8.665892, 41.276261], [-8.679641, 41.267292], [-8.698245, 41.261056], [-8.722135, 41.257531], [-8.746006, 41.258155], [-8.769862, 41.263291], [-8.781352, 41.26753], [-8.796892, 41.276567], [-8.805221, 41.28469], [-8.804143, 41.25729]]], [[[-8.756353, 41.580701], [-8.756353, 41.580701], [-8.756221, 41.580798], [-8.756353, 41.580701]]], [[[-8.756056, 41.580919], [-8.74958, 41.58511], [-8.75101, 41.586228], [-8.755779, 41.583276], [-8.756056, 41.580919]]], [[[-8.633608, 41.601441], [-8.612714, 41.592961], [-8.600763, 41.585305], [-8.588833, 41.57474], [-8.558031, 41.537117], [-8.544625, 41.510042], [-8.537408, 41.501006], [-8.493704, 41.467993], [-8.486349, 41.46476], [-8.479923, 41.455723], [-8.486045, 41.428728], [-8.496997, 41.401754], [-8.502218, 41.383762], [-8.503305, 41.365751], [-8.501304, 41.347727], [-8.49679, 41.329692], [-8.488229, 41.311639], [-8.474635, 41.293562], [-8.44648, 41.262214], [-8.439785, 41.262907], [-8.438023, 41.268989], [-8.434745, 41.269673], [-8.432691, 41.277107], [-8.427032, 41.279372], [-8.429143, 41.284319], [-8.426171, 41.287028], [-8.426488, 41.291079], [-8.425013, 41.294909], [-8.422037, 41.296942], [-8.422647, 41.299867], [-8.407744, 41.304856], [-8.406262, 41.307335], [-8.403277, 41.307342], [-8.401801, 41.311398], [-8.399712, 41.311628], [-8.400316, 41.313202], [-8.396738, 41.314336], [-8.398835, 41.316131], [-8.393775, 41.31997], [-8.393489, 41.323122], [-8.391105, 41.324253], [-8.386325, 41.323588], [-8.380382, 41.331254], [-8.375305, 41.33104], [-8.37201, 41.328346], [-8.361563, 41.329718], [-8.358276, 41.329049], [-8.357673, 41.327249], [-8.350207, 41.327264], [-8.346032, 41.328847], [-8.342462, 41.333131], [-8.333215, 41.336299], [-8.326363, 41.342163], [-8.324568, 41.341041], [-8.323376, 41.341943], [-8.320676, 41.338121], [-8.312604, 41.334983], [-8.313794, 41.333405], [-8.31139, 41.328007], [-8.307502, 41.325762], [-8.305116, 41.326891], [-8.303024, 41.325994], [-8.303615, 41.323742], [-8.301216, 41.319694], [-8.296431, 41.316774], [-8.297618, 41.313846], [-8.296116, 41.310022], [-8.288774, 41.312959], [-8.298108, 41.328652], [-8.30074, 41.337676], [-8.301832, 41.355698], [-8.298337, 41.373692], [-8.287969, 41.391643], [-8.279563, 41.400598], [-8.266817, 41.410665], [-8.242752, 41.422294], [-8.230751, 41.425249], [-8.206801, 41.426488], [-8.182925, 41.421698], [-8.159149, 41.409459], [-8.147061, 41.399692], [-8.138558, 41.390621], [-8.129706, 41.375193], [-8.119074, 41.377218], [-8.119672, 41.378569], [-8.116683, 41.380144], [-8.117578, 41.386447], [-8.114589, 41.386446], [-8.111343, 41.390948], [-8.134108, 41.408603], [-8.149581, 41.417726], [-8.170046, 41.426883], [-8.194751, 41.433117], [-8.218688, 41.43318], [-8.242688, 41.427854], [-8.264445, 41.418517], [-8.314955, 41.384161], [-8.326917, 41.383944], [-8.350751, 41.392648], [-8.362699, 41.393939], [-8.374671, 41.392926], [-8.397079, 41.383259], [-8.410745, 41.371986], [-8.422744, 41.367293], [-8.434675, 41.370342], [-8.447648, 41.383513], [-8.45181, 41.39254], [-8.454564, 41.410568], [-8.453294, 41.41957], [-8.449525, 41.428559], [-8.441303, 41.437527], [-8.422025, 41.448509], [-8.409963, 41.458429], [-8.401904, 41.473359], [-8.400808, 41.482361], [-8.403092, 41.49138], [-8.409556, 41.503321], [-8.416753, 41.509465], [-8.419799, 41.518488], [-8.412172, 41.536464], [-8.40836, 41.554459], [-8.409008, 41.563524], [-8.414918, 41.581514], [-8.420762, 41.590242], [-8.432733, 41.593353], [-8.456745, 41.591649], [-8.468782, 41.586891], [-8.496072, 41.554877], [-8.502611, 41.545898], [-8.498385, 41.536872], [-8.481226, 41.531026], [-8.459574, 41.518682], [-8.453564, 41.509646], [-8.458636, 41.500662], [-8.469573, 41.490117], [-8.481598, 41.484466], [-8.493573, 41.484844], [-8.505512, 41.490019], [-8.518324, 41.500928], [-8.52381, 41.509958], [-8.525537, 41.52798], [-8.52927, 41.537003], [-8.552336, 41.555109], [-8.559861, 41.564146], [-8.568997, 41.582195], [-8.575956, 41.615399], [-8.577321, 41.614269], [-8.581231, 41.615829], [-8.585766, 41.620988], [-8.591462, 41.620515], [-8.596534, 41.616668], [-8.601628, 41.615972], [-8.603996, 41.611686], [-8.609369, 41.608287], [-8.614156, 41.606692], [-8.619881, 41.610269], [-8.621338, 41.604636], [-8.628833, 41.604378], [-8.633608, 41.601441]], [[-8.468929, 41.56897], [-8.456901, 41.572979], [-8.444903, 41.573392], [-8.432938, 41.569953], [-8.425032, 41.563551], [-8.419602, 41.554516], [-8.418512, 41.545503], [-8.421248, 41.535853], [-8.433367, 41.520832], [-8.445366, 41.51919], [-8.457323, 41.522546], [-8.480848, 41.536794], [-8.486897, 41.545829], [-8.483662, 41.554822], [-8.468929, 41.56897]], [[-8.457453, 41.491649], [-8.445491, 41.504522], [-8.433471, 41.508876], [-8.42151, 41.50639], [-8.409611, 41.497269], [-8.403551, 41.482375], [-8.405018, 41.473375], [-8.409905, 41.464887], [-8.421954, 41.456498], [-8.433959, 41.452874], [-8.445936, 41.452367], [-8.462147, 41.455642], [-8.472469, 41.464697], [-8.465171, 41.482678], [-8.457453, 41.491649]]], [[[-8.111046, 41.390722], [-8.111046, 41.390722], [-8.1113, 41.390915], [-8.111046, 41.390722]]], [[[-8.07559, 41.555047], [-8.097242, 41.559778], [-8.121247, 41.558283], [-8.135402, 41.55273], [-8.145508, 41.543799], [-8.149858, 41.534824], [-8.149583, 41.525814], [-8.144205, 41.516767], [-8.133875, 41.510603], [-8.10999, 41.504674], [-8.084019, 41.502553], [-8.092402, 41.504163], [-8.0924, 41.507311], [-8.109945, 41.507958], [-8.121886, 41.511047], [-8.133077, 41.516684], [-8.139513, 41.525739], [-8.139237, 41.534745], [-8.133036, 41.543705], [-8.12135, 41.550681], [-8.109323, 41.553343], [-8.097334, 41.553177], [-8.082787, 41.548945], [-8.079788, 41.551876], [-8.074097, 41.549848], [-8.072896, 41.552098], [-8.07559, 41.555047]]], [[[-8.0921, 41.507332], [-8.0921, 41.507332], [-8.092359, 41.507314], [-8.0921, 41.507332]]], [[[-8.673203, 41.49447], [-8.68814, 41.492506], [-8.697198, 41.487238], [-8.70282, 41.483538], [-8.706692, 41.47454], [-8.704486, 41.465527], [-8.697327, 41.459399], [-8.685378, 41.454219], [-8.673411, 41.453028], [-8.661427, 41.455169], [-8.649415, 41.462496], [-8.644339, 41.474364], [-8.649294, 41.484917], [-8.661232, 41.49265], [-8.673203, 41.49447]]]]}}, {"id": "5", "type": "Feature", "properties": {"fill": "#ea870e", "value_min": -2.33, "value_max": -2.0}, "geometry": {"type": "MultiPolygon", "coordinates": [[[[-7.864618, 41.831718], [-7.876677, 41.830787], [-7.890835, 41.82084], [-7.893387, 41.811858], [-7.88919, 41.803533], [-7.877264, 41.797147], [-7.86523, 41.797063], [-7.853111, 41.801658], [-7.845428, 41.811386], [-7.846716, 41.820406], [-7.852663, 41.826782], [-7.864618, 41.831718]], [[-7.864666, 41.828972], [-7.850487, 41.820443], [-7.848531, 41.811417], [-7.855472, 41.80248], [-7.865202, 41.79862], [-7.877237, 41.798701], [-7.885439, 41.802774], [-7.889117, 41.807803], [-7.89115, 41.811836], [-7.888923, 41.819033], [-7.876719, 41.828343], [-7.864666, 41.828972]]], [[[-8.203453, 41.699655], [-8.215474, 41.699365], [-8.217528, 41.697433], [-8.215543, 41.693745], [-8.203535, 41.692983], [-8.201389, 41.697322], [-8.203453, 41.699655]]], [[[-8.371894, 41.680601], [-8.383899, 41.681594], [-8.387603, 41.680451], [-8.395963, 41.676393], [-8.400995, 41.671515], [-8.401632, 41.662511], [-8.396156, 41.65571], [-8.384195, 41.650524], [-8.372175, 41.651649], [-8.360022, 41.662287], [-8.360473, 41.671296], [-8.371894, 41.680601]], [[-8.38393, 41.678326], [-8.371936, 41.676239], [-8.365968, 41.671327], [-8.365621, 41.662318], [-8.372129, 41.656356], [-8.38416, 41.654207], [-8.397306, 41.662488], [-8.396773, 41.671492], [-8.38393, 41.678326]]], [[[-8.015734, 41.659854], [-8.023693, 41.665674], [-8.032432, 41.659996], [-8.02388, 41.653331], [-8.015734, 41.659854]], [[-8.021989, 41.659907], [-8.023802, 41.658455], [-8.025707, 41.659939], [-8.023761, 41.661203], [-8.021989, 41.659907]]], [[[-8.197397, 41.376524], [-8.196725, 41.382035], [-8.20177, 41.391077], [-8.207184, 41.394992], [-8.219097, 41.399043], [-8.23107, 41.398215], [-8.244097, 41.391363], [-8.248856, 41.382387], [-8.247882, 41.373373], [-8.244272, 41.368283], [-8.239197, 41.371315], [-8.236726, 41.371092], [-8.239742, 41.373319], [-8.24233, 41.382344], [-8.234866, 41.391302], [-8.231129, 41.393198], [-8.219158, 41.393952], [-8.21185, 41.391147], [-8.204495, 41.382089], [-8.205712, 41.376744], [-8.200358, 41.377648], [-8.197397, 41.376524]]], [[[-8.244183, 41.368159], [-8.244183, 41.368159], [-8.243972, 41.367861], [-8.244183, 41.368159]]], [[[-8.236117, 41.370643], [-8.236117, 41.370643], [-8.236208, 41.37071], [-8.236117, 41.370643]]], [[[-8.236422, 41.370867], [-8.236422, 41.370867], [-8.236507, 41.370931], [-8.236422, 41.370867]]], [[[-8.639477, 41.196022], [-8.641493, 41.204125], [-8.64654, 41.213148], [-8.65645, 41.222186], [-8.674527, 41.229391], [-8.686452, 41.230726], [-8.71033, 41.227658], [-8.724607, 41.222369], [-8.73787, 41.213392], [-8.745227, 41.204401], [-8.749217, 41.195402], [-8.750233, 41.186396], [-8.748452, 41.177384], [-8.74369, 41.168366], [-8.734471, 41.15894], [-8.722581, 41.151978], [-8.71068, 41.148079], [-8.698771, 41.146394], [-8.686853, 41.146719], [-8.674218, 41.149441], [-8.674849, 41.153767], [-8.672489, 41.15648], [-8.66117, 41.156307], [-8.662078, 41.158104], [-8.660313, 41.160813], [-8.657033, 41.160378], [-8.654961, 41.161963], [-8.653222, 41.168049], [-8.655053, 41.17358], [-8.662922, 41.165736], [-8.674871, 41.159888], [-8.686803, 41.157207], [-8.698722, 41.157075], [-8.71063, 41.15947], [-8.722527, 41.16486], [-8.735043, 41.177354], [-8.738478, 41.18637], [-8.738513, 41.195378], [-8.735085, 41.204378], [-8.727545, 41.213368], [-8.710351, 41.22293], [-8.698408, 41.225656], [-8.686474, 41.226208], [-8.674552, 41.224374], [-8.662648, 41.219062], [-8.65536, 41.213175], [-8.649445, 41.204149], [-8.647247, 41.195135], [-8.648006, 41.186129], [-8.650778, 41.179315], [-8.647955, 41.180228], [-8.647696, 41.185181], [-8.641225, 41.196014], [-8.639477, 41.196022]]], [[[-8.65087, 41.179089], [-8.65087, 41.179089], [-8.651085, 41.178638], [-8.65087, 41.179089]]]]}}, {"id": "4", "type": "Feature", "properties": {"fill": "#d75e13", "value_min": -2.67, "value_max": -2.33}, "geometry": {"type": "MultiPolygon", "coordinates": [[[[-7.864666, 41.828972], [-7.876719, 41.828343], [-7.888923, 41.819033], [-7.89115, 41.811836], [-7.889117, 41.807803], [-7.885439, 41.802774], [-7.877237, 41.798701], [-7.865202, 41.79862], [-7.855472, 41.80248], [-7.848531, 41.811417], [-7.850487, 41.820443], [-7.864666, 41.828972]], [[-7.86471, 41.826488], [-7.854485, 41.820483], [-7.851634, 41.811448], [-7.859275, 41.802518], [-7.865175, 41.800177], [-7.87721, 41.800254], [-7.882221, 41.802743], [-7.888868, 41.811814], [-7.884745, 41.820781], [-7.876759, 41.826061], [-7.86471, 41.826488]]], [[[-8.38393, 41.678326], [-8.396773, 41.671492], [-8.397306, 41.662488], [-8.38416, 41.654207], [-8.372129, 41.656356], [-8.365621, 41.662318], [-8.365968, 41.671327], [-8.371936, 41.676239], [-8.38393, 41.678326]], [[-8.37198, 41.671782], [-8.372079, 41.661563], [-8.384118, 41.658583], [-8.390678, 41.662453], [-8.390079, 41.671457], [-8.383966, 41.674576], [-8.37198, 41.671782]]], [[[-8.021989, 41.659907], [-8.023761, 41.661203], [-8.025707, 41.659939], [-8.023802, 41.658455], [-8.021989, 41.659907]]], [[[-8.205712, 41.376744], [-8.204495, 41.382089], [-8.21185, 41.391147], [-8.219158, 41.393952], [-8.231129, 41.393198], [-8.234866, 41.391302], [-8.24233, 41.382344], [-8.239742, 41.373319], [-8.236726, 41.371092], [-8.236507, 41.370931], [-8.236422, 41.370867], [-8.236208, 41.37071], [-8.236117, 41.370643], [-8.224854, 41.370878], [-8.21738, 41.368182], [-8.211712, 41.376065], [-8.205712, 41.376744]], [[-8.219254, 41.385902], [-8.215272, 41.382163], [-8.219388, 41.374754], [-8.231308, 41.377993], [-8.232976, 41.382282], [-8.231233, 41.384336], [-8.219254, 41.385902]]], [[[-8.650778, 41.179315], [-8.648006, 41.186129], [-8.647247, 41.195135], [-8.649445, 41.204149], [-8.65536, 41.213175], [-8.662648, 41.219062], [-8.674552, 41.224374], [-8.686474, 41.226208], [-8.698408, 41.225656], [-8.710351, 41.22293], [-8.727545, 41.213368], [-8.735085, 41.204378], [-8.738513, 41.195378], [-8.738478, 41.18637], [-8.735043, 41.177354], [-8.722527, 41.16486], [-8.71063, 41.15947], [-8.698722, 41.157075], [-8.686803, 41.157207], [-8.674871, 41.159888], [-8.662922, 41.165736], [-8.655053, 41.17358], [-8.655366, 41.175467], [-8.651085, 41.178638], [-8.65087, 41.179089], [-8.650778, 41.179315]], [[-8.698429, 41.220931], [-8.686496, 41.221559], [-8.674579, 41.21881], [-8.664503, 41.213202], [-8.657425, 41.204173], [-8.655342, 41.195159], [-8.657099, 41.186156], [-8.663035, 41.177166], [-8.674823, 41.169534], [-8.686759, 41.166448], [-8.698679, 41.166577], [-8.710584, 41.169962], [-8.721417, 41.177322], [-8.727244, 41.186344], [-8.728462, 41.195355], [-8.725567, 41.204356], [-8.717122, 41.213343], [-8.698429, 41.220931]]]]}}, {"id": "3", "type": "Feature", "properties": {"fill": "#c33119", "value_min": -3.0, "value_max": -2.67}, "geometry": {"type": "MultiPolygon", "coordinates": [[[[-7.86471, 41.826488], [-7.876759, 41.826061], [-7.884745, 41.820781], [-7.888868, 41.811814], [-7.882221, 41.802743], [-7.87721, 41.800254], [-7.865175, 41.800177], [-7.859275, 41.802518], [-7.851634, 41.811448], [-7.854485, 41.820483], [-7.86471, 41.826488]], [[-7.864754, 41.824003], [-7.858834, 41.820527], [-7.854886, 41.811481], [-7.863078, 41.802555], [-7.877183, 41.801809], [-7.885904, 41.811786], [-7.881382, 41.820748], [-7.876799, 41.823778], [-7.864754, 41.824003]]], [[[-8.37198, 41.671782], [-8.383966, 41.674576], [-8.390079, 41.671457], [-8.390678, 41.662453], [-8.384118, 41.658583], [-8.372079, 41.661563], [-8.37198, 41.671782]]], [[[-8.219254, 41.385902], [-8.231233, 41.384336], [-8.232976, 41.382282], [-8.231308, 41.377993], [-8.219388, 41.374754], [-8.215272, 41.382163], [-8.219254, 41.385902]]], [[[-8.698429, 41.220931], [-8.717122, 41.213343], [-8.725567, 41.204356], [-8.728462, 41.195355], [-8.727244, 41.186344], [-8.721417, 41.177322], [-8.710584, 41.169962], [-8.698679, 41.166577], [-8.686759, 41.166448], [-8.674823, 41.169534], [-8.663035, 41.177166], [-8.657099, 41.186156], [-8.655342, 41.195159], [-8.657425, 41.204173], [-8.664503, 41.213202], [-8.674579, 41.21881], [-8.686496, 41.221559], [-8.698429, 41.220931]], [[-8.686522, 41.216027], [-8.67461, 41.212594], [-8.666078, 41.204199], [-8.66372, 41.195184], [-8.667349, 41.186187], [-8.674775, 41.179339], [-8.686717, 41.175306], [-8.698636, 41.175792], [-8.710534, 41.181381], [-8.715267, 41.186315], [-8.718243, 41.19533], [-8.715597, 41.204332], [-8.704339, 41.213311], [-8.698455, 41.215348], [-8.686522, 41.216027]]]]}}, {"id": "2", "type": "Feature", "properties": {"fill": "#ae1c1c", "value_min": -3.33, "value_max": -3.0}, "geometry": {"type": "MultiPolygon", "coordinates": [[[[-7.864754, 41.824003], [-7.876799, 41.823778], [-7.881382, 41.820748], [-7.885904, 41.811786], [-7.877183, 41.801809], [-7.863078, 41.802555], [-7.854886, 41.811481], [-7.858834, 41.820527], [-7.864754, 41.824003]], [[-7.864798, 41.821519], [-7.85825, 41.811514], [-7.865103, 41.804259], [-7.87714, 41.804289], [-7.88294, 41.811757], [-7.878019, 41.820716], [-7.864798, 41.821519]]], [[[-8.686522, 41.216027], [-8.698455, 41.215348], [-8.704339, 41.213311], [-8.715597, 41.204332], [-8.718243, 41.19533], [-8.715267, 41.186315], [-8.710534, 41.181381], [-8.698636, 41.175792], [-8.686717, 41.175306], [-8.674775, 41.179339], [-8.667349, 41.186187], [-8.66372, 41.195184], [-8.666078, 41.204199], [-8.67461, 41.212594], [-8.686522, 41.216027]], [[-8.686558, 41.208549], [-8.677452, 41.204231], [-8.674702, 41.194081], [-8.68667, 41.185136], [-8.698588, 41.186264], [-8.705991, 41.1953], [-8.703024, 41.2043], [-8.698492, 41.207199], [-8.686558, 41.208549]]]]}}, {"id": "1", "type": "Feature", "properties": {"fill": "#9c1c1c", "value_min": -3.67, "value_max": -3.33}, "geometry": {"type": "MultiPolygon", "coordinates": [[[[-7.864798, 41.821519], [-7.878019, 41.820716], [-7.88294, 41.811757], [-7.87714, 41.804289], [-7.865103, 41.804259], [-7.85825, 41.811514], [-7.864798, 41.821519]], [[-7.864875, 41.817124], [-7.861611, 41.811547], [-7.865038, 41.807919], [-7.877075, 41.807994], [-7.879975, 41.811728], [-7.876915, 41.817146], [-7.864875, 41.817124]]], [[[-8.686558, 41.208549], [-8.698492, 41.207199], [-8.703024, 41.2043], [-8.705991, 41.1953], [-8.698588, 41.186264], [-8.68667, 41.185136], [-8.674702, 41.194081], [-8.677452, 41.204231], [-8.686558, 41.208549]]]]}}, {"id": "13", "type": "Feature", "properties": {"fill": "#a3a3a3", "value_min": 0.33, "value_max": -0.67}, "geometry": {"type": "MultiPolygon", "coordinates": [[[[-8.575956, 41.615399], [-8.568997, 41.582195], [-8.559861, 41.564146], [-8.552336, 41.555109], [-8.52927, 41.537003], [-8.525537, 41.52798], [-8.52381, 41.509958], [-8.518324, 41.500928], [-8.505512, 41.490019], [-8.493573, 41.484844], [-8.481598, 41.484466], [-8.469573, 41.490117], [-8.458636, 41.500662], [-8.453564, 41.509646], [-8.459574, 41.518682], [-8.481226, 41.531026], [-8.498385, 41.536872], [-8.502611, 41.545898], [-8.496072, 41.554877], [-8.468782, 41.586891], [-8.456745, 41.591649], [-8.432733, 41.593353], [-8.420762, 41.590242], [-8.414918, 41.581514], [-8.409008, 41.563524], [-8.40836, 41.554459], [-8.412172, 41.536464], [-8.419799, 41.518488], [-8.416753, 41.509465], [-8.409556, 41.503321], [-8.403092, 41.49138], [-8.400808, 41.482361], [-8.401904, 41.473359], [-8.409963, 41.458429], [-8.422025, 41.448509], [-8.441303, 41.437527], [-8.449525, 41.428559], [-8.453294, 41.41957], [-8.454564, 41.410568], [-8.45181, 41.39254], [-8.447648, 41.383513], [-8.434675, 41.370342], [-8.422744, 41.367293], [-8.410745, 41.371986], [-8.397079, 41.383259], [-8.374671, 41.392926], [-8.362699, 41.393939], [-8.350751, 41.392648], [-8.326917, 41.383944], [-8.314955, 41.384161], [-8.264445, 41.418517], [-8.242688, 41.427854], [-8.218688, 41.43318], [-8.194751, 41.433117], [-8.170046, 41.426883], [-8.149581, 41.417726], [-8.134108, 41.408603], [-8.111343, 41.390948], [-8.1113, 41.390915], [-8.111046, 41.390722], [-8.108011, 41.393648], [-8.103827, 41.392972], [-8.105321, 41.394998], [-8.10263, 41.396123], [-8.10801, 41.398825], [-8.108606, 41.403102], [-8.104419, 41.406252], [-8.104119, 41.408728], [-8.101727, 41.409403], [-8.102025, 41.411204], [-8.092756, 41.411201], [-8.092456, 41.413227], [-8.088762, 41.415251], [-8.123058, 41.42417], [-8.170716, 41.440736], [-8.194622, 41.443546], [-8.218592, 41.441173], [-8.24261, 41.434519], [-8.266668, 41.423925], [-8.302784, 41.403872], [-8.314786, 41.400223], [-8.326756, 41.399572], [-8.362599, 41.404238], [-8.398478, 41.405479], [-8.412376, 41.410361], [-8.419903, 41.419406], [-8.42101, 41.428419], [-8.418483, 41.437414], [-8.402034, 41.464352], [-8.398789, 41.473343], [-8.398064, 41.482346], [-8.400064, 41.491364], [-8.408355, 41.509422], [-8.409892, 41.518437], [-8.39712, 41.552231], [-8.38646, 41.572359], [-8.375822, 41.581309], [-8.360791, 41.588418], [-8.303873, 41.607917], [-8.264415, 41.623189], [-8.21621, 41.638745], [-8.204127, 41.644905], [-8.181934, 41.661157], [-8.173837, 41.670106], [-8.169632, 41.679083], [-8.16966, 41.697097], [-8.177369, 41.715167], [-8.186719, 41.72424], [-8.203014, 41.735206], [-8.214969, 41.740938], [-8.226985, 41.7417], [-8.239061, 41.737468], [-8.263297, 41.721267], [-8.275386, 41.715342], [-8.287447, 41.711724], [-8.29947, 41.711496], [-8.311464, 41.714034], [-8.335422, 41.722168], [-8.347431, 41.723515], [-8.359483, 41.720554], [-8.380001, 41.707432], [-8.398497, 41.698523], [-8.419855, 41.691512], [-8.443918, 41.688084], [-8.468454, 41.689591], [-8.482012, 41.682123], [-8.484371, 41.674238], [-8.49308, 41.674886], [-8.499963, 41.671038], [-8.50927, 41.671233], [-8.51018, 41.672806], [-8.511967, 41.670324], [-8.509856, 41.668755], [-8.522103, 41.658811], [-8.525706, 41.659023], [-8.527769, 41.652714], [-8.534066, 41.652017], [-8.537355, 41.64998], [-8.537634, 41.646602], [-8.543876, 41.637352], [-8.543855, 41.633976], [-8.536342, 41.631977], [-8.535128, 41.62973], [-8.543431, 41.61462], [-8.554533, 41.615255], [-8.557244, 41.617046], [-8.562639, 41.61635], [-8.567756, 41.619032], [-8.570735, 41.616095], [-8.575956, 41.615399]], [[-8.251305, 41.718695], [-8.239194, 41.726211], [-8.22712, 41.730476], [-8.215094, 41.730604], [-8.203114, 41.727103], [-8.191169, 41.720852], [-8.179302, 41.708631], [-8.174419, 41.697131], [-8.174017, 41.688122], [-8.177006, 41.679136], [-8.184041, 41.670179], [-8.191885, 41.66367], [-8.203972, 41.657525], [-8.216023, 41.654192], [-8.240057, 41.652968], [-8.264043, 41.655893], [-8.276056, 41.655614], [-8.288146, 41.648347], [-8.301778, 41.634926], [-8.324477, 41.619202], [-8.336539, 41.613428], [-8.360621, 41.60557], [-8.384666, 41.600999], [-8.408673, 41.60028], [-8.416167, 41.608542], [-8.42098, 41.626581], [-8.427625, 41.635622], [-8.444272, 41.646964], [-8.460065, 41.653793], [-8.464813, 41.662822], [-8.458159, 41.671798], [-8.441611, 41.680726], [-8.359588, 41.709924], [-8.347563, 41.710418], [-8.33557, 41.70776], [-8.299676, 41.692542], [-8.28767, 41.691535], [-8.275573, 41.698729], [-8.251305, 41.718695]], [[-8.516682, 41.598901], [-8.504709, 41.595347], [-8.499616, 41.590921], [-8.494618, 41.581892], [-8.495623, 41.572889], [-8.502223, 41.563911], [-8.504968, 41.56145], [-8.516995, 41.556936], [-8.528978, 41.558045], [-8.539276, 41.564065], [-8.545207, 41.573096], [-8.54549, 41.582105], [-8.540328, 41.591091], [-8.528688, 41.597951], [-8.516682, 41.598901]], [[-8.493252, 41.526068], [-8.481273, 41.525174], [-8.469334, 41.519458], [-8.463568, 41.509693], [-8.469493, 41.500005], [-8.481517, 41.494599], [-8.493489, 41.49566], [-8.502332, 41.50086], [-8.508161, 41.509892], [-8.506302, 41.518892], [-8.493252, 41.526068]]], [[[-7.889576, 41.85687], [-7.908278, 41.830014], [-7.916104, 41.812075], [-7.914793, 41.803055], [-7.910972, 41.794013], [-7.901799, 41.784918], [-7.889539, 41.783359], [-7.841343, 41.786718], [-7.817217, 41.789827], [-7.793039, 41.795604], [-7.780984, 41.796636], [-7.76895, 41.774565], [-7.757551, 41.763511], [-7.743561, 41.757219], [-7.740214, 41.763924], [-7.726937, 41.771755], [-7.7254, 41.777152], [-7.727191, 41.779184], [-7.724177, 41.780299], [-7.725372, 41.781653], [-7.722296, 41.792446], [-7.728879, 41.797871], [-7.72705, 41.801691], [-7.728495, 41.811103], [-7.749596, 41.810383], [-7.768765, 41.806197], [-7.780708, 41.811177], [-7.78534, 41.819773], [-7.815897, 41.861506], [-7.830785, 41.874814], [-7.838021, 41.872924], [-7.842528, 41.875187], [-7.841663, 41.866632], [-7.846335, 41.863492], [-7.83998, 41.862291], [-7.828057, 41.8554], [-7.819351, 41.847148], [-7.806837, 41.829005], [-7.804394, 41.819973], [-7.805159, 41.810974], [-7.810482, 41.802023], [-7.829204, 41.792487], [-7.853362, 41.787576], [-7.877464, 41.785723], [-7.889489, 41.78624], [-7.901452, 41.790433], [-7.90507, 41.793956], [-7.910515, 41.803015], [-7.911938, 41.812035], [-7.909953, 41.821023], [-7.900662, 41.836605], [-7.888377, 41.850583], [-7.882661, 41.85434], [-7.889576, 41.85687]]], [[[-7.964373, 41.602411], [-7.949664, 41.614234], [-7.944344, 41.623192], [-7.941844, 41.632176], [-7.942185, 41.650193], [-7.954685, 41.686336], [-7.956123, 41.695356], [-7.954892, 41.704352], [-7.94606, 41.722285], [-7.926386, 41.738609], [-7.917179, 41.749037], [-7.914202, 41.758016], [-7.914577, 41.767026], [-7.925778, 41.775067], [-7.973864, 41.777795], [-8.009876, 41.783394], [-8.021902, 41.783884], [-8.033956, 41.782521], [-8.046948, 41.777207], [-8.055921, 41.768275], [-8.059088, 41.759294], [-8.05889, 41.750285], [-8.056198, 41.741256], [-8.04954, 41.732194], [-8.028065, 41.714001], [-8.019748, 41.704923], [-8.018966, 41.69591], [-8.03077, 41.687003], [-8.047547, 41.677242], [-8.054679, 41.669188], [-8.058788, 41.660214], [-8.059925, 41.651217], [-8.057228, 41.642188], [-8.048219, 41.631618], [-8.024495, 41.612531], [-8.009872, 41.604962], [-8.005671, 41.606515], [-8.003262, 41.611464], [-7.998761, 41.612809], [-7.999669, 41.608759], [-7.996976, 41.605829], [-7.996684, 41.602003], [-7.984685, 41.603564], [-7.982292, 41.60086], [-7.975689, 41.603552], [-7.974482, 41.606701], [-7.971182, 41.607147], [-7.969091, 41.603768], [-7.964373, 41.602411]], [[-8.034194, 41.766701], [-8.022096, 41.771108], [-8.010049, 41.772159], [-7.986019, 41.769995], [-7.949862, 41.773911], [-7.937837, 41.773484], [-7.925855, 41.770452], [-7.92117, 41.767088], [-7.918947, 41.75806], [-7.922665, 41.749089], [-7.926278, 41.745073], [-7.938449, 41.736327], [-7.94977, 41.731326], [-7.960367, 41.722415], [-7.981624, 41.695585], [-7.967296, 41.668436], [-7.964918, 41.6504], [-7.96721, 41.641414], [-7.97621, 41.63004], [-7.988322, 41.623258], [-8.00037, 41.620404], [-8.012368, 41.620712], [-8.03625, 41.629161], [-8.048115, 41.638626], [-8.055727, 41.651182], [-8.055395, 41.660187], [-8.047609, 41.672992], [-8.035465, 41.681796], [-8.021231, 41.686922], [-8.003847, 41.695779], [-8.011298, 41.704851], [-8.034505, 41.723062], [-8.043394, 41.732143], [-8.04698, 41.74118], [-8.047221, 41.750189], [-8.043063, 41.759161], [-8.034194, 41.766701]]], [[[-8.078579, 41.565526], [-8.097136, 41.567421], [-8.121128, 41.567045], [-8.13315, 41.564966], [-8.1452, 41.56067], [-8.156397, 41.552886], [-8.162482, 41.543924], [-8.164496, 41.534931], [-8.163694, 41.525918], [-8.157788, 41.514779], [-8.145908, 41.506825], [-8.092133, 41.498353], [-8.072051, 41.492639], [-8.072348, 41.495601], [-8.078333, 41.49898], [-8.078332, 41.500331], [-8.084019, 41.502553], [-8.10999, 41.504674], [-8.133875, 41.510603], [-8.144205, 41.516767], [-8.149583, 41.525814], [-8.149858, 41.534824], [-8.145508, 41.543799], [-8.135402, 41.55273], [-8.121247, 41.558283], [-8.097242, 41.559778], [-8.07559, 41.555047], [-8.076188, 41.557276], [-8.079783, 41.558403], [-8.082177, 41.563131], [-8.081276, 41.565382], [-8.078579, 41.565526]]], [[[-8.805221, 41.28469], [-8.796892, 41.276567], [-8.781352, 41.26753], [-8.769862, 41.263291], [-8.746006, 41.258155], [-8.722135, 41.257531], [-8.698245, 41.261056], [-8.679641, 41.267292], [-8.665892, 41.276261], [-8.659217, 41.285249], [-8.657271, 41.294251], [-8.659658, 41.303266], [-8.665598, 41.312291], [-8.685978, 41.329713], [-8.709818, 41.343223], [-8.733694, 41.350581], [-8.757595, 41.35243], [-8.779297, 41.348596], [-8.793488, 41.342707], [-8.807079, 41.331833], [-8.805221, 41.28469]], [[-8.745701, 41.336759], [-8.733746, 41.337678], [-8.721798, 41.336748], [-8.70986, 41.333911], [-8.697932, 41.328901], [-8.686017, 41.321565], [-8.676052, 41.312321], [-8.670267, 41.303297], [-8.668471, 41.294284], [-8.670855, 41.285283], [-8.678336, 41.276296], [-8.686258, 41.271312], [-8.698221, 41.266233], [-8.710171, 41.26366], [-8.734049, 41.263194], [-8.745979, 41.265274], [-8.757902, 41.269361], [-8.770423, 41.276517], [-8.779253, 41.285542], [-8.783546, 41.294558], [-8.784626, 41.303568], [-8.782243, 41.312571], [-8.776479, 41.321568], [-8.764363, 41.330551], [-8.745701, 41.336759]]]]}}, {"id": "14", "type": "Feature", "properties": {"fill": "#a3a3a3", "value_min": 0.67, "value_max": -1.0}, "geometry": {"type": "MultiPolygon", "coordinates": [[[[-8.468454, 41.689591], [-8.443918, 41.688084], [-8.419855, 41.691512], [-8.398497, 41.698523], [-8.380001, 41.707432], [-8.359483, 41.720554], [-8.347431, 41.723515], [-8.335422, 41.722168], [-8.311464, 41.714034], [-8.29947, 41.711496], [-8.287447, 41.711724], [-8.275386, 41.715342], [-8.263297, 41.721267], [-8.239061, 41.737468], [-8.226985, 41.7417], [-8.214969, 41.740938], [-8.203014, 41.735206], [-8.186719, 41.72424], [-8.177369, 41.715167], [-8.16966, 41.697097], [-8.169632, 41.679083], [-8.173837, 41.670106], [-8.181934, 41.661157], [-8.204127, 41.644905], [-8.21621, 41.638745], [-8.264415, 41.623189], [-8.303873, 41.607917], [-8.360791, 41.588418], [-8.375822, 41.581309], [-8.38646, 41.572359], [-8.39712, 41.552231], [-8.409892, 41.518437], [-8.408355, 41.509422], [-8.400064, 41.491364], [-8.398064, 41.482346], [-8.398789, 41.473343], [-8.402034, 41.464352], [-8.418483, 41.437414], [-8.42101, 41.428419], [-8.419903, 41.419406], [-8.412376, 41.410361], [-8.398478, 41.405479], [-8.362599, 41.404238], [-8.326756, 41.399572], [-8.314786, 41.400223], [-8.302784, 41.403872], [-8.266668, 41.423925], [-8.24261, 41.434519], [-8.218592, 41.441173], [-8.194622, 41.443546], [-8.170716, 41.440736], [-8.123058, 41.42417], [-8.088762, 41.415251], [-8.079893, 41.41975], [-8.077503, 41.416597], [-8.070923, 41.41862], [-8.066739, 41.416142], [-8.061953, 41.417264], [-8.059852, 41.424916], [-8.055959, 41.429415], [-8.057743, 41.438645], [-8.061033, 41.438872], [-8.064916, 41.444052], [-8.067908, 41.444279], [-8.069999, 41.447206], [-8.068788, 41.462286], [-8.073872, 41.46499], [-8.074164, 41.473543], [-8.066374, 41.482318], [-8.066069, 41.48817], [-8.071755, 41.489974], [-8.072051, 41.492639], [-8.092133, 41.498353], [-8.145908, 41.506825], [-8.157788, 41.514779], [-8.163694, 41.525918], [-8.164496, 41.534931], [-8.162482, 41.543924], [-8.156397, 41.552886], [-8.1452, 41.56067], [-8.13315, 41.564966], [-8.121128, 41.567045], [-8.097136, 41.567421], [-8.078579, 41.565526], [-8.069883, 41.570103], [-8.069281, 41.572579], [-8.062384, 41.575501], [-8.060883, 41.577557], [-8.085025, 41.575772], [-8.144964, 41.57852], [-8.168973, 41.577143], [-8.181022, 41.572903], [-8.187401, 41.562117], [-8.187049, 41.5441], [-8.182986, 41.526056], [-8.176617, 41.507996], [-8.169994, 41.497408], [-8.158065, 41.493344], [-8.130111, 41.498647], [-8.115378, 41.498534], [-8.098154, 41.494153], [-8.087223, 41.489307], [-8.077557, 41.480223], [-8.07448, 41.471191], [-8.075373, 41.46219], [-8.08179, 41.453234], [-8.086797, 41.449757], [-8.098833, 41.445147], [-8.110823, 41.443744], [-8.122783, 41.444586], [-8.134718, 41.447285], [-8.170436, 41.462708], [-8.182409, 41.462869], [-8.194417, 41.460087], [-8.242518, 41.44243], [-8.302686, 41.413085], [-8.314682, 41.410108], [-8.326657, 41.409137], [-8.362517, 41.412564], [-8.386405, 41.417175], [-8.398308, 41.423991], [-8.402084, 41.428323], [-8.404843, 41.437344], [-8.403926, 41.446347], [-8.397936, 41.464237], [-8.395991, 41.482336], [-8.397665, 41.493479], [-8.403168, 41.509395], [-8.403195, 41.518403], [-8.399929, 41.527393], [-8.389467, 41.545353], [-8.373026, 41.563827], [-8.360959, 41.571379], [-8.348912, 41.576553], [-8.324852, 41.583226], [-8.288798, 41.589074], [-8.228769, 41.592423], [-8.216746, 41.594448], [-8.204645, 41.602784], [-8.188121, 41.634179], [-8.161681, 41.670018], [-8.159648, 41.67901], [-8.160467, 41.688023], [-8.169546, 41.71511], [-8.173668, 41.724147], [-8.192479, 41.742295], [-8.195423, 41.751322], [-8.195225, 41.760328], [-8.190511, 41.773235], [-8.178304, 41.786939], [-8.154046, 41.801286], [-8.129887, 41.807604], [-8.117892, 41.804396], [-8.106051, 41.790245], [-8.079768, 41.750454], [-8.070831, 41.741375], [-8.032681, 41.71404], [-8.026189, 41.704978], [-8.027173, 41.695979], [-8.051725, 41.67817], [-8.063384, 41.660252], [-8.066384, 41.651269], [-8.06453, 41.642247], [-8.042691, 41.615046], [-8.037608, 41.599792], [-8.031467, 41.602938], [-8.02367, 41.603156], [-8.019174, 41.601802], [-8.009872, 41.604962], [-8.024495, 41.612531], [-8.048219, 41.631618], [-8.057228, 41.642188], [-8.059925, 41.651217], [-8.058788, 41.660214], [-8.054679, 41.669188], [-8.047547, 41.677242], [-8.03077, 41.687003], [-8.018966, 41.69591], [-8.019748, 41.704923], [-8.028065, 41.714001], [-8.04954, 41.732194], [-8.056198, 41.741256], [-8.05889, 41.750285], [-8.059088, 41.759294], [-8.055921, 41.768275], [-8.046948, 41.777207], [-8.033956, 41.782521], [-8.021902, 41.783884], [-8.009876, 41.783394], [-7.973864, 41.777795], [-7.925778, 41.775067], [-7.914577, 41.767026], [-7.914202, 41.758016], [-7.917179, 41.749037], [-7.926386, 41.738609], [-7.94606, 41.722285], [-7.954892, 41.704352], [-7.956123, 41.695356], [-7.954685, 41.686336], [-7.942185, 41.650193], [-7.941844, 41.632176], [-7.944344, 41.623192], [-7.949664, 41.614234], [-7.964373, 41.602411], [-7.9541, 41.602846], [-7.952606, 41.600592], [-7.947808, 41.60081], [-7.945413, 41.599456], [-7.942725, 41.595625], [-7.936132, 41.594488], [-7.93791, 41.601694], [-7.937004, 41.603718], [-7.931604, 41.604384], [-7.930073, 41.614735], [-7.925255, 41.620579], [-7.920755, 41.620796], [-7.917748, 41.623041], [-7.915933, 41.627764], [-7.913229, 41.628885], [-7.912613, 41.63361], [-7.906014, 41.633147], [-7.905699, 41.637648], [-7.907788, 41.640804], [-7.899304, 41.645514], [-7.915662, 41.661177], [-7.92744, 41.675234], [-7.938233, 41.695192], [-7.939694, 41.704212], [-7.938538, 41.713209], [-7.934764, 41.722181], [-7.917617, 41.740034], [-7.911447, 41.748983], [-7.907792, 41.766962], [-7.90391, 41.775932], [-7.889595, 41.780069], [-7.85343, 41.783797], [-7.829367, 41.783522], [-7.805371, 41.779669], [-7.793461, 41.773131], [-7.759598, 41.73899], [-7.75689, 41.739446], [-7.758687, 41.740577], [-7.757758, 41.745301], [-7.748417, 41.749321], [-7.747786, 41.754496], [-7.743561, 41.757219], [-7.757551, 41.763511], [-7.76895, 41.774565], [-7.780984, 41.796636], [-7.793039, 41.795604], [-7.817217, 41.789827], [-7.841343, 41.786718], [-7.889539, 41.783359], [-7.901799, 41.784918], [-7.910972, 41.794013], [-7.914793, 41.803055], [-7.916104, 41.812075], [-7.908278, 41.830014], [-7.889576, 41.85687], [-7.891675, 41.859094], [-7.896014, 41.859553], [-7.920982, 41.812121], [-7.916674, 41.78506], [-7.925689, 41.780427], [-7.937756, 41.778376], [-7.949785, 41.778587], [-7.96178, 41.780944], [-7.997679, 41.793857], [-8.021646, 41.80076], [-8.057637, 41.808949], [-8.080784, 41.812061], [-8.084998, 41.810493], [-8.091013, 41.812521], [-8.093421, 41.811397], [-8.093723, 41.808471], [-8.101845, 41.809824], [-8.104853, 41.81185], [-8.115984, 41.812302], [-8.123807, 41.808702], [-8.138247, 41.808477], [-8.139751, 41.813203], [-8.14276, 41.812978], [-8.145769, 41.815453], [-8.149078, 41.814777], [-8.153893, 41.817928], [-8.161415, 41.818376], [-8.165326, 41.81815], [-8.173744, 41.808019], [-8.177054, 41.808017], [-8.182773, 41.812516], [-8.190291, 41.809587], [-8.197158, 41.814129], [-8.201063, 41.808724], [-8.204973, 41.807372], [-8.205872, 41.804445], [-8.213692, 41.803765], [-8.217598, 41.80016], [-8.217589, 41.793634], [-8.224207, 41.794303], [-8.229917, 41.791598], [-8.240744, 41.791588], [-8.24074, 41.789338], [-8.244347, 41.787984], [-8.245546, 41.785731], [-8.249166, 41.785053], [-8.244264, 41.778675], [-8.241979, 41.769653], [-8.242597, 41.76065], [-8.245661, 41.751663], [-8.251811, 41.742696], [-8.260931, 41.733749], [-8.275265, 41.726159], [-8.287315, 41.723735], [-8.299327, 41.724642], [-8.311306, 41.728835], [-8.320696, 41.734117], [-8.331479, 41.743188], [-8.338713, 41.752236], [-8.342363, 41.761467], [-8.344765, 41.762363], [-8.349267, 41.760103], [-8.352557, 41.755145], [-8.34982, 41.745922], [-8.349814, 41.744122], [-8.352516, 41.743441], [-8.352203, 41.739616], [-8.357897, 41.735103], [-8.362407, 41.735994], [-8.369087, 41.731929], [-8.37769, 41.716426], [-8.387949, 41.707474], [-8.405844, 41.698561], [-8.419824, 41.694909], [-8.43185, 41.694013], [-8.443856, 41.69522], [-8.453268, 41.698051], [-8.453255, 41.695487], [-8.461659, 41.694563], [-8.468454, 41.689591]]], [[[-7.739218, 41.828881], [-7.756303, 41.828108], [-7.768303, 41.830272], [-7.780231, 41.836291], [-7.790959, 41.846852], [-7.796543, 41.855918], [-7.801558, 41.874176], [-7.804288, 41.874184], [-7.805215, 41.86946], [-7.814229, 41.873537], [-7.823863, 41.874013], [-7.825059, 41.875817], [-7.830479, 41.875831], [-7.830785, 41.874814], [-7.815897, 41.861506], [-7.78534, 41.819773], [-7.780708, 41.811177], [-7.768765, 41.806197], [-7.749596, 41.810383], [-7.728495, 41.811103], [-7.728761, 41.816776], [-7.732041, 41.821514], [-7.74345, 41.825605], [-7.739218, 41.828881]]], [[[-7.759365, 41.738779], [-7.759365, 41.738779], [-7.759299, 41.738718], [-7.759365, 41.738779]]], [[[-8.119389, 41.694977], [-8.116194, 41.696698], [-8.119332, 41.699132], [-8.121439, 41.696739], [-8.119389, 41.694977]]], [[[-8.516682, 41.598901], [-8.528688, 41.597951], [-8.540328, 41.591091], [-8.54549, 41.582105], [-8.545207, 41.573096], [-8.539276, 41.564065], [-8.528978, 41.558045], [-8.516995, 41.556936], [-8.504968, 41.56145], [-8.502223, 41.563911], [-8.495623, 41.572889], [-8.494618, 41.581892], [-8.499616, 41.590921], [-8.504709, 41.595347], [-8.516682, 41.598901]], [[-8.516668, 41.57298], [-8.517231, 41.572982], [-8.516872, 41.573379], [-8.516668, 41.57298]]], [[[-8.493252, 41.526068], [-8.506302, 41.518892], [-8.508161, 41.509892], [-8.502332, 41.50086], [-8.493489, 41.49566], [-8.481517, 41.494599], [-8.469493, 41.500005], [-8.463568, 41.509693], [-8.469334, 41.519458], [-8.481273, 41.525174], [-8.493252, 41.526068]], [[-8.479675, 41.518774], [-8.473929, 41.509741], [-8.481444, 41.503746], [-8.493394, 41.507872], [-8.495075, 41.509835], [-8.493348, 41.513791], [-8.486671, 41.518806], [-8.479675, 41.518774]]], [[[-8.745701, 41.336759], [-8.764363, 41.330551], [-8.776479, 41.321568], [-8.782243, 41.312571], [-8.784626, 41.303568], [-8.783546, 41.294558], [-8.779253, 41.285542], [-8.770423, 41.276517], [-8.757902, 41.269361], [-8.745979, 41.265274], [-8.734049, 41.263194], [-8.710171, 41.26366], [-8.698221, 41.266233], [-8.686258, 41.271312], [-8.678336, 41.276296], [-8.670855, 41.285283], [-8.668471, 41.294284], [-8.670267, 41.303297], [-8.676052, 41.312321], [-8.686017, 41.321565], [-8.697932, 41.328901], [-8.70986, 41.333911], [-8.721798, 41.336748], [-8.733746, 41.337678], [-8.745701, 41.336759]], [[-8.733788, 41.327486], [-8.721836, 41.328002], [-8.709894, 41.32608], [-8.697967, 41.321403], [-8.685671, 41.312348], [-8.679587, 41.303323], [-8.677987, 41.294311], [-8.680848, 41.285311], [-8.689987, 41.276328], [-8.698193, 41.272212], [-8.710148, 41.26885], [-8.722091, 41.267968], [-8.734024, 41.269433], [-8.75206, 41.276479], [-8.761734, 41.285507], [-8.765723, 41.294523], [-8.76566, 41.303531], [-8.761475, 41.31253], [-8.751081, 41.321515], [-8.733788, 41.327486]]]]}}, {"id": "17", "type": "Feature", "properties": {"fill": "#6ba5ec", "value_min": 1.67, "value_max": -2.0}, "geometry": {"type": "MultiPolygon", "coordinates": [[[[-8.012753, 41.833359], [-8.002407, 41.821863], [-7.997296, 41.818431], [-7.985356, 41.812062], [-7.960839, 41.803481], [-7.959033, 41.794458], [-7.953952, 41.785405], [-7.949697, 41.783982], [-7.934472, 41.785226], [-7.931775, 41.794208], [-7.938688, 41.803279], [-7.935068, 41.812252], [-7.925011, 41.820999], [-7.918227, 41.830108], [-7.910825, 41.848052], [-7.911492, 41.866071], [-7.918632, 41.878953], [-7.93106, 41.876926], [-7.924157, 41.871988], [-7.919781, 41.86615], [-7.915838, 41.857106], [-7.915045, 41.848092], [-7.916901, 41.839102], [-7.921616, 41.83014], [-7.937139, 41.815746], [-7.949226, 41.812827], [-7.961268, 41.812682], [-7.973275, 41.814715], [-7.985229, 41.820082], [-7.997714, 41.830829], [-8.003158, 41.839883], [-8.004511, 41.847795], [-8.007618, 41.843072], [-8.007928, 41.838796], [-8.012753, 41.833359]]], [[[-7.889724, 41.772623], [-7.896241, 41.766851], [-7.901067, 41.739877], [-7.917548, 41.72202], [-7.919348, 41.71303], [-7.914952, 41.70347], [-7.903064, 41.695769], [-7.891074, 41.694214], [-7.878989, 41.698109], [-7.866663, 41.715664], [-7.855981, 41.721423], [-7.830444, 41.724227], [-7.819733, 41.730063], [-7.812915, 41.739], [-7.811025, 41.747987], [-7.812591, 41.75701], [-7.818415, 41.766077], [-7.831455, 41.775218], [-7.8535, 41.77987], [-7.865534, 41.779771], [-7.884967, 41.775749], [-7.889724, 41.772623]], [[-7.865564, 41.778083], [-7.853535, 41.777907], [-7.841555, 41.77532], [-7.82965, 41.767959], [-7.822371, 41.757111], [-7.822915, 41.74811], [-7.829568, 41.739171], [-7.842316, 41.73263], [-7.866432, 41.728777], [-7.87857, 41.722204], [-7.881663, 41.712669], [-7.890881, 41.705438], [-7.902886, 41.706252], [-7.909544, 41.712937], [-7.90829, 41.721932], [-7.902527, 41.727369], [-7.892145, 41.730785], [-7.890594, 41.739776], [-7.893926, 41.748815], [-7.894708, 41.75783], [-7.891264, 41.766804], [-7.878256, 41.775684], [-7.865564, 41.778083]]], [[[-8.442516, 41.7104], [-8.440319, 41.707741], [-8.431763, 41.703817], [-8.419759, 41.702179], [-8.407718, 41.704619], [-8.401651, 41.707546], [-8.392953, 41.716508], [-8.391681, 41.725508], [-8.39387, 41.730075], [-8.396942, 41.730518], [-8.402043, 41.72668], [-8.400236, 41.716546], [-8.40768, 41.708784], [-8.411021, 41.707595], [-8.419724, 41.706103], [-8.427013, 41.707676], [-8.435628, 41.714792], [-8.441333, 41.714201], [-8.442516, 41.7104]]], [[[-8.153691, 41.714995], [-8.153398, 41.705986], [-8.143392, 41.697386], [-8.131343, 41.699695], [-8.119131, 41.713894], [-8.116815, 41.714717], [-8.121452, 41.72376], [-8.130966, 41.727687], [-8.14302, 41.72541], [-8.153691, 41.714995]], [[-8.131074, 41.719659], [-8.125736, 41.714785], [-8.129109, 41.705804], [-8.131288, 41.703799], [-8.143307, 41.703747], [-8.145848, 41.70593], [-8.146027, 41.714938], [-8.143122, 41.717668], [-8.131074, 41.719659]]], [[[-8.08312, 41.710269], [-8.09525, 41.70242], [-8.098958, 41.696565], [-8.122419, 41.678732], [-8.124999, 41.669745], [-8.119877, 41.659161], [-8.108009, 41.648806], [-8.096056, 41.644821], [-8.08929, 41.651453], [-8.083939, 41.652522], [-8.071786, 41.662565], [-8.059456, 41.684425], [-8.056838, 41.68722], [-8.040619, 41.696092], [-8.036486, 41.705065], [-8.046962, 41.716859], [-8.058945, 41.71951], [-8.071002, 41.717045], [-8.08312, 41.710269]], [[-8.047034, 41.712002], [-8.041828, 41.705109], [-8.047262, 41.696534], [-8.059315, 41.694092], [-8.066416, 41.687298], [-8.066843, 41.678294], [-8.071694, 41.66896], [-8.083828, 41.66038], [-8.095867, 41.658361], [-8.107809, 41.66333], [-8.113803, 41.669659], [-8.114201, 41.678669], [-8.105088, 41.687605], [-8.095356, 41.694879], [-8.083295, 41.697919], [-8.070444, 41.696337], [-8.069542, 41.705337], [-8.059022, 41.714201], [-8.047034, 41.712002]]], [[[-8.118542, 41.62466], [-8.120079, 41.615664], [-8.117549, 41.606638], [-8.105, 41.597534], [-8.096754, 41.594871], [-8.08476, 41.594535], [-8.072702, 41.598647], [-8.065079, 41.606223], [-8.063427, 41.615217], [-8.067483, 41.624257], [-8.084148, 41.637793], [-8.096106, 41.641244], [-8.108178, 41.636604], [-8.118542, 41.62466]], [[-8.084285, 41.628109], [-8.078109, 41.624343], [-8.072478, 41.614325], [-8.077758, 41.606326], [-8.084642, 41.602839], [-8.096631, 41.603664], [-8.101503, 41.606514], [-8.106421, 41.615559], [-8.101312, 41.624526], [-8.096294, 41.627777], [-8.084285, 41.628109]]], [[[-8.34914, 41.55389], [-8.361176, 41.54925], [-8.373241, 41.541532], [-8.385348, 41.529103], [-8.39198, 41.518344], [-8.394163, 41.500341], [-8.39154, 41.45529], [-8.389528, 41.446272], [-8.383617, 41.437233], [-8.37431, 41.430533], [-8.362384, 41.426239], [-8.338486, 41.42255], [-8.314537, 41.423937], [-8.302534, 41.42727], [-8.281693, 41.436641], [-8.267274, 41.445558], [-8.246345, 41.463438], [-8.23555, 41.481381], [-8.229348, 41.499355], [-8.228533, 41.508356], [-8.233494, 41.517397], [-8.252389, 41.535536], [-8.265113, 41.544625], [-8.277228, 41.550715], [-8.289173, 41.554833], [-8.313115, 41.55869], [-8.337115, 41.557103], [-8.34914, 41.55389]], [[-8.337193, 41.549487], [-8.313212, 41.549516], [-8.30125, 41.546874], [-8.289313, 41.542059], [-8.27985, 41.535711], [-8.27254, 41.526658], [-8.266027, 41.499594], [-8.259888, 41.490548], [-8.256403, 41.481518], [-8.256442, 41.472511], [-8.260102, 41.463527], [-8.267669, 41.454568], [-8.278548, 41.445629], [-8.302473, 41.432959], [-8.314478, 41.429561], [-8.326462, 41.428043], [-8.350388, 41.42909], [-8.362329, 41.431803], [-8.374243, 41.437539], [-8.383091, 41.446237], [-8.388734, 41.464282], [-8.391531, 41.500327], [-8.390705, 41.50933], [-8.387103, 41.518318], [-8.373311, 41.534358], [-8.361246, 41.542159], [-8.337193, 41.549487]]], [[[-8.122319, 41.478969], [-8.110348, 41.478575], [-8.10893, 41.48047], [-8.110297, 41.482285], [-8.122276, 41.482158], [-8.123552, 41.480582], [-8.122319, 41.478969]]], [[[-8.738059, 41.294463], [-8.73178, 41.285441], [-8.722032, 41.281739], [-8.710089, 41.282182], [-8.703277, 41.285371], [-8.69657, 41.294361], [-8.699005, 41.303376], [-8.709964, 41.310381], [-8.721907, 41.311301], [-8.736013, 41.303466], [-8.738059, 41.294463]]]]}}, {"id": "16", "type": "Feature", "properties": {"fill": "#80a4d0", "value_min": 1.33, "value_max": -1.67}, "geometry": {"type": "MultiPolygon", "coordinates": [[[[-8.032337, 41.830267], [-8.032337, 41.830267], [-8.03232, 41.83025], [-8.032337, 41.830267]]], [[[-8.032108, 41.830041], [-8.032108, 41.830041], [-8.03202, 41.829954], [-8.032108, 41.830041]]], [[[-8.03188, 41.829816], [-8.024001, 41.822049], [-8.010006, 41.812922], [-7.973582, 41.795468], [-7.962578, 41.785483], [-7.949741, 41.781285], [-7.937709, 41.781226], [-7.926801, 41.785155], [-7.92401, 41.794135], [-7.927186, 41.803172], [-7.926402, 41.812171], [-7.909971, 41.839037], [-7.90354, 41.860469], [-7.907309, 41.865203], [-7.906095, 41.868126], [-7.910299, 41.871285], [-7.910285, 41.875562], [-7.91479, 41.879171], [-7.918632, 41.878953], [-7.911492, 41.866071], [-7.910825, 41.848052], [-7.918227, 41.830108], [-7.925011, 41.820999], [-7.935068, 41.812252], [-7.938688, 41.803279], [-7.931775, 41.794208], [-7.934472, 41.785226], [-7.949697, 41.783982], [-7.953952, 41.785405], [-7.959033, 41.794458], [-7.960839, 41.803481], [-7.985356, 41.812062], [-7.997296, 41.818431], [-8.002407, 41.821863], [-8.012753, 41.833359], [-8.013965, 41.828899], [-8.017873, 41.831379], [-8.03188, 41.829816]]], [[[-7.729029, 41.873946], [-7.743182, 41.883223], [-7.755207, 41.88465], [-7.767315, 41.881726], [-7.777452, 41.873729], [-7.779589, 41.870076], [-7.781376, 41.864764], [-7.780028, 41.855743], [-7.771118, 41.846642], [-7.75603, 41.84217], [-7.746353, 41.843411], [-7.750541, 41.847685], [-7.750532, 41.849261], [-7.743309, 41.849012], [-7.746901, 41.8524], [-7.746881, 41.855776], [-7.73843, 41.859348], [-7.734159, 41.868337], [-7.730228, 41.871024], [-7.729029, 41.873946]]], [[[-7.789178, 41.719965], [-7.791151, 41.738773], [-7.798382, 41.756863], [-7.805444, 41.765943], [-7.817963, 41.775079], [-7.829451, 41.778919], [-7.853465, 41.781833], [-7.877565, 41.779894], [-7.892706, 41.775824], [-7.901218, 41.766899], [-7.905421, 41.748926], [-7.909733, 41.73996], [-7.925533, 41.722095], [-7.928377, 41.713114], [-7.92697, 41.703499], [-7.922083, 41.695042], [-7.915216, 41.687752], [-7.903329, 41.680182], [-7.881259, 41.672872], [-7.877044, 41.676077], [-7.876723, 41.681253], [-7.873401, 41.686198], [-7.868896, 41.686413], [-7.868008, 41.68326], [-7.864403, 41.683701], [-7.864096, 41.685276], [-7.858987, 41.68639], [-7.857773, 41.689538], [-7.854776, 41.68818], [-7.847538, 41.695365], [-7.837309, 41.699391], [-7.835792, 41.702763], [-7.839682, 41.705924], [-7.838465, 41.709522], [-7.832453, 41.710407], [-7.825252, 41.708813], [-7.818621, 41.713522], [-7.815291, 41.718689], [-7.808986, 41.717996], [-7.808396, 41.715744], [-7.803298, 41.714154], [-7.790966, 41.717044], [-7.789178, 41.719965]], [[-7.889724, 41.772623], [-7.884967, 41.775749], [-7.865534, 41.779771], [-7.8535, 41.77987], [-7.831455, 41.775218], [-7.818415, 41.766077], [-7.812591, 41.75701], [-7.811025, 41.747987], [-7.812915, 41.739], [-7.819733, 41.730063], [-7.830444, 41.724227], [-7.855981, 41.721423], [-7.866663, 41.715664], [-7.878989, 41.698109], [-7.891074, 41.694214], [-7.903064, 41.695769], [-7.914952, 41.70347], [-7.919348, 41.71303], [-7.917548, 41.72202], [-7.901067, 41.739877], [-7.896241, 41.766851], [-7.889724, 41.772623]]], [[[-8.305928, 41.758377], [-8.30891, 41.752061], [-8.306081, 41.743037], [-8.299186, 41.737647], [-8.287201, 41.734036], [-8.275143, 41.736947], [-8.267476, 41.742797], [-8.264079, 41.751783], [-8.268227, 41.760816], [-8.274371, 41.765706], [-8.280681, 41.764083], [-8.284038, 41.761109], [-8.284931, 41.757507], [-8.287033, 41.756829], [-8.305928, 41.758377]]], [[[-8.446992, 41.704305], [-8.431809, 41.698629], [-8.419794, 41.698306], [-8.40775, 41.701138], [-8.394616, 41.707509], [-8.38617, 41.716472], [-8.383141, 41.725463], [-8.383661, 41.730998], [-8.385523, 41.730319], [-8.387332, 41.73189], [-8.39387, 41.730075], [-8.391681, 41.725508], [-8.392953, 41.716508], [-8.401651, 41.707546], [-8.407718, 41.704619], [-8.419759, 41.702179], [-8.431763, 41.703817], [-8.440319, 41.707741], [-8.442516, 41.7104], [-8.446992, 41.704305]]], [[[-8.154994, 41.72911], [-8.158838, 41.724039], [-8.161612, 41.715053], [-8.160311, 41.706036], [-8.155436, 41.69537], [-8.147433, 41.687927], [-8.144202, 41.678896], [-8.144436, 41.669891], [-8.146989, 41.660903], [-8.160415, 41.642988], [-8.163741, 41.634005], [-8.16328, 41.624994], [-8.158902, 41.615955], [-8.149851, 41.606881], [-8.136103, 41.597772], [-8.113337, 41.588591], [-8.096882, 41.585665], [-8.084887, 41.585506], [-8.07286, 41.587606], [-8.060774, 41.593756], [-8.057125, 41.597151], [-8.053119, 41.606125], [-8.053923, 41.615139], [-8.058619, 41.624185], [-8.073728, 41.642322], [-8.073627, 41.651328], [-8.057032, 41.678214], [-8.033748, 41.696035], [-8.03131, 41.705021], [-8.037735, 41.714082], [-8.046904, 41.720791], [-8.05886, 41.725281], [-8.082852, 41.729124], [-8.11876, 41.741058], [-8.130783, 41.741242], [-8.142852, 41.738023], [-8.154994, 41.72911]], [[-8.153691, 41.714995], [-8.14302, 41.72541], [-8.130966, 41.727687], [-8.121452, 41.72376], [-8.116815, 41.714717], [-8.119131, 41.713894], [-8.131343, 41.699695], [-8.143392, 41.697386], [-8.153398, 41.705986], [-8.153691, 41.714995]], [[-8.08312, 41.710269], [-8.071002, 41.717045], [-8.058945, 41.71951], [-8.046962, 41.716859], [-8.036486, 41.705065], [-8.040619, 41.696092], [-8.056838, 41.68722], [-8.059456, 41.684425], [-8.071786, 41.662565], [-8.083939, 41.652522], [-8.08929, 41.651453], [-8.096056, 41.644821], [-8.108009, 41.648806], [-8.119877, 41.659161], [-8.124999, 41.669745], [-8.122419, 41.678732], [-8.098958, 41.696565], [-8.09525, 41.70242], [-8.08312, 41.710269]], [[-8.107199, 41.707426], [-8.105591, 41.705623], [-8.105697, 41.696617], [-8.119477, 41.68853], [-8.129098, 41.696797], [-8.119219, 41.707407], [-8.107199, 41.707426]], [[-8.118542, 41.62466], [-8.108178, 41.636604], [-8.096106, 41.641244], [-8.084148, 41.637793], [-8.067483, 41.624257], [-8.063427, 41.615217], [-8.065079, 41.606223], [-8.072702, 41.598647], [-8.08476, 41.594535], [-8.096754, 41.594871], [-8.105, 41.597534], [-8.117549, 41.606638], [-8.120079, 41.615664], [-8.118542, 41.62466]]], [[[-8.361084, 41.55861], [-8.373152, 41.550804], [-8.385258, 41.538639], [-8.393081, 41.527357], [-8.396857, 41.51837], [-8.397979, 41.509368], [-8.393998, 41.482325], [-8.396183, 41.446307], [-8.39376, 41.437287], [-8.386295, 41.428793], [-8.374384, 41.422822], [-8.338545, 41.416691], [-8.314603, 41.417671], [-8.290586, 41.425452], [-8.269074, 41.436562], [-8.238695, 41.45438], [-8.214288, 41.47223], [-8.206669, 41.481186], [-8.202018, 41.490161], [-8.200182, 41.499155], [-8.202491, 41.517186], [-8.212465, 41.535269], [-8.229263, 41.550904], [-8.241175, 41.557647], [-8.265064, 41.566013], [-8.289007, 41.569968], [-8.312992, 41.570352], [-8.337013, 41.567129], [-8.361084, 41.55861]], [[-8.34914, 41.55389], [-8.337115, 41.557103], [-8.313115, 41.55869], [-8.289173, 41.554833], [-8.277228, 41.550715], [-8.265113, 41.544625], [-8.252389, 41.535536], [-8.233494, 41.517397], [-8.228533, 41.508356], [-8.229348, 41.499355], [-8.23555, 41.481381], [-8.246345, 41.463438], [-8.267274, 41.445558], [-8.281693, 41.436641], [-8.302534, 41.42727], [-8.314537, 41.423937], [-8.338486, 41.42255], [-8.362384, 41.426239], [-8.37431, 41.430533], [-8.383617, 41.437233], [-8.389528, 41.446272], [-8.39154, 41.45529], [-8.394163, 41.500341], [-8.39198, 41.518344], [-8.385348, 41.529103], [-8.373241, 41.541532], [-8.361176, 41.54925], [-8.34914, 41.55389]]], [[[-8.141633, 41.480719], [-8.139768, 41.471697], [-8.134462, 41.466564], [-8.122558, 41.461261], [-8.110586, 41.461155], [-8.098533, 41.466832], [-8.094662, 41.471351], [-8.093382, 41.480348], [-8.100594, 41.489412], [-8.110152, 41.492886], [-8.122123, 41.493528], [-8.134151, 41.48993], [-8.141633, 41.480719]], [[-8.122319, 41.478969], [-8.123552, 41.480582], [-8.122276, 41.482158], [-8.110297, 41.482285], [-8.10893, 41.48047], [-8.110348, 41.478575], [-8.122319, 41.478969]]], [[[-8.745804, 41.310247], [-8.750622, 41.303499], [-8.751554, 41.294493], [-8.747233, 41.285476], [-8.733995, 41.276462], [-8.722065, 41.274094], [-8.710122, 41.2747], [-8.698161, 41.279244], [-8.690805, 41.285338], [-8.686868, 41.294335], [-8.68873, 41.303348], [-8.698003, 41.313512], [-8.709928, 41.318601], [-8.72187, 41.319942], [-8.733827, 41.317737], [-8.745804, 41.310247]], [[-8.738059, 41.294463], [-8.736013, 41.303466], [-8.721907, 41.311301], [-8.709964, 41.310381], [-8.699005, 41.303376], [-8.69657, 41.294361], [-8.703277, 41.285371], [-8.710089, 41.282182], [-8.722032, 41.281739], [-8.73178, 41.285441], [-8.738059, 41.294463]]]]}}, {"id": "15", "type": "Feature", "properties": {"fill": "#97a3b2", "value_min": 1.0, "value_max": -1.33}, "geometry": {"type": "MultiPolygon", "coordinates": [[[[-8.080784, 41.812061], [-8.057637, 41.808949], [-8.021646, 41.80076], [-7.997679, 41.793857], [-7.96178, 41.780944], [-7.949785, 41.778587], [-7.937756, 41.778376], [-7.925689, 41.780427], [-7.916674, 41.78506], [-7.920982, 41.812121], [-7.896014, 41.859553], [-7.900698, 41.861588], [-7.90354, 41.860469], [-7.909971, 41.839037], [-7.926402, 41.812171], [-7.927186, 41.803172], [-7.92401, 41.794135], [-7.926801, 41.785155], [-7.937709, 41.781226], [-7.949741, 41.781285], [-7.962578, 41.785483], [-7.973582, 41.795468], [-8.010006, 41.812922], [-8.024001, 41.822049], [-8.03188, 41.829816], [-8.03202, 41.829954], [-8.032108, 41.830041], [-8.03232, 41.83025], [-8.032337, 41.830267], [-8.037134, 41.831171], [-8.041351, 41.828023], [-8.041054, 41.825097], [-8.045268, 41.824425], [-8.046775, 41.821951], [-8.056712, 41.81588], [-8.06664, 41.817012], [-8.072961, 41.813414], [-8.077775, 41.813641], [-8.080784, 41.812061]]], [[[-7.801558, 41.874176], [-7.796543, 41.855918], [-7.790959, 41.846852], [-7.780231, 41.836291], [-7.768303, 41.830272], [-7.756303, 41.828108], [-7.739218, 41.828881], [-7.742196, 41.833928], [-7.74729, 41.837772], [-7.746353, 41.843411], [-7.75603, 41.84217], [-7.771118, 41.846642], [-7.780028, 41.855743], [-7.781376, 41.864764], [-7.779589, 41.870076], [-7.777452, 41.873729], [-7.767315, 41.881726], [-7.755207, 41.88465], [-7.743182, 41.883223], [-7.729029, 41.873946], [-7.729293, 41.875972], [-7.720533, 41.880218], [-7.720523, 41.881793], [-7.725335, 41.882935], [-7.726208, 41.887665], [-7.737044, 41.888828], [-7.73944, 41.891087], [-7.74246, 41.889747], [-7.742785, 41.885922], [-7.756022, 41.888441], [-7.758719, 41.890926], [-7.756592, 41.89407], [-7.758076, 41.897901], [-7.763193, 41.898593], [-7.779227, 41.886264], [-7.785257, 41.885157], [-7.788886, 41.882467], [-7.794309, 41.882033], [-7.796739, 41.878214], [-7.794954, 41.873932], [-7.801558, 41.874176]]], [[[-8.037608, 41.599792], [-8.042691, 41.615046], [-8.06453, 41.642247], [-8.066384, 41.651269], [-8.063384, 41.660252], [-8.051725, 41.67817], [-8.027173, 41.695979], [-8.026189, 41.704978], [-8.032681, 41.71404], [-8.070831, 41.741375], [-8.079768, 41.750454], [-8.106051, 41.790245], [-8.117892, 41.804396], [-8.129887, 41.807604], [-8.154046, 41.801286], [-8.178304, 41.786939], [-8.190511, 41.773235], [-8.195225, 41.760328], [-8.195423, 41.751322], [-8.192479, 41.742295], [-8.173668, 41.724147], [-8.169546, 41.71511], [-8.160467, 41.688023], [-8.159648, 41.67901], [-8.161681, 41.670018], [-8.188121, 41.634179], [-8.204645, 41.602784], [-8.216746, 41.594448], [-8.228769, 41.592423], [-8.288798, 41.589074], [-8.324852, 41.583226], [-8.348912, 41.576553], [-8.360959, 41.571379], [-8.373026, 41.563827], [-8.389467, 41.545353], [-8.399929, 41.527393], [-8.403195, 41.518403], [-8.403168, 41.509395], [-8.397665, 41.493479], [-8.395991, 41.482336], [-8.397936, 41.464237], [-8.403926, 41.446347], [-8.404843, 41.437344], [-8.402084, 41.428323], [-8.398308, 41.423991], [-8.386405, 41.417175], [-8.362517, 41.412564], [-8.326657, 41.409137], [-8.314682, 41.410108], [-8.302686, 41.413085], [-8.242518, 41.44243], [-8.194417, 41.460087], [-8.182409, 41.462869], [-8.170436, 41.462708], [-8.134718, 41.447285], [-8.122783, 41.444586], [-8.110823, 41.443744], [-8.098833, 41.445147], [-8.086797, 41.449757], [-8.08179, 41.453234], [-8.075373, 41.46219], [-8.07448, 41.471191], [-8.077557, 41.480223], [-8.087223, 41.489307], [-8.098154, 41.494153], [-8.115378, 41.498534], [-8.130111, 41.498647], [-8.158065, 41.493344], [-8.169994, 41.497408], [-8.176617, 41.507996], [-8.182986, 41.526056], [-8.187049, 41.5441], [-8.187401, 41.562117], [-8.181022, 41.572903], [-8.168973, 41.577143], [-8.144964, 41.57852], [-8.085025, 41.575772], [-8.060883, 41.577557], [-8.055484, 41.580673], [-8.052181, 41.584498], [-8.052777, 41.587649], [-8.048277, 41.590122], [-8.047974, 41.592373], [-8.037608, 41.599792]], [[-8.154994, 41.72911], [-8.142852, 41.738023], [-8.130783, 41.741242], [-8.11876, 41.741058], [-8.082852, 41.729124], [-8.05886, 41.725281], [-8.046904, 41.720791], [-8.037735, 41.714082], [-8.03131, 41.705021], [-8.033748, 41.696035], [-8.057032, 41.678214], [-8.073627, 41.651328], [-8.073728, 41.642322], [-8.058619, 41.624185], [-8.053923, 41.615139], [-8.053119, 41.606125], [-8.057125, 41.597151], [-8.060774, 41.593756], [-8.07286, 41.587606], [-8.084887, 41.585506], [-8.096882, 41.585665], [-8.113337, 41.588591], [-8.136103, 41.597772], [-8.149851, 41.606881], [-8.158902, 41.615955], [-8.16328, 41.624994], [-8.163741, 41.634005], [-8.160415, 41.642988], [-8.146989, 41.660903], [-8.144436, 41.669891], [-8.144202, 41.678896], [-8.147433, 41.687927], [-8.155436, 41.69537], [-8.160311, 41.706036], [-8.161612, 41.715053], [-8.158838, 41.724039], [-8.154994, 41.72911]], [[-8.361084, 41.55861], [-8.337013, 41.567129], [-8.312992, 41.570352], [-8.289007, 41.569968], [-8.265064, 41.566013], [-8.241175, 41.557647], [-8.229263, 41.550904], [-8.212465, 41.535269], [-8.202491, 41.517186], [-8.200182, 41.499155], [-8.202018, 41.490161], [-8.206669, 41.481186], [-8.214288, 41.47223], [-8.238695, 41.45438], [-8.269074, 41.436562], [-8.290586, 41.425452], [-8.314603, 41.417671], [-8.338545, 41.416691], [-8.374384, 41.422822], [-8.386295, 41.428793], [-8.39376, 41.437287], [-8.396183, 41.446307], [-8.393998, 41.482325], [-8.397979, 41.509368], [-8.396857, 41.51837], [-8.393081, 41.527357], [-8.385258, 41.538639], [-8.373152, 41.550804], [-8.361084, 41.55861]], [[-8.141633, 41.480719], [-8.134151, 41.48993], [-8.122123, 41.493528], [-8.110152, 41.492886], [-8.100594, 41.489412], [-8.093382, 41.480348], [-8.094662, 41.471351], [-8.098533, 41.466832], [-8.110586, 41.461155], [-8.122558, 41.461261], [-8.134462, 41.466564], [-8.139768, 41.471697], [-8.141633, 41.480719]]], [[[-8.342363, 41.761467], [-8.338713, 41.752236], [-8.331479, 41.743188], [-8.320696, 41.734117], [-8.311306, 41.728835], [-8.299327, 41.724642], [-8.287315, 41.723735], [-8.275265, 41.726159], [-8.260931, 41.733749], [-8.251811, 41.742696], [-8.245661, 41.751663], [-8.242597, 41.76065], [-8.241979, 41.769653], [-8.244264, 41.778675], [-8.249166, 41.785053], [-8.252156, 41.782798], [-8.251845, 41.777172], [-8.257551, 41.773564], [-8.261762, 41.774235], [-8.269568, 41.76905], [-8.269565, 41.767474], [-8.274371, 41.765706], [-8.268227, 41.760816], [-8.264079, 41.751783], [-8.267476, 41.742797], [-8.275143, 41.736947], [-8.287201, 41.734036], [-8.299186, 41.737647], [-8.306081, 41.743037], [-8.30891, 41.752061], [-8.305928, 41.758377], [-8.311096, 41.762195], [-8.318308, 41.761283], [-8.325233, 41.765098], [-8.328234, 41.763292], [-8.336653, 41.763728], [-8.342363, 41.761467]]], [[[-8.453268, 41.698051], [-8.443856, 41.69522], [-8.43185, 41.694013], [-8.419824, 41.694909], [-8.405844, 41.698561], [-8.387949, 41.707474], [-8.37769, 41.716426], [-8.369087, 41.731929], [-8.374122, 41.734845], [-8.383661, 41.730998], [-8.383141, 41.725463], [-8.38617, 41.716472], [-8.394616, 41.707509], [-8.40775, 41.701138], [-8.419794, 41.698306], [-8.431809, 41.698629], [-8.446992, 41.704305], [-8.453268, 41.698051]]], [[[-7.759598, 41.73899], [-7.793461, 41.773131], [-7.805371, 41.779669], [-7.829367, 41.783522], [-7.85343, 41.783797], [-7.889595, 41.780069], [-7.90391, 41.775932], [-7.907792, 41.766962], [-7.911447, 41.748983], [-7.917617, 41.740034], [-7.934764, 41.722181], [-7.938538, 41.713209], [-7.939694, 41.704212], [-7.938233, 41.695192], [-7.92744, 41.675234], [-7.915662, 41.661177], [-7.899304, 41.645514], [-7.89696, 41.647985], [-7.892759, 41.647976], [-7.892145, 41.651576], [-7.901724, 41.658573], [-7.902017, 41.660599], [-7.899913, 41.66127], [-7.900198, 41.665547], [-7.898396, 41.665769], [-7.896885, 41.668692], [-7.883969, 41.67069], [-7.881259, 41.672872], [-7.903329, 41.680182], [-7.915216, 41.687752], [-7.922083, 41.695042], [-7.92697, 41.703499], [-7.928377, 41.713114], [-7.925533, 41.722095], [-7.909733, 41.73996], [-7.905421, 41.748926], [-7.901218, 41.766899], [-7.892706, 41.775824], [-7.877565, 41.779894], [-7.853465, 41.781833], [-7.829451, 41.778919], [-7.817963, 41.775079], [-7.805444, 41.765943], [-7.798382, 41.756863], [-7.791151, 41.738773], [-7.789178, 41.719965], [-7.78464, 41.720402], [-7.78252, 41.723546], [-7.776204, 41.724652], [-7.773786, 41.727346], [-7.770798, 41.72441], [-7.765698, 41.723044], [-7.761765, 41.727758], [-7.763239, 41.732714], [-7.759299, 41.738718], [-7.759365, 41.738779], [-7.759598, 41.73899]]], [[[-8.107199, 41.707426], [-8.119219, 41.707407], [-8.129098, 41.696797], [-8.119477, 41.68853], [-8.105697, 41.696617], [-8.105591, 41.705623], [-8.107199, 41.707426]], [[-8.119389, 41.694977], [-8.121439, 41.696739], [-8.119332, 41.699132], [-8.116194, 41.696698], [-8.119389, 41.694977]]], [[[-8.516668, 41.57298], [-8.516872, 41.573379], [-8.517231, 41.572982], [-8.516668, 41.57298]]], [[[-8.479675, 41.518774], [-8.486671, 41.518806], [-8.493348, 41.513791], [-8.495075, 41.509835], [-8.493394, 41.507872], [-8.481444, 41.503746], [-8.473929, 41.509741], [-8.479675, 41.518774]]], [[[-8.733788, 41.327486], [-8.751081, 41.321515], [-8.761475, 41.31253], [-8.76566, 41.303531], [-8.765723, 41.294523], [-8.761734, 41.285507], [-8.75206, 41.276479], [-8.734024, 41.269433], [-8.722091, 41.267968], [-8.710148, 41.26885], [-8.698193, 41.272212], [-8.689987, 41.276328], [-8.680848, 41.285311], [-8.677987, 41.294311], [-8.679587, 41.303323], [-8.685671, 41.312348], [-8.697967, 41.321403], [-8.709894, 41.32608], [-8.721836, 41.328002], [-8.733788, 41.327486]], [[-8.745804, 41.310247], [-8.733827, 41.317737], [-8.72187, 41.319942], [-8.709928, 41.318601], [-8.698003, 41.313512], [-8.68873, 41.303348], [-8.686868, 41.294335], [-8.690805, 41.285338], [-8.698161, 41.279244], [-8.710122, 41.2747], [-8.722065, 41.274094], [-8.733995, 41.276462], [-8.747233, 41.285476], [-8.751554, 41.294493], [-8.750622, 41.303499], [-8.745804, 41.310247]]]]}}, {"id": "23", "type": "Feature", "properties": {"fill": "#1f4099", "value_min": 3.67, "value_max": -4.0}, "geometry": {"type": "MultiPolygon", "coordinates": [[[[-7.96752, 41.839569], [-7.96129, 41.830506], [-7.948973, 41.828307], [-7.94317, 41.83034], [-7.936821, 41.834967], [-7.933962, 41.839262], [-7.935994, 41.848288], [-7.948554, 41.853895], [-7.960621, 41.852696], [-7.966011, 41.848562], [-7.96752, 41.839569]]], [[[-7.876157, 41.75765], [-7.866086, 41.748437], [-7.853997, 41.751909], [-7.849536, 41.757386], [-7.854129, 41.766439], [-7.865733, 41.768499], [-7.870697, 41.766603], [-7.876157, 41.75765]]], [[[-8.349437, 41.524173], [-8.361451, 41.521307], [-8.375488, 41.509248], [-8.376581, 41.473225], [-8.374004, 41.462388], [-8.362132, 41.451908], [-8.338246, 41.446136], [-8.314254, 41.450823], [-8.305844, 41.454805], [-8.296008, 41.463752], [-8.290074, 41.4724], [-8.288243, 41.481719], [-8.289626, 41.490735], [-8.295175, 41.499777], [-8.297469, 41.508798], [-8.307051, 41.517864], [-8.313503, 41.522058], [-8.333962, 41.52703], [-8.339244, 41.52706], [-8.349437, 41.524173]]]]}}, {"id": "22", "type": "Feature", "properties": {"fill": "#214db8", "value_min": 3.33, "value_max": -3.67}, "geometry": {"type": "MultiPolygon", "coordinates": [[[[-7.972563, 41.848621], [-7.974011, 41.839627], [-7.96757, 41.830562], [-7.961033, 41.827182], [-7.949016, 41.825697], [-7.936905, 41.82988], [-7.930483, 41.83923], [-7.931653, 41.848247], [-7.936502, 41.854235], [-7.948469, 41.859075], [-7.960537, 41.857852], [-7.972563, 41.848621]], [[-7.96752, 41.839569], [-7.966011, 41.848562], [-7.960621, 41.852696], [-7.948554, 41.853895], [-7.935994, 41.848288], [-7.933962, 41.839262], [-7.936821, 41.834967], [-7.94317, 41.83034], [-7.948973, 41.828307], [-7.96129, 41.830506], [-7.96752, 41.839569]]], [[[-7.877846, 41.763782], [-7.880612, 41.757693], [-7.878034, 41.753], [-7.873, 41.748612], [-7.866137, 41.745533], [-7.851777, 41.748402], [-7.845174, 41.757343], [-7.849213, 41.76639], [-7.853697, 41.768784], [-7.865698, 41.770513], [-7.875805, 41.766653], [-7.877846, 41.763782]], [[-7.876157, 41.75765], [-7.870697, 41.766603], [-7.865733, 41.768499], [-7.854129, 41.766439], [-7.849536, 41.757386], [-7.853997, 41.751909], [-7.866086, 41.748437], [-7.876157, 41.75765]]], [[[-8.361421, 41.524436], [-8.373493, 41.515434], [-8.378318, 41.509264], [-8.380495, 41.491261], [-8.377792, 41.464224], [-8.374044, 41.458277], [-8.362164, 41.448686], [-8.350234, 41.444461], [-8.338279, 41.442867], [-8.326301, 41.443602], [-8.314297, 41.446793], [-8.298598, 41.454761], [-8.289884, 41.463715], [-8.285108, 41.472692], [-8.284009, 41.481693], [-8.285482, 41.49071], [-8.293279, 41.508772], [-8.301553, 41.518715], [-8.313459, 41.526213], [-8.325406, 41.529986], [-8.337384, 41.530791], [-8.34939, 41.528947], [-8.361421, 41.524436]], [[-8.349437, 41.524173], [-8.339244, 41.52706], [-8.333962, 41.52703], [-8.313503, 41.522058], [-8.307051, 41.517864], [-8.297469, 41.508798], [-8.295175, 41.499777], [-8.289626, 41.490735], [-8.288243, 41.481719], [-8.290074, 41.4724], [-8.296008, 41.463752], [-8.305844, 41.454805], [-8.314254, 41.450823], [-8.338246, 41.446136], [-8.362132, 41.451908], [-8.374004, 41.462388], [-8.376581, 41.473225], [-8.375488, 41.509248], [-8.361451, 41.521307], [-8.349437, 41.524173]]]]}}, {"id": "21", "type": "Feature", "properties": {"fill": "#245bd9", "value_min": 3.0, "value_max": -3.33}, "geometry": {"type": "MultiPolygon", "coordinates": [[[[-7.972596, 41.857134], [-7.979088, 41.848679], [-7.979713, 41.839678], [-7.973919, 41.830619], [-7.961085, 41.824016], [-7.949058, 41.823086], [-7.936956, 41.826806], [-7.932608, 41.830243], [-7.927006, 41.839197], [-7.927313, 41.848207], [-7.936413, 41.859549], [-7.948393, 41.863702], [-7.960452, 41.863113], [-7.972596, 41.857134]], [[-7.972563, 41.848621], [-7.960537, 41.857852], [-7.948469, 41.859075], [-7.936502, 41.854235], [-7.931653, 41.848247], [-7.930483, 41.83923], [-7.936905, 41.82988], [-7.949016, 41.825697], [-7.961033, 41.827182], [-7.96757, 41.830562], [-7.974011, 41.839627], [-7.972563, 41.848621]]], [[[-7.883836, 41.757725], [-7.878127, 41.747651], [-7.866189, 41.742628], [-7.854144, 41.743691], [-7.845593, 41.74834], [-7.840605, 41.757297], [-7.844535, 41.766343], [-7.853654, 41.77121], [-7.865662, 41.772529], [-7.880007, 41.766694], [-7.883836, 41.757725]], [[-7.877846, 41.763782], [-7.875805, 41.766653], [-7.865698, 41.770513], [-7.853697, 41.768784], [-7.849213, 41.76639], [-7.845174, 41.757343], [-7.851777, 41.748402], [-7.866137, 41.745533], [-7.873, 41.748612], [-7.878034, 41.753], [-7.880612, 41.757693], [-7.877846, 41.763782]]], [[[-8.095657, 41.673358], [-8.083635, 41.673962], [-8.080062, 41.678401], [-8.083505, 41.683174], [-8.095522, 41.683036], [-8.099501, 41.678555], [-8.095657, 41.673358]]], [[[-8.373456, 41.519301], [-8.381149, 41.509279], [-8.383879, 41.491279], [-8.380432, 41.464238], [-8.374085, 41.453951], [-8.362197, 41.44528], [-8.350268, 41.441101], [-8.338312, 41.439694], [-8.326336, 41.440216], [-8.314338, 41.442814], [-8.302313, 41.447879], [-8.292201, 41.454721], [-8.284007, 41.463678], [-8.280316, 41.472663], [-8.281336, 41.490684], [-8.284407, 41.49971], [-8.294549, 41.517788], [-8.301492, 41.524418], [-8.313409, 41.530943], [-8.325366, 41.533813], [-8.337349, 41.534232], [-8.349354, 41.532504], [-8.361389, 41.527698], [-8.373456, 41.519301]], [[-8.361421, 41.524436], [-8.34939, 41.528947], [-8.337384, 41.530791], [-8.325406, 41.529986], [-8.313459, 41.526213], [-8.301553, 41.518715], [-8.293279, 41.508772], [-8.285482, 41.49071], [-8.284009, 41.481693], [-8.285108, 41.472692], [-8.289884, 41.463715], [-8.298598, 41.454761], [-8.314297, 41.446793], [-8.326301, 41.443602], [-8.338279, 41.442867], [-8.350234, 41.444461], [-8.362164, 41.448686], [-8.374044, 41.458277], [-8.377792, 41.464224], [-8.380495, 41.491261], [-8.378318, 41.509264], [-8.373493, 41.515434], [-8.361421, 41.524436]]]]}}, {"id": "20", "type": "Feature", "properties": {"fill": "#2e6eed", "value_min": 2.67, "value_max": -3.0}, "geometry": {"type": "MultiPolygon", "coordinates": [[[[-7.972474, 41.864742], [-7.981282, 41.857705], [-7.985844, 41.848739], [-7.985601, 41.83973], [-7.980722, 41.83068], [-7.973108, 41.825142], [-7.961138, 41.820682], [-7.949107, 41.820115], [-7.937007, 41.823732], [-7.928815, 41.830207], [-7.923575, 41.839165], [-7.923089, 41.848167], [-7.927406, 41.857214], [-7.936323, 41.865009], [-7.948307, 41.868986], [-7.960358, 41.868879], [-7.972474, 41.864742]], [[-7.972596, 41.857134], [-7.960452, 41.863113], [-7.948393, 41.863702], [-7.936413, 41.859549], [-7.927313, 41.848207], [-7.927006, 41.839197], [-7.932608, 41.830243], [-7.936956, 41.826806], [-7.949058, 41.823086], [-7.961085, 41.824016], [-7.973919, 41.830619], [-7.979713, 41.839678], [-7.979088, 41.848679], [-7.972596, 41.857134]]], [[[-7.887061, 41.757756], [-7.883901, 41.748718], [-7.878203, 41.743326], [-7.86624, 41.739723], [-7.854205, 41.740233], [-7.84208, 41.745739], [-7.839045, 41.748274], [-7.835399, 41.757244], [-7.839447, 41.766292], [-7.841684, 41.767804], [-7.853611, 41.773636], [-7.865627, 41.774543], [-7.877724, 41.770794], [-7.883629, 41.76673], [-7.887061, 41.757756]], [[-7.883836, 41.757725], [-7.880007, 41.766694], [-7.865662, 41.772529], [-7.853654, 41.77121], [-7.844535, 41.766343], [-7.840605, 41.757297], [-7.845593, 41.74834], [-7.854144, 41.743691], [-7.866189, 41.742628], [-7.878127, 41.747651], [-7.883836, 41.757725]]], [[[-8.103597, 41.678587], [-8.095729, 41.668235], [-8.083709, 41.668772], [-8.075839, 41.678367], [-8.083429, 41.688519], [-8.095456, 41.687701], [-8.103597, 41.678587]], [[-8.095657, 41.673358], [-8.099501, 41.678555], [-8.095522, 41.683036], [-8.083505, 41.683174], [-8.080062, 41.678401], [-8.083635, 41.673962], [-8.095657, 41.673358]]], [[[-8.349318, 41.53606], [-8.361347, 41.531943], [-8.373413, 41.523769], [-8.383979, 41.509294], [-8.386677, 41.491294], [-8.383073, 41.464252], [-8.374133, 41.448982], [-8.362238, 41.441168], [-8.350301, 41.437741], [-8.338345, 41.43637], [-8.326371, 41.436805], [-8.31438, 41.438852], [-8.302363, 41.443226], [-8.284994, 41.454677], [-8.278106, 41.463641], [-8.274249, 41.472624], [-8.274068, 41.481631], [-8.283261, 41.50871], [-8.288168, 41.517748], [-8.301423, 41.53083], [-8.313357, 41.535787], [-8.325319, 41.538287], [-8.337307, 41.538375], [-8.349318, 41.53606]], [[-8.373456, 41.519301], [-8.361389, 41.527698], [-8.349354, 41.532504], [-8.337349, 41.534232], [-8.325366, 41.533813], [-8.313409, 41.530943], [-8.301492, 41.524418], [-8.294549, 41.517788], [-8.284407, 41.49971], [-8.281336, 41.490684], [-8.280316, 41.472663], [-8.284007, 41.463678], [-8.292201, 41.454721], [-8.302313, 41.447879], [-8.314338, 41.442814], [-8.326336, 41.440216], [-8.338312, 41.439694], [-8.350268, 41.441101], [-8.362197, 41.44528], [-8.374085, 41.453951], [-8.380432, 41.464238], [-8.383879, 41.491279], [-8.381149, 41.509279], [-8.373456, 41.519301]]]]}}, {"id": "19", "type": "Feature", "properties": {"fill": "#4182f2", "value_min": 2.33, "value_max": -2.67}, "geometry": {"type": "MultiPolygon", "coordinates": [[[[-7.960577, 41.875518], [-7.960878, 41.875456], [-7.961039, 41.875423], [-7.961481, 41.875331], [-7.962086, 41.874074], [-7.964494, 41.874707], [-7.972341, 41.873081], [-7.984508, 41.865751], [-7.991325, 41.857794], [-7.994188, 41.848812], [-7.993431, 41.839799], [-7.988379, 41.830747], [-7.976207, 41.821633], [-7.961203, 41.816681], [-7.949167, 41.816471], [-7.937062, 41.82035], [-7.925022, 41.830172], [-7.920238, 41.839134], [-7.919067, 41.84813], [-7.921432, 41.857159], [-7.928777, 41.866234], [-7.939505, 41.872707], [-7.941618, 41.870891], [-7.951254, 41.871132], [-7.956367, 41.87339], [-7.956362, 41.875191], [-7.960577, 41.875518]], [[-7.972474, 41.864742], [-7.960358, 41.868879], [-7.948307, 41.868986], [-7.936323, 41.865009], [-7.927406, 41.857214], [-7.923089, 41.848167], [-7.923575, 41.839165], [-7.928815, 41.830207], [-7.937007, 41.823732], [-7.949107, 41.820115], [-7.961138, 41.820682], [-7.973108, 41.825142], [-7.980722, 41.83068], [-7.985601, 41.83973], [-7.985844, 41.848739], [-7.981282, 41.857705], [-7.972474, 41.864742]]], [[[-7.877679, 41.773354], [-7.88725, 41.766765], [-7.890389, 41.757788], [-7.888593, 41.748764], [-7.879888, 41.739673], [-7.866326, 41.734791], [-7.854288, 41.735578], [-7.842189, 41.739697], [-7.832002, 41.748203], [-7.830191, 41.757191], [-7.833735, 41.766234], [-7.841616, 41.771561], [-7.85357, 41.775944], [-7.865594, 41.776396], [-7.877679, 41.773354]], [[-7.887061, 41.757756], [-7.883629, 41.76673], [-7.877724, 41.770794], [-7.865627, 41.774543], [-7.853611, 41.773636], [-7.841684, 41.767804], [-7.839447, 41.766292], [-7.835399, 41.757244], [-7.839045, 41.748274], [-7.84208, 41.745739], [-7.854205, 41.740233], [-7.86624, 41.739723], [-7.878203, 41.743326], [-7.883901, 41.748718], [-7.887061, 41.757756]]], [[[-8.422921, 41.720551], [-8.425393, 41.716675], [-8.41966, 41.713159], [-8.408473, 41.716589], [-8.417948, 41.724495], [-8.422921, 41.720551]]], [[[-8.059156, 41.704987], [-8.04969, 41.705175], [-8.05915, 41.705455], [-8.059156, 41.704987]]], [[[-8.107596, 41.678756], [-8.105362, 41.669593], [-8.095791, 41.663801], [-8.083768, 41.664585], [-8.077085, 41.66937], [-8.071615, 41.678333], [-8.07463, 41.687364], [-8.083368, 41.692793], [-8.095406, 41.69129], [-8.107596, 41.678756]], [[-8.103597, 41.678587], [-8.095456, 41.687701], [-8.083429, 41.688519], [-8.075839, 41.678367], [-8.083709, 41.668772], [-8.095729, 41.668235], [-8.103597, 41.678587]]], [[[-8.084484, 41.61402], [-8.084444, 41.616862], [-8.091292, 41.615441], [-8.084484, 41.61402]]], [[[-8.361305, 41.536188], [-8.374685, 41.527259], [-8.382715, 41.518295], [-8.38714, 41.509311], [-8.388788, 41.491305], [-8.385948, 41.465625], [-8.383019, 41.455244], [-8.374185, 41.443555], [-8.362278, 41.437038], [-8.350343, 41.433526], [-8.338388, 41.432162], [-8.314427, 41.43444], [-8.302416, 41.43834], [-8.28833, 41.44569], [-8.277212, 41.454628], [-8.270008, 41.46359], [-8.267084, 41.472579], [-8.267296, 41.481588], [-8.280403, 41.5177], [-8.28944, 41.530438], [-8.301344, 41.538163], [-8.31329, 41.542119], [-8.337256, 41.543312], [-8.349267, 41.541155], [-8.361305, 41.536188]], [[-8.349318, 41.53606], [-8.337307, 41.538375], [-8.325319, 41.538287], [-8.313357, 41.535787], [-8.301423, 41.53083], [-8.288168, 41.517748], [-8.283261, 41.50871], [-8.274068, 41.481631], [-8.274249, 41.472624], [-8.278106, 41.463641], [-8.284994, 41.454677], [-8.302363, 41.443226], [-8.31438, 41.438852], [-8.326371, 41.436805], [-8.338345, 41.43637], [-8.350301, 41.437741], [-8.362238, 41.441168], [-8.374133, 41.448982], [-8.383073, 41.464252], [-8.386677, 41.491294], [-8.383979, 41.509294], [-8.373413, 41.523769], [-8.361347, 41.531943], [-8.349318, 41.53606]]]]}}, {"id": "18", "type": "Feature", "properties": {"fill": "#5599f7", "value_min": 2.0, "value_max": -2.33}, "geometry": {"type": "MultiPolygon", "coordinates": [[[[-8.004511, 41.847795], [-8.003158, 41.839883], [-7.997714, 41.830829], [-7.985229, 41.820082], [-7.973275, 41.814715], [-7.961268, 41.812682], [-7.949226, 41.812827], [-7.937139, 41.815746], [-7.921616, 41.83014], [-7.916901, 41.839102], [-7.915045, 41.848092], [-7.915838, 41.857106], [-7.919781, 41.86615], [-7.924157, 41.871988], [-7.93106, 41.876926], [-7.935283, 41.874707], [-7.937389, 41.87516], [-7.939505, 41.872707], [-7.928777, 41.866234], [-7.921432, 41.857159], [-7.919067, 41.84813], [-7.920238, 41.839134], [-7.925022, 41.830172], [-7.937062, 41.82035], [-7.949167, 41.816471], [-7.961203, 41.816681], [-7.976207, 41.821633], [-7.988379, 41.830747], [-7.993431, 41.839799], [-7.994188, 41.848812], [-7.991325, 41.857794], [-7.984508, 41.865751], [-7.972341, 41.873081], [-7.964494, 41.874707], [-7.973828, 41.875216], [-7.987996, 41.869157], [-7.990123, 41.860157], [-7.995547, 41.858138], [-7.994047, 41.855211], [-7.996162, 41.851837], [-8.003089, 41.850494], [-8.004511, 41.847795]]], [[[-7.961481, 41.875331], [-7.961481, 41.875331], [-7.961039, 41.875423], [-7.961481, 41.875331]]], [[[-7.960878, 41.875456], [-7.960878, 41.875456], [-7.960577, 41.875518], [-7.960878, 41.875456]]], [[[-7.865564, 41.778083], [-7.878256, 41.775684], [-7.891264, 41.766804], [-7.894708, 41.75783], [-7.893926, 41.748815], [-7.890594, 41.739776], [-7.892145, 41.730785], [-7.902527, 41.727369], [-7.90829, 41.721932], [-7.909544, 41.712937], [-7.902886, 41.706252], [-7.890881, 41.705438], [-7.881663, 41.712669], [-7.87857, 41.722204], [-7.866432, 41.728777], [-7.842316, 41.73263], [-7.829568, 41.739171], [-7.822915, 41.74811], [-7.822371, 41.757111], [-7.82965, 41.767959], [-7.841555, 41.77532], [-7.853535, 41.777907], [-7.865564, 41.778083]], [[-7.877679, 41.773354], [-7.865594, 41.776396], [-7.85357, 41.775944], [-7.841616, 41.771561], [-7.833735, 41.766234], [-7.830191, 41.757191], [-7.832002, 41.748203], [-7.842189, 41.739697], [-7.854288, 41.735578], [-7.866326, 41.734791], [-7.879888, 41.739673], [-7.888593, 41.748764], [-7.890389, 41.757788], [-7.88725, 41.766765], [-7.877679, 41.773354]]], [[[-8.435628, 41.714792], [-8.427013, 41.707676], [-8.419724, 41.706103], [-8.411021, 41.707595], [-8.40768, 41.708784], [-8.400236, 41.716546], [-8.402043, 41.72668], [-8.404721, 41.722847], [-8.413744, 41.725076], [-8.417948, 41.724495], [-8.408473, 41.716589], [-8.41966, 41.713159], [-8.425393, 41.716675], [-8.422921, 41.720551], [-8.429643, 41.719859], [-8.430533, 41.717381], [-8.435628, 41.714792]]], [[[-8.131074, 41.719659], [-8.143122, 41.717668], [-8.146027, 41.714938], [-8.145848, 41.70593], [-8.143307, 41.703747], [-8.131288, 41.703799], [-8.129109, 41.705804], [-8.125736, 41.714785], [-8.131074, 41.719659]]], [[[-8.047034, 41.712002], [-8.059022, 41.714201], [-8.069542, 41.705337], [-8.070444, 41.696337], [-8.083295, 41.697919], [-8.095356, 41.694879], [-8.105088, 41.687605], [-8.114201, 41.678669], [-8.113803, 41.669659], [-8.107809, 41.66333], [-8.095867, 41.658361], [-8.083828, 41.66038], [-8.071694, 41.66896], [-8.066843, 41.678294], [-8.066416, 41.687298], [-8.059315, 41.694092], [-8.047262, 41.696534], [-8.041828, 41.705109], [-8.047034, 41.712002]], [[-8.059156, 41.704987], [-8.05915, 41.705455], [-8.04969, 41.705175], [-8.059156, 41.704987]], [[-8.107596, 41.678756], [-8.095406, 41.69129], [-8.083368, 41.692793], [-8.07463, 41.687364], [-8.071615, 41.678333], [-8.077085, 41.66937], [-8.083768, 41.664585], [-8.095791, 41.663801], [-8.105362, 41.669593], [-8.107596, 41.678756]]], [[[-8.084285, 41.628109], [-8.096294, 41.627777], [-8.101312, 41.624526], [-8.106421, 41.615559], [-8.101503, 41.606514], [-8.096631, 41.603664], [-8.084642, 41.602839], [-8.077758, 41.606326], [-8.072478, 41.614325], [-8.078109, 41.624343], [-8.084285, 41.628109]], [[-8.084484, 41.61402], [-8.091292, 41.615441], [-8.084444, 41.616862], [-8.084484, 41.61402]]], [[[-8.337193, 41.549487], [-8.361246, 41.542159], [-8.373311, 41.534358], [-8.387103, 41.518318], [-8.390705, 41.50933], [-8.391531, 41.500327], [-8.388734, 41.464282], [-8.383091, 41.446237], [-8.374243, 41.437539], [-8.362329, 41.431803], [-8.350388, 41.42909], [-8.326462, 41.428043], [-8.314478, 41.429561], [-8.302473, 41.432959], [-8.278548, 41.445629], [-8.267669, 41.454568], [-8.260102, 41.463527], [-8.256442, 41.472511], [-8.256403, 41.481518], [-8.259888, 41.490548], [-8.266027, 41.499594], [-8.27254, 41.526658], [-8.27985, 41.535711], [-8.289313, 41.542059], [-8.30125, 41.546874], [-8.313212, 41.549516], [-8.337193, 41.549487]], [[-8.361305, 41.536188], [-8.349267, 41.541155], [-8.337256, 41.543312], [-8.31329, 41.542119], [-8.301344, 41.538163], [-8.28944, 41.530438], [-8.280403, 41.5177], [-8.267296, 41.481588], [-8.267084, 41.472579], [-8.270008, 41.46359], [-8.277212, 41.454628], [-8.28833, 41.44569], [-8.302416, 41.43834], [-8.314427, 41.43444], [-8.338388, 41.432162], [-8.350343, 41.433526], [-8.362278, 41.437038], [-8.374185, 41.443555], [-8.383019, 41.455244], [-8.385948, 41.465625], [-8.388788, 41.491305], [-8.38714, 41.509311], [-8.382715, 41.518295], [-8.374685, 41.527259], [-8.361305, 41.536188]]]]}}, {"id": "0", "type": "Feature", "properties": {"fill": "#881d1d", "value_min": -4.0, "value_max": -3.67}, "geometry": {"type": "Polygon", "coordinates": [[[-7.864875, 41.817124], [-7.876915, 41.817146], [-7.879975, 41.811728], [-7.877075, 41.807994], [-7.865038, 41.807919], [-7.861611, 41.811547], [-7.864875, 41.817124]]]}}]}