{"type": "FeatureCollection", "features": [{"id": "21", "type": "Feature", "properties": {"fill": "#245bd9", "value_min": 3.0, "value_max": 3.33}, "geometry": {"type": "Polygon", "coordinates": [[[-8.361604, 41.505825], [-8.367135, 41.500195], [-8.369497, 41.491201], [-8.366899, 41.473172], [-8.361977, 41.467799], [-8.350062, 41.461714], [-8.338102, 41.460331], [-8.326101, 41.462885], [-8.31404, 41.471154], [-8.308722, 41.481844], [-8.309246, 41.490855], [-8.313739, 41.499671], [-8.325622, 41.509164], [-8.33757, 41.512534], [-8.349564, 41.511573], [-8.361604, 41.505825]], [[-8.337589, 41.51074], [-8.325653, 41.506156], [-8.313779, 41.495856], [-8.311237, 41.490867], [-8.310826, 41.481857], [-8.316254, 41.472882], [-8.326071, 41.465838], [-8.338083, 41.462226], [-8.350042, 41.463678], [-8.361955, 41.469997], [-8.364854, 41.47316], [-8.366914, 41.491187], [-8.365096, 41.500184], [-8.361624, 41.503717], [-8.349582, 41.509705], [-8.337589, 41.51074]]]}}, {"id": "22", "type": "Feature", "properties": {"fill": "#214db8", "value_min": 3.33, "value_max": 3.67}, "geometry": {"type": "Polygon", "coordinates": [[[-8.337589, 41.51074], [-8.349582, 41.509705], [-8.361624, 41.503717], [-8.365096, 41.500184], [-8.366914, 41.491187], [-8.364854, 41.47316], [-8.361955, 41.469997], [-8.350042, 41.463678], [-8.338083, 41.462226], [-8.326071, 41.465838], [-8.316254, 41.472882], [-8.310826, 41.481857], [-8.311237, 41.490867], [-8.313779, 41.495856], [-8.325653, 41.506156], [-8.337589, 41.51074]], [[-8.349625, 41.505464], [-8.33761, 41.508609], [-8.325685, 41.503058], [-8.313228, 41.490879], [-8.31395, 41.47967], [-8.326034, 41.469389], [-8.338059, 41.464535], [-8.362808, 41.473149], [-8.36435, 41.482165], [-8.363056, 41.500173], [-8.349625, 41.505464]]]}}, {"id": "23", "type": "Feature", "properties": {"fill": "#1f4099", "value_min": 3.67, "value_max": 4.0}, "geometry": {"type": "Polygon", "coordinates": [[[-8.349625, 41.505464], [-8.363056, 41.500173], [-8.36435, 41.482165], [-8.362808, 41.473149], [-8.338059, 41.464535], [-8.326034, 41.469389], [-8.31395, 41.47967], [-8.313228, 41.490879], [-8.325685, 41.503058], [-8.33761, 41.508609], [-8.349625, 41.505464]]]}}, {"id": "10", "type": "Feature", "properties": {"fill": "#a3a3a3", "value_min": -0.67, "value_max": -0.33}, "geometry": {"type": "MultiPolygon", "coordinates": [[[[-8.006059, 41.844196], [-7.999469, 41.830845], [-7.985221, 41.820592], [-7.973243, 41.816687], [-7.961223, 41.815432], [-7.949177, 41.815831], [-7.9371, 41.818058], [-7.92495, 41.824621], [-7.919508, 41.83012], [-7.9144, 41.839079], [-7.912216, 41.848065], [-7.912575, 41.857075], [-7.915955, 41.866114], [-7.927655, 41.878069], [-7.93451, 41.875155], [-7.922378, 41.866174], [-7.916975, 41.857117], [-7.915465, 41.848096], [-7.917113, 41.839104], [-7.92242, 41.830148], [-7.937063, 41.820334], [-7.949146, 41.817729], [-7.961188, 41.81764], [-7.978048, 41.821649], [-7.991851, 41.830778], [-7.996866, 41.839829], [-7.998011, 41.851164], [-8.00339, 41.85027], [-8.006059, 41.844196]]], [[[-7.987996, 41.869056], [-7.987996, 41.869056], [-7.987876, 41.869157], [-7.987996, 41.869056]]], [[[-7.885234, 41.757738], [-7.879034, 41.748671], [-7.866166, 41.743933], [-7.854117, 41.74517], [-7.847104, 41.748355], [-7.840479, 41.757295], [-7.843468, 41.766332], [-7.853637, 41.772138], [-7.865646, 41.773446], [-7.877747, 41.769467], [-7.881902, 41.766713], [-7.885234, 41.757738]], [[-7.85369, 41.769199], [-7.848762, 41.766385], [-7.845248, 41.757343], [-7.854064, 41.74814], [-7.86612, 41.746529], [-7.871863, 41.748601], [-7.881212, 41.757699], [-7.877063, 41.766666], [-7.865689, 41.771008], [-7.85369, 41.769199]]], [[[-8.45297, 41.698594], [-8.443866, 41.694068], [-8.431868, 41.691968], [-8.419845, 41.692615], [-8.401249, 41.698537], [-8.387659, 41.707473], [-8.382644, 41.716453], [-8.382453, 41.725459], [-8.384689, 41.730546], [-8.387332, 41.73189], [-8.393826, 41.730075], [-8.390933, 41.725504], [-8.390467, 41.716495], [-8.396302, 41.707518], [-8.407751, 41.701051], [-8.419792, 41.698454], [-8.4318, 41.699632], [-8.444859, 41.706539], [-8.45297, 41.698594]]], [[[-8.477284, 41.635858], [-8.477319, 41.626851], [-8.472448, 41.617822], [-8.456609, 41.607762], [-8.444626, 41.605652], [-8.432613, 41.607034], [-8.420553, 41.613664], [-8.416677, 41.617552], [-8.414447, 41.626548], [-8.417885, 41.635573], [-8.432252, 41.648275], [-8.444225, 41.652339], [-8.456234, 41.652498], [-8.468281, 41.647869], [-8.477284, 41.635858]], [[-8.444295, 41.644251], [-8.432324, 41.64004], [-8.427243, 41.63562], [-8.423482, 41.626594], [-8.427509, 41.617607], [-8.432551, 41.614187], [-8.444576, 41.611475], [-8.456556, 41.614186], [-8.462188, 41.617774], [-8.46764, 41.626807], [-8.465438, 41.635804], [-8.456316, 41.642727], [-8.444295, 41.644251]]], [[[-8.156187, 41.637877], [-8.158193, 41.633964], [-8.154065, 41.624927], [-8.144422, 41.619614], [-8.132416, 41.619766], [-8.124622, 41.624706], [-8.117182, 41.633657], [-8.119201, 41.642679], [-8.132019, 41.649355], [-8.14404, 41.648433], [-8.153865, 41.64294], [-8.156187, 41.637877]], [[-8.132061, 41.646265], [-8.125072, 41.642724], [-8.120394, 41.633681], [-8.13237, 41.623255], [-8.144359, 41.624379], [-8.152052, 41.633919], [-8.147074, 41.642889], [-8.144092, 41.644557], [-8.132061, 41.646265]]], [[[-8.361229, 41.5439], [-8.373293, 41.536167], [-8.38245, 41.527301], [-8.388885, 41.518328], [-8.392461, 41.509339], [-8.391186, 41.464295], [-8.390127, 41.455282], [-8.386129, 41.446387], [-8.374249, 41.436931], [-8.350377, 41.430157], [-8.3145, 41.427419], [-8.290528, 41.43077], [-8.278474, 41.438528], [-8.273955, 41.4456], [-8.272339, 41.454598], [-8.276173, 41.472637], [-8.301412, 41.531829], [-8.313284, 41.542769], [-8.325221, 41.547706], [-8.337195, 41.549346], [-8.349198, 41.548089], [-8.361229, 41.5439]], [[-8.349267, 41.541136], [-8.337268, 41.542152], [-8.325297, 41.540444], [-8.313366, 41.534942], [-8.301501, 41.523601], [-8.283047, 41.481687], [-8.279864, 41.463652], [-8.281234, 41.454653], [-8.286494, 41.445679], [-8.300399, 41.436757], [-8.31444, 41.433186], [-8.338382, 41.432808], [-8.362275, 41.437367], [-8.378629, 41.446213], [-8.386017, 41.458256], [-8.390163, 41.491312], [-8.388447, 41.509318], [-8.383768, 41.5183], [-8.373356, 41.529632], [-8.361298, 41.5369], [-8.349267, 41.541136]]], [[[-8.086386, 41.544015], [-8.097406, 41.547995], [-8.10939, 41.548492], [-8.123893, 41.543636], [-8.13215, 41.534691], [-8.132931, 41.52569], [-8.12674, 41.516636], [-8.109912, 41.510404], [-8.097938, 41.509763], [-8.0909, 41.511416], [-8.091196, 41.516767], [-8.089698, 41.51842], [-8.097874, 41.514322], [-8.109857, 41.514427], [-8.115941, 41.516553], [-8.124991, 41.52563], [-8.121546, 41.536188], [-8.109475, 41.542266], [-8.104962, 41.54203], [-8.106459, 41.543782], [-8.101666, 41.542655], [-8.094475, 41.544904], [-8.088783, 41.542876], [-8.086386, 41.544015]]], [[[-8.104004, 41.54198], [-8.104004, 41.54198], [-8.103764, 41.541968], [-8.104004, 41.54198]]], [[[-8.637041, 41.534088], [-8.639825, 41.528395], [-8.635441, 41.519373], [-8.625161, 41.515459], [-8.613165, 41.517373], [-8.610171, 41.519291], [-8.607118, 41.528288], [-8.61305, 41.536762], [-8.62502, 41.539836], [-8.637041, 41.534088]]], [[[-8.577533, 41.46785], [-8.582456, 41.456141], [-8.580989, 41.447128], [-8.574024, 41.438095], [-8.565792, 41.432726], [-8.553844, 41.429732], [-8.541871, 41.430297], [-8.526583, 41.43791], [-8.520575, 41.446892], [-8.519904, 41.455897], [-8.523795, 41.464921], [-8.535052, 41.473974], [-8.541542, 41.477139], [-8.553506, 41.478979], [-8.565498, 41.476774], [-8.577533, 41.46785]], [[-8.553548, 41.472855], [-8.541586, 41.470909], [-8.5325, 41.464957], [-8.527781, 41.45593], [-8.52991, 41.446931], [-8.541815, 41.438264], [-8.553794, 41.437012], [-8.565736, 41.441216], [-8.571843, 41.447095], [-8.574457, 41.456112], [-8.570538, 41.465105], [-8.565549, 41.469191], [-8.553548, 41.472855]]], [[[-8.174464, 41.37721], [-8.177946, 41.39091], [-8.1854, 41.39997], [-8.195075, 41.406875], [-8.206977, 41.411999], [-8.218912, 41.414462], [-8.230875, 41.414723], [-8.242866, 41.412497], [-8.25491, 41.405596], [-8.263113, 41.391486], [-8.264213, 41.382486], [-8.262833, 41.37347], [-8.258807, 41.364436], [-8.250821, 41.35531], [-8.249635, 41.359825], [-8.248141, 41.360052], [-8.248448, 41.364328], [-8.245461, 41.364942], [-8.251504, 41.373396], [-8.253136, 41.382415], [-8.250106, 41.391402], [-8.243027, 41.398674], [-8.231007, 41.403518], [-8.219039, 41.403891], [-8.206004, 41.400114], [-8.194649, 41.391028], [-8.190778, 41.381993], [-8.191351, 41.376302], [-8.189299, 41.375403], [-8.174464, 41.37721]]], [[[-8.250252, 41.354872], [-8.250252, 41.354872], [-8.250223, 41.354851], [-8.250252, 41.354872]]], [[[-8.249959, 41.354648], [-8.249959, 41.354648], [-8.249625, 41.354391], [-8.249959, 41.354648]]], [[[-8.629112, 41.187964], [-8.640605, 41.240153], [-8.639278, 41.267173], [-8.64126, 41.285195], [-8.645294, 41.294215], [-8.660718, 41.312277], [-8.67406, 41.323221], [-8.697887, 41.338681], [-8.709812, 41.344574], [-8.73369, 41.351523], [-8.745638, 41.352986], [-8.769549, 41.352291], [-8.787971, 41.348612], [-8.807468, 41.341698], [-8.806655, 41.321092], [-8.79404, 41.330608], [-8.781555, 41.336927], [-8.769589, 41.341075], [-8.74567, 41.344716], [-8.721774, 41.342519], [-8.709837, 41.338939], [-8.697908, 41.334016], [-8.677929, 41.321334], [-8.659724, 41.303266], [-8.654484, 41.294243], [-8.651941, 41.285227], [-8.651486, 41.276218], [-8.657603, 41.249213], [-8.657864, 41.240206], [-8.646298, 41.213148], [-8.642247, 41.193309], [-8.641225, 41.196014], [-8.638841, 41.196025], [-8.638231, 41.194227], [-8.634946, 41.193341], [-8.633126, 41.189072], [-8.629112, 41.187964]]], [[[-8.654961, 41.162016], [-8.654961, 41.162016], [-8.655013, 41.161963], [-8.654961, 41.162016]]], [[[-8.674212, 41.148638], [-8.67981, 41.146688], [-8.674793, 41.146932], [-8.674212, 41.148638]]], [[[-8.729653, 41.14561], [-8.746418, 41.151683], [-8.759363, 41.159392], [-8.770047, 41.168421], [-8.784865, 41.186466], [-8.802435, 41.213851], [-8.799695, 41.14406], [-8.729653, 41.14561]]]]}}, {"id": "9", "type": "Feature", "properties": {"fill": "#a3a3a3", "value_min": -1.0, "value_max": -0.67}, "geometry": {"type": "MultiPolygon", "coordinates": [[[[-8.011856, 41.834299], [-7.997262, 41.820619], [-7.985302, 41.815515], [-7.973294, 41.813476], [-7.949208, 41.813931], [-7.937138, 41.815782], [-7.925685, 41.821171], [-7.916595, 41.830093], [-7.908368, 41.848028], [-7.90764, 41.857028], [-7.909396, 41.866052], [-7.917806, 41.879177], [-7.921118, 41.877833], [-7.927655, 41.878069], [-7.915955, 41.866114], [-7.912575, 41.857075], [-7.912216, 41.848065], [-7.9144, 41.839079], [-7.919508, 41.83012], [-7.92495, 41.824621], [-7.9371, 41.818058], [-7.949177, 41.815831], [-7.961223, 41.815432], [-7.973243, 41.816687], [-7.985221, 41.820592], [-7.999469, 41.830845], [-8.006059, 41.844196], [-8.011856, 41.834299]]], [[[-7.877692, 41.772637], [-7.88656, 41.766758], [-7.889257, 41.757777], [-7.884791, 41.748727], [-7.878181, 41.744586], [-7.866211, 41.741337], [-7.85417, 41.742199], [-7.84052, 41.748289], [-7.834756, 41.757237], [-7.837404, 41.766271], [-7.841654, 41.769459], [-7.853585, 41.775077], [-7.865604, 41.775839], [-7.877692, 41.772637]], [[-7.885234, 41.757738], [-7.881902, 41.766713], [-7.877747, 41.769467], [-7.865646, 41.773446], [-7.853637, 41.772138], [-7.843468, 41.766332], [-7.840479, 41.757295], [-7.847104, 41.748355], [-7.854117, 41.74517], [-7.866166, 41.743933], [-7.879034, 41.748671], [-7.885234, 41.757738]]], [[[-8.473657, 41.687325], [-8.466723, 41.680845], [-8.46284, 41.67182], [-8.468092, 41.670906], [-8.480181, 41.661422], [-8.486282, 41.653913], [-8.490327, 41.644924], [-8.491043, 41.63592], [-8.488913, 41.626903], [-8.483067, 41.61787], [-8.472515, 41.608815], [-8.456659, 41.601859], [-8.444675, 41.600017], [-8.432672, 41.600382], [-8.420645, 41.603322], [-8.411059, 41.608516], [-8.408569, 41.611604], [-8.404345, 41.617489], [-8.403982, 41.626494], [-8.408579, 41.635525], [-8.42024, 41.648626], [-8.432159, 41.658779], [-8.439989, 41.662704], [-8.444088, 41.668361], [-8.453218, 41.671775], [-8.438409, 41.680711], [-8.419909, 41.685495], [-8.395785, 41.695384], [-8.377861, 41.70742], [-8.37353, 41.716404], [-8.373297, 41.725409], [-8.376142, 41.73439], [-8.384689, 41.730546], [-8.382453, 41.725459], [-8.382644, 41.716453], [-8.387659, 41.707473], [-8.401249, 41.698537], [-8.419845, 41.692615], [-8.431868, 41.691968], [-8.443866, 41.694068], [-8.45297, 41.698594], [-8.453255, 41.695487], [-8.461659, 41.694563], [-8.467939, 41.689593], [-8.473657, 41.687325]], [[-8.477284, 41.635858], [-8.468281, 41.647869], [-8.456234, 41.652498], [-8.444225, 41.652339], [-8.432252, 41.648275], [-8.417885, 41.635573], [-8.414447, 41.626548], [-8.416677, 41.617552], [-8.420553, 41.613664], [-8.432613, 41.607034], [-8.444626, 41.605652], [-8.456609, 41.607762], [-8.472448, 41.617822], [-8.477319, 41.626851], [-8.477284, 41.635858]]], [[[-8.156063, 41.647338], [-8.161927, 41.642999], [-8.165798, 41.63402], [-8.163836, 41.624998], [-8.156443, 41.618251], [-8.149877, 41.615889], [-8.14449, 41.614426], [-8.132463, 41.616275], [-8.119704, 41.624669], [-8.114032, 41.633632], [-8.114757, 41.642645], [-8.12003, 41.647944], [-8.131976, 41.652626], [-8.143988, 41.652375], [-8.156063, 41.647338]], [[-8.156187, 41.637877], [-8.153865, 41.64294], [-8.14404, 41.648433], [-8.132019, 41.649355], [-8.119201, 41.642679], [-8.117182, 41.633657], [-8.124622, 41.624706], [-8.132416, 41.619766], [-8.144422, 41.619614], [-8.154065, 41.624927], [-8.158193, 41.633964], [-8.156187, 41.637877]]], [[[-8.152261, 41.375641], [-8.157196, 41.390759], [-8.163516, 41.399813], [-8.183006, 41.415216], [-8.206822, 41.424755], [-8.242646, 41.431459], [-8.251837, 41.436451], [-8.254528, 41.438987], [-8.277962, 41.484641], [-8.296611, 41.535815], [-8.301282, 41.543886], [-8.313167, 41.553745], [-8.325108, 41.558577], [-8.337087, 41.559895], [-8.349093, 41.558544], [-8.361132, 41.553768], [-8.373203, 41.54555], [-8.385311, 41.532977], [-8.394263, 41.518356], [-8.396475, 41.50936], [-8.394079, 41.482326], [-8.395401, 41.45531], [-8.394187, 41.446296], [-8.387362, 41.437253], [-8.374306, 41.43094], [-8.350421, 41.425757], [-8.298191, 41.418728], [-8.290677, 41.417075], [-8.278786, 41.41027], [-8.276084, 41.400576], [-8.273246, 41.373536], [-8.267408, 41.358078], [-8.258971, 41.346535], [-8.249625, 41.354391], [-8.249959, 41.354648], [-8.250223, 41.354851], [-8.250252, 41.354872], [-8.250821, 41.35531], [-8.258807, 41.364436], [-8.262833, 41.37347], [-8.264213, 41.382486], [-8.263113, 41.391486], [-8.25491, 41.405596], [-8.242866, 41.412497], [-8.230875, 41.414723], [-8.218912, 41.414462], [-8.206977, 41.411999], [-8.195075, 41.406875], [-8.1854, 41.39997], [-8.177946, 41.39091], [-8.174464, 41.37721], [-8.168382, 41.377438], [-8.1642, 41.38059], [-8.152261, 41.375641]], [[-8.361229, 41.5439], [-8.349198, 41.548089], [-8.337195, 41.549346], [-8.325221, 41.547706], [-8.313284, 41.542769], [-8.301412, 41.531829], [-8.276173, 41.472637], [-8.272339, 41.454598], [-8.273955, 41.4456], [-8.278474, 41.438528], [-8.290528, 41.43077], [-8.3145, 41.427419], [-8.350377, 41.430157], [-8.374249, 41.436931], [-8.386129, 41.446387], [-8.390127, 41.455282], [-8.391186, 41.464295], [-8.392461, 41.509339], [-8.388885, 41.518328], [-8.38245, 41.527301], [-8.373293, 41.536167], [-8.361229, 41.5439]]], [[[-8.152224, 41.375416], [-8.152224, 41.375416], [-8.152245, 41.375541], [-8.152224, 41.375416]]], [[[-8.082187, 41.549571], [-8.097318, 41.55435], [-8.109301, 41.55495], [-8.121321, 41.552845], [-8.137367, 41.543738], [-8.142571, 41.53477], [-8.142726, 41.525763], [-8.137305, 41.516716], [-8.133823, 41.514502], [-8.11564, 41.507544], [-8.0927, 41.505516], [-8.0909, 41.511416], [-8.097938, 41.509763], [-8.109912, 41.510404], [-8.12674, 41.516636], [-8.132931, 41.52569], [-8.13215, 41.534691], [-8.123893, 41.543636], [-8.10939, 41.548492], [-8.097406, 41.547995], [-8.086386, 41.544015], [-8.083389, 41.5449], [-8.082187, 41.549571]]], [[[-8.649009, 41.537666], [-8.650039, 41.528426], [-8.64502, 41.519403], [-8.637155, 41.513601], [-8.629347, 41.510347], [-8.625198, 41.508953], [-8.613217, 41.508764], [-8.601201, 41.514112], [-8.596172, 41.519242], [-8.594401, 41.528243], [-8.597813, 41.537263], [-8.612979, 41.548705], [-8.624956, 41.550859], [-8.63696, 41.548574], [-8.649009, 41.537666]], [[-8.637041, 41.534088], [-8.62502, 41.539836], [-8.61305, 41.536762], [-8.607118, 41.528288], [-8.610171, 41.519291], [-8.613165, 41.517373], [-8.625161, 41.515459], [-8.635441, 41.519373], [-8.639825, 41.528395], [-8.637041, 41.534088]]], [[[-8.577459, 41.479311], [-8.588182, 41.465169], [-8.590374, 41.45617], [-8.589667, 41.44716], [-8.585508, 41.438137], [-8.577777, 41.430337], [-8.565851, 41.42389], [-8.553903, 41.421139], [-8.541937, 41.421028], [-8.52995, 41.423836], [-8.521385, 41.428881], [-8.513174, 41.437854], [-8.510247, 41.446849], [-8.510882, 41.455859], [-8.515124, 41.464885], [-8.529557, 41.478137], [-8.541498, 41.483365], [-8.553459, 41.48584], [-8.565445, 41.484777], [-8.577459, 41.479311]], [[-8.577533, 41.46785], [-8.565498, 41.476774], [-8.553506, 41.478979], [-8.541542, 41.477139], [-8.535052, 41.473974], [-8.523795, 41.464921], [-8.519904, 41.455897], [-8.520575, 41.446892], [-8.526583, 41.43791], [-8.541871, 41.430297], [-8.553844, 41.429732], [-8.565792, 41.432726], [-8.574024, 41.438095], [-8.580989, 41.447128], [-8.582456, 41.456141], [-8.577533, 41.46785]]], [[[-8.807468, 41.341698], [-8.787971, 41.348612], [-8.769549, 41.352291], [-8.745638, 41.352986], [-8.73369, 41.351523], [-8.709812, 41.344574], [-8.697887, 41.338681], [-8.67406, 41.323221], [-8.660718, 41.312277], [-8.645294, 41.294215], [-8.64126, 41.285195], [-8.639278, 41.267173], [-8.640605, 41.240153], [-8.629112, 41.187964], [-8.625658, 41.186628], [-8.621132, 41.178994], [-8.612636, 41.176779], [-8.625128, 41.231096], [-8.623113, 41.267121], [-8.624168, 41.276132], [-8.633428, 41.294178], [-8.642062, 41.303213], [-8.685945, 41.336521], [-8.709784, 41.350957], [-8.721716, 41.356186], [-8.733654, 41.360218], [-8.75755, 41.364493], [-8.781461, 41.365043], [-8.808268, 41.361991], [-8.807468, 41.341698]]]]}}, {"id": "8", "type": "Feature", "properties": {"fill": "#b1a288", "value_min": -1.33, "value_max": -1.0}, "geometry": {"type": "MultiPolygon", "coordinates": [[[[-8.024354, 41.830485], [-8.009345, 41.817851], [-7.997388, 41.81254], [-7.985393, 41.809711], [-7.973362, 41.809237], [-7.937176, 41.813506], [-7.925061, 41.818021], [-7.913684, 41.830065], [-7.90452, 41.847992], [-7.902664, 41.861142], [-7.904017, 41.859794], [-7.905217, 41.860922], [-7.907309, 41.865203], [-7.906095, 41.868126], [-7.910299, 41.871285], [-7.910285, 41.875562], [-7.91479, 41.879171], [-7.917806, 41.879177], [-7.909396, 41.866052], [-7.90764, 41.857028], [-7.908368, 41.848028], [-7.916595, 41.830093], [-7.925685, 41.821171], [-7.937138, 41.815782], [-7.949208, 41.813931], [-7.973294, 41.813476], [-7.985302, 41.815515], [-7.997262, 41.820619], [-8.011856, 41.834299], [-8.013965, 41.828899], [-8.017873, 41.831379], [-8.024354, 41.830485]]], [[[-8.523469, 41.659256], [-8.512665, 41.636014], [-8.505662, 41.626976], [-8.486184, 41.608877], [-8.469822, 41.599795], [-8.456712, 41.595491], [-8.432735, 41.593166], [-8.408717, 41.595415], [-8.395499, 41.599428], [-8.38585, 41.608384], [-8.384981, 41.617387], [-8.388044, 41.62641], [-8.414339, 41.653569], [-8.420532, 41.662608], [-8.421378, 41.671619], [-8.413577, 41.680587], [-8.375321, 41.698399], [-8.365232, 41.707351], [-8.362283, 41.716342], [-8.365284, 41.734413], [-8.368703, 41.73193], [-8.371416, 41.7344], [-8.376142, 41.73439], [-8.373297, 41.725409], [-8.37353, 41.716404], [-8.377861, 41.70742], [-8.395785, 41.695384], [-8.419909, 41.685495], [-8.438409, 41.680711], [-8.453218, 41.671775], [-8.444088, 41.668361], [-8.439989, 41.662704], [-8.432159, 41.658779], [-8.42024, 41.648626], [-8.408579, 41.635525], [-8.403982, 41.626494], [-8.404345, 41.617489], [-8.408569, 41.611604], [-8.411059, 41.608516], [-8.420645, 41.603322], [-8.432672, 41.600382], [-8.444675, 41.600017], [-8.456659, 41.601859], [-8.472515, 41.608815], [-8.483067, 41.61787], [-8.488913, 41.626903], [-8.491043, 41.63592], [-8.490327, 41.644924], [-8.486282, 41.653913], [-8.480181, 41.661422], [-8.468092, 41.670906], [-8.46284, 41.67182], [-8.466723, 41.680845], [-8.473657, 41.687325], [-8.482012, 41.682123], [-8.484371, 41.674238], [-8.49308, 41.674886], [-8.499963, 41.671038], [-8.50927, 41.671233], [-8.51018, 41.672806], [-8.511967, 41.670324], [-8.509856, 41.668755], [-8.512252, 41.667847], [-8.511944, 41.666498], [-8.51702, 41.661979], [-8.523469, 41.659256]]], [[[-7.889796, 41.768459], [-7.892157, 41.766812], [-7.895684, 41.757839], [-7.890835, 41.748786], [-7.878242, 41.741073], [-7.866261, 41.738507], [-7.854223, 41.739212], [-7.842132, 41.74286], [-7.832993, 41.748213], [-7.828534, 41.757174], [-7.830956, 41.766206], [-7.841569, 41.774167], [-7.853541, 41.777572], [-7.865567, 41.777929], [-7.877637, 41.77578], [-7.889796, 41.768459]], [[-7.877692, 41.772637], [-7.865604, 41.775839], [-7.853585, 41.775077], [-7.841654, 41.769459], [-7.837404, 41.766271], [-7.834756, 41.757237], [-7.84052, 41.748289], [-7.85417, 41.742199], [-7.866211, 41.741337], [-7.878181, 41.744586], [-7.884791, 41.748727], [-7.889257, 41.757777], [-7.88656, 41.766758], [-7.877692, 41.772637]]], [[[-8.168085, 41.646335], [-8.172187, 41.643073], [-8.176767, 41.634099], [-8.176651, 41.625091], [-8.168503, 41.613779], [-8.156575, 41.608137], [-8.14458, 41.607643], [-8.132537, 41.610739], [-8.120413, 41.619776], [-8.110881, 41.633608], [-8.110313, 41.642611], [-8.118766, 41.651683], [-8.131923, 41.656566], [-8.143929, 41.656829], [-8.155978, 41.653889], [-8.168085, 41.646335]], [[-8.156063, 41.647338], [-8.143988, 41.652375], [-8.131976, 41.652626], [-8.12003, 41.647944], [-8.114757, 41.642645], [-8.114032, 41.633632], [-8.119704, 41.624669], [-8.132463, 41.616275], [-8.14449, 41.614426], [-8.149877, 41.615889], [-8.156443, 41.618251], [-8.163836, 41.624998], [-8.165798, 41.63402], [-8.161927, 41.642999], [-8.156063, 41.647338]]], [[[-8.11671, 41.382395], [-8.12927, 41.399559], [-8.139315, 41.408642], [-8.158987, 41.422024], [-8.182773, 41.433833], [-8.230494, 41.446954], [-8.242404, 41.452308], [-8.254277, 41.460985], [-8.266109, 41.473582], [-8.277626, 41.490661], [-8.28167, 41.499693], [-8.286569, 41.517738], [-8.28975, 41.54478], [-8.292483, 41.553804], [-8.298013, 41.562845], [-8.312952, 41.574114], [-8.324904, 41.57823], [-8.336884, 41.579749], [-8.348886, 41.579112], [-8.360925, 41.574776], [-8.373031, 41.563271], [-8.385188, 41.545989], [-8.40026, 41.518387], [-8.40177, 41.509388], [-8.396399, 41.482338], [-8.397916, 41.466357], [-8.403478, 41.446345], [-8.401403, 41.437327], [-8.387517, 41.428246], [-8.326579, 41.41676], [-8.302731, 41.408897], [-8.292484, 41.400678], [-8.287782, 41.391642], [-8.279357, 41.358628], [-8.269002, 41.334949], [-8.263339, 41.340902], [-8.262751, 41.345405], [-8.258971, 41.346535], [-8.267408, 41.358078], [-8.273246, 41.373536], [-8.276084, 41.400576], [-8.278786, 41.41027], [-8.290677, 41.417075], [-8.298191, 41.418728], [-8.350421, 41.425757], [-8.374306, 41.43094], [-8.387362, 41.437253], [-8.394187, 41.446296], [-8.395401, 41.45531], [-8.394079, 41.482326], [-8.396475, 41.50936], [-8.394263, 41.518356], [-8.385311, 41.532977], [-8.373203, 41.54555], [-8.361132, 41.553768], [-8.349093, 41.558544], [-8.337087, 41.559895], [-8.325108, 41.558577], [-8.313167, 41.553745], [-8.301282, 41.543886], [-8.296611, 41.535815], [-8.277962, 41.484641], [-8.254528, 41.438987], [-8.251837, 41.436451], [-8.242646, 41.431459], [-8.206822, 41.424755], [-8.183006, 41.415216], [-8.163516, 41.399813], [-8.157196, 41.390759], [-8.152261, 41.375641], [-8.152245, 41.375541], [-8.152224, 41.375416], [-8.150152, 41.37339], [-8.139096, 41.377894], [-8.133418, 41.374292], [-8.125051, 41.375193], [-8.119074, 41.377218], [-8.11671, 41.382395]]], [[[-8.268933, 41.334818], [-8.266401, 41.33077], [-8.265711, 41.332121], [-8.268933, 41.334818]]], [[[-8.648884, 41.560809], [-8.655381, 41.555464], [-8.66095, 41.546839], [-8.662281, 41.53747], [-8.659719, 41.528455], [-8.653506, 41.519429], [-8.641179, 41.510384], [-8.625228, 41.503841], [-8.601281, 41.501081], [-8.589288, 41.5028], [-8.582276, 41.510185], [-8.579946, 41.519184], [-8.580164, 41.528192], [-8.582879, 41.53721], [-8.589011, 41.546598], [-8.600935, 41.557391], [-8.612893, 41.563101], [-8.624871, 41.565551], [-8.636869, 41.56489], [-8.648884, 41.560809]], [[-8.649009, 41.537666], [-8.63696, 41.548574], [-8.624956, 41.550859], [-8.612979, 41.548705], [-8.597813, 41.537263], [-8.594401, 41.528243], [-8.596172, 41.519242], [-8.601201, 41.514112], [-8.613217, 41.508764], [-8.625198, 41.508953], [-8.629347, 41.510347], [-8.637155, 41.513601], [-8.64502, 41.519403], [-8.650039, 41.528426], [-8.649009, 41.537666]]], [[[-8.075889, 41.55604], [-8.085259, 41.559119], [-8.109201, 41.562219], [-8.133226, 41.559271], [-8.145487, 41.552806], [-8.153242, 41.543856], [-8.155775, 41.534867], [-8.155255, 41.525856], [-8.151148, 41.516819], [-8.137413, 41.507709], [-8.098062, 41.500794], [-8.078333, 41.499013], [-8.078332, 41.500331], [-8.091803, 41.503937], [-8.0927, 41.505516], [-8.11564, 41.507544], [-8.133823, 41.514502], [-8.137305, 41.516716], [-8.142726, 41.525763], [-8.142571, 41.53477], [-8.137367, 41.543738], [-8.121321, 41.552845], [-8.109301, 41.55495], [-8.097318, 41.55435], [-8.082187, 41.549571], [-8.079788, 41.551876], [-8.074097, 41.549848], [-8.072896, 41.552098], [-8.075889, 41.55604]]], [[[-8.589409, 41.483696], [-8.597034, 41.465201], [-8.598946, 41.447192], [-8.596671, 41.438177], [-8.58976, 41.42807], [-8.57785, 41.419008], [-8.565921, 41.413434], [-8.553978, 41.410189], [-8.542023, 41.408662], [-8.530053, 41.409498], [-8.518062, 41.413042], [-8.506034, 41.421363], [-8.500286, 41.428791], [-8.497428, 41.437786], [-8.499876, 41.455812], [-8.512786, 41.473882], [-8.5295, 41.486042], [-8.541441, 41.491455], [-8.553393, 41.495406], [-8.565361, 41.497273], [-8.577345, 41.496879], [-8.589409, 41.483696]], [[-8.577459, 41.479311], [-8.565445, 41.484777], [-8.553459, 41.48584], [-8.541498, 41.483365], [-8.529557, 41.478137], [-8.515124, 41.464885], [-8.510882, 41.455859], [-8.510247, 41.446849], [-8.513174, 41.437854], [-8.521385, 41.428881], [-8.52995, 41.423836], [-8.541937, 41.421028], [-8.553903, 41.421139], [-8.565851, 41.42389], [-8.577777, 41.430337], [-8.585508, 41.438137], [-8.589667, 41.44716], [-8.590374, 41.45617], [-8.588182, 41.465169], [-8.577459, 41.479311]]], [[[-8.808268, 41.361991], [-8.781461, 41.365043], [-8.75755, 41.364493], [-8.733654, 41.360218], [-8.721716, 41.356186], [-8.709784, 41.350957], [-8.685945, 41.336521], [-8.642062, 41.303213], [-8.633428, 41.294178], [-8.624168, 41.276132], [-8.623113, 41.267121], [-8.625128, 41.231096], [-8.612636, 41.176779], [-8.608583, 41.174095], [-8.609164, 41.172066], [-8.605845, 41.166228], [-8.602852, 41.164214], [-8.59422, 41.165149], [-8.589174, 41.167645], [-8.588615, 41.170574], [-8.603154, 41.193287], [-8.610198, 41.213031], [-8.611724, 41.231052], [-8.602735, 41.267053], [-8.602878, 41.276061], [-8.606625, 41.285081], [-8.615715, 41.29412], [-8.662105, 41.324477], [-8.709748, 41.35914], [-8.733607, 41.371768], [-8.769446, 41.381574], [-8.809223, 41.386175], [-8.808268, 41.361991]]]]}}, {"id": "11", "type": "Feature", "properties": {"fill": "#a3a3a3", "value_min": -0.33, "value_max": 0.0}, "geometry": {"type": "MultiPolygon", "coordinates": [[[[-7.987876, 41.869157], [-7.987996, 41.869056], [-7.990123, 41.860157], [-7.995547, 41.858138], [-7.994047, 41.855211], [-7.998011, 41.851164], [-7.996866, 41.839829], [-7.991851, 41.830778], [-7.978048, 41.821649], [-7.961188, 41.81764], [-7.949146, 41.817729], [-7.937063, 41.820334], [-7.92242, 41.830148], [-7.917113, 41.839104], [-7.915465, 41.848096], [-7.916975, 41.857117], [-7.922378, 41.866174], [-7.93451, 41.875155], [-7.937389, 41.87516], [-7.940109, 41.871897], [-7.929621, 41.866242], [-7.921377, 41.857158], [-7.918666, 41.848126], [-7.919827, 41.83913], [-7.925333, 41.830175], [-7.937028, 41.822435], [-7.949115, 41.819627], [-7.961152, 41.819849], [-7.973141, 41.823058], [-7.984999, 41.830718], [-7.991161, 41.839779], [-7.992046, 41.848793], [-7.988837, 41.857772], [-7.980167, 41.866702], [-7.97237, 41.87128], [-7.956364, 41.87424], [-7.960576, 41.875647], [-7.962086, 41.874074], [-7.973828, 41.875216], [-7.987876, 41.869157]]], [[[-7.85369, 41.769199], [-7.865689, 41.771008], [-7.877063, 41.766666], [-7.881212, 41.757699], [-7.871863, 41.748601], [-7.86612, 41.746529], [-7.854064, 41.74814], [-7.845248, 41.757343], [-7.848762, 41.766385], [-7.85369, 41.769199]], [[-7.85455, 41.766443], [-7.849713, 41.757388], [-7.853981, 41.752845], [-7.866069, 41.749409], [-7.876958, 41.757658], [-7.870876, 41.766605], [-7.865732, 41.768569], [-7.85455, 41.766443]]], [[[-8.444859, 41.706539], [-8.4318, 41.699632], [-8.419792, 41.698454], [-8.407751, 41.701051], [-8.396302, 41.707518], [-8.390467, 41.716495], [-8.390933, 41.725504], [-8.393826, 41.730075], [-8.396942, 41.730518], [-8.401593, 41.726681], [-8.39863, 41.716538], [-8.4077, 41.706566], [-8.41974, 41.704295], [-8.431733, 41.707307], [-8.437273, 41.714212], [-8.441632, 41.713975], [-8.441618, 41.711049], [-8.444859, 41.706539]]], [[[-8.132061, 41.646265], [-8.144092, 41.644557], [-8.147074, 41.642889], [-8.152052, 41.633919], [-8.144359, 41.624379], [-8.13237, 41.623255], [-8.120394, 41.633681], [-8.125072, 41.642724], [-8.132061, 41.646265]], [[-8.131304, 41.642771], [-8.125317, 41.633719], [-8.132315, 41.627358], [-8.144269, 41.63115], [-8.146418, 41.633877], [-8.144185, 41.637529], [-8.134342, 41.642794], [-8.131304, 41.642771]]], [[[-8.444295, 41.644251], [-8.456316, 41.642727], [-8.465438, 41.635804], [-8.46764, 41.626807], [-8.462188, 41.617774], [-8.456556, 41.614186], [-8.444576, 41.611475], [-8.432551, 41.614187], [-8.427509, 41.617607], [-8.423482, 41.626594], [-8.427243, 41.63562], [-8.432324, 41.64004], [-8.444295, 41.644251]], [[-8.441375, 41.635689], [-8.432193, 41.626637], [-8.444525, 41.617514], [-8.45647, 41.624403], [-8.457999, 41.626762], [-8.456421, 41.630231], [-8.448823, 41.635725], [-8.444359, 41.636823], [-8.441375, 41.635689]]], [[[-8.349267, 41.541136], [-8.361298, 41.5369], [-8.373356, 41.529632], [-8.383768, 41.5183], [-8.388447, 41.509318], [-8.390163, 41.491312], [-8.386017, 41.458256], [-8.378629, 41.446213], [-8.362275, 41.437367], [-8.338382, 41.432808], [-8.31444, 41.433186], [-8.300399, 41.436757], [-8.286494, 41.445679], [-8.281234, 41.454653], [-8.279864, 41.463652], [-8.283047, 41.481687], [-8.301501, 41.523601], [-8.313366, 41.534942], [-8.325297, 41.540444], [-8.337268, 41.542152], [-8.349267, 41.541136]], [[-8.335462, 41.536046], [-8.325357, 41.534686], [-8.313427, 41.529251], [-8.30157, 41.517126], [-8.292562, 41.499761], [-8.28476, 41.47269], [-8.285235, 41.463686], [-8.288869, 41.454701], [-8.297448, 41.445746], [-8.314384, 41.438533], [-8.326369, 41.437002], [-8.350295, 41.438338], [-8.362234, 41.441512], [-8.37414, 41.448231], [-8.380361, 41.45523], [-8.3843, 41.464259], [-8.387121, 41.482289], [-8.387254, 41.500304], [-8.384658, 41.509298], [-8.379111, 41.518275], [-8.373409, 41.524152], [-8.361347, 41.531921], [-8.349324, 41.535492], [-8.335462, 41.536046]]], [[[-8.104962, 41.54203], [-8.109475, 41.542266], [-8.121546, 41.536188], [-8.124991, 41.52563], [-8.115941, 41.516553], [-8.109857, 41.514427], [-8.097874, 41.514322], [-8.089698, 41.51842], [-8.090594, 41.522169], [-8.093588, 41.52307], [-8.091786, 41.531848], [-8.103764, 41.541968], [-8.104004, 41.54198], [-8.104962, 41.54203]], [[-8.097592, 41.534651], [-8.093363, 41.525385], [-8.097776, 41.521393], [-8.109773, 41.520561], [-8.115728, 41.525559], [-8.11143, 41.534533], [-8.109567, 41.535535], [-8.097592, 41.534651]]], [[[-8.553548, 41.472855], [-8.565549, 41.469191], [-8.570538, 41.465105], [-8.574457, 41.456112], [-8.571843, 41.447095], [-8.565736, 41.441216], [-8.553794, 41.437012], [-8.541815, 41.438264], [-8.52991, 41.446931], [-8.527781, 41.45593], [-8.5325, 41.464957], [-8.541586, 41.470909], [-8.553548, 41.472855]], [[-8.543942, 41.465002], [-8.541634, 41.46405], [-8.536621, 41.455966], [-8.541758, 41.446486], [-8.553743, 41.444457], [-8.55967, 41.447049], [-8.56623, 41.456081], [-8.558034, 41.465057], [-8.55359, 41.466704], [-8.543942, 41.465002]]], [[[-8.191351, 41.376302], [-8.190778, 41.381993], [-8.194649, 41.391028], [-8.206004, 41.400114], [-8.219039, 41.403891], [-8.231007, 41.403518], [-8.243027, 41.398674], [-8.250106, 41.391402], [-8.253136, 41.382415], [-8.251504, 41.373396], [-8.245461, 41.364942], [-8.244272, 41.368384], [-8.239197, 41.371315], [-8.231512, 41.369972], [-8.236094, 41.373295], [-8.239517, 41.382325], [-8.231142, 41.392078], [-8.219172, 41.392802], [-8.215205, 41.39117], [-8.206697, 41.382104], [-8.20894, 41.376292], [-8.200358, 41.377648], [-8.194677, 41.374275], [-8.191351, 41.376302]]], [[[-8.209023, 41.376117], [-8.209023, 41.376117], [-8.209047, 41.376067], [-8.209023, 41.376117]]], [[[-8.216187, 41.370281], [-8.220966, 41.368815], [-8.21738, 41.368182], [-8.216187, 41.370281]]], [[[-8.642247, 41.193309], [-8.646298, 41.213148], [-8.657864, 41.240206], [-8.657603, 41.249213], [-8.651486, 41.276218], [-8.651941, 41.285227], [-8.654484, 41.294243], [-8.659724, 41.303266], [-8.677929, 41.321334], [-8.697908, 41.334016], [-8.709837, 41.338939], [-8.721774, 41.342519], [-8.74567, 41.344716], [-8.769589, 41.341075], [-8.781555, 41.336927], [-8.79404, 41.330608], [-8.806655, 41.321092], [-8.802435, 41.213851], [-8.784865, 41.186466], [-8.770047, 41.168421], [-8.759363, 41.159392], [-8.746418, 41.151683], [-8.729653, 41.14561], [-8.67981, 41.146688], [-8.674212, 41.148638], [-8.674849, 41.153767], [-8.672489, 41.15648], [-8.66117, 41.156307], [-8.662078, 41.158104], [-8.660313, 41.160813], [-8.657033, 41.160378], [-8.655013, 41.161963], [-8.654961, 41.162016], [-8.653231, 41.169174], [-8.655366, 41.175467], [-8.647955, 41.180228], [-8.647696, 41.185181], [-8.642247, 41.193309]], [[-8.745699, 41.337374], [-8.721797, 41.337019], [-8.709858, 41.334268], [-8.697929, 41.329445], [-8.686012, 41.322568], [-8.673747, 41.312314], [-8.666439, 41.303286], [-8.662432, 41.294266], [-8.660729, 41.285254], [-8.662364, 41.274224], [-8.664895, 41.26725], [-8.681517, 41.240274], [-8.678809, 41.231259], [-8.661084, 41.213192], [-8.657017, 41.204172], [-8.655877, 41.195161], [-8.657926, 41.186159], [-8.663622, 41.177168], [-8.674825, 41.169079], [-8.686765, 41.165147], [-8.698689, 41.164231], [-8.710602, 41.165907], [-8.722503, 41.170548], [-8.732284, 41.177348], [-8.739794, 41.186373], [-8.74387, 41.19539], [-8.747965, 41.213415], [-8.753161, 41.222434], [-8.781866, 41.243561], [-8.793759, 41.25677], [-8.799865, 41.267564], [-8.802517, 41.276576], [-8.802112, 41.294591], [-8.798909, 41.303593], [-8.793019, 41.312591], [-8.784231, 41.321582], [-8.769626, 41.330546], [-8.757659, 41.334968], [-8.745699, 41.337374]]]]}}, {"id": "12", "type": "Feature", "properties": {"fill": "#a3a3a3", "value_min": 0.0, "value_max": 0.33}, "geometry": {"type": "MultiPolygon", "coordinates": [[[[-7.956364, 41.87424], [-7.97237, 41.87128], [-7.980167, 41.866702], [-7.988837, 41.857772], [-7.992046, 41.848793], [-7.991161, 41.839779], [-7.984999, 41.830718], [-7.973141, 41.823058], [-7.961152, 41.819849], [-7.949115, 41.819627], [-7.937028, 41.822435], [-7.925333, 41.830175], [-7.919827, 41.83913], [-7.918666, 41.848126], [-7.921377, 41.857158], [-7.929621, 41.866242], [-7.940109, 41.871897], [-7.951254, 41.871132], [-7.956364, 41.87424]], [[-7.948296, 41.869657], [-7.936309, 41.865832], [-7.925931, 41.857201], [-7.921866, 41.848156], [-7.922542, 41.839155], [-7.928247, 41.830202], [-7.936995, 41.824412], [-7.949084, 41.82151], [-7.961117, 41.822012], [-7.973092, 41.82616], [-7.980081, 41.830674], [-7.985455, 41.839728], [-7.986015, 41.84874], [-7.981698, 41.857709], [-7.972467, 41.865225], [-7.960349, 41.86944], [-7.948296, 41.869657]]], [[[-7.85455, 41.766443], [-7.865732, 41.768569], [-7.870876, 41.766605], [-7.876958, 41.757658], [-7.866069, 41.749409], [-7.853981, 41.752845], [-7.849713, 41.757388], [-7.85455, 41.766443]], [[-7.85454, 41.757436], [-7.866001, 41.753278], [-7.871716, 41.757606], [-7.865789, 41.765327], [-7.85454, 41.757436]]], [[[-8.437273, 41.714212], [-8.431733, 41.707307], [-8.41974, 41.704295], [-8.4077, 41.706566], [-8.39863, 41.716538], [-8.401593, 41.726681], [-8.404721, 41.722847], [-8.413744, 41.725076], [-8.418172, 41.724165], [-8.408196, 41.716587], [-8.419664, 41.712766], [-8.425442, 41.716675], [-8.422768, 41.720552], [-8.429643, 41.719859], [-8.430833, 41.717155], [-8.437273, 41.714212]]], [[[-8.422737, 41.720596], [-8.422737, 41.720596], [-8.422612, 41.720777], [-8.422737, 41.720596]]], [[[-8.131304, 41.642771], [-8.134342, 41.642794], [-8.144185, 41.637529], [-8.146418, 41.633877], [-8.144269, 41.63115], [-8.132315, 41.627358], [-8.125317, 41.633719], [-8.131304, 41.642771]], [[-8.130241, 41.633756], [-8.132253, 41.631926], [-8.137, 41.633807], [-8.13219, 41.636625], [-8.130241, 41.633756]]], [[[-8.441375, 41.635689], [-8.444359, 41.636823], [-8.448823, 41.635725], [-8.456421, 41.630231], [-8.457999, 41.626762], [-8.45647, 41.624403], [-8.444525, 41.617514], [-8.432193, 41.626637], [-8.441375, 41.635689]]], [[[-8.335462, 41.536046], [-8.349324, 41.535492], [-8.361347, 41.531921], [-8.373409, 41.524152], [-8.379111, 41.518275], [-8.384658, 41.509298], [-8.387254, 41.500304], [-8.387121, 41.482289], [-8.3843, 41.464259], [-8.380361, 41.45523], [-8.37414, 41.448231], [-8.362234, 41.441512], [-8.350295, 41.438338], [-8.326369, 41.437002], [-8.314384, 41.438533], [-8.297448, 41.445746], [-8.288869, 41.454701], [-8.285235, 41.463686], [-8.28476, 41.47269], [-8.292562, 41.499761], [-8.30157, 41.517126], [-8.313427, 41.529251], [-8.325357, 41.534686], [-8.335462, 41.536046]], [[-8.337367, 41.532441], [-8.325401, 41.530386], [-8.313476, 41.524561], [-8.306429, 41.51786], [-8.295057, 41.499776], [-8.289605, 41.481728], [-8.288804, 41.472715], [-8.290525, 41.463719], [-8.295607, 41.454742], [-8.308222, 41.445811], [-8.32633, 41.440758], [-8.350261, 41.441828], [-8.362194, 41.445657], [-8.374091, 41.453368], [-8.38126, 41.464242], [-8.385024, 41.482277], [-8.384579, 41.50029], [-8.381466, 41.509281], [-8.374454, 41.51825], [-8.361394, 41.527175], [-8.349364, 41.531527], [-8.337367, 41.532441]]], [[[-8.097592, 41.534651], [-8.109567, 41.535535], [-8.11143, 41.534533], [-8.115728, 41.525559], [-8.109773, 41.520561], [-8.097776, 41.521393], [-8.093363, 41.525385], [-8.097592, 41.534651]]], [[[-8.543942, 41.465002], [-8.55359, 41.466704], [-8.558034, 41.465057], [-8.56623, 41.456081], [-8.55967, 41.447049], [-8.553743, 41.444457], [-8.541758, 41.446486], [-8.536621, 41.455966], [-8.541634, 41.46405], [-8.543942, 41.465002]]], [[[-8.20894, 41.376292], [-8.206697, 41.382104], [-8.215205, 41.39117], [-8.219172, 41.392802], [-8.231142, 41.392078], [-8.239517, 41.382325], [-8.236094, 41.373295], [-8.231512, 41.369972], [-8.224854, 41.370878], [-8.220966, 41.368815], [-8.216187, 41.370281], [-8.212011, 41.375839], [-8.209047, 41.376067], [-8.209023, 41.376117], [-8.20894, 41.376292]]], [[[-8.745699, 41.337374], [-8.757659, 41.334968], [-8.769626, 41.330546], [-8.784231, 41.321582], [-8.793019, 41.312591], [-8.798909, 41.303593], [-8.802112, 41.294591], [-8.802517, 41.276576], [-8.799865, 41.267564], [-8.793759, 41.25677], [-8.781866, 41.243561], [-8.753161, 41.222434], [-8.747965, 41.213415], [-8.74387, 41.19539], [-8.739794, 41.186373], [-8.732284, 41.177348], [-8.722503, 41.170548], [-8.710602, 41.165907], [-8.698689, 41.164231], [-8.686765, 41.165147], [-8.674825, 41.169079], [-8.663622, 41.177168], [-8.657926, 41.186159], [-8.655877, 41.195161], [-8.657017, 41.204172], [-8.661084, 41.213192], [-8.678809, 41.231259], [-8.681517, 41.240274], [-8.664895, 41.26725], [-8.662364, 41.274224], [-8.660729, 41.285254], [-8.662432, 41.294266], [-8.666439, 41.303286], [-8.673747, 41.312314], [-8.686012, 41.322568], [-8.697929, 41.329445], [-8.709858, 41.334268], [-8.721797, 41.337019], [-8.745699, 41.337374]], [[-8.733768, 41.332322], [-8.721819, 41.332025], [-8.709878, 41.32967], [-8.691382, 41.321371], [-8.679681, 41.312331], [-8.672668, 41.303304], [-8.668955, 41.294285], [-8.668367, 41.285276], [-8.670751, 41.276275], [-8.676347, 41.267283], [-8.686323, 41.257775], [-8.698292, 41.25072], [-8.710247, 41.246382], [-8.72219, 41.244508], [-8.734124, 41.244745], [-8.746049, 41.247031], [-8.757968, 41.251461], [-8.769229, 41.258499], [-8.778266, 41.267524], [-8.783352, 41.276542], [-8.785757, 41.285554], [-8.785547, 41.294562], [-8.782626, 41.303564], [-8.77705, 41.312561], [-8.769666, 41.319257], [-8.757691, 41.326509], [-8.745725, 41.330564], [-8.733768, 41.332322]], [[-8.686556, 41.208985], [-8.678901, 41.204235], [-8.676, 41.195219], [-8.686665, 41.186198], [-8.698583, 41.187535], [-8.706248, 41.1953], [-8.70433, 41.204303], [-8.698487, 41.208331], [-8.686556, 41.208985]]]]}}, {"id": "15", "type": "Feature", "properties": {"fill": "#97a3b2", "value_min": 1.0, "value_max": 1.33}, "geometry": {"type": "MultiPolygon", "coordinates": [[[[-7.972652, 41.853671], [-7.976407, 41.848655], [-7.977163, 41.839655], [-7.970541, 41.830589], [-7.961051, 41.826079], [-7.949029, 41.824878], [-7.934073, 41.830256], [-7.927861, 41.839205], [-7.928368, 41.848217], [-7.936441, 41.85789], [-7.948419, 41.862118], [-7.960483, 41.861182], [-7.972652, 41.853671]], [[-7.944647, 41.857374], [-7.936505, 41.854045], [-7.931656, 41.848247], [-7.930483, 41.83923], [-7.937056, 41.830284], [-7.949002, 41.826561], [-7.961018, 41.828112], [-7.966148, 41.83055], [-7.973093, 41.839619], [-7.971746, 41.848613], [-7.960545, 41.857366], [-7.948475, 41.858755], [-7.944647, 41.857374]]], [[[-8.373535, 41.511138], [-8.380032, 41.500265], [-8.381427, 41.482258], [-8.375179, 41.46421], [-8.366125, 41.455153], [-8.350198, 41.448145], [-8.338239, 41.446883], [-8.326258, 41.447733], [-8.314248, 41.451368], [-8.308458, 41.45482], [-8.299276, 41.463772], [-8.295427, 41.472756], [-8.294812, 41.48176], [-8.300047, 41.499807], [-8.305677, 41.508848], [-8.313557, 41.516905], [-8.325474, 41.523436], [-8.337438, 41.525533], [-8.349432, 41.524756], [-8.361459, 41.52056], [-8.373535, 41.511138]], [[-8.337464, 41.522974], [-8.325504, 41.520502], [-8.313589, 41.513891], [-8.308674, 41.508866], [-8.302473, 41.499821], [-8.297377, 41.481775], [-8.298603, 41.472776], [-8.30212, 41.465963], [-8.314209, 41.455139], [-8.326228, 41.45063], [-8.338213, 41.44943], [-8.350171, 41.450793], [-8.362097, 41.455562], [-8.37214, 41.464193], [-8.37732, 41.473229], [-8.379889, 41.491257], [-8.377758, 41.500253], [-8.373572, 41.507223], [-8.361489, 41.517496], [-8.349458, 41.522096], [-8.337464, 41.522974]]], [[[-8.733812, 41.321373], [-8.751853, 41.312509], [-8.758908, 41.303517], [-8.761362, 41.294514], [-8.759859, 41.285503], [-8.754006, 41.276483], [-8.739663, 41.267444], [-8.722108, 41.263785], [-8.710165, 41.264895], [-8.698208, 41.269101], [-8.686221, 41.279001], [-8.682571, 41.285316], [-8.681392, 41.29432], [-8.684241, 41.303336], [-8.692323, 41.312366], [-8.709916, 41.32113], [-8.721858, 41.322652], [-8.733812, 41.321373]], [[-8.72188, 41.317693], [-8.709937, 41.316497], [-8.698013, 41.311248], [-8.690531, 41.303353], [-8.687582, 41.294337], [-8.689951, 41.285336], [-8.698174, 41.276498], [-8.710135, 41.271672], [-8.722078, 41.270827], [-8.734007, 41.273441], [-8.739781, 41.276452], [-8.748956, 41.28548], [-8.751382, 41.294493], [-8.748952, 41.303495], [-8.739785, 41.312483], [-8.733837, 41.315312], [-8.72188, 41.317693]]]]}}, {"id": "16", "type": "Feature", "properties": {"fill": "#80a4d0", "value_min": 1.33, "value_max": 1.67}, "geometry": {"type": "MultiPolygon", "coordinates": [[[[-7.944647, 41.857374], [-7.948475, 41.858755], [-7.960545, 41.857366], [-7.971746, 41.848613], [-7.973093, 41.839619], [-7.966148, 41.83055], [-7.961018, 41.828112], [-7.949002, 41.826561], [-7.937056, 41.830284], [-7.930483, 41.83923], [-7.931656, 41.848247], [-7.936505, 41.854045], [-7.944647, 41.857374]], [[-7.948526, 41.855584], [-7.936568, 41.850221], [-7.933107, 41.839254], [-7.936835, 41.834118], [-7.942276, 41.830332], [-7.948974, 41.828245], [-7.961753, 41.83051], [-7.969428, 41.839586], [-7.967089, 41.848572], [-7.960605, 41.853637], [-7.948526, 41.855584]]], [[[-8.337464, 41.522974], [-8.349458, 41.522096], [-8.361489, 41.517496], [-8.373572, 41.507223], [-8.377758, 41.500253], [-8.379889, 41.491257], [-8.37732, 41.473229], [-8.37214, 41.464193], [-8.362097, 41.455562], [-8.350171, 41.450793], [-8.338213, 41.44943], [-8.326228, 41.45063], [-8.314209, 41.455139], [-8.30212, 41.465963], [-8.298603, 41.472776], [-8.297377, 41.481775], [-8.302473, 41.499821], [-8.308674, 41.508866], [-8.313589, 41.513891], [-8.325504, 41.520502], [-8.337464, 41.522974]], [[-8.33749, 41.520416], [-8.325533, 41.517679], [-8.311672, 41.508884], [-8.304751, 41.499835], [-8.299941, 41.481791], [-8.302052, 41.472265], [-8.307438, 41.463822], [-8.314175, 41.458374], [-8.326198, 41.453527], [-8.338187, 41.451977], [-8.350145, 41.453441], [-8.362071, 41.458134], [-8.369104, 41.464176], [-8.375151, 41.473217], [-8.377832, 41.482239], [-8.378056, 41.491247], [-8.37361, 41.503361], [-8.361513, 41.515057], [-8.349485, 41.519436], [-8.33749, 41.520416]]], [[[-8.72188, 41.317693], [-8.733837, 41.315312], [-8.739785, 41.312483], [-8.748952, 41.303495], [-8.751382, 41.294493], [-8.748956, 41.28548], [-8.739781, 41.276452], [-8.734007, 41.273441], [-8.722078, 41.270827], [-8.710135, 41.271672], [-8.698174, 41.276498], [-8.689951, 41.285336], [-8.687582, 41.294337], [-8.690531, 41.303353], [-8.698013, 41.311248], [-8.709937, 41.316497], [-8.72188, 41.317693]], [[-8.719168, 41.312434], [-8.709959, 41.311599], [-8.698045, 41.304375], [-8.694439, 41.294356], [-8.698134, 41.285042], [-8.710105, 41.278454], [-8.722049, 41.277751], [-8.733971, 41.282411], [-8.737619, 41.285454], [-8.741536, 41.294471], [-8.738748, 41.303473], [-8.733868, 41.307687], [-8.722643, 41.312443], [-8.719168, 41.312434]]]]}}, {"id": "7", "type": "Feature", "properties": {"fill": "#cba158", "value_min": -1.67, "value_max": -1.33}, "geometry": {"type": "MultiPolygon", "coordinates": [[[[-8.043343, 41.824424], [-8.033451, 41.816163], [-8.021521, 41.808966], [-8.00955, 41.804556], [-7.997548, 41.802285], [-7.985506, 41.802553], [-7.937223, 41.810647], [-7.925122, 41.814349], [-7.912873, 41.82676], [-7.904902, 41.838989], [-7.896406, 41.859779], [-7.898893, 41.86136], [-7.902664, 41.861142], [-7.90452, 41.847992], [-7.913684, 41.830065], [-7.925061, 41.818021], [-7.937176, 41.813506], [-7.973362, 41.809237], [-7.985393, 41.809711], [-7.997388, 41.81254], [-8.009345, 41.817851], [-8.024354, 41.830485], [-8.030816, 41.82959], [-8.037134, 41.831171], [-8.041351, 41.828023], [-8.041054, 41.825097], [-8.043343, 41.824424]]], [[[-8.694034, 41.577293], [-8.688717, 41.55556], [-8.679165, 41.537519], [-8.6716, 41.52849], [-8.649326, 41.510409], [-8.611331, 41.492272], [-8.604347, 41.483241], [-8.608503, 41.438218], [-8.605569, 41.4292], [-8.598369, 41.420168], [-8.577933, 41.406239], [-8.542155, 41.38996], [-8.530218, 41.38654], [-8.518268, 41.385167], [-8.506298, 41.386463], [-8.492359, 41.392726], [-8.482269, 41.400104], [-8.472249, 41.410651], [-8.467227, 41.419635], [-8.467604, 41.428644], [-8.484492, 41.455744], [-8.499707, 41.473826], [-8.548843, 41.510059], [-8.555817, 41.519094], [-8.568526, 41.546164], [-8.598416, 41.591309], [-8.601953, 41.600328], [-8.602107, 41.609336], [-8.595798, 41.617121], [-8.601628, 41.615972], [-8.603996, 41.611686], [-8.613256, 41.606696], [-8.619881, 41.610269], [-8.621338, 41.604636], [-8.628833, 41.604378], [-8.6366, 41.600518], [-8.639873, 41.597352], [-8.640152, 41.59465], [-8.645536, 41.593051], [-8.646744, 41.594171], [-8.649125, 41.591909], [-8.656622, 41.5921], [-8.660788, 41.588255], [-8.663794, 41.589141], [-8.665265, 41.585758], [-8.66948, 41.587989], [-8.684455, 41.586117], [-8.685608, 41.58071], [-8.694034, 41.577293]], [[-8.648884, 41.560809], [-8.636869, 41.56489], [-8.624871, 41.565551], [-8.612893, 41.563101], [-8.600935, 41.557391], [-8.589011, 41.546598], [-8.582879, 41.53721], [-8.580164, 41.528192], [-8.579946, 41.519184], [-8.582276, 41.510185], [-8.589288, 41.5028], [-8.601281, 41.501081], [-8.625228, 41.503841], [-8.641179, 41.510384], [-8.653506, 41.519429], [-8.659719, 41.528455], [-8.662281, 41.53747], [-8.66095, 41.546839], [-8.655381, 41.555464], [-8.648884, 41.560809]], [[-8.589409, 41.483696], [-8.577345, 41.496879], [-8.565361, 41.497273], [-8.553393, 41.495406], [-8.541441, 41.491455], [-8.5295, 41.486042], [-8.512786, 41.473882], [-8.499876, 41.455812], [-8.497428, 41.437786], [-8.500286, 41.428791], [-8.506034, 41.421363], [-8.518062, 41.413042], [-8.530053, 41.409498], [-8.542023, 41.408662], [-8.553978, 41.410189], [-8.565921, 41.413434], [-8.57785, 41.419008], [-8.58976, 41.42807], [-8.596671, 41.438177], [-8.598946, 41.447192], [-8.597034, 41.465201], [-8.589409, 41.483696]]], [[[-8.595639, 41.617302], [-8.595639, 41.617302], [-8.595598, 41.617347], [-8.595639, 41.617302]]], [[[-8.594447, 41.618449], [-8.594447, 41.618449], [-8.594384, 41.618478], [-8.594447, 41.618449]]], [[[-8.594148, 41.618583], [-8.594148, 41.618583], [-8.59056, 41.620186], [-8.594148, 41.618583]]], [[[-8.539878, 41.621793], [-8.516566, 41.614356], [-8.480708, 41.595758], [-8.468745, 41.591355], [-8.411864, 41.581499], [-8.397327, 41.572416], [-8.393531, 41.563389], [-8.393717, 41.554383], [-8.407146, 41.518423], [-8.407514, 41.509418], [-8.39912, 41.482352], [-8.40001, 41.473349], [-8.41002, 41.452115], [-8.415787, 41.446408], [-8.421045, 41.437427], [-8.420048, 41.428415], [-8.410272, 41.424349], [-8.398328, 41.421813], [-8.362462, 41.418258], [-8.338569, 41.414316], [-8.323341, 41.409871], [-8.306743, 41.400765], [-8.299039, 41.391711], [-8.292577, 41.373656], [-8.288289, 41.346607], [-8.286, 41.315213], [-8.281801, 41.316569], [-8.279132, 41.324451], [-8.272266, 41.32536], [-8.266401, 41.33077], [-8.268933, 41.334818], [-8.269002, 41.334949], [-8.279357, 41.358628], [-8.287782, 41.391642], [-8.292484, 41.400678], [-8.302731, 41.408897], [-8.326579, 41.41676], [-8.387517, 41.428246], [-8.401403, 41.437327], [-8.403478, 41.446345], [-8.397916, 41.466357], [-8.396399, 41.482338], [-8.40177, 41.509388], [-8.40026, 41.518387], [-8.385188, 41.545989], [-8.373031, 41.563271], [-8.360925, 41.574776], [-8.348886, 41.579112], [-8.336884, 41.579749], [-8.324904, 41.57823], [-8.312952, 41.574114], [-8.298013, 41.562845], [-8.292483, 41.553804], [-8.28975, 41.54478], [-8.286569, 41.517738], [-8.28167, 41.499693], [-8.277626, 41.490661], [-8.266109, 41.473582], [-8.254277, 41.460985], [-8.242404, 41.452308], [-8.230494, 41.446954], [-8.182773, 41.433833], [-8.158987, 41.422024], [-8.139315, 41.408642], [-8.12927, 41.399559], [-8.11671, 41.382395], [-8.117578, 41.386447], [-8.113992, 41.386896], [-8.112795, 41.390723], [-8.110105, 41.390947], [-8.108011, 41.393648], [-8.103827, 41.392972], [-8.105321, 41.394998], [-8.10263, 41.396123], [-8.10801, 41.398825], [-8.108606, 41.403102], [-8.104419, 41.406252], [-8.104119, 41.408728], [-8.101727, 41.409403], [-8.102025, 41.411204], [-8.092756, 41.411201], [-8.09126, 41.414352], [-8.079893, 41.41975], [-8.077503, 41.416597], [-8.070923, 41.41862], [-8.066739, 41.416142], [-8.061654, 41.417489], [-8.059852, 41.424916], [-8.055959, 41.429415], [-8.057445, 41.437878], [-8.063766, 41.435074], [-8.087056, 41.431319], [-8.110974, 41.432734], [-8.134827, 41.439063], [-8.170529, 41.455412], [-8.182468, 41.458161], [-8.21838, 41.458829], [-8.230335, 41.460465], [-8.242266, 41.464153], [-8.254173, 41.470045], [-8.266037, 41.47993], [-8.277821, 41.497324], [-8.282742, 41.517715], [-8.282374, 41.52672], [-8.277274, 41.54657], [-8.262591, 41.580638], [-8.263411, 41.589651], [-8.269093, 41.598694], [-8.288536, 41.612855], [-8.324361, 41.63027], [-8.336334, 41.633475], [-8.372308, 41.637955], [-8.38428, 41.641576], [-8.396227, 41.648134], [-8.402293, 41.653507], [-8.408589, 41.662547], [-8.408198, 41.671552], [-8.399703, 41.680515], [-8.383847, 41.687104], [-8.359763, 41.692316], [-8.350235, 41.69826], [-8.347557, 41.707252], [-8.348182, 41.716263], [-8.355051, 41.73826], [-8.357897, 41.735103], [-8.362407, 41.735994], [-8.365284, 41.734413], [-8.362283, 41.716342], [-8.365232, 41.707351], [-8.375321, 41.698399], [-8.413577, 41.680587], [-8.421378, 41.671619], [-8.420532, 41.662608], [-8.414339, 41.653569], [-8.388044, 41.62641], [-8.384981, 41.617387], [-8.38585, 41.608384], [-8.395499, 41.599428], [-8.408717, 41.595415], [-8.432735, 41.593166], [-8.456712, 41.595491], [-8.469822, 41.599795], [-8.486184, 41.608877], [-8.505662, 41.626976], [-8.512665, 41.636014], [-8.523469, 41.659256], [-8.525706, 41.659023], [-8.527769, 41.652714], [-8.534066, 41.652017], [-8.537355, 41.64998], [-8.537634, 41.646602], [-8.543876, 41.637352], [-8.543855, 41.633976], [-8.536342, 41.631977], [-8.535132, 41.630406], [-8.539878, 41.621793]]], [[[-8.581285, 41.190225], [-8.591183, 41.200568], [-8.596967, 41.212985], [-8.598368, 41.221998], [-8.59728, 41.231002], [-8.590908, 41.244762], [-8.558249, 41.275898], [-8.55695, 41.284901], [-8.567654, 41.293949], [-8.614408, 41.307516], [-8.638251, 41.316363], [-8.650167, 41.322424], [-8.675714, 41.339343], [-8.721608, 41.381414], [-8.745477, 41.394345], [-8.810453, 41.420527], [-8.809223, 41.386175], [-8.769446, 41.381574], [-8.733607, 41.371768], [-8.709748, 41.35914], [-8.662105, 41.324477], [-8.615715, 41.29412], [-8.606625, 41.285081], [-8.602878, 41.276061], [-8.602735, 41.267053], [-8.611724, 41.231052], [-8.610198, 41.213031], [-8.603154, 41.193287], [-8.588615, 41.170574], [-8.583263, 41.174422], [-8.582094, 41.177803], [-8.578825, 41.178941], [-8.581285, 41.190225]]], [[[-8.078278, 41.566242], [-8.121045, 41.573199], [-8.147705, 41.579844], [-8.149148, 41.588862], [-8.144803, 41.590747], [-8.139969, 41.597801], [-8.132654, 41.602048], [-8.10749, 41.633582], [-8.10468, 41.642567], [-8.110257, 41.651617], [-8.119899, 41.657516], [-8.13187, 41.660506], [-8.143868, 41.661462], [-8.155893, 41.66041], [-8.167944, 41.657309], [-8.179042, 41.652129], [-8.190857, 41.643206], [-8.198618, 41.634253], [-8.202571, 41.625273], [-8.203951, 41.616276], [-8.202802, 41.607261], [-8.197448, 41.598216], [-8.174218, 41.580037], [-8.175024, 41.544014], [-8.169701, 41.520273], [-8.163966, 41.507905], [-8.157961, 41.501426], [-8.146012, 41.498936], [-8.122039, 41.499724], [-8.108848, 41.498484], [-8.082117, 41.489266], [-8.068172, 41.480239], [-8.066074, 41.483218], [-8.066069, 41.48817], [-8.072054, 41.490199], [-8.07175, 41.494925], [-8.078333, 41.499013], [-8.098062, 41.500794], [-8.137413, 41.507709], [-8.151148, 41.516819], [-8.155255, 41.525856], [-8.155775, 41.534867], [-8.153242, 41.543856], [-8.145487, 41.552806], [-8.133226, 41.559271], [-8.109201, 41.562219], [-8.085259, 41.559119], [-8.075889, 41.55604], [-8.079783, 41.558403], [-8.082177, 41.563131], [-8.081576, 41.565157], [-8.078879, 41.56493], [-8.078278, 41.566242]], [[-8.168085, 41.646335], [-8.155978, 41.653889], [-8.143929, 41.656829], [-8.131923, 41.656566], [-8.118766, 41.651683], [-8.110313, 41.642611], [-8.110881, 41.633608], [-8.120413, 41.619776], [-8.132537, 41.610739], [-8.14458, 41.607643], [-8.156575, 41.608137], [-8.168503, 41.613779], [-8.176651, 41.625091], [-8.176767, 41.634099], [-8.172187, 41.643073], [-8.168085, 41.646335]]], [[[-7.889699, 41.774042], [-7.899956, 41.766887], [-7.903694, 41.757916], [-7.900572, 41.748879], [-7.886001, 41.739732], [-7.878314, 41.736913], [-7.86632, 41.735149], [-7.854281, 41.735982], [-7.838897, 41.739266], [-7.822942, 41.74811], [-7.819279, 41.757079], [-7.821521, 41.766109], [-7.833008, 41.775233], [-7.853497, 41.780004], [-7.86553, 41.780019], [-7.877594, 41.778281], [-7.889699, 41.774042]], [[-7.889796, 41.768459], [-7.877637, 41.77578], [-7.865567, 41.777929], [-7.853541, 41.777572], [-7.841569, 41.774167], [-7.830956, 41.766206], [-7.828534, 41.757174], [-7.832993, 41.748213], [-7.842132, 41.74286], [-7.854223, 41.739212], [-7.866261, 41.738507], [-7.878242, 41.741073], [-7.890835, 41.748786], [-7.895684, 41.757839], [-7.892157, 41.766812], [-7.889796, 41.768459]]], [[[-7.950149, 41.756297], [-7.938099, 41.757561], [-7.937451, 41.758233], [-7.950082, 41.760399], [-7.952058, 41.758367], [-7.950149, 41.756297]]]]}}, {"id": "6", "type": "Feature", "properties": {"fill": "#e79f24", "value_min": -2.0, "value_max": -1.67}, "geometry": {"type": "MultiPolygon", "coordinates": [[[[-8.694034, 41.577293], [-8.698452, 41.57547], [-8.701703, 41.570277], [-8.707704, 41.570923], [-8.712485, 41.569323], [-8.716422, 41.573805], [-8.720316, 41.57356], [-8.725151, 41.577811], [-8.726633, 41.576003], [-8.734424, 41.575737], [-8.736564, 41.580228], [-8.738354, 41.579318], [-8.740778, 41.582006], [-8.74467, 41.581535], [-8.750711, 41.58623], [-8.756374, 41.582823], [-8.75635, 41.580347], [-8.762327, 41.578514], [-8.764443, 41.580303], [-8.767441, 41.580286], [-8.769874, 41.583874], [-8.768997, 41.58613], [-8.773228, 41.589482], [-8.775371, 41.593972], [-8.78556, 41.593464], [-8.797327, 41.600599], [-8.804218, 41.600109], [-8.80456, 41.604158], [-8.809434, 41.611332], [-8.828644, 41.609656], [-8.82839, 41.585633], [-8.818497, 41.554794], [-8.8221, 41.547542], [-8.821965, 41.534907], [-8.815926, 41.525624], [-8.81063, 41.5101], [-8.813279, 41.503483], [-8.812636, 41.496944], [-8.804699, 41.482068], [-8.798552, 41.474753], [-8.80154, 41.446836], [-8.806115, 41.43713], [-8.807354, 41.425915], [-8.810453, 41.420527], [-8.745477, 41.394345], [-8.721608, 41.381414], [-8.675714, 41.339343], [-8.650167, 41.322424], [-8.638251, 41.316363], [-8.614408, 41.307516], [-8.567654, 41.293949], [-8.55695, 41.284901], [-8.558249, 41.275898], [-8.590908, 41.244762], [-8.59728, 41.231002], [-8.598368, 41.221998], [-8.596967, 41.212985], [-8.591183, 41.200568], [-8.581285, 41.190225], [-8.579522, 41.193795], [-8.575958, 41.195609], [-8.576894, 41.201908], [-8.574515, 41.202593], [-8.57423, 41.20462], [-8.569125, 41.204414], [-8.57932, 41.212922], [-8.581205, 41.221937], [-8.579074, 41.229037], [-8.567077, 41.239023], [-8.555127, 41.241366], [-8.543207, 41.239372], [-8.531134, 41.230752], [-8.527853, 41.221731], [-8.531649, 41.211216], [-8.529858, 41.210859], [-8.52713, 41.203215], [-8.523236, 41.200077], [-8.51163, 41.203042], [-8.510456, 41.206197], [-8.505693, 41.207113], [-8.504239, 41.213646], [-8.500076, 41.21546], [-8.50308, 41.219502], [-8.502204, 41.222656], [-8.495642, 41.222227], [-8.495947, 41.223351], [-8.490894, 41.226294], [-8.487935, 41.230354], [-8.490331, 41.232373], [-8.489156, 41.235528], [-8.486181, 41.236888], [-8.484411, 41.240495], [-8.476346, 41.237818], [-8.475756, 41.23917], [-8.470986, 41.23941], [-8.471604, 41.243459], [-8.469227, 41.245267], [-8.463258, 41.244384], [-8.459989, 41.246644], [-8.454323, 41.246886], [-8.455541, 41.251834], [-8.452276, 41.25522], [-8.449891, 41.255452], [-8.449304, 41.257479], [-8.447812, 41.257258], [-8.449028, 41.261982], [-8.439785, 41.262907], [-8.438023, 41.268989], [-8.434745, 41.269673], [-8.432691, 41.277107], [-8.427032, 41.279372], [-8.429143, 41.284319], [-8.426171, 41.287028], [-8.425606, 41.294007], [-8.422037, 41.296942], [-8.421754, 41.300347], [-8.438249, 41.311406], [-8.453725, 41.329496], [-8.457565, 41.338522], [-8.459491, 41.356546], [-8.454563, 41.374538], [-8.441851, 41.392492], [-8.430731, 41.401445], [-8.408996, 41.410343], [-8.398413, 41.412539], [-8.374467, 41.414243], [-8.350556, 41.412174], [-8.3267, 41.405012], [-8.314816, 41.397426], [-8.309026, 41.391771], [-8.303983, 41.382733], [-8.299841, 41.364693], [-8.300479, 41.346682], [-8.307224, 41.325762], [-8.305116, 41.326891], [-8.303024, 41.325994], [-8.303615, 41.323742], [-8.301216, 41.319694], [-8.296431, 41.316774], [-8.297618, 41.313846], [-8.296116, 41.310022], [-8.286, 41.315213], [-8.288289, 41.346607], [-8.292577, 41.373656], [-8.299039, 41.391711], [-8.306743, 41.400765], [-8.323341, 41.409871], [-8.338569, 41.414316], [-8.362462, 41.418258], [-8.398328, 41.421813], [-8.410272, 41.424349], [-8.420048, 41.428415], [-8.421045, 41.437427], [-8.415787, 41.446408], [-8.41002, 41.452115], [-8.40001, 41.473349], [-8.39912, 41.482352], [-8.407514, 41.509418], [-8.407146, 41.518423], [-8.393717, 41.554383], [-8.393531, 41.563389], [-8.397327, 41.572416], [-8.411864, 41.581499], [-8.468745, 41.591355], [-8.480708, 41.595758], [-8.516566, 41.614356], [-8.539878, 41.621793], [-8.543431, 41.61462], [-8.554533, 41.615255], [-8.557244, 41.617046], [-8.562639, 41.61635], [-8.568056, 41.619031], [-8.570735, 41.616095], [-8.577321, 41.614269], [-8.581231, 41.615829], [-8.585766, 41.620988], [-8.59056, 41.620186], [-8.594148, 41.618583], [-8.594384, 41.618478], [-8.594447, 41.618449], [-8.595598, 41.617347], [-8.595639, 41.617302], [-8.595798, 41.617121], [-8.602107, 41.609336], [-8.601953, 41.600328], [-8.598416, 41.591309], [-8.568526, 41.546164], [-8.555817, 41.519094], [-8.548843, 41.510059], [-8.499707, 41.473826], [-8.484492, 41.455744], [-8.467604, 41.428644], [-8.467227, 41.419635], [-8.472249, 41.410651], [-8.482269, 41.400104], [-8.492359, 41.392726], [-8.506298, 41.386463], [-8.518268, 41.385167], [-8.530218, 41.38654], [-8.542155, 41.38996], [-8.577933, 41.406239], [-8.598369, 41.420168], [-8.605569, 41.4292], [-8.608503, 41.438218], [-8.604347, 41.483241], [-8.611331, 41.492272], [-8.649326, 41.510409], [-8.6716, 41.52849], [-8.679165, 41.537519], [-8.688717, 41.55556], [-8.694034, 41.577293]], [[-8.528683, 41.598658], [-8.516686, 41.598285], [-8.504713, 41.594937], [-8.4808, 41.584339], [-8.432873, 41.577417], [-8.419971, 41.572533], [-8.409456, 41.563472], [-8.40563, 41.554445], [-8.405536, 41.545437], [-8.415703, 41.518467], [-8.415694, 41.50946], [-8.404618, 41.491388], [-8.402421, 41.482369], [-8.403746, 41.473369], [-8.409932, 41.461913], [-8.421985, 41.452993], [-8.433991, 41.449166], [-8.445962, 41.449304], [-8.457898, 41.453548], [-8.48168, 41.474099], [-8.507406, 41.491874], [-8.517981, 41.500926], [-8.525425, 41.509965], [-8.537171, 41.537035], [-8.552672, 41.564118], [-8.555176, 41.573135], [-8.55416, 41.582138], [-8.547833, 41.591121], [-8.540705, 41.595477], [-8.528683, 41.598658]], [[-8.744923, 41.535902], [-8.720944, 41.536583], [-8.696994, 41.530913], [-8.685031, 41.525886], [-8.624345, 41.492316], [-8.615644, 41.483279], [-8.613714, 41.474265], [-8.614418, 41.46526], [-8.6215, 41.438261], [-8.622201, 41.429256], [-8.618705, 41.420237], [-8.608345, 41.411195], [-8.579644, 41.393078], [-8.568084, 41.384028], [-8.559256, 41.374987], [-8.550931, 41.356939], [-8.551296, 41.347933], [-8.555423, 41.338941], [-8.563874, 41.329966], [-8.578475, 41.322282], [-8.590445, 41.318899], [-8.614349, 41.317648], [-8.638216, 41.32277], [-8.662052, 41.334732], [-8.678677, 41.348359], [-8.686126, 41.357387], [-8.709579, 41.396979], [-8.721502, 41.406237], [-8.760288, 41.429627], [-8.780375, 41.447682], [-8.787241, 41.456702], [-8.794727, 41.474731], [-8.79522, 41.492747], [-8.792486, 41.501749], [-8.787704, 41.510748], [-8.779555, 41.51974], [-8.766333, 41.528721], [-8.744923, 41.535902]]], [[[-8.355051, 41.73826], [-8.348182, 41.716263], [-8.347557, 41.707252], [-8.350235, 41.69826], [-8.359763, 41.692316], [-8.383847, 41.687104], [-8.399703, 41.680515], [-8.408198, 41.671552], [-8.408589, 41.662547], [-8.402293, 41.653507], [-8.396227, 41.648134], [-8.38428, 41.641576], [-8.372308, 41.637955], [-8.336334, 41.633475], [-8.324361, 41.63027], [-8.288536, 41.612855], [-8.269093, 41.598694], [-8.263411, 41.589651], [-8.262591, 41.580638], [-8.277274, 41.54657], [-8.282374, 41.52672], [-8.282742, 41.517715], [-8.277821, 41.497324], [-8.266037, 41.47993], [-8.254173, 41.470045], [-8.242266, 41.464153], [-8.230335, 41.460465], [-8.21838, 41.458829], [-8.182468, 41.458161], [-8.170529, 41.455412], [-8.134827, 41.439063], [-8.110974, 41.432734], [-8.087056, 41.431319], [-8.063766, 41.435074], [-8.057445, 41.437878], [-8.061033, 41.438872], [-8.064916, 41.444052], [-8.067908, 41.444279], [-8.069999, 41.447206], [-8.068788, 41.462286], [-8.073872, 41.46499], [-8.074468, 41.468592], [-8.073564, 41.474668], [-8.068172, 41.480239], [-8.082117, 41.489266], [-8.108848, 41.498484], [-8.122039, 41.499724], [-8.146012, 41.498936], [-8.157961, 41.501426], [-8.163966, 41.507905], [-8.169701, 41.520273], [-8.175024, 41.544014], [-8.174218, 41.580037], [-8.197448, 41.598216], [-8.202802, 41.607261], [-8.203951, 41.616276], [-8.202571, 41.625273], [-8.198618, 41.634253], [-8.190857, 41.643206], [-8.179042, 41.652129], [-8.167944, 41.657309], [-8.155893, 41.66041], [-8.143868, 41.661462], [-8.13187, 41.660506], [-8.119899, 41.657516], [-8.110257, 41.651617], [-8.10468, 41.642567], [-8.10749, 41.633582], [-8.132654, 41.602048], [-8.139969, 41.597801], [-8.144803, 41.590747], [-8.149148, 41.588862], [-8.147705, 41.579844], [-8.121045, 41.573199], [-8.078278, 41.566242], [-8.069883, 41.570103], [-8.069281, 41.572579], [-8.065082, 41.575221], [-8.085014, 41.576551], [-8.101074, 41.579489], [-8.10893, 41.581918], [-8.11951, 41.588639], [-8.120803, 41.591065], [-8.123343, 41.597675], [-8.121072, 41.606665], [-8.116718, 41.615639], [-8.102794, 41.633545], [-8.097864, 41.642514], [-8.09889, 41.651529], [-8.107879, 41.658253], [-8.119818, 41.66348], [-8.131791, 41.666384], [-8.193961, 41.670249], [-8.20376, 41.674767], [-8.212333, 41.679383], [-8.20368, 41.68123], [-8.1992, 41.6883], [-8.197498, 41.697295], [-8.2034, 41.703886], [-8.215408, 41.704812], [-8.225313, 41.697486], [-8.226179, 41.688485], [-8.21979, 41.679434], [-8.227766, 41.67654], [-8.239806, 41.674271], [-8.251819, 41.674346], [-8.263816, 41.675806], [-8.287772, 41.682316], [-8.311664, 41.695269], [-8.323561, 41.706713], [-8.33541, 41.723353], [-8.340852, 41.734235], [-8.349267, 41.760097], [-8.352557, 41.755145], [-8.349814, 41.744122], [-8.352516, 41.743441], [-8.352203, 41.739616], [-8.355051, 41.73826]], [[-8.383929, 41.678418], [-8.371922, 41.677702], [-8.361983, 41.671305], [-8.361565, 41.662295], [-8.372149, 41.654381], [-8.384164, 41.653831], [-8.396753, 41.662485], [-8.396308, 41.67149], [-8.383929, 41.678418]], [[-8.2292, 41.556217], [-8.217241, 41.553506], [-8.205316, 41.548095], [-8.193475, 41.536116], [-8.184571, 41.51706], [-8.182999, 41.499035], [-8.185107, 41.490042], [-8.194174, 41.479715], [-8.209938, 41.472201], [-8.230226, 41.469666], [-8.242177, 41.471738], [-8.254103, 41.476134], [-8.265979, 41.485081], [-8.275728, 41.499656], [-8.278916, 41.517691], [-8.277046, 41.526686], [-8.272389, 41.535664], [-8.265312, 41.544124], [-8.253231, 41.552011], [-8.241199, 41.555589], [-8.2292, 41.556217]], [[-8.122127, 41.49322], [-8.110156, 41.492599], [-8.1011, 41.489416], [-8.093404, 41.480349], [-8.09429, 41.471348], [-8.098541, 41.466221], [-8.110592, 41.460682], [-8.122563, 41.460945], [-8.134463, 41.466468], [-8.139699, 41.471697], [-8.141494, 41.480718], [-8.1342, 41.48967], [-8.122127, 41.49322]]], [[[-8.063883, 41.575178], [-8.063883, 41.575178], [-8.064482, 41.5752], [-8.063883, 41.575178]]], [[[-8.080784, 41.811981], [-8.057799, 41.797839], [-8.033883, 41.787421], [-8.009901, 41.781733], [-7.997869, 41.781689], [-7.985743, 41.787501], [-7.979018, 41.794637], [-7.961223, 41.803485], [-7.925201, 41.809619], [-7.912952, 41.822068], [-7.890477, 41.857502], [-7.891675, 41.859094], [-7.896406, 41.859779], [-7.904902, 41.838989], [-7.912873, 41.82676], [-7.925122, 41.814349], [-7.937223, 41.810647], [-7.985506, 41.802553], [-7.997548, 41.802285], [-8.00955, 41.804556], [-8.021521, 41.808966], [-8.033451, 41.816163], [-8.043343, 41.824424], [-8.045268, 41.824425], [-8.047679, 41.821276], [-8.057314, 41.815656], [-8.06664, 41.817012], [-8.072961, 41.813414], [-8.077775, 41.813641], [-8.080784, 41.811981]]], [[[-7.723832, 41.787366], [-7.727897, 41.792131], [-7.732894, 41.793856], [-7.744944, 41.793124], [-7.753147, 41.783401], [-7.749165, 41.774351], [-7.745365, 41.771516], [-7.733358, 41.770275], [-7.726626, 41.773533], [-7.7254, 41.777152], [-7.727191, 41.779184], [-7.724177, 41.780299], [-7.725372, 41.781653], [-7.723832, 41.787366]]], [[[-7.901719, 41.774791], [-7.913842, 41.769357], [-7.925878, 41.769076], [-7.949902, 41.771417], [-7.971843, 41.767553], [-7.976525, 41.758588], [-7.972761, 41.749547], [-7.962449, 41.739436], [-7.9505, 41.734753], [-7.938471, 41.735003], [-7.91434, 41.739857], [-7.878394, 41.732316], [-7.866379, 41.731791], [-7.842285, 41.73433], [-7.820124, 41.739074], [-7.806573, 41.747941], [-7.803057, 41.756912], [-7.806746, 41.765957], [-7.818097, 41.775081], [-7.829445, 41.779248], [-7.841435, 41.781619], [-7.865493, 41.782109], [-7.889622, 41.77852], [-7.901719, 41.774791]], [[-7.889699, 41.774042], [-7.877594, 41.778281], [-7.86553, 41.780019], [-7.853497, 41.780004], [-7.833008, 41.775233], [-7.821521, 41.766109], [-7.819279, 41.757079], [-7.822942, 41.74811], [-7.838897, 41.739266], [-7.854281, 41.735982], [-7.86632, 41.735149], [-7.878314, 41.736913], [-7.886001, 41.739732], [-7.900572, 41.748879], [-7.903694, 41.757916], [-7.899956, 41.766887], [-7.889699, 41.774042]], [[-7.950149, 41.756297], [-7.952058, 41.758367], [-7.950082, 41.760399], [-7.937451, 41.758233], [-7.938099, 41.757561], [-7.950149, 41.756297]]], [[[-8.035677, 41.667559], [-8.040491, 41.660063], [-8.035933, 41.65041], [-8.023994, 41.64575], [-8.011953, 41.647901], [-8.007551, 41.650776], [-8.003865, 41.659752], [-8.010316, 41.668814], [-8.023595, 41.672161], [-8.035677, 41.667559]]]]}}, {"id": "13", "type": "Feature", "properties": {"fill": "#a3a3a3", "value_min": 0.33, "value_max": 0.67}, "geometry": {"type": "MultiPolygon", "coordinates": [[[[-7.948296, 41.869657], [-7.960349, 41.86944], [-7.972467, 41.865225], [-7.981698, 41.857709], [-7.986015, 41.84874], [-7.985455, 41.839728], [-7.980081, 41.830674], [-7.973092, 41.82616], [-7.961117, 41.822012], [-7.949084, 41.82151], [-7.936995, 41.824412], [-7.928247, 41.830202], [-7.922542, 41.839155], [-7.921866, 41.848156], [-7.925931, 41.857201], [-7.936309, 41.865832], [-7.948296, 41.869657]], [[-7.960421, 41.865002], [-7.948364, 41.865482], [-7.936375, 41.861861], [-7.930827, 41.857246], [-7.925081, 41.848186], [-7.925238, 41.839181], [-7.93116, 41.830229], [-7.936963, 41.826389], [-7.949057, 41.823194], [-7.961084, 41.824045], [-7.973042, 41.82926], [-7.981233, 41.839691], [-7.981071, 41.848696], [-7.975108, 41.85765], [-7.960421, 41.865002]]], [[[-7.85454, 41.757436], [-7.865789, 41.765327], [-7.871716, 41.757606], [-7.866001, 41.753278], [-7.85454, 41.757436]], [[-7.864851, 41.757539], [-7.865933, 41.757146], [-7.866473, 41.757555], [-7.865913, 41.758284], [-7.864851, 41.757539]]], [[[-8.422612, 41.720777], [-8.422737, 41.720596], [-8.422768, 41.720552], [-8.425442, 41.716675], [-8.419664, 41.712766], [-8.408196, 41.716587], [-8.418172, 41.724165], [-8.422612, 41.720777]]], [[[-8.130241, 41.633756], [-8.13219, 41.636625], [-8.137, 41.633807], [-8.132253, 41.631926], [-8.130241, 41.633756]]], [[[-8.337367, 41.532441], [-8.349364, 41.531527], [-8.361394, 41.527175], [-8.374454, 41.51825], [-8.381466, 41.509281], [-8.384579, 41.50029], [-8.385024, 41.482277], [-8.38126, 41.464242], [-8.374091, 41.453368], [-8.362194, 41.445657], [-8.350261, 41.441828], [-8.32633, 41.440758], [-8.308222, 41.445811], [-8.295607, 41.454742], [-8.290525, 41.463719], [-8.288804, 41.472715], [-8.289605, 41.481728], [-8.295057, 41.499776], [-8.306429, 41.51786], [-8.313476, 41.524561], [-8.325401, 41.530386], [-8.337367, 41.532441]], [[-8.337406, 41.528609], [-8.325443, 41.52637], [-8.313518, 41.520571], [-8.30268, 41.50883], [-8.29409, 41.490763], [-8.292252, 41.472737], [-8.2949, 41.463745], [-8.30224, 41.454698], [-8.314289, 41.447546], [-8.326292, 41.444514], [-8.33827, 41.443789], [-8.350226, 41.445319], [-8.36216, 41.449062], [-8.374046, 41.458045], [-8.381658, 41.473252], [-8.383553, 41.491277], [-8.382305, 41.500278], [-8.378273, 41.509263], [-8.369701, 41.518224], [-8.361426, 41.523867], [-8.349404, 41.527562], [-8.337406, 41.528609]]], [[[-8.733768, 41.332322], [-8.745725, 41.330564], [-8.757691, 41.326509], [-8.769666, 41.319257], [-8.77705, 41.312561], [-8.782626, 41.303564], [-8.785547, 41.294562], [-8.785757, 41.285554], [-8.783352, 41.276542], [-8.778266, 41.267524], [-8.769229, 41.258499], [-8.757968, 41.251461], [-8.746049, 41.247031], [-8.734124, 41.244745], [-8.72219, 41.244508], [-8.710247, 41.246382], [-8.698292, 41.25072], [-8.686323, 41.257775], [-8.676347, 41.267283], [-8.670751, 41.276275], [-8.668367, 41.285276], [-8.668955, 41.294285], [-8.672668, 41.303304], [-8.679681, 41.312331], [-8.691382, 41.321371], [-8.709878, 41.32967], [-8.721819, 41.332025], [-8.733768, 41.332322]], [[-8.73379, 41.32681], [-8.721839, 41.327281], [-8.709897, 41.325411], [-8.697969, 41.320907], [-8.685588, 41.312347], [-8.678513, 41.30332], [-8.67538, 41.294304], [-8.675656, 41.285297], [-8.679517, 41.2763], [-8.686271, 41.268641], [-8.698245, 41.261053], [-8.710199, 41.25736], [-8.722142, 41.255833], [-8.734075, 41.256666], [-8.746, 41.259846], [-8.759579, 41.267487], [-8.767826, 41.276512], [-8.771726, 41.285527], [-8.772392, 41.294536], [-8.769746, 41.303539], [-8.763771, 41.312534], [-8.751217, 41.321516], [-8.73379, 41.32681]]], [[[-8.686556, 41.208985], [-8.698487, 41.208331], [-8.70433, 41.204303], [-8.706248, 41.1953], [-8.698583, 41.187535], [-8.686665, 41.186198], [-8.676, 41.195219], [-8.678901, 41.204235], [-8.686556, 41.208985]]]]}}, {"id": "14", "type": "Feature", "properties": {"fill": "#a3a3a3", "value_min": 0.67, "value_max": 1.0}, "geometry": {"type": "MultiPolygon", "coordinates": [[[[-7.960421, 41.865002], [-7.975108, 41.85765], [-7.981071, 41.848696], [-7.981233, 41.839691], [-7.973042, 41.82926], [-7.961084, 41.824045], [-7.949057, 41.823194], [-7.936963, 41.826389], [-7.93116, 41.830229], [-7.925238, 41.839181], [-7.925081, 41.848186], [-7.930827, 41.857246], [-7.936375, 41.861861], [-7.948364, 41.865482], [-7.960421, 41.865002]], [[-7.972652, 41.853671], [-7.960483, 41.861182], [-7.948419, 41.862118], [-7.936441, 41.85789], [-7.928368, 41.848217], [-7.927861, 41.839205], [-7.934073, 41.830256], [-7.949029, 41.824878], [-7.961051, 41.826079], [-7.970541, 41.830589], [-7.977163, 41.839655], [-7.976407, 41.848655], [-7.972652, 41.853671]]], [[[-7.864851, 41.757539], [-7.865913, 41.758284], [-7.866473, 41.757555], [-7.865933, 41.757146], [-7.864851, 41.757539]]], [[[-8.337406, 41.528609], [-8.349404, 41.527562], [-8.361426, 41.523867], [-8.369701, 41.518224], [-8.378273, 41.509263], [-8.382305, 41.500278], [-8.383553, 41.491277], [-8.381658, 41.473252], [-8.374046, 41.458045], [-8.36216, 41.449062], [-8.350226, 41.445319], [-8.33827, 41.443789], [-8.326292, 41.444514], [-8.314289, 41.447546], [-8.30224, 41.454698], [-8.2949, 41.463745], [-8.292252, 41.472737], [-8.29409, 41.490763], [-8.30268, 41.50883], [-8.313518, 41.520571], [-8.325443, 41.52637], [-8.337406, 41.528609]], [[-8.373535, 41.511138], [-8.361459, 41.52056], [-8.349432, 41.524756], [-8.337438, 41.525533], [-8.325474, 41.523436], [-8.313557, 41.516905], [-8.305677, 41.508848], [-8.300047, 41.499807], [-8.294812, 41.48176], [-8.295427, 41.472756], [-8.299276, 41.463772], [-8.308458, 41.45482], [-8.314248, 41.451368], [-8.326258, 41.447733], [-8.338239, 41.446883], [-8.350198, 41.448145], [-8.366125, 41.455153], [-8.375179, 41.46421], [-8.381427, 41.482258], [-8.380032, 41.500265], [-8.373535, 41.511138]]], [[[-8.73379, 41.32681], [-8.751217, 41.321516], [-8.763771, 41.312534], [-8.769746, 41.303539], [-8.772392, 41.294536], [-8.771726, 41.285527], [-8.767826, 41.276512], [-8.759579, 41.267487], [-8.746, 41.259846], [-8.734075, 41.256666], [-8.722142, 41.255833], [-8.710199, 41.25736], [-8.698245, 41.261053], [-8.686271, 41.268641], [-8.679517, 41.2763], [-8.675656, 41.285297], [-8.67538, 41.294304], [-8.678513, 41.30332], [-8.685588, 41.312347], [-8.697969, 41.320907], [-8.709897, 41.325411], [-8.721839, 41.327281], [-8.73379, 41.32681]], [[-8.733812, 41.321373], [-8.721858, 41.322652], [-8.709916, 41.32113], [-8.692323, 41.312366], [-8.684241, 41.303336], [-8.681392, 41.29432], [-8.682571, 41.285316], [-8.686221, 41.279001], [-8.698208, 41.269101], [-8.710165, 41.264895], [-8.722108, 41.263785], [-8.739663, 41.267444], [-8.754006, 41.276483], [-8.759859, 41.285503], [-8.761362, 41.294514], [-8.758908, 41.303517], [-8.751853, 41.312509], [-8.733812, 41.321373]]]]}}, {"id": "5", "type": "Feature", "properties": {"fill": "#ea870e", "value_min": -2.33, "value_max": -2.0}, "geometry": {"type": "MultiPolygon", "coordinates": [[[[-7.890477, 41.857502], [-7.912952, 41.822068], [-7.925201, 41.809619], [-7.961223, 41.803485], [-7.979018, 41.794637], [-7.985743, 41.787501], [-7.997869, 41.781689], [-8.009901, 41.781733], [-8.033883, 41.787421], [-8.057799, 41.797839], [-8.080784, 41.811981], [-8.084998, 41.810493], [-8.091013, 41.812521], [-8.093421, 41.811397], [-8.093723, 41.808471], [-8.101845, 41.809824], [-8.104853, 41.81185], [-8.115984, 41.812302], [-8.123807, 41.808702], [-8.138247, 41.808477], [-8.139751, 41.813203], [-8.14276, 41.812978], [-8.145769, 41.815453], [-8.149078, 41.814777], [-8.153893, 41.817928], [-8.161415, 41.818376], [-8.165326, 41.81815], [-8.173744, 41.808019], [-8.177054, 41.808017], [-8.182773, 41.812516], [-8.190291, 41.809587], [-8.197158, 41.814129], [-8.201063, 41.808724], [-8.204973, 41.807372], [-8.205872, 41.804445], [-8.213692, 41.803765], [-8.217598, 41.80016], [-8.217589, 41.793634], [-8.224207, 41.794303], [-8.226932, 41.792951], [-8.210068, 41.778445], [-8.20391, 41.769395], [-8.202653, 41.764358], [-8.198069, 41.760348], [-8.197227, 41.751335], [-8.20282, 41.750828], [-8.211344, 41.742426], [-8.214962, 41.74152], [-8.251328, 41.716723], [-8.263414, 41.711051], [-8.275462, 41.708575], [-8.287481, 41.708646], [-8.299474, 41.711193], [-8.31143, 41.717152], [-8.320997, 41.725112], [-8.32811, 41.734161], [-8.334566, 41.752213], [-8.334504, 41.763281], [-8.336653, 41.763728], [-8.341756, 41.761468], [-8.344765, 41.762363], [-8.349267, 41.760097], [-8.340852, 41.734235], [-8.33541, 41.723353], [-8.323561, 41.706713], [-8.311664, 41.695269], [-8.287772, 41.682316], [-8.263816, 41.675806], [-8.251819, 41.674346], [-8.239806, 41.674271], [-8.227766, 41.67654], [-8.21979, 41.679434], [-8.226179, 41.688485], [-8.225313, 41.697486], [-8.215408, 41.704812], [-8.2034, 41.703886], [-8.197498, 41.697295], [-8.1992, 41.6883], [-8.20368, 41.68123], [-8.212333, 41.679383], [-8.20376, 41.674767], [-8.193961, 41.670249], [-8.131791, 41.666384], [-8.119818, 41.66348], [-8.107879, 41.658253], [-8.09889, 41.651529], [-8.097864, 41.642514], [-8.102794, 41.633545], [-8.116718, 41.615639], [-8.121072, 41.606665], [-8.123343, 41.597675], [-8.120803, 41.591065], [-8.11951, 41.588639], [-8.10893, 41.581918], [-8.101074, 41.579489], [-8.085014, 41.576551], [-8.065082, 41.575221], [-8.064482, 41.5752], [-8.063883, 41.575178], [-8.055484, 41.580673], [-8.052181, 41.584498], [-8.052777, 41.587649], [-8.037169, 41.600242], [-8.031467, 41.602938], [-8.02367, 41.603156], [-8.019174, 41.601802], [-8.015872, 41.603824], [-8.013474, 41.603372], [-8.005971, 41.60629], [-8.003562, 41.611239], [-7.99936, 41.61281], [-7.998462, 41.612359], [-7.999669, 41.608759], [-7.996976, 41.605829], [-7.996684, 41.602003], [-7.984685, 41.603564], [-7.982292, 41.60086], [-7.975689, 41.603552], [-7.974482, 41.606701], [-7.970882, 41.607147], [-7.969091, 41.603768], [-7.965796, 41.602413], [-7.9541, 41.602846], [-7.952606, 41.600592], [-7.947808, 41.60081], [-7.945413, 41.599456], [-7.942725, 41.595625], [-7.936132, 41.594488], [-7.93791, 41.601694], [-7.937004, 41.603718], [-7.931604, 41.604384], [-7.930073, 41.614735], [-7.925255, 41.620579], [-7.920755, 41.620796], [-7.917748, 41.623041], [-7.915933, 41.627764], [-7.913229, 41.628885], [-7.912613, 41.63361], [-7.906014, 41.633147], [-7.906884, 41.641927], [-7.903582, 41.642371], [-7.897869, 41.645511], [-7.89696, 41.647985], [-7.893961, 41.647528], [-7.892755, 41.648957], [-7.904658, 41.658849], [-7.912064, 41.667926], [-7.919043, 41.686006], [-7.919286, 41.695015], [-7.915611, 41.712995], [-7.909045, 41.721939], [-7.902574, 41.724579], [-7.878522, 41.724955], [-7.854397, 41.729408], [-7.842359, 41.730234], [-7.80632, 41.728485], [-7.782814, 41.723097], [-7.776204, 41.724652], [-7.773786, 41.727346], [-7.7678, 41.723276], [-7.763888, 41.724389], [-7.761765, 41.727758], [-7.762933, 41.733839], [-7.759307, 41.737203], [-7.759597, 41.739005], [-7.75689, 41.739446], [-7.758687, 41.740577], [-7.757758, 41.745301], [-7.748417, 41.749321], [-7.747786, 41.754496], [-7.743866, 41.756509], [-7.740214, 41.763924], [-7.728449, 41.77041], [-7.726626, 41.773533], [-7.733358, 41.770275], [-7.745365, 41.771516], [-7.749165, 41.774351], [-7.753147, 41.783401], [-7.744944, 41.793124], [-7.732894, 41.793856], [-7.727897, 41.792131], [-7.723832, 41.787366], [-7.722591, 41.793347], [-7.728879, 41.797871], [-7.727317, 41.807065], [-7.744686, 41.806357], [-7.756784, 41.803212], [-7.776001, 41.792654], [-7.781145, 41.788112], [-7.793262, 41.783739], [-7.841371, 41.785181], [-7.889554, 41.782493], [-7.91361, 41.783108], [-7.937777, 41.777071], [-7.949806, 41.777293], [-7.961772, 41.781481], [-7.966614, 41.78552], [-7.96476, 41.79451], [-7.949393, 41.802612], [-7.925306, 41.80333], [-7.913063, 41.815511], [-7.900681, 41.835522], [-7.884693, 41.855028], [-7.890477, 41.857502]], [[-7.901719, 41.774791], [-7.889622, 41.77852], [-7.865493, 41.782109], [-7.841435, 41.781619], [-7.829445, 41.779248], [-7.818097, 41.775081], [-7.806746, 41.765957], [-7.803057, 41.756912], [-7.806573, 41.747941], [-7.820124, 41.739074], [-7.842285, 41.73433], [-7.866379, 41.731791], [-7.878394, 41.732316], [-7.91434, 41.739857], [-7.938471, 41.735003], [-7.9505, 41.734753], [-7.962449, 41.739436], [-7.972761, 41.749547], [-7.976525, 41.758588], [-7.971843, 41.767553], [-7.949902, 41.771417], [-7.925878, 41.769076], [-7.913842, 41.769357], [-7.901719, 41.774791]], [[-8.154516, 41.76554], [-8.142464, 41.767183], [-8.118419, 41.765924], [-8.094453, 41.759208], [-8.076242, 41.750426], [-8.046764, 41.730281], [-8.029437, 41.714012], [-8.027733, 41.704991], [-8.033043, 41.696029], [-8.059502, 41.68127], [-8.071655, 41.671668], [-8.083735, 41.666939], [-8.131698, 41.67325], [-8.155635, 41.680145], [-8.167176, 41.688072], [-8.172692, 41.697119], [-8.183129, 41.724215], [-8.188195, 41.751272], [-8.175626, 41.760189], [-8.154516, 41.76554]], [[-8.035677, 41.667559], [-8.023595, 41.672161], [-8.010316, 41.668814], [-8.003865, 41.659752], [-8.007551, 41.650776], [-8.011953, 41.647901], [-8.023994, 41.64575], [-8.035933, 41.65041], [-8.040491, 41.660063], [-8.035677, 41.667559]], [[-8.072018, 41.646356], [-8.060084, 41.641274], [-8.04879, 41.633111], [-8.039628, 41.624028], [-8.036324, 41.614993], [-8.037088, 41.605992], [-8.042955, 41.597034], [-8.059738, 41.588165], [-8.072892, 41.585378], [-8.084893, 41.585089], [-8.096861, 41.587192], [-8.108775, 41.593216], [-8.112631, 41.597593], [-8.115111, 41.606619], [-8.112919, 41.615609], [-8.09617, 41.636661], [-8.08407, 41.643269], [-8.072018, 41.646356]]], [[[-8.383929, 41.678418], [-8.396308, 41.67149], [-8.396753, 41.662485], [-8.384164, 41.653831], [-8.372149, 41.654381], [-8.361565, 41.662295], [-8.361983, 41.671305], [-8.371922, 41.677702], [-8.383929, 41.678418]]], [[[-8.528683, 41.598658], [-8.540705, 41.595477], [-8.547833, 41.591121], [-8.55416, 41.582138], [-8.555176, 41.573135], [-8.552672, 41.564118], [-8.537171, 41.537035], [-8.525425, 41.509965], [-8.517981, 41.500926], [-8.507406, 41.491874], [-8.48168, 41.474099], [-8.457898, 41.453548], [-8.445962, 41.449304], [-8.433991, 41.449166], [-8.421985, 41.452993], [-8.409932, 41.461913], [-8.403746, 41.473369], [-8.402421, 41.482369], [-8.404618, 41.491388], [-8.415694, 41.50946], [-8.415703, 41.518467], [-8.405536, 41.545437], [-8.40563, 41.554445], [-8.409456, 41.563472], [-8.419971, 41.572533], [-8.432873, 41.577417], [-8.4808, 41.584339], [-8.504713, 41.594937], [-8.516686, 41.598285], [-8.528683, 41.598658]], [[-8.456893, 41.573932], [-8.444908, 41.572804], [-8.432942, 41.569543], [-8.422861, 41.56354], [-8.415841, 41.554497], [-8.41411, 41.545481], [-8.415879, 41.536483], [-8.426644, 41.518522], [-8.428707, 41.509525], [-8.421519, 41.505375], [-8.409639, 41.494128], [-8.405722, 41.482386], [-8.409866, 41.469139], [-8.421918, 41.460497], [-8.433909, 41.458607], [-8.445861, 41.461161], [-8.452019, 41.464601], [-8.461302, 41.473653], [-8.469594, 41.487581], [-8.49348, 41.49687], [-8.499305, 41.500847], [-8.506787, 41.509886], [-8.508629, 41.518902], [-8.507885, 41.536913], [-8.502823, 41.554906], [-8.493735, 41.563874], [-8.480911, 41.570414], [-8.468895, 41.573125], [-8.456893, 41.573932]]], [[[-8.2292, 41.556217], [-8.241199, 41.555589], [-8.253231, 41.552011], [-8.265312, 41.544124], [-8.272389, 41.535664], [-8.277046, 41.526686], [-8.278916, 41.517691], [-8.275728, 41.499656], [-8.265979, 41.485081], [-8.254103, 41.476134], [-8.242177, 41.471738], [-8.230226, 41.469666], [-8.209938, 41.472201], [-8.194174, 41.479715], [-8.185107, 41.490042], [-8.182999, 41.499035], [-8.184571, 41.51706], [-8.193475, 41.536116], [-8.205316, 41.548095], [-8.217241, 41.553506], [-8.2292, 41.556217]], [[-8.241334, 41.544015], [-8.22935, 41.543571], [-8.217403, 41.54004], [-8.205521, 41.531336], [-8.196696, 41.517146], [-8.195324, 41.508129], [-8.1965, 41.49913], [-8.201306, 41.490156], [-8.213205, 41.48123], [-8.230144, 41.476561], [-8.242114, 41.477183], [-8.254043, 41.481368], [-8.265926, 41.489812], [-8.272403, 41.499635], [-8.275208, 41.50866], [-8.274905, 41.517665], [-8.271324, 41.52665], [-8.265424, 41.534217], [-8.25335, 41.541686], [-8.241334, 41.544015]]], [[[-8.744923, 41.535902], [-8.766333, 41.528721], [-8.779555, 41.51974], [-8.787704, 41.510748], [-8.792486, 41.501749], [-8.79522, 41.492747], [-8.794727, 41.474731], [-8.787241, 41.456702], [-8.780375, 41.447682], [-8.760288, 41.429627], [-8.721502, 41.406237], [-8.709579, 41.396979], [-8.686126, 41.357387], [-8.678677, 41.348359], [-8.662052, 41.334732], [-8.638216, 41.32277], [-8.614349, 41.317648], [-8.590445, 41.318899], [-8.578475, 41.322282], [-8.563874, 41.329966], [-8.555423, 41.338941], [-8.551296, 41.347933], [-8.550931, 41.356939], [-8.559256, 41.374987], [-8.568084, 41.384028], [-8.579644, 41.393078], [-8.608345, 41.411195], [-8.618705, 41.420237], [-8.622201, 41.429256], [-8.6215, 41.438261], [-8.614418, 41.46526], [-8.613714, 41.474265], [-8.615644, 41.483279], [-8.624345, 41.492316], [-8.685031, 41.525886], [-8.696994, 41.530913], [-8.720944, 41.536583], [-8.744923, 41.535902]], [[-8.709041, 41.517595], [-8.685078, 41.516281], [-8.661151, 41.508254], [-8.632178, 41.492341], [-8.62426, 41.483308], [-8.621316, 41.474291], [-8.625268, 41.456289], [-8.637589, 41.435841], [-8.650557, 41.420338], [-8.645098, 41.411314], [-8.625792, 41.405736], [-8.601931, 41.394774], [-8.587151, 41.384098], [-8.579489, 41.375062], [-8.575055, 41.366038], [-8.573885, 41.357027], [-8.576265, 41.348028], [-8.582552, 41.339043], [-8.590354, 41.333388], [-8.602337, 41.32817], [-8.614299, 41.32601], [-8.626248, 41.326146], [-8.638185, 41.328426], [-8.65011, 41.332957], [-8.662024, 41.340104], [-8.671202, 41.348338], [-8.677903, 41.357365], [-8.681714, 41.366383], [-8.682318, 41.3844], [-8.675211, 41.402395], [-8.674688, 41.411401], [-8.709454, 41.425071], [-8.721396, 41.431178], [-8.742597, 41.447603], [-8.749345, 41.456626], [-8.753408, 41.465642], [-8.755003, 41.474653], [-8.754374, 41.483659], [-8.751201, 41.49266], [-8.744428, 41.501652], [-8.73304, 41.510265], [-8.721035, 41.515316], [-8.709041, 41.517595]]], [[[-8.122127, 41.49322], [-8.1342, 41.48967], [-8.141494, 41.480718], [-8.139699, 41.471697], [-8.134463, 41.466468], [-8.122563, 41.460945], [-8.110592, 41.460682], [-8.098541, 41.466221], [-8.09429, 41.471348], [-8.093404, 41.480349], [-8.1011, 41.489416], [-8.110156, 41.492599], [-8.122127, 41.49322]]], [[[-8.307224, 41.325762], [-8.300479, 41.346682], [-8.299841, 41.364693], [-8.303983, 41.382733], [-8.309026, 41.391771], [-8.314816, 41.397426], [-8.3267, 41.405012], [-8.350556, 41.412174], [-8.374467, 41.414243], [-8.398413, 41.412539], [-8.408996, 41.410343], [-8.430731, 41.401445], [-8.441851, 41.392492], [-8.454563, 41.374538], [-8.459491, 41.356546], [-8.457565, 41.338522], [-8.453725, 41.329496], [-8.438249, 41.311406], [-8.421754, 41.300347], [-8.407744, 41.304856], [-8.406262, 41.307335], [-8.403277, 41.307342], [-8.401801, 41.311398], [-8.399712, 41.311628], [-8.400316, 41.313202], [-8.396738, 41.314336], [-8.398834, 41.315906], [-8.397052, 41.318026], [-8.411166, 41.325214], [-8.42496, 41.338363], [-8.430274, 41.347398], [-8.433033, 41.365426], [-8.431284, 41.374425], [-8.426944, 41.383411], [-8.419307, 41.392381], [-8.406099, 41.401321], [-8.386493, 41.407746], [-8.36255, 41.409251], [-8.350599, 41.407829], [-8.330223, 41.400904], [-8.318028, 41.391825], [-8.311891, 41.382781], [-8.30808, 41.364743], [-8.311782, 41.34675], [-8.317686, 41.336621], [-8.313802, 41.336331], [-8.31169, 41.328456], [-8.307224, 41.325762]]], [[[-8.531649, 41.211216], [-8.527853, 41.221731], [-8.531134, 41.230752], [-8.543207, 41.239372], [-8.555127, 41.241366], [-8.567077, 41.239023], [-8.579074, 41.229037], [-8.581205, 41.221937], [-8.57932, 41.212922], [-8.569125, 41.204414], [-8.565895, 41.206227], [-8.567697, 41.208246], [-8.566512, 41.209376], [-8.559636, 41.206251], [-8.554271, 41.20627], [-8.549521, 41.209214], [-8.544157, 41.209458], [-8.537023, 41.212635], [-8.532257, 41.213102], [-8.531649, 41.211216]]]]}}, {"id": "0", "type": "Feature", "properties": {"fill": "#881d1d", "value_min": -4.0, "value_max": -3.67}, "geometry": {"type": "MultiPolygon", "coordinates": [[[[-7.767067, 41.895679], [-7.767428, 41.895537], [-7.767634, 41.895456], [-7.76773, 41.895418], [-7.7682, 41.895232], [-7.768334, 41.89518], [-7.779227, 41.886264], [-7.785257, 41.885157], [-7.786774, 41.883136], [-7.790106, 41.88247], [-7.795225, 41.875508], [-7.794349, 41.87438], [-7.796399, 41.873711], [-7.796462, 41.873506], [-7.796468, 41.873486], [-7.7991, 41.864951], [-7.798541, 41.855939], [-7.792096, 41.8458], [-7.780204, 41.837751], [-7.768228, 41.834218], [-7.7562, 41.833419], [-7.743996, 41.834899], [-7.74729, 41.837772], [-7.746349, 41.84407], [-7.750246, 41.846784], [-7.750532, 41.849261], [-7.743309, 41.849012], [-7.746901, 41.8524], [-7.746881, 41.855776], [-7.73843, 41.859348], [-7.734159, 41.868337], [-7.730228, 41.871024], [-7.729293, 41.875972], [-7.722351, 41.878424], [-7.720523, 41.881793], [-7.725335, 41.882935], [-7.726208, 41.887665], [-7.737044, 41.888828], [-7.737935, 41.890857], [-7.74246, 41.889747], [-7.742785, 41.885922], [-7.756022, 41.888441], [-7.758719, 41.890926], [-7.756592, 41.89407], [-7.758081, 41.896978], [-7.766824, 41.895719], [-7.767067, 41.895679]]], [[[-7.876544, 41.838381], [-7.890684, 41.829845], [-7.898298, 41.811905], [-7.895452, 41.802871], [-7.884635, 41.79376], [-7.877357, 41.791842], [-7.865322, 41.791846], [-7.856537, 41.793484], [-7.837376, 41.802298], [-7.831769, 41.811248], [-7.829711, 41.820234], [-7.831871, 41.829262], [-7.84044, 41.836815], [-7.852405, 41.841237], [-7.864441, 41.841735], [-7.876544, 41.838381]]], [[[-7.859193, 41.703441], [-7.854923, 41.699792], [-7.843847, 41.703288], [-7.84998, 41.712356], [-7.854684, 41.713268], [-7.856352, 41.71242], [-7.859193, 41.703441]]], [[[-8.096467, 41.615379], [-8.084514, 41.611909], [-8.08116, 41.61536], [-8.084416, 41.618817], [-8.096467, 41.615379]]], [[[-8.458296, 41.53669], [-8.452984, 41.536665], [-8.445179, 41.541117], [-8.443567, 41.545627], [-8.445125, 41.547366], [-8.457093, 41.550015], [-8.46249, 41.545717], [-8.458296, 41.53669]]], [[[-8.259171, 41.508558], [-8.253856, 41.497702], [-8.241907, 41.49491], [-8.228718, 41.49935], [-8.22466, 41.50833], [-8.22908, 41.517367], [-8.241591, 41.522034], [-8.253607, 41.519375], [-8.259171, 41.508558]]], [[[-8.685203, 41.490524], [-8.693006, 41.483512], [-8.694561, 41.474508], [-8.689347, 41.465487], [-8.685338, 41.462565], [-8.673383, 41.458618], [-8.661405, 41.45949], [-8.650954, 41.465377], [-8.645857, 41.474369], [-8.649294, 41.484993], [-8.661231, 41.492894], [-8.673205, 41.494191], [-8.685203, 41.490524]]], [[[-8.374697, 41.390237], [-8.386734, 41.382114], [-8.390457, 41.374216], [-8.389078, 41.365201], [-8.38042, 41.356148], [-8.375052, 41.353166], [-8.363118, 41.351004], [-8.351144, 41.353082], [-8.346083, 41.355958], [-8.337164, 41.364914], [-8.33556, 41.373912], [-8.338897, 41.382013], [-8.350776, 41.390112], [-8.358007, 41.392055], [-8.362711, 41.392793], [-8.374697, 41.390237]]], [[[-8.64102, 41.357256], [-8.638037, 41.355021], [-8.62608, 41.355584], [-8.624052, 41.357201], [-8.62491, 41.366212], [-8.637967, 41.367796], [-8.640197, 41.366261], [-8.64102, 41.357256]]]]}}, {"id": "1", "type": "Feature", "properties": {"fill": "#9c1c1c", "value_min": -3.67, "value_max": -3.33}, "geometry": {"type": "MultiPolygon", "coordinates": [[[[-7.811266, 41.871728], [-7.814831, 41.856108], [-7.815735, 41.838104], [-7.804314, 41.836536], [-7.780368, 41.829119], [-7.768356, 41.827498], [-7.756316, 41.827444], [-7.739513, 41.829804], [-7.743996, 41.834899], [-7.7562, 41.833419], [-7.768228, 41.834218], [-7.780204, 41.837751], [-7.792096, 41.8458], [-7.798541, 41.855939], [-7.7991, 41.864951], [-7.796468, 41.873486], [-7.803381, 41.874857], [-7.804914, 41.869459], [-7.811266, 41.871728]]], [[[-7.768334, 41.89518], [-7.768334, 41.89518], [-7.7682, 41.895232], [-7.768334, 41.89518]]], [[[-7.76773, 41.895418], [-7.76773, 41.895418], [-7.767634, 41.895456], [-7.76773, 41.895418]]], [[[-7.767428, 41.895537], [-7.767428, 41.895537], [-7.767067, 41.895679], [-7.767428, 41.895537]]], [[[-7.766824, 41.895719], [-7.758081, 41.896978], [-7.758376, 41.898127], [-7.764097, 41.898595], [-7.766824, 41.895719]]], [[[-7.796462, 41.873506], [-7.796462, 41.873506], [-7.796399, 41.873711], [-7.796462, 41.873506]]], [[[-7.795225, 41.875508], [-7.790106, 41.88247], [-7.794309, 41.882033], [-7.796739, 41.878214], [-7.795225, 41.875508]]], [[[-7.864354, 41.846643], [-7.876461, 41.843106], [-7.888636, 41.835616], [-7.900499, 41.820933], [-7.903706, 41.811957], [-7.901639, 41.80293], [-7.89234, 41.793834], [-7.877393, 41.789761], [-7.853285, 41.791899], [-7.841175, 41.796063], [-7.830211, 41.802225], [-7.821856, 41.811147], [-7.818217, 41.820116], [-7.816452, 41.838111], [-7.828254, 41.844627], [-7.840255, 41.847076], [-7.852287, 41.847837], [-7.864354, 41.846643]], [[-7.876544, 41.838381], [-7.864441, 41.841735], [-7.852405, 41.841237], [-7.84044, 41.836815], [-7.831871, 41.829262], [-7.829711, 41.820234], [-7.831769, 41.811248], [-7.837376, 41.802298], [-7.856537, 41.793484], [-7.865322, 41.791846], [-7.877357, 41.791842], [-7.884635, 41.79376], [-7.895452, 41.802871], [-7.898298, 41.811905], [-7.890684, 41.829845], [-7.876544, 41.838381]]], [[[-8.292165, 41.757497], [-8.299756, 41.752006], [-8.296777, 41.74298], [-8.287149, 41.738725], [-8.275094, 41.741361], [-8.273217, 41.742834], [-8.270878, 41.751826], [-8.274917, 41.75708], [-8.284336, 41.76002], [-8.284931, 41.757507], [-8.287033, 41.756829], [-8.291808, 41.757722], [-8.292145, 41.757509], [-8.292165, 41.757497]]], [[[-7.834925, 41.709963], [-7.835611, 41.712212], [-7.84261, 41.716265], [-7.854604, 41.717778], [-7.864975, 41.712506], [-7.86834, 41.703532], [-7.866931, 41.700393], [-7.85507, 41.691546], [-7.850856, 41.69192], [-7.847538, 41.695365], [-7.837309, 41.699391], [-7.835792, 41.702763], [-7.839679, 41.706599], [-7.838465, 41.709522], [-7.834925, 41.709963]], [[-7.859193, 41.703441], [-7.856352, 41.71242], [-7.854684, 41.713268], [-7.84998, 41.712356], [-7.843847, 41.703288], [-7.854923, 41.699792], [-7.859193, 41.703441]]], [[[-8.119426, 41.692258], [-8.110147, 41.696652], [-8.119247, 41.705351], [-8.125968, 41.696773], [-8.119426, 41.692258]]], [[[-8.096367, 41.622593], [-8.100741, 41.615515], [-8.09659, 41.606632], [-8.084621, 41.604373], [-8.079971, 41.606343], [-8.072935, 41.615294], [-8.080408, 41.624361], [-8.084316, 41.625898], [-8.096367, 41.622593]], [[-8.096467, 41.615379], [-8.084416, 41.618817], [-8.08116, 41.61536], [-8.084514, 41.611909], [-8.096467, 41.615379]]], [[[-8.469096, 41.548551], [-8.471042, 41.545757], [-8.467792, 41.536735], [-8.457252, 41.531037], [-8.445257, 41.532016], [-8.438816, 41.536597], [-8.436171, 41.545591], [-8.445058, 41.555231], [-8.457039, 41.556536], [-8.461614, 41.55472], [-8.469096, 41.548551]], [[-8.458296, 41.53669], [-8.46249, 41.545717], [-8.457093, 41.550015], [-8.445125, 41.547366], [-8.443567, 41.545627], [-8.445179, 41.541117], [-8.452984, 41.536665], [-8.458296, 41.53669]]], [[[-8.253551, 41.524249], [-8.261435, 41.51758], [-8.26461, 41.508593], [-8.260842, 41.499561], [-8.253903, 41.493528], [-8.24196, 41.490388], [-8.229951, 41.492924], [-8.221515, 41.499302], [-8.218384, 41.508288], [-8.221643, 41.517317], [-8.229586, 41.523707], [-8.240441, 41.52645], [-8.253551, 41.524249]], [[-8.259171, 41.508558], [-8.253607, 41.519375], [-8.241591, 41.522034], [-8.22908, 41.517367], [-8.22466, 41.50833], [-8.228718, 41.49935], [-8.241907, 41.49491], [-8.253856, 41.497702], [-8.259171, 41.508558]]], [[[-8.697181, 41.490757], [-8.703308, 41.483539], [-8.704797, 41.474535], [-8.701364, 41.465519], [-8.690553, 41.456483], [-8.685379, 41.454024], [-8.673418, 41.451715], [-8.661439, 41.452966], [-8.649435, 41.458795], [-8.643329, 41.465354], [-8.640115, 41.474351], [-8.642314, 41.483365], [-8.651996, 41.492402], [-8.661212, 41.496613], [-8.673183, 41.49858], [-8.685171, 41.497109], [-8.697181, 41.490757]], [[-8.685203, 41.490524], [-8.673205, 41.494191], [-8.661231, 41.492894], [-8.649294, 41.484993], [-8.645857, 41.474369], [-8.650954, 41.465377], [-8.661405, 41.45949], [-8.673383, 41.458618], [-8.685338, 41.462565], [-8.689347, 41.465487], [-8.694561, 41.474508], [-8.693006, 41.483512], [-8.685203, 41.490524]]], [[[-8.421726, 41.482206], [-8.421721, 41.482676], [-8.422938, 41.482474], [-8.421726, 41.482206]]], [[[-8.38666, 41.390056], [-8.394298, 41.383244], [-8.398126, 41.374257], [-8.397697, 41.365247], [-8.392652, 41.356213], [-8.387024, 41.351209], [-8.375123, 41.345668], [-8.363186, 41.344104], [-8.351214, 41.345998], [-8.339199, 41.352134], [-8.33004, 41.364873], [-8.329203, 41.373876], [-8.332684, 41.382903], [-8.338826, 41.389041], [-8.350726, 41.395127], [-8.362671, 41.396883], [-8.374647, 41.395476], [-8.38666, 41.390056]], [[-8.374697, 41.390237], [-8.362711, 41.392793], [-8.358007, 41.392055], [-8.350776, 41.390112], [-8.338897, 41.382013], [-8.33556, 41.373912], [-8.337164, 41.364914], [-8.346083, 41.355958], [-8.351144, 41.353082], [-8.363118, 41.351004], [-8.375052, 41.353166], [-8.38042, 41.356148], [-8.389078, 41.365201], [-8.390457, 41.374216], [-8.386734, 41.382114], [-8.374697, 41.390237]]], [[[-8.6499, 41.372209], [-8.653949, 41.366303], [-8.653585, 41.357294], [-8.644274, 41.348258], [-8.638089, 41.345698], [-8.626138, 41.345448], [-8.618816, 41.348176], [-8.614146, 41.351959], [-8.610433, 41.357156], [-8.610864, 41.366165], [-8.620432, 41.375205], [-8.625953, 41.377613], [-8.637909, 41.378117], [-8.6499, 41.372209]], [[-8.64102, 41.357256], [-8.640197, 41.366261], [-8.637967, 41.367796], [-8.62491, 41.366212], [-8.624052, 41.357201], [-8.62608, 41.355584], [-8.638037, 41.355021], [-8.64102, 41.357256]]]]}}, {"id": "4", "type": "Feature", "properties": {"fill": "#d75e13", "value_min": -2.67, "value_max": -2.33}, "geometry": {"type": "MultiPolygon", "coordinates": [[[[-7.884693, 41.855028], [-7.900681, 41.835522], [-7.913063, 41.815511], [-7.925306, 41.80333], [-7.949393, 41.802612], [-7.96476, 41.79451], [-7.966614, 41.78552], [-7.961772, 41.781481], [-7.949806, 41.777293], [-7.937777, 41.777071], [-7.91361, 41.783108], [-7.889554, 41.782493], [-7.841371, 41.785181], [-7.793262, 41.783739], [-7.781145, 41.788112], [-7.776001, 41.792654], [-7.756784, 41.803212], [-7.744686, 41.806357], [-7.727317, 41.807065], [-7.728761, 41.816762], [-7.768922, 41.810591], [-7.818049, 41.793094], [-7.829238, 41.790634], [-7.865422, 41.786136], [-7.889491, 41.786128], [-7.90147, 41.789366], [-7.909502, 41.793999], [-7.912518, 41.803034], [-7.911208, 41.812028], [-7.900765, 41.830618], [-7.888477, 41.844787], [-7.879057, 41.852326], [-7.884693, 41.855028]], [[-7.937446, 41.797136], [-7.930876, 41.794199], [-7.932631, 41.785209], [-7.937678, 41.783088], [-7.949712, 41.783078], [-7.954184, 41.785407], [-7.95414, 41.794414], [-7.949486, 41.796931], [-7.937446, 41.797136]]], [[[-8.334504, 41.763281], [-8.334566, 41.752213], [-8.32811, 41.734161], [-8.320997, 41.725112], [-8.31143, 41.717152], [-8.299474, 41.711193], [-8.287481, 41.708646], [-8.275462, 41.708575], [-8.263414, 41.711051], [-8.251328, 41.716723], [-8.214962, 41.74152], [-8.211344, 41.742426], [-8.20282, 41.750828], [-8.197227, 41.751335], [-8.198069, 41.760348], [-8.202653, 41.764358], [-8.20391, 41.769395], [-8.210068, 41.778445], [-8.226932, 41.792951], [-8.229917, 41.791598], [-8.240744, 41.791588], [-8.24074, 41.789338], [-8.244347, 41.787984], [-8.245546, 41.785731], [-8.251257, 41.784375], [-8.251845, 41.777172], [-8.255993, 41.774917], [-8.249697, 41.769704], [-8.24453, 41.760663], [-8.243522, 41.751649], [-8.246014, 41.742659], [-8.252951, 41.733697], [-8.26324, 41.726255], [-8.275315, 41.721697], [-8.287347, 41.7208], [-8.299341, 41.723366], [-8.311291, 41.730155], [-8.320998, 41.743126], [-8.322814, 41.752144], [-8.320709, 41.762405], [-8.325233, 41.765098], [-8.328234, 41.763292], [-8.334504, 41.763281]]], [[[-8.154516, 41.76554], [-8.175626, 41.760189], [-8.188195, 41.751272], [-8.183129, 41.724215], [-8.172692, 41.697119], [-8.167176, 41.688072], [-8.155635, 41.680145], [-8.131698, 41.67325], [-8.083735, 41.666939], [-8.071655, 41.671668], [-8.059502, 41.68127], [-8.033043, 41.696029], [-8.027733, 41.704991], [-8.029437, 41.714012], [-8.046764, 41.730281], [-8.076242, 41.750426], [-8.094453, 41.759208], [-8.118419, 41.765924], [-8.142464, 41.767183], [-8.154516, 41.76554]], [[-8.130953, 41.728627], [-8.118917, 41.729524], [-8.106927, 41.72708], [-8.095013, 41.719291], [-8.091146, 41.714517], [-8.087977, 41.705485], [-8.09043, 41.696497], [-8.101026, 41.687574], [-8.107541, 41.682733], [-8.119598, 41.679672], [-8.131589, 41.68139], [-8.144721, 41.687907], [-8.1523, 41.69697], [-8.155286, 41.705999], [-8.153208, 41.714991], [-8.143674, 41.723927], [-8.130953, 41.728627]]], [[[-7.782814, 41.723097], [-7.80632, 41.728485], [-7.842359, 41.730234], [-7.854397, 41.729408], [-7.878522, 41.724955], [-7.902574, 41.724579], [-7.909045, 41.721939], [-7.915611, 41.712995], [-7.919286, 41.695015], [-7.919043, 41.686006], [-7.912064, 41.667926], [-7.904658, 41.658849], [-7.892755, 41.648957], [-7.892145, 41.651576], [-7.901724, 41.658573], [-7.902017, 41.660599], [-7.899913, 41.66127], [-7.900198, 41.665547], [-7.898396, 41.665769], [-7.896885, 41.668692], [-7.883969, 41.67069], [-7.877044, 41.676077], [-7.877037, 41.677847], [-7.883873, 41.68567], [-7.88632, 41.694701], [-7.884384, 41.703689], [-7.870275, 41.721565], [-7.854462, 41.725764], [-7.842435, 41.725999], [-7.830448, 41.724035], [-7.821345, 41.721073], [-7.816409, 41.717567], [-7.815291, 41.718689], [-7.808986, 41.717996], [-7.808396, 41.715744], [-7.804499, 41.714158], [-7.79939, 41.714593], [-7.79788, 41.716164], [-7.796383, 41.71526], [-7.790966, 41.717044], [-7.789449, 41.719966], [-7.78464, 41.720402], [-7.782814, 41.723097]]], [[[-8.072018, 41.646356], [-8.08407, 41.643269], [-8.09617, 41.636661], [-8.112919, 41.615609], [-8.115111, 41.606619], [-8.112631, 41.597593], [-8.108775, 41.593216], [-8.096861, 41.587192], [-8.084893, 41.585089], [-8.072892, 41.585378], [-8.059738, 41.588165], [-8.042955, 41.597034], [-8.037088, 41.605992], [-8.036324, 41.614993], [-8.039628, 41.624028], [-8.04879, 41.633111], [-8.060084, 41.641274], [-8.072018, 41.646356]], [[-8.0722, 41.633693], [-8.058342, 41.624182], [-8.054181, 41.615141], [-8.056138, 41.60615], [-8.06592, 41.597223], [-8.072765, 41.594237], [-8.08479, 41.592412], [-8.096759, 41.594507], [-8.108612, 41.605051], [-8.109119, 41.61558], [-8.096247, 41.631178], [-8.084182, 41.635386], [-8.0722, 41.633693]]], [[[-8.456893, 41.573932], [-8.468895, 41.573125], [-8.480911, 41.570414], [-8.493735, 41.563874], [-8.502823, 41.554906], [-8.507885, 41.536913], [-8.508629, 41.518902], [-8.506787, 41.509886], [-8.499305, 41.500847], [-8.49348, 41.49687], [-8.469594, 41.487581], [-8.461302, 41.473653], [-8.452019, 41.464601], [-8.445861, 41.461161], [-8.433909, 41.458607], [-8.421918, 41.460497], [-8.409866, 41.469139], [-8.405722, 41.482386], [-8.409639, 41.494128], [-8.421519, 41.505375], [-8.428707, 41.509525], [-8.426644, 41.518522], [-8.415879, 41.536483], [-8.41411, 41.545481], [-8.415841, 41.554497], [-8.422861, 41.56354], [-8.432942, 41.569543], [-8.444908, 41.572804], [-8.456893, 41.573932]], [[-8.456946, 41.567617], [-8.44496, 41.566663], [-8.433009, 41.56186], [-8.425071, 41.554544], [-8.422047, 41.545521], [-8.423604, 41.536522], [-8.433341, 41.523835], [-8.445375, 41.518185], [-8.457368, 41.517156], [-8.469325, 41.520578], [-8.480306, 41.527784], [-8.488091, 41.536827], [-8.488776, 41.545837], [-8.484118, 41.554824], [-8.472001, 41.563776], [-8.456946, 41.567617]], [[-8.433557, 41.499056], [-8.42159, 41.497412], [-8.414061, 41.491436], [-8.409724, 41.484805], [-8.409776, 41.479074], [-8.412587, 41.473414], [-8.421864, 41.466617], [-8.433846, 41.465784], [-8.445772, 41.471651], [-8.4516, 41.482614], [-8.44558, 41.494148], [-8.433557, 41.499056]]], [[[-8.241334, 41.544015], [-8.25335, 41.541686], [-8.265424, 41.534217], [-8.271324, 41.52665], [-8.274905, 41.517665], [-8.275208, 41.50866], [-8.272403, 41.499635], [-8.265926, 41.489812], [-8.254043, 41.481368], [-8.242114, 41.477183], [-8.230144, 41.476561], [-8.213205, 41.48123], [-8.201306, 41.490156], [-8.1965, 41.49913], [-8.195324, 41.508129], [-8.196696, 41.517146], [-8.205521, 41.531336], [-8.217403, 41.54004], [-8.22935, 41.543571], [-8.241334, 41.544015]], [[-8.229444, 41.535645], [-8.217518, 41.530506], [-8.212378, 41.526262], [-8.206349, 41.517213], [-8.20443, 41.508192], [-8.206436, 41.499199], [-8.213019, 41.490237], [-8.218044, 41.486803], [-8.230074, 41.482508], [-8.242055, 41.482202], [-8.253997, 41.485401], [-8.26587, 41.494729], [-8.271813, 41.508639], [-8.270798, 41.517639], [-8.265508, 41.526736], [-8.253432, 41.534601], [-8.241415, 41.537068], [-8.229444, 41.535645]]], [[[-8.709041, 41.517595], [-8.721035, 41.515316], [-8.73304, 41.510265], [-8.744428, 41.501652], [-8.751201, 41.49266], [-8.754374, 41.483659], [-8.755003, 41.474653], [-8.753408, 41.465642], [-8.749345, 41.456626], [-8.742597, 41.447603], [-8.721396, 41.431178], [-8.709454, 41.425071], [-8.674688, 41.411401], [-8.675211, 41.402395], [-8.682318, 41.3844], [-8.681714, 41.366383], [-8.677903, 41.357365], [-8.671202, 41.348338], [-8.662024, 41.340104], [-8.65011, 41.332957], [-8.638185, 41.328426], [-8.626248, 41.326146], [-8.614299, 41.32601], [-8.602337, 41.32817], [-8.590354, 41.333388], [-8.582552, 41.339043], [-8.576265, 41.348028], [-8.573885, 41.357027], [-8.575055, 41.366038], [-8.579489, 41.375062], [-8.587151, 41.384098], [-8.601931, 41.394774], [-8.625792, 41.405736], [-8.645098, 41.411314], [-8.650557, 41.420338], [-8.637589, 41.435841], [-8.625268, 41.456289], [-8.621316, 41.474291], [-8.62426, 41.483308], [-8.632178, 41.492341], [-8.661151, 41.508254], [-8.685078, 41.516281], [-8.709041, 41.517595]], [[-8.697099, 41.508425], [-8.685113, 41.509084], [-8.673137, 41.507683], [-8.661172, 41.504251], [-8.639191, 41.492363], [-8.630705, 41.483329], [-8.628191, 41.474313], [-8.629427, 41.46531], [-8.633861, 41.456316], [-8.637503, 41.451324], [-8.649529, 41.44122], [-8.661527, 41.436082], [-8.673507, 41.433972], [-8.685473, 41.434562], [-8.699581, 41.438492], [-8.716423, 41.447542], [-8.72551, 41.456571], [-8.730419, 41.465591], [-8.73206, 41.474602], [-8.730928, 41.483607], [-8.726336, 41.492603], [-8.716177, 41.501586], [-8.697099, 41.508425]], [[-8.637813, 41.395585], [-8.625858, 41.394212], [-8.613918, 41.39053], [-8.602694, 41.384152], [-8.593355, 41.375112], [-8.588979, 41.366089], [-8.588324, 41.357079], [-8.591777, 41.348084], [-8.601019, 41.339108], [-8.614254, 41.33373], [-8.626212, 41.332453], [-8.638154, 41.33392], [-8.650082, 41.338181], [-8.66386, 41.348317], [-8.669974, 41.357342], [-8.672336, 41.366357], [-8.671234, 41.375361], [-8.665862, 41.384353], [-8.661775, 41.388293], [-8.649784, 41.393862], [-8.637813, 41.395585]]], [[[-8.317686, 41.336621], [-8.311782, 41.34675], [-8.30808, 41.364743], [-8.311891, 41.382781], [-8.318028, 41.391825], [-8.330223, 41.400904], [-8.350599, 41.407829], [-8.36255, 41.409251], [-8.386493, 41.407746], [-8.406099, 41.401321], [-8.419307, 41.392381], [-8.426944, 41.383411], [-8.431284, 41.374425], [-8.433033, 41.365426], [-8.430274, 41.347398], [-8.42496, 41.338363], [-8.411166, 41.325214], [-8.397052, 41.318026], [-8.393775, 41.31997], [-8.393489, 41.323122], [-8.391105, 41.324253], [-8.386325, 41.323588], [-8.382165, 41.328869], [-8.399121, 41.335742], [-8.410974, 41.3466], [-8.416589, 41.356337], [-8.418342, 41.365353], [-8.417348, 41.374356], [-8.413166, 41.383342], [-8.405231, 41.392309], [-8.388823, 41.40123], [-8.374559, 41.40462], [-8.36259, 41.405112], [-8.350641, 41.403609], [-8.338717, 41.399759], [-8.326295, 41.391874], [-8.319167, 41.382824], [-8.316184, 41.373799], [-8.317903, 41.355794], [-8.322759, 41.346815], [-8.330536, 41.338779], [-8.326359, 41.340812], [-8.326363, 41.342163], [-8.324568, 41.341041], [-8.323376, 41.341943], [-8.317686, 41.336621]]], [[[-8.331726, 41.337839], [-8.331726, 41.337839], [-8.332333, 41.337426], [-8.331726, 41.337839]]], [[[-8.33262, 41.33723], [-8.33262, 41.33723], [-8.334651, 41.335846], [-8.33262, 41.33723]]], [[[-8.344844, 41.330726], [-8.357673, 41.327425], [-8.350207, 41.327264], [-8.344844, 41.330726]]]]}}, {"id": "2", "type": "Feature", "properties": {"fill": "#ae1c1c", "value_min": -3.33, "value_max": -3.0}, "geometry": {"type": "MultiPolygon", "coordinates": [[[[-7.828031, 41.875825], [-7.839969, 41.862883], [-7.872445, 41.849589], [-7.873066, 41.844875], [-7.875763, 41.847949], [-7.888568, 41.839552], [-7.897736, 41.829913], [-7.903935, 41.820966], [-7.907457, 41.811993], [-7.907079, 41.802982], [-7.899339, 41.793902], [-7.889436, 41.789292], [-7.87743, 41.787681], [-7.865389, 41.788039], [-7.841246, 41.792146], [-7.818723, 41.802108], [-7.804742, 41.813522], [-7.792615, 41.818182], [-7.736129, 41.823554], [-7.74345, 41.825605], [-7.738919, 41.828515], [-7.739513, 41.829804], [-7.756316, 41.827444], [-7.768356, 41.827498], [-7.780368, 41.829119], [-7.804314, 41.836536], [-7.815735, 41.838104], [-7.814831, 41.856108], [-7.811266, 41.871728], [-7.814229, 41.873537], [-7.818448, 41.872873], [-7.828031, 41.875825]], [[-7.864354, 41.846643], [-7.852287, 41.847837], [-7.840255, 41.847076], [-7.828254, 41.844627], [-7.816452, 41.838111], [-7.818217, 41.820116], [-7.821856, 41.811147], [-7.830211, 41.802225], [-7.841175, 41.796063], [-7.853285, 41.791899], [-7.877393, 41.789761], [-7.89234, 41.793834], [-7.901639, 41.80293], [-7.903706, 41.811957], [-7.900499, 41.820933], [-7.888636, 41.835616], [-7.876461, 41.843106], [-7.864354, 41.846643]]], [[[-7.875461, 41.848098], [-7.875461, 41.848098], [-7.875596, 41.848031], [-7.875461, 41.848098]]], [[[-8.308124, 41.760624], [-8.311768, 41.752078], [-8.309927, 41.74306], [-8.301023, 41.733999], [-8.287248, 41.72972], [-8.275208, 41.7312], [-8.269884, 41.733806], [-8.260013, 41.74275], [-8.257883, 41.751743], [-8.261378, 41.760772], [-8.270466, 41.767189], [-8.277073, 41.764088], [-8.280681, 41.764083], [-8.284336, 41.76002], [-8.274917, 41.75708], [-8.270878, 41.751826], [-8.273217, 41.742834], [-8.275094, 41.741361], [-8.287149, 41.738725], [-8.296777, 41.74298], [-8.299756, 41.752006], [-8.292165, 41.757497], [-8.298457, 41.757263], [-8.300866, 41.758835], [-8.305674, 41.758152], [-8.308124, 41.760624]]], [[[-8.292145, 41.757509], [-8.292145, 41.757509], [-8.291808, 41.757722], [-8.292145, 41.757509]]], [[[-7.823812, 41.710384], [-7.830584, 41.716518], [-7.842511, 41.721765], [-7.854527, 41.722118], [-7.866635, 41.717261], [-7.871839, 41.712573], [-7.874973, 41.703597], [-7.873286, 41.694573], [-7.867157, 41.687482], [-7.861995, 41.685229], [-7.858987, 41.68639], [-7.857773, 41.689538], [-7.854776, 41.68818], [-7.850856, 41.69192], [-7.85507, 41.691546], [-7.866931, 41.700393], [-7.86834, 41.703532], [-7.864975, 41.712506], [-7.854604, 41.717778], [-7.84261, 41.716265], [-7.835611, 41.712212], [-7.834925, 41.709963], [-7.825252, 41.708813], [-7.823812, 41.710384]]], [[[-8.131315, 41.701749], [-8.136217, 41.696851], [-8.131454, 41.691426], [-8.119508, 41.686258], [-8.107426, 41.691029], [-8.101176, 41.696582], [-8.101577, 41.705592], [-8.107147, 41.711202], [-8.119142, 41.713083], [-8.131315, 41.701749]], [[-8.119426, 41.692258], [-8.125968, 41.696773], [-8.119247, 41.705351], [-8.110147, 41.696652], [-8.119426, 41.692258]]], [[[-8.104967, 41.615548], [-8.102934, 41.606525], [-8.096671, 41.600819], [-8.084699, 41.59881], [-8.072644, 41.602708], [-8.068059, 41.606247], [-8.06467, 41.615227], [-8.069347, 41.624272], [-8.084255, 41.630245], [-8.096301, 41.627312], [-8.104967, 41.615548]], [[-8.096367, 41.622593], [-8.084316, 41.625898], [-8.080408, 41.624361], [-8.072935, 41.615294], [-8.079971, 41.606343], [-8.084621, 41.604373], [-8.09659, 41.606632], [-8.100741, 41.615515], [-8.096367, 41.622593]]], [[[-8.478538, 41.545791], [-8.476619, 41.536775], [-8.469243, 41.530568], [-8.4573, 41.52526], [-8.44531, 41.525794], [-8.433255, 41.533649], [-8.430941, 41.536558], [-8.429023, 41.545556], [-8.433866, 41.554587], [-8.44501, 41.560815], [-8.456995, 41.561804], [-8.46902, 41.55784], [-8.473317, 41.554775], [-8.478538, 41.545791]], [[-8.469096, 41.548551], [-8.461614, 41.55472], [-8.457039, 41.556536], [-8.445058, 41.555231], [-8.436171, 41.545591], [-8.438816, 41.536597], [-8.445257, 41.532016], [-8.457252, 41.531037], [-8.467792, 41.536735], [-8.471042, 41.545757], [-8.469096, 41.548551]]], [[[-8.26559, 41.519504], [-8.268419, 41.508617], [-8.265813, 41.499793], [-8.253951, 41.489401], [-8.242008, 41.486294], [-8.230013, 41.487614], [-8.223999, 41.490311], [-8.214088, 41.499251], [-8.211606, 41.508242], [-8.214073, 41.517266], [-8.223372, 41.526336], [-8.229515, 41.529627], [-8.241479, 41.531647], [-8.253492, 41.529333], [-8.26559, 41.519504]], [[-8.253551, 41.524249], [-8.240441, 41.52645], [-8.229586, 41.523707], [-8.221643, 41.517317], [-8.218384, 41.508288], [-8.221515, 41.499302], [-8.229951, 41.492924], [-8.24196, 41.490388], [-8.253903, 41.493528], [-8.260842, 41.499561], [-8.26461, 41.508593], [-8.261435, 41.51758], [-8.253551, 41.524249]]], [[[-8.697138, 41.500028], [-8.709002, 41.492561], [-8.715318, 41.483569], [-8.71673, 41.474565], [-8.714333, 41.465552], [-8.707377, 41.456527], [-8.691677, 41.447478], [-8.685421, 41.445364], [-8.673456, 41.444077], [-8.661476, 41.445797], [-8.649478, 41.450833], [-8.637436, 41.463341], [-8.634221, 41.474332], [-8.636838, 41.483348], [-8.645231, 41.492382], [-8.661192, 41.500332], [-8.67316, 41.503051], [-8.685142, 41.503078], [-8.697138, 41.500028]], [[-8.697181, 41.490757], [-8.685171, 41.497109], [-8.673183, 41.49858], [-8.661212, 41.496613], [-8.651996, 41.492402], [-8.642314, 41.483365], [-8.640115, 41.474351], [-8.643329, 41.465354], [-8.649435, 41.458795], [-8.661439, 41.452966], [-8.673418, 41.451715], [-8.685379, 41.454024], [-8.690553, 41.456483], [-8.701364, 41.465519], [-8.704797, 41.474535], [-8.703308, 41.483539], [-8.697181, 41.490757]]], [[[-8.441242, 41.482564], [-8.433789, 41.472371], [-8.421815, 41.472116], [-8.414933, 41.482433], [-8.421641, 41.491705], [-8.433622, 41.491629], [-8.441242, 41.482564]], [[-8.421726, 41.482206], [-8.422938, 41.482474], [-8.421721, 41.482676], [-8.421726, 41.482206]]], [[[-8.398641, 41.387828], [-8.403046, 41.38329], [-8.406914, 41.374302], [-8.407176, 41.365296], [-8.403978, 41.356272], [-8.39899, 41.349965], [-8.387117, 41.341296], [-8.375202, 41.337444], [-8.363261, 41.336352], [-8.351292, 41.338181], [-8.339291, 41.343015], [-8.334323, 41.346883], [-8.326414, 41.355844], [-8.322937, 41.364831], [-8.322725, 41.373838], [-8.326041, 41.382865], [-8.33435, 41.391921], [-8.350684, 41.399378], [-8.362631, 41.400974], [-8.374603, 41.400029], [-8.386601, 41.396267], [-8.398641, 41.387828]], [[-8.38666, 41.390056], [-8.374647, 41.395476], [-8.362671, 41.396883], [-8.350726, 41.395127], [-8.338826, 41.389041], [-8.332684, 41.382903], [-8.329203, 41.373876], [-8.33004, 41.364873], [-8.339199, 41.352134], [-8.351214, 41.345998], [-8.363186, 41.344104], [-8.375123, 41.345668], [-8.387024, 41.351209], [-8.392652, 41.356213], [-8.397697, 41.365247], [-8.398126, 41.374257], [-8.394298, 41.383244], [-8.38666, 41.390056]]], [[[-8.649841, 41.383187], [-8.659753, 41.375328], [-8.663537, 41.366331], [-8.662284, 41.35732], [-8.655498, 41.348292], [-8.65005, 41.344292], [-8.638124, 41.339358], [-8.626177, 41.33855], [-8.614207, 41.341616], [-8.604599, 41.348128], [-8.599651, 41.357119], [-8.600083, 41.366128], [-8.605751, 41.375155], [-8.613973, 41.38133], [-8.625907, 41.385725], [-8.637863, 41.386405], [-8.649841, 41.383187]], [[-8.6499, 41.372209], [-8.637909, 41.378117], [-8.625953, 41.377613], [-8.620432, 41.375205], [-8.610864, 41.366165], [-8.610433, 41.357156], [-8.614146, 41.351959], [-8.618816, 41.348176], [-8.626138, 41.345448], [-8.638089, 41.345698], [-8.644274, 41.348258], [-8.653585, 41.357294], [-8.653949, 41.366303], [-8.6499, 41.372209]]]]}}, {"id": "3", "type": "Feature", "properties": {"fill": "#c33119", "value_min": -3.0, "value_max": -2.67}, "geometry": {"type": "MultiPolygon", "coordinates": [[[[-7.879057, 41.852326], [-7.888477, 41.844787], [-7.900765, 41.830618], [-7.911208, 41.812028], [-7.912518, 41.803034], [-7.909502, 41.793999], [-7.90147, 41.789366], [-7.889491, 41.786128], [-7.865422, 41.786136], [-7.829238, 41.790634], [-7.818049, 41.793094], [-7.768922, 41.810591], [-7.728761, 41.816762], [-7.732041, 41.821514], [-7.736129, 41.823554], [-7.792615, 41.818182], [-7.804742, 41.813522], [-7.818723, 41.802108], [-7.841246, 41.792146], [-7.865389, 41.788039], [-7.87743, 41.787681], [-7.889436, 41.789292], [-7.899339, 41.793902], [-7.907079, 41.802982], [-7.907457, 41.811993], [-7.903935, 41.820966], [-7.897736, 41.829913], [-7.888568, 41.839552], [-7.875763, 41.847949], [-7.875596, 41.848031], [-7.875461, 41.848098], [-7.879057, 41.852326]]], [[[-7.872445, 41.849589], [-7.839969, 41.862883], [-7.828031, 41.875825], [-7.83772, 41.872924], [-7.842528, 41.875187], [-7.841663, 41.866632], [-7.849515, 41.861475], [-7.858542, 41.862622], [-7.859456, 41.860148], [-7.864877, 41.859711], [-7.872445, 41.849589]]], [[[-7.937446, 41.797136], [-7.949486, 41.796931], [-7.95414, 41.794414], [-7.954184, 41.785407], [-7.949712, 41.783078], [-7.937678, 41.783088], [-7.932631, 41.785209], [-7.930876, 41.794199], [-7.937446, 41.797136]]], [[[-8.320709, 41.762405], [-8.322814, 41.752144], [-8.320998, 41.743126], [-8.311291, 41.730155], [-8.299341, 41.723366], [-8.287347, 41.7208], [-8.275315, 41.721697], [-8.26324, 41.726255], [-8.252951, 41.733697], [-8.246014, 41.742659], [-8.243522, 41.751649], [-8.24453, 41.760663], [-8.249697, 41.769704], [-8.255993, 41.774917], [-8.257551, 41.773564], [-8.261762, 41.774235], [-8.270466, 41.767189], [-8.261378, 41.760772], [-8.257883, 41.751743], [-8.260013, 41.74275], [-8.269884, 41.733806], [-8.275208, 41.7312], [-8.287248, 41.72972], [-8.301023, 41.733999], [-8.309927, 41.74306], [-8.311768, 41.752078], [-8.308124, 41.760624], [-8.311096, 41.762195], [-8.318308, 41.761283], [-8.320709, 41.762405]]], [[[-8.130953, 41.728627], [-8.143674, 41.723927], [-8.153208, 41.714991], [-8.155286, 41.705999], [-8.1523, 41.69697], [-8.144721, 41.687907], [-8.131589, 41.68139], [-8.119598, 41.679672], [-8.107541, 41.682733], [-8.101026, 41.687574], [-8.09043, 41.696497], [-8.087977, 41.705485], [-8.091146, 41.714517], [-8.095013, 41.719291], [-8.106927, 41.72708], [-8.118917, 41.729524], [-8.130953, 41.728627]], [[-8.131315, 41.701749], [-8.119142, 41.713083], [-8.107147, 41.711202], [-8.101577, 41.705592], [-8.101176, 41.696582], [-8.107426, 41.691029], [-8.119508, 41.686258], [-8.131454, 41.691426], [-8.136217, 41.696851], [-8.131315, 41.701749]]], [[[-7.816409, 41.717567], [-7.821345, 41.721073], [-7.830448, 41.724035], [-7.842435, 41.725999], [-7.854462, 41.725764], [-7.870275, 41.721565], [-7.884384, 41.703689], [-7.88632, 41.694701], [-7.883873, 41.68567], [-7.877037, 41.677847], [-7.873401, 41.686198], [-7.868896, 41.686413], [-7.868008, 41.68326], [-7.861995, 41.685229], [-7.867157, 41.687482], [-7.873286, 41.694573], [-7.874973, 41.703597], [-7.871839, 41.712573], [-7.866635, 41.717261], [-7.854527, 41.722118], [-7.842511, 41.721765], [-7.830584, 41.716518], [-7.823812, 41.710384], [-7.818621, 41.713522], [-7.816409, 41.717567]]], [[[-8.0722, 41.633693], [-8.084182, 41.635386], [-8.096247, 41.631178], [-8.109119, 41.61558], [-8.108612, 41.605051], [-8.096759, 41.594507], [-8.08479, 41.592412], [-8.072765, 41.594237], [-8.06592, 41.597223], [-8.056138, 41.60615], [-8.054181, 41.615141], [-8.058342, 41.624182], [-8.0722, 41.633693]], [[-8.104967, 41.615548], [-8.096301, 41.627312], [-8.084255, 41.630245], [-8.069347, 41.624272], [-8.06467, 41.615227], [-8.068059, 41.606247], [-8.072644, 41.602708], [-8.084699, 41.59881], [-8.096671, 41.600819], [-8.102934, 41.606525], [-8.104967, 41.615548]]], [[[-8.456946, 41.567617], [-8.472001, 41.563776], [-8.484118, 41.554824], [-8.488776, 41.545837], [-8.488091, 41.536827], [-8.480306, 41.527784], [-8.469325, 41.520578], [-8.457368, 41.517156], [-8.445375, 41.518185], [-8.433341, 41.523835], [-8.423604, 41.536522], [-8.422047, 41.545521], [-8.425071, 41.554544], [-8.433009, 41.56186], [-8.44496, 41.566663], [-8.456946, 41.567617]], [[-8.478538, 41.545791], [-8.473317, 41.554775], [-8.46902, 41.55784], [-8.456995, 41.561804], [-8.44501, 41.560815], [-8.433866, 41.554587], [-8.429023, 41.545556], [-8.430941, 41.536558], [-8.433255, 41.533649], [-8.44531, 41.525794], [-8.4573, 41.52526], [-8.469243, 41.530568], [-8.476619, 41.536775], [-8.478538, 41.545791]]], [[[-8.229444, 41.535645], [-8.241415, 41.537068], [-8.253432, 41.534601], [-8.265508, 41.526736], [-8.270798, 41.517639], [-8.271813, 41.508639], [-8.26587, 41.494729], [-8.253997, 41.485401], [-8.242055, 41.482202], [-8.230074, 41.482508], [-8.218044, 41.486803], [-8.213019, 41.490237], [-8.206436, 41.499199], [-8.20443, 41.508192], [-8.206349, 41.517213], [-8.212378, 41.526262], [-8.217518, 41.530506], [-8.229444, 41.535645]], [[-8.26559, 41.519504], [-8.253492, 41.529333], [-8.241479, 41.531647], [-8.229515, 41.529627], [-8.223372, 41.526336], [-8.214073, 41.517266], [-8.211606, 41.508242], [-8.214088, 41.499251], [-8.223999, 41.490311], [-8.230013, 41.487614], [-8.242008, 41.486294], [-8.253951, 41.489401], [-8.265813, 41.499793], [-8.268419, 41.508617], [-8.26559, 41.519504]]], [[[-8.697099, 41.508425], [-8.716177, 41.501586], [-8.726336, 41.492603], [-8.730928, 41.483607], [-8.73206, 41.474602], [-8.730419, 41.465591], [-8.72551, 41.456571], [-8.716423, 41.447542], [-8.699581, 41.438492], [-8.685473, 41.434562], [-8.673507, 41.433972], [-8.661527, 41.436082], [-8.649529, 41.44122], [-8.637503, 41.451324], [-8.633861, 41.456316], [-8.629427, 41.46531], [-8.628191, 41.474313], [-8.630705, 41.483329], [-8.639191, 41.492363], [-8.661172, 41.504251], [-8.673137, 41.507683], [-8.685113, 41.509084], [-8.697099, 41.508425]], [[-8.697138, 41.500028], [-8.685142, 41.503078], [-8.67316, 41.503051], [-8.661192, 41.500332], [-8.645231, 41.492382], [-8.636838, 41.483348], [-8.634221, 41.474332], [-8.637436, 41.463341], [-8.649478, 41.450833], [-8.661476, 41.445797], [-8.673456, 41.444077], [-8.685421, 41.445364], [-8.691677, 41.447478], [-8.707377, 41.456527], [-8.714333, 41.465552], [-8.71673, 41.474565], [-8.715318, 41.483569], [-8.709002, 41.492561], [-8.697138, 41.500028]]], [[[-8.433557, 41.499056], [-8.44558, 41.494148], [-8.4516, 41.482614], [-8.445772, 41.471651], [-8.433846, 41.465784], [-8.421864, 41.466617], [-8.412587, 41.473414], [-8.409776, 41.479074], [-8.409724, 41.484805], [-8.414061, 41.491436], [-8.42159, 41.497412], [-8.433557, 41.499056]], [[-8.441242, 41.482564], [-8.433622, 41.491629], [-8.421641, 41.491705], [-8.414933, 41.482433], [-8.421815, 41.472116], [-8.433789, 41.472371], [-8.441242, 41.482564]]], [[[-8.330536, 41.338779], [-8.322759, 41.346815], [-8.317903, 41.355794], [-8.316184, 41.373799], [-8.319167, 41.382824], [-8.326295, 41.391874], [-8.338717, 41.399759], [-8.350641, 41.403609], [-8.36259, 41.405112], [-8.374559, 41.40462], [-8.388823, 41.40123], [-8.405231, 41.392309], [-8.413166, 41.383342], [-8.417348, 41.374356], [-8.418342, 41.365353], [-8.416589, 41.356337], [-8.410974, 41.3466], [-8.399121, 41.335742], [-8.382165, 41.328869], [-8.380382, 41.331254], [-8.377097, 41.331261], [-8.37201, 41.328346], [-8.361563, 41.329718], [-8.358276, 41.329049], [-8.357673, 41.327425], [-8.344844, 41.330726], [-8.338885, 41.334938], [-8.334651, 41.335846], [-8.33262, 41.33723], [-8.332333, 41.337426], [-8.331726, 41.337839], [-8.330536, 41.338779]], [[-8.398641, 41.387828], [-8.386601, 41.396267], [-8.374603, 41.400029], [-8.362631, 41.400974], [-8.350684, 41.399378], [-8.33435, 41.391921], [-8.326041, 41.382865], [-8.322725, 41.373838], [-8.322937, 41.364831], [-8.326414, 41.355844], [-8.334323, 41.346883], [-8.339291, 41.343015], [-8.351292, 41.338181], [-8.363261, 41.336352], [-8.375202, 41.337444], [-8.387117, 41.341296], [-8.39899, 41.349965], [-8.403978, 41.356272], [-8.407176, 41.365296], [-8.406914, 41.374302], [-8.403046, 41.38329], [-8.398641, 41.387828]]], [[[-8.637813, 41.395585], [-8.649784, 41.393862], [-8.661775, 41.388293], [-8.665862, 41.384353], [-8.671234, 41.375361], [-8.672336, 41.366357], [-8.669974, 41.357342], [-8.66386, 41.348317], [-8.650082, 41.338181], [-8.638154, 41.33392], [-8.626212, 41.332453], [-8.614254, 41.33373], [-8.601019, 41.339108], [-8.591777, 41.348084], [-8.588324, 41.357079], [-8.588979, 41.366089], [-8.593355, 41.375112], [-8.602694, 41.384152], [-8.613918, 41.39053], [-8.625858, 41.394212], [-8.637813, 41.395585]], [[-8.649841, 41.383187], [-8.637863, 41.386405], [-8.625907, 41.385725], [-8.613973, 41.38133], [-8.605751, 41.375155], [-8.600083, 41.366128], [-8.599651, 41.357119], [-8.604599, 41.348128], [-8.614207, 41.341616], [-8.626177, 41.33855], [-8.638124, 41.339358], [-8.65005, 41.344292], [-8.655498, 41.348292], [-8.662284, 41.35732], [-8.663537, 41.366331], [-8.659753, 41.375328], [-8.649841, 41.383187]]]]}}, {"id": "17", "type": "Feature", "properties": {"fill": "#6ba5ec", "value_min": 1.67, "value_max": 2.0}, "geometry": {"type": "MultiPolygon", "coordinates": [[[[-7.948526, 41.855584], [-7.960605, 41.853637], [-7.967089, 41.848572], [-7.969428, 41.839586], [-7.961753, 41.83051], [-7.948974, 41.828245], [-7.942276, 41.830332], [-7.936835, 41.834118], [-7.933107, 41.839254], [-7.936568, 41.850221], [-7.948526, 41.855584]], [[-7.948576, 41.852541], [-7.939818, 41.848323], [-7.93573, 41.839278], [-7.948946, 41.829929], [-7.960925, 41.833903], [-7.965783, 41.839553], [-7.960666, 41.849909], [-7.948576, 41.852541]]], [[[-8.33749, 41.520416], [-8.349485, 41.519436], [-8.361513, 41.515057], [-8.37361, 41.503361], [-8.378056, 41.491247], [-8.377832, 41.482239], [-8.375151, 41.473217], [-8.369104, 41.464176], [-8.362071, 41.458134], [-8.350145, 41.453441], [-8.338187, 41.451977], [-8.326198, 41.453527], [-8.314175, 41.458374], [-8.307438, 41.463822], [-8.302052, 41.472265], [-8.299941, 41.481791], [-8.304751, 41.499835], [-8.311672, 41.508884], [-8.325533, 41.517679], [-8.33749, 41.520416]], [[-8.349508, 41.517174], [-8.337516, 41.517913], [-8.325555, 41.515551], [-8.313652, 41.507957], [-8.307031, 41.499849], [-8.303272, 41.490819], [-8.302406, 41.481806], [-8.304507, 41.472811], [-8.31414, 41.461609], [-8.326172, 41.456096], [-8.338161, 41.454524], [-8.350121, 41.455824], [-8.362046, 41.460706], [-8.373034, 41.473205], [-8.376034, 41.482229], [-8.376224, 41.491237], [-8.373254, 41.500229], [-8.361537, 41.512617], [-8.349508, 41.517174]]], [[[-8.719168, 41.312434], [-8.722643, 41.312443], [-8.733868, 41.307687], [-8.738748, 41.303473], [-8.741536, 41.294471], [-8.737619, 41.285454], [-8.733971, 41.282411], [-8.722049, 41.277751], [-8.710105, 41.278454], [-8.698134, 41.285042], [-8.694439, 41.294356], [-8.698045, 41.304375], [-8.709959, 41.311599], [-8.719168, 41.312434]], [[-8.709989, 41.304721], [-8.707808, 41.303398], [-8.703672, 41.29438], [-8.71007, 41.286453], [-8.722015, 41.285788], [-8.730192, 41.294445], [-8.725558, 41.303442], [-8.721933, 41.305172], [-8.709989, 41.304721]]]]}}, {"id": "18", "type": "Feature", "properties": {"fill": "#5599f7", "value_min": 2.0, "value_max": 2.33}, "geometry": {"type": "MultiPolygon", "coordinates": [[[[-7.948576, 41.852541], [-7.960666, 41.849909], [-7.965783, 41.839553], [-7.960925, 41.833903], [-7.948946, 41.829929], [-7.93573, 41.839278], [-7.939818, 41.848323], [-7.948576, 41.852541]], [[-7.946309, 41.848383], [-7.939793, 41.839316], [-7.948897, 41.832968], [-7.962139, 41.83952], [-7.960781, 41.842786], [-7.95304, 41.848444], [-7.948626, 41.849499], [-7.946309, 41.848383]]], [[[-8.349508, 41.517174], [-8.361537, 41.512617], [-8.373254, 41.500229], [-8.376224, 41.491237], [-8.376034, 41.482229], [-8.373034, 41.473205], [-8.362046, 41.460706], [-8.350121, 41.455824], [-8.338161, 41.454524], [-8.326172, 41.456096], [-8.31414, 41.461609], [-8.304507, 41.472811], [-8.302406, 41.481806], [-8.303272, 41.490819], [-8.307031, 41.499849], [-8.313652, 41.507957], [-8.325555, 41.515551], [-8.337516, 41.517913], [-8.349508, 41.517174]], [[-8.349526, 41.515307], [-8.337534, 41.516119], [-8.325578, 41.513421], [-8.313681, 41.505216], [-8.305263, 41.490831], [-8.30451, 41.481819], [-8.307193, 41.472828], [-8.314107, 41.464823], [-8.326148, 41.458359], [-8.33814, 41.45654], [-8.350101, 41.457787], [-8.362021, 41.463278], [-8.370989, 41.473194], [-8.374236, 41.482219], [-8.374391, 41.491228], [-8.371214, 41.500218], [-8.361561, 41.510178], [-8.349526, 41.515307]]], [[[-8.709989, 41.304721], [-8.721933, 41.305172], [-8.725558, 41.303442], [-8.730192, 41.294445], [-8.722015, 41.285788], [-8.71007, 41.286453], [-8.703672, 41.29438], [-8.707808, 41.303398], [-8.709989, 41.304721]]]]}}, {"id": "20", "type": "Feature", "properties": {"fill": "#2e6eed", "value_min": 2.67, "value_max": 3.0}, "geometry": {"type": "MultiPolygon", "coordinates": [[[[-7.948839, 41.836525], [-7.944771, 41.839362], [-7.948709, 41.844424], [-7.955504, 41.83946], [-7.948839, 41.836525]]], [[[-8.361583, 41.507933], [-8.369175, 41.500206], [-8.372081, 41.491215], [-8.37189, 41.482207], [-8.368944, 41.473183], [-8.361998, 41.465601], [-8.350082, 41.459751], [-8.338121, 41.458435], [-8.326125, 41.460622], [-8.314073, 41.467988], [-8.309879, 41.472844], [-8.306616, 41.481832], [-8.307255, 41.490843], [-8.311589, 41.499876], [-8.3256, 41.511293], [-8.337552, 41.514327], [-8.349545, 41.51344], [-8.361583, 41.507933]], [[-8.361604, 41.505825], [-8.349564, 41.511573], [-8.33757, 41.512534], [-8.325622, 41.509164], [-8.313739, 41.499671], [-8.309246, 41.490855], [-8.308722, 41.481844], [-8.31404, 41.471154], [-8.326101, 41.462885], [-8.338102, 41.460331], [-8.350062, 41.461714], [-8.361977, 41.467799], [-8.366899, 41.473172], [-8.369497, 41.491201], [-8.367135, 41.500195], [-8.361604, 41.505825]]]]}}, {"id": "19", "type": "Feature", "properties": {"fill": "#4182f2", "value_min": 2.33, "value_max": 2.67}, "geometry": {"type": "MultiPolygon", "coordinates": [[[[-7.946309, 41.848383], [-7.948626, 41.849499], [-7.95304, 41.848444], [-7.960781, 41.842786], [-7.962139, 41.83952], [-7.948897, 41.832968], [-7.939793, 41.839316], [-7.946309, 41.848383]], [[-7.948839, 41.836525], [-7.955504, 41.83946], [-7.948709, 41.844424], [-7.944771, 41.839362], [-7.948839, 41.836525]]], [[[-8.349526, 41.515307], [-8.361561, 41.510178], [-8.371214, 41.500218], [-8.374391, 41.491228], [-8.374236, 41.482219], [-8.370989, 41.473194], [-8.362021, 41.463278], [-8.350101, 41.457787], [-8.33814, 41.45654], [-8.326148, 41.458359], [-8.314107, 41.464823], [-8.307193, 41.472828], [-8.30451, 41.481819], [-8.305263, 41.490831], [-8.313681, 41.505216], [-8.325578, 41.513421], [-8.337534, 41.516119], [-8.349526, 41.515307]], [[-8.361583, 41.507933], [-8.349545, 41.51344], [-8.337552, 41.514327], [-8.3256, 41.511293], [-8.311589, 41.499876], [-8.307255, 41.490843], [-8.306616, 41.481832], [-8.309879, 41.472844], [-8.314073, 41.467988], [-8.326125, 41.460622], [-8.338121, 41.458435], [-8.350082, 41.459751], [-8.361998, 41.465601], [-8.368944, 41.473183], [-8.37189, 41.482207], [-8.372081, 41.491215], [-8.369175, 41.500206], [-8.361583, 41.507933]]]]}}]}