{"type": "FeatureCollection", "features": [{"id": "14", "type": "Feature", "properties": {"fill": "#a3a3a3", "value_min": 0.67, "value_max": -1.0}, "geometry": {"type": "MultiPolygon", "coordinates": [[[[-8.361405, 41.526044], [-8.37347, 41.517798], [-8.380521, 41.509275], [-8.383873, 41.500286], [-8.38316, 41.47326], [-8.37569, 41.455205], [-8.362211, 41.443904], [-8.350281, 41.439742], [-8.338324, 41.438519], [-8.326345, 41.439311], [-8.314343, 41.442368], [-8.30231, 41.448154], [-8.293368, 41.454729], [-8.285376, 41.463687], [-8.281112, 41.472668], [-8.279809, 41.481667], [-8.283254, 41.499703], [-8.295721, 41.517795], [-8.313437, 41.52824], [-8.325391, 41.531414], [-8.337371, 41.532073], [-8.349375, 41.530426], [-8.361405, 41.526044]], [[-8.325433, 41.527339], [-8.313482, 41.524007], [-8.303231, 41.517841], [-8.294053, 41.508777], [-8.285809, 41.490712], [-8.284849, 41.481698], [-8.286609, 41.472702], [-8.291526, 41.463725], [-8.300373, 41.454771], [-8.314295, 41.446959], [-8.326302, 41.443488], [-8.338284, 41.442453], [-8.350239, 41.443959], [-8.362168, 41.448299], [-8.374043, 41.458361], [-8.377611, 41.464223], [-8.382584, 41.482264], [-8.381566, 41.500274], [-8.373509, 41.513811], [-8.361437, 41.522768], [-8.349411, 41.526765], [-8.337409, 41.528382], [-8.325433, 41.527339]]], [[[-8.673311, 41.473097], [-8.661334, 41.47318], [-8.660064, 41.474412], [-8.66129, 41.481535], [-8.673262, 41.48274], [-8.675027, 41.474455], [-8.673311, 41.473097]]], [[[-8.701683, 41.195289], [-8.698564, 41.191655], [-8.686649, 41.189465], [-8.679845, 41.19523], [-8.683198, 41.204247], [-8.68657, 41.205964], [-8.698504, 41.204628], [-8.701683, 41.195289]]]]}}, {"id": "15", "type": "Feature", "properties": {"fill": "#97a3b2", "value_min": 1.0, "value_max": -1.33}, "geometry": {"type": "Polygon", "coordinates": [[[-8.325433, 41.527339], [-8.337409, 41.528382], [-8.349411, 41.526765], [-8.361437, 41.522768], [-8.373509, 41.513811], [-8.381566, 41.500274], [-8.382584, 41.482264], [-8.377611, 41.464223], [-8.374043, 41.458361], [-8.362168, 41.448299], [-8.350239, 41.443959], [-8.338284, 41.442453], [-8.326302, 41.443488], [-8.314295, 41.446959], [-8.300373, 41.454771], [-8.291526, 41.463725], [-8.286609, 41.472702], [-8.284849, 41.481698], [-8.285809, 41.490712], [-8.294053, 41.508777], [-8.303231, 41.517841], [-8.313482, 41.524007], [-8.325433, 41.527339]], [[-8.349438, 41.524101], [-8.337439, 41.525399], [-8.325465, 41.524277], [-8.313524, 41.520069], [-8.299207, 41.508809], [-8.293336, 41.499765], [-8.290586, 41.490741], [-8.291511, 41.472732], [-8.296609, 41.463756], [-8.314254, 41.45082], [-8.326264, 41.4472], [-8.338245, 41.446268], [-8.350204, 41.447523], [-8.362131, 41.452048], [-8.373996, 41.463254], [-8.378802, 41.473237], [-8.381054, 41.491264], [-8.37926, 41.500261], [-8.373547, 41.509823], [-8.363395, 41.518189], [-8.349438, 41.524101]]]}}, {"id": "16", "type": "Feature", "properties": {"fill": "#80a4d0", "value_min": 1.33, "value_max": -1.67}, "geometry": {"type": "Polygon", "coordinates": [[[-8.349438, 41.524101], [-8.363395, 41.518189], [-8.373547, 41.509823], [-8.37926, 41.500261], [-8.381054, 41.491264], [-8.378802, 41.473237], [-8.373996, 41.463254], [-8.362131, 41.452048], [-8.350204, 41.447523], [-8.338245, 41.446268], [-8.326264, 41.4472], [-8.314254, 41.45082], [-8.296609, 41.463756], [-8.291511, 41.472732], [-8.290586, 41.490741], [-8.293336, 41.499765], [-8.299207, 41.508809], [-8.313524, 41.520069], [-8.325465, 41.524277], [-8.337439, 41.525399], [-8.349438, 41.524101]], [[-8.337466, 41.522816], [-8.325496, 41.521312], [-8.316968, 41.517923], [-8.303828, 41.508837], [-8.297153, 41.499789], [-8.293863, 41.490761], [-8.293233, 41.48175], [-8.295405, 41.472756], [-8.302148, 41.46335], [-8.314213, 41.45468], [-8.326232, 41.450267], [-8.338217, 41.449025], [-8.350175, 41.450442], [-8.362096, 41.455621], [-8.37151, 41.46419], [-8.376623, 41.473225], [-8.379201, 41.491254], [-8.373585, 41.505882], [-8.361497, 41.516698], [-8.349465, 41.521436], [-8.337466, 41.522816]]]}}, {"id": "17", "type": "Feature", "properties": {"fill": "#6ba5ec", "value_min": 1.67, "value_max": -2.0}, "geometry": {"type": "Polygon", "coordinates": [[[-8.337466, 41.522816], [-8.349465, 41.521436], [-8.361497, 41.516698], [-8.373585, 41.505882], [-8.379201, 41.491254], [-8.376623, 41.473225], [-8.37151, 41.46419], [-8.362096, 41.455621], [-8.350175, 41.450442], [-8.338217, 41.449025], [-8.326232, 41.450267], [-8.314213, 41.45468], [-8.302148, 41.46335], [-8.295405, 41.472756], [-8.293233, 41.48175], [-8.293863, 41.490761], [-8.297153, 41.499789], [-8.303828, 41.508837], [-8.316968, 41.517923], [-8.325496, 41.521312], [-8.337466, 41.522816]], [[-8.337492, 41.520233], [-8.325526, 41.518348], [-8.313595, 41.513275], [-8.307966, 41.508862], [-8.300969, 41.499812], [-8.297139, 41.490781], [-8.296548, 41.48177], [-8.302088, 41.468863], [-8.314179, 41.457968], [-8.3262, 41.453333], [-8.338189, 41.451782], [-8.350145, 41.453361], [-8.362069, 41.458377], [-8.368437, 41.464173], [-8.374445, 41.473213], [-8.377143, 41.482235], [-8.377347, 41.491244], [-8.373623, 41.501948], [-8.361521, 41.514225], [-8.349492, 41.518772], [-8.337492, 41.520233]]]}}, {"id": "18", "type": "Feature", "properties": {"fill": "#5599f7", "value_min": 2.0, "value_max": -2.33}, "geometry": {"type": "Polygon", "coordinates": [[[-8.337492, 41.520233], [-8.349492, 41.518772], [-8.361521, 41.514225], [-8.373623, 41.501948], [-8.377347, 41.491244], [-8.377143, 41.482235], [-8.374445, 41.473213], [-8.368437, 41.464173], [-8.362069, 41.458377], [-8.350145, 41.453361], [-8.338189, 41.451782], [-8.3262, 41.453333], [-8.314179, 41.457968], [-8.302088, 41.468863], [-8.296548, 41.48177], [-8.297139, 41.490781], [-8.300969, 41.499812], [-8.307966, 41.508862], [-8.313595, 41.513275], [-8.325526, 41.518348], [-8.337492, 41.520233]], [[-8.349513, 41.516673], [-8.337517, 41.51776], [-8.325551, 41.516024], [-8.313629, 41.510084], [-8.304046, 41.499831], [-8.300417, 41.490801], [-8.299864, 41.481791], [-8.302948, 41.472802], [-8.314144, 41.46123], [-8.326172, 41.456061], [-8.338161, 41.45454], [-8.35012, 41.455931], [-8.362042, 41.461133], [-8.372337, 41.473202], [-8.37533, 41.482225], [-8.375493, 41.491234], [-8.372427, 41.500224], [-8.361545, 41.511751], [-8.349513, 41.516673]]]}}, {"id": "19", "type": "Feature", "properties": {"fill": "#4182f2", "value_min": 2.33, "value_max": -2.67}, "geometry": {"type": "Polygon", "coordinates": [[[-8.349513, 41.516673], [-8.361545, 41.511751], [-8.372427, 41.500224], [-8.375493, 41.491234], [-8.37533, 41.482225], [-8.372337, 41.473202], [-8.362042, 41.461133], [-8.35012, 41.455931], [-8.338161, 41.45454], [-8.326172, 41.456061], [-8.314144, 41.46123], [-8.302948, 41.472802], [-8.299864, 41.481791], [-8.300417, 41.490801], [-8.304046, 41.499831], [-8.313629, 41.510084], [-8.325551, 41.516024], [-8.337517, 41.51776], [-8.349513, 41.516673]], [[-8.349532, 41.51476], [-8.337536, 41.515903], [-8.325574, 41.513791], [-8.313662, 41.507003], [-8.306931, 41.499848], [-8.303328, 41.490819], [-8.302967, 41.481809], [-8.306017, 41.472821], [-8.31411, 41.464482], [-8.326148, 41.458423], [-8.338139, 41.456664], [-8.350099, 41.458012], [-8.362015, 41.463888], [-8.370255, 41.47319], [-8.373341, 41.482214], [-8.373586, 41.491223], [-8.370273, 41.500212], [-8.36157, 41.509278], [-8.349532, 41.51476]]]}}, {"id": "20", "type": "Feature", "properties": {"fill": "#2e6eed", "value_min": 2.67, "value_max": -3.0}, "geometry": {"type": "Polygon", "coordinates": [[[-8.349532, 41.51476], [-8.36157, 41.509278], [-8.370273, 41.500212], [-8.373586, 41.491223], [-8.373341, 41.482214], [-8.370255, 41.47319], [-8.362015, 41.463888], [-8.350099, 41.458012], [-8.338139, 41.456664], [-8.326148, 41.458423], [-8.31411, 41.464482], [-8.306017, 41.472821], [-8.302967, 41.481809], [-8.303328, 41.490819], [-8.306931, 41.499848], [-8.313662, 41.507003], [-8.325574, 41.513791], [-8.337536, 41.515903], [-8.349532, 41.51476]], [[-8.337555, 41.514046], [-8.325597, 41.511557], [-8.313693, 41.503988], [-8.309816, 41.499866], [-8.305955, 41.490835], [-8.305707, 41.481826], [-8.309087, 41.472839], [-8.314076, 41.467698], [-8.326123, 41.460785], [-8.338119, 41.458663], [-8.350078, 41.460094], [-8.361992, 41.466233], [-8.368172, 41.473179], [-8.370628, 41.491207], [-8.36812, 41.500201], [-8.361592, 41.506993], [-8.349551, 41.512848], [-8.337555, 41.514046]]]}}, {"id": "21", "type": "Feature", "properties": {"fill": "#245bd9", "value_min": 3.0, "value_max": -3.33}, "geometry": {"type": "Polygon", "coordinates": [[[-8.337555, 41.514046], [-8.349551, 41.512848], [-8.361592, 41.506993], [-8.36812, 41.500201], [-8.370628, 41.491207], [-8.368172, 41.473179], [-8.361992, 41.466233], [-8.350078, 41.460094], [-8.338119, 41.458663], [-8.326123, 41.460785], [-8.314076, 41.467698], [-8.309087, 41.472839], [-8.305707, 41.481826], [-8.305955, 41.490835], [-8.309816, 41.499866], [-8.313693, 41.503988], [-8.325597, 41.511557], [-8.337555, 41.514046]], [[-8.337574, 41.512189], [-8.32562, 41.509324], [-8.313725, 41.500973], [-8.30858, 41.490851], [-8.308447, 41.481843], [-8.314042, 41.470913], [-8.326099, 41.463147], [-8.338099, 41.460661], [-8.350057, 41.462175], [-8.361969, 41.468536], [-8.366089, 41.473167], [-8.367668, 41.491191], [-8.365966, 41.500189], [-8.361614, 41.504717], [-8.34957, 41.510935], [-8.337574, 41.512189]]]}}, {"id": "22", "type": "Feature", "properties": {"fill": "#214db8", "value_min": 3.33, "value_max": -3.67}, "geometry": {"type": "Polygon", "coordinates": [[[-8.337574, 41.512189], [-8.34957, 41.510935], [-8.361614, 41.504717], [-8.365966, 41.500189], [-8.367668, 41.491191], [-8.366089, 41.473167], [-8.361969, 41.468536], [-8.350057, 41.462175], [-8.338099, 41.460661], [-8.326099, 41.463147], [-8.314042, 41.470913], [-8.308447, 41.481843], [-8.30858, 41.490851], [-8.313725, 41.500973], [-8.32562, 41.509324], [-8.337574, 41.512189]], [[-8.332172, 41.509005], [-8.313774, 41.496374], [-8.311206, 41.490867], [-8.311186, 41.481859], [-8.313995, 41.475404], [-8.332058, 41.463967], [-8.338078, 41.46266], [-8.348632, 41.464062], [-8.364007, 41.473156], [-8.363813, 41.500177], [-8.348892, 41.509101], [-8.337593, 41.510332], [-8.332172, 41.509005]]]}}, {"id": "23", "type": "Feature", "properties": {"fill": "#1f4099", "value_min": 3.67, "value_max": -4.0}, "geometry": {"type": "Polygon", "coordinates": [[[-8.332172, 41.509005], [-8.337593, 41.510332], [-8.348892, 41.509101], [-8.363813, 41.500177], [-8.364007, 41.473156], [-8.348632, 41.464062], [-8.338078, 41.46266], [-8.332058, 41.463967], [-8.313995, 41.475404], [-8.311186, 41.481859], [-8.311206, 41.490867], [-8.313774, 41.496374], [-8.332172, 41.509005]]]}}, {"id": "9", "type": "Feature", "properties": {"fill": "#a3a3a3", "value_min": -1.0, "value_max": -0.67}, "geometry": {"type": "MultiPolygon", "coordinates": [[[[-7.790077, 41.88247], [-7.794066, 41.873905], [-7.794958, 41.864908], [-7.792717, 41.855878], [-7.786778, 41.846808], [-7.780142, 41.840985], [-7.768211, 41.835066], [-7.756208, 41.832977], [-7.742497, 41.83395], [-7.746689, 41.837543], [-7.756134, 41.836808], [-7.768134, 41.839085], [-7.780053, 41.8457], [-7.787552, 41.855823], [-7.789346, 41.864849], [-7.787222, 41.873833], [-7.780675, 41.88277], [-7.767143, 41.890712], [-7.757806, 41.89259], [-7.756585, 41.895195], [-7.758076, 41.897901], [-7.764097, 41.898595], [-7.779227, 41.886264], [-7.785257, 41.885157], [-7.786774, 41.883136], [-7.790077, 41.88247]]], [[[-7.731671, 41.888809], [-7.725024, 41.884343], [-7.726208, 41.887665], [-7.731671, 41.888809]]], [[[-7.722067, 41.882249], [-7.722067, 41.882249], [-7.720532, 41.880424], [-7.722067, 41.882249]]], [[[-7.972493, 41.863557], [-7.980642, 41.857699], [-7.986113, 41.848741], [-7.986669, 41.839739], [-7.982594, 41.830696], [-7.973149, 41.822592], [-7.961206, 41.816528], [-7.949173, 41.816061], [-7.942904, 41.821331], [-7.937007, 41.823673], [-7.930791, 41.830226], [-7.925912, 41.839187], [-7.925927, 41.848194], [-7.931155, 41.857249], [-7.936367, 41.862327], [-7.948344, 41.866699], [-7.960387, 41.867122], [-7.972493, 41.863557]], [[-7.94844, 41.860886], [-7.936477, 41.855724], [-7.930821, 41.84824], [-7.929862, 41.839224], [-7.936933, 41.828184], [-7.949058, 41.823112], [-7.961088, 41.823797], [-7.972996, 41.830611], [-7.978263, 41.839665], [-7.976819, 41.848659], [-7.972653, 41.853567], [-7.960496, 41.860388], [-7.94844, 41.860886]]], [[[-7.961455, 41.801121], [-7.964759, 41.79451], [-7.960298, 41.785463], [-7.949741, 41.781287], [-7.937704, 41.78151], [-7.93025, 41.785187], [-7.92848, 41.794177], [-7.937323, 41.804593], [-7.949288, 41.809065], [-7.961455, 41.801121]], [[-7.937399, 41.800018], [-7.932211, 41.794212], [-7.933908, 41.785221], [-7.937674, 41.783362], [-7.949712, 41.783095], [-7.95559, 41.78542], [-7.958617, 41.794454], [-7.949406, 41.801847], [-7.937399, 41.800018]]], [[[-8.155139, 41.718052], [-8.158121, 41.715027], [-8.159942, 41.706034], [-8.157376, 41.697008], [-8.15182, 41.68796], [-8.14363, 41.679434], [-8.123924, 41.669736], [-8.107803, 41.663719], [-8.095825, 41.661332], [-8.083795, 41.662701], [-8.073754, 41.669343], [-8.069273, 41.678314], [-8.072508, 41.687347], [-8.081219, 41.696424], [-8.095016, 41.719122], [-8.106905, 41.728668], [-8.118884, 41.73197], [-8.130916, 41.731415], [-8.142994, 41.72736], [-8.155139, 41.718052]], [[-8.118972, 41.725514], [-8.107028, 41.719803], [-8.101275, 41.714597], [-8.089913, 41.696493], [-8.078188, 41.687393], [-8.073966, 41.678352], [-8.079858, 41.669392], [-8.083736, 41.666826], [-8.095765, 41.665634], [-8.106919, 41.669606], [-8.119638, 41.676724], [-8.131595, 41.68093], [-8.14351, 41.688488], [-8.150719, 41.696959], [-8.155095, 41.705998], [-8.153077, 41.71499], [-8.143047, 41.723332], [-8.130978, 41.726783], [-8.118972, 41.725514]]], [[[-7.914688, 41.71918], [-7.916078, 41.712999], [-7.914825, 41.711044], [-7.90295, 41.702497], [-7.890899, 41.704363], [-7.883243, 41.712685], [-7.882551, 41.721685], [-7.890482, 41.728639], [-7.902495, 41.729232], [-7.914138, 41.721988], [-7.914688, 41.71918]], [[-7.890529, 41.725861], [-7.885804, 41.721716], [-7.886087, 41.712712], [-7.890845, 41.70754], [-7.902881, 41.706525], [-7.910922, 41.71295], [-7.90937, 41.721942], [-7.902547, 41.726187], [-7.890529, 41.725861]]], [[[-8.552717, 41.593669], [-8.560215, 41.582162], [-8.560299, 41.573155], [-8.556487, 41.564133], [-8.54803, 41.555093], [-8.541026, 41.550141], [-8.529063, 41.546404], [-8.517071, 41.546641], [-8.505039, 41.552203], [-8.494025, 41.563875], [-8.489293, 41.572861], [-8.489437, 41.581869], [-8.495604, 41.590904], [-8.504693, 41.597515], [-8.51666, 41.601777], [-8.528653, 41.602827], [-8.540669, 41.600583], [-8.552717, 41.593669]], [[-8.516705, 41.595756], [-8.504068, 41.590941], [-8.495973, 41.581898], [-8.495134, 41.572887], [-8.504982, 41.559609], [-8.517009, 41.554962], [-8.528999, 41.55521], [-8.54095, 41.560883], [-8.544523, 41.564086], [-8.549121, 41.573112], [-8.548193, 41.582115], [-8.540278, 41.591091], [-8.528705, 41.595648], [-8.516705, 41.595756]]], [[[-8.337063, 41.562205], [-8.349081, 41.559742], [-8.361117, 41.555268], [-8.377386, 41.545288], [-8.39429, 41.527364], [-8.399191, 41.518382], [-8.400926, 41.509384], [-8.396649, 41.491346], [-8.395763, 41.473327], [-8.397958, 41.4618], [-8.406741, 41.437354], [-8.41717, 41.383362], [-8.417482, 41.374356], [-8.415854, 41.36534], [-8.411706, 41.356312], [-8.40425, 41.347266], [-8.38716, 41.336708], [-8.37524, 41.333509], [-8.363295, 41.33288], [-8.351326, 41.334738], [-8.339325, 41.339648], [-8.327273, 41.34942], [-8.318695, 41.364806], [-8.313657, 41.391799], [-8.309494, 41.400782], [-8.300683, 41.409736], [-8.251511, 41.445456], [-8.230291, 41.464179], [-8.215075, 41.481243], [-8.206167, 41.499197], [-8.20526, 41.508198], [-8.206917, 41.517217], [-8.211541, 41.526256], [-8.217484, 41.533371], [-8.229367, 41.542096], [-8.253234, 41.551765], [-8.289107, 41.560832], [-8.313064, 41.563544], [-8.337063, 41.562205]], [[-8.323383, 41.55399], [-8.301195, 41.552039], [-8.289233, 41.549395], [-8.241412, 41.537321], [-8.229486, 41.532142], [-8.222068, 41.526327], [-8.215076, 41.517273], [-8.212868, 41.50825], [-8.21418, 41.499252], [-8.218876, 41.490277], [-8.227341, 41.481326], [-8.265126, 41.445544], [-8.290566, 41.427303], [-8.322799, 41.409868], [-8.335074, 41.400932], [-8.332261, 41.373893], [-8.335167, 41.364903], [-8.339122, 41.359727], [-8.351154, 41.352095], [-8.363128, 41.350069], [-8.375064, 41.351874], [-8.383648, 41.356165], [-8.392218, 41.365218], [-8.394752, 41.374239], [-8.393284, 41.383239], [-8.386609, 41.395474], [-8.381509, 41.401191], [-8.380768, 41.410195], [-8.391311, 41.428266], [-8.394371, 41.43729], [-8.395346, 41.446302], [-8.39321, 41.482321], [-8.395683, 41.509356], [-8.393109, 41.51835], [-8.386966, 41.527325], [-8.373255, 41.540119], [-8.361201, 41.546774], [-8.349167, 41.551131], [-8.323383, 41.55399]]], [[[-8.51726, 41.521301], [-8.518187, 41.509935], [-8.51336, 41.500907], [-8.50548, 41.494352], [-8.493542, 41.48881], [-8.481569, 41.488119], [-8.469549, 41.493081], [-8.46138, 41.500675], [-8.458091, 41.509667], [-8.462781, 41.518697], [-8.481244, 41.528858], [-8.493207, 41.531795], [-8.505197, 41.531485], [-8.512319, 41.527925], [-8.51726, 41.521301]], [[-8.493246, 41.526868], [-8.481268, 41.525833], [-8.469329, 41.520059], [-8.462605, 41.509688], [-8.469505, 41.498512], [-8.481526, 41.493493], [-8.493498, 41.494463], [-8.5045, 41.500869], [-8.510063, 41.5099], [-8.508294, 41.5189], [-8.505271, 41.521715], [-8.493246, 41.526868]]], [[[-8.721071, 41.506891], [-8.729117, 41.501617], [-8.736861, 41.492628], [-8.740532, 41.483629], [-8.741005, 41.474622], [-8.738532, 41.465609], [-8.73238, 41.456588], [-8.721491, 41.447554], [-8.70938, 41.441728], [-8.697424, 41.438496], [-8.673491, 41.437201], [-8.661511, 41.439151], [-8.649519, 41.443208], [-8.637502, 41.45136], [-8.627886, 41.465305], [-8.626153, 41.474306], [-8.627938, 41.48332], [-8.635449, 41.492351], [-8.661159, 41.506795], [-8.685093, 41.513183], [-8.697075, 41.513563], [-8.709068, 41.511618], [-8.721071, 41.506891]], [[-8.685128, 41.506033], [-8.673148, 41.505439], [-8.661182, 41.502358], [-8.642286, 41.492373], [-8.634362, 41.48334], [-8.632344, 41.474326], [-8.637447, 41.461355], [-8.649478, 41.450737], [-8.661474, 41.446231], [-8.673454, 41.444564], [-8.685421, 41.445344], [-8.697377, 41.448591], [-8.711135, 41.456536], [-8.71864, 41.465562], [-8.721246, 41.474576], [-8.720477, 41.483582], [-8.715749, 41.492578], [-8.703387, 41.501554], [-8.685128, 41.506033]]], [[[-8.62326, 41.181911], [-8.628069, 41.204082], [-8.638746, 41.226744], [-8.650611, 41.239162], [-8.662509, 41.246088], [-8.674426, 41.249618], [-8.686352, 41.251598], [-8.710225, 41.251393], [-8.734109, 41.248402], [-8.758, 41.242797], [-8.782228, 41.231501], [-8.793918, 41.222514], [-8.802419, 41.213458], [-8.799695, 41.14406], [-8.755644, 41.14504], [-8.769937, 41.159413], [-8.774968, 41.168431], [-8.777618, 41.177444], [-8.776872, 41.195459], [-8.767204, 41.213455], [-8.757557, 41.222443], [-8.734164, 41.234781], [-8.722216, 41.238269], [-8.698334, 41.241547], [-8.674478, 41.239189], [-8.662567, 41.234842], [-8.650679, 41.226397], [-8.640809, 41.213131], [-8.634542, 41.191767], [-8.632526, 41.188624], [-8.625658, 41.186628], [-8.62326, 41.181911]]], [[[-8.623236, 41.181686], [-8.623236, 41.181686], [-8.623237, 41.1817], [-8.623236, 41.181686]]]]}}, {"id": "8", "type": "Feature", "properties": {"fill": "#b1a288", "value_min": -1.33, "value_max": -1.0}, "geometry": {"type": "MultiPolygon", "coordinates": [[[[-7.80078, 41.874174], [-7.800585, 41.864967], [-7.797924, 41.855932], [-7.792081, 41.846617], [-7.780232, 41.836263], [-7.768288, 41.831055], [-7.756283, 41.829144], [-7.739511, 41.830121], [-7.742497, 41.83395], [-7.756208, 41.832977], [-7.768211, 41.835066], [-7.780142, 41.840985], [-7.786778, 41.846808], [-7.792717, 41.855878], [-7.794958, 41.864908], [-7.794066, 41.873905], [-7.790077, 41.88247], [-7.794007, 41.882257], [-7.796739, 41.878214], [-7.794349, 41.87438], [-7.80078, 41.874174]]], [[[-7.960577, 41.87555], [-7.960878, 41.875509], [-7.962086, 41.874074], [-7.96486, 41.874978], [-7.965096, 41.874947], [-7.969874, 41.87431], [-7.984465, 41.86845], [-7.989371, 41.863983], [-7.990727, 41.859483], [-7.994683, 41.858137], [-7.995015, 41.857687], [-7.994047, 41.855211], [-7.997378, 41.851163], [-7.998035, 41.839839], [-7.994612, 41.830802], [-7.986784, 41.821727], [-7.975391, 41.812619], [-7.971756, 41.80358], [-7.971602, 41.794571], [-7.966531, 41.785519], [-7.949771, 41.77948], [-7.937735, 41.779657], [-7.926593, 41.785153], [-7.925437, 41.795483], [-7.937214, 41.811205], [-7.939703, 41.812295], [-7.9248, 41.833579], [-7.922321, 41.839153], [-7.921514, 41.848153], [-7.924396, 41.857699], [-7.93624, 41.869992], [-7.940412, 41.871566], [-7.951254, 41.871132], [-7.956367, 41.87339], [-7.956362, 41.875191], [-7.960577, 41.87555]], [[-7.972493, 41.863557], [-7.960387, 41.867122], [-7.948344, 41.866699], [-7.936367, 41.862327], [-7.931155, 41.857249], [-7.925927, 41.848194], [-7.925912, 41.839187], [-7.930791, 41.830226], [-7.937007, 41.823673], [-7.942904, 41.821331], [-7.949173, 41.816061], [-7.961206, 41.816528], [-7.973149, 41.822592], [-7.982594, 41.830696], [-7.986669, 41.839739], [-7.986113, 41.848741], [-7.980642, 41.857699], [-7.972493, 41.863557]], [[-7.961455, 41.801121], [-7.949288, 41.809065], [-7.937323, 41.804593], [-7.92848, 41.794177], [-7.93025, 41.785187], [-7.937704, 41.78151], [-7.949741, 41.781287], [-7.960298, 41.785463], [-7.964759, 41.79451], [-7.961455, 41.801121]]], [[[-8.14294, 41.731355], [-8.15426, 41.724006], [-8.163206, 41.715064], [-8.164767, 41.706069], [-8.162853, 41.697048], [-8.155636, 41.680037], [-8.143775, 41.668516], [-8.131834, 41.663176], [-8.107895, 41.657115], [-8.095896, 41.656282], [-8.08386, 41.658121], [-8.071747, 41.665277], [-8.064483, 41.678275], [-8.066523, 41.687299], [-8.080006, 41.705421], [-8.087221, 41.723493], [-8.094831, 41.732293], [-8.106767, 41.738663], [-8.118776, 41.739856], [-8.130835, 41.737406], [-8.14294, 41.731355]], [[-8.155139, 41.718052], [-8.142994, 41.72736], [-8.130916, 41.731415], [-8.118884, 41.73197], [-8.106905, 41.728668], [-8.095016, 41.719122], [-8.081219, 41.696424], [-8.072508, 41.687347], [-8.069273, 41.678314], [-8.073754, 41.669343], [-8.083795, 41.662701], [-8.095825, 41.661332], [-8.107803, 41.663719], [-8.123924, 41.669736], [-8.14363, 41.679434], [-8.15182, 41.68796], [-8.157376, 41.697008], [-8.159942, 41.706034], [-8.158121, 41.715027], [-8.155139, 41.718052]]], [[[-7.914568, 41.726319], [-7.919396, 41.722037], [-7.921619, 41.713051], [-7.916282, 41.703994], [-7.903022, 41.69826], [-7.890965, 41.700537], [-7.8804, 41.712657], [-7.879299, 41.721653], [-7.890433, 41.731456], [-7.902443, 41.732319], [-7.914568, 41.726319]], [[-7.914688, 41.71918], [-7.914138, 41.721988], [-7.902495, 41.729232], [-7.890482, 41.728639], [-7.882551, 41.721685], [-7.883243, 41.712685], [-7.890899, 41.704363], [-7.90295, 41.702497], [-7.914825, 41.711044], [-7.916078, 41.712999], [-7.914688, 41.71918]]], [[[-8.552613, 41.608756], [-8.568076, 41.600206], [-8.574452, 41.591223], [-8.576082, 41.582221], [-8.57478, 41.573209], [-8.570816, 41.564187], [-8.564287, 41.555155], [-8.536667, 41.528025], [-8.529363, 41.509981], [-8.523409, 41.500949], [-8.505533, 41.487276], [-8.49359, 41.482639], [-8.481619, 41.481808], [-8.469604, 41.486365], [-8.455335, 41.500647], [-8.451572, 41.509636], [-8.458399, 41.518676], [-8.481218, 41.532093], [-8.49315, 41.536849], [-8.500415, 41.545888], [-8.483408, 41.572835], [-8.482859, 41.58184], [-8.487432, 41.590868], [-8.504642, 41.604116], [-8.516609, 41.608633], [-8.528592, 41.611137], [-8.540594, 41.611231], [-8.552613, 41.608756]], [[-8.552717, 41.593669], [-8.540669, 41.600583], [-8.528653, 41.602827], [-8.51666, 41.601777], [-8.504693, 41.597515], [-8.495604, 41.590904], [-8.489437, 41.581869], [-8.489293, 41.572861], [-8.494025, 41.563875], [-8.505039, 41.552203], [-8.517071, 41.546641], [-8.529063, 41.546404], [-8.541026, 41.550141], [-8.54803, 41.555093], [-8.556487, 41.564133], [-8.560299, 41.573155], [-8.560215, 41.582162], [-8.552717, 41.593669]], [[-8.51726, 41.521301], [-8.512319, 41.527925], [-8.505197, 41.531485], [-8.493207, 41.531795], [-8.481244, 41.528858], [-8.462781, 41.518697], [-8.458091, 41.509667], [-8.46138, 41.500675], [-8.469549, 41.493081], [-8.481569, 41.488119], [-8.493542, 41.48881], [-8.50548, 41.494352], [-8.51336, 41.500907], [-8.518187, 41.509935], [-8.51726, 41.521301]]], [[[-8.315157, 41.336554], [-8.306977, 41.355729], [-8.299203, 41.391712], [-8.294229, 41.400689], [-8.275651, 41.418589], [-8.235526, 41.445351], [-8.218358, 41.46068], [-8.204585, 41.481171], [-8.198446, 41.499143], [-8.197749, 41.508146], [-8.198884, 41.517161], [-8.205507, 41.532521], [-8.21733, 41.546078], [-8.229219, 41.554587], [-8.241137, 41.560888], [-8.265023, 41.569589], [-8.288955, 41.574696], [-8.312929, 41.576284], [-8.324931, 41.57561], [-8.348969, 41.570886], [-8.361005, 41.566614], [-8.373061, 41.560202], [-8.389216, 41.545351], [-8.402298, 41.527405], [-8.406783, 41.518421], [-8.407055, 41.509415], [-8.397811, 41.482345], [-8.398593, 41.473342], [-8.410035, 41.450455], [-8.429691, 41.428463], [-8.434425, 41.419479], [-8.442978, 41.392498], [-8.444651, 41.374491], [-8.441842, 41.356462], [-8.43256, 41.338401], [-8.423091, 41.328039], [-8.411219, 41.319374], [-8.399123, 41.313491], [-8.396738, 41.314336], [-8.398835, 41.316131], [-8.393775, 41.31997], [-8.393489, 41.323122], [-8.391105, 41.324253], [-8.386325, 41.323588], [-8.380382, 41.331254], [-8.375305, 41.33104], [-8.37201, 41.328346], [-8.361563, 41.329718], [-8.358276, 41.329049], [-8.357673, 41.327249], [-8.350207, 41.327264], [-8.346032, 41.328847], [-8.342462, 41.333131], [-8.333215, 41.336299], [-8.326363, 41.342163], [-8.324568, 41.341041], [-8.323376, 41.341943], [-8.316788, 41.335876], [-8.315157, 41.336554]], [[-8.337063, 41.562205], [-8.313064, 41.563544], [-8.289107, 41.560832], [-8.253234, 41.551765], [-8.229367, 41.542096], [-8.217484, 41.533371], [-8.211541, 41.526256], [-8.206917, 41.517217], [-8.20526, 41.508198], [-8.206167, 41.499197], [-8.215075, 41.481243], [-8.230291, 41.464179], [-8.251511, 41.445456], [-8.300683, 41.409736], [-8.309494, 41.400782], [-8.313657, 41.391799], [-8.318695, 41.364806], [-8.327273, 41.34942], [-8.339325, 41.339648], [-8.351326, 41.334738], [-8.363295, 41.33288], [-8.37524, 41.333509], [-8.38716, 41.336708], [-8.40425, 41.347266], [-8.411706, 41.356312], [-8.415854, 41.36534], [-8.417482, 41.374356], [-8.41717, 41.383362], [-8.406741, 41.437354], [-8.397958, 41.4618], [-8.395763, 41.473327], [-8.396649, 41.491346], [-8.400926, 41.509384], [-8.399191, 41.518382], [-8.39429, 41.527364], [-8.377386, 41.545288], [-8.361117, 41.555268], [-8.349081, 41.559742], [-8.337063, 41.562205]]], [[[-8.756991, 41.514365], [-8.769309, 41.501705], [-8.774217, 41.492707], [-8.776265, 41.474696], [-8.773858, 41.465684], [-8.768626, 41.456666], [-8.760559, 41.447642], [-8.746976, 41.438606], [-8.721401, 41.429871], [-8.709441, 41.427967], [-8.685508, 41.427352], [-8.661554, 41.430831], [-8.649565, 41.434661], [-8.637558, 41.441363], [-8.631131, 41.4473], [-8.620409, 41.46528], [-8.618625, 41.474282], [-8.620057, 41.483294], [-8.62746, 41.492326], [-8.649184, 41.505414], [-8.685048, 41.522528], [-8.708996, 41.527493], [-8.720983, 41.527457], [-8.732977, 41.525585], [-8.74498, 41.521429], [-8.756991, 41.514365]], [[-8.721071, 41.506891], [-8.709068, 41.511618], [-8.697075, 41.513563], [-8.685093, 41.513183], [-8.661159, 41.506795], [-8.635449, 41.492351], [-8.627938, 41.48332], [-8.626153, 41.474306], [-8.627886, 41.465305], [-8.637502, 41.45136], [-8.649519, 41.443208], [-8.661511, 41.439151], [-8.673491, 41.437201], [-8.697424, 41.438496], [-8.70938, 41.441728], [-8.721491, 41.447554], [-8.73238, 41.456588], [-8.738532, 41.465609], [-8.741005, 41.474622], [-8.740532, 41.483629], [-8.736861, 41.492628], [-8.729117, 41.501617], [-8.721071, 41.506891]]], [[[-8.607233, 41.170048], [-8.625106, 41.222088], [-8.634137, 41.240133], [-8.638639, 41.246213], [-8.650521, 41.256082], [-8.662426, 41.262226], [-8.698195, 41.271932], [-8.734004, 41.274353], [-8.76983, 41.272593], [-8.804435, 41.26473], [-8.802419, 41.213458], [-8.793918, 41.222514], [-8.782228, 41.231501], [-8.758, 41.242797], [-8.734109, 41.248402], [-8.710225, 41.251393], [-8.686352, 41.251598], [-8.674426, 41.249618], [-8.662509, 41.246088], [-8.650611, 41.239162], [-8.638746, 41.226744], [-8.628069, 41.204082], [-8.62326, 41.181911], [-8.623237, 41.1817], [-8.623236, 41.181686], [-8.621132, 41.178994], [-8.612177, 41.176781], [-8.608583, 41.174095], [-8.609164, 41.172066], [-8.607233, 41.170048]]]]}}, {"id": "10", "type": "Feature", "properties": {"fill": "#a3a3a3", "value_min": -0.67, "value_max": -0.33}, "geometry": {"type": "MultiPolygon", "coordinates": [[[[-7.757806, 41.89259], [-7.767143, 41.890712], [-7.780675, 41.88277], [-7.787222, 41.873833], [-7.789346, 41.864849], [-7.787552, 41.855823], [-7.780053, 41.8457], [-7.768134, 41.839085], [-7.756134, 41.836808], [-7.746689, 41.837543], [-7.746361, 41.841979], [-7.756058, 41.840746], [-7.768057, 41.843119], [-7.774322, 41.846676], [-7.782395, 41.855769], [-7.783752, 41.86479], [-7.78033, 41.87376], [-7.767283, 41.883432], [-7.755181, 41.885943], [-7.743157, 41.884506], [-7.729203, 41.875972], [-7.720532, 41.880424], [-7.722067, 41.882249], [-7.725035, 41.882709], [-7.725024, 41.884343], [-7.731671, 41.888809], [-7.737044, 41.888828], [-7.739741, 41.891088], [-7.74246, 41.889747], [-7.742482, 41.886146], [-7.745495, 41.885931], [-7.750001, 41.887971], [-7.756022, 41.888441], [-7.758719, 41.890926], [-7.757806, 41.89259]]], [[[-7.94844, 41.860886], [-7.960496, 41.860388], [-7.972653, 41.853567], [-7.976819, 41.848659], [-7.978263, 41.839665], [-7.972996, 41.830611], [-7.961088, 41.823797], [-7.949058, 41.823112], [-7.936933, 41.828184], [-7.929862, 41.839224], [-7.930821, 41.84824], [-7.936477, 41.855724], [-7.94844, 41.860886]], [[-7.94853, 41.855362], [-7.936581, 41.84943], [-7.933813, 41.839261], [-7.936836, 41.834051], [-7.948994, 41.827034], [-7.961008, 41.828761], [-7.964101, 41.830531], [-7.970637, 41.839597], [-7.967935, 41.848579], [-7.960602, 41.853851], [-7.94853, 41.855362]]], [[[-7.937399, 41.800018], [-7.949406, 41.801847], [-7.958617, 41.794454], [-7.95559, 41.78542], [-7.949712, 41.783095], [-7.937674, 41.783362], [-7.933908, 41.785221], [-7.932211, 41.794212], [-7.937399, 41.800018]], [[-7.937466, 41.795954], [-7.93594, 41.794247], [-7.937564, 41.785255], [-7.950883, 41.785377], [-7.953086, 41.794404], [-7.94948, 41.797298], [-7.937466, 41.795954]]], [[[-8.118972, 41.725514], [-8.130978, 41.726783], [-8.143047, 41.723332], [-8.153077, 41.71499], [-8.155095, 41.705998], [-8.150719, 41.696959], [-8.14351, 41.688488], [-8.131595, 41.68093], [-8.119638, 41.676724], [-8.106919, 41.669606], [-8.095765, 41.665634], [-8.083736, 41.666826], [-8.079858, 41.669392], [-8.073966, 41.678352], [-8.078188, 41.687393], [-8.089913, 41.696493], [-8.101275, 41.714597], [-8.107028, 41.719803], [-8.118972, 41.725514]], [[-8.13104, 41.722149], [-8.119067, 41.718594], [-8.107146, 41.711266], [-8.102211, 41.705597], [-8.0954, 41.691693], [-8.083452, 41.686858], [-8.078572, 41.678389], [-8.083667, 41.671715], [-8.095702, 41.67016], [-8.106308, 41.678608], [-8.107553, 41.681829], [-8.130369, 41.6878], [-8.143403, 41.696904], [-8.149697, 41.705958], [-8.148085, 41.714953], [-8.143103, 41.719096], [-8.13104, 41.722149]]], [[[-7.890529, 41.725861], [-7.902547, 41.726187], [-7.90937, 41.721942], [-7.910922, 41.71295], [-7.902881, 41.706525], [-7.890845, 41.70754], [-7.886087, 41.712712], [-7.885804, 41.721716], [-7.890529, 41.725861]], [[-7.890577, 41.723083], [-7.889055, 41.721748], [-7.88893, 41.71274], [-7.89079, 41.710718], [-7.902815, 41.710451], [-7.905881, 41.712902], [-7.904601, 41.721897], [-7.902599, 41.723143], [-7.890577, 41.723083]]], [[[-8.516705, 41.595756], [-8.528705, 41.595648], [-8.540278, 41.591091], [-8.548193, 41.582115], [-8.549121, 41.573112], [-8.544523, 41.564086], [-8.54095, 41.560883], [-8.528999, 41.55521], [-8.517009, 41.554962], [-8.504982, 41.559609], [-8.495134, 41.572887], [-8.495973, 41.581898], [-8.504068, 41.590941], [-8.516705, 41.595756]], [[-8.516749, 41.589939], [-8.504792, 41.584478], [-8.502464, 41.581926], [-8.500911, 41.572912], [-8.504928, 41.566732], [-8.516968, 41.560553], [-8.528949, 41.562033], [-8.532512, 41.564038], [-8.539511, 41.573073], [-8.537608, 41.582073], [-8.528757, 41.588515], [-8.516749, 41.589939]]], [[[-8.323383, 41.55399], [-8.349167, 41.551131], [-8.361201, 41.546774], [-8.373255, 41.540119], [-8.386966, 41.527325], [-8.393109, 41.51835], [-8.395683, 41.509356], [-8.39321, 41.482321], [-8.395346, 41.446302], [-8.394371, 41.43729], [-8.391311, 41.428266], [-8.380768, 41.410195], [-8.381509, 41.401191], [-8.386609, 41.395474], [-8.393284, 41.383239], [-8.394752, 41.374239], [-8.392218, 41.365218], [-8.383648, 41.356165], [-8.375064, 41.351874], [-8.363128, 41.350069], [-8.351154, 41.352095], [-8.339122, 41.359727], [-8.335167, 41.364903], [-8.332261, 41.373893], [-8.335074, 41.400932], [-8.322799, 41.409868], [-8.290566, 41.427303], [-8.265126, 41.445544], [-8.227341, 41.481326], [-8.218876, 41.490277], [-8.21418, 41.499252], [-8.212868, 41.50825], [-8.215076, 41.517273], [-8.222068, 41.526327], [-8.229486, 41.532142], [-8.241412, 41.537321], [-8.289233, 41.549395], [-8.301195, 41.552039], [-8.323383, 41.55399]], [[-8.325231, 41.546785], [-8.301291, 41.543067], [-8.265458, 41.53118], [-8.241519, 41.528182], [-8.229599, 41.522538], [-8.224576, 41.517337], [-8.221168, 41.508307], [-8.223381, 41.499314], [-8.229974, 41.490931], [-8.244329, 41.481439], [-8.254153, 41.471736], [-8.267381, 41.454566], [-8.28906, 41.436687], [-8.314539, 41.423769], [-8.32654, 41.420515], [-8.350483, 41.419549], [-8.362426, 41.421939], [-8.37433, 41.428468], [-8.386167, 41.442342], [-8.389798, 41.455281], [-8.391549, 41.509334], [-8.387482, 41.51832], [-8.380074, 41.527288], [-8.373322, 41.533205], [-8.361265, 41.540209], [-8.349237, 41.544186], [-8.325231, 41.546785]]], [[[-8.493246, 41.526868], [-8.505271, 41.521715], [-8.508294, 41.5189], [-8.510063, 41.5099], [-8.5045, 41.500869], [-8.493498, 41.494463], [-8.481526, 41.493493], [-8.469505, 41.498512], [-8.462605, 41.509688], [-8.469329, 41.520059], [-8.481268, 41.525833], [-8.493246, 41.526868]], [[-8.481291, 41.522912], [-8.472486, 41.518741], [-8.46712, 41.509709], [-8.475288, 41.50074], [-8.48149, 41.497947], [-8.493458, 41.499663], [-8.502693, 41.509869], [-8.499766, 41.518863], [-8.49328, 41.522429], [-8.481291, 41.522912]]], [[[-8.685128, 41.506033], [-8.703387, 41.501554], [-8.715749, 41.492578], [-8.720477, 41.483582], [-8.721246, 41.474576], [-8.71864, 41.465562], [-8.711135, 41.456536], [-8.697377, 41.448591], [-8.685421, 41.445344], [-8.673454, 41.444564], [-8.661474, 41.446231], [-8.649478, 41.450737], [-8.637447, 41.461355], [-8.632344, 41.474326], [-8.634362, 41.48334], [-8.642286, 41.492373], [-8.661182, 41.502358], [-8.673148, 41.505439], [-8.685128, 41.506033]], [[-8.685159, 41.499494], [-8.673173, 41.500425], [-8.661203, 41.498226], [-8.648782, 41.492393], [-8.640398, 41.483359], [-8.638486, 41.474346], [-8.641854, 41.465349], [-8.64944, 41.457787], [-8.661441, 41.452489], [-8.67342, 41.45122], [-8.685384, 41.453069], [-8.697329, 41.458942], [-8.704385, 41.465527], [-8.707888, 41.474543], [-8.706872, 41.483548], [-8.700251, 41.492538], [-8.685159, 41.499494]]], [[[-8.634542, 41.191767], [-8.640809, 41.213131], [-8.650679, 41.226397], [-8.662567, 41.234842], [-8.674478, 41.239189], [-8.698334, 41.241547], [-8.722216, 41.238269], [-8.734164, 41.234781], [-8.757557, 41.222443], [-8.767204, 41.213455], [-8.776872, 41.195459], [-8.777618, 41.177444], [-8.774968, 41.168431], [-8.769937, 41.159413], [-8.755644, 41.14504], [-8.67527, 41.147484], [-8.676193, 41.146567], [-8.674793, 41.146932], [-8.674204, 41.147693], [-8.674239, 41.152019], [-8.686844, 41.148465], [-8.698766, 41.147415], [-8.710679, 41.148435], [-8.722583, 41.15157], [-8.73732, 41.159344], [-8.746799, 41.168373], [-8.752181, 41.177392], [-8.754461, 41.186405], [-8.754131, 41.195412], [-8.751104, 41.204414], [-8.744702, 41.213408], [-8.733681, 41.222391], [-8.72226, 41.227965], [-8.710313, 41.231568], [-8.698373, 41.233275], [-8.686441, 41.233064], [-8.674521, 41.230595], [-8.662617, 41.225156], [-8.650746, 41.213804], [-8.645867, 41.204138], [-8.644077, 41.189699], [-8.640929, 41.196241], [-8.635246, 41.193565], [-8.634542, 41.191767]]], [[[-8.654395, 41.165745], [-8.659759, 41.160591], [-8.657033, 41.160378], [-8.654961, 41.161963], [-8.654395, 41.165745]]], [[[-8.660465, 41.159912], [-8.664155, 41.157162], [-8.66117, 41.156307], [-8.662078, 41.158104], [-8.660465, 41.159912]]]]}}, {"id": "11", "type": "Feature", "properties": {"fill": "#a3a3a3", "value_min": -0.33, "value_max": -0.0}, "geometry": {"type": "MultiPolygon", "coordinates": [[[[-7.729203, 41.875972], [-7.743157, 41.884506], [-7.755181, 41.885943], [-7.767283, 41.883432], [-7.78033, 41.87376], [-7.783752, 41.86479], [-7.782395, 41.855769], [-7.774322, 41.846676], [-7.768057, 41.843119], [-7.756058, 41.840746], [-7.746361, 41.841979], [-7.746349, 41.84407], [-7.748973, 41.84588], [-7.755981, 41.844706], [-7.767973, 41.847482], [-7.776389, 41.855705], [-7.777634, 41.864725], [-7.767417, 41.876438], [-7.755314, 41.879133], [-7.743311, 41.87664], [-7.738217, 41.873305], [-7.734465, 41.867537], [-7.730228, 41.871024], [-7.729203, 41.875972]]], [[[-7.94853, 41.855362], [-7.960602, 41.853851], [-7.967935, 41.848579], [-7.970637, 41.839597], [-7.964101, 41.830531], [-7.961008, 41.828761], [-7.948994, 41.827034], [-7.936836, 41.834051], [-7.933813, 41.839261], [-7.936581, 41.84943], [-7.94853, 41.855362]], [[-7.94512, 41.848372], [-7.938917, 41.839308], [-7.948923, 41.831378], [-7.960889, 41.836094], [-7.963617, 41.839533], [-7.960733, 41.845733], [-7.956555, 41.848476], [-7.948615, 41.850166], [-7.94512, 41.848372]]], [[[-7.937466, 41.795954], [-7.94948, 41.797298], [-7.953086, 41.794404], [-7.950883, 41.785377], [-7.937564, 41.785255], [-7.93594, 41.794247], [-7.937466, 41.795954]]], [[[-7.890577, 41.723083], [-7.902599, 41.723143], [-7.904601, 41.721897], [-7.905881, 41.712902], [-7.902815, 41.710451], [-7.89079, 41.710718], [-7.88893, 41.71274], [-7.889055, 41.721748], [-7.890577, 41.723083]]], [[[-8.13104, 41.722149], [-8.143103, 41.719096], [-8.148085, 41.714953], [-8.149697, 41.705958], [-8.143403, 41.696904], [-8.130369, 41.6878], [-8.107553, 41.681829], [-8.106308, 41.678608], [-8.095702, 41.67016], [-8.083667, 41.671715], [-8.078572, 41.678389], [-8.083452, 41.686858], [-8.0954, 41.691693], [-8.102211, 41.705597], [-8.107146, 41.711266], [-8.119067, 41.718594], [-8.13104, 41.722149]], [[-8.124416, 41.714775], [-8.112106, 41.705674], [-8.10697, 41.696627], [-8.11945, 41.690525], [-8.1443, 41.705918], [-8.142888, 41.714915], [-8.131103, 41.717513], [-8.124416, 41.714775]], [[-8.083562, 41.679095], [-8.083579, 41.677898], [-8.095609, 41.676787], [-8.097812, 41.678542], [-8.095547, 41.681188], [-8.083562, 41.679095]]], [[[-8.516749, 41.589939], [-8.528757, 41.588515], [-8.537608, 41.582073], [-8.539511, 41.573073], [-8.532512, 41.564038], [-8.528949, 41.562033], [-8.516968, 41.560553], [-8.504928, 41.566732], [-8.500911, 41.572912], [-8.502464, 41.581926], [-8.504792, 41.584478], [-8.516749, 41.589939]], [[-8.513212, 41.581972], [-8.50861, 41.572946], [-8.516918, 41.567208], [-8.52888, 41.57156], [-8.530161, 41.573036], [-8.52884, 41.577061], [-8.524195, 41.582018], [-8.516795, 41.583694], [-8.513212, 41.581972]]], [[[-8.325231, 41.546785], [-8.349237, 41.544186], [-8.361265, 41.540209], [-8.373322, 41.533205], [-8.380074, 41.527288], [-8.387482, 41.51832], [-8.391549, 41.509334], [-8.389798, 41.455281], [-8.386167, 41.442342], [-8.37433, 41.428468], [-8.362426, 41.421939], [-8.350483, 41.419549], [-8.32654, 41.420515], [-8.314539, 41.423769], [-8.28906, 41.436687], [-8.267381, 41.454566], [-8.254153, 41.471736], [-8.244329, 41.481439], [-8.229974, 41.490931], [-8.223381, 41.499314], [-8.221168, 41.508307], [-8.224576, 41.517337], [-8.229599, 41.522538], [-8.241519, 41.528182], [-8.265458, 41.53118], [-8.301291, 41.543067], [-8.325231, 41.546785]], [[-8.337282, 41.540816], [-8.325293, 41.540834], [-8.313323, 41.539009], [-8.301376, 41.535213], [-8.284327, 41.526732], [-8.265653, 41.513939], [-8.255657, 41.517542], [-8.241636, 41.518153], [-8.231935, 41.508379], [-8.237962, 41.499412], [-8.241884, 41.496913], [-8.253885, 41.495113], [-8.258436, 41.490538], [-8.270217, 41.463592], [-8.287212, 41.445683], [-8.302437, 41.436357], [-8.31446, 41.431268], [-8.338433, 41.427749], [-8.350392, 41.428658], [-8.362331, 41.431678], [-8.37423, 41.438923], [-8.380537, 41.446224], [-8.38684, 41.464272], [-8.389405, 41.500316], [-8.387415, 41.509312], [-8.382419, 41.518293], [-8.37338, 41.527198], [-8.36132, 41.534623], [-8.349291, 41.538828], [-8.337282, 41.540816]]], [[[-8.481291, 41.522912], [-8.49328, 41.522429], [-8.499766, 41.518863], [-8.502693, 41.509869], [-8.493458, 41.499663], [-8.48149, 41.497947], [-8.475288, 41.50074], [-8.46712, 41.509709], [-8.472486, 41.518741], [-8.481291, 41.522912]], [[-8.478737, 41.51877], [-8.47287, 41.509736], [-8.481451, 41.502859], [-8.493403, 41.506738], [-8.496068, 41.50984], [-8.493331, 41.515958], [-8.489532, 41.518818], [-8.481314, 41.519991], [-8.478737, 41.51877]]], [[[-8.685159, 41.499494], [-8.700251, 41.492538], [-8.706872, 41.483548], [-8.707888, 41.474543], [-8.704385, 41.465527], [-8.697329, 41.458942], [-8.685384, 41.453069], [-8.67342, 41.45122], [-8.661441, 41.452489], [-8.64944, 41.457787], [-8.641854, 41.465349], [-8.638486, 41.474346], [-8.640398, 41.483359], [-8.648782, 41.492393], [-8.661203, 41.498226], [-8.673173, 41.500425], [-8.685159, 41.499494]], [[-8.673197, 41.495677], [-8.661224, 41.494175], [-8.646101, 41.483377], [-8.644405, 41.474364], [-8.648984, 41.465371], [-8.66141, 41.458561], [-8.673389, 41.457553], [-8.685345, 41.461018], [-8.691912, 41.465494], [-8.696985, 41.474515], [-8.69575, 41.483519], [-8.686354, 41.492501], [-8.673197, 41.495677]]], [[[-8.644077, 41.189699], [-8.645867, 41.204138], [-8.650746, 41.213804], [-8.662617, 41.225156], [-8.674521, 41.230595], [-8.686441, 41.233064], [-8.698373, 41.233275], [-8.710313, 41.231568], [-8.72226, 41.227965], [-8.733681, 41.222391], [-8.744702, 41.213408], [-8.751104, 41.204414], [-8.754131, 41.195412], [-8.754461, 41.186405], [-8.752181, 41.177392], [-8.746799, 41.168373], [-8.73732, 41.159344], [-8.722583, 41.15157], [-8.710679, 41.148435], [-8.698766, 41.147415], [-8.686844, 41.148465], [-8.674239, 41.152019], [-8.674849, 41.153767], [-8.672489, 41.15648], [-8.664155, 41.157162], [-8.660465, 41.159912], [-8.659759, 41.160591], [-8.654395, 41.165745], [-8.653231, 41.169174], [-8.655366, 41.175467], [-8.647955, 41.180228], [-8.647696, 41.185181], [-8.644077, 41.189699]], [[-8.698408, 41.225487], [-8.686477, 41.225467], [-8.67456, 41.2226], [-8.662668, 41.215152], [-8.655122, 41.204166], [-8.653229, 41.195153], [-8.654643, 41.186149], [-8.662883, 41.173342], [-8.674843, 41.165565], [-8.686779, 41.162184], [-8.698701, 41.161695], [-8.710611, 41.163892], [-8.720413, 41.168312], [-8.730988, 41.177345], [-8.735737, 41.186364], [-8.736667, 41.195374], [-8.733969, 41.204376], [-8.727139, 41.213367], [-8.711989, 41.222338], [-8.698408, 41.225487]]]]}}, {"id": "7", "type": "Feature", "properties": {"fill": "#cba158", "value_min": -1.67, "value_max": -1.33}, "geometry": {"type": "MultiPolygon", "coordinates": [[[[-7.807494, 41.870142], [-7.803131, 41.855987], [-7.797699, 41.846923], [-7.780322, 41.831524], [-7.768374, 41.826604], [-7.756372, 41.824525], [-7.741649, 41.82486], [-7.743143, 41.826729], [-7.738919, 41.828515], [-7.739511, 41.830121], [-7.756283, 41.829144], [-7.768288, 41.831055], [-7.780232, 41.836263], [-7.792081, 41.846617], [-7.797924, 41.855932], [-7.800585, 41.864967], [-7.80078, 41.874174], [-7.803381, 41.874857], [-7.804612, 41.869684], [-7.807494, 41.870142]]], [[[-8.012997, 41.831149], [-8.006527, 41.821899], [-7.985536, 41.800682], [-7.98242, 41.794668], [-7.973415, 41.785581], [-7.961792, 41.780196], [-7.9498, 41.777673], [-7.937765, 41.777803], [-7.925654, 41.782513], [-7.922767, 41.785117], [-7.921671, 41.794113], [-7.932074, 41.812224], [-7.929271, 41.821205], [-7.92492, 41.826413], [-7.91889, 41.839121], [-7.917287, 41.848113], [-7.91824, 41.857129], [-7.921927, 41.86617], [-7.931361, 41.876703], [-7.935283, 41.874707], [-7.937389, 41.87516], [-7.940412, 41.871566], [-7.93624, 41.869992], [-7.924396, 41.857699], [-7.921514, 41.848153], [-7.922321, 41.839153], [-7.9248, 41.833579], [-7.939703, 41.812295], [-7.937214, 41.811205], [-7.925437, 41.795483], [-7.926593, 41.785153], [-7.937735, 41.779657], [-7.949771, 41.77948], [-7.966531, 41.785519], [-7.971602, 41.794571], [-7.971756, 41.80358], [-7.975391, 41.812619], [-7.986784, 41.821727], [-7.994612, 41.830802], [-7.998035, 41.839839], [-7.997378, 41.851163], [-8.003089, 41.850494], [-8.005804, 41.847346], [-8.007928, 41.838796], [-8.010941, 41.836773], [-8.012997, 41.831149]]], [[[-7.960878, 41.875509], [-7.960878, 41.875509], [-7.960577, 41.87555], [-7.960878, 41.875509]]], [[[-7.995015, 41.857687], [-7.995015, 41.857687], [-7.994683, 41.858137], [-7.995015, 41.857687]]], [[[-7.989371, 41.863983], [-7.984465, 41.86845], [-7.969874, 41.87431], [-7.973828, 41.875216], [-7.987996, 41.869157], [-7.989371, 41.863983]]], [[[-7.965096, 41.874947], [-7.965096, 41.874947], [-7.96486, 41.874978], [-7.965096, 41.874947]]], [[[-8.130723, 41.745679], [-8.13417, 41.74187], [-8.160724, 41.724053], [-8.168586, 41.715103], [-8.169598, 41.706104], [-8.161306, 41.670015], [-8.155905, 41.659505], [-8.146712, 41.651894], [-8.144916, 41.642873], [-8.1462, 41.633876], [-8.132284, 41.629671], [-8.12735, 41.633734], [-8.12799, 41.642746], [-8.120041, 41.647105], [-8.083933, 41.652981], [-8.071837, 41.65899], [-8.063356, 41.669259], [-8.059694, 41.678236], [-8.060465, 41.687249], [-8.073048, 41.705365], [-8.074811, 41.723394], [-8.078029, 41.732426], [-8.084748, 41.741487], [-8.094596, 41.749003], [-8.106576, 41.752405], [-8.118625, 41.750918], [-8.130723, 41.745679]], [[-8.14294, 41.731355], [-8.130835, 41.737406], [-8.118776, 41.739856], [-8.106767, 41.738663], [-8.094831, 41.732293], [-8.087221, 41.723493], [-8.080006, 41.705421], [-8.066523, 41.687299], [-8.064483, 41.678275], [-8.071747, 41.665277], [-8.08386, 41.658121], [-8.095896, 41.656282], [-8.107895, 41.657115], [-8.131834, 41.663176], [-8.143775, 41.668516], [-8.155636, 41.680037], [-8.162853, 41.697048], [-8.164767, 41.706069], [-8.163206, 41.715064], [-8.15426, 41.724006], [-8.14294, 41.731355]]], [[[-7.924712, 41.722087], [-7.927362, 41.713105], [-7.924866, 41.704075], [-7.915078, 41.695958], [-7.903103, 41.693463], [-7.891033, 41.696555], [-7.877795, 41.712631], [-7.876268, 41.721623], [-7.878506, 41.725862], [-7.883445, 41.7307], [-7.890383, 41.734398], [-7.902389, 41.735456], [-7.914487, 41.73114], [-7.924712, 41.722087]], [[-7.914568, 41.726319], [-7.902443, 41.732319], [-7.890433, 41.731456], [-7.879299, 41.721653], [-7.8804, 41.712657], [-7.890965, 41.700537], [-7.903022, 41.69826], [-7.916282, 41.703994], [-7.921619, 41.713051], [-7.919396, 41.722037], [-7.914568, 41.726319]]], [[[-8.589946, 41.620071], [-8.604746, 41.609345], [-8.608637, 41.600351], [-8.607833, 41.591341], [-8.597043, 41.573289], [-8.547192, 41.510052], [-8.524104, 41.491944], [-8.505589, 41.479915], [-8.493656, 41.47419], [-8.481703, 41.471274], [-8.469686, 41.47629], [-8.448722, 41.500615], [-8.443607, 41.509598], [-8.450897, 41.51864], [-8.457336, 41.520962], [-8.484915, 41.536813], [-8.490901, 41.545847], [-8.488179, 41.554842], [-8.476341, 41.572803], [-8.474668, 41.581803], [-8.479079, 41.59083], [-8.492646, 41.603606], [-8.504584, 41.611682], [-8.528511, 41.622265], [-8.537794, 41.624391], [-8.543431, 41.61462], [-8.554533, 41.615255], [-8.557244, 41.617046], [-8.562639, 41.61635], [-8.568056, 41.619031], [-8.570735, 41.616095], [-8.577321, 41.614269], [-8.581231, 41.615829], [-8.585766, 41.620988], [-8.589946, 41.620071]], [[-8.552613, 41.608756], [-8.540594, 41.611231], [-8.528592, 41.611137], [-8.516609, 41.608633], [-8.504642, 41.604116], [-8.487432, 41.590868], [-8.482859, 41.58184], [-8.483408, 41.572835], [-8.500415, 41.545888], [-8.49315, 41.536849], [-8.481218, 41.532093], [-8.458399, 41.518676], [-8.451572, 41.509636], [-8.455335, 41.500647], [-8.469604, 41.486365], [-8.481619, 41.481808], [-8.49359, 41.482639], [-8.505533, 41.487276], [-8.523409, 41.500949], [-8.529363, 41.509981], [-8.536667, 41.528025], [-8.564287, 41.555155], [-8.570816, 41.564187], [-8.57478, 41.573209], [-8.576082, 41.582221], [-8.574452, 41.591223], [-8.568076, 41.600206], [-8.552613, 41.608756]]], [[[-8.296509, 41.316774], [-8.291996, 41.373653], [-8.287639, 41.391641], [-8.282415, 41.400616], [-8.26676, 41.415752], [-8.218555, 41.444234], [-8.208004, 41.454173], [-8.202294, 41.463141], [-8.194857, 41.481104], [-8.190028, 41.508092], [-8.192755, 41.526125], [-8.20075, 41.544196], [-8.217109, 41.564414], [-8.228993, 41.573584], [-8.252848, 41.585257], [-8.264806, 41.588742], [-8.288756, 41.592865], [-8.300748, 41.593446], [-8.324764, 41.591624], [-8.348817, 41.586015], [-8.372913, 41.575566], [-8.388488, 41.563362], [-8.417054, 41.518474], [-8.416498, 41.509464], [-8.409555, 41.503417], [-8.403216, 41.491381], [-8.400969, 41.482362], [-8.402169, 41.47336], [-8.406693, 41.464376], [-8.409953, 41.459528], [-8.422006, 41.450672], [-8.453257, 41.437585], [-8.460483, 41.428611], [-8.464845, 41.419624], [-8.474799, 41.392647], [-8.478973, 41.374651], [-8.480009, 41.356641], [-8.477741, 41.338615], [-8.471506, 41.320571], [-8.459892, 41.302502], [-8.447318, 41.289285], [-8.432228, 41.277108], [-8.427032, 41.279372], [-8.429143, 41.284319], [-8.426171, 41.287028], [-8.426488, 41.291079], [-8.425013, 41.294909], [-8.422037, 41.296942], [-8.422647, 41.299867], [-8.407744, 41.304856], [-8.406262, 41.307335], [-8.403277, 41.307342], [-8.399123, 41.313491], [-8.411219, 41.319374], [-8.423091, 41.328039], [-8.43256, 41.338401], [-8.441842, 41.356462], [-8.444651, 41.374491], [-8.442978, 41.392498], [-8.434425, 41.419479], [-8.429691, 41.428463], [-8.410035, 41.450455], [-8.398593, 41.473342], [-8.397811, 41.482345], [-8.407055, 41.509415], [-8.406783, 41.518421], [-8.402298, 41.527405], [-8.389216, 41.545351], [-8.373061, 41.560202], [-8.361005, 41.566614], [-8.348969, 41.570886], [-8.324931, 41.57561], [-8.312929, 41.576284], [-8.288955, 41.574696], [-8.265023, 41.569589], [-8.241137, 41.560888], [-8.229219, 41.554587], [-8.21733, 41.546078], [-8.205507, 41.532521], [-8.198884, 41.517161], [-8.197749, 41.508146], [-8.198446, 41.499143], [-8.204585, 41.481171], [-8.218358, 41.46068], [-8.235526, 41.445351], [-8.275651, 41.418589], [-8.294229, 41.400689], [-8.299203, 41.391712], [-8.306977, 41.355729], [-8.315157, 41.336554], [-8.312604, 41.334983], [-8.313794, 41.333405], [-8.31139, 41.328007], [-8.307502, 41.325762], [-8.305116, 41.326891], [-8.303024, 41.325994], [-8.303615, 41.323742], [-8.301216, 41.319694], [-8.296509, 41.316774]]], [[[-8.29715, 41.313622], [-8.29715, 41.313622], [-8.296921, 41.314748], [-8.29715, 41.313622]]], [[[-8.762329, 41.578631], [-8.792747, 41.575907], [-8.821694, 41.567723], [-8.821417, 41.560283], [-8.818497, 41.554794], [-8.8221, 41.547542], [-8.822119, 41.535992], [-8.820421, 41.530712], [-8.815926, 41.525624], [-8.81063, 41.5101], [-8.813279, 41.503483], [-8.812976, 41.498005], [-8.804699, 41.482068], [-8.798552, 41.474753], [-8.80154, 41.446836], [-8.806115, 41.43713], [-8.807354, 41.425915], [-8.811202, 41.416419], [-8.804435, 41.26473], [-8.76983, 41.272593], [-8.734004, 41.274353], [-8.698195, 41.271932], [-8.662426, 41.262226], [-8.650521, 41.256082], [-8.638639, 41.246213], [-8.634137, 41.240133], [-8.625106, 41.222088], [-8.607233, 41.170048], [-8.604942, 41.164881], [-8.600767, 41.164222], [-8.589766, 41.167193], [-8.5879, 41.170802], [-8.603156, 41.192953], [-8.608124, 41.204016], [-8.614068, 41.222052], [-8.619543, 41.249094], [-8.622921, 41.258113], [-8.629498, 41.267142], [-8.662276, 41.291375], [-8.684126, 41.312343], [-8.697965, 41.321778], [-8.721821, 41.331544], [-8.753034, 41.339535], [-8.779026, 41.348596], [-8.793933, 41.357631], [-8.802544, 41.366654], [-8.804631, 41.375665], [-8.800466, 41.384665], [-8.786519, 41.393648], [-8.758, 41.402599], [-8.661604, 41.42124], [-8.637621, 41.430065], [-8.626941, 41.438279], [-8.620227, 41.447265], [-8.610344, 41.474254], [-8.610377, 41.483262], [-8.616059, 41.492288], [-8.650317, 41.510412], [-8.663606, 41.519459], [-8.708836, 41.563315], [-8.720798, 41.570474], [-8.732775, 41.574717], [-8.744759, 41.577413], [-8.75993, 41.578618], [-8.762329, 41.578631]], [[-8.756991, 41.514365], [-8.74498, 41.521429], [-8.732977, 41.525585], [-8.720983, 41.527457], [-8.708996, 41.527493], [-8.685048, 41.522528], [-8.649184, 41.505414], [-8.62746, 41.492326], [-8.620057, 41.483294], [-8.618625, 41.474282], [-8.620409, 41.46528], [-8.631131, 41.4473], [-8.637558, 41.441363], [-8.649565, 41.434661], [-8.661554, 41.430831], [-8.685508, 41.427352], [-8.709441, 41.427967], [-8.721401, 41.429871], [-8.746976, 41.438606], [-8.760559, 41.447642], [-8.768626, 41.456666], [-8.773858, 41.465684], [-8.776265, 41.474696], [-8.774217, 41.492707], [-8.769309, 41.501705], [-8.756991, 41.514365]]]]}}, {"id": "12", "type": "Feature", "properties": {"fill": "#a3a3a3", "value_min": 0.0, "value_max": -0.33}, "geometry": {"type": "MultiPolygon", "coordinates": [[[[-7.734465, 41.867537], [-7.738217, 41.873305], [-7.743311, 41.87664], [-7.755314, 41.879133], [-7.767417, 41.876438], [-7.777634, 41.864725], [-7.776389, 41.855705], [-7.767973, 41.847482], [-7.755981, 41.844706], [-7.748973, 41.84588], [-7.750532, 41.849261], [-7.743309, 41.849012], [-7.746593, 41.853509], [-7.755876, 41.850121], [-7.767849, 41.853956], [-7.769565, 41.855632], [-7.770127, 41.864644], [-7.767582, 41.867833], [-7.75545, 41.872092], [-7.743508, 41.866594], [-7.741735, 41.864337], [-7.742558, 41.857337], [-7.736611, 41.861368], [-7.734465, 41.867537]]], [[[-7.94512, 41.848372], [-7.948615, 41.850166], [-7.956555, 41.848476], [-7.960733, 41.845733], [-7.963617, 41.839533], [-7.960889, 41.836094], [-7.948923, 41.831378], [-7.938917, 41.839308], [-7.94512, 41.848372]], [[-7.947362, 41.839386], [-7.948811, 41.838237], [-7.951431, 41.839423], [-7.948761, 41.841236], [-7.947362, 41.839386]]], [[[-8.124416, 41.714775], [-8.131103, 41.717513], [-8.142888, 41.714915], [-8.1443, 41.705918], [-8.11945, 41.690525], [-8.10697, 41.696627], [-8.112106, 41.705674], [-8.124416, 41.714775]], [[-8.11908, 41.696721], [-8.119636, 41.696725], [-8.11936, 41.697109], [-8.11908, 41.696721]]], [[[-8.083562, 41.679095], [-8.095547, 41.681188], [-8.097812, 41.678542], [-8.095609, 41.676787], [-8.083579, 41.677898], [-8.083562, 41.679095]]], [[[-8.513212, 41.581972], [-8.516795, 41.583694], [-8.524195, 41.582018], [-8.52884, 41.577061], [-8.530161, 41.573036], [-8.52888, 41.57156], [-8.516918, 41.567208], [-8.50861, 41.572946], [-8.513212, 41.581972]]], [[[-8.337282, 41.540816], [-8.349291, 41.538828], [-8.36132, 41.534623], [-8.37338, 41.527198], [-8.382419, 41.518293], [-8.387415, 41.509312], [-8.389405, 41.500316], [-8.38684, 41.464272], [-8.380537, 41.446224], [-8.37423, 41.438923], [-8.362331, 41.431678], [-8.350392, 41.428658], [-8.338433, 41.427749], [-8.31446, 41.431268], [-8.302437, 41.436357], [-8.287212, 41.445683], [-8.270217, 41.463592], [-8.258436, 41.490538], [-8.253885, 41.495113], [-8.241884, 41.496913], [-8.237962, 41.499412], [-8.231935, 41.508379], [-8.241636, 41.518153], [-8.255657, 41.517542], [-8.265653, 41.513939], [-8.284327, 41.526732], [-8.301376, 41.535213], [-8.313323, 41.539009], [-8.325293, 41.540834], [-8.337282, 41.540816]], [[-8.349337, 41.534237], [-8.325348, 41.535489], [-8.313384, 41.533292], [-8.298643, 41.52682], [-8.286995, 41.517741], [-8.280234, 41.508692], [-8.273106, 41.490632], [-8.27253, 41.481621], [-8.274358, 41.472625], [-8.285719, 41.454681], [-8.302371, 41.442476], [-8.326396, 41.434434], [-8.338374, 41.433514], [-8.35033, 41.434822], [-8.362263, 41.43862], [-8.374154, 41.446839], [-8.380264, 41.45523], [-8.383682, 41.464255], [-8.386901, 41.491295], [-8.383766, 41.509293], [-8.373426, 41.522456], [-8.361365, 41.530118], [-8.349337, 41.534237]]], [[[-8.478737, 41.51877], [-8.481314, 41.519991], [-8.489532, 41.518818], [-8.493331, 41.515958], [-8.496068, 41.50984], [-8.493403, 41.506738], [-8.481451, 41.502859], [-8.47287, 41.509736], [-8.478737, 41.51877]], [[-8.479899, 41.509768], [-8.481406, 41.50856], [-8.484558, 41.509789], [-8.481377, 41.512176], [-8.479899, 41.509768]]], [[[-8.673197, 41.495677], [-8.686354, 41.492501], [-8.69575, 41.483519], [-8.696985, 41.474515], [-8.691912, 41.465494], [-8.685345, 41.461018], [-8.673389, 41.457553], [-8.66141, 41.458561], [-8.648984, 41.465371], [-8.644405, 41.474364], [-8.646101, 41.483377], [-8.661224, 41.494175], [-8.673197, 41.495677]], [[-8.673225, 41.490243], [-8.661251, 41.489085], [-8.65305, 41.483398], [-8.650864, 41.474384], [-8.661378, 41.464588], [-8.673356, 41.463981], [-8.677312, 41.465454], [-8.687126, 41.474488], [-8.685676, 41.483492], [-8.673225, 41.490243]]], [[[-8.698408, 41.225487], [-8.711989, 41.222338], [-8.727139, 41.213367], [-8.733969, 41.204376], [-8.736667, 41.195374], [-8.735737, 41.186364], [-8.730988, 41.177345], [-8.720413, 41.168312], [-8.710611, 41.163892], [-8.698701, 41.161695], [-8.686779, 41.162184], [-8.674843, 41.165565], [-8.662883, 41.173342], [-8.654643, 41.186149], [-8.653229, 41.195153], [-8.655122, 41.204166], [-8.662668, 41.215152], [-8.67456, 41.2226], [-8.686477, 41.225467], [-8.698408, 41.225487]], [[-8.686516, 41.217358], [-8.673903, 41.213229], [-8.665615, 41.204197], [-8.66346, 41.195183], [-8.667028, 41.186186], [-8.674778, 41.178679], [-8.686721, 41.174458], [-8.698642, 41.174581], [-8.710544, 41.179129], [-8.717963, 41.186322], [-8.720968, 41.195337], [-8.718552, 41.204339], [-8.709278, 41.213324], [-8.698447, 41.217028], [-8.686516, 41.217358]]]]}}, {"id": "13", "type": "Feature", "properties": {"fill": "#a3a3a3", "value_min": 0.33, "value_max": -0.67}, "geometry": {"type": "MultiPolygon", "coordinates": [[[[-7.742558, 41.857337], [-7.741735, 41.864337], [-7.743508, 41.866594], [-7.75545, 41.872092], [-7.767582, 41.867833], [-7.770127, 41.864644], [-7.769565, 41.855632], [-7.767849, 41.853956], [-7.755876, 41.850121], [-7.746593, 41.853509], [-7.746881, 41.855776], [-7.742558, 41.857337]]], [[[-7.947362, 41.839386], [-7.948761, 41.841236], [-7.951431, 41.839423], [-7.948811, 41.838237], [-7.947362, 41.839386]]], [[[-8.11908, 41.696721], [-8.11936, 41.697109], [-8.119636, 41.696725], [-8.11908, 41.696721]]], [[[-8.349337, 41.534237], [-8.361365, 41.530118], [-8.373426, 41.522456], [-8.383766, 41.509293], [-8.386901, 41.491295], [-8.383682, 41.464255], [-8.380264, 41.45523], [-8.374154, 41.446839], [-8.362263, 41.43862], [-8.35033, 41.434822], [-8.338374, 41.433514], [-8.326396, 41.434434], [-8.302371, 41.442476], [-8.285719, 41.454681], [-8.274358, 41.472625], [-8.27253, 41.481621], [-8.273106, 41.490632], [-8.280234, 41.508692], [-8.286995, 41.517741], [-8.298643, 41.52682], [-8.313384, 41.533292], [-8.325348, 41.535489], [-8.349337, 41.534237]], [[-8.361405, 41.526044], [-8.349375, 41.530426], [-8.337371, 41.532073], [-8.325391, 41.531414], [-8.313437, 41.52824], [-8.295721, 41.517795], [-8.283254, 41.499703], [-8.279809, 41.481667], [-8.281112, 41.472668], [-8.285376, 41.463687], [-8.293368, 41.454729], [-8.30231, 41.448154], [-8.314343, 41.442368], [-8.326345, 41.439311], [-8.338324, 41.438519], [-8.350281, 41.439742], [-8.362211, 41.443904], [-8.37569, 41.455205], [-8.38316, 41.47326], [-8.383873, 41.500286], [-8.380521, 41.509275], [-8.37347, 41.517798], [-8.361405, 41.526044]]], [[[-8.479899, 41.509768], [-8.481377, 41.512176], [-8.484558, 41.509789], [-8.481406, 41.50856], [-8.479899, 41.509768]]], [[[-8.673225, 41.490243], [-8.685676, 41.483492], [-8.687126, 41.474488], [-8.677312, 41.465454], [-8.673356, 41.463981], [-8.661378, 41.464588], [-8.650864, 41.474384], [-8.65305, 41.483398], [-8.661251, 41.489085], [-8.673225, 41.490243]], [[-8.673311, 41.473097], [-8.675027, 41.474455], [-8.673262, 41.48274], [-8.66129, 41.481535], [-8.660064, 41.474412], [-8.661334, 41.47318], [-8.673311, 41.473097]]], [[[-8.686516, 41.217358], [-8.698447, 41.217028], [-8.709278, 41.213324], [-8.718552, 41.204339], [-8.720968, 41.195337], [-8.717963, 41.186322], [-8.710544, 41.179129], [-8.698642, 41.174581], [-8.686721, 41.174458], [-8.674778, 41.178679], [-8.667028, 41.186186], [-8.66346, 41.195183], [-8.665615, 41.204197], [-8.673903, 41.213229], [-8.686516, 41.217358]], [[-8.701683, 41.195289], [-8.698504, 41.204628], [-8.68657, 41.205964], [-8.683198, 41.204247], [-8.679845, 41.19523], [-8.686649, 41.189465], [-8.698564, 41.191655], [-8.701683, 41.195289]]]]}}, {"id": "6", "type": "Feature", "properties": {"fill": "#e79f24", "value_min": -2.0, "value_max": -1.67}, "geometry": {"type": "MultiPolygon", "coordinates": [[[[-7.815713, 41.873541], [-7.808986, 41.856047], [-7.803096, 41.846979], [-7.792303, 41.834828], [-7.780422, 41.826236], [-7.768472, 41.821459], [-7.756465, 41.819737], [-7.731748, 41.820192], [-7.73594, 41.823554], [-7.741649, 41.82486], [-7.756372, 41.824525], [-7.768374, 41.826604], [-7.780322, 41.831524], [-7.797699, 41.846923], [-7.803131, 41.855987], [-7.807494, 41.870142], [-7.815713, 41.873541]]], [[[-8.050389, 41.820281], [-8.042067, 41.813194], [-8.025988, 41.804052], [-7.989922, 41.785727], [-7.973831, 41.779817], [-7.949829, 41.775904], [-7.937796, 41.775964], [-7.925714, 41.778915], [-7.918877, 41.78508], [-7.91849, 41.794084], [-7.925968, 41.812167], [-7.924338, 41.821159], [-7.915458, 41.839089], [-7.912334, 41.857073], [-7.913221, 41.866088], [-7.917727, 41.879177], [-7.931361, 41.876703], [-7.921927, 41.86617], [-7.91824, 41.857129], [-7.917287, 41.848113], [-7.91889, 41.839121], [-7.92492, 41.826413], [-7.929271, 41.821205], [-7.932074, 41.812224], [-7.921671, 41.794113], [-7.922767, 41.785117], [-7.925654, 41.782513], [-7.937765, 41.777803], [-7.9498, 41.777673], [-7.961792, 41.780196], [-7.973415, 41.785581], [-7.98242, 41.794668], [-7.985536, 41.800682], [-8.006527, 41.821899], [-8.012997, 41.831149], [-8.013965, 41.828899], [-8.017873, 41.831379], [-8.02901, 41.829589], [-8.037134, 41.831171], [-8.041351, 41.828023], [-8.041054, 41.825097], [-8.045268, 41.824425], [-8.050389, 41.820281]]], [[[-8.762329, 41.578631], [-8.764443, 41.580303], [-8.767441, 41.580286], [-8.769874, 41.583874], [-8.768997, 41.58613], [-8.773228, 41.589482], [-8.775371, 41.593972], [-8.78556, 41.593464], [-8.797327, 41.600599], [-8.804218, 41.600109], [-8.80456, 41.604158], [-8.809434, 41.611332], [-8.828644, 41.609656], [-8.82839, 41.585633], [-8.821694, 41.567723], [-8.792747, 41.575907], [-8.762329, 41.578631]]], [[[-8.75993, 41.578618], [-8.744759, 41.577413], [-8.732775, 41.574717], [-8.720798, 41.570474], [-8.708836, 41.563315], [-8.663606, 41.519459], [-8.650317, 41.510412], [-8.616059, 41.492288], [-8.610377, 41.483262], [-8.610344, 41.474254], [-8.620227, 41.447265], [-8.626941, 41.438279], [-8.637621, 41.430065], [-8.661604, 41.42124], [-8.758, 41.402599], [-8.786519, 41.393648], [-8.800466, 41.384665], [-8.804631, 41.375665], [-8.802544, 41.366654], [-8.793933, 41.357631], [-8.779026, 41.348596], [-8.753034, 41.339535], [-8.721821, 41.331544], [-8.697965, 41.321778], [-8.684126, 41.312343], [-8.662276, 41.291375], [-8.629498, 41.267142], [-8.622921, 41.258113], [-8.619543, 41.249094], [-8.614068, 41.222052], [-8.608124, 41.204016], [-8.603156, 41.192953], [-8.5879, 41.170802], [-8.583263, 41.174422], [-8.582094, 41.177803], [-8.578825, 41.178941], [-8.580327, 41.180736], [-8.579765, 41.185809], [-8.591208, 41.196661], [-8.595885, 41.203974], [-8.602155, 41.222011], [-8.600562, 41.240022], [-8.582435, 41.275988], [-8.589054, 41.28502], [-8.638342, 41.300055], [-8.662165, 41.312801], [-8.699968, 41.339409], [-8.710132, 41.348443], [-8.717608, 41.357469], [-8.720518, 41.366484], [-8.719789, 41.37549], [-8.714818, 41.384485], [-8.704395, 41.393466], [-8.68651, 41.402427], [-8.630683, 41.420276], [-8.618164, 41.429243], [-8.612829, 41.438232], [-8.595555, 41.492218], [-8.601303, 41.49741], [-8.625229, 41.503661], [-8.637185, 41.508302], [-8.653386, 41.519429], [-8.659689, 41.528455], [-8.662388, 41.537471], [-8.660947, 41.547384], [-8.655558, 41.555465], [-8.648885, 41.560623], [-8.636874, 41.563989], [-8.624882, 41.5638], [-8.612906, 41.560788], [-8.600955, 41.554022], [-8.59226, 41.546251], [-8.585393, 41.537219], [-8.581519, 41.528197], [-8.577273, 41.507956], [-8.563047, 41.501106], [-8.541421, 41.494315], [-8.529485, 41.488139], [-8.508217, 41.473863], [-8.497082, 41.464807], [-8.48928, 41.455765], [-8.486098, 41.446744], [-8.488727, 41.42874], [-8.497985, 41.410766], [-8.515546, 41.383819], [-8.519316, 41.374827], [-8.530026, 41.329833], [-8.54314, 41.293855], [-8.537972, 41.284826], [-8.519086, 41.273972], [-8.497389, 41.257633], [-8.483556, 41.240272], [-8.483515, 41.24021], [-8.483407, 41.240048], [-8.476346, 41.237818], [-8.475756, 41.23917], [-8.470986, 41.23941], [-8.471604, 41.243459], [-8.469227, 41.245267], [-8.463258, 41.244384], [-8.459989, 41.246644], [-8.455512, 41.245982], [-8.455541, 41.251834], [-8.452276, 41.25522], [-8.449891, 41.255452], [-8.449304, 41.257479], [-8.447812, 41.257258], [-8.449028, 41.261982], [-8.439785, 41.262907], [-8.438023, 41.268989], [-8.434745, 41.269673], [-8.434762, 41.2735], [-8.432228, 41.277108], [-8.447318, 41.289285], [-8.459892, 41.302502], [-8.471506, 41.320571], [-8.477741, 41.338615], [-8.480009, 41.356641], [-8.478973, 41.374651], [-8.474799, 41.392647], [-8.464845, 41.419624], [-8.460483, 41.428611], [-8.453257, 41.437585], [-8.422006, 41.450672], [-8.409953, 41.459528], [-8.406693, 41.464376], [-8.402169, 41.47336], [-8.400969, 41.482362], [-8.403216, 41.491381], [-8.409555, 41.503417], [-8.416498, 41.509464], [-8.417054, 41.518474], [-8.388488, 41.563362], [-8.372913, 41.575566], [-8.348817, 41.586015], [-8.324764, 41.591624], [-8.300748, 41.593446], [-8.288756, 41.592865], [-8.264806, 41.588742], [-8.252848, 41.585257], [-8.228993, 41.573584], [-8.217109, 41.564414], [-8.20075, 41.544196], [-8.192755, 41.526125], [-8.190028, 41.508092], [-8.194857, 41.481104], [-8.202294, 41.463141], [-8.208004, 41.454173], [-8.218555, 41.444234], [-8.26676, 41.415752], [-8.282415, 41.400616], [-8.287639, 41.391641], [-8.291996, 41.373653], [-8.296509, 41.316774], [-8.296921, 41.314748], [-8.29715, 41.313622], [-8.296116, 41.310022], [-8.292241, 41.312504], [-8.289255, 41.312508], [-8.284488, 41.316341], [-8.281801, 41.316569], [-8.279132, 41.324451], [-8.272266, 41.32536], [-8.270424, 41.326938], [-8.278405, 41.346546], [-8.281937, 41.364583], [-8.280898, 41.382591], [-8.277772, 41.391579], [-8.27226, 41.400552], [-8.254797, 41.415522], [-8.242755, 41.422064], [-8.206674, 41.436862], [-8.19668, 41.445087], [-8.189129, 41.463048], [-8.182613, 41.499032], [-8.183324, 41.526059], [-8.193089, 41.567145], [-8.201632, 41.589238], [-8.20712, 41.598283], [-8.216608, 41.605907], [-8.228556, 41.610297], [-8.252501, 41.615394], [-8.276472, 41.618432], [-8.300477, 41.618563], [-8.324525, 41.614577], [-8.336564, 41.61104], [-8.360665, 41.601175], [-8.394284, 41.581407], [-8.403142, 41.572446], [-8.410141, 41.545461], [-8.413998, 41.536473], [-8.421327, 41.526977], [-8.433378, 41.519565], [-8.445359, 41.520078], [-8.457311, 41.52397], [-8.478817, 41.536785], [-8.484554, 41.545818], [-8.48207, 41.554814], [-8.468041, 41.572765], [-8.463843, 41.581753], [-8.469087, 41.590784], [-8.504506, 41.621882], [-8.537726, 41.646602], [-8.543876, 41.637352], [-8.543855, 41.633976], [-8.535436, 41.63108], [-8.537794, 41.624391], [-8.528511, 41.622265], [-8.504584, 41.611682], [-8.492646, 41.603606], [-8.479079, 41.59083], [-8.474668, 41.581803], [-8.476341, 41.572803], [-8.488179, 41.554842], [-8.490901, 41.545847], [-8.484915, 41.536813], [-8.457336, 41.520962], [-8.450897, 41.51864], [-8.443607, 41.509598], [-8.448722, 41.500615], [-8.469686, 41.47629], [-8.481703, 41.471274], [-8.493656, 41.47419], [-8.505589, 41.479915], [-8.524104, 41.491944], [-8.547192, 41.510052], [-8.597043, 41.573289], [-8.607833, 41.591341], [-8.608637, 41.600351], [-8.604746, 41.609345], [-8.589946, 41.620071], [-8.592957, 41.619834], [-8.596534, 41.616668], [-8.601628, 41.615972], [-8.603996, 41.611686], [-8.613256, 41.606696], [-8.619881, 41.610269], [-8.621338, 41.604636], [-8.628833, 41.604378], [-8.636302, 41.600744], [-8.64075, 41.594422], [-8.645536, 41.593051], [-8.646744, 41.594171], [-8.649125, 41.591909], [-8.656622, 41.5921], [-8.660788, 41.588255], [-8.663794, 41.589141], [-8.665265, 41.585758], [-8.66948, 41.587989], [-8.684455, 41.586117], [-8.685608, 41.58071], [-8.697261, 41.576376], [-8.701703, 41.570277], [-8.707704, 41.570923], [-8.712485, 41.569323], [-8.716422, 41.573805], [-8.720316, 41.57356], [-8.725151, 41.577811], [-8.726633, 41.576003], [-8.734424, 41.575737], [-8.736564, 41.580228], [-8.738354, 41.579318], [-8.740778, 41.582006], [-8.74467, 41.581535], [-8.750711, 41.58623], [-8.75993, 41.578618]], [[-8.421522, 41.505049], [-8.409619, 41.496315], [-8.406728, 41.491399], [-8.404126, 41.482378], [-8.405745, 41.473379], [-8.409891, 41.466369], [-8.421938, 41.458266], [-8.433931, 41.456112], [-8.445893, 41.457391], [-8.456657, 41.464623], [-8.45903, 41.473642], [-8.456467, 41.482637], [-8.445555, 41.497088], [-8.433498, 41.505788], [-8.421522, 41.505049]]], [[[-8.130303, 41.768862], [-8.137984, 41.750906], [-8.143933, 41.741943], [-8.15288, 41.733003], [-8.167399, 41.724102], [-8.175049, 41.71515], [-8.172141, 41.679101], [-8.184793, 41.634156], [-8.182747, 41.625134], [-8.180392, 41.622743], [-8.168468, 41.616531], [-8.156491, 41.614525], [-8.144485, 41.614812], [-8.132441, 41.617939], [-8.120322, 41.62643], [-8.108127, 41.640237], [-8.071937, 41.651998], [-8.059713, 41.666752], [-8.050887, 41.687171], [-8.059303, 41.696247], [-8.064193, 41.705294], [-8.059314, 41.723268], [-8.060105, 41.732281], [-8.070347, 41.762473], [-8.08215, 41.778385], [-8.094091, 41.784952], [-8.106115, 41.785671], [-8.118202, 41.781803], [-8.130303, 41.768862]], [[-8.130723, 41.745679], [-8.118625, 41.750918], [-8.106576, 41.752405], [-8.094596, 41.749003], [-8.084748, 41.741487], [-8.078029, 41.732426], [-8.074811, 41.723394], [-8.073048, 41.705365], [-8.060465, 41.687249], [-8.059694, 41.678236], [-8.063356, 41.669259], [-8.071837, 41.65899], [-8.083933, 41.652981], [-8.120041, 41.647105], [-8.12799, 41.642746], [-8.12735, 41.633734], [-8.132284, 41.629671], [-8.1462, 41.633876], [-8.144916, 41.642873], [-8.146712, 41.651894], [-8.155905, 41.659505], [-8.161306, 41.670015], [-8.169598, 41.706104], [-8.168586, 41.715103], [-8.160724, 41.724053], [-8.13417, 41.74187], [-8.130723, 41.745679]]], [[[-7.926583, 41.726812], [-7.932178, 41.722157], [-7.936133, 41.713186], [-7.935663, 41.704175], [-7.929879, 41.695114], [-7.91523, 41.68692], [-7.903223, 41.686414], [-7.891139, 41.690427], [-7.87886, 41.705495], [-7.87553, 41.712609], [-7.8733, 41.721594], [-7.877799, 41.730645], [-7.890332, 41.737341], [-7.902336, 41.738592], [-7.914413, 41.735506], [-7.926583, 41.726812]], [[-7.924712, 41.722087], [-7.914487, 41.73114], [-7.902389, 41.735456], [-7.890383, 41.734398], [-7.883445, 41.7307], [-7.878506, 41.725862], [-7.876268, 41.721623], [-7.877795, 41.712631], [-7.891033, 41.696555], [-7.903103, 41.693463], [-7.915078, 41.695958], [-7.924866, 41.704075], [-7.927362, 41.713105], [-7.924712, 41.722087]]]]}}, {"id": "5", "type": "Feature", "properties": {"fill": "#ea870e", "value_min": -2.33, "value_max": -2.0}, "geometry": {"type": "MultiPolygon", "coordinates": [[[[-8.537726, 41.646602], [-8.504506, 41.621882], [-8.469087, 41.590784], [-8.463843, 41.581753], [-8.468041, 41.572765], [-8.48207, 41.554814], [-8.484554, 41.545818], [-8.478817, 41.536785], [-8.457311, 41.52397], [-8.445359, 41.520078], [-8.433378, 41.519565], [-8.421327, 41.526977], [-8.413998, 41.536473], [-8.410141, 41.545461], [-8.403142, 41.572446], [-8.394284, 41.581407], [-8.360665, 41.601175], [-8.336564, 41.61104], [-8.324525, 41.614577], [-8.300477, 41.618563], [-8.276472, 41.618432], [-8.252501, 41.615394], [-8.228556, 41.610297], [-8.216608, 41.605907], [-8.20712, 41.598283], [-8.201632, 41.589238], [-8.193089, 41.567145], [-8.183324, 41.526059], [-8.182613, 41.499032], [-8.189129, 41.463048], [-8.19668, 41.445087], [-8.206674, 41.436862], [-8.242755, 41.422064], [-8.254797, 41.415522], [-8.27226, 41.400552], [-8.277772, 41.391579], [-8.280898, 41.382591], [-8.281937, 41.364583], [-8.278405, 41.346546], [-8.270424, 41.326938], [-8.265709, 41.331221], [-8.269004, 41.336169], [-8.263339, 41.340902], [-8.26269, 41.345405], [-8.268809, 41.355493], [-8.273187, 41.373535], [-8.27241, 41.382538], [-8.269159, 41.391525], [-8.262812, 41.400492], [-8.254889, 41.407454], [-8.242843, 41.414515], [-8.218823, 41.421942], [-8.190692, 41.42703], [-8.182806, 41.431195], [-8.178317, 41.43595], [-8.176109, 41.444941], [-8.173618, 41.544004], [-8.170235, 41.561994], [-8.166393, 41.570974], [-8.156895, 41.583521], [-8.132626, 41.604097], [-8.108249, 41.631418], [-8.096141, 41.63873], [-8.072055, 41.643788], [-8.063394, 41.651245], [-8.047537, 41.677921], [-8.035326, 41.691079], [-8.028485, 41.69599], [-8.025275, 41.70497], [-8.042607, 41.732137], [-8.043759, 41.741153], [-8.042063, 41.750146], [-8.037084, 41.759111], [-8.034257, 41.762494], [-8.022114, 41.769918], [-8.010041, 41.77263], [-7.937825, 41.774191], [-7.923599, 41.776118], [-7.914988, 41.785044], [-7.915307, 41.794054], [-7.922111, 41.812131], [-7.920893, 41.821127], [-7.912019, 41.839056], [-7.905249, 41.861597], [-7.907309, 41.865203], [-7.906095, 41.868126], [-7.910299, 41.871285], [-7.910285, 41.875562], [-7.91479, 41.879171], [-7.917727, 41.879177], [-7.913221, 41.866088], [-7.912334, 41.857073], [-7.915458, 41.839089], [-7.924338, 41.821159], [-7.925968, 41.812167], [-7.91849, 41.794084], [-7.918877, 41.78508], [-7.925714, 41.778915], [-7.937796, 41.775964], [-7.949829, 41.775904], [-7.973831, 41.779817], [-7.989922, 41.785727], [-8.025988, 41.804052], [-8.042067, 41.813194], [-8.050389, 41.820281], [-8.057314, 41.815656], [-8.06664, 41.817012], [-8.072961, 41.813414], [-8.078678, 41.813417], [-8.082892, 41.810493], [-8.091013, 41.812521], [-8.093421, 41.811397], [-8.093723, 41.808471], [-8.101845, 41.809824], [-8.104853, 41.81185], [-8.115984, 41.812302], [-8.123807, 41.808702], [-8.138247, 41.808477], [-8.139751, 41.813203], [-8.14276, 41.812978], [-8.144866, 41.815228], [-8.149078, 41.814777], [-8.153893, 41.817928], [-8.165326, 41.81815], [-8.173744, 41.808019], [-8.177655, 41.808242], [-8.183676, 41.812741], [-8.190291, 41.809587], [-8.197158, 41.814129], [-8.201063, 41.808724], [-8.204973, 41.807372], [-8.205872, 41.804445], [-8.214593, 41.803034], [-8.197931, 41.787368], [-8.166449, 41.773102], [-8.154539, 41.76383], [-8.148954, 41.750988], [-8.150654, 41.741993], [-8.154882, 41.737685], [-8.167018, 41.729106], [-8.179464, 41.724189], [-8.181882, 41.715199], [-8.177215, 41.697152], [-8.177078, 41.688143], [-8.179485, 41.679154], [-8.184626, 41.670183], [-8.191904, 41.662152], [-8.204016, 41.65396], [-8.216083, 41.649267], [-8.228117, 41.647164], [-8.240126, 41.647097], [-8.288057, 41.656427], [-8.300052, 41.657826], [-8.312071, 41.657054], [-8.324122, 41.653105], [-8.348284, 41.638989], [-8.360371, 41.630874], [-8.398135, 41.599442], [-8.420792, 41.586926], [-8.432823, 41.583099], [-8.444806, 41.584656], [-8.451963, 41.590704], [-8.456739, 41.592278], [-8.468673, 41.600209], [-8.489142, 41.617897], [-8.501499, 41.635966], [-8.511225, 41.668301], [-8.51702, 41.661979], [-8.522103, 41.658811], [-8.525706, 41.659023], [-8.527769, 41.652714], [-8.534066, 41.652017], [-8.537355, 41.64998], [-8.537726, 41.646602]], [[-8.130303, 41.768862], [-8.118202, 41.781803], [-8.106115, 41.785671], [-8.094091, 41.784952], [-8.08215, 41.778385], [-8.070347, 41.762473], [-8.060105, 41.732281], [-8.059314, 41.723268], [-8.064193, 41.705294], [-8.059303, 41.696247], [-8.050887, 41.687171], [-8.059713, 41.666752], [-8.071937, 41.651998], [-8.108127, 41.640237], [-8.120322, 41.62643], [-8.132441, 41.617939], [-8.144485, 41.614812], [-8.156491, 41.614525], [-8.168468, 41.616531], [-8.180392, 41.622743], [-8.182747, 41.625134], [-8.184793, 41.634156], [-8.172141, 41.679101], [-8.175049, 41.71515], [-8.167399, 41.724102], [-8.15288, 41.733003], [-8.143933, 41.741943], [-8.137984, 41.750906], [-8.130303, 41.768862]], [[-8.432886, 41.575906], [-8.421031, 41.56016], [-8.418768, 41.545505], [-8.422303, 41.536515], [-8.432178, 41.527557], [-8.445323, 41.524287], [-8.457286, 41.526977], [-8.474493, 41.536765], [-8.479108, 41.545794], [-8.476436, 41.554789], [-8.468976, 41.563201], [-8.456915, 41.571347], [-8.450443, 41.572682], [-8.444867, 41.577551], [-8.432886, 41.575906]]], [[[-7.826504, 41.87582], [-7.804225, 41.841331], [-7.792414, 41.828883], [-7.780538, 41.820157], [-7.768603, 41.814607], [-7.756599, 41.812789], [-7.728185, 41.812717], [-7.728761, 41.816776], [-7.731748, 41.820192], [-7.756465, 41.819737], [-7.768472, 41.821459], [-7.780422, 41.826236], [-7.792303, 41.834828], [-7.803096, 41.846979], [-7.808986, 41.856047], [-7.815713, 41.873541], [-7.823863, 41.874013], [-7.826504, 41.87582]]], [[[-8.511627, 41.6701], [-8.511627, 41.6701], [-8.511666, 41.670275], [-8.511627, 41.6701]]], [[[-8.511677, 41.670325], [-8.511677, 41.670325], [-8.511727, 41.67055], [-8.511677, 41.670325]]], [[[-7.91434, 41.739872], [-7.931116, 41.731154], [-7.943038, 41.722257], [-7.949827, 41.713312], [-7.952739, 41.704332], [-7.950956, 41.695309], [-7.945547, 41.686252], [-7.939371, 41.680253], [-7.927479, 41.672871], [-7.915512, 41.67016], [-7.903475, 41.671561], [-7.891337, 41.678866], [-7.878992, 41.697935], [-7.870334, 41.721565], [-7.872379, 41.730592], [-7.878345, 41.735158], [-7.890276, 41.740563], [-7.902263, 41.74288], [-7.91434, 41.739872]], [[-7.926583, 41.726812], [-7.914413, 41.735506], [-7.902336, 41.738592], [-7.890332, 41.737341], [-7.877799, 41.730645], [-7.8733, 41.721594], [-7.87553, 41.712609], [-7.87886, 41.705495], [-7.891139, 41.690427], [-7.903223, 41.686414], [-7.91523, 41.68692], [-7.929879, 41.695114], [-7.935663, 41.704175], [-7.936133, 41.713186], [-7.932178, 41.722157], [-7.926583, 41.726812]]], [[[-8.483556, 41.240272], [-8.497389, 41.257633], [-8.519086, 41.273972], [-8.537972, 41.284826], [-8.54314, 41.293855], [-8.530026, 41.329833], [-8.519316, 41.374827], [-8.515546, 41.383819], [-8.497985, 41.410766], [-8.488727, 41.42874], [-8.486098, 41.446744], [-8.48928, 41.455765], [-8.497082, 41.464807], [-8.508217, 41.473863], [-8.529485, 41.488139], [-8.541421, 41.494315], [-8.563047, 41.501106], [-8.577273, 41.507956], [-8.581519, 41.528197], [-8.585393, 41.537219], [-8.59226, 41.546251], [-8.600955, 41.554022], [-8.612906, 41.560788], [-8.624882, 41.5638], [-8.636874, 41.563989], [-8.648885, 41.560623], [-8.655558, 41.555465], [-8.660947, 41.547384], [-8.662388, 41.537471], [-8.659689, 41.528455], [-8.653386, 41.519429], [-8.637185, 41.508302], [-8.625229, 41.503661], [-8.601303, 41.49741], [-8.595555, 41.492218], [-8.612829, 41.438232], [-8.618164, 41.429243], [-8.630683, 41.420276], [-8.68651, 41.402427], [-8.704395, 41.393466], [-8.714818, 41.384485], [-8.719789, 41.37549], [-8.720518, 41.366484], [-8.717608, 41.357469], [-8.710132, 41.348443], [-8.699968, 41.339409], [-8.662165, 41.312801], [-8.638342, 41.300055], [-8.589054, 41.28502], [-8.582435, 41.275988], [-8.600562, 41.240022], [-8.602155, 41.222011], [-8.595885, 41.203974], [-8.591208, 41.196661], [-8.579765, 41.185809], [-8.581296, 41.191762], [-8.575958, 41.195609], [-8.577183, 41.200557], [-8.575952, 41.202137], [-8.579234, 41.204069], [-8.585326, 41.212944], [-8.587556, 41.22196], [-8.585556, 41.230961], [-8.579003, 41.240139], [-8.567027, 41.246577], [-8.55508, 41.248413], [-8.543155, 41.246854], [-8.531259, 41.241365], [-8.521517, 41.230712], [-8.518985, 41.221694], [-8.520518, 41.212693], [-8.527132, 41.203593], [-8.523236, 41.200077], [-8.520554, 41.200086], [-8.51163, 41.203042], [-8.510456, 41.206197], [-8.505693, 41.207113], [-8.504239, 41.213646], [-8.500076, 41.21546], [-8.50308, 41.219502], [-8.502204, 41.222656], [-8.495642, 41.222227], [-8.495947, 41.223351], [-8.490894, 41.226294], [-8.487935, 41.230354], [-8.490331, 41.232373], [-8.489156, 41.235528], [-8.483556, 41.240272]], [[-8.614292, 41.546327], [-8.600821, 41.537273], [-8.596732, 41.528252], [-8.598207, 41.519249], [-8.610828, 41.510285], [-8.625194, 41.509692], [-8.63715, 41.514641], [-8.64357, 41.519399], [-8.648417, 41.528421], [-8.646816, 41.537424], [-8.636974, 41.546147], [-8.62497, 41.548555], [-8.614292, 41.546327]], [[-8.565412, 41.489783], [-8.553433, 41.489682], [-8.541473, 41.486931], [-8.529534, 41.481342], [-8.518597, 41.473907], [-8.509254, 41.46486], [-8.504304, 41.455831], [-8.502343, 41.446815], [-8.503825, 41.437814], [-8.508149, 41.428825], [-8.518029, 41.417454], [-8.530057, 41.408927], [-8.544668, 41.401953], [-8.556936, 41.392993], [-8.558786, 41.383992], [-8.558386, 41.356968], [-8.564765, 41.338977], [-8.571516, 41.329995], [-8.583301, 41.32103], [-8.602423, 41.313918], [-8.614378, 41.312637], [-8.638258, 41.315124], [-8.662101, 41.325242], [-8.681384, 41.339359], [-8.689673, 41.348389], [-8.69462, 41.35741], [-8.696056, 41.366422], [-8.694103, 41.375424], [-8.685707, 41.386034], [-8.675668, 41.393389], [-8.661716, 41.399626], [-8.637755, 41.405949], [-8.608263, 41.411194], [-8.601803, 41.415694], [-8.599171, 41.420171], [-8.599571, 41.447195], [-8.595304, 41.465195], [-8.58946, 41.475678], [-8.581688, 41.483161], [-8.577413, 41.486331], [-8.565412, 41.489783]]], [[[-8.483407, 41.240048], [-8.483407, 41.240048], [-8.483515, 41.24021], [-8.483407, 41.240048]]], [[[-8.421522, 41.505049], [-8.433498, 41.505788], [-8.445555, 41.497088], [-8.456467, 41.482637], [-8.45903, 41.473642], [-8.456657, 41.464623], [-8.445893, 41.457391], [-8.433931, 41.456112], [-8.421938, 41.458266], [-8.409891, 41.466369], [-8.405745, 41.473379], [-8.404126, 41.482378], [-8.406728, 41.491399], [-8.409619, 41.496315], [-8.421522, 41.505049]], [[-8.42158, 41.498625], [-8.409678, 41.489849], [-8.407283, 41.482394], [-8.409322, 41.473397], [-8.421886, 41.464127], [-8.433871, 41.462949], [-8.445798, 41.468517], [-8.449783, 41.473598], [-8.45005, 41.482607], [-8.444153, 41.491586], [-8.433562, 41.498417], [-8.42158, 41.498625]]]]}}, {"id": "4", "type": "Feature", "properties": {"fill": "#d75e13", "value_min": -2.67, "value_max": -2.33}, "geometry": {"type": "MultiPolygon", "coordinates": [[[[-7.905249, 41.861597], [-7.912019, 41.839056], [-7.920893, 41.821127], [-7.922111, 41.812131], [-7.915307, 41.794054], [-7.914988, 41.785044], [-7.923599, 41.776118], [-7.937825, 41.774191], [-8.010041, 41.77263], [-8.022114, 41.769918], [-8.034257, 41.762494], [-8.037084, 41.759111], [-8.042063, 41.750146], [-8.043759, 41.741153], [-8.042607, 41.732137], [-8.025275, 41.70497], [-8.028485, 41.69599], [-8.035326, 41.691079], [-8.047537, 41.677921], [-8.063394, 41.651245], [-8.072055, 41.643788], [-8.096141, 41.63873], [-8.108249, 41.631418], [-8.132626, 41.604097], [-8.156895, 41.583521], [-8.166393, 41.570974], [-8.170235, 41.561994], [-8.173618, 41.544004], [-8.176109, 41.444941], [-8.178317, 41.43595], [-8.182806, 41.431195], [-8.190692, 41.42703], [-8.218823, 41.421942], [-8.242843, 41.414515], [-8.254889, 41.407454], [-8.262812, 41.400492], [-8.269159, 41.391525], [-8.27241, 41.382538], [-8.273187, 41.373535], [-8.268809, 41.355493], [-8.26269, 41.345405], [-8.256483, 41.347663], [-8.252906, 41.351576], [-8.262222, 41.364458], [-8.264691, 41.373481], [-8.264372, 41.382487], [-8.261004, 41.391473], [-8.253498, 41.400432], [-8.242925, 41.407471], [-8.230907, 41.411977], [-8.218917, 41.414042], [-8.206949, 41.414252], [-8.195001, 41.412862], [-8.18048, 41.408943], [-8.163918, 41.399816], [-8.157172, 41.390759], [-8.154199, 41.38173], [-8.154408, 41.376091], [-8.150152, 41.37339], [-8.139694, 41.377894], [-8.133418, 41.374292], [-8.119672, 41.376768], [-8.119672, 41.378569], [-8.116683, 41.380144], [-8.117578, 41.386447], [-8.113992, 41.386896], [-8.112795, 41.390723], [-8.110105, 41.390947], [-8.108011, 41.393648], [-8.103827, 41.392972], [-8.105321, 41.394998], [-8.10263, 41.396123], [-8.10801, 41.398825], [-8.108008, 41.404002], [-8.104419, 41.406252], [-8.104119, 41.408728], [-8.101727, 41.409403], [-8.102025, 41.411204], [-8.092756, 41.411201], [-8.092456, 41.412809], [-8.111219, 41.414744], [-8.135033, 41.423587], [-8.146873, 41.433284], [-8.160757, 41.453838], [-8.164231, 41.46287], [-8.166763, 41.480903], [-8.163222, 41.534922], [-8.156716, 41.552889], [-8.145125, 41.566365], [-8.125891, 41.57968], [-8.120872, 41.585924], [-8.114922, 41.615625], [-8.108313, 41.624581], [-8.09622, 41.633114], [-8.084177, 41.635702], [-8.072171, 41.635737], [-8.060132, 41.637941], [-8.057394, 41.642189], [-8.053598, 41.660172], [-8.047641, 41.670855], [-8.035463, 41.681896], [-8.011317, 41.689507], [-7.999298, 41.689661], [-7.987341, 41.685873], [-7.975456, 41.67766], [-7.967238, 41.668435], [-7.959438, 41.650351], [-7.958792, 41.641338], [-7.964283, 41.625187], [-7.972468, 41.61444], [-7.984743, 41.603564], [-7.983492, 41.600861], [-7.979592, 41.601531], [-7.975689, 41.603552], [-7.974482, 41.606701], [-7.970882, 41.607147], [-7.969091, 41.603768], [-7.965796, 41.602413], [-7.9541, 41.602846], [-7.952606, 41.600592], [-7.947808, 41.60081], [-7.945413, 41.599456], [-7.942725, 41.595625], [-7.936132, 41.594488], [-7.93791, 41.601694], [-7.937004, 41.603718], [-7.931604, 41.604384], [-7.930979, 41.612711], [-7.925556, 41.620354], [-7.920755, 41.620796], [-7.917748, 41.623041], [-7.915933, 41.627764], [-7.913229, 41.628885], [-7.912613, 41.63361], [-7.906014, 41.633147], [-7.906884, 41.641927], [-7.897869, 41.645511], [-7.89696, 41.647985], [-7.892759, 41.647976], [-7.892145, 41.651576], [-7.902319, 41.659925], [-7.899913, 41.66127], [-7.900198, 41.665547], [-7.898396, 41.665769], [-7.896885, 41.668692], [-7.882465, 41.671588], [-7.877044, 41.676077], [-7.875675, 41.682151], [-7.875854, 41.694599], [-7.867366, 41.721536], [-7.866957, 41.730539], [-7.878274, 41.739199], [-7.890198, 41.745121], [-7.902176, 41.747979], [-7.914234, 41.746112], [-7.9385, 41.733261], [-7.95059, 41.729232], [-7.974671, 41.727096], [-7.998864, 41.717651], [-8.010883, 41.717812], [-8.022813, 41.723893], [-8.028819, 41.732021], [-8.028044, 41.741021], [-8.022454, 41.747564], [-8.010354, 41.752311], [-7.998315, 41.753006], [-7.986192, 41.759033], [-7.974789, 41.767579], [-7.961937, 41.771214], [-7.949883, 41.772575], [-7.925833, 41.771764], [-7.914116, 41.776029], [-7.91066, 41.785003], [-7.918596, 41.812098], [-7.917448, 41.821094], [-7.897826, 41.860457], [-7.902203, 41.861591], [-7.904318, 41.859795], [-7.905249, 41.861597]], [[-7.91434, 41.739872], [-7.902263, 41.74288], [-7.890276, 41.740563], [-7.878345, 41.735158], [-7.872379, 41.730592], [-7.870334, 41.721565], [-7.878992, 41.697935], [-7.891337, 41.678866], [-7.903475, 41.671561], [-7.915512, 41.67016], [-7.927479, 41.672871], [-7.939371, 41.680253], [-7.945547, 41.686252], [-7.950956, 41.695309], [-7.952739, 41.704332], [-7.949827, 41.713312], [-7.943038, 41.722257], [-7.931116, 41.731154], [-7.91434, 41.739872]]], [[[-7.728185, 41.812717], [-7.756599, 41.812789], [-7.768603, 41.814607], [-7.780538, 41.820157], [-7.792414, 41.828883], [-7.804225, 41.841331], [-7.826504, 41.87582], [-7.830479, 41.875831], [-7.830789, 41.874031], [-7.832894, 41.874712], [-7.837618, 41.873149], [-7.827902, 41.863905], [-7.792556, 41.82133], [-7.780709, 41.811111], [-7.768809, 41.803862], [-7.756803, 41.802221], [-7.727352, 41.80154], [-7.728185, 41.812717]]], [[[-8.511727, 41.67055], [-8.511677, 41.670325], [-8.511666, 41.670275], [-8.511627, 41.6701], [-8.509857, 41.66898], [-8.511225, 41.668301], [-8.501499, 41.635966], [-8.489142, 41.617897], [-8.468673, 41.600209], [-8.456739, 41.592278], [-8.451963, 41.590704], [-8.444806, 41.584656], [-8.432823, 41.583099], [-8.420792, 41.586926], [-8.398135, 41.599442], [-8.360371, 41.630874], [-8.348284, 41.638989], [-8.324122, 41.653105], [-8.312071, 41.657054], [-8.300052, 41.657826], [-8.288057, 41.656427], [-8.240126, 41.647097], [-8.228117, 41.647164], [-8.216083, 41.649267], [-8.204016, 41.65396], [-8.191904, 41.662152], [-8.184626, 41.670183], [-8.179485, 41.679154], [-8.177078, 41.688143], [-8.177215, 41.697152], [-8.181882, 41.715199], [-8.179464, 41.724189], [-8.167018, 41.729106], [-8.154882, 41.737685], [-8.150654, 41.741993], [-8.148954, 41.750988], [-8.154539, 41.76383], [-8.166449, 41.773102], [-8.197931, 41.787368], [-8.214593, 41.803034], [-8.214591, 41.801513], [-8.217598, 41.80016], [-8.217589, 41.793634], [-8.224207, 41.794303], [-8.229917, 41.791598], [-8.240744, 41.791588], [-8.24074, 41.789338], [-8.244347, 41.787984], [-8.245546, 41.785731], [-8.251257, 41.784375], [-8.251845, 41.777172], [-8.255148, 41.774944], [-8.248972, 41.769699], [-8.242453, 41.760649], [-8.233058, 41.742573], [-8.22702, 41.738851], [-8.20308, 41.729869], [-8.191192, 41.719015], [-8.183974, 41.706207], [-8.181407, 41.697181], [-8.181951, 41.688178], [-8.186208, 41.679201], [-8.19177, 41.672829], [-8.203871, 41.665692], [-8.215916, 41.663014], [-8.227928, 41.662983], [-8.23991, 41.665427], [-8.251343, 41.670637], [-8.263285, 41.679721], [-8.275603, 41.696034], [-8.287507, 41.706292], [-8.313736, 41.716062], [-8.332033, 41.725177], [-8.345689, 41.734262], [-8.34728, 41.73836], [-8.359453, 41.723525], [-8.361953, 41.71634], [-8.368562, 41.707369], [-8.383762, 41.695986], [-8.417813, 41.680608], [-8.423738, 41.671631], [-8.400939, 41.644493], [-8.397362, 41.635467], [-8.397287, 41.626459], [-8.400512, 41.617469], [-8.408772, 41.608505], [-8.420664, 41.601251], [-8.432694, 41.597816], [-8.444694, 41.597781], [-8.456665, 41.601101], [-8.470137, 41.608804], [-8.479528, 41.617854], [-8.485146, 41.626886], [-8.487389, 41.635904], [-8.486686, 41.644908], [-8.480206, 41.658253], [-8.468099, 41.670021], [-8.464151, 41.671826], [-8.456238, 41.680796], [-8.461955, 41.693693], [-8.482012, 41.682123], [-8.484371, 41.674238], [-8.49308, 41.674886], [-8.499963, 41.671038], [-8.50927, 41.671233], [-8.51018, 41.672806], [-8.511727, 41.67055]], [[-8.166669, 41.756074], [-8.160608, 41.751073], [-8.15847, 41.742051], [-8.166946, 41.734647], [-8.178981, 41.73385], [-8.190427, 41.74228], [-8.187697, 41.751268], [-8.178696, 41.75623], [-8.166669, 41.756074]]], [[[-8.351143, 41.749746], [-8.347133, 41.752895], [-8.343207, 41.76169], [-8.344765, 41.762363], [-8.349267, 41.760103], [-8.351959, 41.756272], [-8.351143, 41.749746]]], [[[-8.432886, 41.575906], [-8.444867, 41.577551], [-8.450443, 41.572682], [-8.456915, 41.571347], [-8.468976, 41.563201], [-8.476436, 41.554789], [-8.479108, 41.545794], [-8.474493, 41.536765], [-8.457286, 41.526977], [-8.445323, 41.524287], [-8.432178, 41.527557], [-8.422303, 41.536515], [-8.418768, 41.545505], [-8.421031, 41.56016], [-8.432886, 41.575906]], [[-8.442345, 41.563636], [-8.433029, 41.559548], [-8.428644, 41.554561], [-8.426124, 41.545542], [-8.429541, 41.536551], [-8.433258, 41.533313], [-8.445288, 41.528389], [-8.457263, 41.529753], [-8.470169, 41.536746], [-8.474735, 41.545774], [-8.4709, 41.554764], [-8.45698, 41.563495], [-8.444977, 41.564669], [-8.442345, 41.563636]]], [[[-8.614292, 41.546327], [-8.62497, 41.548555], [-8.636974, 41.546147], [-8.646816, 41.537424], [-8.648417, 41.528421], [-8.64357, 41.519399], [-8.63715, 41.514641], [-8.625194, 41.509692], [-8.610828, 41.510285], [-8.598207, 41.519249], [-8.596732, 41.528252], [-8.600821, 41.537273], [-8.614292, 41.546327]], [[-8.613086, 41.530673], [-8.6114, 41.528302], [-8.61313, 41.523305], [-8.616955, 41.519313], [-8.625148, 41.517723], [-8.629377, 41.519354], [-8.635789, 41.528382], [-8.625043, 41.535882], [-8.613086, 41.530673]]], [[[-8.42158, 41.498625], [-8.433562, 41.498417], [-8.444153, 41.491586], [-8.45005, 41.482607], [-8.449783, 41.473598], [-8.445798, 41.468517], [-8.433871, 41.462949], [-8.421886, 41.464127], [-8.409322, 41.473397], [-8.407283, 41.482394], [-8.409678, 41.489849], [-8.42158, 41.498625]], [[-8.42162, 41.494111], [-8.417641, 41.491455], [-8.411069, 41.482414], [-8.415724, 41.47343], [-8.421842, 41.469103], [-8.433818, 41.469066], [-8.440744, 41.473554], [-8.443554, 41.482576], [-8.433605, 41.493484], [-8.42162, 41.494111]]], [[[-8.565412, 41.489783], [-8.577413, 41.486331], [-8.581688, 41.483161], [-8.58946, 41.475678], [-8.595304, 41.465195], [-8.599571, 41.447195], [-8.599171, 41.420171], [-8.601803, 41.415694], [-8.608263, 41.411194], [-8.637755, 41.405949], [-8.661716, 41.399626], [-8.675668, 41.393389], [-8.685707, 41.386034], [-8.694103, 41.375424], [-8.696056, 41.366422], [-8.69462, 41.35741], [-8.689673, 41.348389], [-8.681384, 41.339359], [-8.662101, 41.325242], [-8.638258, 41.315124], [-8.614378, 41.312637], [-8.602423, 41.313918], [-8.583301, 41.32103], [-8.571516, 41.329995], [-8.564765, 41.338977], [-8.558386, 41.356968], [-8.558786, 41.383992], [-8.556936, 41.392993], [-8.544668, 41.401953], [-8.530057, 41.408927], [-8.518029, 41.417454], [-8.508149, 41.428825], [-8.503825, 41.437814], [-8.502343, 41.446815], [-8.504304, 41.455831], [-8.509254, 41.46486], [-8.518597, 41.473907], [-8.529534, 41.481342], [-8.541473, 41.486931], [-8.553433, 41.489682], [-8.565412, 41.489783]], [[-8.565465, 41.481729], [-8.55348, 41.482825], [-8.541515, 41.480872], [-8.529578, 41.475315], [-8.518182, 41.464897], [-8.51346, 41.45587], [-8.513015, 41.446861], [-8.517893, 41.435938], [-8.529941, 41.425], [-8.541941, 41.420441], [-8.553919, 41.418774], [-8.565874, 41.420398], [-8.577806, 41.425786], [-8.587555, 41.438145], [-8.5901, 41.447161], [-8.589829, 41.456168], [-8.586828, 41.465164], [-8.57748, 41.476119], [-8.565465, 41.481729]], [[-8.637811, 41.39591], [-8.625845, 41.396543], [-8.61389, 41.395238], [-8.601951, 41.391469], [-8.590041, 41.383328], [-8.583528, 41.375077], [-8.58048, 41.366058], [-8.580244, 41.35705], [-8.582769, 41.348051], [-8.589129, 41.339067], [-8.60173, 41.330103], [-8.6143, 41.325812], [-8.626256, 41.324656], [-8.638199, 41.325842], [-8.650129, 41.329528], [-8.666614, 41.339317], [-8.675191, 41.348349], [-8.679738, 41.35737], [-8.680394, 41.366379], [-8.677037, 41.375378], [-8.668536, 41.384361], [-8.649983, 41.393314], [-8.637811, 41.39591]]], [[[-8.527132, 41.203593], [-8.520518, 41.212693], [-8.518985, 41.221694], [-8.521517, 41.230712], [-8.531259, 41.241365], [-8.543155, 41.246854], [-8.55508, 41.248413], [-8.567027, 41.246577], [-8.579003, 41.240139], [-8.585556, 41.230961], [-8.587556, 41.22196], [-8.585326, 41.212944], [-8.579234, 41.204069], [-8.575952, 41.202137], [-8.57423, 41.20462], [-8.568566, 41.204416], [-8.565895, 41.206227], [-8.567697, 41.208246], [-8.566512, 41.209376], [-8.559636, 41.206251], [-8.554271, 41.20627], [-8.549521, 41.209214], [-8.544157, 41.209458], [-8.54238, 41.211265], [-8.533747, 41.213097], [-8.529858, 41.210859], [-8.530444, 41.209056], [-8.527132, 41.203593]]]]}}, {"id": "2", "type": "Feature", "properties": {"fill": "#ae1c1c", "value_min": -3.33, "value_max": -3.0}, "geometry": {"type": "MultiPolygon", "coordinates": [[[[-7.891173, 41.858418], [-7.900487, 41.846868], [-7.914003, 41.821062], [-7.915082, 41.812065], [-7.906083, 41.784959], [-7.905674, 41.775949], [-7.913992, 41.760514], [-7.91815, 41.76706], [-7.937883, 41.770647], [-7.949911, 41.77091], [-7.964729, 41.767489], [-7.972698, 41.758554], [-7.971991, 41.74954], [-7.962426, 41.740848], [-7.950453, 41.737636], [-7.938395, 41.739612], [-7.926271, 41.745516], [-7.920012, 41.749064], [-7.91405, 41.757068], [-7.902014, 41.757492], [-7.888207, 41.74876], [-7.869208, 41.739568], [-7.858086, 41.730451], [-7.862372, 41.721487], [-7.866631, 41.717475], [-7.87135, 41.703561], [-7.870812, 41.694549], [-7.867181, 41.686152], [-7.864403, 41.68386], [-7.864096, 41.685276], [-7.858987, 41.68639], [-7.857914, 41.688863], [-7.866985, 41.697296], [-7.868484, 41.703533], [-7.86609, 41.712517], [-7.854479, 41.724798], [-7.842382, 41.728942], [-7.830375, 41.728039], [-7.821118, 41.721071], [-7.817411, 41.715124], [-7.815291, 41.718689], [-7.808986, 41.717996], [-7.808396, 41.715744], [-7.804499, 41.714158], [-7.79939, 41.714593], [-7.79788, 41.716164], [-7.796383, 41.71526], [-7.790966, 41.717044], [-7.789449, 41.719966], [-7.78464, 41.720402], [-7.78252, 41.723546], [-7.779405, 41.723762], [-7.777767, 41.756645], [-7.783684, 41.792735], [-7.787205, 41.801779], [-7.798975, 41.819916], [-7.816261, 41.841763], [-7.828066, 41.854926], [-7.842871, 41.865873], [-7.848912, 41.861698], [-7.851475, 41.861929], [-7.840079, 41.856815], [-7.828197, 41.847758], [-7.819238, 41.83814], [-7.806432, 41.819994], [-7.799567, 41.801909], [-7.800519, 41.783905], [-7.807766, 41.765967], [-7.81397, 41.757025], [-7.823085, 41.748112], [-7.830102, 41.743061], [-7.842178, 41.740319], [-7.854192, 41.740992], [-7.866173, 41.743491], [-7.878425, 41.748665], [-7.888225, 41.757767], [-7.905764, 41.793963], [-7.910943, 41.812026], [-7.909849, 41.821022], [-7.906927, 41.830001], [-7.900592, 41.840698], [-7.885774, 41.855481], [-7.888076, 41.855486], [-7.891173, 41.858418]], [[-7.937913, 41.768874], [-7.931111, 41.767181], [-7.923534, 41.758104], [-7.929961, 41.749157], [-7.938312, 41.744642], [-7.950355, 41.743643], [-7.961585, 41.749447], [-7.965602, 41.75849], [-7.957345, 41.767422], [-7.949938, 41.769244], [-7.937913, 41.768874]]], [[[-7.85394, 41.862386], [-7.85394, 41.862386], [-7.853425, 41.86233], [-7.85394, 41.862386]]], [[[-7.851979, 41.862156], [-7.851979, 41.862156], [-7.851921, 41.86213], [-7.851979, 41.862156]]], [[[-8.299839, 41.758161], [-8.30441, 41.752034], [-8.302784, 41.743017], [-8.299165, 41.739597], [-8.287191, 41.73489], [-8.275139, 41.737288], [-8.268808, 41.742806], [-8.267336, 41.751804], [-8.274528, 41.760856], [-8.281636, 41.762493], [-8.287033, 41.756829], [-8.299839, 41.758161]]], [[[-8.437803, 41.713986], [-8.431741, 41.706378], [-8.419751, 41.70306], [-8.407713, 41.705108], [-8.403335, 41.707555], [-8.396165, 41.716525], [-8.397567, 41.725539], [-8.399934, 41.727514], [-8.402934, 41.726452], [-8.404721, 41.722847], [-8.417349, 41.725067], [-8.41974, 41.722135], [-8.429643, 41.719859], [-8.430833, 41.717155], [-8.437803, 41.713986]]], [[[-8.239321, 41.71545], [-8.248223, 41.706645], [-8.250279, 41.697651], [-8.248526, 41.688633], [-8.240959, 41.679576], [-8.227811, 41.672729], [-8.215817, 41.671188], [-8.203782, 41.672926], [-8.191674, 41.68049], [-8.186465, 41.68821], [-8.185278, 41.697209], [-8.191303, 41.710144], [-8.203216, 41.718816], [-8.215204, 41.721589], [-8.227236, 41.720787], [-8.239321, 41.71545]], [[-8.215289, 41.714606], [-8.203289, 41.712952], [-8.194038, 41.706278], [-8.189149, 41.697236], [-8.191589, 41.687339], [-8.203714, 41.67847], [-8.215746, 41.676989], [-8.227715, 41.680818], [-8.236385, 41.688553], [-8.238262, 41.697572], [-8.234259, 41.706553], [-8.227347, 41.711491], [-8.215289, 41.714606]]], [[[-8.035547, 41.67631], [-8.044039, 41.6691], [-8.048811, 41.660132], [-8.049149, 41.651128], [-8.045324, 41.642089], [-8.036188, 41.633325], [-8.024251, 41.628736], [-8.012244, 41.628876], [-8.000175, 41.633028], [-7.989151, 41.641609], [-7.984414, 41.650574], [-7.984326, 41.659581], [-7.988848, 41.668627], [-7.999494, 41.677022], [-8.011447, 41.680979], [-8.023466, 41.680745], [-8.035547, 41.67631]], [[-8.023537, 41.676023], [-8.011543, 41.674737], [-8.001228, 41.668736], [-7.996165, 41.659685], [-7.998044, 41.650694], [-8.008555, 41.641778], [-8.012073, 41.640069], [-8.024101, 41.63871], [-8.036042, 41.643108], [-8.04306, 41.651078], [-8.044403, 41.660096], [-8.039239, 41.66906], [-8.035609, 41.672142], [-8.023537, 41.676023]]], [[[-8.456225, 41.653541], [-8.468283, 41.647674], [-8.471036, 41.644837], [-8.475896, 41.635852], [-8.475771, 41.626844], [-8.470959, 41.617815], [-8.456611, 41.60761], [-8.444634, 41.604799], [-8.432623, 41.605956], [-8.420567, 41.612111], [-8.414781, 41.617542], [-8.411588, 41.626533], [-8.413337, 41.63555], [-8.420825, 41.644595], [-8.432219, 41.651973], [-8.444205, 41.654753], [-8.456225, 41.653541]], [[-8.442527, 41.644702], [-8.432309, 41.641704], [-8.425193, 41.635609], [-8.422188, 41.626587], [-8.426598, 41.617602], [-8.432555, 41.613649], [-8.444579, 41.611169], [-8.456555, 41.614229], [-8.461628, 41.617771], [-8.46704, 41.626804], [-8.465031, 41.635802], [-8.456313, 41.643092], [-8.442527, 41.644702]]], [[[-8.108186, 41.615573], [-8.108031, 41.606564], [-8.100902, 41.597502], [-8.096773, 41.593473], [-8.084817, 41.590476], [-8.072787, 41.592739], [-8.066521, 41.597228], [-8.059582, 41.606178], [-8.058726, 41.615178], [-8.064599, 41.624234], [-8.072284, 41.627826], [-8.084251, 41.630508], [-8.096285, 41.62842], [-8.101799, 41.62453], [-8.108186, 41.615573]], [[-8.080786, 41.624364], [-8.072327, 41.615289], [-8.077716, 41.606325], [-8.08464, 41.602972], [-8.096608, 41.605324], [-8.101587, 41.615521], [-8.096362, 41.62293], [-8.084321, 41.625544], [-8.080786, 41.624364]]], [[[-8.072881, 41.568603], [-8.0851, 41.570399], [-8.109112, 41.568705], [-8.121153, 41.565267], [-8.133224, 41.55941], [-8.141881, 41.552779], [-8.149256, 41.543826], [-8.15314, 41.534848], [-8.157419, 41.480835], [-8.155858, 41.471817], [-8.146579, 41.455697], [-8.134731, 41.44635], [-8.12283, 41.44111], [-8.110894, 41.438576], [-8.098931, 41.438086], [-8.086943, 41.4394], [-8.068105, 41.445629], [-8.069999, 41.447206], [-8.068788, 41.462286], [-8.073872, 41.46499], [-8.073571, 41.467574], [-8.086682, 41.457988], [-8.098713, 41.453848], [-8.110701, 41.452743], [-8.122649, 41.454514], [-8.137858, 41.462676], [-8.145195, 41.471738], [-8.147791, 41.480764], [-8.144326, 41.507761], [-8.145642, 41.525785], [-8.143771, 41.534778], [-8.138412, 41.543746], [-8.13337, 41.54851], [-8.121285, 41.555464], [-8.109251, 41.558616], [-8.097251, 41.559181], [-8.085282, 41.557543], [-8.073495, 41.553082], [-8.075891, 41.554575], [-8.076188, 41.557276], [-8.079783, 41.558403], [-8.082176, 41.564032], [-8.072881, 41.568603]]], [[[-8.469097, 41.548442], [-8.470361, 41.545754], [-8.465222, 41.536723], [-8.45724, 41.532458], [-8.445256, 41.532091], [-8.436656, 41.536586], [-8.432993, 41.545576], [-8.438478, 41.55461], [-8.445031, 41.558409], [-8.457022, 41.55856], [-8.463536, 41.554729], [-8.469097, 41.548442]], [[-8.445086, 41.552031], [-8.439458, 41.545607], [-8.443642, 41.53662], [-8.457218, 41.535163], [-8.460093, 41.536699], [-8.464976, 41.545729], [-8.457065, 41.553454], [-8.445086, 41.552031]]], [[[-8.433753, 41.476581], [-8.421793, 41.47463], [-8.417087, 41.482444], [-8.421671, 41.488318], [-8.433666, 41.4865], [-8.436883, 41.482543], [-8.433753, 41.476581]]], [[[-8.577542, 41.466473], [-8.582202, 41.45614], [-8.581359, 41.44713], [-8.575519, 41.438101], [-8.565801, 41.431483], [-8.553848, 41.429114], [-8.541871, 41.430306], [-8.528058, 41.437916], [-8.52202, 41.446898], [-8.521307, 41.455903], [-8.525517, 41.464928], [-8.538069, 41.473986], [-8.553516, 41.477578], [-8.565508, 41.475307], [-8.577542, 41.466473]], [[-8.553552, 41.472276], [-8.54159, 41.470247], [-8.53341, 41.46496], [-8.528353, 41.455932], [-8.530462, 41.446933], [-8.541816, 41.438217], [-8.553797, 41.436585], [-8.56574, 41.440518], [-8.572347, 41.447097], [-8.574529, 41.456112], [-8.570186, 41.465103], [-8.565552, 41.468683], [-8.553552, 41.472276]]], [[[-8.178592, 41.376759], [-8.178456, 41.381906], [-8.182624, 41.390943], [-8.192336, 41.400019], [-8.207053, 41.405726], [-8.219002, 41.406945], [-8.230985, 41.405423], [-8.243316, 41.400365], [-8.252798, 41.39142], [-8.256697, 41.382438], [-8.255312, 41.370446], [-8.248142, 41.360482], [-8.248448, 41.364328], [-8.245461, 41.364781], [-8.244037, 41.368384], [-8.247351, 41.373369], [-8.248388, 41.382384], [-8.244009, 41.391363], [-8.231063, 41.398766], [-8.219084, 41.400161], [-8.20716, 41.396953], [-8.198371, 41.391054], [-8.193587, 41.382013], [-8.194533, 41.3745], [-8.191691, 41.376302], [-8.189299, 41.375403], [-8.178592, 41.376759]]], [[[-8.649837, 41.383934], [-8.662625, 41.375336], [-8.667549, 41.366343], [-8.667464, 41.357335], [-8.662681, 41.348313], [-8.650079, 41.338751], [-8.638149, 41.33495], [-8.626201, 41.334402], [-8.614234, 41.337143], [-8.599488, 41.348111], [-8.595643, 41.357105], [-8.596144, 41.366114], [-8.601285, 41.37514], [-8.613957, 41.383916], [-8.625899, 41.387034], [-8.63786, 41.386997], [-8.649837, 41.383934]], [[-8.625953, 41.377703], [-8.614033, 41.37117], [-8.610058, 41.366162], [-8.609427, 41.357153], [-8.616258, 41.348168], [-8.626146, 41.344043], [-8.638098, 41.344072], [-8.650021, 41.349601], [-8.655371, 41.357299], [-8.65498, 41.366306], [-8.645564, 41.375285], [-8.63791, 41.377988], [-8.625953, 41.377703]]]]}}, {"id": "1", "type": "Feature", "properties": {"fill": "#9c1c1c", "value_min": -3.67, "value_max": -3.33}, "geometry": {"type": "MultiPolygon", "coordinates": [[[[-7.885774, 41.855481], [-7.900592, 41.840698], [-7.906927, 41.830001], [-7.909849, 41.821022], [-7.910943, 41.812026], [-7.905764, 41.793963], [-7.888225, 41.757767], [-7.878425, 41.748665], [-7.866173, 41.743491], [-7.854192, 41.740992], [-7.842178, 41.740319], [-7.830102, 41.743061], [-7.823085, 41.748112], [-7.81397, 41.757025], [-7.807766, 41.765967], [-7.800519, 41.783905], [-7.799567, 41.801909], [-7.806432, 41.819994], [-7.819238, 41.83814], [-7.828197, 41.847758], [-7.840079, 41.856815], [-7.851475, 41.861929], [-7.851921, 41.86213], [-7.851979, 41.862156], [-7.853425, 41.86233], [-7.85394, 41.862386], [-7.858542, 41.862622], [-7.859456, 41.860148], [-7.864877, 41.859711], [-7.867903, 41.856114], [-7.864172, 41.856941], [-7.852155, 41.855214], [-7.840187, 41.850831], [-7.835563, 41.847313], [-7.825188, 41.838201], [-7.816545, 41.82637], [-7.809766, 41.811022], [-7.808923, 41.802006], [-7.810675, 41.793018], [-7.817375, 41.781255], [-7.835636, 41.766253], [-7.843265, 41.757323], [-7.854022, 41.750509], [-7.866067, 41.749514], [-7.878226, 41.75767], [-7.879864, 41.766693], [-7.901434, 41.791483], [-7.904868, 41.802961], [-7.906014, 41.811979], [-7.903851, 41.829972], [-7.888419, 41.848151], [-7.879356, 41.852708], [-7.885774, 41.855481]]], [[[-7.937913, 41.768874], [-7.949938, 41.769244], [-7.957345, 41.767422], [-7.965602, 41.75849], [-7.961585, 41.749447], [-7.950355, 41.743643], [-7.938312, 41.744642], [-7.929961, 41.749157], [-7.923534, 41.758104], [-7.931111, 41.767181], [-7.937913, 41.768874]], [[-7.942442, 41.767286], [-7.937951, 41.766574], [-7.931219, 41.758175], [-7.938228, 41.749749], [-7.950271, 41.748777], [-7.958068, 41.758422], [-7.950844, 41.767363], [-7.942442, 41.767286]]], [[[-7.817411, 41.715124], [-7.821118, 41.721071], [-7.830375, 41.728039], [-7.842382, 41.728942], [-7.854479, 41.724798], [-7.86609, 41.712517], [-7.868484, 41.703533], [-7.866985, 41.697296], [-7.857914, 41.688863], [-7.854776, 41.68818], [-7.849048, 41.693337], [-7.855036, 41.693451], [-7.86321, 41.703481], [-7.860395, 41.71246], [-7.854602, 41.717901], [-7.842563, 41.718866], [-7.832187, 41.712177], [-7.83194, 41.710181], [-7.825252, 41.708813], [-7.817411, 41.715124]]], [[[-8.215289, 41.714606], [-8.227347, 41.711491], [-8.234259, 41.706553], [-8.238262, 41.697572], [-8.236385, 41.688553], [-8.227715, 41.680818], [-8.215746, 41.676989], [-8.203714, 41.67847], [-8.191589, 41.687339], [-8.189149, 41.697236], [-8.194038, 41.706278], [-8.203289, 41.712952], [-8.215289, 41.714606]], [[-8.203343, 41.70851], [-8.200311, 41.706322], [-8.194909, 41.697277], [-8.19716, 41.688286], [-8.203653, 41.683452], [-8.215677, 41.682725], [-8.226782, 41.688489], [-8.229965, 41.697517], [-8.22287, 41.706476], [-8.21535, 41.709617], [-8.203343, 41.70851]]], [[[-8.023537, 41.676023], [-8.035609, 41.672142], [-8.039239, 41.66906], [-8.044403, 41.660096], [-8.04306, 41.651078], [-8.036042, 41.643108], [-8.024101, 41.63871], [-8.012073, 41.640069], [-8.008555, 41.641778], [-7.998044, 41.650694], [-7.996165, 41.659685], [-8.001228, 41.668736], [-8.011543, 41.674737], [-8.023537, 41.676023]], [[-8.011627, 41.669234], [-8.004687, 41.659759], [-8.008425, 41.650784], [-8.01195, 41.648131], [-8.024001, 41.645287], [-8.035943, 41.64973], [-8.040096, 41.66006], [-8.035682, 41.66721], [-8.023594, 41.672222], [-8.011627, 41.669234]]], [[[-8.442527, 41.644702], [-8.456313, 41.643092], [-8.465031, 41.635802], [-8.46704, 41.626804], [-8.461628, 41.617771], [-8.456555, 41.614229], [-8.444579, 41.611169], [-8.432555, 41.613649], [-8.426598, 41.617602], [-8.422188, 41.626587], [-8.425193, 41.635609], [-8.432309, 41.641704], [-8.442527, 41.644702]], [[-8.440629, 41.635686], [-8.431896, 41.626636], [-8.444525, 41.617484], [-8.45781, 41.626761], [-8.456422, 41.630062], [-8.449088, 41.635726], [-8.444357, 41.637038], [-8.440629, 41.635686]]], [[[-8.080786, 41.624364], [-8.084321, 41.625544], [-8.096362, 41.62293], [-8.101587, 41.615521], [-8.096608, 41.605324], [-8.08464, 41.602972], [-8.077716, 41.606325], [-8.072327, 41.615289], [-8.080786, 41.624364]], [[-8.083998, 41.615383], [-8.084472, 41.61486], [-8.086284, 41.615401], [-8.084459, 41.615833], [-8.083998, 41.615383]]], [[[-8.073495, 41.553082], [-8.085282, 41.557543], [-8.097251, 41.559181], [-8.109251, 41.558616], [-8.121285, 41.555464], [-8.13337, 41.54851], [-8.138412, 41.543746], [-8.143771, 41.534778], [-8.145642, 41.525785], [-8.144326, 41.507761], [-8.147791, 41.480764], [-8.145195, 41.471738], [-8.137858, 41.462676], [-8.122649, 41.454514], [-8.110701, 41.452743], [-8.098713, 41.453848], [-8.086682, 41.457988], [-8.073571, 41.467574], [-8.074164, 41.473543], [-8.066374, 41.482318], [-8.066069, 41.48817], [-8.072054, 41.490199], [-8.07175, 41.494925], [-8.078499, 41.500331], [-8.085821, 41.489296], [-8.088101, 41.480307], [-8.094196, 41.471347], [-8.098511, 41.46844], [-8.11054, 41.464501], [-8.122498, 41.46572], [-8.132257, 41.471641], [-8.136955, 41.480684], [-8.13561, 41.489681], [-8.130101, 41.498647], [-8.137421, 41.525724], [-8.135248, 41.534715], [-8.127688, 41.543665], [-8.12139, 41.547761], [-8.109355, 41.551028], [-8.097361, 41.551272], [-8.08292, 41.547151], [-8.081886, 41.550977], [-8.079489, 41.551876], [-8.074097, 41.549848], [-8.073495, 41.553082]]], [[[-8.445086, 41.552031], [-8.457065, 41.553454], [-8.464976, 41.545729], [-8.460093, 41.536699], [-8.457218, 41.535163], [-8.443642, 41.53662], [-8.439458, 41.545607], [-8.445086, 41.552031]], [[-8.448159, 41.545649], [-8.457163, 41.541645], [-8.459193, 41.545702], [-8.457112, 41.547733], [-8.448159, 41.545649]]], [[[-8.553552, 41.472276], [-8.565552, 41.468683], [-8.570186, 41.465103], [-8.574529, 41.456112], [-8.572347, 41.447097], [-8.56574, 41.440518], [-8.553797, 41.436585], [-8.541816, 41.438217], [-8.530462, 41.446933], [-8.528353, 41.455932], [-8.53341, 41.46496], [-8.54159, 41.470247], [-8.553552, 41.472276]], [[-8.543087, 41.464999], [-8.536334, 41.455965], [-8.540526, 41.446974], [-8.553747, 41.443849], [-8.561042, 41.447054], [-8.566748, 41.456083], [-8.558648, 41.46506], [-8.553589, 41.466859], [-8.543087, 41.464999]]], [[[-8.194533, 41.3745], [-8.193587, 41.382013], [-8.198371, 41.391054], [-8.20716, 41.396953], [-8.219084, 41.400161], [-8.231063, 41.398766], [-8.244009, 41.391363], [-8.248388, 41.382384], [-8.247351, 41.373369], [-8.244037, 41.368384], [-8.239197, 41.371315], [-8.228249, 41.370199], [-8.231395, 41.370568], [-8.2349, 41.373287], [-8.237958, 41.382315], [-8.231157, 41.390771], [-8.21691, 41.391181], [-8.207241, 41.382108], [-8.210055, 41.375841], [-8.200358, 41.377648], [-8.194533, 41.3745]]], [[[-8.215292, 41.371191], [-8.215292, 41.371191], [-8.215459, 41.37111], [-8.215292, 41.371191]]], [[[-8.215591, 41.371046], [-8.221565, 41.369416], [-8.21738, 41.368182], [-8.215591, 41.371046]]], [[[-8.625953, 41.377703], [-8.63791, 41.377988], [-8.645564, 41.375285], [-8.65498, 41.366306], [-8.655371, 41.357299], [-8.650021, 41.349601], [-8.638098, 41.344072], [-8.626146, 41.344043], [-8.616258, 41.348168], [-8.609427, 41.357153], [-8.610058, 41.366162], [-8.614033, 41.37117], [-8.625953, 41.377703]]]]}}, {"id": "3", "type": "Feature", "properties": {"fill": "#c33119", "value_min": -3.0, "value_max": -2.67}, "geometry": {"type": "MultiPolygon", "coordinates": [[[[-7.897826, 41.860457], [-7.917448, 41.821094], [-7.918596, 41.812098], [-7.91066, 41.785003], [-7.914116, 41.776029], [-7.925833, 41.771764], [-7.949883, 41.772575], [-7.961937, 41.771214], [-7.974789, 41.767579], [-7.986192, 41.759033], [-7.998315, 41.753006], [-8.010354, 41.752311], [-8.022454, 41.747564], [-8.028044, 41.741021], [-8.028819, 41.732021], [-8.022813, 41.723893], [-8.010883, 41.717812], [-7.998864, 41.717651], [-7.974671, 41.727096], [-7.95059, 41.729232], [-7.9385, 41.733261], [-7.914234, 41.746112], [-7.902176, 41.747979], [-7.890198, 41.745121], [-7.878274, 41.739199], [-7.866957, 41.730539], [-7.867366, 41.721536], [-7.875854, 41.694599], [-7.875675, 41.682151], [-7.873401, 41.686198], [-7.868896, 41.686413], [-7.868008, 41.68326], [-7.864403, 41.68386], [-7.867181, 41.686152], [-7.870812, 41.694549], [-7.87135, 41.703561], [-7.866631, 41.717475], [-7.862372, 41.721487], [-7.858086, 41.730451], [-7.869208, 41.739568], [-7.888207, 41.74876], [-7.902014, 41.757492], [-7.91405, 41.757068], [-7.920012, 41.749064], [-7.926271, 41.745516], [-7.938395, 41.739612], [-7.950453, 41.737636], [-7.962426, 41.740848], [-7.971991, 41.74954], [-7.972698, 41.758554], [-7.964729, 41.767489], [-7.949911, 41.77091], [-7.937883, 41.770647], [-7.91815, 41.76706], [-7.913992, 41.760514], [-7.905674, 41.775949], [-7.906083, 41.784959], [-7.915082, 41.812065], [-7.914003, 41.821062], [-7.900487, 41.846868], [-7.891173, 41.858418], [-7.897826, 41.860457]]], [[[-7.727352, 41.80154], [-7.756803, 41.802221], [-7.768809, 41.803862], [-7.780709, 41.811111], [-7.792556, 41.82133], [-7.827902, 41.863905], [-7.837618, 41.873149], [-7.842528, 41.875187], [-7.842871, 41.865873], [-7.828066, 41.854926], [-7.816261, 41.841763], [-7.798975, 41.819916], [-7.787205, 41.801779], [-7.783684, 41.792735], [-7.777767, 41.756645], [-7.779405, 41.723762], [-7.773786, 41.727346], [-7.7678, 41.723276], [-7.763888, 41.724389], [-7.761765, 41.727758], [-7.762933, 41.733839], [-7.759307, 41.737203], [-7.759597, 41.739005], [-7.75689, 41.739446], [-7.758687, 41.740577], [-7.757758, 41.745301], [-7.748417, 41.749321], [-7.747786, 41.754496], [-7.743866, 41.756509], [-7.740214, 41.763924], [-7.726937, 41.771755], [-7.7254, 41.777152], [-7.727191, 41.779184], [-7.724177, 41.780299], [-7.725372, 41.781653], [-7.722296, 41.792446], [-7.728879, 41.797871], [-7.727352, 41.80154]]], [[[-8.343207, 41.76169], [-8.347133, 41.752895], [-8.351143, 41.749746], [-8.349814, 41.744122], [-8.352516, 41.743441], [-8.352203, 41.739616], [-8.357897, 41.735103], [-8.362407, 41.735994], [-8.368703, 41.73193], [-8.371416, 41.7344], [-8.376825, 41.734389], [-8.384922, 41.73032], [-8.387032, 41.731891], [-8.393033, 41.729852], [-8.396942, 41.730518], [-8.399934, 41.727514], [-8.397567, 41.725539], [-8.396165, 41.716525], [-8.403335, 41.707555], [-8.407713, 41.705108], [-8.419751, 41.70306], [-8.431741, 41.706378], [-8.437803, 41.713986], [-8.441632, 41.713975], [-8.4446, 41.70654], [-8.453868, 41.697961], [-8.453255, 41.695487], [-8.458061, 41.695698], [-8.461955, 41.693693], [-8.456238, 41.680796], [-8.464151, 41.671826], [-8.468099, 41.670021], [-8.480206, 41.658253], [-8.486686, 41.644908], [-8.487389, 41.635904], [-8.485146, 41.626886], [-8.479528, 41.617854], [-8.470137, 41.608804], [-8.456665, 41.601101], [-8.444694, 41.597781], [-8.432694, 41.597816], [-8.420664, 41.601251], [-8.408772, 41.608505], [-8.400512, 41.617469], [-8.397287, 41.626459], [-8.397362, 41.635467], [-8.400939, 41.644493], [-8.423738, 41.671631], [-8.417813, 41.680608], [-8.383762, 41.695986], [-8.368562, 41.707369], [-8.361953, 41.71634], [-8.359453, 41.723525], [-8.34728, 41.73836], [-8.345689, 41.734262], [-8.332033, 41.725177], [-8.313736, 41.716062], [-8.287507, 41.706292], [-8.275603, 41.696034], [-8.263285, 41.679721], [-8.251343, 41.670637], [-8.23991, 41.665427], [-8.227928, 41.662983], [-8.215916, 41.663014], [-8.203871, 41.665692], [-8.19177, 41.672829], [-8.186208, 41.679201], [-8.181951, 41.688178], [-8.181407, 41.697181], [-8.183974, 41.706207], [-8.191192, 41.719015], [-8.20308, 41.729869], [-8.22702, 41.738851], [-8.233058, 41.742573], [-8.242453, 41.760649], [-8.248972, 41.769699], [-8.255148, 41.774944], [-8.257551, 41.773564], [-8.261762, 41.774235], [-8.271366, 41.766346], [-8.280681, 41.764083], [-8.281636, 41.762493], [-8.274528, 41.760856], [-8.267336, 41.751804], [-8.268808, 41.742806], [-8.275139, 41.737288], [-8.287191, 41.73489], [-8.299165, 41.739597], [-8.302784, 41.743017], [-8.30441, 41.752034], [-8.299839, 41.758161], [-8.30778, 41.758824], [-8.307785, 41.760625], [-8.311096, 41.762195], [-8.318308, 41.761283], [-8.325233, 41.765098], [-8.328234, 41.763292], [-8.336653, 41.763728], [-8.338452, 41.762149], [-8.343207, 41.76169]], [[-8.239321, 41.71545], [-8.227236, 41.720787], [-8.215204, 41.721589], [-8.203216, 41.718816], [-8.191303, 41.710144], [-8.185278, 41.697209], [-8.186465, 41.68821], [-8.191674, 41.68049], [-8.203782, 41.672926], [-8.215817, 41.671188], [-8.227811, 41.672729], [-8.240959, 41.679576], [-8.248526, 41.688633], [-8.250279, 41.697651], [-8.248223, 41.706645], [-8.239321, 41.71545]], [[-8.456225, 41.653541], [-8.444205, 41.654753], [-8.432219, 41.651973], [-8.420825, 41.644595], [-8.413337, 41.63555], [-8.411588, 41.626533], [-8.414781, 41.617542], [-8.420567, 41.612111], [-8.432623, 41.605956], [-8.444634, 41.604799], [-8.456611, 41.60761], [-8.470959, 41.617815], [-8.475771, 41.626844], [-8.475896, 41.635852], [-8.471036, 41.644837], [-8.468283, 41.647674], [-8.456225, 41.653541]]], [[[-8.166669, 41.756074], [-8.178696, 41.75623], [-8.187697, 41.751268], [-8.190427, 41.74228], [-8.178981, 41.73385], [-8.166946, 41.734647], [-8.15847, 41.742051], [-8.160608, 41.751073], [-8.166669, 41.756074]]], [[[-7.984743, 41.603564], [-7.972468, 41.61444], [-7.964283, 41.625187], [-7.958792, 41.641338], [-7.959438, 41.650351], [-7.967238, 41.668435], [-7.975456, 41.67766], [-7.987341, 41.685873], [-7.999298, 41.689661], [-8.011317, 41.689507], [-8.035463, 41.681896], [-8.047641, 41.670855], [-8.053598, 41.660172], [-8.057394, 41.642189], [-8.060132, 41.637941], [-8.072171, 41.635737], [-8.084177, 41.635702], [-8.09622, 41.633114], [-8.108313, 41.624581], [-8.114922, 41.615625], [-8.120872, 41.585924], [-8.125891, 41.57968], [-8.145125, 41.566365], [-8.156716, 41.552889], [-8.163222, 41.534922], [-8.166763, 41.480903], [-8.164231, 41.46287], [-8.160757, 41.453838], [-8.146873, 41.433284], [-8.135033, 41.423587], [-8.111219, 41.414744], [-8.092456, 41.412809], [-8.079893, 41.41975], [-8.077503, 41.416597], [-8.070923, 41.41862], [-8.066739, 41.416142], [-8.061654, 41.417489], [-8.059852, 41.424916], [-8.055959, 41.429415], [-8.05745, 41.432793], [-8.056549, 41.436394], [-8.068105, 41.445629], [-8.086943, 41.4394], [-8.098931, 41.438086], [-8.110894, 41.438576], [-8.12283, 41.44111], [-8.134731, 41.44635], [-8.146579, 41.455697], [-8.155858, 41.471817], [-8.157419, 41.480835], [-8.15314, 41.534848], [-8.149256, 41.543826], [-8.141881, 41.552779], [-8.133224, 41.55941], [-8.121153, 41.565267], [-8.109112, 41.568705], [-8.0851, 41.570399], [-8.072881, 41.568603], [-8.069283, 41.570553], [-8.068081, 41.573478], [-8.062384, 41.575501], [-8.055484, 41.580673], [-8.052181, 41.584498], [-8.052777, 41.587649], [-8.048277, 41.590122], [-8.045573, 41.594397], [-8.031467, 41.602938], [-8.02367, 41.603156], [-8.019174, 41.601802], [-8.015872, 41.603824], [-8.013474, 41.603372], [-8.005971, 41.60629], [-8.003562, 41.611239], [-7.99936, 41.61281], [-7.998462, 41.612359], [-7.999669, 41.608759], [-7.996976, 41.605829], [-7.996684, 41.602003], [-7.984743, 41.603564]], [[-8.035547, 41.67631], [-8.023466, 41.680745], [-8.011447, 41.680979], [-7.999494, 41.677022], [-7.988848, 41.668627], [-7.984326, 41.659581], [-7.984414, 41.650574], [-7.989151, 41.641609], [-8.000175, 41.633028], [-8.012244, 41.628876], [-8.024251, 41.628736], [-8.036188, 41.633325], [-8.045324, 41.642089], [-8.049149, 41.651128], [-8.048811, 41.660132], [-8.044039, 41.6691], [-8.035547, 41.67631]], [[-8.108186, 41.615573], [-8.101799, 41.62453], [-8.096285, 41.62842], [-8.084251, 41.630508], [-8.072284, 41.627826], [-8.064599, 41.624234], [-8.058726, 41.615178], [-8.059582, 41.606178], [-8.066521, 41.597228], [-8.072787, 41.592739], [-8.084817, 41.590476], [-8.096773, 41.593473], [-8.100902, 41.597502], [-8.108031, 41.606564], [-8.108186, 41.615573]]], [[[-8.442345, 41.563636], [-8.444977, 41.564669], [-8.45698, 41.563495], [-8.4709, 41.554764], [-8.474735, 41.545774], [-8.470169, 41.536746], [-8.457263, 41.529753], [-8.445288, 41.528389], [-8.433258, 41.533313], [-8.429541, 41.536551], [-8.426124, 41.545542], [-8.428644, 41.554561], [-8.433029, 41.559548], [-8.442345, 41.563636]], [[-8.469097, 41.548442], [-8.463536, 41.554729], [-8.457022, 41.55856], [-8.445031, 41.558409], [-8.438478, 41.55461], [-8.432993, 41.545576], [-8.436656, 41.536586], [-8.445256, 41.532091], [-8.45724, 41.532458], [-8.465222, 41.536723], [-8.470361, 41.545754], [-8.469097, 41.548442]]], [[[-8.613086, 41.530673], [-8.625043, 41.535882], [-8.635789, 41.528382], [-8.629377, 41.519354], [-8.625148, 41.517723], [-8.616955, 41.519313], [-8.61313, 41.523305], [-8.6114, 41.528302], [-8.613086, 41.530673]]], [[[-8.42162, 41.494111], [-8.433605, 41.493484], [-8.443554, 41.482576], [-8.440744, 41.473554], [-8.433818, 41.469066], [-8.421842, 41.469103], [-8.415724, 41.47343], [-8.411069, 41.482414], [-8.417641, 41.491455], [-8.42162, 41.494111]], [[-8.433753, 41.476581], [-8.436883, 41.482543], [-8.433666, 41.4865], [-8.421671, 41.488318], [-8.417087, 41.482444], [-8.421793, 41.47463], [-8.433753, 41.476581]]], [[[-8.565465, 41.481729], [-8.57748, 41.476119], [-8.586828, 41.465164], [-8.589829, 41.456168], [-8.5901, 41.447161], [-8.587555, 41.438145], [-8.577806, 41.425786], [-8.565874, 41.420398], [-8.553919, 41.418774], [-8.541941, 41.420441], [-8.529941, 41.425], [-8.517893, 41.435938], [-8.513015, 41.446861], [-8.51346, 41.45587], [-8.518182, 41.464897], [-8.529578, 41.475315], [-8.541515, 41.480872], [-8.55348, 41.482825], [-8.565465, 41.481729]], [[-8.577542, 41.466473], [-8.565508, 41.475307], [-8.553516, 41.477578], [-8.538069, 41.473986], [-8.525517, 41.464928], [-8.521307, 41.455903], [-8.52202, 41.446898], [-8.528058, 41.437916], [-8.541871, 41.430306], [-8.553848, 41.429114], [-8.565801, 41.431483], [-8.575519, 41.438101], [-8.581359, 41.44713], [-8.582202, 41.45614], [-8.577542, 41.466473]]], [[[-8.154408, 41.376091], [-8.154199, 41.38173], [-8.157172, 41.390759], [-8.163918, 41.399816], [-8.18048, 41.408943], [-8.195001, 41.412862], [-8.206949, 41.414252], [-8.218917, 41.414042], [-8.230907, 41.411977], [-8.242925, 41.407471], [-8.253498, 41.400432], [-8.261004, 41.391473], [-8.264372, 41.382487], [-8.264691, 41.373481], [-8.262222, 41.364458], [-8.252906, 41.351576], [-8.249622, 41.353072], [-8.251123, 41.356897], [-8.248142, 41.360482], [-8.255312, 41.370446], [-8.256697, 41.382438], [-8.252798, 41.39142], [-8.243316, 41.400365], [-8.230985, 41.405423], [-8.219002, 41.406945], [-8.207053, 41.405726], [-8.192336, 41.400019], [-8.182624, 41.390943], [-8.178456, 41.381906], [-8.178592, 41.376759], [-8.168382, 41.377438], [-8.1642, 41.38059], [-8.154408, 41.376091]]], [[[-8.637811, 41.39591], [-8.649983, 41.393314], [-8.668536, 41.384361], [-8.677037, 41.375378], [-8.680394, 41.366379], [-8.679738, 41.35737], [-8.675191, 41.348349], [-8.666614, 41.339317], [-8.650129, 41.329528], [-8.638199, 41.325842], [-8.626256, 41.324656], [-8.6143, 41.325812], [-8.60173, 41.330103], [-8.589129, 41.339067], [-8.582769, 41.348051], [-8.580244, 41.35705], [-8.58048, 41.366058], [-8.583528, 41.375077], [-8.590041, 41.383328], [-8.601951, 41.391469], [-8.61389, 41.395238], [-8.625845, 41.396543], [-8.637811, 41.39591]], [[-8.649837, 41.383934], [-8.63786, 41.386997], [-8.625899, 41.387034], [-8.613957, 41.383916], [-8.601285, 41.37514], [-8.596144, 41.366114], [-8.595643, 41.357105], [-8.599488, 41.348111], [-8.614234, 41.337143], [-8.626201, 41.334402], [-8.638149, 41.33495], [-8.650079, 41.338751], [-8.662681, 41.348313], [-8.667464, 41.357335], [-8.667549, 41.366343], [-8.662625, 41.375336], [-8.649837, 41.383934]]]]}}, {"id": "0", "type": "Feature", "properties": {"fill": "#881d1d", "value_min": -4.0, "value_max": -3.67}, "geometry": {"type": "MultiPolygon", "coordinates": [[[[-7.879356, 41.852708], [-7.888419, 41.848151], [-7.903851, 41.829972], [-7.906014, 41.811979], [-7.904868, 41.802961], [-7.901434, 41.791483], [-7.879864, 41.766693], [-7.878226, 41.75767], [-7.866067, 41.749514], [-7.854022, 41.750509], [-7.843265, 41.757323], [-7.835636, 41.766253], [-7.817375, 41.781255], [-7.810675, 41.793018], [-7.808923, 41.802006], [-7.809766, 41.811022], [-7.816545, 41.82637], [-7.825188, 41.838201], [-7.835563, 41.847313], [-7.840187, 41.850831], [-7.852155, 41.855214], [-7.864172, 41.856941], [-7.867903, 41.856114], [-7.87033, 41.851395], [-7.873043, 41.850501], [-7.873066, 41.844875], [-7.879356, 41.852708]]], [[[-7.942442, 41.767286], [-7.950844, 41.767363], [-7.958068, 41.758422], [-7.950271, 41.748777], [-7.938228, 41.749749], [-7.931219, 41.758175], [-7.937951, 41.766574], [-7.942442, 41.767286]]], [[[-7.83194, 41.710181], [-7.832187, 41.712177], [-7.842563, 41.718866], [-7.854602, 41.717901], [-7.860395, 41.71246], [-7.86321, 41.703481], [-7.855036, 41.693451], [-7.849048, 41.693337], [-7.8361, 41.701188], [-7.835792, 41.702763], [-7.839682, 41.705924], [-7.838465, 41.709522], [-7.83194, 41.710181]]], [[[-8.203343, 41.70851], [-8.21535, 41.709617], [-8.22287, 41.706476], [-8.229965, 41.697517], [-8.226782, 41.688489], [-8.215677, 41.682725], [-8.203653, 41.683452], [-8.19716, 41.688286], [-8.194909, 41.697277], [-8.200311, 41.706322], [-8.203343, 41.70851]]], [[[-8.011627, 41.669234], [-8.023594, 41.672222], [-8.035682, 41.66721], [-8.040096, 41.66006], [-8.035943, 41.64973], [-8.024001, 41.645287], [-8.01195, 41.648131], [-8.008425, 41.650784], [-8.004687, 41.659759], [-8.011627, 41.669234]]], [[[-8.440629, 41.635686], [-8.444357, 41.637038], [-8.449088, 41.635726], [-8.456422, 41.630062], [-8.45781, 41.626761], [-8.444525, 41.617484], [-8.431896, 41.626636], [-8.440629, 41.635686]]], [[[-8.083998, 41.615383], [-8.084459, 41.615833], [-8.086284, 41.615401], [-8.084472, 41.61486], [-8.083998, 41.615383]]], [[[-8.448159, 41.545649], [-8.457112, 41.547733], [-8.459193, 41.545702], [-8.457163, 41.541645], [-8.448159, 41.545649]]], [[[-8.08292, 41.547151], [-8.097361, 41.551272], [-8.109355, 41.551028], [-8.12139, 41.547761], [-8.127688, 41.543665], [-8.135248, 41.534715], [-8.137421, 41.525724], [-8.130101, 41.498647], [-8.13561, 41.489681], [-8.136955, 41.480684], [-8.132257, 41.471641], [-8.122498, 41.46572], [-8.11054, 41.464501], [-8.098511, 41.46844], [-8.094196, 41.471347], [-8.088101, 41.480307], [-8.085821, 41.489296], [-8.078499, 41.500331], [-8.093, 41.504613], [-8.089398, 41.519242], [-8.090594, 41.522169], [-8.093588, 41.52307], [-8.091487, 41.531173], [-8.097775, 41.536127], [-8.097774, 41.537927], [-8.106759, 41.543106], [-8.10616, 41.543782], [-8.101666, 41.542655], [-8.094175, 41.544904], [-8.087885, 41.542876], [-8.083389, 41.5449], [-8.08292, 41.547151]]], [[[-8.543087, 41.464999], [-8.553589, 41.466859], [-8.558648, 41.46506], [-8.566748, 41.456083], [-8.561042, 41.447054], [-8.553747, 41.443849], [-8.540526, 41.446974], [-8.536334, 41.455965], [-8.543087, 41.464999]]], [[[-8.210055, 41.375841], [-8.207241, 41.382108], [-8.21691, 41.391181], [-8.231157, 41.390771], [-8.237958, 41.382315], [-8.2349, 41.373287], [-8.231395, 41.370568], [-8.228249, 41.370199], [-8.224854, 41.370878], [-8.221565, 41.369416], [-8.215591, 41.371046], [-8.215459, 41.37111], [-8.215292, 41.371191], [-8.212011, 41.375839], [-8.210055, 41.375841]]]]}}]}