{"type": "FeatureCollection", "features": [{"id": "0", "type": "Feature", "properties": {"fill": "#9c1c1c", "value_min": -3.67, "value_max": -3.33}, "geometry": {"type": "Polygon", "coordinates": [[[-8.362904, 41.373033], [-8.361437, 41.374059], [-8.362885, 41.374949], [-8.364021, 41.374073], [-8.362904, 41.373033]]]}}, {"id": "13", "type": "Feature", "properties": {"fill": "#a3a3a3", "value_min": 0.67, "value_max": -1.0}, "geometry": {"type": "MultiPolygon", "coordinates": [[[[-8.079844, 41.812292], [-8.069772, 41.802231], [-8.05783, 41.79576], [-8.045832, 41.7932], [-8.009705, 41.794469], [-7.985574, 41.798271], [-7.96139, 41.805119], [-7.925222, 41.808404], [-7.913116, 41.812371], [-7.876962, 41.849223], [-7.881446, 41.853671], [-7.90785, 41.821003], [-7.91305, 41.816251], [-7.925171, 41.811433], [-7.973425, 41.80529], [-7.997525, 41.803742], [-8.021544, 41.807451], [-8.035219, 41.813137], [-8.047583, 41.821501], [-8.057314, 41.815656], [-8.06664, 41.817012], [-8.072961, 41.813414], [-8.077775, 41.813641], [-8.079844, 41.812292]]], [[[-8.094503, 41.755648], [-8.103459, 41.741635], [-8.105828, 41.732646], [-8.101245, 41.705589], [-8.103691, 41.696602], [-8.119526, 41.684939], [-8.132775, 41.678811], [-8.134909, 41.66982], [-8.125654, 41.660743], [-8.107975, 41.651293], [-8.096033, 41.646463], [-8.072048, 41.6443], [-8.060013, 41.646144], [-8.053574, 41.651165], [-8.041209, 41.669076], [-8.035595, 41.67303], [-8.011442, 41.681303], [-8.00143, 41.686751], [-7.998395, 41.695732], [-8.001064, 41.704762], [-8.011975, 41.713864], [-8.022865, 41.720414], [-8.034936, 41.732073], [-8.04646, 41.750777], [-8.058297, 41.76382], [-8.070277, 41.767353], [-8.082343, 41.764859], [-8.094503, 41.755648]], [[-8.058582, 41.744371], [-8.046646, 41.738241], [-8.041251, 41.732125], [-8.018274, 41.713918], [-8.010909, 41.704847], [-8.008842, 41.695823], [-8.014776, 41.686867], [-8.035535, 41.677113], [-8.046876, 41.669123], [-8.059899, 41.653956], [-8.071976, 41.649279], [-8.083995, 41.648595], [-8.095978, 41.650387], [-8.107927, 41.654749], [-8.117936, 41.660684], [-8.126773, 41.669758], [-8.125048, 41.678752], [-8.119574, 41.681424], [-8.10113, 41.696582], [-8.097143, 41.705557], [-8.095047, 41.723555], [-8.091278, 41.732532], [-8.082683, 41.740949], [-8.070592, 41.74552], [-8.058582, 41.744371]]], [[[-8.361414, 41.525068], [-8.37348, 41.516762], [-8.379826, 41.509272], [-8.383599, 41.500285], [-8.384353, 41.482274], [-8.379183, 41.464231], [-8.370944, 41.455179], [-8.362152, 41.449898], [-8.350214, 41.446538], [-8.338255, 41.44526], [-8.326277, 41.445892], [-8.314279, 41.448475], [-8.302239, 41.454868], [-8.294231, 41.463741], [-8.291395, 41.472731], [-8.293144, 41.490757], [-8.301653, 41.509423], [-8.313498, 41.52246], [-8.325426, 41.527995], [-8.337391, 41.530145], [-8.349389, 41.529014], [-8.361414, 41.525068]], [[-8.337456, 41.523728], [-8.325494, 41.521453], [-8.313578, 41.514915], [-8.307671, 41.50886], [-8.301756, 41.49981], [-8.296783, 41.481772], [-8.298118, 41.472773], [-8.303381, 41.463797], [-8.316104, 41.454866], [-8.32622, 41.451448], [-8.338204, 41.450293], [-8.350163, 41.451586], [-8.362093, 41.455899], [-8.37255, 41.464195], [-8.37807, 41.473233], [-8.380737, 41.491262], [-8.378688, 41.500258], [-8.37356, 41.508526], [-8.361482, 41.518179], [-8.349451, 41.522819], [-8.337456, 41.523728]]], [[[-8.809027, 41.381222], [-8.781401, 41.382908], [-8.757487, 41.381304], [-8.745536, 41.379237], [-8.72165, 41.371708], [-8.697801, 41.357122], [-8.67546, 41.339342], [-8.637052, 41.312205], [-8.627222, 41.303165], [-8.621045, 41.294138], [-8.618954, 41.285123], [-8.62321, 41.267121], [-8.650686, 41.225005], [-8.662682, 41.212459], [-8.674638, 41.206854], [-8.686563, 41.207431], [-8.700451, 41.204293], [-8.705538, 41.195298], [-8.707683, 41.177288], [-8.715765, 41.1683], [-8.734476, 41.157612], [-8.756138, 41.150377], [-8.782189, 41.146192], [-8.799766, 41.145866], [-8.799695, 41.14406], [-8.674793, 41.146932], [-8.674849, 41.153767], [-8.672489, 41.15648], [-8.66117, 41.156307], [-8.662078, 41.158104], [-8.660313, 41.160813], [-8.657033, 41.160378], [-8.654961, 41.161963], [-8.653231, 41.169174], [-8.655366, 41.175467], [-8.647955, 41.180228], [-8.647696, 41.185181], [-8.643562, 41.189926], [-8.643581, 41.192402], [-8.640929, 41.196241], [-8.638833, 41.1958], [-8.637858, 41.213121], [-8.633149, 41.231122], [-8.608932, 41.276082], [-8.607503, 41.285084], [-8.609424, 41.294099], [-8.615932, 41.303128], [-8.627464, 41.312174], [-8.670335, 41.339328], [-8.697768, 41.3644], [-8.721609, 41.381224], [-8.745493, 41.3903], [-8.757444, 41.393089], [-8.781354, 41.397095], [-8.809719, 41.398746], [-8.809027, 41.381222]]]]}}, {"id": "12", "type": "Feature", "properties": {"fill": "#a3a3a3", "value_min": 0.33, "value_max": -0.67}, "geometry": {"type": "MultiPolygon", "coordinates": [[[[-8.154037, 41.817928], [-8.154037, 41.817928], [-8.153893, 41.817751], [-8.154037, 41.817928]]], [[[-8.153853, 41.817703], [-8.137439, 41.795936], [-8.127621, 41.777848], [-8.123958, 41.759807], [-8.127223, 41.732811], [-8.125073, 41.723787], [-8.11904, 41.720564], [-8.114561, 41.7147], [-8.107162, 41.710099], [-8.105346, 41.705621], [-8.10625, 41.696622], [-8.119479, 41.688369], [-8.143521, 41.687673], [-8.154323, 41.678971], [-8.151683, 41.669945], [-8.136904, 41.660828], [-8.119951, 41.653701], [-8.108037, 41.646776], [-8.096088, 41.64254], [-8.06014, 41.637437], [-8.048114, 41.638703], [-8.043834, 41.642077], [-8.042162, 41.660077], [-8.035658, 41.668858], [-8.023581, 41.673147], [-7.999571, 41.672021], [-7.98749, 41.676391], [-7.983466, 41.686594], [-7.983766, 41.695604], [-7.98712, 41.70464], [-7.997916, 41.713742], [-8.010882, 41.717896], [-8.022801, 41.724669], [-8.029663, 41.732028], [-8.032589, 41.74106], [-8.031563, 41.750058], [-8.022165, 41.76659], [-8.009813, 41.776893], [-7.995683, 41.785778], [-7.985697, 41.790433], [-7.980408, 41.79465], [-7.959747, 41.803471], [-7.949348, 41.805363], [-7.925272, 41.805373], [-7.913208, 41.806924], [-7.888689, 41.832549], [-7.86675, 41.847625], [-7.855494, 41.85652], [-7.851376, 41.861929], [-7.858542, 41.862622], [-7.859456, 41.860148], [-7.865481, 41.859262], [-7.87033, 41.851395], [-7.873043, 41.850501], [-7.873066, 41.844875], [-7.876962, 41.849223], [-7.913116, 41.812371], [-7.925222, 41.808404], [-7.96139, 41.805119], [-7.985574, 41.798271], [-8.009705, 41.794469], [-8.045832, 41.7932], [-8.05783, 41.79576], [-8.069772, 41.802231], [-8.079844, 41.812292], [-8.084998, 41.810493], [-8.091013, 41.812521], [-8.093421, 41.811397], [-8.093723, 41.808471], [-8.101845, 41.809824], [-8.104853, 41.81185], [-8.115984, 41.812302], [-8.123807, 41.808702], [-8.138247, 41.808477], [-8.139751, 41.813203], [-8.14276, 41.812978], [-8.145769, 41.815453], [-8.149078, 41.814777], [-8.153853, 41.817703]], [[-8.094503, 41.755648], [-8.082343, 41.764859], [-8.070277, 41.767353], [-8.058297, 41.76382], [-8.04646, 41.750777], [-8.034936, 41.732073], [-8.022865, 41.720414], [-8.011975, 41.713864], [-8.001064, 41.704762], [-7.998395, 41.695732], [-8.00143, 41.686751], [-8.011442, 41.681303], [-8.035595, 41.67303], [-8.041209, 41.669076], [-8.053574, 41.651165], [-8.060013, 41.646144], [-8.072048, 41.6443], [-8.096033, 41.646463], [-8.107975, 41.651293], [-8.125654, 41.660743], [-8.134909, 41.66982], [-8.132775, 41.678811], [-8.119526, 41.684939], [-8.103691, 41.696602], [-8.101245, 41.705589], [-8.105828, 41.732646], [-8.103459, 41.741635], [-8.094503, 41.755648]]], [[[-8.361327, 41.533948], [-8.373387, 41.526461], [-8.381694, 41.518289], [-8.387034, 41.50931], [-8.38955, 41.500316], [-8.388021, 41.473286], [-8.381258, 41.455235], [-8.368917, 41.44616], [-8.350274, 41.440493], [-8.326347, 41.439151], [-8.314363, 41.440524], [-8.302354, 41.444092], [-8.287879, 41.454695], [-8.283666, 41.463676], [-8.283141, 41.47268], [-8.291178, 41.499752], [-8.301528, 41.521029], [-8.313389, 41.532758], [-8.325326, 41.53767], [-8.337298, 41.539259], [-8.349301, 41.537821], [-8.361327, 41.533948]], [[-8.361414, 41.525068], [-8.349389, 41.529014], [-8.337391, 41.530145], [-8.325426, 41.527995], [-8.313498, 41.52246], [-8.301653, 41.509423], [-8.293144, 41.490757], [-8.291395, 41.472731], [-8.294231, 41.463741], [-8.302239, 41.454868], [-8.314279, 41.448475], [-8.326277, 41.445892], [-8.338255, 41.44526], [-8.350214, 41.446538], [-8.362152, 41.449898], [-8.370944, 41.455179], [-8.379183, 41.464231], [-8.384353, 41.482274], [-8.383599, 41.500285], [-8.379826, 41.509272], [-8.37348, 41.516762], [-8.361414, 41.525068]]], [[[-8.809719, 41.398746], [-8.781354, 41.397095], [-8.757444, 41.393089], [-8.745493, 41.3903], [-8.721609, 41.381224], [-8.697768, 41.3644], [-8.670335, 41.339328], [-8.627464, 41.312174], [-8.615932, 41.303128], [-8.609424, 41.294099], [-8.607503, 41.285084], [-8.608932, 41.276082], [-8.633149, 41.231122], [-8.637858, 41.213121], [-8.638833, 41.1958], [-8.638231, 41.194227], [-8.634946, 41.193341], [-8.632526, 41.188624], [-8.625658, 41.186628], [-8.620605, 41.178996], [-8.624435, 41.20407], [-8.62411, 41.222085], [-8.618046, 41.240081], [-8.595114, 41.276034], [-8.592401, 41.285032], [-8.593146, 41.294042], [-8.599059, 41.303071], [-8.612551, 41.312125], [-8.650129, 41.329416], [-8.665121, 41.339313], [-8.675657, 41.348351], [-8.709625, 41.386718], [-8.721552, 41.394595], [-8.73349, 41.400534], [-8.757383, 41.409292], [-8.809807, 41.422187], [-8.811211, 41.415789], [-8.809719, 41.398746]]]]}}, {"id": "14", "type": "Feature", "properties": {"fill": "#97a3b2", "value_min": 1.0, "value_max": -1.33}, "geometry": {"type": "MultiPolygon", "coordinates": [[[[-8.047583, 41.821501], [-8.035219, 41.813137], [-8.021544, 41.807451], [-7.997525, 41.803742], [-7.973425, 41.80529], [-7.925171, 41.811433], [-7.91305, 41.816251], [-7.90785, 41.821003], [-7.881446, 41.853671], [-7.887913, 41.855485], [-7.890918, 41.847861], [-7.903442, 41.829968], [-7.912985, 41.820131], [-7.925132, 41.813786], [-7.973382, 41.807979], [-7.997437, 41.809358], [-8.009421, 41.812929], [-8.021372, 41.818705], [-8.035202, 41.830269], [-8.037134, 41.831171], [-8.038941, 41.830047], [-8.041351, 41.828023], [-8.041054, 41.825097], [-8.045268, 41.824425], [-8.047583, 41.821501]]], [[[-8.058582, 41.744371], [-8.070592, 41.74552], [-8.082683, 41.740949], [-8.091278, 41.732532], [-8.095047, 41.723555], [-8.097143, 41.705557], [-8.10113, 41.696582], [-8.119574, 41.681424], [-8.125048, 41.678752], [-8.126773, 41.669758], [-8.117936, 41.660684], [-8.107927, 41.654749], [-8.095978, 41.650387], [-8.083995, 41.648595], [-8.071976, 41.649279], [-8.059899, 41.653956], [-8.046876, 41.669123], [-8.035535, 41.677113], [-8.014776, 41.686867], [-8.008842, 41.695823], [-8.010909, 41.704847], [-8.018274, 41.713918], [-8.041251, 41.732125], [-8.046646, 41.738241], [-8.058582, 41.744371]], [[-8.058698, 41.736397], [-8.046742, 41.731712], [-8.023886, 41.713965], [-8.016499, 41.704895], [-8.016194, 41.695886], [-8.024366, 41.686948], [-8.047606, 41.673224], [-8.060441, 41.660228], [-8.071914, 41.653647], [-8.083944, 41.652192], [-8.095936, 41.653438], [-8.112116, 41.660639], [-8.120214, 41.669708], [-8.118991, 41.678706], [-8.098571, 41.696562], [-8.092863, 41.705524], [-8.08672, 41.723489], [-8.082862, 41.728425], [-8.070734, 41.735625], [-8.058698, 41.736397]]], [[[-8.337456, 41.523728], [-8.349451, 41.522819], [-8.361482, 41.518179], [-8.37356, 41.508526], [-8.378688, 41.500258], [-8.380737, 41.491262], [-8.37807, 41.473233], [-8.37255, 41.464195], [-8.362093, 41.455899], [-8.350163, 41.451586], [-8.338204, 41.450293], [-8.32622, 41.451448], [-8.316104, 41.454866], [-8.303381, 41.463797], [-8.298118, 41.472773], [-8.296783, 41.481772], [-8.301756, 41.49981], [-8.307671, 41.50886], [-8.313578, 41.514915], [-8.325494, 41.521453], [-8.337456, 41.523728]], [[-8.336208, 41.518036], [-8.325551, 41.515988], [-8.313645, 41.508536], [-8.306581, 41.499846], [-8.302943, 41.490817], [-8.302162, 41.481805], [-8.304394, 41.472811], [-8.314137, 41.461979], [-8.326166, 41.456613], [-8.338155, 41.455144], [-8.350116, 41.456286], [-8.362044, 41.460976], [-8.366056, 41.46416], [-8.37338, 41.473207], [-8.376537, 41.482232], [-8.376768, 41.49124], [-8.373638, 41.500457], [-8.361532, 41.513061], [-8.349504, 41.517497], [-8.336208, 41.518036]]], [[[-8.808462, 41.366913], [-8.781439, 41.371613], [-8.757522, 41.371883], [-8.733622, 41.368071], [-8.709748, 41.359009], [-8.68591, 41.34382], [-8.643879, 41.312226], [-8.635362, 41.303192], [-8.630039, 41.294167], [-8.628242, 41.285153], [-8.62909, 41.276148], [-8.637539, 41.25816], [-8.650595, 41.242158], [-8.662576, 41.233124], [-8.674532, 41.228396], [-8.710364, 41.219904], [-8.725711, 41.213364], [-8.74623, 41.200451], [-8.770119, 41.190182], [-8.782051, 41.187909], [-8.801399, 41.187477], [-8.799766, 41.145866], [-8.782189, 41.146192], [-8.756138, 41.150377], [-8.734476, 41.157612], [-8.715765, 41.1683], [-8.707683, 41.177288], [-8.705538, 41.195298], [-8.700451, 41.204293], [-8.686563, 41.207431], [-8.674638, 41.206854], [-8.662682, 41.212459], [-8.650686, 41.225005], [-8.62321, 41.267121], [-8.618954, 41.285123], [-8.621045, 41.294138], [-8.627222, 41.303165], [-8.637052, 41.312205], [-8.67546, 41.339342], [-8.697801, 41.357122], [-8.72165, 41.371708], [-8.745536, 41.379237], [-8.757487, 41.381304], [-8.781401, 41.382908], [-8.809027, 41.381222], [-8.808462, 41.366913]]]]}}, {"id": "15", "type": "Feature", "properties": {"fill": "#80a4d0", "value_min": 1.33, "value_max": -1.67}, "geometry": {"type": "MultiPolygon", "coordinates": [[[[-8.035202, 41.830269], [-8.021372, 41.818705], [-8.009421, 41.812929], [-7.997437, 41.809358], [-7.973382, 41.807979], [-7.925132, 41.813786], [-7.912985, 41.820131], [-7.903442, 41.829968], [-7.890918, 41.847861], [-7.887913, 41.855485], [-7.892567, 41.859096], [-7.895501, 41.847905], [-7.9066, 41.829998], [-7.915828, 41.821079], [-7.925096, 41.815925], [-7.937177, 41.813407], [-7.961293, 41.811121], [-7.985361, 41.811722], [-7.997355, 41.81462], [-8.00931, 41.820155], [-8.02233, 41.830933], [-8.02901, 41.829589], [-8.035202, 41.830269]]], [[[-8.058698, 41.736397], [-8.070734, 41.735625], [-8.082862, 41.728425], [-8.08672, 41.723489], [-8.092863, 41.705524], [-8.098571, 41.696562], [-8.118991, 41.678706], [-8.120214, 41.669708], [-8.112116, 41.660639], [-8.095936, 41.653438], [-8.083944, 41.652192], [-8.071914, 41.653647], [-8.060441, 41.660228], [-8.047606, 41.673224], [-8.024366, 41.686948], [-8.016194, 41.695886], [-8.016499, 41.704895], [-8.023886, 41.713965], [-8.046742, 41.731712], [-8.058698, 41.736397]], [[-8.058779, 41.730854], [-8.046794, 41.728217], [-8.027493, 41.713996], [-8.022014, 41.704942], [-8.022677, 41.695941], [-8.031175, 41.687006], [-8.047536, 41.677983], [-8.059719, 41.666339], [-8.071857, 41.657592], [-8.083904, 41.654996], [-8.095898, 41.656142], [-8.107834, 41.661504], [-8.116394, 41.669679], [-8.116272, 41.678685], [-8.09601, 41.696541], [-8.088418, 41.705488], [-8.084927, 41.714468], [-8.078633, 41.723424], [-8.070831, 41.728902], [-8.058779, 41.730854]]], [[[-8.336208, 41.518036], [-8.349504, 41.517497], [-8.361532, 41.513061], [-8.373638, 41.500457], [-8.376768, 41.49124], [-8.376537, 41.482232], [-8.37338, 41.473207], [-8.366056, 41.46416], [-8.362044, 41.460976], [-8.350116, 41.456286], [-8.338155, 41.455144], [-8.326166, 41.456613], [-8.314137, 41.461979], [-8.304394, 41.472811], [-8.302162, 41.481805], [-8.302943, 41.490817], [-8.306581, 41.499846], [-8.313645, 41.508536], [-8.325551, 41.515988], [-8.336208, 41.518036]], [[-8.337551, 41.514465], [-8.325598, 41.511483], [-8.313707, 41.50271], [-8.307143, 41.490842], [-8.306592, 41.481831], [-8.310039, 41.472845], [-8.314069, 41.468362], [-8.32612, 41.461132], [-8.338116, 41.458945], [-8.350077, 41.460214], [-8.361996, 41.46583], [-8.369027, 41.473183], [-8.372781, 41.482211], [-8.372934, 41.49122], [-8.369424, 41.500208], [-8.361581, 41.508107], [-8.349544, 41.513569], [-8.337551, 41.514465]]], [[[-8.801399, 41.187477], [-8.782051, 41.187909], [-8.770119, 41.190182], [-8.74623, 41.200451], [-8.725711, 41.213364], [-8.710364, 41.219904], [-8.674532, 41.228396], [-8.662576, 41.233124], [-8.650595, 41.242158], [-8.637539, 41.25816], [-8.62909, 41.276148], [-8.628242, 41.285153], [-8.630039, 41.294167], [-8.635362, 41.303192], [-8.643879, 41.312226], [-8.68591, 41.34382], [-8.709748, 41.359009], [-8.733622, 41.368071], [-8.757522, 41.371883], [-8.781439, 41.371613], [-8.808462, 41.366913], [-8.807967, 41.354347], [-8.781471, 41.361985], [-8.757551, 41.364043], [-8.733648, 41.361766], [-8.70977, 41.354038], [-8.685929, 41.33988], [-8.650278, 41.312246], [-8.641996, 41.303212], [-8.637598, 41.294191], [-8.635769, 41.285177], [-8.636986, 41.276173], [-8.646332, 41.258187], [-8.662523, 41.243276], [-8.674486, 41.23753], [-8.731118, 41.222385], [-8.746166, 41.216885], [-8.770044, 41.211397], [-8.781976, 41.210434], [-8.802383, 41.212544], [-8.801399, 41.187477]]]]}}, {"id": "16", "type": "Feature", "properties": {"fill": "#6ba5ec", "value_min": 1.67, "value_max": -2.0}, "geometry": {"type": "MultiPolygon", "coordinates": [[[[-8.02233, 41.830933], [-8.00931, 41.820155], [-7.997355, 41.81462], [-7.985361, 41.811722], [-7.961293, 41.811121], [-7.937177, 41.813407], [-7.925096, 41.815925], [-7.915828, 41.821079], [-7.9066, 41.829998], [-7.895501, 41.847905], [-7.892567, 41.859096], [-7.898214, 41.860458], [-7.900083, 41.847949], [-7.909759, 41.830028], [-7.919576, 41.821114], [-7.92506, 41.818065], [-7.937155, 41.814781], [-7.961264, 41.812941], [-7.985311, 41.814947], [-8.002183, 41.821861], [-8.013058, 41.831053], [-8.013965, 41.828899], [-8.017873, 41.831379], [-8.02233, 41.830933]]], [[[-8.058779, 41.730854], [-8.070831, 41.728902], [-8.078633, 41.723424], [-8.084927, 41.714468], [-8.088418, 41.705488], [-8.09601, 41.696541], [-8.116272, 41.678685], [-8.116394, 41.669679], [-8.107834, 41.661504], [-8.095898, 41.656142], [-8.083904, 41.654996], [-8.071857, 41.657592], [-8.059719, 41.666339], [-8.047536, 41.677983], [-8.031175, 41.687006], [-8.022677, 41.695941], [-8.022014, 41.704942], [-8.027493, 41.713996], [-8.046794, 41.728217], [-8.058779, 41.730854]], [[-8.046846, 41.724721], [-8.031101, 41.714026], [-8.025776, 41.704974], [-8.027182, 41.695979], [-8.035363, 41.688569], [-8.053485, 41.678185], [-8.071803, 41.661369], [-8.083864, 41.6578], [-8.09586, 41.658846], [-8.099769, 41.660543], [-8.107788, 41.664873], [-8.112792, 41.669651], [-8.113555, 41.678664], [-8.09535, 41.695306], [-8.091724, 41.696508], [-8.083975, 41.705453], [-8.079964, 41.714428], [-8.070913, 41.723256], [-8.058835, 41.727053], [-8.046846, 41.724721]]], [[[-8.337551, 41.514465], [-8.349544, 41.513569], [-8.361581, 41.508107], [-8.369424, 41.500208], [-8.372934, 41.49122], [-8.372781, 41.482211], [-8.369027, 41.473183], [-8.361996, 41.46583], [-8.350077, 41.460214], [-8.338116, 41.458945], [-8.32612, 41.461132], [-8.314069, 41.468362], [-8.310039, 41.472845], [-8.306592, 41.481831], [-8.307143, 41.490842], [-8.313707, 41.50271], [-8.325598, 41.511483], [-8.337551, 41.514465]], [[-8.337589, 41.510683], [-8.325642, 41.507248], [-8.316325, 41.499904], [-8.311344, 41.490867], [-8.311022, 41.481858], [-8.315684, 41.472878], [-8.326075, 41.465484], [-8.338077, 41.462747], [-8.350038, 41.464131], [-8.361952, 41.470313], [-8.369377, 41.482193], [-8.36954, 41.491201], [-8.361625, 41.50367], [-8.349583, 41.509639], [-8.337589, 41.510683]]], [[[-8.802383, 41.212544], [-8.781976, 41.210434], [-8.770044, 41.211397], [-8.746166, 41.216885], [-8.731118, 41.222385], [-8.674486, 41.23753], [-8.662523, 41.243276], [-8.646332, 41.258187], [-8.636986, 41.276173], [-8.635769, 41.285177], [-8.637598, 41.294191], [-8.641996, 41.303212], [-8.650278, 41.312246], [-8.685929, 41.33988], [-8.70977, 41.354038], [-8.733648, 41.361766], [-8.757551, 41.364043], [-8.781471, 41.361985], [-8.807967, 41.354347], [-8.807509, 41.34274], [-8.793467, 41.349477], [-8.769536, 41.355971], [-8.745621, 41.357273], [-8.721726, 41.353788], [-8.697862, 41.344015], [-8.664951, 41.321297], [-8.65488, 41.312259], [-8.64777, 41.30323], [-8.643387, 41.294209], [-8.642172, 41.285197], [-8.643642, 41.276194], [-8.650481, 41.263548], [-8.662482, 41.25136], [-8.674452, 41.244394], [-8.698355, 41.237081], [-8.758066, 41.224883], [-8.781928, 41.225014], [-8.80309, 41.230509], [-8.802383, 41.212544]]]]}}, {"id": "17", "type": "Feature", "properties": {"fill": "#5599f7", "value_min": 2.0, "value_max": -2.33}, "geometry": {"type": "MultiPolygon", "coordinates": [[[[-8.013058, 41.831053], [-8.002183, 41.821861], [-7.985311, 41.814947], [-7.961264, 41.812941], [-7.937155, 41.814781], [-7.92506, 41.818065], [-7.919576, 41.821114], [-7.909759, 41.830028], [-7.900083, 41.847949], [-7.898214, 41.860458], [-7.900698, 41.861588], [-7.903157, 41.860693], [-7.903339, 41.84798], [-7.906535, 41.839004], [-7.912893, 41.830058], [-7.923324, 41.821149], [-7.937132, 41.816154], [-7.961241, 41.814367], [-7.973269, 41.815072], [-7.985263, 41.817958], [-7.993924, 41.821789], [-8.005549, 41.830897], [-8.009735, 41.83783], [-8.013058, 41.831053]]], [[[-8.046846, 41.724721], [-8.058835, 41.727053], [-8.070913, 41.723256], [-8.079964, 41.714428], [-8.083975, 41.705453], [-8.091724, 41.696508], [-8.09535, 41.695306], [-8.113555, 41.678664], [-8.112792, 41.669651], [-8.107788, 41.664873], [-8.099769, 41.660543], [-8.09586, 41.658846], [-8.083864, 41.6578], [-8.071803, 41.661369], [-8.053485, 41.678185], [-8.035363, 41.688569], [-8.027182, 41.695979], [-8.025776, 41.704974], [-8.031101, 41.714026], [-8.046846, 41.724721]], [[-8.05889, 41.723257], [-8.046888, 41.721869], [-8.03471, 41.714057], [-8.029108, 41.705003], [-8.0315, 41.696016], [-8.059545, 41.67833], [-8.065984, 41.66928], [-8.071754, 41.664768], [-8.083825, 41.660554], [-8.095826, 41.661268], [-8.109189, 41.669623], [-8.110836, 41.678643], [-8.095373, 41.693633], [-8.086818, 41.696469], [-8.070979, 41.718612], [-8.05889, 41.723257]]], [[[-8.337589, 41.510683], [-8.349583, 41.509639], [-8.361625, 41.50367], [-8.36954, 41.491201], [-8.369377, 41.482193], [-8.361952, 41.470313], [-8.350038, 41.464131], [-8.338077, 41.462747], [-8.326075, 41.465484], [-8.315684, 41.472878], [-8.311022, 41.481858], [-8.311344, 41.490867], [-8.316325, 41.499904], [-8.325642, 41.507248], [-8.337589, 41.510683]], [[-8.337624, 41.50728], [-8.325682, 41.503357], [-8.32134, 41.499934], [-8.315473, 41.490892], [-8.315371, 41.481884], [-8.32133, 41.472912], [-8.326032, 41.469565], [-8.338043, 41.466158], [-8.350005, 41.467425], [-8.359806, 41.473132], [-8.365973, 41.482174], [-8.366147, 41.491182], [-8.360484, 41.500158], [-8.349616, 41.506323], [-8.337624, 41.50728]]], [[[-8.80309, 41.230509], [-8.781928, 41.225014], [-8.758066, 41.224883], [-8.698355, 41.237081], [-8.674452, 41.244394], [-8.662482, 41.25136], [-8.650481, 41.263548], [-8.643642, 41.276194], [-8.642172, 41.285197], [-8.643387, 41.294209], [-8.64777, 41.30323], [-8.65488, 41.312259], [-8.664951, 41.321297], [-8.697862, 41.344015], [-8.721726, 41.353788], [-8.745621, 41.357273], [-8.769536, 41.355971], [-8.793467, 41.349477], [-8.807509, 41.34274], [-8.807053, 41.331176], [-8.793496, 41.340171], [-8.76956, 41.349174], [-8.745641, 41.352187], [-8.721745, 41.349357], [-8.697878, 41.340477], [-8.669048, 41.321309], [-8.652688, 41.303245], [-8.648973, 41.294226], [-8.647963, 41.285215], [-8.650011, 41.276214], [-8.654554, 41.26722], [-8.662824, 41.258236], [-8.674422, 41.250396], [-8.698332, 41.241997], [-8.734163, 41.234978], [-8.758035, 41.233299], [-8.781891, 41.236226], [-8.79381, 41.240438], [-8.803695, 41.245901], [-8.80309, 41.230509]]]]}}, {"id": "20", "type": "Feature", "properties": {"fill": "#245bd9", "value_min": 3.0, "value_max": -3.33}, "geometry": {"type": "MultiPolygon", "coordinates": [[[[-8.00188, 41.850268], [-8.000127, 41.839857], [-7.994335, 41.8308], [-7.980965, 41.821675], [-7.973207, 41.818931], [-7.961194, 41.81722], [-7.937086, 41.818902], [-7.930699, 41.821218], [-7.917679, 41.830103], [-7.912295, 41.839059], [-7.909609, 41.84804], [-7.910301, 41.857053], [-7.91438, 41.866099], [-7.92315, 41.875188], [-7.928045, 41.878016], [-7.933046, 41.876053], [-7.924171, 41.871152], [-7.91917, 41.866144], [-7.914663, 41.857095], [-7.912942, 41.848072], [-7.920073, 41.830126], [-7.934368, 41.821252], [-7.949128, 41.818802], [-7.961171, 41.818645], [-7.975338, 41.821625], [-7.990069, 41.830762], [-7.994986, 41.839812], [-7.996243, 41.851837], [-8.00188, 41.850268]]], [[[-7.996161, 41.852214], [-7.996161, 41.852214], [-7.996145, 41.852287], [-7.996161, 41.852214]]], [[[-7.994978, 41.857687], [-7.994978, 41.857687], [-7.994749, 41.858137], [-7.994978, 41.857687]]], [[[-7.988602, 41.867332], [-7.988602, 41.867332], [-7.986548, 41.869156], [-7.988602, 41.867332]]], [[[-7.985585, 41.870011], [-7.985585, 41.870011], [-7.985282, 41.870279], [-7.985585, 41.870011]]], [[[-8.071158, 41.706192], [-8.071325, 41.694611], [-8.083359, 41.693433], [-8.09542, 41.690288], [-8.105049, 41.678598], [-8.102657, 41.669572], [-8.095771, 41.665211], [-8.083767, 41.664656], [-8.074342, 41.669348], [-8.067734, 41.678301], [-8.067334, 41.687305], [-8.047335, 41.691583], [-8.040137, 41.696088], [-8.035856, 41.705059], [-8.042157, 41.714119], [-8.046957, 41.717196], [-8.058966, 41.718011], [-8.06586, 41.714314], [-8.071158, 41.706192]], [[-8.046991, 41.714859], [-8.039616, 41.705091], [-8.044456, 41.696124], [-8.047294, 41.694347], [-8.059324, 41.693493], [-8.064173, 41.696287], [-8.067475, 41.70532], [-8.059005, 41.715388], [-8.046991, 41.714859]], [[-8.083392, 41.691096], [-8.074929, 41.687367], [-8.071904, 41.678335], [-8.078369, 41.66938], [-8.083738, 41.666707], [-8.095743, 41.667184], [-8.099476, 41.669548], [-8.101894, 41.678573], [-8.095443, 41.688615], [-8.083392, 41.691096]]], [[[-8.349681, 41.499819], [-8.358742, 41.491141], [-8.358427, 41.482132], [-8.349937, 41.474213], [-8.337977, 41.472595], [-8.325932, 41.479214], [-8.32376, 41.481934], [-8.323526, 41.49094], [-8.325779, 41.493969], [-8.337687, 41.501058], [-8.349681, 41.499819]], [[-8.337726, 41.49731], [-8.328427, 41.490968], [-8.328975, 41.481964], [-8.337938, 41.476437], [-8.349897, 41.478202], [-8.354085, 41.482108], [-8.354469, 41.491117], [-8.349723, 41.495663], [-8.337726, 41.49731]]], [[[-8.769603, 41.336966], [-8.781702, 41.330585], [-8.792626, 41.321598], [-8.799707, 41.312603], [-8.803677, 41.303602], [-8.804891, 41.285588], [-8.802293, 41.276576], [-8.796767, 41.267559], [-8.787389, 41.258534], [-8.769911, 41.249499], [-8.757987, 41.246245], [-8.734124, 41.244587], [-8.710243, 41.247272], [-8.698295, 41.250081], [-8.686341, 41.254051], [-8.674371, 41.260728], [-8.666764, 41.267256], [-8.660532, 41.276245], [-8.657579, 41.285244], [-8.657784, 41.294253], [-8.661218, 41.303271], [-8.667312, 41.312296], [-8.676974, 41.321331], [-8.697905, 41.33471], [-8.721775, 41.342314], [-8.745677, 41.34308], [-8.769603, 41.336966]], [[-8.729649, 41.339482], [-8.709849, 41.336273], [-8.697918, 41.331942], [-8.680726, 41.321342], [-8.670943, 41.312306], [-8.665523, 41.303283], [-8.662029, 41.294265], [-8.662131, 41.285258], [-8.665287, 41.276259], [-8.672464, 41.267272], [-8.686321, 41.258096], [-8.69828, 41.253471], [-8.710227, 41.251026], [-8.734107, 41.248803], [-8.757967, 41.251853], [-8.769887, 41.256274], [-8.781798, 41.264027], [-8.792238, 41.276558], [-8.795584, 41.285572], [-8.796385, 41.294581], [-8.790514, 41.312586], [-8.783014, 41.32158], [-8.77065, 41.330564], [-8.757655, 41.336161], [-8.745693, 41.33884], [-8.729649, 41.339482]]]]}}, {"id": "21", "type": "Feature", "properties": {"fill": "#214db8", "value_min": 3.33, "value_max": -3.67}, "geometry": {"type": "MultiPolygon", "coordinates": [[[[-7.985282, 41.870279], [-7.985585, 41.870011], [-7.986548, 41.869156], [-7.988602, 41.867332], [-7.990123, 41.860157], [-7.994749, 41.858137], [-7.994978, 41.857687], [-7.994047, 41.855211], [-7.996145, 41.852287], [-7.996161, 41.852214], [-7.996243, 41.851837], [-7.994986, 41.839812], [-7.990069, 41.830762], [-7.975338, 41.821625], [-7.961171, 41.818645], [-7.949128, 41.818802], [-7.934368, 41.821252], [-7.920073, 41.830126], [-7.912942, 41.848072], [-7.914663, 41.857095], [-7.91917, 41.866144], [-7.924171, 41.871152], [-7.933046, 41.876053], [-7.937389, 41.87516], [-7.938599, 41.873378], [-7.924249, 41.866479], [-7.919534, 41.857141], [-7.91875, 41.848127], [-7.922465, 41.830148], [-7.939608, 41.821301], [-7.961148, 41.820072], [-7.968586, 41.821565], [-7.985803, 41.830725], [-7.989953, 41.839768], [-7.990841, 41.848783], [-7.989791, 41.85778], [-7.984522, 41.864843], [-7.972354, 41.872237], [-7.965357, 41.874754], [-7.973828, 41.875216], [-7.985282, 41.870279]]], [[[-7.965096, 41.874848], [-7.965096, 41.874848], [-7.964734, 41.874978], [-7.965096, 41.874848]]], [[[-8.046991, 41.714859], [-8.059005, 41.715388], [-8.067475, 41.70532], [-8.064173, 41.696287], [-8.059324, 41.693493], [-8.047294, 41.694347], [-8.044456, 41.696124], [-8.039616, 41.705091], [-8.046991, 41.714859]], [[-8.047057, 41.71045], [-8.043376, 41.705122], [-8.047233, 41.698477], [-8.059257, 41.69808], [-8.063314, 41.705287], [-8.059069, 41.710991], [-8.047057, 41.71045]]], [[[-8.083392, 41.691096], [-8.095443, 41.688615], [-8.101894, 41.678573], [-8.099476, 41.669548], [-8.095743, 41.667184], [-8.083738, 41.666707], [-8.078369, 41.66938], [-8.071904, 41.678335], [-8.074929, 41.687367], [-8.083392, 41.691096]], [[-8.080367, 41.68741], [-8.077738, 41.678382], [-8.082396, 41.669412], [-8.095716, 41.669155], [-8.098739, 41.678549], [-8.095491, 41.685188], [-8.083425, 41.688758], [-8.080367, 41.68741]]], [[[-8.337726, 41.49731], [-8.349723, 41.495663], [-8.354469, 41.491117], [-8.354085, 41.482108], [-8.349897, 41.478202], [-8.337938, 41.476437], [-8.328975, 41.481964], [-8.328427, 41.490968], [-8.337726, 41.49731]], [[-8.337767, 41.493247], [-8.334476, 41.491004], [-8.335257, 41.482001], [-8.337898, 41.480372], [-8.349138, 41.48208], [-8.350196, 41.491093], [-8.337767, 41.493247]]], [[[-8.729649, 41.339482], [-8.745693, 41.33884], [-8.757655, 41.336161], [-8.77065, 41.330564], [-8.783014, 41.32158], [-8.790514, 41.312586], [-8.796385, 41.294581], [-8.795584, 41.285572], [-8.792238, 41.276558], [-8.781798, 41.264027], [-8.769887, 41.256274], [-8.757967, 41.251853], [-8.734107, 41.248803], [-8.710227, 41.251026], [-8.69828, 41.253471], [-8.686321, 41.258096], [-8.672464, 41.267272], [-8.665287, 41.276259], [-8.662131, 41.285258], [-8.662029, 41.294265], [-8.665523, 41.303283], [-8.670943, 41.312306], [-8.680726, 41.321342], [-8.697918, 41.331942], [-8.709849, 41.336273], [-8.729649, 41.339482]], [[-8.745709, 41.334676], [-8.733756, 41.335193], [-8.709862, 41.33335], [-8.686013, 41.322471], [-8.67412, 41.311305], [-8.669841, 41.303296], [-8.668065, 41.294283], [-8.66979, 41.276272], [-8.679133, 41.267291], [-8.698264, 41.256863], [-8.72215, 41.253849], [-8.746022, 41.254034], [-8.757947, 41.257122], [-8.769863, 41.26309], [-8.775935, 41.26752], [-8.783513, 41.276542], [-8.787546, 41.285557], [-8.788579, 41.294567], [-8.786974, 41.303572], [-8.782339, 41.312571], [-8.769645, 41.32503], [-8.757672, 41.331505], [-8.745709, 41.334676]]]]}}, {"id": "18", "type": "Feature", "properties": {"fill": "#4182f2", "value_min": 2.33, "value_max": -2.67}, "geometry": {"type": "MultiPolygon", "coordinates": [[[[-8.009735, 41.83783], [-8.005549, 41.830897], [-7.993924, 41.821789], [-7.985263, 41.817958], [-7.973269, 41.815072], [-7.961241, 41.814367], [-7.937132, 41.816154], [-7.923324, 41.821149], [-7.912893, 41.830058], [-7.906535, 41.839004], [-7.903339, 41.84798], [-7.903157, 41.860693], [-7.904318, 41.859795], [-7.907309, 41.865203], [-7.906095, 41.868126], [-7.910299, 41.871285], [-7.910285, 41.875562], [-7.915391, 41.879397], [-7.920356, 41.878731], [-7.909347, 41.866051], [-7.906396, 41.857016], [-7.906474, 41.84801], [-7.909415, 41.839032], [-7.915286, 41.83008], [-7.927028, 41.821184], [-7.937109, 41.817527], [-7.949171, 41.816215], [-7.973238, 41.817002], [-7.98693, 41.821728], [-7.9993, 41.830843], [-8.006229, 41.843971], [-8.009735, 41.83783]]], [[[-8.05889, 41.723257], [-8.070979, 41.718612], [-8.086818, 41.696469], [-8.095373, 41.693633], [-8.110836, 41.678643], [-8.109189, 41.669623], [-8.095826, 41.661268], [-8.083825, 41.660554], [-8.071754, 41.664768], [-8.065984, 41.66928], [-8.059545, 41.67833], [-8.0315, 41.696016], [-8.029108, 41.705003], [-8.03471, 41.714057], [-8.046888, 41.721869], [-8.05889, 41.723257]], [[-8.046922, 41.719532], [-8.038428, 41.714088], [-8.032441, 41.705031], [-8.035819, 41.696052], [-8.047376, 41.688818], [-8.059446, 41.68513], [-8.071705, 41.668166], [-8.083796, 41.662605], [-8.095799, 41.66324], [-8.105836, 41.669597], [-8.108119, 41.678622], [-8.100764, 41.687572], [-8.095397, 41.691961], [-8.08045, 41.696418], [-8.070642, 41.714353], [-8.058928, 41.720634], [-8.046922, 41.719532]]], [[[-8.337624, 41.50728], [-8.349616, 41.506323], [-8.360484, 41.500158], [-8.366147, 41.491182], [-8.365973, 41.482174], [-8.359806, 41.473132], [-8.350005, 41.467425], [-8.338043, 41.466158], [-8.326032, 41.469565], [-8.32133, 41.472912], [-8.315371, 41.481884], [-8.315473, 41.490892], [-8.32134, 41.499934], [-8.325682, 41.503357], [-8.337624, 41.50728]], [[-8.337656, 41.504169], [-8.325724, 41.499284], [-8.319499, 41.490916], [-8.319566, 41.481909], [-8.325988, 41.473867], [-8.33801, 41.469376], [-8.349972, 41.470721], [-8.354059, 41.4731], [-8.362568, 41.482155], [-8.362754, 41.491164], [-8.354894, 41.500127], [-8.349648, 41.503102], [-8.337656, 41.504169]]], [[[-8.803695, 41.245901], [-8.79381, 41.240438], [-8.781891, 41.236226], [-8.758035, 41.233299], [-8.734163, 41.234978], [-8.698332, 41.241997], [-8.674422, 41.250396], [-8.662824, 41.258236], [-8.654554, 41.26722], [-8.650011, 41.276214], [-8.647963, 41.285215], [-8.648973, 41.294226], [-8.652688, 41.303245], [-8.669048, 41.321309], [-8.697878, 41.340477], [-8.721745, 41.349357], [-8.745641, 41.352187], [-8.76956, 41.349174], [-8.793496, 41.340171], [-8.807053, 41.331176], [-8.806522, 41.317725], [-8.793821, 41.330608], [-8.781551, 41.338083], [-8.769582, 41.342981], [-8.74566, 41.347335], [-8.72176, 41.345735], [-8.697892, 41.337476], [-8.673144, 41.32132], [-8.656953, 41.303258], [-8.65354, 41.29424], [-8.653028, 41.285231], [-8.655308, 41.27623], [-8.66091, 41.267239], [-8.670524, 41.258259], [-8.68636, 41.250007], [-8.71026, 41.243449], [-8.746078, 41.239752], [-8.769937, 41.242183], [-8.789331, 41.249529], [-8.804304, 41.261379], [-8.803695, 41.245901]]]]}}, {"id": "8", "type": "Feature", "properties": {"fill": "#a3a3a3", "value_min": -1.0, "value_max": -0.67}, "geometry": {"type": "MultiPolygon", "coordinates": [[[[-7.741031, 41.827549], [-7.742839, 41.827178], [-7.743152, 41.825154], [-7.73594, 41.823554], [-7.72995, 41.819031], [-7.72849, 41.811942], [-7.744594, 41.811023], [-7.756712, 41.806936], [-7.764964, 41.801542], [-7.772398, 41.792615], [-7.775048, 41.783637], [-7.773946, 41.774618], [-7.769519, 41.766738], [-7.757687, 41.756466], [-7.747198, 41.752164], [-7.749323, 41.748649], [-7.757758, 41.745301], [-7.758687, 41.740577], [-7.75689, 41.739446], [-7.759597, 41.739005], [-7.759307, 41.737203], [-7.762933, 41.733839], [-7.761765, 41.727758], [-7.765698, 41.723044], [-7.770798, 41.72441], [-7.773786, 41.727346], [-7.776204, 41.724652], [-7.78252, 41.723546], [-7.78464, 41.720402], [-7.789449, 41.719966], [-7.790966, 41.717044], [-7.803298, 41.714154], [-7.808396, 41.715744], [-7.808986, 41.717996], [-7.815291, 41.718689], [-7.818621, 41.713522], [-7.825252, 41.708813], [-7.832453, 41.710407], [-7.838465, 41.709522], [-7.839682, 41.705924], [-7.835792, 41.702763], [-7.837309, 41.699391], [-7.847538, 41.695365], [-7.854776, 41.68818], [-7.857773, 41.689538], [-7.860493, 41.685268], [-7.864096, 41.685276], [-7.864403, 41.683701], [-7.866232, 41.683706], [-7.864353, 41.685479], [-7.863588, 41.694478], [-7.865972, 41.703508], [-7.861901, 41.712475], [-7.855139, 41.721415], [-7.852264, 41.730393], [-7.866057, 41.739537], [-7.878175, 41.744881], [-7.890149, 41.747948], [-7.902176, 41.747956], [-7.914264, 41.744363], [-7.931941, 41.731161], [-7.936874, 41.7222], [-7.938002, 41.713204], [-7.936317, 41.704181], [-7.927187, 41.690496], [-7.915319, 41.681644], [-7.903378, 41.677277], [-7.891397, 41.675371], [-7.877038, 41.67758], [-7.877044, 41.676077], [-7.883969, 41.67069], [-7.896885, 41.668692], [-7.898396, 41.665769], [-7.900198, 41.665547], [-7.899912, 41.661776], [-7.915533, 41.668922], [-7.927402, 41.677539], [-7.941666, 41.695224], [-7.945503, 41.704266], [-7.946524, 41.722289], [-7.943241, 41.731266], [-7.93601, 41.740206], [-7.914069, 41.755928], [-7.889885, 41.763287], [-7.865764, 41.766743], [-7.829762, 41.761805], [-7.817736, 41.761591], [-7.810538, 41.765996], [-7.805523, 41.771468], [-7.797012, 41.792876], [-7.781583, 41.810726], [-7.768516, 41.819161], [-7.756375, 41.824354], [-7.741031, 41.827549]]], [[[-7.888255, 41.811808], [-7.885887, 41.802779], [-7.877308, 41.79467], [-7.865327, 41.791531], [-7.853229, 41.795059], [-7.845209, 41.802377], [-7.843862, 41.81137], [-7.849795, 41.820437], [-7.864722, 41.825807], [-7.876793, 41.824114], [-7.881733, 41.820752], [-7.888255, 41.811808]], [[-7.8649, 41.815739], [-7.861094, 41.811542], [-7.865056, 41.806876], [-7.877086, 41.80736], [-7.879447, 41.811723], [-7.876947, 41.815336], [-7.8649, 41.815739]]], [[[-7.957297, 41.785436], [-7.949789, 41.77833], [-7.937765, 41.777825], [-7.928542, 41.785171], [-7.931143, 41.794202], [-7.93745, 41.796934], [-7.949485, 41.796955], [-7.954909, 41.794421], [-7.957297, 41.785436]]], [[[-8.619653, 41.61027], [-8.61803, 41.600383], [-8.608409, 41.582336], [-8.577211, 41.546196], [-8.553269, 41.513485], [-8.540464, 41.501018], [-8.517525, 41.485512], [-8.493654, 41.474533], [-8.469743, 41.469332], [-8.445855, 41.461851], [-8.433889, 41.460915], [-8.421885, 41.464298], [-8.411327, 41.473408], [-8.408704, 41.482402], [-8.412897, 41.491431], [-8.424008, 41.500494], [-8.432025, 41.509541], [-8.430078, 41.518539], [-8.421271, 41.53328], [-8.416623, 41.545494], [-8.41331, 41.572499], [-8.409026, 41.590491], [-8.398397, 41.617458], [-8.394562, 41.635452], [-8.380554, 41.644385], [-8.37222, 41.647048], [-8.364159, 41.653302], [-8.358568, 41.662278], [-8.359449, 41.67129], [-8.371881, 41.681871], [-8.383882, 41.683431], [-8.39631, 41.680497], [-8.420118, 41.662223], [-8.511952, 41.667915], [-8.51702, 41.661979], [-8.522103, 41.658811], [-8.525706, 41.659023], [-8.527769, 41.652714], [-8.534066, 41.652017], [-8.537951, 41.649302], [-8.537634, 41.646602], [-8.543876, 41.637352], [-8.543855, 41.633976], [-8.535434, 41.630737], [-8.516445, 41.630644], [-8.492489, 41.623649], [-8.47123, 41.608809], [-8.462445, 41.599761], [-8.457688, 41.590731], [-8.455633, 41.581714], [-8.45967, 41.563719], [-8.474455, 41.545773], [-8.493202, 41.532464], [-8.505212, 41.529485], [-8.517204, 41.528792], [-8.529183, 41.529906], [-8.541143, 41.533604], [-8.553084, 41.540461], [-8.565, 41.551254], [-8.575199, 41.564204], [-8.5834, 41.582248], [-8.584264, 41.591259], [-8.582676, 41.60026], [-8.577976, 41.60925], [-8.57164, 41.615866], [-8.577321, 41.614269], [-8.581231, 41.615829], [-8.585766, 41.620988], [-8.591462, 41.620515], [-8.596534, 41.616668], [-8.601628, 41.615972], [-8.603996, 41.611686], [-8.613256, 41.606696], [-8.619653, 41.61027]]], [[[-8.569846, 41.617638], [-8.569846, 41.617638], [-8.56958, 41.6179], [-8.569846, 41.617638]]], [[[-8.569548, 41.617932], [-8.569548, 41.617932], [-8.569351, 41.618126], [-8.569548, 41.617932]]], [[[-8.56925, 41.618226], [-8.56925, 41.618226], [-8.569074, 41.618352], [-8.56925, 41.618226]]], [[[-8.568951, 41.61844], [-8.568951, 41.61844], [-8.568759, 41.618578], [-8.568951, 41.61844]]], [[[-8.153315, 41.633928], [-8.149522, 41.624893], [-8.144404, 41.620936], [-8.132428, 41.618884], [-8.121251, 41.624681], [-8.117717, 41.633661], [-8.125891, 41.64273], [-8.132073, 41.64537], [-8.147041, 41.642889], [-8.153315, 41.633928]], [[-8.128633, 41.633744], [-8.132277, 41.630141], [-8.139739, 41.633828], [-8.132176, 41.637664], [-8.128633, 41.633744]]], [[[-8.098851, 41.606493], [-8.096611, 41.605095], [-8.084621, 41.604346], [-8.081548, 41.606356], [-8.07601, 41.615319], [-8.084339, 41.62425], [-8.096358, 41.623209], [-8.104539, 41.615544], [-8.098851, 41.606493]]], [[[-8.080987, 41.551415], [-8.097281, 41.556973], [-8.109266, 41.557492], [-8.121286, 41.555418], [-8.133348, 41.550138], [-8.141947, 41.543772], [-8.147656, 41.534807], [-8.148274, 41.525805], [-8.142451, 41.516754], [-8.121928, 41.507932], [-8.109978, 41.5056], [-8.093, 41.504655], [-8.090598, 41.515422], [-8.097894, 41.512887], [-8.109875, 41.513086], [-8.120081, 41.516585], [-8.127985, 41.525653], [-8.126433, 41.534648], [-8.121503, 41.539396], [-8.109444, 41.544518], [-8.096457, 41.543554], [-8.094175, 41.544904], [-8.087885, 41.542876], [-8.083689, 41.544675], [-8.080987, 41.551415]]], [[[-8.26543, 41.533637], [-8.271217, 41.526649], [-8.275022, 41.517666], [-8.275414, 41.508661], [-8.272685, 41.499637], [-8.265931, 41.489302], [-8.25405, 41.480727], [-8.242121, 41.476555], [-8.230151, 41.475978], [-8.212484, 41.481226], [-8.200661, 41.490151], [-8.195177, 41.49912], [-8.192845, 41.508111], [-8.193865, 41.517126], [-8.198173, 41.526163], [-8.209617, 41.53525], [-8.217414, 41.539119], [-8.229365, 41.542264], [-8.241349, 41.542752], [-8.253363, 41.54054], [-8.26543, 41.533637]], [[-8.241487, 41.530928], [-8.229524, 41.528884], [-8.224435, 41.526343], [-8.214329, 41.517268], [-8.211742, 41.508243], [-8.214371, 41.499253], [-8.224486, 41.490314], [-8.230011, 41.4878], [-8.242007, 41.486383], [-8.255394, 41.490519], [-8.265577, 41.499592], [-8.268263, 41.508616], [-8.265597, 41.51893], [-8.25684, 41.526557], [-8.2535, 41.528655], [-8.241487, 41.530928]]], [[[-8.707429, 41.483549], [-8.70787, 41.474543], [-8.70413, 41.465526], [-8.697331, 41.458479], [-8.685391, 41.451502], [-8.673434, 41.448427], [-8.661464, 41.448193], [-8.649477, 41.451011], [-8.640873, 41.456338], [-8.633795, 41.465324], [-8.632614, 41.474327], [-8.637018, 41.483349], [-8.647043, 41.492387], [-8.661201, 41.498766], [-8.67317, 41.501184], [-8.685154, 41.500632], [-8.697157, 41.49602], [-8.701946, 41.492543], [-8.707429, 41.483549]]], [[[-8.288039, 41.31341], [-8.283386, 41.328561], [-8.282664, 41.337565], [-8.284961, 41.364602], [-8.29226, 41.391669], [-8.298135, 41.400713], [-8.302775, 41.40473], [-8.310229, 41.409794], [-8.326585, 41.416091], [-8.350469, 41.420952], [-8.386345, 41.4235], [-8.42227, 41.420822], [-8.434263, 41.417806], [-8.446275, 41.412506], [-8.459871, 41.401586], [-8.466681, 41.39261], [-8.470436, 41.38362], [-8.473584, 41.365619], [-8.470281, 41.347589], [-8.462247, 41.329536], [-8.447143, 41.309995], [-8.425001, 41.292314], [-8.425606, 41.294007], [-8.422037, 41.296942], [-8.421756, 41.30077], [-8.407744, 41.304856], [-8.406262, 41.307335], [-8.402979, 41.307568], [-8.4018, 41.311137], [-8.411251, 41.315803], [-8.423122, 41.324557], [-8.435005, 41.338413], [-8.442653, 41.356466], [-8.442256, 41.374479], [-8.438885, 41.38347], [-8.432721, 41.392448], [-8.422749, 41.401406], [-8.405702, 41.410326], [-8.386423, 41.415207], [-8.362482, 41.416198], [-8.338588, 41.412487], [-8.326665, 41.408353], [-8.314772, 41.401539], [-8.305172, 41.391748], [-8.297948, 41.373689], [-8.297078, 41.355669], [-8.30169, 41.337682], [-8.308401, 41.327033], [-8.307502, 41.325762], [-8.305116, 41.326891], [-8.303024, 41.325994], [-8.303615, 41.323742], [-8.301216, 41.319694], [-8.296431, 41.316774], [-8.297618, 41.313846], [-8.296116, 41.310022], [-8.288135, 41.313185], [-8.288063, 41.313353], [-8.288039, 41.31341]]], [[[-8.661791, 41.385209], [-8.666556, 41.375348], [-8.667302, 41.366342], [-8.661955, 41.353546], [-8.650059, 41.342619], [-8.638135, 41.337391], [-8.626195, 41.335457], [-8.61424, 41.336004], [-8.602264, 41.339113], [-8.58769, 41.348069], [-8.581106, 41.357053], [-8.579156, 41.366054], [-8.580342, 41.375066], [-8.585508, 41.384092], [-8.601922, 41.396193], [-8.613861, 41.400151], [-8.625818, 41.401295], [-8.637787, 41.400184], [-8.649774, 41.395643], [-8.661791, 41.385209]], [[-8.625902, 41.386648], [-8.613961, 41.383235], [-8.603095, 41.375146], [-8.598541, 41.366123], [-8.599455, 41.357118], [-8.606498, 41.348135], [-8.614192, 41.3441], [-8.62616, 41.341439], [-8.638106, 41.342732], [-8.650469, 41.348277], [-8.657477, 41.357306], [-8.659153, 41.366318], [-8.655468, 41.375315], [-8.649853, 41.381081], [-8.637865, 41.386103], [-8.625902, 41.386648]]], [[[-8.502648, 41.221079], [-8.505111, 41.230643], [-8.51151, 41.239678], [-8.525749, 41.248746], [-8.543113, 41.252974], [-8.55505, 41.252771], [-8.567004, 41.25007], [-8.578978, 41.244111], [-8.583812, 41.239962], [-8.591053, 41.23098], [-8.593499, 41.221981], [-8.591132, 41.208873], [-8.588336, 41.203947], [-8.577937, 41.193801], [-8.575958, 41.195609], [-8.576894, 41.201908], [-8.574515, 41.202593], [-8.57423, 41.20462], [-8.569063, 41.204414], [-8.579179, 41.212725], [-8.580954, 41.221936], [-8.57661, 41.230928], [-8.567088, 41.237288], [-8.55514, 41.239496], [-8.543227, 41.236547], [-8.534849, 41.230767], [-8.530584, 41.221742], [-8.532587, 41.213101], [-8.529858, 41.210859], [-8.52713, 41.203215], [-8.523236, 41.200077], [-8.51163, 41.203042], [-8.510456, 41.206197], [-8.506652, 41.206435], [-8.506584, 41.20657], [-8.506538, 41.20666], [-8.505994, 41.207736], [-8.504029, 41.211621], [-8.503931, 41.211814], [-8.503915, 41.211846], [-8.503636, 41.212397], [-8.503417, 41.213648], [-8.502811, 41.219503], [-8.502648, 41.221079]]]]}}, {"id": "7", "type": "Feature", "properties": {"fill": "#b1a288", "value_min": -1.33, "value_max": -1.0}, "geometry": {"type": "MultiPolygon", "coordinates": [[[[-7.8649, 41.815739], [-7.876947, 41.815336], [-7.879447, 41.811723], [-7.877086, 41.80736], [-7.865056, 41.806876], [-7.861094, 41.811542], [-7.8649, 41.815739]]], [[[-7.72849, 41.811942], [-7.744594, 41.811023], [-7.756712, 41.806936], [-7.764964, 41.801542], [-7.772398, 41.792615], [-7.775048, 41.783637], [-7.773946, 41.774618], [-7.769519, 41.766738], [-7.757687, 41.756466], [-7.747198, 41.752164], [-7.747786, 41.754496], [-7.743866, 41.756509], [-7.743242, 41.760333], [-7.73478, 41.767589], [-7.745418, 41.768822], [-7.753861, 41.774402], [-7.758202, 41.783456], [-7.754013, 41.792417], [-7.744849, 41.797967], [-7.732791, 41.799087], [-7.727681, 41.79706], [-7.72849, 41.811942]]], [[[-7.727442, 41.796966], [-7.727442, 41.796966], [-7.727381, 41.796941], [-7.727442, 41.796966]]], [[[-7.734046, 41.767504], [-7.734046, 41.767504], [-7.734179, 41.767519], [-7.734046, 41.767504]]], [[[-7.866232, 41.683706], [-7.864353, 41.685479], [-7.863588, 41.694478], [-7.865972, 41.703508], [-7.861901, 41.712475], [-7.855139, 41.721415], [-7.852264, 41.730393], [-7.866057, 41.739537], [-7.878175, 41.744881], [-7.890149, 41.747948], [-7.902176, 41.747956], [-7.914264, 41.744363], [-7.931941, 41.731161], [-7.936874, 41.7222], [-7.938002, 41.713204], [-7.936317, 41.704181], [-7.927187, 41.690496], [-7.915319, 41.681644], [-7.903378, 41.677277], [-7.891397, 41.675371], [-7.877038, 41.67758], [-7.873401, 41.686198], [-7.868896, 41.686413], [-7.868008, 41.68326], [-7.866232, 41.683706]], [[-7.890258, 41.741634], [-7.8783, 41.737737], [-7.867505, 41.730544], [-7.865478, 41.721517], [-7.87196, 41.703567], [-7.879112, 41.690998], [-7.891214, 41.686035], [-7.903224, 41.68639], [-7.91517, 41.690524], [-7.926999, 41.701766], [-7.931392, 41.713142], [-7.92984, 41.722135], [-7.923371, 41.731081], [-7.914379, 41.737547], [-7.902283, 41.741695], [-7.890258, 41.741634]]], [[[-8.128633, 41.633744], [-8.132176, 41.637664], [-8.139739, 41.633828], [-8.132277, 41.630141], [-8.128633, 41.633744]]], [[[-8.568759, 41.618578], [-8.568951, 41.61844], [-8.569074, 41.618352], [-8.56925, 41.618226], [-8.569351, 41.618126], [-8.569548, 41.617932], [-8.56958, 41.6179], [-8.569846, 41.617638], [-8.57164, 41.615866], [-8.577976, 41.60925], [-8.582676, 41.60026], [-8.584264, 41.591259], [-8.5834, 41.582248], [-8.575199, 41.564204], [-8.565, 41.551254], [-8.553084, 41.540461], [-8.541143, 41.533604], [-8.529183, 41.529906], [-8.517204, 41.528792], [-8.505212, 41.529485], [-8.493202, 41.532464], [-8.474455, 41.545773], [-8.45967, 41.563719], [-8.455633, 41.581714], [-8.457688, 41.590731], [-8.462445, 41.599761], [-8.47123, 41.608809], [-8.492489, 41.623649], [-8.516445, 41.630644], [-8.535434, 41.630737], [-8.543431, 41.61462], [-8.554533, 41.615255], [-8.557244, 41.617046], [-8.562639, 41.61635], [-8.566254, 41.618813], [-8.568759, 41.618578]], [[-8.528573, 41.613829], [-8.516573, 41.613435], [-8.504595, 41.610248], [-8.492639, 41.604403], [-8.478803, 41.590829], [-8.475114, 41.581805], [-8.475899, 41.572801], [-8.489393, 41.554847], [-8.505085, 41.546146], [-8.517098, 41.543096], [-8.529085, 41.543406], [-8.541048, 41.547014], [-8.553607, 41.555114], [-8.561504, 41.564152], [-8.565548, 41.573175], [-8.566938, 41.582187], [-8.564965, 41.591187], [-8.559355, 41.600173], [-8.546147, 41.609129], [-8.528573, 41.613829]]], [[[-8.096457, 41.543554], [-8.109444, 41.544518], [-8.121503, 41.539396], [-8.126433, 41.534648], [-8.127985, 41.525653], [-8.120081, 41.516585], [-8.109875, 41.513086], [-8.097894, 41.512887], [-8.090598, 41.515422], [-8.089398, 41.519468], [-8.090594, 41.522169], [-8.093588, 41.52307], [-8.091786, 41.531848], [-8.097775, 41.536127], [-8.097774, 41.537927], [-8.106759, 41.543106], [-8.096457, 41.543554]], [[-8.105327, 41.525479], [-8.109711, 41.525035], [-8.110293, 41.525517], [-8.109689, 41.526681], [-8.105327, 41.525479]]], [[[-8.241487, 41.530928], [-8.2535, 41.528655], [-8.25684, 41.526557], [-8.265597, 41.51893], [-8.268263, 41.508616], [-8.265577, 41.499592], [-8.255394, 41.490519], [-8.242007, 41.486383], [-8.230011, 41.4878], [-8.224486, 41.490314], [-8.214371, 41.499253], [-8.211742, 41.508243], [-8.214329, 41.517268], [-8.224435, 41.526343], [-8.229524, 41.528884], [-8.241487, 41.530928]], [[-8.2416, 41.521234], [-8.230726, 41.517378], [-8.225568, 41.508336], [-8.229756, 41.499357], [-8.241903, 41.495244], [-8.253849, 41.498271], [-8.259296, 41.508559], [-8.253616, 41.518578], [-8.2416, 41.521234]]], [[[-8.308401, 41.327033], [-8.30169, 41.337682], [-8.297078, 41.355669], [-8.297948, 41.373689], [-8.305172, 41.391748], [-8.314772, 41.401539], [-8.326665, 41.408353], [-8.338588, 41.412487], [-8.362482, 41.416198], [-8.386423, 41.415207], [-8.405702, 41.410326], [-8.422749, 41.401406], [-8.432721, 41.392448], [-8.438885, 41.38347], [-8.442256, 41.374479], [-8.442653, 41.356466], [-8.435005, 41.338413], [-8.423122, 41.324557], [-8.411251, 41.315803], [-8.4018, 41.311137], [-8.396738, 41.314336], [-8.398835, 41.316131], [-8.393775, 41.31997], [-8.393489, 41.323122], [-8.390382, 41.324254], [-8.401028, 41.329234], [-8.412994, 41.338303], [-8.42023, 41.347347], [-8.425992, 41.365392], [-8.425103, 41.374395], [-8.421554, 41.383384], [-8.415152, 41.39236], [-8.403327, 41.401307], [-8.386491, 41.408019], [-8.362537, 41.410521], [-8.350584, 41.40934], [-8.33865, 41.40639], [-8.326842, 41.400884], [-8.316017, 41.391813], [-8.310196, 41.382771], [-8.307019, 41.364737], [-8.311986, 41.346751], [-8.318773, 41.337449], [-8.316788, 41.335876], [-8.313802, 41.336331], [-8.31169, 41.328456], [-8.308401, 41.327033]]], [[[-8.625902, 41.386648], [-8.637865, 41.386103], [-8.649853, 41.381081], [-8.655468, 41.375315], [-8.659153, 41.366318], [-8.657477, 41.357306], [-8.650469, 41.348277], [-8.638106, 41.342732], [-8.62616, 41.341439], [-8.614192, 41.3441], [-8.606498, 41.348135], [-8.599455, 41.357118], [-8.598541, 41.366123], [-8.603095, 41.375146], [-8.613961, 41.383235], [-8.625902, 41.386648]], [[-8.625964, 41.375683], [-8.613359, 41.366174], [-8.613483, 41.357166], [-8.626103, 41.3482], [-8.638072, 41.348752], [-8.649368, 41.357281], [-8.64998, 41.366291], [-8.637923, 41.375672], [-8.625964, 41.375683]]], [[[-8.532587, 41.213101], [-8.530584, 41.221742], [-8.534849, 41.230767], [-8.543227, 41.236547], [-8.55514, 41.239496], [-8.567088, 41.237288], [-8.57661, 41.230928], [-8.580954, 41.221936], [-8.579179, 41.212725], [-8.569063, 41.204414], [-8.565895, 41.206227], [-8.567697, 41.208246], [-8.566512, 41.209376], [-8.559636, 41.206251], [-8.554271, 41.20627], [-8.549521, 41.209214], [-8.544157, 41.209458], [-8.54238, 41.211265], [-8.532587, 41.213101]]]]}}, {"id": "11", "type": "Feature", "properties": {"fill": "#a3a3a3", "value_min": 0.0, "value_max": -0.33}, "geometry": {"type": "MultiPolygon", "coordinates": [[[[-8.321064, 41.762854], [-8.320592, 41.752131], [-8.317282, 41.743104], [-8.310164, 41.734055], [-8.299304, 41.726791], [-8.287327, 41.722629], [-8.275317, 41.721455], [-8.263274, 41.723281], [-8.241128, 41.733619], [-8.230855, 41.742558], [-8.2165, 41.760475], [-8.201325, 41.769377], [-8.190521, 41.772448], [-8.17848, 41.773178], [-8.166476, 41.77097], [-8.15452, 41.765212], [-8.149381, 41.759998], [-8.14447, 41.750954], [-8.144555, 41.741948], [-8.149739, 41.73298], [-8.155002, 41.728475], [-8.182384, 41.715202], [-8.181828, 41.697184], [-8.183395, 41.688189], [-8.194215, 41.670251], [-8.197024, 41.661263], [-8.191964, 41.657376], [-8.17998, 41.655282], [-8.155937, 41.657017], [-8.14393, 41.656789], [-8.13195, 41.654516], [-8.096165, 41.637074], [-8.07338, 41.633312], [-8.052935, 41.624138], [-8.026999, 41.602484], [-8.02367, 41.603156], [-8.019174, 41.601802], [-8.015872, 41.603824], [-8.013474, 41.603372], [-8.005971, 41.60629], [-8.003562, 41.611239], [-7.999061, 41.612809], [-7.999669, 41.608759], [-7.996976, 41.605829], [-7.996684, 41.602003], [-7.984685, 41.603564], [-7.982292, 41.60086], [-7.975689, 41.603552], [-7.974482, 41.606701], [-7.971182, 41.607147], [-7.969091, 41.603768], [-7.96267, 41.602408], [-7.962497, 41.602613], [-7.96248, 41.602633], [-7.956035, 41.614292], [-7.954441, 41.632291], [-7.963094, 41.677405], [-7.974864, 41.71498], [-7.986732, 41.724694], [-7.996958, 41.72274], [-8.010808, 41.722726], [-8.024427, 41.731984], [-8.024682, 41.740993], [-8.022494, 41.7449], [-8.010355, 41.752228], [-7.998277, 41.755447], [-7.993829, 41.758741], [-7.977935, 41.785621], [-7.969878, 41.794556], [-7.949377, 41.803623], [-7.937334, 41.803934], [-7.913321, 41.800257], [-7.901111, 41.810372], [-7.888783, 41.827124], [-7.876594, 41.83553], [-7.843583, 41.847394], [-7.830934, 41.856273], [-7.820161, 41.873328], [-7.823863, 41.874013], [-7.825059, 41.875817], [-7.830479, 41.875831], [-7.830789, 41.874031], [-7.832894, 41.874712], [-7.83772, 41.872924], [-7.842528, 41.875187], [-7.841663, 41.866632], [-7.848912, 41.861698], [-7.851376, 41.861929], [-7.855494, 41.85652], [-7.86675, 41.847625], [-7.888689, 41.832549], [-7.913208, 41.806924], [-7.925272, 41.805373], [-7.949348, 41.805363], [-7.959747, 41.803471], [-7.980408, 41.79465], [-7.985697, 41.790433], [-7.995683, 41.785778], [-8.009813, 41.776893], [-8.022165, 41.76659], [-8.031563, 41.750058], [-8.032589, 41.74106], [-8.029663, 41.732028], [-8.022801, 41.724669], [-8.010882, 41.717896], [-7.997916, 41.713742], [-7.98712, 41.70464], [-7.983766, 41.695604], [-7.983466, 41.686594], [-7.98749, 41.676391], [-7.999571, 41.672021], [-8.023581, 41.673147], [-8.035658, 41.668858], [-8.042162, 41.660077], [-8.043834, 41.642077], [-8.048114, 41.638703], [-8.06014, 41.637437], [-8.096088, 41.64254], [-8.108037, 41.646776], [-8.119951, 41.653701], [-8.136904, 41.660828], [-8.151683, 41.669945], [-8.154323, 41.678971], [-8.143521, 41.687673], [-8.119479, 41.688369], [-8.10625, 41.696622], [-8.105346, 41.705621], [-8.107162, 41.710099], [-8.114561, 41.7147], [-8.11904, 41.720564], [-8.125073, 41.723787], [-8.127223, 41.732811], [-8.123958, 41.759807], [-8.127621, 41.777848], [-8.137439, 41.795936], [-8.153853, 41.817703], [-8.153893, 41.817751], [-8.154037, 41.817928], [-8.165326, 41.81815], [-8.173744, 41.808019], [-8.177655, 41.808242], [-8.183676, 41.812741], [-8.190291, 41.809587], [-8.197158, 41.814129], [-8.201063, 41.808724], [-8.204973, 41.807372], [-8.205872, 41.804445], [-8.213692, 41.803765], [-8.217598, 41.80016], [-8.217589, 41.793634], [-8.224207, 41.794303], [-8.229917, 41.791598], [-8.240744, 41.791588], [-8.24074, 41.789338], [-8.244347, 41.787984], [-8.245546, 41.785731], [-8.251257, 41.784375], [-8.251845, 41.777172], [-8.257551, 41.773564], [-8.261762, 41.774235], [-8.271366, 41.766346], [-8.280681, 41.764083], [-8.284038, 41.761109], [-8.284931, 41.757507], [-8.305674, 41.758152], [-8.311096, 41.762195], [-8.318308, 41.761283], [-8.321064, 41.762854]], [[-8.112672, 41.705678], [-8.11038, 41.696654], [-8.119437, 41.69147], [-8.131713, 41.696817], [-8.125519, 41.705777], [-8.119184, 41.71003], [-8.112672, 41.705678]], [[-8.02366, 41.66788], [-8.008804, 41.659794], [-8.0139, 41.650831], [-8.023966, 41.647627], [-8.02916, 41.650961], [-8.035988, 41.660025], [-8.02366, 41.66788]]], [[[-8.349155, 41.552319], [-8.361191, 41.547726], [-8.373252, 41.54046], [-8.385349, 41.528995], [-8.392835, 41.518349], [-8.395844, 41.509357], [-8.396227, 41.500352], [-8.392513, 41.455295], [-8.385872, 41.446252], [-8.374221, 41.439784], [-8.362285, 41.436303], [-8.326423, 41.431806], [-8.302481, 41.432247], [-8.29049, 41.434245], [-8.278466, 41.439235], [-8.27164, 41.445586], [-8.269105, 41.454577], [-8.273217, 41.472618], [-8.285391, 41.499716], [-8.298188, 41.535825], [-8.301309, 41.541455], [-8.313195, 41.551183], [-8.325153, 41.554245], [-8.337143, 41.554379], [-8.349155, 41.552319]], [[-8.361327, 41.533948], [-8.349301, 41.537821], [-8.337298, 41.539259], [-8.325326, 41.53767], [-8.313389, 41.532758], [-8.301528, 41.521029], [-8.291178, 41.499752], [-8.283141, 41.47268], [-8.283666, 41.463676], [-8.287879, 41.454695], [-8.302354, 41.444092], [-8.314363, 41.440524], [-8.326347, 41.439151], [-8.350274, 41.440493], [-8.368917, 41.44616], [-8.381258, 41.455235], [-8.388021, 41.473286], [-8.38955, 41.500316], [-8.387034, 41.50931], [-8.381694, 41.518289], [-8.373387, 41.526461], [-8.361327, 41.533948]]], [[[-8.636978, 41.545434], [-8.649025, 41.537431], [-8.651616, 41.528431], [-8.64745, 41.519411], [-8.633069, 41.510359], [-8.625203, 41.50823], [-8.613212, 41.509512], [-8.601235, 41.51926], [-8.599943, 41.528263], [-8.60505, 41.537288], [-8.613011, 41.543344], [-8.624981, 41.546664], [-8.636978, 41.545434]]], [[[-8.809807, 41.422187], [-8.757383, 41.409292], [-8.73349, 41.400534], [-8.721552, 41.394595], [-8.709625, 41.386718], [-8.675657, 41.348351], [-8.665121, 41.339313], [-8.650129, 41.329416], [-8.612551, 41.312125], [-8.599059, 41.303071], [-8.593146, 41.294042], [-8.592401, 41.285032], [-8.595114, 41.276034], [-8.618046, 41.240081], [-8.62411, 41.222085], [-8.624435, 41.20407], [-8.620605, 41.178996], [-8.613374, 41.177451], [-8.608583, 41.174095], [-8.609164, 41.172066], [-8.604942, 41.164881], [-8.600767, 41.164222], [-8.59363, 41.165925], [-8.603233, 41.18014], [-8.609911, 41.195014], [-8.613876, 41.213043], [-8.613658, 41.222051], [-8.611641, 41.231052], [-8.602826, 41.247521], [-8.575673, 41.275964], [-8.56912, 41.284947], [-8.566877, 41.293946], [-8.569466, 41.302964], [-8.580613, 41.312013], [-8.638187, 41.328049], [-8.659295, 41.339296], [-8.669996, 41.348335], [-8.677527, 41.357364], [-8.695792, 41.393444], [-8.709533, 41.407365], [-8.800813, 41.455747], [-8.801548, 41.4468], [-8.806115, 41.43713], [-8.807354, 41.425915], [-8.809807, 41.422187]]], [[[-8.172397, 41.377661], [-8.175311, 41.390891], [-8.182896, 41.399952], [-8.195062, 41.407934], [-8.206975, 41.412173], [-8.218921, 41.413784], [-8.230897, 41.412813], [-8.242919, 41.407976], [-8.250798, 41.400414], [-8.255852, 41.39144], [-8.257185, 41.382441], [-8.255781, 41.373424], [-8.248743, 41.362564], [-8.248448, 41.364328], [-8.244864, 41.365457], [-8.244272, 41.368384], [-8.239197, 41.371315], [-8.232024, 41.369971], [-8.224854, 41.370878], [-8.21738, 41.368182], [-8.214399, 41.373587], [-8.208127, 41.376968], [-8.199163, 41.377423], [-8.194677, 41.374275], [-8.191691, 41.376302], [-8.175853, 41.376309], [-8.172397, 41.377661]]], [[[-8.248708, 41.362527], [-8.248708, 41.362527], [-8.248444, 41.362247], [-8.248708, 41.362527]]]]}}, {"id": "10", "type": "Feature", "properties": {"fill": "#a3a3a3", "value_min": -0.33, "value_max": -0.0}, "geometry": {"type": "MultiPolygon", "coordinates": [[[[-8.748804, 41.584664], [-8.75101, 41.586228], [-8.756374, 41.582823], [-8.75635, 41.580347], [-8.762327, 41.578514], [-8.764443, 41.580303], [-8.767441, 41.580286], [-8.769874, 41.583874], [-8.768997, 41.58613], [-8.773228, 41.589482], [-8.775371, 41.593972], [-8.78556, 41.593464], [-8.797327, 41.600599], [-8.804218, 41.600109], [-8.80456, 41.604158], [-8.809434, 41.611332], [-8.828644, 41.609656], [-8.82839, 41.585633], [-8.818497, 41.554794], [-8.8221, 41.547542], [-8.821965, 41.534907], [-8.815926, 41.525624], [-8.81063, 41.5101], [-8.813279, 41.503483], [-8.812636, 41.496944], [-8.804699, 41.482068], [-8.798552, 41.474753], [-8.800813, 41.455747], [-8.709533, 41.407365], [-8.695792, 41.393444], [-8.677527, 41.357364], [-8.669996, 41.348335], [-8.659295, 41.339296], [-8.638187, 41.328049], [-8.580613, 41.312013], [-8.569466, 41.302964], [-8.566877, 41.293946], [-8.56912, 41.284947], [-8.575673, 41.275964], [-8.602826, 41.247521], [-8.611641, 41.231052], [-8.613658, 41.222051], [-8.613876, 41.213043], [-8.609911, 41.195014], [-8.603233, 41.18014], [-8.59363, 41.165925], [-8.589174, 41.167645], [-8.589194, 41.170572], [-8.585925, 41.17171], [-8.582094, 41.177803], [-8.580102, 41.178261], [-8.591261, 41.188031], [-8.601101, 41.203992], [-8.603839, 41.222017], [-8.601641, 41.231017], [-8.590894, 41.247072], [-8.578897, 41.256673], [-8.554947, 41.267994], [-8.52759, 41.275776], [-8.510419, 41.284712], [-8.506816, 41.293705], [-8.507899, 41.302717], [-8.511617, 41.311741], [-8.518731, 41.322384], [-8.526528, 41.329818], [-8.530604, 41.332869], [-8.542523, 41.337359], [-8.554473, 41.337696], [-8.593169, 41.330073], [-8.614283, 41.328714], [-8.638161, 41.332719], [-8.650085, 41.337721], [-8.664284, 41.348318], [-8.671109, 41.357345], [-8.676677, 41.375376], [-8.674063, 41.402392], [-8.675279, 41.411403], [-8.683075, 41.420432], [-8.714872, 41.438531], [-8.73792, 41.4566], [-8.750978, 41.474644], [-8.754737, 41.48366], [-8.75793, 41.501682], [-8.756992, 41.514221], [-8.742755, 41.555693], [-8.742837, 41.564701], [-8.748804, 41.584664]]], [[[-7.905699, 41.637385], [-7.90659, 41.6381], [-7.906597, 41.638106], [-7.90687, 41.638326], [-7.906896, 41.638347], [-7.907151, 41.638552], [-7.907195, 41.638587], [-7.907431, 41.638777], [-7.907495, 41.638828], [-7.927762, 41.655819], [-7.939544, 41.669748], [-7.953647, 41.695333], [-7.958609, 41.713392], [-7.961399, 41.740438], [-7.967147, 41.758504], [-7.966887, 41.785522], [-7.962148, 41.794486], [-7.949429, 41.800411], [-7.937387, 41.800735], [-7.918978, 41.794088], [-7.913526, 41.788079], [-7.901477, 41.788951], [-7.897941, 41.793888], [-7.894489, 41.811869], [-7.888879, 41.821556], [-7.876693, 41.829872], [-7.864594, 41.833025], [-7.852548, 41.8332], [-7.828524, 41.829799], [-7.816461, 41.830933], [-7.804268, 41.839022], [-7.799492, 41.846942], [-7.791642, 41.869944], [-7.781033, 41.882774], [-7.767137, 41.89103], [-7.756591, 41.894237], [-7.758376, 41.898127], [-7.764097, 41.898595], [-7.779227, 41.886264], [-7.785257, 41.885157], [-7.788886, 41.882467], [-7.794007, 41.882257], [-7.796739, 41.878214], [-7.794349, 41.87438], [-7.797064, 41.873488], [-7.803381, 41.874857], [-7.804914, 41.869459], [-7.813032, 41.871958], [-7.814229, 41.873537], [-7.820161, 41.873328], [-7.830934, 41.856273], [-7.843583, 41.847394], [-7.876594, 41.83553], [-7.888783, 41.827124], [-7.901111, 41.810372], [-7.913321, 41.800257], [-7.937334, 41.803934], [-7.949377, 41.803623], [-7.969878, 41.794556], [-7.977935, 41.785621], [-7.993829, 41.758741], [-7.998277, 41.755447], [-8.010355, 41.752228], [-8.022494, 41.7449], [-8.024682, 41.740993], [-8.024427, 41.731984], [-8.010808, 41.722726], [-7.996958, 41.72274], [-7.986732, 41.724694], [-7.974864, 41.71498], [-7.963094, 41.677405], [-7.954441, 41.632291], [-7.956035, 41.614292], [-7.96248, 41.602633], [-7.9541, 41.602846], [-7.952606, 41.600592], [-7.947808, 41.60081], [-7.945413, 41.599456], [-7.942725, 41.595625], [-7.936132, 41.594488], [-7.93791, 41.601694], [-7.937004, 41.603718], [-7.931604, 41.604384], [-7.930073, 41.614735], [-7.925255, 41.620579], [-7.920755, 41.620796], [-7.917748, 41.623041], [-7.915933, 41.627764], [-7.913229, 41.628885], [-7.912613, 41.63361], [-7.906014, 41.633147], [-7.905699, 41.637385]], [[-8.004191, 41.73181], [-8.010701, 41.729717], [-8.014434, 41.731899], [-8.010543, 41.74001], [-8.004191, 41.73181]]], [[[-7.962497, 41.602613], [-7.962497, 41.602613], [-7.96267, 41.602408], [-7.962497, 41.602613]]], [[[-8.026999, 41.602484], [-8.052935, 41.624138], [-8.07338, 41.633312], [-8.096165, 41.637074], [-8.13195, 41.654516], [-8.14393, 41.656789], [-8.155937, 41.657017], [-8.17998, 41.655282], [-8.191964, 41.657376], [-8.197024, 41.661263], [-8.194215, 41.670251], [-8.183395, 41.688189], [-8.181828, 41.697184], [-8.182384, 41.715202], [-8.155002, 41.728475], [-8.149739, 41.73298], [-8.144555, 41.741948], [-8.14447, 41.750954], [-8.149381, 41.759998], [-8.15452, 41.765212], [-8.166476, 41.77097], [-8.17848, 41.773178], [-8.190521, 41.772448], [-8.201325, 41.769377], [-8.2165, 41.760475], [-8.230855, 41.742558], [-8.241128, 41.733619], [-8.263274, 41.723281], [-8.275317, 41.721455], [-8.287327, 41.722629], [-8.299304, 41.726791], [-8.310164, 41.734055], [-8.317282, 41.743104], [-8.320592, 41.752131], [-8.321064, 41.762854], [-8.326436, 41.765096], [-8.328234, 41.763292], [-8.336653, 41.763728], [-8.338452, 41.762149], [-8.344765, 41.762363], [-8.349267, 41.760103], [-8.352557, 41.755145], [-8.349814, 41.744122], [-8.352516, 41.743441], [-8.352203, 41.739616], [-8.357897, 41.735103], [-8.362407, 41.735994], [-8.368703, 41.73193], [-8.374122, 41.734845], [-8.384922, 41.73032], [-8.387032, 41.731891], [-8.393033, 41.729852], [-8.396942, 41.730518], [-8.400531, 41.726683], [-8.402934, 41.726452], [-8.404721, 41.722847], [-8.417349, 41.725067], [-8.422737, 41.720552], [-8.429643, 41.719859], [-8.430533, 41.717381], [-8.435927, 41.714441], [-8.441333, 41.714201], [-8.44162, 41.71156], [-8.431748, 41.705517], [-8.419748, 41.703427], [-8.407714, 41.705069], [-8.383582, 41.714833], [-8.371566, 41.714241], [-8.359588, 41.70996], [-8.347637, 41.703108], [-8.331854, 41.689148], [-8.325478, 41.680103], [-8.321258, 41.671071], [-8.318079, 41.653038], [-8.320192, 41.635036], [-8.326584, 41.61706], [-8.338734, 41.599116], [-8.372985, 41.568063], [-8.385109, 41.554311], [-8.397262, 41.536919], [-8.40689, 41.518422], [-8.407909, 41.50942], [-8.400649, 41.48236], [-8.401407, 41.473356], [-8.407101, 41.455371], [-8.407071, 41.446363], [-8.397338, 41.437305], [-8.386249, 41.433646], [-8.302621, 41.419193], [-8.290704, 41.414627], [-8.283392, 41.40963], [-8.278227, 41.40059], [-8.270363, 41.36451], [-8.261972, 41.345856], [-8.256483, 41.347663], [-8.255889, 41.349689], [-8.249622, 41.353072], [-8.251123, 41.356897], [-8.248141, 41.360052], [-8.248444, 41.362247], [-8.248708, 41.362527], [-8.248743, 41.362564], [-8.255781, 41.373424], [-8.257185, 41.382441], [-8.255852, 41.39144], [-8.250798, 41.400414], [-8.242919, 41.407976], [-8.230897, 41.412813], [-8.218921, 41.413784], [-8.206975, 41.412173], [-8.195062, 41.407934], [-8.182896, 41.399952], [-8.175311, 41.390891], [-8.172397, 41.377661], [-8.168382, 41.377438], [-8.1642, 41.38059], [-8.152544, 41.375866], [-8.151049, 41.37339], [-8.145073, 41.374742], [-8.139694, 41.377894], [-8.133418, 41.374292], [-8.119672, 41.376768], [-8.119672, 41.378569], [-8.116683, 41.380144], [-8.117578, 41.386447], [-8.113992, 41.386896], [-8.112795, 41.390723], [-8.110105, 41.390947], [-8.108011, 41.393648], [-8.103827, 41.392972], [-8.105321, 41.394998], [-8.10263, 41.396123], [-8.10801, 41.398825], [-8.108606, 41.403102], [-8.104419, 41.406252], [-8.104119, 41.408728], [-8.101727, 41.409403], [-8.102025, 41.411204], [-8.092756, 41.411201], [-8.09126, 41.414352], [-8.079893, 41.41975], [-8.077503, 41.416597], [-8.070923, 41.41862], [-8.066739, 41.416142], [-8.061654, 41.417489], [-8.059852, 41.424916], [-8.055959, 41.429415], [-8.05745, 41.432793], [-8.056549, 41.436394], [-8.069999, 41.447206], [-8.068788, 41.462286], [-8.073872, 41.46499], [-8.074468, 41.468141], [-8.073564, 41.474668], [-8.066373, 41.48294], [-8.074324, 41.48501], [-8.081597, 41.489262], [-8.11008, 41.498115], [-8.122048, 41.499093], [-8.134043, 41.498033], [-8.146072, 41.494393], [-8.155181, 41.489826], [-8.170879, 41.471926], [-8.182413, 41.46252], [-8.194446, 41.45775], [-8.206445, 41.455672], [-8.230379, 41.456674], [-8.242308, 41.460531], [-8.254203, 41.467385], [-8.266057, 41.478144], [-8.277836, 41.495997], [-8.283283, 41.517718], [-8.280896, 41.535718], [-8.277298, 41.544409], [-8.265147, 41.558696], [-8.253088, 41.564493], [-8.24106, 41.567434], [-8.229055, 41.568389], [-8.193082, 41.567662], [-8.181075, 41.568737], [-8.169044, 41.571601], [-8.148963, 41.579853], [-8.140584, 41.588798], [-8.147835, 41.597859], [-8.159468, 41.606952], [-8.16659, 41.616011], [-8.169275, 41.625038], [-8.167847, 41.634034], [-8.162045, 41.642999], [-8.144016, 41.650255], [-8.132013, 41.649818], [-8.120073, 41.644769], [-8.108216, 41.633798], [-8.096249, 41.631036], [-8.084255, 41.630199], [-8.069597, 41.624274], [-8.062768, 41.615211], [-8.061857, 41.606197], [-8.064973, 41.597215], [-8.071141, 41.588258], [-8.073817, 41.579272], [-8.067859, 41.573478], [-8.056684, 41.579549], [-8.052181, 41.584498], [-8.052777, 41.587649], [-8.048277, 41.590122], [-8.047974, 41.592373], [-8.044072, 41.595521], [-8.031467, 41.602938], [-8.026999, 41.602484]], [[-8.164986, 41.751105], [-8.160208, 41.742063], [-8.166929, 41.735972], [-8.178929, 41.737945], [-8.18317, 41.742229], [-8.178771, 41.750335], [-8.166719, 41.752235], [-8.164986, 41.751105]], [[-8.349155, 41.552319], [-8.337143, 41.554379], [-8.325153, 41.554245], [-8.313195, 41.551183], [-8.301309, 41.541455], [-8.298188, 41.535825], [-8.285391, 41.499716], [-8.273217, 41.472618], [-8.269105, 41.454577], [-8.27164, 41.445586], [-8.278466, 41.439235], [-8.29049, 41.434245], [-8.302481, 41.432247], [-8.326423, 41.431806], [-8.362285, 41.436303], [-8.374221, 41.439784], [-8.385872, 41.446252], [-8.392513, 41.455295], [-8.396227, 41.500352], [-8.395844, 41.509357], [-8.392835, 41.518349], [-8.385349, 41.528995], [-8.373252, 41.54046], [-8.361191, 41.547726], [-8.349155, 41.552319]]], [[[-8.112672, 41.705678], [-8.119184, 41.71003], [-8.125519, 41.705777], [-8.131713, 41.696817], [-8.119437, 41.69147], [-8.11038, 41.696654], [-8.112672, 41.705678]], [[-8.115688, 41.696695], [-8.119394, 41.694573], [-8.12434, 41.696761], [-8.119283, 41.702728], [-8.115688, 41.696695]]], [[[-8.02366, 41.66788], [-8.035988, 41.660025], [-8.02916, 41.650961], [-8.023966, 41.647627], [-8.0139, 41.650831], [-8.008804, 41.659794], [-8.02366, 41.66788]]], [[[-8.684847, 41.563777], [-8.696556, 41.55558], [-8.698567, 41.546578], [-8.694092, 41.537559], [-8.672786, 41.519486], [-8.658417, 41.510437], [-8.625278, 41.495177], [-8.613309, 41.493217], [-8.60132, 41.494689], [-8.591181, 41.50121], [-8.584699, 41.510194], [-8.58261, 41.519194], [-8.583623, 41.528205], [-8.587586, 41.537227], [-8.600967, 41.552136], [-8.612912, 41.559837], [-8.636852, 41.567782], [-8.660833, 41.569163], [-8.672835, 41.567506], [-8.684847, 41.563777]], [[-8.636978, 41.545434], [-8.624981, 41.546664], [-8.613011, 41.543344], [-8.60505, 41.537288], [-8.599943, 41.528263], [-8.601235, 41.51926], [-8.613212, 41.509512], [-8.625203, 41.50823], [-8.633069, 41.510359], [-8.64745, 41.519411], [-8.651616, 41.528431], [-8.649025, 41.537431], [-8.636978, 41.545434]]]]}}, {"id": "9", "type": "Feature", "properties": {"fill": "#a3a3a3", "value_min": -0.67, "value_max": -0.33}, "geometry": {"type": "MultiPolygon", "coordinates": [[[[-7.756591, 41.894237], [-7.767137, 41.89103], [-7.781033, 41.882774], [-7.791642, 41.869944], [-7.799492, 41.846942], [-7.804268, 41.839022], [-7.816461, 41.830933], [-7.828524, 41.829799], [-7.852548, 41.8332], [-7.864594, 41.833025], [-7.876693, 41.829872], [-7.888879, 41.821556], [-7.894489, 41.811869], [-7.897941, 41.793888], [-7.901477, 41.788951], [-7.913526, 41.788079], [-7.918978, 41.794088], [-7.937387, 41.800735], [-7.949429, 41.800411], [-7.962148, 41.794486], [-7.966887, 41.785522], [-7.967147, 41.758504], [-7.961399, 41.740438], [-7.958609, 41.713392], [-7.953647, 41.695333], [-7.939544, 41.669748], [-7.927762, 41.655819], [-7.907495, 41.638828], [-7.906884, 41.641927], [-7.897869, 41.645511], [-7.89696, 41.647985], [-7.892759, 41.647976], [-7.892145, 41.651576], [-7.901724, 41.658573], [-7.902319, 41.66015], [-7.899912, 41.661776], [-7.915533, 41.668922], [-7.927402, 41.677539], [-7.941666, 41.695224], [-7.945503, 41.704266], [-7.946524, 41.722289], [-7.943241, 41.731266], [-7.93601, 41.740206], [-7.914069, 41.755928], [-7.889885, 41.763287], [-7.865764, 41.766743], [-7.829762, 41.761805], [-7.817736, 41.761591], [-7.810538, 41.765996], [-7.805523, 41.771468], [-7.797012, 41.792876], [-7.781583, 41.810726], [-7.768516, 41.819161], [-7.756375, 41.824354], [-7.741031, 41.827549], [-7.738919, 41.828515], [-7.739805, 41.831219], [-7.74729, 41.837772], [-7.746349, 41.84407], [-7.750246, 41.846784], [-7.750532, 41.849261], [-7.743309, 41.849012], [-7.746901, 41.8524], [-7.746881, 41.855776], [-7.73843, 41.859348], [-7.734159, 41.868337], [-7.730228, 41.871024], [-7.729293, 41.875972], [-7.722351, 41.878424], [-7.720523, 41.881793], [-7.725335, 41.882935], [-7.726208, 41.887665], [-7.737044, 41.888828], [-7.737935, 41.890857], [-7.74246, 41.889747], [-7.742785, 41.885922], [-7.756022, 41.888441], [-7.758719, 41.890926], [-7.756591, 41.894237]], [[-7.888255, 41.811808], [-7.881733, 41.820752], [-7.876793, 41.824114], [-7.864722, 41.825807], [-7.849795, 41.820437], [-7.843862, 41.81137], [-7.845209, 41.802377], [-7.853229, 41.795059], [-7.865327, 41.791531], [-7.877308, 41.79467], [-7.885887, 41.802779], [-7.888255, 41.811808]], [[-7.957297, 41.785436], [-7.954909, 41.794421], [-7.949485, 41.796955], [-7.93745, 41.796934], [-7.931143, 41.794202], [-7.928542, 41.785171], [-7.937765, 41.777825], [-7.949789, 41.77833], [-7.957297, 41.785436]]], [[[-7.907431, 41.638777], [-7.907431, 41.638777], [-7.907195, 41.638587], [-7.907431, 41.638777]]], [[[-7.907151, 41.638552], [-7.907151, 41.638552], [-7.906896, 41.638347], [-7.907151, 41.638552]]], [[[-7.90687, 41.638326], [-7.90687, 41.638326], [-7.906597, 41.638106], [-7.90687, 41.638326]]], [[[-7.90659, 41.6381], [-7.90659, 41.6381], [-7.905699, 41.637385], [-7.90659, 41.6381]]], [[[-8.748804, 41.584664], [-8.742837, 41.564701], [-8.742755, 41.555693], [-8.756992, 41.514221], [-8.75793, 41.501682], [-8.754737, 41.48366], [-8.750978, 41.474644], [-8.73792, 41.4566], [-8.714872, 41.438531], [-8.683075, 41.420432], [-8.675279, 41.411403], [-8.674063, 41.402392], [-8.676677, 41.375376], [-8.671109, 41.357345], [-8.664284, 41.348318], [-8.650085, 41.337721], [-8.638161, 41.332719], [-8.614283, 41.328714], [-8.593169, 41.330073], [-8.554473, 41.337696], [-8.542523, 41.337359], [-8.530604, 41.332869], [-8.526528, 41.329818], [-8.518731, 41.322384], [-8.511617, 41.311741], [-8.507899, 41.302717], [-8.506816, 41.293705], [-8.510419, 41.284712], [-8.52759, 41.275776], [-8.554947, 41.267994], [-8.578897, 41.256673], [-8.590894, 41.247072], [-8.601641, 41.231017], [-8.603839, 41.222017], [-8.601101, 41.203992], [-8.591261, 41.188031], [-8.580102, 41.178261], [-8.578828, 41.179391], [-8.580327, 41.180736], [-8.581296, 41.191762], [-8.577937, 41.193801], [-8.588336, 41.203947], [-8.591132, 41.208873], [-8.593499, 41.221981], [-8.591053, 41.23098], [-8.583812, 41.239962], [-8.578978, 41.244111], [-8.567004, 41.25007], [-8.55505, 41.252771], [-8.543113, 41.252974], [-8.525749, 41.248746], [-8.51151, 41.239678], [-8.505111, 41.230643], [-8.502648, 41.221079], [-8.501907, 41.222882], [-8.495642, 41.222227], [-8.495947, 41.223351], [-8.490894, 41.226294], [-8.487935, 41.230354], [-8.490331, 41.232373], [-8.489156, 41.235528], [-8.486181, 41.236888], [-8.484411, 41.240495], [-8.476346, 41.237818], [-8.475756, 41.23917], [-8.470986, 41.23941], [-8.471604, 41.243459], [-8.469227, 41.245267], [-8.463258, 41.244384], [-8.459989, 41.246644], [-8.454323, 41.246886], [-8.455541, 41.251834], [-8.452276, 41.25522], [-8.449891, 41.255452], [-8.449304, 41.257479], [-8.447812, 41.257258], [-8.449028, 41.261982], [-8.439785, 41.262907], [-8.438023, 41.268989], [-8.434745, 41.269673], [-8.432691, 41.277107], [-8.427032, 41.279372], [-8.429143, 41.284319], [-8.426171, 41.287028], [-8.426488, 41.291079], [-8.425001, 41.292314], [-8.447143, 41.309995], [-8.462247, 41.329536], [-8.470281, 41.347589], [-8.473584, 41.365619], [-8.470436, 41.38362], [-8.466681, 41.39261], [-8.459871, 41.401586], [-8.446275, 41.412506], [-8.434263, 41.417806], [-8.42227, 41.420822], [-8.386345, 41.4235], [-8.350469, 41.420952], [-8.326585, 41.416091], [-8.310229, 41.409794], [-8.302775, 41.40473], [-8.298135, 41.400713], [-8.29226, 41.391669], [-8.284961, 41.364602], [-8.282664, 41.337565], [-8.283386, 41.328561], [-8.288039, 41.31341], [-8.284488, 41.316341], [-8.281801, 41.316569], [-8.279132, 41.324451], [-8.272266, 41.32536], [-8.265709, 41.331221], [-8.269004, 41.336169], [-8.263339, 41.340902], [-8.264239, 41.342477], [-8.261972, 41.345856], [-8.270363, 41.36451], [-8.278227, 41.40059], [-8.283392, 41.40963], [-8.290704, 41.414627], [-8.302621, 41.419193], [-8.386249, 41.433646], [-8.397338, 41.437305], [-8.407071, 41.446363], [-8.407101, 41.455371], [-8.401407, 41.473356], [-8.400649, 41.48236], [-8.407909, 41.50942], [-8.40689, 41.518422], [-8.397262, 41.536919], [-8.385109, 41.554311], [-8.372985, 41.568063], [-8.338734, 41.599116], [-8.326584, 41.61706], [-8.320192, 41.635036], [-8.318079, 41.653038], [-8.321258, 41.671071], [-8.325478, 41.680103], [-8.331854, 41.689148], [-8.347637, 41.703108], [-8.359588, 41.70996], [-8.371566, 41.714241], [-8.383582, 41.714833], [-8.407714, 41.705069], [-8.419748, 41.703427], [-8.431748, 41.705517], [-8.44162, 41.71156], [-8.4446, 41.70654], [-8.453868, 41.697961], [-8.453255, 41.695487], [-8.461659, 41.694563], [-8.467939, 41.689593], [-8.478124, 41.685061], [-8.482012, 41.682123], [-8.484371, 41.674238], [-8.49308, 41.674886], [-8.499963, 41.671038], [-8.50927, 41.671233], [-8.51018, 41.672806], [-8.511967, 41.670324], [-8.509856, 41.668755], [-8.511952, 41.667915], [-8.420118, 41.662223], [-8.39631, 41.680497], [-8.383882, 41.683431], [-8.371881, 41.681871], [-8.359449, 41.67129], [-8.358568, 41.662278], [-8.364159, 41.653302], [-8.37222, 41.647048], [-8.380554, 41.644385], [-8.394562, 41.635452], [-8.398397, 41.617458], [-8.409026, 41.590491], [-8.41331, 41.572499], [-8.416623, 41.545494], [-8.421271, 41.53328], [-8.430078, 41.518539], [-8.432025, 41.509541], [-8.424008, 41.500494], [-8.412897, 41.491431], [-8.408704, 41.482402], [-8.411327, 41.473408], [-8.421885, 41.464298], [-8.433889, 41.460915], [-8.445855, 41.461851], [-8.469743, 41.469332], [-8.493654, 41.474533], [-8.517525, 41.485512], [-8.540464, 41.501018], [-8.553269, 41.513485], [-8.577211, 41.546196], [-8.608409, 41.582336], [-8.61803, 41.600383], [-8.619653, 41.61027], [-8.621338, 41.604636], [-8.628833, 41.604378], [-8.636302, 41.600744], [-8.64075, 41.594422], [-8.645536, 41.593051], [-8.646744, 41.594171], [-8.649125, 41.591909], [-8.656622, 41.5921], [-8.660788, 41.588255], [-8.663794, 41.589141], [-8.665265, 41.585758], [-8.66948, 41.587989], [-8.684455, 41.586117], [-8.685608, 41.58071], [-8.697261, 41.576376], [-8.701703, 41.570277], [-8.707704, 41.570923], [-8.712485, 41.569323], [-8.716422, 41.573805], [-8.720316, 41.57356], [-8.725151, 41.577811], [-8.726633, 41.576003], [-8.734424, 41.575737], [-8.736564, 41.580228], [-8.738354, 41.579318], [-8.740778, 41.582006], [-8.74467, 41.581535], [-8.746494, 41.584226], [-8.748804, 41.584664]], [[-8.684847, 41.563777], [-8.672835, 41.567506], [-8.660833, 41.569163], [-8.636852, 41.567782], [-8.612912, 41.559837], [-8.600967, 41.552136], [-8.587586, 41.537227], [-8.583623, 41.528205], [-8.58261, 41.519194], [-8.584699, 41.510194], [-8.591181, 41.50121], [-8.60132, 41.494689], [-8.613309, 41.493217], [-8.625278, 41.495177], [-8.658417, 41.510437], [-8.672786, 41.519486], [-8.694092, 41.537559], [-8.698567, 41.546578], [-8.696556, 41.55558], [-8.684847, 41.563777]], [[-8.707429, 41.483549], [-8.701946, 41.492543], [-8.697157, 41.49602], [-8.685154, 41.500632], [-8.67317, 41.501184], [-8.661201, 41.498766], [-8.647043, 41.492387], [-8.637018, 41.483349], [-8.632614, 41.474327], [-8.633795, 41.465324], [-8.640873, 41.456338], [-8.649477, 41.451011], [-8.661464, 41.448193], [-8.673434, 41.448427], [-8.685391, 41.451502], [-8.697331, 41.458479], [-8.70413, 41.465526], [-8.70787, 41.474543], [-8.707429, 41.483549]], [[-8.661791, 41.385209], [-8.649774, 41.395643], [-8.637787, 41.400184], [-8.625818, 41.401295], [-8.613861, 41.400151], [-8.601922, 41.396193], [-8.585508, 41.384092], [-8.580342, 41.375066], [-8.579156, 41.366054], [-8.581106, 41.357053], [-8.58769, 41.348069], [-8.602264, 41.339113], [-8.61424, 41.336004], [-8.626195, 41.335457], [-8.638135, 41.337391], [-8.650059, 41.342619], [-8.661955, 41.353546], [-8.667302, 41.366342], [-8.666556, 41.375348], [-8.661791, 41.385209]]], [[[-8.288063, 41.313353], [-8.288063, 41.313353], [-8.288135, 41.313185], [-8.288063, 41.313353]]], [[[-8.502811, 41.219503], [-8.503417, 41.213648], [-8.500076, 41.21546], [-8.502811, 41.219503]]], [[[-8.503636, 41.212397], [-8.503636, 41.212397], [-8.503915, 41.211846], [-8.503636, 41.212397]]], [[[-8.503931, 41.211814], [-8.503931, 41.211814], [-8.504029, 41.211621], [-8.503931, 41.211814]]], [[[-8.505994, 41.207736], [-8.505994, 41.207736], [-8.506538, 41.20666], [-8.505994, 41.207736]]], [[[-8.506584, 41.20657], [-8.506584, 41.20657], [-8.506652, 41.206435], [-8.506584, 41.20657]]], [[[-8.164986, 41.751105], [-8.166719, 41.752235], [-8.178771, 41.750335], [-8.18317, 41.742229], [-8.178929, 41.737945], [-8.166929, 41.735972], [-8.160208, 41.742063], [-8.164986, 41.751105]]], [[[-8.004191, 41.73181], [-8.010543, 41.74001], [-8.014434, 41.731899], [-8.010701, 41.729717], [-8.004191, 41.73181]]], [[[-8.115688, 41.696695], [-8.119283, 41.702728], [-8.12434, 41.696761], [-8.119394, 41.694573], [-8.115688, 41.696695]]], [[[-8.067859, 41.573478], [-8.073817, 41.579272], [-8.071141, 41.588258], [-8.064973, 41.597215], [-8.061857, 41.606197], [-8.062768, 41.615211], [-8.069597, 41.624274], [-8.084255, 41.630199], [-8.096249, 41.631036], [-8.108216, 41.633798], [-8.120073, 41.644769], [-8.132013, 41.649818], [-8.144016, 41.650255], [-8.162045, 41.642999], [-8.167847, 41.634034], [-8.169275, 41.625038], [-8.16659, 41.616011], [-8.159468, 41.606952], [-8.147835, 41.597859], [-8.140584, 41.588798], [-8.148963, 41.579853], [-8.169044, 41.571601], [-8.181075, 41.568737], [-8.193082, 41.567662], [-8.229055, 41.568389], [-8.24106, 41.567434], [-8.253088, 41.564493], [-8.265147, 41.558696], [-8.277298, 41.544409], [-8.280896, 41.535718], [-8.283283, 41.517718], [-8.277836, 41.495997], [-8.266057, 41.478144], [-8.254203, 41.467385], [-8.242308, 41.460531], [-8.230379, 41.456674], [-8.206445, 41.455672], [-8.194446, 41.45775], [-8.182413, 41.46252], [-8.170879, 41.471926], [-8.155181, 41.489826], [-8.146072, 41.494393], [-8.134043, 41.498033], [-8.122048, 41.499093], [-8.11008, 41.498115], [-8.081597, 41.489262], [-8.074324, 41.48501], [-8.066373, 41.48294], [-8.066069, 41.48817], [-8.072054, 41.490199], [-8.072348, 41.495601], [-8.078333, 41.49898], [-8.078332, 41.500331], [-8.093, 41.504655], [-8.109978, 41.5056], [-8.121928, 41.507932], [-8.142451, 41.516754], [-8.148274, 41.525805], [-8.147656, 41.534807], [-8.141947, 41.543772], [-8.133348, 41.550138], [-8.121286, 41.555418], [-8.109266, 41.557492], [-8.097281, 41.556973], [-8.080987, 41.551415], [-8.074097, 41.549848], [-8.072896, 41.552098], [-8.075891, 41.554575], [-8.076188, 41.557276], [-8.080082, 41.558854], [-8.081576, 41.565157], [-8.078879, 41.56493], [-8.075279, 41.568305], [-8.073182, 41.568079], [-8.067859, 41.573478]], [[-8.153315, 41.633928], [-8.147041, 41.642889], [-8.132073, 41.64537], [-8.125891, 41.64273], [-8.117717, 41.633661], [-8.121251, 41.624681], [-8.132428, 41.618884], [-8.144404, 41.620936], [-8.149522, 41.624893], [-8.153315, 41.633928]], [[-8.098851, 41.606493], [-8.104539, 41.615544], [-8.096358, 41.623209], [-8.084339, 41.62425], [-8.07601, 41.615319], [-8.081548, 41.606356], [-8.084621, 41.604346], [-8.096611, 41.605095], [-8.098851, 41.606493]], [[-8.26543, 41.533637], [-8.253363, 41.54054], [-8.241349, 41.542752], [-8.229365, 41.542264], [-8.217414, 41.539119], [-8.209617, 41.53525], [-8.198173, 41.526163], [-8.193865, 41.517126], [-8.192845, 41.508111], [-8.195177, 41.49912], [-8.200661, 41.490151], [-8.212484, 41.481226], [-8.230151, 41.475978], [-8.242121, 41.476555], [-8.25405, 41.480727], [-8.265931, 41.489302], [-8.272685, 41.499637], [-8.275414, 41.508661], [-8.275022, 41.517666], [-8.271217, 41.526649], [-8.26543, 41.533637]]]]}}, {"id": "5", "type": "Feature", "properties": {"fill": "#e79f24", "value_min": -2.0, "value_max": -1.67}, "geometry": {"type": "MultiPolygon", "coordinates": [[[[-7.923978, 41.72208], [-7.925318, 41.713086], [-7.921689, 41.704045], [-7.91505, 41.697633], [-7.903117, 41.692689], [-7.891093, 41.693052], [-7.878936, 41.701124], [-7.872654, 41.712581], [-7.87065, 41.721568], [-7.875812, 41.730626], [-7.890334, 41.737224], [-7.902358, 41.737296], [-7.914467, 41.732312], [-7.923978, 41.72208]], [[-7.890396, 41.733609], [-7.884024, 41.730706], [-7.875219, 41.721613], [-7.876465, 41.712618], [-7.883192, 41.703677], [-7.891007, 41.698075], [-7.903032, 41.69768], [-7.915029, 41.703982], [-7.920449, 41.71304], [-7.919081, 41.722034], [-7.914558, 41.726924], [-7.90242, 41.733653], [-7.890396, 41.733609]]], [[[-8.540682, 41.598792], [-8.550157, 41.59113], [-8.554518, 41.58214], [-8.554307, 41.573132], [-8.549859, 41.564107], [-8.540982, 41.556436], [-8.529025, 41.55157], [-8.517039, 41.550918], [-8.505023, 41.554245], [-8.491708, 41.563865], [-8.486452, 41.572849], [-8.48641, 41.581856], [-8.491757, 41.590887], [-8.504676, 41.599744], [-8.51665, 41.603139], [-8.528653, 41.602873], [-8.540682, 41.598792]], [[-8.516708, 41.59542], [-8.50372, 41.590939], [-8.495474, 41.581896], [-8.49478, 41.572886], [-8.500754, 41.563904], [-8.504973, 41.560857], [-8.516993, 41.557189], [-8.528976, 41.558434], [-8.539043, 41.564064], [-8.544847, 41.573095], [-8.544096, 41.582099], [-8.535555, 41.591072], [-8.528714, 41.594373], [-8.516708, 41.59542]]], [[[-8.398575, 41.395063], [-8.409626, 41.383324], [-8.413175, 41.374334], [-8.413506, 41.365329], [-8.410666, 41.356306], [-8.399061, 41.342177], [-8.387174, 41.335218], [-8.375257, 41.331661], [-8.363317, 41.33063], [-8.351355, 41.3318], [-8.339365, 41.335762], [-8.327331, 41.343782], [-8.31855, 41.355798], [-8.315976, 41.36479], [-8.316005, 41.373798], [-8.318718, 41.382822], [-8.326824, 41.39301], [-8.339963, 41.40096], [-8.350635, 41.4043], [-8.362585, 41.405607], [-8.374558, 41.404759], [-8.386552, 41.40151], [-8.398575, 41.395063]], [[-8.374608, 41.399526], [-8.362633, 41.400772], [-8.350684, 41.399324], [-8.334612, 41.391922], [-8.326498, 41.382867], [-8.32335, 41.373841], [-8.323903, 41.364837], [-8.328098, 41.355854], [-8.339265, 41.345627], [-8.351266, 41.340768], [-8.363231, 41.339419], [-8.37517, 41.340775], [-8.387079, 41.345431], [-8.398936, 41.355859], [-8.403455, 41.365277], [-8.403751, 41.374286], [-8.400116, 41.383275], [-8.391486, 41.392237], [-8.374608, 41.399526]]]]}}, {"id": "4", "type": "Feature", "properties": {"fill": "#ea870e", "value_min": -2.33, "value_max": -2.0}, "geometry": {"type": "MultiPolygon", "coordinates": [[[[-7.890396, 41.733609], [-7.90242, 41.733653], [-7.914558, 41.726924], [-7.919081, 41.722034], [-7.920449, 41.71304], [-7.915029, 41.703982], [-7.903032, 41.69768], [-7.891007, 41.698075], [-7.883192, 41.703677], [-7.876465, 41.712618], [-7.875219, 41.721613], [-7.884024, 41.730706], [-7.890396, 41.733609]], [[-7.890457, 41.730067], [-7.879716, 41.721657], [-7.88031, 41.712656], [-7.890932, 41.702462], [-7.902959, 41.701981], [-7.915582, 41.712994], [-7.914192, 41.721988], [-7.902481, 41.730066], [-7.890457, 41.730067]]], [[[-8.516708, 41.59542], [-8.528714, 41.594373], [-8.535555, 41.591072], [-8.544096, 41.582099], [-8.544847, 41.573095], [-8.539043, 41.564064], [-8.528976, 41.558434], [-8.516993, 41.557189], [-8.504973, 41.560857], [-8.500754, 41.563904], [-8.49478, 41.572886], [-8.495474, 41.581896], [-8.50372, 41.590939], [-8.516708, 41.59542]], [[-8.516761, 41.588309], [-8.504804, 41.582953], [-8.502123, 41.572918], [-8.504909, 41.56918], [-8.516952, 41.562721], [-8.528925, 41.565438], [-8.53555, 41.573058], [-8.533545, 41.582057], [-8.528776, 41.585917], [-8.516761, 41.588309]]], [[[-8.374608, 41.399526], [-8.391486, 41.392237], [-8.400116, 41.383275], [-8.403751, 41.374286], [-8.403455, 41.365277], [-8.398936, 41.355859], [-8.387079, 41.345431], [-8.37517, 41.340775], [-8.363231, 41.339419], [-8.351266, 41.340768], [-8.339265, 41.345627], [-8.328098, 41.355854], [-8.323903, 41.364837], [-8.32335, 41.373841], [-8.326498, 41.382867], [-8.334612, 41.391922], [-8.350684, 41.399324], [-8.362633, 41.400772], [-8.374608, 41.399526]], [[-8.362678, 41.396171], [-8.350732, 41.394472], [-8.338836, 41.387962], [-8.333878, 41.38291], [-8.33052, 41.373883], [-8.331752, 41.364883], [-8.339173, 41.354758], [-8.351189, 41.348505], [-8.363159, 41.346875], [-8.375094, 41.348707], [-8.386988, 41.355098], [-8.394332, 41.365229], [-8.395316, 41.374242], [-8.391627, 41.38323], [-8.38668, 41.387917], [-8.374656, 41.394454], [-8.362678, 41.396171]]]]}}, {"id": "3", "type": "Feature", "properties": {"fill": "#d75e13", "value_min": -2.67, "value_max": -2.33}, "geometry": {"type": "MultiPolygon", "coordinates": [[[[-7.890457, 41.730067], [-7.902481, 41.730066], [-7.914192, 41.721988], [-7.915582, 41.712994], [-7.902959, 41.701981], [-7.890932, 41.702462], [-7.88031, 41.712656], [-7.879716, 41.721657], [-7.890457, 41.730067]], [[-7.890514, 41.726787], [-7.884015, 41.721699], [-7.884207, 41.712694], [-7.890864, 41.706417], [-7.902886, 41.706228], [-7.910626, 41.712947], [-7.909378, 41.721942], [-7.902539, 41.72666], [-7.890514, 41.726787]]], [[[-8.516761, 41.588309], [-8.528776, 41.585917], [-8.533545, 41.582057], [-8.53555, 41.573058], [-8.528925, 41.565438], [-8.516952, 41.562721], [-8.504909, 41.56918], [-8.502123, 41.572918], [-8.504804, 41.582953], [-8.516761, 41.588309]], [[-8.513505, 41.572966], [-8.516891, 41.57082], [-8.522397, 41.573004], [-8.516831, 41.578884], [-8.513505, 41.572966]]], [[[-8.362678, 41.396171], [-8.374656, 41.394454], [-8.38668, 41.387917], [-8.391627, 41.38323], [-8.395316, 41.374242], [-8.394332, 41.365229], [-8.386988, 41.355098], [-8.375094, 41.348707], [-8.363159, 41.346875], [-8.351189, 41.348505], [-8.339173, 41.354758], [-8.331752, 41.364883], [-8.33052, 41.373883], [-8.333878, 41.38291], [-8.338836, 41.387962], [-8.350732, 41.394472], [-8.362678, 41.396171]], [[-8.362724, 41.391445], [-8.350787, 41.389025], [-8.341796, 41.382956], [-8.337516, 41.373924], [-8.339683, 41.364929], [-8.350564, 41.355983], [-8.363093, 41.353607], [-8.375023, 41.356169], [-8.385391, 41.365182], [-8.387473, 41.374201], [-8.38291, 41.383184], [-8.374712, 41.38869], [-8.362724, 41.391445]]]]}}, {"id": "2", "type": "Feature", "properties": {"fill": "#c33119", "value_min": -3.0, "value_max": -2.67}, "geometry": {"type": "MultiPolygon", "coordinates": [[[[-7.890514, 41.726787], [-7.902539, 41.72666], [-7.909378, 41.721942], [-7.910626, 41.712947], [-7.902886, 41.706228], [-7.890864, 41.706417], [-7.884207, 41.712694], [-7.884015, 41.721699], [-7.890514, 41.726787]], [[-7.89057, 41.723507], [-7.888314, 41.721741], [-7.888104, 41.712732], [-7.890799, 41.71019], [-7.902815, 41.710436], [-7.905653, 41.7129], [-7.904565, 41.721897], [-7.902597, 41.723254], [-7.89057, 41.723507]]], [[[-8.513505, 41.572966], [-8.516831, 41.578884], [-8.522397, 41.573004], [-8.516891, 41.57082], [-8.513505, 41.572966]]], [[[-8.362724, 41.391445], [-8.374712, 41.38869], [-8.38291, 41.383184], [-8.387473, 41.374201], [-8.385391, 41.365182], [-8.375023, 41.356169], [-8.363093, 41.353607], [-8.350564, 41.355983], [-8.339683, 41.364929], [-8.337516, 41.373924], [-8.341796, 41.382956], [-8.350787, 41.389025], [-8.362724, 41.391445]], [[-8.351023, 41.383008], [-8.345885, 41.373972], [-8.351036, 41.363897], [-8.363022, 41.360887], [-8.374939, 41.364891], [-8.378723, 41.374154], [-8.372213, 41.383126], [-8.36278, 41.385714], [-8.351023, 41.383008]]]]}}, {"id": "1", "type": "Feature", "properties": {"fill": "#ae1c1c", "value_min": -3.33, "value_max": -3.0}, "geometry": {"type": "MultiPolygon", "coordinates": [[[[-7.89057, 41.723507], [-7.902597, 41.723254], [-7.904565, 41.721897], [-7.905653, 41.7129], [-7.902815, 41.710436], [-7.890799, 41.71019], [-7.888104, 41.712732], [-7.888314, 41.721741], [-7.89057, 41.723507]]], [[[-8.351023, 41.383008], [-8.36278, 41.385714], [-8.372213, 41.383126], [-8.378723, 41.374154], [-8.374939, 41.364891], [-8.363022, 41.360887], [-8.351036, 41.363897], [-8.345885, 41.373972], [-8.351023, 41.383008]], [[-8.362904, 41.373033], [-8.364021, 41.374073], [-8.362885, 41.374949], [-8.361437, 41.374059], [-8.362904, 41.373033]]]]}}, {"id": "6", "type": "Feature", "properties": {"fill": "#cba158", "value_min": -1.67, "value_max": -1.33}, "geometry": {"type": "MultiPolygon", "coordinates": [[[[-7.727681, 41.79706], [-7.732791, 41.799087], [-7.744849, 41.797967], [-7.754013, 41.792417], [-7.758202, 41.783456], [-7.753861, 41.774402], [-7.745418, 41.768822], [-7.73478, 41.767589], [-7.734179, 41.767519], [-7.734046, 41.767504], [-7.726937, 41.771755], [-7.7254, 41.777152], [-7.727191, 41.779184], [-7.724177, 41.780299], [-7.725372, 41.781653], [-7.722296, 41.792446], [-7.727381, 41.796941], [-7.727442, 41.796966], [-7.727681, 41.79706]]], [[[-7.890258, 41.741634], [-7.902283, 41.741695], [-7.914379, 41.737547], [-7.923371, 41.731081], [-7.92984, 41.722135], [-7.931392, 41.713142], [-7.926999, 41.701766], [-7.91517, 41.690524], [-7.903224, 41.68639], [-7.891214, 41.686035], [-7.879112, 41.690998], [-7.87196, 41.703567], [-7.865478, 41.721517], [-7.867505, 41.730544], [-7.8783, 41.737737], [-7.890258, 41.741634]], [[-7.923978, 41.72208], [-7.914467, 41.732312], [-7.902358, 41.737296], [-7.890334, 41.737224], [-7.875812, 41.730626], [-7.87065, 41.721568], [-7.872654, 41.712581], [-7.878936, 41.701124], [-7.891093, 41.693052], [-7.903117, 41.692689], [-7.91505, 41.697633], [-7.921689, 41.704045], [-7.925318, 41.713086], [-7.923978, 41.72208]]], [[[-8.528573, 41.613829], [-8.546147, 41.609129], [-8.559355, 41.600173], [-8.564965, 41.591187], [-8.566938, 41.582187], [-8.565548, 41.573175], [-8.561504, 41.564152], [-8.553607, 41.555114], [-8.541048, 41.547014], [-8.529085, 41.543406], [-8.517098, 41.543096], [-8.505085, 41.546146], [-8.489393, 41.554847], [-8.475899, 41.572801], [-8.475114, 41.581805], [-8.478803, 41.590829], [-8.492639, 41.604403], [-8.504595, 41.610248], [-8.516573, 41.613435], [-8.528573, 41.613829]], [[-8.540682, 41.598792], [-8.528653, 41.602873], [-8.51665, 41.603139], [-8.504676, 41.599744], [-8.491757, 41.590887], [-8.48641, 41.581856], [-8.486452, 41.572849], [-8.491708, 41.563865], [-8.505023, 41.554245], [-8.517039, 41.550918], [-8.529025, 41.55157], [-8.540982, 41.556436], [-8.549859, 41.564107], [-8.554307, 41.573132], [-8.554518, 41.58214], [-8.550157, 41.59113], [-8.540682, 41.598792]]], [[[-8.105327, 41.525479], [-8.109689, 41.526681], [-8.110293, 41.525517], [-8.109711, 41.525035], [-8.105327, 41.525479]]], [[[-8.2416, 41.521234], [-8.253616, 41.518578], [-8.259296, 41.508559], [-8.253849, 41.498271], [-8.241903, 41.495244], [-8.229756, 41.499357], [-8.225568, 41.508336], [-8.230726, 41.517378], [-8.2416, 41.521234]]], [[[-8.318773, 41.337449], [-8.311986, 41.346751], [-8.307019, 41.364737], [-8.310196, 41.382771], [-8.316017, 41.391813], [-8.326842, 41.400884], [-8.33865, 41.40639], [-8.350584, 41.40934], [-8.362537, 41.410521], [-8.386491, 41.408019], [-8.403327, 41.401307], [-8.415152, 41.39236], [-8.421554, 41.383384], [-8.425103, 41.374395], [-8.425992, 41.365392], [-8.42023, 41.347347], [-8.412994, 41.338303], [-8.401028, 41.329234], [-8.390382, 41.324254], [-8.386325, 41.323588], [-8.380382, 41.331254], [-8.375305, 41.33104], [-8.37201, 41.328346], [-8.361563, 41.329718], [-8.358276, 41.329049], [-8.357673, 41.327249], [-8.350207, 41.327264], [-8.346032, 41.328847], [-8.342462, 41.333131], [-8.333215, 41.336299], [-8.326363, 41.342163], [-8.324568, 41.341041], [-8.323376, 41.341943], [-8.318773, 41.337449]], [[-8.398575, 41.395063], [-8.386552, 41.40151], [-8.374558, 41.404759], [-8.362585, 41.405607], [-8.350635, 41.4043], [-8.339963, 41.40096], [-8.326824, 41.39301], [-8.318718, 41.382822], [-8.316005, 41.373798], [-8.315976, 41.36479], [-8.31855, 41.355798], [-8.327331, 41.343782], [-8.339365, 41.335762], [-8.351355, 41.3318], [-8.363317, 41.33063], [-8.375257, 41.331661], [-8.387174, 41.335218], [-8.399061, 41.342177], [-8.410666, 41.356306], [-8.413506, 41.365329], [-8.413175, 41.374334], [-8.409626, 41.383324], [-8.398575, 41.395063]]], [[[-8.625964, 41.375683], [-8.637923, 41.375672], [-8.64998, 41.366291], [-8.649368, 41.357281], [-8.638072, 41.348752], [-8.626103, 41.3482], [-8.613483, 41.357166], [-8.613359, 41.366174], [-8.625964, 41.375683]]]]}}, {"id": "19", "type": "Feature", "properties": {"fill": "#2e6eed", "value_min": 2.67, "value_max": -3.0}, "geometry": {"type": "MultiPolygon", "coordinates": [[[[-8.006229, 41.843971], [-7.9993, 41.830843], [-7.98693, 41.821728], [-7.973238, 41.817002], [-7.949171, 41.816215], [-7.937109, 41.817527], [-7.927028, 41.821184], [-7.915286, 41.83008], [-7.909415, 41.839032], [-7.906474, 41.84801], [-7.906396, 41.857016], [-7.909347, 41.866051], [-7.920356, 41.878731], [-7.928045, 41.878016], [-7.92315, 41.875188], [-7.91438, 41.866099], [-7.910301, 41.857053], [-7.909609, 41.84804], [-7.912295, 41.839059], [-7.917679, 41.830103], [-7.930699, 41.821218], [-7.937086, 41.818902], [-7.961194, 41.81722], [-7.973207, 41.818931], [-7.980965, 41.821675], [-7.994335, 41.8308], [-8.000127, 41.839857], [-8.00188, 41.850268], [-8.005804, 41.847346], [-8.006229, 41.843971]]], [[[-8.046922, 41.719532], [-8.058928, 41.720634], [-8.070642, 41.714353], [-8.08045, 41.696418], [-8.095397, 41.691961], [-8.100764, 41.687572], [-8.108119, 41.678622], [-8.105836, 41.669597], [-8.095799, 41.66324], [-8.083796, 41.662605], [-8.071705, 41.668166], [-8.059446, 41.68513], [-8.047376, 41.688818], [-8.035819, 41.696052], [-8.032441, 41.705031], [-8.038428, 41.714088], [-8.046922, 41.719532]], [[-8.071158, 41.706192], [-8.06586, 41.714314], [-8.058966, 41.718011], [-8.046957, 41.717196], [-8.042157, 41.714119], [-8.035856, 41.705059], [-8.040137, 41.696088], [-8.047335, 41.691583], [-8.067334, 41.687305], [-8.067734, 41.678301], [-8.074342, 41.669348], [-8.083767, 41.664656], [-8.095771, 41.665211], [-8.102657, 41.669572], [-8.105049, 41.678598], [-8.09542, 41.690288], [-8.083359, 41.693433], [-8.071325, 41.694611], [-8.071158, 41.706192]]], [[[-8.337656, 41.504169], [-8.349648, 41.503102], [-8.354894, 41.500127], [-8.362754, 41.491164], [-8.362568, 41.482155], [-8.354059, 41.4731], [-8.349972, 41.470721], [-8.33801, 41.469376], [-8.325988, 41.473867], [-8.319566, 41.481909], [-8.319499, 41.490916], [-8.325724, 41.499284], [-8.337656, 41.504169]], [[-8.349681, 41.499819], [-8.337687, 41.501058], [-8.325779, 41.493969], [-8.323526, 41.49094], [-8.32376, 41.481934], [-8.325932, 41.479214], [-8.337977, 41.472595], [-8.349937, 41.474213], [-8.358427, 41.482132], [-8.358742, 41.491141], [-8.349681, 41.499819]]], [[[-8.804304, 41.261379], [-8.789331, 41.249529], [-8.769937, 41.242183], [-8.746078, 41.239752], [-8.71026, 41.243449], [-8.68636, 41.250007], [-8.670524, 41.258259], [-8.66091, 41.267239], [-8.655308, 41.27623], [-8.653028, 41.285231], [-8.65354, 41.29424], [-8.656953, 41.303258], [-8.673144, 41.32132], [-8.697892, 41.337476], [-8.72176, 41.345735], [-8.74566, 41.347335], [-8.769582, 41.342981], [-8.781551, 41.338083], [-8.793821, 41.330608], [-8.806522, 41.317725], [-8.804304, 41.261379]], [[-8.769603, 41.336966], [-8.745677, 41.34308], [-8.721775, 41.342314], [-8.697905, 41.33471], [-8.676974, 41.321331], [-8.667312, 41.312296], [-8.661218, 41.303271], [-8.657784, 41.294253], [-8.657579, 41.285244], [-8.660532, 41.276245], [-8.666764, 41.267256], [-8.674371, 41.260728], [-8.686341, 41.254051], [-8.698295, 41.250081], [-8.710243, 41.247272], [-8.734124, 41.244587], [-8.757987, 41.246245], [-8.769911, 41.249499], [-8.787389, 41.258534], [-8.796767, 41.267559], [-8.802293, 41.276576], [-8.804891, 41.285588], [-8.803677, 41.303602], [-8.799707, 41.312603], [-8.792626, 41.321598], [-8.781702, 41.330585], [-8.769603, 41.336966]]]]}}, {"id": "22", "type": "Feature", "properties": {"fill": "#1f4099", "value_min": 3.67, "value_max": -4.0}, "geometry": {"type": "MultiPolygon", "coordinates": [[[[-7.964734, 41.874978], [-7.965096, 41.874848], [-7.965357, 41.874754], [-7.972354, 41.872237], [-7.984522, 41.864843], [-7.989791, 41.85778], [-7.990841, 41.848783], [-7.989953, 41.839768], [-7.985803, 41.830725], [-7.968586, 41.821565], [-7.961148, 41.820072], [-7.939608, 41.821301], [-7.922465, 41.830148], [-7.91875, 41.848127], [-7.919534, 41.857141], [-7.924249, 41.866479], [-7.938599, 41.873378], [-7.941618, 41.870891], [-7.951254, 41.871132], [-7.956367, 41.87339], [-7.956362, 41.875191], [-7.960878, 41.875648], [-7.962086, 41.874074], [-7.964734, 41.874978]]], [[[-8.047057, 41.71045], [-8.059069, 41.710991], [-8.063314, 41.705287], [-8.059257, 41.69808], [-8.047233, 41.698477], [-8.043376, 41.705122], [-8.047057, 41.71045]]], [[[-8.080367, 41.68741], [-8.083425, 41.688758], [-8.095491, 41.685188], [-8.098739, 41.678549], [-8.095716, 41.669155], [-8.082396, 41.669412], [-8.077738, 41.678382], [-8.080367, 41.68741]]], [[[-8.337767, 41.493247], [-8.350196, 41.491093], [-8.349138, 41.48208], [-8.337898, 41.480372], [-8.335257, 41.482001], [-8.334476, 41.491004], [-8.337767, 41.493247]]], [[[-8.745709, 41.334676], [-8.757672, 41.331505], [-8.769645, 41.32503], [-8.782339, 41.312571], [-8.786974, 41.303572], [-8.788579, 41.294567], [-8.787546, 41.285557], [-8.783513, 41.276542], [-8.775935, 41.26752], [-8.769863, 41.26309], [-8.757947, 41.257122], [-8.746022, 41.254034], [-8.72215, 41.253849], [-8.698264, 41.256863], [-8.679133, 41.267291], [-8.66979, 41.276272], [-8.668065, 41.294283], [-8.669841, 41.303296], [-8.67412, 41.311305], [-8.686013, 41.322471], [-8.709862, 41.33335], [-8.733756, 41.335193], [-8.745709, 41.334676]]]]}}]}