{"type": "FeatureCollection", "features": [{"id": "21", "type": "Feature", "properties": {"fill": "#245bd9", "value_min": 3.0, "value_max": 3.33}, "geometry": {"type": "Polygon", "coordinates": [[[-8.373529, 41.511729], [-8.380677, 41.500269], [-8.380408, 41.473245], [-8.374016, 41.461195], [-8.367294, 41.455159], [-8.362135, 41.451613], [-8.350203, 41.447623], [-8.338242, 41.446598], [-8.32626, 41.447531], [-8.314251, 41.451119], [-8.307441, 41.454814], [-8.296628, 41.463756], [-8.291598, 41.472733], [-8.290226, 41.481732], [-8.29386, 41.499769], [-8.299321, 41.508809], [-8.308803, 41.517874], [-8.313513, 41.521027], [-8.325454, 41.525292], [-8.33743, 41.526329], [-8.349427, 41.525179], [-8.361456, 41.520859], [-8.373529, 41.511729]], [[-8.337458, 41.523567], [-8.325484, 41.522405], [-8.314893, 41.517911], [-8.303931, 41.508837], [-8.297226, 41.499789], [-8.294135, 41.481756], [-8.295202, 41.472755], [-8.302151, 41.463047], [-8.314214, 41.454588], [-8.326232, 41.450306], [-8.338213, 41.449397], [-8.350176, 41.450255], [-8.362103, 41.454926], [-8.373975, 41.465439], [-8.378178, 41.473233], [-8.37881, 41.491251], [-8.378331, 41.500256], [-8.373566, 41.507939], [-8.361488, 41.517553], [-8.349453, 41.522602], [-8.337458, 41.523567]]]}}, {"id": "22", "type": "Feature", "properties": {"fill": "#214db8", "value_min": 3.33, "value_max": 3.67}, "geometry": {"type": "Polygon", "coordinates": [[[-8.337458, 41.523567], [-8.349453, 41.522602], [-8.361488, 41.517553], [-8.373566, 41.507939], [-8.378331, 41.500256], [-8.37881, 41.491251], [-8.378178, 41.473233], [-8.373975, 41.465439], [-8.362103, 41.454926], [-8.350176, 41.450255], [-8.338213, 41.449397], [-8.326232, 41.450306], [-8.314214, 41.454588], [-8.302151, 41.463047], [-8.295202, 41.472755], [-8.294135, 41.481756], [-8.297226, 41.499789], [-8.303931, 41.508837], [-8.314893, 41.517911], [-8.325484, 41.522405], [-8.337458, 41.523567]], [[-8.337486, 41.520806], [-8.325514, 41.519518], [-8.308786, 41.508867], [-8.300593, 41.49981], [-8.298043, 41.48178], [-8.298807, 41.472777], [-8.307595, 41.463823], [-8.32117, 41.454896], [-8.326203, 41.45308], [-8.338185, 41.452196], [-8.35015, 41.452886], [-8.355739, 41.455095], [-8.373936, 41.46949], [-8.375948, 41.473221], [-8.376269, 41.491238], [-8.375986, 41.500244], [-8.373603, 41.504085], [-8.361529, 41.513363], [-8.349479, 41.520026], [-8.337486, 41.520806]]]}}, {"id": "23", "type": "Feature", "properties": {"fill": "#1f4099", "value_min": 3.67, "value_max": 4.0}, "geometry": {"type": "Polygon", "coordinates": [[[-8.337486, 41.520806], [-8.349479, 41.520026], [-8.361529, 41.513363], [-8.373603, 41.504085], [-8.375986, 41.500244], [-8.376269, 41.491238], [-8.375948, 41.473221], [-8.373936, 41.46949], [-8.355739, 41.455095], [-8.35015, 41.452886], [-8.338185, 41.452196], [-8.326203, 41.45308], [-8.32117, 41.454896], [-8.307595, 41.463823], [-8.298807, 41.472777], [-8.298043, 41.48178], [-8.300593, 41.49981], [-8.308786, 41.508867], [-8.325514, 41.519518], [-8.337486, 41.520806]]]}}, {"id": "8", "type": "Feature", "properties": {"fill": "#b1a288", "value_min": -1.33, "value_max": -1.0}, "geometry": {"type": "MultiPolygon", "coordinates": [[[[-7.888075, 41.855615], [-7.90059, 41.840847], [-7.911689, 41.82104], [-7.913089, 41.812046], [-7.911376, 41.803023], [-7.901502, 41.787496], [-7.889539, 41.783359], [-7.877509, 41.783152], [-7.80521, 41.788374], [-7.793275, 41.783034], [-7.770498, 41.756568], [-7.754881, 41.746642], [-7.748417, 41.749321], [-7.747485, 41.754512], [-7.757639, 41.758963], [-7.769472, 41.769221], [-7.777393, 41.783662], [-7.777684, 41.792671], [-7.771933, 41.801617], [-7.756675, 41.808841], [-7.744583, 41.811584], [-7.728489, 41.81211], [-7.728761, 41.816776], [-7.731449, 41.81995], [-7.768581, 41.815784], [-7.780618, 41.815937], [-7.792531, 41.822659], [-7.816099, 41.850597], [-7.827938, 41.861931], [-7.841654, 41.86879], [-7.841663, 41.866632], [-7.848912, 41.861698], [-7.858542, 41.862622], [-7.859154, 41.860401], [-7.852059, 41.860593], [-7.840071, 41.857273], [-7.82815, 41.850321], [-7.809475, 41.829032], [-7.805425, 41.819984], [-7.804101, 41.810963], [-7.807747, 41.801994], [-7.822378, 41.793138], [-7.85338, 41.786593], [-7.877473, 41.785182], [-7.889488, 41.786284], [-7.901408, 41.792969], [-7.908207, 41.802993], [-7.910379, 41.81202], [-7.908936, 41.821014], [-7.900681, 41.835485], [-7.888411, 41.84859], [-7.881043, 41.85322], [-7.888075, 41.855615]]], [[[-8.034192, 41.766811], [-8.042507, 41.759157], [-8.046524, 41.750183], [-8.046507, 41.741176], [-8.043218, 41.732142], [-8.022965, 41.713815], [-8.011064, 41.706043], [-8.005462, 41.7048], [-7.999127, 41.70073], [-7.987105, 41.700913], [-7.97499, 41.706998], [-7.959822, 41.72241], [-7.948515, 41.731314], [-7.938461, 41.735587], [-7.926301, 41.743721], [-7.920733, 41.74907], [-7.916728, 41.75804], [-7.918648, 41.767065], [-7.925845, 41.771096], [-7.937839, 41.773365], [-7.949865, 41.773728], [-7.986004, 41.770947], [-8.010032, 41.773266], [-8.022084, 41.771915], [-8.034192, 41.766811]], [[-7.949892, 41.772065], [-7.937868, 41.771604], [-7.925313, 41.767127], [-7.921266, 41.758082], [-7.925886, 41.749119], [-7.938377, 41.740691], [-7.962558, 41.732688], [-7.980818, 41.713591], [-7.986961, 41.710084], [-7.999017, 41.707826], [-8.011005, 41.709875], [-8.022929, 41.716203], [-8.031459, 41.723036], [-8.039667, 41.732112], [-8.042336, 41.741141], [-8.040351, 41.750132], [-8.032225, 41.759071], [-8.022197, 41.764449], [-8.010141, 41.766128], [-7.986128, 41.763101], [-7.974072, 41.764724], [-7.97083, 41.767544], [-7.949892, 41.772065]]], [[[-8.234312, 41.697546], [-8.232794, 41.688529], [-8.227683, 41.683479], [-8.215728, 41.678496], [-8.2037, 41.679569], [-8.191578, 41.688199], [-8.1896, 41.69724], [-8.195903, 41.706291], [-8.203316, 41.710767], [-8.215323, 41.711821], [-8.228198, 41.706512], [-8.234312, 41.697546]], [[-8.209688, 41.706386], [-8.203374, 41.706003], [-8.195628, 41.697282], [-8.199277, 41.6883], [-8.203631, 41.685194], [-8.215651, 41.684862], [-8.221912, 41.688456], [-8.225394, 41.697486], [-8.215926, 41.706429], [-8.209688, 41.706386]]], [[[-8.407892, 41.685636], [-8.415356, 41.680596], [-8.419941, 41.671612], [-8.419008, 41.6626], [-8.413213, 41.653563], [-8.396293, 41.641049], [-8.38432, 41.637442], [-8.372316, 41.637187], [-8.360279, 41.640156], [-8.348193, 41.648041], [-8.343345, 41.653185], [-8.33958, 41.662171], [-8.339723, 41.671179], [-8.34389, 41.68021], [-8.354135, 41.689275], [-8.359762, 41.692374], [-8.371751, 41.695309], [-8.383773, 41.694807], [-8.395822, 41.69148], [-8.407892, 41.685636]], [[-8.383834, 41.688387], [-8.371821, 41.688053], [-8.359854, 41.683162], [-8.356143, 41.680279], [-8.350485, 41.67124], [-8.350377, 41.662232], [-8.355647, 41.653255], [-8.360185, 41.649678], [-8.372241, 41.644822], [-8.384252, 41.644545], [-8.396226, 41.648248], [-8.403592, 41.653514], [-8.410298, 41.662555], [-8.410688, 41.671565], [-8.403791, 41.680536], [-8.395881, 41.685102], [-8.383834, 41.688387]]], [[[-8.035537, 41.676926], [-8.045364, 41.669111], [-8.049898, 41.660141], [-8.049019, 41.651127], [-8.041954, 41.642061], [-8.036127, 41.637401], [-8.024182, 41.633281], [-8.012193, 41.632204], [-8.000153, 41.634431], [-7.988228, 41.641601], [-7.98157, 41.650549], [-7.980103, 41.659543], [-7.982478, 41.668571], [-7.987507, 41.675291], [-7.999398, 41.683215], [-8.011403, 41.683886], [-8.023449, 41.681837], [-8.035537, 41.676926]], [[-8.011488, 41.678351], [-7.999544, 41.673783], [-7.993629, 41.668669], [-7.990395, 41.659634], [-7.992332, 41.650644], [-8.00201, 41.641721], [-8.012107, 41.637842], [-8.024117, 41.637635], [-8.036056, 41.642153], [-8.045008, 41.651094], [-8.046606, 41.660114], [-8.041938, 41.669082], [-8.035579, 41.674141], [-8.023506, 41.678083], [-8.011488, 41.678351]]], [[[-8.684777, 41.584315], [-8.685337, 41.584153], [-8.685568, 41.584086], [-8.685636, 41.584066], [-8.685608, 41.58071], [-8.697261, 41.576376], [-8.701703, 41.570277], [-8.707704, 41.570923], [-8.712485, 41.569323], [-8.714307, 41.571987], [-8.724987, 41.564659], [-8.734213, 41.555674], [-8.741181, 41.546682], [-8.74946, 41.528686], [-8.752201, 41.510677], [-8.748784, 41.465632], [-8.758663, 41.420616], [-8.758503, 41.411608], [-8.753791, 41.393583], [-8.741441, 41.37554], [-8.731882, 41.366511], [-8.650245, 41.307779], [-8.638335, 41.301306], [-8.626412, 41.297329], [-8.614473, 41.296468], [-8.602521, 41.297764], [-8.578587, 41.304948], [-8.564152, 41.311952], [-8.551474, 41.320911], [-8.537301, 41.33887], [-8.53151, 41.356862], [-8.525689, 41.392868], [-8.510334, 41.419827], [-8.502889, 41.43781], [-8.501989, 41.446814], [-8.50353, 41.455828], [-8.507738, 41.464853], [-8.515172, 41.473892], [-8.529505, 41.485344], [-8.5539, 41.501071], [-8.560554, 41.510104], [-8.570299, 41.537163], [-8.588921, 41.560898], [-8.600853, 41.570619], [-8.612806, 41.57766], [-8.624775, 41.582235], [-8.64874, 41.587326], [-8.664678, 41.587316], [-8.665265, 41.585758], [-8.667674, 41.587071], [-8.684141, 41.584442], [-8.684777, 41.584315]], [[-8.64884, 41.568884], [-8.636843, 41.569427], [-8.624857, 41.567979], [-8.612886, 41.564145], [-8.59735, 41.555276], [-8.587633, 41.546234], [-8.581482, 41.537205], [-8.577168, 41.519174], [-8.577319, 41.500868], [-8.569666, 41.492124], [-8.541495, 41.483714], [-8.529563, 41.477313], [-8.517125, 41.464893], [-8.513077, 41.455868], [-8.512695, 41.446859], [-8.517909, 41.433746], [-8.52997, 41.420963], [-8.545615, 41.410964], [-8.554576, 41.401991], [-8.55629, 41.39299], [-8.553515, 41.365957], [-8.554274, 41.356952], [-8.560688, 41.338962], [-8.56799, 41.329982], [-8.579383, 41.321016], [-8.590468, 41.315272], [-8.614396, 41.30954], [-8.626341, 41.309844], [-8.638272, 41.312601], [-8.650195, 41.317134], [-8.671533, 41.330324], [-8.693929, 41.348401], [-8.702064, 41.35743], [-8.710912, 41.375468], [-8.711691, 41.384477], [-8.709429, 41.393479], [-8.704155, 41.402473], [-8.697562, 41.408752], [-8.685561, 41.416331], [-8.645609, 41.429331], [-8.626941, 41.438279], [-8.620672, 41.447266], [-8.617403, 41.456263], [-8.6155, 41.465264], [-8.616345, 41.474274], [-8.625424, 41.483312], [-8.639816, 41.492365], [-8.676736, 41.51049], [-8.68761, 41.519527], [-8.692224, 41.528547], [-8.692307, 41.537554], [-8.688664, 41.546552], [-8.680847, 41.555538], [-8.66541, 41.564501], [-8.64884, 41.568884]], [[-8.673217, 41.491673], [-8.66125, 41.489272], [-8.651896, 41.483395], [-8.648174, 41.474376], [-8.653279, 41.465384], [-8.661402, 41.459983], [-8.673386, 41.457995], [-8.68535, 41.460051], [-8.695741, 41.465504], [-8.700362, 41.474524], [-8.695381, 41.483518], [-8.685211, 41.488784], [-8.673217, 41.491673]]], [[[-8.468981, 41.562606], [-8.477411, 41.554793], [-8.480283, 41.545799], [-8.47606, 41.536773], [-8.457291, 41.526383], [-8.445317, 41.524957], [-8.43329, 41.529678], [-8.426223, 41.536535], [-8.423392, 41.545528], [-8.425468, 41.554546], [-8.433002, 41.562579], [-8.444953, 41.567547], [-8.456946, 41.567555], [-8.468981, 41.562606]], [[-8.456997, 41.561572], [-8.445008, 41.56112], [-8.433915, 41.554587], [-8.429777, 41.54556], [-8.432848, 41.536568], [-8.44528, 41.529299], [-8.457263, 41.529758], [-8.469199, 41.535887], [-8.474889, 41.545775], [-8.469035, 41.555964], [-8.456997, 41.561572]]], [[[-8.082787, 41.548622], [-8.097338, 41.552896], [-8.109328, 41.553009], [-8.121356, 41.550234], [-8.132098, 41.543698], [-8.138349, 41.534738], [-8.138646, 41.525733], [-8.132276, 41.516678], [-8.121881, 41.511409], [-8.109942, 41.508239], [-8.0921, 41.507772], [-8.0906, 41.512591], [-8.097924, 41.510765], [-8.109899, 41.511364], [-8.124569, 41.516619], [-8.131325, 41.525678], [-8.13047, 41.534679], [-8.121845, 41.54362], [-8.109399, 41.547826], [-8.097412, 41.547587], [-8.086985, 41.543894], [-8.083389, 41.5449], [-8.082787, 41.548622]]], [[[-8.14073, 41.377668], [-8.147692, 41.390689], [-8.155109, 41.399752], [-8.1663, 41.408841], [-8.182977, 41.417549], [-8.194894, 41.421499], [-8.206837, 41.423503], [-8.230783, 41.422475], [-8.242788, 41.419253], [-8.262537, 41.409498], [-8.273268, 41.400559], [-8.284189, 41.382612], [-8.286103, 41.373616], [-8.284967, 41.355594], [-8.279546, 41.341513], [-8.269347, 41.327615], [-8.265709, 41.331221], [-8.269004, 41.336169], [-8.263638, 41.340841], [-8.274212, 41.355527], [-8.277013, 41.364552], [-8.276522, 41.382564], [-8.272839, 41.391548], [-8.265653, 41.40051], [-8.254873, 41.408822], [-8.242842, 41.414583], [-8.230841, 41.417619], [-8.218861, 41.418712], [-8.206905, 41.417899], [-8.194972, 41.41524], [-8.18307, 41.410136], [-8.168689, 41.39985], [-8.161196, 41.390789], [-8.155412, 41.376766], [-8.150152, 41.37339], [-8.14073, 41.377668]]], [[[-8.620816, 41.178996], [-8.626938, 41.205032], [-8.638721, 41.231182], [-8.650592, 41.242768], [-8.662505, 41.246946], [-8.674435, 41.247863], [-8.698313, 41.246147], [-8.746084, 41.238001], [-8.77141, 41.23148], [-8.793677, 41.222514], [-8.802566, 41.217194], [-8.799695, 41.14406], [-8.769144, 41.144742], [-8.779991, 41.159433], [-8.783217, 41.168447], [-8.784478, 41.177457], [-8.780657, 41.195466], [-8.7755, 41.204464], [-8.767056, 41.213455], [-8.754401, 41.222437], [-8.734025, 41.231399], [-8.698346, 41.23912], [-8.674479, 41.238972], [-8.662561, 41.235975], [-8.650667, 41.228717], [-8.644714, 41.222151], [-8.635526, 41.204106], [-8.632697, 41.189074], [-8.625658, 41.186628], [-8.620816, 41.178996]]]]}}, {"id": "7", "type": "Feature", "properties": {"fill": "#cba158", "value_min": -1.67, "value_max": -1.33}, "geometry": {"type": "MultiPolygon", "coordinates": [[[[-7.881043, 41.85322], [-7.888411, 41.84859], [-7.900681, 41.835485], [-7.908936, 41.821014], [-7.910379, 41.81202], [-7.908207, 41.802993], [-7.901408, 41.792969], [-7.889488, 41.786284], [-7.877473, 41.785182], [-7.85338, 41.786593], [-7.822378, 41.793138], [-7.807747, 41.801994], [-7.804101, 41.810963], [-7.805425, 41.819984], [-7.809475, 41.829032], [-7.82815, 41.850321], [-7.840071, 41.857273], [-7.852059, 41.860593], [-7.859154, 41.860401], [-7.864877, 41.859711], [-7.870327, 41.852223], [-7.864229, 41.853712], [-7.852189, 41.853313], [-7.840214, 41.849342], [-7.82832, 41.841023], [-7.818733, 41.829128], [-7.815369, 41.820087], [-7.815523, 41.811081], [-7.820323, 41.802124], [-7.834475, 41.793262], [-7.853345, 41.788522], [-7.877444, 41.786847], [-7.889445, 41.788809], [-7.901329, 41.797595], [-7.905038, 41.802963], [-7.907671, 41.811995], [-7.906183, 41.820987], [-7.900764, 41.83066], [-7.888492, 41.843929], [-7.877415, 41.850061], [-7.881043, 41.85322]]], [[[-7.728489, 41.81211], [-7.744583, 41.811584], [-7.756675, 41.808841], [-7.771933, 41.801617], [-7.777684, 41.792671], [-7.777393, 41.783662], [-7.769472, 41.769221], [-7.757639, 41.758963], [-7.747485, 41.754512], [-7.743866, 41.756509], [-7.743242, 41.760333], [-7.740223, 41.762349], [-7.750325, 41.765357], [-7.762, 41.77449], [-7.765452, 41.783534], [-7.763438, 41.792519], [-7.756869, 41.798845], [-7.744733, 41.803935], [-7.73268, 41.804729], [-7.727039, 41.803559], [-7.728489, 41.81211]]], [[[-7.949892, 41.772065], [-7.97083, 41.767544], [-7.974072, 41.764724], [-7.986128, 41.763101], [-8.010141, 41.766128], [-8.022197, 41.764449], [-8.032225, 41.759071], [-8.040351, 41.750132], [-8.042336, 41.741141], [-8.039667, 41.732112], [-8.031459, 41.723036], [-8.022929, 41.716203], [-8.011005, 41.709875], [-7.999017, 41.707826], [-7.986961, 41.710084], [-7.980818, 41.713591], [-7.962558, 41.732688], [-7.938377, 41.740691], [-7.925886, 41.749119], [-7.921266, 41.758082], [-7.925313, 41.767127], [-7.937868, 41.771604], [-7.949892, 41.772065]], [[-7.937897, 41.769844], [-7.930497, 41.767175], [-7.925802, 41.758125], [-7.931398, 41.74917], [-7.938314, 41.744513], [-7.950378, 41.742201], [-7.96238, 41.743725], [-7.971062, 41.740525], [-7.979436, 41.722586], [-7.986857, 41.716732], [-7.998942, 41.712601], [-8.010946, 41.713706], [-8.022894, 41.718526], [-8.036117, 41.732083], [-8.038165, 41.741107], [-8.034449, 41.749675], [-8.022289, 41.75844], [-8.010225, 41.760691], [-7.99822, 41.759085], [-7.974297, 41.7506], [-7.971601, 41.758544], [-7.961251, 41.767458], [-7.949919, 41.770403], [-7.937897, 41.769844]]], [[[-8.209688, 41.706386], [-8.215926, 41.706429], [-8.225394, 41.697486], [-8.221912, 41.688456], [-8.215651, 41.684862], [-8.203631, 41.685194], [-8.199277, 41.6883], [-8.195628, 41.697282], [-8.203374, 41.706003], [-8.209688, 41.706386]], [[-8.203461, 41.698943], [-8.202026, 41.697326], [-8.203519, 41.694279], [-8.215525, 41.695233], [-8.216703, 41.697427], [-8.215484, 41.698559], [-8.203461, 41.698943]]], [[[-8.383834, 41.688387], [-8.395881, 41.685102], [-8.403791, 41.680536], [-8.410688, 41.671565], [-8.410298, 41.662555], [-8.403592, 41.653514], [-8.396226, 41.648248], [-8.384252, 41.644545], [-8.372241, 41.644822], [-8.360185, 41.649678], [-8.355647, 41.653255], [-8.350377, 41.662232], [-8.350485, 41.67124], [-8.356143, 41.680279], [-8.359854, 41.683162], [-8.371821, 41.688053], [-8.383834, 41.688387]], [[-8.371883, 41.681697], [-8.359655, 41.671292], [-8.35955, 41.662284], [-8.368415, 41.653326], [-8.372177, 41.651493], [-8.384196, 41.650407], [-8.39616, 41.655315], [-8.402353, 41.662514], [-8.402384, 41.671522], [-8.395944, 41.678361], [-8.39161, 41.680472], [-8.383887, 41.682886], [-8.371883, 41.681697]]], [[[-8.011488, 41.678351], [-8.023506, 41.678083], [-8.035579, 41.674141], [-8.041938, 41.669082], [-8.046606, 41.660114], [-8.045008, 41.651094], [-8.036056, 41.642153], [-8.024117, 41.637635], [-8.012107, 41.637842], [-8.00201, 41.641721], [-7.992332, 41.650644], [-7.990395, 41.659634], [-7.993629, 41.668669], [-7.999544, 41.673783], [-8.011488, 41.678351]], [[-8.023546, 41.675401], [-8.011551, 41.674208], [-8.002198, 41.668744], [-7.997874, 41.659699], [-8.00081, 41.650718], [-8.012026, 41.643112], [-8.024051, 41.64197], [-8.035999, 41.645957], [-8.04111, 41.651061], [-8.043634, 41.660089], [-8.035621, 41.671354], [-8.023546, 41.675401]]], [[[-8.64884, 41.568884], [-8.66541, 41.564501], [-8.680847, 41.555538], [-8.688664, 41.546552], [-8.692307, 41.537554], [-8.692224, 41.528547], [-8.68761, 41.519527], [-8.676736, 41.51049], [-8.639816, 41.492365], [-8.625424, 41.483312], [-8.616345, 41.474274], [-8.6155, 41.465264], [-8.617403, 41.456263], [-8.620672, 41.447266], [-8.626941, 41.438279], [-8.645609, 41.429331], [-8.685561, 41.416331], [-8.697562, 41.408752], [-8.704155, 41.402473], [-8.709429, 41.393479], [-8.711691, 41.384477], [-8.710912, 41.375468], [-8.702064, 41.35743], [-8.693929, 41.348401], [-8.671533, 41.330324], [-8.650195, 41.317134], [-8.638272, 41.312601], [-8.626341, 41.309844], [-8.614396, 41.30954], [-8.590468, 41.315272], [-8.579383, 41.321016], [-8.56799, 41.329982], [-8.560688, 41.338962], [-8.554274, 41.356952], [-8.553515, 41.365957], [-8.55629, 41.39299], [-8.554576, 41.401991], [-8.545615, 41.410964], [-8.52997, 41.420963], [-8.517909, 41.433746], [-8.512695, 41.446859], [-8.513077, 41.455868], [-8.517125, 41.464893], [-8.529563, 41.477313], [-8.541495, 41.483714], [-8.569666, 41.492124], [-8.577319, 41.500868], [-8.577168, 41.519174], [-8.581482, 41.537205], [-8.587633, 41.546234], [-8.59735, 41.555276], [-8.612886, 41.564145], [-8.624857, 41.567979], [-8.636843, 41.569427], [-8.64884, 41.568884]], [[-8.624917, 41.557681], [-8.612943, 41.554605], [-8.600992, 41.548082], [-8.591273, 41.53724], [-8.587856, 41.52822], [-8.587849, 41.519213], [-8.59127, 41.510218], [-8.601287, 41.500046], [-8.613293, 41.495958], [-8.62527, 41.496554], [-8.649179, 41.50633], [-8.656095, 41.51043], [-8.665758, 41.519466], [-8.66961, 41.528484], [-8.668842, 41.537489], [-8.660943, 41.548126], [-8.647485, 41.555441], [-8.636908, 41.557847], [-8.624917, 41.557681]], [[-8.565481, 41.479428], [-8.553502, 41.479668], [-8.541544, 41.476803], [-8.525416, 41.464928], [-8.521575, 41.455904], [-8.522308, 41.4469], [-8.529865, 41.435622], [-8.541883, 41.42862], [-8.553873, 41.425466], [-8.56584, 41.425628], [-8.577781, 41.429748], [-8.587464, 41.438144], [-8.591451, 41.447166], [-8.591811, 41.456175], [-8.588541, 41.465171], [-8.579981, 41.474147], [-8.565481, 41.479428]], [[-8.649702, 41.409203], [-8.625763, 41.41089], [-8.613804, 41.409799], [-8.601858, 41.406673], [-8.589938, 41.399667], [-8.576415, 41.384059], [-8.570104, 41.36602], [-8.572728, 41.348015], [-8.578306, 41.339027], [-8.587652, 41.330054], [-8.602372, 41.322411], [-8.614338, 41.319428], [-8.62629, 41.318819], [-8.638228, 41.320661], [-8.650155, 41.324517], [-8.673795, 41.339338], [-8.683079, 41.348371], [-8.689402, 41.357396], [-8.692841, 41.366413], [-8.693271, 41.375422], [-8.69046, 41.384422], [-8.685684, 41.3909], [-8.673674, 41.400579], [-8.661683, 41.406041], [-8.649702, 41.409203]]], [[[-8.456997, 41.561572], [-8.469035, 41.555964], [-8.474889, 41.545775], [-8.469199, 41.535887], [-8.457263, 41.529758], [-8.44528, 41.529299], [-8.432848, 41.536568], [-8.429777, 41.54556], [-8.433915, 41.554587], [-8.445008, 41.56112], [-8.456997, 41.561572]], [[-8.445055, 41.555579], [-8.436183, 41.545591], [-8.43971, 41.536601], [-8.445245, 41.533369], [-8.457236, 41.532958], [-8.464481, 41.536719], [-8.469495, 41.54575], [-8.460895, 41.554717], [-8.457038, 41.556611], [-8.445055, 41.555579]]], [[[-8.086985, 41.543894], [-8.097412, 41.547587], [-8.109399, 41.547826], [-8.121845, 41.54362], [-8.13047, 41.534679], [-8.131325, 41.525678], [-8.124569, 41.516619], [-8.109899, 41.511364], [-8.097924, 41.510765], [-8.0906, 41.512591], [-8.091196, 41.516626], [-8.097874, 41.514325], [-8.109856, 41.514488], [-8.115837, 41.516553], [-8.125026, 41.52563], [-8.121543, 41.536428], [-8.10947, 41.542646], [-8.105861, 41.542515], [-8.106459, 41.543782], [-8.101666, 41.542655], [-8.094475, 41.544904], [-8.088783, 41.542876], [-8.086985, 41.543894]]], [[[-8.089698, 41.518018], [-8.089698, 41.518018], [-8.089833, 41.517892], [-8.089698, 41.518018]]], [[[-8.089998, 41.517739], [-8.089998, 41.517739], [-8.090075, 41.517667], [-8.089998, 41.517739]]], [[[-8.090297, 41.517461], [-8.090297, 41.517461], [-8.090318, 41.517442], [-8.090297, 41.517461]]], [[[-8.090597, 41.517183], [-8.090597, 41.517183], [-8.090802, 41.516992], [-8.090597, 41.517183]]], [[[-8.090897, 41.516904], [-8.090897, 41.516904], [-8.091045, 41.516767], [-8.090897, 41.516904]]], [[[-8.155412, 41.376766], [-8.161196, 41.390789], [-8.168689, 41.39985], [-8.18307, 41.410136], [-8.194972, 41.41524], [-8.206905, 41.417899], [-8.218861, 41.418712], [-8.230841, 41.417619], [-8.242842, 41.414583], [-8.254873, 41.408822], [-8.265653, 41.40051], [-8.272839, 41.391548], [-8.276522, 41.382564], [-8.277013, 41.364552], [-8.274212, 41.355527], [-8.263638, 41.340841], [-8.262751, 41.345405], [-8.257413, 41.347662], [-8.264499, 41.355465], [-8.269069, 41.364502], [-8.27091, 41.373521], [-8.270052, 41.382523], [-8.266189, 41.391506], [-8.258776, 41.400466], [-8.242895, 41.410037], [-8.23089, 41.413463], [-8.218913, 41.414414], [-8.206963, 41.413161], [-8.195043, 41.409453], [-8.179475, 41.399928], [-8.171836, 41.390866], [-8.166995, 41.379014], [-8.1642, 41.38059], [-8.155412, 41.376766]]], [[[-8.632697, 41.189074], [-8.635526, 41.204106], [-8.644714, 41.222151], [-8.650667, 41.228717], [-8.662561, 41.235975], [-8.674479, 41.238972], [-8.698346, 41.23912], [-8.734025, 41.231399], [-8.754401, 41.222437], [-8.767056, 41.213455], [-8.7755, 41.204464], [-8.780657, 41.195466], [-8.784478, 41.177457], [-8.783217, 41.168447], [-8.779991, 41.159433], [-8.769144, 41.144742], [-8.717219, 41.145881], [-8.734497, 41.152377], [-8.744177, 41.159359], [-8.751937, 41.168384], [-8.756016, 41.177401], [-8.757271, 41.186411], [-8.75606, 41.195417], [-8.752117, 41.204416], [-8.744476, 41.213407], [-8.731791, 41.222386], [-8.710318, 41.230336], [-8.698377, 41.232358], [-8.686443, 41.232697], [-8.674519, 41.230973], [-8.662611, 41.226309], [-8.650735, 41.215854], [-8.644501, 41.204134], [-8.642531, 41.192857], [-8.641225, 41.196014], [-8.638841, 41.196025], [-8.638231, 41.194227], [-8.634946, 41.193341], [-8.632697, 41.189074]]], [[[-8.674211, 41.148541], [-8.680246, 41.146678], [-8.674793, 41.146932], [-8.674211, 41.148541]]]]}}, {"id": "4", "type": "Feature", "properties": {"fill": "#d75e13", "value_min": -2.67, "value_max": -2.33}, "geometry": {"type": "MultiPolygon", "coordinates": [[[[-7.901138, 41.808778], [-7.89927, 41.802908], [-7.889358, 41.79385], [-7.877386, 41.790177], [-7.865351, 41.790175], [-7.849602, 41.793414], [-7.833849, 41.802262], [-7.829064, 41.81122], [-7.828799, 41.820224], [-7.83261, 41.82927], [-7.84044, 41.836839], [-7.852375, 41.842892], [-7.864391, 41.844509], [-7.876471, 41.842557], [-7.888626, 41.836201], [-7.895037, 41.829887], [-7.900711, 41.820935], [-7.902254, 41.811943], [-7.901138, 41.808778]], [[-7.864455, 41.840894], [-7.852454, 41.838475], [-7.84054, 41.831285], [-7.833296, 41.82027], [-7.833203, 41.811262], [-7.838898, 41.802313], [-7.853241, 41.794379], [-7.865324, 41.791719], [-7.877357, 41.791842], [-7.88932, 41.796036], [-7.896814, 41.802884], [-7.899587, 41.811918], [-7.898348, 41.820912], [-7.88868, 41.833064], [-7.876533, 41.838987], [-7.864455, 41.840894]]], [[[-7.957736, 41.758419], [-7.950234, 41.751074], [-7.938176, 41.752906], [-7.933715, 41.758199], [-7.937987, 41.764362], [-7.949984, 41.766433], [-7.957736, 41.758419]], [[-7.938078, 41.758847], [-7.938097, 41.757709], [-7.950153, 41.756041], [-7.952533, 41.758372], [-7.950074, 41.760914], [-7.938078, 41.758847]]], [[[-8.010876, 41.71826], [-7.998837, 41.719399], [-7.992649, 41.722703], [-7.986542, 41.731656], [-7.987492, 41.740671], [-7.997463, 41.749766], [-8.010343, 41.753019], [-8.022419, 41.749855], [-8.030681, 41.741044], [-8.030486, 41.732035], [-8.022823, 41.723232], [-8.010876, 41.71826]], [[-8.010396, 41.749581], [-7.998418, 41.746368], [-7.991951, 41.74071], [-7.990382, 41.73169], [-7.998517, 41.722754], [-8.010842, 41.720506], [-8.022778, 41.726185], [-8.02785, 41.732013], [-8.027262, 41.741015], [-8.022476, 41.746119], [-8.010396, 41.749581]]], [[[-8.016246, 41.650851], [-8.008865, 41.659795], [-8.011708, 41.663964], [-8.018723, 41.668886], [-8.023626, 41.670126], [-8.035742, 41.663215], [-8.037691, 41.66004], [-8.035855, 41.655624], [-8.029975, 41.650968], [-8.023951, 41.648642], [-8.016246, 41.650851]], [[-8.014806, 41.659846], [-8.02389, 41.652678], [-8.033197, 41.660002], [-8.023684, 41.666277], [-8.014806, 41.659846]]], [[[-8.60754, 41.519282], [-8.60555, 41.528282], [-8.613041, 41.538282], [-8.625011, 41.541346], [-8.638706, 41.537399], [-8.644356, 41.528409], [-8.641387, 41.519392], [-8.637142, 41.51603], [-8.625181, 41.511882], [-8.613183, 41.514457], [-8.60754, 41.519282]], [[-8.619753, 41.52833], [-8.625124, 41.521761], [-8.629227, 41.528361], [-8.625072, 41.530825], [-8.619753, 41.52833]]], [[[-8.109705, 41.525512], [-8.109704, 41.525512], [-8.109705, 41.525513], [-8.109705, 41.525512]]], [[[-8.541727, 41.450893], [-8.539355, 41.455977], [-8.541663, 41.459874], [-8.552976, 41.465038], [-8.563951, 41.456073], [-8.553731, 41.446135], [-8.541727, 41.450893]]], [[[-8.18425, 41.376531], [-8.184295, 41.381947], [-8.188297, 41.390983], [-8.198674, 41.400063], [-8.207075, 41.403916], [-8.219012, 41.406185], [-8.230985, 41.405395], [-8.244466, 41.400373], [-8.254506, 41.391431], [-8.258544, 41.38245], [-8.25847, 41.373442], [-8.254396, 41.364408], [-8.249452, 41.359825], [-8.248141, 41.360052], [-8.248448, 41.364328], [-8.246795, 41.36478], [-8.252318, 41.373402], [-8.252922, 41.382413], [-8.248475, 41.391392], [-8.243057, 41.396101], [-8.231031, 41.401487], [-8.219059, 41.402228], [-8.207132, 41.399211], [-8.195818, 41.391036], [-8.191349, 41.381997], [-8.19172, 41.376077], [-8.18425, 41.376531]]], [[[-8.24921, 41.3596], [-8.24921, 41.3596], [-8.248737, 41.359162], [-8.24921, 41.3596]]], [[[-8.661997, 41.345423], [-8.650087, 41.337284], [-8.638156, 41.333555], [-8.626209, 41.332915], [-8.614244, 41.335404], [-8.606742, 41.339128], [-8.596979, 41.348102], [-8.593311, 41.357097], [-8.593584, 41.366105], [-8.597818, 41.375128], [-8.613937, 41.387415], [-8.625878, 41.390692], [-8.637838, 41.391066], [-8.649812, 41.38867], [-8.661807, 41.382138], [-8.668207, 41.375352], [-8.671396, 41.366354], [-8.670343, 41.357343], [-8.661997, 41.345423]], [[-8.637878, 41.383727], [-8.625921, 41.383285], [-8.613988, 41.37872], [-8.609294, 41.375167], [-8.603275, 41.366139], [-8.602869, 41.35713], [-8.608002, 41.34814], [-8.614196, 41.34347], [-8.626173, 41.339312], [-8.638123, 41.339584], [-8.650051, 41.344128], [-8.655697, 41.348293], [-8.661914, 41.357319], [-8.66229, 41.366328], [-8.656716, 41.375319], [-8.649857, 41.380169], [-8.637878, 41.383727]]], [[[-8.710553, 41.177085], [-8.698649, 41.173052], [-8.686728, 41.173001], [-8.674786, 41.176956], [-8.665295, 41.186181], [-8.662184, 41.195179], [-8.664244, 41.204193], [-8.674601, 41.214468], [-8.686513, 41.217896], [-8.698445, 41.217441], [-8.710527, 41.213327], [-8.719635, 41.204342], [-8.722386, 41.19534], [-8.719889, 41.186326], [-8.710553, 41.177085]], [[-8.686565, 41.206996], [-8.681041, 41.204241], [-8.677489, 41.195223], [-8.686659, 41.187432], [-8.698574, 41.189447], [-8.703509, 41.195293], [-8.700711, 41.204294], [-8.698499, 41.205695], [-8.686565, 41.206996]]]]}}, {"id": "3", "type": "Feature", "properties": {"fill": "#c33119", "value_min": -3.0, "value_max": -2.67}, "geometry": {"type": "MultiPolygon", "coordinates": [[[[-7.864455, 41.840894], [-7.876533, 41.838987], [-7.88868, 41.833064], [-7.898348, 41.820912], [-7.899587, 41.811918], [-7.896814, 41.802884], [-7.88932, 41.796036], [-7.877357, 41.791842], [-7.865324, 41.791719], [-7.853241, 41.794379], [-7.838898, 41.802313], [-7.833203, 41.811262], [-7.833296, 41.82027], [-7.84054, 41.831285], [-7.852454, 41.838475], [-7.864455, 41.840894]], [[-7.876578, 41.83643], [-7.864513, 41.837622], [-7.852517, 41.834961], [-7.844121, 41.829386], [-7.837795, 41.820316], [-7.837343, 41.811304], [-7.84306, 41.802355], [-7.853204, 41.796466], [-7.865297, 41.793261], [-7.877328, 41.793506], [-7.889282, 41.798224], [-7.894356, 41.802861], [-7.896952, 41.811892], [-7.895984, 41.82089], [-7.888835, 41.829828], [-7.876578, 41.83643]]], [[[-7.938078, 41.758847], [-7.950074, 41.760914], [-7.952533, 41.758372], [-7.950153, 41.756041], [-7.938097, 41.757709], [-7.938078, 41.758847]]], [[[-8.010396, 41.749581], [-8.022476, 41.746119], [-8.027262, 41.741015], [-8.02785, 41.732013], [-8.022778, 41.726185], [-8.010842, 41.720506], [-7.998517, 41.722754], [-7.990382, 41.73169], [-7.991951, 41.74071], [-7.998418, 41.746368], [-8.010396, 41.749581]], [[-8.010438, 41.746807], [-7.996409, 41.740749], [-7.994193, 41.731723], [-7.998722, 41.726806], [-8.010807, 41.722752], [-8.022733, 41.729139], [-8.025216, 41.731991], [-8.022532, 41.742383], [-8.010438, 41.746807]]], [[[-8.014806, 41.659846], [-8.023684, 41.666277], [-8.033197, 41.660002], [-8.02389, 41.652678], [-8.014806, 41.659846]], [[-8.021668, 41.659904], [-8.023806, 41.658217], [-8.025997, 41.659941], [-8.023758, 41.661418], [-8.021668, 41.659904]]], [[[-8.619753, 41.52833], [-8.625072, 41.530825], [-8.629227, 41.528361], [-8.625124, 41.521761], [-8.619753, 41.52833]]], [[[-8.19172, 41.376077], [-8.191349, 41.381997], [-8.195818, 41.391036], [-8.207132, 41.399211], [-8.219059, 41.402228], [-8.231031, 41.401487], [-8.243057, 41.396101], [-8.248475, 41.391392], [-8.252922, 41.382413], [-8.252318, 41.373402], [-8.246795, 41.36478], [-8.242779, 41.369228], [-8.245982, 41.37336], [-8.247182, 41.382376], [-8.242109, 41.39135], [-8.231084, 41.39701], [-8.219111, 41.397855], [-8.2072, 41.393639], [-8.203673, 41.39109], [-8.198529, 41.382047], [-8.199232, 41.377423], [-8.194976, 41.374275], [-8.19172, 41.376077]]], [[[-8.637878, 41.383727], [-8.649857, 41.380169], [-8.656716, 41.375319], [-8.66229, 41.366328], [-8.661914, 41.357319], [-8.655697, 41.348293], [-8.650051, 41.344128], [-8.638123, 41.339584], [-8.626173, 41.339312], [-8.614196, 41.34347], [-8.608002, 41.34814], [-8.602869, 41.35713], [-8.603275, 41.366139], [-8.609294, 41.375167], [-8.613988, 41.37872], [-8.625921, 41.383285], [-8.637878, 41.383727]], [[-8.625963, 41.375952], [-8.613053, 41.366173], [-8.612548, 41.357163], [-8.621798, 41.348186], [-8.626132, 41.346388], [-8.638086, 41.346277], [-8.65, 41.353519], [-8.652744, 41.357291], [-8.652544, 41.366299], [-8.649913, 41.369725], [-8.641164, 41.375271], [-8.637919, 41.376436], [-8.625963, 41.375952]]], [[[-8.686565, 41.206996], [-8.698499, 41.205695], [-8.700711, 41.204294], [-8.703509, 41.195293], [-8.698574, 41.189447], [-8.686659, 41.187432], [-8.677489, 41.195223], [-8.681041, 41.204241], [-8.686565, 41.206996]]]]}}, {"id": "13", "type": "Feature", "properties": {"fill": "#a3a3a3", "value_min": 0.33, "value_max": 0.67}, "geometry": {"type": "MultiPolygon", "coordinates": [[[[-8.013057, 41.831907], [-8.01286, 41.831599], [-8.012757, 41.831437], [-8.0032, 41.82187], [-7.973098, 41.803592], [-7.968704, 41.794545], [-7.961401, 41.785473], [-7.949741, 41.781289], [-7.937708, 41.781299], [-7.927994, 41.785166], [-7.925439, 41.794149], [-7.930907, 41.803207], [-7.93377, 41.81224], [-7.920288, 41.830128], [-7.913637, 41.848078], [-7.915869, 41.866113], [-7.923079, 41.878061], [-7.928949, 41.877847], [-7.934981, 41.875032], [-7.924254, 41.866185], [-7.919301, 41.857139], [-7.917751, 41.848117], [-7.919196, 41.839124], [-7.924889, 41.828257], [-7.937139, 41.815745], [-7.946911, 41.812361], [-7.942571, 41.803315], [-7.937361, 41.802314], [-7.930867, 41.794199], [-7.93321, 41.785214], [-7.937672, 41.783438], [-7.949708, 41.783329], [-7.955536, 41.78542], [-7.959884, 41.794466], [-7.953653, 41.803416], [-7.965249, 41.812528], [-7.973279, 41.814462], [-7.985219, 41.820724], [-7.99645, 41.830818], [-8.001831, 41.839872], [-8.002997, 41.850494], [-8.007618, 41.843072], [-8.007928, 41.838796], [-8.010639, 41.837223], [-8.013057, 41.831907]]], [[[-7.74266, 41.857337], [-7.741573, 41.864335], [-7.7435, 41.866974], [-7.755441, 41.872573], [-7.767575, 41.868237], [-7.77029, 41.864646], [-7.769503, 41.855631], [-7.767846, 41.85409], [-7.75587, 41.850434], [-7.746592, 41.85373], [-7.746881, 41.855776], [-7.74266, 41.857337]]], [[[-8.323269, 41.763976], [-8.325105, 41.752157], [-8.32224, 41.743134], [-8.315269, 41.734085], [-8.299321, 41.725271], [-8.287317, 41.723495], [-8.275273, 41.725369], [-8.259011, 41.733736], [-8.250266, 41.742686], [-8.24476, 41.751657], [-8.243453, 41.760656], [-8.246536, 41.769683], [-8.253347, 41.776565], [-8.257551, 41.773564], [-8.261762, 41.774235], [-8.271366, 41.766346], [-8.274372, 41.766342], [-8.27819, 41.764087], [-8.271148, 41.760835], [-8.265615, 41.751793], [-8.268519, 41.742804], [-8.275134, 41.737769], [-8.287188, 41.735165], [-8.299165, 41.739553], [-8.303081, 41.743019], [-8.305338, 41.75204], [-8.301202, 41.758834], [-8.305674, 41.758152], [-8.311096, 41.762195], [-8.318308, 41.761283], [-8.323269, 41.763976]]], [[[-7.87767, 41.773908], [-7.889459, 41.766786], [-7.894147, 41.757824], [-7.895763, 41.748833], [-7.902902, 41.739895], [-7.915992, 41.731012], [-7.923985, 41.72208], [-7.926742, 41.713099], [-7.925534, 41.704081], [-7.915166, 41.690768], [-7.903241, 41.685345], [-7.891256, 41.68357], [-7.879189, 41.686604], [-7.871581, 41.694557], [-7.866716, 41.712635], [-7.854505, 41.723329], [-7.842406, 41.727595], [-7.830226, 41.736245], [-7.825083, 41.748132], [-7.826033, 41.757149], [-7.831791, 41.766214], [-7.841605, 41.772187], [-7.853568, 41.776023], [-7.865593, 41.776445], [-7.87767, 41.773908]], [[-7.865631, 41.77428], [-7.853616, 41.773327], [-7.839004, 41.766287], [-7.833959, 41.757229], [-7.835387, 41.748237], [-7.844767, 41.739325], [-7.866882, 41.730538], [-7.873204, 41.712587], [-7.8789, 41.703231], [-7.891055, 41.695304], [-7.903069, 41.695508], [-7.916637, 41.703997], [-7.920425, 41.71304], [-7.918208, 41.722026], [-7.9024, 41.734796], [-7.889322, 41.739764], [-7.88879, 41.757773], [-7.884575, 41.766739], [-7.877723, 41.770879], [-7.865631, 41.77428]]], [[[-8.200596, 41.760365], [-8.201984, 41.751368], [-8.199221, 41.742342], [-8.191231, 41.733279], [-8.177033, 41.724171], [-8.168388, 41.715102], [-8.159247, 41.688014], [-8.159797, 41.670004], [-8.177394, 41.634103], [-8.178826, 41.625106], [-8.177656, 41.616091], [-8.172578, 41.607047], [-8.156722, 41.596828], [-8.131709, 41.588731], [-8.108899, 41.584172], [-8.084927, 41.582664], [-8.072908, 41.584224], [-8.061759, 41.588182], [-8.051571, 41.597105], [-8.04904, 41.606092], [-8.050442, 41.61511], [-8.055231, 41.624157], [-8.069351, 41.642286], [-8.069794, 41.651297], [-8.0544, 41.678193], [-8.032125, 41.696021], [-8.030959, 41.705018], [-8.037879, 41.714083], [-8.046906, 41.720672], [-8.083019, 41.732466], [-8.100747, 41.741613], [-8.14244, 41.768975], [-8.154406, 41.7739], [-8.166413, 41.775834], [-8.178456, 41.775052], [-8.192383, 41.769315], [-8.200596, 41.760365]], [[-8.166751, 41.749724], [-8.160458, 41.742065], [-8.166908, 41.737575], [-8.179085, 41.7422], [-8.166751, 41.749724]], [[-8.130963, 41.727916], [-8.118303, 41.723736], [-8.107082, 41.715881], [-8.058927, 41.720715], [-8.046951, 41.717566], [-8.035118, 41.705053], [-8.037961, 41.69607], [-8.051684, 41.687177], [-8.059542, 41.678529], [-8.071841, 41.658673], [-8.080152, 41.65138], [-8.082869, 41.642395], [-8.064259, 41.624231], [-8.060388, 41.615192], [-8.061329, 41.606193], [-8.069138, 41.597249], [-8.084799, 41.591757], [-8.096794, 41.591973], [-8.113896, 41.597603], [-8.124148, 41.606688], [-8.127539, 41.615721], [-8.125274, 41.624711], [-8.11898, 41.63367], [-8.118453, 41.642673], [-8.133325, 41.660801], [-8.136622, 41.669833], [-8.137023, 41.678843], [-8.134761, 41.687833], [-8.143439, 41.69385], [-8.152809, 41.705981], [-8.1533, 41.714992], [-8.143007, 41.726389], [-8.130963, 41.727916]]], [[[-8.13028, 41.696806], [-8.119438, 41.691362], [-8.110293, 41.696653], [-8.108503, 41.705646], [-8.119203, 41.708603], [-8.13028, 41.696806]]], [[[-8.535704, 41.573058], [-8.528926, 41.565281], [-8.516952, 41.562706], [-8.504906, 41.569644], [-8.502509, 41.572919], [-8.503402, 41.58193], [-8.516753, 41.589363], [-8.528768, 41.586945], [-8.534206, 41.582059], [-8.535704, 41.573058]]], [[[-8.348898, 41.577926], [-8.360947, 41.572511], [-8.37443, 41.563287], [-8.385129, 41.552184], [-8.407576, 41.518425], [-8.410062, 41.509431], [-8.402669, 41.48237], [-8.403788, 41.473369], [-8.409959, 41.458923], [-8.418252, 41.446421], [-8.419589, 41.43742], [-8.417278, 41.428401], [-8.410371, 41.419358], [-8.398416, 41.412253], [-8.374525, 41.408102], [-8.326692, 41.405747], [-8.314701, 41.408367], [-8.302687, 41.41298], [-8.254524, 41.439351], [-8.204506, 41.463156], [-8.191374, 41.472072], [-8.184767, 41.481032], [-8.184527, 41.499045], [-8.193534, 41.531363], [-8.205207, 41.556968], [-8.217027, 41.571254], [-8.22893, 41.57889], [-8.252841, 41.585933], [-8.288806, 41.588324], [-8.32484, 41.584365], [-8.348898, 41.577926]], [[-8.337013, 41.567082], [-8.312999, 41.569666], [-8.289029, 41.568006], [-8.267475, 41.562655], [-8.253172, 41.557185], [-8.229352, 41.543399], [-8.217491, 41.532785], [-8.20796, 41.517224], [-8.205764, 41.508201], [-8.206058, 41.499196], [-8.208825, 41.490208], [-8.214088, 41.481237], [-8.222101, 41.472284], [-8.244546, 41.454418], [-8.272503, 41.436584], [-8.302601, 41.420993], [-8.326599, 41.414756], [-8.338569, 41.414303], [-8.362481, 41.416314], [-8.386359, 41.422034], [-8.398254, 41.429754], [-8.403888, 41.43734], [-8.405883, 41.446357], [-8.399484, 41.473346], [-8.398834, 41.48235], [-8.403742, 41.509398], [-8.400555, 41.518389], [-8.385249, 41.539564], [-8.37315, 41.551033], [-8.361083, 41.558767], [-8.337013, 41.567082]]], [[[-8.503319, 41.509871], [-8.497043, 41.500837], [-8.493468, 41.498412], [-8.481506, 41.496009], [-8.46992, 41.500715], [-8.465243, 41.509701], [-8.471691, 41.518738], [-8.48129, 41.523013], [-8.493278, 41.522752], [-8.500394, 41.518866], [-8.503319, 41.509871]], [[-8.475618, 41.509748], [-8.481434, 41.505024], [-8.492771, 41.509825], [-8.481329, 41.518206], [-8.475618, 41.509748]]], [[[-8.146155, 41.488084], [-8.154421, 41.480813], [-8.154494, 41.471807], [-8.146597, 41.462741], [-8.134605, 41.45583], [-8.122673, 41.452714], [-8.110703, 41.452552], [-8.098686, 41.455814], [-8.089933, 41.462306], [-8.085382, 41.471278], [-8.086752, 41.480296], [-8.094033, 41.489361], [-8.110118, 41.495336], [-8.122085, 41.496337], [-8.134097, 41.494006], [-8.146155, 41.488084]], [[-8.110181, 41.490734], [-8.106665, 41.48946], [-8.09923, 41.480394], [-8.103596, 41.471421], [-8.110502, 41.467301], [-8.122476, 41.467353], [-8.129992, 41.471624], [-8.134443, 41.480665], [-8.127072, 41.489616], [-8.122156, 41.491095], [-8.110181, 41.490734]]], [[[-8.745037, 41.303487], [-8.747034, 41.294483], [-8.745876, 41.291692], [-8.742952, 41.285467], [-8.733985, 41.278992], [-8.722059, 41.27553], [-8.710116, 41.276098], [-8.69815, 41.281635], [-8.694129, 41.285347], [-8.690808, 41.294346], [-8.693526, 41.303361], [-8.698028, 41.308133], [-8.709946, 41.314515], [-8.721888, 41.31569], [-8.733846, 41.313051], [-8.745037, 41.303487]], [[-8.710005, 41.301232], [-8.707014, 41.294388], [-8.710051, 41.290791], [-8.721995, 41.290427], [-8.725982, 41.294435], [-8.721945, 41.302268], [-8.710005, 41.301232]]], [[[-8.525332, 41.201709], [-8.517494, 41.21268], [-8.516642, 41.221684], [-8.519901, 41.230706], [-8.531258, 41.241522], [-8.543159, 41.24632], [-8.555084, 41.24779], [-8.567029, 41.246207], [-8.578998, 41.240913], [-8.587679, 41.230968], [-8.590211, 41.221969], [-8.588377, 41.212955], [-8.582404, 41.203926], [-8.577177, 41.199593], [-8.57423, 41.20462], [-8.568566, 41.204416], [-8.565895, 41.206227], [-8.567697, 41.208246], [-8.566512, 41.209376], [-8.559636, 41.206251], [-8.554271, 41.20627], [-8.549521, 41.209214], [-8.544157, 41.209458], [-8.54238, 41.211265], [-8.533747, 41.213097], [-8.529858, 41.210859], [-8.530444, 41.209056], [-8.525332, 41.201709]], [[-8.555188, 41.232415], [-8.550593, 41.23083], [-8.542144, 41.221788], [-8.546778, 41.212799], [-8.555344, 41.209333], [-8.56726, 41.211282], [-8.572881, 41.221907], [-8.56713, 41.230918], [-8.555188, 41.232415]]], [[[-8.576888, 41.199432], [-8.576888, 41.199432], [-8.576878, 41.199427], [-8.576888, 41.199432]]]]}}, {"id": "14", "type": "Feature", "properties": {"fill": "#a3a3a3", "value_min": 0.67, "value_max": 1.0}, "geometry": {"type": "MultiPolygon", "coordinates": [[[[-8.002997, 41.850494], [-8.001831, 41.839872], [-7.99645, 41.830818], [-7.985219, 41.820724], [-7.973279, 41.814462], [-7.965249, 41.812528], [-7.953653, 41.803416], [-7.959884, 41.794466], [-7.955536, 41.78542], [-7.949708, 41.783329], [-7.937672, 41.783438], [-7.93321, 41.785214], [-7.930867, 41.794199], [-7.937361, 41.802314], [-7.942571, 41.803315], [-7.946911, 41.812361], [-7.937139, 41.815745], [-7.924889, 41.828257], [-7.919196, 41.839124], [-7.917751, 41.848117], [-7.919301, 41.857139], [-7.924254, 41.866185], [-7.934981, 41.875032], [-7.937389, 41.87516], [-7.941618, 41.870891], [-7.94598, 41.871348], [-7.936277, 41.86781], [-7.925122, 41.857193], [-7.921866, 41.848156], [-7.922582, 41.839156], [-7.927393, 41.830194], [-7.937039, 41.821758], [-7.949164, 41.816624], [-7.961199, 41.816966], [-7.973817, 41.821612], [-7.985881, 41.830725], [-7.991189, 41.839779], [-7.991696, 41.84879], [-7.98796, 41.857764], [-7.978104, 41.866684], [-7.972394, 41.869784], [-7.960297, 41.872682], [-7.954863, 41.872454], [-7.956362, 41.875191], [-7.960878, 41.875648], [-7.96299, 41.874075], [-7.972322, 41.875439], [-7.985584, 41.87028], [-7.9886, 41.868258], [-7.987701, 41.866456], [-7.98951, 41.865333], [-7.990123, 41.860157], [-7.995547, 41.858138], [-7.994047, 41.855211], [-7.996162, 41.851837], [-8.002997, 41.850494]], [[-7.93747, 41.795716], [-7.937582, 41.788906], [-7.949674, 41.785391], [-7.952324, 41.794397], [-7.949482, 41.79719], [-7.93747, 41.795716]]], [[[-7.865631, 41.77428], [-7.877723, 41.770879], [-7.884575, 41.766739], [-7.88879, 41.757773], [-7.889322, 41.739764], [-7.9024, 41.734796], [-7.918208, 41.722026], [-7.920425, 41.71304], [-7.916637, 41.703997], [-7.903069, 41.695508], [-7.891055, 41.695304], [-7.8789, 41.703231], [-7.873204, 41.712587], [-7.866882, 41.730538], [-7.844767, 41.739325], [-7.835387, 41.748237], [-7.833959, 41.757229], [-7.839004, 41.766287], [-7.853616, 41.773327], [-7.865631, 41.77428]], [[-7.865674, 41.771841], [-7.853668, 41.770438], [-7.845449, 41.766352], [-7.840697, 41.757298], [-7.844323, 41.748327], [-7.854174, 41.741969], [-7.866227, 41.74047], [-7.878187, 41.744198], [-7.884314, 41.757729], [-7.879692, 41.766691], [-7.865674, 41.771841]], [[-7.889313, 41.730757], [-7.878569, 41.722251], [-7.879664, 41.71265], [-7.890934, 41.702346], [-7.902952, 41.70236], [-7.914026, 41.71298], [-7.912158, 41.721969], [-7.902492, 41.729409], [-7.889313, 41.730757]]], [[[-8.301202, 41.758834], [-8.305338, 41.75204], [-8.303081, 41.743019], [-8.299165, 41.739553], [-8.287188, 41.735165], [-8.275134, 41.737769], [-8.268519, 41.742804], [-8.265615, 41.751793], [-8.271148, 41.760835], [-8.27819, 41.764087], [-8.280681, 41.764083], [-8.284038, 41.761109], [-8.284931, 41.757507], [-8.287033, 41.756829], [-8.298457, 41.757263], [-8.301202, 41.758834]]], [[[-8.166751, 41.749724], [-8.179085, 41.7422], [-8.166908, 41.737575], [-8.160458, 41.742065], [-8.166751, 41.749724]]], [[[-8.130963, 41.727916], [-8.143007, 41.726389], [-8.1533, 41.714992], [-8.152809, 41.705981], [-8.143439, 41.69385], [-8.134761, 41.687833], [-8.137023, 41.678843], [-8.136622, 41.669833], [-8.133325, 41.660801], [-8.118453, 41.642673], [-8.11898, 41.63367], [-8.125274, 41.624711], [-8.127539, 41.615721], [-8.124148, 41.606688], [-8.113896, 41.597603], [-8.096794, 41.591973], [-8.084799, 41.591757], [-8.069138, 41.597249], [-8.061329, 41.606193], [-8.060388, 41.615192], [-8.064259, 41.624231], [-8.082869, 41.642395], [-8.080152, 41.65138], [-8.071841, 41.658673], [-8.059542, 41.678529], [-8.051684, 41.687177], [-8.037961, 41.69607], [-8.035118, 41.705053], [-8.046951, 41.717566], [-8.058927, 41.720715], [-8.107082, 41.715881], [-8.118303, 41.723736], [-8.130963, 41.727916]], [[-8.046997, 41.71446], [-8.039562, 41.70509], [-8.044034, 41.696121], [-8.061659, 41.687259], [-8.064368, 41.678274], [-8.071741, 41.665651], [-8.083882, 41.656556], [-8.095921, 41.654485], [-8.107882, 41.658065], [-8.119346, 41.669701], [-8.119252, 41.678708], [-8.112158, 41.68766], [-8.095281, 41.700193], [-8.079474, 41.705417], [-8.066619, 41.71432], [-8.05899, 41.716429], [-8.046997, 41.71446]], [[-8.13028, 41.696806], [-8.119203, 41.708603], [-8.108503, 41.705646], [-8.110293, 41.696653], [-8.119438, 41.691362], [-8.13028, 41.696806]], [[-8.084246, 41.630835], [-8.072361, 41.622483], [-8.069121, 41.615263], [-8.072522, 41.606283], [-8.08468, 41.600152], [-8.096671, 41.600781], [-8.106466, 41.606552], [-8.110152, 41.615588], [-8.105476, 41.624559], [-8.096251, 41.630876], [-8.084246, 41.630835]]], [[[-8.337013, 41.567082], [-8.361083, 41.558767], [-8.37315, 41.551033], [-8.385249, 41.539564], [-8.400555, 41.518389], [-8.403742, 41.509398], [-8.398834, 41.48235], [-8.399484, 41.473346], [-8.405883, 41.446357], [-8.403888, 41.43734], [-8.398254, 41.429754], [-8.386359, 41.422034], [-8.362481, 41.416314], [-8.338569, 41.414303], [-8.326599, 41.414756], [-8.302601, 41.420993], [-8.272503, 41.436584], [-8.244546, 41.454418], [-8.222101, 41.472284], [-8.214088, 41.481237], [-8.208825, 41.490208], [-8.206058, 41.499196], [-8.205764, 41.508201], [-8.20796, 41.517224], [-8.217491, 41.532785], [-8.229352, 41.543399], [-8.253172, 41.557185], [-8.267475, 41.562655], [-8.289029, 41.568006], [-8.312999, 41.569666], [-8.337013, 41.567082]], [[-8.325117, 41.557764], [-8.301155, 41.555741], [-8.289199, 41.552509], [-8.271687, 41.544667], [-8.237131, 41.517421], [-8.230242, 41.508368], [-8.244673, 41.472434], [-8.259312, 41.454514], [-8.270527, 41.445579], [-8.2905, 41.43335], [-8.314538, 41.423876], [-8.326527, 41.421781], [-8.350459, 41.421946], [-8.362409, 41.423706], [-8.377022, 41.42819], [-8.390905, 41.437271], [-8.39625, 41.446307], [-8.39765, 41.509366], [-8.394431, 41.518357], [-8.388046, 41.527331], [-8.37324, 41.541719], [-8.361178, 41.5491], [-8.349143, 41.553591], [-8.325117, 41.557764]]], [[[-8.475618, 41.509748], [-8.481329, 41.518206], [-8.492771, 41.509825], [-8.481434, 41.505024], [-8.475618, 41.509748]]], [[[-8.110181, 41.490734], [-8.122156, 41.491095], [-8.127072, 41.489616], [-8.134443, 41.480665], [-8.129992, 41.471624], [-8.122476, 41.467353], [-8.110502, 41.467301], [-8.103596, 41.471421], [-8.09923, 41.480394], [-8.106665, 41.48946], [-8.110181, 41.490734]]], [[[-8.710005, 41.301232], [-8.721945, 41.302268], [-8.725982, 41.294435], [-8.721995, 41.290427], [-8.710051, 41.290791], [-8.707014, 41.294388], [-8.710005, 41.301232]]], [[[-8.555188, 41.232415], [-8.56713, 41.230918], [-8.572881, 41.221907], [-8.56726, 41.211282], [-8.555344, 41.209333], [-8.546778, 41.212799], [-8.542144, 41.221788], [-8.550593, 41.23083], [-8.555188, 41.232415]]]]}}, {"id": "12", "type": "Feature", "properties": {"fill": "#a3a3a3", "value_min": 0.0, "value_max": 0.33}, "geometry": {"type": "MultiPolygon", "coordinates": [[[[-8.041353, 41.826679], [-7.98557, 41.7985], [-7.969836, 41.785549], [-7.961757, 41.782351], [-7.949774, 41.77925], [-7.937743, 41.779161], [-7.925648, 41.782875], [-7.921991, 41.78511], [-7.920698, 41.794104], [-7.926276, 41.81217], [-7.909235, 41.848037], [-7.907805, 41.869255], [-7.910299, 41.871285], [-7.910285, 41.875562], [-7.91479, 41.879171], [-7.923079, 41.878061], [-7.915869, 41.866113], [-7.913637, 41.848078], [-7.920288, 41.830128], [-7.93377, 41.81224], [-7.930907, 41.803207], [-7.925439, 41.794149], [-7.927994, 41.785166], [-7.937708, 41.781299], [-7.949741, 41.781289], [-7.961401, 41.785473], [-7.968704, 41.794545], [-7.973098, 41.803592], [-8.0032, 41.82187], [-8.012757, 41.831437], [-8.013965, 41.828899], [-8.017873, 41.831379], [-8.02901, 41.829589], [-8.037134, 41.831171], [-8.041353, 41.826679]]], [[[-8.01286, 41.831599], [-8.01286, 41.831599], [-8.013057, 41.831907], [-8.01286, 41.831599]]], [[[-7.758484, 41.890925], [-7.767172, 41.8892], [-7.779377, 41.881224], [-7.784368, 41.873803], [-7.786376, 41.864817], [-7.784294, 41.855789], [-7.776409, 41.846698], [-7.768072, 41.842309], [-7.756067, 41.840276], [-7.746364, 41.841557], [-7.746349, 41.84407], [-7.750541, 41.847685], [-7.750532, 41.849261], [-7.743309, 41.849012], [-7.746592, 41.85373], [-7.75587, 41.850434], [-7.767846, 41.85409], [-7.769503, 41.855631], [-7.77029, 41.864646], [-7.767575, 41.868237], [-7.755441, 41.872573], [-7.7435, 41.866974], [-7.741573, 41.864335], [-7.74266, 41.857337], [-7.736611, 41.861368], [-7.734159, 41.868337], [-7.730228, 41.871024], [-7.729293, 41.875972], [-7.723741, 41.878429], [-7.731072, 41.886114], [-7.741449, 41.890193], [-7.741573, 41.887043], [-7.745495, 41.885931], [-7.750001, 41.887971], [-7.756022, 41.888441], [-7.758484, 41.890925]]], [[[-8.352547, 41.752188], [-8.352266, 41.75177], [-8.351338, 41.750388], [-8.350757, 41.749522], [-8.350734, 41.749488], [-8.350606, 41.749297], [-8.350432, 41.749038], [-8.339679, 41.734228], [-8.32958, 41.725163], [-8.311464, 41.714026], [-8.299488, 41.70985], [-8.287479, 41.70886], [-8.275433, 41.711205], [-8.239128, 41.73181], [-8.227056, 41.735805], [-8.215048, 41.734421], [-8.20308, 41.729846], [-8.180896, 41.715192], [-8.174281, 41.706137], [-8.170547, 41.688097], [-8.172281, 41.679102], [-8.179835, 41.666673], [-8.191989, 41.655308], [-8.216178, 41.64142], [-8.276425, 41.622658], [-8.360746, 41.592966], [-8.372798, 41.587405], [-8.38489, 41.577442], [-8.404089, 41.536422], [-8.416542, 41.518471], [-8.420382, 41.509483], [-8.416628, 41.500457], [-8.408737, 41.491409], [-8.406503, 41.48239], [-8.408092, 41.473391], [-8.409862, 41.469623], [-8.421937, 41.458363], [-8.428683, 41.45548], [-8.438651, 41.446522], [-8.441725, 41.437529], [-8.439328, 41.419503], [-8.434344, 41.408454], [-8.428988, 41.401437], [-8.4225, 41.394946], [-8.410589, 41.389252], [-8.398633, 41.388674], [-8.384096, 41.392198], [-8.362694, 41.394466], [-8.326834, 41.392055], [-8.314833, 41.395753], [-8.279163, 41.418611], [-8.254608, 41.432031], [-8.23056, 41.441371], [-8.206547, 41.447272], [-8.182572, 41.449828], [-8.170617, 41.448526], [-8.134851, 41.437304], [-8.110974, 41.432744], [-8.099008, 41.432529], [-8.087016, 41.434176], [-8.074986, 41.438429], [-8.06689, 41.443828], [-8.069999, 41.447206], [-8.068788, 41.462286], [-8.073872, 41.46499], [-8.074468, 41.468141], [-8.074164, 41.473543], [-8.068057, 41.480293], [-8.079783, 41.489248], [-8.104834, 41.498453], [-8.122028, 41.500584], [-8.145989, 41.500651], [-8.157939, 41.5031], [-8.164359, 41.507908], [-8.169756, 41.516025], [-8.174774, 41.535005], [-8.17453, 41.544011], [-8.169227, 41.557367], [-8.165559, 41.56196], [-8.157102, 41.567595], [-8.148193, 41.57084], [-8.121029, 41.574409], [-8.068081, 41.573374], [-8.056684, 41.579549], [-8.052181, 41.584498], [-8.052777, 41.587649], [-8.048277, 41.590122], [-8.047974, 41.592373], [-8.031303, 41.602938], [-8.038227, 41.615009], [-8.060674, 41.642216], [-8.063189, 41.651243], [-8.056389, 41.669202], [-8.049119, 41.678149], [-8.035379, 41.687531], [-8.026481, 41.695973], [-8.0268, 41.704983], [-8.03379, 41.714049], [-8.046857, 41.723969], [-8.062221, 41.732299], [-8.073519, 41.741397], [-8.081117, 41.750465], [-8.091898, 41.768565], [-8.109405, 41.811401], [-8.117188, 41.812302], [-8.123807, 41.808702], [-8.138247, 41.808477], [-8.139751, 41.813203], [-8.14276, 41.812978], [-8.145769, 41.815453], [-8.149078, 41.814777], [-8.153893, 41.817928], [-8.161415, 41.818376], [-8.165326, 41.81815], [-8.173744, 41.808019], [-8.177054, 41.808017], [-8.182773, 41.812516], [-8.190291, 41.809587], [-8.197158, 41.814129], [-8.201063, 41.808724], [-8.204973, 41.807372], [-8.205872, 41.804445], [-8.213692, 41.803765], [-8.217598, 41.80016], [-8.217589, 41.793634], [-8.224207, 41.794303], [-8.229917, 41.791598], [-8.240744, 41.791588], [-8.24074, 41.789338], [-8.244347, 41.787984], [-8.245546, 41.785731], [-8.251257, 41.784375], [-8.251845, 41.777172], [-8.253347, 41.776565], [-8.246536, 41.769683], [-8.243453, 41.760656], [-8.24476, 41.751657], [-8.250266, 41.742686], [-8.259011, 41.733736], [-8.275273, 41.725369], [-8.287317, 41.723495], [-8.299321, 41.725271], [-8.315269, 41.734085], [-8.32224, 41.743134], [-8.325105, 41.752157], [-8.323269, 41.763976], [-8.326436, 41.765096], [-8.328234, 41.763292], [-8.336653, 41.763728], [-8.341756, 41.761468], [-8.344765, 41.762363], [-8.349267, 41.760103], [-8.352547, 41.752188]], [[-8.200596, 41.760365], [-8.192383, 41.769315], [-8.178456, 41.775052], [-8.166413, 41.775834], [-8.154406, 41.7739], [-8.14244, 41.768975], [-8.100747, 41.741613], [-8.083019, 41.732466], [-8.046906, 41.720672], [-8.037879, 41.714083], [-8.030959, 41.705018], [-8.032125, 41.696021], [-8.0544, 41.678193], [-8.069794, 41.651297], [-8.069351, 41.642286], [-8.055231, 41.624157], [-8.050442, 41.61511], [-8.04904, 41.606092], [-8.051571, 41.597105], [-8.061759, 41.588182], [-8.072908, 41.584224], [-8.084927, 41.582664], [-8.108899, 41.584172], [-8.131709, 41.588731], [-8.156722, 41.596828], [-8.172578, 41.607047], [-8.177656, 41.616091], [-8.178826, 41.625106], [-8.177394, 41.634103], [-8.159797, 41.670004], [-8.159247, 41.688014], [-8.168388, 41.715102], [-8.177033, 41.724171], [-8.191231, 41.733279], [-8.199221, 41.742342], [-8.201984, 41.751368], [-8.200596, 41.760365]], [[-8.348898, 41.577926], [-8.32484, 41.584365], [-8.288806, 41.588324], [-8.252841, 41.585933], [-8.22893, 41.57889], [-8.217027, 41.571254], [-8.205207, 41.556968], [-8.193534, 41.531363], [-8.184527, 41.499045], [-8.184767, 41.481032], [-8.191374, 41.472072], [-8.204506, 41.463156], [-8.254524, 41.439351], [-8.302687, 41.41298], [-8.314701, 41.408367], [-8.326692, 41.405747], [-8.374525, 41.408102], [-8.398416, 41.412253], [-8.410371, 41.419358], [-8.417278, 41.428401], [-8.419589, 41.43742], [-8.418252, 41.446421], [-8.409959, 41.458923], [-8.403788, 41.473369], [-8.402669, 41.48237], [-8.410062, 41.509431], [-8.407576, 41.518425], [-8.385129, 41.552184], [-8.37443, 41.563287], [-8.360947, 41.572511], [-8.348898, 41.577926]], [[-8.146155, 41.488084], [-8.134097, 41.494006], [-8.122085, 41.496337], [-8.110118, 41.495336], [-8.094033, 41.489361], [-8.086752, 41.480296], [-8.085382, 41.471278], [-8.089933, 41.462306], [-8.098686, 41.455814], [-8.110703, 41.452552], [-8.122673, 41.452714], [-8.134605, 41.45583], [-8.146597, 41.462741], [-8.154494, 41.471807], [-8.154421, 41.480813], [-8.146155, 41.488084]]], [[[-7.806903, 41.715515], [-7.811886, 41.747996], [-7.815697, 41.757043], [-7.822226, 41.766116], [-7.838152, 41.775285], [-7.85353, 41.77819], [-7.86556, 41.778306], [-7.877623, 41.776588], [-7.889743, 41.771516], [-7.896076, 41.76685], [-7.903033, 41.748903], [-7.93061, 41.722142], [-7.934581, 41.713172], [-7.935237, 41.704171], [-7.933108, 41.695144], [-7.927282, 41.684782], [-7.91547, 41.672657], [-7.899606, 41.663366], [-7.900198, 41.665547], [-7.898396, 41.665769], [-7.896885, 41.668692], [-7.883969, 41.67069], [-7.879755, 41.673607], [-7.877044, 41.676077], [-7.876723, 41.681253], [-7.873401, 41.686198], [-7.868896, 41.686413], [-7.868008, 41.68326], [-7.864403, 41.683701], [-7.864096, 41.685276], [-7.858987, 41.68639], [-7.857773, 41.689538], [-7.854776, 41.68818], [-7.847538, 41.695365], [-7.837309, 41.699391], [-7.835792, 41.702763], [-7.839682, 41.705924], [-7.838465, 41.709522], [-7.832453, 41.710407], [-7.825252, 41.708813], [-7.818621, 41.713522], [-7.815291, 41.718689], [-7.808986, 41.717996], [-7.806903, 41.715515]], [[-7.87767, 41.773908], [-7.865593, 41.776445], [-7.853568, 41.776023], [-7.841605, 41.772187], [-7.831791, 41.766214], [-7.826033, 41.757149], [-7.825083, 41.748132], [-7.830226, 41.736245], [-7.842406, 41.727595], [-7.854505, 41.723329], [-7.866716, 41.712635], [-7.871581, 41.694557], [-7.879189, 41.686604], [-7.891256, 41.68357], [-7.903241, 41.685345], [-7.915166, 41.690768], [-7.925534, 41.704081], [-7.926742, 41.713099], [-7.923985, 41.72208], [-7.915992, 41.731012], [-7.902902, 41.739895], [-7.895763, 41.748833], [-7.894147, 41.757824], [-7.889459, 41.766786], [-7.87767, 41.773908]]], [[[-8.462889, 41.626785], [-8.457722, 41.617753], [-8.44455, 41.614562], [-8.436575, 41.617651], [-8.432483, 41.621907], [-8.430984, 41.626631], [-8.439869, 41.635682], [-8.444353, 41.63749], [-8.456462, 41.635762], [-8.462889, 41.626785]]], [[[-8.549032, 41.591126], [-8.551994, 41.58213], [-8.551059, 41.573119], [-8.545986, 41.564092], [-8.540962, 41.559279], [-8.529015, 41.552996], [-8.517031, 41.552031], [-8.505001, 41.55711], [-8.497546, 41.56389], [-8.491098, 41.572869], [-8.488728, 41.581866], [-8.490393, 41.590881], [-8.498083, 41.599922], [-8.504642, 41.604212], [-8.516623, 41.606753], [-8.528632, 41.60576], [-8.540672, 41.600136], [-8.549032, 41.591126]], [[-8.535704, 41.573058], [-8.534206, 41.582059], [-8.528768, 41.586945], [-8.516753, 41.589363], [-8.503402, 41.58193], [-8.502509, 41.572919], [-8.504906, 41.569644], [-8.516952, 41.562706], [-8.528926, 41.565281], [-8.535704, 41.573058]]], [[[-8.50523, 41.527064], [-8.513399, 41.518922], [-8.514147, 41.509918], [-8.509658, 41.500891], [-8.493539, 41.489277], [-8.481583, 41.486343], [-8.469588, 41.488336], [-8.456396, 41.500652], [-8.456145, 41.509658], [-8.463886, 41.518702], [-8.481255, 41.527386], [-8.493224, 41.529638], [-8.50523, 41.527064]], [[-8.503319, 41.509871], [-8.500394, 41.518866], [-8.493278, 41.522752], [-8.48129, 41.523013], [-8.471691, 41.518738], [-8.465243, 41.509701], [-8.46992, 41.500715], [-8.481506, 41.496009], [-8.493468, 41.498412], [-8.497043, 41.500837], [-8.503319, 41.509871]]], [[[-8.745761, 41.321284], [-8.759161, 41.312525], [-8.765028, 41.303529], [-8.76621, 41.294524], [-8.763364, 41.28551], [-8.755109, 41.276485], [-8.745955, 41.271422], [-8.734031, 41.267523], [-8.722098, 41.266324], [-8.710155, 41.267129], [-8.698201, 41.270458], [-8.687557, 41.276322], [-8.680435, 41.28531], [-8.679142, 41.294314], [-8.682166, 41.30333], [-8.690018, 41.312359], [-8.697983, 41.317887], [-8.709908, 41.322912], [-8.721849, 41.324934], [-8.7338, 41.32447], [-8.745761, 41.321284]], [[-8.745037, 41.303487], [-8.733846, 41.313051], [-8.721888, 41.31569], [-8.709946, 41.314515], [-8.698028, 41.308133], [-8.693526, 41.303361], [-8.690808, 41.294346], [-8.694129, 41.285347], [-8.69815, 41.281635], [-8.710116, 41.276098], [-8.722059, 41.27553], [-8.733985, 41.278992], [-8.742952, 41.285467], [-8.745876, 41.291692], [-8.747034, 41.294483], [-8.745037, 41.303487]]], [[[-8.490332, 41.232458], [-8.495317, 41.239608], [-8.505355, 41.24866], [-8.519219, 41.255816], [-8.531131, 41.259391], [-8.554994, 41.261041], [-8.566944, 41.259181], [-8.578907, 41.255186], [-8.590891, 41.247505], [-8.597193, 41.24001], [-8.601017, 41.231015], [-8.601907, 41.222011], [-8.596427, 41.203976], [-8.591212, 41.195951], [-8.579928, 41.18569], [-8.581296, 41.191762], [-8.575958, 41.195609], [-8.576878, 41.199427], [-8.576888, 41.199432], [-8.577177, 41.199593], [-8.582404, 41.203926], [-8.588377, 41.212955], [-8.590211, 41.221969], [-8.587679, 41.230968], [-8.578998, 41.240913], [-8.567029, 41.246207], [-8.555084, 41.24779], [-8.543159, 41.24632], [-8.531258, 41.241522], [-8.519901, 41.230706], [-8.516642, 41.221684], [-8.517494, 41.21268], [-8.525332, 41.201709], [-8.523236, 41.200077], [-8.518471, 41.200543], [-8.51163, 41.203042], [-8.510456, 41.206197], [-8.505693, 41.207113], [-8.504239, 41.213646], [-8.500076, 41.21546], [-8.50308, 41.219502], [-8.502204, 41.222656], [-8.495642, 41.222227], [-8.488803, 41.229902], [-8.490272, 41.232373], [-8.490332, 41.232458]]]]}}, {"id": "9", "type": "Feature", "properties": {"fill": "#a3a3a3", "value_min": -1.0, "value_max": -0.67}, "geometry": {"type": "MultiPolygon", "coordinates": [[[[-7.892795, 41.859097], [-7.910438, 41.830035], [-7.91731, 41.812086], [-7.911301, 41.794016], [-7.90657, 41.784964], [-7.901625, 41.780285], [-7.889599, 41.779861], [-7.853452, 41.782525], [-7.817398, 41.779985], [-7.804557, 41.774941], [-7.777351, 41.747634], [-7.76164, 41.735185], [-7.759597, 41.739005], [-7.75689, 41.739446], [-7.758673, 41.743053], [-7.754881, 41.746642], [-7.770498, 41.756568], [-7.793275, 41.783034], [-7.80521, 41.788374], [-7.877509, 41.783152], [-7.889539, 41.783359], [-7.901502, 41.787496], [-7.911376, 41.803023], [-7.913089, 41.812046], [-7.911689, 41.82104], [-7.90059, 41.840847], [-7.888075, 41.855615], [-7.892795, 41.859097]]], [[[-7.743145, 41.826258], [-7.768395, 41.825511], [-7.780372, 41.828868], [-7.792269, 41.836604], [-7.801777, 41.846966], [-7.820835, 41.873555], [-7.823863, 41.874013], [-7.825059, 41.875817], [-7.830479, 41.875831], [-7.830789, 41.874031], [-7.832894, 41.874712], [-7.83772, 41.872924], [-7.842528, 41.875187], [-7.841654, 41.86879], [-7.827938, 41.861931], [-7.816099, 41.850597], [-7.792531, 41.822659], [-7.780618, 41.815937], [-7.768581, 41.815784], [-7.731449, 41.81995], [-7.732041, 41.821514], [-7.743152, 41.825154], [-7.743145, 41.826258]]], [[[-8.04616, 41.771028], [-8.053461, 41.759247], [-8.054803, 41.750252], [-8.053144, 41.741231], [-8.038224, 41.723093], [-8.01568, 41.704888], [-8.010219, 41.695834], [-8.018148, 41.686896], [-8.035489, 41.680193], [-8.047645, 41.670586], [-8.053404, 41.66017], [-8.053373, 41.651163], [-8.048064, 41.642096], [-8.036201, 41.632402], [-8.024282, 41.626701], [-8.012312, 41.624424], [-8.000309, 41.624312], [-7.988266, 41.626845], [-7.977689, 41.632501], [-7.968923, 41.641429], [-7.965356, 41.650404], [-7.964603, 41.659405], [-7.969693, 41.686471], [-7.966516, 41.69545], [-7.947946, 41.722302], [-7.926387, 41.73854], [-7.915581, 41.749022], [-7.911618, 41.757991], [-7.911486, 41.766997], [-7.913809, 41.771321], [-7.925784, 41.774732], [-7.972331, 41.776564], [-8.009888, 41.782614], [-8.021926, 41.782306], [-8.034007, 41.779132], [-8.04616, 41.771028]], [[-8.034192, 41.766811], [-8.022084, 41.771915], [-8.010032, 41.773266], [-7.986004, 41.770947], [-7.949865, 41.773728], [-7.937839, 41.773365], [-7.925845, 41.771096], [-7.918648, 41.767065], [-7.916728, 41.75804], [-7.920733, 41.74907], [-7.926301, 41.743721], [-7.938461, 41.735587], [-7.948515, 41.731314], [-7.959822, 41.72241], [-7.97499, 41.706998], [-7.987105, 41.700913], [-7.999127, 41.70073], [-8.005462, 41.7048], [-8.011064, 41.706043], [-8.022965, 41.713815], [-8.043218, 41.732142], [-8.046507, 41.741176], [-8.046524, 41.750183], [-8.042507, 41.759157], [-8.034192, 41.766811]], [[-8.035537, 41.676926], [-8.023449, 41.681837], [-8.011403, 41.683886], [-7.999398, 41.683215], [-7.987507, 41.675291], [-7.982478, 41.668571], [-7.980103, 41.659543], [-7.98157, 41.650549], [-7.988228, 41.641601], [-8.000153, 41.634431], [-8.012193, 41.632204], [-8.024182, 41.633281], [-8.036127, 41.637401], [-8.041954, 41.642061], [-8.049019, 41.651127], [-8.049898, 41.660141], [-8.045364, 41.669111], [-8.035537, 41.676926]]], [[[-8.227308, 41.714801], [-8.239334, 41.706587], [-8.244949, 41.697617], [-8.244917, 41.688609], [-8.238558, 41.67956], [-8.227804, 41.67332], [-8.215814, 41.671384], [-8.203783, 41.672847], [-8.191685, 41.679641], [-8.185293, 41.688202], [-8.184257, 41.697202], [-8.1886, 41.706239], [-8.203258, 41.715434], [-8.215255, 41.717404], [-8.227308, 41.714801]], [[-8.234312, 41.697546], [-8.228198, 41.706512], [-8.215323, 41.711821], [-8.203316, 41.710767], [-8.195903, 41.706291], [-8.1896, 41.69724], [-8.191578, 41.688199], [-8.2037, 41.679569], [-8.215728, 41.678496], [-8.227683, 41.683479], [-8.232794, 41.688529], [-8.234312, 41.697546]]], [[[-8.395756, 41.69845], [-8.418626, 41.689619], [-8.431518, 41.680677], [-8.434877, 41.671686], [-8.431385, 41.662662], [-8.4243, 41.653619], [-8.414057, 41.64456], [-8.396379, 41.631832], [-8.384409, 41.628047], [-8.37241, 41.62743], [-8.360387, 41.629254], [-8.346262, 41.635188], [-8.334554, 41.644128], [-8.328003, 41.653097], [-8.325374, 41.662088], [-8.325546, 41.671097], [-8.328651, 41.680122], [-8.335959, 41.689171], [-8.347688, 41.698029], [-8.359654, 41.703265], [-8.371659, 41.704769], [-8.383694, 41.703057], [-8.395756, 41.69845]], [[-8.407892, 41.685636], [-8.395822, 41.69148], [-8.383773, 41.694807], [-8.371751, 41.695309], [-8.359762, 41.692374], [-8.354135, 41.689275], [-8.34389, 41.68021], [-8.339723, 41.671179], [-8.33958, 41.662171], [-8.343345, 41.653185], [-8.348193, 41.648041], [-8.360279, 41.640156], [-8.372316, 41.637187], [-8.38432, 41.637442], [-8.396293, 41.641049], [-8.413213, 41.653563], [-8.419008, 41.6626], [-8.419941, 41.671612], [-8.415356, 41.680596], [-8.407892, 41.685636]]], [[[-8.828655, 41.605439], [-8.827645, 41.581702], [-8.821576, 41.567535], [-8.821417, 41.560283], [-8.818497, 41.554794], [-8.8221, 41.547542], [-8.821965, 41.534907], [-8.815926, 41.525624], [-8.81063, 41.5101], [-8.813279, 41.503483], [-8.812636, 41.496944], [-8.804699, 41.482068], [-8.798552, 41.474753], [-8.80154, 41.446836], [-8.806115, 41.43713], [-8.807354, 41.425915], [-8.811166, 41.417099], [-8.807939, 41.35366], [-8.781495, 41.354758], [-8.757592, 41.352995], [-8.733705, 41.347881], [-8.709836, 41.339194], [-8.685996, 41.325909], [-8.668322, 41.312299], [-8.651858, 41.294235], [-8.640485, 41.276184], [-8.640616, 41.267177], [-8.67457, 41.25827], [-8.710224, 41.251701], [-8.757979, 41.248543], [-8.781846, 41.249613], [-8.803952, 41.252438], [-8.802566, 41.217194], [-8.793677, 41.222514], [-8.77141, 41.23148], [-8.746084, 41.238001], [-8.698313, 41.246147], [-8.674435, 41.247863], [-8.662505, 41.246946], [-8.650592, 41.242768], [-8.638721, 41.231182], [-8.626938, 41.205032], [-8.620816, 41.178996], [-8.613374, 41.177451], [-8.608583, 41.174095], [-8.609164, 41.172066], [-8.605845, 41.166228], [-8.60201, 41.164217], [-8.615057, 41.197165], [-8.63678, 41.267165], [-8.61381, 41.276098], [-8.558118, 41.293913], [-8.535696, 41.302833], [-8.521201, 41.311781], [-8.512105, 41.320751], [-8.506646, 41.329735], [-8.500799, 41.347725], [-8.495844, 41.392742], [-8.487743, 41.437743], [-8.490816, 41.455772], [-8.495741, 41.464801], [-8.503716, 41.473843], [-8.535854, 41.501], [-8.542617, 41.510034], [-8.55619, 41.53711], [-8.588805, 41.579103], [-8.600725, 41.591384], [-8.620755, 41.606885], [-8.621338, 41.604636], [-8.628833, 41.604378], [-8.636302, 41.600744], [-8.639873, 41.597352], [-8.640152, 41.59465], [-8.645536, 41.593051], [-8.646744, 41.594171], [-8.649125, 41.591909], [-8.656622, 41.5921], [-8.660788, 41.588255], [-8.663794, 41.589141], [-8.664678, 41.587316], [-8.64874, 41.587326], [-8.624775, 41.582235], [-8.612806, 41.57766], [-8.600853, 41.570619], [-8.588921, 41.560898], [-8.570299, 41.537163], [-8.560554, 41.510104], [-8.5539, 41.501071], [-8.529505, 41.485344], [-8.515172, 41.473892], [-8.507738, 41.464853], [-8.50353, 41.455828], [-8.501989, 41.446814], [-8.502889, 41.43781], [-8.510334, 41.419827], [-8.525689, 41.392868], [-8.53151, 41.356862], [-8.537301, 41.33887], [-8.551474, 41.320911], [-8.564152, 41.311952], [-8.578587, 41.304948], [-8.602521, 41.297764], [-8.614473, 41.296468], [-8.626412, 41.297329], [-8.638335, 41.301306], [-8.650245, 41.307779], [-8.731882, 41.366511], [-8.741441, 41.37554], [-8.753791, 41.393583], [-8.758503, 41.411608], [-8.758663, 41.420616], [-8.748784, 41.465632], [-8.752201, 41.510677], [-8.74946, 41.528686], [-8.741181, 41.546682], [-8.734213, 41.555674], [-8.724987, 41.564659], [-8.714307, 41.571987], [-8.716422, 41.573805], [-8.720316, 41.57356], [-8.725151, 41.577811], [-8.726633, 41.576003], [-8.734424, 41.575737], [-8.736564, 41.580228], [-8.738354, 41.579318], [-8.740778, 41.582006], [-8.74467, 41.581535], [-8.750711, 41.58623], [-8.75993, 41.578527], [-8.767441, 41.580286], [-8.769874, 41.583874], [-8.768997, 41.58613], [-8.773228, 41.589482], [-8.774165, 41.593303], [-8.78556, 41.593464], [-8.797327, 41.600599], [-8.804218, 41.600109], [-8.80456, 41.604158], [-8.808527, 41.610662], [-8.815585, 41.611054], [-8.828655, 41.605439]]], [[[-8.685636, 41.584066], [-8.685636, 41.584066], [-8.685568, 41.584086], [-8.685636, 41.584066]]], [[[-8.685337, 41.584153], [-8.685337, 41.584153], [-8.684777, 41.584315], [-8.685337, 41.584153]]], [[[-8.684141, 41.584442], [-8.667674, 41.587071], [-8.670979, 41.587982], [-8.683258, 41.586348], [-8.684141, 41.584442]]], [[[-8.468914, 41.570705], [-8.485284, 41.554829], [-8.488267, 41.545835], [-8.481953, 41.536799], [-8.457322, 41.522685], [-8.445356, 41.520423], [-8.433348, 41.523037], [-8.421265, 41.533948], [-8.416183, 41.545491], [-8.41662, 41.554501], [-8.421169, 41.563531], [-8.432916, 41.572407], [-8.444882, 41.575803], [-8.456882, 41.575261], [-8.468914, 41.570705]], [[-8.468981, 41.562606], [-8.456946, 41.567555], [-8.444953, 41.567547], [-8.433002, 41.562579], [-8.425468, 41.554546], [-8.423392, 41.545528], [-8.426223, 41.536535], [-8.43329, 41.529678], [-8.445317, 41.524957], [-8.457291, 41.526383], [-8.47606, 41.536773], [-8.480283, 41.545799], [-8.477411, 41.554793], [-8.468981, 41.562606]]], [[[-8.073495, 41.553173], [-8.085288, 41.557089], [-8.097254, 41.558965], [-8.109245, 41.559051], [-8.121263, 41.557107], [-8.133323, 41.552016], [-8.143035, 41.54378], [-8.147187, 41.534804], [-8.146934, 41.525795], [-8.14186, 41.51675], [-8.133858, 41.511908], [-8.121962, 41.507592], [-8.109982, 41.505265], [-8.088809, 41.503512], [-8.093, 41.504613], [-8.0921, 41.507772], [-8.109942, 41.508239], [-8.121881, 41.511409], [-8.132276, 41.516678], [-8.138646, 41.525733], [-8.138349, 41.534738], [-8.132098, 41.543698], [-8.121356, 41.550234], [-8.109328, 41.553009], [-8.097338, 41.552896], [-8.082787, 41.548622], [-8.079788, 41.551876], [-8.074097, 41.549848], [-8.073495, 41.553173]]], [[[-8.673217, 41.491673], [-8.685211, 41.488784], [-8.695381, 41.483518], [-8.700362, 41.474524], [-8.695741, 41.465504], [-8.68535, 41.460051], [-8.673386, 41.457995], [-8.661402, 41.459983], [-8.653279, 41.465384], [-8.648174, 41.474376], [-8.651896, 41.483395], [-8.66125, 41.489272], [-8.673217, 41.491673]]], [[[-8.433722, 41.480075], [-8.42176, 41.478383], [-8.419603, 41.482457], [-8.421695, 41.485675], [-8.433685, 41.484352], [-8.435344, 41.482536], [-8.433722, 41.480075]]], [[[-8.118753, 41.379244], [-8.126799, 41.390533], [-8.136048, 41.39961], [-8.147661, 41.408704], [-8.170959, 41.421658], [-8.182874, 41.425812], [-8.206761, 41.429708], [-8.218734, 41.429385], [-8.242726, 41.424535], [-8.25475, 41.419635], [-8.271564, 41.409555], [-8.28163, 41.400611], [-8.293345, 41.382669], [-8.2978, 41.364681], [-8.297889, 41.346666], [-8.294132, 41.328628], [-8.28717, 41.314368], [-8.281801, 41.316569], [-8.281808, 41.319721], [-8.278828, 41.321976], [-8.278238, 41.325128], [-8.272266, 41.32536], [-8.269347, 41.327615], [-8.279546, 41.341513], [-8.284967, 41.355594], [-8.286103, 41.373616], [-8.284189, 41.382612], [-8.273268, 41.400559], [-8.262537, 41.409498], [-8.242788, 41.419253], [-8.230783, 41.422475], [-8.206837, 41.423503], [-8.194894, 41.421499], [-8.182977, 41.417549], [-8.1663, 41.408841], [-8.155109, 41.399752], [-8.147692, 41.390689], [-8.14073, 41.377668], [-8.131924, 41.374292], [-8.119672, 41.376768], [-8.118753, 41.379244]]]]}}, {"id": "6", "type": "Feature", "properties": {"fill": "#e79f24", "value_min": -2.0, "value_max": -1.67}, "geometry": {"type": "MultiPolygon", "coordinates": [[[[-7.877415, 41.850061], [-7.888492, 41.843929], [-7.900764, 41.83066], [-7.906183, 41.820987], [-7.907671, 41.811995], [-7.905038, 41.802963], [-7.901329, 41.797595], [-7.889445, 41.788809], [-7.877444, 41.786847], [-7.853345, 41.788522], [-7.834475, 41.793262], [-7.820323, 41.802124], [-7.815523, 41.811081], [-7.815369, 41.820087], [-7.818733, 41.829128], [-7.82832, 41.841023], [-7.840214, 41.849342], [-7.852189, 41.853313], [-7.864229, 41.853712], [-7.870327, 41.852223], [-7.873043, 41.850501], [-7.872757, 41.846728], [-7.864323, 41.848372], [-7.852296, 41.84731], [-7.840332, 41.84281], [-7.826215, 41.829205], [-7.822328, 41.820158], [-7.822618, 41.811154], [-7.828655, 41.802209], [-7.843018, 41.793348], [-7.865378, 41.788633], [-7.877415, 41.788511], [-7.889401, 41.791333], [-7.901253, 41.802042], [-7.904963, 41.811969], [-7.903428, 41.820961], [-7.898137, 41.829917], [-7.888568, 41.839541], [-7.874565, 41.846431], [-7.877415, 41.850061]]], [[[-7.727039, 41.803559], [-7.73268, 41.804729], [-7.744733, 41.803935], [-7.756869, 41.798845], [-7.763438, 41.792519], [-7.765452, 41.783534], [-7.762, 41.77449], [-7.750325, 41.765357], [-7.740223, 41.762349], [-7.740214, 41.763924], [-7.734779, 41.767731], [-7.728449, 41.77041], [-7.726318, 41.774683], [-7.733331, 41.77163], [-7.745338, 41.772934], [-7.75352, 41.783405], [-7.748934, 41.792362], [-7.744913, 41.794712], [-7.73286, 41.795581], [-7.72482, 41.792097], [-7.722919, 41.789121], [-7.722889, 41.793798], [-7.728879, 41.797871], [-7.727039, 41.803559]]], [[[-7.937897, 41.769844], [-7.949919, 41.770403], [-7.961251, 41.767458], [-7.971601, 41.758544], [-7.974297, 41.7506], [-7.99822, 41.759085], [-8.010225, 41.760691], [-8.022289, 41.75844], [-8.034449, 41.749675], [-8.038165, 41.741107], [-8.036117, 41.732083], [-8.022894, 41.718526], [-8.010946, 41.713706], [-7.998942, 41.712601], [-7.986857, 41.716732], [-7.979436, 41.722586], [-7.971062, 41.740525], [-7.96238, 41.743725], [-7.950378, 41.742201], [-7.938314, 41.744513], [-7.931398, 41.74917], [-7.925802, 41.758125], [-7.930497, 41.767175], [-7.937897, 41.769844]], [[-7.950308, 41.746525], [-7.957723, 41.749412], [-7.963397, 41.75847], [-7.955095, 41.767402], [-7.949946, 41.76874], [-7.937926, 41.768085], [-7.935536, 41.767222], [-7.929776, 41.758162], [-7.938251, 41.748334], [-7.950308, 41.746525]], [[-7.980688, 41.731604], [-7.986782, 41.722651], [-7.998887, 41.716188], [-8.010911, 41.716013], [-8.025525, 41.722986], [-8.03312, 41.732057], [-8.034099, 41.741073], [-8.028208, 41.75003], [-8.022354, 41.754138], [-8.010289, 41.756536], [-7.99829, 41.754618], [-7.98893, 41.749691], [-7.980806, 41.740612], [-7.980688, 41.731604]]], [[[-8.203461, 41.698943], [-8.215484, 41.698559], [-8.216703, 41.697427], [-8.215525, 41.695233], [-8.203519, 41.694279], [-8.202026, 41.697326], [-8.203461, 41.698943]]], [[[-8.371883, 41.681697], [-8.383887, 41.682886], [-8.39161, 41.680472], [-8.395944, 41.678361], [-8.402384, 41.671522], [-8.402353, 41.662514], [-8.39616, 41.655315], [-8.384196, 41.650407], [-8.372177, 41.651493], [-8.368415, 41.653326], [-8.35955, 41.662284], [-8.359655, 41.671292], [-8.371883, 41.681697]], [[-8.384133, 41.657081], [-8.393599, 41.662469], [-8.393379, 41.671475], [-8.383948, 41.67644], [-8.371961, 41.67371], [-8.369289, 41.671345], [-8.369209, 41.662337], [-8.372097, 41.659738], [-8.384133, 41.657081]]], [[[-8.023546, 41.675401], [-8.035621, 41.671354], [-8.043634, 41.660089], [-8.04111, 41.651061], [-8.035999, 41.645957], [-8.024051, 41.64197], [-8.012026, 41.643112], [-8.00081, 41.650718], [-7.997874, 41.659699], [-8.002198, 41.668744], [-8.011551, 41.674208], [-8.023546, 41.675401]], [[-8.024001, 41.645306], [-8.035943, 41.649762], [-8.040663, 41.660065], [-8.035668, 41.668204], [-8.023586, 41.672764], [-8.009211, 41.668805], [-8.003657, 41.65975], [-8.007685, 41.650778], [-8.011954, 41.647883], [-8.024001, 41.645306]]], [[[-8.624917, 41.557681], [-8.636908, 41.557847], [-8.647485, 41.555441], [-8.660943, 41.548126], [-8.668842, 41.537489], [-8.66961, 41.528484], [-8.665758, 41.519466], [-8.656095, 41.51043], [-8.649179, 41.50633], [-8.62527, 41.496554], [-8.613293, 41.495958], [-8.601287, 41.500046], [-8.59127, 41.510218], [-8.587849, 41.519213], [-8.587856, 41.52822], [-8.591273, 41.53724], [-8.600992, 41.548082], [-8.612943, 41.554605], [-8.624917, 41.557681]], [[-8.596456, 41.528251], [-8.597374, 41.519247], [-8.604746, 41.510265], [-8.613235, 41.505732], [-8.625223, 41.504732], [-8.642027, 41.510387], [-8.652731, 41.519427], [-8.655903, 41.528444], [-8.653294, 41.537443], [-8.648987, 41.541846], [-8.636962, 41.548205], [-8.624965, 41.549322], [-8.612992, 41.546487], [-8.601055, 41.5379], [-8.596456, 41.528251]]], [[[-8.445055, 41.555579], [-8.457038, 41.556611], [-8.460895, 41.554717], [-8.469495, 41.54575], [-8.464481, 41.536719], [-8.457236, 41.532958], [-8.445245, 41.533369], [-8.43971, 41.536601], [-8.436183, 41.545591], [-8.445055, 41.555579]], [[-8.458232, 41.53669], [-8.462872, 41.545719], [-8.457086, 41.550933], [-8.445115, 41.548531], [-8.442609, 41.545623], [-8.445191, 41.539654], [-8.451786, 41.536659], [-8.458232, 41.53669]]], [[[-8.105861, 41.542515], [-8.10947, 41.542646], [-8.121543, 41.536428], [-8.125026, 41.52563], [-8.115837, 41.516553], [-8.109856, 41.514488], [-8.097874, 41.514325], [-8.091196, 41.516626], [-8.091045, 41.516767], [-8.090897, 41.516904], [-8.090802, 41.516992], [-8.090597, 41.517183], [-8.090318, 41.517442], [-8.090297, 41.517461], [-8.090075, 41.517667], [-8.089998, 41.517739], [-8.089833, 41.517892], [-8.089698, 41.518018], [-8.090594, 41.522169], [-8.093588, 41.523128], [-8.097803, 41.519447], [-8.109796, 41.518861], [-8.117857, 41.525575], [-8.114128, 41.534554], [-8.109546, 41.537089], [-8.097775, 41.536357], [-8.097774, 41.537927], [-8.105861, 41.542515]]], [[[-8.094063, 41.533424], [-8.092535, 41.529372], [-8.091487, 41.531173], [-8.094063, 41.533424]]], [[[-8.092111, 41.528247], [-8.092111, 41.528247], [-8.092088, 41.528185], [-8.092111, 41.528247]]], [[[-8.091857, 41.527571], [-8.091857, 41.527571], [-8.091789, 41.527391], [-8.091857, 41.527571]]], [[[-8.565481, 41.479428], [-8.579981, 41.474147], [-8.588541, 41.465171], [-8.591811, 41.456175], [-8.591451, 41.447166], [-8.587464, 41.438144], [-8.577781, 41.429748], [-8.56584, 41.425628], [-8.553873, 41.425466], [-8.541883, 41.42862], [-8.529865, 41.435622], [-8.522308, 41.4469], [-8.521575, 41.455904], [-8.525416, 41.464928], [-8.541544, 41.476803], [-8.553502, 41.479668], [-8.565481, 41.479428]], [[-8.529523, 41.455937], [-8.532053, 41.44694], [-8.541811, 41.438846], [-8.553798, 41.436446], [-8.565749, 41.439295], [-8.574797, 41.447106], [-8.576908, 41.456121], [-8.572656, 41.465113], [-8.565545, 41.469856], [-8.553551, 41.47248], [-8.541593, 41.469864], [-8.534599, 41.464965], [-8.529523, 41.455937]]], [[[-8.166995, 41.379014], [-8.171836, 41.390866], [-8.179475, 41.399928], [-8.195043, 41.409453], [-8.206963, 41.413161], [-8.218913, 41.414414], [-8.23089, 41.413463], [-8.242895, 41.410037], [-8.258776, 41.400466], [-8.266189, 41.391506], [-8.270052, 41.382523], [-8.27091, 41.373521], [-8.269069, 41.364502], [-8.264499, 41.355465], [-8.257413, 41.347662], [-8.251414, 41.352762], [-8.261695, 41.364455], [-8.264462, 41.37348], [-8.264089, 41.382485], [-8.260357, 41.391469], [-8.255003, 41.397468], [-8.242946, 41.405629], [-8.230939, 41.409305], [-8.218963, 41.410202], [-8.20702, 41.408451], [-8.195114, 41.403752], [-8.189119, 41.399996], [-8.180432, 41.390927], [-8.176323, 41.38189], [-8.175932, 41.376309], [-8.173463, 41.377661], [-8.168382, 41.377438], [-8.166995, 41.379014]]], [[[-8.649702, 41.409203], [-8.661683, 41.406041], [-8.673674, 41.400579], [-8.685684, 41.3909], [-8.69046, 41.384422], [-8.693271, 41.375422], [-8.692841, 41.366413], [-8.689402, 41.357396], [-8.683079, 41.348371], [-8.673795, 41.339338], [-8.650155, 41.324517], [-8.638228, 41.320661], [-8.62629, 41.318819], [-8.614338, 41.319428], [-8.602372, 41.322411], [-8.587652, 41.330054], [-8.578306, 41.339027], [-8.572728, 41.348015], [-8.570104, 41.36602], [-8.576415, 41.384059], [-8.589938, 41.399667], [-8.601858, 41.406673], [-8.613804, 41.409799], [-8.625763, 41.41089], [-8.649702, 41.409203]], [[-8.59285, 41.384118], [-8.586042, 41.375086], [-8.5829, 41.366067], [-8.582773, 41.357059], [-8.585719, 41.348062], [-8.590301, 41.341906], [-8.602312, 41.332256], [-8.614289, 41.327701], [-8.626248, 41.326197], [-8.638191, 41.327315], [-8.65012, 41.331084], [-8.662037, 41.337644], [-8.673723, 41.348345], [-8.679328, 41.357369], [-8.681308, 41.366382], [-8.679821, 41.375385], [-8.673975, 41.384376], [-8.661749, 41.393225], [-8.649763, 41.397733], [-8.637791, 41.399529], [-8.625829, 41.399263], [-8.613881, 41.396784], [-8.605845, 41.393171], [-8.59285, 41.384118]]], [[[-8.642531, 41.192857], [-8.644501, 41.204134], [-8.650735, 41.215854], [-8.662611, 41.226309], [-8.674519, 41.230973], [-8.686443, 41.232697], [-8.698377, 41.232358], [-8.710318, 41.230336], [-8.731791, 41.222386], [-8.744476, 41.213407], [-8.752117, 41.204416], [-8.75606, 41.195417], [-8.757271, 41.186411], [-8.756016, 41.177401], [-8.751937, 41.168384], [-8.744177, 41.159359], [-8.734497, 41.152377], [-8.717219, 41.145881], [-8.680246, 41.146678], [-8.674211, 41.148541], [-8.674849, 41.153767], [-8.672489, 41.15648], [-8.66117, 41.156307], [-8.662078, 41.158104], [-8.660313, 41.160813], [-8.657033, 41.160378], [-8.654961, 41.161963], [-8.653231, 41.169174], [-8.655366, 41.175467], [-8.647955, 41.180228], [-8.647696, 41.185181], [-8.642531, 41.192857]], [[-8.662662, 41.216373], [-8.653826, 41.204163], [-8.65186, 41.195149], [-8.653056, 41.186144], [-8.662895, 41.170934], [-8.674853, 41.163406], [-8.686789, 41.160091], [-8.698711, 41.159503], [-8.710622, 41.161445], [-8.724974, 41.168323], [-8.733898, 41.177352], [-8.737849, 41.186369], [-8.738162, 41.195377], [-8.734874, 41.204378], [-8.72741, 41.213368], [-8.711562, 41.222337], [-8.698409, 41.225371], [-8.686476, 41.225647], [-8.674557, 41.223224], [-8.662662, 41.216373]]]]}}, {"id": "5", "type": "Feature", "properties": {"fill": "#ea870e", "value_min": -2.33, "value_max": -2.0}, "geometry": {"type": "MultiPolygon", "coordinates": [[[[-8.662662, 41.216373], [-8.674557, 41.223224], [-8.686476, 41.225647], [-8.698409, 41.225371], [-8.711562, 41.222337], [-8.72741, 41.213368], [-8.734874, 41.204378], [-8.738162, 41.195377], [-8.737849, 41.186369], [-8.733898, 41.177352], [-8.724974, 41.168323], [-8.710622, 41.161445], [-8.698711, 41.159503], [-8.686789, 41.160091], [-8.674853, 41.163406], [-8.662895, 41.170934], [-8.653056, 41.186144], [-8.65186, 41.195149], [-8.653826, 41.204163], [-8.662662, 41.216373]], [[-8.710553, 41.177085], [-8.719889, 41.186326], [-8.722386, 41.19534], [-8.719635, 41.204342], [-8.710527, 41.213327], [-8.698445, 41.217441], [-8.686513, 41.217896], [-8.674601, 41.214468], [-8.664244, 41.204193], [-8.662184, 41.195179], [-8.665295, 41.186181], [-8.674786, 41.176956], [-8.686728, 41.173001], [-8.698649, 41.173052], [-8.710553, 41.177085]]], [[[-8.59285, 41.384118], [-8.605845, 41.393171], [-8.613881, 41.396784], [-8.625829, 41.399263], [-8.637791, 41.399529], [-8.649763, 41.397733], [-8.661749, 41.393225], [-8.673975, 41.384376], [-8.679821, 41.375385], [-8.681308, 41.366382], [-8.679328, 41.357369], [-8.673723, 41.348345], [-8.662037, 41.337644], [-8.65012, 41.331084], [-8.638191, 41.327315], [-8.626248, 41.326197], [-8.614289, 41.327701], [-8.602312, 41.332256], [-8.590301, 41.341906], [-8.585719, 41.348062], [-8.582773, 41.357059], [-8.5829, 41.366067], [-8.586042, 41.375086], [-8.59285, 41.384118]], [[-8.661997, 41.345423], [-8.670343, 41.357343], [-8.671396, 41.366354], [-8.668207, 41.375352], [-8.661807, 41.382138], [-8.649812, 41.38867], [-8.637838, 41.391066], [-8.625878, 41.390692], [-8.613937, 41.387415], [-8.597818, 41.375128], [-8.593584, 41.366105], [-8.593311, 41.357097], [-8.596979, 41.348102], [-8.606742, 41.339128], [-8.614244, 41.335404], [-8.626209, 41.332915], [-8.638156, 41.333555], [-8.650087, 41.337284], [-8.661997, 41.345423]]], [[[-8.175932, 41.376309], [-8.176323, 41.38189], [-8.180432, 41.390927], [-8.189119, 41.399996], [-8.195114, 41.403752], [-8.20702, 41.408451], [-8.218963, 41.410202], [-8.230939, 41.409305], [-8.242946, 41.405629], [-8.255003, 41.397468], [-8.260357, 41.391469], [-8.264089, 41.382485], [-8.264462, 41.37348], [-8.261695, 41.364455], [-8.251414, 41.352762], [-8.249622, 41.353072], [-8.251123, 41.356897], [-8.248737, 41.359162], [-8.24921, 41.3596], [-8.249452, 41.359825], [-8.254396, 41.364408], [-8.25847, 41.373442], [-8.258544, 41.38245], [-8.254506, 41.391431], [-8.244466, 41.400373], [-8.230985, 41.405395], [-8.219012, 41.406185], [-8.207075, 41.403916], [-8.198674, 41.400063], [-8.188297, 41.390983], [-8.184295, 41.381947], [-8.18425, 41.376531], [-8.175932, 41.376309]]], [[[-8.529523, 41.455937], [-8.534599, 41.464965], [-8.541593, 41.469864], [-8.553551, 41.47248], [-8.565545, 41.469856], [-8.572656, 41.465113], [-8.576908, 41.456121], [-8.574797, 41.447106], [-8.565749, 41.439295], [-8.553798, 41.436446], [-8.541811, 41.438846], [-8.532053, 41.44694], [-8.529523, 41.455937]], [[-8.541727, 41.450893], [-8.553731, 41.446135], [-8.563951, 41.456073], [-8.552976, 41.465038], [-8.541663, 41.459874], [-8.539355, 41.455977], [-8.541727, 41.450893]]], [[[-8.596456, 41.528251], [-8.601055, 41.5379], [-8.612992, 41.546487], [-8.624965, 41.549322], [-8.636962, 41.548205], [-8.648987, 41.541846], [-8.653294, 41.537443], [-8.655903, 41.528444], [-8.652731, 41.519427], [-8.642027, 41.510387], [-8.625223, 41.504732], [-8.613235, 41.505732], [-8.604746, 41.510265], [-8.597374, 41.519247], [-8.596456, 41.528251]], [[-8.60754, 41.519282], [-8.613183, 41.514457], [-8.625181, 41.511882], [-8.637142, 41.51603], [-8.641387, 41.519392], [-8.644356, 41.528409], [-8.638706, 41.537399], [-8.625011, 41.541346], [-8.613041, 41.538282], [-8.60555, 41.528282], [-8.60754, 41.519282]]], [[[-8.458232, 41.53669], [-8.451786, 41.536659], [-8.445191, 41.539654], [-8.442609, 41.545623], [-8.445115, 41.548531], [-8.457086, 41.550933], [-8.462872, 41.545719], [-8.458232, 41.53669]]], [[[-8.384133, 41.657081], [-8.372097, 41.659738], [-8.369209, 41.662337], [-8.369289, 41.671345], [-8.371961, 41.67371], [-8.383948, 41.67644], [-8.393379, 41.671475], [-8.393599, 41.662469], [-8.384133, 41.657081]]], [[[-8.097775, 41.536357], [-8.109546, 41.537089], [-8.114128, 41.534554], [-8.117857, 41.525575], [-8.109796, 41.518861], [-8.097803, 41.519447], [-8.093588, 41.523128], [-8.091789, 41.527391], [-8.091857, 41.527571], [-8.092088, 41.528185], [-8.092111, 41.528247], [-8.092535, 41.529372], [-8.094063, 41.533424], [-8.097775, 41.536357]], [[-8.109705, 41.525512], [-8.109705, 41.525513], [-8.109704, 41.525512], [-8.109705, 41.525512]]], [[[-8.024001, 41.645306], [-8.011954, 41.647883], [-8.007685, 41.650778], [-8.003657, 41.65975], [-8.009211, 41.668805], [-8.023586, 41.672764], [-8.035668, 41.668204], [-8.040663, 41.660065], [-8.035943, 41.649762], [-8.024001, 41.645306]], [[-8.016246, 41.650851], [-8.023951, 41.648642], [-8.029975, 41.650968], [-8.035855, 41.655624], [-8.037691, 41.66004], [-8.035742, 41.663215], [-8.023626, 41.670126], [-8.018723, 41.668886], [-8.011708, 41.663964], [-8.008865, 41.659795], [-8.016246, 41.650851]]], [[[-7.980688, 41.731604], [-7.980806, 41.740612], [-7.98893, 41.749691], [-7.99829, 41.754618], [-8.010289, 41.756536], [-8.022354, 41.754138], [-8.028208, 41.75003], [-8.034099, 41.741073], [-8.03312, 41.732057], [-8.025525, 41.722986], [-8.010911, 41.716013], [-7.998887, 41.716188], [-7.986782, 41.722651], [-7.980688, 41.731604]], [[-8.010876, 41.71826], [-8.022823, 41.723232], [-8.030486, 41.732035], [-8.030681, 41.741044], [-8.022419, 41.749855], [-8.010343, 41.753019], [-7.997463, 41.749766], [-7.987492, 41.740671], [-7.986542, 41.731656], [-7.992649, 41.722703], [-7.998837, 41.719399], [-8.010876, 41.71826]]], [[[-7.950308, 41.746525], [-7.938251, 41.748334], [-7.929776, 41.758162], [-7.935536, 41.767222], [-7.937926, 41.768085], [-7.949946, 41.76874], [-7.955095, 41.767402], [-7.963397, 41.75847], [-7.957723, 41.749412], [-7.950308, 41.746525]], [[-7.957736, 41.758419], [-7.949984, 41.766433], [-7.937987, 41.764362], [-7.933715, 41.758199], [-7.938176, 41.752906], [-7.950234, 41.751074], [-7.957736, 41.758419]]], [[[-7.722919, 41.789121], [-7.72482, 41.792097], [-7.73286, 41.795581], [-7.744913, 41.794712], [-7.748934, 41.792362], [-7.75352, 41.783405], [-7.745338, 41.772934], [-7.733331, 41.77163], [-7.726318, 41.774683], [-7.7254, 41.777152], [-7.727191, 41.779184], [-7.724177, 41.780299], [-7.725372, 41.781653], [-7.722919, 41.789121]]], [[[-7.874565, 41.846431], [-7.888568, 41.839541], [-7.898137, 41.829917], [-7.903428, 41.820961], [-7.904963, 41.811969], [-7.901253, 41.802042], [-7.889401, 41.791333], [-7.877415, 41.788511], [-7.865378, 41.788633], [-7.843018, 41.793348], [-7.828655, 41.802209], [-7.822618, 41.811154], [-7.822328, 41.820158], [-7.826215, 41.829205], [-7.840332, 41.84281], [-7.852296, 41.84731], [-7.864323, 41.848372], [-7.872757, 41.846728], [-7.873066, 41.844875], [-7.874565, 41.846431]], [[-7.901138, 41.808778], [-7.902254, 41.811943], [-7.900711, 41.820935], [-7.895037, 41.829887], [-7.888626, 41.836201], [-7.876471, 41.842557], [-7.864391, 41.844509], [-7.852375, 41.842892], [-7.84044, 41.836839], [-7.83261, 41.82927], [-7.828799, 41.820224], [-7.829064, 41.81122], [-7.833849, 41.802262], [-7.849602, 41.793414], [-7.865351, 41.790175], [-7.877386, 41.790177], [-7.889358, 41.79385], [-7.89927, 41.802908], [-7.901138, 41.808778]]]]}}, {"id": "10", "type": "Feature", "properties": {"fill": "#a3a3a3", "value_min": -0.67, "value_max": -0.33}, "geometry": {"type": "MultiPolygon", "coordinates": [[[[-7.900346, 41.861363], [-7.904724, 41.847994], [-7.918747, 41.821106], [-7.92155, 41.812126], [-7.915957, 41.79406], [-7.915327, 41.785047], [-7.925718, 41.7787], [-7.937778, 41.777021], [-7.961811, 41.779056], [-8.0097, 41.794784], [-8.021707, 41.796727], [-8.033741, 41.796837], [-8.045817, 41.794186], [-8.057844, 41.786304], [-8.063927, 41.777347], [-8.066931, 41.759358], [-8.065292, 41.750337], [-8.060728, 41.741293], [-8.053574, 41.732228], [-8.030222, 41.714019], [-8.02236, 41.704945], [-8.01952, 41.695914], [-8.028334, 41.686982], [-8.043882, 41.678105], [-8.052642, 41.669171], [-8.05691, 41.660199], [-8.057727, 41.651199], [-8.05429, 41.642163], [-8.036311, 41.625069], [-8.024424, 41.617253], [-8.005295, 41.60899], [-8.003262, 41.611464], [-7.998761, 41.612809], [-7.998472, 41.607073], [-7.975086, 41.60503], [-7.973582, 41.606925], [-7.970882, 41.607147], [-7.969986, 41.605776], [-7.964581, 41.606571], [-7.948377, 41.614222], [-7.94017, 41.623154], [-7.936153, 41.632124], [-7.936057, 41.650137], [-7.947026, 41.686266], [-7.946553, 41.704275], [-7.943622, 41.713255], [-7.937966, 41.72221], [-7.909482, 41.748964], [-7.901819, 41.768929], [-7.892614, 41.775823], [-7.877585, 41.778776], [-7.853491, 41.780357], [-7.841477, 41.779282], [-7.823946, 41.775141], [-7.809599, 41.765986], [-7.777952, 41.724207], [-7.773485, 41.727345], [-7.770798, 41.72441], [-7.765698, 41.723044], [-7.761765, 41.727758], [-7.763239, 41.732714], [-7.76164, 41.735185], [-7.777351, 41.747634], [-7.804557, 41.774941], [-7.817398, 41.779985], [-7.853452, 41.782525], [-7.889599, 41.779861], [-7.901625, 41.780285], [-7.90657, 41.784964], [-7.911301, 41.794016], [-7.91731, 41.812086], [-7.910438, 41.830035], [-7.892795, 41.859097], [-7.900346, 41.861363]], [[-8.04616, 41.771028], [-8.034007, 41.779132], [-8.021926, 41.782306], [-8.009888, 41.782614], [-7.972331, 41.776564], [-7.925784, 41.774732], [-7.913809, 41.771321], [-7.911486, 41.766997], [-7.911618, 41.757991], [-7.915581, 41.749022], [-7.926387, 41.73854], [-7.947946, 41.722302], [-7.966516, 41.69545], [-7.969693, 41.686471], [-7.964603, 41.659405], [-7.965356, 41.650404], [-7.968923, 41.641429], [-7.977689, 41.632501], [-7.988266, 41.626845], [-8.000309, 41.624312], [-8.012312, 41.624424], [-8.024282, 41.626701], [-8.036201, 41.632402], [-8.048064, 41.642096], [-8.053373, 41.651163], [-8.053404, 41.66017], [-8.047645, 41.670586], [-8.035489, 41.680193], [-8.018148, 41.686896], [-8.010219, 41.695834], [-8.01568, 41.704888], [-8.038224, 41.723093], [-8.053144, 41.741231], [-8.054803, 41.750252], [-8.053461, 41.759247], [-8.04616, 41.771028]]], [[[-7.820835, 41.873555], [-7.801777, 41.846966], [-7.792269, 41.836604], [-7.780372, 41.828868], [-7.768395, 41.825511], [-7.743145, 41.826258], [-7.738919, 41.828515], [-7.74233, 41.833929], [-7.756216, 41.832592], [-7.768234, 41.833894], [-7.780185, 41.838718], [-7.789988, 41.846842], [-7.796314, 41.855915], [-7.801408, 41.874176], [-7.804288, 41.874184], [-7.804914, 41.869459], [-7.813032, 41.871958], [-7.814229, 41.873537], [-7.820835, 41.873555]]], [[[-8.828655, 41.605439], [-8.815585, 41.611054], [-8.828644, 41.609656], [-8.828655, 41.605439]]], [[[-8.620755, 41.606885], [-8.600725, 41.591384], [-8.588805, 41.579103], [-8.55619, 41.53711], [-8.542617, 41.510034], [-8.535854, 41.501], [-8.503716, 41.473843], [-8.495741, 41.464801], [-8.490816, 41.455772], [-8.487743, 41.437743], [-8.495844, 41.392742], [-8.500799, 41.347725], [-8.506646, 41.329735], [-8.512105, 41.320751], [-8.521201, 41.311781], [-8.535696, 41.302833], [-8.558118, 41.293913], [-8.61381, 41.276098], [-8.63678, 41.267165], [-8.615057, 41.197165], [-8.60201, 41.164217], [-8.59422, 41.165149], [-8.589766, 41.167193], [-8.589194, 41.170572], [-8.585927, 41.172042], [-8.603147, 41.194469], [-8.612534, 41.222047], [-8.612135, 41.240061], [-8.608764, 41.249058], [-8.60125, 41.25804], [-8.590781, 41.265063], [-8.57881, 41.270209], [-8.554892, 41.276074], [-8.530992, 41.278772], [-8.471286, 41.279072], [-8.459335, 41.280218], [-8.445749, 41.284419], [-8.438593, 41.293392], [-8.437985, 41.302397], [-8.462211, 41.383582], [-8.468618, 41.446664], [-8.474177, 41.464705], [-8.485248, 41.473762], [-8.505542, 41.486111], [-8.521796, 41.500942], [-8.526898, 41.509971], [-8.53021, 41.527999], [-8.534094, 41.537022], [-8.552994, 41.553445], [-8.566811, 41.57318], [-8.572551, 41.591216], [-8.573044, 41.616086], [-8.577321, 41.614269], [-8.581231, 41.615829], [-8.585766, 41.620988], [-8.591462, 41.620515], [-8.596534, 41.616668], [-8.601628, 41.615972], [-8.603996, 41.611686], [-8.609369, 41.608287], [-8.614156, 41.606692], [-8.619881, 41.610269], [-8.620755, 41.606885]]], [[[-8.106812, 41.404854], [-8.146995, 41.424], [-8.170814, 41.433029], [-8.194701, 41.437131], [-8.206671, 41.437172], [-8.230649, 41.433851], [-8.254683, 41.425517], [-8.266721, 41.419253], [-8.291773, 41.400674], [-8.307131, 41.382752], [-8.325031, 41.341715], [-8.323376, 41.341943], [-8.316788, 41.335876], [-8.313802, 41.336331], [-8.310792, 41.327557], [-8.308701, 41.327561], [-8.307502, 41.325762], [-8.305116, 41.326891], [-8.303024, 41.325994], [-8.303615, 41.323742], [-8.301216, 41.319694], [-8.296431, 41.316774], [-8.297618, 41.313846], [-8.296116, 41.310022], [-8.28717, 41.314368], [-8.294132, 41.328628], [-8.297889, 41.346666], [-8.2978, 41.364681], [-8.293345, 41.382669], [-8.28163, 41.400611], [-8.271564, 41.409555], [-8.25475, 41.419635], [-8.242726, 41.424535], [-8.218734, 41.429385], [-8.206761, 41.429708], [-8.182874, 41.425812], [-8.170959, 41.421658], [-8.147661, 41.408704], [-8.136048, 41.39961], [-8.126799, 41.390533], [-8.118753, 41.379244], [-8.116683, 41.380144], [-8.117578, 41.386447], [-8.113992, 41.386896], [-8.112795, 41.390723], [-8.110105, 41.390947], [-8.108011, 41.393648], [-8.103827, 41.392972], [-8.105321, 41.394998], [-8.10263, 41.396123], [-8.10801, 41.398825], [-8.108606, 41.403102], [-8.106812, 41.404854]]], [[[-8.484084, 41.676728], [-8.479252, 41.671896], [-8.464137, 41.662819], [-8.432255, 41.647892], [-8.417455, 41.63557], [-8.408455, 41.624116], [-8.396545, 41.614002], [-8.384567, 41.611445], [-8.360536, 41.614178], [-8.336444, 41.622724], [-8.31712, 41.635018], [-8.30827, 41.643972], [-8.302321, 41.652944], [-8.298947, 41.66193], [-8.298168, 41.670933], [-8.301751, 41.679962], [-8.320809, 41.69809], [-8.347516, 41.715106], [-8.359482, 41.720597], [-8.371481, 41.723024], [-8.383531, 41.720136], [-8.40023, 41.707539], [-8.419766, 41.70143], [-8.431788, 41.701022], [-8.449389, 41.703121], [-8.453868, 41.697961], [-8.453255, 41.695487], [-8.461659, 41.694563], [-8.471532, 41.687557], [-8.475731, 41.686644], [-8.482012, 41.682123], [-8.484084, 41.676728]], [[-8.395756, 41.69845], [-8.383694, 41.703057], [-8.371659, 41.704769], [-8.359654, 41.703265], [-8.347688, 41.698029], [-8.335959, 41.689171], [-8.328651, 41.680122], [-8.325546, 41.671097], [-8.325374, 41.662088], [-8.328003, 41.653097], [-8.334554, 41.644128], [-8.346262, 41.635188], [-8.360387, 41.629254], [-8.37241, 41.62743], [-8.384409, 41.628047], [-8.396379, 41.631832], [-8.414057, 41.64456], [-8.4243, 41.653619], [-8.431385, 41.662662], [-8.434877, 41.671686], [-8.431518, 41.680677], [-8.418626, 41.689619], [-8.395756, 41.69845]]], [[[-8.251414, 41.709297], [-8.261671, 41.697725], [-8.265412, 41.688742], [-8.264788, 41.679731], [-8.257839, 41.670679], [-8.251899, 41.667438], [-8.239941, 41.662833], [-8.227951, 41.661018], [-8.215935, 41.661479], [-8.203894, 41.663884], [-8.191801, 41.670373], [-8.182799, 41.679177], [-8.178873, 41.688156], [-8.178703, 41.697162], [-8.182043, 41.706193], [-8.191239, 41.715268], [-8.203182, 41.72158], [-8.215176, 41.723941], [-8.227206, 41.723315], [-8.239284, 41.718623], [-8.251414, 41.709297]], [[-8.227308, 41.714801], [-8.215255, 41.717404], [-8.203258, 41.715434], [-8.1886, 41.706239], [-8.184257, 41.697202], [-8.185293, 41.688202], [-8.191685, 41.679641], [-8.203783, 41.672847], [-8.215814, 41.671384], [-8.227804, 41.67332], [-8.238558, 41.67956], [-8.244917, 41.688609], [-8.244949, 41.697617], [-8.239334, 41.706587], [-8.227308, 41.714801]]], [[[-8.479649, 41.572818], [-8.500234, 41.545887], [-8.492879, 41.536848], [-8.445419, 41.512947], [-8.433425, 41.514165], [-8.418174, 41.527487], [-8.411923, 41.536462], [-8.408426, 41.545452], [-8.407559, 41.563462], [-8.410501, 41.572484], [-8.417273, 41.581526], [-8.420812, 41.584673], [-8.432774, 41.58867], [-8.456768, 41.588808], [-8.468805, 41.584105], [-8.479649, 41.572818]], [[-8.468914, 41.570705], [-8.456882, 41.575261], [-8.444882, 41.575803], [-8.432916, 41.572407], [-8.421169, 41.563531], [-8.41662, 41.554501], [-8.416183, 41.545491], [-8.421265, 41.533948], [-8.433348, 41.523037], [-8.445356, 41.520423], [-8.457322, 41.522685], [-8.481953, 41.536799], [-8.488267, 41.545835], [-8.485284, 41.554829], [-8.468914, 41.570705]]], [[[-8.081577, 41.564115], [-8.097158, 41.565856], [-8.121158, 41.564888], [-8.133192, 41.561839], [-8.145261, 41.556044], [-8.156256, 41.543878], [-8.158796, 41.534889], [-8.158094, 41.525877], [-8.154135, 41.516841], [-8.140338, 41.507731], [-8.073246, 41.49619], [-8.078333, 41.49898], [-8.078332, 41.500331], [-8.088809, 41.503512], [-8.109982, 41.505265], [-8.121962, 41.507592], [-8.133858, 41.511908], [-8.14186, 41.51675], [-8.146934, 41.525795], [-8.147187, 41.534804], [-8.143035, 41.54378], [-8.133323, 41.552016], [-8.121263, 41.557107], [-8.109245, 41.559051], [-8.097254, 41.558965], [-8.085288, 41.557089], [-8.073495, 41.553173], [-8.075891, 41.554575], [-8.076188, 41.557276], [-8.079783, 41.558403], [-8.081577, 41.564115]]], [[[-8.445602, 41.491493], [-8.451818, 41.482615], [-8.451626, 41.473607], [-8.445794, 41.469035], [-8.433847, 41.465709], [-8.421854, 41.46779], [-8.415335, 41.473428], [-8.411064, 41.482414], [-8.416666, 41.49145], [-8.421601, 41.496163], [-8.433564, 41.498237], [-8.445602, 41.491493]], [[-8.433722, 41.480075], [-8.435344, 41.482536], [-8.433685, 41.484352], [-8.421695, 41.485675], [-8.419603, 41.482457], [-8.42176, 41.478383], [-8.433722, 41.480075]]], [[[-8.803952, 41.252438], [-8.781846, 41.249613], [-8.757979, 41.248543], [-8.710224, 41.251701], [-8.67457, 41.25827], [-8.640616, 41.267177], [-8.640485, 41.276184], [-8.651858, 41.294235], [-8.668322, 41.312299], [-8.685996, 41.325909], [-8.709836, 41.339194], [-8.733705, 41.347881], [-8.757592, 41.352995], [-8.781495, 41.354758], [-8.807939, 41.35366], [-8.803952, 41.252438]], [[-8.745708, 41.33505], [-8.72181, 41.333948], [-8.709874, 41.330721], [-8.697947, 41.325703], [-8.679086, 41.312329], [-8.67146, 41.3033], [-8.667115, 41.29428], [-8.666319, 41.28527], [-8.67014, 41.276273], [-8.681855, 41.267298], [-8.698242, 41.261549], [-8.710191, 41.259175], [-8.737388, 41.258431], [-8.757929, 41.262173], [-8.769851, 41.266663], [-8.784448, 41.276544], [-8.791096, 41.285564], [-8.793573, 41.294576], [-8.793103, 41.303583], [-8.789489, 41.312584], [-8.781098, 41.321576], [-8.769633, 41.328623], [-8.757667, 41.33295], [-8.745708, 41.33505]]]]}}, {"id": "11", "type": "Feature", "properties": {"fill": "#a3a3a3", "value_min": -0.33, "value_max": 0.0}, "geometry": {"type": "MultiPolygon", "coordinates": [[[[-8.573044, 41.616086], [-8.572551, 41.591216], [-8.566811, 41.57318], [-8.552994, 41.553445], [-8.534094, 41.537022], [-8.53021, 41.527999], [-8.526898, 41.509971], [-8.521796, 41.500942], [-8.505542, 41.486111], [-8.485248, 41.473762], [-8.474177, 41.464705], [-8.468618, 41.446664], [-8.462211, 41.383582], [-8.437985, 41.302397], [-8.438593, 41.293392], [-8.445749, 41.284419], [-8.459335, 41.280218], [-8.471286, 41.279072], [-8.530992, 41.278772], [-8.554892, 41.276074], [-8.57881, 41.270209], [-8.590781, 41.265063], [-8.60125, 41.25804], [-8.608764, 41.249058], [-8.612135, 41.240061], [-8.612534, 41.222047], [-8.603147, 41.194469], [-8.585927, 41.172042], [-8.582094, 41.177803], [-8.578825, 41.178941], [-8.580327, 41.180736], [-8.579928, 41.18569], [-8.591212, 41.195951], [-8.596427, 41.203976], [-8.601907, 41.222011], [-8.601017, 41.231015], [-8.597193, 41.24001], [-8.590891, 41.247505], [-8.578907, 41.255186], [-8.566944, 41.259181], [-8.554994, 41.261041], [-8.531131, 41.259391], [-8.519219, 41.255816], [-8.505355, 41.24866], [-8.495317, 41.239608], [-8.490332, 41.232458], [-8.484411, 41.240495], [-8.476346, 41.237818], [-8.475756, 41.23917], [-8.470986, 41.23941], [-8.471604, 41.243459], [-8.469227, 41.245267], [-8.463258, 41.244384], [-8.459989, 41.246644], [-8.454323, 41.246886], [-8.455541, 41.251834], [-8.452276, 41.25522], [-8.449891, 41.255452], [-8.449304, 41.257479], [-8.447812, 41.257258], [-8.449028, 41.261982], [-8.439785, 41.262907], [-8.438023, 41.268989], [-8.434745, 41.269673], [-8.432691, 41.277107], [-8.427032, 41.279372], [-8.429143, 41.284319], [-8.426171, 41.287028], [-8.426488, 41.291079], [-8.425013, 41.294909], [-8.422037, 41.296942], [-8.422647, 41.299867], [-8.407744, 41.304856], [-8.406262, 41.307335], [-8.402979, 41.307568], [-8.401801, 41.311398], [-8.399712, 41.311628], [-8.400316, 41.313202], [-8.396738, 41.314336], [-8.398835, 41.316131], [-8.393775, 41.31997], [-8.393489, 41.323122], [-8.391105, 41.324253], [-8.386325, 41.323588], [-8.380382, 41.331254], [-8.375305, 41.33104], [-8.37201, 41.328346], [-8.361563, 41.329718], [-8.358276, 41.329049], [-8.357673, 41.327249], [-8.350207, 41.327264], [-8.346032, 41.328847], [-8.342462, 41.333131], [-8.334109, 41.335847], [-8.326359, 41.340812], [-8.326363, 41.342163], [-8.325031, 41.341715], [-8.307131, 41.382752], [-8.291773, 41.400674], [-8.266721, 41.419253], [-8.254683, 41.425517], [-8.230649, 41.433851], [-8.206671, 41.437172], [-8.194701, 41.437131], [-8.170814, 41.433029], [-8.146995, 41.424], [-8.106812, 41.404854], [-8.104419, 41.406252], [-8.104119, 41.408728], [-8.101727, 41.409403], [-8.102025, 41.411204], [-8.092756, 41.411201], [-8.09126, 41.414352], [-8.081986, 41.4193], [-8.078697, 41.419524], [-8.077503, 41.416597], [-8.070923, 41.41862], [-8.066739, 41.416142], [-8.061654, 41.417489], [-8.059852, 41.424916], [-8.055959, 41.429415], [-8.05745, 41.432793], [-8.056549, 41.436394], [-8.057743, 41.438645], [-8.061033, 41.438872], [-8.063424, 41.4409], [-8.064916, 41.444052], [-8.06689, 41.443828], [-8.074986, 41.438429], [-8.087016, 41.434176], [-8.099008, 41.432529], [-8.110974, 41.432744], [-8.134851, 41.437304], [-8.170617, 41.448526], [-8.182572, 41.449828], [-8.206547, 41.447272], [-8.23056, 41.441371], [-8.254608, 41.432031], [-8.279163, 41.418611], [-8.314833, 41.395753], [-8.326834, 41.392055], [-8.362694, 41.394466], [-8.384096, 41.392198], [-8.398633, 41.388674], [-8.410589, 41.389252], [-8.4225, 41.394946], [-8.428988, 41.401437], [-8.434344, 41.408454], [-8.439328, 41.419503], [-8.441725, 41.437529], [-8.438651, 41.446522], [-8.428683, 41.45548], [-8.421937, 41.458363], [-8.409862, 41.469623], [-8.408092, 41.473391], [-8.406503, 41.48239], [-8.408737, 41.491409], [-8.416628, 41.500457], [-8.420382, 41.509483], [-8.416542, 41.518471], [-8.404089, 41.536422], [-8.38489, 41.577442], [-8.372798, 41.587405], [-8.360746, 41.592966], [-8.276425, 41.622658], [-8.216178, 41.64142], [-8.191989, 41.655308], [-8.179835, 41.666673], [-8.172281, 41.679102], [-8.170547, 41.688097], [-8.174281, 41.706137], [-8.180896, 41.715192], [-8.20308, 41.729846], [-8.215048, 41.734421], [-8.227056, 41.735805], [-8.239128, 41.73181], [-8.275433, 41.711205], [-8.287479, 41.70886], [-8.299488, 41.70985], [-8.311464, 41.714026], [-8.32958, 41.725163], [-8.339679, 41.734228], [-8.350432, 41.749038], [-8.349814, 41.744122], [-8.352516, 41.743441], [-8.352203, 41.739616], [-8.357897, 41.735103], [-8.362407, 41.735994], [-8.368703, 41.73193], [-8.374122, 41.734845], [-8.384922, 41.73032], [-8.387032, 41.731891], [-8.393033, 41.729852], [-8.396942, 41.730518], [-8.400531, 41.726683], [-8.402934, 41.726452], [-8.404721, 41.722847], [-8.417349, 41.725067], [-8.422737, 41.720552], [-8.429643, 41.719859], [-8.430533, 41.717381], [-8.435927, 41.714441], [-8.441333, 41.714201], [-8.4446, 41.70654], [-8.449389, 41.703121], [-8.431788, 41.701022], [-8.419766, 41.70143], [-8.40023, 41.707539], [-8.383531, 41.720136], [-8.371481, 41.723024], [-8.359482, 41.720597], [-8.347516, 41.715106], [-8.320809, 41.69809], [-8.301751, 41.679962], [-8.298168, 41.670933], [-8.298947, 41.66193], [-8.302321, 41.652944], [-8.30827, 41.643972], [-8.31712, 41.635018], [-8.336444, 41.622724], [-8.360536, 41.614178], [-8.384567, 41.611445], [-8.396545, 41.614002], [-8.408455, 41.624116], [-8.417455, 41.63557], [-8.432255, 41.647892], [-8.464137, 41.662819], [-8.479252, 41.671896], [-8.484084, 41.676728], [-8.484371, 41.674238], [-8.49308, 41.674886], [-8.499963, 41.671038], [-8.50927, 41.671233], [-8.51018, 41.672806], [-8.511967, 41.670324], [-8.509856, 41.668755], [-8.522103, 41.658811], [-8.525706, 41.659023], [-8.527769, 41.652714], [-8.534066, 41.652017], [-8.537355, 41.64998], [-8.537634, 41.646602], [-8.543876, 41.637352], [-8.543855, 41.633976], [-8.536342, 41.631977], [-8.535128, 41.62973], [-8.543431, 41.61462], [-8.554533, 41.615255], [-8.557244, 41.617046], [-8.562639, 41.61635], [-8.567756, 41.619032], [-8.570735, 41.616095], [-8.573044, 41.616086]], [[-8.251414, 41.709297], [-8.239284, 41.718623], [-8.227206, 41.723315], [-8.215176, 41.723941], [-8.203182, 41.72158], [-8.191239, 41.715268], [-8.182043, 41.706193], [-8.178703, 41.697162], [-8.178873, 41.688156], [-8.182799, 41.679177], [-8.191801, 41.670373], [-8.203894, 41.663884], [-8.215935, 41.661479], [-8.227951, 41.661018], [-8.239941, 41.662833], [-8.251899, 41.667438], [-8.257839, 41.670679], [-8.264788, 41.679731], [-8.265412, 41.688742], [-8.261671, 41.697725], [-8.251414, 41.709297]], [[-8.462889, 41.626785], [-8.456462, 41.635762], [-8.444353, 41.63749], [-8.439869, 41.635682], [-8.430984, 41.626631], [-8.432483, 41.621907], [-8.436575, 41.617651], [-8.44455, 41.614562], [-8.457722, 41.617753], [-8.462889, 41.626785]], [[-8.549032, 41.591126], [-8.540672, 41.600136], [-8.528632, 41.60576], [-8.516623, 41.606753], [-8.504642, 41.604212], [-8.498083, 41.599922], [-8.490393, 41.590881], [-8.488728, 41.581866], [-8.491098, 41.572869], [-8.497546, 41.56389], [-8.505001, 41.55711], [-8.517031, 41.552031], [-8.529015, 41.552996], [-8.540962, 41.559279], [-8.545986, 41.564092], [-8.551059, 41.573119], [-8.551994, 41.58213], [-8.549032, 41.591126]], [[-8.479649, 41.572818], [-8.468805, 41.584105], [-8.456768, 41.588808], [-8.432774, 41.58867], [-8.420812, 41.584673], [-8.417273, 41.581526], [-8.410501, 41.572484], [-8.407559, 41.563462], [-8.408426, 41.545452], [-8.411923, 41.536462], [-8.418174, 41.527487], [-8.433425, 41.514165], [-8.445419, 41.512947], [-8.492879, 41.536848], [-8.500234, 41.545887], [-8.479649, 41.572818]], [[-8.50523, 41.527064], [-8.493224, 41.529638], [-8.481255, 41.527386], [-8.463886, 41.518702], [-8.456145, 41.509658], [-8.456396, 41.500652], [-8.469588, 41.488336], [-8.481583, 41.486343], [-8.493539, 41.489277], [-8.509658, 41.500891], [-8.514147, 41.509918], [-8.513399, 41.518922], [-8.50523, 41.527064]], [[-8.445602, 41.491493], [-8.433564, 41.498237], [-8.421601, 41.496163], [-8.416666, 41.49145], [-8.411064, 41.482414], [-8.415335, 41.473428], [-8.421854, 41.46779], [-8.433847, 41.465709], [-8.445794, 41.469035], [-8.451626, 41.473607], [-8.451818, 41.482615], [-8.445602, 41.491493]]], [[[-7.777952, 41.724207], [-7.809599, 41.765986], [-7.823946, 41.775141], [-7.841477, 41.779282], [-7.853491, 41.780357], [-7.877585, 41.778776], [-7.892614, 41.775823], [-7.901819, 41.768929], [-7.909482, 41.748964], [-7.937966, 41.72221], [-7.943622, 41.713255], [-7.946553, 41.704275], [-7.947026, 41.686266], [-7.936057, 41.650137], [-7.936153, 41.632124], [-7.94017, 41.623154], [-7.948377, 41.614222], [-7.964581, 41.606571], [-7.969986, 41.605776], [-7.965796, 41.602413], [-7.9541, 41.602846], [-7.952606, 41.600592], [-7.947808, 41.60081], [-7.942725, 41.595625], [-7.935832, 41.594713], [-7.93791, 41.601694], [-7.937004, 41.603718], [-7.931604, 41.604384], [-7.930979, 41.612711], [-7.925556, 41.620354], [-7.920755, 41.620796], [-7.917748, 41.623041], [-7.915933, 41.627764], [-7.913229, 41.628885], [-7.912613, 41.63361], [-7.906014, 41.633147], [-7.906884, 41.641927], [-7.897869, 41.645511], [-7.89696, 41.647985], [-7.892759, 41.647976], [-7.892145, 41.651576], [-7.901724, 41.658573], [-7.902319, 41.66015], [-7.899913, 41.66127], [-7.899606, 41.663366], [-7.91547, 41.672657], [-7.927282, 41.684782], [-7.933108, 41.695144], [-7.935237, 41.704171], [-7.934581, 41.713172], [-7.93061, 41.722142], [-7.903033, 41.748903], [-7.896076, 41.76685], [-7.889743, 41.771516], [-7.877623, 41.776588], [-7.86556, 41.778306], [-7.85353, 41.77819], [-7.838152, 41.775285], [-7.822226, 41.766116], [-7.815697, 41.757043], [-7.811886, 41.747996], [-7.806903, 41.715515], [-7.804499, 41.714158], [-7.79939, 41.714593], [-7.79788, 41.716164], [-7.796383, 41.71526], [-7.790966, 41.717044], [-7.789449, 41.719966], [-7.78464, 41.720402], [-7.78252, 41.723546], [-7.777952, 41.724207]]], [[[-7.975086, 41.60503], [-7.998472, 41.607073], [-7.996684, 41.602003], [-7.984685, 41.603564], [-7.982292, 41.60086], [-7.975086, 41.60503]]], [[[-8.005295, 41.60899], [-8.024424, 41.617253], [-8.036311, 41.625069], [-8.05429, 41.642163], [-8.057727, 41.651199], [-8.05691, 41.660199], [-8.052642, 41.669171], [-8.043882, 41.678105], [-8.028334, 41.686982], [-8.01952, 41.695914], [-8.02236, 41.704945], [-8.030222, 41.714019], [-8.053574, 41.732228], [-8.060728, 41.741293], [-8.065292, 41.750337], [-8.066931, 41.759358], [-8.063927, 41.777347], [-8.057844, 41.786304], [-8.045817, 41.794186], [-8.033741, 41.796837], [-8.021707, 41.796727], [-8.0097, 41.794784], [-7.961811, 41.779056], [-7.937778, 41.777021], [-7.925718, 41.7787], [-7.915327, 41.785047], [-7.915957, 41.79406], [-7.92155, 41.812126], [-7.918747, 41.821106], [-7.904724, 41.847994], [-7.900346, 41.861363], [-7.904318, 41.859795], [-7.907309, 41.865203], [-7.906095, 41.868126], [-7.907805, 41.869255], [-7.909235, 41.848037], [-7.926276, 41.81217], [-7.920698, 41.794104], [-7.921991, 41.78511], [-7.925648, 41.782875], [-7.937743, 41.779161], [-7.949774, 41.77925], [-7.961757, 41.782351], [-7.969836, 41.785549], [-7.98557, 41.7985], [-8.041353, 41.826679], [-8.041054, 41.825097], [-8.045268, 41.824425], [-8.047679, 41.821276], [-8.057314, 41.815656], [-8.06664, 41.817012], [-8.072961, 41.813414], [-8.078678, 41.813417], [-8.082892, 41.810493], [-8.091013, 41.812521], [-8.093421, 41.811397], [-8.093723, 41.808471], [-8.101845, 41.809824], [-8.104853, 41.81185], [-8.109405, 41.811401], [-8.091898, 41.768565], [-8.081117, 41.750465], [-8.073519, 41.741397], [-8.062221, 41.732299], [-8.046857, 41.723969], [-8.03379, 41.714049], [-8.0268, 41.704983], [-8.026481, 41.695973], [-8.035379, 41.687531], [-8.049119, 41.678149], [-8.056389, 41.669202], [-8.063189, 41.651243], [-8.060674, 41.642216], [-8.038227, 41.615009], [-8.031303, 41.602938], [-8.02367, 41.603156], [-8.019174, 41.601802], [-8.005971, 41.60629], [-8.005295, 41.60899]]], [[[-8.068081, 41.573374], [-8.121029, 41.574409], [-8.148193, 41.57084], [-8.157102, 41.567595], [-8.165559, 41.56196], [-8.169227, 41.557367], [-8.17453, 41.544011], [-8.174774, 41.535005], [-8.169756, 41.516025], [-8.164359, 41.507908], [-8.157939, 41.5031], [-8.145989, 41.500651], [-8.122028, 41.500584], [-8.104834, 41.498453], [-8.079783, 41.489248], [-8.068057, 41.480293], [-8.066074, 41.483218], [-8.066069, 41.48817], [-8.072054, 41.490199], [-8.07175, 41.494925], [-8.073246, 41.49619], [-8.140338, 41.507731], [-8.154135, 41.516841], [-8.158094, 41.525877], [-8.158796, 41.534889], [-8.156256, 41.543878], [-8.145261, 41.556044], [-8.133192, 41.561839], [-8.121158, 41.564888], [-8.097158, 41.565856], [-8.081577, 41.564115], [-8.081276, 41.565382], [-8.078879, 41.56493], [-8.077678, 41.566956], [-8.069883, 41.570103], [-8.068081, 41.573374]]], [[[-8.350606, 41.749297], [-8.350606, 41.749297], [-8.350734, 41.749488], [-8.350606, 41.749297]]], [[[-8.350757, 41.749522], [-8.350757, 41.749522], [-8.351338, 41.750388], [-8.350757, 41.749522]]], [[[-8.352266, 41.75177], [-8.352266, 41.75177], [-8.352547, 41.752188], [-8.352266, 41.75177]]], [[[-8.490272, 41.232373], [-8.490272, 41.232373], [-8.488803, 41.229902], [-8.490272, 41.232373]]], [[[-7.801408, 41.874176], [-7.796314, 41.855915], [-7.789988, 41.846842], [-7.780185, 41.838718], [-7.768234, 41.833894], [-7.756216, 41.832592], [-7.74233, 41.833929], [-7.74729, 41.837772], [-7.746364, 41.841557], [-7.756067, 41.840276], [-7.768072, 41.842309], [-7.776409, 41.846698], [-7.784294, 41.855789], [-7.786376, 41.864817], [-7.784368, 41.873803], [-7.779377, 41.881224], [-7.767172, 41.8892], [-7.758484, 41.890925], [-7.756592, 41.89407], [-7.758076, 41.897901], [-7.764097, 41.898595], [-7.779227, 41.886264], [-7.785257, 41.885157], [-7.788886, 41.882467], [-7.794309, 41.882033], [-7.796739, 41.878214], [-7.794954, 41.873932], [-7.801408, 41.874176]]], [[[-7.741449, 41.890193], [-7.731072, 41.886114], [-7.723741, 41.878429], [-7.720533, 41.880218], [-7.720523, 41.881793], [-7.725335, 41.882935], [-7.726208, 41.887665], [-7.737044, 41.888828], [-7.737935, 41.890857], [-7.741449, 41.890193]]], [[[-8.745708, 41.33505], [-8.757667, 41.33295], [-8.769633, 41.328623], [-8.781098, 41.321576], [-8.789489, 41.312584], [-8.793103, 41.303583], [-8.793573, 41.294576], [-8.791096, 41.285564], [-8.784448, 41.276544], [-8.769851, 41.266663], [-8.757929, 41.262173], [-8.737388, 41.258431], [-8.710191, 41.259175], [-8.698242, 41.261549], [-8.681855, 41.267298], [-8.67014, 41.276273], [-8.666319, 41.28527], [-8.667115, 41.29428], [-8.67146, 41.3033], [-8.679086, 41.312329], [-8.697947, 41.325703], [-8.709874, 41.330721], [-8.72181, 41.333948], [-8.745708, 41.33505]], [[-8.745761, 41.321284], [-8.7338, 41.32447], [-8.721849, 41.324934], [-8.709908, 41.322912], [-8.697983, 41.317887], [-8.690018, 41.312359], [-8.682166, 41.30333], [-8.679142, 41.294314], [-8.680435, 41.28531], [-8.687557, 41.276322], [-8.698201, 41.270458], [-8.710155, 41.267129], [-8.722098, 41.266324], [-8.734031, 41.267523], [-8.745955, 41.271422], [-8.755109, 41.276485], [-8.763364, 41.28551], [-8.76621, 41.294524], [-8.765028, 41.303529], [-8.759161, 41.312525], [-8.745761, 41.321284]]]]}}, {"id": "0", "type": "Feature", "properties": {"fill": "#881d1d", "value_min": -4.0, "value_max": -3.67}, "geometry": {"type": "MultiPolygon", "coordinates": [[[[-7.888839, 41.823855], [-7.891256, 41.820844], [-7.891682, 41.811842], [-7.889207, 41.802597], [-7.877222, 41.799578], [-7.865189, 41.79936], [-7.853129, 41.800641], [-7.850055, 41.802426], [-7.847313, 41.811405], [-7.847644, 41.820415], [-7.856282, 41.829508], [-7.864608, 41.832268], [-7.876664, 41.831484], [-7.888839, 41.823855]]], [[[-8.016557, 41.731917], [-8.010714, 41.728816], [-8.004106, 41.73181], [-8.009534, 41.740863], [-8.011473, 41.74088], [-8.016557, 41.731917]]], [[[-8.231274, 41.38083], [-8.219354, 41.377552], [-8.216769, 41.382173], [-8.219271, 41.38452], [-8.231249, 41.382972], [-8.231274, 41.38083]]]]}}, {"id": "20", "type": "Feature", "properties": {"fill": "#2e6eed", "value_min": 2.67, "value_max": 3.0}, "geometry": {"type": "MultiPolygon", "coordinates": [[[[-7.948839, 41.836503], [-7.945023, 41.839364], [-7.948713, 41.844178], [-7.955426, 41.839459], [-7.948839, 41.836503]]], [[[-8.361425, 41.52401], [-8.373493, 41.515487], [-8.378883, 41.509267], [-8.383023, 41.500282], [-8.382639, 41.473257], [-8.379288, 41.464232], [-8.374057, 41.456867], [-8.362168, 41.4483], [-8.350233, 41.444604], [-8.338275, 41.443332], [-8.326293, 41.444404], [-8.314288, 41.447649], [-8.301106, 41.454776], [-8.29189, 41.463727], [-8.287181, 41.472705], [-8.285805, 41.481704], [-8.28719, 41.49072], [-8.294924, 41.508783], [-8.302916, 41.517839], [-8.313472, 41.524905], [-8.325419, 41.528654], [-8.337395, 41.529727], [-8.349399, 41.52804], [-8.361425, 41.52401]], [[-8.373529, 41.511729], [-8.361456, 41.520859], [-8.349427, 41.525179], [-8.33743, 41.526329], [-8.325454, 41.525292], [-8.313513, 41.521027], [-8.308803, 41.517874], [-8.299321, 41.508809], [-8.29386, 41.499769], [-8.290226, 41.481732], [-8.291598, 41.472733], [-8.296628, 41.463756], [-8.307441, 41.454814], [-8.314251, 41.451119], [-8.32626, 41.447531], [-8.338242, 41.446598], [-8.350203, 41.447623], [-8.362135, 41.451613], [-8.367294, 41.455159], [-8.374016, 41.461195], [-8.380408, 41.473245], [-8.380677, 41.500269], [-8.373529, 41.511729]]]]}}, {"id": "19", "type": "Feature", "properties": {"fill": "#4182f2", "value_min": 2.33, "value_max": 2.67}, "geometry": {"type": "MultiPolygon", "coordinates": [[[[-7.960701, 41.847712], [-7.964295, 41.83954], [-7.9609, 41.835399], [-7.948933, 41.83073], [-7.937513, 41.839295], [-7.943378, 41.848356], [-7.948602, 41.850967], [-7.960701, 41.847712]], [[-7.948839, 41.836503], [-7.955426, 41.839459], [-7.948713, 41.844178], [-7.945023, 41.839364], [-7.948839, 41.836503]]], [[[-8.095626, 41.675598], [-8.083603, 41.676244], [-8.081858, 41.678415], [-8.083538, 41.680797], [-8.095547, 41.681211], [-8.097904, 41.678542], [-8.095626, 41.675598]]], [[[-8.361394, 41.527161], [-8.374691, 41.518251], [-8.382088, 41.509284], [-8.385369, 41.500294], [-8.386011, 41.482283], [-8.382414, 41.464249], [-8.374103, 41.452058], [-8.362204, 41.444635], [-8.350269, 41.441017], [-8.338309, 41.439935], [-8.32633, 41.440786], [-8.314328, 41.443821], [-8.302298, 41.449325], [-8.294535, 41.454736], [-8.286291, 41.463692], [-8.282168, 41.472674], [-8.282804, 41.490693], [-8.290528, 41.508756], [-8.301513, 41.522459], [-8.313425, 41.529375], [-8.325377, 41.532689], [-8.337358, 41.533349], [-8.349361, 41.531762], [-8.361394, 41.527161]], [[-8.361425, 41.52401], [-8.349399, 41.52804], [-8.337395, 41.529727], [-8.325419, 41.528654], [-8.313472, 41.524905], [-8.302916, 41.517839], [-8.294924, 41.508783], [-8.28719, 41.49072], [-8.285805, 41.481704], [-8.287181, 41.472705], [-8.29189, 41.463727], [-8.301106, 41.454776], [-8.314288, 41.447649], [-8.326293, 41.444404], [-8.338275, 41.443332], [-8.350233, 41.444604], [-8.362168, 41.4483], [-8.374057, 41.456867], [-8.379288, 41.464232], [-8.382639, 41.473257], [-8.383023, 41.500282], [-8.378883, 41.509267], [-8.373493, 41.515487], [-8.361425, 41.52401]]]]}}, {"id": "18", "type": "Feature", "properties": {"fill": "#5599f7", "value_min": 2.0, "value_max": 2.33}, "geometry": {"type": "MultiPolygon", "coordinates": [[[[-7.970151, 41.839592], [-7.963107, 41.830522], [-7.948986, 41.827533], [-7.936838, 41.833895], [-7.933442, 41.839257], [-7.9353, 41.848281], [-7.948527, 41.855574], [-7.960601, 41.853893], [-7.967686, 41.848577], [-7.970151, 41.839592]], [[-7.960701, 41.847712], [-7.948602, 41.850967], [-7.943378, 41.848356], [-7.937513, 41.839295], [-7.948933, 41.83073], [-7.9609, 41.835399], [-7.964295, 41.83954], [-7.960701, 41.847712]]], [[[-7.865957, 41.755784], [-7.861797, 41.757508], [-7.865881, 41.760077], [-7.867979, 41.75757], [-7.865957, 41.755784]]], [[[-8.095701, 41.670235], [-8.083678, 41.670933], [-8.07769, 41.678382], [-8.083457, 41.686553], [-8.095478, 41.686136], [-8.102155, 41.678576], [-8.095701, 41.670235]], [[-8.095626, 41.675598], [-8.097904, 41.678542], [-8.095547, 41.681211], [-8.083538, 41.680797], [-8.081858, 41.678415], [-8.083603, 41.676244], [-8.095626, 41.675598]]], [[[-8.349324, 41.535485], [-8.361351, 41.531527], [-8.373411, 41.523929], [-8.385292, 41.509301], [-8.388438, 41.50031], [-8.389051, 41.491306], [-8.38554, 41.464265], [-8.381725, 41.455237], [-8.374153, 41.446946], [-8.362246, 41.440294], [-8.350304, 41.437429], [-8.338345, 41.436394], [-8.326368, 41.437169], [-8.314372, 41.439608], [-8.302349, 41.444551], [-8.287564, 41.454693], [-8.280201, 41.463654], [-8.276694, 41.47264], [-8.276226, 41.481644], [-8.284844, 41.50872], [-8.290245, 41.517761], [-8.301445, 41.528813], [-8.313371, 41.53448], [-8.325333, 41.537008], [-8.337317, 41.537362], [-8.349324, 41.535485]], [[-8.361394, 41.527161], [-8.349361, 41.531762], [-8.337358, 41.533349], [-8.325377, 41.532689], [-8.313425, 41.529375], [-8.301513, 41.522459], [-8.290528, 41.508756], [-8.282804, 41.490693], [-8.282168, 41.472674], [-8.286291, 41.463692], [-8.294535, 41.454736], [-8.302298, 41.449325], [-8.314328, 41.443821], [-8.32633, 41.440786], [-8.338309, 41.439935], [-8.350269, 41.441017], [-8.362204, 41.444635], [-8.374103, 41.452058], [-8.382414, 41.464249], [-8.386011, 41.482283], [-8.385369, 41.500294], [-8.382088, 41.509284], [-8.374691, 41.518251], [-8.361394, 41.527161]]]]}}, {"id": "17", "type": "Feature", "properties": {"fill": "#6ba5ec", "value_min": 1.67, "value_max": 2.0}, "geometry": {"type": "MultiPolygon", "coordinates": [[[[-7.972683, 41.851736], [-7.975131, 41.848644], [-7.976366, 41.839648], [-7.970297, 41.830587], [-7.961058, 41.82568], [-7.949035, 41.824495], [-7.93532, 41.830268], [-7.929761, 41.839223], [-7.930721, 41.848239], [-7.936479, 41.85557], [-7.948446, 41.860477], [-7.960508, 41.859651], [-7.972683, 41.851736]], [[-7.970151, 41.839592], [-7.967686, 41.848577], [-7.960601, 41.853893], [-7.948527, 41.855574], [-7.9353, 41.848281], [-7.933442, 41.839257], [-7.936838, 41.833895], [-7.948986, 41.827533], [-7.963107, 41.830522], [-7.970151, 41.839592]]], [[[-7.874294, 41.757632], [-7.866053, 41.750353], [-7.853949, 41.754631], [-7.851835, 41.757409], [-7.853838, 41.760861], [-7.86576, 41.766962], [-7.874294, 41.757632]], [[-7.865957, 41.755784], [-7.867979, 41.75757], [-7.865881, 41.760077], [-7.861797, 41.757508], [-7.865957, 41.755784]]], [[[-8.106405, 41.678609], [-8.102297, 41.66957], [-8.095763, 41.665786], [-8.083741, 41.666493], [-8.079664, 41.669391], [-8.073523, 41.678348], [-8.077654, 41.687389], [-8.083392, 41.691086], [-8.09542, 41.690267], [-8.106405, 41.678609]], [[-8.095701, 41.670235], [-8.102155, 41.678576], [-8.095478, 41.686136], [-8.083457, 41.686553], [-8.07769, 41.678382], [-8.083678, 41.670933], [-8.095701, 41.670235]]], [[[-8.361308, 41.535902], [-8.375049, 41.527261], [-8.383892, 41.518301], [-8.389351, 41.509323], [-8.39165, 41.49132], [-8.389272, 41.464285], [-8.386532, 41.455263], [-8.380507, 41.446223], [-8.37421, 41.440979], [-8.362292, 41.435633], [-8.350351, 41.432802], [-8.338391, 41.431873], [-8.31442, 41.435056], [-8.302404, 41.439394], [-8.29036, 41.446163], [-8.279848, 41.454645], [-8.272606, 41.463607], [-8.26923, 41.472593], [-8.269093, 41.481599], [-8.282177, 41.517711], [-8.289471, 41.527644], [-8.300813, 41.535841], [-8.313305, 41.540725], [-8.325274, 41.5426], [-8.337264, 41.542533], [-8.349273, 41.540535], [-8.361308, 41.535902]], [[-8.349324, 41.535485], [-8.337317, 41.537362], [-8.325333, 41.537008], [-8.313371, 41.53448], [-8.301445, 41.528813], [-8.290245, 41.517761], [-8.284844, 41.50872], [-8.276226, 41.481644], [-8.276694, 41.47264], [-8.280201, 41.463654], [-8.287564, 41.454693], [-8.302349, 41.444551], [-8.314372, 41.439608], [-8.326368, 41.437169], [-8.338345, 41.436394], [-8.350304, 41.437429], [-8.362246, 41.440294], [-8.374153, 41.446946], [-8.381725, 41.455237], [-8.38554, 41.464265], [-8.389051, 41.491306], [-8.388438, 41.50031], [-8.385292, 41.509301], [-8.373411, 41.523929], [-8.361351, 41.531527], [-8.349324, 41.535485]]]]}}, {"id": "2", "type": "Feature", "properties": {"fill": "#ae1c1c", "value_min": -3.33, "value_max": -3.0}, "geometry": {"type": "MultiPolygon", "coordinates": [[[[-7.876578, 41.83643], [-7.888835, 41.829828], [-7.895984, 41.82089], [-7.896952, 41.811892], [-7.894356, 41.802861], [-7.889282, 41.798224], [-7.877328, 41.793506], [-7.865297, 41.793261], [-7.853204, 41.796466], [-7.84306, 41.802355], [-7.837343, 41.811304], [-7.837795, 41.820316], [-7.844121, 41.829386], [-7.852517, 41.834961], [-7.864513, 41.837622], [-7.876578, 41.83643]], [[-7.864561, 41.834945], [-7.849558, 41.829441], [-7.842512, 41.820363], [-7.84169, 41.811348], [-7.846557, 41.802391], [-7.853167, 41.798553], [-7.865246, 41.796143], [-7.877276, 41.796463], [-7.889244, 41.80041], [-7.8919, 41.802837], [-7.894317, 41.811867], [-7.893619, 41.820867], [-7.888787, 41.826889], [-7.876621, 41.833957], [-7.864561, 41.834945]]], [[[-8.010438, 41.746807], [-8.022532, 41.742383], [-8.025216, 41.731991], [-8.022733, 41.729139], [-8.010807, 41.722752], [-7.998722, 41.726806], [-7.994193, 41.731723], [-7.996409, 41.740749], [-8.010438, 41.746807]], [[-8.002325, 41.740801], [-7.998656, 41.73105], [-8.010761, 41.725765], [-8.022446, 41.731967], [-8.018301, 41.740939], [-8.010481, 41.744031], [-8.002325, 41.740801]]], [[[-8.021668, 41.659904], [-8.023758, 41.661418], [-8.025997, 41.659941], [-8.023806, 41.658217], [-8.021668, 41.659904]]], [[[-8.199232, 41.377423], [-8.198529, 41.382047], [-8.203673, 41.39109], [-8.2072, 41.393639], [-8.219111, 41.397855], [-8.231084, 41.39701], [-8.242109, 41.39135], [-8.247182, 41.382376], [-8.245982, 41.37336], [-8.242779, 41.369228], [-8.239197, 41.371315], [-8.234094, 41.370644], [-8.237685, 41.373306], [-8.240529, 41.382332], [-8.231139, 41.392282], [-8.219169, 41.393047], [-8.214254, 41.391163], [-8.205876, 41.382098], [-8.207121, 41.376968], [-8.199232, 41.377423]]], [[[-8.216783, 41.368871], [-8.216783, 41.368871], [-8.218117, 41.368182], [-8.216783, 41.368871]]], [[[-8.625963, 41.375952], [-8.637919, 41.376436], [-8.641164, 41.375271], [-8.649913, 41.369725], [-8.652544, 41.366299], [-8.652744, 41.357291], [-8.65, 41.353519], [-8.638086, 41.346277], [-8.626132, 41.346388], [-8.621798, 41.348186], [-8.612548, 41.357163], [-8.613053, 41.366173], [-8.625963, 41.375952]], [[-8.636368, 41.366249], [-8.626063, 41.358389], [-8.626071, 41.357099], [-8.639237, 41.35725], [-8.638127, 41.366254], [-8.636368, 41.366249]]]]}}, {"id": "1", "type": "Feature", "properties": {"fill": "#9c1c1c", "value_min": -3.67, "value_max": -3.33}, "geometry": {"type": "MultiPolygon", "coordinates": [[[[-7.864561, 41.834945], [-7.876621, 41.833957], [-7.888787, 41.826889], [-7.893619, 41.820867], [-7.894317, 41.811867], [-7.8919, 41.802837], [-7.889244, 41.80041], [-7.877276, 41.796463], [-7.865246, 41.796143], [-7.853167, 41.798553], [-7.846557, 41.802391], [-7.84169, 41.811348], [-7.842512, 41.820363], [-7.849558, 41.829441], [-7.864561, 41.834945]], [[-7.888839, 41.823855], [-7.876664, 41.831484], [-7.864608, 41.832268], [-7.856282, 41.829508], [-7.847644, 41.820415], [-7.847313, 41.811405], [-7.850055, 41.802426], [-7.853129, 41.800641], [-7.865189, 41.79936], [-7.877222, 41.799578], [-7.889207, 41.802597], [-7.891682, 41.811842], [-7.891256, 41.820844], [-7.888839, 41.823855]]], [[[-8.002325, 41.740801], [-8.010481, 41.744031], [-8.018301, 41.740939], [-8.022446, 41.731967], [-8.010761, 41.725765], [-7.998656, 41.73105], [-8.002325, 41.740801]], [[-8.016557, 41.731917], [-8.011473, 41.74088], [-8.009534, 41.740863], [-8.004106, 41.73181], [-8.010714, 41.728816], [-8.016557, 41.731917]]], [[[-8.207121, 41.376968], [-8.205876, 41.382098], [-8.214254, 41.391163], [-8.219169, 41.393047], [-8.231139, 41.392282], [-8.240529, 41.382332], [-8.237685, 41.373306], [-8.234094, 41.370644], [-8.224854, 41.370878], [-8.218117, 41.368182], [-8.216783, 41.368871], [-8.212011, 41.375839], [-8.207121, 41.376968]], [[-8.231274, 41.38083], [-8.231249, 41.382972], [-8.219271, 41.38452], [-8.216769, 41.382173], [-8.219354, 41.377552], [-8.231274, 41.38083]]], [[[-8.636368, 41.366249], [-8.638127, 41.366254], [-8.639237, 41.35725], [-8.626071, 41.357099], [-8.626063, 41.358389], [-8.636368, 41.366249]]]]}}, {"id": "16", "type": "Feature", "properties": {"fill": "#80a4d0", "value_min": 1.33, "value_max": 1.67}, "geometry": {"type": "MultiPolygon", "coordinates": [[[[-7.982616, 41.84871], [-7.982896, 41.839706], [-7.977866, 41.830654], [-7.973077, 41.827049], [-7.961118, 41.821959], [-7.949085, 41.821457], [-7.93698, 41.825312], [-7.931356, 41.830231], [-7.92608, 41.839189], [-7.926141, 41.848196], [-7.931806, 41.857255], [-7.936382, 41.861456], [-7.948363, 41.865576], [-7.960413, 41.865493], [-7.972535, 41.860948], [-7.976802, 41.857665], [-7.982616, 41.84871]], [[-7.972683, 41.851736], [-7.960508, 41.859651], [-7.948446, 41.860477], [-7.936479, 41.85557], [-7.930721, 41.848239], [-7.929761, 41.839223], [-7.93532, 41.830268], [-7.949035, 41.824495], [-7.961058, 41.82568], [-7.970297, 41.830587], [-7.976366, 41.839648], [-7.975131, 41.848644], [-7.972683, 41.851736]]], [[[-7.877889, 41.761337], [-7.879836, 41.757686], [-7.878023, 41.753624], [-7.872863, 41.748611], [-7.866141, 41.745314], [-7.854075, 41.747527], [-7.846378, 41.757355], [-7.851433, 41.766412], [-7.865717, 41.769401], [-7.873658, 41.766632], [-7.877889, 41.761337]], [[-7.874294, 41.757632], [-7.86576, 41.766962], [-7.853838, 41.760861], [-7.851835, 41.757409], [-7.853949, 41.754631], [-7.866053, 41.750353], [-7.874294, 41.757632]]], [[[-7.906951, 41.712913], [-7.902839, 41.708993], [-7.890826, 41.708609], [-7.886251, 41.712714], [-7.885982, 41.721718], [-7.89054, 41.725257], [-7.902579, 41.724282], [-7.905664, 41.721907], [-7.906951, 41.712913]]], [[[-8.059262, 41.69775], [-8.047215, 41.699742], [-8.044007, 41.705128], [-8.047077, 41.709099], [-8.059074, 41.710665], [-8.065762, 41.705306], [-8.059262, 41.69775]]], [[[-8.107527, 41.683753], [-8.112474, 41.678656], [-8.110308, 41.669632], [-8.095823, 41.661477], [-8.083799, 41.662398], [-8.074026, 41.669345], [-8.069071, 41.678312], [-8.071408, 41.688807], [-8.083331, 41.695397], [-8.095367, 41.694085], [-8.107527, 41.683753]], [[-8.106405, 41.678609], [-8.09542, 41.690267], [-8.083392, 41.691086], [-8.077654, 41.687389], [-8.073523, 41.678348], [-8.079664, 41.669391], [-8.083741, 41.666493], [-8.095763, 41.665786], [-8.102297, 41.66957], [-8.106405, 41.678609]]], [[[-8.096521, 41.61156], [-8.084549, 41.609411], [-8.079457, 41.615346], [-8.084373, 41.621888], [-8.096408, 41.61963], [-8.099238, 41.615503], [-8.096521, 41.61156]]], [[[-8.361249, 41.541902], [-8.373309, 41.534543], [-8.381473, 41.527295], [-8.389025, 41.518328], [-8.393479, 41.509345], [-8.394752, 41.500344], [-8.392018, 41.455292], [-8.388121, 41.446264], [-8.378793, 41.437207], [-8.362346, 41.430097], [-8.338439, 41.427165], [-8.314475, 41.429858], [-8.302464, 41.433861], [-8.281305, 41.445646], [-8.270571, 41.454586], [-8.263481, 41.463549], [-8.259373, 41.47253], [-8.258922, 41.481534], [-8.267038, 41.499601], [-8.271676, 41.517645], [-8.275715, 41.526678], [-8.283648, 41.535735], [-8.301271, 41.544925], [-8.313227, 41.548136], [-8.337201, 41.548726], [-8.361249, 41.541902]], [[-8.361308, 41.535902], [-8.349273, 41.540535], [-8.337264, 41.542533], [-8.325274, 41.5426], [-8.313305, 41.540725], [-8.300813, 41.535841], [-8.289471, 41.527644], [-8.282177, 41.517711], [-8.269093, 41.481599], [-8.26923, 41.472593], [-8.272606, 41.463607], [-8.279848, 41.454645], [-8.29036, 41.446163], [-8.302404, 41.439394], [-8.31442, 41.435056], [-8.338391, 41.431873], [-8.350351, 41.432802], [-8.362292, 41.435633], [-8.37421, 41.440979], [-8.380507, 41.446223], [-8.386532, 41.455263], [-8.389272, 41.464285], [-8.39165, 41.49132], [-8.389351, 41.509323], [-8.383892, 41.518301], [-8.375049, 41.527261], [-8.361308, 41.535902]]]]}}, {"id": "15", "type": "Feature", "properties": {"fill": "#97a3b2", "value_min": 1.0, "value_max": 1.33}, "geometry": {"type": "MultiPolygon", "coordinates": [[[[-7.954863, 41.872454], [-7.960297, 41.872682], [-7.972394, 41.869784], [-7.978104, 41.866684], [-7.98796, 41.857764], [-7.991696, 41.84879], [-7.991189, 41.839779], [-7.985881, 41.830725], [-7.973817, 41.821612], [-7.961199, 41.816966], [-7.949164, 41.816624], [-7.937039, 41.821758], [-7.927393, 41.830194], [-7.922582, 41.839156], [-7.921866, 41.848156], [-7.925122, 41.857193], [-7.936277, 41.86781], [-7.94598, 41.871348], [-7.954863, 41.872454]], [[-7.982616, 41.84871], [-7.976802, 41.857665], [-7.972535, 41.860948], [-7.960413, 41.865493], [-7.948363, 41.865576], [-7.936382, 41.861456], [-7.931806, 41.857255], [-7.926141, 41.848196], [-7.92608, 41.839189], [-7.931356, 41.830231], [-7.93698, 41.825312], [-7.949085, 41.821457], [-7.961118, 41.821959], [-7.973077, 41.827049], [-7.977866, 41.830654], [-7.982896, 41.839706], [-7.982616, 41.84871]]], [[[-7.93747, 41.795716], [-7.949482, 41.79719], [-7.952324, 41.794397], [-7.949674, 41.785391], [-7.937582, 41.788906], [-7.93747, 41.795716]]], [[[-7.865674, 41.771841], [-7.879692, 41.766691], [-7.884314, 41.757729], [-7.878187, 41.744198], [-7.866227, 41.74047], [-7.854174, 41.741969], [-7.844323, 41.748327], [-7.840697, 41.757298], [-7.845449, 41.766352], [-7.853668, 41.770438], [-7.865674, 41.771841]], [[-7.877889, 41.761337], [-7.873658, 41.766632], [-7.865717, 41.769401], [-7.851433, 41.766412], [-7.846378, 41.757355], [-7.854075, 41.747527], [-7.866141, 41.745314], [-7.872863, 41.748611], [-7.878023, 41.753624], [-7.879836, 41.757686], [-7.877889, 41.761337]]], [[[-7.889313, 41.730757], [-7.902492, 41.729409], [-7.912158, 41.721969], [-7.914026, 41.71298], [-7.902952, 41.70236], [-7.890934, 41.702346], [-7.879664, 41.71265], [-7.878569, 41.722251], [-7.889313, 41.730757]], [[-7.906951, 41.712913], [-7.905664, 41.721907], [-7.902579, 41.724282], [-7.89054, 41.725257], [-7.885982, 41.721718], [-7.886251, 41.712714], [-7.890826, 41.708609], [-7.902839, 41.708993], [-7.906951, 41.712913]]], [[[-8.046997, 41.71446], [-8.05899, 41.716429], [-8.066619, 41.71432], [-8.079474, 41.705417], [-8.095281, 41.700193], [-8.112158, 41.68766], [-8.119252, 41.678708], [-8.119346, 41.669701], [-8.107882, 41.658065], [-8.095921, 41.654485], [-8.083882, 41.656556], [-8.071741, 41.665651], [-8.064368, 41.678274], [-8.061659, 41.687259], [-8.044034, 41.696121], [-8.039562, 41.70509], [-8.046997, 41.71446]], [[-8.059262, 41.69775], [-8.065762, 41.705306], [-8.059074, 41.710665], [-8.047077, 41.709099], [-8.044007, 41.705128], [-8.047215, 41.699742], [-8.059262, 41.69775]], [[-8.107527, 41.683753], [-8.095367, 41.694085], [-8.083331, 41.695397], [-8.071408, 41.688807], [-8.069071, 41.678312], [-8.074026, 41.669345], [-8.083799, 41.662398], [-8.095823, 41.661477], [-8.110308, 41.669632], [-8.112474, 41.678656], [-8.107527, 41.683753]]], [[[-8.084246, 41.630835], [-8.096251, 41.630876], [-8.105476, 41.624559], [-8.110152, 41.615588], [-8.106466, 41.606552], [-8.096671, 41.600781], [-8.08468, 41.600152], [-8.072522, 41.606283], [-8.069121, 41.615263], [-8.072361, 41.622483], [-8.084246, 41.630835]], [[-8.096521, 41.61156], [-8.099238, 41.615503], [-8.096408, 41.61963], [-8.084373, 41.621888], [-8.079457, 41.615346], [-8.084549, 41.609411], [-8.096521, 41.61156]]], [[[-8.325117, 41.557764], [-8.349143, 41.553591], [-8.361178, 41.5491], [-8.37324, 41.541719], [-8.388046, 41.527331], [-8.394431, 41.518357], [-8.39765, 41.509366], [-8.39625, 41.446307], [-8.390905, 41.437271], [-8.377022, 41.42819], [-8.362409, 41.423706], [-8.350459, 41.421946], [-8.326527, 41.421781], [-8.314538, 41.423876], [-8.2905, 41.43335], [-8.270527, 41.445579], [-8.259312, 41.454514], [-8.244673, 41.472434], [-8.230242, 41.508368], [-8.237131, 41.517421], [-8.271687, 41.544667], [-8.289199, 41.552509], [-8.301155, 41.555741], [-8.325117, 41.557764]], [[-8.361249, 41.541902], [-8.337201, 41.548726], [-8.313227, 41.548136], [-8.301271, 41.544925], [-8.283648, 41.535735], [-8.275715, 41.526678], [-8.271676, 41.517645], [-8.267038, 41.499601], [-8.258922, 41.481534], [-8.259373, 41.47253], [-8.263481, 41.463549], [-8.270571, 41.454586], [-8.281305, 41.445646], [-8.302464, 41.433861], [-8.314475, 41.429858], [-8.338439, 41.427165], [-8.362346, 41.430097], [-8.378793, 41.437207], [-8.388121, 41.446264], [-8.392018, 41.455292], [-8.394752, 41.500344], [-8.393479, 41.509345], [-8.389025, 41.518328], [-8.381473, 41.527295], [-8.373309, 41.534543], [-8.361249, 41.541902]]]]}}]}