{"type": "FeatureCollection", "features": [{"id": "23", "type": "Feature", "properties": {"fill": "#1f4099", "value_min": 3.67, "value_max": 4.0}, "geometry": {"type": "Polygon", "coordinates": [[[-8.37363, 41.501292], [-8.376241, 41.491238], [-8.375422, 41.473218], [-8.362044, 41.460979], [-8.350113, 41.456581], [-8.338161, 41.454537], [-8.312815, 41.463854], [-8.306782, 41.481833], [-8.310751, 41.499871], [-8.313687, 41.504643], [-8.3193, 41.508929], [-8.325592, 41.512044], [-8.337551, 41.51444], [-8.349545, 41.513469], [-8.361548, 41.511463], [-8.37363, 41.501292]]]}}, {"id": "20", "type": "Feature", "properties": {"fill": "#2e6eed", "value_min": 2.67, "value_max": 3.0}, "geometry": {"type": "Polygon", "coordinates": [[[-8.373541, 41.5105], [-8.381631, 41.500274], [-8.384038, 41.482272], [-8.382824, 41.473258], [-8.374032, 41.459502], [-8.362135, 41.451641], [-8.350197, 41.448227], [-8.338232, 41.44753], [-8.326244, 41.449128], [-8.31422, 41.454049], [-8.302132, 41.464845], [-8.297949, 41.472772], [-8.296665, 41.481771], [-8.301757, 41.499756], [-8.313585, 41.51429], [-8.325503, 41.520596], [-8.337464, 41.523015], [-8.349456, 41.522357], [-8.36148, 41.518361], [-8.373541, 41.5105]], [[-8.337485, 41.520884], [-8.325528, 41.518154], [-8.310666, 41.508878], [-8.30181, 41.494769], [-8.29894, 41.481785], [-8.302074, 41.470211], [-8.306139, 41.463814], [-8.314189, 41.457035], [-8.326217, 41.451756], [-8.338208, 41.449866], [-8.350172, 41.450671], [-8.362105, 41.454678], [-8.373995, 41.463364], [-8.380357, 41.473245], [-8.381482, 41.482258], [-8.379242, 41.500261], [-8.371595, 41.509227], [-8.361503, 41.516046], [-8.355508, 41.518145], [-8.349478, 41.520165], [-8.337485, 41.520884]]]}}, {"id": "21", "type": "Feature", "properties": {"fill": "#245bd9", "value_min": 3.0, "value_max": 3.33}, "geometry": {"type": "Polygon", "coordinates": [[[-8.337485, 41.520884], [-8.349478, 41.520165], [-8.355508, 41.518145], [-8.361503, 41.516046], [-8.371595, 41.509227], [-8.379242, 41.500261], [-8.381482, 41.482258], [-8.380357, 41.473245], [-8.373995, 41.463364], [-8.362105, 41.454678], [-8.350172, 41.450671], [-8.338208, 41.449866], [-8.326217, 41.451756], [-8.314189, 41.457035], [-8.306139, 41.463814], [-8.302074, 41.470211], [-8.29894, 41.481785], [-8.30181, 41.494769], [-8.310666, 41.508878], [-8.325528, 41.518154], [-8.337485, 41.520884]], [[-8.334346, 41.518025], [-8.313358, 41.508894], [-8.302972, 41.490817], [-8.301987, 41.478341], [-8.309477, 41.463834], [-8.314159, 41.459892], [-8.326189, 41.454385], [-8.338185, 41.452201], [-8.350148, 41.453115], [-8.362075, 41.457819], [-8.373958, 41.467141], [-8.377889, 41.473232], [-8.378755, 41.491251], [-8.376853, 41.500248], [-8.361526, 41.513755], [-8.349501, 41.517834], [-8.334346, 41.518025]]]}}, {"id": "22", "type": "Feature", "properties": {"fill": "#214db8", "value_min": 3.33, "value_max": 3.67}, "geometry": {"type": "Polygon", "coordinates": [[[-8.334346, 41.518025], [-8.349501, 41.517834], [-8.361526, 41.513755], [-8.376853, 41.500248], [-8.378755, 41.491251], [-8.377889, 41.473232], [-8.373958, 41.467141], [-8.362075, 41.457819], [-8.350148, 41.453115], [-8.338185, 41.452201], [-8.326189, 41.454385], [-8.314159, 41.459892], [-8.309477, 41.463834], [-8.301987, 41.478341], [-8.302972, 41.490817], [-8.313358, 41.508894], [-8.334346, 41.518025]], [[-8.37363, 41.501292], [-8.361548, 41.511463], [-8.349545, 41.513469], [-8.337551, 41.51444], [-8.325592, 41.512044], [-8.3193, 41.508929], [-8.313687, 41.504643], [-8.310751, 41.499871], [-8.306782, 41.481833], [-8.312815, 41.463854], [-8.338161, 41.454537], [-8.350113, 41.456581], [-8.362044, 41.460979], [-8.375422, 41.473218], [-8.376241, 41.491238], [-8.37363, 41.501292]]]}}, {"id": "11", "type": "Feature", "properties": {"fill": "#a3a3a3", "value_min": -0.33, "value_max": 0.0}, "geometry": {"type": "MultiPolygon", "coordinates": [[[[-8.001634, 41.850268], [-8.000205, 41.839858], [-7.994583, 41.830802], [-7.98126, 41.821678], [-7.961196, 41.817106], [-7.949151, 41.8174], [-7.937065, 41.820177], [-7.922962, 41.830153], [-7.917772, 41.839111], [-7.916035, 41.848101], [-7.917316, 41.85712], [-7.922155, 41.866172], [-7.933536, 41.875604], [-7.937389, 41.87516], [-7.94011, 41.871875], [-7.930193, 41.866247], [-7.922159, 41.857165], [-7.919536, 41.848134], [-7.920701, 41.839138], [-7.926084, 41.830182], [-7.937025, 41.822622], [-7.949115, 41.819622], [-7.961154, 41.819701], [-7.973147, 41.822673], [-7.986166, 41.830728], [-7.992225, 41.839788], [-7.993136, 41.848803], [-7.990095, 41.857783], [-7.981617, 41.866715], [-7.972358, 41.871998], [-7.962967, 41.874075], [-7.973828, 41.875216], [-7.987996, 41.869157], [-7.990123, 41.860157], [-7.995547, 41.858138], [-7.994044, 41.856786], [-7.994954, 41.853411], [-7.996765, 41.851162], [-8.001634, 41.850268]]], [[[-7.962086, 41.87427], [-7.956363, 41.874555], [-7.960878, 41.875648], [-7.962086, 41.87427]]], [[[-7.889786, 41.769022], [-7.892747, 41.766818], [-7.896656, 41.757849], [-7.894678, 41.748823], [-7.890217, 41.74402], [-7.87831, 41.737148], [-7.866318, 41.735296], [-7.854274, 41.736362], [-7.842189, 41.739671], [-7.829882, 41.748181], [-7.826481, 41.757153], [-7.829924, 41.766195], [-7.84229, 41.775327], [-7.853532, 41.778075], [-7.865559, 41.77836], [-7.879244, 41.775694], [-7.889786, 41.769022]], [[-7.853562, 41.776347], [-7.841613, 41.77174], [-7.834343, 41.76624], [-7.831601, 41.757205], [-7.835201, 41.748235], [-7.842122, 41.743434], [-7.854224, 41.739172], [-7.866266, 41.738237], [-7.878244, 41.740952], [-7.889003, 41.748768], [-7.892155, 41.757805], [-7.888518, 41.766777], [-7.877667, 41.774081], [-7.872213, 41.775625], [-7.865586, 41.776872], [-7.853562, 41.776347]]], [[[-8.10837, 41.622621], [-8.113234, 41.615612], [-8.112261, 41.606597], [-8.108654, 41.602022], [-8.096753, 41.594891], [-8.084767, 41.593983], [-8.075101, 41.597297], [-8.064852, 41.606221], [-8.0634, 41.615217], [-8.068377, 41.624264], [-8.084235, 41.631655], [-8.09625, 41.630958], [-8.10837, 41.622621]], [[-8.084296, 41.627303], [-8.077629, 41.624339], [-8.072427, 41.617842], [-8.070899, 41.615277], [-8.072528, 41.610824], [-8.075285, 41.606306], [-8.084662, 41.601466], [-8.096645, 41.602657], [-8.101954, 41.606517], [-8.105543, 41.615552], [-8.099298, 41.624511], [-8.096316, 41.626264], [-8.084296, 41.627303]]], [[[-8.361131, 41.553908], [-8.373174, 41.548481], [-8.385245, 41.539973], [-8.40943, 41.517144], [-8.445577, 41.494486], [-8.454291, 41.482627], [-8.456201, 41.473629], [-8.454916, 41.464615], [-8.445985, 41.446612], [-8.434158, 41.429988], [-8.422299, 41.417581], [-8.410403, 41.4098], [-8.398479, 41.405435], [-8.38653, 41.403887], [-8.36261, 41.403066], [-8.326759, 41.399258], [-8.314788, 41.400076], [-8.302789, 41.403465], [-8.290753, 41.410126], [-8.268699, 41.427552], [-8.26121, 41.436512], [-8.257247, 41.445494], [-8.256596, 41.454497], [-8.258798, 41.463519], [-8.277841, 41.495559], [-8.289376, 41.536283], [-8.294913, 41.544812], [-8.301211, 41.55055], [-8.313143, 41.556089], [-8.325107, 41.558661], [-8.337096, 41.559038], [-8.349103, 41.557543], [-8.361131, 41.553908]], [[-8.349173, 41.550568], [-8.337171, 41.551702], [-8.325188, 41.550905], [-8.313232, 41.547601], [-8.301319, 41.540472], [-8.291783, 41.526778], [-8.266793, 41.46357], [-8.266286, 41.454559], [-8.268498, 41.445566], [-8.278545, 41.432119], [-8.290617, 41.422585], [-8.302652, 41.416282], [-8.314658, 41.412476], [-8.326637, 41.411068], [-8.374466, 41.414284], [-8.398341, 41.420377], [-8.410249, 41.426874], [-8.422127, 41.436985], [-8.445839, 41.463743], [-8.449638, 41.473597], [-8.449012, 41.482602], [-8.442947, 41.49158], [-8.433563, 41.49837], [-8.409488, 41.510823], [-8.385308, 41.533304], [-8.373239, 41.541742], [-8.361196, 41.547223], [-8.349173, 41.550568]]], [[[-8.625397, 41.185054], [-8.639731, 41.240151], [-8.641063, 41.285194], [-8.644145, 41.294211], [-8.658295, 41.31227], [-8.674051, 41.325047], [-8.697879, 41.340299], [-8.709806, 41.345947], [-8.733686, 41.352507], [-8.745635, 41.35372], [-8.769548, 41.352679], [-8.788788, 41.348614], [-8.807476, 41.341905], [-8.806704, 41.322329], [-8.795167, 41.33061], [-8.775711, 41.339581], [-8.757625, 41.344116], [-8.745668, 41.345279], [-8.72177, 41.343395], [-8.709833, 41.339958], [-8.697903, 41.335176], [-8.676097, 41.321329], [-8.665785, 41.312292], [-8.658275, 41.303262], [-8.653507, 41.29424], [-8.650923, 41.276216], [-8.652323, 41.249197], [-8.637975, 41.213122], [-8.632927, 41.189073], [-8.627456, 41.187971], [-8.625397, 41.185054]]], [[[-8.799627, 41.144062], [-8.799627, 41.144062], [-8.799698, 41.144131], [-8.799627, 41.144062]]]]}}, {"id": "12", "type": "Feature", "properties": {"fill": "#a3a3a3", "value_min": 0.0, "value_max": 0.33}, "geometry": {"type": "MultiPolygon", "coordinates": [[[[-7.962967, 41.874075], [-7.972358, 41.871998], [-7.981617, 41.866715], [-7.990095, 41.857783], [-7.993136, 41.848803], [-7.992225, 41.839788], [-7.986166, 41.830728], [-7.973147, 41.822673], [-7.961154, 41.819701], [-7.949115, 41.819622], [-7.937025, 41.822622], [-7.926084, 41.830182], [-7.920701, 41.839138], [-7.919536, 41.848134], [-7.922159, 41.857165], [-7.930193, 41.866247], [-7.94011, 41.871875], [-7.951254, 41.871132], [-7.954864, 41.872262], [-7.956363, 41.874555], [-7.962086, 41.87427], [-7.962967, 41.874075]], [[-7.948307, 41.869008], [-7.936323, 41.865021], [-7.927345, 41.857214], [-7.923037, 41.848167], [-7.923631, 41.839166], [-7.929314, 41.830212], [-7.936987, 41.824909], [-7.94908, 41.82179], [-7.961113, 41.822232], [-7.973089, 41.826345], [-7.97991, 41.830673], [-7.985309, 41.839727], [-7.985837, 41.848739], [-7.981404, 41.857706], [-7.972473, 41.86484], [-7.960357, 41.868937], [-7.948307, 41.869008]]], [[[-7.853562, 41.776347], [-7.865586, 41.776872], [-7.872213, 41.775625], [-7.877667, 41.774081], [-7.888518, 41.766777], [-7.892155, 41.757805], [-7.889003, 41.748768], [-7.878244, 41.740952], [-7.866266, 41.738237], [-7.854224, 41.739172], [-7.842122, 41.743434], [-7.835201, 41.748235], [-7.831601, 41.757205], [-7.834343, 41.76624], [-7.841613, 41.77174], [-7.853562, 41.776347]], [[-7.865612, 41.775357], [-7.853596, 41.774461], [-7.841671, 41.768486], [-7.838762, 41.766285], [-7.835596, 41.757246], [-7.840481, 41.748288], [-7.854181, 41.741579], [-7.866223, 41.740688], [-7.878193, 41.743886], [-7.884858, 41.748728], [-7.888521, 41.75777], [-7.885328, 41.766746], [-7.877705, 41.771878], [-7.865612, 41.775357]]], [[[-8.084296, 41.627303], [-8.096316, 41.626264], [-8.099298, 41.624511], [-8.105543, 41.615552], [-8.101954, 41.606517], [-8.096645, 41.602657], [-8.084662, 41.601466], [-8.075285, 41.606306], [-8.072528, 41.610824], [-8.070899, 41.615277], [-8.072427, 41.617842], [-8.077629, 41.624339], [-8.084296, 41.627303]], [[-8.084382, 41.621257], [-8.079194, 41.615344], [-8.084554, 41.609089], [-8.096519, 41.61168], [-8.098783, 41.615499], [-8.096421, 41.618683], [-8.084382, 41.621257]]], [[[-8.349173, 41.550568], [-8.361196, 41.547223], [-8.373239, 41.541742], [-8.385308, 41.533304], [-8.409488, 41.510823], [-8.433563, 41.49837], [-8.442947, 41.49158], [-8.449012, 41.482602], [-8.449638, 41.473597], [-8.445839, 41.463743], [-8.422127, 41.436985], [-8.410249, 41.426874], [-8.398341, 41.420377], [-8.374466, 41.414284], [-8.326637, 41.411068], [-8.314658, 41.412476], [-8.302652, 41.416282], [-8.290617, 41.422585], [-8.278545, 41.432119], [-8.268498, 41.445566], [-8.266286, 41.454559], [-8.266793, 41.46357], [-8.291783, 41.526778], [-8.301319, 41.540472], [-8.313232, 41.547601], [-8.325188, 41.550905], [-8.337171, 41.551702], [-8.349173, 41.550568]], [[-8.331463, 41.54503], [-8.313303, 41.540904], [-8.301405, 41.532479], [-8.297132, 41.526811], [-8.274267, 41.472625], [-8.272716, 41.463607], [-8.273737, 41.454606], [-8.278035, 41.445626], [-8.285689, 41.436666], [-8.302552, 41.425608], [-8.314565, 41.421311], [-8.326551, 41.419409], [-8.362438, 41.42068], [-8.386318, 41.426362], [-8.405546, 41.437348], [-8.435061, 41.464519], [-8.442021, 41.473561], [-8.443012, 41.482573], [-8.433604, 41.493609], [-8.409553, 41.503573], [-8.385364, 41.527448], [-8.373296, 41.535922], [-8.36125, 41.541778], [-8.349232, 41.544656], [-8.331463, 41.54503]]], [[[-8.632927, 41.189073], [-8.637975, 41.213122], [-8.652323, 41.249197], [-8.650923, 41.276216], [-8.653507, 41.29424], [-8.658275, 41.303262], [-8.665785, 41.312292], [-8.676097, 41.321329], [-8.697903, 41.335176], [-8.709833, 41.339958], [-8.72177, 41.343395], [-8.745668, 41.345279], [-8.757625, 41.344116], [-8.775711, 41.339581], [-8.795167, 41.33061], [-8.806704, 41.322329], [-8.805449, 41.290474], [-8.800744, 41.303597], [-8.785245, 41.321584], [-8.770553, 41.330564], [-8.757658, 41.335353], [-8.745697, 41.337782], [-8.721795, 41.33759], [-8.709855, 41.334978], [-8.686008, 41.323526], [-8.672514, 41.312311], [-8.665483, 41.303283], [-8.661544, 41.294264], [-8.660595, 41.276245], [-8.665102, 41.258243], [-8.665331, 41.249236], [-8.644731, 41.213143], [-8.640129, 41.196244], [-8.634946, 41.193341], [-8.632927, 41.189073]]], [[[-8.799698, 41.144131], [-8.799627, 41.144062], [-8.753427, 41.145089], [-8.762548, 41.15039], [-8.773226, 41.15942], [-8.786176, 41.177461], [-8.792424, 41.195488], [-8.798033, 41.231529], [-8.804023, 41.254244], [-8.799698, 41.144131]]]]}}, {"id": "10", "type": "Feature", "properties": {"fill": "#a3a3a3", "value_min": -0.67, "value_max": -0.33}, "geometry": {"type": "MultiPolygon", "coordinates": [[[[-8.009735, 41.837788], [-8.005803, 41.8309], [-7.997212, 41.823781], [-7.985267, 41.81773], [-7.973268, 41.815103], [-7.961238, 41.814512], [-7.937109, 41.817508], [-7.924951, 41.824574], [-7.919906, 41.830124], [-7.914842, 41.839083], [-7.912534, 41.848068], [-7.912474, 41.857074], [-7.915067, 41.866105], [-7.923582, 41.878062], [-7.928044, 41.87807], [-7.933536, 41.875604], [-7.922155, 41.866172], [-7.917316, 41.85712], [-7.916035, 41.848101], [-7.917772, 41.839111], [-7.922962, 41.830153], [-7.937065, 41.820177], [-7.949151, 41.8174], [-7.961196, 41.817106], [-7.98126, 41.821678], [-7.994583, 41.830802], [-8.000205, 41.839858], [-8.001634, 41.850268], [-8.003089, 41.850494], [-8.005804, 41.847346], [-8.007928, 41.838796], [-8.009735, 41.837788]]], [[[-7.889721, 41.772802], [-7.8977, 41.766865], [-7.901156, 41.757892], [-7.900929, 41.748883], [-7.895056, 41.739819], [-7.890352, 41.736197], [-7.878388, 41.732657], [-7.854324, 41.733553], [-7.833027, 41.739206], [-7.822398, 41.748105], [-7.820481, 41.757092], [-7.823603, 41.766131], [-7.834851, 41.775252], [-7.853501, 41.779803], [-7.865533, 41.779848], [-7.877599, 41.777946], [-7.889721, 41.772802]], [[-7.889786, 41.769022], [-7.879244, 41.775694], [-7.865559, 41.77836], [-7.853532, 41.778075], [-7.84229, 41.775327], [-7.829924, 41.766195], [-7.826481, 41.757153], [-7.829882, 41.748181], [-7.842189, 41.739671], [-7.854274, 41.736362], [-7.866318, 41.735296], [-7.87831, 41.737148], [-7.890217, 41.74402], [-7.894678, 41.748823], [-7.896656, 41.757849], [-7.892747, 41.766818], [-7.889786, 41.769022]]], [[[-8.108244, 41.631752], [-8.117413, 41.624651], [-8.123061, 41.615687], [-8.124526, 41.606691], [-8.120274, 41.597652], [-8.108841, 41.588454], [-8.096902, 41.584204], [-8.084913, 41.583651], [-8.072876, 41.586465], [-8.06077, 41.593997], [-8.0537, 41.60613], [-8.054224, 41.615142], [-8.059878, 41.624195], [-8.072209, 41.633043], [-8.084166, 41.636482], [-8.096177, 41.636177], [-8.108244, 41.631752]], [[-8.10837, 41.622621], [-8.09625, 41.630958], [-8.084235, 41.631655], [-8.068377, 41.624264], [-8.0634, 41.615217], [-8.064852, 41.606221], [-8.075101, 41.597297], [-8.084767, 41.593983], [-8.096753, 41.594891], [-8.108654, 41.602022], [-8.112261, 41.606597], [-8.113234, 41.615612], [-8.10837, 41.622621]]], [[[-8.361043, 41.562764], [-8.373091, 41.557125], [-8.385167, 41.548266], [-8.415437, 41.518466], [-8.445535, 41.499379], [-8.459955, 41.482654], [-8.463244, 41.473662], [-8.46355, 41.464656], [-8.457977, 41.444112], [-8.441804, 41.410507], [-8.434425, 41.399224], [-8.422575, 41.386441], [-8.410691, 41.377962], [-8.398772, 41.373649], [-8.386804, 41.374632], [-8.371191, 41.38312], [-8.362794, 41.38431], [-8.354124, 41.383026], [-8.339002, 41.371622], [-8.327083, 41.367887], [-8.315088, 41.371474], [-8.303048, 41.379178], [-8.251222, 41.42744], [-8.245167, 41.436408], [-8.243064, 41.445401], [-8.244275, 41.454417], [-8.248845, 41.463454], [-8.266009, 41.482457], [-8.276546, 41.499661], [-8.280683, 41.517702], [-8.282584, 41.544736], [-8.289164, 41.555646], [-8.301072, 41.563439], [-8.313024, 41.567279], [-8.325003, 41.568722], [-8.349012, 41.566585], [-8.361043, 41.562764]], [[-8.361131, 41.553908], [-8.349103, 41.557543], [-8.337096, 41.559038], [-8.325107, 41.558661], [-8.313143, 41.556089], [-8.301211, 41.55055], [-8.294913, 41.544812], [-8.289376, 41.536283], [-8.277841, 41.495559], [-8.258798, 41.463519], [-8.256596, 41.454497], [-8.257247, 41.445494], [-8.26121, 41.436512], [-8.268699, 41.427552], [-8.290753, 41.410126], [-8.302789, 41.403465], [-8.314788, 41.400076], [-8.326759, 41.399258], [-8.36261, 41.403066], [-8.38653, 41.403887], [-8.398479, 41.405435], [-8.410403, 41.4098], [-8.422299, 41.417581], [-8.434158, 41.429988], [-8.445985, 41.446612], [-8.454916, 41.464615], [-8.456201, 41.473629], [-8.454291, 41.482627], [-8.445577, 41.494486], [-8.40943, 41.517144], [-8.385245, 41.539973], [-8.373174, 41.548481], [-8.361131, 41.553908]]], [[[-8.115239, 41.525555], [-8.109755, 41.521819], [-8.097761, 41.522456], [-8.093505, 41.525386], [-8.096012, 41.534413], [-8.097578, 41.535655], [-8.109553, 41.536573], [-8.112433, 41.534541], [-8.115239, 41.525555]]], [[[-8.807476, 41.341905], [-8.788788, 41.348614], [-8.769548, 41.352679], [-8.745635, 41.35372], [-8.733686, 41.352507], [-8.709806, 41.345947], [-8.697879, 41.340299], [-8.674051, 41.325047], [-8.658295, 41.31227], [-8.644145, 41.294211], [-8.641063, 41.285194], [-8.639731, 41.240151], [-8.625397, 41.185054], [-8.62263, 41.180113], [-8.616195, 41.177664], [-8.627855, 41.222097], [-8.630821, 41.240123], [-8.62784, 41.276144], [-8.62886, 41.285155], [-8.63252, 41.294175], [-8.639762, 41.303205], [-8.661459, 41.321287], [-8.685935, 41.338691], [-8.709775, 41.353048], [-8.721709, 41.357725], [-8.733649, 41.361521], [-8.757548, 41.365006], [-8.781461, 41.364969], [-8.808241, 41.361295], [-8.807476, 41.341905]]]]}}, {"id": "13", "type": "Feature", "properties": {"fill": "#a3a3a3", "value_min": 0.33, "value_max": 0.67}, "geometry": {"type": "MultiPolygon", "coordinates": [[[[-7.948307, 41.869008], [-7.960357, 41.868937], [-7.972473, 41.86484], [-7.981404, 41.857706], [-7.985837, 41.848739], [-7.985309, 41.839727], [-7.97991, 41.830673], [-7.973089, 41.826345], [-7.961113, 41.822232], [-7.94908, 41.82179], [-7.936987, 41.824909], [-7.929314, 41.830212], [-7.923631, 41.839166], [-7.923037, 41.848167], [-7.927345, 41.857214], [-7.936323, 41.865021], [-7.948307, 41.869008]], [[-7.960439, 41.863919], [-7.948382, 41.864401], [-7.9364, 41.860368], [-7.926652, 41.848201], [-7.926573, 41.839193], [-7.932542, 41.830242], [-7.936949, 41.827196], [-7.949047, 41.823755], [-7.961075, 41.824622], [-7.97303, 41.830018], [-7.980322, 41.839683], [-7.980004, 41.848687], [-7.973463, 41.857635], [-7.960439, 41.863919]]], [[[-7.865612, 41.775357], [-7.877705, 41.771878], [-7.885328, 41.766746], [-7.888521, 41.75777], [-7.884858, 41.748728], [-7.878193, 41.743886], [-7.866223, 41.740688], [-7.854181, 41.741579], [-7.840481, 41.748288], [-7.835596, 41.757246], [-7.838762, 41.766285], [-7.841671, 41.768486], [-7.853596, 41.774461], [-7.865612, 41.775357]], [[-7.865643, 41.773642], [-7.853633, 41.772397], [-7.842954, 41.766327], [-7.839592, 41.757286], [-7.845303, 41.748337], [-7.854139, 41.743947], [-7.866186, 41.742748], [-7.878142, 41.74682], [-7.885698, 41.757743], [-7.882138, 41.766715], [-7.877744, 41.769673], [-7.865643, 41.773642]]], [[[-8.084382, 41.621257], [-8.096421, 41.618683], [-8.098783, 41.615499], [-8.096519, 41.61168], [-8.084554, 41.609089], [-8.079194, 41.615344], [-8.084382, 41.621257]]], [[[-8.331463, 41.54503], [-8.349232, 41.544656], [-8.36125, 41.541778], [-8.373296, 41.535922], [-8.385364, 41.527448], [-8.409553, 41.503573], [-8.433604, 41.493609], [-8.443012, 41.482573], [-8.442021, 41.473561], [-8.435061, 41.464519], [-8.405546, 41.437348], [-8.386318, 41.426362], [-8.362438, 41.42068], [-8.326551, 41.419409], [-8.314565, 41.421311], [-8.302552, 41.425608], [-8.285689, 41.436666], [-8.278035, 41.445626], [-8.273737, 41.454606], [-8.272716, 41.463607], [-8.274267, 41.472625], [-8.297132, 41.526811], [-8.301405, 41.532479], [-8.313303, 41.540904], [-8.331463, 41.54503]], [[-8.349276, 41.540255], [-8.337279, 41.541129], [-8.325305, 41.539674], [-8.313364, 41.53514], [-8.301477, 41.52583], [-8.291499, 41.508762], [-8.278855, 41.472653], [-8.278534, 41.463644], [-8.280632, 41.45465], [-8.290411, 41.441488], [-8.302472, 41.433071], [-8.31449, 41.428415], [-8.326486, 41.425759], [-8.338462, 41.424898], [-8.362375, 41.427144], [-8.374316, 41.429979], [-8.386238, 41.434876], [-8.401525, 41.446335], [-8.41492, 41.464419], [-8.433759, 41.475816], [-8.43578, 41.482538], [-8.433674, 41.485567], [-8.421648, 41.490945], [-8.409647, 41.493309], [-8.389978, 41.518333], [-8.373339, 41.531422], [-8.361298, 41.53687], [-8.349276, 41.540255]]], [[[-8.640129, 41.196244], [-8.644731, 41.213143], [-8.665331, 41.249236], [-8.665102, 41.258243], [-8.660595, 41.276245], [-8.661544, 41.294264], [-8.665483, 41.303283], [-8.672514, 41.312311], [-8.686008, 41.323526], [-8.709855, 41.334978], [-8.721795, 41.33759], [-8.745697, 41.337782], [-8.757658, 41.335353], [-8.770553, 41.330564], [-8.785245, 41.321584], [-8.800744, 41.303597], [-8.805449, 41.290474], [-8.804023, 41.254244], [-8.798033, 41.231529], [-8.792424, 41.195488], [-8.786176, 41.177461], [-8.773226, 41.15942], [-8.762548, 41.15039], [-8.753427, 41.145089], [-8.67527, 41.147484], [-8.676193, 41.146567], [-8.674793, 41.146932], [-8.674204, 41.147693], [-8.673965, 41.154906], [-8.686834, 41.150619], [-8.698759, 41.14897], [-8.710675, 41.149331], [-8.722583, 41.151618], [-8.740258, 41.15935], [-8.75165, 41.168383], [-8.758503, 41.177406], [-8.765014, 41.195435], [-8.763075, 41.231463], [-8.766266, 41.240477], [-8.784027, 41.267535], [-8.78824, 41.285559], [-8.783845, 41.303566], [-8.777811, 41.312562], [-8.767454, 41.32155], [-8.75769, 41.326802], [-8.745724, 41.330843], [-8.733767, 41.33264], [-8.721817, 41.332418], [-8.709876, 41.330124], [-8.697946, 41.325766], [-8.678865, 41.312329], [-8.671958, 41.303302], [-8.668362, 41.294284], [-8.667713, 41.285274], [-8.669623, 41.276272], [-8.681984, 41.249283], [-8.677478, 41.240263], [-8.662604, 41.227639], [-8.651743, 41.213164], [-8.646719, 41.195133], [-8.647665, 41.185181], [-8.640129, 41.196244]]], [[[-8.647695, 41.185084], [-8.649242, 41.180222], [-8.647955, 41.180228], [-8.647695, 41.185084]]], [[[-8.654141, 41.17123], [-8.662943, 41.161484], [-8.670115, 41.157166], [-8.66117, 41.156307], [-8.662078, 41.158104], [-8.660313, 41.160813], [-8.657033, 41.160378], [-8.654961, 41.161963], [-8.653222, 41.168049], [-8.654141, 41.17123]]]]}}, {"id": "9", "type": "Feature", "properties": {"fill": "#a3a3a3", "value_min": -1.0, "value_max": -0.67}, "geometry": {"type": "MultiPolygon", "coordinates": [[[[-8.022388, 41.83072], [-8.009322, 41.819368], [-7.997366, 41.813931], [-7.985368, 41.811291], [-7.973338, 41.810729], [-7.937154, 41.81484], [-7.925009, 41.821106], [-7.91685, 41.830095], [-7.9118, 41.839054], [-7.907146, 41.857023], [-7.909267, 41.870608], [-7.910129, 41.873311], [-7.911132, 41.876013], [-7.911186, 41.876128], [-7.911238, 41.876239], [-7.915391, 41.879397], [-7.923582, 41.878062], [-7.915067, 41.866105], [-7.912474, 41.857074], [-7.912534, 41.848068], [-7.914842, 41.839083], [-7.919906, 41.830124], [-7.924951, 41.824574], [-7.937109, 41.817508], [-7.961238, 41.814512], [-7.973268, 41.815103], [-7.985267, 41.81773], [-7.997212, 41.823781], [-8.005803, 41.8309], [-8.009735, 41.837788], [-8.012753, 41.833624], [-8.013363, 41.829124], [-8.017873, 41.831379], [-8.022388, 41.83072]]], [[[-7.901834, 41.768014], [-7.909231, 41.757969], [-7.910979, 41.730965], [-7.914906, 41.721995], [-7.91368, 41.712976], [-7.902888, 41.706144], [-7.890835, 41.708112], [-7.882964, 41.721689], [-7.878529, 41.724579], [-7.866431, 41.728828], [-7.830249, 41.734979], [-7.820887, 41.739082], [-7.813662, 41.748015], [-7.812932, 41.757014], [-7.81697, 41.766062], [-7.826794, 41.77517], [-7.841462, 41.780128], [-7.85347, 41.781531], [-7.877568, 41.779723], [-7.891521, 41.775813], [-7.901834, 41.768014]], [[-7.889721, 41.772802], [-7.877599, 41.777946], [-7.865533, 41.779848], [-7.853501, 41.779803], [-7.834851, 41.775252], [-7.823603, 41.766131], [-7.820481, 41.757092], [-7.822398, 41.748105], [-7.833027, 41.739206], [-7.854324, 41.733553], [-7.878388, 41.732657], [-7.890352, 41.736197], [-7.895056, 41.739819], [-7.900929, 41.748883], [-7.901156, 41.757892], [-7.8977, 41.766865], [-7.889721, 41.772802]]], [[[-8.038365, 41.598893], [-8.038528, 41.606004], [-8.04156, 41.615037], [-8.04875, 41.624103], [-8.059594, 41.6332], [-8.072119, 41.63934], [-8.084093, 41.641629], [-8.10811, 41.641494], [-8.132066, 41.645857], [-8.14692, 41.642888], [-8.153847, 41.633932], [-8.154103, 41.624927], [-8.148758, 41.597866], [-8.144029, 41.588824], [-8.126582, 41.570678], [-8.120076, 41.561621], [-8.13113, 41.543691], [-8.133041, 41.534698], [-8.130423, 41.525671], [-8.118698, 41.516574], [-8.10986, 41.514219], [-8.097881, 41.513817], [-8.090598, 41.515449], [-8.089398, 41.519468], [-8.090594, 41.522169], [-8.093588, 41.52307], [-8.091786, 41.531848], [-8.097775, 41.536127], [-8.097774, 41.537927], [-8.106759, 41.543557], [-8.101666, 41.542655], [-8.094175, 41.544904], [-8.087885, 41.542876], [-8.083389, 41.5449], [-8.081886, 41.550977], [-8.076274, 41.550974], [-8.075687, 41.555475], [-8.076188, 41.557276], [-8.080082, 41.558854], [-8.081576, 41.565157], [-8.078879, 41.56493], [-8.075279, 41.568305], [-8.073182, 41.568079], [-8.069283, 41.570553], [-8.068081, 41.573478], [-8.056684, 41.579549], [-8.052181, 41.584498], [-8.052777, 41.587649], [-8.038365, 41.598893]], [[-8.108244, 41.631752], [-8.096177, 41.636177], [-8.084166, 41.636482], [-8.072209, 41.633043], [-8.059878, 41.624195], [-8.054224, 41.615142], [-8.0537, 41.60613], [-8.06077, 41.593997], [-8.072876, 41.586465], [-8.084913, 41.583651], [-8.096902, 41.584204], [-8.108841, 41.588454], [-8.120274, 41.597652], [-8.124526, 41.606691], [-8.123061, 41.615687], [-8.117413, 41.624651], [-8.108244, 41.631752]], [[-8.115239, 41.525555], [-8.112433, 41.534541], [-8.109553, 41.536573], [-8.097578, 41.535655], [-8.096012, 41.534413], [-8.093505, 41.525386], [-8.097761, 41.522456], [-8.109755, 41.521819], [-8.115239, 41.525555]]], [[[-8.076189, 41.550749], [-8.076189, 41.550749], [-8.076193, 41.550762], [-8.076189, 41.550749]]], [[[-8.27491, 41.325132], [-8.27584, 41.364545], [-8.2721, 41.382536], [-8.259925, 41.400474], [-8.226479, 41.427276], [-8.222113, 41.436254], [-8.222188, 41.445262], [-8.225852, 41.454294], [-8.233787, 41.463355], [-8.254094, 41.476946], [-8.265947, 41.487913], [-8.273076, 41.499639], [-8.276097, 41.508666], [-8.276671, 41.517677], [-8.267831, 41.55365], [-8.269457, 41.562667], [-8.276997, 41.571364], [-8.288922, 41.577697], [-8.312865, 41.582258], [-8.336871, 41.581012], [-8.360924, 41.574876], [-8.372976, 41.569023], [-8.385056, 41.559891], [-8.412213, 41.527457], [-8.423104, 41.518504], [-8.445492, 41.5044], [-8.458854, 41.491656], [-8.466296, 41.482683], [-8.470654, 41.473696], [-8.472186, 41.455688], [-8.46243, 41.39259], [-8.455944, 41.365537], [-8.446843, 41.345433], [-8.435027, 41.329641], [-8.423175, 41.318468], [-8.406558, 41.306825], [-8.402979, 41.307568], [-8.401801, 41.311398], [-8.399712, 41.311628], [-8.400316, 41.313202], [-8.396738, 41.314336], [-8.398835, 41.316131], [-8.393775, 41.31997], [-8.393489, 41.323122], [-8.391105, 41.324253], [-8.386325, 41.323588], [-8.380382, 41.331254], [-8.375305, 41.33104], [-8.37201, 41.328346], [-8.361563, 41.329718], [-8.358276, 41.329049], [-8.357673, 41.327249], [-8.350207, 41.327264], [-8.346032, 41.328847], [-8.342462, 41.333131], [-8.333215, 41.336299], [-8.326363, 41.342163], [-8.324568, 41.341041], [-8.323376, 41.341943], [-8.316788, 41.335876], [-8.313802, 41.336331], [-8.310792, 41.327557], [-8.308701, 41.327561], [-8.307502, 41.325762], [-8.305116, 41.326891], [-8.303024, 41.325994], [-8.303615, 41.323742], [-8.301216, 41.319694], [-8.296431, 41.316774], [-8.297618, 41.313846], [-8.296116, 41.310022], [-8.281801, 41.316569], [-8.279132, 41.324451], [-8.27491, 41.325132]], [[-8.361043, 41.562764], [-8.349012, 41.566585], [-8.325003, 41.568722], [-8.313024, 41.567279], [-8.301072, 41.563439], [-8.289164, 41.555646], [-8.282584, 41.544736], [-8.280683, 41.517702], [-8.276546, 41.499661], [-8.266009, 41.482457], [-8.248845, 41.463454], [-8.244275, 41.454417], [-8.243064, 41.445401], [-8.245167, 41.436408], [-8.251222, 41.42744], [-8.303048, 41.379178], [-8.315088, 41.371474], [-8.327083, 41.367887], [-8.339002, 41.371622], [-8.354124, 41.383026], [-8.362794, 41.38431], [-8.371191, 41.38312], [-8.386804, 41.374632], [-8.398772, 41.373649], [-8.410691, 41.377962], [-8.422575, 41.386441], [-8.434425, 41.399224], [-8.441804, 41.410507], [-8.457977, 41.444112], [-8.46355, 41.464656], [-8.463244, 41.473662], [-8.459955, 41.482654], [-8.445535, 41.499379], [-8.415437, 41.518466], [-8.385167, 41.548266], [-8.373091, 41.557125], [-8.361043, 41.562764]]], [[[-8.808241, 41.361295], [-8.781461, 41.364969], [-8.757548, 41.365006], [-8.733649, 41.361521], [-8.721709, 41.357725], [-8.709775, 41.353048], [-8.685935, 41.338691], [-8.661459, 41.321287], [-8.639762, 41.303205], [-8.63252, 41.294175], [-8.62886, 41.285155], [-8.62784, 41.276144], [-8.630821, 41.240123], [-8.627855, 41.222097], [-8.616195, 41.177664], [-8.613374, 41.177451], [-8.608583, 41.174095], [-8.609164, 41.172066], [-8.604942, 41.164881], [-8.600869, 41.164222], [-8.615054, 41.197626], [-8.621458, 41.222076], [-8.622356, 41.240095], [-8.613548, 41.276097], [-8.613376, 41.285104], [-8.616717, 41.294123], [-8.625218, 41.303159], [-8.662089, 41.32747], [-8.697815, 41.35427], [-8.721663, 41.36845], [-8.733601, 41.373237], [-8.757494, 41.379393], [-8.781402, 41.382578], [-8.809129, 41.383786], [-8.808241, 41.361295]]]]}}, {"id": "14", "type": "Feature", "properties": {"fill": "#a3a3a3", "value_min": 0.67, "value_max": 1.0}, "geometry": {"type": "MultiPolygon", "coordinates": [[[[-7.960439, 41.863919], [-7.973463, 41.857635], [-7.980004, 41.848687], [-7.980322, 41.839683], [-7.97303, 41.830018], [-7.961075, 41.824622], [-7.949047, 41.823755], [-7.936949, 41.827196], [-7.932542, 41.830242], [-7.926573, 41.839193], [-7.926652, 41.848201], [-7.9364, 41.860368], [-7.948382, 41.864401], [-7.960439, 41.863919]], [[-7.948447, 41.860459], [-7.936476, 41.855788], [-7.930353, 41.848235], [-7.929521, 41.839221], [-7.936911, 41.829484], [-7.949015, 41.825718], [-7.961036, 41.827011], [-7.968632, 41.830572], [-7.97545, 41.83964], [-7.974417, 41.848637], [-7.960512, 41.859422], [-7.948447, 41.860459]]], [[[-7.865643, 41.773642], [-7.877744, 41.769673], [-7.882138, 41.766715], [-7.885698, 41.757743], [-7.878142, 41.74682], [-7.866186, 41.742748], [-7.854139, 41.743947], [-7.845303, 41.748337], [-7.839592, 41.757286], [-7.842954, 41.766327], [-7.853633, 41.772397], [-7.865643, 41.773642]], [[-7.865673, 41.771926], [-7.85367, 41.770333], [-7.846688, 41.766365], [-7.843248, 41.757323], [-7.849935, 41.748384], [-7.854097, 41.746316], [-7.86615, 41.744809], [-7.876062, 41.748642], [-7.882874, 41.757715], [-7.878948, 41.766684], [-7.865673, 41.771926]]], [[[-8.349276, 41.540255], [-8.361298, 41.53687], [-8.373339, 41.531422], [-8.389978, 41.518333], [-8.409647, 41.493309], [-8.421648, 41.490945], [-8.433674, 41.485567], [-8.43578, 41.482538], [-8.433759, 41.475816], [-8.41492, 41.464419], [-8.401525, 41.446335], [-8.386238, 41.434876], [-8.374316, 41.429979], [-8.362375, 41.427144], [-8.338462, 41.424898], [-8.326486, 41.425759], [-8.31449, 41.428415], [-8.302472, 41.433071], [-8.290411, 41.441488], [-8.280632, 41.45465], [-8.278534, 41.463644], [-8.278855, 41.472653], [-8.291499, 41.508762], [-8.301477, 41.52583], [-8.313364, 41.53514], [-8.325305, 41.539674], [-8.337279, 41.541129], [-8.349276, 41.540255]], [[-8.332401, 41.536028], [-8.325352, 41.53518], [-8.313411, 41.530686], [-8.299673, 41.517819], [-8.29428, 41.508779], [-8.283829, 41.481692], [-8.283066, 41.463672], [-8.290321, 41.449798], [-8.302403, 41.439517], [-8.314431, 41.433995], [-8.326431, 41.431054], [-8.350373, 41.430568], [-8.362323, 41.432453], [-8.374255, 41.436276], [-8.390836, 41.446279], [-8.402519, 41.464355], [-8.404403, 41.482379], [-8.402712, 41.491378], [-8.393207, 41.509343], [-8.384726, 41.518305], [-8.373382, 41.526989], [-8.361335, 41.533107], [-8.34932, 41.535933], [-8.332401, 41.536028]]], [[[-8.647665, 41.185181], [-8.646719, 41.195133], [-8.651743, 41.213164], [-8.662604, 41.227639], [-8.677478, 41.240263], [-8.681984, 41.249283], [-8.669623, 41.276272], [-8.667713, 41.285274], [-8.668362, 41.294284], [-8.671958, 41.303302], [-8.678865, 41.312329], [-8.697946, 41.325766], [-8.709876, 41.330124], [-8.721817, 41.332418], [-8.733767, 41.33264], [-8.745724, 41.330843], [-8.75769, 41.326802], [-8.767454, 41.32155], [-8.777811, 41.312562], [-8.783845, 41.303566], [-8.78824, 41.285559], [-8.784027, 41.267535], [-8.766266, 41.240477], [-8.763075, 41.231463], [-8.765014, 41.195435], [-8.758503, 41.177406], [-8.75165, 41.168383], [-8.740258, 41.15935], [-8.722583, 41.151618], [-8.710675, 41.149331], [-8.698759, 41.14897], [-8.686834, 41.150619], [-8.673965, 41.154906], [-8.670115, 41.157166], [-8.662943, 41.161484], [-8.654141, 41.17123], [-8.655366, 41.175467], [-8.649242, 41.180222], [-8.647695, 41.185084], [-8.647665, 41.185181]], [[-8.73379, 41.326952], [-8.721838, 41.327474], [-8.709896, 41.325673], [-8.697967, 41.321273], [-8.685098, 41.312346], [-8.67811, 41.303319], [-8.675003, 41.294303], [-8.675153, 41.285295], [-8.678491, 41.276297], [-8.686284, 41.265802], [-8.698269, 41.255885], [-8.710231, 41.250145], [-8.722178, 41.247451], [-8.746024, 41.253709], [-8.757932, 41.261327], [-8.769819, 41.275542], [-8.773353, 41.28553], [-8.773394, 41.294538], [-8.770384, 41.30354], [-8.764116, 41.312535], [-8.75149, 41.321516], [-8.73379, 41.326952]], [[-8.698365, 41.234891], [-8.674542, 41.226267], [-8.66266, 41.216689], [-8.655488, 41.204168], [-8.654021, 41.195155], [-8.655648, 41.186152], [-8.662878, 41.174292], [-8.674841, 41.165864], [-8.68678, 41.161998], [-8.698704, 41.16099], [-8.710617, 41.162459], [-8.725354, 41.168324], [-8.736361, 41.177357], [-8.741969, 41.186378], [-8.744136, 41.195391], [-8.743575, 41.204397], [-8.740283, 41.213398], [-8.733667, 41.222391], [-8.722246, 41.231245], [-8.710293, 41.23593], [-8.698365, 41.234891]]]]}}, {"id": "15", "type": "Feature", "properties": {"fill": "#97a3b2", "value_min": 1.0, "value_max": 1.33}, "geometry": {"type": "MultiPolygon", "coordinates": [[[[-7.948447, 41.860459], [-7.960512, 41.859422], [-7.974417, 41.848637], [-7.97545, 41.83964], [-7.968632, 41.830572], [-7.961036, 41.827011], [-7.949015, 41.825718], [-7.936911, 41.829484], [-7.929521, 41.839221], [-7.930353, 41.848235], [-7.936476, 41.855788], [-7.948447, 41.860459]], [[-7.94851, 41.856605], [-7.936549, 41.851349], [-7.934053, 41.84827], [-7.932469, 41.839248], [-7.940756, 41.830318], [-7.948983, 41.827682], [-7.963395, 41.830525], [-7.970843, 41.839598], [-7.968872, 41.848588], [-7.960583, 41.854995], [-7.94851, 41.856605]]], [[[-7.865673, 41.771926], [-7.878948, 41.766684], [-7.882874, 41.757715], [-7.876062, 41.748642], [-7.86615, 41.744809], [-7.854097, 41.746316], [-7.849935, 41.748384], [-7.843248, 41.757323], [-7.846688, 41.766365], [-7.85367, 41.770333], [-7.865673, 41.771926]], [[-7.853706, 41.76827], [-7.850421, 41.766402], [-7.846453, 41.757355], [-7.854052, 41.74883], [-7.866114, 41.746869], [-7.870559, 41.748588], [-7.88005, 41.757688], [-7.875022, 41.766646], [-7.865703, 41.770212], [-7.853706, 41.76827]]], [[[-8.332401, 41.536028], [-8.34932, 41.535933], [-8.361335, 41.533107], [-8.373382, 41.526989], [-8.384726, 41.518305], [-8.393207, 41.509343], [-8.402712, 41.491378], [-8.404403, 41.482379], [-8.402519, 41.464355], [-8.390836, 41.446279], [-8.374255, 41.436276], [-8.362323, 41.432453], [-8.350373, 41.430568], [-8.326431, 41.431054], [-8.314431, 41.433995], [-8.302403, 41.439517], [-8.290321, 41.449798], [-8.283066, 41.463672], [-8.283829, 41.481692], [-8.29428, 41.508779], [-8.299673, 41.517819], [-8.313411, 41.530686], [-8.325352, 41.53518], [-8.332401, 41.536028]], [[-8.349351, 41.532817], [-8.337357, 41.533499], [-8.325387, 41.531743], [-8.313457, 41.526409], [-8.303476, 41.517842], [-8.297061, 41.508796], [-8.286815, 41.48171], [-8.285974, 41.472698], [-8.287598, 41.4637], [-8.292368, 41.454723], [-8.301731, 41.445772], [-8.314379, 41.438957], [-8.338364, 41.434515], [-8.362274, 41.43746], [-8.374203, 41.441688], [-8.381563, 41.446229], [-8.390889, 41.455286], [-8.395278, 41.464317], [-8.396659, 41.473332], [-8.396401, 41.491345], [-8.394238, 41.500341], [-8.388783, 41.50932], [-8.373416, 41.523431], [-8.361371, 41.529526], [-8.349351, 41.532817]]], [[[-8.73379, 41.326952], [-8.75149, 41.321516], [-8.764116, 41.312535], [-8.770384, 41.30354], [-8.773394, 41.294538], [-8.773353, 41.28553], [-8.769819, 41.275542], [-8.757932, 41.261327], [-8.746024, 41.253709], [-8.722178, 41.247451], [-8.710231, 41.250145], [-8.698269, 41.255885], [-8.686284, 41.265802], [-8.678491, 41.276297], [-8.675153, 41.285295], [-8.675003, 41.294303], [-8.67811, 41.303319], [-8.685098, 41.312346], [-8.697967, 41.321273], [-8.709896, 41.325673], [-8.721838, 41.327474], [-8.73379, 41.326952]], [[-8.711693, 41.321423], [-8.69799, 41.316391], [-8.686092, 41.305901], [-8.681255, 41.29432], [-8.682307, 41.285315], [-8.687532, 41.276322], [-8.698214, 41.267643], [-8.710175, 41.262711], [-8.722118, 41.261438], [-8.73405, 41.263024], [-8.745967, 41.268184], [-8.755705, 41.276487], [-8.760722, 41.285505], [-8.761772, 41.294515], [-8.759056, 41.303517], [-8.751816, 41.312509], [-8.733813, 41.321342], [-8.721858, 41.322669], [-8.711693, 41.321423]]], [[[-8.698365, 41.234891], [-8.710293, 41.23593], [-8.722246, 41.231245], [-8.733667, 41.222391], [-8.740283, 41.213398], [-8.743575, 41.204397], [-8.744136, 41.195391], [-8.741969, 41.186378], [-8.736361, 41.177357], [-8.725354, 41.168324], [-8.710617, 41.162459], [-8.698704, 41.16099], [-8.68678, 41.161998], [-8.674841, 41.165864], [-8.662878, 41.174292], [-8.655648, 41.186152], [-8.654021, 41.195155], [-8.655488, 41.204168], [-8.66266, 41.216689], [-8.674542, 41.226267], [-8.698365, 41.234891]], [[-8.698424, 41.222012], [-8.686498, 41.221213], [-8.674591, 41.216472], [-8.663615, 41.204192], [-8.662102, 41.195179], [-8.665354, 41.186181], [-8.674787, 41.176818], [-8.686729, 41.172597], [-8.698653, 41.172218], [-8.714024, 41.177304], [-8.723731, 41.186336], [-8.72688, 41.195351], [-8.725652, 41.204356], [-8.719278, 41.213349], [-8.710368, 41.219038], [-8.698424, 41.222012]]]]}}, {"id": "8", "type": "Feature", "properties": {"fill": "#b1a288", "value_min": -1.33, "value_max": -1.0}, "geometry": {"type": "MultiPolygon", "coordinates": [[[[-8.047076, 41.821853], [-8.033526, 41.811177], [-8.021575, 41.805372], [-8.009588, 41.802105], [-7.997564, 41.801216], [-7.985502, 41.802839], [-7.937199, 41.812114], [-7.925082, 41.816728], [-7.913795, 41.830066], [-7.904424, 41.847991], [-7.901104, 41.861589], [-7.904318, 41.859795], [-7.907309, 41.865203], [-7.906095, 41.868126], [-7.909267, 41.870608], [-7.907146, 41.857023], [-7.9118, 41.839054], [-7.91685, 41.830095], [-7.925009, 41.821106], [-7.937154, 41.81484], [-7.973338, 41.810729], [-7.985368, 41.811291], [-7.997366, 41.813931], [-8.009322, 41.819368], [-8.022388, 41.83072], [-8.030816, 41.82959], [-8.037134, 41.831171], [-8.041351, 41.828023], [-8.041054, 41.825097], [-8.045268, 41.824425], [-8.047076, 41.821853]]], [[[-7.911238, 41.876239], [-7.911238, 41.876239], [-7.911186, 41.876128], [-7.911238, 41.876239]]], [[[-7.911132, 41.876013], [-7.911132, 41.876013], [-7.910129, 41.873311], [-7.911132, 41.876013]]], [[[-7.901717, 41.774903], [-7.924895, 41.758116], [-7.9261, 41.755778], [-7.938081, 41.758674], [-7.950099, 41.75933], [-7.951331, 41.758361], [-7.950151, 41.756184], [-7.938136, 41.755315], [-7.935999, 41.749213], [-7.942788, 41.722255], [-7.941894, 41.71324], [-7.938158, 41.704198], [-7.927145, 41.693019], [-7.9152, 41.688703], [-7.903172, 41.689402], [-7.891044, 41.695938], [-7.872115, 41.721583], [-7.854434, 41.727371], [-7.818302, 41.73073], [-7.806147, 41.737825], [-7.802274, 41.747897], [-7.80361, 41.756917], [-7.807815, 41.765968], [-7.81709, 41.77507], [-7.829423, 41.780425], [-7.841416, 41.782658], [-7.865481, 41.782824], [-7.889611, 41.779176], [-7.901717, 41.774903]], [[-7.901834, 41.768014], [-7.891521, 41.775813], [-7.877568, 41.779723], [-7.85347, 41.781531], [-7.841462, 41.780128], [-7.826794, 41.77517], [-7.81697, 41.766062], [-7.812932, 41.757014], [-7.813662, 41.748015], [-7.820887, 41.739082], [-7.830249, 41.734979], [-7.866431, 41.728828], [-7.878529, 41.724579], [-7.882964, 41.721689], [-7.890835, 41.708112], [-7.902888, 41.706144], [-7.91368, 41.712976], [-7.914906, 41.721995], [-7.910979, 41.730965], [-7.909231, 41.757969], [-7.901834, 41.768014]]], [[[-8.148432, 41.705949], [-8.143319, 41.70288], [-8.131284, 41.704093], [-8.126067, 41.714788], [-8.13107, 41.719956], [-8.143114, 41.718284], [-8.147749, 41.714951], [-8.148432, 41.705949]]], [[[-8.047145, 41.704478], [-8.047123, 41.705963], [-8.057795, 41.705241], [-8.047145, 41.704478]]], [[[-8.005971, 41.606373], [-8.029023, 41.623939], [-8.060065, 41.64255], [-8.072014, 41.646661], [-8.107983, 41.650731], [-8.131916, 41.657074], [-8.143914, 41.657955], [-8.155944, 41.656511], [-8.168717, 41.652055], [-8.183287, 41.643152], [-8.204389, 41.623616], [-8.216503, 41.614563], [-8.228568, 41.609337], [-8.240595, 41.607107], [-8.300624, 41.604985], [-8.324662, 41.601461], [-8.360759, 41.591575], [-8.37281, 41.586171], [-8.384885, 41.577963], [-8.397022, 41.562783], [-8.41129, 41.536459], [-8.41918, 41.527492], [-8.445449, 41.509464], [-8.474239, 41.48272], [-8.480054, 41.473739], [-8.482368, 41.464742], [-8.483243, 41.428716], [-8.499518, 41.356727], [-8.500295, 41.329708], [-8.497543, 41.320688], [-8.491899, 41.311655], [-8.439892, 41.263807], [-8.438004, 41.264938], [-8.438023, 41.268989], [-8.434745, 41.269673], [-8.432691, 41.277107], [-8.427032, 41.279372], [-8.429143, 41.284319], [-8.426171, 41.287028], [-8.426488, 41.291079], [-8.425013, 41.294909], [-8.422037, 41.296942], [-8.422647, 41.299867], [-8.407744, 41.304856], [-8.406558, 41.306825], [-8.423175, 41.318468], [-8.435027, 41.329641], [-8.446843, 41.345433], [-8.455944, 41.365537], [-8.46243, 41.39259], [-8.472186, 41.455688], [-8.470654, 41.473696], [-8.466296, 41.482683], [-8.458854, 41.491656], [-8.445492, 41.5044], [-8.423104, 41.518504], [-8.412213, 41.527457], [-8.385056, 41.559891], [-8.372976, 41.569023], [-8.360924, 41.574876], [-8.336871, 41.581012], [-8.312865, 41.582258], [-8.288922, 41.577697], [-8.276997, 41.571364], [-8.269457, 41.562667], [-8.267831, 41.55365], [-8.276671, 41.517677], [-8.276097, 41.508666], [-8.273076, 41.499639], [-8.265947, 41.487913], [-8.254094, 41.476946], [-8.233787, 41.463355], [-8.225852, 41.454294], [-8.222188, 41.445262], [-8.222113, 41.436254], [-8.226479, 41.427276], [-8.259925, 41.400474], [-8.2721, 41.382536], [-8.27584, 41.364545], [-8.27491, 41.325132], [-8.269582, 41.326939], [-8.265709, 41.331221], [-8.269004, 41.336169], [-8.263339, 41.340902], [-8.262751, 41.345405], [-8.256483, 41.347663], [-8.255889, 41.349689], [-8.249622, 41.353072], [-8.251123, 41.356897], [-8.248141, 41.360052], [-8.248448, 41.364328], [-8.245694, 41.364781], [-8.250181, 41.373388], [-8.250352, 41.382396], [-8.24308, 41.3941], [-8.231034, 41.401258], [-8.219038, 41.403936], [-8.183141, 41.404436], [-8.180395, 41.408942], [-8.181281, 41.417956], [-8.193042, 41.445061], [-8.20554, 41.463163], [-8.223361, 41.472292], [-8.242114, 41.477197], [-8.254023, 41.483079], [-8.265884, 41.493452], [-8.272438, 41.508643], [-8.272182, 41.517648], [-8.265437, 41.532995], [-8.253323, 41.544076], [-8.241249, 41.551288], [-8.229213, 41.555067], [-8.217203, 41.556652], [-8.205231, 41.555054], [-8.193289, 41.551054], [-8.181379, 41.544647], [-8.153549, 41.525844], [-8.135381, 41.516701], [-8.109919, 41.509915], [-8.0915, 41.509082], [-8.090598, 41.515449], [-8.097881, 41.513817], [-8.10986, 41.514219], [-8.118698, 41.516574], [-8.130423, 41.525671], [-8.133041, 41.534698], [-8.13113, 41.543691], [-8.120076, 41.561621], [-8.126582, 41.570678], [-8.144029, 41.588824], [-8.148758, 41.597866], [-8.154103, 41.624927], [-8.153847, 41.633932], [-8.14692, 41.642888], [-8.132066, 41.645857], [-8.10811, 41.641494], [-8.084093, 41.641629], [-8.072119, 41.63934], [-8.059594, 41.6332], [-8.04875, 41.624103], [-8.04156, 41.615037], [-8.038528, 41.606004], [-8.038365, 41.598893], [-8.031467, 41.602938], [-8.02367, 41.603156], [-8.019174, 41.601802], [-8.005971, 41.606373]]], [[[-8.589174, 41.167649], [-8.603192, 41.186969], [-8.607134, 41.195005], [-8.615121, 41.222055], [-8.614832, 41.23553], [-8.611342, 41.249066], [-8.591583, 41.285029], [-8.59098, 41.294035], [-8.597696, 41.303066], [-8.63823, 41.320306], [-8.662059, 41.333388], [-8.681174, 41.348366], [-8.709673, 41.37592], [-8.721598, 41.383921], [-8.733533, 41.390015], [-8.757422, 41.398904], [-8.811093, 41.414282], [-8.809129, 41.383786], [-8.781402, 41.382578], [-8.757494, 41.379393], [-8.733601, 41.373237], [-8.721663, 41.36845], [-8.697815, 41.35427], [-8.662089, 41.32747], [-8.625218, 41.303159], [-8.616717, 41.294123], [-8.613376, 41.285104], [-8.613548, 41.276097], [-8.622356, 41.240095], [-8.621458, 41.222076], [-8.615054, 41.197626], [-8.600869, 41.164222], [-8.59422, 41.165149], [-8.589174, 41.167649]]], [[[-8.149737, 41.373841], [-8.149737, 41.373841], [-8.151348, 41.374259], [-8.149737, 41.373841]]], [[[-8.075687, 41.555475], [-8.076274, 41.550974], [-8.076193, 41.550762], [-8.076189, 41.550749], [-8.074097, 41.549848], [-8.072897, 41.551197], [-8.075687, 41.555475]]]]}}, {"id": "16", "type": "Feature", "properties": {"fill": "#80a4d0", "value_min": 1.33, "value_max": 1.67}, "geometry": {"type": "MultiPolygon", "coordinates": [[[[-7.94851, 41.856605], [-7.960583, 41.854995], [-7.968872, 41.848588], [-7.970843, 41.839598], [-7.963395, 41.830525], [-7.948983, 41.827682], [-7.940756, 41.830318], [-7.932469, 41.839248], [-7.934053, 41.84827], [-7.936549, 41.851349], [-7.94851, 41.856605]], [[-7.948568, 41.853058], [-7.938912, 41.848315], [-7.935417, 41.839276], [-7.948951, 41.829646], [-7.960937, 41.833113], [-7.96653, 41.83956], [-7.963345, 41.848538], [-7.960654, 41.850618], [-7.948568, 41.853058]]], [[[-7.853706, 41.76827], [-7.865703, 41.770212], [-7.875022, 41.766646], [-7.88005, 41.757688], [-7.870559, 41.748588], [-7.866114, 41.746869], [-7.854052, 41.74883], [-7.846453, 41.757355], [-7.850421, 41.766402], [-7.853706, 41.76827]], [[-7.854817, 41.766446], [-7.84966, 41.757388], [-7.853986, 41.752532], [-7.866075, 41.749083], [-7.876985, 41.757658], [-7.870681, 41.766603], [-7.865733, 41.768496], [-7.854817, 41.766446]]], [[[-8.349351, 41.532817], [-8.361371, 41.529526], [-8.373416, 41.523431], [-8.388783, 41.50932], [-8.394238, 41.500341], [-8.396401, 41.491345], [-8.396659, 41.473332], [-8.395278, 41.464317], [-8.390889, 41.455286], [-8.381563, 41.446229], [-8.374203, 41.441688], [-8.362274, 41.43746], [-8.338364, 41.434515], [-8.314379, 41.438957], [-8.301731, 41.445772], [-8.292368, 41.454723], [-8.287598, 41.4637], [-8.285974, 41.472698], [-8.286815, 41.48171], [-8.297061, 41.508796], [-8.303476, 41.517842], [-8.313457, 41.526409], [-8.325387, 41.531743], [-8.337357, 41.533499], [-8.349351, 41.532817]], [[-8.337388, 41.530437], [-8.325423, 41.528307], [-8.313491, 41.523126], [-8.30163, 41.511569], [-8.291645, 41.490748], [-8.289534, 41.47272], [-8.29177, 41.463726], [-8.302287, 41.450369], [-8.314334, 41.443276], [-8.326342, 41.439627], [-8.338325, 41.438411], [-8.350289, 41.438956], [-8.362235, 41.441429], [-8.374154, 41.446832], [-8.384354, 41.455252], [-8.390192, 41.46429], [-8.393522, 41.482323], [-8.390539, 41.500322], [-8.384669, 41.509298], [-8.375561, 41.518256], [-8.361403, 41.526273], [-8.349382, 41.529701], [-8.337388, 41.530437]]], [[[-8.711693, 41.321423], [-8.721858, 41.322669], [-8.733813, 41.321342], [-8.751816, 41.312509], [-8.759056, 41.303517], [-8.761772, 41.294515], [-8.760722, 41.285505], [-8.755705, 41.276487], [-8.745967, 41.268184], [-8.73405, 41.263024], [-8.722118, 41.261438], [-8.710175, 41.262711], [-8.698214, 41.267643], [-8.687532, 41.276322], [-8.682307, 41.285315], [-8.681255, 41.29432], [-8.686092, 41.305901], [-8.69799, 41.316391], [-8.711693, 41.321423]], [[-8.72188, 41.317511], [-8.709937, 41.316366], [-8.698014, 41.311096], [-8.690672, 41.303353], [-8.687709, 41.294338], [-8.689974, 41.285336], [-8.698175, 41.276141], [-8.710138, 41.271016], [-8.722082, 41.27008], [-8.73401, 41.27272], [-8.740685, 41.276454], [-8.749152, 41.28548], [-8.751294, 41.294493], [-8.748679, 41.303495], [-8.7393, 41.312482], [-8.733838, 41.315073], [-8.72188, 41.317511]]], [[[-8.698424, 41.222012], [-8.710368, 41.219038], [-8.719278, 41.213349], [-8.725652, 41.204356], [-8.72688, 41.195351], [-8.723731, 41.186336], [-8.714024, 41.177304], [-8.698653, 41.172218], [-8.686729, 41.172597], [-8.674787, 41.176818], [-8.665354, 41.186181], [-8.662102, 41.195179], [-8.663615, 41.204192], [-8.674591, 41.216472], [-8.686498, 41.221213], [-8.698424, 41.222012]], [[-8.686548, 41.21063], [-8.675319, 41.204225], [-8.673486, 41.195212], [-8.682206, 41.186229], [-8.686674, 41.184242], [-8.698595, 41.184874], [-8.709443, 41.195308], [-8.707082, 41.20431], [-8.69848, 41.209961], [-8.686548, 41.21063]]]]}}, {"id": "17", "type": "Feature", "properties": {"fill": "#6ba5ec", "value_min": 1.67, "value_max": 2.0}, "geometry": {"type": "MultiPolygon", "coordinates": [[[[-7.948568, 41.853058], [-7.960654, 41.850618], [-7.963345, 41.848538], [-7.96653, 41.83956], [-7.960937, 41.833113], [-7.948951, 41.829646], [-7.935417, 41.839276], [-7.938912, 41.848315], [-7.948568, 41.853058]], [[-7.94633, 41.848383], [-7.939885, 41.839317], [-7.948897, 41.832956], [-7.962216, 41.839521], [-7.960778, 41.842946], [-7.953164, 41.848445], [-7.948626, 41.849511], [-7.94633, 41.848383]]], [[[-7.854817, 41.766446], [-7.865733, 41.768496], [-7.870681, 41.766603], [-7.876985, 41.757658], [-7.866075, 41.749083], [-7.853986, 41.752532], [-7.84966, 41.757388], [-7.854817, 41.766446]], [[-7.864494, 41.766542], [-7.852865, 41.75742], [-7.866024, 41.751967], [-7.873218, 41.757621], [-7.86634, 41.76656], [-7.864494, 41.766542]]], [[[-8.337388, 41.530437], [-8.349382, 41.529701], [-8.361403, 41.526273], [-8.375561, 41.518256], [-8.384669, 41.509298], [-8.390539, 41.500322], [-8.393522, 41.482323], [-8.390192, 41.46429], [-8.384354, 41.455252], [-8.374154, 41.446832], [-8.362235, 41.441429], [-8.350289, 41.438956], [-8.338325, 41.438411], [-8.326342, 41.439627], [-8.314334, 41.443276], [-8.302287, 41.450369], [-8.29177, 41.463726], [-8.289534, 41.47272], [-8.291645, 41.490748], [-8.30163, 41.511569], [-8.313491, 41.523126], [-8.325423, 41.528307], [-8.337388, 41.530437]], [[-8.335648, 41.52704], [-8.325452, 41.525481], [-8.313526, 41.519841], [-8.30259, 41.508829], [-8.293773, 41.490761], [-8.292419, 41.472738], [-8.29547, 41.463749], [-8.302234, 41.455326], [-8.314292, 41.447227], [-8.326306, 41.443163], [-8.338292, 41.44165], [-8.350256, 41.442318], [-8.363839, 41.446132], [-8.378899, 41.455222], [-8.385367, 41.464264], [-8.388855, 41.47329], [-8.389789, 41.49131], [-8.381413, 41.50928], [-8.373482, 41.516591], [-8.361428, 41.523636], [-8.349412, 41.526743], [-8.335648, 41.52704]]], [[[-8.72188, 41.317511], [-8.733838, 41.315073], [-8.7393, 41.312482], [-8.748679, 41.303495], [-8.751294, 41.294493], [-8.749152, 41.28548], [-8.740685, 41.276454], [-8.73401, 41.27272], [-8.722082, 41.27008], [-8.710138, 41.271016], [-8.698175, 41.276141], [-8.689974, 41.285336], [-8.687709, 41.294338], [-8.690672, 41.303353], [-8.698014, 41.311096], [-8.709937, 41.316366], [-8.72188, 41.317511]], [[-8.721903, 41.312134], [-8.709961, 41.311096], [-8.697549, 41.303372], [-8.694892, 41.294357], [-8.698132, 41.285634], [-8.710105, 41.278643], [-8.722048, 41.277914], [-8.73397, 41.282728], [-8.737112, 41.285453], [-8.740922, 41.29447], [-8.738003, 41.303471], [-8.733871, 41.30701], [-8.721903, 41.312134]]], [[[-8.686548, 41.21063], [-8.69848, 41.209961], [-8.707082, 41.20431], [-8.709443, 41.195308], [-8.698595, 41.184874], [-8.686674, 41.184242], [-8.682206, 41.186229], [-8.673486, 41.195212], [-8.675319, 41.204225], [-8.686548, 41.21063]]]]}}, {"id": "7", "type": "Feature", "properties": {"fill": "#cba158", "value_min": -1.67, "value_max": -1.33}, "geometry": {"type": "MultiPolygon", "coordinates": [[[[-8.113986, 41.811627], [-8.088168, 41.777542], [-8.079392, 41.759458], [-8.077552, 41.750437], [-8.08017, 41.723437], [-8.076154, 41.70539], [-8.05938, 41.689643], [-8.047431, 41.685114], [-8.011305, 41.690254], [-7.999352, 41.686163], [-7.989055, 41.677636], [-7.983437, 41.66858], [-7.981975, 41.65956], [-7.985209, 41.650581], [-7.995462, 41.641664], [-8.000071, 41.639762], [-8.012117, 41.637189], [-8.024114, 41.637849], [-8.036064, 41.641644], [-8.059877, 41.65549], [-8.0959, 41.65601], [-8.112312, 41.66064], [-8.131473, 41.669794], [-8.145107, 41.678903], [-8.147082, 41.687925], [-8.143501, 41.689178], [-8.13797, 41.696864], [-8.131352, 41.699026], [-8.119146, 41.712745], [-8.113939, 41.714695], [-8.110675, 41.723677], [-8.118889, 41.73162], [-8.130909, 41.731923], [-8.142982, 41.728215], [-8.164013, 41.71507], [-8.167263, 41.710119], [-8.179332, 41.706272], [-8.203293, 41.712611], [-8.215316, 41.712388], [-8.227399, 41.7072], [-8.23592, 41.697557], [-8.242942, 41.679589], [-8.249181, 41.670623], [-8.260493, 41.661689], [-8.326249, 41.626065], [-8.384634, 41.604393], [-8.396703, 41.597052], [-8.403356, 41.590462], [-8.408011, 41.581479], [-8.411274, 41.554474], [-8.418107, 41.536494], [-8.426336, 41.527528], [-8.445399, 41.515314], [-8.469546, 41.493478], [-8.485572, 41.482771], [-8.491925, 41.473792], [-8.495172, 41.437776], [-8.501728, 41.41979], [-8.518185, 41.396457], [-8.536201, 41.374896], [-8.552173, 41.347936], [-8.559503, 41.338957], [-8.571689, 41.329995], [-8.590415, 41.323729], [-8.614319, 41.322687], [-8.638191, 41.327364], [-8.650114, 41.332366], [-8.661765, 41.339303], [-8.672192, 41.348341], [-8.679778, 41.35737], [-8.697653, 41.389285], [-8.709563, 41.400583], [-8.762373, 41.429631], [-8.789206, 41.447698], [-8.800803, 41.457605], [-8.801548, 41.4468], [-8.806433, 41.436066], [-8.806825, 41.428211], [-8.810346, 41.420876], [-8.811093, 41.414282], [-8.757422, 41.398904], [-8.733533, 41.390015], [-8.721598, 41.383921], [-8.709673, 41.37592], [-8.681174, 41.348366], [-8.662059, 41.333388], [-8.63823, 41.320306], [-8.597696, 41.303066], [-8.59098, 41.294035], [-8.591583, 41.285029], [-8.611342, 41.249066], [-8.614832, 41.23553], [-8.615121, 41.222055], [-8.607134, 41.195005], [-8.603192, 41.186969], [-8.589174, 41.167649], [-8.589194, 41.170572], [-8.585925, 41.17171], [-8.582976, 41.176089], [-8.59129, 41.183443], [-8.603108, 41.200987], [-8.607398, 41.213021], [-8.608431, 41.231041], [-8.601531, 41.249033], [-8.5908, 41.262019], [-8.578803, 41.271338], [-8.554855, 41.281483], [-8.542905, 41.282798], [-8.530968, 41.282118], [-8.519046, 41.279461], [-8.507141, 41.274737], [-8.492892, 41.266621], [-8.481573, 41.257563], [-8.470415, 41.244265], [-8.469227, 41.245267], [-8.463258, 41.244384], [-8.459989, 41.246644], [-8.455512, 41.245982], [-8.455541, 41.251834], [-8.452276, 41.25522], [-8.449891, 41.255452], [-8.449304, 41.257479], [-8.447812, 41.257258], [-8.449028, 41.261982], [-8.443657, 41.261771], [-8.439892, 41.263807], [-8.491899, 41.311655], [-8.497543, 41.320688], [-8.500295, 41.329708], [-8.499518, 41.356727], [-8.483243, 41.428716], [-8.482368, 41.464742], [-8.480054, 41.473739], [-8.474239, 41.48272], [-8.445449, 41.509464], [-8.41918, 41.527492], [-8.41129, 41.536459], [-8.397022, 41.562783], [-8.384885, 41.577963], [-8.37281, 41.586171], [-8.360759, 41.591575], [-8.324662, 41.601461], [-8.300624, 41.604985], [-8.240595, 41.607107], [-8.228568, 41.609337], [-8.216503, 41.614563], [-8.204389, 41.623616], [-8.183287, 41.643152], [-8.168717, 41.652055], [-8.155944, 41.656511], [-8.143914, 41.657955], [-8.131916, 41.657074], [-8.107983, 41.650731], [-8.072014, 41.646661], [-8.060065, 41.64255], [-8.029023, 41.623939], [-8.005971, 41.606373], [-8.003562, 41.611239], [-7.998761, 41.612809], [-7.999669, 41.608759], [-7.996976, 41.605829], [-7.996684, 41.602003], [-7.984685, 41.603564], [-7.982292, 41.60086], [-7.975689, 41.603552], [-7.974482, 41.606701], [-7.970882, 41.607147], [-7.969091, 41.603768], [-7.965796, 41.602413], [-7.9541, 41.602846], [-7.952606, 41.600592], [-7.947808, 41.60081], [-7.945413, 41.599456], [-7.942725, 41.595625], [-7.936132, 41.594488], [-7.93791, 41.601694], [-7.937004, 41.603718], [-7.931604, 41.604384], [-7.930979, 41.612711], [-7.925556, 41.620354], [-7.920755, 41.620796], [-7.917748, 41.623041], [-7.915933, 41.627764], [-7.913229, 41.628885], [-7.912613, 41.63361], [-7.906014, 41.633147], [-7.906884, 41.641927], [-7.897869, 41.645511], [-7.89696, 41.647985], [-7.892759, 41.647976], [-7.892145, 41.651576], [-7.902319, 41.659925], [-7.899913, 41.66127], [-7.900198, 41.665547], [-7.898396, 41.665769], [-7.896885, 41.668692], [-7.882465, 41.671588], [-7.877044, 41.676077], [-7.876727, 41.68039], [-7.87875, 41.694627], [-7.876849, 41.703615], [-7.873017, 41.712585], [-7.866596, 41.719471], [-7.854495, 41.723926], [-7.842464, 41.724381], [-7.821476, 41.721075], [-7.814821, 41.718688], [-7.81469, 41.718649], [-7.81252, 41.718006], [-7.808986, 41.717996], [-7.808991, 41.716961], [-7.797884, 41.715491], [-7.796682, 41.715387], [-7.796382, 41.715361], [-7.791871, 41.717047], [-7.791264, 41.717465], [-7.789449, 41.719966], [-7.78797, 41.719736], [-7.787948, 41.719752], [-7.787645, 41.71996], [-7.787345, 41.720168], [-7.78732, 41.720185], [-7.787043, 41.720376], [-7.78667, 41.720633], [-7.783851, 41.729689], [-7.78481, 41.738706], [-7.791608, 41.756792], [-7.796758, 41.765853], [-7.804739, 41.774943], [-7.817363, 41.781926], [-7.829349, 41.784494], [-7.841371, 41.785183], [-7.865454, 41.784312], [-7.901624, 41.780346], [-7.925818, 41.772667], [-7.937864, 41.771812], [-7.961924, 41.772028], [-7.973916, 41.774507], [-7.977844, 41.776613], [-7.981878, 41.785656], [-7.976888, 41.794619], [-7.962347, 41.803495], [-7.937268, 41.807928], [-7.925156, 41.812351], [-7.912876, 41.826573], [-7.894496, 41.859325], [-7.901104, 41.861589], [-7.904424, 41.847991], [-7.913795, 41.830066], [-7.925082, 41.816728], [-7.937199, 41.812114], [-7.985502, 41.802839], [-7.997564, 41.801216], [-8.009588, 41.802105], [-8.021575, 41.805372], [-8.033526, 41.811177], [-8.047076, 41.821853], [-8.057314, 41.815656], [-8.06664, 41.817012], [-8.072961, 41.813414], [-8.078678, 41.813417], [-8.082892, 41.810493], [-8.091013, 41.812521], [-8.093421, 41.811397], [-8.093723, 41.808471], [-8.101845, 41.809824], [-8.104853, 41.81185], [-8.113986, 41.811627]], [[-7.901717, 41.774903], [-7.889611, 41.779176], [-7.865481, 41.782824], [-7.841416, 41.782658], [-7.829423, 41.780425], [-7.81709, 41.77507], [-7.807815, 41.765968], [-7.80361, 41.756917], [-7.802274, 41.747897], [-7.806147, 41.737825], [-7.818302, 41.73073], [-7.854434, 41.727371], [-7.872115, 41.721583], [-7.891044, 41.695938], [-7.903172, 41.689402], [-7.9152, 41.688703], [-7.927145, 41.693019], [-7.938158, 41.704198], [-7.941894, 41.71324], [-7.942788, 41.722255], [-7.935999, 41.749213], [-7.938136, 41.755315], [-7.950151, 41.756184], [-7.951331, 41.758361], [-7.950099, 41.75933], [-7.938081, 41.758674], [-7.9261, 41.755778], [-7.924895, 41.758116], [-7.901717, 41.774903]], [[-8.022326, 41.755949], [-8.010294, 41.756219], [-7.998333, 41.751845], [-7.988763, 41.740682], [-7.986963, 41.73166], [-7.990519, 41.722684], [-7.998899, 41.715377], [-8.010939, 41.714183], [-8.022889, 41.718842], [-8.037685, 41.732096], [-8.041788, 41.741137], [-8.036692, 41.750101], [-8.022326, 41.755949]], [[-8.148432, 41.705949], [-8.147749, 41.714951], [-8.143114, 41.718284], [-8.13107, 41.719956], [-8.126067, 41.714788], [-8.131284, 41.704093], [-8.143319, 41.70288], [-8.148432, 41.705949]], [[-8.047145, 41.704478], [-8.057795, 41.705241], [-8.047123, 41.705963], [-8.047145, 41.704478]]], [[[-8.0915, 41.509082], [-8.109919, 41.509915], [-8.135381, 41.516701], [-8.153549, 41.525844], [-8.181379, 41.544647], [-8.193289, 41.551054], [-8.205231, 41.555054], [-8.217203, 41.556652], [-8.229213, 41.555067], [-8.241249, 41.551288], [-8.253323, 41.544076], [-8.265437, 41.532995], [-8.272182, 41.517648], [-8.272438, 41.508643], [-8.265884, 41.493452], [-8.254023, 41.483079], [-8.242114, 41.477197], [-8.223361, 41.472292], [-8.20554, 41.463163], [-8.193042, 41.445061], [-8.181281, 41.417956], [-8.180395, 41.408942], [-8.183141, 41.404436], [-8.219038, 41.403936], [-8.231034, 41.401258], [-8.24308, 41.3941], [-8.250352, 41.382396], [-8.250181, 41.373388], [-8.245694, 41.364781], [-8.244272, 41.368384], [-8.239197, 41.371315], [-8.232024, 41.369971], [-8.224854, 41.370878], [-8.21738, 41.368182], [-8.214399, 41.373587], [-8.208127, 41.376968], [-8.199163, 41.377423], [-8.194677, 41.374275], [-8.191691, 41.376302], [-8.189299, 41.375403], [-8.184818, 41.376756], [-8.168382, 41.377438], [-8.1642, 41.38059], [-8.158223, 41.378791], [-8.151348, 41.374259], [-8.149737, 41.373841], [-8.139694, 41.377894], [-8.133418, 41.374292], [-8.119672, 41.376768], [-8.119672, 41.378569], [-8.116683, 41.380144], [-8.117578, 41.386447], [-8.113992, 41.386896], [-8.112795, 41.390723], [-8.110105, 41.390947], [-8.108011, 41.393648], [-8.103827, 41.392972], [-8.105321, 41.394998], [-8.10263, 41.396123], [-8.10801, 41.398825], [-8.108606, 41.403102], [-8.104419, 41.406252], [-8.104119, 41.408728], [-8.101727, 41.409403], [-8.102025, 41.411204], [-8.092756, 41.411201], [-8.09126, 41.414352], [-8.085577, 41.416744], [-8.099234, 41.416184], [-8.123116, 41.419874], [-8.146913, 41.430198], [-8.158769, 41.438961], [-8.17195, 41.453919], [-8.177457, 41.462966], [-8.188818, 41.490068], [-8.193992, 41.494409], [-8.197615, 41.49013], [-8.218079, 41.48387], [-8.230074, 41.482534], [-8.242039, 41.483633], [-8.253967, 41.488008], [-8.256952, 41.490529], [-8.265821, 41.499072], [-8.268778, 41.508619], [-8.265559, 41.522237], [-8.253446, 41.533327], [-8.241414, 41.537211], [-8.229421, 41.537542], [-8.217472, 41.534361], [-8.204154, 41.526205], [-8.196064, 41.517141], [-8.193788, 41.510898], [-8.181958, 41.49874], [-8.161465, 41.507887], [-8.145865, 41.510092], [-8.088809, 41.503395], [-8.093, 41.504613], [-8.0915, 41.509082]]], [[[-8.084641, 41.502809], [-8.084641, 41.502809], [-8.084618, 41.502805], [-8.084641, 41.502809]]], [[[-8.059554, 41.423629], [-8.078997, 41.417725], [-8.076905, 41.416597], [-8.070325, 41.41862], [-8.066739, 41.416142], [-8.063748, 41.41659], [-8.061654, 41.417489], [-8.059554, 41.423629]]], [[[-8.446693, 41.704696], [-8.431802, 41.699417], [-8.419786, 41.699115], [-8.407741, 41.702138], [-8.397342, 41.707524], [-8.390195, 41.716493], [-8.389693, 41.725498], [-8.392088, 41.730304], [-8.398141, 41.72984], [-8.400531, 41.726683], [-8.402934, 41.726452], [-8.404721, 41.722847], [-8.417349, 41.725067], [-8.422737, 41.720552], [-8.429643, 41.719859], [-8.430533, 41.717381], [-8.435927, 41.714441], [-8.441632, 41.713975], [-8.441618, 41.711049], [-8.446693, 41.704696]]]]}}, {"id": "2", "type": "Feature", "properties": {"fill": "#ae1c1c", "value_min": -3.33, "value_max": -3.0}, "geometry": {"type": "MultiPolygon", "coordinates": [[[[-7.742645, 41.857337], [-7.743524, 41.86578], [-7.755465, 41.871342], [-7.767586, 41.867648], [-7.770544, 41.864649], [-7.770602, 41.855643], [-7.767868, 41.85294], [-7.755893, 41.84927], [-7.746596, 41.853142], [-7.746881, 41.855776], [-7.742645, 41.857337]]], [[[-7.875159, 41.847355], [-7.88856, 41.839971], [-7.900838, 41.826354], [-7.906939, 41.811988], [-7.904843, 41.802961], [-7.89463, 41.793856], [-7.877396, 41.789613], [-7.865355, 41.789928], [-7.846604, 41.793384], [-7.828614, 41.802209], [-7.819516, 41.811123], [-7.816692, 41.8201], [-7.816958, 41.82911], [-7.821174, 41.83816], [-7.828264, 41.844088], [-7.840207, 41.849733], [-7.852216, 41.851823], [-7.864276, 41.851011], [-7.872752, 41.848005], [-7.873066, 41.844875], [-7.875159, 41.847355]], [[-7.864368, 41.845814], [-7.852331, 41.84538], [-7.835622, 41.838307], [-7.827881, 41.829222], [-7.825134, 41.820187], [-7.827601, 41.811205], [-7.834432, 41.802268], [-7.853667, 41.793455], [-7.865331, 41.791328], [-7.877369, 41.791149], [-7.88935, 41.794264], [-7.900076, 41.802915], [-7.903672, 41.811957], [-7.901275, 41.820941], [-7.888623, 41.836367], [-7.876459, 41.843213], [-7.864368, 41.845814]]], [[[-7.724279, 41.786826], [-7.727103, 41.792122], [-7.73287, 41.795045], [-7.744929, 41.793896], [-7.750772, 41.783375], [-7.745286, 41.77557], [-7.739111, 41.774241], [-7.731656, 41.774159], [-7.726836, 41.778732], [-7.725418, 41.780078], [-7.725381, 41.780113], [-7.725182, 41.780302], [-7.724945, 41.780526], [-7.724279, 41.786826]]], [[[-8.31445, 41.761965], [-8.318153, 41.752116], [-8.316456, 41.743099], [-8.308809, 41.734046], [-8.299281, 41.72892], [-8.287278, 41.727039], [-8.275232, 41.729017], [-8.263122, 41.736593], [-8.257994, 41.742737], [-8.255887, 41.75173], [-8.258598, 41.760754], [-8.268367, 41.769697], [-8.269565, 41.767474], [-8.277073, 41.764175], [-8.270795, 41.760832], [-8.265045, 41.751789], [-8.267376, 41.742797], [-8.27515, 41.736391], [-8.286073, 41.733907], [-8.299186, 41.737621], [-8.305182, 41.743032], [-8.307064, 41.75205], [-8.302969, 41.758506], [-8.30778, 41.758824], [-8.307785, 41.760625], [-8.311096, 41.762195], [-8.31445, 41.761965]]], [[[-8.460123, 41.536699], [-8.457215, 41.535442], [-8.45012, 41.536651], [-8.445191, 41.539724], [-8.442907, 41.545624], [-8.445114, 41.54868], [-8.457078, 41.551896], [-8.464988, 41.545729], [-8.460123, 41.536699]]], [[[-8.133307, 41.480656], [-8.127651, 41.471606], [-8.12246, 41.468517], [-8.110491, 41.468088], [-8.104112, 41.471425], [-8.098557, 41.480389], [-8.105036, 41.489447], [-8.11017, 41.49155], [-8.122147, 41.491756], [-8.127447, 41.489619], [-8.133307, 41.480656]], [[-8.110309, 41.48141], [-8.110332, 41.479677], [-8.122585, 41.480575], [-8.122292, 41.481013], [-8.110309, 41.48141]]], [[[-8.575441, 41.456116], [-8.572513, 41.447097], [-8.565733, 41.441566], [-8.553786, 41.438166], [-8.541801, 41.440349], [-8.533246, 41.446945], [-8.529811, 41.455938], [-8.534141, 41.464963], [-8.541589, 41.470465], [-8.553549, 41.472705], [-8.565548, 41.469403], [-8.571413, 41.465108], [-8.575441, 41.456116]], [[-8.541673, 41.45849], [-8.540276, 41.45598], [-8.541711, 41.45314], [-8.553722, 41.447534], [-8.561852, 41.456065], [-8.55361, 41.463855], [-8.541673, 41.45849]]], [[[-8.540145, 41.211273], [-8.535803, 41.221763], [-8.540345, 41.230789], [-8.555158, 41.236854], [-8.567103, 41.235108], [-8.573404, 41.230916], [-8.578846, 41.221928], [-8.575363, 41.212908], [-8.565896, 41.20628], [-8.567697, 41.208246], [-8.566512, 41.209376], [-8.559636, 41.206251], [-8.554271, 41.20627], [-8.549521, 41.209214], [-8.540145, 41.211273]]]]}}, {"id": "3", "type": "Feature", "properties": {"fill": "#c33119", "value_min": -3.0, "value_max": -2.67}, "geometry": {"type": "MultiPolygon", "coordinates": [[[[-7.756586, 41.895064], [-7.772569, 41.891861], [-7.779227, 41.886264], [-7.790337, 41.882471], [-7.796142, 41.877084], [-7.794349, 41.87438], [-7.799467, 41.873945], [-7.803723, 41.868265], [-7.815909, 41.860889], [-7.852062, 41.860381], [-7.868205, 41.855687], [-7.868262, 41.855667], [-7.868507, 41.85558], [-7.87033, 41.851395], [-7.873043, 41.850501], [-7.872752, 41.848005], [-7.864276, 41.851011], [-7.852216, 41.851823], [-7.840207, 41.849733], [-7.828264, 41.844088], [-7.821174, 41.83816], [-7.816958, 41.82911], [-7.816692, 41.8201], [-7.819516, 41.811123], [-7.828614, 41.802209], [-7.846604, 41.793384], [-7.865355, 41.789928], [-7.877396, 41.789613], [-7.89463, 41.793856], [-7.904843, 41.802961], [-7.906939, 41.811988], [-7.900838, 41.826354], [-7.88856, 41.839971], [-7.875159, 41.847355], [-7.878157, 41.851384], [-7.888481, 41.844574], [-7.900756, 41.831158], [-7.907238, 41.820997], [-7.910207, 41.812019], [-7.90943, 41.803005], [-7.900535, 41.793913], [-7.889434, 41.789415], [-7.877423, 41.788077], [-7.853317, 41.790121], [-7.838529, 41.793303], [-7.818177, 41.802102], [-7.805957, 41.810982], [-7.792505, 41.824065], [-7.780434, 41.825621], [-7.760612, 41.819509], [-7.761444, 41.810511], [-7.76836, 41.792572], [-7.7677, 41.783558], [-7.763386, 41.774505], [-7.75746, 41.768227], [-7.745557, 41.761686], [-7.741735, 41.761021], [-7.739912, 41.764148], [-7.726937, 41.771755], [-7.725406, 41.776252], [-7.726836, 41.778732], [-7.731656, 41.774159], [-7.739111, 41.774241], [-7.745286, 41.77557], [-7.750772, 41.783375], [-7.744929, 41.793896], [-7.73287, 41.795045], [-7.727103, 41.792122], [-7.724279, 41.786826], [-7.722591, 41.793347], [-7.728879, 41.797871], [-7.727026, 41.805517], [-7.728761, 41.816776], [-7.732041, 41.821514], [-7.74345, 41.825605], [-7.738918, 41.82874], [-7.742196, 41.833928], [-7.74729, 41.837772], [-7.746349, 41.84407], [-7.750541, 41.847685], [-7.750532, 41.849261], [-7.743309, 41.849012], [-7.746596, 41.853142], [-7.755893, 41.84927], [-7.767868, 41.85294], [-7.770602, 41.855643], [-7.770544, 41.864649], [-7.767586, 41.867648], [-7.755465, 41.871342], [-7.743524, 41.86578], [-7.742645, 41.857337], [-7.736611, 41.861368], [-7.734159, 41.868337], [-7.730228, 41.871024], [-7.729293, 41.875972], [-7.722351, 41.878424], [-7.720523, 41.881793], [-7.725335, 41.882935], [-7.726208, 41.887665], [-7.737044, 41.888828], [-7.737935, 41.890857], [-7.74246, 41.889747], [-7.742785, 41.885922], [-7.756022, 41.888441], [-7.758719, 41.890926], [-7.756586, 41.895064]]], [[[-7.724945, 41.780526], [-7.724945, 41.780526], [-7.725182, 41.780302], [-7.724945, 41.780526]]], [[[-7.725381, 41.780113], [-7.725381, 41.780113], [-7.725418, 41.780078], [-7.725381, 41.780113]]], [[[-8.328069, 41.763518], [-8.330627, 41.75219], [-8.328844, 41.743172], [-8.323271, 41.734133], [-8.311351, 41.724583], [-8.299375, 41.720223], [-8.287363, 41.719357], [-8.275317, 41.721457], [-8.26323, 41.727142], [-8.254948, 41.73371], [-8.248438, 41.742674], [-8.245802, 41.751664], [-8.246862, 41.760678], [-8.251857, 41.769718], [-8.256951, 41.774192], [-8.261762, 41.774235], [-8.268367, 41.769697], [-8.258598, 41.760754], [-8.255887, 41.75173], [-8.257994, 41.742737], [-8.263122, 41.736593], [-8.275232, 41.729017], [-8.287278, 41.727039], [-8.299281, 41.72892], [-8.308809, 41.734046], [-8.316456, 41.743099], [-8.318153, 41.752116], [-8.31445, 41.761965], [-8.318308, 41.761283], [-8.325233, 41.765098], [-8.328069, 41.763518]]], [[[-7.854861, 41.703312], [-7.854588, 41.703396], [-7.854853, 41.70375], [-7.854953, 41.703399], [-7.854861, 41.703312]]], [[[-8.394774, 41.662475], [-8.384139, 41.656478], [-8.372103, 41.659114], [-8.368451, 41.662333], [-8.368369, 41.67134], [-8.371953, 41.674482], [-8.383944, 41.676929], [-8.394324, 41.67148], [-8.394774, 41.662475]]], [[[-8.538607, 41.57307], [-8.528947, 41.562307], [-8.516971, 41.560065], [-8.504795, 41.563922], [-8.498467, 41.572902], [-8.500916, 41.58192], [-8.504785, 41.5855], [-8.516747, 41.590166], [-8.528759, 41.588198], [-8.536656, 41.582069], [-8.538607, 41.57307]]], [[[-8.477655, 41.545787], [-8.474321, 41.536765], [-8.469222, 41.533145], [-8.457264, 41.529593], [-8.445258, 41.531876], [-8.438605, 41.536596], [-8.434948, 41.545585], [-8.440007, 41.554617], [-8.44503, 41.558504], [-8.457003, 41.560764], [-8.469023, 41.557394], [-8.473067, 41.554774], [-8.477655, 41.545787]], [[-8.460123, 41.536699], [-8.464988, 41.545729], [-8.457078, 41.551896], [-8.445114, 41.54868], [-8.442907, 41.545624], [-8.445191, 41.539724], [-8.45012, 41.536651], [-8.457215, 41.535442], [-8.460123, 41.536699]]], [[[-8.241832, 41.501346], [-8.234233, 41.508394], [-8.241676, 41.514777], [-8.253361, 41.50852], [-8.241832, 41.501346]]], [[[-8.685199, 41.491248], [-8.692686, 41.483511], [-8.693709, 41.474506], [-8.688187, 41.465484], [-8.673383, 41.458641], [-8.661409, 41.458738], [-8.649407, 41.463983], [-8.643039, 41.47436], [-8.645268, 41.483374], [-8.649282, 41.487217], [-8.661225, 41.494085], [-8.6732, 41.495137], [-8.685199, 41.491248]]], [[[-8.142145, 41.480722], [-8.139855, 41.471698], [-8.134471, 41.465843], [-8.122574, 41.460119], [-8.110608, 41.45952], [-8.098575, 41.463775], [-8.091097, 41.471323], [-8.089568, 41.480318], [-8.09498, 41.489368], [-8.098196, 41.491169], [-8.110112, 41.495752], [-8.122085, 41.496307], [-8.137868, 41.489698], [-8.142145, 41.480722]], [[-8.133307, 41.480656], [-8.127447, 41.489619], [-8.122147, 41.491756], [-8.11017, 41.49155], [-8.105036, 41.489447], [-8.098557, 41.480389], [-8.104112, 41.471425], [-8.110491, 41.468088], [-8.12246, 41.468517], [-8.127651, 41.471606], [-8.133307, 41.480656]]], [[[-8.586665, 41.465164], [-8.589253, 41.456166], [-8.587809, 41.447153], [-8.580812, 41.43812], [-8.565806, 41.430659], [-8.553846, 41.429371], [-8.541865, 41.431276], [-8.529848, 41.437952], [-8.523205, 41.446903], [-8.521442, 41.455904], [-8.523973, 41.464922], [-8.529602, 41.471977], [-8.541527, 41.47924], [-8.553491, 41.4812], [-8.565478, 41.479764], [-8.577499, 41.474138], [-8.586665, 41.465164]], [[-8.575441, 41.456116], [-8.571413, 41.465108], [-8.565548, 41.469403], [-8.553549, 41.472705], [-8.541589, 41.470465], [-8.534141, 41.464963], [-8.529811, 41.455938], [-8.533246, 41.446945], [-8.541801, 41.440349], [-8.553786, 41.438166], [-8.565733, 41.441566], [-8.572513, 41.447097], [-8.575441, 41.456116]]], [[[-8.646262, 41.357272], [-8.638059, 41.351191], [-8.626105, 41.351212], [-8.617947, 41.357181], [-8.61809, 41.366189], [-8.625983, 41.372405], [-8.637939, 41.372775], [-8.646401, 41.36628], [-8.646262, 41.357272]]], [[[-8.527733, 41.204419], [-8.52203, 41.212699], [-8.520766, 41.221701], [-8.523754, 41.230722], [-8.532539, 41.239765], [-8.543171, 41.244644], [-8.555093, 41.246378], [-8.567039, 41.244696], [-8.57688, 41.239937], [-8.585178, 41.230959], [-8.587848, 41.221961], [-8.586037, 41.212947], [-8.576864, 41.201909], [-8.574515, 41.202593], [-8.57423, 41.20462], [-8.568566, 41.204416], [-8.565896, 41.20628], [-8.575363, 41.212908], [-8.578846, 41.221928], [-8.573404, 41.230916], [-8.567103, 41.235108], [-8.555158, 41.236854], [-8.540345, 41.230789], [-8.535803, 41.221763], [-8.540145, 41.211273], [-8.532257, 41.213102], [-8.527733, 41.204419]]]]}}, {"id": "6", "type": "Feature", "properties": {"fill": "#e79f24", "value_min": -2.0, "value_max": -1.67}, "geometry": {"type": "MultiPolygon", "coordinates": [[[[-8.58486, 41.6201], [-8.591462, 41.620515], [-8.596534, 41.616668], [-8.601628, 41.615972], [-8.603996, 41.611686], [-8.613256, 41.606696], [-8.619881, 41.610269], [-8.621338, 41.604636], [-8.628833, 41.604378], [-8.6366, 41.600518], [-8.639873, 41.597352], [-8.640152, 41.59465], [-8.645536, 41.593051], [-8.646744, 41.594171], [-8.649125, 41.591909], [-8.656622, 41.5921], [-8.660788, 41.588255], [-8.663794, 41.589141], [-8.665265, 41.585758], [-8.66948, 41.587989], [-8.684455, 41.586117], [-8.685608, 41.58071], [-8.697261, 41.576376], [-8.701703, 41.570277], [-8.707704, 41.570923], [-8.711586, 41.569327], [-8.716422, 41.573805], [-8.720316, 41.57356], [-8.725151, 41.577811], [-8.726633, 41.576003], [-8.734424, 41.575737], [-8.736564, 41.580228], [-8.738354, 41.579318], [-8.740778, 41.582006], [-8.74467, 41.581535], [-8.750711, 41.58623], [-8.756374, 41.582823], [-8.75635, 41.580347], [-8.762327, 41.578514], [-8.764443, 41.580303], [-8.767441, 41.580286], [-8.769874, 41.583874], [-8.768997, 41.58613], [-8.773228, 41.589482], [-8.775371, 41.593972], [-8.78556, 41.593464], [-8.797327, 41.600599], [-8.804218, 41.600109], [-8.80456, 41.604158], [-8.809434, 41.611332], [-8.828644, 41.609656], [-8.82839, 41.585633], [-8.818497, 41.554794], [-8.8221, 41.547542], [-8.821965, 41.534907], [-8.815926, 41.525624], [-8.81063, 41.5101], [-8.813279, 41.503483], [-8.812636, 41.496944], [-8.804699, 41.482068], [-8.798552, 41.474753], [-8.800803, 41.457605], [-8.789206, 41.447698], [-8.762373, 41.429631], [-8.709563, 41.400583], [-8.697653, 41.389285], [-8.679778, 41.35737], [-8.672192, 41.348341], [-8.661765, 41.339303], [-8.650114, 41.332366], [-8.638191, 41.327364], [-8.614319, 41.322687], [-8.590415, 41.323729], [-8.571689, 41.329995], [-8.559503, 41.338957], [-8.552173, 41.347936], [-8.536201, 41.374896], [-8.518185, 41.396457], [-8.501728, 41.41979], [-8.495172, 41.437776], [-8.491925, 41.473792], [-8.485572, 41.482771], [-8.469546, 41.493478], [-8.445399, 41.515314], [-8.426336, 41.527528], [-8.418107, 41.536494], [-8.411274, 41.554474], [-8.408011, 41.581479], [-8.403356, 41.590462], [-8.396703, 41.597052], [-8.384634, 41.604393], [-8.326249, 41.626065], [-8.260493, 41.661689], [-8.249181, 41.670623], [-8.242942, 41.679589], [-8.23592, 41.697557], [-8.227399, 41.7072], [-8.215316, 41.712388], [-8.203293, 41.712611], [-8.179332, 41.706272], [-8.167263, 41.710119], [-8.164013, 41.71507], [-8.142982, 41.728215], [-8.130909, 41.731923], [-8.118889, 41.73162], [-8.110675, 41.723677], [-8.113939, 41.714695], [-8.119146, 41.712745], [-8.131352, 41.699026], [-8.13797, 41.696864], [-8.143501, 41.689178], [-8.147082, 41.687925], [-8.145107, 41.678903], [-8.131473, 41.669794], [-8.112312, 41.66064], [-8.0959, 41.65601], [-8.059877, 41.65549], [-8.036064, 41.641644], [-8.024114, 41.637849], [-8.012117, 41.637189], [-8.000071, 41.639762], [-7.995462, 41.641664], [-7.985209, 41.650581], [-7.981975, 41.65956], [-7.983437, 41.66858], [-7.989055, 41.677636], [-7.999352, 41.686163], [-8.011305, 41.690254], [-8.047431, 41.685114], [-8.05938, 41.689643], [-8.076154, 41.70539], [-8.08017, 41.723437], [-8.077552, 41.750437], [-8.079392, 41.759458], [-8.088168, 41.777542], [-8.113986, 41.811627], [-8.118391, 41.812077], [-8.123807, 41.808702], [-8.138247, 41.808477], [-8.139751, 41.813203], [-8.14276, 41.812978], [-8.144866, 41.815228], [-8.149078, 41.814777], [-8.153893, 41.817928], [-8.165326, 41.81815], [-8.173744, 41.808019], [-8.177655, 41.808242], [-8.183676, 41.812741], [-8.190291, 41.809587], [-8.197158, 41.814129], [-8.201063, 41.808724], [-8.204973, 41.807372], [-8.205872, 41.804445], [-8.210684, 41.803794], [-8.190314, 41.788911], [-8.166362, 41.779825], [-8.154404, 41.774048], [-8.148402, 41.768997], [-8.141273, 41.759937], [-8.139086, 41.750914], [-8.142527, 41.741933], [-8.150738, 41.732987], [-8.16707, 41.725045], [-8.179108, 41.723865], [-8.203066, 41.730988], [-8.215074, 41.732274], [-8.227153, 41.727694], [-8.263522, 41.701586], [-8.275611, 41.695296], [-8.294119, 41.688922], [-8.311818, 41.680764], [-8.330923, 41.653114], [-8.348283, 41.639051], [-8.360344, 41.633601], [-8.372381, 41.630426], [-8.384397, 41.62931], [-8.396394, 41.630185], [-8.410866, 41.635537], [-8.4243, 41.644612], [-8.433316, 41.653664], [-8.438294, 41.662696], [-8.436104, 41.671692], [-8.427158, 41.680655], [-8.368751, 41.70737], [-8.362447, 41.716343], [-8.362495, 41.72535], [-8.365017, 41.734639], [-8.368703, 41.73193], [-8.374122, 41.734845], [-8.384922, 41.73032], [-8.387032, 41.731891], [-8.392088, 41.730304], [-8.389693, 41.725498], [-8.390195, 41.716493], [-8.397342, 41.707524], [-8.407741, 41.702138], [-8.419786, 41.699115], [-8.431802, 41.699417], [-8.446693, 41.704696], [-8.453868, 41.697961], [-8.453255, 41.695487], [-8.461659, 41.694563], [-8.482012, 41.682123], [-8.484371, 41.674238], [-8.49308, 41.674886], [-8.499963, 41.671038], [-8.50927, 41.671233], [-8.51018, 41.672806], [-8.511967, 41.670324], [-8.509856, 41.668755], [-8.522103, 41.658811], [-8.525706, 41.659023], [-8.527769, 41.652714], [-8.534066, 41.652017], [-8.537355, 41.64998], [-8.543562, 41.635147], [-8.528413, 41.635708], [-8.516416, 41.634495], [-8.504433, 41.631421], [-8.492474, 41.625465], [-8.432869, 41.577819], [-8.423379, 41.563542], [-8.420622, 41.554521], [-8.42097, 41.545516], [-8.424747, 41.536527], [-8.433306, 41.527808], [-8.451038, 41.518641], [-8.469495, 41.499688], [-8.481527, 41.49333], [-8.493536, 41.489684], [-8.505214, 41.482857], [-8.504308, 41.446824], [-8.511838, 41.428841], [-8.518001, 41.421335], [-8.530036, 41.411848], [-8.569306, 41.39304], [-8.57483, 41.384053], [-8.577128, 41.366046], [-8.579684, 41.357048], [-8.584883, 41.348059], [-8.595611, 41.33909], [-8.602289, 41.33597], [-8.614259, 41.332811], [-8.626213, 41.33232], [-8.638153, 41.334246], [-8.650079, 41.338721], [-8.663185, 41.348315], [-8.669795, 41.357342], [-8.673159, 41.366359], [-8.673793, 41.376811], [-8.668487, 41.402376], [-8.673211, 41.411397], [-8.721371, 41.436968], [-8.735416, 41.447587], [-8.749919, 41.465635], [-8.753777, 41.47465], [-8.75586, 41.49267], [-8.750636, 41.510674], [-8.744545, 41.519668], [-8.735302, 41.528654], [-8.72094, 41.537435], [-8.708932, 41.541909], [-8.696934, 41.543839], [-8.684947, 41.543283], [-8.672981, 41.538645], [-8.652232, 41.519425], [-8.637176, 41.509894], [-8.625214, 41.506304], [-8.613234, 41.50574], [-8.597971, 41.510241], [-8.58687, 41.519209], [-8.583003, 41.528203], [-8.58432, 41.537215], [-8.607158, 41.573324], [-8.608843, 41.582338], [-8.607726, 41.591341], [-8.603879, 41.600335], [-8.597491, 41.60932], [-8.58486, 41.6201]], [[-8.107049, 41.705635], [-8.083321, 41.696131], [-8.070775, 41.687333], [-8.064685, 41.678277], [-8.067964, 41.669296], [-8.071721, 41.667056], [-8.083798, 41.66246], [-8.095804, 41.662869], [-8.110414, 41.669633], [-8.117194, 41.678692], [-8.126229, 41.696775], [-8.119252, 41.705033], [-8.107049, 41.705635]], [[-8.016623, 41.659861], [-8.023863, 41.654461], [-8.032605, 41.659997], [-8.023691, 41.665831], [-8.016623, 41.659861]]], [[[-7.894496, 41.859325], [-7.912876, 41.826573], [-7.925156, 41.812351], [-7.937268, 41.807928], [-7.962347, 41.803495], [-7.976888, 41.794619], [-7.981878, 41.785656], [-7.977844, 41.776613], [-7.973916, 41.774507], [-7.961924, 41.772028], [-7.937864, 41.771812], [-7.925818, 41.772667], [-7.901624, 41.780346], [-7.865454, 41.784312], [-7.841371, 41.785183], [-7.829349, 41.784494], [-7.817363, 41.781926], [-7.804739, 41.774943], [-7.796758, 41.765853], [-7.791608, 41.756792], [-7.78481, 41.738706], [-7.783851, 41.729689], [-7.78667, 41.720633], [-7.78464, 41.720402], [-7.78252, 41.723546], [-7.776204, 41.724652], [-7.773786, 41.727346], [-7.770798, 41.72441], [-7.765698, 41.723044], [-7.761765, 41.727758], [-7.763239, 41.732714], [-7.759299, 41.73872], [-7.759365, 41.738779], [-7.759598, 41.738984], [-7.769877, 41.748019], [-7.793373, 41.777798], [-7.805253, 41.78604], [-7.817243, 41.788461], [-7.889514, 41.784772], [-7.913548, 41.786814], [-7.93776, 41.778139], [-7.949792, 41.778173], [-7.964349, 41.785499], [-7.963725, 41.794501], [-7.949391, 41.80271], [-7.925289, 41.804342], [-7.889002, 41.856613], [-7.891675, 41.859094], [-7.894496, 41.859325]]], [[[-7.787043, 41.720376], [-7.787043, 41.720376], [-7.78732, 41.720185], [-7.787043, 41.720376]]], [[[-7.787345, 41.720168], [-7.787345, 41.720168], [-7.787645, 41.71996], [-7.787345, 41.720168]]], [[[-7.787948, 41.719752], [-7.787948, 41.719752], [-7.78797, 41.719736], [-7.787948, 41.719752]]], [[[-7.791264, 41.717465], [-7.791264, 41.717465], [-7.791871, 41.717047], [-7.791264, 41.717465]]], [[[-7.796382, 41.715361], [-7.796382, 41.715361], [-7.796682, 41.715387], [-7.796382, 41.715361]]], [[[-7.797884, 41.715491], [-7.808991, 41.716961], [-7.804499, 41.714158], [-7.797884, 41.715491]]], [[[-7.81252, 41.718006], [-7.81252, 41.718006], [-7.81469, 41.718649], [-7.81252, 41.718006]]], [[[-7.814821, 41.718688], [-7.821476, 41.721075], [-7.842464, 41.724381], [-7.854495, 41.723926], [-7.866596, 41.719471], [-7.873017, 41.712585], [-7.876849, 41.703615], [-7.87875, 41.694627], [-7.876727, 41.68039], [-7.873401, 41.686198], [-7.868896, 41.686413], [-7.867408, 41.683258], [-7.858987, 41.68649], [-7.859193, 41.686615], [-7.859286, 41.686671], [-7.867089, 41.691387], [-7.869, 41.694531], [-7.871142, 41.703559], [-7.866693, 41.713916], [-7.854561, 41.720212], [-7.842545, 41.719875], [-7.826083, 41.712115], [-7.824661, 41.709261], [-7.818621, 41.713522], [-7.814821, 41.718688]]], [[[-8.022326, 41.755949], [-8.036692, 41.750101], [-8.041788, 41.741137], [-8.037685, 41.732096], [-8.022889, 41.718842], [-8.010939, 41.714183], [-7.998899, 41.715377], [-7.990519, 41.722684], [-7.986963, 41.73166], [-7.988763, 41.740682], [-7.998333, 41.751845], [-8.010294, 41.756219], [-8.022326, 41.755949]]], [[[-8.088809, 41.503395], [-8.145865, 41.510092], [-8.161465, 41.507887], [-8.181958, 41.49874], [-8.193788, 41.510898], [-8.196064, 41.517141], [-8.204154, 41.526205], [-8.217472, 41.534361], [-8.229421, 41.537542], [-8.241414, 41.537211], [-8.253446, 41.533327], [-8.265559, 41.522237], [-8.268778, 41.508619], [-8.265821, 41.499072], [-8.256952, 41.490529], [-8.253967, 41.488008], [-8.242039, 41.483633], [-8.230074, 41.482534], [-8.218079, 41.48387], [-8.197615, 41.49013], [-8.193992, 41.494409], [-8.188818, 41.490068], [-8.177457, 41.462966], [-8.17195, 41.453919], [-8.158769, 41.438961], [-8.146913, 41.430198], [-8.123116, 41.419874], [-8.099234, 41.416184], [-8.085577, 41.416744], [-8.079893, 41.41975], [-8.078997, 41.417725], [-8.059554, 41.423629], [-8.055959, 41.429415], [-8.05745, 41.432793], [-8.056549, 41.436394], [-8.057743, 41.438645], [-8.061033, 41.438872], [-8.063424, 41.4409], [-8.064916, 41.444052], [-8.068505, 41.444729], [-8.069999, 41.447206], [-8.068795, 41.454218], [-8.074847, 41.44825], [-8.086914, 41.44143], [-8.098929, 41.438245], [-8.110908, 41.43756], [-8.122859, 41.43893], [-8.134778, 41.442747], [-8.151773, 41.453772], [-8.159094, 41.462833], [-8.163157, 41.47187], [-8.16383, 41.480882], [-8.160461, 41.489865], [-8.150924, 41.498802], [-8.133966, 41.503815], [-8.121981, 41.504059], [-8.089217, 41.49833], [-8.072143, 41.489186], [-8.066667, 41.482318], [-8.066069, 41.48817], [-8.072054, 41.490199], [-8.07175, 41.494925], [-8.078333, 41.49898], [-8.078332, 41.500331], [-8.084618, 41.502805], [-8.084641, 41.502809], [-8.088809, 41.503395]], [[-8.229537, 41.527821], [-8.214489, 41.517269], [-8.211398, 41.50824], [-8.214396, 41.499253], [-8.21793, 41.496259], [-8.229988, 41.489797], [-8.241976, 41.489035], [-8.253909, 41.493028], [-8.26082, 41.499561], [-8.264805, 41.508594], [-8.26205, 41.517584], [-8.253532, 41.525855], [-8.241505, 41.52934], [-8.229537, 41.527821]]], [[[-8.470415, 41.244265], [-8.481573, 41.257563], [-8.492892, 41.266621], [-8.507141, 41.274737], [-8.519046, 41.279461], [-8.530968, 41.282118], [-8.542905, 41.282798], [-8.554855, 41.281483], [-8.578803, 41.271338], [-8.5908, 41.262019], [-8.601531, 41.249033], [-8.608431, 41.231041], [-8.607398, 41.213021], [-8.603108, 41.200987], [-8.59129, 41.183443], [-8.582976, 41.176089], [-8.578825, 41.178941], [-8.580355, 41.184914], [-8.591221, 41.194578], [-8.597333, 41.203979], [-8.602408, 41.222012], [-8.601364, 41.231016], [-8.597662, 41.240011], [-8.590881, 41.249098], [-8.578888, 41.258019], [-8.566916, 41.263339], [-8.554963, 41.26565], [-8.543022, 41.26589], [-8.531096, 41.264161], [-8.519188, 41.260055], [-8.507303, 41.253079], [-8.495458, 41.241319], [-8.490244, 41.232598], [-8.484411, 41.240495], [-8.476644, 41.237817], [-8.475756, 41.23917], [-8.471283, 41.239184], [-8.470415, 41.244265]]], [[[-8.490122, 41.232374], [-8.490122, 41.232374], [-8.490032, 41.232208], [-8.490122, 41.232374]]], [[[-8.49, 41.232149], [-8.488921, 41.229676], [-8.487936, 41.23058], [-8.49, 41.232149]]]]}}, {"id": "4", "type": "Feature", "properties": {"fill": "#d75e13", "value_min": -2.67, "value_max": -2.33}, "geometry": {"type": "MultiPolygon", "coordinates": [[[[-7.882733, 41.854349], [-7.900676, 41.835813], [-7.91022, 41.821026], [-7.915189, 41.803059], [-7.90984, 41.794002], [-7.901459, 41.790024], [-7.889474, 41.787097], [-7.877449, 41.786541], [-7.853348, 41.788408], [-7.805046, 41.797171], [-7.793047, 41.795174], [-7.782551, 41.783716], [-7.769559, 41.764683], [-7.75772, 41.754778], [-7.74792, 41.749995], [-7.747786, 41.754496], [-7.743866, 41.756509], [-7.741735, 41.761021], [-7.745557, 41.761686], [-7.75746, 41.768227], [-7.763386, 41.774505], [-7.7677, 41.783558], [-7.76836, 41.792572], [-7.761444, 41.810511], [-7.760612, 41.819509], [-7.780434, 41.825621], [-7.792505, 41.824065], [-7.805957, 41.810982], [-7.818177, 41.802102], [-7.838529, 41.793303], [-7.853317, 41.790121], [-7.877423, 41.788077], [-7.889434, 41.789415], [-7.900535, 41.793913], [-7.90943, 41.803005], [-7.910207, 41.812019], [-7.907238, 41.820997], [-7.900756, 41.831158], [-7.888481, 41.844574], [-7.878157, 41.851384], [-7.882733, 41.854349]]], [[[-7.772569, 41.891861], [-7.756586, 41.895064], [-7.758376, 41.898127], [-7.764097, 41.898595], [-7.772569, 41.891861]]], [[[-7.868507, 41.85558], [-7.868507, 41.85558], [-7.868262, 41.855667], [-7.868507, 41.85558]]], [[[-7.868205, 41.855687], [-7.852062, 41.860381], [-7.815909, 41.860889], [-7.803723, 41.868265], [-7.799467, 41.873945], [-7.804288, 41.874184], [-7.805215, 41.86946], [-7.814229, 41.873537], [-7.823863, 41.874013], [-7.825059, 41.875817], [-7.830479, 41.875831], [-7.830789, 41.874031], [-7.832894, 41.874712], [-7.83772, 41.872924], [-7.842528, 41.875187], [-7.841663, 41.866632], [-7.849515, 41.861475], [-7.858542, 41.862622], [-7.859456, 41.860148], [-7.864877, 41.859711], [-7.868205, 41.855687]]], [[[-7.796142, 41.877084], [-7.790337, 41.882471], [-7.794309, 41.882033], [-7.796142, 41.877084]]], [[[-8.347066, 41.760783], [-8.344859, 41.743265], [-8.341022, 41.734236], [-8.334559, 41.725191], [-8.323667, 41.716121], [-8.311499, 41.710706], [-8.299499, 41.708872], [-8.287475, 41.709198], [-8.275426, 41.711747], [-8.263345, 41.717096], [-8.241929, 41.733625], [-8.235156, 41.742587], [-8.231344, 41.751568], [-8.230593, 41.76057], [-8.232559, 41.76959], [-8.237894, 41.778633], [-8.245119, 41.786407], [-8.251257, 41.784375], [-8.251845, 41.777172], [-8.256951, 41.774192], [-8.251857, 41.769718], [-8.246862, 41.760678], [-8.245802, 41.751664], [-8.248438, 41.742674], [-8.254948, 41.73371], [-8.26323, 41.727142], [-8.275317, 41.721457], [-8.287363, 41.719357], [-8.299375, 41.720223], [-8.311351, 41.724583], [-8.323271, 41.734133], [-8.328844, 41.743172], [-8.330627, 41.75219], [-8.328069, 41.763518], [-8.336653, 41.763728], [-8.338452, 41.762149], [-8.344765, 41.762363], [-8.347066, 41.760783]]], [[[-7.952589, 41.785393], [-7.949699, 41.783887], [-7.937663, 41.783984], [-7.934805, 41.785229], [-7.932472, 41.794214], [-7.937455, 41.796615], [-7.949494, 41.796447], [-7.953008, 41.794403], [-7.952589, 41.785393]]], [[[-8.187426, 41.742259], [-8.178971, 41.734651], [-8.166964, 41.73329], [-8.156156, 41.742034], [-8.158631, 41.751059], [-8.166665, 41.756433], [-8.178702, 41.755722], [-8.185315, 41.751251], [-8.187426, 41.742259]]], [[[-7.83804, 41.709521], [-7.838992, 41.712246], [-7.842648, 41.714116], [-7.85464, 41.715772], [-7.860746, 41.712464], [-7.864473, 41.703494], [-7.855018, 41.694447], [-7.847538, 41.695239], [-7.841615, 41.697151], [-7.836092, 41.702939], [-7.839682, 41.705924], [-7.83804, 41.709521]], [[-7.854861, 41.703312], [-7.854953, 41.703399], [-7.854853, 41.70375], [-7.854588, 41.703396], [-7.854861, 41.703312]]], [[[-8.104112, 41.678591], [-8.095712, 41.669437], [-8.083699, 41.669476], [-8.075974, 41.678368], [-8.083436, 41.688016], [-8.095441, 41.688781], [-8.104112, 41.678591]]], [[[-8.407992, 41.67476], [-8.410763, 41.671565], [-8.411319, 41.662561], [-8.405181, 41.653522], [-8.396233, 41.647462], [-8.384253, 41.644416], [-8.372238, 41.645141], [-8.36018, 41.65025], [-8.356124, 41.653258], [-8.350021, 41.66223], [-8.349199, 41.671233], [-8.353445, 41.680264], [-8.359834, 41.685137], [-8.371816, 41.688615], [-8.383837, 41.68811], [-8.395888, 41.684332], [-8.402783, 41.680531], [-8.407992, 41.67476]], [[-8.394774, 41.662475], [-8.394324, 41.67148], [-8.383944, 41.676929], [-8.371953, 41.674482], [-8.368369, 41.67134], [-8.368451, 41.662333], [-8.372103, 41.659114], [-8.384139, 41.656478], [-8.394774, 41.662475]]], [[[-8.552711, 41.594457], [-8.560395, 41.582162], [-8.560702, 41.573156], [-8.557362, 41.564136], [-8.549563, 41.555099], [-8.541034, 41.549], [-8.504191, 41.536897], [-8.502682, 41.527883], [-8.506194, 41.518891], [-8.505143, 41.509879], [-8.493448, 41.500865], [-8.48147, 41.500504], [-8.46862, 41.509716], [-8.465932, 41.518711], [-8.445305, 41.52635], [-8.431238, 41.53656], [-8.427842, 41.54555], [-8.429634, 41.554566], [-8.433027, 41.559779], [-8.444945, 41.568434], [-8.468886, 41.574185], [-8.492709, 41.59552], [-8.504657, 41.602163], [-8.516634, 41.605274], [-8.528634, 41.605359], [-8.540657, 41.602305], [-8.552711, 41.594457]], [[-8.538607, 41.57307], [-8.536656, 41.582069], [-8.528759, 41.588198], [-8.516747, 41.590166], [-8.504785, 41.5855], [-8.500916, 41.58192], [-8.498467, 41.572902], [-8.504795, 41.563922], [-8.516971, 41.560065], [-8.528947, 41.562307], [-8.538607, 41.57307]], [[-8.477655, 41.545787], [-8.473067, 41.554774], [-8.469023, 41.557394], [-8.457003, 41.560764], [-8.44503, 41.558504], [-8.440007, 41.554617], [-8.434948, 41.545585], [-8.438605, 41.536596], [-8.445258, 41.531876], [-8.457264, 41.529593], [-8.469222, 41.533145], [-8.474321, 41.536765], [-8.477655, 41.545787]]], [[[-8.259223, 41.508558], [-8.253851, 41.498142], [-8.241911, 41.494593], [-8.227125, 41.49934], [-8.222804, 41.508318], [-8.227278, 41.517355], [-8.241585, 41.522541], [-8.253608, 41.519289], [-8.259223, 41.508558]], [[-8.241832, 41.501346], [-8.253361, 41.50852], [-8.241676, 41.514777], [-8.234233, 41.508394], [-8.241832, 41.501346]]], [[[-8.709123, 41.499128], [-8.714951, 41.492576], [-8.718451, 41.483577], [-8.718507, 41.47457], [-8.715343, 41.465554], [-8.708168, 41.456529], [-8.697377, 41.448748], [-8.68543, 41.443612], [-8.673472, 41.44098], [-8.661505, 41.440292], [-8.625563, 41.445642], [-8.613617, 41.441383], [-8.598887, 41.429177], [-8.589784, 41.424116], [-8.577843, 41.420051], [-8.565891, 41.417976], [-8.553922, 41.418284], [-8.541937, 41.420919], [-8.529931, 41.426419], [-8.517875, 41.438327], [-8.513885, 41.446864], [-8.51277, 41.455867], [-8.514464, 41.464882], [-8.51902, 41.473908], [-8.529505, 41.485366], [-8.541443, 41.49112], [-8.553407, 41.493437], [-8.565392, 41.492781], [-8.577389, 41.490047], [-8.601412, 41.479686], [-8.613399, 41.478042], [-8.632748, 41.492343], [-8.649206, 41.501231], [-8.661161, 41.506354], [-8.67313, 41.509013], [-8.685112, 41.509272], [-8.697108, 41.506569], [-8.709123, 41.499128]], [[-8.685199, 41.491248], [-8.6732, 41.495137], [-8.661225, 41.494085], [-8.649282, 41.487217], [-8.645268, 41.483374], [-8.643039, 41.47436], [-8.649407, 41.463983], [-8.661409, 41.458738], [-8.673383, 41.458641], [-8.688187, 41.465484], [-8.693709, 41.474506], [-8.692686, 41.483511], [-8.685199, 41.491248]], [[-8.586665, 41.465164], [-8.577499, 41.474138], [-8.565478, 41.479764], [-8.553491, 41.4812], [-8.541527, 41.47924], [-8.529602, 41.471977], [-8.523973, 41.464922], [-8.521442, 41.455904], [-8.523205, 41.446903], [-8.529848, 41.437952], [-8.541865, 41.431276], [-8.553846, 41.429371], [-8.565806, 41.430659], [-8.580812, 41.43812], [-8.587809, 41.447153], [-8.589253, 41.456166], [-8.586665, 41.465164]]], [[[-8.134037, 41.49847], [-8.147686, 41.489771], [-8.151747, 41.480794], [-8.15063, 41.471778], [-8.144704, 41.462727], [-8.134614, 41.455154], [-8.122697, 41.450935], [-8.110738, 41.450017], [-8.096474, 41.453351], [-8.083339, 41.462254], [-8.07873, 41.471225], [-8.079135, 41.480235], [-8.085596, 41.489294], [-8.098126, 41.496212], [-8.11006, 41.499617], [-8.12203, 41.500408], [-8.134037, 41.49847]], [[-8.142145, 41.480722], [-8.137868, 41.489698], [-8.122085, 41.496307], [-8.110112, 41.495752], [-8.098196, 41.491169], [-8.09498, 41.489368], [-8.089568, 41.480318], [-8.091097, 41.471323], [-8.098575, 41.463775], [-8.110608, 41.45952], [-8.122574, 41.460119], [-8.134471, 41.465843], [-8.139855, 41.471698], [-8.142145, 41.480722]]], [[[-8.649838, 41.38383], [-8.658261, 41.375323], [-8.661451, 41.366325], [-8.659589, 41.357312], [-8.652409, 41.348283], [-8.638112, 41.341495], [-8.626166, 41.340434], [-8.614196, 41.34343], [-8.606197, 41.348134], [-8.599726, 41.357119], [-8.598699, 41.366123], [-8.602252, 41.375143], [-8.612145, 41.384185], [-8.625887, 41.389166], [-8.63785, 41.388759], [-8.649838, 41.38383]], [[-8.646262, 41.357272], [-8.646401, 41.36628], [-8.637939, 41.372775], [-8.625983, 41.372405], [-8.61809, 41.366189], [-8.617947, 41.357181], [-8.626105, 41.351212], [-8.638059, 41.351191], [-8.646262, 41.357272]]], [[[-8.508729, 41.206203], [-8.506046, 41.212631], [-8.50547, 41.221637], [-8.508024, 41.230656], [-8.513917, 41.239688], [-8.519303, 41.24444], [-8.531188, 41.251409], [-8.5431, 41.254724], [-8.555032, 41.255366], [-8.566981, 41.253464], [-8.578951, 41.248227], [-8.5885, 41.239979], [-8.59387, 41.23099], [-8.595481, 41.221988], [-8.594129, 41.212975], [-8.589629, 41.203952], [-8.579503, 41.193795], [-8.575958, 41.195609], [-8.576864, 41.201909], [-8.586037, 41.212947], [-8.587848, 41.221961], [-8.585178, 41.230959], [-8.57688, 41.239937], [-8.567039, 41.244696], [-8.555093, 41.246378], [-8.543171, 41.244644], [-8.532539, 41.239765], [-8.523754, 41.230722], [-8.520766, 41.221701], [-8.52203, 41.212699], [-8.527733, 41.204419], [-8.523236, 41.200077], [-8.520554, 41.200086], [-8.51163, 41.203042], [-8.510753, 41.205971], [-8.508729, 41.206203]]]]}}, {"id": "5", "type": "Feature", "properties": {"fill": "#ea870e", "value_min": -2.33, "value_max": -2.0}, "geometry": {"type": "MultiPolygon", "coordinates": [[[[-7.889002, 41.856613], [-7.925289, 41.804342], [-7.949391, 41.80271], [-7.963725, 41.794501], [-7.964349, 41.785499], [-7.949792, 41.778173], [-7.93776, 41.778139], [-7.913548, 41.786814], [-7.889514, 41.784772], [-7.817243, 41.788461], [-7.805253, 41.78604], [-7.793373, 41.777798], [-7.769877, 41.748019], [-7.759598, 41.738984], [-7.75689, 41.739446], [-7.758687, 41.740577], [-7.757758, 41.745301], [-7.74792, 41.749995], [-7.75772, 41.754778], [-7.769559, 41.764683], [-7.782551, 41.783716], [-7.793047, 41.795174], [-7.805046, 41.797171], [-7.853348, 41.788408], [-7.877449, 41.786541], [-7.889474, 41.787097], [-7.901459, 41.790024], [-7.90984, 41.794002], [-7.915189, 41.803059], [-7.91022, 41.821026], [-7.900676, 41.835813], [-7.882733, 41.854349], [-7.889002, 41.856613]], [[-7.952589, 41.785393], [-7.953008, 41.794403], [-7.949494, 41.796447], [-7.937455, 41.796615], [-7.932472, 41.794214], [-7.934805, 41.785229], [-7.937663, 41.783984], [-7.949699, 41.783887], [-7.952589, 41.785393]]], [[[-7.759365, 41.738779], [-7.759365, 41.738779], [-7.759299, 41.73872], [-7.759365, 41.738779]]], [[[-8.365017, 41.734639], [-8.362495, 41.72535], [-8.362447, 41.716343], [-8.368751, 41.70737], [-8.427158, 41.680655], [-8.436104, 41.671692], [-8.438294, 41.662696], [-8.433316, 41.653664], [-8.4243, 41.644612], [-8.410866, 41.635537], [-8.396394, 41.630185], [-8.384397, 41.62931], [-8.372381, 41.630426], [-8.360344, 41.633601], [-8.348283, 41.639051], [-8.330923, 41.653114], [-8.311818, 41.680764], [-8.294119, 41.688922], [-8.275611, 41.695296], [-8.263522, 41.701586], [-8.227153, 41.727694], [-8.215074, 41.732274], [-8.203066, 41.730988], [-8.179108, 41.723865], [-8.16707, 41.725045], [-8.150738, 41.732987], [-8.142527, 41.741933], [-8.139086, 41.750914], [-8.141273, 41.759937], [-8.148402, 41.768997], [-8.154404, 41.774048], [-8.166362, 41.779825], [-8.190314, 41.788911], [-8.210684, 41.803794], [-8.213692, 41.803765], [-8.217598, 41.80016], [-8.217589, 41.793634], [-8.224207, 41.794303], [-8.229917, 41.791598], [-8.240744, 41.791588], [-8.24074, 41.789338], [-8.245119, 41.786407], [-8.237894, 41.778633], [-8.232559, 41.76959], [-8.230593, 41.76057], [-8.231344, 41.751568], [-8.235156, 41.742587], [-8.241929, 41.733625], [-8.263345, 41.717096], [-8.275426, 41.711747], [-8.287475, 41.709198], [-8.299499, 41.708872], [-8.311499, 41.710706], [-8.323667, 41.716121], [-8.334559, 41.725191], [-8.341022, 41.734236], [-8.344859, 41.743265], [-8.347066, 41.760783], [-8.349267, 41.760103], [-8.352557, 41.755145], [-8.34982, 41.745922], [-8.349814, 41.744122], [-8.352516, 41.743441], [-8.352203, 41.739616], [-8.357897, 41.735103], [-8.362407, 41.735994], [-8.365017, 41.734639]], [[-8.187426, 41.742259], [-8.185315, 41.751251], [-8.178702, 41.755722], [-8.166665, 41.756433], [-8.158631, 41.751059], [-8.156156, 41.742034], [-8.166964, 41.73329], [-8.178971, 41.734651], [-8.187426, 41.742259]], [[-8.407992, 41.67476], [-8.402783, 41.680531], [-8.395888, 41.684332], [-8.383837, 41.68811], [-8.371816, 41.688615], [-8.359834, 41.685137], [-8.353445, 41.680264], [-8.349199, 41.671233], [-8.350021, 41.66223], [-8.356124, 41.653258], [-8.36018, 41.65025], [-8.372238, 41.645141], [-8.384253, 41.644416], [-8.396233, 41.647462], [-8.405181, 41.653522], [-8.411319, 41.662561], [-8.410763, 41.671565], [-8.407992, 41.67476]]], [[[-7.824661, 41.709261], [-7.826083, 41.712115], [-7.842545, 41.719875], [-7.854561, 41.720212], [-7.866693, 41.713916], [-7.871142, 41.703559], [-7.869, 41.694531], [-7.867089, 41.691387], [-7.859286, 41.686671], [-7.857773, 41.689538], [-7.855076, 41.688181], [-7.852668, 41.689526], [-7.847538, 41.695239], [-7.855018, 41.694447], [-7.864473, 41.703494], [-7.860746, 41.712464], [-7.85464, 41.715772], [-7.842648, 41.714116], [-7.838992, 41.712246], [-7.83804, 41.709521], [-7.832453, 41.710407], [-7.827955, 41.70882], [-7.824661, 41.709261]]], [[[-7.859193, 41.686615], [-7.859193, 41.686615], [-7.858987, 41.68649], [-7.859193, 41.686615]]], [[[-7.836092, 41.702939], [-7.841615, 41.697151], [-7.837309, 41.699391], [-7.836092, 41.702939]]], [[[-8.107049, 41.705635], [-8.119252, 41.705033], [-8.126229, 41.696775], [-8.117194, 41.678692], [-8.110414, 41.669633], [-8.095804, 41.662869], [-8.083798, 41.66246], [-8.071721, 41.667056], [-8.067964, 41.669296], [-8.064685, 41.678277], [-8.070775, 41.687333], [-8.083321, 41.696131], [-8.107049, 41.705635]], [[-8.104112, 41.678591], [-8.095441, 41.688781], [-8.083436, 41.688016], [-8.075974, 41.678368], [-8.083699, 41.669476], [-8.095712, 41.669437], [-8.104112, 41.678591]]], [[[-8.016623, 41.659861], [-8.023691, 41.665831], [-8.032605, 41.659997], [-8.023863, 41.654461], [-8.016623, 41.659861]]], [[[-8.58486, 41.6201], [-8.597491, 41.60932], [-8.603879, 41.600335], [-8.607726, 41.591341], [-8.608843, 41.582338], [-8.607158, 41.573324], [-8.58432, 41.537215], [-8.583003, 41.528203], [-8.58687, 41.519209], [-8.597971, 41.510241], [-8.613234, 41.50574], [-8.625214, 41.506304], [-8.637176, 41.509894], [-8.652232, 41.519425], [-8.672981, 41.538645], [-8.684947, 41.543283], [-8.696934, 41.543839], [-8.708932, 41.541909], [-8.72094, 41.537435], [-8.735302, 41.528654], [-8.744545, 41.519668], [-8.750636, 41.510674], [-8.75586, 41.49267], [-8.753777, 41.47465], [-8.749919, 41.465635], [-8.735416, 41.447587], [-8.721371, 41.436968], [-8.673211, 41.411397], [-8.668487, 41.402376], [-8.673793, 41.376811], [-8.673159, 41.366359], [-8.669795, 41.357342], [-8.663185, 41.348315], [-8.650079, 41.338721], [-8.638153, 41.334246], [-8.626213, 41.33232], [-8.614259, 41.332811], [-8.602289, 41.33597], [-8.595611, 41.33909], [-8.584883, 41.348059], [-8.579684, 41.357048], [-8.577128, 41.366046], [-8.57483, 41.384053], [-8.569306, 41.39304], [-8.530036, 41.411848], [-8.518001, 41.421335], [-8.511838, 41.428841], [-8.504308, 41.446824], [-8.505214, 41.482857], [-8.493536, 41.489684], [-8.481527, 41.49333], [-8.469495, 41.499688], [-8.451038, 41.518641], [-8.433306, 41.527808], [-8.424747, 41.536527], [-8.42097, 41.545516], [-8.420622, 41.554521], [-8.423379, 41.563542], [-8.432869, 41.577819], [-8.492474, 41.625465], [-8.504433, 41.631421], [-8.516416, 41.634495], [-8.528413, 41.635708], [-8.543562, 41.635147], [-8.541448, 41.632859], [-8.536342, 41.631977], [-8.535128, 41.62973], [-8.543431, 41.61462], [-8.554533, 41.615255], [-8.557244, 41.617046], [-8.562639, 41.61635], [-8.568056, 41.619031], [-8.570735, 41.616095], [-8.577321, 41.614269], [-8.581231, 41.615829], [-8.58486, 41.6201]], [[-8.552711, 41.594457], [-8.540657, 41.602305], [-8.528634, 41.605359], [-8.516634, 41.605274], [-8.504657, 41.602163], [-8.492709, 41.59552], [-8.468886, 41.574185], [-8.444945, 41.568434], [-8.433027, 41.559779], [-8.429634, 41.554566], [-8.427842, 41.54555], [-8.431238, 41.53656], [-8.445305, 41.52635], [-8.465932, 41.518711], [-8.46862, 41.509716], [-8.48147, 41.500504], [-8.493448, 41.500865], [-8.505143, 41.509879], [-8.506194, 41.518891], [-8.502682, 41.527883], [-8.504191, 41.536897], [-8.541034, 41.549], [-8.549563, 41.555099], [-8.557362, 41.564136], [-8.560702, 41.573156], [-8.560395, 41.582162], [-8.552711, 41.594457]], [[-8.709123, 41.499128], [-8.697108, 41.506569], [-8.685112, 41.509272], [-8.67313, 41.509013], [-8.661161, 41.506354], [-8.649206, 41.501231], [-8.632748, 41.492343], [-8.613399, 41.478042], [-8.601412, 41.479686], [-8.577389, 41.490047], [-8.565392, 41.492781], [-8.553407, 41.493437], [-8.541443, 41.49112], [-8.529505, 41.485366], [-8.51902, 41.473908], [-8.514464, 41.464882], [-8.51277, 41.455867], [-8.513885, 41.446864], [-8.517875, 41.438327], [-8.529931, 41.426419], [-8.541937, 41.420919], [-8.553922, 41.418284], [-8.565891, 41.417976], [-8.577843, 41.420051], [-8.589784, 41.424116], [-8.598887, 41.429177], [-8.613617, 41.441383], [-8.625563, 41.445642], [-8.661505, 41.440292], [-8.673472, 41.44098], [-8.68543, 41.443612], [-8.697377, 41.448748], [-8.708168, 41.456529], [-8.715343, 41.465554], [-8.718507, 41.47457], [-8.718451, 41.483577], [-8.714951, 41.492576], [-8.709123, 41.499128]], [[-8.649838, 41.38383], [-8.63785, 41.388759], [-8.625887, 41.389166], [-8.612145, 41.384185], [-8.602252, 41.375143], [-8.598699, 41.366123], [-8.599726, 41.357119], [-8.606197, 41.348134], [-8.614196, 41.34343], [-8.626166, 41.340434], [-8.638112, 41.341495], [-8.652409, 41.348283], [-8.659589, 41.357312], [-8.661451, 41.366325], [-8.658261, 41.375323], [-8.649838, 41.38383]]], [[[-8.229537, 41.527821], [-8.241505, 41.52934], [-8.253532, 41.525855], [-8.26205, 41.517584], [-8.264805, 41.508594], [-8.26082, 41.499561], [-8.253909, 41.493028], [-8.241976, 41.489035], [-8.229988, 41.489797], [-8.21793, 41.496259], [-8.214396, 41.499253], [-8.211398, 41.50824], [-8.214489, 41.517269], [-8.229537, 41.527821]], [[-8.259223, 41.508558], [-8.253608, 41.519289], [-8.241585, 41.522541], [-8.227278, 41.517355], [-8.222804, 41.508318], [-8.227125, 41.49934], [-8.241911, 41.494593], [-8.253851, 41.498142], [-8.259223, 41.508558]]], [[[-8.066667, 41.482318], [-8.072143, 41.489186], [-8.089217, 41.49833], [-8.121981, 41.504059], [-8.133966, 41.503815], [-8.150924, 41.498802], [-8.160461, 41.489865], [-8.16383, 41.480882], [-8.163157, 41.47187], [-8.159094, 41.462833], [-8.151773, 41.453772], [-8.134778, 41.442747], [-8.122859, 41.43893], [-8.110908, 41.43756], [-8.098929, 41.438245], [-8.086914, 41.44143], [-8.074847, 41.44825], [-8.068795, 41.454218], [-8.070289, 41.45711], [-8.068788, 41.462286], [-8.073872, 41.46499], [-8.074164, 41.473543], [-8.066667, 41.482318]], [[-8.134037, 41.49847], [-8.12203, 41.500408], [-8.11006, 41.499617], [-8.098126, 41.496212], [-8.085596, 41.489294], [-8.079135, 41.480235], [-8.07873, 41.471225], [-8.083339, 41.462254], [-8.096474, 41.453351], [-8.110738, 41.450017], [-8.122697, 41.450935], [-8.134614, 41.455154], [-8.144704, 41.462727], [-8.15063, 41.471778], [-8.151747, 41.480794], [-8.147686, 41.489771], [-8.134037, 41.49847]]], [[[-8.490244, 41.232598], [-8.495458, 41.241319], [-8.507303, 41.253079], [-8.519188, 41.260055], [-8.531096, 41.264161], [-8.543022, 41.26589], [-8.554963, 41.26565], [-8.566916, 41.263339], [-8.578888, 41.258019], [-8.590881, 41.249098], [-8.597662, 41.240011], [-8.601364, 41.231016], [-8.602408, 41.222012], [-8.597333, 41.203979], [-8.591221, 41.194578], [-8.580355, 41.184914], [-8.581296, 41.191762], [-8.579503, 41.193795], [-8.589629, 41.203952], [-8.594129, 41.212975], [-8.595481, 41.221988], [-8.59387, 41.23099], [-8.5885, 41.239979], [-8.578951, 41.248227], [-8.566981, 41.253464], [-8.555032, 41.255366], [-8.5431, 41.254724], [-8.531188, 41.251409], [-8.519303, 41.24444], [-8.513917, 41.239688], [-8.508024, 41.230656], [-8.50547, 41.221637], [-8.506046, 41.212631], [-8.508729, 41.206203], [-8.505693, 41.207113], [-8.504239, 41.213646], [-8.500076, 41.21546], [-8.50308, 41.219502], [-8.502204, 41.222656], [-8.495642, 41.222227], [-8.488921, 41.229676], [-8.49, 41.232149], [-8.490032, 41.232208], [-8.490122, 41.232374], [-8.490244, 41.232598]]]]}}, {"id": "18", "type": "Feature", "properties": {"fill": "#5599f7", "value_min": 2.0, "value_max": 2.33}, "geometry": {"type": "MultiPolygon", "coordinates": [[[[-7.94633, 41.848383], [-7.948626, 41.849511], [-7.953164, 41.848445], [-7.960778, 41.842946], [-7.962216, 41.839521], [-7.948897, 41.832956], [-7.939885, 41.839317], [-7.94633, 41.848383]], [[-7.945605, 41.83937], [-7.948829, 41.837094], [-7.954217, 41.839448], [-7.948726, 41.843428], [-7.945605, 41.83937]]], [[[-7.864494, 41.766542], [-7.86634, 41.76656], [-7.873218, 41.757621], [-7.866024, 41.751967], [-7.852865, 41.75742], [-7.864494, 41.766542]], [[-7.858948, 41.75748], [-7.865973, 41.75485], [-7.869451, 41.757584], [-7.865844, 41.762221], [-7.858948, 41.75748]]], [[[-8.335648, 41.52704], [-8.349412, 41.526743], [-8.361428, 41.523636], [-8.373482, 41.516591], [-8.381413, 41.50928], [-8.389789, 41.49131], [-8.388855, 41.47329], [-8.385367, 41.464264], [-8.378899, 41.455222], [-8.363839, 41.446132], [-8.350256, 41.442318], [-8.338292, 41.44165], [-8.326306, 41.443163], [-8.314292, 41.447227], [-8.302234, 41.455326], [-8.29547, 41.463749], [-8.292419, 41.472738], [-8.293773, 41.490761], [-8.30259, 41.508829], [-8.313526, 41.519841], [-8.325452, 41.525481], [-8.335648, 41.52704]], [[-8.349434, 41.52455], [-8.337442, 41.525147], [-8.325478, 41.523038], [-8.313558, 41.516852], [-8.305283, 41.508846], [-8.299496, 41.499803], [-8.294391, 41.481757], [-8.295184, 41.472755], [-8.299171, 41.463772], [-8.307918, 41.454817], [-8.314256, 41.450638], [-8.326271, 41.446499], [-8.338259, 41.444888], [-8.350222, 41.445681], [-8.362165, 41.448605], [-8.374069, 41.455642], [-8.381831, 41.464245], [-8.386841, 41.482287], [-8.38402, 41.500287], [-8.378158, 41.509263], [-8.361454, 41.520999], [-8.349434, 41.52455]]], [[[-8.721903, 41.312134], [-8.733871, 41.30701], [-8.738003, 41.303471], [-8.740922, 41.29447], [-8.737112, 41.285453], [-8.73397, 41.282728], [-8.722048, 41.277914], [-8.710105, 41.278643], [-8.698132, 41.285634], [-8.694892, 41.294357], [-8.697549, 41.303372], [-8.709961, 41.311096], [-8.721903, 41.312134]], [[-8.709993, 41.303907], [-8.705058, 41.294383], [-8.710063, 41.288101], [-8.722008, 41.287528], [-8.728458, 41.294441], [-8.723702, 41.303437], [-8.709993, 41.303907]]]]}}, {"id": "19", "type": "Feature", "properties": {"fill": "#4182f2", "value_min": 2.33, "value_max": 2.67}, "geometry": {"type": "MultiPolygon", "coordinates": [[[[-7.945605, 41.83937], [-7.948726, 41.843428], [-7.954217, 41.839448], [-7.948829, 41.837094], [-7.945605, 41.83937]]], [[[-7.858948, 41.75748], [-7.865844, 41.762221], [-7.869451, 41.757584], [-7.865973, 41.75485], [-7.858948, 41.75748]]], [[[-8.349434, 41.52455], [-8.361454, 41.520999], [-8.378158, 41.509263], [-8.38402, 41.500287], [-8.386841, 41.482287], [-8.381831, 41.464245], [-8.374069, 41.455642], [-8.362165, 41.448605], [-8.350222, 41.445681], [-8.338259, 41.444888], [-8.326271, 41.446499], [-8.314256, 41.450638], [-8.307918, 41.454817], [-8.299171, 41.463772], [-8.295184, 41.472755], [-8.294391, 41.481757], [-8.299496, 41.499803], [-8.305283, 41.508846], [-8.313558, 41.516852], [-8.325478, 41.523038], [-8.337442, 41.525147], [-8.349434, 41.52455]], [[-8.373541, 41.5105], [-8.36148, 41.518361], [-8.349456, 41.522357], [-8.337464, 41.523015], [-8.325503, 41.520596], [-8.313585, 41.51429], [-8.301757, 41.499756], [-8.296665, 41.481771], [-8.297949, 41.472772], [-8.302132, 41.464845], [-8.31422, 41.454049], [-8.326244, 41.449128], [-8.338232, 41.44753], [-8.350197, 41.448227], [-8.362135, 41.451641], [-8.374032, 41.459502], [-8.382824, 41.473258], [-8.384038, 41.482272], [-8.381631, 41.500274], [-8.373541, 41.5105]]], [[[-8.709993, 41.303907], [-8.723702, 41.303437], [-8.728458, 41.294441], [-8.722008, 41.287528], [-8.710063, 41.288101], [-8.705058, 41.294383], [-8.709993, 41.303907]]]]}}, {"id": "1", "type": "Feature", "properties": {"fill": "#9c1c1c", "value_min": -3.67, "value_max": -3.33}, "geometry": {"type": "MultiPolygon", "coordinates": [[[[-7.864368, 41.845814], [-7.876459, 41.843213], [-7.888623, 41.836367], [-7.901275, 41.820941], [-7.903672, 41.811957], [-7.900076, 41.802915], [-7.88935, 41.794264], [-7.877369, 41.791149], [-7.865331, 41.791328], [-7.853667, 41.793455], [-7.834432, 41.802268], [-7.827601, 41.811205], [-7.825134, 41.820187], [-7.827881, 41.829222], [-7.835622, 41.838307], [-7.852331, 41.84538], [-7.864368, 41.845814]], [[-7.86444, 41.841778], [-7.848209, 41.838434], [-7.835506, 41.829299], [-7.833107, 41.820268], [-7.834372, 41.811274], [-7.841072, 41.801789], [-7.853175, 41.798077], [-7.860925, 41.793527], [-7.877342, 41.792685], [-7.88179, 41.793732], [-7.894639, 41.802863], [-7.89901, 41.811912], [-7.891948, 41.829858], [-7.888679, 41.833091], [-7.876527, 41.839342], [-7.86444, 41.841778]]], [[[-8.302969, 41.758506], [-8.307064, 41.75205], [-8.305182, 41.743032], [-8.299186, 41.737621], [-8.286073, 41.733907], [-8.27515, 41.736391], [-8.267376, 41.742797], [-8.265045, 41.751789], [-8.270795, 41.760832], [-8.277073, 41.764175], [-8.280681, 41.764083], [-8.284038, 41.761109], [-8.284931, 41.757507], [-8.287033, 41.756829], [-8.302969, 41.758506]], [[-8.27541, 41.751855], [-8.282351, 41.742891], [-8.287116, 41.741726], [-8.290037, 41.742939], [-8.293772, 41.751969], [-8.286955, 41.75621], [-8.27541, 41.751855]]], [[[-8.110309, 41.48141], [-8.122292, 41.481013], [-8.122585, 41.480575], [-8.110332, 41.479677], [-8.110309, 41.48141]]], [[[-8.541673, 41.45849], [-8.55361, 41.463855], [-8.561852, 41.456065], [-8.553722, 41.447534], [-8.541711, 41.45314], [-8.540276, 41.45598], [-8.541673, 41.45849]]]]}}, {"id": "0", "type": "Feature", "properties": {"fill": "#881d1d", "value_min": -4.0, "value_max": -3.67}, "geometry": {"type": "MultiPolygon", "coordinates": [[[[-7.86444, 41.841778], [-7.876527, 41.839342], [-7.888679, 41.833091], [-7.891948, 41.829858], [-7.89901, 41.811912], [-7.894639, 41.802863], [-7.88179, 41.793732], [-7.877342, 41.792685], [-7.860925, 41.793527], [-7.853175, 41.798077], [-7.841072, 41.801789], [-7.834372, 41.811274], [-7.833107, 41.820268], [-7.835506, 41.829299], [-7.848209, 41.838434], [-7.86444, 41.841778]]], [[[-8.27541, 41.751855], [-8.286955, 41.75621], [-8.293772, 41.751969], [-8.290037, 41.742939], [-8.287116, 41.741726], [-8.282351, 41.742891], [-8.27541, 41.751855]]]]}}]}