{"type": "FeatureCollection", "features": [{"id": "11", "type": "Feature", "properties": {"fill": "#a3a3a3", "value_min": -0.33, "value_max": 0.0}, "geometry": {"type": "MultiPolygon", "coordinates": [[[[-8.043836, 41.824424], [-8.026019, 41.813059], [-8.009489, 41.808499], [-7.985422, 41.807893], [-7.925118, 41.814573], [-7.912405, 41.821046], [-7.883928, 41.854802], [-7.889435, 41.856839], [-7.893758, 41.847889], [-7.906624, 41.829998], [-7.916079, 41.821081], [-7.925086, 41.816494], [-7.937164, 41.814224], [-7.973328, 41.811387], [-7.996368, 41.812804], [-8.009371, 41.816171], [-8.020953, 41.822023], [-8.02999, 41.829589], [-8.037134, 41.831171], [-8.041351, 41.828023], [-8.041054, 41.825097], [-8.043836, 41.824424]]], [[[-7.81534, 41.718464], [-7.816205, 41.748041], [-7.818125, 41.757068], [-7.822684, 41.766121], [-7.835151, 41.775255], [-7.853508, 41.779411], [-7.865544, 41.779238], [-7.879535, 41.775697], [-7.890147, 41.766793], [-7.893702, 41.75782], [-7.893431, 41.748811], [-7.890289, 41.739846], [-7.879755, 41.721657], [-7.883096, 41.703676], [-7.880014, 41.694639], [-7.871159, 41.685743], [-7.868896, 41.686413], [-7.867707, 41.683581], [-7.867407, 41.6834], [-7.864403, 41.683701], [-7.864096, 41.685276], [-7.860493, 41.685268], [-7.857773, 41.689538], [-7.854776, 41.68818], [-7.847538, 41.695365], [-7.837309, 41.699391], [-7.835792, 41.702763], [-7.839682, 41.705924], [-7.838465, 41.709522], [-7.832453, 41.710407], [-7.825252, 41.708813], [-7.818621, 41.713522], [-7.81534, 41.718464]], [[-7.853566, 41.776137], [-7.841611, 41.771834], [-7.83364, 41.766233], [-7.829995, 41.757189], [-7.831058, 41.748193], [-7.83862, 41.739263], [-7.842249, 41.736373], [-7.854334, 41.732979], [-7.866339, 41.7341], [-7.878258, 41.740166], [-7.886547, 41.748744], [-7.888544, 41.75777], [-7.885263, 41.766745], [-7.87769, 41.772726], [-7.865593, 41.77643], [-7.853566, 41.776137]]], [[[-8.070837, 41.728473], [-8.099148, 41.696566], [-8.121216, 41.678723], [-8.123749, 41.669735], [-8.115736, 41.660667], [-8.107913, 41.655764], [-8.095973, 41.650771], [-8.084002, 41.648089], [-8.05999, 41.647695], [-8.027539, 41.650947], [-8.011159, 41.659815], [-8.003014, 41.677758], [-8.001439, 41.686752], [-8.005009, 41.704796], [-8.018801, 41.722929], [-8.022773, 41.726504], [-8.034714, 41.731983], [-8.046694, 41.734997], [-8.058737, 41.733727], [-8.070837, 41.728473]], [[-8.05889, 41.723235], [-8.04687, 41.723064], [-8.030425, 41.714021], [-8.02477, 41.704966], [-8.024013, 41.695952], [-8.026994, 41.686971], [-8.049485, 41.660138], [-8.059905, 41.65359], [-8.07195, 41.651118], [-8.083961, 41.651014], [-8.095943, 41.652942], [-8.111907, 41.660637], [-8.11952, 41.669703], [-8.118419, 41.678701], [-8.095291, 41.699513], [-8.08522, 41.705463], [-8.070988, 41.718018], [-8.05889, 41.723235]]], [[[-8.407999, 41.673913], [-8.409818, 41.67156], [-8.40995, 41.662554], [-8.403648, 41.653514], [-8.396226, 41.648162], [-8.384252, 41.644603], [-8.372239, 41.645108], [-8.357412, 41.653265], [-8.352614, 41.662245], [-8.353343, 41.671256], [-8.360045, 41.680301], [-8.37184, 41.686167], [-8.383846, 41.687121], [-8.395891, 41.684061], [-8.402292, 41.680528], [-8.407999, 41.673913]], [[-8.383918, 41.679594], [-8.371927, 41.677189], [-8.365312, 41.671323], [-8.364919, 41.662314], [-8.372139, 41.655415], [-8.384169, 41.653274], [-8.39612, 41.659588], [-8.398571, 41.662495], [-8.398287, 41.6715], [-8.383918, 41.679594]]], [[[-8.648983, 41.542542], [-8.654509, 41.537447], [-8.65757, 41.528449], [-8.655147, 41.519434], [-8.645571, 41.510398], [-8.637198, 41.505961], [-8.625231, 41.503375], [-8.613241, 41.504647], [-8.603542, 41.510261], [-8.597193, 41.519246], [-8.596792, 41.528252], [-8.601265, 41.537275], [-8.612996, 41.545823], [-8.624968, 41.548914], [-8.636962, 41.548139], [-8.648983, 41.542542]], [[-8.614284, 41.528312], [-8.6211, 41.519327], [-8.625145, 41.518178], [-8.628312, 41.519351], [-8.633777, 41.528376], [-8.625058, 41.533349], [-8.614284, 41.528312]]], [[[-8.373501, 41.514631], [-8.379057, 41.509268], [-8.384293, 41.500288], [-8.386314, 41.491292], [-8.384748, 41.473269], [-8.380784, 41.46424], [-8.374052, 41.457393], [-8.362144, 41.450755], [-8.350202, 41.447676], [-8.33824, 41.446709], [-8.326261, 41.44745], [-8.314259, 41.450382], [-8.305352, 41.454802], [-8.295096, 41.463747], [-8.290765, 41.472727], [-8.289526, 41.481727], [-8.29357, 41.499767], [-8.301633, 41.511295], [-8.313518, 41.520611], [-8.325456, 41.525146], [-8.337427, 41.526572], [-8.349422, 41.525758], [-8.361442, 41.522219], [-8.373501, 41.514631]], [[-8.349517, 41.516216], [-8.337525, 41.517015], [-8.325563, 41.514812], [-8.313651, 41.508019], [-8.306142, 41.499843], [-8.302515, 41.490814], [-8.302048, 41.481804], [-8.304829, 41.472813], [-8.313174, 41.463856], [-8.326156, 41.457621], [-8.338146, 41.455954], [-8.35011, 41.456959], [-8.36204, 41.46139], [-8.373826, 41.47321], [-8.377252, 41.482236], [-8.377251, 41.491243], [-8.373561, 41.50023], [-8.361545, 41.511746], [-8.349517, 41.516216]]], [[[-8.565526, 41.47269], [-8.575544, 41.465123], [-8.578481, 41.456127], [-8.575301, 41.447108], [-8.565749, 41.439254], [-8.562201, 41.438051], [-8.553802, 41.435859], [-8.541825, 41.436918], [-8.527581, 41.446921], [-8.525432, 41.45592], [-8.529419, 41.464944], [-8.541571, 41.473038], [-8.553532, 41.475163], [-8.565526, 41.47269]], [[-8.553406, 41.456032], [-8.553664, 41.455914], [-8.553776, 41.456034], [-8.553663, 41.456144], [-8.553406, 41.456032]]], [[[-8.188028, 41.375629], [-8.187762, 41.381972], [-8.191599, 41.391006], [-8.201793, 41.400085], [-8.207087, 41.402936], [-8.219013, 41.406044], [-8.23098, 41.405842], [-8.24299, 41.401856], [-8.253884, 41.391427], [-8.256745, 41.382438], [-8.25566, 41.373423], [-8.248445, 41.362962], [-8.248448, 41.364328], [-8.244864, 41.365457], [-8.244272, 41.368384], [-8.239197, 41.371315], [-8.232024, 41.369971], [-8.224854, 41.370878], [-8.21738, 41.368182], [-8.211712, 41.376065], [-8.200358, 41.377648], [-8.194976, 41.374275], [-8.191691, 41.376302], [-8.188028, 41.375629]], [[-8.219209, 41.389662], [-8.21152, 41.382137], [-8.21621, 41.373161], [-8.219426, 41.371521], [-8.231371, 41.372626], [-8.235872, 41.382301], [-8.231189, 41.38809], [-8.219209, 41.389662]]], [[[-8.617447, 41.178335], [-8.623477, 41.204067], [-8.632041, 41.222111], [-8.638725, 41.230588], [-8.651338, 41.240186], [-8.662514, 41.245187], [-8.674435, 41.247915], [-8.698301, 41.248936], [-8.722181, 41.246679], [-8.758019, 41.237592], [-8.771356, 41.231479], [-8.784903, 41.222498], [-8.79404, 41.213507], [-8.801979, 41.202235], [-8.799695, 41.14406], [-8.746133, 41.145249], [-8.758321, 41.155583], [-8.766985, 41.168415], [-8.769746, 41.177429], [-8.769062, 41.195443], [-8.76553, 41.204444], [-8.758877, 41.213438], [-8.748737, 41.222424], [-8.731568, 41.231394], [-8.710287, 41.237278], [-8.698348, 41.238628], [-8.674489, 41.236956], [-8.662577, 41.232956], [-8.650684, 41.225411], [-8.640444, 41.213129], [-8.636251, 41.204108], [-8.633533, 41.190196], [-8.631331, 41.188179], [-8.627456, 41.187971], [-8.62263, 41.180113], [-8.617447, 41.178335]]]]}}, {"id": "10", "type": "Feature", "properties": {"fill": "#a3a3a3", "value_min": -0.67, "value_max": -0.33}, "geometry": {"type": "MultiPolygon", "coordinates": [[[[-8.06664, 41.816721], [-8.057648, 41.808147], [-8.045723, 41.800514], [-8.033735, 41.797254], [-8.009638, 41.798853], [-7.961329, 41.808874], [-7.92515, 41.812652], [-7.913039, 41.816907], [-7.878804, 41.85209], [-7.883928, 41.854802], [-7.912405, 41.821046], [-7.925118, 41.814573], [-7.985422, 41.807893], [-8.009489, 41.808499], [-8.026019, 41.813059], [-8.043836, 41.824424], [-8.057314, 41.815656], [-8.06664, 41.816721]]], [[[-7.782823, 41.722929], [-7.807541, 41.765965], [-7.817677, 41.775077], [-7.829431, 41.779998], [-7.841426, 41.78215], [-7.865494, 41.782045], [-7.877566, 41.779878], [-7.887201, 41.775771], [-7.895777, 41.766847], [-7.903692, 41.739902], [-7.921028, 41.722052], [-7.939096, 41.697015], [-7.951147, 41.694927], [-7.963085, 41.699893], [-7.974939, 41.710256], [-7.991921, 41.74071], [-7.998402, 41.747382], [-8.010325, 41.754193], [-8.022299, 41.757775], [-8.034298, 41.75975], [-8.046342, 41.758791], [-8.058436, 41.75431], [-8.070591, 41.745574], [-8.082825, 41.730983], [-8.101049, 41.696581], [-8.119567, 41.681921], [-8.125865, 41.678758], [-8.128155, 41.669769], [-8.119564, 41.660696], [-8.096013, 41.647893], [-8.062175, 41.642228], [-8.024194, 41.632502], [-8.012208, 41.631248], [-7.993669, 41.632642], [-7.976091, 41.637581], [-7.939798, 41.654225], [-7.927774, 41.655121], [-7.897564, 41.64704], [-7.892759, 41.647976], [-7.892145, 41.651576], [-7.901724, 41.658573], [-7.902017, 41.660599], [-7.899913, 41.66127], [-7.900198, 41.665547], [-7.898396, 41.665769], [-7.896885, 41.668692], [-7.882465, 41.671588], [-7.877044, 41.676077], [-7.876723, 41.681253], [-7.873702, 41.685973], [-7.871159, 41.685743], [-7.880014, 41.694639], [-7.883096, 41.703676], [-7.879755, 41.721657], [-7.890289, 41.739846], [-7.893431, 41.748811], [-7.893702, 41.75782], [-7.890147, 41.766793], [-7.879535, 41.775697], [-7.865544, 41.779238], [-7.853508, 41.779411], [-7.835151, 41.775255], [-7.822684, 41.766121], [-7.818125, 41.757068], [-7.816205, 41.748041], [-7.81534, 41.718464], [-7.808986, 41.717996], [-7.808396, 41.715744], [-7.804499, 41.714158], [-7.79939, 41.714593], [-7.79788, 41.716164], [-7.796383, 41.71526], [-7.790966, 41.717044], [-7.789449, 41.719966], [-7.78464, 41.720402], [-7.782823, 41.722929]], [[-8.070837, 41.728473], [-8.058737, 41.733727], [-8.046694, 41.734997], [-8.034714, 41.731983], [-8.022773, 41.726504], [-8.018801, 41.722929], [-8.005009, 41.704796], [-8.001439, 41.686752], [-8.003014, 41.677758], [-8.011159, 41.659815], [-8.027539, 41.650947], [-8.05999, 41.647695], [-8.084002, 41.648089], [-8.095973, 41.650771], [-8.107913, 41.655764], [-8.115736, 41.660667], [-8.123749, 41.669735], [-8.121216, 41.678723], [-8.099148, 41.696566], [-8.070837, 41.728473]]], [[[-7.867407, 41.6834], [-7.867407, 41.6834], [-7.867707, 41.683581], [-7.867407, 41.6834]]], [[[-8.407872, 41.687812], [-8.418958, 41.680614], [-8.424846, 41.671636], [-8.424283, 41.662626], [-8.418639, 41.653591], [-8.408275, 41.643812], [-8.396335, 41.636526], [-8.384364, 41.632746], [-8.372362, 41.632349], [-8.360325, 41.635593], [-8.34824, 41.643369], [-8.341345, 41.653174], [-8.339431, 41.66217], [-8.340826, 41.671185], [-8.346076, 41.680222], [-8.359776, 41.691045], [-8.371753, 41.695089], [-8.383767, 41.695489], [-8.395808, 41.692927], [-8.407872, 41.687812]], [[-8.407999, 41.673913], [-8.402292, 41.680528], [-8.395891, 41.684061], [-8.383846, 41.687121], [-8.37184, 41.686167], [-8.360045, 41.680301], [-8.353343, 41.671256], [-8.352614, 41.662245], [-8.357412, 41.653265], [-8.372239, 41.645108], [-8.384252, 41.644603], [-8.396226, 41.648162], [-8.403648, 41.653514], [-8.40995, 41.662554], [-8.409818, 41.67156], [-8.407999, 41.673913]]], [[[-8.660864, 41.563212], [-8.678007, 41.55553], [-8.687944, 41.54655], [-8.693349, 41.537557], [-8.695331, 41.528555], [-8.694709, 41.519546], [-8.691167, 41.510529], [-8.685144, 41.502719], [-8.673207, 41.493679], [-8.66126, 41.487436], [-8.637353, 41.478134], [-8.623384, 41.474297], [-8.613455, 41.468638], [-8.600416, 41.447197], [-8.592057, 41.438161], [-8.577787, 41.428773], [-8.565851, 41.42399], [-8.5539, 41.421476], [-8.541936, 41.421119], [-8.529955, 41.423131], [-8.517947, 41.42859], [-8.50815, 41.437833], [-8.504546, 41.446825], [-8.504938, 41.455834], [-8.508676, 41.464857], [-8.517135, 41.4739], [-8.529527, 41.482301], [-8.541467, 41.487704], [-8.565386, 41.493545], [-8.576936, 41.501158], [-8.581364, 41.528197], [-8.585858, 41.53722], [-8.593319, 41.546254], [-8.600962, 41.552933], [-8.612912, 41.559872], [-8.624882, 41.563722], [-8.636865, 41.565614], [-8.648859, 41.565452], [-8.660864, 41.563212]], [[-8.648983, 41.542542], [-8.636962, 41.548139], [-8.624968, 41.548914], [-8.612996, 41.545823], [-8.601265, 41.537275], [-8.596792, 41.528252], [-8.597193, 41.519246], [-8.603542, 41.510261], [-8.613241, 41.504647], [-8.625231, 41.503375], [-8.637198, 41.505961], [-8.645571, 41.510398], [-8.655147, 41.519434], [-8.65757, 41.528449], [-8.654509, 41.537447], [-8.648983, 41.542542]], [[-8.565526, 41.47269], [-8.553532, 41.475163], [-8.541571, 41.473038], [-8.529419, 41.464944], [-8.525432, 41.45592], [-8.527581, 41.446921], [-8.541825, 41.436918], [-8.553802, 41.435859], [-8.562201, 41.438051], [-8.565749, 41.439254], [-8.575301, 41.447108], [-8.578481, 41.456127], [-8.575544, 41.465123], [-8.565526, 41.47269]]], [[[-8.373334, 41.531917], [-8.389857, 41.518333], [-8.401754, 41.500381], [-8.403602, 41.491383], [-8.403318, 41.464359], [-8.398622, 41.455327], [-8.386136, 41.445682], [-8.374209, 41.441025], [-8.350317, 41.436159], [-8.314424, 41.434669], [-8.290441, 41.438773], [-8.278594, 41.445629], [-8.271343, 41.454591], [-8.266617, 41.472576], [-8.266765, 41.481584], [-8.270763, 41.499625], [-8.28148, 41.517707], [-8.291239, 41.526775], [-8.301395, 41.533425], [-8.313328, 41.53855], [-8.325286, 41.541476], [-8.337267, 41.542313], [-8.349267, 41.541211], [-8.36129, 41.537697], [-8.373334, 41.531917]], [[-8.373501, 41.514631], [-8.361442, 41.522219], [-8.349422, 41.525758], [-8.337427, 41.526572], [-8.325456, 41.525146], [-8.313518, 41.520611], [-8.301633, 41.511295], [-8.29357, 41.499767], [-8.289526, 41.481727], [-8.290765, 41.472727], [-8.295096, 41.463747], [-8.305352, 41.454802], [-8.314259, 41.450382], [-8.326261, 41.44745], [-8.33824, 41.446709], [-8.350202, 41.447676], [-8.362144, 41.450755], [-8.374052, 41.457393], [-8.380784, 41.46424], [-8.384748, 41.473269], [-8.386314, 41.491292], [-8.384293, 41.500288], [-8.379057, 41.509268], [-8.373501, 41.514631]]], [[[-8.163789, 41.38014], [-8.168133, 41.390839], [-8.174995, 41.399896], [-8.19498, 41.414558], [-8.218815, 41.422573], [-8.230767, 41.423857], [-8.242741, 41.423301], [-8.25475, 41.419604], [-8.266839, 41.408747], [-8.270898, 41.400544], [-8.273719, 41.382546], [-8.270002, 41.364508], [-8.25875, 41.347435], [-8.256483, 41.347663], [-8.255889, 41.349689], [-8.249622, 41.353072], [-8.251123, 41.356897], [-8.248141, 41.360052], [-8.248445, 41.362962], [-8.25566, 41.373423], [-8.256745, 41.382438], [-8.253884, 41.391427], [-8.24299, 41.401856], [-8.23098, 41.405842], [-8.219013, 41.406044], [-8.207087, 41.402936], [-8.201793, 41.400085], [-8.191599, 41.391006], [-8.187762, 41.381972], [-8.188028, 41.375629], [-8.169578, 41.377212], [-8.163789, 41.38014]]], [[[-8.589835, 41.167193], [-8.603159, 41.192474], [-8.619166, 41.231077], [-8.624774, 41.240103], [-8.634268, 41.249141], [-8.650513, 41.257604], [-8.674356, 41.263814], [-8.698226, 41.265052], [-8.769862, 41.263408], [-8.804123, 41.256788], [-8.801979, 41.202235], [-8.79404, 41.213507], [-8.784903, 41.222498], [-8.771356, 41.231479], [-8.758019, 41.237592], [-8.722181, 41.246679], [-8.698301, 41.248936], [-8.674435, 41.247915], [-8.662514, 41.245187], [-8.651338, 41.240186], [-8.638725, 41.230588], [-8.632041, 41.222111], [-8.623477, 41.204067], [-8.617447, 41.178335], [-8.608583, 41.174095], [-8.609164, 41.172066], [-8.604942, 41.164881], [-8.59422, 41.165149], [-8.589835, 41.167193]]]]}}, {"id": "8", "type": "Feature", "properties": {"fill": "#b1a288", "value_min": -1.33, "value_max": -1.0}, "geometry": {"type": "MultiPolygon", "coordinates": [[[[-8.828656, 41.604976], [-8.810128, 41.611328], [-8.828644, 41.609656], [-8.828656, 41.604976]]], [[[-8.639871, 41.597092], [-8.624738, 41.588536], [-8.600852, 41.570789], [-8.588928, 41.559653], [-8.553227, 41.51966], [-8.5413, 41.511453], [-8.5055, 41.491719], [-8.493557, 41.486903], [-8.481592, 41.485145], [-8.46959, 41.488019], [-8.445489, 41.504767], [-8.421402, 41.518512], [-8.40272, 41.536415], [-8.385065, 41.558949], [-8.372953, 41.571428], [-8.360864, 41.581006], [-8.348822, 41.585554], [-8.324895, 41.579029], [-8.301005, 41.569634], [-8.241357, 41.542053], [-8.229444, 41.535673], [-8.218188, 41.526301], [-8.212381, 41.517254], [-8.209766, 41.508229], [-8.209824, 41.499222], [-8.216467, 41.472245], [-8.216152, 41.463236], [-8.212485, 41.454203], [-8.20406, 41.445138], [-8.151762, 41.408734], [-8.133284, 41.390582], [-8.123258, 41.376479], [-8.119672, 41.376768], [-8.119672, 41.378569], [-8.116683, 41.380144], [-8.117877, 41.385771], [-8.113992, 41.386896], [-8.112795, 41.390723], [-8.110105, 41.390947], [-8.108011, 41.393648], [-8.103827, 41.392972], [-8.105321, 41.394998], [-8.10263, 41.396123], [-8.107412, 41.39815], [-8.108606, 41.401976], [-8.104419, 41.406252], [-8.104119, 41.408728], [-8.101727, 41.409403], [-8.101128, 41.411654], [-8.092756, 41.411201], [-8.092456, 41.413221], [-8.111161, 41.419019], [-8.134958, 41.429228], [-8.158709, 41.443581], [-8.170583, 41.453909], [-8.177718, 41.462967], [-8.182166, 41.472007], [-8.1908, 41.517104], [-8.197704, 41.535167], [-8.205312, 41.548452], [-8.258575, 41.607634], [-8.294016, 41.6619], [-8.309098, 41.680006], [-8.329971, 41.698144], [-8.366502, 41.725372], [-8.375882, 41.734391], [-8.384922, 41.73032], [-8.387032, 41.731891], [-8.393033, 41.729852], [-8.396942, 41.730518], [-8.400531, 41.726683], [-8.402934, 41.726452], [-8.404721, 41.722847], [-8.417349, 41.725067], [-8.422737, 41.720552], [-8.429643, 41.719859], [-8.430533, 41.717381], [-8.435927, 41.714441], [-8.441333, 41.714201], [-8.4446, 41.70654], [-8.453868, 41.697961], [-8.453255, 41.695487], [-8.461659, 41.694563], [-8.467939, 41.689593], [-8.478124, 41.685061], [-8.482012, 41.682123], [-8.484371, 41.674238], [-8.49308, 41.674886], [-8.499963, 41.671038], [-8.50927, 41.671233], [-8.51018, 41.672806], [-8.511967, 41.670324], [-8.509856, 41.668755], [-8.512252, 41.667847], [-8.514629, 41.663788], [-8.522103, 41.658811], [-8.525706, 41.659023], [-8.527769, 41.652714], [-8.534066, 41.652017], [-8.537355, 41.64998], [-8.537634, 41.646602], [-8.540611, 41.642926], [-8.52837, 41.641724], [-8.516388, 41.638285], [-8.504423, 41.632823], [-8.492481, 41.624639], [-8.453398, 41.590711], [-8.447025, 41.581673], [-8.434805, 41.554592], [-8.433136, 41.547235], [-8.437563, 41.536591], [-8.445259, 41.531729], [-8.457259, 41.530235], [-8.481185, 41.536221], [-8.517191, 41.53054], [-8.529173, 41.53122], [-8.541136, 41.534687], [-8.553079, 41.541131], [-8.568395, 41.555171], [-8.581758, 41.573235], [-8.58621, 41.582258], [-8.590527, 41.600288], [-8.589923, 41.609293], [-8.585464, 41.620585], [-8.591462, 41.620515], [-8.596534, 41.616668], [-8.601628, 41.615972], [-8.603996, 41.611686], [-8.613256, 41.606696], [-8.619881, 41.610269], [-8.621338, 41.604636], [-8.628833, 41.604378], [-8.636302, 41.600744], [-8.639871, 41.597092]], [[-8.379801, 41.70743], [-8.371637, 41.706995], [-8.359655, 41.703196], [-8.347706, 41.696315], [-8.330296, 41.680131], [-8.322151, 41.662069], [-8.321949, 41.644054], [-8.328692, 41.626079], [-8.336535, 41.61387], [-8.348662, 41.601486], [-8.360708, 41.596787], [-8.384645, 41.60329], [-8.408517, 41.617302], [-8.432314, 41.641152], [-8.449602, 41.653743], [-8.456085, 41.662781], [-8.459049, 41.671802], [-8.457275, 41.680801], [-8.448992, 41.689769], [-8.443883, 41.692128], [-8.416321, 41.698615], [-8.395691, 41.705421], [-8.379801, 41.70743]]], [[[-8.278237, 41.32493], [-8.284473, 41.346583], [-8.293372, 41.391676], [-8.297007, 41.400706], [-8.304754, 41.409761], [-8.314628, 41.415316], [-8.326553, 41.419194], [-8.362398, 41.42481], [-8.386322, 41.425891], [-8.410266, 41.424955], [-8.446224, 41.4184], [-8.494233, 41.399959], [-8.518176, 41.397645], [-8.53013, 41.398796], [-8.554018, 41.404269], [-8.625641, 41.432034], [-8.649565, 41.434519], [-8.709408, 41.435524], [-8.802053, 41.445628], [-8.806115, 41.43713], [-8.807354, 41.425915], [-8.811193, 41.416638], [-8.807461, 41.341519], [-8.781563, 41.334367], [-8.733785, 41.328069], [-8.70991, 41.32263], [-8.690821, 41.312362], [-8.662294, 41.287829], [-8.650383, 41.282017], [-8.60946, 41.267076], [-8.602733, 41.26292], [-8.595958, 41.258021], [-8.592162, 41.249], [-8.59285, 41.221979], [-8.5904, 41.212962], [-8.584196, 41.203932], [-8.575962, 41.196221], [-8.576894, 41.201908], [-8.574515, 41.202593], [-8.57423, 41.20462], [-8.567971, 41.204644], [-8.565895, 41.206227], [-8.567697, 41.208246], [-8.566512, 41.209376], [-8.559636, 41.206251], [-8.554271, 41.20627], [-8.549521, 41.209214], [-8.544157, 41.209458], [-8.54238, 41.211265], [-8.533747, 41.213097], [-8.529858, 41.210859], [-8.52713, 41.203215], [-8.523236, 41.200077], [-8.51163, 41.203042], [-8.510456, 41.206197], [-8.505693, 41.207113], [-8.504239, 41.213646], [-8.500076, 41.21546], [-8.50308, 41.219502], [-8.502204, 41.222656], [-8.495642, 41.222227], [-8.495947, 41.223351], [-8.490894, 41.226294], [-8.487935, 41.230354], [-8.490331, 41.232373], [-8.489156, 41.235528], [-8.486181, 41.236888], [-8.484411, 41.240495], [-8.476346, 41.237818], [-8.475756, 41.23917], [-8.470986, 41.23941], [-8.471604, 41.243459], [-8.469227, 41.245267], [-8.463258, 41.244384], [-8.459989, 41.246644], [-8.454323, 41.246886], [-8.455541, 41.251834], [-8.452276, 41.25522], [-8.449891, 41.255452], [-8.449304, 41.257479], [-8.447812, 41.257258], [-8.449028, 41.261982], [-8.439785, 41.262907], [-8.438023, 41.268989], [-8.434745, 41.269673], [-8.432691, 41.277107], [-8.427032, 41.279372], [-8.429143, 41.284319], [-8.426171, 41.287028], [-8.426488, 41.291079], [-8.425013, 41.294909], [-8.422037, 41.296942], [-8.422647, 41.299867], [-8.407744, 41.304856], [-8.406262, 41.307335], [-8.402983, 41.308413], [-8.423171, 41.318987], [-8.434198, 41.329402], [-8.440177, 41.338438], [-8.443487, 41.35647], [-8.43838, 41.37446], [-8.424441, 41.392407], [-8.410472, 41.402232], [-8.389808, 41.410243], [-8.374479, 41.412934], [-8.350558, 41.412028], [-8.338621, 41.409202], [-8.326709, 41.40416], [-8.314848, 41.394386], [-8.307972, 41.382757], [-8.304984, 41.364724], [-8.307445, 41.346724], [-8.313495, 41.333173], [-8.310792, 41.327557], [-8.308701, 41.327561], [-8.307502, 41.325762], [-8.305116, 41.326891], [-8.303024, 41.325994], [-8.303615, 41.323742], [-8.301216, 41.319694], [-8.296431, 41.316774], [-8.297618, 41.313846], [-8.296116, 41.310022], [-8.281801, 41.316569], [-8.281808, 41.319721], [-8.278828, 41.321976], [-8.278237, 41.32493]], [[-8.673605, 41.414435], [-8.649659, 41.417121], [-8.637693, 41.417016], [-8.613786, 41.412915], [-8.586044, 41.402109], [-8.555917, 41.383981], [-8.537554, 41.365894], [-8.529576, 41.347846], [-8.52901, 41.338836], [-8.531436, 41.329839], [-8.536759, 41.320852], [-8.5468, 41.311885], [-8.564006, 41.302943], [-8.578629, 41.298332], [-8.602537, 41.295201], [-8.626417, 41.296539], [-8.638346, 41.299164], [-8.66218, 41.309876], [-8.717791, 41.348462], [-8.72594, 41.357489], [-8.730436, 41.366507], [-8.731397, 41.375517], [-8.729031, 41.384519], [-8.722179, 41.393511], [-8.709875, 41.402488], [-8.697566, 41.408017], [-8.673605, 41.414435]]], [[[-7.989823, 41.602445], [-7.989823, 41.602445], [-7.990085, 41.602549], [-7.989823, 41.602445]]], [[[-7.990959, 41.602896], [-7.990959, 41.602896], [-7.991284, 41.603025], [-7.990959, 41.602896]]], [[[-7.991527, 41.603122], [-7.997276, 41.605408], [-7.996684, 41.602003], [-7.991527, 41.603122]]], [[[-8.005667, 41.608519], [-8.024428, 41.616981], [-8.053257, 41.633148], [-8.072116, 41.639516], [-8.096054, 41.645016], [-8.125126, 41.660739], [-8.133426, 41.669809], [-8.130513, 41.678794], [-8.119534, 41.684308], [-8.102951, 41.696596], [-8.098375, 41.705567], [-8.088373, 41.75953], [-8.087371, 41.777536], [-8.093696, 41.795599], [-8.103799, 41.811175], [-8.10395, 41.811387], [-8.103959, 41.8114], [-8.117188, 41.812302], [-8.123807, 41.808702], [-8.138247, 41.808477], [-8.139751, 41.813203], [-8.14276, 41.812978], [-8.144866, 41.815228], [-8.149078, 41.814777], [-8.153291, 41.817703], [-8.158508, 41.818377], [-8.130083, 41.793078], [-8.11827, 41.77684], [-8.111378, 41.75971], [-8.102146, 41.714604], [-8.101671, 41.705593], [-8.104852, 41.696611], [-8.119502, 41.686694], [-8.14052, 41.678869], [-8.142519, 41.669877], [-8.130831, 41.660782], [-8.108024, 41.647771], [-8.096096, 41.641952], [-8.06683, 41.633259], [-8.060258, 41.629293], [-8.05223, 41.624132], [-8.043112, 41.61505], [-8.032969, 41.601534], [-8.031467, 41.602938], [-8.02397, 41.603157], [-8.019174, 41.601802], [-8.005971, 41.60629], [-8.005667, 41.608519]]], [[[-7.827011, 41.875822], [-7.840367, 41.865375], [-7.872748, 41.84905], [-7.873066, 41.844875], [-7.875316, 41.84758], [-7.888589, 41.838319], [-7.9131, 41.813311], [-7.92519, 41.810315], [-7.949285, 41.809224], [-7.976533, 41.803622], [-7.995433, 41.794782], [-8.005632, 41.785864], [-8.007977, 41.776878], [-8.004696, 41.767842], [-7.974552, 41.734596], [-7.96267, 41.725712], [-7.950689, 41.723147], [-7.938638, 41.724884], [-7.926503, 41.731608], [-7.914315, 41.741311], [-7.908684, 41.748957], [-7.901407, 41.766901], [-7.894911, 41.775845], [-7.889605, 41.779512], [-7.867783, 41.784588], [-7.829291, 41.787687], [-7.817265, 41.787243], [-7.805305, 41.783216], [-7.795996, 41.774851], [-7.769951, 41.744165], [-7.760207, 41.736531], [-7.759597, 41.739005], [-7.75689, 41.739446], [-7.758687, 41.740577], [-7.757758, 41.745301], [-7.747812, 41.750052], [-7.757721, 41.754702], [-7.769568, 41.764195], [-7.777479, 41.774656], [-7.792652, 41.81625], [-7.796594, 41.810885], [-7.804823, 41.809191], [-7.814601, 41.802065], [-7.835005, 41.793267], [-7.853332, 41.789289], [-7.890095, 41.784806], [-7.901677, 41.777243], [-7.916546, 41.749031], [-7.926359, 41.740213], [-7.938481, 41.734363], [-7.950523, 41.733307], [-7.962493, 41.736687], [-7.967612, 41.740494], [-7.977492, 41.74959], [-7.984316, 41.758657], [-7.989798, 41.767712], [-7.992498, 41.776743], [-7.991066, 41.785737], [-7.983943, 41.794681], [-7.96897, 41.803555], [-7.949308, 41.807829], [-7.913179, 41.808636], [-7.888658, 41.834339], [-7.87648, 41.842059], [-7.864359, 41.846341], [-7.852276, 41.848426], [-7.840227, 41.84861], [-7.828214, 41.846785], [-7.804798, 41.837991], [-7.792388, 41.830298], [-7.788847, 41.837823], [-7.789205, 41.855841], [-7.786766, 41.864821], [-7.779498, 41.874867], [-7.767309, 41.882084], [-7.755209, 41.88455], [-7.743172, 41.883738], [-7.727183, 41.876437], [-7.720533, 41.880218], [-7.720523, 41.881793], [-7.725335, 41.882935], [-7.726208, 41.887665], [-7.737044, 41.888828], [-7.73944, 41.891087], [-7.74246, 41.889747], [-7.742785, 41.885922], [-7.756022, 41.888441], [-7.758719, 41.890926], [-7.756592, 41.89407], [-7.758076, 41.897901], [-7.764097, 41.898595], [-7.779227, 41.886264], [-7.785257, 41.885157], [-7.788886, 41.882467], [-7.794007, 41.882257], [-7.796739, 41.878214], [-7.794349, 41.87438], [-7.797064, 41.873488], [-7.803381, 41.874857], [-7.804914, 41.869459], [-7.813032, 41.871958], [-7.814229, 41.873537], [-7.818448, 41.872873], [-7.827011, 41.875822]]]]}}, {"id": "9", "type": "Feature", "properties": {"fill": "#a3a3a3", "value_min": -1.0, "value_max": -0.67}, "geometry": {"type": "MultiPolygon", "coordinates": [[[[-8.103959, 41.8114], [-8.103959, 41.8114], [-8.10395, 41.811387], [-8.103959, 41.8114]]], [[[-8.103799, 41.811175], [-8.093696, 41.795599], [-8.087371, 41.777536], [-8.088373, 41.75953], [-8.098375, 41.705567], [-8.102951, 41.696596], [-8.119534, 41.684308], [-8.130513, 41.678794], [-8.133426, 41.669809], [-8.125126, 41.660739], [-8.096054, 41.645016], [-8.072116, 41.639516], [-8.053257, 41.633148], [-8.024428, 41.616981], [-8.005667, 41.608519], [-8.003262, 41.611464], [-7.998761, 41.612809], [-7.999669, 41.608759], [-7.997276, 41.605408], [-7.991527, 41.603122], [-7.991284, 41.603025], [-7.990959, 41.602896], [-7.990085, 41.602549], [-7.989823, 41.602445], [-7.984685, 41.603564], [-7.982292, 41.60086], [-7.975689, 41.603552], [-7.974482, 41.606701], [-7.970882, 41.607147], [-7.969091, 41.603768], [-7.965796, 41.602413], [-7.9541, 41.602846], [-7.952606, 41.600592], [-7.947808, 41.60081], [-7.945413, 41.599456], [-7.942725, 41.595625], [-7.936132, 41.594488], [-7.93791, 41.601694], [-7.937004, 41.603718], [-7.931604, 41.604384], [-7.930073, 41.614735], [-7.925255, 41.620579], [-7.920755, 41.620796], [-7.917748, 41.623041], [-7.915933, 41.627764], [-7.913229, 41.628885], [-7.912613, 41.63361], [-7.906014, 41.633147], [-7.905699, 41.637648], [-7.907788, 41.640804], [-7.897869, 41.645511], [-7.897564, 41.64704], [-7.927774, 41.655121], [-7.939798, 41.654225], [-7.976091, 41.637581], [-7.993669, 41.632642], [-8.012208, 41.631248], [-8.024194, 41.632502], [-8.062175, 41.642228], [-8.096013, 41.647893], [-8.119564, 41.660696], [-8.128155, 41.669769], [-8.125865, 41.678758], [-8.119567, 41.681921], [-8.101049, 41.696581], [-8.082825, 41.730983], [-8.070591, 41.745574], [-8.058436, 41.75431], [-8.046342, 41.758791], [-8.034298, 41.75975], [-8.022299, 41.757775], [-8.010325, 41.754193], [-7.998402, 41.747382], [-7.991921, 41.74071], [-7.974939, 41.710256], [-7.963085, 41.699893], [-7.951147, 41.694927], [-7.939096, 41.697015], [-7.921028, 41.722052], [-7.903692, 41.739902], [-7.895777, 41.766847], [-7.887201, 41.775771], [-7.877566, 41.779878], [-7.865494, 41.782045], [-7.841426, 41.78215], [-7.829431, 41.779998], [-7.817677, 41.775077], [-7.807541, 41.765965], [-7.782823, 41.722929], [-7.776204, 41.724652], [-7.773786, 41.727346], [-7.770798, 41.72441], [-7.765698, 41.723044], [-7.761765, 41.727758], [-7.763239, 41.732714], [-7.760207, 41.736531], [-7.769951, 41.744165], [-7.795996, 41.774851], [-7.805305, 41.783216], [-7.817265, 41.787243], [-7.829291, 41.787687], [-7.867783, 41.784588], [-7.889605, 41.779512], [-7.894911, 41.775845], [-7.901407, 41.766901], [-7.908684, 41.748957], [-7.914315, 41.741311], [-7.926503, 41.731608], [-7.938638, 41.724884], [-7.950689, 41.723147], [-7.96267, 41.725712], [-7.974552, 41.734596], [-8.004696, 41.767842], [-8.007977, 41.776878], [-8.005632, 41.785864], [-7.995433, 41.794782], [-7.976533, 41.803622], [-7.949285, 41.809224], [-7.92519, 41.810315], [-7.9131, 41.813311], [-7.888589, 41.838319], [-7.875316, 41.84758], [-7.878804, 41.85209], [-7.913039, 41.816907], [-7.92515, 41.812652], [-7.961329, 41.808874], [-8.009638, 41.798853], [-8.033735, 41.797254], [-8.045723, 41.800514], [-8.057648, 41.808147], [-8.06664, 41.816721], [-8.06995, 41.816113], [-8.072962, 41.813414], [-8.078678, 41.813417], [-8.082892, 41.810493], [-8.091013, 41.812521], [-8.093421, 41.811397], [-8.093723, 41.808471], [-8.103799, 41.811175]]], [[[-7.872748, 41.84905], [-7.840367, 41.865375], [-7.827011, 41.875822], [-7.83772, 41.872924], [-7.842528, 41.875187], [-7.841663, 41.866632], [-7.849515, 41.861475], [-7.858542, 41.862622], [-7.859456, 41.860148], [-7.864877, 41.859711], [-7.872748, 41.84905]]], [[[-8.379801, 41.70743], [-8.395691, 41.705421], [-8.416321, 41.698615], [-8.443883, 41.692128], [-8.448992, 41.689769], [-8.457275, 41.680801], [-8.459049, 41.671802], [-8.456085, 41.662781], [-8.449602, 41.653743], [-8.432314, 41.641152], [-8.408517, 41.617302], [-8.384645, 41.60329], [-8.360708, 41.596787], [-8.348662, 41.601486], [-8.336535, 41.61387], [-8.328692, 41.626079], [-8.321949, 41.644054], [-8.322151, 41.662069], [-8.330296, 41.680131], [-8.347706, 41.696315], [-8.359655, 41.703196], [-8.371637, 41.706995], [-8.379801, 41.70743]], [[-8.407872, 41.687812], [-8.395808, 41.692927], [-8.383767, 41.695489], [-8.371753, 41.695089], [-8.359776, 41.691045], [-8.346076, 41.680222], [-8.340826, 41.671185], [-8.339431, 41.66217], [-8.341345, 41.653174], [-8.34824, 41.643369], [-8.360325, 41.635593], [-8.372362, 41.632349], [-8.384364, 41.632746], [-8.396335, 41.636526], [-8.408275, 41.643812], [-8.418639, 41.653591], [-8.424283, 41.662626], [-8.424846, 41.671636], [-8.418958, 41.680614], [-8.407872, 41.687812]]], [[[-8.828656, 41.604976], [-8.827645, 41.581702], [-8.821576, 41.567535], [-8.821417, 41.560283], [-8.818497, 41.554794], [-8.8221, 41.547542], [-8.821717, 41.533832], [-8.815926, 41.525624], [-8.81063, 41.5101], [-8.813279, 41.503483], [-8.812636, 41.496944], [-8.804699, 41.482068], [-8.798552, 41.474753], [-8.802053, 41.445628], [-8.709408, 41.435524], [-8.649565, 41.434519], [-8.625641, 41.432034], [-8.554018, 41.404269], [-8.53013, 41.398796], [-8.518176, 41.397645], [-8.494233, 41.399959], [-8.446224, 41.4184], [-8.410266, 41.424955], [-8.386322, 41.425891], [-8.362398, 41.42481], [-8.326553, 41.419194], [-8.314628, 41.415316], [-8.304754, 41.409761], [-8.297007, 41.400706], [-8.293372, 41.391676], [-8.284473, 41.346583], [-8.278237, 41.32493], [-8.272266, 41.32536], [-8.265709, 41.331221], [-8.269004, 41.336169], [-8.263339, 41.340902], [-8.262751, 41.345405], [-8.25875, 41.347435], [-8.270002, 41.364508], [-8.273719, 41.382546], [-8.270898, 41.400544], [-8.266839, 41.408747], [-8.25475, 41.419604], [-8.242741, 41.423301], [-8.230767, 41.423857], [-8.218815, 41.422573], [-8.19498, 41.414558], [-8.174995, 41.399896], [-8.168133, 41.390839], [-8.163789, 41.38014], [-8.152544, 41.375866], [-8.151049, 41.37339], [-8.145073, 41.374742], [-8.139694, 41.377894], [-8.133418, 41.374292], [-8.123258, 41.376479], [-8.133284, 41.390582], [-8.151762, 41.408734], [-8.20406, 41.445138], [-8.212485, 41.454203], [-8.216152, 41.463236], [-8.216467, 41.472245], [-8.209824, 41.499222], [-8.209766, 41.508229], [-8.212381, 41.517254], [-8.218188, 41.526301], [-8.229444, 41.535673], [-8.241357, 41.542053], [-8.301005, 41.569634], [-8.324895, 41.579029], [-8.348822, 41.585554], [-8.360864, 41.581006], [-8.372953, 41.571428], [-8.385065, 41.558949], [-8.40272, 41.536415], [-8.421402, 41.518512], [-8.445489, 41.504767], [-8.46959, 41.488019], [-8.481592, 41.485145], [-8.493557, 41.486903], [-8.5055, 41.491719], [-8.5413, 41.511453], [-8.553227, 41.51966], [-8.588928, 41.559653], [-8.600852, 41.570789], [-8.624738, 41.588536], [-8.639871, 41.597092], [-8.64075, 41.594422], [-8.645536, 41.593051], [-8.646744, 41.594171], [-8.649125, 41.591909], [-8.656622, 41.5921], [-8.660788, 41.588255], [-8.663794, 41.589141], [-8.665265, 41.585758], [-8.66948, 41.587989], [-8.684455, 41.586117], [-8.685608, 41.58071], [-8.697261, 41.576376], [-8.701703, 41.570277], [-8.707704, 41.570923], [-8.712485, 41.569323], [-8.716422, 41.573805], [-8.720316, 41.57356], [-8.725151, 41.577811], [-8.726633, 41.576003], [-8.734424, 41.575737], [-8.736564, 41.580228], [-8.738354, 41.579318], [-8.740778, 41.582006], [-8.74467, 41.581535], [-8.750711, 41.58623], [-8.75993, 41.578527], [-8.767441, 41.580286], [-8.769874, 41.583874], [-8.768997, 41.58613], [-8.773228, 41.589482], [-8.774165, 41.593303], [-8.78556, 41.593464], [-8.797327, 41.600599], [-8.804218, 41.600109], [-8.80456, 41.604158], [-8.810128, 41.611328], [-8.828656, 41.604976]], [[-8.660864, 41.563212], [-8.648859, 41.565452], [-8.636865, 41.565614], [-8.624882, 41.563722], [-8.612912, 41.559872], [-8.600962, 41.552933], [-8.593319, 41.546254], [-8.585858, 41.53722], [-8.581364, 41.528197], [-8.576936, 41.501158], [-8.565386, 41.493545], [-8.541467, 41.487704], [-8.529527, 41.482301], [-8.517135, 41.4739], [-8.508676, 41.464857], [-8.504938, 41.455834], [-8.504546, 41.446825], [-8.50815, 41.437833], [-8.517947, 41.42859], [-8.529955, 41.423131], [-8.541936, 41.421119], [-8.5539, 41.421476], [-8.565851, 41.42399], [-8.577787, 41.428773], [-8.592057, 41.438161], [-8.600416, 41.447197], [-8.613455, 41.468638], [-8.623384, 41.474297], [-8.637353, 41.478134], [-8.66126, 41.487436], [-8.673207, 41.493679], [-8.685144, 41.502719], [-8.691167, 41.510529], [-8.694709, 41.519546], [-8.695331, 41.528555], [-8.693349, 41.537557], [-8.687944, 41.54655], [-8.678007, 41.55553], [-8.660864, 41.563212]], [[-8.373334, 41.531917], [-8.36129, 41.537697], [-8.349267, 41.541211], [-8.337267, 41.542313], [-8.325286, 41.541476], [-8.313328, 41.53855], [-8.301395, 41.533425], [-8.291239, 41.526775], [-8.28148, 41.517707], [-8.270763, 41.499625], [-8.266765, 41.481584], [-8.266617, 41.472576], [-8.271343, 41.454591], [-8.278594, 41.445629], [-8.290441, 41.438773], [-8.314424, 41.434669], [-8.350317, 41.436159], [-8.374209, 41.441025], [-8.386136, 41.445682], [-8.398622, 41.455327], [-8.403318, 41.464359], [-8.403602, 41.491383], [-8.401754, 41.500381], [-8.389857, 41.518333], [-8.373334, 41.531917]]], [[[-8.804123, 41.256788], [-8.769862, 41.263408], [-8.698226, 41.265052], [-8.674356, 41.263814], [-8.650513, 41.257604], [-8.634268, 41.249141], [-8.624774, 41.240103], [-8.619166, 41.231077], [-8.603159, 41.192474], [-8.589835, 41.167193], [-8.589194, 41.170572], [-8.583263, 41.174422], [-8.582094, 41.177803], [-8.578825, 41.178941], [-8.581296, 41.191762], [-8.575962, 41.196221], [-8.584196, 41.203932], [-8.5904, 41.212962], [-8.59285, 41.221979], [-8.592162, 41.249], [-8.595958, 41.258021], [-8.602733, 41.26292], [-8.60946, 41.267076], [-8.650383, 41.282017], [-8.662294, 41.287829], [-8.690821, 41.312362], [-8.70991, 41.32263], [-8.733785, 41.328069], [-8.781563, 41.334367], [-8.807461, 41.341519], [-8.804123, 41.256788]]]]}}, {"id": "12", "type": "Feature", "properties": {"fill": "#a3a3a3", "value_min": 0.0, "value_max": 0.33}, "geometry": {"type": "MultiPolygon", "coordinates": [[[[-8.02999, 41.829589], [-8.020953, 41.822023], [-8.009371, 41.816171], [-7.996368, 41.812804], [-7.973328, 41.811387], [-7.937164, 41.814224], [-7.925086, 41.816494], [-7.916079, 41.821081], [-7.906624, 41.829998], [-7.893758, 41.847889], [-7.889435, 41.856839], [-7.891675, 41.859094], [-7.894328, 41.859325], [-7.898203, 41.847931], [-7.909559, 41.830026], [-7.919751, 41.821116], [-7.937143, 41.815452], [-7.961254, 41.813526], [-7.985317, 41.81453], [-7.997311, 41.817461], [-8.007361, 41.821906], [-8.019387, 41.83138], [-8.02999, 41.829589]]], [[[-7.853566, 41.776137], [-7.865593, 41.77643], [-7.87769, 41.772726], [-7.885263, 41.766745], [-7.888544, 41.75777], [-7.886547, 41.748744], [-7.878258, 41.740166], [-7.866339, 41.7341], [-7.854334, 41.732979], [-7.842249, 41.736373], [-7.83862, 41.739263], [-7.831058, 41.748193], [-7.829995, 41.757189], [-7.83364, 41.766233], [-7.841611, 41.771834], [-7.853566, 41.776137]], [[-7.865647, 41.773388], [-7.853633, 41.772404], [-7.842353, 41.766321], [-7.838142, 41.757272], [-7.842246, 41.748306], [-7.85418, 41.741626], [-7.866211, 41.741356], [-7.878144, 41.746672], [-7.884064, 41.757727], [-7.880424, 41.766698], [-7.865647, 41.773388]]], [[[-8.05889, 41.723235], [-8.070988, 41.718018], [-8.08522, 41.705463], [-8.095291, 41.699513], [-8.118419, 41.678701], [-8.11952, 41.669703], [-8.111907, 41.660637], [-8.095943, 41.652942], [-8.083961, 41.651014], [-8.07195, 41.651118], [-8.059905, 41.65359], [-8.049485, 41.660138], [-8.026994, 41.686971], [-8.024013, 41.695952], [-8.02477, 41.704966], [-8.030425, 41.714021], [-8.04687, 41.723064], [-8.05889, 41.723235]], [[-8.046988, 41.715118], [-8.037309, 41.705072], [-8.038992, 41.696079], [-8.050376, 41.669152], [-8.058599, 41.660213], [-8.071905, 41.654225], [-8.08393, 41.653191], [-8.095916, 41.654872], [-8.108077, 41.660608], [-8.117103, 41.669684], [-8.116599, 41.678687], [-8.10696, 41.68762], [-8.083212, 41.703777], [-8.075177, 41.705383], [-8.059004, 41.715416], [-8.046988, 41.715118]]], [[[-8.383918, 41.679594], [-8.398287, 41.6715], [-8.398571, 41.662495], [-8.39612, 41.659588], [-8.384169, 41.653274], [-8.372139, 41.655415], [-8.364919, 41.662314], [-8.365312, 41.671323], [-8.371927, 41.677189], [-8.383918, 41.679594]]], [[[-8.614284, 41.528312], [-8.625058, 41.533349], [-8.633777, 41.528376], [-8.628312, 41.519351], [-8.625145, 41.518178], [-8.6211, 41.519327], [-8.614284, 41.528312]]], [[[-8.349517, 41.516216], [-8.361545, 41.511746], [-8.373561, 41.50023], [-8.377251, 41.491243], [-8.377252, 41.482236], [-8.373826, 41.47321], [-8.36204, 41.46139], [-8.35011, 41.456959], [-8.338146, 41.455954], [-8.326156, 41.457621], [-8.313174, 41.463856], [-8.304829, 41.472813], [-8.302048, 41.481804], [-8.302515, 41.490814], [-8.306142, 41.499843], [-8.313651, 41.508019], [-8.325563, 41.514812], [-8.337525, 41.517015], [-8.349517, 41.516216]], [[-8.334634, 41.509019], [-8.325649, 41.506532], [-8.316771, 41.499907], [-8.311529, 41.490868], [-8.311355, 41.48186], [-8.31647, 41.472883], [-8.326067, 41.46621], [-8.338071, 41.463409], [-8.350033, 41.464589], [-8.364548, 41.473159], [-8.36945, 41.482193], [-8.369492, 41.491201], [-8.361632, 41.50295], [-8.349591, 41.508809], [-8.334634, 41.509019]]], [[[-8.553406, 41.456032], [-8.553663, 41.456144], [-8.553776, 41.456034], [-8.553664, 41.455914], [-8.553406, 41.456032]]], [[[-8.219209, 41.389662], [-8.231189, 41.38809], [-8.235872, 41.382301], [-8.231371, 41.372626], [-8.219426, 41.371521], [-8.21621, 41.373161], [-8.21152, 41.382137], [-8.219209, 41.389662]]], [[[-8.633533, 41.190196], [-8.636251, 41.204108], [-8.640444, 41.213129], [-8.650684, 41.225411], [-8.662577, 41.232956], [-8.674489, 41.236956], [-8.698348, 41.238628], [-8.710287, 41.237278], [-8.731568, 41.231394], [-8.748737, 41.222424], [-8.758877, 41.213438], [-8.76553, 41.204444], [-8.769062, 41.195443], [-8.769746, 41.177429], [-8.766985, 41.168415], [-8.758321, 41.155583], [-8.746133, 41.145249], [-8.674793, 41.146932], [-8.674849, 41.153767], [-8.672489, 41.15648], [-8.66117, 41.156307], [-8.662078, 41.158104], [-8.660313, 41.160813], [-8.657033, 41.160378], [-8.654961, 41.161963], [-8.653222, 41.168049], [-8.65414, 41.17116], [-8.662938, 41.16256], [-8.674888, 41.156458], [-8.68682, 41.153492], [-8.698741, 41.152907], [-8.710652, 41.154504], [-8.722553, 41.158686], [-8.73444, 41.166555], [-8.742943, 41.177372], [-8.745825, 41.186386], [-8.74578, 41.195394], [-8.742885, 41.204396], [-8.736219, 41.213389], [-8.722281, 41.2231], [-8.710331, 41.227488], [-8.698389, 41.229639], [-8.686457, 41.229676], [-8.674537, 41.227385], [-8.663145, 41.222206], [-8.65317, 41.213168], [-8.648036, 41.204145], [-8.646027, 41.195131], [-8.646587, 41.186086], [-8.640929, 41.196241], [-8.634946, 41.193341], [-8.633533, 41.190196]]], [[[-8.647679, 41.182998], [-8.647679, 41.182998], [-8.647942, 41.182254], [-8.647679, 41.182998]]], [[[-8.647971, 41.182174], [-8.647971, 41.182174], [-8.648022, 41.182028], [-8.647971, 41.182174]]], [[[-8.648262, 41.18135], [-8.648262, 41.18135], [-8.64866, 41.180224], [-8.648262, 41.18135]]]]}}, {"id": "13", "type": "Feature", "properties": {"fill": "#a3a3a3", "value_min": 0.33, "value_max": 0.67}, "geometry": {"type": "MultiPolygon", "coordinates": [[[[-8.019387, 41.83138], [-8.007361, 41.821906], [-7.997311, 41.817461], [-7.985317, 41.81453], [-7.961254, 41.813526], [-7.937143, 41.815452], [-7.919751, 41.821116], [-7.909559, 41.830026], [-7.898203, 41.847931], [-7.894328, 41.859325], [-7.899957, 41.861362], [-7.901976, 41.847967], [-7.90583, 41.838997], [-7.912493, 41.830054], [-7.923423, 41.82115], [-7.937123, 41.816681], [-7.961234, 41.814747], [-7.985273, 41.817348], [-7.997002, 41.821816], [-8.01215, 41.83427], [-8.013363, 41.829124], [-8.019387, 41.83138]]], [[[-7.865647, 41.773388], [-7.880424, 41.766698], [-7.884064, 41.757727], [-7.878144, 41.746672], [-7.866211, 41.741356], [-7.85418, 41.741626], [-7.842246, 41.748306], [-7.838142, 41.757272], [-7.842353, 41.766321], [-7.853633, 41.772404], [-7.865647, 41.773388]], [[-7.853701, 41.768547], [-7.849711, 41.766395], [-7.845358, 41.757344], [-7.854078, 41.747387], [-7.86613, 41.745938], [-7.878007, 41.75457], [-7.879584, 41.757683], [-7.877883, 41.761661], [-7.874422, 41.76664], [-7.865702, 41.770241], [-7.853701, 41.768547]]], [[[-8.046988, 41.715118], [-8.059004, 41.715416], [-8.075177, 41.705383], [-8.083212, 41.703777], [-8.10696, 41.68762], [-8.116599, 41.678687], [-8.117103, 41.669684], [-8.108077, 41.660608], [-8.095916, 41.654872], [-8.08393, 41.653191], [-8.071905, 41.654225], [-8.058599, 41.660213], [-8.050376, 41.669152], [-8.038992, 41.696079], [-8.037309, 41.705072], [-8.046988, 41.715118]], [[-8.071234, 41.700939], [-8.061266, 41.696263], [-8.052957, 41.687188], [-8.05206, 41.678173], [-8.056042, 41.669199], [-8.065434, 41.660269], [-8.071861, 41.657297], [-8.0839, 41.65525], [-8.095889, 41.656801], [-8.107816, 41.66282], [-8.114686, 41.669666], [-8.114779, 41.678673], [-8.095347, 41.695477], [-8.090677, 41.696499], [-8.083252, 41.700924], [-8.071234, 41.700939]]], [[[-8.334634, 41.509019], [-8.349591, 41.508809], [-8.361632, 41.50295], [-8.369492, 41.491201], [-8.36945, 41.482193], [-8.364548, 41.473159], [-8.350033, 41.464589], [-8.338071, 41.463409], [-8.326067, 41.46621], [-8.31647, 41.472883], [-8.311355, 41.48186], [-8.311529, 41.490868], [-8.316771, 41.499907], [-8.325649, 41.506532], [-8.334634, 41.509019]], [[-8.337661, 41.503617], [-8.325732, 41.49853], [-8.319915, 41.490918], [-8.320047, 41.481912], [-8.328923, 41.472956], [-8.338005, 41.46985], [-8.349968, 41.471129], [-8.361844, 41.481379], [-8.362447, 41.491162], [-8.354092, 41.500123], [-8.349654, 41.502554], [-8.337661, 41.503617]]], [[[-8.646587, 41.186086], [-8.646027, 41.195131], [-8.648036, 41.204145], [-8.65317, 41.213168], [-8.663145, 41.222206], [-8.674537, 41.227385], [-8.686457, 41.229676], [-8.698389, 41.229639], [-8.710331, 41.227488], [-8.722281, 41.2231], [-8.736219, 41.213389], [-8.742885, 41.204396], [-8.74578, 41.195394], [-8.745825, 41.186386], [-8.742943, 41.177372], [-8.73444, 41.166555], [-8.722553, 41.158686], [-8.710652, 41.154504], [-8.698741, 41.152907], [-8.68682, 41.153492], [-8.674888, 41.156458], [-8.662938, 41.16256], [-8.65414, 41.17116], [-8.655366, 41.175467], [-8.64866, 41.180224], [-8.648262, 41.18135], [-8.648022, 41.182028], [-8.647971, 41.182174], [-8.647942, 41.182254], [-8.647679, 41.182998], [-8.646587, 41.186086]], [[-8.698431, 41.220557], [-8.686499, 41.220843], [-8.674586, 41.217527], [-8.667625, 41.213211], [-8.660223, 41.204182], [-8.658387, 41.195168], [-8.662836, 41.182377], [-8.674808, 41.172574], [-8.686746, 41.169055], [-8.698667, 41.169008], [-8.710573, 41.172436], [-8.718183, 41.177314], [-8.725394, 41.18634], [-8.727194, 41.195352], [-8.7247, 41.204354], [-8.716515, 41.213342], [-8.710378, 41.216818], [-8.698431, 41.220557]]]]}}, {"id": "14", "type": "Feature", "properties": {"fill": "#a3a3a3", "value_min": 0.67, "value_max": 1.0}, "geometry": {"type": "MultiPolygon", "coordinates": [[[[-8.01215, 41.83427], [-7.997002, 41.821816], [-7.985273, 41.817348], [-7.961234, 41.814747], [-7.937123, 41.816681], [-7.923423, 41.82115], [-7.912493, 41.830054], [-7.90583, 41.838997], [-7.901976, 41.847967], [-7.899957, 41.861362], [-7.90447, 41.860471], [-7.905052, 41.847997], [-7.908594, 41.839024], [-7.91486, 41.830076], [-7.924991, 41.822204], [-7.937103, 41.817909], [-7.961215, 41.815969], [-7.973238, 41.817029], [-7.985228, 41.820166], [-8.002887, 41.830874], [-8.008071, 41.838796], [-8.01215, 41.83427]]], [[[-7.906442, 41.868352], [-7.906442, 41.868352], [-7.906395, 41.868257], [-7.906442, 41.868352]]], [[[-7.906332, 41.868127], [-7.906332, 41.868127], [-7.906096, 41.867645], [-7.906332, 41.868127]]], [[[-7.853701, 41.768547], [-7.865702, 41.770241], [-7.874422, 41.76664], [-7.877883, 41.761661], [-7.879584, 41.757683], [-7.878007, 41.75457], [-7.86613, 41.745938], [-7.854078, 41.747387], [-7.845358, 41.757344], [-7.849711, 41.766395], [-7.853701, 41.768547]], [[-7.862458, 41.766522], [-7.853832, 41.761217], [-7.851788, 41.757409], [-7.853945, 41.754855], [-7.866041, 41.750991], [-7.873683, 41.757626], [-7.867036, 41.766567], [-7.862458, 41.766522]]], [[[-8.071234, 41.700939], [-8.083252, 41.700924], [-8.090677, 41.696499], [-8.095347, 41.695477], [-8.114779, 41.678673], [-8.114686, 41.669666], [-8.107816, 41.66282], [-8.095889, 41.656801], [-8.0839, 41.65525], [-8.071861, 41.657297], [-8.065434, 41.660269], [-8.056042, 41.669199], [-8.05206, 41.678173], [-8.052957, 41.687188], [-8.061266, 41.696263], [-8.071234, 41.700939]], [[-8.075092, 41.696375], [-8.071311, 41.695596], [-8.060406, 41.687249], [-8.057475, 41.678218], [-8.060841, 41.669238], [-8.071941, 41.660321], [-8.083871, 41.657309], [-8.095862, 41.65873], [-8.107783, 41.665177], [-8.11227, 41.669647], [-8.112958, 41.678659], [-8.095362, 41.694411], [-8.083293, 41.69807], [-8.075092, 41.696375]]], [[[-8.337661, 41.503617], [-8.349654, 41.502554], [-8.354092, 41.500123], [-8.362447, 41.491162], [-8.361844, 41.481379], [-8.349968, 41.471129], [-8.338005, 41.46985], [-8.328923, 41.472956], [-8.320047, 41.481912], [-8.319915, 41.490918], [-8.325732, 41.49853], [-8.337661, 41.503617]], [[-8.337731, 41.496767], [-8.329158, 41.490973], [-8.329737, 41.481969], [-8.337933, 41.476927], [-8.349893, 41.478657], [-8.353646, 41.482105], [-8.354008, 41.491115], [-8.349728, 41.495128], [-8.337731, 41.496767]]], [[[-8.698431, 41.220557], [-8.710378, 41.216818], [-8.716515, 41.213342], [-8.7247, 41.204354], [-8.727194, 41.195352], [-8.725394, 41.18634], [-8.718183, 41.177314], [-8.710573, 41.172436], [-8.698667, 41.169008], [-8.686746, 41.169055], [-8.674808, 41.172574], [-8.662836, 41.182377], [-8.658387, 41.195168], [-8.660223, 41.204182], [-8.667625, 41.213211], [-8.674586, 41.217527], [-8.686499, 41.220843], [-8.698431, 41.220557]], [[-8.686555, 41.209193], [-8.676594, 41.204229], [-8.673787, 41.195213], [-8.674705, 41.193375], [-8.686672, 41.184714], [-8.698591, 41.185692], [-8.707135, 41.195303], [-8.704241, 41.204303], [-8.698489, 41.207993], [-8.686555, 41.209193]]]]}}, {"id": "15", "type": "Feature", "properties": {"fill": "#97a3b2", "value_min": 1.0, "value_max": 1.33}, "geometry": {"type": "MultiPolygon", "coordinates": [[[[-8.008071, 41.838796], [-8.002887, 41.830874], [-7.985228, 41.820166], [-7.973238, 41.817029], [-7.961215, 41.815969], [-7.937103, 41.817909], [-7.924991, 41.822204], [-7.91486, 41.830076], [-7.908594, 41.839024], [-7.905052, 41.847997], [-7.90447, 41.860471], [-7.907309, 41.865203], [-7.906096, 41.867645], [-7.906332, 41.868127], [-7.906395, 41.868257], [-7.906442, 41.868352], [-7.910299, 41.871285], [-7.910285, 41.875562], [-7.91479, 41.879171], [-7.920815, 41.878442], [-7.910606, 41.866063], [-7.907847, 41.85703], [-7.908128, 41.848026], [-7.911358, 41.83905], [-7.917156, 41.830098], [-7.930712, 41.821218], [-7.949153, 41.817323], [-7.961195, 41.81719], [-7.98252, 41.821689], [-7.996598, 41.83082], [-8.003464, 41.839886], [-8.005383, 41.847346], [-8.008071, 41.838796]]], [[[-7.862458, 41.766522], [-7.867036, 41.766567], [-7.873683, 41.757626], [-7.866041, 41.750991], [-7.853945, 41.754855], [-7.851788, 41.757409], [-7.853832, 41.761217], [-7.862458, 41.766522]], [[-7.863665, 41.757527], [-7.865941, 41.756667], [-7.86697, 41.75756], [-7.865901, 41.758973], [-7.863665, 41.757527]]], [[[-8.075092, 41.696375], [-8.083293, 41.69807], [-8.095362, 41.694411], [-8.112958, 41.678659], [-8.11227, 41.669647], [-8.107783, 41.665177], [-8.095862, 41.65873], [-8.083871, 41.657309], [-8.071941, 41.660321], [-8.060841, 41.669238], [-8.057475, 41.678218], [-8.060406, 41.687249], [-8.071311, 41.695596], [-8.075092, 41.696375]], [[-8.083324, 41.695884], [-8.071352, 41.69275], [-8.064205, 41.68728], [-8.061122, 41.678248], [-8.06409, 41.669265], [-8.071779, 41.663047], [-8.083842, 41.659368], [-8.095835, 41.660617], [-8.107751, 41.667534], [-8.109853, 41.669628], [-8.111138, 41.678645], [-8.095377, 41.693344], [-8.083324, 41.695884]]], [[[-8.337731, 41.496767], [-8.349728, 41.495128], [-8.354008, 41.491115], [-8.353646, 41.482105], [-8.349893, 41.478657], [-8.337933, 41.476927], [-8.329737, 41.481969], [-8.329158, 41.490973], [-8.337731, 41.496767]]], [[[-8.686555, 41.209193], [-8.698489, 41.207993], [-8.704241, 41.204303], [-8.707135, 41.195303], [-8.698591, 41.185692], [-8.686672, 41.184714], [-8.674705, 41.193375], [-8.673787, 41.195213], [-8.676594, 41.204229], [-8.686555, 41.209193]]]]}}, {"id": "5", "type": "Feature", "properties": {"fill": "#ea870e", "value_min": -2.33, "value_max": -2.0}, "geometry": {"type": "MultiPolygon", "coordinates": [[[[-7.888796, 41.826333], [-7.893944, 41.82087], [-7.898613, 41.811908], [-7.898927, 41.802904], [-7.889333, 41.795249], [-7.877343, 41.792632], [-7.865301, 41.793035], [-7.853206, 41.796338], [-7.8424, 41.802349], [-7.836034, 41.811291], [-7.836356, 41.820301], [-7.843623, 41.829381], [-7.852533, 41.834068], [-7.864545, 41.835801], [-7.876627, 41.83365], [-7.888796, 41.826333]], [[-7.864621, 41.831504], [-7.852644, 41.82786], [-7.84464, 41.820385], [-7.843395, 41.811365], [-7.849194, 41.802417], [-7.853137, 41.800224], [-7.86525, 41.795887], [-7.877291, 41.795649], [-7.892379, 41.802842], [-7.894566, 41.811869], [-7.888866, 41.822298], [-7.876692, 41.829893], [-7.864621, 41.831504]]], [[[-8.347165, 41.76074], [-8.343269, 41.743256], [-8.329896, 41.725164], [-8.311481, 41.712394], [-8.299511, 41.707775], [-8.287521, 41.705012], [-8.27551, 41.704318], [-8.263471, 41.706014], [-8.251411, 41.709582], [-8.227201, 41.723704], [-8.215119, 41.728613], [-8.203128, 41.725953], [-8.174411, 41.715145], [-8.167254, 41.71085], [-8.164594, 41.706067], [-8.155387, 41.699113], [-8.143434, 41.694206], [-8.119438, 41.691399], [-8.110138, 41.696652], [-8.109368, 41.705653], [-8.119047, 41.720039], [-8.13094, 41.729567], [-8.137954, 41.732892], [-8.14305, 41.750944], [-8.154539, 41.763793], [-8.166507, 41.768622], [-8.178517, 41.770281], [-8.204629, 41.7694], [-8.21458, 41.772821], [-8.236841, 41.791591], [-8.240744, 41.791588], [-8.24074, 41.789338], [-8.244347, 41.787984], [-8.245546, 41.785731], [-8.250356, 41.785052], [-8.252154, 41.781525], [-8.252018, 41.781448], [-8.251552, 41.781183], [-8.2402, 41.769641], [-8.235842, 41.760605], [-8.234715, 41.751591], [-8.237322, 41.742601], [-8.24264, 41.733629], [-8.25287, 41.724689], [-8.263327, 41.718671], [-8.275384, 41.715491], [-8.287413, 41.714783], [-8.299412, 41.716849], [-8.316514, 41.725086], [-8.326384, 41.734151], [-8.331835, 41.74319], [-8.334063, 41.75221], [-8.333227, 41.762834], [-8.336653, 41.763728], [-8.338452, 41.762149], [-8.344765, 41.762363], [-8.347165, 41.76074]], [[-8.16667, 41.756028], [-8.158105, 41.751055], [-8.154029, 41.742018], [-8.154846, 41.740418], [-8.161874, 41.733069], [-8.166999, 41.730597], [-8.179003, 41.732111], [-8.188752, 41.742269], [-8.185571, 41.751253], [-8.178707, 41.755346], [-8.16667, 41.756028]], [[-8.131071, 41.719852], [-8.116169, 41.705705], [-8.114198, 41.696683], [-8.119406, 41.693742], [-8.13018, 41.696805], [-8.148445, 41.705949], [-8.149029, 41.71496], [-8.143098, 41.71953], [-8.131071, 41.719852]]], [[[-7.961455, 41.801071], [-7.971147, 41.794567], [-7.9745, 41.78559], [-7.966831, 41.758501], [-7.958388, 41.749418], [-7.950321, 41.745744], [-7.938282, 41.74646], [-7.933301, 41.749188], [-7.924887, 41.758116], [-7.922367, 41.767099], [-7.913255, 41.785027], [-7.913488, 41.794036], [-7.926275, 41.803163], [-7.937311, 41.805318], [-7.949353, 41.805038], [-7.961455, 41.801071]], [[-7.937337, 41.803742], [-7.925385, 41.798626], [-7.919186, 41.79409], [-7.918813, 41.78508], [-7.932203, 41.767191], [-7.93264, 41.758189], [-7.938175, 41.752955], [-7.950221, 41.751891], [-7.958121, 41.758422], [-7.958733, 41.767435], [-7.969188, 41.785543], [-7.966707, 41.794527], [-7.961505, 41.798019], [-7.950536, 41.803388], [-7.937337, 41.803742]]], [[[-8.077797, 41.566731], [-8.084589, 41.570351], [-8.094471, 41.579437], [-8.084902, 41.584452], [-8.081575, 41.588342], [-8.072772, 41.593769], [-8.065087, 41.606223], [-8.065017, 41.61523], [-8.071109, 41.624286], [-8.084252, 41.630434], [-8.09622, 41.633098], [-8.120005, 41.649777], [-8.131941, 41.65517], [-8.143923, 41.657294], [-8.155942, 41.656629], [-8.16847, 41.652053], [-8.179153, 41.643123], [-8.183463, 41.634146], [-8.183632, 41.625141], [-8.180145, 41.616109], [-8.168649, 41.602448], [-8.156752, 41.594528], [-8.12561, 41.579678], [-8.131893, 41.570718], [-8.145222, 41.559012], [-8.154454, 41.543865], [-8.156383, 41.525864], [-8.154013, 41.51684], [-8.14593, 41.505162], [-8.134032, 41.498846], [-8.086235, 41.489794], [-8.071754, 41.490965], [-8.072348, 41.495601], [-8.078333, 41.49898], [-8.078332, 41.500331], [-8.084618, 41.502802], [-8.098049, 41.501708], [-8.110014, 41.502935], [-8.127322, 41.507633], [-8.139806, 41.516734], [-8.143463, 41.525769], [-8.142991, 41.534773], [-8.138459, 41.543746], [-8.133365, 41.54884], [-8.121281, 41.555803], [-8.109254, 41.558367], [-8.097268, 41.557951], [-8.08002, 41.551651], [-8.074396, 41.549848], [-8.072897, 41.551197], [-8.076188, 41.557276], [-8.079783, 41.558403], [-8.082177, 41.563131], [-8.081576, 41.565157], [-8.078879, 41.56493], [-8.077797, 41.566731]], [[-8.131983, 41.652079], [-8.113738, 41.642637], [-8.108211, 41.634175], [-8.09631, 41.626671], [-8.084318, 41.625755], [-8.081288, 41.624368], [-8.073604, 41.615299], [-8.077751, 41.606326], [-8.084661, 41.60153], [-8.096669, 41.60094], [-8.108613, 41.605025], [-8.120599, 41.606044], [-8.132619, 41.604665], [-8.144601, 41.606064], [-8.156544, 41.61048], [-8.163491, 41.615989], [-8.169246, 41.625037], [-8.170145, 41.634051], [-8.165917, 41.643028], [-8.156031, 41.649859], [-8.149652, 41.651916], [-8.143978, 41.653122], [-8.131983, 41.652079]]], [[[-8.540684, 41.598543], [-8.549622, 41.591128], [-8.553719, 41.582137], [-8.553251, 41.573128], [-8.548567, 41.564102], [-8.540973, 41.557654], [-8.529018, 41.552592], [-8.517033, 41.55181], [-8.505017, 41.555014], [-8.492218, 41.563867], [-8.486779, 41.57285], [-8.486902, 41.581858], [-8.492628, 41.590891], [-8.50468, 41.599206], [-8.516653, 41.602732], [-8.528654, 41.602618], [-8.540684, 41.598543]], [[-8.516718, 41.594099], [-8.50475, 41.589991], [-8.497084, 41.581903], [-8.496169, 41.572892], [-8.504962, 41.562216], [-8.516983, 41.558456], [-8.528965, 41.55994], [-8.536388, 41.564054], [-8.542875, 41.573087], [-8.542092, 41.582091], [-8.532545, 41.59106], [-8.528725, 41.592915], [-8.516718, 41.594099]]], [[[-8.661756, 41.391889], [-8.674515, 41.384378], [-8.68217, 41.375392], [-8.684782, 41.366391], [-8.683896, 41.357381], [-8.679524, 41.348361], [-8.671034, 41.33933], [-8.650143, 41.326812], [-8.638212, 41.323529], [-8.626268, 41.322561], [-8.614312, 41.323774], [-8.59792, 41.33009], [-8.587063, 41.339059], [-8.581894, 41.348048], [-8.580456, 41.357051], [-8.582014, 41.366064], [-8.590073, 41.378155], [-8.601974, 41.387716], [-8.613903, 41.39307], [-8.625848, 41.396055], [-8.637806, 41.39683], [-8.649775, 41.395516], [-8.661756, 41.391889]], [[-8.637849, 41.389088], [-8.625891, 41.388465], [-8.612414, 41.384186], [-8.599855, 41.375135], [-8.594336, 41.366108], [-8.593178, 41.357096], [-8.596002, 41.348099], [-8.602259, 41.340912], [-8.614252, 41.333982], [-8.626217, 41.331508], [-8.638165, 41.332003], [-8.650097, 41.335438], [-8.657044, 41.339289], [-8.667408, 41.348327], [-8.671901, 41.357348], [-8.672158, 41.366356], [-8.667931, 41.375352], [-8.656045, 41.384324], [-8.649821, 41.386929], [-8.637849, 41.389088]]], [[[-8.386707, 41.385032], [-8.392762, 41.374229], [-8.391695, 41.365215], [-8.384578, 41.35617], [-8.375074, 41.350876], [-8.363138, 41.348964], [-8.351165, 41.35092], [-8.339132, 41.358718], [-8.334928, 41.364901], [-8.333472, 41.3739], [-8.336939, 41.382928], [-8.349537, 41.392007], [-8.362695, 41.394365], [-8.374675, 41.392513], [-8.386707, 41.385032]], [[-8.360178, 41.38306], [-8.350902, 41.377373], [-8.349031, 41.373989], [-8.350981, 41.36949], [-8.357323, 41.365028], [-8.362996, 41.363522], [-8.367631, 41.365086], [-8.375645, 41.374137], [-8.364946, 41.383086], [-8.360178, 41.38306]]]]}}, {"id": "4", "type": "Feature", "properties": {"fill": "#d75e13", "value_min": -2.67, "value_max": -2.33}, "geometry": {"type": "MultiPolygon", "coordinates": [[[[-7.864621, 41.831504], [-7.876692, 41.829893], [-7.888866, 41.822298], [-7.894566, 41.811869], [-7.892379, 41.802842], [-7.877291, 41.795649], [-7.86525, 41.795887], [-7.853137, 41.800224], [-7.849194, 41.802417], [-7.843395, 41.811365], [-7.84464, 41.820385], [-7.852644, 41.82786], [-7.864621, 41.831504]], [[-7.864695, 41.827363], [-7.851719, 41.820456], [-7.849129, 41.811423], [-7.856031, 41.802485], [-7.865199, 41.79877], [-7.877239, 41.798628], [-7.885906, 41.802779], [-7.890519, 41.81183], [-7.885522, 41.820789], [-7.876753, 41.826392], [-7.864695, 41.827363]]], [[[-7.937337, 41.803742], [-7.950536, 41.803388], [-7.961505, 41.798019], [-7.966707, 41.794527], [-7.969188, 41.785543], [-7.958733, 41.767435], [-7.958121, 41.758422], [-7.950221, 41.751891], [-7.938175, 41.752955], [-7.93264, 41.758189], [-7.932203, 41.767191], [-7.918813, 41.78508], [-7.919186, 41.79409], [-7.925385, 41.798626], [-7.937337, 41.803742]], [[-7.949411, 41.8015], [-7.937373, 41.801536], [-7.924885, 41.794144], [-7.924241, 41.785131], [-7.937848, 41.772808], [-7.949893, 41.771986], [-7.961768, 41.781712], [-7.96411, 41.785497], [-7.962269, 41.794487], [-7.949411, 41.8015]]], [[[-8.333227, 41.762834], [-8.334063, 41.75221], [-8.331835, 41.74319], [-8.326384, 41.734151], [-8.316514, 41.725086], [-8.299412, 41.716849], [-8.287413, 41.714783], [-8.275384, 41.715491], [-8.263327, 41.718671], [-8.25287, 41.724689], [-8.24264, 41.733629], [-8.237322, 41.742601], [-8.234715, 41.751591], [-8.235842, 41.760605], [-8.2402, 41.769641], [-8.251552, 41.781183], [-8.251845, 41.777172], [-8.257551, 41.773564], [-8.260831, 41.774236], [-8.255119, 41.769739], [-8.24888, 41.760691], [-8.246882, 41.751671], [-8.249032, 41.742678], [-8.255283, 41.733712], [-8.263224, 41.727714], [-8.275302, 41.722838], [-8.287338, 41.721656], [-8.299335, 41.723917], [-8.316193, 41.734091], [-8.32228, 41.743134], [-8.324327, 41.752153], [-8.32132, 41.763241], [-8.326436, 41.765096], [-8.328234, 41.763292], [-8.330341, 41.764189], [-8.333227, 41.762834]]], [[[-8.252018, 41.781448], [-8.252018, 41.781448], [-8.252154, 41.781525], [-8.252018, 41.781448]]], [[[-8.16667, 41.756028], [-8.178707, 41.755346], [-8.185571, 41.751253], [-8.188752, 41.742269], [-8.179003, 41.732111], [-8.166999, 41.730597], [-8.161874, 41.733069], [-8.154846, 41.740418], [-8.154029, 41.742018], [-8.158105, 41.751055], [-8.16667, 41.756028]]], [[[-8.131071, 41.719852], [-8.143098, 41.71953], [-8.149029, 41.71496], [-8.148445, 41.705949], [-8.13018, 41.696805], [-8.119406, 41.693742], [-8.114198, 41.696683], [-8.116169, 41.705705], [-8.131071, 41.719852]], [[-8.11826, 41.696714], [-8.121681, 41.69674], [-8.119324, 41.699713], [-8.11826, 41.696714]]], [[[-8.131983, 41.652079], [-8.143978, 41.653122], [-8.149652, 41.651916], [-8.156031, 41.649859], [-8.165917, 41.643028], [-8.170145, 41.634051], [-8.169246, 41.625037], [-8.163491, 41.615989], [-8.156544, 41.61048], [-8.144601, 41.606064], [-8.132619, 41.604665], [-8.120599, 41.606044], [-8.108613, 41.605025], [-8.096669, 41.60094], [-8.084661, 41.60153], [-8.077751, 41.606326], [-8.073604, 41.615299], [-8.081288, 41.624368], [-8.084318, 41.625755], [-8.09631, 41.626671], [-8.108211, 41.634175], [-8.113738, 41.642637], [-8.131983, 41.652079]], [[-8.144027, 41.649428], [-8.132018, 41.649445], [-8.120082, 41.644128], [-8.112246, 41.633619], [-8.113167, 41.624618], [-8.120441, 41.617719], [-8.132502, 41.613349], [-8.144491, 41.614369], [-8.156403, 41.621283], [-8.159688, 41.624968], [-8.162006, 41.633992], [-8.157033, 41.642963], [-8.144027, 41.649428]], [[-8.084245, 41.615385], [-8.084469, 41.615066], [-8.086402, 41.615402], [-8.084461, 41.615641], [-8.084245, 41.615385]]], [[[-8.516718, 41.594099], [-8.528725, 41.592915], [-8.532545, 41.59106], [-8.542092, 41.582091], [-8.542875, 41.573087], [-8.536388, 41.564054], [-8.528965, 41.55994], [-8.516983, 41.558456], [-8.504962, 41.562216], [-8.496169, 41.572892], [-8.497084, 41.581903], [-8.50475, 41.589991], [-8.516718, 41.594099]], [[-8.516779, 41.585907], [-8.508245, 41.581951], [-8.504574, 41.572928], [-8.516935, 41.564999], [-8.528898, 41.56909], [-8.532367, 41.573045], [-8.529966, 41.582042], [-8.516779, 41.585907]]], [[[-8.08002, 41.551651], [-8.097268, 41.557951], [-8.109254, 41.558367], [-8.121281, 41.555803], [-8.133365, 41.54884], [-8.138459, 41.543746], [-8.142991, 41.534773], [-8.143463, 41.525769], [-8.139806, 41.516734], [-8.127322, 41.507633], [-8.110014, 41.502935], [-8.098049, 41.501708], [-8.084618, 41.502802], [-8.093, 41.504613], [-8.090901, 41.510109], [-8.097958, 41.508315], [-8.109932, 41.508898], [-8.121864, 41.512703], [-8.128001, 41.516645], [-8.133068, 41.525691], [-8.132015, 41.53469], [-8.12142, 41.545493], [-8.109379, 41.549287], [-8.097394, 41.548904], [-8.085256, 41.544225], [-8.083389, 41.5449], [-8.082186, 41.550752], [-8.08002, 41.551651]]], [[[-8.637849, 41.389088], [-8.649821, 41.386929], [-8.656045, 41.384324], [-8.667931, 41.375352], [-8.672158, 41.366356], [-8.671901, 41.357348], [-8.667408, 41.348327], [-8.657044, 41.339289], [-8.650097, 41.335438], [-8.638165, 41.332003], [-8.626217, 41.331508], [-8.614252, 41.333982], [-8.602259, 41.340912], [-8.596002, 41.348099], [-8.593178, 41.357096], [-8.594336, 41.366108], [-8.599855, 41.375135], [-8.612414, 41.384186], [-8.625891, 41.388465], [-8.637849, 41.389088]], [[-8.63789, 41.381579], [-8.625934, 41.380996], [-8.614003, 41.37621], [-8.605434, 41.366147], [-8.604465, 41.357136], [-8.609296, 41.348145], [-8.614192, 41.344251], [-8.62617, 41.339751], [-8.638121, 41.339849], [-8.65005, 41.344314], [-8.655356, 41.348292], [-8.661164, 41.357317], [-8.660927, 41.366324], [-8.654143, 41.375311], [-8.649869, 41.378033], [-8.63789, 41.381579]]], [[[-8.360178, 41.38306], [-8.364946, 41.383086], [-8.375645, 41.374137], [-8.367631, 41.365086], [-8.362996, 41.363522], [-8.357323, 41.365028], [-8.350981, 41.36949], [-8.349031, 41.373989], [-8.350902, 41.377373], [-8.360178, 41.38306]]]]}}, {"id": "3", "type": "Feature", "properties": {"fill": "#c33119", "value_min": -3.0, "value_max": -2.67}, "geometry": {"type": "MultiPolygon", "coordinates": [[[[-7.864695, 41.827363], [-7.876753, 41.826392], [-7.885522, 41.820789], [-7.890519, 41.81183], [-7.885906, 41.802779], [-7.877239, 41.798628], [-7.865199, 41.79877], [-7.856031, 41.802485], [-7.849129, 41.811423], [-7.851719, 41.820456], [-7.864695, 41.827363]], [[-7.864765, 41.823349], [-7.859431, 41.820533], [-7.854855, 41.81148], [-7.862925, 41.802554], [-7.877187, 41.801607], [-7.886009, 41.811787], [-7.880204, 41.820737], [-7.876814, 41.822903], [-7.864765, 41.823349]]], [[[-7.949411, 41.8015], [-7.962269, 41.794487], [-7.96411, 41.785497], [-7.961768, 41.781712], [-7.949893, 41.771986], [-7.937848, 41.772808], [-7.924241, 41.785131], [-7.924885, 41.794144], [-7.937373, 41.801536], [-7.949411, 41.8015]], [[-7.937414, 41.799061], [-7.929272, 41.794185], [-7.92902, 41.785175], [-7.937751, 41.778645], [-7.949788, 41.778437], [-7.959231, 41.785453], [-7.958093, 41.79445], [-7.949449, 41.799183], [-7.937414, 41.799061]]], [[[-8.32132, 41.763241], [-8.324327, 41.752153], [-8.32228, 41.743134], [-8.316193, 41.734091], [-8.299335, 41.723917], [-8.287338, 41.721656], [-8.275302, 41.722838], [-8.263224, 41.727714], [-8.255283, 41.733712], [-8.249032, 41.742678], [-8.246882, 41.751671], [-8.24888, 41.760691], [-8.255119, 41.769739], [-8.260831, 41.774236], [-8.268976, 41.769275], [-8.258764, 41.760755], [-8.25566, 41.751728], [-8.257525, 41.742734], [-8.263128, 41.736103], [-8.275232, 41.729073], [-8.287272, 41.727616], [-8.299267, 41.730212], [-8.305856, 41.734029], [-8.314041, 41.743085], [-8.315899, 41.752103], [-8.311897, 41.762194], [-8.318308, 41.761283], [-8.32132, 41.763241]]], [[[-8.11826, 41.696714], [-8.119324, 41.699713], [-8.121681, 41.69674], [-8.11826, 41.696714]]], [[[-8.144027, 41.649428], [-8.157033, 41.642963], [-8.162006, 41.633992], [-8.159688, 41.624968], [-8.156403, 41.621283], [-8.144491, 41.614369], [-8.132502, 41.613349], [-8.120441, 41.617719], [-8.113167, 41.624618], [-8.112246, 41.633619], [-8.120082, 41.644128], [-8.132018, 41.649445], [-8.144027, 41.649428]], [[-8.132053, 41.646861], [-8.122942, 41.642708], [-8.116686, 41.633653], [-8.120331, 41.625825], [-8.132427, 41.618948], [-8.144411, 41.620416], [-8.150984, 41.624904], [-8.155005, 41.633941], [-8.150062, 41.642911], [-8.144073, 41.64594], [-8.132053, 41.646861]]], [[[-8.084245, 41.615385], [-8.084461, 41.615641], [-8.086402, 41.615402], [-8.084469, 41.615066], [-8.084245, 41.615385]]], [[[-8.516779, 41.585907], [-8.529966, 41.582042], [-8.532367, 41.573045], [-8.528898, 41.56909], [-8.516935, 41.564999], [-8.504574, 41.572928], [-8.508245, 41.581951], [-8.516779, 41.585907]]], [[[-8.085256, 41.544225], [-8.097394, 41.548904], [-8.109379, 41.549287], [-8.12142, 41.545493], [-8.132015, 41.53469], [-8.133068, 41.525691], [-8.128001, 41.516645], [-8.121864, 41.512703], [-8.109932, 41.508898], [-8.097958, 41.508315], [-8.090901, 41.510109], [-8.089697, 41.519167], [-8.092355, 41.51637], [-8.097876, 41.514232], [-8.109859, 41.514232], [-8.115769, 41.516552], [-8.124253, 41.525624], [-8.121559, 41.535225], [-8.109482, 41.541731], [-8.103165, 41.541415], [-8.106759, 41.543557], [-8.101666, 41.542655], [-8.094175, 41.544904], [-8.087885, 41.542876], [-8.085256, 41.544225]]], [[[-8.089412, 41.519468], [-8.089412, 41.519468], [-8.089626, 41.519243], [-8.089412, 41.519468]]], [[[-8.63789, 41.381579], [-8.649869, 41.378033], [-8.654143, 41.375311], [-8.660927, 41.366324], [-8.661164, 41.357317], [-8.655356, 41.348292], [-8.65005, 41.344314], [-8.638121, 41.339849], [-8.62617, 41.339751], [-8.614192, 41.344251], [-8.609296, 41.348145], [-8.604465, 41.357136], [-8.605434, 41.366147], [-8.614003, 41.37621], [-8.625934, 41.380996], [-8.63789, 41.381579]], [[-8.625984, 41.37221], [-8.61777, 41.366188], [-8.616619, 41.357177], [-8.626118, 41.348897], [-8.638074, 41.34838], [-8.649739, 41.357282], [-8.648733, 41.366287], [-8.637938, 41.373], [-8.625984, 41.37221]]]]}}, {"id": "2", "type": "Feature", "properties": {"fill": "#ae1c1c", "value_min": -3.33, "value_max": -3.0}, "geometry": {"type": "MultiPolygon", "coordinates": [[[[-7.864765, 41.823349], [-7.876814, 41.822903], [-7.880204, 41.820737], [-7.886009, 41.811787], [-7.877187, 41.801607], [-7.862925, 41.802554], [-7.854855, 41.81148], [-7.859431, 41.820533], [-7.864765, 41.823349]], [[-7.86486, 41.817996], [-7.860563, 41.811537], [-7.865058, 41.806791], [-7.877102, 41.806459], [-7.881233, 41.81174], [-7.876899, 41.81805], [-7.86486, 41.817996]]], [[[-7.937414, 41.799061], [-7.949449, 41.799183], [-7.958093, 41.79445], [-7.959231, 41.785453], [-7.949788, 41.778437], [-7.937751, 41.778645], [-7.92902, 41.785175], [-7.929272, 41.794185], [-7.937414, 41.799061]], [[-7.937455, 41.796585], [-7.933513, 41.794224], [-7.933581, 41.785218], [-7.937694, 41.782142], [-7.949732, 41.781846], [-7.95453, 41.78541], [-7.953968, 41.794412], [-7.949487, 41.796866], [-7.937455, 41.796585]]], [[[-8.311897, 41.762194], [-8.315899, 41.752103], [-8.314041, 41.743085], [-8.305856, 41.734029], [-8.299267, 41.730212], [-8.287272, 41.727616], [-8.275232, 41.729073], [-8.263128, 41.736103], [-8.257525, 41.742734], [-8.25566, 41.751728], [-8.258764, 41.760755], [-8.268976, 41.769275], [-8.269565, 41.767474], [-8.275572, 41.764901], [-8.269045, 41.760821], [-8.26344, 41.751779], [-8.265641, 41.742786], [-8.275164, 41.735131], [-8.287212, 41.732994], [-8.299193, 41.736989], [-8.305667, 41.743035], [-8.307586, 41.752053], [-8.303703, 41.758605], [-8.30778, 41.758824], [-8.307785, 41.760625], [-8.311897, 41.762194]]], [[[-8.132053, 41.646861], [-8.144073, 41.64594], [-8.150062, 41.642911], [-8.155005, 41.633941], [-8.150984, 41.624904], [-8.144411, 41.620416], [-8.132427, 41.618948], [-8.120331, 41.625825], [-8.116686, 41.633653], [-8.122942, 41.642708], [-8.132053, 41.646861]], [[-8.128745, 41.642752], [-8.121363, 41.633689], [-8.132365, 41.623569], [-8.144331, 41.626496], [-8.149434, 41.6339], [-8.144128, 41.641847], [-8.132088, 41.644276], [-8.128745, 41.642752]]], [[[-8.103165, 41.541415], [-8.109482, 41.541731], [-8.121559, 41.535225], [-8.124253, 41.525624], [-8.115769, 41.516552], [-8.109859, 41.514232], [-8.097876, 41.514232], [-8.092355, 41.51637], [-8.089697, 41.519167], [-8.089626, 41.519243], [-8.089412, 41.519468], [-8.090594, 41.522169], [-8.093588, 41.52307], [-8.091786, 41.531848], [-8.103165, 41.541415]], [[-8.097655, 41.530087], [-8.095622, 41.525403], [-8.097749, 41.523374], [-8.109749, 41.522295], [-8.113422, 41.525541], [-8.109603, 41.532912], [-8.097655, 41.530087]]], [[[-8.625984, 41.37221], [-8.637938, 41.373], [-8.648733, 41.366287], [-8.649739, 41.357282], [-8.638074, 41.34838], [-8.626118, 41.348897], [-8.616619, 41.357177], [-8.61777, 41.366188], [-8.625984, 41.37221]]]]}}, {"id": "6", "type": "Feature", "properties": {"fill": "#e79f24", "value_min": -2.0, "value_max": -1.67}, "geometry": {"type": "MultiPolygon", "coordinates": [[[[-7.876561, 41.837407], [-7.888727, 41.83036], [-7.903383, 41.811954], [-7.913268, 41.803377], [-7.937285, 41.806895], [-7.949331, 41.806433], [-7.96272, 41.803498], [-7.976798, 41.794618], [-7.981836, 41.785656], [-7.981868, 41.776649], [-7.974995, 41.758574], [-7.968326, 41.749508], [-7.962366, 41.744606], [-7.950408, 41.74039], [-7.93837, 41.741118], [-7.926241, 41.747316], [-7.918193, 41.758053], [-7.910144, 41.775991], [-7.901473, 41.789201], [-7.865349, 41.790305], [-7.850006, 41.793418], [-7.832701, 41.802251], [-7.826273, 41.811192], [-7.825164, 41.820187], [-7.829846, 41.829242], [-7.840436, 41.83705], [-7.852416, 41.840604], [-7.864461, 41.840603], [-7.876561, 41.837407]], [[-7.888796, 41.826333], [-7.876627, 41.83365], [-7.864545, 41.835801], [-7.852533, 41.834068], [-7.843623, 41.829381], [-7.836356, 41.820301], [-7.836034, 41.811291], [-7.8424, 41.802349], [-7.853206, 41.796338], [-7.865301, 41.793035], [-7.877343, 41.792632], [-7.889333, 41.795249], [-7.898927, 41.802904], [-7.898613, 41.811908], [-7.893944, 41.82087], [-7.888796, 41.826333]], [[-7.961455, 41.801071], [-7.949353, 41.805038], [-7.937311, 41.805318], [-7.926275, 41.803163], [-7.913488, 41.794036], [-7.913255, 41.785027], [-7.922367, 41.767099], [-7.924887, 41.758116], [-7.933301, 41.749188], [-7.938282, 41.74646], [-7.950321, 41.745744], [-7.958388, 41.749418], [-7.966831, 41.758501], [-7.9745, 41.78559], [-7.971147, 41.794567], [-7.961455, 41.801071]]], [[[-8.355132, 41.73826], [-8.344864, 41.725251], [-8.335477, 41.71678], [-8.311608, 41.700457], [-8.245339, 41.670598], [-8.227307, 41.661471], [-8.215425, 41.652383], [-8.208094, 41.616304], [-8.198002, 41.59822], [-8.179097, 41.571065], [-8.176626, 41.56204], [-8.173287, 41.525987], [-8.168569, 41.507939], [-8.158199, 41.483005], [-8.146433, 41.466851], [-8.134572, 41.458248], [-8.122665, 41.45334], [-8.110724, 41.451034], [-8.086775, 41.451379], [-8.069393, 41.455323], [-8.068788, 41.462286], [-8.073872, 41.46499], [-8.074164, 41.473543], [-8.066374, 41.482318], [-8.066069, 41.48817], [-8.071754, 41.490965], [-8.086235, 41.489794], [-8.134032, 41.498846], [-8.14593, 41.505162], [-8.154013, 41.51684], [-8.156383, 41.525864], [-8.154454, 41.543865], [-8.145222, 41.559012], [-8.131893, 41.570718], [-8.12561, 41.579678], [-8.156752, 41.594528], [-8.168649, 41.602448], [-8.180145, 41.616109], [-8.183632, 41.625141], [-8.183463, 41.634146], [-8.179153, 41.643123], [-8.16847, 41.652053], [-8.155942, 41.656629], [-8.143923, 41.657294], [-8.131941, 41.65517], [-8.120005, 41.649777], [-8.09622, 41.633098], [-8.084252, 41.630434], [-8.071109, 41.624286], [-8.065017, 41.61523], [-8.065087, 41.606223], [-8.072772, 41.593769], [-8.081575, 41.588342], [-8.084902, 41.584452], [-8.094471, 41.579437], [-8.084589, 41.570351], [-8.077797, 41.566731], [-8.073182, 41.568079], [-8.069283, 41.570553], [-8.068081, 41.573478], [-8.056684, 41.579549], [-8.052181, 41.584498], [-8.052162, 41.587649], [-8.052778, 41.606122], [-8.055603, 41.615153], [-8.062652, 41.624218], [-8.079402, 41.63336], [-8.096157, 41.637589], [-8.119967, 41.652585], [-8.1319, 41.658261], [-8.168121, 41.670065], [-8.168087, 41.679072], [-8.155585, 41.683979], [-8.11947, 41.689057], [-8.106754, 41.696625], [-8.104967, 41.705619], [-8.107118, 41.713297], [-8.123837, 41.741792], [-8.131338, 41.759863], [-8.142378, 41.773632], [-8.154297, 41.782197], [-8.205819, 41.806021], [-8.205872, 41.804445], [-8.213692, 41.803765], [-8.217598, 41.80016], [-8.217589, 41.793634], [-8.224207, 41.794303], [-8.229917, 41.791598], [-8.236841, 41.791591], [-8.21458, 41.772821], [-8.204629, 41.7694], [-8.178517, 41.770281], [-8.166507, 41.768622], [-8.154539, 41.763793], [-8.14305, 41.750944], [-8.137954, 41.732892], [-8.13094, 41.729567], [-8.119047, 41.720039], [-8.109368, 41.705653], [-8.110138, 41.696652], [-8.119438, 41.691399], [-8.143434, 41.694206], [-8.155387, 41.699113], [-8.164594, 41.706067], [-8.167254, 41.71085], [-8.174411, 41.715145], [-8.203128, 41.725953], [-8.215119, 41.728613], [-8.227201, 41.723704], [-8.251411, 41.709582], [-8.263471, 41.706014], [-8.27551, 41.704318], [-8.287521, 41.705012], [-8.299511, 41.707775], [-8.311481, 41.712394], [-8.329896, 41.725164], [-8.343269, 41.743256], [-8.347165, 41.76074], [-8.349267, 41.760103], [-8.352557, 41.755145], [-8.349814, 41.744122], [-8.352516, 41.743441], [-8.352203, 41.739616], [-8.355132, 41.73826]]], [[[-7.727617, 41.807194], [-7.732613, 41.808116], [-7.744674, 41.806925], [-7.756827, 41.800988], [-7.76343, 41.792519], [-7.764636, 41.783525], [-7.760908, 41.774478], [-7.748836, 41.765341], [-7.739895, 41.762797], [-7.734779, 41.767731], [-7.726937, 41.771755], [-7.7254, 41.777152], [-7.727191, 41.779184], [-7.724177, 41.780299], [-7.725372, 41.781653], [-7.722296, 41.792446], [-7.728879, 41.797871], [-7.72705, 41.801691], [-7.727617, 41.807194]]], [[[-8.552612, 41.608852], [-8.56224, 41.600184], [-8.566696, 41.591194], [-8.567703, 41.58219], [-8.56113, 41.564151], [-8.552982, 41.555275], [-8.541044, 41.547678], [-8.529079, 41.544196], [-8.517092, 41.54381], [-8.505083, 41.546381], [-8.493054, 41.551436], [-8.479212, 41.563809], [-8.474118, 41.572793], [-8.473864, 41.581799], [-8.478184, 41.590826], [-8.486739, 41.599872], [-8.50459, 41.610898], [-8.516564, 41.614665], [-8.528559, 41.615663], [-8.540573, 41.614109], [-8.552612, 41.608852]], [[-8.540684, 41.598543], [-8.528654, 41.602618], [-8.516653, 41.602732], [-8.50468, 41.599206], [-8.492628, 41.590891], [-8.486902, 41.581858], [-8.486779, 41.57285], [-8.492218, 41.563867], [-8.505017, 41.555014], [-8.517033, 41.55181], [-8.529018, 41.552592], [-8.540973, 41.557654], [-8.548567, 41.564102], [-8.553251, 41.573128], [-8.553719, 41.582137], [-8.549622, 41.591128], [-8.540684, 41.598543]]], [[[-8.673681, 41.399172], [-8.684923, 41.393415], [-8.695346, 41.384435], [-8.700453, 41.375441], [-8.701776, 41.366437], [-8.699447, 41.357423], [-8.694229, 41.348402], [-8.674059, 41.330331], [-8.650196, 41.316903], [-8.62633, 41.311764], [-8.602425, 41.313674], [-8.590453, 41.317671], [-8.578459, 41.324821], [-8.572459, 41.329998], [-8.566525, 41.338984], [-8.563433, 41.34798], [-8.563372, 41.356987], [-8.571108, 41.375031], [-8.579836, 41.384071], [-8.601913, 41.397781], [-8.625798, 41.404681], [-8.649724, 41.405116], [-8.673681, 41.399172]], [[-8.661756, 41.391889], [-8.649775, 41.395516], [-8.637806, 41.39683], [-8.625848, 41.396055], [-8.613903, 41.39307], [-8.601974, 41.387716], [-8.590073, 41.378155], [-8.582014, 41.366064], [-8.580456, 41.357051], [-8.581894, 41.348048], [-8.587063, 41.339059], [-8.59792, 41.33009], [-8.614312, 41.323774], [-8.626268, 41.322561], [-8.638212, 41.323529], [-8.650143, 41.326812], [-8.671034, 41.33933], [-8.679524, 41.348361], [-8.683896, 41.357381], [-8.684782, 41.366391], [-8.68217, 41.375392], [-8.674515, 41.384378], [-8.661756, 41.391889]]], [[[-8.386578, 41.398762], [-8.397816, 41.39227], [-8.406378, 41.383307], [-8.410119, 41.374319], [-8.410794, 41.365315], [-8.408547, 41.356296], [-8.399043, 41.344204], [-8.387157, 41.337013], [-8.37524, 41.333415], [-8.363298, 41.332617], [-8.35133, 41.334364], [-8.339329, 41.339297], [-8.329727, 41.346856], [-8.323201, 41.355825], [-8.320206, 41.364815], [-8.320034, 41.373822], [-8.322866, 41.382846], [-8.33001, 41.391895], [-8.338737, 41.397781], [-8.350657, 41.402032], [-8.362607, 41.403439], [-8.37458, 41.402408], [-8.386578, 41.398762]], [[-8.386707, 41.385032], [-8.374675, 41.392513], [-8.362695, 41.394365], [-8.349537, 41.392007], [-8.336939, 41.382928], [-8.333472, 41.3739], [-8.334928, 41.364901], [-8.339132, 41.358718], [-8.351165, 41.35092], [-8.363138, 41.348964], [-8.375074, 41.350876], [-8.384578, 41.35617], [-8.391695, 41.365215], [-8.392762, 41.374229], [-8.386707, 41.385032]]]]}}, {"id": "7", "type": "Feature", "properties": {"fill": "#cba158", "value_min": -1.67, "value_max": -1.33}, "geometry": {"type": "MultiPolygon", "coordinates": [[[[-8.375882, 41.734391], [-8.366502, 41.725372], [-8.329971, 41.698144], [-8.309098, 41.680006], [-8.294016, 41.6619], [-8.258575, 41.607634], [-8.205312, 41.548452], [-8.197704, 41.535167], [-8.1908, 41.517104], [-8.182166, 41.472007], [-8.177718, 41.462967], [-8.170583, 41.453909], [-8.158709, 41.443581], [-8.134958, 41.429228], [-8.111161, 41.419019], [-8.092456, 41.413221], [-8.079893, 41.41975], [-8.077503, 41.416597], [-8.070923, 41.41862], [-8.066739, 41.416142], [-8.061654, 41.417489], [-8.059852, 41.424916], [-8.055959, 41.429415], [-8.05745, 41.432793], [-8.056549, 41.436394], [-8.057743, 41.438645], [-8.061033, 41.438872], [-8.063424, 41.4409], [-8.064916, 41.444052], [-8.068505, 41.444729], [-8.069999, 41.447206], [-8.069393, 41.455323], [-8.086775, 41.451379], [-8.110724, 41.451034], [-8.122665, 41.45334], [-8.134572, 41.458248], [-8.146433, 41.466851], [-8.158199, 41.483005], [-8.168569, 41.507939], [-8.173287, 41.525987], [-8.176626, 41.56204], [-8.179097, 41.571065], [-8.198002, 41.59822], [-8.208094, 41.616304], [-8.215425, 41.652383], [-8.227307, 41.661471], [-8.245339, 41.670598], [-8.311608, 41.700457], [-8.335477, 41.71678], [-8.344864, 41.725251], [-8.355132, 41.73826], [-8.357897, 41.735103], [-8.362407, 41.735994], [-8.368703, 41.73193], [-8.371416, 41.7344], [-8.375882, 41.734391]]], [[[-8.032969, 41.601534], [-8.043112, 41.61505], [-8.05223, 41.624132], [-8.060258, 41.629293], [-8.06683, 41.633259], [-8.096096, 41.641952], [-8.108024, 41.647771], [-8.130831, 41.660782], [-8.142519, 41.669877], [-8.14052, 41.678869], [-8.119502, 41.686694], [-8.104852, 41.696611], [-8.101671, 41.705593], [-8.102146, 41.714604], [-8.111378, 41.75971], [-8.11827, 41.77684], [-8.130083, 41.793078], [-8.158508, 41.818377], [-8.165326, 41.81815], [-8.173744, 41.808019], [-8.177655, 41.808242], [-8.183676, 41.812741], [-8.190291, 41.809587], [-8.197158, 41.814129], [-8.19926, 41.810301], [-8.205819, 41.806021], [-8.154297, 41.782197], [-8.142378, 41.773632], [-8.131338, 41.759863], [-8.123837, 41.741792], [-8.107118, 41.713297], [-8.104967, 41.705619], [-8.106754, 41.696625], [-8.11947, 41.689057], [-8.155585, 41.683979], [-8.168087, 41.679072], [-8.168121, 41.670065], [-8.1319, 41.658261], [-8.119967, 41.652585], [-8.096157, 41.637589], [-8.079402, 41.63336], [-8.062652, 41.624218], [-8.055603, 41.615153], [-8.052778, 41.606122], [-8.052162, 41.587649], [-8.044072, 41.595521], [-8.032969, 41.601534]]], [[[-7.727183, 41.876437], [-7.743172, 41.883738], [-7.755209, 41.88455], [-7.767309, 41.882084], [-7.779498, 41.874867], [-7.786766, 41.864821], [-7.789205, 41.855841], [-7.788847, 41.837823], [-7.792388, 41.830298], [-7.804798, 41.837991], [-7.828214, 41.846785], [-7.840227, 41.84861], [-7.852276, 41.848426], [-7.864359, 41.846341], [-7.87648, 41.842059], [-7.888658, 41.834339], [-7.913179, 41.808636], [-7.949308, 41.807829], [-7.96897, 41.803555], [-7.983943, 41.794681], [-7.991066, 41.785737], [-7.992498, 41.776743], [-7.989798, 41.767712], [-7.984316, 41.758657], [-7.977492, 41.74959], [-7.967612, 41.740494], [-7.962493, 41.736687], [-7.950523, 41.733307], [-7.938481, 41.734363], [-7.926359, 41.740213], [-7.916546, 41.749031], [-7.901677, 41.777243], [-7.890095, 41.784806], [-7.853332, 41.789289], [-7.835005, 41.793267], [-7.814601, 41.802065], [-7.804823, 41.809191], [-7.796594, 41.810885], [-7.792652, 41.81625], [-7.777479, 41.774656], [-7.769568, 41.764195], [-7.757721, 41.754702], [-7.747812, 41.750052], [-7.747786, 41.754496], [-7.743866, 41.756509], [-7.743242, 41.760333], [-7.739895, 41.762797], [-7.748836, 41.765341], [-7.760908, 41.774478], [-7.764636, 41.783525], [-7.76343, 41.792519], [-7.756827, 41.800988], [-7.744674, 41.806925], [-7.732613, 41.808116], [-7.727617, 41.807194], [-7.728171, 41.814974], [-7.732041, 41.821514], [-7.74345, 41.825605], [-7.738918, 41.82874], [-7.742196, 41.833928], [-7.74729, 41.837772], [-7.746349, 41.84407], [-7.750541, 41.847685], [-7.750532, 41.849261], [-7.743309, 41.849012], [-7.746901, 41.8524], [-7.746881, 41.855776], [-7.73843, 41.859348], [-7.734159, 41.868337], [-7.730228, 41.871024], [-7.729293, 41.875972], [-7.727183, 41.876437]], [[-7.876561, 41.837407], [-7.864461, 41.840603], [-7.852416, 41.840604], [-7.840436, 41.83705], [-7.829846, 41.829242], [-7.825164, 41.820187], [-7.826273, 41.811192], [-7.832701, 41.802251], [-7.850006, 41.793418], [-7.865349, 41.790305], [-7.901473, 41.789201], [-7.910144, 41.775991], [-7.918193, 41.758053], [-7.926241, 41.747316], [-7.93837, 41.741118], [-7.950408, 41.74039], [-7.962366, 41.744606], [-7.968326, 41.749508], [-7.974995, 41.758574], [-7.981868, 41.776649], [-7.981836, 41.785656], [-7.976798, 41.794618], [-7.96272, 41.803498], [-7.949331, 41.806433], [-7.937285, 41.806895], [-7.913268, 41.803377], [-7.903383, 41.811954], [-7.888727, 41.83036], [-7.876561, 41.837407]]], [[[-8.585464, 41.620585], [-8.589923, 41.609293], [-8.590527, 41.600288], [-8.58621, 41.582258], [-8.581758, 41.573235], [-8.568395, 41.555171], [-8.553079, 41.541131], [-8.541136, 41.534687], [-8.529173, 41.53122], [-8.517191, 41.53054], [-8.481185, 41.536221], [-8.457259, 41.530235], [-8.445259, 41.531729], [-8.437563, 41.536591], [-8.433136, 41.547235], [-8.434805, 41.554592], [-8.447025, 41.581673], [-8.453398, 41.590711], [-8.492481, 41.624639], [-8.504423, 41.632823], [-8.516388, 41.638285], [-8.52837, 41.641724], [-8.540611, 41.642926], [-8.543876, 41.637352], [-8.543855, 41.633976], [-8.536342, 41.631977], [-8.535128, 41.62973], [-8.543431, 41.61462], [-8.554533, 41.615255], [-8.557244, 41.617046], [-8.562639, 41.61635], [-8.568056, 41.619031], [-8.570735, 41.616095], [-8.577321, 41.614269], [-8.581231, 41.615829], [-8.585464, 41.620585]], [[-8.552612, 41.608852], [-8.540573, 41.614109], [-8.528559, 41.615663], [-8.516564, 41.614665], [-8.50459, 41.610898], [-8.486739, 41.599872], [-8.478184, 41.590826], [-8.473864, 41.581799], [-8.474118, 41.572793], [-8.479212, 41.563809], [-8.493054, 41.551436], [-8.505083, 41.546381], [-8.517092, 41.54381], [-8.529079, 41.544196], [-8.541044, 41.547678], [-8.552982, 41.555275], [-8.56113, 41.564151], [-8.567703, 41.58219], [-8.566696, 41.591194], [-8.56224, 41.600184], [-8.552612, 41.608852]]], [[[-8.673605, 41.414435], [-8.697566, 41.408017], [-8.709875, 41.402488], [-8.722179, 41.393511], [-8.729031, 41.384519], [-8.731397, 41.375517], [-8.730436, 41.366507], [-8.72594, 41.357489], [-8.717791, 41.348462], [-8.66218, 41.309876], [-8.638346, 41.299164], [-8.626417, 41.296539], [-8.602537, 41.295201], [-8.578629, 41.298332], [-8.564006, 41.302943], [-8.5468, 41.311885], [-8.536759, 41.320852], [-8.531436, 41.329839], [-8.52901, 41.338836], [-8.529576, 41.347846], [-8.537554, 41.365894], [-8.555917, 41.383981], [-8.586044, 41.402109], [-8.613786, 41.412915], [-8.637693, 41.417016], [-8.649659, 41.417121], [-8.673605, 41.414435]], [[-8.673681, 41.399172], [-8.649724, 41.405116], [-8.625798, 41.404681], [-8.601913, 41.397781], [-8.579836, 41.384071], [-8.571108, 41.375031], [-8.563372, 41.356987], [-8.563433, 41.34798], [-8.566525, 41.338984], [-8.572459, 41.329998], [-8.578459, 41.324821], [-8.590453, 41.317671], [-8.602425, 41.313674], [-8.62633, 41.311764], [-8.650196, 41.316903], [-8.674059, 41.330331], [-8.694229, 41.348402], [-8.699447, 41.357423], [-8.701776, 41.366437], [-8.700453, 41.375441], [-8.695346, 41.384435], [-8.684923, 41.393415], [-8.673681, 41.399172]]], [[[-8.313495, 41.333173], [-8.307445, 41.346724], [-8.304984, 41.364724], [-8.307972, 41.382757], [-8.314848, 41.394386], [-8.326709, 41.40416], [-8.338621, 41.409202], [-8.350558, 41.412028], [-8.374479, 41.412934], [-8.389808, 41.410243], [-8.410472, 41.402232], [-8.424441, 41.392407], [-8.43838, 41.37446], [-8.443487, 41.35647], [-8.440177, 41.338438], [-8.434198, 41.329402], [-8.423171, 41.318987], [-8.402983, 41.308413], [-8.401801, 41.311398], [-8.399712, 41.311628], [-8.400316, 41.313202], [-8.396738, 41.314336], [-8.398835, 41.316131], [-8.393775, 41.31997], [-8.393489, 41.323122], [-8.391105, 41.324253], [-8.386325, 41.323588], [-8.380382, 41.331254], [-8.375305, 41.33104], [-8.37201, 41.328346], [-8.361563, 41.329718], [-8.358276, 41.329049], [-8.357673, 41.327249], [-8.350207, 41.327264], [-8.346032, 41.328847], [-8.342462, 41.333131], [-8.333215, 41.336299], [-8.326363, 41.342163], [-8.324568, 41.341041], [-8.323376, 41.341943], [-8.316788, 41.335876], [-8.313802, 41.336331], [-8.313495, 41.333173]], [[-8.386578, 41.398762], [-8.37458, 41.402408], [-8.362607, 41.403439], [-8.350657, 41.402032], [-8.338737, 41.397781], [-8.33001, 41.391895], [-8.322866, 41.382846], [-8.320034, 41.373822], [-8.320206, 41.364815], [-8.323201, 41.355825], [-8.329727, 41.346856], [-8.339329, 41.339297], [-8.35133, 41.334364], [-8.363298, 41.332617], [-8.37524, 41.333415], [-8.387157, 41.337013], [-8.399043, 41.344204], [-8.408547, 41.356296], [-8.410794, 41.365315], [-8.410119, 41.374319], [-8.406378, 41.383307], [-8.397816, 41.39227], [-8.386578, 41.398762]]]]}}, {"id": "1", "type": "Feature", "properties": {"fill": "#9c1c1c", "value_min": -3.67, "value_max": -3.33}, "geometry": {"type": "MultiPolygon", "coordinates": [[[[-7.86486, 41.817996], [-7.876899, 41.81805], [-7.881233, 41.81174], [-7.877102, 41.806459], [-7.865058, 41.806791], [-7.860563, 41.811537], [-7.86486, 41.817996]]], [[[-7.937455, 41.796585], [-7.949487, 41.796866], [-7.953968, 41.794412], [-7.95453, 41.78541], [-7.949732, 41.781846], [-7.937694, 41.782142], [-7.933581, 41.785218], [-7.933513, 41.794224], [-7.937455, 41.796585]], [[-7.942844, 41.79431], [-7.946892, 41.785341], [-7.949677, 41.785254], [-7.949843, 41.794374], [-7.942844, 41.79431]]], [[[-8.303703, 41.758605], [-8.307586, 41.752053], [-8.305667, 41.743035], [-8.299193, 41.736989], [-8.287212, 41.732994], [-8.275164, 41.735131], [-8.265641, 41.742786], [-8.26344, 41.751779], [-8.269045, 41.760821], [-8.275572, 41.764901], [-8.280681, 41.764083], [-8.284634, 41.759069], [-8.274931, 41.75581], [-8.271897, 41.751832], [-8.275085, 41.742092], [-8.287142, 41.739308], [-8.295653, 41.742974], [-8.299163, 41.752002], [-8.290942, 41.757298], [-8.303703, 41.758605]]], [[[-8.128745, 41.642752], [-8.132088, 41.644276], [-8.144128, 41.641847], [-8.149434, 41.6339], [-8.144331, 41.626496], [-8.132365, 41.623569], [-8.121363, 41.633689], [-8.128745, 41.642752]], [[-8.12697, 41.633731], [-8.132296, 41.62874], [-8.143435, 41.633855], [-8.132145, 41.63999], [-8.12697, 41.633731]]], [[[-8.097655, 41.530087], [-8.109603, 41.532912], [-8.113422, 41.525541], [-8.109749, 41.522295], [-8.097749, 41.523374], [-8.095622, 41.525403], [-8.097655, 41.530087]]]]}}, {"id": "0", "type": "Feature", "properties": {"fill": "#881d1d", "value_min": -4.0, "value_max": -3.67}, "geometry": {"type": "MultiPolygon", "coordinates": [[[[-7.942844, 41.79431], [-7.949843, 41.794374], [-7.949677, 41.785254], [-7.946892, 41.785341], [-7.942844, 41.79431]]], [[[-8.290942, 41.757298], [-8.299163, 41.752002], [-8.295653, 41.742974], [-8.287142, 41.739308], [-8.275085, 41.742092], [-8.271897, 41.751832], [-8.274931, 41.75581], [-8.284634, 41.759069], [-8.287033, 41.756829], [-8.290942, 41.757298]]], [[[-8.12697, 41.633731], [-8.132145, 41.63999], [-8.143435, 41.633855], [-8.132296, 41.62874], [-8.12697, 41.633731]]]]}}, {"id": "23", "type": "Feature", "properties": {"fill": "#1f4099", "value_min": 3.67, "value_max": 4.0}, "geometry": {"type": "MultiPolygon", "coordinates": [[[[-7.972608, 41.856371], [-7.976564, 41.848656], [-7.97638, 41.839648], [-7.972976, 41.833393], [-7.969301, 41.830578], [-7.961012, 41.82849], [-7.948975, 41.828198], [-7.936922, 41.828843], [-7.934307, 41.830259], [-7.929079, 41.839217], [-7.928323, 41.848216], [-7.932618, 41.857263], [-7.936402, 41.860257], [-7.94842, 41.862096], [-7.960477, 41.861576], [-7.972608, 41.856371]]], [[[-8.095669, 41.672483], [-8.083671, 41.671431], [-8.0805, 41.678404], [-8.083486, 41.684484], [-8.095535, 41.68206], [-8.097569, 41.67854], [-8.095669, 41.672483]]]]}}, {"id": "22", "type": "Feature", "properties": {"fill": "#214db8", "value_min": 3.33, "value_max": 3.67}, "geometry": {"type": "MultiPolygon", "coordinates": [[[[-7.960411, 41.865632], [-7.972539, 41.860681], [-7.976056, 41.857659], [-7.980394, 41.84869], [-7.979883, 41.839679], [-7.97472, 41.830626], [-7.961045, 41.826477], [-7.949011, 41.826002], [-7.936946, 41.827405], [-7.931715, 41.830234], [-7.923838, 41.839168], [-7.924507, 41.85109], [-7.928784, 41.857227], [-7.936353, 41.863215], [-7.948345, 41.866649], [-7.960411, 41.865632]], [[-7.972608, 41.856371], [-7.960477, 41.861576], [-7.94842, 41.862096], [-7.936402, 41.860257], [-7.932618, 41.857263], [-7.928323, 41.848216], [-7.929079, 41.839217], [-7.934307, 41.830259], [-7.936922, 41.828843], [-7.948975, 41.828198], [-7.961012, 41.82849], [-7.969301, 41.830578], [-7.972976, 41.833393], [-7.97638, 41.839648], [-7.976564, 41.848656], [-7.972608, 41.856371]]], [[[-8.095486, 41.685596], [-8.099553, 41.678555], [-8.096798, 41.669526], [-8.083714, 41.668388], [-8.081742, 41.669407], [-8.077427, 41.67838], [-8.082108, 41.687424], [-8.089255, 41.687481], [-8.095486, 41.685596]], [[-8.095669, 41.672483], [-8.097569, 41.67854], [-8.095535, 41.68206], [-8.083486, 41.684484], [-8.0805, 41.678404], [-8.083671, 41.671431], [-8.095669, 41.672483]]]]}}, {"id": "21", "type": "Feature", "properties": {"fill": "#245bd9", "value_min": 3.0, "value_max": 3.33}, "geometry": {"type": "MultiPolygon", "coordinates": [[[[-7.972481, 41.864325], [-7.980195, 41.857695], [-7.984225, 41.848724], [-7.983385, 41.83971], [-7.97779, 41.830654], [-7.973065, 41.827803], [-7.961077, 41.824465], [-7.949047, 41.823807], [-7.93697, 41.825966], [-7.929123, 41.83021], [-7.921817, 41.839149], [-7.920921, 41.848147], [-7.924951, 41.857192], [-7.936304, 41.866173], [-7.948296, 41.869645], [-7.960356, 41.869039], [-7.972481, 41.864325]], [[-7.960411, 41.865632], [-7.948345, 41.866649], [-7.936353, 41.863215], [-7.928784, 41.857227], [-7.924507, 41.85109], [-7.923838, 41.839168], [-7.931715, 41.830234], [-7.936946, 41.827405], [-7.949011, 41.826002], [-7.961045, 41.826477], [-7.97472, 41.830626], [-7.979883, 41.839679], [-7.980394, 41.84869], [-7.976056, 41.857659], [-7.972539, 41.860681], [-7.960411, 41.865632]]], [[[-8.101537, 41.678571], [-8.098932, 41.669543], [-8.09574, 41.667455], [-8.083735, 41.666936], [-8.078996, 41.669385], [-8.074356, 41.678355], [-8.079503, 41.687403], [-8.083416, 41.689397], [-8.095452, 41.688013], [-8.101537, 41.678571]], [[-8.095486, 41.685596], [-8.089255, 41.687481], [-8.082108, 41.687424], [-8.077427, 41.67838], [-8.081742, 41.669407], [-8.083714, 41.668388], [-8.096798, 41.669526], [-8.099553, 41.678555], [-8.095486, 41.685596]]]]}}, {"id": "20", "type": "Feature", "properties": {"fill": "#2e6eed", "value_min": 2.67, "value_max": 3.0}, "geometry": {"type": "MultiPolygon", "coordinates": [[[[-7.954863, 41.872433], [-7.960304, 41.872262], [-7.9748, 41.866654], [-7.984336, 41.857732], [-7.988026, 41.848758], [-7.986941, 41.839742], [-7.98086, 41.830681], [-7.973094, 41.825995], [-7.96111, 41.822452], [-7.949083, 41.821611], [-7.936993, 41.824527], [-7.926531, 41.830186], [-7.919795, 41.83913], [-7.918569, 41.848125], [-7.921612, 41.85716], [-7.930984, 41.866255], [-7.941618, 41.870959], [-7.94222, 41.871112], [-7.94224, 41.871117], [-7.942521, 41.871188], [-7.943132, 41.871344], [-7.943724, 41.871494], [-7.944025, 41.87157], [-7.951254, 41.871132], [-7.954863, 41.872433]], [[-7.972481, 41.864325], [-7.960356, 41.869039], [-7.948296, 41.869645], [-7.936304, 41.866173], [-7.924951, 41.857192], [-7.920921, 41.848147], [-7.921817, 41.839149], [-7.929123, 41.83021], [-7.93697, 41.825966], [-7.949047, 41.823807], [-7.961077, 41.824465], [-7.973065, 41.827803], [-7.97779, 41.830654], [-7.983385, 41.83971], [-7.984225, 41.848724], [-7.980195, 41.857695], [-7.972481, 41.864325]]], [[[-8.103521, 41.678586], [-8.101067, 41.66956], [-8.095759, 41.666087], [-8.083755, 41.665484], [-8.076249, 41.669363], [-8.07133, 41.678331], [-8.076897, 41.687382], [-8.083398, 41.690695], [-8.095437, 41.689079], [-8.103521, 41.678586]], [[-8.101537, 41.678571], [-8.095452, 41.688013], [-8.083416, 41.689397], [-8.079503, 41.687403], [-8.074356, 41.678355], [-8.078996, 41.669385], [-8.083735, 41.666936], [-8.09574, 41.667455], [-8.098932, 41.669543], [-8.101537, 41.678571]]]]}}, {"id": "19", "type": "Feature", "properties": {"fill": "#4182f2", "value_min": 2.33, "value_max": 2.67}, "geometry": {"type": "MultiPolygon", "coordinates": [[[[-7.960492, 41.875422], [-7.961783, 41.875084], [-7.963914, 41.874527], [-7.972353, 41.872318], [-7.981221, 41.866711], [-7.989044, 41.857774], [-7.991824, 41.848791], [-7.990539, 41.839773], [-7.983932, 41.830708], [-7.973123, 41.824188], [-7.961136, 41.820855], [-7.949101, 41.820451], [-7.937017, 41.823088], [-7.924045, 41.830163], [-7.917774, 41.839111], [-7.916217, 41.848103], [-7.918356, 41.85713], [-7.924269, 41.86528], [-7.938599, 41.873569], [-7.941618, 41.870959], [-7.930984, 41.866255], [-7.921612, 41.85716], [-7.918569, 41.848125], [-7.919795, 41.83913], [-7.926531, 41.830186], [-7.936993, 41.824527], [-7.949083, 41.821611], [-7.96111, 41.822452], [-7.973094, 41.825995], [-7.98086, 41.830681], [-7.986941, 41.839742], [-7.988026, 41.848758], [-7.984336, 41.857732], [-7.9748, 41.866654], [-7.960304, 41.872262], [-7.954863, 41.872433], [-7.956362, 41.875191], [-7.960492, 41.875422]]], [[[-7.944025, 41.87157], [-7.944025, 41.87157], [-7.943724, 41.871494], [-7.944025, 41.87157]]], [[[-7.943132, 41.871344], [-7.943132, 41.871344], [-7.942521, 41.871188], [-7.943132, 41.871344]]], [[[-7.94224, 41.871117], [-7.94224, 41.871117], [-7.94222, 41.871112], [-7.94224, 41.871117]]], [[[-8.105505, 41.678602], [-8.103201, 41.669577], [-8.095778, 41.66472], [-8.083776, 41.664033], [-8.073503, 41.669341], [-8.068778, 41.67831], [-8.074291, 41.687361], [-8.083379, 41.691992], [-8.095422, 41.690145], [-8.105505, 41.678602]], [[-8.103521, 41.678586], [-8.095437, 41.689079], [-8.083398, 41.690695], [-8.076897, 41.687382], [-8.07133, 41.678331], [-8.076249, 41.669363], [-8.083755, 41.665484], [-8.095759, 41.666087], [-8.101067, 41.66956], [-8.103521, 41.678586]]]]}}, {"id": "18", "type": "Feature", "properties": {"fill": "#5599f7", "value_min": 2.0, "value_max": 2.33}, "geometry": {"type": "MultiPolygon", "coordinates": [[[[-7.980108, 41.872298], [-7.983175, 41.870503], [-7.983177, 41.870502], [-7.983476, 41.870327], [-7.98356, 41.870277], [-7.987773, 41.866681], [-7.987926, 41.866457], [-7.988002, 41.866344], [-7.988078, 41.866232], [-7.988304, 41.8659], [-7.988537, 41.865557], [-7.988606, 41.865456], [-7.98869, 41.865332], [-7.989512, 41.864122], [-7.990123, 41.860157], [-7.993428, 41.858361], [-7.994045, 41.856604], [-7.994327, 41.855211], [-7.994349, 41.855104], [-7.994418, 41.854761], [-7.995622, 41.848825], [-7.994138, 41.839805], [-7.985091, 41.828872], [-7.973152, 41.822379], [-7.961155, 41.819633], [-7.949119, 41.819409], [-7.937041, 41.821649], [-7.921749, 41.830141], [-7.915752, 41.839092], [-7.913863, 41.84808], [-7.9151, 41.857099], [-7.920427, 41.866156], [-7.924188, 41.870105], [-7.933737, 41.875604], [-7.937389, 41.87516], [-7.938599, 41.873569], [-7.924269, 41.86528], [-7.918356, 41.85713], [-7.916217, 41.848103], [-7.917774, 41.839111], [-7.924045, 41.830163], [-7.937017, 41.823088], [-7.949101, 41.820451], [-7.961136, 41.820855], [-7.973123, 41.824188], [-7.983932, 41.830708], [-7.990539, 41.839773], [-7.991824, 41.848791], [-7.989044, 41.857774], [-7.981221, 41.866711], [-7.972353, 41.872318], [-7.963914, 41.874527], [-7.972322, 41.875439], [-7.980108, 41.872298]]], [[[-7.961783, 41.875084], [-7.961783, 41.875084], [-7.960492, 41.875422], [-7.961783, 41.875084]]], [[[-8.107488, 41.678617], [-8.105335, 41.669593], [-8.095797, 41.663352], [-8.083797, 41.662581], [-8.070587, 41.669318], [-8.066226, 41.678289], [-8.071687, 41.68734], [-8.083361, 41.69329], [-8.095407, 41.691212], [-8.107488, 41.678617]], [[-8.105505, 41.678602], [-8.095422, 41.690145], [-8.083379, 41.691992], [-8.074291, 41.687361], [-8.068778, 41.67831], [-8.073503, 41.669341], [-8.083776, 41.664033], [-8.095778, 41.66472], [-8.103201, 41.669577], [-8.105505, 41.678602]]]]}}, {"id": "17", "type": "Feature", "properties": {"fill": "#6ba5ec", "value_min": 1.67, "value_max": 2.0}, "geometry": {"type": "MultiPolygon", "coordinates": [[[[-8.000179, 41.850716], [-7.998113, 41.83984], [-7.992215, 41.830781], [-7.97657, 41.821636], [-7.961175, 41.818412], [-7.949136, 41.818366], [-7.93435, 41.821252], [-7.919452, 41.83012], [-7.91373, 41.839072], [-7.911203, 41.848055], [-7.911743, 41.857067], [-7.915587, 41.86611], [-7.924105, 41.875055], [-7.928949, 41.877716], [-7.933737, 41.875604], [-7.924188, 41.870105], [-7.920427, 41.866156], [-7.9151, 41.857099], [-7.913863, 41.84808], [-7.915752, 41.839092], [-7.921749, 41.830141], [-7.937041, 41.821649], [-7.949119, 41.819409], [-7.961155, 41.819633], [-7.973152, 41.822379], [-7.985091, 41.828872], [-7.994138, 41.839805], [-7.995622, 41.848825], [-7.994418, 41.854761], [-7.996765, 41.851162], [-8.000179, 41.850716]]], [[[-7.994349, 41.855104], [-7.994349, 41.855104], [-7.994327, 41.855211], [-7.994349, 41.855104]]], [[[-7.994045, 41.856604], [-7.993428, 41.858361], [-7.995547, 41.858138], [-7.994045, 41.856604]]], [[[-7.989512, 41.864122], [-7.989512, 41.864122], [-7.98869, 41.865332], [-7.989512, 41.864122]]], [[[-7.988606, 41.865456], [-7.988606, 41.865456], [-7.988537, 41.865557], [-7.988606, 41.865456]]], [[[-7.988304, 41.8659], [-7.988304, 41.8659], [-7.988078, 41.866232], [-7.988304, 41.8659]]], [[[-7.988002, 41.866344], [-7.988002, 41.866344], [-7.987926, 41.866457], [-7.988002, 41.866344]]], [[[-7.987773, 41.866681], [-7.98356, 41.870277], [-7.987996, 41.869157], [-7.987773, 41.866681]]], [[[-7.983476, 41.870327], [-7.983476, 41.870327], [-7.983177, 41.870502], [-7.983476, 41.870327]]], [[[-7.983175, 41.870503], [-7.983175, 41.870503], [-7.980108, 41.872298], [-7.983175, 41.870503]]], [[[-8.107576, 41.680217], [-8.109318, 41.678631], [-8.10747, 41.66961], [-8.095816, 41.661984], [-8.083817, 41.661129], [-8.07174, 41.665731], [-8.067338, 41.669291], [-8.063674, 41.678268], [-8.068004, 41.687311], [-8.083342, 41.694587], [-8.095392, 41.692278], [-8.107576, 41.680217]], [[-8.107488, 41.678617], [-8.095407, 41.691212], [-8.083361, 41.69329], [-8.071687, 41.68734], [-8.066226, 41.678289], [-8.070587, 41.669318], [-8.083797, 41.662581], [-8.095797, 41.663352], [-8.105335, 41.669593], [-8.107488, 41.678617]]]]}}, {"id": "16", "type": "Feature", "properties": {"fill": "#80a4d0", "value_min": 1.33, "value_max": 1.67}, "geometry": {"type": "MultiPolygon", "coordinates": [[[[-8.005383, 41.847346], [-8.003464, 41.839886], [-7.996598, 41.83082], [-7.98252, 41.821689], [-7.961195, 41.81719], [-7.949153, 41.817323], [-7.930712, 41.821218], [-7.917156, 41.830098], [-7.911358, 41.83905], [-7.908128, 41.848026], [-7.907847, 41.85703], [-7.910606, 41.866063], [-7.920815, 41.878442], [-7.928949, 41.877716], [-7.924105, 41.875055], [-7.915587, 41.86611], [-7.911743, 41.857067], [-7.911203, 41.848055], [-7.91373, 41.839072], [-7.919452, 41.83012], [-7.93435, 41.821252], [-7.949136, 41.818366], [-7.961175, 41.818412], [-7.97657, 41.821636], [-7.992215, 41.830781], [-7.998113, 41.83984], [-8.000179, 41.850716], [-8.003089, 41.850494], [-8.005383, 41.847346]]], [[[-7.863665, 41.757527], [-7.865901, 41.758973], [-7.86697, 41.75756], [-7.865941, 41.756667], [-7.863665, 41.757527]]], [[[-8.083324, 41.695884], [-8.095377, 41.693344], [-8.111138, 41.678645], [-8.109853, 41.669628], [-8.107751, 41.667534], [-8.095835, 41.660617], [-8.083842, 41.659368], [-8.071779, 41.663047], [-8.06409, 41.669265], [-8.061122, 41.678248], [-8.064205, 41.68728], [-8.071352, 41.69275], [-8.083324, 41.695884]], [[-8.107576, 41.680217], [-8.095392, 41.692278], [-8.083342, 41.694587], [-8.068004, 41.687311], [-8.063674, 41.678268], [-8.067338, 41.669291], [-8.07174, 41.665731], [-8.083817, 41.661129], [-8.095816, 41.661984], [-8.10747, 41.66961], [-8.109318, 41.678631], [-8.107576, 41.680217]]]]}}]}