{"type": "FeatureCollection", "features": [{"id": "12", "type": "Feature", "properties": {"fill": "#a3a3a3", "value_min": 0.0, "value_max": 0.33}, "geometry": {"type": "MultiPolygon", "coordinates": [[[[-8.028765, 41.829813], [-8.019157, 41.822008], [-8.009356, 41.817127], [-7.993631, 41.81278], [-7.973333, 41.811085], [-7.937158, 41.814547], [-7.925042, 41.819143], [-7.913632, 41.830065], [-7.903609, 41.847983], [-7.900669, 41.861363], [-7.904318, 41.859795], [-7.906708, 41.864751], [-7.907329, 41.848018], [-7.916386, 41.830091], [-7.924993, 41.822064], [-7.937126, 41.816509], [-7.961247, 41.813952], [-7.98529, 41.816227], [-8.00011, 41.821843], [-8.013057, 41.832167], [-8.013965, 41.828899], [-8.017873, 41.831379], [-8.028765, 41.829813]]], [[[-7.910384, 41.875562], [-7.910384, 41.875562], [-7.910285, 41.875384], [-7.910384, 41.875562]]], [[[-7.910134, 41.875111], [-7.910134, 41.875111], [-7.909986, 41.87473], [-7.910134, 41.875111]]], [[[-7.908078, 41.86948], [-7.906932, 41.866327], [-7.906095, 41.868126], [-7.908078, 41.86948]]], [[[-7.756318, 41.889459], [-7.767207, 41.887343], [-7.77941, 41.879497], [-7.783559, 41.873794], [-7.786037, 41.864814], [-7.784212, 41.855788], [-7.776697, 41.846701], [-7.768083, 41.841764], [-7.756087, 41.839271], [-7.746372, 41.840215], [-7.746082, 41.840243], [-7.74577, 41.840274], [-7.746349, 41.84407], [-7.750541, 41.847685], [-7.750532, 41.849261], [-7.743309, 41.849012], [-7.746601, 41.852249], [-7.755897, 41.849036], [-7.767869, 41.852931], [-7.770661, 41.855644], [-7.771446, 41.864659], [-7.767547, 41.86967], [-7.755418, 41.873768], [-7.743464, 41.868829], [-7.739956, 41.864317], [-7.740901, 41.857556], [-7.736611, 41.861368], [-7.734159, 41.868337], [-7.730228, 41.871024], [-7.729293, 41.875972], [-7.725113, 41.877533], [-7.73112, 41.883678], [-7.741868, 41.888166], [-7.742785, 41.885922], [-7.745495, 41.885931], [-7.756318, 41.889459]]], [[[-8.19074, 41.755043], [-8.193272, 41.751307], [-8.19466, 41.74231], [-8.189209, 41.733265], [-8.179059, 41.727725], [-8.167041, 41.727321], [-8.154949, 41.732568], [-8.146396, 41.741962], [-8.145749, 41.750964], [-8.152403, 41.76002], [-8.166549, 41.765333], [-8.1786, 41.763765], [-8.19074, 41.755043]], [[-8.166689, 41.754545], [-8.160573, 41.751073], [-8.156929, 41.742039], [-8.166955, 41.733991], [-8.178949, 41.736374], [-8.184078, 41.742235], [-8.178743, 41.752549], [-8.166689, 41.754545]]], [[[-8.034631, 41.737563], [-8.046043, 41.732165], [-8.05879, 41.730079], [-8.070904, 41.723843], [-8.083113, 41.71076], [-8.085717, 41.705467], [-8.118251, 41.6787], [-8.120938, 41.669714], [-8.113705, 41.660651], [-8.107894, 41.657142], [-8.095949, 41.652502], [-8.083962, 41.650879], [-8.071946, 41.651369], [-8.059888, 41.654737], [-8.052546, 41.660163], [-8.035477, 41.680987], [-8.027901, 41.686978], [-8.021459, 41.695931], [-8.015546, 41.713894], [-7.998756, 41.724584], [-7.995418, 41.731734], [-7.998501, 41.741032], [-8.010437, 41.746906], [-8.022479, 41.745904], [-8.032163, 41.741056], [-8.034631, 41.737563]], [[-8.046986, 41.715251], [-8.038075, 41.705078], [-8.053615, 41.669179], [-8.062232, 41.660243], [-8.071887, 41.655501], [-8.083921, 41.653832], [-8.095911, 41.655187], [-8.107986, 41.660607], [-8.116888, 41.669683], [-8.115739, 41.678681], [-8.095344, 41.695695], [-8.092104, 41.696511], [-8.083221, 41.703115], [-8.073639, 41.70537], [-8.059005, 41.715381], [-8.046986, 41.715251]]], [[[-7.839077, 41.706891], [-7.840657, 41.712263], [-7.842661, 41.713405], [-7.854649, 41.715261], [-7.859016, 41.712447], [-7.862153, 41.703471], [-7.854985, 41.696316], [-7.842933, 41.698226], [-7.838328, 41.704345], [-7.839077, 41.706891]]], [[[-8.469065, 41.552354], [-8.474663, 41.545774], [-8.480638, 41.527786], [-8.496195, 41.518848], [-8.499921, 41.509857], [-8.49605, 41.500832], [-8.481553, 41.490075], [-8.469547, 41.464683], [-8.463113, 41.455646], [-8.452609, 41.446589], [-8.434103, 41.436295], [-8.422172, 41.431881], [-8.398285, 41.426395], [-8.362414, 41.423169], [-8.338478, 41.423341], [-8.326494, 41.424893], [-8.302476, 41.432712], [-8.281115, 41.445645], [-8.270631, 41.454587], [-8.257743, 41.472519], [-8.254014, 41.483855], [-8.249704, 41.490482], [-8.23642, 41.499402], [-8.231409, 41.508376], [-8.241635, 41.518222], [-8.265587, 41.519745], [-8.289325, 41.53577], [-8.301307, 41.541638], [-8.325217, 41.548089], [-8.349188, 41.549059], [-8.397231, 41.540328], [-8.409226, 41.539611], [-8.421157, 41.546085], [-8.431698, 41.554577], [-8.445026, 41.558954], [-8.457021, 41.558666], [-8.469065, 41.552354]], [[-8.361342, 41.532423], [-8.337345, 41.534651], [-8.325373, 41.53315], [-8.313426, 41.529285], [-8.29635, 41.517799], [-8.284778, 41.499713], [-8.28059, 41.481672], [-8.281605, 41.472671], [-8.28573, 41.463689], [-8.293677, 41.454731], [-8.302308, 41.448367], [-8.314343, 41.44235], [-8.32635, 41.438879], [-8.350305, 41.437361], [-8.374203, 41.441668], [-8.386123, 41.44705], [-8.397161, 41.455319], [-8.40471, 41.464366], [-8.407717, 41.473389], [-8.408286, 41.482399], [-8.405073, 41.500398], [-8.39021, 41.518335], [-8.375362, 41.527262], [-8.361342, 41.532423]]], [[[-8.154433, 41.480813], [-8.155192, 41.471812], [-8.151137, 41.462774], [-8.134672, 41.450792], [-8.122743, 41.447522], [-8.110776, 41.447219], [-8.098766, 41.450028], [-8.086679, 41.45819], [-8.083395, 41.462255], [-8.080384, 41.471238], [-8.082166, 41.480259], [-8.089882, 41.489328], [-8.110091, 41.497315], [-8.122058, 41.498341], [-8.134069, 41.496085], [-8.147418, 41.489769], [-8.154433, 41.480813]], [[-8.122109, 41.494579], [-8.110137, 41.493941], [-8.09822, 41.489447], [-8.091507, 41.480334], [-8.092381, 41.471333], [-8.098572, 41.46404], [-8.110616, 41.458955], [-8.122587, 41.45914], [-8.131171, 41.462625], [-8.141113, 41.471707], [-8.142422, 41.480725], [-8.136488, 41.489687], [-8.122109, 41.494579]]], [[[-8.565591, 41.462945], [-8.568256, 41.456089], [-8.564251, 41.447066], [-8.55376, 41.441923], [-8.541786, 41.442434], [-8.533044, 41.446944], [-8.528382, 41.455932], [-8.532898, 41.464958], [-8.541595, 41.46957], [-8.553567, 41.470119], [-8.565591, 41.462945]]], [[[-8.808231, 41.361061], [-8.781461, 41.364876], [-8.75755, 41.364499], [-8.733655, 41.360092], [-8.709786, 41.350602], [-8.685947, 41.336147], [-8.642774, 41.303215], [-8.627442, 41.285151], [-8.622573, 41.276127], [-8.620307, 41.267112], [-8.620456, 41.258104], [-8.626736, 41.240599], [-8.632621, 41.23112], [-8.641539, 41.222141], [-8.650729, 41.216906], [-8.662663, 41.216103], [-8.686515, 41.217595], [-8.707113, 41.213318], [-8.720202, 41.204343], [-8.734372, 41.183368], [-8.746345, 41.170624], [-8.758287, 41.164834], [-8.770217, 41.161956], [-8.782141, 41.160872], [-8.800392, 41.161808], [-8.799695, 41.14406], [-8.67527, 41.147484], [-8.676193, 41.146567], [-8.674793, 41.146932], [-8.674204, 41.147693], [-8.674849, 41.153767], [-8.672489, 41.15648], [-8.66117, 41.156307], [-8.662078, 41.158104], [-8.660313, 41.160813], [-8.657033, 41.160378], [-8.654961, 41.161963], [-8.653231, 41.169174], [-8.655366, 41.175467], [-8.647955, 41.180228], [-8.647696, 41.185181], [-8.640929, 41.196241], [-8.634946, 41.193341], [-8.632526, 41.188624], [-8.625658, 41.186628], [-8.621132, 41.178994], [-8.613374, 41.177451], [-8.608583, 41.174095], [-8.609164, 41.172066], [-8.604942, 41.164881], [-8.600767, 41.164222], [-8.589766, 41.167193], [-8.589194, 41.170572], [-8.583263, 41.174422], [-8.582094, 41.177803], [-8.578825, 41.178941], [-8.581296, 41.191762], [-8.575958, 41.195609], [-8.576894, 41.201908], [-8.574515, 41.202593], [-8.57423, 41.20462], [-8.567971, 41.204644], [-8.565895, 41.206227], [-8.567697, 41.208246], [-8.566512, 41.209376], [-8.559636, 41.206251], [-8.554271, 41.20627], [-8.549521, 41.209214], [-8.544157, 41.209458], [-8.54238, 41.211265], [-8.532257, 41.213102], [-8.52713, 41.203215], [-8.523418, 41.200302], [-8.519565, 41.212689], [-8.520381, 41.2217], [-8.524498, 41.230725], [-8.532603, 41.239766], [-8.543161, 41.246041], [-8.56697, 41.255245], [-8.578866, 41.261556], [-8.620005, 41.294134], [-8.70976, 41.35633], [-8.721686, 41.363242], [-8.745562, 41.372597], [-8.781414, 41.379029], [-8.808969, 41.37975], [-8.808231, 41.361061]]]]}}, {"id": "13", "type": "Feature", "properties": {"fill": "#a3a3a3", "value_min": 0.33, "value_max": 0.67}, "geometry": {"type": "MultiPolygon", "coordinates": [[[[-8.013057, 41.832167], [-8.00011, 41.821843], [-7.98529, 41.816227], [-7.961247, 41.813952], [-7.937126, 41.816509], [-7.924993, 41.822064], [-7.916386, 41.830091], [-7.907329, 41.848018], [-7.906708, 41.864751], [-7.906932, 41.866327], [-7.908078, 41.86948], [-7.910299, 41.871285], [-7.909986, 41.87473], [-7.910134, 41.875111], [-7.910285, 41.875384], [-7.910384, 41.875562], [-7.915391, 41.879397], [-7.922054, 41.877834], [-7.913424, 41.86609], [-7.910845, 41.857059], [-7.91105, 41.848054], [-7.913766, 41.839073], [-7.919138, 41.830117], [-7.924949, 41.824699], [-7.937094, 41.818471], [-7.94917, 41.816249], [-7.961216, 41.815874], [-7.973236, 41.817101], [-7.985221, 41.820645], [-8.001192, 41.83086], [-8.007621, 41.841662], [-8.007928, 41.838796], [-8.010639, 41.837223], [-8.013057, 41.832167]]], [[[-7.740901, 41.857556], [-7.739956, 41.864317], [-7.743464, 41.868829], [-7.755418, 41.873768], [-7.767547, 41.86967], [-7.771446, 41.864659], [-7.770661, 41.855644], [-7.767869, 41.852931], [-7.755897, 41.849036], [-7.746601, 41.852249], [-7.746881, 41.855776], [-7.740901, 41.857556]]], [[[-8.166689, 41.754545], [-8.178743, 41.752549], [-8.184078, 41.742235], [-8.178949, 41.736374], [-8.166955, 41.733991], [-8.156929, 41.742039], [-8.160573, 41.751073], [-8.166689, 41.754545]]], [[[-8.046986, 41.715251], [-8.059005, 41.715381], [-8.073639, 41.70537], [-8.083221, 41.703115], [-8.092104, 41.696511], [-8.095344, 41.695695], [-8.115739, 41.678681], [-8.116888, 41.669683], [-8.107986, 41.660607], [-8.095911, 41.655187], [-8.083921, 41.653832], [-8.071887, 41.655501], [-8.062232, 41.660243], [-8.053615, 41.669179], [-8.038075, 41.705078], [-8.046986, 41.715251]], [[-8.071283, 41.697518], [-8.058322, 41.687232], [-8.056172, 41.678207], [-8.060267, 41.669234], [-8.071828, 41.659634], [-8.083881, 41.656646], [-8.095874, 41.657873], [-8.1078, 41.663949], [-8.113432, 41.669656], [-8.113228, 41.678661], [-8.095364, 41.694278], [-8.086672, 41.696468], [-8.08328, 41.69899], [-8.071283, 41.697518]]], [[[-8.361342, 41.532423], [-8.375362, 41.527262], [-8.39021, 41.518335], [-8.405073, 41.500398], [-8.408286, 41.482399], [-8.407717, 41.473389], [-8.40471, 41.464366], [-8.397161, 41.455319], [-8.386123, 41.44705], [-8.374203, 41.441668], [-8.350305, 41.437361], [-8.32635, 41.438879], [-8.314343, 41.44235], [-8.302308, 41.448367], [-8.293677, 41.454731], [-8.28573, 41.463689], [-8.281605, 41.472671], [-8.28059, 41.481672], [-8.284778, 41.499713], [-8.29635, 41.517799], [-8.313426, 41.529285], [-8.325373, 41.53315], [-8.337345, 41.534651], [-8.361342, 41.532423]], [[-8.349434, 41.524505], [-8.337444, 41.524891], [-8.325479, 41.522893], [-8.313551, 41.517486], [-8.301682, 41.506767], [-8.293698, 41.49076], [-8.292954, 41.481748], [-8.294899, 41.472753], [-8.302157, 41.462428], [-8.314225, 41.453633], [-8.326245, 41.449055], [-8.338234, 41.44733], [-8.350202, 41.447676], [-8.362148, 41.45028], [-8.374061, 41.456443], [-8.382237, 41.464248], [-8.388502, 41.482296], [-8.388546, 41.491304], [-8.38048, 41.509275], [-8.368313, 41.518216], [-8.361449, 41.521561], [-8.349434, 41.524505]]], [[[-8.122109, 41.494579], [-8.136488, 41.489687], [-8.142422, 41.480725], [-8.141113, 41.471707], [-8.131171, 41.462625], [-8.122587, 41.45914], [-8.110616, 41.458955], [-8.098572, 41.46404], [-8.092381, 41.471333], [-8.091507, 41.480334], [-8.09822, 41.489447], [-8.110137, 41.493941], [-8.122109, 41.494579]], [[-8.110183, 41.490567], [-8.107266, 41.489464], [-8.100236, 41.480402], [-8.10545, 41.471436], [-8.110485, 41.46849], [-8.122458, 41.468687], [-8.127315, 41.471604], [-8.132595, 41.480651], [-8.125739, 41.489606], [-8.12216, 41.490817], [-8.110183, 41.490567]]], [[[-8.807594, 41.344913], [-8.7815, 41.353237], [-8.757583, 41.355604], [-8.733682, 41.353416], [-8.709807, 41.345798], [-8.685964, 41.332575], [-8.659298, 41.312273], [-8.643371, 41.294209], [-8.637259, 41.276174], [-8.63787, 41.267168], [-8.640942, 41.25817], [-8.650575, 41.245992], [-8.662547, 41.238606], [-8.6745, 41.23477], [-8.710331, 41.22731], [-8.746171, 41.215588], [-8.77005, 41.209688], [-8.781981, 41.208908], [-8.80235, 41.211683], [-8.800392, 41.161808], [-8.782141, 41.160872], [-8.770217, 41.161956], [-8.758287, 41.164834], [-8.746345, 41.170624], [-8.734372, 41.183368], [-8.720202, 41.204343], [-8.707113, 41.213318], [-8.686515, 41.217595], [-8.662663, 41.216103], [-8.650729, 41.216906], [-8.641539, 41.222141], [-8.632621, 41.23112], [-8.626736, 41.240599], [-8.620456, 41.258104], [-8.620307, 41.267112], [-8.622573, 41.276127], [-8.627442, 41.285151], [-8.642774, 41.303215], [-8.685947, 41.336147], [-8.709786, 41.350602], [-8.733655, 41.360092], [-8.75755, 41.364499], [-8.781461, 41.364876], [-8.808231, 41.361061], [-8.807594, 41.344913]]]]}}, {"id": "14", "type": "Feature", "properties": {"fill": "#a3a3a3", "value_min": 0.67, "value_max": 1.0}, "geometry": {"type": "MultiPolygon", "coordinates": [[[[-8.007621, 41.841662], [-8.001192, 41.83086], [-7.985221, 41.820645], [-7.973236, 41.817101], [-7.961216, 41.815874], [-7.94917, 41.816249], [-7.937094, 41.818471], [-7.924949, 41.824699], [-7.919138, 41.830117], [-7.913766, 41.839073], [-7.91105, 41.848054], [-7.910845, 41.857059], [-7.913424, 41.86609], [-7.922054, 41.877834], [-7.928044, 41.87807], [-7.931708, 41.876501], [-7.924164, 41.871577], [-7.91963, 41.866148], [-7.91523, 41.8571], [-7.914339, 41.848085], [-7.916311, 41.839097], [-7.921892, 41.830143], [-7.937061, 41.820432], [-7.949143, 41.817901], [-7.961185, 41.817796], [-7.978554, 41.821654], [-7.993246, 41.83079], [-7.999102, 41.839848], [-8.000888, 41.850717], [-8.003089, 41.850494], [-8.005804, 41.847346], [-8.007621, 41.841662]]], [[[-8.071283, 41.697518], [-8.08328, 41.69899], [-8.086672, 41.696468], [-8.095364, 41.694278], [-8.113228, 41.678661], [-8.113432, 41.669656], [-8.1078, 41.663949], [-8.095874, 41.657873], [-8.083881, 41.656646], [-8.071828, 41.659634], [-8.060267, 41.669234], [-8.056172, 41.678207], [-8.058322, 41.687232], [-8.071283, 41.697518]], [[-8.083326, 41.695756], [-8.071351, 41.692828], [-8.06422, 41.68728], [-8.061371, 41.67825], [-8.064614, 41.669269], [-8.071774, 41.663371], [-8.083841, 41.65946], [-8.095836, 41.660545], [-8.109978, 41.669629], [-8.110716, 41.678642], [-8.095384, 41.692863], [-8.083326, 41.695756]]], [[[-8.349434, 41.524505], [-8.361449, 41.521561], [-8.368313, 41.518216], [-8.38048, 41.509275], [-8.388546, 41.491304], [-8.388502, 41.482296], [-8.382237, 41.464248], [-8.374061, 41.456443], [-8.362148, 41.45028], [-8.350202, 41.447676], [-8.338234, 41.44733], [-8.326245, 41.449055], [-8.314225, 41.453633], [-8.302157, 41.462428], [-8.294899, 41.472753], [-8.292954, 41.481748], [-8.293698, 41.49076], [-8.301682, 41.506767], [-8.313551, 41.517486], [-8.325479, 41.522893], [-8.337444, 41.524891], [-8.349434, 41.524505]], [[-8.34951, 41.516958], [-8.33752, 41.517437], [-8.32556, 41.515071], [-8.31365, 41.508147], [-8.306164, 41.499844], [-8.302608, 41.490815], [-8.30221, 41.481805], [-8.30509, 41.472815], [-8.313264, 41.463857], [-8.326161, 41.457175], [-8.338155, 41.45515], [-8.350122, 41.455743], [-8.362059, 41.459446], [-8.373935, 41.469594], [-8.379664, 41.482249], [-8.379661, 41.491256], [-8.373609, 41.503432], [-8.361531, 41.513238], [-8.34951, 41.516958]]], [[[-8.110183, 41.490567], [-8.12216, 41.490817], [-8.125739, 41.489606], [-8.132595, 41.480651], [-8.127315, 41.471604], [-8.122458, 41.468687], [-8.110485, 41.46849], [-8.10545, 41.471436], [-8.100236, 41.480402], [-8.107266, 41.489464], [-8.110183, 41.490567]]], [[[-8.80235, 41.211683], [-8.781981, 41.208908], [-8.77005, 41.209688], [-8.746171, 41.215588], [-8.710331, 41.22731], [-8.6745, 41.23477], [-8.662547, 41.238606], [-8.650575, 41.245992], [-8.640942, 41.25817], [-8.63787, 41.267168], [-8.637259, 41.276174], [-8.643371, 41.294209], [-8.659298, 41.312273], [-8.685964, 41.332575], [-8.709807, 41.345798], [-8.733682, 41.353416], [-8.757583, 41.355604], [-8.7815, 41.353237], [-8.807594, 41.344913], [-8.806974, 41.329185], [-8.793504, 41.337702], [-8.781535, 41.342789], [-8.757611, 41.347931], [-8.733706, 41.347562], [-8.709826, 41.341554], [-8.685981, 41.329113], [-8.664554, 41.312288], [-8.656352, 41.303256], [-8.651146, 41.294233], [-8.648025, 41.285215], [-8.647683, 41.276207], [-8.650462, 41.267142], [-8.656079, 41.258216], [-8.662476, 41.252468], [-8.674446, 41.24569], [-8.698347, 41.238891], [-8.734176, 41.231762], [-8.758052, 41.228772], [-8.781908, 41.230892], [-8.793829, 41.234418], [-8.803437, 41.239338], [-8.80235, 41.211683]]]]}}, {"id": "15", "type": "Feature", "properties": {"fill": "#97a3b2", "value_min": 1.0, "value_max": 1.33}, "geometry": {"type": "MultiPolygon", "coordinates": [[[[-8.000888, 41.850717], [-7.999102, 41.839848], [-7.993246, 41.83079], [-7.978554, 41.821654], [-7.961185, 41.817796], [-7.949143, 41.817901], [-7.937061, 41.820432], [-7.921892, 41.830143], [-7.916311, 41.839097], [-7.914339, 41.848085], [-7.91523, 41.8571], [-7.91963, 41.866148], [-7.924164, 41.871577], [-7.931708, 41.876501], [-7.938446, 41.873812], [-7.926095, 41.866209], [-7.919411, 41.85714], [-7.917349, 41.848113], [-7.918857, 41.839121], [-7.924861, 41.829967], [-7.937031, 41.82227], [-7.949116, 41.819553], [-7.961154, 41.819718], [-7.973148, 41.822661], [-7.985079, 41.829593], [-7.993021, 41.839795], [-7.994245, 41.848813], [-7.991797, 41.857798], [-7.984399, 41.866739], [-7.969915, 41.874502], [-7.973828, 41.875216], [-7.987996, 41.869157], [-7.990123, 41.860157], [-7.995547, 41.858138], [-7.994047, 41.855211], [-7.996765, 41.851162], [-8.000888, 41.850717]]], [[[-8.083326, 41.695756], [-8.095384, 41.692863], [-8.110716, 41.678642], [-8.109978, 41.669629], [-8.095836, 41.660545], [-8.083841, 41.65946], [-8.071774, 41.663371], [-8.064614, 41.669269], [-8.061371, 41.67825], [-8.06422, 41.68728], [-8.071351, 41.692828], [-8.083326, 41.695756]], [[-8.083351, 41.693965], [-8.069517, 41.687323], [-8.064865, 41.678278], [-8.068959, 41.669304], [-8.071721, 41.66703], [-8.083808, 41.661744], [-8.09581, 41.662463], [-8.106687, 41.669604], [-8.108206, 41.678623], [-8.095404, 41.691447], [-8.083351, 41.693965]]], [[[-8.34951, 41.516958], [-8.361531, 41.513238], [-8.373609, 41.503432], [-8.379661, 41.491256], [-8.379664, 41.482249], [-8.373935, 41.469594], [-8.362059, 41.459446], [-8.350122, 41.455743], [-8.338155, 41.45515], [-8.326161, 41.457175], [-8.313264, 41.463857], [-8.30509, 41.472815], [-8.30221, 41.481805], [-8.302608, 41.490815], [-8.306164, 41.499844], [-8.31365, 41.508147], [-8.32556, 41.515071], [-8.33752, 41.517437], [-8.34951, 41.516958]], [[-8.337578, 41.511786], [-8.325629, 41.508454], [-8.314341, 41.499893], [-8.309501, 41.490856], [-8.309301, 41.481848], [-8.314023, 41.472721], [-8.326089, 41.464122], [-8.338094, 41.461146], [-8.350059, 41.462049], [-8.361982, 41.467279], [-8.368218, 41.473179], [-8.372378, 41.482209], [-8.372379, 41.491217], [-8.368104, 41.500201], [-8.361602, 41.505984], [-8.349569, 41.511065], [-8.337578, 41.511786]]], [[[-8.803437, 41.239338], [-8.793829, 41.234418], [-8.781908, 41.230892], [-8.758052, 41.228772], [-8.734176, 41.231762], [-8.698347, 41.238891], [-8.674446, 41.24569], [-8.662476, 41.252468], [-8.656079, 41.258216], [-8.650462, 41.267142], [-8.647683, 41.276207], [-8.648025, 41.285215], [-8.651146, 41.294233], [-8.656352, 41.303256], [-8.664554, 41.312288], [-8.685981, 41.329113], [-8.709826, 41.341554], [-8.733706, 41.347562], [-8.757611, 41.347931], [-8.781535, 41.342789], [-8.793504, 41.337702], [-8.806974, 41.329185], [-8.806214, 41.309901], [-8.793545, 41.324685], [-8.785581, 41.330593], [-8.7696, 41.337961], [-8.745678, 41.342723], [-8.72178, 41.340977], [-8.697914, 41.332771], [-8.679702, 41.321339], [-8.669212, 41.312302], [-8.662088, 41.303273], [-8.657095, 41.294251], [-8.655217, 41.285237], [-8.656191, 41.276232], [-8.660533, 41.267237], [-8.674401, 41.254642], [-8.698316, 41.245538], [-8.722204, 41.241222], [-8.746079, 41.239448], [-8.769936, 41.242249], [-8.787887, 41.249527], [-8.799788, 41.258556], [-8.804428, 41.264542], [-8.803437, 41.239338]]]]}}, {"id": "16", "type": "Feature", "properties": {"fill": "#80a4d0", "value_min": 1.33, "value_max": 1.67}, "geometry": {"type": "MultiPolygon", "coordinates": [[[[-7.969915, 41.874502], [-7.984399, 41.866739], [-7.991797, 41.857798], [-7.994245, 41.848813], [-7.993021, 41.839795], [-7.985079, 41.829593], [-7.973148, 41.822661], [-7.961154, 41.819718], [-7.949116, 41.819553], [-7.937031, 41.82227], [-7.924861, 41.829967], [-7.918857, 41.839121], [-7.917349, 41.848113], [-7.919411, 41.85714], [-7.926095, 41.866209], [-7.938446, 41.873812], [-7.941618, 41.870891], [-7.946134, 41.871302], [-7.936268, 41.868334], [-7.924385, 41.858396], [-7.920359, 41.848142], [-7.921401, 41.839145], [-7.927317, 41.830193], [-7.937002, 41.824014], [-7.949089, 41.821204], [-7.961123, 41.821632], [-7.973104, 41.825397], [-7.981665, 41.830688], [-7.987671, 41.839748], [-7.988596, 41.848763], [-7.984673, 41.857735], [-7.974708, 41.866653], [-7.96031, 41.871845], [-7.952155, 41.87191], [-7.956367, 41.87339], [-7.956362, 41.875191], [-7.969915, 41.874502]]], [[[-8.083351, 41.693965], [-8.095404, 41.691447], [-8.108206, 41.678623], [-8.106687, 41.669604], [-8.09581, 41.662463], [-8.083808, 41.661744], [-8.071721, 41.66703], [-8.068959, 41.669304], [-8.064865, 41.678278], [-8.069517, 41.687323], [-8.083351, 41.693965]], [[-8.083377, 41.692175], [-8.073766, 41.687357], [-8.068359, 41.678307], [-8.073089, 41.669338], [-8.08378, 41.663755], [-8.095783, 41.664379], [-8.103706, 41.669581], [-8.106315, 41.678608], [-8.095424, 41.69003], [-8.083377, 41.692175]]], [[[-8.337578, 41.511786], [-8.349569, 41.511065], [-8.361602, 41.505984], [-8.368104, 41.500201], [-8.372379, 41.491217], [-8.372378, 41.482209], [-8.368218, 41.473179], [-8.361982, 41.467279], [-8.350059, 41.462049], [-8.338094, 41.461146], [-8.326089, 41.464122], [-8.314023, 41.472721], [-8.309301, 41.481848], [-8.309501, 41.490856], [-8.314341, 41.499893], [-8.325629, 41.508454], [-8.337578, 41.511786]], [[-8.337631, 41.506582], [-8.325691, 41.502505], [-8.322309, 41.49994], [-8.316184, 41.490896], [-8.316199, 41.481889], [-8.326023, 41.470425], [-8.338038, 41.466652], [-8.350003, 41.467653], [-8.361906, 41.474982], [-8.366414, 41.482176], [-8.36649, 41.491184], [-8.360259, 41.500157], [-8.349622, 41.505778], [-8.337631, 41.506582]]], [[[-8.804428, 41.264542], [-8.799788, 41.258556], [-8.787887, 41.249527], [-8.769936, 41.242249], [-8.746079, 41.239448], [-8.722204, 41.241222], [-8.698316, 41.245538], [-8.674401, 41.254642], [-8.660533, 41.267237], [-8.656191, 41.276232], [-8.655217, 41.285237], [-8.657095, 41.294251], [-8.662088, 41.303273], [-8.669212, 41.312302], [-8.679702, 41.321339], [-8.697914, 41.332771], [-8.72178, 41.340977], [-8.745678, 41.342723], [-8.7696, 41.337961], [-8.785581, 41.330593], [-8.793545, 41.324685], [-8.806214, 41.309901], [-8.804428, 41.264542]], [[-8.745699, 41.337337], [-8.721797, 41.337051], [-8.709858, 41.334294], [-8.697929, 41.329448], [-8.684345, 41.321352], [-8.673871, 41.312315], [-8.666662, 41.303286], [-8.662887, 41.294268], [-8.661842, 41.285257], [-8.663818, 41.276255], [-8.669507, 41.267264], [-8.686333, 41.255608], [-8.698289, 41.251404], [-8.722179, 41.247101], [-8.746049, 41.247075], [-8.769898, 41.253214], [-8.779416, 41.258519], [-8.789481, 41.267545], [-8.794987, 41.276563], [-8.797794, 41.285576], [-8.797991, 41.294584], [-8.790878, 41.312587], [-8.78255, 41.321579], [-8.769628, 41.33006], [-8.75766, 41.334798], [-8.745699, 41.337337]]]]}}, {"id": "17", "type": "Feature", "properties": {"fill": "#6ba5ec", "value_min": 1.67, "value_max": 2.0}, "geometry": {"type": "MultiPolygon", "coordinates": [[[[-7.952155, 41.87191], [-7.96031, 41.871845], [-7.974708, 41.866653], [-7.984673, 41.857735], [-7.988596, 41.848763], [-7.987671, 41.839748], [-7.981665, 41.830688], [-7.973104, 41.825397], [-7.961123, 41.821632], [-7.949089, 41.821204], [-7.937002, 41.824014], [-7.927317, 41.830193], [-7.921401, 41.839145], [-7.920359, 41.848142], [-7.924385, 41.858396], [-7.936268, 41.868334], [-7.946134, 41.871302], [-7.952155, 41.87191]], [[-7.948328, 41.867695], [-7.936338, 41.864117], [-7.928093, 41.857221], [-7.923368, 41.84817], [-7.923947, 41.839169], [-7.929982, 41.830218], [-7.936973, 41.825758], [-7.949064, 41.822714], [-7.961094, 41.823432], [-7.97713, 41.830648], [-7.983102, 41.839708], [-7.983382, 41.848717], [-7.97855, 41.857681], [-7.972508, 41.862669], [-7.960385, 41.867261], [-7.948328, 41.867695]]], [[[-8.083377, 41.692175], [-8.095424, 41.69003], [-8.106315, 41.678608], [-8.103706, 41.669581], [-8.095783, 41.664379], [-8.08378, 41.663755], [-8.073089, 41.669338], [-8.068359, 41.678307], [-8.073766, 41.687357], [-8.083377, 41.692175]], [[-8.083402, 41.690383], [-8.077424, 41.687387], [-8.071751, 41.678334], [-8.076854, 41.669368], [-8.083751, 41.665766], [-8.095756, 41.666296], [-8.100724, 41.669557], [-8.104623, 41.678595], [-8.095443, 41.688614], [-8.083402, 41.690383]]], [[[-8.337631, 41.506582], [-8.349622, 41.505778], [-8.360259, 41.500157], [-8.36649, 41.491184], [-8.366414, 41.482176], [-8.361906, 41.474982], [-8.350003, 41.467653], [-8.338038, 41.466652], [-8.326023, 41.470425], [-8.316199, 41.481889], [-8.316184, 41.490896], [-8.322309, 41.49994], [-8.325691, 41.502505], [-8.337631, 41.506582]], [[-8.33768, 41.501802], [-8.325766, 41.495249], [-8.32251, 41.490934], [-8.322734, 41.481928], [-8.325946, 41.477923], [-8.337986, 41.471712], [-8.34995, 41.472926], [-8.360171, 41.482142], [-8.360384, 41.491151], [-8.349671, 41.500795], [-8.33768, 41.501802]]], [[[-8.745699, 41.337337], [-8.75766, 41.334798], [-8.769628, 41.33006], [-8.78255, 41.321579], [-8.790878, 41.312587], [-8.797991, 41.294584], [-8.797794, 41.285576], [-8.794987, 41.276563], [-8.789481, 41.267545], [-8.779416, 41.258519], [-8.769898, 41.253214], [-8.746049, 41.247075], [-8.722179, 41.247101], [-8.698289, 41.251404], [-8.686333, 41.255608], [-8.669507, 41.267264], [-8.663818, 41.276255], [-8.661842, 41.285257], [-8.662887, 41.294268], [-8.666662, 41.303286], [-8.673871, 41.312315], [-8.684345, 41.321352], [-8.697929, 41.329448], [-8.709858, 41.334294], [-8.721797, 41.337051], [-8.745699, 41.337337]], [[-8.733762, 41.333843], [-8.721813, 41.333386], [-8.709873, 41.330869], [-8.689433, 41.321366], [-8.67818, 41.312327], [-8.671208, 41.303299], [-8.667643, 41.294282], [-8.667319, 41.285273], [-8.670429, 41.276274], [-8.678026, 41.267288], [-8.693861, 41.258323], [-8.710215, 41.253682], [-8.734093, 41.252317], [-8.746023, 41.253798], [-8.757947, 41.25728], [-8.774918, 41.267518], [-8.782066, 41.276539], [-8.785842, 41.285554], [-8.786543, 41.294563], [-8.784421, 41.303567], [-8.779345, 41.312565], [-8.770102, 41.321555], [-8.752035, 41.330525], [-8.733762, 41.333843]]]]}}, {"id": "18", "type": "Feature", "properties": {"fill": "#5599f7", "value_min": 2.0, "value_max": 2.33}, "geometry": {"type": "MultiPolygon", "coordinates": [[[[-7.948328, 41.867695], [-7.960385, 41.867261], [-7.972508, 41.862669], [-7.97855, 41.857681], [-7.983382, 41.848717], [-7.983102, 41.839708], [-7.97713, 41.830648], [-7.961094, 41.823432], [-7.949064, 41.822714], [-7.936973, 41.825758], [-7.929982, 41.830218], [-7.923947, 41.839169], [-7.923368, 41.84817], [-7.928093, 41.857221], [-7.936338, 41.864117], [-7.948328, 41.867695]], [[-7.948385, 41.864221], [-7.9364, 41.86038], [-7.932673, 41.857264], [-7.926396, 41.848198], [-7.926394, 41.839192], [-7.932648, 41.830243], [-7.936944, 41.827502], [-7.94904, 41.824206], [-7.961065, 41.825233], [-7.973013, 41.831075], [-7.979361, 41.839674], [-7.97908, 41.848679], [-7.97241, 41.857626], [-7.960445, 41.863532], [-7.948385, 41.864221]]], [[[-8.083402, 41.690383], [-8.095443, 41.688614], [-8.104623, 41.678595], [-8.100724, 41.669557], [-8.095756, 41.666296], [-8.083751, 41.665766], [-8.076854, 41.669368], [-8.071751, 41.678334], [-8.077424, 41.687387], [-8.083402, 41.690383]], [[-8.081081, 41.687416], [-8.074035, 41.678352], [-8.080619, 41.669398], [-8.083723, 41.667777], [-8.095729, 41.668212], [-8.102931, 41.678582], [-8.095465, 41.687069], [-8.083428, 41.688593], [-8.081081, 41.687416]]], [[[-8.33768, 41.501802], [-8.349671, 41.500795], [-8.360384, 41.491151], [-8.360171, 41.482142], [-8.34995, 41.472926], [-8.337986, 41.471712], [-8.325946, 41.477923], [-8.322734, 41.481928], [-8.32251, 41.490934], [-8.325766, 41.495249], [-8.33768, 41.501802]], [[-8.337738, 41.496047], [-8.330315, 41.490979], [-8.330931, 41.481976], [-8.337926, 41.47761], [-8.349887, 41.479279], [-8.353006, 41.482102], [-8.353384, 41.491111], [-8.349735, 41.494469], [-8.337738, 41.496047]]], [[[-8.733762, 41.333843], [-8.752035, 41.330525], [-8.770102, 41.321555], [-8.779345, 41.312565], [-8.784421, 41.303567], [-8.786543, 41.294563], [-8.785842, 41.285554], [-8.782066, 41.276539], [-8.774918, 41.267518], [-8.757947, 41.25728], [-8.746023, 41.253798], [-8.734093, 41.252317], [-8.710215, 41.253682], [-8.693861, 41.258323], [-8.678026, 41.267288], [-8.670429, 41.276274], [-8.667319, 41.285273], [-8.667643, 41.294282], [-8.671208, 41.303299], [-8.67818, 41.312327], [-8.689433, 41.321366], [-8.709873, 41.330869], [-8.721813, 41.333386], [-8.733762, 41.333843]], [[-8.745738, 41.32734], [-8.733779, 41.329701], [-8.721828, 41.329781], [-8.709887, 41.327724], [-8.697958, 41.323245], [-8.686047, 41.315392], [-8.675611, 41.303312], [-8.672397, 41.294295], [-8.67271, 41.285288], [-8.676848, 41.276292], [-8.686277, 41.267326], [-8.698243, 41.261404], [-8.722136, 41.257154], [-8.738124, 41.258432], [-8.745999, 41.260075], [-8.757918, 41.265086], [-8.771149, 41.276518], [-8.775798, 41.285535], [-8.77692, 41.294545], [-8.77497, 41.303549], [-8.769351, 41.312546], [-8.758899, 41.321532], [-8.745738, 41.32734]]]]}}, {"id": "19", "type": "Feature", "properties": {"fill": "#4182f2", "value_min": 2.33, "value_max": 2.67}, "geometry": {"type": "MultiPolygon", "coordinates": [[[[-7.948385, 41.864221], [-7.960445, 41.863532], [-7.97241, 41.857626], [-7.97908, 41.848679], [-7.979361, 41.839674], [-7.973013, 41.831075], [-7.961065, 41.825233], [-7.94904, 41.824206], [-7.936944, 41.827502], [-7.932648, 41.830243], [-7.926394, 41.839192], [-7.926396, 41.848198], [-7.932673, 41.857264], [-7.9364, 41.86038], [-7.948385, 41.864221]], [[-7.948436, 41.861083], [-7.936461, 41.856676], [-7.929435, 41.848227], [-7.9288, 41.839214], [-7.935312, 41.830268], [-7.949016, 41.825697], [-7.961036, 41.827033], [-7.968661, 41.830572], [-7.975621, 41.839641], [-7.974776, 41.84864], [-7.96537, 41.857563], [-7.960503, 41.859965], [-7.948436, 41.861083]]], [[[-8.081081, 41.687416], [-8.083428, 41.688593], [-8.095465, 41.687069], [-8.102931, 41.678582], [-8.095729, 41.668212], [-8.083723, 41.667777], [-8.080619, 41.669398], [-8.074035, 41.678352], [-8.081081, 41.687416]], [[-8.083457, 41.686532], [-8.07632, 41.678371], [-8.083693, 41.66991], [-8.0957, 41.670301], [-8.101239, 41.678568], [-8.095493, 41.6851], [-8.083457, 41.686532]]], [[[-8.337738, 41.496047], [-8.349735, 41.494469], [-8.353384, 41.491111], [-8.353006, 41.482102], [-8.349887, 41.479279], [-8.337926, 41.47761], [-8.330931, 41.481976], [-8.330315, 41.490979], [-8.337738, 41.496047]]], [[[-8.745738, 41.32734], [-8.758899, 41.321532], [-8.769351, 41.312546], [-8.77497, 41.303549], [-8.77692, 41.294545], [-8.775798, 41.285535], [-8.771149, 41.276518], [-8.757918, 41.265086], [-8.745999, 41.260075], [-8.738124, 41.258432], [-8.722136, 41.257154], [-8.698243, 41.261404], [-8.686277, 41.267326], [-8.676848, 41.276292], [-8.67271, 41.285288], [-8.672397, 41.294295], [-8.675611, 41.303312], [-8.686047, 41.315392], [-8.697958, 41.323245], [-8.709887, 41.327724], [-8.721828, 41.329781], [-8.733779, 41.329701], [-8.745738, 41.32734]], [[-8.733795, 41.32574], [-8.721842, 41.326409], [-8.709901, 41.324621], [-8.697973, 41.320033], [-8.686864, 41.312351], [-8.679747, 41.303324], [-8.67688, 41.294308], [-8.677773, 41.285303], [-8.682996, 41.276309], [-8.695545, 41.267335], [-8.710175, 41.262605], [-8.722118, 41.261568], [-8.734051, 41.262597], [-8.745976, 41.26605], [-8.761369, 41.276498], [-8.766914, 41.285518], [-8.768399, 41.294528], [-8.76656, 41.303532], [-8.760629, 41.312528], [-8.747811, 41.321508], [-8.733795, 41.32574]]]]}}, {"id": "20", "type": "Feature", "properties": {"fill": "#2e6eed", "value_min": 2.67, "value_max": 3.0}, "geometry": {"type": "MultiPolygon", "coordinates": [[[[-7.948436, 41.861083], [-7.960503, 41.859965], [-7.96537, 41.857563], [-7.974776, 41.84864], [-7.975621, 41.839641], [-7.968661, 41.830572], [-7.961036, 41.827033], [-7.949016, 41.825697], [-7.935312, 41.830268], [-7.9288, 41.839214], [-7.929435, 41.848227], [-7.936461, 41.856676], [-7.948436, 41.861083]], [[-7.946975, 41.857396], [-7.93652, 41.853121], [-7.932474, 41.848255], [-7.931206, 41.839236], [-7.938809, 41.8303], [-7.948991, 41.827188], [-7.961007, 41.828833], [-7.964675, 41.830536], [-7.971895, 41.839608], [-7.970495, 41.848602], [-7.96056, 41.856438], [-7.946975, 41.857396]]], [[[-8.083457, 41.686532], [-8.095493, 41.6851], [-8.101239, 41.678568], [-8.0957, 41.670301], [-8.083693, 41.66991], [-8.07632, 41.678371], [-8.083457, 41.686532]], [[-8.083493, 41.683981], [-8.078603, 41.678389], [-8.083655, 41.672592], [-8.095665, 41.672763], [-8.099547, 41.678555], [-8.09552, 41.683132], [-8.083493, 41.683981]]], [[[-8.733795, 41.32574], [-8.747811, 41.321508], [-8.760629, 41.312528], [-8.76656, 41.303532], [-8.768399, 41.294528], [-8.766914, 41.285518], [-8.761369, 41.276498], [-8.745976, 41.26605], [-8.734051, 41.262597], [-8.722118, 41.261568], [-8.710175, 41.262605], [-8.695545, 41.267335], [-8.682996, 41.276309], [-8.677773, 41.285303], [-8.67688, 41.294308], [-8.679747, 41.303324], [-8.686864, 41.312351], [-8.697973, 41.320033], [-8.709901, 41.324621], [-8.721842, 41.326409], [-8.733795, 41.32574]], [[-8.721857, 41.323037], [-8.709915, 41.321518], [-8.697988, 41.316657], [-8.691782, 41.312364], [-8.683884, 41.303335], [-8.681194, 41.29432], [-8.682705, 41.285316], [-8.6895, 41.276327], [-8.698201, 41.270596], [-8.708176, 41.267368], [-8.7221, 41.265841], [-8.734032, 41.267451], [-8.745952, 41.27229], [-8.752013, 41.276479], [-8.758878, 41.285501], [-8.760979, 41.294513], [-8.758942, 41.303517], [-8.752282, 41.31251], [-8.734835, 41.321479], [-8.721857, 41.323037]]]]}}, {"id": "21", "type": "Feature", "properties": {"fill": "#245bd9", "value_min": 3.0, "value_max": 3.33}, "geometry": {"type": "MultiPolygon", "coordinates": [[[[-7.946975, 41.857396], [-7.96056, 41.856438], [-7.970495, 41.848602], [-7.971895, 41.839608], [-7.964675, 41.830536], [-7.961007, 41.828833], [-7.948991, 41.827188], [-7.938809, 41.8303], [-7.931206, 41.839236], [-7.932474, 41.848255], [-7.93652, 41.853121], [-7.946975, 41.857396]], [[-7.94854, 41.854768], [-7.936579, 41.849566], [-7.933612, 41.839259], [-7.936821, 41.834954], [-7.943524, 41.830344], [-7.948967, 41.828681], [-7.960975, 41.830819], [-7.968208, 41.839575], [-7.966231, 41.848564], [-7.960616, 41.852992], [-7.94854, 41.854768]]], [[[-8.083493, 41.683981], [-8.09552, 41.683132], [-8.099547, 41.678555], [-8.095665, 41.672763], [-8.083655, 41.672592], [-8.078603, 41.678389], [-8.083493, 41.683981]], [[-8.083529, 41.68143], [-8.080887, 41.678407], [-8.083617, 41.675275], [-8.095631, 41.675223], [-8.097855, 41.678542], [-8.095548, 41.681165], [-8.083529, 41.68143]]], [[[-8.721857, 41.323037], [-8.734835, 41.321479], [-8.752282, 41.31251], [-8.758942, 41.303517], [-8.760979, 41.294513], [-8.758878, 41.285501], [-8.752013, 41.276479], [-8.745952, 41.27229], [-8.734032, 41.267451], [-8.7221, 41.265841], [-8.708176, 41.267368], [-8.698201, 41.270596], [-8.6895, 41.276327], [-8.682705, 41.285316], [-8.681194, 41.29432], [-8.683884, 41.303335], [-8.691782, 41.312364], [-8.697988, 41.316657], [-8.709915, 41.321518], [-8.721857, 41.323037]], [[-8.721872, 41.31951], [-8.709929, 41.318174], [-8.696699, 41.312377], [-8.68835, 41.303347], [-8.685508, 41.294332], [-8.687815, 41.28533], [-8.696396, 41.276345], [-8.710139, 41.270901], [-8.722082, 41.270099], [-8.734011, 41.27241], [-8.742417, 41.276458], [-8.751396, 41.285485], [-8.753962, 41.294498], [-8.751912, 41.303502], [-8.743957, 41.312492], [-8.733829, 41.317422], [-8.721872, 41.31951]]]]}}, {"id": "11", "type": "Feature", "properties": {"fill": "#a3a3a3", "value_min": -0.33, "value_max": 0.0}, "geometry": {"type": "MultiPolygon", "coordinates": [[[[-8.057778, 41.815656], [-8.045593, 41.809265], [-8.021582, 41.804921], [-7.985454, 41.805825], [-7.937191, 41.812585], [-7.925093, 41.816073], [-7.912865, 41.827189], [-7.904455, 41.838984], [-7.894198, 41.859325], [-7.900669, 41.861363], [-7.903609, 41.847983], [-7.913632, 41.830065], [-7.925042, 41.819143], [-7.937158, 41.814547], [-7.973333, 41.811085], [-7.993631, 41.81278], [-8.009356, 41.817127], [-8.019157, 41.822008], [-8.028765, 41.829813], [-8.037134, 41.831171], [-8.041351, 41.828023], [-8.041054, 41.825097], [-8.045268, 41.824425], [-8.047679, 41.821276], [-8.057778, 41.815656]]], [[[-7.799263, 41.873945], [-7.795461, 41.855906], [-7.789262, 41.846834], [-7.780182, 41.838903], [-7.76825, 41.833048], [-7.756252, 41.83073], [-7.740381, 41.831446], [-7.74729, 41.837772], [-7.746372, 41.840215], [-7.756087, 41.839271], [-7.768083, 41.841764], [-7.776697, 41.846701], [-7.784212, 41.855788], [-7.786037, 41.864814], [-7.783559, 41.873794], [-7.77941, 41.879497], [-7.767207, 41.887343], [-7.756318, 41.889459], [-7.758719, 41.890926], [-7.756592, 41.89407], [-7.758076, 41.897901], [-7.764097, 41.898595], [-7.779227, 41.886264], [-7.785257, 41.885157], [-7.788886, 41.882467], [-7.794007, 41.882257], [-7.796739, 41.878214], [-7.794349, 41.87438], [-7.799263, 41.873945]]], [[[-7.741868, 41.888166], [-7.73112, 41.883678], [-7.725113, 41.877533], [-7.722351, 41.878424], [-7.720523, 41.881793], [-7.725335, 41.882935], [-7.726208, 41.887665], [-7.737044, 41.888828], [-7.73944, 41.891087], [-7.74246, 41.889747], [-7.741868, 41.888166]]], [[[-7.74577, 41.840274], [-7.74577, 41.840274], [-7.746082, 41.840243], [-7.74577, 41.840274]]], [[[-8.190516, 41.772862], [-8.201266, 41.76037], [-8.204922, 41.751389], [-8.205672, 41.742387], [-8.202913, 41.733361], [-8.191154, 41.722025], [-8.17918, 41.718243], [-8.167148, 41.71902], [-8.155056, 41.724379], [-8.141347, 41.732917], [-8.123553, 41.750797], [-8.121194, 41.759786], [-8.124077, 41.768814], [-8.135579, 41.777909], [-8.142282, 41.780836], [-8.154283, 41.783256], [-8.166322, 41.78286], [-8.1784, 41.779444], [-8.190516, 41.772862]], [[-8.19074, 41.755043], [-8.1786, 41.763765], [-8.166549, 41.765333], [-8.152403, 41.76002], [-8.145749, 41.750964], [-8.146396, 41.741962], [-8.154949, 41.732568], [-8.167041, 41.727321], [-8.179059, 41.727725], [-8.189209, 41.733265], [-8.19466, 41.74231], [-8.193272, 41.751307], [-8.19074, 41.755043]]], [[[-8.082511, 41.753029], [-8.087476, 41.741509], [-8.089187, 41.714502], [-8.091535, 41.705513], [-8.095245, 41.702751], [-8.098288, 41.696559], [-8.119595, 41.67987], [-8.123193, 41.678738], [-8.127779, 41.669766], [-8.119425, 41.660695], [-8.107941, 41.653761], [-8.095996, 41.649103], [-8.084016, 41.647079], [-8.060001, 41.646943], [-8.044465, 41.651089], [-8.035712, 41.665214], [-8.023593, 41.672291], [-8.011541, 41.674843], [-8.00584, 41.677783], [-7.999378, 41.684505], [-7.986851, 41.717127], [-7.984773, 41.73164], [-7.988084, 41.740676], [-7.998331, 41.751956], [-8.010263, 41.758194], [-8.022229, 41.762334], [-8.04624, 41.765646], [-8.05828, 41.765037], [-8.070358, 41.761737], [-8.082511, 41.753029]], [[-8.034631, 41.737563], [-8.032163, 41.741056], [-8.022479, 41.745904], [-8.010437, 41.746906], [-7.998501, 41.741032], [-7.995418, 41.731734], [-7.998756, 41.724584], [-8.015546, 41.713894], [-8.021459, 41.695931], [-8.027901, 41.686978], [-8.035477, 41.680987], [-8.052546, 41.660163], [-8.059888, 41.654737], [-8.071946, 41.651369], [-8.083962, 41.650879], [-8.095949, 41.652502], [-8.107894, 41.657142], [-8.113705, 41.660651], [-8.120938, 41.669714], [-8.118251, 41.6787], [-8.085717, 41.705467], [-8.083113, 41.71076], [-8.070904, 41.723843], [-8.05879, 41.730079], [-8.046043, 41.732165], [-8.034631, 41.737563]]], [[[-7.828338, 41.709046], [-7.829562, 41.71215], [-7.842553, 41.719422], [-7.85457, 41.719719], [-7.86575, 41.712513], [-7.868692, 41.703535], [-7.866981, 41.697554], [-7.857532, 41.689537], [-7.857473, 41.689495], [-7.857217, 41.689311], [-7.857174, 41.68928], [-7.856903, 41.689086], [-7.856575, 41.688849], [-7.855961, 41.688408], [-7.852367, 41.68975], [-7.847538, 41.695365], [-7.837309, 41.699391], [-7.835792, 41.702763], [-7.838328, 41.704345], [-7.842933, 41.698226], [-7.854985, 41.696316], [-7.862153, 41.703471], [-7.859016, 41.712447], [-7.854649, 41.715261], [-7.842661, 41.713405], [-7.840657, 41.712263], [-7.839077, 41.706891], [-7.838465, 41.709522], [-7.832453, 41.710407], [-7.828338, 41.709046]]], [[[-8.069071, 41.479306], [-8.079425, 41.489245], [-8.098113, 41.497159], [-8.122021, 41.501097], [-8.145924, 41.498765], [-8.182137, 41.484446], [-8.194005, 41.493366], [-8.203832, 41.517195], [-8.210325, 41.526247], [-8.220121, 41.535322], [-8.241295, 41.547382], [-8.277112, 41.561059], [-8.301023, 41.567944], [-8.312995, 41.570015], [-8.336969, 41.57139], [-8.396989, 41.566338], [-8.44493, 41.570218], [-8.456936, 41.568812], [-8.46897, 41.563941], [-8.493123, 41.542621], [-8.517603, 41.527947], [-8.565407, 41.490439], [-8.577465, 41.478364], [-8.584271, 41.465155], [-8.585952, 41.456154], [-8.584566, 41.447141], [-8.579418, 41.438115], [-8.565826, 41.427698], [-8.553891, 41.422795], [-8.506434, 41.410803], [-8.458469, 41.384847], [-8.446541, 41.381164], [-8.434586, 41.380615], [-8.4226, 41.383556], [-8.402885, 41.392297], [-8.37461, 41.401154], [-8.326721, 41.402928], [-8.314722, 41.406377], [-8.24246, 41.447439], [-8.218382, 41.458665], [-8.194324, 41.467623], [-8.182428, 41.461303], [-8.174991, 41.453941], [-8.158713, 41.443239], [-8.134914, 41.432517], [-8.122984, 41.429645], [-8.11103, 41.428583], [-8.099051, 41.429399], [-8.087036, 41.432764], [-8.074965, 41.439942], [-8.069205, 41.44653], [-8.068497, 41.453282], [-8.070288, 41.458235], [-8.068788, 41.462286], [-8.073872, 41.46499], [-8.074468, 41.468592], [-8.074164, 41.473543], [-8.069071, 41.479306]], [[-8.469065, 41.552354], [-8.457021, 41.558666], [-8.445026, 41.558954], [-8.431698, 41.554577], [-8.421157, 41.546085], [-8.409226, 41.539611], [-8.397231, 41.540328], [-8.349188, 41.549059], [-8.325217, 41.548089], [-8.301307, 41.541638], [-8.289325, 41.53577], [-8.265587, 41.519745], [-8.241635, 41.518222], [-8.231409, 41.508376], [-8.23642, 41.499402], [-8.249704, 41.490482], [-8.254014, 41.483855], [-8.257743, 41.472519], [-8.270631, 41.454587], [-8.281115, 41.445645], [-8.302476, 41.432712], [-8.326494, 41.424893], [-8.338478, 41.423341], [-8.362414, 41.423169], [-8.398285, 41.426395], [-8.422172, 41.431881], [-8.434103, 41.436295], [-8.452609, 41.446589], [-8.463113, 41.455646], [-8.469547, 41.464683], [-8.481553, 41.490075], [-8.49605, 41.500832], [-8.499921, 41.509857], [-8.496195, 41.518848], [-8.480638, 41.527786], [-8.474663, 41.545774], [-8.469065, 41.552354]], [[-8.154433, 41.480813], [-8.147418, 41.489769], [-8.134069, 41.496085], [-8.122058, 41.498341], [-8.110091, 41.497315], [-8.089882, 41.489328], [-8.082166, 41.480259], [-8.080384, 41.471238], [-8.083395, 41.462255], [-8.086679, 41.45819], [-8.098766, 41.450028], [-8.110776, 41.447219], [-8.122743, 41.447522], [-8.134672, 41.450792], [-8.151137, 41.462774], [-8.155192, 41.471812], [-8.154433, 41.480813]], [[-8.565591, 41.462945], [-8.553567, 41.470119], [-8.541595, 41.46957], [-8.532898, 41.464958], [-8.528382, 41.455932], [-8.533044, 41.446944], [-8.541786, 41.442434], [-8.55376, 41.441923], [-8.564251, 41.447066], [-8.568256, 41.456089], [-8.565591, 41.462945]]], [[[-8.646272, 41.537422], [-8.647572, 41.528419], [-8.642563, 41.519396], [-8.625191, 41.510203], [-8.611068, 41.510286], [-8.601199, 41.514357], [-8.594738, 41.519237], [-8.592967, 41.528238], [-8.597191, 41.537261], [-8.612984, 41.54781], [-8.624964, 41.549562], [-8.636971, 41.546543], [-8.646272, 41.537422]]], [[[-8.808969, 41.37975], [-8.781414, 41.379029], [-8.745562, 41.372597], [-8.721686, 41.363242], [-8.70976, 41.35633], [-8.620005, 41.294134], [-8.578866, 41.261556], [-8.56697, 41.255245], [-8.543161, 41.246041], [-8.532603, 41.239766], [-8.524498, 41.230725], [-8.520381, 41.2217], [-8.519565, 41.212689], [-8.523418, 41.200302], [-8.51163, 41.203042], [-8.510456, 41.206197], [-8.505693, 41.207113], [-8.504239, 41.213646], [-8.500076, 41.21546], [-8.50308, 41.219502], [-8.502204, 41.222656], [-8.495642, 41.222227], [-8.495947, 41.223351], [-8.490894, 41.226294], [-8.487935, 41.230354], [-8.490331, 41.232373], [-8.489156, 41.235528], [-8.486181, 41.236888], [-8.484411, 41.240495], [-8.476346, 41.237818], [-8.475756, 41.23917], [-8.470986, 41.23941], [-8.471604, 41.243459], [-8.469227, 41.245267], [-8.463258, 41.244384], [-8.459989, 41.246644], [-8.455512, 41.245982], [-8.455541, 41.251834], [-8.452276, 41.25522], [-8.449891, 41.255452], [-8.449304, 41.257479], [-8.447812, 41.257258], [-8.449028, 41.261982], [-8.439785, 41.262907], [-8.438014, 41.266948], [-8.459332, 41.280623], [-8.483154, 41.288269], [-8.507017, 41.291111], [-8.578661, 41.293325], [-8.602522, 41.297734], [-8.614442, 41.301716], [-8.638273, 41.312401], [-8.662095, 41.326376], [-8.69161, 41.348395], [-8.709725, 41.36412], [-8.733573, 41.380125], [-8.757454, 41.390394], [-8.809939, 41.404308], [-8.808969, 41.37975]]]]}}, {"id": "10", "type": "Feature", "properties": {"fill": "#a3a3a3", "value_min": -0.67, "value_max": -0.33}, "geometry": {"type": "MultiPolygon", "coordinates": [[[[-8.194506, 41.812772], [-8.21472, 41.761367], [-8.218554, 41.724461], [-8.221328, 41.715473], [-8.228644, 41.706515], [-8.232837, 41.697536], [-8.232852, 41.688529], [-8.227722, 41.680163], [-8.215777, 41.674453], [-8.203764, 41.674404], [-8.191707, 41.677912], [-8.179598, 41.68534], [-8.16864, 41.69709], [-8.157408, 41.706015], [-8.155282, 41.707088], [-8.143264, 41.706998], [-8.131167, 41.712744], [-8.129236, 41.723819], [-8.118939, 41.72791], [-8.106948, 41.725579], [-8.097862, 41.71457], [-8.096531, 41.705553], [-8.100391, 41.696576], [-8.11956, 41.6824], [-8.131011, 41.678797], [-8.138995, 41.66985], [-8.131806, 41.665272], [-8.128138, 41.660761], [-8.09605, 41.645284], [-8.060113, 41.639258], [-8.012314, 41.624281], [-8.000334, 41.622687], [-7.988326, 41.623013], [-7.976272, 41.626124], [-7.964119, 41.635395], [-7.96063, 41.641355], [-7.958746, 41.650345], [-7.959138, 41.659355], [-7.974232, 41.731547], [-7.986301, 41.752086], [-7.999941, 41.767801], [-8.004734, 41.776849], [-8.003512, 41.785846], [-7.993881, 41.794769], [-7.972334, 41.803585], [-7.925145, 41.813004], [-7.912934, 41.823114], [-7.888975, 41.856448], [-7.891675, 41.859094], [-7.894198, 41.859325], [-7.904455, 41.838984], [-7.912865, 41.827189], [-7.925093, 41.816073], [-7.937191, 41.812585], [-7.985454, 41.805825], [-8.021582, 41.804921], [-8.045593, 41.809265], [-8.057778, 41.815656], [-8.06664, 41.817012], [-8.072961, 41.813414], [-8.078678, 41.813417], [-8.082892, 41.810493], [-8.091013, 41.812521], [-8.093421, 41.811397], [-8.093723, 41.808471], [-8.101845, 41.809824], [-8.104853, 41.81185], [-8.115984, 41.812302], [-8.123807, 41.808702], [-8.138247, 41.808477], [-8.139751, 41.813203], [-8.14276, 41.812978], [-8.144866, 41.815228], [-8.149078, 41.814777], [-8.153291, 41.817703], [-8.158106, 41.818377], [-8.165326, 41.81815], [-8.173744, 41.808019], [-8.177655, 41.808242], [-8.183676, 41.812741], [-8.190291, 41.809587], [-8.194506, 41.812772]], [[-8.190516, 41.772862], [-8.1784, 41.779444], [-8.166322, 41.78286], [-8.154283, 41.783256], [-8.142282, 41.780836], [-8.135579, 41.777909], [-8.124077, 41.768814], [-8.121194, 41.759786], [-8.123553, 41.750797], [-8.141347, 41.732917], [-8.155056, 41.724379], [-8.167148, 41.71902], [-8.17918, 41.718243], [-8.191154, 41.722025], [-8.202913, 41.733361], [-8.205672, 41.742387], [-8.204922, 41.751389], [-8.201266, 41.76037], [-8.190516, 41.772862]], [[-8.082511, 41.753029], [-8.070358, 41.761737], [-8.05828, 41.765037], [-8.04624, 41.765646], [-8.022229, 41.762334], [-8.010263, 41.758194], [-7.998331, 41.751956], [-7.988084, 41.740676], [-7.984773, 41.73164], [-7.986851, 41.717127], [-7.999378, 41.684505], [-8.00584, 41.677783], [-8.011541, 41.674843], [-8.023593, 41.672291], [-8.035712, 41.665214], [-8.044465, 41.651089], [-8.060001, 41.646943], [-8.084016, 41.647079], [-8.095996, 41.649103], [-8.107941, 41.653761], [-8.119425, 41.660695], [-8.127779, 41.669766], [-8.123193, 41.678738], [-8.119595, 41.67987], [-8.098288, 41.696559], [-8.095245, 41.702751], [-8.091535, 41.705513], [-8.089187, 41.714502], [-8.087476, 41.741509], [-8.082511, 41.753029]]], [[[-7.81694, 41.87339], [-7.800616, 41.846954], [-7.792182, 41.837859], [-7.78037, 41.828991], [-7.768441, 41.823088], [-7.75645, 41.82048], [-7.731449, 41.819946], [-7.73594, 41.823554], [-7.743152, 41.825154], [-7.742839, 41.827178], [-7.738919, 41.828515], [-7.740381, 41.831446], [-7.756252, 41.83073], [-7.76825, 41.833048], [-7.780182, 41.838903], [-7.789262, 41.846834], [-7.795461, 41.855906], [-7.799263, 41.873945], [-7.804288, 41.874184], [-7.804914, 41.869459], [-7.813032, 41.871958], [-7.814229, 41.873537], [-7.81694, 41.87339]]], [[[-7.817714, 41.714699], [-7.827206, 41.721133], [-7.842456, 41.724809], [-7.854491, 41.724158], [-7.859919, 41.721462], [-7.866634, 41.717275], [-7.873103, 41.703579], [-7.873122, 41.694572], [-7.869799, 41.685965], [-7.867999, 41.68551], [-7.868008, 41.68326], [-7.864403, 41.683701], [-7.864096, 41.685276], [-7.858987, 41.68639], [-7.857532, 41.689537], [-7.866981, 41.697554], [-7.868692, 41.703535], [-7.86575, 41.712513], [-7.85457, 41.719719], [-7.842553, 41.719422], [-7.829562, 41.71215], [-7.828338, 41.709046], [-7.825252, 41.708813], [-7.817714, 41.714699]]], [[[-7.855961, 41.688408], [-7.855961, 41.688408], [-7.856575, 41.688849], [-7.855961, 41.688408]]], [[[-7.856903, 41.689086], [-7.856903, 41.689086], [-7.857174, 41.68928], [-7.856903, 41.689086]]], [[[-7.857217, 41.689311], [-7.857217, 41.689311], [-7.857473, 41.689495], [-7.857217, 41.689311]]], [[[-8.395972, 41.6754], [-8.399448, 41.671506], [-8.399268, 41.662498], [-8.39613, 41.658481], [-8.384188, 41.651319], [-8.372183, 41.650844], [-8.365806, 41.653311], [-8.357984, 41.662275], [-8.359615, 41.671291], [-8.371823, 41.680366], [-8.383903, 41.681231], [-8.395972, 41.6754]]], [[[-8.072051, 41.492896], [-8.09807, 41.500237], [-8.157889, 41.50695], [-8.169813, 41.511509], [-8.176755, 41.517005], [-8.205219, 41.555995], [-8.228945, 41.57765], [-8.252734, 41.595156], [-8.264656, 41.601976], [-8.288565, 41.610246], [-8.300547, 41.612042], [-8.324556, 41.611559], [-8.348622, 41.605458], [-8.396794, 41.58726], [-8.420827, 41.583001], [-8.456844, 41.579768], [-8.468876, 41.575431], [-8.493027, 41.55486], [-8.505077, 41.547189], [-8.517103, 41.542415], [-8.529111, 41.539738], [-8.541106, 41.538847], [-8.553087, 41.540008], [-8.565045, 41.544552], [-8.600851, 41.571037], [-8.612807, 41.577457], [-8.62478, 41.581311], [-8.636768, 41.582925], [-8.64877, 41.581951], [-8.660792, 41.577055], [-8.670563, 41.564516], [-8.672313, 41.555514], [-8.671607, 41.546505], [-8.663797, 41.528467], [-8.6559, 41.519437], [-8.643226, 41.51039], [-8.602995, 41.492244], [-8.598519, 41.483221], [-8.601095, 41.456207], [-8.598839, 41.438184], [-8.593196, 41.429157], [-8.582985, 41.420113], [-8.542968, 41.392938], [-8.534103, 41.383895], [-8.524719, 41.365842], [-8.524344, 41.347825], [-8.528065, 41.338832], [-8.534844, 41.329852], [-8.546715, 41.320892], [-8.554613, 41.317032], [-8.569167, 41.311971], [-8.59051, 41.308546], [-8.602455, 41.308632], [-8.626322, 41.313155], [-8.638246, 41.317255], [-8.662076, 41.330078], [-8.68529, 41.348377], [-8.721577, 41.388616], [-8.7335, 41.398027], [-8.788989, 41.429683], [-8.804723, 41.440183], [-8.807354, 41.425915], [-8.811035, 41.418186], [-8.809939, 41.404308], [-8.757454, 41.390394], [-8.733573, 41.380125], [-8.709725, 41.36412], [-8.69161, 41.348395], [-8.662095, 41.326376], [-8.638273, 41.312401], [-8.614442, 41.301716], [-8.602522, 41.297734], [-8.578661, 41.293325], [-8.507017, 41.291111], [-8.483154, 41.288269], [-8.459332, 41.280623], [-8.438014, 41.266948], [-8.438023, 41.268989], [-8.434745, 41.269673], [-8.432691, 41.277107], [-8.427032, 41.279372], [-8.429143, 41.284319], [-8.426171, 41.287028], [-8.426488, 41.291079], [-8.425013, 41.294909], [-8.422037, 41.296942], [-8.422647, 41.299867], [-8.407744, 41.304856], [-8.406262, 41.307335], [-8.403277, 41.307342], [-8.401801, 41.311398], [-8.399712, 41.311628], [-8.400316, 41.313202], [-8.396738, 41.314336], [-8.398835, 41.316131], [-8.393775, 41.31997], [-8.393489, 41.323122], [-8.391105, 41.324253], [-8.386325, 41.323588], [-8.380382, 41.331254], [-8.375305, 41.33104], [-8.37201, 41.328346], [-8.361563, 41.329718], [-8.358276, 41.329049], [-8.357673, 41.327249], [-8.350207, 41.327264], [-8.346032, 41.328847], [-8.342462, 41.333131], [-8.333215, 41.336299], [-8.326363, 41.342163], [-8.324568, 41.341041], [-8.323376, 41.341943], [-8.320676, 41.338121], [-8.312604, 41.334983], [-8.313794, 41.333405], [-8.31139, 41.328007], [-8.307502, 41.325762], [-8.305116, 41.326891], [-8.303024, 41.325994], [-8.303615, 41.323742], [-8.301216, 41.319694], [-8.296431, 41.316774], [-8.297618, 41.313846], [-8.296116, 41.310022], [-8.287468, 41.314296], [-8.295477, 41.328636], [-8.299919, 41.346678], [-8.300086, 41.364695], [-8.296177, 41.382686], [-8.285, 41.400632], [-8.275474, 41.40958], [-8.254715, 41.422675], [-8.230685, 41.430823], [-8.218695, 41.432586], [-8.194774, 41.431264], [-8.182848, 41.427824], [-8.1605, 41.417806], [-8.113692, 41.38909], [-8.108011, 41.393648], [-8.103827, 41.392972], [-8.105321, 41.394998], [-8.10263, 41.396123], [-8.10801, 41.398825], [-8.108606, 41.403102], [-8.104419, 41.406252], [-8.104119, 41.408728], [-8.101727, 41.409403], [-8.102025, 41.411204], [-8.092756, 41.411201], [-8.09126, 41.414352], [-8.079893, 41.41975], [-8.077503, 41.416597], [-8.070923, 41.41862], [-8.066739, 41.416142], [-8.061654, 41.417489], [-8.059852, 41.424916], [-8.055959, 41.429415], [-8.05745, 41.432793], [-8.056549, 41.436394], [-8.069205, 41.44653], [-8.074965, 41.439942], [-8.087036, 41.432764], [-8.099051, 41.429399], [-8.11103, 41.428583], [-8.122984, 41.429645], [-8.134914, 41.432517], [-8.158713, 41.443239], [-8.174991, 41.453941], [-8.182428, 41.461303], [-8.194324, 41.467623], [-8.218382, 41.458665], [-8.24246, 41.447439], [-8.314722, 41.406377], [-8.326721, 41.402928], [-8.37461, 41.401154], [-8.402885, 41.392297], [-8.4226, 41.383556], [-8.434586, 41.380615], [-8.446541, 41.381164], [-8.458469, 41.384847], [-8.506434, 41.410803], [-8.553891, 41.422795], [-8.565826, 41.427698], [-8.579418, 41.438115], [-8.584566, 41.447141], [-8.585952, 41.456154], [-8.584271, 41.465155], [-8.577465, 41.478364], [-8.565407, 41.490439], [-8.517603, 41.527947], [-8.493123, 41.542621], [-8.46897, 41.563941], [-8.456936, 41.568812], [-8.44493, 41.570218], [-8.396989, 41.566338], [-8.336969, 41.57139], [-8.312995, 41.570015], [-8.301023, 41.567944], [-8.277112, 41.561059], [-8.241295, 41.547382], [-8.220121, 41.535322], [-8.210325, 41.526247], [-8.203832, 41.517195], [-8.194005, 41.493366], [-8.182137, 41.484446], [-8.145924, 41.498765], [-8.122021, 41.501097], [-8.098113, 41.497159], [-8.079425, 41.489245], [-8.069071, 41.479306], [-8.066374, 41.482318], [-8.066069, 41.48817], [-8.072054, 41.490199], [-8.072051, 41.492896]], [[-8.646272, 41.537422], [-8.636971, 41.546543], [-8.624964, 41.549562], [-8.612984, 41.54781], [-8.597191, 41.537261], [-8.592967, 41.528238], [-8.594738, 41.519237], [-8.601199, 41.514357], [-8.611068, 41.510286], [-8.625191, 41.510203], [-8.642563, 41.519396], [-8.647572, 41.528419], [-8.646272, 41.537422]]]]}}, {"id": "4", "type": "Feature", "properties": {"fill": "#d75e13", "value_min": -2.67, "value_max": -2.33}, "geometry": {"type": "MultiPolygon", "coordinates": [[[[-7.876554, 41.837818], [-7.88871, 41.831347], [-7.897971, 41.820909], [-7.901458, 41.811935], [-7.901078, 41.802925], [-7.896576, 41.793875], [-7.889479, 41.786805], [-7.884494, 41.784752], [-7.877583, 41.778867], [-7.868182, 41.775585], [-7.877428, 41.766669], [-7.879027, 41.757678], [-7.866078, 41.748921], [-7.853988, 41.752428], [-7.848499, 41.757376], [-7.849284, 41.766391], [-7.853608, 41.773781], [-7.859701, 41.775501], [-7.853554, 41.776838], [-7.834796, 41.793265], [-7.829703, 41.80222], [-7.828398, 41.811213], [-7.830407, 41.820241], [-7.840519, 41.832468], [-7.852456, 41.838396], [-7.86447, 41.84005], [-7.876554, 41.837818]], [[-7.864539, 41.836166], [-7.852539, 41.833704], [-7.845116, 41.829396], [-7.8371, 41.820309], [-7.834863, 41.811279], [-7.837338, 41.802298], [-7.845941, 41.793378], [-7.853339, 41.788912], [-7.865416, 41.786508], [-7.877432, 41.787514], [-7.889357, 41.793857], [-7.89693, 41.802885], [-7.898233, 41.811905], [-7.894773, 41.820878], [-7.888774, 41.827629], [-7.876611, 41.834553], [-7.864539, 41.836166]]], [[[-8.315452, 41.761738], [-8.318975, 41.752121], [-8.317219, 41.743104], [-8.309431, 41.73405], [-8.299283, 41.728748], [-8.287278, 41.727007], [-8.275231, 41.729169], [-8.267243, 41.733789], [-8.259156, 41.742744], [-8.25735, 41.751739], [-8.260292, 41.760765], [-8.269497, 41.76905], [-8.269565, 41.767474], [-8.275272, 41.76543], [-8.268804, 41.76082], [-8.263547, 41.751779], [-8.265731, 41.742786], [-8.275169, 41.734663], [-8.278505, 41.73386], [-8.287221, 41.732164], [-8.295466, 41.733965], [-8.299213, 41.735178], [-8.30811, 41.743049], [-8.309962, 41.752067], [-8.306297, 41.758601], [-8.311096, 41.762195], [-8.315452, 41.761738]]], [[[-8.119407, 41.693647], [-8.113711, 41.696679], [-8.119281, 41.70287], [-8.124344, 41.696761], [-8.119407, 41.693647]], [[-8.117473, 41.696708], [-8.119379, 41.695693], [-8.121032, 41.696736], [-8.119337, 41.698781], [-8.117473, 41.696708]]], [[[-8.132275, 41.630342], [-8.128624, 41.633744], [-8.132177, 41.637637], [-8.139221, 41.633824], [-8.132275, 41.630342]]], [[[-8.084468, 41.615195], [-8.084463, 41.61555], [-8.08539, 41.615394], [-8.084468, 41.615195]]], [[[-8.095973, 41.543866], [-8.10944, 41.544828], [-8.121512, 41.538725], [-8.124956, 41.534637], [-8.125684, 41.525635], [-8.115509, 41.51655], [-8.109852, 41.514763], [-8.097871, 41.514579], [-8.091196, 41.516697], [-8.091112, 41.516767], [-8.090897, 41.516946], [-8.090841, 41.516992], [-8.090597, 41.517194], [-8.090298, 41.517442], [-8.090297, 41.517443], [-8.090027, 41.517667], [-8.089998, 41.517691], [-8.089756, 41.517892], [-8.089698, 41.51794], [-8.090594, 41.522169], [-8.093289, 41.522734], [-8.097808, 41.519086], [-8.1098, 41.518605], [-8.11877, 41.525582], [-8.115968, 41.534568], [-8.109527, 41.538462], [-8.097774, 41.537768], [-8.106759, 41.543557], [-8.101666, 41.542655], [-8.095973, 41.543866]]], [[[-8.091868, 41.531848], [-8.091868, 41.531848], [-8.091786, 41.531557], [-8.091868, 41.531848]]], [[[-8.091678, 41.531173], [-8.091678, 41.531173], [-8.091487, 41.530498], [-8.091678, 41.531173]]], [[[-8.68522, 41.487055], [-8.68907, 41.483501], [-8.69059, 41.474498], [-8.684053, 41.465473], [-8.67337, 41.461219], [-8.661392, 41.461929], [-8.655198, 41.46539], [-8.64803, 41.474375], [-8.64996, 41.483389], [-8.66124, 41.49111], [-8.672484, 41.492463], [-8.68522, 41.487055]], [[-8.661279, 41.483641], [-8.65932, 41.474409], [-8.661338, 41.472414], [-8.673315, 41.472281], [-8.675984, 41.474458], [-8.674017, 41.48346], [-8.661279, 41.483641]]], [[[-8.661837, 41.376255], [-8.665678, 41.366337], [-8.664252, 41.357326], [-8.657798, 41.348299], [-8.650059, 41.34261], [-8.638132, 41.337934], [-8.626186, 41.337032], [-8.614219, 41.339543], [-8.601637, 41.348118], [-8.597009, 41.35711], [-8.597268, 41.366118], [-8.602252, 41.375143], [-8.613957, 41.383983], [-8.625894, 41.387914], [-8.637852, 41.388442], [-8.649829, 41.385448], [-8.661837, 41.376255]], [[-8.637885, 41.382442], [-8.625928, 41.382], [-8.613997, 41.377136], [-8.605041, 41.366145], [-8.604738, 41.357137], [-8.610639, 41.348149], [-8.626159, 41.341708], [-8.638108, 41.342265], [-8.650034, 41.347184], [-8.658303, 41.357308], [-8.659138, 41.366318], [-8.653758, 41.37531], [-8.649867, 41.378374], [-8.637885, 41.382442]]]]}}, {"id": "5", "type": "Feature", "properties": {"fill": "#ea870e", "value_min": -2.33, "value_max": -2.0}, "geometry": {"type": "MultiPolygon", "coordinates": [[[[-7.888645, 41.835081], [-7.901184, 41.82094], [-7.905538, 41.811974], [-7.906962, 41.802981], [-7.904971, 41.793955], [-7.893662, 41.775833], [-7.890927, 41.757793], [-7.885182, 41.748731], [-7.878179, 41.744682], [-7.866186, 41.742773], [-7.854127, 41.744615], [-7.845055, 41.748335], [-7.835876, 41.757249], [-7.831512, 41.775218], [-7.819961, 41.80212], [-7.819792, 41.811125], [-7.822292, 41.820158], [-7.828247, 41.829225], [-7.838738, 41.838339], [-7.852355, 41.844001], [-7.864388, 41.844687], [-7.876482, 41.84193], [-7.888645, 41.835081]], [[-7.876554, 41.837818], [-7.86447, 41.84005], [-7.852456, 41.838396], [-7.840519, 41.832468], [-7.830407, 41.820241], [-7.828398, 41.811213], [-7.829703, 41.80222], [-7.834796, 41.793265], [-7.853554, 41.776838], [-7.859701, 41.775501], [-7.853608, 41.773781], [-7.849284, 41.766391], [-7.848499, 41.757376], [-7.853988, 41.752428], [-7.866078, 41.748921], [-7.879027, 41.757678], [-7.877428, 41.766669], [-7.868182, 41.775585], [-7.877583, 41.778867], [-7.884494, 41.784752], [-7.889479, 41.786805], [-7.896576, 41.793875], [-7.901078, 41.802925], [-7.901458, 41.811935], [-7.897971, 41.820909], [-7.88871, 41.831347], [-7.876554, 41.837818]]], [[[-8.325274, 41.765098], [-8.327801, 41.76118], [-8.32941, 41.752183], [-8.327405, 41.743164], [-8.321216, 41.73412], [-8.307451, 41.725031], [-8.299355, 41.722122], [-8.287343, 41.721115], [-8.275294, 41.723538], [-8.263199, 41.729885], [-8.252973, 41.742704], [-8.251247, 41.7517], [-8.252929, 41.760718], [-8.262158, 41.77311], [-8.269497, 41.76905], [-8.260292, 41.760765], [-8.25735, 41.751739], [-8.259156, 41.742744], [-8.267243, 41.733789], [-8.275231, 41.729169], [-8.287278, 41.727007], [-8.299283, 41.728748], [-8.309431, 41.73405], [-8.317219, 41.743104], [-8.318975, 41.752121], [-8.315452, 41.761738], [-8.318308, 41.761283], [-8.325274, 41.765098]]], [[[-7.909089, 41.712933], [-7.902847, 41.708526], [-7.890812, 41.709425], [-7.887832, 41.712729], [-7.886713, 41.721725], [-7.890509, 41.727021], [-7.902528, 41.727295], [-7.90904, 41.721939], [-7.909089, 41.712933]]], [[[-8.127655, 41.696786], [-8.119435, 41.691601], [-8.10995, 41.69665], [-8.116509, 41.705708], [-8.11923, 41.706593], [-8.127655, 41.696786]], [[-8.119407, 41.693647], [-8.124344, 41.696761], [-8.119281, 41.70287], [-8.113711, 41.696679], [-8.119407, 41.693647]]], [[[-8.150765, 41.63391], [-8.144364, 41.623981], [-8.132399, 41.62105], [-8.12401, 41.624702], [-8.118664, 41.633668], [-8.126922, 41.642738], [-8.132079, 41.644915], [-8.144821, 41.642873], [-8.150765, 41.63391]], [[-8.132275, 41.630342], [-8.139221, 41.633824], [-8.132177, 41.637637], [-8.128624, 41.633744], [-8.132275, 41.630342]]], [[[-8.456444, 41.627472], [-8.456454, 41.626227], [-8.444511, 41.619126], [-8.434656, 41.626649], [-8.444368, 41.635732], [-8.456444, 41.627472]]], [[[-8.106157, 41.615557], [-8.100954, 41.606509], [-8.096628, 41.603894], [-8.084638, 41.603169], [-8.079276, 41.606338], [-8.074019, 41.615303], [-8.084322, 41.625479], [-8.098757, 41.624506], [-8.106157, 41.615557]], [[-8.084468, 41.615195], [-8.08539, 41.615394], [-8.084463, 41.61555], [-8.084468, 41.615195]]], [[[-8.083388, 41.545969], [-8.09736, 41.551355], [-8.109349, 41.55146], [-8.121391, 41.547655], [-8.126644, 41.543657], [-8.13246, 41.534694], [-8.131972, 41.525683], [-8.123842, 41.516614], [-8.109889, 41.512107], [-8.097913, 41.51153], [-8.0906, 41.513229], [-8.091196, 41.516697], [-8.097871, 41.514579], [-8.109852, 41.514763], [-8.115509, 41.51655], [-8.125684, 41.525635], [-8.124956, 41.534637], [-8.121512, 41.538725], [-8.10944, 41.544828], [-8.095973, 41.543866], [-8.094175, 41.544904], [-8.087885, 41.542876], [-8.083388, 41.545969]]], [[[-8.089698, 41.51794], [-8.089698, 41.51794], [-8.089756, 41.517892], [-8.089698, 41.51794]]], [[[-8.089998, 41.517691], [-8.089998, 41.517691], [-8.090027, 41.517667], [-8.089998, 41.517691]]], [[[-8.090297, 41.517443], [-8.090297, 41.517443], [-8.090298, 41.517442], [-8.090297, 41.517443]]], [[[-8.090597, 41.517194], [-8.090597, 41.517194], [-8.090841, 41.516992], [-8.090597, 41.517194]]], [[[-8.090897, 41.516946], [-8.090897, 41.516946], [-8.091112, 41.516767], [-8.090897, 41.516946]]], [[[-8.697186, 41.489667], [-8.702169, 41.483536], [-8.703552, 41.474532], [-8.699913, 41.465515], [-8.688783, 41.456478], [-8.673416, 41.452157], [-8.661437, 41.453262], [-8.649433, 41.459054], [-8.643537, 41.465354], [-8.640257, 41.474351], [-8.642375, 41.483366], [-8.651923, 41.492402], [-8.661212, 41.496659], [-8.673183, 41.498523], [-8.685172, 41.496833], [-8.694347, 41.492523], [-8.697186, 41.489667]], [[-8.68522, 41.487055], [-8.672484, 41.492463], [-8.66124, 41.49111], [-8.64996, 41.483389], [-8.64803, 41.474375], [-8.655198, 41.46539], [-8.661392, 41.461929], [-8.67337, 41.461219], [-8.684053, 41.465473], [-8.69059, 41.474498], [-8.68907, 41.483501], [-8.68522, 41.487055]]], [[[-8.64979, 41.392729], [-8.661783, 41.386732], [-8.670476, 41.375359], [-8.671944, 41.366355], [-8.669768, 41.357342], [-8.663746, 41.348316], [-8.650082, 41.338249], [-8.638154, 41.334036], [-8.626211, 41.332676], [-8.614251, 41.33414], [-8.60227, 41.339083], [-8.592668, 41.348087], [-8.589033, 41.357082], [-8.589318, 41.36609], [-8.593259, 41.375112], [-8.601996, 41.384042], [-8.613917, 41.39078], [-8.625859, 41.394074], [-8.637816, 41.394892], [-8.64979, 41.392729]], [[-8.661837, 41.376255], [-8.649829, 41.385448], [-8.637852, 41.388442], [-8.625894, 41.387914], [-8.613957, 41.383983], [-8.602252, 41.375143], [-8.597268, 41.366118], [-8.597009, 41.35711], [-8.601637, 41.348118], [-8.614219, 41.339543], [-8.626186, 41.337032], [-8.638132, 41.337934], [-8.650059, 41.34261], [-8.657798, 41.348299], [-8.664252, 41.357326], [-8.665678, 41.366337], [-8.661837, 41.376255]]]]}}, {"id": "3", "type": "Feature", "properties": {"fill": "#c33119", "value_min": -3.0, "value_max": -2.67}, "geometry": {"type": "MultiPolygon", "coordinates": [[[[-7.864539, 41.836166], [-7.876611, 41.834553], [-7.888774, 41.827629], [-7.894773, 41.820878], [-7.898233, 41.811905], [-7.89693, 41.802885], [-7.889357, 41.793857], [-7.877432, 41.787514], [-7.865416, 41.786508], [-7.853339, 41.788912], [-7.845941, 41.793378], [-7.837338, 41.802298], [-7.834863, 41.811279], [-7.8371, 41.820309], [-7.845116, 41.829396], [-7.852539, 41.833704], [-7.864539, 41.836166]], [[-7.864602, 41.832627], [-7.852624, 41.828982], [-7.843283, 41.820371], [-7.841133, 41.811343], [-7.844157, 41.802366], [-7.853229, 41.795061], [-7.865333, 41.791212], [-7.877351, 41.792197], [-7.889274, 41.798665], [-7.892781, 41.802845], [-7.895093, 41.811874], [-7.888838, 41.823925], [-7.876668, 41.831289], [-7.864602, 41.832627]]], [[[-8.306297, 41.758601], [-8.309962, 41.752067], [-8.30811, 41.743049], [-8.299213, 41.735178], [-8.295466, 41.733965], [-8.287221, 41.732164], [-8.278505, 41.73386], [-8.275169, 41.734663], [-8.265731, 41.742786], [-8.263547, 41.751779], [-8.268804, 41.76082], [-8.275272, 41.76543], [-8.280681, 41.764083], [-8.284037, 41.760804], [-8.274912, 41.757534], [-8.270815, 41.751826], [-8.272972, 41.742832], [-8.275098, 41.741003], [-8.287157, 41.737995], [-8.299129, 41.74288], [-8.301267, 41.752015], [-8.294547, 41.757718], [-8.306297, 41.758601]]], [[[-8.117473, 41.696708], [-8.119337, 41.698781], [-8.121032, 41.696736], [-8.119379, 41.695693], [-8.117473, 41.696708]]], [[[-8.097774, 41.537768], [-8.109527, 41.538462], [-8.115968, 41.534568], [-8.11877, 41.525582], [-8.1098, 41.518605], [-8.097808, 41.519086], [-8.093289, 41.522734], [-8.091487, 41.530498], [-8.091678, 41.531173], [-8.091786, 41.531557], [-8.091868, 41.531848], [-8.095978, 41.534325], [-8.097774, 41.537768]], [[-8.101259, 41.525447], [-8.109716, 41.524699], [-8.110773, 41.525521], [-8.109672, 41.527879], [-8.101259, 41.525447]]], [[[-8.661279, 41.483641], [-8.674017, 41.48346], [-8.675984, 41.474458], [-8.673315, 41.472281], [-8.661338, 41.472414], [-8.65932, 41.474409], [-8.661279, 41.483641]]], [[[-8.637885, 41.382442], [-8.649867, 41.378374], [-8.653758, 41.37531], [-8.659138, 41.366318], [-8.658303, 41.357308], [-8.650034, 41.347184], [-8.638108, 41.342265], [-8.626159, 41.341708], [-8.610639, 41.348149], [-8.604738, 41.357137], [-8.605041, 41.366145], [-8.613997, 41.377136], [-8.625928, 41.382], [-8.637885, 41.382442]], [[-8.625961, 41.376199], [-8.612752, 41.366171], [-8.612363, 41.357163], [-8.622165, 41.348187], [-8.62613, 41.346699], [-8.638083, 41.346811], [-8.652039, 41.357289], [-8.652182, 41.366297], [-8.649914, 41.369578], [-8.637918, 41.376636], [-8.625961, 41.376199]]]]}}, {"id": "6", "type": "Feature", "properties": {"fill": "#e79f24", "value_min": -2.0, "value_max": -1.67}, "geometry": {"type": "MultiPolygon", "coordinates": [[[[-7.874563, 41.846802], [-7.88858, 41.838817], [-7.897642, 41.829912], [-7.909619, 41.812013], [-7.913309, 41.800937], [-7.92546, 41.794149], [-7.937432, 41.797978], [-7.949477, 41.797501], [-7.95561, 41.794427], [-7.958025, 41.785442], [-7.951162, 41.776373], [-7.956805, 41.75841], [-7.950233, 41.751127], [-7.938235, 41.749316], [-7.926101, 41.755734], [-7.914073, 41.755695], [-7.911417, 41.748983], [-7.911185, 41.739973], [-7.914385, 41.737198], [-7.921951, 41.722061], [-7.921149, 41.713047], [-7.91492, 41.705396], [-7.902986, 41.700347], [-7.890925, 41.702841], [-7.882172, 41.712674], [-7.878417, 41.730991], [-7.866298, 41.73643], [-7.842141, 41.742348], [-7.829563, 41.748178], [-7.819914, 41.757086], [-7.815136, 41.766044], [-7.810146, 41.784006], [-7.808139, 41.801998], [-7.809391, 41.811018], [-7.818638, 41.829127], [-7.827062, 41.83822], [-7.840259, 41.846849], [-7.852243, 41.850314], [-7.864294, 41.850046], [-7.872755, 41.847234], [-7.873066, 41.844875], [-7.874563, 41.846802]], [[-7.888645, 41.835081], [-7.876482, 41.84193], [-7.864388, 41.844687], [-7.852355, 41.844001], [-7.838738, 41.838339], [-7.828247, 41.829225], [-7.822292, 41.820158], [-7.819792, 41.811125], [-7.819961, 41.80212], [-7.831512, 41.775218], [-7.835876, 41.757249], [-7.845055, 41.748335], [-7.854127, 41.744615], [-7.866186, 41.742773], [-7.878179, 41.744682], [-7.885182, 41.748731], [-7.890927, 41.757793], [-7.893662, 41.775833], [-7.904971, 41.793955], [-7.906962, 41.802981], [-7.905538, 41.811974], [-7.901184, 41.82094], [-7.888645, 41.835081]], [[-7.909089, 41.712933], [-7.90904, 41.721939], [-7.902528, 41.727295], [-7.890509, 41.727021], [-7.886713, 41.721725], [-7.887832, 41.712729], [-7.890812, 41.709425], [-7.902847, 41.708526], [-7.909089, 41.712933]]], [[[-8.342959, 41.761557], [-8.343341, 41.752263], [-8.341, 41.743243], [-8.335149, 41.734202], [-8.326025, 41.725142], [-8.311428, 41.717344], [-8.299439, 41.714407], [-8.28742, 41.714181], [-8.27537, 41.716792], [-8.263284, 41.722436], [-8.251203, 41.733686], [-8.246007, 41.742659], [-8.244214, 41.751654], [-8.245071, 41.760666], [-8.248693, 41.769697], [-8.25389, 41.776494], [-8.257551, 41.773564], [-8.261762, 41.774235], [-8.262158, 41.77311], [-8.252929, 41.760718], [-8.251247, 41.7517], [-8.252973, 41.742704], [-8.263199, 41.729885], [-8.275294, 41.723538], [-8.287343, 41.721115], [-8.299355, 41.722122], [-8.307451, 41.725031], [-8.321216, 41.73412], [-8.327405, 41.743164], [-8.32941, 41.752183], [-8.327801, 41.76118], [-8.325274, 41.765098], [-8.328234, 41.763292], [-8.336653, 41.763728], [-8.342959, 41.761557]]], [[[-8.130967, 41.696811], [-8.119463, 41.689556], [-8.106701, 41.696625], [-8.107421, 41.705638], [-8.119191, 41.709463], [-8.130967, 41.696811]], [[-8.127655, 41.696786], [-8.11923, 41.706593], [-8.116509, 41.705708], [-8.10995, 41.69665], [-8.119435, 41.691601], [-8.127655, 41.696786]]], [[[-8.468369, 41.637156], [-8.471771, 41.626826], [-8.466958, 41.617796], [-8.456578, 41.611556], [-8.444592, 41.609625], [-8.432565, 41.612525], [-8.425428, 41.617596], [-8.421681, 41.626585], [-8.425107, 41.635609], [-8.432308, 41.641885], [-8.44428, 41.646034], [-8.456296, 41.64506], [-8.468369, 41.637156]], [[-8.456444, 41.627472], [-8.444368, 41.635732], [-8.434656, 41.626649], [-8.444511, 41.619126], [-8.456454, 41.626227], [-8.456444, 41.627472]]], [[[-8.156145, 41.641075], [-8.160389, 41.63398], [-8.156393, 41.622082], [-8.144507, 41.613158], [-8.122894, 41.606679], [-8.108727, 41.596695], [-8.096791, 41.592168], [-8.084791, 41.592341], [-8.07271, 41.598072], [-8.065992, 41.606231], [-8.065037, 41.61523], [-8.070934, 41.624285], [-8.084255, 41.630201], [-8.108245, 41.631745], [-8.117815, 41.642668], [-8.132024, 41.648984], [-8.144038, 41.64861], [-8.155099, 41.642949], [-8.156145, 41.641075]], [[-8.150765, 41.63391], [-8.144821, 41.642873], [-8.132079, 41.644915], [-8.126922, 41.642738], [-8.118664, 41.633668], [-8.12401, 41.624702], [-8.132399, 41.62105], [-8.144364, 41.623981], [-8.150765, 41.63391]], [[-8.106157, 41.615557], [-8.098757, 41.624506], [-8.084322, 41.625479], [-8.074019, 41.615303], [-8.079276, 41.606338], [-8.084638, 41.603169], [-8.096628, 41.603894], [-8.100954, 41.606509], [-8.106157, 41.615557]]], [[[-8.528748, 41.57303], [-8.516906, 41.568821], [-8.510168, 41.572952], [-8.514038, 41.581976], [-8.516797, 41.583452], [-8.521976, 41.582009], [-8.528748, 41.57303]]], [[[-8.073118, 41.551198], [-8.085269, 41.558445], [-8.097227, 41.560907], [-8.109221, 41.560802], [-8.121252, 41.557913], [-8.133354, 41.549666], [-8.138205, 41.543744], [-8.141236, 41.53476], [-8.139692, 41.525741], [-8.13129, 41.51667], [-8.109925, 41.50945], [-8.0915, 41.509224], [-8.0906, 41.513229], [-8.097913, 41.51153], [-8.109889, 41.512107], [-8.123842, 41.516614], [-8.131972, 41.525683], [-8.13246, 41.534694], [-8.126644, 41.543657], [-8.121391, 41.547655], [-8.109349, 41.55146], [-8.09736, 41.551355], [-8.083388, 41.545969], [-8.080687, 41.551651], [-8.074396, 41.549848], [-8.073118, 41.551198]]], [[[-8.709141, 41.495231], [-8.717628, 41.483575], [-8.718736, 41.47457], [-8.716448, 41.465557], [-8.709317, 41.455902], [-8.697383, 41.447448], [-8.685433, 41.442891], [-8.673469, 41.441437], [-8.661492, 41.442804], [-8.649493, 41.448086], [-8.637458, 41.459266], [-8.633987, 41.465324], [-8.632203, 41.474326], [-8.634702, 41.483341], [-8.642893, 41.492375], [-8.661185, 41.501831], [-8.673152, 41.504728], [-8.685133, 41.504968], [-8.697127, 41.502305], [-8.709141, 41.495231]], [[-8.697186, 41.489667], [-8.694347, 41.492523], [-8.685172, 41.496833], [-8.673183, 41.498523], [-8.661212, 41.496659], [-8.651923, 41.492402], [-8.642375, 41.483366], [-8.640257, 41.474351], [-8.643537, 41.465354], [-8.649433, 41.459054], [-8.661437, 41.453262], [-8.673416, 41.452157], [-8.688783, 41.456478], [-8.699913, 41.465515], [-8.703552, 41.474532], [-8.702169, 41.483536], [-8.697186, 41.489667]]], [[[-8.649741, 41.401929], [-8.661724, 41.398071], [-8.668035, 41.393367], [-8.67563, 41.384381], [-8.678732, 41.375382], [-8.678564, 41.366374], [-8.675376, 41.357358], [-8.669047, 41.348332], [-8.658346, 41.339293], [-8.650102, 41.334469], [-8.638175, 41.330133], [-8.626236, 41.328215], [-8.614283, 41.328734], [-8.602314, 41.331963], [-8.590238, 41.339071], [-8.582553, 41.348051], [-8.579687, 41.357048], [-8.579961, 41.366056], [-8.583298, 41.375076], [-8.590654, 41.38411], [-8.601944, 41.392628], [-8.613871, 41.398496], [-8.637772, 41.402969], [-8.649741, 41.401929]], [[-8.64979, 41.392729], [-8.637816, 41.394892], [-8.625859, 41.394074], [-8.613917, 41.39078], [-8.601996, 41.384042], [-8.593259, 41.375112], [-8.589318, 41.36609], [-8.589033, 41.357082], [-8.592668, 41.348087], [-8.60227, 41.339083], [-8.614251, 41.33414], [-8.626211, 41.332676], [-8.638154, 41.334036], [-8.650082, 41.338249], [-8.663746, 41.348316], [-8.669768, 41.357342], [-8.671944, 41.366355], [-8.670476, 41.375359], [-8.661783, 41.386732], [-8.64979, 41.392729]]], [[[-8.201937, 41.377197], [-8.201027, 41.382065], [-8.207223, 41.391751], [-8.219131, 41.396237], [-8.231103, 41.395416], [-8.239007, 41.39133], [-8.245163, 41.382363], [-8.243725, 41.373346], [-8.240101, 41.370414], [-8.224854, 41.370878], [-8.21738, 41.368182], [-8.211712, 41.376065], [-8.201937, 41.377197]]]]}}, {"id": "2", "type": "Feature", "properties": {"fill": "#ae1c1c", "value_min": -3.33, "value_max": -3.0}, "geometry": {"type": "MultiPolygon", "coordinates": [[[[-7.864602, 41.832627], [-7.876668, 41.831289], [-7.888838, 41.823925], [-7.895093, 41.811874], [-7.892781, 41.802845], [-7.889274, 41.798665], [-7.877351, 41.792197], [-7.865333, 41.791212], [-7.853229, 41.795061], [-7.844157, 41.802366], [-7.841133, 41.811343], [-7.843283, 41.820371], [-7.852624, 41.828982], [-7.864602, 41.832627]], [[-7.864666, 41.828993], [-7.852713, 41.823983], [-7.848856, 41.820427], [-7.845972, 41.811391], [-7.850199, 41.802427], [-7.85314, 41.800059], [-7.865259, 41.795368], [-7.877285, 41.795978], [-7.888429, 41.802803], [-7.891955, 41.811844], [-7.88799, 41.820813], [-7.876728, 41.827863], [-7.864666, 41.828993]]], [[[-8.294547, 41.757718], [-8.301267, 41.752015], [-8.299129, 41.74288], [-8.287157, 41.737995], [-8.275098, 41.741003], [-8.272972, 41.742832], [-8.270815, 41.751826], [-8.274912, 41.757534], [-8.284037, 41.760804], [-8.284931, 41.757507], [-8.287033, 41.756829], [-8.294547, 41.757718]], [[-8.285522, 41.751918], [-8.287026, 41.749872], [-8.287902, 41.751933], [-8.285522, 41.751918]]], [[[-8.101259, 41.525447], [-8.109672, 41.527879], [-8.110773, 41.525521], [-8.109716, 41.524699], [-8.101259, 41.525447]]], [[[-8.625961, 41.376199], [-8.637918, 41.376636], [-8.649914, 41.369578], [-8.652182, 41.366297], [-8.652039, 41.357289], [-8.638083, 41.346811], [-8.62613, 41.346699], [-8.622165, 41.348187], [-8.612363, 41.357163], [-8.612752, 41.366171], [-8.625961, 41.376199]], [[-8.626007, 41.368307], [-8.623238, 41.366206], [-8.622429, 41.357196], [-8.626087, 41.354276], [-8.638044, 41.353794], [-8.642667, 41.357261], [-8.641964, 41.366266], [-8.63796, 41.369022], [-8.626007, 41.368307]]]]}}, {"id": "7", "type": "Feature", "properties": {"fill": "#cba158", "value_min": -1.67, "value_max": -1.33}, "geometry": {"type": "MultiPolygon", "coordinates": [[[[-7.877984, 41.850962], [-7.888494, 41.843831], [-7.900764, 41.830648], [-7.913108, 41.812825], [-7.9253, 41.803711], [-7.949392, 41.802695], [-7.965604, 41.794517], [-7.969996, 41.78555], [-7.969163, 41.758522], [-7.964009, 41.749469], [-7.941247, 41.731247], [-7.934987, 41.713176], [-7.927017, 41.700694], [-7.915131, 41.692799], [-7.903147, 41.690897], [-7.891055, 41.695281], [-7.878793, 41.709364], [-7.873422, 41.721596], [-7.866416, 41.7297], [-7.854325, 41.733496], [-7.823391, 41.739108], [-7.805997, 41.745946], [-7.802355, 41.747897], [-7.794723, 41.756824], [-7.791772, 41.7658], [-7.790864, 41.783804], [-7.793022, 41.80184], [-7.795987, 41.810878], [-7.807852, 41.829016], [-7.828163, 41.849623], [-7.840096, 41.85586], [-7.852101, 41.858236], [-7.868811, 41.854972], [-7.87033, 41.851395], [-7.873043, 41.850501], [-7.872755, 41.847234], [-7.864294, 41.850046], [-7.852243, 41.850314], [-7.840259, 41.846849], [-7.827062, 41.83822], [-7.818638, 41.829127], [-7.809391, 41.811018], [-7.808139, 41.801998], [-7.810146, 41.784006], [-7.815136, 41.766044], [-7.819914, 41.757086], [-7.829563, 41.748178], [-7.842141, 41.742348], [-7.866298, 41.73643], [-7.878417, 41.730991], [-7.882172, 41.712674], [-7.890925, 41.702841], [-7.902986, 41.700347], [-7.91492, 41.705396], [-7.921149, 41.713047], [-7.921951, 41.722061], [-7.914385, 41.737198], [-7.911185, 41.739973], [-7.911417, 41.748983], [-7.914073, 41.755695], [-7.926101, 41.755734], [-7.938235, 41.749316], [-7.950233, 41.751127], [-7.956805, 41.75841], [-7.951162, 41.776373], [-7.958025, 41.785442], [-7.95561, 41.794427], [-7.949477, 41.797501], [-7.937432, 41.797978], [-7.92546, 41.794149], [-7.913309, 41.800937], [-7.909619, 41.812013], [-7.897642, 41.829912], [-7.88858, 41.838817], [-7.874563, 41.846802], [-7.877984, 41.850962]]], [[[-8.360159, 41.735324], [-8.350785, 41.725284], [-8.337766, 41.716203], [-8.323538, 41.70893], [-8.31156, 41.705014], [-8.29956, 41.703186], [-8.287534, 41.703836], [-8.275477, 41.707288], [-8.263392, 41.712986], [-8.251259, 41.72262], [-8.242287, 41.733627], [-8.23858, 41.74261], [-8.236624, 41.760611], [-8.241873, 41.778659], [-8.246623, 41.78573], [-8.251257, 41.784375], [-8.251845, 41.777172], [-8.25389, 41.776494], [-8.248693, 41.769697], [-8.245071, 41.760666], [-8.244214, 41.751654], [-8.246007, 41.742659], [-8.251203, 41.733686], [-8.263284, 41.722436], [-8.27537, 41.716792], [-8.28742, 41.714181], [-8.299439, 41.714407], [-8.311428, 41.717344], [-8.326025, 41.725142], [-8.335149, 41.734202], [-8.341, 41.743243], [-8.343341, 41.752263], [-8.342959, 41.761557], [-8.344765, 41.762363], [-8.349267, 41.760103], [-8.351959, 41.756272], [-8.352545, 41.751769], [-8.349814, 41.744122], [-8.352516, 41.743441], [-8.352203, 41.739616], [-8.357897, 41.735103], [-8.360159, 41.735324]]], [[[-8.429391, 41.71986], [-8.430846, 41.716702], [-8.419692, 41.709567], [-8.407636, 41.713518], [-8.404505, 41.716568], [-8.405836, 41.722844], [-8.417349, 41.725067], [-8.422737, 41.720552], [-8.429391, 41.71986]]], [[[-8.131339, 41.699961], [-8.136654, 41.696854], [-8.131475, 41.689869], [-8.119491, 41.68746], [-8.104598, 41.696609], [-8.103711, 41.705609], [-8.10716, 41.710304], [-8.119152, 41.712333], [-8.131339, 41.699961]], [[-8.130967, 41.696811], [-8.119191, 41.709463], [-8.107421, 41.705638], [-8.106701, 41.696625], [-8.119463, 41.689556], [-8.130967, 41.696811]]], [[[-8.480264, 41.65106], [-8.48663, 41.644907], [-8.490721, 41.635918], [-8.491062, 41.626913], [-8.487955, 41.617892], [-8.477641, 41.608838], [-8.456658, 41.601975], [-8.444664, 41.601301], [-8.432649, 41.60299], [-8.419827, 41.608561], [-8.411205, 41.617524], [-8.409377, 41.626522], [-8.412149, 41.635543], [-8.420273, 41.644921], [-8.432208, 41.653273], [-8.444174, 41.658322], [-8.456174, 41.659572], [-8.468201, 41.657571], [-8.480264, 41.65106]], [[-8.468369, 41.637156], [-8.456296, 41.64506], [-8.44428, 41.646034], [-8.432308, 41.641885], [-8.425107, 41.635609], [-8.421681, 41.626585], [-8.425428, 41.617596], [-8.432565, 41.612525], [-8.444592, 41.609625], [-8.456578, 41.611556], [-8.466958, 41.617796], [-8.471771, 41.626826], [-8.468369, 41.637156]]], [[[-8.062911, 41.575501], [-8.063233, 41.579187], [-8.054326, 41.597128], [-8.052876, 41.606123], [-8.054736, 41.615146], [-8.061533, 41.624209], [-8.072238, 41.631057], [-8.07871, 41.633355], [-8.096177, 41.636203], [-8.108128, 41.640216], [-8.120024, 41.64835], [-8.131967, 41.653266], [-8.143962, 41.654331], [-8.153773, 41.651946], [-8.167609, 41.64304], [-8.173088, 41.634072], [-8.173602, 41.625069], [-8.170116, 41.616037], [-8.156667, 41.601009], [-8.141022, 41.588801], [-8.134656, 41.579746], [-8.136304, 41.570752], [-8.14523, 41.558342], [-8.151526, 41.543843], [-8.15203, 41.53484], [-8.149054, 41.52581], [-8.140789, 41.516742], [-8.133836, 41.513594], [-8.113711, 41.507529], [-8.0927, 41.505633], [-8.0915, 41.509224], [-8.109925, 41.50945], [-8.13129, 41.51667], [-8.139692, 41.525741], [-8.141236, 41.53476], [-8.138205, 41.543744], [-8.133354, 41.549666], [-8.121252, 41.557913], [-8.109221, 41.560802], [-8.097227, 41.560907], [-8.085269, 41.558445], [-8.073118, 41.551198], [-8.076188, 41.557276], [-8.079783, 41.558403], [-8.082176, 41.564032], [-8.075279, 41.568305], [-8.073182, 41.568079], [-8.069283, 41.570553], [-8.068081, 41.573478], [-8.062911, 41.575501]], [[-8.156145, 41.641075], [-8.155099, 41.642949], [-8.144038, 41.64861], [-8.132024, 41.648984], [-8.117815, 41.642668], [-8.108245, 41.631745], [-8.084255, 41.630201], [-8.070934, 41.624285], [-8.065037, 41.61523], [-8.065992, 41.606231], [-8.07271, 41.598072], [-8.084791, 41.592341], [-8.096791, 41.592168], [-8.108727, 41.596695], [-8.122894, 41.606679], [-8.144507, 41.613158], [-8.156393, 41.622082], [-8.160389, 41.63398], [-8.156145, 41.641075]]], [[[-8.540746, 41.589806], [-8.545422, 41.582104], [-8.545081, 41.573096], [-8.537606, 41.564058], [-8.528963, 41.560118], [-8.516977, 41.559319], [-8.504423, 41.56392], [-8.497022, 41.572895], [-8.495838, 41.581898], [-8.500271, 41.590924], [-8.504709, 41.595356], [-8.516683, 41.598695], [-8.528692, 41.597421], [-8.540746, 41.589806]], [[-8.528748, 41.57303], [-8.521976, 41.582009], [-8.516797, 41.583452], [-8.514038, 41.581976], [-8.510168, 41.572952], [-8.516906, 41.568821], [-8.528748, 41.57303]]], [[[-8.721071, 41.506877], [-8.728527, 41.501616], [-8.735779, 41.492625], [-8.739348, 41.483626], [-8.739946, 41.47462], [-8.737955, 41.465608], [-8.733142, 41.456589], [-8.721342, 41.44374], [-8.709408, 41.435344], [-8.677354, 41.420416], [-8.676088, 41.411405], [-8.685192, 41.393415], [-8.687379, 41.384414], [-8.687464, 41.375406], [-8.681258, 41.357374], [-8.674361, 41.348347], [-8.664331, 41.339311], [-8.650122, 41.330688], [-8.638198, 41.32605], [-8.626262, 41.323612], [-8.614316, 41.323168], [-8.602357, 41.324814], [-8.590381, 41.329069], [-8.576498, 41.339021], [-8.570311, 41.348006], [-8.567992, 41.357005], [-8.568357, 41.366014], [-8.571369, 41.375032], [-8.577824, 41.384064], [-8.58732, 41.393106], [-8.601885, 41.402373], [-8.613812, 41.408389], [-8.646217, 41.420325], [-8.647121, 41.429335], [-8.632838, 41.447306], [-8.624379, 41.465293], [-8.623585, 41.474298], [-8.626363, 41.483315], [-8.633951, 41.492346], [-8.648583, 41.5014], [-8.673118, 41.511395], [-8.685089, 41.513911], [-8.697072, 41.514162], [-8.709066, 41.512008], [-8.721071, 41.506877]], [[-8.709141, 41.495231], [-8.697127, 41.502305], [-8.685133, 41.504968], [-8.673152, 41.504728], [-8.661185, 41.501831], [-8.642893, 41.492375], [-8.634702, 41.483341], [-8.632203, 41.474326], [-8.633987, 41.465324], [-8.637458, 41.459266], [-8.649493, 41.448086], [-8.661492, 41.442804], [-8.673469, 41.441437], [-8.685433, 41.442891], [-8.697383, 41.447448], [-8.709317, 41.455902], [-8.716448, 41.465557], [-8.718736, 41.47457], [-8.717628, 41.483575], [-8.709141, 41.495231]], [[-8.649741, 41.401929], [-8.637772, 41.402969], [-8.613871, 41.398496], [-8.601944, 41.392628], [-8.590654, 41.38411], [-8.583298, 41.375076], [-8.579961, 41.366056], [-8.579687, 41.357048], [-8.582553, 41.348051], [-8.590238, 41.339071], [-8.602314, 41.331963], [-8.614283, 41.328734], [-8.626236, 41.328215], [-8.638175, 41.330133], [-8.650102, 41.334469], [-8.658346, 41.339293], [-8.669047, 41.348332], [-8.675376, 41.357358], [-8.678564, 41.366374], [-8.678732, 41.375382], [-8.67563, 41.384381], [-8.668035, 41.393367], [-8.661724, 41.398071], [-8.649741, 41.401929]]], [[[-8.182252, 41.376307], [-8.182429, 41.381934], [-8.186495, 41.39097], [-8.196231, 41.400046], [-8.207061, 41.405057], [-8.218999, 41.407221], [-8.230973, 41.406432], [-8.246275, 41.400385], [-8.25584, 41.39144], [-8.259673, 41.382457], [-8.259601, 41.373449], [-8.255783, 41.364417], [-8.249752, 41.358474], [-8.248141, 41.360052], [-8.248448, 41.364328], [-8.245461, 41.364781], [-8.244272, 41.368384], [-8.240101, 41.370414], [-8.243725, 41.373346], [-8.245163, 41.382363], [-8.239007, 41.39133], [-8.231103, 41.395416], [-8.219131, 41.396237], [-8.207223, 41.391751], [-8.201027, 41.382065], [-8.201937, 41.377197], [-8.199163, 41.377423], [-8.194976, 41.374275], [-8.191691, 41.376302], [-8.182252, 41.376307]]]]}}, {"id": "9", "type": "Feature", "properties": {"fill": "#a3a3a3", "value_min": -1.0, "value_max": -0.67}, "geometry": {"type": "MultiPolygon", "coordinates": [[[[-8.559305, 41.616813], [-8.564441, 41.616794], [-8.568056, 41.619031], [-8.570735, 41.616095], [-8.577321, 41.614269], [-8.581231, 41.615829], [-8.585766, 41.620988], [-8.591462, 41.620515], [-8.596534, 41.616668], [-8.601628, 41.615972], [-8.603996, 41.611686], [-8.613256, 41.606696], [-8.619881, 41.610269], [-8.621338, 41.604636], [-8.628833, 41.604378], [-8.636302, 41.600744], [-8.64075, 41.594422], [-8.645536, 41.593051], [-8.646744, 41.594171], [-8.649125, 41.591909], [-8.656622, 41.5921], [-8.660788, 41.588255], [-8.663794, 41.589141], [-8.665265, 41.585758], [-8.66948, 41.587989], [-8.684455, 41.586117], [-8.685608, 41.58071], [-8.697261, 41.576376], [-8.701703, 41.570277], [-8.707704, 41.570923], [-8.711586, 41.569327], [-8.716422, 41.573805], [-8.720316, 41.57356], [-8.725151, 41.577811], [-8.726633, 41.576003], [-8.734424, 41.575737], [-8.736564, 41.580228], [-8.738354, 41.579318], [-8.740778, 41.582006], [-8.74467, 41.581535], [-8.750711, 41.58623], [-8.756374, 41.582823], [-8.75635, 41.580347], [-8.762327, 41.578514], [-8.764443, 41.580303], [-8.767441, 41.580286], [-8.769874, 41.583874], [-8.768997, 41.58613], [-8.773228, 41.589482], [-8.775371, 41.593972], [-8.78556, 41.593464], [-8.797327, 41.600599], [-8.804218, 41.600109], [-8.80456, 41.604158], [-8.809434, 41.611332], [-8.828644, 41.609656], [-8.82839, 41.585633], [-8.818497, 41.554794], [-8.8221, 41.547542], [-8.821965, 41.534907], [-8.815926, 41.525624], [-8.81063, 41.5101], [-8.813279, 41.503483], [-8.812636, 41.496944], [-8.804699, 41.482068], [-8.798552, 41.474753], [-8.800767, 41.450833], [-8.804723, 41.440183], [-8.788989, 41.429683], [-8.7335, 41.398027], [-8.721577, 41.388616], [-8.68529, 41.348377], [-8.662076, 41.330078], [-8.638246, 41.317255], [-8.626322, 41.313155], [-8.602455, 41.308632], [-8.59051, 41.308546], [-8.569167, 41.311971], [-8.554613, 41.317032], [-8.546715, 41.320892], [-8.534844, 41.329852], [-8.528065, 41.338832], [-8.524344, 41.347825], [-8.524719, 41.365842], [-8.534103, 41.383895], [-8.542968, 41.392938], [-8.582985, 41.420113], [-8.593196, 41.429157], [-8.598839, 41.438184], [-8.601095, 41.456207], [-8.598519, 41.483221], [-8.602995, 41.492244], [-8.643226, 41.51039], [-8.6559, 41.519437], [-8.663797, 41.528467], [-8.671607, 41.546505], [-8.672313, 41.555514], [-8.670563, 41.564516], [-8.660792, 41.577055], [-8.64877, 41.581951], [-8.636768, 41.582925], [-8.62478, 41.581311], [-8.612807, 41.577457], [-8.600851, 41.571037], [-8.565045, 41.544552], [-8.553087, 41.540008], [-8.541106, 41.538847], [-8.529111, 41.539738], [-8.517103, 41.542415], [-8.505077, 41.547189], [-8.493027, 41.55486], [-8.468876, 41.575431], [-8.456844, 41.579768], [-8.420827, 41.583001], [-8.396794, 41.58726], [-8.348622, 41.605458], [-8.324556, 41.611559], [-8.300547, 41.612042], [-8.288565, 41.610246], [-8.264656, 41.601976], [-8.252734, 41.595156], [-8.228945, 41.57765], [-8.205219, 41.555995], [-8.176755, 41.517005], [-8.169813, 41.511509], [-8.157889, 41.50695], [-8.09807, 41.500237], [-8.072051, 41.492896], [-8.072348, 41.495601], [-8.078333, 41.49898], [-8.078332, 41.500331], [-8.082223, 41.501359], [-8.133898, 41.50893], [-8.154349, 41.516842], [-8.162912, 41.525912], [-8.167102, 41.53495], [-8.175659, 41.571041], [-8.196443, 41.607216], [-8.199225, 41.616243], [-8.199565, 41.625253], [-8.196996, 41.634242], [-8.19065, 41.643204], [-8.179748, 41.652134], [-8.167931, 41.658287], [-8.155887, 41.660885], [-8.143879, 41.660593], [-8.131903, 41.658017], [-8.108053, 41.645617], [-8.096107, 41.641159], [-8.07216, 41.636482], [-8.063057, 41.633228], [-8.048819, 41.624104], [-8.039288, 41.615018], [-8.031004, 41.602938], [-8.02367, 41.603156], [-8.019174, 41.601802], [-8.015872, 41.603824], [-8.013474, 41.603372], [-8.005971, 41.60629], [-8.003562, 41.611239], [-7.998761, 41.612809], [-7.999669, 41.608759], [-7.996976, 41.605829], [-7.996684, 41.602003], [-7.984685, 41.603564], [-7.982292, 41.60086], [-7.975689, 41.603552], [-7.974482, 41.606701], [-7.970882, 41.607147], [-7.969091, 41.603768], [-7.965796, 41.602413], [-7.9541, 41.602846], [-7.952606, 41.600592], [-7.947808, 41.60081], [-7.945413, 41.599456], [-7.942725, 41.595625], [-7.936132, 41.594488], [-7.93791, 41.601694], [-7.937004, 41.603718], [-7.931604, 41.604384], [-7.930979, 41.612711], [-7.925556, 41.620354], [-7.920755, 41.620796], [-7.917748, 41.623041], [-7.915933, 41.627764], [-7.913229, 41.628885], [-7.912613, 41.63361], [-7.906014, 41.633147], [-7.906884, 41.641927], [-7.897869, 41.645511], [-7.89696, 41.647985], [-7.892759, 41.647976], [-7.892145, 41.651576], [-7.902319, 41.659925], [-7.899913, 41.66127], [-7.900198, 41.665547], [-7.898396, 41.665769], [-7.896885, 41.668692], [-7.882465, 41.671588], [-7.877044, 41.676077], [-7.876723, 41.681253], [-7.873702, 41.685973], [-7.869799, 41.685965], [-7.873122, 41.694572], [-7.873103, 41.703579], [-7.866634, 41.717275], [-7.859919, 41.721462], [-7.854491, 41.724158], [-7.842456, 41.724809], [-7.827206, 41.721133], [-7.817714, 41.714699], [-7.81469, 41.718688], [-7.808986, 41.717996], [-7.808396, 41.715744], [-7.804499, 41.714158], [-7.79939, 41.714593], [-7.79788, 41.716164], [-7.796383, 41.71526], [-7.790966, 41.717044], [-7.789449, 41.719966], [-7.784035, 41.72118], [-7.830344, 41.729765], [-7.854412, 41.728587], [-7.86786, 41.721541], [-7.891363, 41.67738], [-7.903468, 41.672015], [-7.915461, 41.673158], [-7.927383, 41.678701], [-7.939226, 41.689094], [-7.94871, 41.704295], [-7.955757, 41.722373], [-7.980189, 41.75862], [-7.985262, 41.776679], [-7.983361, 41.785669], [-7.976316, 41.794613], [-7.959782, 41.803472], [-7.925218, 41.808609], [-7.913015, 41.818331], [-7.900685, 41.835256], [-7.88263, 41.854124], [-7.888975, 41.856448], [-7.912934, 41.823114], [-7.925145, 41.813004], [-7.972334, 41.803585], [-7.993881, 41.794769], [-8.003512, 41.785846], [-8.004734, 41.776849], [-7.999941, 41.767801], [-7.986301, 41.752086], [-7.974232, 41.731547], [-7.959138, 41.659355], [-7.958746, 41.650345], [-7.96063, 41.641355], [-7.964119, 41.635395], [-7.976272, 41.626124], [-7.988326, 41.623013], [-8.000334, 41.622687], [-8.012314, 41.624281], [-8.060113, 41.639258], [-8.09605, 41.645284], [-8.128138, 41.660761], [-8.131806, 41.665272], [-8.138995, 41.66985], [-8.131011, 41.678797], [-8.11956, 41.6824], [-8.100391, 41.696576], [-8.096531, 41.705553], [-8.097862, 41.71457], [-8.106948, 41.725579], [-8.118939, 41.72791], [-8.129236, 41.723819], [-8.131167, 41.712744], [-8.143264, 41.706998], [-8.155282, 41.707088], [-8.157408, 41.706015], [-8.16864, 41.69709], [-8.179598, 41.68534], [-8.191707, 41.677912], [-8.203764, 41.674404], [-8.215777, 41.674453], [-8.227722, 41.680163], [-8.232852, 41.688529], [-8.232837, 41.697536], [-8.228644, 41.706515], [-8.221328, 41.715473], [-8.218554, 41.724461], [-8.21472, 41.761367], [-8.194506, 41.812772], [-8.197158, 41.814129], [-8.201063, 41.808724], [-8.204973, 41.807372], [-8.205872, 41.804445], [-8.214593, 41.803089], [-8.214591, 41.801513], [-8.217598, 41.80016], [-8.217589, 41.793634], [-8.224207, 41.794303], [-8.229917, 41.791865], [-8.227082, 41.778561], [-8.226803, 41.760545], [-8.231612, 41.733556], [-8.236563, 41.724582], [-8.251433, 41.707634], [-8.263584, 41.696104], [-8.275691, 41.688143], [-8.287761, 41.683315], [-8.299791, 41.68191], [-8.311796, 41.682879], [-8.323776, 41.686257], [-8.353487, 41.698278], [-8.359685, 41.700149], [-8.371695, 41.701049], [-8.395792, 41.6946], [-8.40798, 41.689565], [-8.422744, 41.680633], [-8.425209, 41.671638], [-8.420415, 41.662607], [-8.395266, 41.635456], [-8.390351, 41.626423], [-8.391357, 41.617421], [-8.3979, 41.608448], [-8.411217, 41.59951], [-8.432734, 41.593205], [-8.468753, 41.590373], [-8.480817, 41.582185], [-8.493616, 41.563873], [-8.505012, 41.555775], [-8.517034, 41.551586], [-8.529031, 41.550832], [-8.541005, 41.553188], [-8.552951, 41.559671], [-8.55853, 41.564141], [-8.564554, 41.573171], [-8.568084, 41.582192], [-8.568879, 41.591202], [-8.567313, 41.600203], [-8.559305, 41.616813]], [[-8.107088, 41.715473], [-8.100122, 41.705581], [-8.102494, 41.696592], [-8.107404, 41.69261], [-8.119526, 41.68493], [-8.131557, 41.683796], [-8.141463, 41.687883], [-8.142682, 41.696899], [-8.131291, 41.70356], [-8.119097, 41.716358], [-8.107088, 41.715473]], [[-8.395972, 41.6754], [-8.383903, 41.681231], [-8.371823, 41.680366], [-8.359615, 41.671291], [-8.357984, 41.662275], [-8.365806, 41.653311], [-8.372183, 41.650844], [-8.384188, 41.651319], [-8.39613, 41.658481], [-8.399268, 41.662498], [-8.399448, 41.671506], [-8.395972, 41.6754]], [[-8.720958, 41.533325], [-8.708972, 41.533059], [-8.685028, 41.52661], [-8.622848, 41.492311], [-8.6151, 41.483277], [-8.612941, 41.474263], [-8.618048, 41.43825], [-8.615949, 41.429235], [-8.608039, 41.420201], [-8.569442, 41.39304], [-8.560839, 41.384], [-8.552322, 41.365952], [-8.551622, 41.356942], [-8.558318, 41.338953], [-8.567547, 41.32998], [-8.584924, 41.321036], [-8.602403, 41.317244], [-8.626291, 41.318608], [-8.650143, 41.326856], [-8.669632, 41.339326], [-8.679824, 41.348362], [-8.693318, 41.366414], [-8.709546, 41.404407], [-8.72146, 41.416229], [-8.750586, 41.438614], [-8.76617, 41.456661], [-8.773926, 41.474692], [-8.775057, 41.483702], [-8.774301, 41.492708], [-8.769005, 41.505956], [-8.757323, 41.519695], [-8.744956, 41.527314], [-8.732953, 41.531512], [-8.720958, 41.533325]]], [[[-7.731449, 41.819946], [-7.75645, 41.82048], [-7.768441, 41.823088], [-7.78037, 41.828991], [-7.792182, 41.837859], [-7.800616, 41.846954], [-7.81694, 41.87339], [-7.823863, 41.874013], [-7.825059, 41.875817], [-7.830479, 41.875831], [-7.830789, 41.874031], [-7.832894, 41.874712], [-7.838021, 41.872924], [-7.842528, 41.875187], [-7.841653, 41.868838], [-7.827925, 41.862644], [-7.792478, 41.825474], [-7.765695, 41.80155], [-7.761169, 41.792495], [-7.757342, 41.774345], [-7.743245, 41.759779], [-7.739912, 41.764148], [-7.726937, 41.771755], [-7.7254, 41.777152], [-7.727191, 41.779184], [-7.724177, 41.780299], [-7.725372, 41.781653], [-7.722296, 41.792446], [-7.728879, 41.797871], [-7.72705, 41.801691], [-7.72788, 41.813397], [-7.731449, 41.819946]]], [[[-8.113692, 41.38909], [-8.1605, 41.417806], [-8.182848, 41.427824], [-8.194774, 41.431264], [-8.218695, 41.432586], [-8.230685, 41.430823], [-8.254715, 41.422675], [-8.275474, 41.40958], [-8.285, 41.400632], [-8.296177, 41.382686], [-8.300086, 41.364695], [-8.299919, 41.346678], [-8.295477, 41.328636], [-8.287468, 41.314296], [-8.281801, 41.316569], [-8.279132, 41.324451], [-8.272266, 41.32536], [-8.265709, 41.331221], [-8.269004, 41.336169], [-8.263339, 41.340902], [-8.262796, 41.344729], [-8.271021, 41.355507], [-8.274563, 41.364537], [-8.274823, 41.382553], [-8.271289, 41.391539], [-8.264377, 41.400502], [-8.254882, 41.408037], [-8.242848, 41.414038], [-8.230846, 41.41713], [-8.218869, 41.418071], [-8.206914, 41.417142], [-8.194986, 41.414102], [-8.183091, 41.408471], [-8.171476, 41.399871], [-8.163366, 41.390804], [-8.157949, 41.378341], [-8.157923, 41.378248], [-8.157827, 41.377891], [-8.152544, 41.375866], [-8.151049, 41.37339], [-8.145073, 41.374742], [-8.139694, 41.377894], [-8.133418, 41.374292], [-8.125051, 41.375193], [-8.119074, 41.377218], [-8.119672, 41.378569], [-8.116683, 41.380144], [-8.117578, 41.386447], [-8.114589, 41.386446], [-8.113692, 41.38909]]]]}}, {"id": "1", "type": "Feature", "properties": {"fill": "#9c1c1c", "value_min": -3.67, "value_max": -3.33}, "geometry": {"type": "MultiPolygon", "coordinates": [[[[-7.864666, 41.828993], [-7.876728, 41.827863], [-7.88799, 41.820813], [-7.891955, 41.811844], [-7.888429, 41.802803], [-7.877285, 41.795978], [-7.865259, 41.795368], [-7.85314, 41.800059], [-7.850199, 41.802427], [-7.845972, 41.811391], [-7.848856, 41.820427], [-7.852713, 41.823983], [-7.864666, 41.828993]], [[-7.86474, 41.82479], [-7.855529, 41.820494], [-7.850812, 41.81144], [-7.857217, 41.802497], [-7.865196, 41.798972], [-7.877226, 41.799336], [-7.882799, 41.802749], [-7.888223, 41.811808], [-7.882421, 41.820759], [-7.87679, 41.824284], [-7.86474, 41.82479]]], [[[-8.285522, 41.751918], [-8.287902, 41.751933], [-8.287026, 41.749872], [-8.285522, 41.751918]]], [[[-8.626007, 41.368307], [-8.63796, 41.369022], [-8.641964, 41.366266], [-8.642667, 41.357261], [-8.638044, 41.353794], [-8.626087, 41.354276], [-8.622429, 41.357196], [-8.623238, 41.366206], [-8.626007, 41.368307]]]]}}, {"id": "22", "type": "Feature", "properties": {"fill": "#214db8", "value_min": 3.33, "value_max": 3.67}, "geometry": {"type": "MultiPolygon", "coordinates": [[[[-7.94854, 41.854768], [-7.960616, 41.852992], [-7.966231, 41.848564], [-7.968208, 41.839575], [-7.960975, 41.830819], [-7.948967, 41.828681], [-7.943524, 41.830344], [-7.936821, 41.834954], [-7.933612, 41.839259], [-7.936579, 41.849566], [-7.94854, 41.854768]], [[-7.948592, 41.851587], [-7.94131, 41.848337], [-7.936018, 41.839281], [-7.948942, 41.830172], [-7.960904, 41.835164], [-7.964521, 41.839542], [-7.960672, 41.849548], [-7.948592, 41.851587]]], [[[-8.083529, 41.68143], [-8.095548, 41.681165], [-8.097855, 41.678542], [-8.095631, 41.675223], [-8.083617, 41.675275], [-8.080887, 41.678407], [-8.083529, 41.68143]], [[-8.083565, 41.678877], [-8.083579, 41.677957], [-8.096163, 41.678529], [-8.095575, 41.679196], [-8.083565, 41.678877]]], [[[-8.721872, 41.31951], [-8.733829, 41.317422], [-8.743957, 41.312492], [-8.751912, 41.303502], [-8.753962, 41.294498], [-8.751396, 41.285485], [-8.742417, 41.276458], [-8.734011, 41.27241], [-8.722082, 41.270099], [-8.710139, 41.270901], [-8.696396, 41.276345], [-8.687815, 41.28533], [-8.685508, 41.294332], [-8.68835, 41.303347], [-8.696699, 41.312377], [-8.709929, 41.318174], [-8.721872, 41.31951]], [[-8.721887, 41.315844], [-8.709944, 41.314824], [-8.704039, 41.312396], [-8.6932, 41.30336], [-8.691641, 41.294348], [-8.693352, 41.285345], [-8.698155, 41.280515], [-8.710121, 41.275011], [-8.722064, 41.274349], [-8.733989, 41.277862], [-8.743456, 41.285468], [-8.747249, 41.294484], [-8.744537, 41.303486], [-8.734997, 41.312472], [-8.721887, 41.315844]]]]}}, {"id": "23", "type": "Feature", "properties": {"fill": "#1f4099", "value_min": 3.67, "value_max": 4.0}, "geometry": {"type": "MultiPolygon", "coordinates": [[[[-7.948592, 41.851587], [-7.960672, 41.849548], [-7.964521, 41.839542], [-7.960904, 41.835164], [-7.948942, 41.830172], [-7.936018, 41.839281], [-7.94131, 41.848337], [-7.948592, 41.851587]]], [[[-8.083565, 41.678877], [-8.095575, 41.679196], [-8.096163, 41.678529], [-8.083579, 41.677957], [-8.083565, 41.678877]]], [[[-8.721887, 41.315844], [-8.734997, 41.312472], [-8.744537, 41.303486], [-8.747249, 41.294484], [-8.743456, 41.285468], [-8.733989, 41.277862], [-8.722064, 41.274349], [-8.710121, 41.275011], [-8.698155, 41.280515], [-8.693352, 41.285345], [-8.691641, 41.294348], [-8.6932, 41.30336], [-8.704039, 41.312396], [-8.709944, 41.314824], [-8.721887, 41.315844]]]]}}, {"id": "8", "type": "Feature", "properties": {"fill": "#b1a288", "value_min": -1.33, "value_max": -1.0}, "geometry": {"type": "MultiPolygon", "coordinates": [[[[-7.88263, 41.854124], [-7.900685, 41.835256], [-7.913015, 41.818331], [-7.925218, 41.808609], [-7.959782, 41.803472], [-7.976316, 41.794613], [-7.983361, 41.785669], [-7.985262, 41.776679], [-7.980189, 41.75862], [-7.955757, 41.722373], [-7.94871, 41.704295], [-7.939226, 41.689094], [-7.927383, 41.678701], [-7.915461, 41.673158], [-7.903468, 41.672015], [-7.891363, 41.67738], [-7.86786, 41.721541], [-7.854412, 41.728587], [-7.830344, 41.729765], [-7.784035, 41.72118], [-7.78252, 41.723546], [-7.776204, 41.724652], [-7.773786, 41.727346], [-7.7678, 41.723276], [-7.763888, 41.724389], [-7.761765, 41.727758], [-7.762933, 41.733839], [-7.759307, 41.737203], [-7.759597, 41.739005], [-7.75689, 41.739446], [-7.758687, 41.740577], [-7.757758, 41.745301], [-7.748417, 41.749321], [-7.747786, 41.754496], [-7.743866, 41.756509], [-7.743245, 41.759779], [-7.757342, 41.774345], [-7.761169, 41.792495], [-7.765695, 41.80155], [-7.792478, 41.825474], [-7.827925, 41.862644], [-7.841653, 41.868838], [-7.841663, 41.866632], [-7.848912, 41.861698], [-7.858542, 41.862622], [-7.859456, 41.860148], [-7.865481, 41.859262], [-7.868811, 41.854972], [-7.852101, 41.858236], [-7.840096, 41.85586], [-7.828163, 41.849623], [-7.807852, 41.829016], [-7.795987, 41.810878], [-7.793022, 41.80184], [-7.790864, 41.783804], [-7.791772, 41.7658], [-7.794723, 41.756824], [-7.802355, 41.747897], [-7.805997, 41.745946], [-7.823391, 41.739108], [-7.854325, 41.733496], [-7.866416, 41.7297], [-7.873422, 41.721596], [-7.878793, 41.709364], [-7.891055, 41.695281], [-7.903147, 41.690897], [-7.915131, 41.692799], [-7.927017, 41.700694], [-7.934987, 41.713176], [-7.941247, 41.731247], [-7.964009, 41.749469], [-7.969163, 41.758522], [-7.969996, 41.78555], [-7.965604, 41.794517], [-7.949392, 41.802695], [-7.9253, 41.803711], [-7.913108, 41.812825], [-7.900764, 41.830648], [-7.888494, 41.843831], [-7.877984, 41.850962], [-7.88263, 41.854124]]], [[[-8.559305, 41.616813], [-8.567313, 41.600203], [-8.568879, 41.591202], [-8.568084, 41.582192], [-8.564554, 41.573171], [-8.55853, 41.564141], [-8.552951, 41.559671], [-8.541005, 41.553188], [-8.529031, 41.550832], [-8.517034, 41.551586], [-8.505012, 41.555775], [-8.493616, 41.563873], [-8.480817, 41.582185], [-8.468753, 41.590373], [-8.432734, 41.593205], [-8.411217, 41.59951], [-8.3979, 41.608448], [-8.391357, 41.617421], [-8.390351, 41.626423], [-8.395266, 41.635456], [-8.420415, 41.662607], [-8.425209, 41.671638], [-8.422744, 41.680633], [-8.40798, 41.689565], [-8.395792, 41.6946], [-8.371695, 41.701049], [-8.359685, 41.700149], [-8.353487, 41.698278], [-8.323776, 41.686257], [-8.311796, 41.682879], [-8.299791, 41.68191], [-8.287761, 41.683315], [-8.275691, 41.688143], [-8.263584, 41.696104], [-8.251433, 41.707634], [-8.236563, 41.724582], [-8.231612, 41.733556], [-8.226803, 41.760545], [-8.227082, 41.778561], [-8.229917, 41.791865], [-8.240744, 41.791588], [-8.24074, 41.789338], [-8.246623, 41.78573], [-8.241873, 41.778659], [-8.236624, 41.760611], [-8.23858, 41.74261], [-8.242287, 41.733627], [-8.251259, 41.72262], [-8.263392, 41.712986], [-8.275477, 41.707288], [-8.287534, 41.703836], [-8.29956, 41.703186], [-8.31156, 41.705014], [-8.323538, 41.70893], [-8.337766, 41.716203], [-8.350785, 41.725284], [-8.360159, 41.735324], [-8.362407, 41.735994], [-8.368703, 41.73193], [-8.374122, 41.734845], [-8.384922, 41.73032], [-8.387032, 41.731891], [-8.393033, 41.729852], [-8.396942, 41.730518], [-8.405836, 41.722844], [-8.404505, 41.716568], [-8.407636, 41.713518], [-8.419692, 41.709567], [-8.430846, 41.716702], [-8.429391, 41.71986], [-8.430533, 41.717381], [-8.435927, 41.714441], [-8.441632, 41.713975], [-8.4446, 41.70654], [-8.453868, 41.697961], [-8.453255, 41.695487], [-8.461659, 41.694563], [-8.482012, 41.682123], [-8.484371, 41.674238], [-8.49308, 41.674886], [-8.499963, 41.671038], [-8.50927, 41.671233], [-8.51018, 41.672806], [-8.511967, 41.670324], [-8.509856, 41.668755], [-8.512252, 41.667847], [-8.514629, 41.663788], [-8.522103, 41.658811], [-8.525706, 41.659023], [-8.527769, 41.652714], [-8.534066, 41.652017], [-8.537951, 41.649302], [-8.537634, 41.646602], [-8.543876, 41.637352], [-8.543855, 41.633976], [-8.536342, 41.631977], [-8.535128, 41.62973], [-8.542257, 41.618676], [-8.542536, 41.615299], [-8.554533, 41.615255], [-8.555743, 41.616826], [-8.559305, 41.616813]], [[-8.480264, 41.65106], [-8.468201, 41.657571], [-8.456174, 41.659572], [-8.444174, 41.658322], [-8.432208, 41.653273], [-8.420273, 41.644921], [-8.412149, 41.635543], [-8.409377, 41.626522], [-8.411205, 41.617524], [-8.419827, 41.608561], [-8.432649, 41.60299], [-8.444664, 41.601301], [-8.456658, 41.601975], [-8.477641, 41.608838], [-8.487955, 41.617892], [-8.491062, 41.626913], [-8.490721, 41.635918], [-8.48663, 41.644907], [-8.480264, 41.65106]], [[-8.540746, 41.589806], [-8.528692, 41.597421], [-8.516683, 41.598695], [-8.504709, 41.595356], [-8.500271, 41.590924], [-8.495838, 41.581898], [-8.497022, 41.572895], [-8.504423, 41.56392], [-8.516977, 41.559319], [-8.528963, 41.560118], [-8.537606, 41.564058], [-8.545081, 41.573096], [-8.545422, 41.582104], [-8.540746, 41.589806]]], [[[-8.107088, 41.715473], [-8.119097, 41.716358], [-8.131291, 41.70356], [-8.142682, 41.696899], [-8.141463, 41.687883], [-8.131557, 41.683796], [-8.119526, 41.68493], [-8.107404, 41.69261], [-8.102494, 41.696592], [-8.100122, 41.705581], [-8.107088, 41.715473]], [[-8.131339, 41.699961], [-8.119152, 41.712333], [-8.10716, 41.710304], [-8.103711, 41.705609], [-8.104598, 41.696609], [-8.119491, 41.68746], [-8.131475, 41.689869], [-8.136654, 41.696854], [-8.131339, 41.699961]]], [[[-8.031004, 41.602938], [-8.039288, 41.615018], [-8.048819, 41.624104], [-8.063057, 41.633228], [-8.07216, 41.636482], [-8.096107, 41.641159], [-8.108053, 41.645617], [-8.131903, 41.658017], [-8.143879, 41.660593], [-8.155887, 41.660885], [-8.167931, 41.658287], [-8.179748, 41.652134], [-8.19065, 41.643204], [-8.196996, 41.634242], [-8.199565, 41.625253], [-8.199225, 41.616243], [-8.196443, 41.607216], [-8.175659, 41.571041], [-8.167102, 41.53495], [-8.162912, 41.525912], [-8.154349, 41.516842], [-8.133898, 41.50893], [-8.082223, 41.501359], [-8.092402, 41.504163], [-8.0927, 41.505633], [-8.113711, 41.507529], [-8.133836, 41.513594], [-8.140789, 41.516742], [-8.149054, 41.52581], [-8.15203, 41.53484], [-8.151526, 41.543843], [-8.14523, 41.558342], [-8.136304, 41.570752], [-8.134656, 41.579746], [-8.141022, 41.588801], [-8.156667, 41.601009], [-8.170116, 41.616037], [-8.173602, 41.625069], [-8.173088, 41.634072], [-8.167609, 41.64304], [-8.153773, 41.651946], [-8.143962, 41.654331], [-8.131967, 41.653266], [-8.120024, 41.64835], [-8.108128, 41.640216], [-8.096177, 41.636203], [-8.07871, 41.633355], [-8.072238, 41.631057], [-8.061533, 41.624209], [-8.054736, 41.615146], [-8.052876, 41.606123], [-8.054326, 41.597128], [-8.063233, 41.579187], [-8.062911, 41.575501], [-8.055484, 41.580673], [-8.052181, 41.584498], [-8.052777, 41.587649], [-8.048277, 41.590122], [-8.047974, 41.592373], [-8.031004, 41.602938]]], [[[-8.720958, 41.533325], [-8.732953, 41.531512], [-8.744956, 41.527314], [-8.757323, 41.519695], [-8.769005, 41.505956], [-8.774301, 41.492708], [-8.775057, 41.483702], [-8.773926, 41.474692], [-8.76617, 41.456661], [-8.750586, 41.438614], [-8.72146, 41.416229], [-8.709546, 41.404407], [-8.693318, 41.366414], [-8.679824, 41.348362], [-8.669632, 41.339326], [-8.650143, 41.326856], [-8.626291, 41.318608], [-8.602403, 41.317244], [-8.584924, 41.321036], [-8.567547, 41.32998], [-8.558318, 41.338953], [-8.551622, 41.356942], [-8.552322, 41.365952], [-8.560839, 41.384], [-8.569442, 41.39304], [-8.608039, 41.420201], [-8.615949, 41.429235], [-8.618048, 41.43825], [-8.612941, 41.474263], [-8.6151, 41.483277], [-8.622848, 41.492311], [-8.685028, 41.52661], [-8.708972, 41.533059], [-8.720958, 41.533325]], [[-8.721071, 41.506877], [-8.709066, 41.512008], [-8.697072, 41.514162], [-8.685089, 41.513911], [-8.673118, 41.511395], [-8.648583, 41.5014], [-8.633951, 41.492346], [-8.626363, 41.483315], [-8.623585, 41.474298], [-8.624379, 41.465293], [-8.632838, 41.447306], [-8.647121, 41.429335], [-8.646217, 41.420325], [-8.613812, 41.408389], [-8.601885, 41.402373], [-8.58732, 41.393106], [-8.577824, 41.384064], [-8.571369, 41.375032], [-8.568357, 41.366014], [-8.567992, 41.357005], [-8.570311, 41.348006], [-8.576498, 41.339021], [-8.590381, 41.329069], [-8.602357, 41.324814], [-8.614316, 41.323168], [-8.626262, 41.323612], [-8.638198, 41.32605], [-8.650122, 41.330688], [-8.664331, 41.339311], [-8.674361, 41.348347], [-8.681258, 41.357374], [-8.687464, 41.375406], [-8.687379, 41.384414], [-8.685192, 41.393415], [-8.676088, 41.411405], [-8.677354, 41.420416], [-8.709408, 41.435344], [-8.721342, 41.44374], [-8.733142, 41.456589], [-8.737955, 41.465608], [-8.739946, 41.47462], [-8.739348, 41.483626], [-8.735779, 41.492625], [-8.728527, 41.501616], [-8.721071, 41.506877]]], [[[-8.157949, 41.378341], [-8.163366, 41.390804], [-8.171476, 41.399871], [-8.183091, 41.408471], [-8.194986, 41.414102], [-8.206914, 41.417142], [-8.218869, 41.418071], [-8.230846, 41.41713], [-8.242848, 41.414038], [-8.254882, 41.408037], [-8.264377, 41.400502], [-8.271289, 41.391539], [-8.274823, 41.382553], [-8.274563, 41.364537], [-8.271021, 41.355507], [-8.262796, 41.344729], [-8.249622, 41.353072], [-8.251122, 41.356222], [-8.249752, 41.358474], [-8.255783, 41.364417], [-8.259601, 41.373449], [-8.259673, 41.382457], [-8.25584, 41.39144], [-8.246275, 41.400385], [-8.230973, 41.406432], [-8.218999, 41.407221], [-8.207061, 41.405057], [-8.196231, 41.400046], [-8.186495, 41.39097], [-8.182429, 41.381934], [-8.182252, 41.376307], [-8.168382, 41.377438], [-8.164499, 41.38059], [-8.157949, 41.378341]]], [[[-8.157827, 41.377891], [-8.157827, 41.377891], [-8.157923, 41.378248], [-8.157827, 41.377891]]]]}}, {"id": "0", "type": "Feature", "properties": {"fill": "#881d1d", "value_min": -4.0, "value_max": -3.67}, "geometry": {"type": "Polygon", "coordinates": [[[-7.86474, 41.82479], [-7.87679, 41.824284], [-7.882421, 41.820759], [-7.888223, 41.811808], [-7.882799, 41.802749], [-7.877226, 41.799336], [-7.865196, 41.798972], [-7.857217, 41.802497], [-7.850812, 41.81144], [-7.855529, 41.820494], [-7.86474, 41.82479]]]}}]}