{"type": "FeatureCollection", "features": [{"id": "11", "type": "Feature", "properties": {"fill": "#a3a3a3", "value_min": -0.33, "value_max": -0.0}, "geometry": {"type": "MultiPolygon", "coordinates": [[[[-8.05069, 41.819754], [-8.033532, 41.810805], [-8.009518, 41.806608], [-7.98543, 41.807371], [-7.925118, 41.814583], [-7.912874, 41.821051], [-7.884944, 41.855254], [-7.890133, 41.85729], [-7.89455, 41.847896], [-7.912919, 41.824022], [-7.925086, 41.81653], [-7.937165, 41.814171], [-7.973332, 41.811131], [-7.997395, 41.812068], [-8.009394, 41.814652], [-8.021361, 41.819424], [-8.037289, 41.830946], [-8.041351, 41.828023], [-8.041054, 41.825097], [-8.045268, 41.824425], [-8.05069, 41.819754]]], [[[-7.811964, 41.718005], [-7.813325, 41.748011], [-7.815437, 41.75704], [-7.820337, 41.766097], [-7.8322, 41.775225], [-7.841494, 41.77833], [-7.853495, 41.780124], [-7.865532, 41.779883], [-7.881473, 41.775715], [-7.891588, 41.766807], [-7.894845, 41.757831], [-7.893981, 41.748816], [-7.888039, 41.739752], [-7.87523, 41.73062], [-7.869821, 41.72156], [-7.875117, 41.703598], [-7.874474, 41.694585], [-7.867984, 41.685514], [-7.864801, 41.683702], [-7.864096, 41.685276], [-7.858987, 41.68639], [-7.857773, 41.689538], [-7.854776, 41.68818], [-7.847538, 41.695365], [-7.837309, 41.699391], [-7.835792, 41.702763], [-7.839682, 41.705924], [-7.838465, 41.709522], [-7.832453, 41.710407], [-7.825252, 41.708813], [-7.818621, 41.713522], [-7.815291, 41.718689], [-7.811964, 41.718005]], [[-7.853548, 41.777162], [-7.841579, 41.773643], [-7.831123, 41.766207], [-7.826874, 41.757157], [-7.827828, 41.74816], [-7.83432, 41.739219], [-7.8423, 41.733535], [-7.854353, 41.731932], [-7.866342, 41.733929], [-7.87826, 41.740027], [-7.887666, 41.748755], [-7.889811, 41.757783], [-7.886891, 41.766761], [-7.877668, 41.774035], [-7.865577, 41.77734], [-7.853548, 41.777162]], [[-7.842666, 41.713126], [-7.840914, 41.703258], [-7.842874, 41.701504], [-7.854941, 41.698767], [-7.860206, 41.703451], [-7.858095, 41.712437], [-7.854639, 41.715812], [-7.842666, 41.713126]]], [[[-8.188375, 41.742266], [-8.179829, 41.733198], [-8.166981, 41.731966], [-8.15314, 41.742012], [-8.153381, 41.75102], [-8.166626, 41.759429], [-8.178675, 41.757874], [-8.186491, 41.75126], [-8.188375, 41.742266]], [[-8.166755, 41.749463], [-8.162594, 41.742081], [-8.166893, 41.738788], [-8.178881, 41.741736], [-8.17886, 41.743334], [-8.166755, 41.749463]]], [[[-8.081182, 41.723445], [-8.091668, 41.705514], [-8.095237, 41.703379], [-8.099626, 41.69657], [-8.122495, 41.678733], [-8.124811, 41.669743], [-8.116299, 41.660671], [-8.095977, 41.650495], [-8.084006, 41.647782], [-8.048013, 41.645568], [-8.02406, 41.641373], [-8.012032, 41.64277], [-7.999933, 41.648679], [-7.991217, 41.659641], [-7.990398, 41.677648], [-7.995578, 41.695707], [-8.010854, 41.722861], [-8.008286, 41.731846], [-8.010612, 41.73549], [-8.022665, 41.733637], [-8.046615, 41.740356], [-8.058648, 41.739807], [-8.070747, 41.734719], [-8.081182, 41.723445]], [[-8.046834, 41.725537], [-8.034898, 41.719714], [-8.027806, 41.713999], [-8.02194, 41.704942], [-8.01982, 41.695917], [-8.021404, 41.686923], [-8.026313, 41.677958], [-8.03564, 41.670061], [-8.042863, 41.660083], [-8.059925, 41.652169], [-8.071958, 41.650521], [-8.083965, 41.650683], [-8.095945, 41.65276], [-8.107884, 41.657862], [-8.112408, 41.660641], [-8.120263, 41.669709], [-8.118855, 41.678705], [-8.097695, 41.696555], [-8.09528, 41.700301], [-8.086633, 41.705474], [-8.083115, 41.71062], [-8.070945, 41.721006], [-8.058849, 41.726056], [-8.046834, 41.725537]]], [[[-8.407958, 41.678423], [-8.414197, 41.671583], [-8.415352, 41.662581], [-8.410776, 41.653551], [-8.396273, 41.643171], [-8.384295, 41.640038], [-8.372281, 41.640736], [-8.360224, 41.645758], [-8.352229, 41.653236], [-8.348731, 41.662223], [-8.349716, 41.671236], [-8.355925, 41.680278], [-8.359853, 41.683244], [-8.37182, 41.688195], [-8.383831, 41.688722], [-8.395875, 41.685777], [-8.407958, 41.678423]], [[-8.372801, 41.680371], [-8.361624, 41.671303], [-8.360991, 41.662292], [-8.372174, 41.651804], [-8.384197, 41.650328], [-8.396162, 41.65505], [-8.402285, 41.662514], [-8.401598, 41.671518], [-8.395958, 41.676921], [-8.388235, 41.680454], [-8.383898, 41.681694], [-8.372801, 41.680371]]], [[[-8.659375, 41.537462], [-8.662158, 41.528462], [-8.659977, 41.519449], [-8.652193, 41.510418], [-8.637217, 41.502589], [-8.625249, 41.500152], [-8.61326, 41.501513], [-8.599049, 41.510245], [-8.594454, 41.519236], [-8.594536, 41.528244], [-8.601045, 41.539536], [-8.612984, 41.547842], [-8.624956, 41.551009], [-8.636948, 41.550724], [-8.649533, 41.546439], [-8.659375, 41.537462]], [[-8.625036, 41.537088], [-8.613081, 41.531579], [-8.610738, 41.5283], [-8.613155, 41.519051], [-8.62516, 41.515601], [-8.635329, 41.519373], [-8.638876, 41.528392], [-8.637059, 41.530875], [-8.625036, 41.537088]]], [[[-8.349409, 41.526978], [-8.361422, 41.524317], [-8.373465, 41.518408], [-8.397593, 41.501257], [-8.42157, 41.499695], [-8.433574, 41.497067], [-8.442558, 41.491578], [-8.449052, 41.482602], [-8.448963, 41.473594], [-8.441369, 41.46455], [-8.433894, 41.460348], [-8.421937, 41.458363], [-8.397978, 41.459625], [-8.362163, 41.448803], [-8.350209, 41.447], [-8.326258, 41.44772], [-8.314252, 41.451014], [-8.306836, 41.454811], [-8.296653, 41.463756], [-8.292286, 41.472737], [-8.291229, 41.481738], [-8.295477, 41.499779], [-8.301653, 41.509429], [-8.313522, 41.520265], [-8.325452, 41.525503], [-8.337418, 41.527448], [-8.349409, 41.526978]], [[-8.349514, 41.516533], [-8.337525, 41.516985], [-8.325567, 41.514399], [-8.313663, 41.506913], [-8.30751, 41.499852], [-8.303744, 41.490822], [-8.30325, 41.481811], [-8.306163, 41.472821], [-8.314112, 41.46428], [-8.32615, 41.458177], [-8.338145, 41.45613], [-8.350112, 41.456667], [-8.362053, 41.459972], [-8.369797, 41.46418], [-8.379344, 41.47324], [-8.382575, 41.482264], [-8.381889, 41.491268], [-8.377224, 41.50025], [-8.361535, 41.512785], [-8.349514, 41.516533]], [[-8.419619, 41.482457], [-8.421745, 41.479967], [-8.428619, 41.482502], [-8.421709, 41.484072], [-8.419619, 41.482457]]], [[[-8.577518, 41.470229], [-8.581899, 41.465147], [-8.583815, 41.456146], [-8.580646, 41.447127], [-8.57065, 41.438083], [-8.553825, 41.432521], [-8.541852, 41.433097], [-8.529787, 41.437923], [-8.521544, 41.446896], [-8.520052, 41.455898], [-8.523695, 41.46492], [-8.529613, 41.470383], [-8.541544, 41.476828], [-8.553507, 41.478815], [-8.565495, 41.477285], [-8.577518, 41.470229]], [[-8.552585, 41.465036], [-8.541659, 41.460426], [-8.538937, 41.455975], [-8.541727, 41.450824], [-8.553729, 41.446544], [-8.563186, 41.45607], [-8.552585, 41.465036]]], [[[-8.185982, 41.37608], [-8.185866, 41.381958], [-8.189666, 41.390993], [-8.199296, 41.400068], [-8.207072, 41.404214], [-8.219, 41.407162], [-8.230966, 41.406955], [-8.242975, 41.403137], [-8.255153, 41.391435], [-8.257716, 41.382444], [-8.256648, 41.37343], [-8.248443, 41.361662], [-8.248448, 41.364328], [-8.245461, 41.364781], [-8.244272, 41.368384], [-8.241287, 41.370413], [-8.232722, 41.370646], [-8.236363, 41.373297], [-8.239667, 41.382326], [-8.231142, 41.392056], [-8.219172, 41.392748], [-8.215345, 41.391171], [-8.206735, 41.382104], [-8.208889, 41.376292], [-8.200358, 41.377648], [-8.194976, 41.374275], [-8.191691, 41.376302], [-8.185982, 41.37608]]], [[[-8.216187, 41.370158], [-8.220368, 41.368586], [-8.21738, 41.368182], [-8.216187, 41.370158]]], [[[-8.220812, 41.36863], [-8.220812, 41.36863], [-8.220966, 41.368645], [-8.220812, 41.36863]]], [[[-8.231796, 41.369971], [-8.231796, 41.369971], [-8.232024, 41.370137], [-8.231796, 41.369971]]], [[[-8.232104, 41.370196], [-8.232104, 41.370196], [-8.232323, 41.370355], [-8.232104, 41.370196]]], [[[-8.232413, 41.370421], [-8.232413, 41.370421], [-8.232622, 41.370573], [-8.232413, 41.370421]]], [[[-8.611693, 41.176333], [-8.616419, 41.195036], [-8.623408, 41.213075], [-8.636317, 41.231132], [-8.650605, 41.240387], [-8.662517, 41.244521], [-8.674442, 41.246482], [-8.686374, 41.246996], [-8.710252, 41.245276], [-8.73666, 41.240413], [-8.758033, 41.233883], [-8.780485, 41.222489], [-8.791745, 41.213502], [-8.801931, 41.201027], [-8.799695, 41.14406], [-8.75455, 41.145064], [-8.767596, 41.159409], [-8.771818, 41.168425], [-8.773908, 41.186445], [-8.771698, 41.195449], [-8.767386, 41.204448], [-8.76014, 41.213441], [-8.749026, 41.222425], [-8.730595, 41.231391], [-8.710289, 41.236826], [-8.698349, 41.238354], [-8.674487, 41.237414], [-8.66257, 41.234163], [-8.650671, 41.227819], [-8.638807, 41.215548], [-8.632739, 41.204097], [-8.629405, 41.187963], [-8.625658, 41.186628], [-8.621132, 41.178994], [-8.611693, 41.176333]]]]}}, {"id": "10", "type": "Feature", "properties": {"fill": "#a3a3a3", "value_min": -0.67, "value_max": -0.33}, "geometry": {"type": "MultiPolygon", "coordinates": [[[[-8.101253, 41.810049], [-8.085283, 41.786526], [-8.082871, 41.7775], [-8.083725, 41.7685], [-8.093038, 41.714532], [-8.096193, 41.70555], [-8.101558, 41.696585], [-8.119558, 41.682588], [-8.127329, 41.678769], [-8.129357, 41.669778], [-8.120353, 41.660702], [-8.096017, 41.647646], [-8.060093, 41.640629], [-8.024257, 41.628304], [-8.012287, 41.626071], [-8.000294, 41.625318], [-7.976244, 41.627919], [-7.959803, 41.63234], [-7.927927, 41.645895], [-7.915892, 41.647515], [-7.900272, 41.64481], [-7.897869, 41.645511], [-7.89696, 41.647985], [-7.892759, 41.647976], [-7.892147, 41.651126], [-7.901724, 41.658573], [-7.902017, 41.660599], [-7.899913, 41.66127], [-7.900198, 41.665547], [-7.898396, 41.665769], [-7.896885, 41.668692], [-7.883969, 41.67069], [-7.879755, 41.673607], [-7.877044, 41.676077], [-7.876723, 41.681253], [-7.873401, 41.686198], [-7.868896, 41.686413], [-7.868008, 41.68326], [-7.864801, 41.683702], [-7.867984, 41.685514], [-7.874474, 41.694585], [-7.875117, 41.703598], [-7.869821, 41.72156], [-7.87523, 41.73062], [-7.888039, 41.739752], [-7.893981, 41.748816], [-7.894845, 41.757831], [-7.891588, 41.766807], [-7.881473, 41.775715], [-7.865532, 41.779883], [-7.853495, 41.780124], [-7.841494, 41.77833], [-7.8322, 41.775225], [-7.820337, 41.766097], [-7.815437, 41.75704], [-7.813325, 41.748011], [-7.811964, 41.718005], [-7.808986, 41.717996], [-7.808396, 41.715744], [-7.804499, 41.714158], [-7.79939, 41.714593], [-7.79788, 41.716164], [-7.796383, 41.71526], [-7.790966, 41.717044], [-7.789449, 41.719966], [-7.78464, 41.720402], [-7.780729, 41.723766], [-7.799472, 41.756874], [-7.805813, 41.765947], [-7.815545, 41.775055], [-7.829418, 41.780749], [-7.841416, 41.782672], [-7.865488, 41.782425], [-7.877557, 41.780385], [-7.889685, 41.774871], [-7.896871, 41.766857], [-7.899921, 41.75788], [-7.900137, 41.739868], [-7.894278, 41.730805], [-7.884597, 41.721705], [-7.884984, 41.712701], [-7.890905, 41.704005], [-7.915202, 41.68859], [-7.927285, 41.684553], [-7.939257, 41.687226], [-7.963039, 41.702774], [-7.97487, 41.714571], [-7.990131, 41.740694], [-7.99837, 41.749483], [-8.028015, 41.768042], [-8.033193, 41.777092], [-8.029858, 41.786071], [-8.014173, 41.794945], [-7.985925, 41.803705], [-7.949265, 41.810479], [-7.925151, 41.812635], [-7.913033, 41.817305], [-7.879657, 41.852787], [-7.884944, 41.855254], [-7.912874, 41.821051], [-7.925118, 41.814583], [-7.98543, 41.807371], [-8.009518, 41.806608], [-8.033532, 41.810805], [-8.05069, 41.819754], [-8.057314, 41.815656], [-8.06664, 41.817012], [-8.072961, 41.813414], [-8.078678, 41.813417], [-8.082892, 41.810493], [-8.091013, 41.812521], [-8.093421, 41.811397], [-8.093723, 41.808471], [-8.101253, 41.810049]], [[-8.081182, 41.723445], [-8.070747, 41.734719], [-8.058648, 41.739807], [-8.046615, 41.740356], [-8.022665, 41.733637], [-8.010612, 41.73549], [-8.008286, 41.731846], [-8.010854, 41.722861], [-7.995578, 41.695707], [-7.990398, 41.677648], [-7.991217, 41.659641], [-7.999933, 41.648679], [-8.012032, 41.64277], [-8.02406, 41.641373], [-8.048013, 41.645568], [-8.084006, 41.647782], [-8.095977, 41.650495], [-8.116299, 41.660671], [-8.124811, 41.669743], [-8.122495, 41.678733], [-8.099626, 41.69657], [-8.095237, 41.703379], [-8.091668, 41.705514], [-8.081182, 41.723445]]], [[[-8.190641, 41.762929], [-8.197587, 41.751338], [-8.197733, 41.742332], [-8.191532, 41.733281], [-8.179064, 41.727318], [-8.167038, 41.727511], [-8.154613, 41.733015], [-8.144944, 41.741951], [-8.140646, 41.750926], [-8.141042, 41.759936], [-8.148964, 41.769002], [-8.154433, 41.771895], [-8.166445, 41.773429], [-8.178513, 41.770557], [-8.190641, 41.762929]], [[-8.188375, 41.742266], [-8.186491, 41.75126], [-8.178675, 41.757874], [-8.166626, 41.759429], [-8.153381, 41.75102], [-8.15314, 41.742012], [-8.166981, 41.731966], [-8.179829, 41.733198], [-8.188375, 41.742266]]], [[[-8.407859, 41.689235], [-8.425013, 41.680644], [-8.433376, 41.671679], [-8.437409, 41.662691], [-8.438301, 41.653689], [-8.443279, 41.644706], [-8.457617, 41.635767], [-8.459751, 41.62677], [-8.456493, 41.621691], [-8.450463, 41.617719], [-8.444538, 41.615919], [-8.433088, 41.617634], [-8.420438, 41.626512], [-8.408428, 41.627057], [-8.384454, 41.623328], [-8.372443, 41.624018], [-8.360407, 41.627242], [-8.348335, 41.633915], [-8.338891, 41.644153], [-8.33499, 41.653137], [-8.334014, 41.662139], [-8.336174, 41.671158], [-8.34117, 41.680194], [-8.351417, 41.68926], [-8.359747, 41.69394], [-8.371734, 41.696978], [-8.383755, 41.69673], [-8.407859, 41.689235]], [[-8.407958, 41.678423], [-8.395875, 41.685777], [-8.383831, 41.688722], [-8.37182, 41.688195], [-8.359853, 41.683244], [-8.355925, 41.680278], [-8.349716, 41.671236], [-8.348731, 41.662223], [-8.352229, 41.653236], [-8.360224, 41.645758], [-8.372281, 41.640736], [-8.384295, 41.640038], [-8.396273, 41.643171], [-8.410776, 41.653551], [-8.415352, 41.662581], [-8.414197, 41.671583], [-8.407958, 41.678423]]], [[[-8.684865, 41.560106], [-8.692157, 41.555569], [-8.701544, 41.546586], [-8.710688, 41.528595], [-8.712784, 41.501578], [-8.710099, 41.483556], [-8.706056, 41.474538], [-8.697301, 41.464923], [-8.685358, 41.458465], [-8.6734, 41.455385], [-8.661428, 41.455056], [-8.637461, 41.458889], [-8.625488, 41.458702], [-8.613547, 41.453082], [-8.597499, 41.43818], [-8.583738, 41.429123], [-8.565867, 41.421504], [-8.54196, 41.417738], [-8.529987, 41.418695], [-8.517997, 41.421815], [-8.503801, 41.428806], [-8.483451, 41.446732], [-8.481867, 41.450705], [-8.457987, 41.442957], [-8.434085, 41.438357], [-8.386205, 41.438412], [-8.326389, 41.435082], [-8.304626, 41.436782], [-8.290423, 41.440428], [-8.28156, 41.445648], [-8.274525, 41.454611], [-8.271449, 41.463599], [-8.272223, 41.481619], [-8.287047, 41.517741], [-8.293771, 41.52679], [-8.301394, 41.53354], [-8.313309, 41.540339], [-8.32526, 41.543998], [-8.337234, 41.545463], [-8.34923, 41.544874], [-8.361244, 41.542359], [-8.373285, 41.536974], [-8.402997, 41.518402], [-8.433483, 41.507541], [-8.445515, 41.501798], [-8.466499, 41.482684], [-8.479793, 41.46473], [-8.481796, 41.459589], [-8.493727, 41.465075], [-8.52949, 41.487394], [-8.566212, 41.501118], [-8.572846, 41.510151], [-8.583849, 41.537213], [-8.600951, 41.554799], [-8.6129, 41.561938], [-8.624867, 41.566407], [-8.636846, 41.568956], [-8.648836, 41.569619], [-8.660836, 41.568528], [-8.672846, 41.565492], [-8.684865, 41.560106]], [[-8.659375, 41.537462], [-8.649533, 41.546439], [-8.636948, 41.550724], [-8.624956, 41.551009], [-8.612984, 41.547842], [-8.601045, 41.539536], [-8.594536, 41.528244], [-8.594454, 41.519236], [-8.599049, 41.510245], [-8.61326, 41.501513], [-8.625249, 41.500152], [-8.637217, 41.502589], [-8.652193, 41.510418], [-8.659977, 41.519449], [-8.662158, 41.528462], [-8.659375, 41.537462]], [[-8.349409, 41.526978], [-8.337418, 41.527448], [-8.325452, 41.525503], [-8.313522, 41.520265], [-8.301653, 41.509429], [-8.295477, 41.499779], [-8.291229, 41.481738], [-8.292286, 41.472737], [-8.296653, 41.463756], [-8.306836, 41.454811], [-8.314252, 41.451014], [-8.326258, 41.44772], [-8.350209, 41.447], [-8.362163, 41.448803], [-8.397978, 41.459625], [-8.421937, 41.458363], [-8.433894, 41.460348], [-8.441369, 41.46455], [-8.448963, 41.473594], [-8.449052, 41.482602], [-8.442558, 41.491578], [-8.433574, 41.497067], [-8.42157, 41.499695], [-8.397593, 41.501257], [-8.373465, 41.518408], [-8.361422, 41.524317], [-8.349409, 41.526978]], [[-8.577518, 41.470229], [-8.565495, 41.477285], [-8.553507, 41.478815], [-8.541544, 41.476828], [-8.529613, 41.470383], [-8.523695, 41.46492], [-8.520052, 41.455898], [-8.521544, 41.446896], [-8.529787, 41.437923], [-8.541852, 41.433097], [-8.553825, 41.432521], [-8.57065, 41.438083], [-8.580646, 41.447127], [-8.583815, 41.456146], [-8.581899, 41.465147], [-8.577518, 41.470229]]], [[[-8.162377, 41.37969], [-8.166929, 41.39083], [-8.173975, 41.399889], [-8.183099, 41.40779], [-8.194974, 41.415075], [-8.218811, 41.422894], [-8.230765, 41.424075], [-8.24274, 41.423401], [-8.254752, 41.419487], [-8.266847, 41.408036], [-8.272559, 41.391547], [-8.273078, 41.382542], [-8.269383, 41.364504], [-8.258568, 41.34766], [-8.256483, 41.347663], [-8.255889, 41.349689], [-8.249622, 41.353072], [-8.251123, 41.356897], [-8.248443, 41.361662], [-8.256648, 41.37343], [-8.257716, 41.382444], [-8.255153, 41.391435], [-8.242975, 41.403137], [-8.230966, 41.406955], [-8.219, 41.407162], [-8.207072, 41.404214], [-8.199296, 41.400068], [-8.189666, 41.390993], [-8.185866, 41.381958], [-8.185982, 41.37608], [-8.169578, 41.377212], [-8.164499, 41.38059], [-8.162377, 41.37969]]], [[[-8.583263, 41.174517], [-8.602097, 41.203995], [-8.614853, 41.231896], [-8.620855, 41.24009], [-8.638611, 41.251142], [-8.662454, 41.256783], [-8.686326, 41.257025], [-8.769909, 41.249928], [-8.803611, 41.24378], [-8.801931, 41.201027], [-8.791745, 41.213502], [-8.780485, 41.222489], [-8.758033, 41.233883], [-8.73666, 41.240413], [-8.710252, 41.245276], [-8.686374, 41.246996], [-8.674442, 41.246482], [-8.662517, 41.244521], [-8.650605, 41.240387], [-8.636317, 41.231132], [-8.623408, 41.213075], [-8.616419, 41.195036], [-8.611693, 41.176333], [-8.608583, 41.174095], [-8.609164, 41.172066], [-8.604942, 41.164881], [-8.602852, 41.164214], [-8.59422, 41.165149], [-8.589766, 41.167193], [-8.589194, 41.170572], [-8.583263, 41.174517]]]]}}, {"id": "8", "type": "Feature", "properties": {"fill": "#b1a288", "value_min": -1.33, "value_max": -1.0}, "geometry": {"type": "MultiPolygon", "coordinates": [[[[-8.633609, 41.601517], [-8.60084, 41.572864], [-8.553202, 41.523278], [-8.541266, 41.516259], [-8.50386, 41.500866], [-8.493471, 41.497966], [-8.48149, 41.49794], [-8.469467, 41.503127], [-8.459246, 41.509673], [-8.433378, 41.519545], [-8.421338, 41.525755], [-8.40846, 41.536445], [-8.401597, 41.545416], [-8.394501, 41.563394], [-8.394914, 41.572403], [-8.400636, 41.581441], [-8.408799, 41.5865], [-8.417548, 41.590535], [-8.444692, 41.597943], [-8.456652, 41.602685], [-8.468592, 41.610095], [-8.477147, 41.617843], [-8.484121, 41.626882], [-8.492269, 41.644932], [-8.496766, 41.662967], [-8.496217, 41.673526], [-8.499963, 41.671038], [-8.50927, 41.671233], [-8.51018, 41.672806], [-8.511967, 41.670324], [-8.509856, 41.668755], [-8.522103, 41.658811], [-8.525706, 41.659023], [-8.527769, 41.652714], [-8.534066, 41.652017], [-8.537355, 41.64998], [-8.537634, 41.646602], [-8.543876, 41.637352], [-8.543855, 41.633976], [-8.542353, 41.633694], [-8.528438, 41.632306], [-8.504501, 41.622606], [-8.463154, 41.590757], [-8.433008, 41.56194], [-8.428335, 41.55456], [-8.427053, 41.545546], [-8.433245, 41.534811], [-8.445291, 41.527992], [-8.457285, 41.527042], [-8.481194, 41.53508], [-8.493178, 41.535552], [-8.517181, 41.531831], [-8.529165, 41.53229], [-8.54113, 41.535527], [-8.553076, 41.541579], [-8.564997, 41.551779], [-8.57544, 41.564204], [-8.585357, 41.582255], [-8.587827, 41.600279], [-8.585816, 41.609279], [-8.581486, 41.616503], [-8.585766, 41.620988], [-8.591462, 41.620515], [-8.596534, 41.616668], [-8.601628, 41.615972], [-8.603996, 41.611686], [-8.609369, 41.608287], [-8.614156, 41.606692], [-8.619881, 41.610269], [-8.621338, 41.604636], [-8.628833, 41.604378], [-8.633609, 41.601517]]], [[[-8.458359, 41.695323], [-8.458359, 41.695323], [-8.457158, 41.695383], [-8.458359, 41.695323]]], [[[-8.456558, 41.695412], [-8.419809, 41.69661], [-8.407765, 41.699459], [-8.383644, 41.708309], [-8.371614, 41.709319], [-8.359625, 41.706177], [-8.347665, 41.700324], [-8.332168, 41.689149], [-8.316882, 41.671045], [-8.31039, 41.652992], [-8.309302, 41.634971], [-8.311513, 41.607963], [-8.310117, 41.598948], [-8.305668, 41.589914], [-8.297687, 41.580858], [-8.26521, 41.553052], [-8.229537, 41.527797], [-8.220836, 41.517312], [-8.217398, 41.508281], [-8.217814, 41.499277], [-8.223692, 41.481302], [-8.224247, 41.472298], [-8.222259, 41.463277], [-8.217029, 41.454234], [-8.207262, 41.44516], [-8.152369, 41.408739], [-8.133076, 41.39058], [-8.122364, 41.376768], [-8.119672, 41.376768], [-8.119672, 41.378569], [-8.116683, 41.380144], [-8.117877, 41.385771], [-8.113992, 41.386896], [-8.112795, 41.390723], [-8.110105, 41.390947], [-8.108011, 41.393648], [-8.103827, 41.392972], [-8.105321, 41.394998], [-8.10263, 41.396123], [-8.10801, 41.398825], [-8.108606, 41.403102], [-8.104419, 41.406252], [-8.104119, 41.408728], [-8.101727, 41.409403], [-8.102025, 41.411204], [-8.096693, 41.411878], [-8.123102, 41.420867], [-8.146882, 41.43262], [-8.165216, 41.444863], [-8.175282, 41.453943], [-8.186701, 41.472039], [-8.193785, 41.517125], [-8.199954, 41.535183], [-8.205325, 41.547363], [-8.235351, 41.598475], [-8.255226, 41.643641], [-8.270852, 41.661755], [-8.281433, 41.670829], [-8.349424, 41.71627], [-8.36918, 41.731929], [-8.369907, 41.732582], [-8.369931, 41.732603], [-8.37051, 41.733122], [-8.370682, 41.733277], [-8.370811, 41.733393], [-8.372189, 41.734399], [-8.376825, 41.734389], [-8.384922, 41.73032], [-8.387032, 41.731891], [-8.393033, 41.729852], [-8.396942, 41.730518], [-8.400531, 41.726683], [-8.402934, 41.726452], [-8.404721, 41.722847], [-8.417349, 41.725067], [-8.422737, 41.720552], [-8.429643, 41.719859], [-8.430533, 41.717381], [-8.435927, 41.714441], [-8.441632, 41.713975], [-8.4446, 41.70654], [-8.453868, 41.697961], [-8.453255, 41.695487], [-8.456558, 41.695412]]], [[[-8.274272, 41.325133], [-8.281316, 41.346564], [-8.293286, 41.400683], [-8.302695, 41.412241], [-8.314598, 41.41814], [-8.326531, 41.421344], [-8.362392, 41.425378], [-8.398319, 41.42271], [-8.434303, 41.413191], [-8.482306, 41.395358], [-8.506252, 41.392552], [-8.518206, 41.393615], [-8.542092, 41.398942], [-8.565963, 41.407058], [-8.613702, 41.426961], [-8.625652, 41.430101], [-8.649577, 41.432316], [-8.709421, 41.432553], [-8.805028, 41.439616], [-8.807354, 41.425915], [-8.811211, 41.415789], [-8.805593, 41.294128], [-8.764303, 41.276504], [-8.734026, 41.268882], [-8.710151, 41.268206], [-8.674308, 41.273427], [-8.662367, 41.273671], [-8.612527, 41.267086], [-8.571272, 41.257932], [-8.518259, 41.239707], [-8.490008, 41.227851], [-8.487935, 41.230354], [-8.490331, 41.232373], [-8.489156, 41.235528], [-8.486181, 41.236888], [-8.484411, 41.240495], [-8.476346, 41.237818], [-8.475756, 41.23917], [-8.470986, 41.23941], [-8.471604, 41.243459], [-8.469227, 41.245267], [-8.463258, 41.244384], [-8.459989, 41.246644], [-8.454323, 41.246886], [-8.455541, 41.251834], [-8.452276, 41.25522], [-8.449891, 41.255452], [-8.449304, 41.257479], [-8.447812, 41.257258], [-8.449028, 41.261982], [-8.439785, 41.262907], [-8.438023, 41.268989], [-8.434745, 41.269673], [-8.432691, 41.277107], [-8.427032, 41.279372], [-8.429143, 41.284319], [-8.426171, 41.287028], [-8.426488, 41.291079], [-8.425013, 41.294909], [-8.422037, 41.296942], [-8.422647, 41.299867], [-8.412514, 41.303366], [-8.423259, 41.308916], [-8.435128, 41.31786], [-8.445115, 41.329455], [-8.449317, 41.338483], [-8.450956, 41.347498], [-8.450152, 41.356502], [-8.443103, 41.374483], [-8.428224, 41.392425], [-8.410453, 41.404255], [-8.386443, 41.413106], [-8.374458, 41.415111], [-8.350529, 41.414885], [-8.338587, 41.412601], [-8.326665, 41.408399], [-8.314745, 41.400813], [-8.307097, 41.39176], [-8.303202, 41.382729], [-8.300037, 41.364694], [-8.301249, 41.346686], [-8.308399, 41.326886], [-8.307502, 41.325762], [-8.305116, 41.326891], [-8.303024, 41.325994], [-8.303615, 41.323742], [-8.301216, 41.319694], [-8.296431, 41.316774], [-8.297618, 41.313846], [-8.296116, 41.310022], [-8.281801, 41.316569], [-8.279132, 41.324451], [-8.274272, 41.325133]], [[-8.6736, 41.415343], [-8.637691, 41.417534], [-8.613782, 41.413516], [-8.584758, 41.402104], [-8.554861, 41.383977], [-8.535765, 41.365887], [-8.52626, 41.347833], [-8.525113, 41.33882], [-8.527062, 41.329821], [-8.532481, 41.320835], [-8.542065, 41.311866], [-8.566679, 41.299184], [-8.590607, 41.292949], [-8.614508, 41.290525], [-8.638386, 41.291924], [-8.662245, 41.297404], [-8.674161, 41.303004], [-8.736369, 41.339498], [-8.744136, 41.348523], [-8.748081, 41.35754], [-8.748957, 41.366549], [-8.746725, 41.375552], [-8.741754, 41.384549], [-8.732555, 41.393535], [-8.7181, 41.402508], [-8.697556, 41.410063], [-8.6736, 41.415343]]], [[[-8.009572, 41.60534], [-8.055888, 41.633169], [-8.072123, 41.639057], [-8.096057, 41.644796], [-8.107984, 41.650607], [-8.126167, 41.660746], [-8.136304, 41.66983], [-8.133049, 41.678813], [-8.119525, 41.685016], [-8.103489, 41.6966], [-8.099513, 41.705576], [-8.100424, 41.723597], [-8.106795, 41.736648], [-8.118724, 41.743649], [-8.130773, 41.742013], [-8.167103, 41.722545], [-8.179145, 41.720966], [-8.191121, 41.724673], [-8.20325, 41.733363], [-8.208048, 41.742403], [-8.208577, 41.751414], [-8.206686, 41.760408], [-8.202569, 41.771101], [-8.188465, 41.796308], [-8.185283, 41.812065], [-8.190291, 41.809587], [-8.197158, 41.814129], [-8.201063, 41.808724], [-8.204973, 41.807372], [-8.205872, 41.804445], [-8.214593, 41.803089], [-8.214591, 41.801513], [-8.217598, 41.80016], [-8.217589, 41.793634], [-8.221142, 41.793631], [-8.218599, 41.778503], [-8.219503, 41.742482], [-8.217558, 41.733461], [-8.210462, 41.724406], [-8.191236, 41.715469], [-8.179261, 41.711854], [-8.167188, 41.715901], [-8.142959, 41.729974], [-8.130893, 41.733114], [-8.118891, 41.731469], [-8.10958, 41.723668], [-8.104775, 41.714624], [-8.102834, 41.705602], [-8.105421, 41.696615], [-8.119492, 41.687444], [-8.148893, 41.678931], [-8.148829, 41.669924], [-8.0961, 41.641681], [-8.067889, 41.633267], [-8.053556, 41.624143], [-8.045178, 41.615067], [-8.035725, 41.600241], [-8.031467, 41.602938], [-8.02367, 41.603156], [-8.019174, 41.601802], [-8.009572, 41.60534]]], [[[-7.839222, 41.873821], [-7.842548, 41.870788], [-7.841663, 41.866632], [-7.845893, 41.863491], [-7.849515, 41.861475], [-7.853924, 41.862386], [-7.870024, 41.852645], [-7.870231, 41.852521], [-7.870326, 41.852464], [-7.873043, 41.850501], [-7.873066, 41.844875], [-7.876361, 41.848833], [-7.888568, 41.839553], [-7.913094, 41.813655], [-7.925191, 41.810242], [-7.949288, 41.809061], [-7.974904, 41.803608], [-7.992955, 41.79476], [-8.001447, 41.785828], [-8.003892, 41.776842], [-8.000812, 41.767809], [-7.974529, 41.736046], [-7.962658, 41.726447], [-7.950696, 41.722691], [-7.938671, 41.722858], [-7.926574, 41.727337], [-7.914371, 41.737986], [-7.908467, 41.748955], [-7.902222, 41.766909], [-7.895967, 41.775856], [-7.889596, 41.780034], [-7.868835, 41.784598], [-7.829291, 41.787701], [-7.817265, 41.787218], [-7.805301, 41.783464], [-7.795022, 41.774841], [-7.769919, 41.7458], [-7.759306, 41.737516], [-7.759597, 41.739005], [-7.75689, 41.739446], [-7.758687, 41.740577], [-7.757758, 41.745301], [-7.749323, 41.748649], [-7.747506, 41.751006], [-7.757698, 41.75589], [-7.76969, 41.765566], [-7.792912, 41.802386], [-7.804925, 41.803713], [-7.841258, 41.791454], [-7.890309, 41.784808], [-7.903416, 41.775927], [-7.916366, 41.749029], [-7.926376, 41.739242], [-7.93849, 41.733844], [-7.950522, 41.733369], [-7.962483, 41.737351], [-7.976305, 41.749579], [-7.987682, 41.767694], [-7.990275, 41.776723], [-7.988916, 41.785718], [-7.982682, 41.79467], [-7.968013, 41.803546], [-7.949311, 41.807645], [-7.913173, 41.808983], [-7.888637, 41.835542], [-7.876454, 41.843534], [-7.852225, 41.851293], [-7.822631, 41.856188], [-7.815908, 41.860937], [-7.809356, 41.870822], [-7.814229, 41.873537], [-7.823863, 41.874013], [-7.825059, 41.875817], [-7.830479, 41.875831], [-7.830789, 41.874031], [-7.832894, 41.874712], [-7.83772, 41.872924], [-7.839222, 41.873821]]], [[[-8.567166, 41.225518], [-8.568465, 41.22189], [-8.56721, 41.218869], [-8.555321, 41.212774], [-8.544949, 41.2218], [-8.555194, 41.231574], [-8.567166, 41.225518]]]]}}, {"id": "12", "type": "Feature", "properties": {"fill": "#a3a3a3", "value_min": 0.0, "value_max": -0.33}, "geometry": {"type": "MultiPolygon", "coordinates": [[[[-8.037289, 41.830946], [-8.021361, 41.819424], [-8.009394, 41.814652], [-7.997395, 41.812068], [-7.973332, 41.811131], [-7.937165, 41.814171], [-7.925086, 41.81653], [-7.912919, 41.824022], [-7.89455, 41.847896], [-7.890133, 41.85729], [-7.891675, 41.859094], [-7.895086, 41.859326], [-7.898913, 41.847938], [-7.910017, 41.830031], [-7.920053, 41.821119], [-7.937144, 41.815415], [-7.961256, 41.813432], [-7.985322, 41.814189], [-7.997322, 41.816758], [-8.009284, 41.821814], [-8.021537, 41.830932], [-8.030816, 41.82959], [-8.037289, 41.830946]]], [[[-7.853548, 41.777162], [-7.865577, 41.77734], [-7.877668, 41.774035], [-7.886891, 41.766761], [-7.889811, 41.757783], [-7.887666, 41.748755], [-7.87826, 41.740027], [-7.866342, 41.733929], [-7.854353, 41.731932], [-7.8423, 41.733535], [-7.83432, 41.739219], [-7.827828, 41.74816], [-7.826874, 41.757157], [-7.831123, 41.766207], [-7.841579, 41.773643], [-7.853548, 41.777162]], [[-7.865624, 41.77471], [-7.853604, 41.773987], [-7.841677, 41.768174], [-7.839025, 41.766287], [-7.835107, 41.757241], [-7.838427, 41.748268], [-7.842095, 41.744957], [-7.854208, 41.740047], [-7.866229, 41.740302], [-7.878171, 41.745138], [-7.882009, 41.7487], [-7.885799, 41.757744], [-7.882487, 41.766718], [-7.87773, 41.77047], [-7.865624, 41.77471]]], [[[-8.166755, 41.749463], [-8.17886, 41.743334], [-8.178881, 41.741736], [-8.166893, 41.738788], [-8.162594, 41.742081], [-8.166755, 41.749463]]], [[[-8.046834, 41.725537], [-8.058849, 41.726056], [-8.070945, 41.721006], [-8.083115, 41.71062], [-8.086633, 41.705474], [-8.09528, 41.700301], [-8.097695, 41.696555], [-8.118855, 41.678705], [-8.120263, 41.669709], [-8.112408, 41.660641], [-8.107884, 41.657862], [-8.095945, 41.65276], [-8.083965, 41.650683], [-8.071958, 41.650521], [-8.059925, 41.652169], [-8.042863, 41.660083], [-8.03564, 41.670061], [-8.026313, 41.677958], [-8.021404, 41.686923], [-8.01982, 41.695917], [-8.02194, 41.704942], [-8.027806, 41.713999], [-8.034898, 41.719714], [-8.046834, 41.725537]], [[-8.046969, 41.716378], [-8.042981, 41.714126], [-8.035314, 41.705055], [-8.036064, 41.696054], [-8.042578, 41.678095], [-8.055992, 41.660192], [-8.071912, 41.653751], [-8.083933, 41.65297], [-8.095918, 41.654704], [-8.108518, 41.660611], [-8.117543, 41.669688], [-8.116983, 41.67869], [-8.107223, 41.687622], [-8.095323, 41.697222], [-8.083202, 41.704513], [-8.078408, 41.705409], [-8.064476, 41.714303], [-8.058983, 41.716849], [-8.046969, 41.716378]]], [[[-7.842666, 41.713126], [-7.854639, 41.715812], [-7.858095, 41.712437], [-7.860206, 41.703451], [-7.854941, 41.698767], [-7.842874, 41.701504], [-7.840914, 41.703258], [-7.842666, 41.713126]]], [[[-8.372801, 41.680371], [-8.383898, 41.681694], [-8.388235, 41.680454], [-8.395958, 41.676921], [-8.401598, 41.671518], [-8.402285, 41.662514], [-8.396162, 41.65505], [-8.384197, 41.650328], [-8.372174, 41.651804], [-8.360991, 41.662292], [-8.361624, 41.671303], [-8.372801, 41.680371]], [[-8.379557, 41.671401], [-8.378881, 41.66239], [-8.384096, 41.660971], [-8.386627, 41.662432], [-8.386168, 41.671436], [-8.383986, 41.67252], [-8.379557, 41.671401]]], [[[-8.625036, 41.537088], [-8.637059, 41.530875], [-8.638876, 41.528392], [-8.635329, 41.519373], [-8.62516, 41.515601], [-8.613155, 41.519051], [-8.610738, 41.5283], [-8.613081, 41.531579], [-8.625036, 41.537088]]], [[[-8.349514, 41.516533], [-8.361535, 41.512785], [-8.377224, 41.50025], [-8.381889, 41.491268], [-8.382575, 41.482264], [-8.379344, 41.47324], [-8.369797, 41.46418], [-8.362053, 41.459972], [-8.350112, 41.456667], [-8.338145, 41.45613], [-8.32615, 41.458177], [-8.314112, 41.46428], [-8.306163, 41.472821], [-8.30325, 41.481811], [-8.303744, 41.490822], [-8.30751, 41.499852], [-8.313663, 41.506913], [-8.325567, 41.514399], [-8.337525, 41.516985], [-8.349514, 41.516533]], [[-8.337263, 41.509034], [-8.325659, 41.505551], [-8.31837, 41.499917], [-8.313024, 41.490877], [-8.312876, 41.481869], [-8.318165, 41.472893], [-8.326056, 41.467251], [-8.338064, 41.464092], [-8.350031, 41.464857], [-8.365518, 41.473164], [-8.370664, 41.4822], [-8.370525, 41.491206], [-8.36163, 41.503089], [-8.349594, 41.508496], [-8.337263, 41.509034]]], [[[-8.419619, 41.482457], [-8.421709, 41.484072], [-8.428619, 41.482502], [-8.421745, 41.479967], [-8.419619, 41.482457]]], [[[-8.552585, 41.465036], [-8.563186, 41.45607], [-8.553729, 41.446544], [-8.541727, 41.450824], [-8.538937, 41.455975], [-8.541659, 41.460426], [-8.552585, 41.465036]]], [[[-8.208889, 41.376292], [-8.206735, 41.382104], [-8.215345, 41.391171], [-8.219172, 41.392748], [-8.231142, 41.392056], [-8.239667, 41.382326], [-8.236363, 41.373297], [-8.232722, 41.370646], [-8.232622, 41.370573], [-8.232413, 41.370421], [-8.232323, 41.370355], [-8.232104, 41.370196], [-8.232024, 41.370137], [-8.231796, 41.369971], [-8.224854, 41.370878], [-8.220966, 41.368645], [-8.220812, 41.36863], [-8.220368, 41.368586], [-8.216187, 41.370158], [-8.212011, 41.375839], [-8.208889, 41.376292]]], [[[-8.629405, 41.187963], [-8.632739, 41.204097], [-8.638807, 41.215548], [-8.650671, 41.227819], [-8.66257, 41.234163], [-8.674487, 41.237414], [-8.698349, 41.238354], [-8.710289, 41.236826], [-8.730595, 41.231391], [-8.749026, 41.222425], [-8.76014, 41.213441], [-8.767386, 41.204448], [-8.771698, 41.195449], [-8.773908, 41.186445], [-8.771818, 41.168425], [-8.767596, 41.159409], [-8.75455, 41.145064], [-8.67527, 41.147484], [-8.676193, 41.146567], [-8.674793, 41.146932], [-8.674204, 41.147693], [-8.673939, 41.151687], [-8.686844, 41.148464], [-8.698764, 41.147832], [-8.710675, 41.149311], [-8.722577, 41.152939], [-8.734468, 41.159696], [-8.746335, 41.173226], [-8.750685, 41.186397], [-8.750022, 41.195404], [-8.746338, 41.204403], [-8.739572, 41.213396], [-8.727099, 41.222375], [-8.710325, 41.22873], [-8.698384, 41.230853], [-8.686451, 41.231053], [-8.674528, 41.229151], [-8.66262, 41.224473], [-8.650741, 41.214715], [-8.644379, 41.204134], [-8.642212, 41.193309], [-8.641225, 41.196014], [-8.638841, 41.196025], [-8.638231, 41.194227], [-8.634946, 41.193341], [-8.633126, 41.189072], [-8.629405, 41.187963]]], [[[-8.654971, 41.163289], [-8.65822, 41.160373], [-8.656143, 41.160832], [-8.654971, 41.163289]]], [[[-8.661611, 41.157656], [-8.66296, 41.156663], [-8.66117, 41.156307], [-8.661611, 41.157656]]]]}}, {"id": "13", "type": "Feature", "properties": {"fill": "#a3a3a3", "value_min": 0.33, "value_max": -0.67}, "geometry": {"type": "MultiPolygon", "coordinates": [[[[-8.021537, 41.830932], [-8.009284, 41.821814], [-7.997322, 41.816758], [-7.985322, 41.814189], [-7.961256, 41.813432], [-7.937144, 41.815415], [-7.920053, 41.821119], [-7.910017, 41.830031], [-7.898913, 41.847938], [-7.895086, 41.859326], [-7.900546, 41.861363], [-7.902428, 41.847972], [-7.906271, 41.839002], [-7.912869, 41.830058], [-7.923643, 41.821152], [-7.937123, 41.816659], [-7.961236, 41.814669], [-7.985277, 41.817045], [-7.998439, 41.821829], [-8.012755, 41.832734], [-8.013965, 41.828899], [-8.017873, 41.831379], [-8.021537, 41.830932]]], [[[-7.865624, 41.77471], [-7.87773, 41.77047], [-7.882487, 41.766718], [-7.885799, 41.757744], [-7.882009, 41.7487], [-7.878171, 41.745138], [-7.866229, 41.740302], [-7.854208, 41.740047], [-7.842095, 41.744957], [-7.838427, 41.748268], [-7.835107, 41.757241], [-7.839025, 41.766287], [-7.841677, 41.768174], [-7.853604, 41.773987], [-7.865624, 41.77471]], [[-7.865674, 41.771876], [-7.853666, 41.770515], [-7.846036, 41.766358], [-7.842265, 41.757313], [-7.847714, 41.748361], [-7.854122, 41.74493], [-7.866162, 41.744133], [-7.875554, 41.748637], [-7.881786, 41.757705], [-7.878085, 41.766676], [-7.865674, 41.771876]]], [[[-8.046969, 41.716378], [-8.058983, 41.716849], [-8.064476, 41.714303], [-8.078408, 41.705409], [-8.083202, 41.704513], [-8.095323, 41.697222], [-8.107223, 41.687622], [-8.116983, 41.67869], [-8.117543, 41.669688], [-8.108518, 41.660611], [-8.095918, 41.654704], [-8.083933, 41.65297], [-8.071912, 41.653751], [-8.055992, 41.660192], [-8.042578, 41.678095], [-8.036064, 41.696054], [-8.035314, 41.705055], [-8.042981, 41.714126], [-8.046969, 41.716378]], [[-8.071218, 41.702021], [-8.059517, 41.696249], [-8.051339, 41.687174], [-8.050773, 41.678163], [-8.054569, 41.669187], [-8.064117, 41.660258], [-8.071868, 41.656849], [-8.083903, 41.655051], [-8.095891, 41.656647], [-8.107819, 41.662574], [-8.115061, 41.669669], [-8.115111, 41.678676], [-8.095344, 41.695683], [-8.083244, 41.701554], [-8.071218, 41.702021]]], [[[-8.379557, 41.671401], [-8.383986, 41.67252], [-8.386168, 41.671436], [-8.386627, 41.662432], [-8.384096, 41.660971], [-8.378881, 41.66239], [-8.379557, 41.671401]]], [[[-8.337263, 41.509034], [-8.349594, 41.508496], [-8.36163, 41.503089], [-8.370525, 41.491206], [-8.370664, 41.4822], [-8.365518, 41.473164], [-8.350031, 41.464857], [-8.338064, 41.464092], [-8.326056, 41.467251], [-8.318165, 41.472893], [-8.312876, 41.481869], [-8.313024, 41.490877], [-8.31837, 41.499917], [-8.325659, 41.505551], [-8.337263, 41.509034]], [[-8.337673, 41.50247], [-8.325755, 41.4963], [-8.321745, 41.490929], [-8.321925, 41.481923], [-8.325957, 41.476863], [-8.337993, 41.471043], [-8.349958, 41.472118], [-8.361605, 41.48215], [-8.361737, 41.491158], [-8.349664, 41.501561], [-8.337673, 41.50247]]], [[[-8.642212, 41.193309], [-8.644379, 41.204134], [-8.650741, 41.214715], [-8.66262, 41.224473], [-8.674528, 41.229151], [-8.686451, 41.231053], [-8.698384, 41.230853], [-8.710325, 41.22873], [-8.727099, 41.222375], [-8.739572, 41.213396], [-8.746338, 41.204403], [-8.750022, 41.195404], [-8.750685, 41.186397], [-8.746335, 41.173226], [-8.734468, 41.159696], [-8.722577, 41.152939], [-8.710675, 41.149311], [-8.698764, 41.147832], [-8.686844, 41.148464], [-8.673939, 41.151687], [-8.674849, 41.153767], [-8.672489, 41.15648], [-8.66296, 41.156663], [-8.661611, 41.157656], [-8.660313, 41.160813], [-8.65822, 41.160373], [-8.654971, 41.163289], [-8.653231, 41.169174], [-8.655366, 41.175467], [-8.647955, 41.180228], [-8.647696, 41.185181], [-8.642212, 41.193309]], [[-8.686486, 41.223573], [-8.674569, 41.220852], [-8.661911, 41.213194], [-8.655717, 41.204168], [-8.653655, 41.195154], [-8.655125, 41.186151], [-8.662877, 41.17444], [-8.674836, 41.16687], [-8.686772, 41.163705], [-8.698692, 41.163548], [-8.7106, 41.166299], [-8.722492, 41.173159], [-8.731801, 41.186355], [-8.732721, 41.195365], [-8.729909, 41.204366], [-8.722322, 41.213379], [-8.710363, 41.220055], [-8.702835, 41.222315], [-8.686486, 41.223573]]]]}}, {"id": "14", "type": "Feature", "properties": {"fill": "#a3a3a3", "value_min": 0.67, "value_max": -1.0}, "geometry": {"type": "MultiPolygon", "coordinates": [[[[-8.012755, 41.832734], [-7.998439, 41.821829], [-7.985277, 41.817045], [-7.961236, 41.814669], [-7.937123, 41.816659], [-7.923643, 41.821152], [-7.912869, 41.830058], [-7.906271, 41.839002], [-7.902428, 41.847972], [-7.900546, 41.861363], [-7.904017, 41.859794], [-7.905013, 41.860922], [-7.905473, 41.848001], [-7.908996, 41.839028], [-7.915147, 41.830079], [-7.924989, 41.822308], [-7.937103, 41.817904], [-7.961216, 41.815906], [-7.97324, 41.816907], [-7.985232, 41.819901], [-8.003867, 41.830883], [-8.008815, 41.838347], [-8.012755, 41.832734]]], [[[-7.910894, 41.876013], [-7.910894, 41.876013], [-7.910886, 41.876001], [-7.910894, 41.876013]]], [[[-7.910734, 41.875787], [-7.910734, 41.875787], [-7.910586, 41.875578], [-7.910734, 41.875787]]], [[[-7.910575, 41.875562], [-7.910575, 41.875562], [-7.910286, 41.875154], [-7.910575, 41.875562]]], [[[-7.910256, 41.875111], [-7.910256, 41.875111], [-7.909987, 41.874582], [-7.910256, 41.875111]]], [[[-7.907161, 41.868803], [-7.907161, 41.868803], [-7.90617, 41.866776], [-7.907161, 41.868803]]], [[[-7.865674, 41.771876], [-7.878085, 41.766676], [-7.881786, 41.757705], [-7.875554, 41.748637], [-7.866162, 41.744133], [-7.854122, 41.74493], [-7.847714, 41.748361], [-7.842265, 41.757313], [-7.846036, 41.766358], [-7.853666, 41.770515], [-7.865674, 41.771876]], [[-7.853728, 41.767044], [-7.847962, 41.757371], [-7.854025, 41.750355], [-7.866095, 41.747964], [-7.877687, 41.757665], [-7.871593, 41.766612], [-7.865724, 41.769042], [-7.853728, 41.767044]]], [[[-8.071218, 41.702021], [-8.083244, 41.701554], [-8.095344, 41.695683], [-8.115111, 41.678676], [-8.115061, 41.669669], [-8.107819, 41.662574], [-8.095891, 41.656647], [-8.083903, 41.655051], [-8.071868, 41.656849], [-8.064117, 41.660258], [-8.054569, 41.669187], [-8.050773, 41.678163], [-8.051339, 41.687174], [-8.059517, 41.696249], [-8.071218, 41.702021]], [[-8.072879, 41.696357], [-8.059822, 41.687244], [-8.056435, 41.678209], [-8.060203, 41.669233], [-8.071823, 41.659949], [-8.083874, 41.657132], [-8.095864, 41.658592], [-8.107786, 41.664954], [-8.112581, 41.669649], [-8.113238, 41.678662], [-8.09536, 41.694586], [-8.083286, 41.698596], [-8.072879, 41.696357]]], [[[-8.337673, 41.50247], [-8.349664, 41.501561], [-8.361737, 41.491158], [-8.361605, 41.48215], [-8.349958, 41.472118], [-8.337993, 41.471043], [-8.325957, 41.476863], [-8.321925, 41.481923], [-8.321745, 41.490929], [-8.325755, 41.4963], [-8.337673, 41.50247]], [[-8.337755, 41.494445], [-8.332733, 41.490993], [-8.333433, 41.48199], [-8.33791, 41.479183], [-8.349871, 41.480847], [-8.351702, 41.491102], [-8.349751, 41.492858], [-8.337755, 41.494445]]], [[[-8.686486, 41.223573], [-8.702835, 41.222315], [-8.710363, 41.220055], [-8.722322, 41.213379], [-8.729909, 41.204366], [-8.732721, 41.195365], [-8.731801, 41.186355], [-8.722492, 41.173159], [-8.7106, 41.166299], [-8.698692, 41.163548], [-8.686772, 41.163705], [-8.674836, 41.16687], [-8.662877, 41.17444], [-8.655125, 41.186151], [-8.653655, 41.195154], [-8.655717, 41.204168], [-8.661911, 41.213194], [-8.674569, 41.220852], [-8.686486, 41.223573]], [[-8.686528, 41.214933], [-8.674621, 41.210349], [-8.66862, 41.204206], [-8.666445, 41.195192], [-8.670413, 41.186195], [-8.674761, 41.182092], [-8.686707, 41.177393], [-8.698627, 41.17792], [-8.712743, 41.186309], [-8.716233, 41.195325], [-8.713806, 41.204327], [-8.701542, 41.213304], [-8.686528, 41.214933]]]]}}, {"id": "15", "type": "Feature", "properties": {"fill": "#97a3b2", "value_min": 1.0, "value_max": -1.33}, "geometry": {"type": "MultiPolygon", "coordinates": [[[[-8.008815, 41.838347], [-8.003867, 41.830883], [-7.985232, 41.819901], [-7.97324, 41.816907], [-7.961216, 41.815906], [-7.937103, 41.817904], [-7.924989, 41.822308], [-7.915147, 41.830079], [-7.908996, 41.839028], [-7.905473, 41.848001], [-7.905013, 41.860922], [-7.907309, 41.865203], [-7.90617, 41.866776], [-7.907161, 41.868803], [-7.910299, 41.871285], [-7.909987, 41.874582], [-7.910256, 41.875111], [-7.910286, 41.875154], [-7.910575, 41.875562], [-7.910586, 41.875578], [-7.910734, 41.875787], [-7.910886, 41.876001], [-7.910894, 41.876013], [-7.915391, 41.879397], [-7.92096, 41.878282], [-7.911054, 41.866067], [-7.90827, 41.857034], [-7.908519, 41.84803], [-7.917425, 41.830101], [-7.930861, 41.82122], [-7.949153, 41.817299], [-7.961196, 41.817143], [-7.973211, 41.818709], [-7.982973, 41.821693], [-7.997089, 41.830824], [-8.004188, 41.839892], [-8.00578, 41.845996], [-8.008815, 41.838347]]], [[[-7.853728, 41.767044], [-7.865724, 41.769042], [-7.871593, 41.766612], [-7.877687, 41.757665], [-7.866095, 41.747964], [-7.854025, 41.750355], [-7.847962, 41.757371], [-7.853728, 41.767044]], [[-7.853891, 41.757871], [-7.866011, 41.752726], [-7.871743, 41.757607], [-7.865785, 41.765554], [-7.853891, 41.757871]]], [[[-8.072879, 41.696357], [-8.083286, 41.698596], [-8.09536, 41.694586], [-8.113238, 41.678662], [-8.112581, 41.669649], [-8.107786, 41.664954], [-8.095864, 41.658592], [-8.083874, 41.657132], [-8.071823, 41.659949], [-8.060203, 41.669233], [-8.056435, 41.678209], [-8.059822, 41.687244], [-8.072879, 41.696357]], [[-8.083321, 41.696078], [-8.071346, 41.693109], [-8.063717, 41.687276], [-8.060733, 41.678244], [-8.063577, 41.669261], [-8.071783, 41.662734], [-8.083844, 41.659214], [-8.095837, 41.660529], [-8.107754, 41.667333], [-8.110099, 41.66963], [-8.111366, 41.678647], [-8.095375, 41.693488], [-8.083321, 41.696078]]], [[[-8.337755, 41.494445], [-8.349751, 41.492858], [-8.351702, 41.491102], [-8.349871, 41.480847], [-8.33791, 41.479183], [-8.333433, 41.48199], [-8.332733, 41.490993], [-8.337755, 41.494445]]], [[[-8.686528, 41.214933], [-8.701542, 41.213304], [-8.713806, 41.204327], [-8.716233, 41.195325], [-8.712743, 41.186309], [-8.698627, 41.17792], [-8.686707, 41.177393], [-8.674761, 41.182092], [-8.670413, 41.186195], [-8.666445, 41.195192], [-8.66862, 41.204206], [-8.674621, 41.210349], [-8.686528, 41.214933]]]]}}, {"id": "5", "type": "Feature", "properties": {"fill": "#ea870e", "value_min": -2.33, "value_max": -2.0}, "geometry": {"type": "MultiPolygon", "coordinates": [[[[-7.888769, 41.827887], [-7.89529, 41.820883], [-7.899787, 41.811919], [-7.900241, 41.802917], [-7.889351, 41.794245], [-7.877355, 41.79195], [-7.865312, 41.792395], [-7.853223, 41.795375], [-7.840294, 41.802327], [-7.833468, 41.811265], [-7.833171, 41.820269], [-7.839208, 41.829337], [-7.852493, 41.836293], [-7.864517, 41.837399], [-7.876601, 41.835094], [-7.888769, 41.827887]], [[-7.864589, 41.833339], [-7.850679, 41.829452], [-7.841868, 41.820357], [-7.841274, 41.811344], [-7.846824, 41.802393], [-7.85316, 41.798912], [-7.865267, 41.794953], [-7.877307, 41.794715], [-7.889272, 41.798797], [-7.894376, 41.802861], [-7.896052, 41.811884], [-7.888836, 41.824039], [-7.876664, 41.831531], [-7.864589, 41.833339]]], [[[-7.961464, 41.800543], [-7.970342, 41.79456], [-7.973368, 41.78558], [-7.965931, 41.758493], [-7.957302, 41.749408], [-7.950315, 41.746113], [-7.938278, 41.7467], [-7.933753, 41.749192], [-7.925365, 41.758121], [-7.923116, 41.767107], [-7.913887, 41.785033], [-7.913788, 41.794039], [-7.927154, 41.803172], [-7.937315, 41.805093], [-7.949357, 41.804811], [-7.961464, 41.800543]], [[-7.937341, 41.803488], [-7.919789, 41.794096], [-7.919503, 41.785086], [-7.933378, 41.767202], [-7.933302, 41.758195], [-7.938165, 41.753551], [-7.95021, 41.752556], [-7.957162, 41.758414], [-7.957019, 41.767419], [-7.968239, 41.785534], [-7.965858, 41.79452], [-7.961514, 41.797447], [-7.94945, 41.803378], [-7.937341, 41.803488]]], [[[-8.343493, 41.761915], [-8.343228, 41.752262], [-8.34048, 41.74324], [-8.334814, 41.7342], [-8.323392, 41.722825], [-8.311445, 41.715755], [-8.299473, 41.711263], [-8.287471, 41.709597], [-8.275442, 41.710398], [-8.263374, 41.714526], [-8.251258, 41.722759], [-8.242947, 41.733631], [-8.239904, 41.742618], [-8.23959, 41.76063], [-8.242392, 41.769656], [-8.252156, 41.782781], [-8.251845, 41.777172], [-8.256951, 41.774133], [-8.252276, 41.76972], [-8.247419, 41.760682], [-8.245854, 41.751665], [-8.247273, 41.742667], [-8.25219, 41.733692], [-8.261923, 41.724748], [-8.275349, 41.718663], [-8.287384, 41.717413], [-8.29939, 41.718918], [-8.31136, 41.723786], [-8.323282, 41.733312], [-8.32994, 41.743179], [-8.332062, 41.752198], [-8.329812, 41.76419], [-8.332141, 41.762835], [-8.336653, 41.763728], [-8.338452, 41.762149], [-8.343493, 41.761915]]], [[[-8.152384, 41.705978], [-8.143388, 41.697638], [-8.131416, 41.694243], [-8.119427, 41.692159], [-8.111443, 41.696662], [-8.111778, 41.705671], [-8.118773, 41.714732], [-8.131043, 41.721971], [-8.143092, 41.719983], [-8.150249, 41.714969], [-8.152384, 41.705978]], [[-8.127424, 41.714798], [-8.118494, 41.705723], [-8.115529, 41.696693], [-8.119395, 41.694514], [-8.127246, 41.696783], [-8.131324, 41.701111], [-8.144313, 41.705918], [-8.143038, 41.714916], [-8.13111, 41.716962], [-8.127424, 41.714798]]], [[[-8.078278, 41.566059], [-8.087404, 41.570374], [-8.096977, 41.578841], [-8.099968, 41.57948], [-8.084886, 41.585598], [-8.070282, 41.597258], [-8.065089, 41.606223], [-8.064962, 41.615229], [-8.07098, 41.624285], [-8.08425, 41.630554], [-8.09622, 41.633123], [-8.120007, 41.649614], [-8.131946, 41.654819], [-8.143933, 41.65653], [-8.155964, 41.654956], [-8.163577, 41.652018], [-8.17536, 41.643096], [-8.179349, 41.634117], [-8.179762, 41.625113], [-8.176991, 41.616086], [-8.168607, 41.605738], [-8.156715, 41.59735], [-8.116404, 41.579608], [-8.120976, 41.578264], [-8.12796, 41.570689], [-8.133102, 41.568579], [-8.145234, 41.55805], [-8.154655, 41.543866], [-8.157381, 41.525872], [-8.155723, 41.516852], [-8.151569, 41.507814], [-8.146, 41.499826], [-8.122334, 41.477909], [-8.110376, 41.476498], [-8.086363, 41.480682], [-8.074339, 41.483953], [-8.066368, 41.488274], [-8.072054, 41.490199], [-8.072348, 41.495601], [-8.078333, 41.49898], [-8.078332, 41.500331], [-8.082523, 41.501638], [-8.098074, 41.499938], [-8.121989, 41.503455], [-8.133894, 41.509177], [-8.141357, 41.516746], [-8.144314, 41.525775], [-8.143562, 41.534777], [-8.13884, 41.543749], [-8.133363, 41.549032], [-8.121281, 41.555796], [-8.109255, 41.558322], [-8.097268, 41.557907], [-8.080001, 41.551651], [-8.074396, 41.549848], [-8.072897, 41.551197], [-8.076188, 41.557276], [-8.079783, 41.558403], [-8.082177, 41.563131], [-8.081576, 41.565157], [-8.078879, 41.56493], [-8.078278, 41.566059]], [[-8.131986, 41.651862], [-8.113792, 41.642638], [-8.108211, 41.63418], [-8.096304, 41.627094], [-8.084313, 41.62613], [-8.080479, 41.624362], [-8.072827, 41.615293], [-8.076713, 41.606317], [-8.08467, 41.600872], [-8.096678, 41.600302], [-8.108621, 41.604439], [-8.120597, 41.606215], [-8.132611, 41.605223], [-8.14459, 41.606891], [-8.156531, 41.611508], [-8.16193, 41.615977], [-8.167748, 41.625027], [-8.168297, 41.634038], [-8.164422, 41.643017], [-8.156044, 41.648862], [-8.147146, 41.651897], [-8.131986, 41.651862]]], [[[-8.540673, 41.599978], [-8.551766, 41.591136], [-8.555783, 41.582145], [-8.55528, 41.573136], [-8.55059, 41.56411], [-8.540985, 41.55596], [-8.529028, 41.551256], [-8.517042, 41.550554], [-8.50503, 41.553425], [-8.48969, 41.563856], [-8.485095, 41.572843], [-8.485714, 41.581853], [-8.491758, 41.590887], [-8.504677, 41.599643], [-8.516649, 41.603361], [-8.528648, 41.603561], [-8.540673, 41.599978]], [[-8.516704, 41.595875], [-8.503074, 41.590936], [-8.494752, 41.581893], [-8.493858, 41.572882], [-8.499526, 41.563899], [-8.504978, 41.560116], [-8.516996, 41.556702], [-8.528979, 41.557934], [-8.540033, 41.564068], [-8.545728, 41.573098], [-8.54516, 41.582103], [-8.537247, 41.591079], [-8.528709, 41.595089], [-8.516704, 41.595875]]], [[[-8.673729, 41.389613], [-8.681264, 41.384397], [-8.688604, 41.375409], [-8.691716, 41.36641], [-8.691135, 41.357401], [-8.686843, 41.348382], [-8.679499, 41.339354], [-8.667641, 41.330312], [-8.65017, 41.32187], [-8.638238, 41.318859], [-8.626294, 41.31805], [-8.614338, 41.319388], [-8.602368, 41.322971], [-8.590007, 41.330062], [-8.581351, 41.339039], [-8.577259, 41.348031], [-8.576201, 41.357035], [-8.578336, 41.366051], [-8.583059, 41.375075], [-8.59218, 41.384116], [-8.601958, 41.390417], [-8.613889, 41.395503], [-8.625835, 41.398319], [-8.637793, 41.399147], [-8.649761, 41.398159], [-8.661739, 41.395166], [-8.673729, 41.389613]], [[-8.649803, 41.390312], [-8.637833, 41.391986], [-8.625875, 41.391295], [-8.613933, 41.38809], [-8.602013, 41.381371], [-8.595053, 41.375118], [-8.589963, 41.366093], [-8.588417, 41.357079], [-8.590665, 41.34808], [-8.597105, 41.339095], [-8.602295, 41.335029], [-8.614279, 41.329413], [-8.626242, 41.327153], [-8.638189, 41.327608], [-8.650122, 41.330751], [-8.66546, 41.339314], [-8.673882, 41.348346], [-8.67813, 41.357365], [-8.678262, 41.366373], [-8.674038, 41.375369], [-8.664219, 41.384348], [-8.649803, 41.390312]]], [[[-8.398561, 41.383267], [-8.402663, 41.37428], [-8.402707, 41.365273], [-8.398778, 41.356245], [-8.387077, 41.345565], [-8.375169, 41.340889], [-8.363229, 41.339636], [-8.351262, 41.341187], [-8.339256, 41.346509], [-8.329473, 41.355862], [-8.325231, 41.364845], [-8.324645, 41.373849], [-8.327726, 41.382875], [-8.335949, 41.39193], [-8.350691, 41.398621], [-8.36264, 41.400013], [-8.374617, 41.398564], [-8.389426, 41.392226], [-8.398561, 41.383267]], [[-8.356887, 41.392049], [-8.350768, 41.390846], [-8.339063, 41.38294], [-8.335449, 41.373912], [-8.337174, 41.364914], [-8.346314, 41.355959], [-8.351142, 41.353265], [-8.363116, 41.351249], [-8.375048, 41.353514], [-8.379715, 41.356144], [-8.388534, 41.365199], [-8.389934, 41.374214], [-8.385643, 41.383198], [-8.374694, 41.390501], [-8.362709, 41.392918], [-8.356887, 41.392049]]]]}}, {"id": "4", "type": "Feature", "properties": {"fill": "#d75e13", "value_min": -2.67, "value_max": -2.33}, "geometry": {"type": "MultiPolygon", "coordinates": [[[[-7.864589, 41.833339], [-7.876664, 41.831531], [-7.888836, 41.824039], [-7.896052, 41.811884], [-7.894376, 41.802861], [-7.889272, 41.798797], [-7.877307, 41.794715], [-7.865267, 41.794953], [-7.85316, 41.798912], [-7.846824, 41.802393], [-7.841274, 41.811344], [-7.841868, 41.820357], [-7.850679, 41.829452], [-7.864589, 41.833339]], [[-7.86466, 41.829302], [-7.852704, 41.824458], [-7.848443, 41.820423], [-7.846575, 41.811397], [-7.853097, 41.80245], [-7.86522, 41.797581], [-7.87726, 41.797424], [-7.888514, 41.802804], [-7.892317, 41.811848], [-7.888079, 41.820814], [-7.876723, 41.828108], [-7.86466, 41.829302]]], [[[-7.937341, 41.803488], [-7.94945, 41.803378], [-7.961514, 41.797447], [-7.965858, 41.79452], [-7.968239, 41.785534], [-7.957019, 41.767419], [-7.957162, 41.758414], [-7.95021, 41.752556], [-7.938165, 41.753551], [-7.933302, 41.758195], [-7.933378, 41.767202], [-7.919503, 41.785086], [-7.919789, 41.794096], [-7.937341, 41.803488]], [[-7.937381, 41.801084], [-7.925702, 41.794151], [-7.925118, 41.785139], [-7.937821, 41.774432], [-7.949866, 41.773648], [-7.963111, 41.785488], [-7.961386, 41.794479], [-7.949419, 41.801044], [-7.937381, 41.801084]]], [[[-8.329812, 41.76419], [-8.332062, 41.752198], [-8.32994, 41.743179], [-8.323282, 41.733312], [-8.31136, 41.723786], [-8.29939, 41.718918], [-8.287384, 41.717413], [-8.275349, 41.718663], [-8.261923, 41.724748], [-8.25219, 41.733692], [-8.247273, 41.742667], [-8.245854, 41.751665], [-8.247419, 41.760682], [-8.252276, 41.76972], [-8.256951, 41.774133], [-8.261762, 41.774235], [-8.264545, 41.771531], [-8.254799, 41.76073], [-8.252517, 41.751708], [-8.253999, 41.742711], [-8.263186, 41.731006], [-8.275277, 41.72508], [-8.287319, 41.723293], [-8.29932, 41.725292], [-8.314711, 41.734082], [-8.321122, 41.743127], [-8.322891, 41.752144], [-8.320185, 41.762181], [-8.325233, 41.765098], [-8.328234, 41.763292], [-8.329812, 41.76419]]], [[[-8.127424, 41.714798], [-8.13111, 41.716962], [-8.143038, 41.714916], [-8.144313, 41.705918], [-8.131324, 41.701111], [-8.127246, 41.696783], [-8.119395, 41.694514], [-8.115529, 41.696693], [-8.118494, 41.705723], [-8.127424, 41.714798]]], [[[-8.131986, 41.651862], [-8.147146, 41.651897], [-8.156044, 41.648862], [-8.164422, 41.643017], [-8.168297, 41.634038], [-8.167748, 41.625027], [-8.16193, 41.615977], [-8.156531, 41.611508], [-8.14459, 41.606891], [-8.132611, 41.605223], [-8.120597, 41.606215], [-8.108621, 41.604439], [-8.096678, 41.600302], [-8.08467, 41.600872], [-8.076713, 41.606317], [-8.072827, 41.615293], [-8.080479, 41.624362], [-8.084313, 41.62613], [-8.096304, 41.627094], [-8.108211, 41.63418], [-8.113792, 41.642638], [-8.131986, 41.651862]], [[-8.14403, 41.649198], [-8.132019, 41.649373], [-8.120082, 41.644141], [-8.112135, 41.633618], [-8.112837, 41.624616], [-8.120443, 41.617559], [-8.132502, 41.613407], [-8.144488, 41.614609], [-8.159072, 41.624963], [-8.161376, 41.633987], [-8.15625, 41.642957], [-8.14403, 41.649198]], [[-8.084436, 41.617397], [-8.082735, 41.615373], [-8.0845, 41.612884], [-8.097127, 41.615486], [-8.084436, 41.617397]]], [[[-8.516704, 41.595875], [-8.528709, 41.595089], [-8.537247, 41.591079], [-8.54516, 41.582103], [-8.545728, 41.573098], [-8.540033, 41.564068], [-8.528979, 41.557934], [-8.516996, 41.556702], [-8.504978, 41.560116], [-8.499526, 41.563899], [-8.493858, 41.572882], [-8.494752, 41.581893], [-8.503074, 41.590936], [-8.516704, 41.595875]], [[-8.516756, 41.588976], [-8.503026, 41.581929], [-8.501278, 41.572914], [-8.504918, 41.568044], [-8.516956, 41.56216], [-8.528932, 41.56439], [-8.536506, 41.573061], [-8.534674, 41.582061], [-8.528769, 41.586807], [-8.516756, 41.588976]]], [[[-8.080001, 41.551651], [-8.097268, 41.557907], [-8.109255, 41.558322], [-8.121281, 41.555796], [-8.133363, 41.549032], [-8.13884, 41.543749], [-8.143562, 41.534777], [-8.144314, 41.525775], [-8.141357, 41.516746], [-8.133894, 41.509177], [-8.121989, 41.503455], [-8.098074, 41.499938], [-8.082523, 41.501638], [-8.092402, 41.504163], [-8.0921, 41.508747], [-8.097971, 41.507337], [-8.109946, 41.507946], [-8.121879, 41.511594], [-8.12931, 41.516655], [-8.133843, 41.525697], [-8.132608, 41.534695], [-8.121416, 41.545839], [-8.109376, 41.549505], [-8.097391, 41.54912], [-8.084888, 41.544304], [-8.082186, 41.550752], [-8.080001, 41.551651]]], [[[-8.091501, 41.508893], [-8.091501, 41.508893], [-8.091515, 41.508889], [-8.091501, 41.508893]]], [[[-8.356887, 41.392049], [-8.362709, 41.392918], [-8.374694, 41.390501], [-8.385643, 41.383198], [-8.389934, 41.374214], [-8.388534, 41.365199], [-8.379715, 41.356144], [-8.375048, 41.353514], [-8.363116, 41.351249], [-8.351142, 41.353265], [-8.346314, 41.355959], [-8.337174, 41.364914], [-8.335449, 41.373912], [-8.339063, 41.38294], [-8.350768, 41.390846], [-8.356887, 41.392049]], [[-8.357567, 41.383045], [-8.350887, 41.378975], [-8.348113, 41.373984], [-8.351002, 41.367379], [-8.35439, 41.365012], [-8.363004, 41.362753], [-8.369901, 41.365098], [-8.374891, 41.369982], [-8.376495, 41.374142], [-8.36697, 41.383097], [-8.362794, 41.384241], [-8.357567, 41.383045]]], [[[-8.649803, 41.390312], [-8.664219, 41.384348], [-8.674038, 41.375369], [-8.678262, 41.366373], [-8.67813, 41.357365], [-8.673882, 41.348346], [-8.66546, 41.339314], [-8.650122, 41.330751], [-8.638189, 41.327608], [-8.626242, 41.327153], [-8.614279, 41.329413], [-8.602295, 41.335029], [-8.597105, 41.339095], [-8.590665, 41.34808], [-8.588417, 41.357079], [-8.589963, 41.366093], [-8.595053, 41.375118], [-8.602013, 41.381371], [-8.613933, 41.38809], [-8.625875, 41.391295], [-8.637833, 41.391986], [-8.649803, 41.390312]], [[-8.625912, 41.384801], [-8.613977, 41.38057], [-8.606219, 41.375157], [-8.599886, 41.366127], [-8.598759, 41.357116], [-8.602337, 41.348121], [-8.613046, 41.33915], [-8.626197, 41.335128], [-8.638147, 41.335272], [-8.650079, 41.338797], [-8.662777, 41.348314], [-8.667408, 41.357335], [-8.667192, 41.366342], [-8.661688, 41.375333], [-8.649844, 41.382691], [-8.637869, 41.38542], [-8.625912, 41.384801]]]]}}, {"id": "3", "type": "Feature", "properties": {"fill": "#c33119", "value_min": -3.0, "value_max": -2.67}, "geometry": {"type": "MultiPolygon", "coordinates": [[[[-7.86466, 41.829302], [-7.876723, 41.828108], [-7.888079, 41.820814], [-7.892317, 41.811848], [-7.888514, 41.802804], [-7.87726, 41.797424], [-7.86522, 41.797581], [-7.853097, 41.80245], [-7.846575, 41.811397], [-7.848443, 41.820423], [-7.852704, 41.824458], [-7.86466, 41.829302]], [[-7.864727, 41.825543], [-7.85525, 41.820491], [-7.851876, 41.811451], [-7.859425, 41.802519], [-7.865174, 41.80021], [-7.877212, 41.800132], [-7.882683, 41.802748], [-7.888497, 41.811811], [-7.883111, 41.820765], [-7.876781, 41.824832], [-7.864727, 41.825543]]], [[[-7.937381, 41.801084], [-7.949419, 41.801044], [-7.961386, 41.794479], [-7.963111, 41.785488], [-7.949866, 41.773648], [-7.937821, 41.774432], [-7.925118, 41.785139], [-7.925702, 41.794151], [-7.937381, 41.801084]], [[-7.937423, 41.798554], [-7.930075, 41.794192], [-7.929892, 41.785184], [-7.937741, 41.779299], [-7.949777, 41.779088], [-7.958231, 41.785444], [-7.957192, 41.794441], [-7.949457, 41.798684], [-7.937423, 41.798554]]], [[[-8.320185, 41.762181], [-8.322891, 41.752144], [-8.321122, 41.743127], [-8.314711, 41.734082], [-8.29932, 41.725292], [-8.287319, 41.723293], [-8.275277, 41.72508], [-8.263186, 41.731006], [-8.253999, 41.742711], [-8.252517, 41.751708], [-8.254799, 41.76073], [-8.264545, 41.771531], [-8.268367, 41.769951], [-8.270254, 41.767248], [-8.261839, 41.760775], [-8.258387, 41.751746], [-8.260055, 41.74275], [-8.268649, 41.733798], [-8.275219, 41.730168], [-8.287264, 41.728339], [-8.29926, 41.730803], [-8.304994, 41.734023], [-8.313505, 41.743082], [-8.315327, 41.7521], [-8.311095, 41.76199], [-8.320185, 41.762181]]], [[[-8.14403, 41.649198], [-8.15625, 41.642957], [-8.161376, 41.633987], [-8.159072, 41.624963], [-8.144488, 41.614609], [-8.132502, 41.613407], [-8.120443, 41.617559], [-8.112837, 41.624616], [-8.112135, 41.633618], [-8.120082, 41.644141], [-8.132019, 41.649373], [-8.14403, 41.649198]], [[-8.132052, 41.646898], [-8.12274, 41.642706], [-8.116472, 41.633651], [-8.120974, 41.624678], [-8.132429, 41.618821], [-8.144412, 41.620365], [-8.150936, 41.624904], [-8.154895, 41.63394], [-8.149906, 41.64291], [-8.144074, 41.645896], [-8.132052, 41.646898]]], [[[-8.084436, 41.617397], [-8.097127, 41.615486], [-8.0845, 41.612884], [-8.082735, 41.615373], [-8.084436, 41.617397]]], [[[-8.516756, 41.588976], [-8.528769, 41.586807], [-8.534674, 41.582061], [-8.536506, 41.573061], [-8.528932, 41.56439], [-8.516956, 41.56216], [-8.504918, 41.568044], [-8.501278, 41.572914], [-8.503026, 41.581929], [-8.516756, 41.588976]], [[-8.511989, 41.57296], [-8.516898, 41.569862], [-8.524837, 41.573014], [-8.516812, 41.581473], [-8.511989, 41.57296]]], [[[-8.084888, 41.544304], [-8.097391, 41.54912], [-8.109376, 41.549505], [-8.121416, 41.545839], [-8.132608, 41.534695], [-8.133843, 41.525697], [-8.12931, 41.516655], [-8.121879, 41.511594], [-8.109946, 41.507946], [-8.097971, 41.507337], [-8.0921, 41.508747], [-8.091515, 41.508889], [-8.091501, 41.508893], [-8.091042, 41.516317], [-8.097885, 41.513545], [-8.109869, 41.513566], [-8.11726, 41.516563], [-8.124986, 41.52563], [-8.12155, 41.535904], [-8.109476, 41.542162], [-8.103764, 41.541882], [-8.106759, 41.543557], [-8.101666, 41.542655], [-8.094175, 41.544904], [-8.087885, 41.542876], [-8.084888, 41.544304]]], [[[-8.625912, 41.384801], [-8.637869, 41.38542], [-8.649844, 41.382691], [-8.661688, 41.375333], [-8.667192, 41.366342], [-8.667408, 41.357335], [-8.662777, 41.348314], [-8.650079, 41.338797], [-8.638147, 41.335272], [-8.626197, 41.335128], [-8.613046, 41.33915], [-8.602337, 41.348121], [-8.598759, 41.357116], [-8.599886, 41.366127], [-8.606219, 41.375157], [-8.613977, 41.38057], [-8.625912, 41.384801]], [[-8.625952, 41.377907], [-8.614032, 41.371304], [-8.60988, 41.366162], [-8.608945, 41.357151], [-8.61466, 41.348163], [-8.626151, 41.343046], [-8.638105, 41.342897], [-8.650903, 41.348278], [-8.657079, 41.357304], [-8.656549, 41.366311], [-8.647816, 41.375292], [-8.637907, 41.37849], [-8.625952, 41.377907]]], [[[-8.357567, 41.383045], [-8.362794, 41.384241], [-8.36697, 41.383097], [-8.376495, 41.374142], [-8.374891, 41.369982], [-8.369901, 41.365098], [-8.363004, 41.362753], [-8.35439, 41.365012], [-8.351002, 41.367379], [-8.348113, 41.373984], [-8.350887, 41.378975], [-8.357567, 41.383045]]]]}}, {"id": "9", "type": "Feature", "properties": {"fill": "#a3a3a3", "value_min": -1.0, "value_max": -0.67}, "geometry": {"type": "MultiPolygon", "coordinates": [[[[-8.185283, 41.812065], [-8.188465, 41.796308], [-8.202569, 41.771101], [-8.206686, 41.760408], [-8.208577, 41.751414], [-8.208048, 41.742403], [-8.20325, 41.733363], [-8.191121, 41.724673], [-8.179145, 41.720966], [-8.167103, 41.722545], [-8.130773, 41.742013], [-8.118724, 41.743649], [-8.106795, 41.736648], [-8.100424, 41.723597], [-8.099513, 41.705576], [-8.103489, 41.6966], [-8.119525, 41.685016], [-8.133049, 41.678813], [-8.136304, 41.66983], [-8.126167, 41.660746], [-8.107984, 41.650607], [-8.096057, 41.644796], [-8.072123, 41.639057], [-8.055888, 41.633169], [-8.009572, 41.60534], [-8.005671, 41.606515], [-8.003262, 41.611464], [-7.998761, 41.612809], [-7.999669, 41.608759], [-7.996976, 41.605829], [-7.996684, 41.602003], [-7.984685, 41.603564], [-7.982292, 41.60086], [-7.975689, 41.603552], [-7.974482, 41.606701], [-7.970882, 41.607147], [-7.969091, 41.603768], [-7.965796, 41.602413], [-7.9541, 41.602846], [-7.952606, 41.600592], [-7.947808, 41.60081], [-7.945413, 41.599456], [-7.942725, 41.595625], [-7.936733, 41.594264], [-7.93791, 41.601694], [-7.937004, 41.603718], [-7.931604, 41.604384], [-7.930073, 41.614735], [-7.925255, 41.620579], [-7.920755, 41.620796], [-7.917748, 41.623041], [-7.915933, 41.627764], [-7.913229, 41.628885], [-7.912613, 41.63361], [-7.906014, 41.633147], [-7.905699, 41.637648], [-7.907788, 41.640804], [-7.900272, 41.64481], [-7.915892, 41.647515], [-7.927927, 41.645895], [-7.959803, 41.63234], [-7.976244, 41.627919], [-8.000294, 41.625318], [-8.012287, 41.626071], [-8.024257, 41.628304], [-8.060093, 41.640629], [-8.096017, 41.647646], [-8.120353, 41.660702], [-8.129357, 41.669778], [-8.127329, 41.678769], [-8.119558, 41.682588], [-8.101558, 41.696585], [-8.096193, 41.70555], [-8.093038, 41.714532], [-8.083725, 41.7685], [-8.082871, 41.7775], [-8.085283, 41.786526], [-8.101253, 41.810049], [-8.104853, 41.81185], [-8.117188, 41.812302], [-8.123807, 41.808702], [-8.138247, 41.808477], [-8.139751, 41.813203], [-8.14276, 41.812978], [-8.144866, 41.815228], [-8.149078, 41.814777], [-8.153291, 41.817703], [-8.158106, 41.818377], [-8.165326, 41.81815], [-8.173744, 41.808019], [-8.177655, 41.808242], [-8.182773, 41.812516], [-8.185283, 41.812065]], [[-8.190641, 41.762929], [-8.178513, 41.770557], [-8.166445, 41.773429], [-8.154433, 41.771895], [-8.148964, 41.769002], [-8.141042, 41.759936], [-8.140646, 41.750926], [-8.144944, 41.741951], [-8.154613, 41.733015], [-8.167038, 41.727511], [-8.179064, 41.727318], [-8.191532, 41.733281], [-8.197733, 41.742332], [-8.197587, 41.751338], [-8.190641, 41.762929]]], [[[-7.759306, 41.737516], [-7.769919, 41.7458], [-7.795022, 41.774841], [-7.805301, 41.783464], [-7.817265, 41.787218], [-7.829291, 41.787701], [-7.868835, 41.784598], [-7.889596, 41.780034], [-7.895967, 41.775856], [-7.902222, 41.766909], [-7.908467, 41.748955], [-7.914371, 41.737986], [-7.926574, 41.727337], [-7.938671, 41.722858], [-7.950696, 41.722691], [-7.962658, 41.726447], [-7.974529, 41.736046], [-8.000812, 41.767809], [-8.003892, 41.776842], [-8.001447, 41.785828], [-7.992955, 41.79476], [-7.974904, 41.803608], [-7.949288, 41.809061], [-7.925191, 41.810242], [-7.913094, 41.813655], [-7.888568, 41.839553], [-7.876361, 41.848833], [-7.879657, 41.852787], [-7.913033, 41.817305], [-7.925151, 41.812635], [-7.949265, 41.810479], [-7.985925, 41.803705], [-8.014173, 41.794945], [-8.029858, 41.786071], [-8.033193, 41.777092], [-8.028015, 41.768042], [-7.99837, 41.749483], [-7.990131, 41.740694], [-7.97487, 41.714571], [-7.963039, 41.702774], [-7.939257, 41.687226], [-7.927285, 41.684553], [-7.915202, 41.68859], [-7.890905, 41.704005], [-7.884984, 41.712701], [-7.884597, 41.721705], [-7.894278, 41.730805], [-7.900137, 41.739868], [-7.899921, 41.75788], [-7.896871, 41.766857], [-7.889685, 41.774871], [-7.877557, 41.780385], [-7.865488, 41.782425], [-7.841416, 41.782672], [-7.829418, 41.780749], [-7.815545, 41.775055], [-7.805813, 41.765947], [-7.799472, 41.756874], [-7.780729, 41.723766], [-7.776204, 41.724652], [-7.773485, 41.727345], [-7.770798, 41.72441], [-7.765698, 41.723044], [-7.761765, 41.727758], [-7.762933, 41.733839], [-7.759306, 41.737516]]], [[[-7.870326, 41.852464], [-7.870326, 41.852464], [-7.870231, 41.852521], [-7.870326, 41.852464]]], [[[-7.870024, 41.852645], [-7.853924, 41.862386], [-7.858542, 41.862622], [-7.859456, 41.860148], [-7.864877, 41.859711], [-7.870024, 41.852645]]], [[[-7.842548, 41.870788], [-7.839222, 41.873821], [-7.842528, 41.875187], [-7.842548, 41.870788]]], [[[-8.633609, 41.601517], [-8.639577, 41.597804], [-8.640152, 41.59465], [-8.645536, 41.593051], [-8.646744, 41.594171], [-8.649125, 41.591909], [-8.656622, 41.5921], [-8.660788, 41.588255], [-8.663794, 41.589141], [-8.665265, 41.585758], [-8.66948, 41.587989], [-8.684455, 41.586117], [-8.685608, 41.58071], [-8.697261, 41.576376], [-8.701703, 41.570277], [-8.707704, 41.570923], [-8.712485, 41.569323], [-8.716422, 41.573805], [-8.720316, 41.57356], [-8.725151, 41.577811], [-8.726633, 41.576003], [-8.734424, 41.575737], [-8.736564, 41.580228], [-8.738354, 41.579318], [-8.740778, 41.582006], [-8.74467, 41.581535], [-8.750711, 41.58623], [-8.75993, 41.578527], [-8.767441, 41.580286], [-8.769874, 41.583874], [-8.768997, 41.58613], [-8.773228, 41.589482], [-8.774165, 41.593303], [-8.78556, 41.593464], [-8.797327, 41.600599], [-8.804218, 41.600109], [-8.80456, 41.604158], [-8.809434, 41.611332], [-8.828644, 41.609656], [-8.82839, 41.585633], [-8.818497, 41.554794], [-8.8221, 41.547542], [-8.821965, 41.534907], [-8.815926, 41.525624], [-8.81063, 41.5101], [-8.813279, 41.503483], [-8.812636, 41.496944], [-8.804699, 41.482068], [-8.798552, 41.474753], [-8.800767, 41.450833], [-8.805028, 41.439616], [-8.709421, 41.432553], [-8.649577, 41.432316], [-8.625652, 41.430101], [-8.613702, 41.426961], [-8.565963, 41.407058], [-8.542092, 41.398942], [-8.518206, 41.393615], [-8.506252, 41.392552], [-8.482306, 41.395358], [-8.434303, 41.413191], [-8.398319, 41.42271], [-8.362392, 41.425378], [-8.326531, 41.421344], [-8.314598, 41.41814], [-8.302695, 41.412241], [-8.293286, 41.400683], [-8.281316, 41.346564], [-8.274272, 41.325133], [-8.269582, 41.326939], [-8.265709, 41.331221], [-8.269004, 41.336169], [-8.263339, 41.340902], [-8.262751, 41.345405], [-8.258568, 41.34766], [-8.269383, 41.364504], [-8.273078, 41.382542], [-8.272559, 41.391547], [-8.266847, 41.408036], [-8.254752, 41.419487], [-8.24274, 41.423401], [-8.230765, 41.424075], [-8.218811, 41.422894], [-8.194974, 41.415075], [-8.183099, 41.40779], [-8.173975, 41.399889], [-8.166929, 41.39083], [-8.162377, 41.37969], [-8.152544, 41.375866], [-8.151049, 41.37339], [-8.145073, 41.374742], [-8.139694, 41.377894], [-8.133418, 41.374292], [-8.125051, 41.375193], [-8.122364, 41.376768], [-8.133076, 41.39058], [-8.152369, 41.408739], [-8.207262, 41.44516], [-8.217029, 41.454234], [-8.222259, 41.463277], [-8.224247, 41.472298], [-8.223692, 41.481302], [-8.217814, 41.499277], [-8.217398, 41.508281], [-8.220836, 41.517312], [-8.229537, 41.527797], [-8.26521, 41.553052], [-8.297687, 41.580858], [-8.305668, 41.589914], [-8.310117, 41.598948], [-8.311513, 41.607963], [-8.309302, 41.634971], [-8.31039, 41.652992], [-8.316882, 41.671045], [-8.332168, 41.689149], [-8.347665, 41.700324], [-8.359625, 41.706177], [-8.371614, 41.709319], [-8.383644, 41.708309], [-8.407765, 41.699459], [-8.419809, 41.69661], [-8.456558, 41.695412], [-8.457158, 41.695383], [-8.458359, 41.695323], [-8.464654, 41.692979], [-8.467939, 41.689593], [-8.475731, 41.686644], [-8.482012, 41.682123], [-8.484371, 41.674238], [-8.49308, 41.674886], [-8.496217, 41.673526], [-8.496766, 41.662967], [-8.492269, 41.644932], [-8.484121, 41.626882], [-8.477147, 41.617843], [-8.468592, 41.610095], [-8.456652, 41.602685], [-8.444692, 41.597943], [-8.417548, 41.590535], [-8.408799, 41.5865], [-8.400636, 41.581441], [-8.394914, 41.572403], [-8.394501, 41.563394], [-8.401597, 41.545416], [-8.40846, 41.536445], [-8.421338, 41.525755], [-8.433378, 41.519545], [-8.459246, 41.509673], [-8.469467, 41.503127], [-8.48149, 41.49794], [-8.493471, 41.497966], [-8.50386, 41.500866], [-8.541266, 41.516259], [-8.553202, 41.523278], [-8.60084, 41.572864], [-8.633609, 41.601517]], [[-8.407859, 41.689235], [-8.383755, 41.69673], [-8.371734, 41.696978], [-8.359747, 41.69394], [-8.351417, 41.68926], [-8.34117, 41.680194], [-8.336174, 41.671158], [-8.334014, 41.662139], [-8.33499, 41.653137], [-8.338891, 41.644153], [-8.348335, 41.633915], [-8.360407, 41.627242], [-8.372443, 41.624018], [-8.384454, 41.623328], [-8.408428, 41.627057], [-8.420438, 41.626512], [-8.433088, 41.617634], [-8.444538, 41.615919], [-8.450463, 41.617719], [-8.456493, 41.621691], [-8.459751, 41.62677], [-8.457617, 41.635767], [-8.443279, 41.644706], [-8.438301, 41.653689], [-8.437409, 41.662691], [-8.433376, 41.671679], [-8.425013, 41.680644], [-8.407859, 41.689235]], [[-8.684865, 41.560106], [-8.672846, 41.565492], [-8.660836, 41.568528], [-8.648836, 41.569619], [-8.636846, 41.568956], [-8.624867, 41.566407], [-8.6129, 41.561938], [-8.600951, 41.554799], [-8.583849, 41.537213], [-8.572846, 41.510151], [-8.566212, 41.501118], [-8.52949, 41.487394], [-8.493727, 41.465075], [-8.481796, 41.459589], [-8.479793, 41.46473], [-8.466499, 41.482684], [-8.445515, 41.501798], [-8.433483, 41.507541], [-8.402997, 41.518402], [-8.373285, 41.536974], [-8.361244, 41.542359], [-8.34923, 41.544874], [-8.337234, 41.545463], [-8.32526, 41.543998], [-8.313309, 41.540339], [-8.301394, 41.53354], [-8.293771, 41.52679], [-8.287047, 41.517741], [-8.272223, 41.481619], [-8.271449, 41.463599], [-8.274525, 41.454611], [-8.28156, 41.445648], [-8.290423, 41.440428], [-8.304626, 41.436782], [-8.326389, 41.435082], [-8.386205, 41.438412], [-8.434085, 41.438357], [-8.457987, 41.442957], [-8.481867, 41.450705], [-8.483451, 41.446732], [-8.503801, 41.428806], [-8.517997, 41.421815], [-8.529987, 41.418695], [-8.54196, 41.417738], [-8.565867, 41.421504], [-8.583738, 41.429123], [-8.597499, 41.43818], [-8.613547, 41.453082], [-8.625488, 41.458702], [-8.637461, 41.458889], [-8.661428, 41.455056], [-8.6734, 41.455385], [-8.685358, 41.458465], [-8.697301, 41.464923], [-8.706056, 41.474538], [-8.710099, 41.483556], [-8.712784, 41.501578], [-8.710688, 41.528595], [-8.701544, 41.546586], [-8.692157, 41.555569], [-8.684865, 41.560106]]], [[[-8.803611, 41.24378], [-8.769909, 41.249928], [-8.686326, 41.257025], [-8.662454, 41.256783], [-8.638611, 41.251142], [-8.620855, 41.24009], [-8.614853, 41.231896], [-8.602097, 41.203995], [-8.583263, 41.174517], [-8.582094, 41.177803], [-8.578825, 41.178941], [-8.581296, 41.191762], [-8.575958, 41.195609], [-8.576894, 41.201908], [-8.574515, 41.202593], [-8.57423, 41.20462], [-8.567971, 41.204644], [-8.565895, 41.206227], [-8.567697, 41.208246], [-8.566512, 41.209376], [-8.559636, 41.206251], [-8.554271, 41.20627], [-8.549521, 41.209214], [-8.544157, 41.209458], [-8.54238, 41.211265], [-8.532257, 41.213102], [-8.52653, 41.202542], [-8.523236, 41.200077], [-8.518471, 41.200543], [-8.51163, 41.203042], [-8.510456, 41.206197], [-8.505693, 41.207113], [-8.504239, 41.213646], [-8.500076, 41.21546], [-8.50308, 41.219502], [-8.502204, 41.222656], [-8.495642, 41.222227], [-8.490008, 41.227851], [-8.518259, 41.239707], [-8.571272, 41.257932], [-8.612527, 41.267086], [-8.662367, 41.273671], [-8.674308, 41.273427], [-8.710151, 41.268206], [-8.734026, 41.268882], [-8.764303, 41.276504], [-8.805593, 41.294128], [-8.803611, 41.24378]], [[-8.567166, 41.225518], [-8.555194, 41.231574], [-8.544949, 41.2218], [-8.555321, 41.212774], [-8.56721, 41.218869], [-8.568465, 41.22189], [-8.567166, 41.225518]]]]}}, {"id": "6", "type": "Feature", "properties": {"fill": "#e79f24", "value_min": -2.0, "value_max": -1.67}, "geometry": {"type": "MultiPolygon", "coordinates": [[[[-7.730523, 41.871902], [-7.743244, 41.880053], [-7.755261, 41.881827], [-7.767361, 41.879381], [-7.776499, 41.873719], [-7.782723, 41.864779], [-7.783059, 41.855776], [-7.777162, 41.846706], [-7.768099, 41.840903], [-7.756104, 41.838363], [-7.746678, 41.839382], [-7.746349, 41.84407], [-7.750246, 41.846784], [-7.750532, 41.849261], [-7.743309, 41.849012], [-7.746901, 41.8524], [-7.746881, 41.855776], [-7.73843, 41.859348], [-7.734159, 41.868337], [-7.730226, 41.871397], [-7.730404, 41.8717], [-7.730523, 41.871902]]], [[[-7.876539, 41.838657], [-7.888703, 41.831721], [-7.913266, 41.803505], [-7.937288, 41.806697], [-7.949334, 41.806227], [-7.961728, 41.803489], [-7.975551, 41.794607], [-7.980522, 41.785644], [-7.980351, 41.776636], [-7.97386, 41.758564], [-7.962356, 41.745239], [-7.950404, 41.74064], [-7.93837, 41.741123], [-7.926242, 41.747276], [-7.918616, 41.758057], [-7.910927, 41.775998], [-7.901475, 41.789057], [-7.877404, 41.789149], [-7.853282, 41.792081], [-7.84793, 41.793398], [-7.830661, 41.80223], [-7.82271, 41.811155], [-7.820727, 41.820142], [-7.823722, 41.829179], [-7.828456, 41.833564], [-7.840373, 41.840542], [-7.852373, 41.842995], [-7.864428, 41.842449], [-7.876539, 41.838657]], [[-7.888769, 41.827887], [-7.876601, 41.835094], [-7.864517, 41.837399], [-7.852493, 41.836293], [-7.839208, 41.829337], [-7.833171, 41.820269], [-7.833468, 41.811265], [-7.840294, 41.802327], [-7.853223, 41.795375], [-7.865312, 41.792395], [-7.877355, 41.79195], [-7.889351, 41.794245], [-7.900241, 41.802917], [-7.899787, 41.811919], [-7.89529, 41.820883], [-7.888769, 41.827887]], [[-7.961464, 41.800543], [-7.949357, 41.804811], [-7.937315, 41.805093], [-7.927154, 41.803172], [-7.913788, 41.794039], [-7.913887, 41.785033], [-7.923116, 41.767107], [-7.925365, 41.758121], [-7.933753, 41.749192], [-7.938278, 41.7467], [-7.950315, 41.746113], [-7.957302, 41.749408], [-7.965931, 41.758493], [-7.973368, 41.78558], [-7.970342, 41.79456], [-7.961464, 41.800543]]], [[[-8.352318, 41.739616], [-8.335437, 41.720653], [-8.323507, 41.711905], [-8.311555, 41.705511], [-8.299587, 41.700765], [-8.275589, 41.697308], [-8.251516, 41.700534], [-8.23944, 41.70536], [-8.232216, 41.688525], [-8.227664, 41.68502], [-8.215715, 41.679557], [-8.203695, 41.680046], [-8.192266, 41.688251], [-8.190607, 41.697247], [-8.20335, 41.707972], [-8.215348, 41.709731], [-8.227388, 41.708096], [-8.235039, 41.715565], [-8.230464, 41.742555], [-8.230139, 41.760567], [-8.234384, 41.778609], [-8.241002, 41.789337], [-8.245546, 41.785731], [-8.250356, 41.785052], [-8.252156, 41.782781], [-8.242392, 41.769656], [-8.23959, 41.76063], [-8.239904, 41.742618], [-8.242947, 41.733631], [-8.251258, 41.722759], [-8.263374, 41.714526], [-8.275442, 41.710398], [-8.287471, 41.709597], [-8.299473, 41.711263], [-8.311445, 41.715755], [-8.323392, 41.722825], [-8.334814, 41.7342], [-8.34048, 41.74324], [-8.343228, 41.752262], [-8.343493, 41.761915], [-8.349267, 41.760103], [-8.352557, 41.755145], [-8.34982, 41.745922], [-8.349814, 41.744122], [-8.352516, 41.743441], [-8.352318, 41.739616]]], [[[-7.727912, 41.808164], [-7.732593, 41.809134], [-7.744655, 41.807901], [-7.75683, 41.800873], [-7.762488, 41.792509], [-7.763371, 41.783512], [-7.759356, 41.774461], [-7.746017, 41.76531], [-7.739608, 41.764147], [-7.726937, 41.771755], [-7.7254, 41.777152], [-7.727191, 41.779184], [-7.724177, 41.780299], [-7.725372, 41.781653], [-7.722296, 41.792446], [-7.728879, 41.797871], [-7.72705, 41.801691], [-7.727912, 41.808164]]], [[[-8.155153, 41.71695], [-8.158298, 41.715029], [-8.16308, 41.706056], [-8.159832, 41.697026], [-8.155452, 41.69412], [-8.143488, 41.69009], [-8.131484, 41.689174], [-8.119459, 41.689806], [-8.107356, 41.69663], [-8.10718, 41.708804], [-8.120257, 41.723751], [-8.13097, 41.727375], [-8.143024, 41.725038], [-8.155153, 41.71695]], [[-8.152384, 41.705978], [-8.150249, 41.714969], [-8.143092, 41.719983], [-8.131043, 41.721971], [-8.118773, 41.714732], [-8.111778, 41.705671], [-8.111443, 41.696662], [-8.119427, 41.692159], [-8.131416, 41.694243], [-8.143388, 41.697638], [-8.152384, 41.705978]]], [[[-8.053675, 41.583823], [-8.053643, 41.60613], [-8.056249, 41.615158], [-8.063068, 41.624221], [-8.079774, 41.633363], [-8.096159, 41.637458], [-8.11997, 41.652343], [-8.131906, 41.657775], [-8.155876, 41.661709], [-8.167902, 41.660534], [-8.17996, 41.656861], [-8.187686, 41.652191], [-8.195583, 41.643239], [-8.199473, 41.634259], [-8.199109, 41.616242], [-8.195687, 41.607211], [-8.178584, 41.580069], [-8.175132, 41.571037], [-8.174758, 41.525998], [-8.166422, 41.489908], [-8.158933, 41.471839], [-8.146545, 41.458297], [-8.134668, 41.451024], [-8.122754, 41.446701], [-8.098852, 41.443764], [-8.086868, 41.444695], [-8.0688, 41.449248], [-8.070288, 41.457335], [-8.068788, 41.462286], [-8.073872, 41.46499], [-8.074164, 41.473543], [-8.066374, 41.482318], [-8.066368, 41.488274], [-8.074339, 41.483953], [-8.086363, 41.480682], [-8.110376, 41.476498], [-8.122334, 41.477909], [-8.146, 41.499826], [-8.151569, 41.507814], [-8.155723, 41.516852], [-8.157381, 41.525872], [-8.154655, 41.543866], [-8.145234, 41.55805], [-8.133102, 41.568579], [-8.12796, 41.570689], [-8.120976, 41.578264], [-8.116404, 41.579608], [-8.156715, 41.59735], [-8.168607, 41.605738], [-8.176991, 41.616086], [-8.179762, 41.625113], [-8.179349, 41.634117], [-8.17536, 41.643096], [-8.163577, 41.652018], [-8.155964, 41.654956], [-8.143933, 41.65653], [-8.131946, 41.654819], [-8.120007, 41.649614], [-8.09622, 41.633123], [-8.08425, 41.630554], [-8.07098, 41.624285], [-8.064962, 41.615229], [-8.065089, 41.606223], [-8.070282, 41.597258], [-8.084886, 41.585598], [-8.099968, 41.57948], [-8.096977, 41.578841], [-8.087404, 41.570374], [-8.078278, 41.566059], [-8.069883, 41.570103], [-8.069281, 41.572579], [-8.065682, 41.575053], [-8.058484, 41.578199], [-8.053675, 41.583823]]], [[[-8.552615, 41.608408], [-8.56246, 41.600185], [-8.567334, 41.591196], [-8.568532, 41.582193], [-8.566617, 41.573179], [-8.562074, 41.564154], [-8.552988, 41.55431], [-8.541048, 41.547043], [-8.529083, 41.543579], [-8.517097, 41.543199], [-8.493066, 41.549856], [-8.484451, 41.554825], [-8.475771, 41.563793], [-8.47291, 41.572787], [-8.47425, 41.581801], [-8.480172, 41.590835], [-8.489691, 41.599885], [-8.504607, 41.608717], [-8.516576, 41.61301], [-8.528569, 41.614412], [-8.54058, 41.613164], [-8.552615, 41.608408]], [[-8.540673, 41.599978], [-8.528648, 41.603561], [-8.516649, 41.603361], [-8.504677, 41.599643], [-8.491758, 41.590887], [-8.485714, 41.581853], [-8.485095, 41.572843], [-8.48969, 41.563856], [-8.50503, 41.553425], [-8.517042, 41.550554], [-8.529028, 41.551256], [-8.540985, 41.55596], [-8.55059, 41.56411], [-8.55528, 41.573136], [-8.555783, 41.582145], [-8.551766, 41.591136], [-8.540673, 41.599978]]], [[[-8.673667, 41.401899], [-8.692172, 41.393434], [-8.702963, 41.384455], [-8.708578, 41.375462], [-8.710717, 41.366459], [-8.70949, 41.357449], [-8.705438, 41.348431], [-8.697134, 41.339402], [-8.686033, 41.330364], [-8.662153, 41.315218], [-8.6383, 41.307598], [-8.614411, 41.30704], [-8.602452, 41.309165], [-8.590481, 41.313125], [-8.578493, 41.319448], [-8.566871, 41.329977], [-8.561323, 41.338964], [-8.559115, 41.347963], [-8.559515, 41.356972], [-8.562496, 41.365991], [-8.568155, 41.37502], [-8.576818, 41.38406], [-8.5895, 41.393114], [-8.601903, 41.399441], [-8.625789, 41.406303], [-8.649714, 41.406949], [-8.673667, 41.401899]], [[-8.673729, 41.389613], [-8.661739, 41.395166], [-8.649761, 41.398159], [-8.637793, 41.399147], [-8.625835, 41.398319], [-8.613889, 41.395503], [-8.601958, 41.390417], [-8.59218, 41.384116], [-8.583059, 41.375075], [-8.578336, 41.366051], [-8.576201, 41.357035], [-8.577259, 41.348031], [-8.581351, 41.339039], [-8.590007, 41.330062], [-8.602368, 41.322971], [-8.614338, 41.319388], [-8.626294, 41.31805], [-8.638238, 41.318859], [-8.65017, 41.32187], [-8.667641, 41.330312], [-8.679499, 41.339354], [-8.686843, 41.348382], [-8.691135, 41.357401], [-8.691716, 41.36641], [-8.688604, 41.375409], [-8.681264, 41.384397], [-8.673729, 41.389613]]], [[[-8.323643, 41.341942], [-8.315254, 41.355654], [-8.313242, 41.364774], [-8.316119, 41.382806], [-8.32193, 41.391848], [-8.334294, 41.400928], [-8.350614, 41.40638], [-8.362568, 41.407409], [-8.374541, 41.406456], [-8.391556, 41.401245], [-8.405923, 41.392312], [-8.413809, 41.383345], [-8.418195, 41.37436], [-8.419608, 41.365359], [-8.418481, 41.356346], [-8.411006, 41.343019], [-8.399148, 41.332789], [-8.383947, 41.326493], [-8.380382, 41.331254], [-8.375305, 41.33104], [-8.37201, 41.328346], [-8.361563, 41.329718], [-8.358276, 41.329049], [-8.357673, 41.327249], [-8.350207, 41.327264], [-8.346032, 41.328847], [-8.342462, 41.333131], [-8.333215, 41.336299], [-8.326363, 41.342163], [-8.324407, 41.341041], [-8.323674, 41.341905], [-8.323643, 41.341942]], [[-8.398561, 41.383267], [-8.389426, 41.392226], [-8.374617, 41.398564], [-8.36264, 41.400013], [-8.350691, 41.398621], [-8.335949, 41.39193], [-8.327726, 41.382875], [-8.324645, 41.373849], [-8.325231, 41.364845], [-8.329473, 41.355862], [-8.339256, 41.346509], [-8.351262, 41.341187], [-8.363229, 41.339636], [-8.375169, 41.340889], [-8.387077, 41.345565], [-8.398778, 41.356245], [-8.402707, 41.365273], [-8.402663, 41.37428], [-8.398561, 41.383267]]]]}}, {"id": "7", "type": "Feature", "properties": {"fill": "#cba158", "value_min": -1.67, "value_max": -1.33}, "geometry": {"type": "MultiPolygon", "coordinates": [[[[-7.809356, 41.870822], [-7.815908, 41.860937], [-7.822631, 41.856188], [-7.852225, 41.851293], [-7.876454, 41.843534], [-7.888637, 41.835542], [-7.913173, 41.808983], [-7.949311, 41.807645], [-7.968013, 41.803546], [-7.982682, 41.79467], [-7.988916, 41.785718], [-7.990275, 41.776723], [-7.987682, 41.767694], [-7.976305, 41.749579], [-7.962483, 41.737351], [-7.950522, 41.733369], [-7.93849, 41.733844], [-7.926376, 41.739242], [-7.916366, 41.749029], [-7.903416, 41.775927], [-7.890309, 41.784808], [-7.841258, 41.791454], [-7.804925, 41.803713], [-7.792912, 41.802386], [-7.76969, 41.765566], [-7.757698, 41.75589], [-7.747506, 41.751006], [-7.747786, 41.754496], [-7.743866, 41.756509], [-7.743242, 41.760333], [-7.739608, 41.764147], [-7.746017, 41.76531], [-7.759356, 41.774461], [-7.763371, 41.783512], [-7.762488, 41.792509], [-7.75683, 41.800873], [-7.744655, 41.807901], [-7.732593, 41.809134], [-7.727912, 41.808164], [-7.728171, 41.814974], [-7.732041, 41.821514], [-7.74345, 41.825605], [-7.738918, 41.82874], [-7.742196, 41.833928], [-7.74729, 41.837772], [-7.746678, 41.839382], [-7.756104, 41.838363], [-7.768099, 41.840903], [-7.777162, 41.846706], [-7.783059, 41.855776], [-7.782723, 41.864779], [-7.776499, 41.873719], [-7.767361, 41.879381], [-7.755261, 41.881827], [-7.743244, 41.880053], [-7.730523, 41.871902], [-7.729293, 41.875972], [-7.720533, 41.880218], [-7.720523, 41.881793], [-7.725335, 41.882935], [-7.726208, 41.887665], [-7.737044, 41.888828], [-7.73944, 41.891087], [-7.74246, 41.889747], [-7.742785, 41.885922], [-7.756022, 41.888441], [-7.758719, 41.890926], [-7.756592, 41.89407], [-7.758076, 41.897901], [-7.764097, 41.898595], [-7.779227, 41.886264], [-7.785257, 41.885157], [-7.788886, 41.882467], [-7.794309, 41.882033], [-7.796739, 41.878214], [-7.794954, 41.873932], [-7.803381, 41.874857], [-7.804914, 41.869459], [-7.809356, 41.870822]], [[-7.876539, 41.838657], [-7.864428, 41.842449], [-7.852373, 41.842995], [-7.840373, 41.840542], [-7.828456, 41.833564], [-7.823722, 41.829179], [-7.820727, 41.820142], [-7.82271, 41.811155], [-7.830661, 41.80223], [-7.84793, 41.793398], [-7.853282, 41.792081], [-7.877404, 41.789149], [-7.901475, 41.789057], [-7.910927, 41.775998], [-7.918616, 41.758057], [-7.926242, 41.747276], [-7.93837, 41.741123], [-7.950404, 41.74064], [-7.962356, 41.745239], [-7.97386, 41.758564], [-7.980351, 41.776636], [-7.980522, 41.785644], [-7.975551, 41.794607], [-7.961728, 41.803489], [-7.949334, 41.806227], [-7.937288, 41.806697], [-7.913266, 41.803505], [-7.888703, 41.831721], [-7.876539, 41.838657]]], [[[-7.730404, 41.8717], [-7.730404, 41.8717], [-7.730226, 41.871397], [-7.730404, 41.8717]]], [[[-8.372189, 41.734399], [-8.372189, 41.734399], [-8.370811, 41.733393], [-8.372189, 41.734399]]], [[[-8.370682, 41.733277], [-8.370682, 41.733277], [-8.37051, 41.733122], [-8.370682, 41.733277]]], [[[-8.369931, 41.732603], [-8.369931, 41.732603], [-8.369907, 41.732582], [-8.369931, 41.732603]]], [[[-8.36918, 41.731929], [-8.349424, 41.71627], [-8.281433, 41.670829], [-8.270852, 41.661755], [-8.255226, 41.643641], [-8.235351, 41.598475], [-8.205325, 41.547363], [-8.199954, 41.535183], [-8.193785, 41.517125], [-8.186701, 41.472039], [-8.175282, 41.453943], [-8.165216, 41.444863], [-8.146882, 41.43262], [-8.123102, 41.420867], [-8.096693, 41.411878], [-8.092756, 41.411201], [-8.09126, 41.414352], [-8.079893, 41.41975], [-8.077503, 41.416597], [-8.070923, 41.41862], [-8.066739, 41.416142], [-8.061654, 41.417489], [-8.059852, 41.424916], [-8.055959, 41.429415], [-8.05745, 41.432793], [-8.056549, 41.436394], [-8.057743, 41.438645], [-8.061033, 41.438872], [-8.063424, 41.4409], [-8.064916, 41.444052], [-8.068505, 41.444729], [-8.069999, 41.447206], [-8.0688, 41.449248], [-8.086868, 41.444695], [-8.098852, 41.443764], [-8.122754, 41.446701], [-8.134668, 41.451024], [-8.146545, 41.458297], [-8.158933, 41.471839], [-8.166422, 41.489908], [-8.174758, 41.525998], [-8.175132, 41.571037], [-8.178584, 41.580069], [-8.195687, 41.607211], [-8.199109, 41.616242], [-8.199473, 41.634259], [-8.195583, 41.643239], [-8.187686, 41.652191], [-8.17996, 41.656861], [-8.167902, 41.660534], [-8.155876, 41.661709], [-8.131906, 41.657775], [-8.11997, 41.652343], [-8.096159, 41.637458], [-8.079774, 41.633363], [-8.063068, 41.624221], [-8.056249, 41.615158], [-8.053643, 41.60613], [-8.053675, 41.583823], [-8.052181, 41.584498], [-8.052777, 41.587649], [-8.048277, 41.590122], [-8.047974, 41.592373], [-8.035725, 41.600241], [-8.045178, 41.615067], [-8.053556, 41.624143], [-8.067889, 41.633267], [-8.0961, 41.641681], [-8.148829, 41.669924], [-8.148893, 41.678931], [-8.119492, 41.687444], [-8.105421, 41.696615], [-8.102834, 41.705602], [-8.104775, 41.714624], [-8.10958, 41.723668], [-8.118891, 41.731469], [-8.130893, 41.733114], [-8.142959, 41.729974], [-8.167188, 41.715901], [-8.179261, 41.711854], [-8.191236, 41.715469], [-8.210462, 41.724406], [-8.217558, 41.733461], [-8.219503, 41.742482], [-8.218599, 41.778503], [-8.221142, 41.793631], [-8.224207, 41.794303], [-8.229917, 41.791598], [-8.240744, 41.791588], [-8.241002, 41.789337], [-8.234384, 41.778609], [-8.230139, 41.760567], [-8.230464, 41.742555], [-8.235039, 41.715565], [-8.227388, 41.708096], [-8.215348, 41.709731], [-8.20335, 41.707972], [-8.190607, 41.697247], [-8.192266, 41.688251], [-8.203695, 41.680046], [-8.215715, 41.679557], [-8.227664, 41.68502], [-8.232216, 41.688525], [-8.23944, 41.70536], [-8.251516, 41.700534], [-8.275589, 41.697308], [-8.299587, 41.700765], [-8.311555, 41.705511], [-8.323507, 41.711905], [-8.335437, 41.720653], [-8.352318, 41.739616], [-8.357897, 41.735103], [-8.362407, 41.735994], [-8.36918, 41.731929]], [[-8.155153, 41.71695], [-8.143024, 41.725038], [-8.13097, 41.727375], [-8.120257, 41.723751], [-8.10718, 41.708804], [-8.107356, 41.69663], [-8.119459, 41.689806], [-8.131484, 41.689174], [-8.143488, 41.69009], [-8.155452, 41.69412], [-8.159832, 41.697026], [-8.16308, 41.706056], [-8.158298, 41.715029], [-8.155153, 41.71695]]], [[[-8.581486, 41.616503], [-8.585816, 41.609279], [-8.587827, 41.600279], [-8.585357, 41.582255], [-8.57544, 41.564204], [-8.564997, 41.551779], [-8.553076, 41.541579], [-8.54113, 41.535527], [-8.529165, 41.53229], [-8.517181, 41.531831], [-8.493178, 41.535552], [-8.481194, 41.53508], [-8.457285, 41.527042], [-8.445291, 41.527992], [-8.433245, 41.534811], [-8.427053, 41.545546], [-8.428335, 41.55456], [-8.433008, 41.56194], [-8.463154, 41.590757], [-8.504501, 41.622606], [-8.528438, 41.632306], [-8.542353, 41.633694], [-8.536342, 41.631977], [-8.535128, 41.62973], [-8.543431, 41.61462], [-8.554533, 41.615255], [-8.557244, 41.617046], [-8.562639, 41.61635], [-8.567756, 41.619032], [-8.570735, 41.616095], [-8.576721, 41.614271], [-8.581486, 41.616503]], [[-8.552615, 41.608408], [-8.54058, 41.613164], [-8.528569, 41.614412], [-8.516576, 41.61301], [-8.504607, 41.608717], [-8.489691, 41.599885], [-8.480172, 41.590835], [-8.47425, 41.581801], [-8.47291, 41.572787], [-8.475771, 41.563793], [-8.484451, 41.554825], [-8.493066, 41.549856], [-8.517097, 41.543199], [-8.529083, 41.543579], [-8.541048, 41.547043], [-8.552988, 41.55431], [-8.562074, 41.564154], [-8.566617, 41.573179], [-8.568532, 41.582193], [-8.567334, 41.591196], [-8.56246, 41.600185], [-8.552615, 41.608408]]], [[[-8.6736, 41.415343], [-8.697556, 41.410063], [-8.7181, 41.402508], [-8.732555, 41.393535], [-8.741754, 41.384549], [-8.746725, 41.375552], [-8.748957, 41.366549], [-8.748081, 41.35754], [-8.744136, 41.348523], [-8.736369, 41.339498], [-8.674161, 41.303004], [-8.662245, 41.297404], [-8.638386, 41.291924], [-8.614508, 41.290525], [-8.590607, 41.292949], [-8.566679, 41.299184], [-8.542065, 41.311866], [-8.532481, 41.320835], [-8.527062, 41.329821], [-8.525113, 41.33882], [-8.52626, 41.347833], [-8.535765, 41.365887], [-8.554861, 41.383977], [-8.584758, 41.402104], [-8.613782, 41.413516], [-8.637691, 41.417534], [-8.6736, 41.415343]], [[-8.673667, 41.401899], [-8.649714, 41.406949], [-8.625789, 41.406303], [-8.601903, 41.399441], [-8.5895, 41.393114], [-8.576818, 41.38406], [-8.568155, 41.37502], [-8.562496, 41.365991], [-8.559515, 41.356972], [-8.559115, 41.347963], [-8.561323, 41.338964], [-8.566871, 41.329977], [-8.578493, 41.319448], [-8.590481, 41.313125], [-8.602452, 41.309165], [-8.614411, 41.30704], [-8.6383, 41.307598], [-8.662153, 41.315218], [-8.686033, 41.330364], [-8.697134, 41.339402], [-8.705438, 41.348431], [-8.70949, 41.357449], [-8.710717, 41.366459], [-8.708578, 41.375462], [-8.702963, 41.384455], [-8.692172, 41.393434], [-8.673667, 41.401899]]], [[[-8.308399, 41.326886], [-8.301249, 41.346686], [-8.300037, 41.364694], [-8.303202, 41.382729], [-8.307097, 41.39176], [-8.314745, 41.400813], [-8.326665, 41.408399], [-8.338587, 41.412601], [-8.350529, 41.414885], [-8.374458, 41.415111], [-8.386443, 41.413106], [-8.410453, 41.404255], [-8.428224, 41.392425], [-8.443103, 41.374483], [-8.450152, 41.356502], [-8.450956, 41.347498], [-8.449317, 41.338483], [-8.445115, 41.329455], [-8.435128, 41.31786], [-8.423259, 41.308916], [-8.412514, 41.303366], [-8.407744, 41.304856], [-8.406262, 41.307335], [-8.402979, 41.307568], [-8.401801, 41.311398], [-8.399712, 41.311628], [-8.400316, 41.313202], [-8.396738, 41.314336], [-8.398835, 41.316131], [-8.393775, 41.31997], [-8.393489, 41.323122], [-8.391105, 41.324253], [-8.386325, 41.323588], [-8.383947, 41.326493], [-8.399148, 41.332789], [-8.411006, 41.343019], [-8.418481, 41.356346], [-8.419608, 41.365359], [-8.418195, 41.37436], [-8.413809, 41.383345], [-8.405923, 41.392312], [-8.391556, 41.401245], [-8.374541, 41.406456], [-8.362568, 41.407409], [-8.350614, 41.40638], [-8.334294, 41.400928], [-8.32193, 41.391848], [-8.316119, 41.382806], [-8.313242, 41.364774], [-8.315254, 41.355654], [-8.323643, 41.341942], [-8.316788, 41.335876], [-8.313802, 41.336331], [-8.31169, 41.328456], [-8.308399, 41.326886]]], [[[-8.323674, 41.341905], [-8.323674, 41.341905], [-8.324407, 41.341041], [-8.323674, 41.341905]]]]}}, {"id": "0", "type": "Feature", "properties": {"fill": "#881d1d", "value_min": -4.0, "value_max": -3.67}, "geometry": {"type": "MultiPolygon", "coordinates": [[[[-7.877068, 41.808412], [-7.865022, 41.808824], [-7.862417, 41.811555], [-7.864907, 41.815329], [-7.876939, 41.815753], [-7.879682, 41.811725], [-7.877068, 41.808412]]], [[[-8.292446, 41.757616], [-8.300246, 41.752009], [-8.297633, 41.742986], [-8.287151, 41.738547], [-8.275093, 41.741441], [-8.271309, 41.751829], [-8.274921, 41.756715], [-8.284336, 41.759962], [-8.284931, 41.757507], [-8.287033, 41.756829], [-8.292446, 41.757616]]], [[[-8.144236, 41.63366], [-8.132301, 41.628364], [-8.126607, 41.633729], [-8.132138, 41.640512], [-8.144236, 41.63366]]]]}}, {"id": "23", "type": "Feature", "properties": {"fill": "#1f4099", "value_min": 3.67, "value_max": -4.0}, "geometry": {"type": "MultiPolygon", "coordinates": [[[[-7.972612, 41.856178], [-7.976581, 41.848656], [-7.976398, 41.839648], [-7.972974, 41.833514], [-7.96914, 41.830576], [-7.961012, 41.828493], [-7.948975, 41.828212], [-7.936922, 41.828851], [-7.934356, 41.830259], [-7.929569, 41.839221], [-7.928876, 41.848221], [-7.932723, 41.857264], [-7.936403, 41.860198], [-7.948422, 41.86197], [-7.960478, 41.861518], [-7.972612, 41.856178]]], [[[-8.095666, 41.67274], [-8.083666, 41.671777], [-8.080485, 41.678404], [-8.083489, 41.684293], [-8.095536, 41.682028], [-8.097591, 41.67854], [-8.095666, 41.67274]]]]}}, {"id": "22", "type": "Feature", "properties": {"fill": "#214db8", "value_min": 3.33, "value_max": -3.67}, "geometry": {"type": "MultiPolygon", "coordinates": [[[[-7.960413, 41.865517], [-7.972541, 41.860614], [-7.976002, 41.857658], [-7.980429, 41.848691], [-7.979918, 41.839679], [-7.974662, 41.830626], [-7.961045, 41.826483], [-7.94901, 41.82603], [-7.936946, 41.827419], [-7.931815, 41.830235], [-7.924056, 41.83917], [-7.924516, 41.850555], [-7.928994, 41.857229], [-7.936355, 41.863097], [-7.948348, 41.866491], [-7.960413, 41.865517]], [[-7.972612, 41.856178], [-7.960478, 41.861518], [-7.948422, 41.86197], [-7.936403, 41.860198], [-7.932723, 41.857264], [-7.928876, 41.848221], [-7.929569, 41.839221], [-7.934356, 41.830259], [-7.936922, 41.828851], [-7.948975, 41.828212], [-7.961012, 41.828493], [-7.96914, 41.830576], [-7.972974, 41.833514], [-7.976398, 41.839648], [-7.976581, 41.848656], [-7.972612, 41.856178]]], [[[-8.095487, 41.685532], [-8.099597, 41.678556], [-8.096681, 41.669526], [-8.083713, 41.668464], [-8.077396, 41.678379], [-8.082201, 41.687425], [-8.088834, 41.687478], [-8.095487, 41.685532]], [[-8.095666, 41.67274], [-8.097591, 41.67854], [-8.095536, 41.682028], [-8.083489, 41.684293], [-8.080485, 41.678404], [-8.083666, 41.671777], [-8.095666, 41.67274]]]]}}, {"id": "21", "type": "Feature", "properties": {"fill": "#245bd9", "value_min": 3.0, "value_max": -3.33}, "geometry": {"type": "MultiPolygon", "coordinates": [[[[-7.972481, 41.864309], [-7.980228, 41.857696], [-7.984277, 41.848725], [-7.983438, 41.839711], [-7.97779, 41.830654], [-7.973065, 41.827819], [-7.961077, 41.824473], [-7.949046, 41.823849], [-7.936969, 41.825986], [-7.929273, 41.830212], [-7.922042, 41.839151], [-7.921174, 41.848149], [-7.925266, 41.857194], [-7.936307, 41.865997], [-7.948298, 41.869522], [-7.960357, 41.868967], [-7.972481, 41.864309]], [[-7.960413, 41.865517], [-7.948348, 41.866491], [-7.936355, 41.863097], [-7.928994, 41.857229], [-7.924516, 41.850555], [-7.924056, 41.83917], [-7.931815, 41.830235], [-7.936946, 41.827419], [-7.94901, 41.82603], [-7.961045, 41.826483], [-7.974662, 41.830626], [-7.979918, 41.839679], [-7.980429, 41.848691], [-7.976002, 41.857658], [-7.972541, 41.860614], [-7.960413, 41.865517]]], [[[-8.101603, 41.678571], [-8.098871, 41.669543], [-8.095739, 41.667505], [-8.083734, 41.666979], [-8.079039, 41.669386], [-8.074308, 41.678355], [-8.079521, 41.687403], [-8.083416, 41.689393], [-8.095452, 41.688002], [-8.101603, 41.678571]], [[-8.095487, 41.685532], [-8.088834, 41.687478], [-8.082201, 41.687425], [-8.077396, 41.678379], [-8.083713, 41.668464], [-8.096681, 41.669526], [-8.099597, 41.678556], [-8.095487, 41.685532]]]]}}, {"id": "20", "type": "Feature", "properties": {"fill": "#2e6eed", "value_min": 2.67, "value_max": -3.0}, "geometry": {"type": "MultiPolygon", "coordinates": [[[[-7.954864, 41.872376], [-7.960304, 41.872231], [-7.974887, 41.866655], [-7.984452, 41.857733], [-7.988158, 41.848759], [-7.987052, 41.839743], [-7.980918, 41.830682], [-7.973094, 41.825988], [-7.96111, 41.822463], [-7.949082, 41.821667], [-7.936993, 41.824554], [-7.92673, 41.830188], [-7.920027, 41.839132], [-7.918825, 41.848127], [-7.921909, 41.857163], [-7.931343, 41.866258], [-7.941894, 41.870891], [-7.94222, 41.870977], [-7.943627, 41.871344], [-7.943725, 41.87137], [-7.944025, 41.871449], [-7.951254, 41.871132], [-7.954864, 41.872376]], [[-7.972481, 41.864309], [-7.960357, 41.868967], [-7.948298, 41.869522], [-7.936307, 41.865997], [-7.925266, 41.857194], [-7.921174, 41.848149], [-7.922042, 41.839151], [-7.929273, 41.830212], [-7.936969, 41.825986], [-7.949046, 41.823849], [-7.961077, 41.824473], [-7.973065, 41.827819], [-7.97779, 41.830654], [-7.983438, 41.839711], [-7.984277, 41.848725], [-7.980228, 41.857696], [-7.972481, 41.864309]]], [[[-8.103609, 41.678587], [-8.101061, 41.66956], [-8.095759, 41.66611], [-8.083755, 41.665495], [-8.076208, 41.669363], [-8.071269, 41.67833], [-8.076842, 41.687382], [-8.083397, 41.69073], [-8.095437, 41.689099], [-8.103609, 41.678587]], [[-8.101603, 41.678571], [-8.095452, 41.688002], [-8.083416, 41.689393], [-8.079521, 41.687403], [-8.074308, 41.678355], [-8.079039, 41.669386], [-8.083734, 41.666979], [-8.095739, 41.667505], [-8.098871, 41.669543], [-8.101603, 41.678571]]]]}}, {"id": "19", "type": "Feature", "properties": {"fill": "#4182f2", "value_min": 2.33, "value_max": -2.67}, "geometry": {"type": "MultiPolygon", "coordinates": [[[[-7.960541, 41.875422], [-7.961782, 41.875106], [-7.962086, 41.874074], [-7.964061, 41.874527], [-7.972352, 41.872418], [-7.981476, 41.866713], [-7.9893, 41.857776], [-7.992043, 41.848793], [-7.990733, 41.839775], [-7.984046, 41.830709], [-7.973124, 41.824156], [-7.961136, 41.820854], [-7.949101, 41.820468], [-7.937017, 41.823122], [-7.924258, 41.830165], [-7.918012, 41.839113], [-7.916478, 41.848105], [-7.918662, 41.857132], [-7.924275, 41.864969], [-7.938599, 41.873442], [-7.941894, 41.870891], [-7.931343, 41.866258], [-7.921909, 41.857163], [-7.918825, 41.848127], [-7.920027, 41.839132], [-7.92673, 41.830188], [-7.936993, 41.824554], [-7.949082, 41.821667], [-7.96111, 41.822463], [-7.973094, 41.825988], [-7.980918, 41.830682], [-7.987052, 41.839743], [-7.988158, 41.848759], [-7.984452, 41.857733], [-7.974887, 41.866655], [-7.960304, 41.872231], [-7.954864, 41.872376], [-7.956362, 41.875191], [-7.960541, 41.875422]]], [[[-7.944025, 41.871449], [-7.944025, 41.871449], [-7.943725, 41.87137], [-7.944025, 41.871449]]], [[[-7.943627, 41.871344], [-7.943627, 41.871344], [-7.94222, 41.870977], [-7.943627, 41.871344]]], [[[-8.105617, 41.678603], [-8.10325, 41.669577], [-8.095778, 41.664714], [-8.083776, 41.664011], [-8.073376, 41.66934], [-8.068635, 41.678309], [-8.074162, 41.68736], [-8.083378, 41.692067], [-8.095421, 41.690197], [-8.105617, 41.678603]], [[-8.103609, 41.678587], [-8.095437, 41.689099], [-8.083397, 41.69073], [-8.076842, 41.687382], [-8.071269, 41.67833], [-8.076208, 41.669363], [-8.083755, 41.665495], [-8.095759, 41.66611], [-8.101061, 41.66956], [-8.103609, 41.678587]]]]}}, {"id": "18", "type": "Feature", "properties": {"fill": "#5599f7", "value_min": 2.0, "value_max": -2.33}, "geometry": {"type": "MultiPolygon", "coordinates": [[[[-7.980668, 41.872299], [-7.980761, 41.872245], [-7.981059, 41.872075], [-7.981063, 41.872072], [-7.98184, 41.871625], [-7.981968, 41.871552], [-7.982231, 41.871401], [-7.982269, 41.871379], [-7.984185, 41.870278], [-7.988012, 41.866907], [-7.989128, 41.865333], [-7.989511, 41.864763], [-7.990123, 41.860157], [-7.993812, 41.858361], [-7.994345, 41.856954], [-7.994948, 41.853861], [-7.994954, 41.853833], [-7.995036, 41.853411], [-7.994414, 41.839807], [-7.985093, 41.828718], [-7.973153, 41.822325], [-7.961156, 41.819617], [-7.949118, 41.819411], [-7.93704, 41.82169], [-7.92198, 41.830143], [-7.915998, 41.839094], [-7.914131, 41.848083], [-7.915415, 41.857102], [-7.920778, 41.866159], [-7.933775, 41.875452], [-7.937389, 41.87516], [-7.938599, 41.873442], [-7.924275, 41.864969], [-7.918662, 41.857132], [-7.916478, 41.848105], [-7.918012, 41.839113], [-7.924258, 41.830165], [-7.937017, 41.823122], [-7.949101, 41.820468], [-7.961136, 41.820854], [-7.973124, 41.824156], [-7.984046, 41.830709], [-7.990733, 41.839775], [-7.992043, 41.848793], [-7.9893, 41.857776], [-7.981476, 41.866713], [-7.972352, 41.872418], [-7.964061, 41.874527], [-7.972322, 41.875439], [-7.980668, 41.872299]]], [[[-7.961782, 41.875106], [-7.961782, 41.875106], [-7.960541, 41.875422], [-7.961782, 41.875106]]], [[[-8.107597, 41.67864], [-8.105441, 41.669594], [-8.095798, 41.663319], [-8.083797, 41.662527], [-8.070325, 41.669315], [-8.066002, 41.678287], [-8.071482, 41.687339], [-8.083359, 41.693404], [-8.095406, 41.691294], [-8.107597, 41.67864]], [[-8.105617, 41.678603], [-8.095421, 41.690197], [-8.083378, 41.692067], [-8.074162, 41.68736], [-8.068635, 41.678309], [-8.073376, 41.66934], [-8.083776, 41.664011], [-8.095778, 41.664714], [-8.10325, 41.669577], [-8.105617, 41.678603]]]]}}, {"id": "2", "type": "Feature", "properties": {"fill": "#ae1c1c", "value_min": -3.33, "value_max": -3.0}, "geometry": {"type": "MultiPolygon", "coordinates": [[[[-7.864727, 41.825543], [-7.876781, 41.824832], [-7.883111, 41.820765], [-7.888497, 41.811811], [-7.882683, 41.802748], [-7.877212, 41.800132], [-7.865174, 41.80021], [-7.859425, 41.802519], [-7.851876, 41.811451], [-7.85525, 41.820491], [-7.864727, 41.825543]], [[-7.864793, 41.821785], [-7.8625, 41.820563], [-7.857149, 41.811503], [-7.865122, 41.803144], [-7.877162, 41.802987], [-7.884089, 41.811768], [-7.876838, 41.821555], [-7.864793, 41.821785]]], [[[-7.937423, 41.798554], [-7.949457, 41.798684], [-7.957192, 41.794441], [-7.958231, 41.785444], [-7.949777, 41.779088], [-7.937741, 41.779299], [-7.929892, 41.785184], [-7.930075, 41.794192], [-7.937423, 41.798554]], [[-7.937465, 41.796023], [-7.934448, 41.794233], [-7.934586, 41.785227], [-7.937681, 41.782907], [-7.94972, 41.7826], [-7.953444, 41.7854], [-7.952998, 41.794403], [-7.949496, 41.796324], [-7.937465, 41.796023]]], [[[-8.311095, 41.76199], [-8.315327, 41.7521], [-8.313505, 41.743082], [-8.304994, 41.734023], [-8.29926, 41.730803], [-8.287264, 41.728339], [-8.275219, 41.730168], [-8.268649, 41.733798], [-8.260055, 41.74275], [-8.258387, 41.751746], [-8.261839, 41.760775], [-8.270254, 41.767248], [-8.277074, 41.764627], [-8.270208, 41.760829], [-8.264471, 41.751785], [-8.26654, 41.742791], [-8.27516, 41.735496], [-8.287211, 41.733067], [-8.299194, 41.736884], [-8.305897, 41.743036], [-8.307777, 41.752054], [-8.303909, 41.75838], [-8.30778, 41.758824], [-8.307785, 41.760625], [-8.311095, 41.76199]]], [[[-8.303871, 41.758442], [-8.303871, 41.758442], [-8.303771, 41.758605], [-8.303871, 41.758442]]], [[[-8.132052, 41.646898], [-8.144074, 41.645896], [-8.149906, 41.64291], [-8.154895, 41.63394], [-8.150936, 41.624904], [-8.144412, 41.620365], [-8.132429, 41.618821], [-8.120974, 41.624678], [-8.116472, 41.633651], [-8.12274, 41.642706], [-8.132052, 41.646898]], [[-8.12837, 41.642749], [-8.120984, 41.633686], [-8.129499, 41.624743], [-8.132369, 41.623275], [-8.144336, 41.626106], [-8.149634, 41.633901], [-8.144123, 41.642195], [-8.132086, 41.644422], [-8.12837, 41.642749]]], [[[-8.511989, 41.57296], [-8.516812, 41.581473], [-8.524837, 41.573014], [-8.516898, 41.569862], [-8.511989, 41.57296]]], [[[-8.103764, 41.541882], [-8.109476, 41.542162], [-8.12155, 41.535904], [-8.124986, 41.52563], [-8.11726, 41.516563], [-8.109869, 41.513566], [-8.097885, 41.513545], [-8.091042, 41.516317], [-8.089398, 41.519468], [-8.090594, 41.522169], [-8.093588, 41.52307], [-8.091786, 41.531848], [-8.103764, 41.541882]], [[-8.10905, 41.534515], [-8.09763, 41.531945], [-8.094748, 41.525396], [-8.097761, 41.522455], [-8.109761, 41.521422], [-8.114352, 41.525548], [-8.10905, 41.534515]]], [[[-8.625952, 41.377907], [-8.637907, 41.37849], [-8.647816, 41.375292], [-8.656549, 41.366311], [-8.657079, 41.357304], [-8.650903, 41.348278], [-8.638105, 41.342897], [-8.626151, 41.343046], [-8.61466, 41.348163], [-8.608945, 41.357151], [-8.60988, 41.366162], [-8.614032, 41.371304], [-8.625952, 41.377907]], [[-8.626005, 41.368643], [-8.622676, 41.366204], [-8.621567, 41.357193], [-8.626093, 41.353196], [-8.638052, 41.352481], [-8.644318, 41.357266], [-8.643127, 41.36627], [-8.637958, 41.369442], [-8.626005, 41.368643]]]]}}, {"id": "1", "type": "Feature", "properties": {"fill": "#9c1c1c", "value_min": -3.67, "value_max": -3.33}, "geometry": {"type": "MultiPolygon", "coordinates": [[[[-7.864793, 41.821785], [-7.876838, 41.821555], [-7.884089, 41.811768], [-7.877162, 41.802987], [-7.865122, 41.803144], [-7.857149, 41.811503], [-7.8625, 41.820563], [-7.864793, 41.821785]], [[-7.877068, 41.808412], [-7.879682, 41.811725], [-7.876939, 41.815753], [-7.864907, 41.815329], [-7.862417, 41.811555], [-7.865022, 41.808824], [-7.877068, 41.808412]]], [[[-7.937465, 41.796023], [-7.949496, 41.796324], [-7.952998, 41.794403], [-7.953444, 41.7854], [-7.94972, 41.7826], [-7.937681, 41.782907], [-7.934586, 41.785227], [-7.934448, 41.794233], [-7.937465, 41.796023]]], [[[-8.303771, 41.758605], [-8.303871, 41.758442], [-8.303909, 41.75838], [-8.307777, 41.752054], [-8.305897, 41.743036], [-8.299194, 41.736884], [-8.287211, 41.733067], [-8.27516, 41.735496], [-8.26654, 41.742791], [-8.264471, 41.751785], [-8.270208, 41.760829], [-8.277074, 41.764627], [-8.280681, 41.764083], [-8.284336, 41.759962], [-8.274921, 41.756715], [-8.271309, 41.751829], [-8.275093, 41.741441], [-8.287151, 41.738547], [-8.297633, 41.742986], [-8.300246, 41.752009], [-8.292446, 41.757616], [-8.303771, 41.758605]]], [[[-8.12837, 41.642749], [-8.132086, 41.644422], [-8.144123, 41.642195], [-8.149634, 41.633901], [-8.144336, 41.626106], [-8.132369, 41.623275], [-8.129499, 41.624743], [-8.120984, 41.633686], [-8.12837, 41.642749]], [[-8.144236, 41.63366], [-8.132138, 41.640512], [-8.126607, 41.633729], [-8.132301, 41.628364], [-8.144236, 41.63366]]], [[[-8.10905, 41.534515], [-8.114352, 41.525548], [-8.109761, 41.521422], [-8.097761, 41.522455], [-8.094748, 41.525396], [-8.09763, 41.531945], [-8.10905, 41.534515]]], [[[-8.626005, 41.368643], [-8.637958, 41.369442], [-8.643127, 41.36627], [-8.644318, 41.357266], [-8.638052, 41.352481], [-8.626093, 41.353196], [-8.621567, 41.357193], [-8.622676, 41.366204], [-8.626005, 41.368643]]]]}}, {"id": "17", "type": "Feature", "properties": {"fill": "#6ba5ec", "value_min": 1.67, "value_max": -2.0}, "geometry": {"type": "MultiPolygon", "coordinates": [[[[-8.000785, 41.850717], [-7.998662, 41.839844], [-7.992594, 41.830785], [-7.976871, 41.821639], [-7.961176, 41.818381], [-7.949136, 41.818356], [-7.934476, 41.821253], [-7.919702, 41.830122], [-7.913982, 41.839075], [-7.911565, 41.848059], [-7.912133, 41.857071], [-7.915964, 41.866114], [-7.92411, 41.874813], [-7.929087, 41.877622], [-7.933775, 41.875452], [-7.920778, 41.866159], [-7.915415, 41.857102], [-7.914131, 41.848083], [-7.915998, 41.839094], [-7.92198, 41.830143], [-7.93704, 41.82169], [-7.949118, 41.819411], [-7.961156, 41.819617], [-7.973153, 41.822325], [-7.985093, 41.828718], [-7.994414, 41.839807], [-7.995036, 41.853411], [-7.996765, 41.851162], [-8.000785, 41.850717]]], [[[-7.994954, 41.853833], [-7.994954, 41.853833], [-7.994948, 41.853861], [-7.994954, 41.853833]]], [[[-7.994345, 41.856954], [-7.993812, 41.858361], [-7.995547, 41.858138], [-7.994345, 41.856954]]], [[[-7.989511, 41.864763], [-7.989511, 41.864763], [-7.989128, 41.865333], [-7.989511, 41.864763]]], [[[-7.988012, 41.866907], [-7.984185, 41.870278], [-7.987996, 41.869157], [-7.988012, 41.866907]]], [[[-7.982269, 41.871379], [-7.982269, 41.871379], [-7.982231, 41.871401], [-7.982269, 41.871379]]], [[[-7.981968, 41.871552], [-7.981968, 41.871552], [-7.98184, 41.871625], [-7.981968, 41.871552]]], [[[-7.981063, 41.872072], [-7.981063, 41.872072], [-7.981059, 41.872075], [-7.981063, 41.872072]]], [[[-7.980761, 41.872245], [-7.980761, 41.872245], [-7.980668, 41.872299], [-7.980761, 41.872245]]], [[[-8.107573, 41.680374], [-8.109493, 41.678633], [-8.107631, 41.669611], [-8.095817, 41.661924], [-8.083818, 41.661043], [-8.071744, 41.665476], [-8.066951, 41.669288], [-8.063367, 41.678266], [-8.067611, 41.687307], [-8.071388, 41.690195], [-8.08334, 41.694741], [-8.095391, 41.692391], [-8.107573, 41.680374]], [[-8.107597, 41.67864], [-8.095406, 41.691294], [-8.083359, 41.693404], [-8.071482, 41.687339], [-8.066002, 41.678287], [-8.070325, 41.669315], [-8.083797, 41.662527], [-8.095798, 41.663319], [-8.105441, 41.669594], [-8.107597, 41.67864]]]]}}, {"id": "16", "type": "Feature", "properties": {"fill": "#80a4d0", "value_min": 1.33, "value_max": -1.67}, "geometry": {"type": "MultiPolygon", "coordinates": [[[[-8.00578, 41.845996], [-8.004188, 41.839892], [-7.997089, 41.830824], [-7.982973, 41.821693], [-7.973211, 41.818709], [-7.961196, 41.817143], [-7.949153, 41.817299], [-7.930861, 41.82122], [-7.917425, 41.830101], [-7.908519, 41.84803], [-7.90827, 41.857034], [-7.911054, 41.866067], [-7.92096, 41.878282], [-7.929087, 41.877622], [-7.92411, 41.874813], [-7.915964, 41.866114], [-7.912133, 41.857071], [-7.911565, 41.848059], [-7.913982, 41.839075], [-7.919702, 41.830122], [-7.934476, 41.821253], [-7.949136, 41.818356], [-7.961176, 41.818381], [-7.976871, 41.821639], [-7.992594, 41.830785], [-7.998662, 41.839844], [-8.000785, 41.850717], [-8.00339, 41.85027], [-8.00578, 41.845996]]], [[[-7.853891, 41.757871], [-7.865785, 41.765554], [-7.871743, 41.757607], [-7.866011, 41.752726], [-7.853891, 41.757871]]], [[[-8.083321, 41.696078], [-8.095375, 41.693488], [-8.111366, 41.678647], [-8.110099, 41.66963], [-8.107754, 41.667333], [-8.095837, 41.660529], [-8.083844, 41.659214], [-8.071783, 41.662734], [-8.063577, 41.669261], [-8.060733, 41.678244], [-8.063717, 41.687276], [-8.071346, 41.693109], [-8.083321, 41.696078]], [[-8.107573, 41.680374], [-8.095391, 41.692391], [-8.08334, 41.694741], [-8.071388, 41.690195], [-8.067611, 41.687307], [-8.063367, 41.678266], [-8.066951, 41.669288], [-8.071744, 41.665476], [-8.083818, 41.661043], [-8.095817, 41.661924], [-8.107631, 41.669611], [-8.109493, 41.678633], [-8.107573, 41.680374]]]]}}]}