{"type": "FeatureCollection", "features": [{"id": "9", "type": "Feature", "properties": {"fill": "#a3a3a3", "value_min": -1.0, "value_max": -0.67}, "geometry": {"type": "MultiPolygon", "coordinates": [[[[-8.684144, 41.584803], [-8.685608, 41.58071], [-8.697261, 41.576376], [-8.701703, 41.570277], [-8.707704, 41.570923], [-8.712485, 41.569323], [-8.716422, 41.573805], [-8.720316, 41.57356], [-8.725151, 41.577811], [-8.726633, 41.576003], [-8.734424, 41.575737], [-8.736564, 41.580228], [-8.738354, 41.579318], [-8.740778, 41.582006], [-8.74467, 41.581535], [-8.750711, 41.58623], [-8.75993, 41.578527], [-8.767441, 41.580286], [-8.769874, 41.583874], [-8.768997, 41.58613], [-8.773228, 41.589482], [-8.774165, 41.593303], [-8.78556, 41.593464], [-8.797327, 41.600599], [-8.804218, 41.600109], [-8.80456, 41.604158], [-8.809434, 41.611332], [-8.828644, 41.609656], [-8.82839, 41.585633], [-8.818497, 41.554794], [-8.8221, 41.547542], [-8.821965, 41.534907], [-8.815926, 41.525624], [-8.81063, 41.5101], [-8.813279, 41.503483], [-8.812636, 41.496944], [-8.804699, 41.482068], [-8.798552, 41.474753], [-8.80154, 41.446836], [-8.806807, 41.433362], [-8.721465, 41.415069], [-8.685595, 41.409318], [-8.649708, 41.407932], [-8.613866, 41.411213], [-8.601821, 41.42018], [-8.598273, 41.456198], [-8.589472, 41.473672], [-8.57744, 41.482297], [-8.565443, 41.485076], [-8.553465, 41.484944], [-8.541505, 41.482352], [-8.529565, 41.477082], [-8.515748, 41.464887], [-8.5107, 41.455858], [-8.508676, 41.446842], [-8.511482, 41.428839], [-8.51802, 41.418686], [-8.530061, 41.408338], [-8.556447, 41.392991], [-8.560633, 41.384], [-8.563569, 41.356988], [-8.570744, 41.339], [-8.576403, 41.330013], [-8.605716, 41.294086], [-8.640158, 41.258168], [-8.650552, 41.250293], [-8.662519, 41.244112], [-8.718231, 41.231362], [-8.744445, 41.222415], [-8.801688, 41.194851], [-8.799695, 41.14406], [-8.779981, 41.144501], [-8.773578, 41.168428], [-8.764823, 41.186427], [-8.750196, 41.204412], [-8.739075, 41.213395], [-8.722694, 41.222365], [-8.710335, 41.226511], [-8.69839, 41.229567], [-8.662566, 41.23492], [-8.650609, 41.239607], [-8.638629, 41.247865], [-8.61463, 41.269839], [-8.590636, 41.288364], [-8.554684, 41.30658], [-8.518767, 41.317407], [-8.470902, 41.326592], [-8.458912, 41.331415], [-8.451267, 41.338492], [-8.446841, 41.345663], [-8.439437, 41.365458], [-8.42754, 41.383414], [-8.416366, 41.392366], [-8.398529, 41.400047], [-8.386537, 41.403066], [-8.362596, 41.404531], [-8.34252, 41.400975], [-8.322229, 41.39185], [-8.311471, 41.382778], [-8.300921, 41.3647], [-8.298305, 41.346669], [-8.303615, 41.323777], [-8.301216, 41.319694], [-8.296431, 41.316774], [-8.297618, 41.313846], [-8.296116, 41.310022], [-8.281801, 41.316569], [-8.279132, 41.324451], [-8.272266, 41.32536], [-8.265709, 41.331221], [-8.269004, 41.336169], [-8.263339, 41.340902], [-8.262751, 41.345405], [-8.256483, 41.347663], [-8.255889, 41.349689], [-8.249622, 41.353072], [-8.251123, 41.356897], [-8.248141, 41.360052], [-8.248448, 41.364328], [-8.245461, 41.364781], [-8.244272, 41.368384], [-8.239197, 41.371315], [-8.232024, 41.369971], [-8.224854, 41.370878], [-8.21738, 41.368182], [-8.214399, 41.373587], [-8.208127, 41.376968], [-8.199163, 41.377423], [-8.194677, 41.374275], [-8.191691, 41.376302], [-8.189299, 41.375403], [-8.184818, 41.376756], [-8.168382, 41.377438], [-8.164499, 41.38059], [-8.152544, 41.375866], [-8.151049, 41.37339], [-8.145073, 41.374742], [-8.139694, 41.377894], [-8.133418, 41.374292], [-8.119672, 41.376768], [-8.119672, 41.378569], [-8.116683, 41.380144], [-8.117578, 41.386447], [-8.113992, 41.386896], [-8.112795, 41.390723], [-8.110105, 41.390947], [-8.108011, 41.393648], [-8.103827, 41.392972], [-8.105321, 41.394998], [-8.10263, 41.396123], [-8.10801, 41.398825], [-8.108606, 41.403102], [-8.104419, 41.406252], [-8.104119, 41.408728], [-8.101727, 41.409403], [-8.102025, 41.411204], [-8.092756, 41.411201], [-8.09126, 41.414352], [-8.079893, 41.41975], [-8.077503, 41.416597], [-8.070923, 41.41862], [-8.066739, 41.416142], [-8.061654, 41.417489], [-8.059852, 41.424916], [-8.055959, 41.429415], [-8.05745, 41.432793], [-8.056549, 41.436394], [-8.069999, 41.447206], [-8.068498, 41.452832], [-8.069389, 41.459208], [-8.07175, 41.463863], [-8.071778, 41.463913], [-8.072007, 41.464314], [-8.073872, 41.46499], [-8.073571, 41.467065], [-8.074055, 41.467916], [-8.074169, 41.468115], [-8.074183, 41.468141], [-8.07444, 41.468592], [-8.080862, 41.480249], [-8.091004, 41.489337], [-8.09818, 41.492314], [-8.110106, 41.496239], [-8.122069, 41.497561], [-8.146064, 41.49501], [-8.158028, 41.496273], [-8.169937, 41.50185], [-8.181814, 41.510181], [-8.193737, 41.515011], [-8.196706, 41.508138], [-8.206264, 41.499198], [-8.22187, 41.490297], [-8.230004, 41.488446], [-8.24198, 41.488694], [-8.253906, 41.493296], [-8.260146, 41.499557], [-8.264219, 41.50859], [-8.261883, 41.517583], [-8.253518, 41.52713], [-8.24147, 41.532369], [-8.229469, 41.533514], [-8.217497, 41.532275], [-8.20555, 41.528964], [-8.194925, 41.535148], [-8.193978, 41.553156], [-8.198012, 41.571199], [-8.208827, 41.589288], [-8.21985, 41.598371], [-8.252525, 41.613275], [-8.300367, 41.62871], [-8.312354, 41.630389], [-8.324369, 41.629513], [-8.336419, 41.625126], [-8.360593, 41.608479], [-8.40006, 41.57243], [-8.411332, 41.554474], [-8.420263, 41.527497], [-8.419583, 41.518487], [-8.414103, 41.509451], [-8.409533, 41.505796], [-8.401971, 41.491374], [-8.399809, 41.482356], [-8.400814, 41.473353], [-8.409979, 41.456651], [-8.422036, 41.447212], [-8.434059, 41.441332], [-8.446048, 41.439157], [-8.458013, 41.439735], [-8.469949, 41.444018], [-8.481846, 41.453268], [-8.500404, 41.473829], [-8.511812, 41.482885], [-8.529445, 41.493648], [-8.553331, 41.50452], [-8.562325, 41.510111], [-8.588569, 41.546237], [-8.600934, 41.557514], [-8.61288, 41.565224], [-8.624839, 41.57121], [-8.648785, 41.579116], [-8.684144, 41.584803]], [[-8.324832, 41.585152], [-8.300854, 41.583625], [-8.288894, 41.580268], [-8.271895, 41.57169], [-8.262335, 41.562622], [-8.258295, 41.553589], [-8.259024, 41.544586], [-8.26544, 41.532739], [-8.270397, 41.517637], [-8.270553, 41.508631], [-8.267775, 41.499606], [-8.254005, 41.484646], [-8.227703, 41.472321], [-8.214074, 41.463222], [-8.208067, 41.454173], [-8.206042, 41.445152], [-8.207496, 41.436154], [-8.214012, 41.427191], [-8.266949, 41.398931], [-8.278959, 41.394688], [-8.290922, 41.394564], [-8.350574, 41.410372], [-8.398383, 41.415832], [-8.408651, 41.419349], [-8.415293, 41.428391], [-8.413674, 41.43739], [-8.399972, 41.464342], [-8.397335, 41.473335], [-8.398407, 41.491356], [-8.405884, 41.509409], [-8.407582, 41.518425], [-8.406359, 41.527427], [-8.402635, 41.536415], [-8.390267, 41.554364], [-8.372975, 41.56912], [-8.348875, 41.580285], [-8.324832, 41.585152]], [[-8.636928, 41.554341], [-8.624938, 41.553967], [-8.612967, 41.550584], [-8.601025, 41.542771], [-8.595931, 41.537256], [-8.591418, 41.528233], [-8.590668, 41.519223], [-8.593717, 41.510226], [-8.601269, 41.502922], [-8.613269, 41.499949], [-8.625242, 41.501416], [-8.637201, 41.505396], [-8.646644, 41.510401], [-8.657887, 41.519442], [-8.663051, 41.528465], [-8.663215, 41.537473], [-8.660979, 41.541227], [-8.657194, 41.546463], [-8.648935, 41.55143], [-8.636928, 41.554341]], [[-8.721003, 41.52287], [-8.709019, 41.522439], [-8.685077, 41.516541], [-8.661157, 41.507033], [-8.633721, 41.492346], [-8.624501, 41.483309], [-8.621186, 41.47429], [-8.622661, 41.465288], [-8.627113, 41.456295], [-8.637536, 41.445402], [-8.64954, 41.439211], [-8.661527, 41.436105], [-8.685467, 41.435799], [-8.709378, 41.44206], [-8.720765, 41.447553], [-8.733245, 41.45659], [-8.741863, 41.465617], [-8.747277, 41.474636], [-8.75145, 41.49266], [-8.749881, 41.501664], [-8.744964, 41.510661], [-8.73331, 41.519642], [-8.721003, 41.52287]]], [[[-8.478422, 41.684593], [-8.44403, 41.675085], [-8.420025, 41.672516], [-8.407996, 41.674247], [-8.394503, 41.680488], [-8.383884, 41.68315], [-8.347819, 41.685074], [-8.339429, 41.689191], [-8.332183, 41.698157], [-8.328403, 41.716149], [-8.334503, 41.752212], [-8.334596, 41.763506], [-8.341756, 41.761468], [-8.344765, 41.762363], [-8.349267, 41.760103], [-8.352557, 41.755145], [-8.34982, 41.745922], [-8.349814, 41.744122], [-8.352516, 41.743441], [-8.352203, 41.739616], [-8.357897, 41.735103], [-8.362407, 41.735994], [-8.365869, 41.733962], [-8.364423, 41.725361], [-8.365739, 41.716361], [-8.371691, 41.707386], [-8.383976, 41.698446], [-8.395807, 41.693075], [-8.419897, 41.686774], [-8.431911, 41.687017], [-8.443904, 41.689676], [-8.457076, 41.695251], [-8.457158, 41.695298], [-8.457467, 41.695475], [-8.45776, 41.695643], [-8.457859, 41.695699], [-8.478422, 41.684593]]], [[[-8.237286, 41.791591], [-8.226608, 41.773159], [-8.216948, 41.751471], [-8.210325, 41.742419], [-8.179199, 41.716718], [-8.167455, 41.695273], [-8.155594, 41.683242], [-8.143539, 41.686292], [-8.135991, 41.696849], [-8.131361, 41.698361], [-8.119163, 41.711504], [-8.109029, 41.714657], [-8.10706, 41.717534], [-8.095035, 41.717783], [-8.09113, 41.714517], [-8.086067, 41.70547], [-8.087285, 41.696472], [-8.095402, 41.691601], [-8.109988, 41.678636], [-8.119835, 41.66223], [-8.143904, 41.658736], [-8.155995, 41.652547], [-8.165361, 41.643024], [-8.168702, 41.634041], [-8.167281, 41.625023], [-8.156459, 41.617032], [-8.144476, 41.615526], [-8.13244, 41.617974], [-8.120317, 41.626842], [-8.115439, 41.633643], [-8.107968, 41.651827], [-8.059919, 41.652595], [-8.036043, 41.643047], [-8.024071, 41.640635], [-8.012032, 41.642772], [-8.001947, 41.650728], [-7.998883, 41.659708], [-8.007255, 41.686802], [-8.008892, 41.70483], [-8.012, 41.713864], [-8.03768, 41.750109], [-8.038906, 41.759127], [-8.033949, 41.768092], [-8.021013, 41.776989], [-7.971932, 41.794574], [-7.949404, 41.801969], [-7.925291, 41.804229], [-7.913107, 41.812877], [-7.888484, 41.844394], [-7.879656, 41.852957], [-7.884702, 41.855028], [-7.913036, 41.817114], [-7.925226, 41.808166], [-7.959723, 41.803471], [-7.98559, 41.797234], [-8.009677, 41.796286], [-8.033706, 41.799172], [-8.045696, 41.802362], [-8.072058, 41.814291], [-8.078678, 41.813417], [-8.082892, 41.810493], [-8.091013, 41.812521], [-8.093421, 41.811397], [-8.093723, 41.808471], [-8.101845, 41.809824], [-8.104853, 41.81185], [-8.115984, 41.812302], [-8.123807, 41.808702], [-8.138247, 41.808477], [-8.139751, 41.813203], [-8.14276, 41.812978], [-8.144866, 41.815228], [-8.149078, 41.814777], [-8.153893, 41.817928], [-8.165326, 41.81815], [-8.173744, 41.808019], [-8.177655, 41.808242], [-8.183676, 41.812741], [-8.190291, 41.809587], [-8.197158, 41.814129], [-8.201063, 41.808724], [-8.204973, 41.807372], [-8.205872, 41.804445], [-8.213692, 41.803765], [-8.217598, 41.80016], [-8.217589, 41.793634], [-8.224207, 41.794303], [-8.229917, 41.791598], [-8.237286, 41.791591]], [[-8.154581, 41.760609], [-8.13066, 41.750379], [-8.118732, 41.743096], [-8.111245, 41.732688], [-8.110833, 41.723678], [-8.115406, 41.714706], [-8.119136, 41.713546], [-8.131341, 41.699858], [-8.14045, 41.696882], [-8.143447, 41.693193], [-8.155444, 41.694712], [-8.15812, 41.697013], [-8.165638, 41.706075], [-8.170745, 41.724126], [-8.18068, 41.733204], [-8.187338, 41.742259], [-8.186322, 41.751258], [-8.17866, 41.759014], [-8.16659, 41.762223], [-8.154581, 41.760609]], [[-8.058902, 41.722429], [-8.046894, 41.721453], [-8.035538, 41.714064], [-8.030502, 41.705014], [-8.03528, 41.694164], [-8.04739, 41.687857], [-8.05941, 41.687575], [-8.071297, 41.69653], [-8.07351, 41.705369], [-8.071279, 41.714358], [-8.058902, 41.722429]], [[-8.078514, 41.687395], [-8.072316, 41.678339], [-8.080305, 41.669396], [-8.08372, 41.667958], [-8.095718, 41.668973], [-8.100574, 41.678563], [-8.095507, 41.684104], [-8.083433, 41.688243], [-8.078514, 41.687395]]]]}}, {"id": "10", "type": "Feature", "properties": {"fill": "#a3a3a3", "value_min": -0.67, "value_max": -0.33}, "geometry": {"type": "MultiPolygon", "coordinates": [[[[-8.072058, 41.814291], [-8.045696, 41.802362], [-8.033706, 41.799172], [-8.009677, 41.796286], [-7.98559, 41.797234], [-7.959723, 41.803471], [-7.925226, 41.808166], [-7.913036, 41.817114], [-7.884702, 41.855028], [-7.889572, 41.856839], [-7.893721, 41.847888], [-7.913187, 41.821054], [-7.92516, 41.812103], [-7.937257, 41.808556], [-7.973444, 41.804111], [-7.99752, 41.804035], [-8.021504, 41.810068], [-8.033451, 41.816138], [-8.04481, 41.824425], [-8.057314, 41.815656], [-8.06664, 41.817012], [-8.072058, 41.814291]]], [[[-8.457859, 41.695699], [-8.457859, 41.695699], [-8.45776, 41.695643], [-8.457859, 41.695699]]], [[[-8.457467, 41.695475], [-8.457467, 41.695475], [-8.457158, 41.695298], [-8.457467, 41.695475]]], [[[-8.457076, 41.695251], [-8.443904, 41.689676], [-8.431911, 41.687017], [-8.419897, 41.686774], [-8.395807, 41.693075], [-8.383976, 41.698446], [-8.371691, 41.707386], [-8.365739, 41.716361], [-8.364423, 41.725361], [-8.365869, 41.733962], [-8.369604, 41.731928], [-8.371416, 41.7344], [-8.374122, 41.734845], [-8.384922, 41.73032], [-8.386391, 41.731442], [-8.383799, 41.725466], [-8.384366, 41.716462], [-8.389962, 41.707485], [-8.406093, 41.698562], [-8.419814, 41.696014], [-8.431819, 41.697439], [-8.446394, 41.704978], [-8.453868, 41.697961], [-8.453255, 41.695487], [-8.457076, 41.695251]]], [[[-8.154581, 41.760609], [-8.16659, 41.762223], [-8.17866, 41.759014], [-8.186322, 41.751258], [-8.187338, 41.742259], [-8.18068, 41.733204], [-8.170745, 41.724126], [-8.165638, 41.706075], [-8.15812, 41.697013], [-8.155444, 41.694712], [-8.143447, 41.693193], [-8.14045, 41.696882], [-8.131341, 41.699858], [-8.119136, 41.713546], [-8.115406, 41.714706], [-8.110833, 41.723678], [-8.111245, 41.732688], [-8.118732, 41.743096], [-8.13066, 41.750379], [-8.154581, 41.760609]], [[-8.142937, 41.731647], [-8.130913, 41.731616], [-8.121063, 41.723757], [-8.120333, 41.714744], [-8.13132, 41.701354], [-8.143386, 41.69782], [-8.155347, 41.702189], [-8.158932, 41.706026], [-8.160904, 41.715048], [-8.15505, 41.724815], [-8.142937, 41.731647]]], [[[-8.058902, 41.722429], [-8.071279, 41.714358], [-8.07351, 41.705369], [-8.071297, 41.69653], [-8.05941, 41.687575], [-8.04739, 41.687857], [-8.03528, 41.694164], [-8.030502, 41.705014], [-8.035538, 41.714064], [-8.046894, 41.721453], [-8.058902, 41.722429]], [[-8.047112, 41.706718], [-8.045854, 41.705143], [-8.04716, 41.703459], [-8.059171, 41.70401], [-8.060032, 41.70526], [-8.059134, 41.706498], [-8.047112, 41.706718]]], [[[-8.078514, 41.687395], [-8.083433, 41.688243], [-8.095507, 41.684104], [-8.100574, 41.678563], [-8.095718, 41.668973], [-8.08372, 41.667958], [-8.080305, 41.669396], [-8.072316, 41.678339], [-8.078514, 41.687395]]], [[[-8.324832, 41.585152], [-8.348875, 41.580285], [-8.372975, 41.56912], [-8.390267, 41.554364], [-8.402635, 41.536415], [-8.406359, 41.527427], [-8.407582, 41.518425], [-8.405884, 41.509409], [-8.398407, 41.491356], [-8.397335, 41.473335], [-8.399972, 41.464342], [-8.413674, 41.43739], [-8.415293, 41.428391], [-8.408651, 41.419349], [-8.398383, 41.415832], [-8.350574, 41.410372], [-8.290922, 41.394564], [-8.278959, 41.394688], [-8.266949, 41.398931], [-8.214012, 41.427191], [-8.207496, 41.436154], [-8.206042, 41.445152], [-8.208067, 41.454173], [-8.214074, 41.463222], [-8.227703, 41.472321], [-8.254005, 41.484646], [-8.267775, 41.499606], [-8.270553, 41.508631], [-8.270397, 41.517637], [-8.26544, 41.532739], [-8.259024, 41.544586], [-8.258295, 41.553589], [-8.262335, 41.562622], [-8.271895, 41.57169], [-8.288894, 41.580268], [-8.300854, 41.583625], [-8.324832, 41.585152]], [[-8.325033, 41.565828], [-8.313054, 41.56445], [-8.301097, 41.561073], [-8.289179, 41.554322], [-8.280888, 41.544725], [-8.278122, 41.5357], [-8.276307, 41.508667], [-8.273087, 41.499639], [-8.265956, 41.487084], [-8.245483, 41.463432], [-8.243052, 41.454409], [-8.244105, 41.445408], [-8.249273, 41.436434], [-8.25922, 41.427491], [-8.278717, 41.416577], [-8.290723, 41.412875], [-8.314662, 41.412074], [-8.374396, 41.421592], [-8.390908, 41.428264], [-8.397834, 41.437308], [-8.398931, 41.446321], [-8.394557, 41.482328], [-8.39967, 41.509377], [-8.399346, 41.518383], [-8.396102, 41.527373], [-8.385221, 41.542541], [-8.373135, 41.552501], [-8.36108, 41.559058], [-8.337032, 41.565292], [-8.325033, 41.565828]]], [[[-8.636928, 41.554341], [-8.648935, 41.55143], [-8.657194, 41.546463], [-8.660979, 41.541227], [-8.663215, 41.537473], [-8.663051, 41.528465], [-8.657887, 41.519442], [-8.646644, 41.510401], [-8.637201, 41.505396], [-8.625242, 41.501416], [-8.613269, 41.499949], [-8.601269, 41.502922], [-8.593717, 41.510226], [-8.590668, 41.519223], [-8.591418, 41.528233], [-8.595931, 41.537256], [-8.601025, 41.542771], [-8.612967, 41.550584], [-8.624938, 41.553967], [-8.636928, 41.554341]], [[-8.614321, 41.537319], [-8.606991, 41.528287], [-8.608857, 41.519286], [-8.613175, 41.515659], [-8.625174, 41.513257], [-8.637132, 41.517728], [-8.639289, 41.519386], [-8.642549, 41.528403], [-8.637025, 41.536967], [-8.625018, 41.54015], [-8.614321, 41.537319]]], [[[-8.801688, 41.194851], [-8.744445, 41.222415], [-8.718231, 41.231362], [-8.662519, 41.244112], [-8.650552, 41.250293], [-8.640158, 41.258168], [-8.605716, 41.294086], [-8.576403, 41.330013], [-8.570744, 41.339], [-8.563569, 41.356988], [-8.560633, 41.384], [-8.556447, 41.392991], [-8.530061, 41.408338], [-8.51802, 41.418686], [-8.511482, 41.428839], [-8.508676, 41.446842], [-8.5107, 41.455858], [-8.515748, 41.464887], [-8.529565, 41.477082], [-8.541505, 41.482352], [-8.553465, 41.484944], [-8.565443, 41.485076], [-8.57744, 41.482297], [-8.589472, 41.473672], [-8.598273, 41.456198], [-8.601821, 41.42018], [-8.613866, 41.411213], [-8.649708, 41.407932], [-8.685595, 41.409318], [-8.721465, 41.415069], [-8.806807, 41.433362], [-8.807354, 41.425915], [-8.811193, 41.416638], [-8.809349, 41.389361], [-8.781369, 41.392608], [-8.757445, 41.392618], [-8.721578, 41.388549], [-8.697685, 41.382188], [-8.683844, 41.375396], [-8.657574, 41.348298], [-8.6305, 41.330199], [-8.622459, 41.321165], [-8.619835, 41.312149], [-8.62363, 41.294146], [-8.634588, 41.276166], [-8.650499, 41.260178], [-8.662477, 41.252335], [-8.686389, 41.243961], [-8.758054, 41.228066], [-8.781932, 41.223632], [-8.802739, 41.221601], [-8.801688, 41.194851]], [[-8.55356, 41.471147], [-8.541599, 41.468965], [-8.535387, 41.464968], [-8.529769, 41.455938], [-8.531998, 41.446939], [-8.541811, 41.438922], [-8.553794, 41.43705], [-8.565737, 41.440976], [-8.571889, 41.447095], [-8.574007, 41.45611], [-8.569232, 41.4651], [-8.565559, 41.467694], [-8.55356, 41.471147]]]]}}, {"id": "17", "type": "Feature", "properties": {"fill": "#6ba5ec", "value_min": 1.67, "value_max": -2.0}, "geometry": {"type": "MultiPolygon", "coordinates": [[[[-7.999857, 41.850716], [-7.998378, 41.839842], [-7.99308, 41.830789], [-7.979943, 41.821666], [-7.9612, 41.816867], [-7.94916, 41.816873], [-7.937082, 41.819158], [-7.924935, 41.825548], [-7.919909, 41.830124], [-7.914627, 41.839081], [-7.91276, 41.84807], [-7.913686, 41.857086], [-7.918294, 41.866136], [-7.92415, 41.872421], [-7.931362, 41.876659], [-7.935764, 41.874707], [-7.922843, 41.866178], [-7.916783, 41.857115], [-7.915013, 41.848091], [-7.916564, 41.839099], [-7.922059, 41.830144], [-7.937057, 41.82067], [-7.949139, 41.818136], [-7.961177, 41.818317], [-7.974315, 41.821616], [-7.985105, 41.827963], [-7.988753, 41.830751], [-7.994315, 41.839806], [-7.995447, 41.848823], [-7.992808, 41.85836], [-7.995547, 41.858138], [-7.994047, 41.855211], [-7.996765, 41.851162], [-7.999857, 41.850716]]], [[[-7.936133, 41.874933], [-7.936133, 41.874933], [-7.935885, 41.874781], [-7.936133, 41.874933]]], [[[-7.992535, 41.858721], [-7.992535, 41.858721], [-7.992297, 41.859035], [-7.992535, 41.858721]]], [[[-7.989817, 41.862307], [-7.989817, 41.862307], [-7.989741, 41.862408], [-7.989817, 41.862307]]], [[[-7.989515, 41.862706], [-7.989515, 41.862706], [-7.9894, 41.862857], [-7.989515, 41.862706]]], [[[-7.98906, 41.863307], [-7.984464, 41.868479], [-7.97246, 41.875214], [-7.987996, 41.869157], [-7.98906, 41.863307]]], [[[-7.972322, 41.875291], [-7.972322, 41.875291], [-7.972021, 41.875369], [-7.972322, 41.875291]]], [[[-8.373523, 41.512299], [-8.380459, 41.500268], [-8.381571, 41.482259], [-8.375758, 41.464213], [-8.367673, 41.455161], [-8.362141, 41.451027], [-8.350211, 41.446836], [-8.338254, 41.445395], [-8.326274, 41.446229], [-8.314269, 41.44938], [-8.304799, 41.454798], [-8.295834, 41.463751], [-8.292091, 41.472736], [-8.291454, 41.481739], [-8.296215, 41.499783], [-8.301734, 41.508824], [-8.310698, 41.517886], [-8.325455, 41.525236], [-8.337426, 41.526699], [-8.349422, 41.52573], [-8.361448, 41.521645], [-8.373523, 41.512299]], [[-8.337454, 41.523986], [-8.325487, 41.522126], [-8.313563, 41.516364], [-8.305354, 41.508846], [-8.299341, 41.499802], [-8.294477, 41.481758], [-8.295765, 41.472758], [-8.300801, 41.463781], [-8.311725, 41.45484], [-8.326242, 41.449347], [-8.338224, 41.448321], [-8.350182, 41.449734], [-8.362105, 41.454697], [-8.372623, 41.464196], [-8.377481, 41.473229], [-8.38002, 41.491258], [-8.378082, 41.500255], [-8.373565, 41.508034], [-8.361482, 41.518148], [-8.34945, 41.522913], [-8.337454, 41.523986]]], [[[-8.757726, 41.316834], [-8.76206, 41.312531], [-8.766681, 41.303533], [-8.767517, 41.294527], [-8.76486, 41.285513], [-8.757874, 41.276951], [-8.745962, 41.269535], [-8.734038, 41.265847], [-8.722104, 41.264703], [-8.710162, 41.265668], [-8.698208, 41.269046], [-8.685713, 41.276317], [-8.678448, 41.285304], [-8.675958, 41.294305], [-8.677324, 41.303317], [-8.682818, 41.31234], [-8.697957, 41.323547], [-8.709887, 41.327711], [-8.721831, 41.329186], [-8.733784, 41.328302], [-8.745748, 41.324694], [-8.757726, 41.316834]], [[-8.721852, 41.324107], [-8.705903, 41.321409], [-8.697981, 41.318294], [-8.689815, 41.312359], [-8.683189, 41.303333], [-8.681663, 41.294321], [-8.684575, 41.285321], [-8.693743, 41.276338], [-8.710143, 41.269952], [-8.722086, 41.269103], [-8.734017, 41.271009], [-8.746495, 41.276467], [-8.755355, 41.285494], [-8.758418, 41.294508], [-8.757281, 41.303513], [-8.75156, 41.312509], [-8.736551, 41.321483], [-8.721852, 41.324107]]]]}}, {"id": "18", "type": "Feature", "properties": {"fill": "#5599f7", "value_min": 2.0, "value_max": -2.33}, "geometry": {"type": "MultiPolygon", "coordinates": [[[[-7.972021, 41.875369], [-7.972322, 41.875291], [-7.97246, 41.875214], [-7.984464, 41.868479], [-7.98906, 41.863307], [-7.9894, 41.862857], [-7.989515, 41.862706], [-7.989741, 41.862408], [-7.989817, 41.862307], [-7.992297, 41.859035], [-7.992535, 41.858721], [-7.992808, 41.85836], [-7.995447, 41.848823], [-7.994315, 41.839806], [-7.988753, 41.830751], [-7.985105, 41.827963], [-7.974315, 41.821616], [-7.961177, 41.818317], [-7.949139, 41.818136], [-7.937057, 41.82067], [-7.922059, 41.830144], [-7.916564, 41.839099], [-7.915013, 41.848091], [-7.916783, 41.857115], [-7.922843, 41.866178], [-7.935764, 41.874707], [-7.935885, 41.874781], [-7.936133, 41.874933], [-7.939807, 41.872488], [-7.927898, 41.866226], [-7.919878, 41.857144], [-7.917268, 41.848113], [-7.9185, 41.839118], [-7.924208, 41.830164], [-7.937031, 41.822241], [-7.949119, 41.819398], [-7.961153, 41.819767], [-7.973139, 41.823191], [-7.984605, 41.830714], [-7.990703, 41.839775], [-7.991625, 41.84879], [-7.988432, 41.857768], [-7.979893, 41.866699], [-7.97237, 41.871258], [-7.956364, 41.874492], [-7.960878, 41.875648], [-7.962086, 41.874074], [-7.969915, 41.87431], [-7.972021, 41.875369]]], [[[-8.337454, 41.523986], [-8.34945, 41.522913], [-8.361482, 41.518148], [-8.373565, 41.508034], [-8.378082, 41.500255], [-8.38002, 41.491258], [-8.377481, 41.473229], [-8.372623, 41.464196], [-8.362105, 41.454697], [-8.350182, 41.449734], [-8.338224, 41.448321], [-8.326242, 41.449347], [-8.311725, 41.45484], [-8.300801, 41.463781], [-8.295765, 41.472758], [-8.294477, 41.481758], [-8.299341, 41.499802], [-8.305354, 41.508846], [-8.313563, 41.516364], [-8.325487, 41.522126], [-8.337454, 41.523986]], [[-8.337481, 41.521273], [-8.32552, 41.519015], [-8.313597, 41.513102], [-8.308973, 41.508868], [-8.30236, 41.499821], [-8.298616, 41.49079], [-8.297501, 41.481776], [-8.302094, 41.468354], [-8.305345, 41.463809], [-8.314189, 41.457042], [-8.326209, 41.452464], [-8.338196, 41.451088], [-8.350153, 41.452632], [-8.362077, 41.45758], [-8.369465, 41.464178], [-8.375245, 41.473217], [-8.378116, 41.491248], [-8.373605, 41.50386], [-8.361508, 41.515545], [-8.349478, 41.520097], [-8.337481, 41.521273]]], [[[-8.721852, 41.324107], [-8.736551, 41.321483], [-8.75156, 41.312509], [-8.757281, 41.303513], [-8.758418, 41.294508], [-8.755355, 41.285494], [-8.746495, 41.276467], [-8.734017, 41.271009], [-8.722086, 41.269103], [-8.710143, 41.269952], [-8.693743, 41.276338], [-8.684575, 41.285321], [-8.681663, 41.294321], [-8.683189, 41.303333], [-8.689815, 41.312359], [-8.697981, 41.318294], [-8.705903, 41.321409], [-8.721852, 41.324107]], [[-8.721874, 41.318935], [-8.709931, 41.317923], [-8.698005, 41.312996], [-8.689376, 41.30335], [-8.687507, 41.294337], [-8.691242, 41.285339], [-8.698161, 41.27915], [-8.710124, 41.274346], [-8.722066, 41.27369], [-8.734289, 41.276439], [-8.746407, 41.285474], [-8.750082, 41.29449], [-8.748599, 41.303495], [-8.740768, 41.312485], [-8.733833, 41.316256], [-8.721874, 41.318935]]]]}}, {"id": "16", "type": "Feature", "properties": {"fill": "#80a4d0", "value_min": 1.33, "value_max": -1.67}, "geometry": {"type": "MultiPolygon", "coordinates": [[[[-8.005241, 41.847346], [-8.003684, 41.839888], [-7.997544, 41.830828], [-7.985207, 41.821505], [-7.973237, 41.817046], [-7.961224, 41.815416], [-7.949181, 41.815611], [-7.937107, 41.817645], [-7.924968, 41.82354], [-7.917758, 41.830104], [-7.909966, 41.848044], [-7.910289, 41.857053], [-7.913746, 41.866093], [-7.925234, 41.87829], [-7.931362, 41.876659], [-7.92415, 41.872421], [-7.918294, 41.866136], [-7.913686, 41.857086], [-7.91276, 41.84807], [-7.914627, 41.839081], [-7.919909, 41.830124], [-7.924935, 41.825548], [-7.937082, 41.819158], [-7.94916, 41.816873], [-7.9612, 41.816867], [-7.979943, 41.821666], [-7.99308, 41.830789], [-7.998378, 41.839842], [-7.999857, 41.850716], [-8.003089, 41.850494], [-8.005241, 41.847346]]], [[[-8.361414, 41.525152], [-8.373482, 41.516601], [-8.379324, 41.509269], [-8.382836, 41.500281], [-8.383434, 41.482269], [-8.378877, 41.46423], [-8.37406, 41.45658], [-8.362177, 41.447356], [-8.350247, 41.443157], [-8.338292, 41.441608], [-8.326315, 41.442209], [-8.314313, 41.445231], [-8.297695, 41.454755], [-8.290866, 41.463721], [-8.287872, 41.47271], [-8.290042, 41.490738], [-8.297855, 41.508801], [-8.305305, 41.517853], [-8.313479, 41.524303], [-8.325417, 41.528926], [-8.337387, 41.530512], [-8.349387, 41.529207], [-8.361414, 41.525152]], [[-8.373523, 41.512299], [-8.361448, 41.521645], [-8.349422, 41.52573], [-8.337426, 41.526699], [-8.325455, 41.525236], [-8.310698, 41.517886], [-8.301734, 41.508824], [-8.296215, 41.499783], [-8.291454, 41.481739], [-8.292091, 41.472736], [-8.295834, 41.463751], [-8.304799, 41.454798], [-8.314269, 41.44938], [-8.326274, 41.446229], [-8.338254, 41.445395], [-8.350211, 41.446836], [-8.362141, 41.451027], [-8.367673, 41.455161], [-8.375758, 41.464213], [-8.381571, 41.482259], [-8.380459, 41.500268], [-8.373523, 41.512299]]], [[[-8.757689, 41.326823], [-8.765415, 41.321546], [-8.773325, 41.312554], [-8.777183, 41.303553], [-8.777819, 41.294547], [-8.775377, 41.285534], [-8.768968, 41.276514], [-8.757906, 41.268263], [-8.745986, 41.263402], [-8.734058, 41.260975], [-8.71018, 41.26154], [-8.69169, 41.267325], [-8.67853, 41.276297], [-8.672152, 41.285287], [-8.669823, 41.294288], [-8.671133, 41.303299], [-8.67618, 41.312321], [-8.686016, 41.321772], [-8.697933, 41.328734], [-8.709864, 41.332911], [-8.721807, 41.334768], [-8.733759, 41.334488], [-8.74572, 41.331997], [-8.757689, 41.326823]], [[-8.757726, 41.316834], [-8.745748, 41.324694], [-8.733784, 41.328302], [-8.721831, 41.329186], [-8.709887, 41.327711], [-8.697957, 41.323547], [-8.682818, 41.31234], [-8.677324, 41.303317], [-8.675958, 41.294305], [-8.678448, 41.285304], [-8.685713, 41.276317], [-8.698208, 41.269046], [-8.710162, 41.265668], [-8.722104, 41.264703], [-8.734038, 41.265847], [-8.745962, 41.269535], [-8.757874, 41.276951], [-8.76486, 41.285513], [-8.767517, 41.294527], [-8.766681, 41.303533], [-8.76206, 41.312531], [-8.757726, 41.316834]]]]}}, {"id": "19", "type": "Feature", "properties": {"fill": "#4182f2", "value_min": 2.33, "value_max": -2.67}, "geometry": {"type": "MultiPolygon", "coordinates": [[[[-7.956364, 41.874492], [-7.97237, 41.871258], [-7.979893, 41.866699], [-7.988432, 41.857768], [-7.991625, 41.84879], [-7.990703, 41.839775], [-7.984605, 41.830714], [-7.973139, 41.823191], [-7.961153, 41.819767], [-7.949119, 41.819398], [-7.937031, 41.822241], [-7.924208, 41.830164], [-7.9185, 41.839118], [-7.917268, 41.848113], [-7.919878, 41.857144], [-7.927898, 41.866226], [-7.939807, 41.872488], [-7.941618, 41.870891], [-7.946482, 41.871124], [-7.936269, 41.868275], [-7.924373, 41.859121], [-7.919522, 41.848134], [-7.920437, 41.839136], [-7.926647, 41.830187], [-7.937005, 41.823849], [-7.949098, 41.82066], [-7.96113, 41.821216], [-7.973107, 41.825182], [-7.981496, 41.830687], [-7.987092, 41.839743], [-7.987804, 41.848756], [-7.983768, 41.857727], [-7.973384, 41.866641], [-7.960319, 41.871327], [-7.951553, 41.871541], [-7.954864, 41.872262], [-7.956364, 41.874492]]], [[[-8.337481, 41.521273], [-8.349478, 41.520097], [-8.361508, 41.515545], [-8.373605, 41.50386], [-8.378116, 41.491248], [-8.375245, 41.473217], [-8.369465, 41.464178], [-8.362077, 41.45758], [-8.350153, 41.452632], [-8.338196, 41.451088], [-8.326209, 41.452464], [-8.314189, 41.457042], [-8.305345, 41.463809], [-8.302094, 41.468354], [-8.297501, 41.481776], [-8.298616, 41.49079], [-8.30236, 41.499821], [-8.308973, 41.508868], [-8.313597, 41.513102], [-8.32552, 41.519015], [-8.337481, 41.521273]], [[-8.334847, 41.518028], [-8.325546, 41.516448], [-8.312594, 41.50889], [-8.30502, 41.499837], [-8.301474, 41.490808], [-8.300524, 41.481795], [-8.302919, 41.472802], [-8.314153, 41.460452], [-8.326179, 41.455435], [-8.338168, 41.453854], [-8.350125, 41.455412], [-8.36205, 41.460358], [-8.366309, 41.464161], [-8.373878, 41.475507], [-8.37621, 41.491237], [-8.37326, 41.500229], [-8.361534, 41.512942], [-8.349504, 41.517493], [-8.334847, 41.518028]]], [[[-8.721874, 41.318935], [-8.733833, 41.316256], [-8.740768, 41.312485], [-8.748599, 41.303495], [-8.750082, 41.29449], [-8.746407, 41.285474], [-8.734289, 41.276439], [-8.722066, 41.27369], [-8.710124, 41.274346], [-8.698161, 41.27915], [-8.691242, 41.285339], [-8.687507, 41.294337], [-8.689376, 41.30335], [-8.698005, 41.312996], [-8.709931, 41.317923], [-8.721874, 41.318935]], [[-8.709953, 41.312962], [-8.695885, 41.303367], [-8.693857, 41.294354], [-8.698133, 41.285332], [-8.710101, 41.279439], [-8.722044, 41.278849], [-8.736841, 41.285453], [-8.741574, 41.294471], [-8.739523, 41.303474], [-8.733863, 41.308924], [-8.726315, 41.312451], [-8.721897, 41.313662], [-8.709953, 41.312962]]]]}}, {"id": "15", "type": "Feature", "properties": {"fill": "#97a3b2", "value_min": 1.0, "value_max": -1.33}, "geometry": {"type": "MultiPolygon", "coordinates": [[[[-8.008229, 41.838591], [-8.003855, 41.830883], [-7.992578, 41.821778], [-7.97327, 41.814979], [-7.949201, 41.814348], [-7.937132, 41.816133], [-7.925622, 41.821171], [-7.915608, 41.830083], [-7.907104, 41.848016], [-7.906665, 41.857019], [-7.90896, 41.866047], [-7.918706, 41.878873], [-7.925234, 41.87829], [-7.913746, 41.866093], [-7.910289, 41.857053], [-7.909966, 41.848044], [-7.917758, 41.830104], [-7.924968, 41.82354], [-7.937107, 41.817645], [-7.949181, 41.815611], [-7.961224, 41.815416], [-7.973237, 41.817046], [-7.985207, 41.821505], [-7.997544, 41.830828], [-8.003684, 41.839888], [-8.005241, 41.847346], [-8.008229, 41.838591]]], [[[-8.373435, 41.521483], [-8.382694, 41.509287], [-8.385746, 41.491289], [-8.381996, 41.464246], [-8.374114, 41.450991], [-8.36222, 41.44292], [-8.350287, 41.43919], [-8.338331, 41.437821], [-8.326358, 41.438088], [-8.314366, 41.440224], [-8.302341, 41.445263], [-8.290264, 41.455018], [-8.284804, 41.463683], [-8.282989, 41.472679], [-8.286276, 41.490715], [-8.293972, 41.508777], [-8.301541, 41.519875], [-8.313429, 41.529056], [-8.325371, 41.533354], [-8.337346, 41.53449], [-8.349346, 41.53333], [-8.361373, 41.529262], [-8.373435, 41.521483]], [[-8.361414, 41.525152], [-8.349387, 41.529207], [-8.337387, 41.530512], [-8.325417, 41.528926], [-8.313479, 41.524303], [-8.305305, 41.517853], [-8.297855, 41.508801], [-8.290042, 41.490738], [-8.287872, 41.47271], [-8.290866, 41.463721], [-8.297695, 41.454755], [-8.314313, 41.445231], [-8.326315, 41.442209], [-8.338292, 41.441608], [-8.350247, 41.443157], [-8.362177, 41.447356], [-8.37406, 41.45658], [-8.378877, 41.46423], [-8.383434, 41.482269], [-8.382836, 41.500281], [-8.379324, 41.509269], [-8.373482, 41.516601], [-8.361414, 41.525152]]], [[[-8.757655, 41.336185], [-8.769628, 41.330066], [-8.779874, 41.321574], [-8.786336, 41.312579], [-8.78951, 41.303577], [-8.789957, 41.29457], [-8.787731, 41.285558], [-8.781757, 41.276262], [-8.772072, 41.267512], [-8.757934, 41.260658], [-8.734078, 41.25604], [-8.710199, 41.257372], [-8.698249, 41.260151], [-8.682021, 41.267299], [-8.671176, 41.276276], [-8.665493, 41.285268], [-8.663497, 41.294269], [-8.664559, 41.30328], [-8.668969, 41.312301], [-8.677373, 41.321332], [-8.697906, 41.334531], [-8.721781, 41.340773], [-8.733732, 41.34114], [-8.757655, 41.336185]], [[-8.757689, 41.326823], [-8.74572, 41.331997], [-8.733759, 41.334488], [-8.721807, 41.334768], [-8.709864, 41.332911], [-8.697933, 41.328734], [-8.686016, 41.321772], [-8.67618, 41.312321], [-8.671133, 41.303299], [-8.669823, 41.294288], [-8.672152, 41.285287], [-8.67853, 41.276297], [-8.69169, 41.267325], [-8.71018, 41.26154], [-8.734058, 41.260975], [-8.745986, 41.263402], [-8.757906, 41.268263], [-8.768968, 41.276514], [-8.775377, 41.285534], [-8.777819, 41.294547], [-8.777183, 41.303553], [-8.773325, 41.312554], [-8.765415, 41.321546], [-8.757689, 41.326823]]]]}}, {"id": "20", "type": "Feature", "properties": {"fill": "#2e6eed", "value_min": 2.67, "value_max": -3.0}, "geometry": {"type": "MultiPolygon", "coordinates": [[[[-7.951553, 41.871541], [-7.960319, 41.871327], [-7.973384, 41.866641], [-7.983768, 41.857727], [-7.987804, 41.848756], [-7.987092, 41.839743], [-7.981496, 41.830687], [-7.973107, 41.825182], [-7.96113, 41.821216], [-7.949098, 41.82066], [-7.937005, 41.823849], [-7.926647, 41.830187], [-7.920437, 41.839136], [-7.919522, 41.848134], [-7.924373, 41.859121], [-7.936269, 41.868275], [-7.946482, 41.871124], [-7.951553, 41.871541]], [[-7.948312, 41.868703], [-7.936319, 41.865223], [-7.926236, 41.857204], [-7.921776, 41.848155], [-7.922373, 41.839154], [-7.92921, 41.830211], [-7.936978, 41.825457], [-7.949068, 41.822502], [-7.961094, 41.823405], [-7.973075, 41.827174], [-7.978387, 41.830659], [-7.983508, 41.839711], [-7.983995, 41.848722], [-7.97959, 41.85769], [-7.972493, 41.863589], [-7.96037, 41.868184], [-7.948312, 41.868703]]], [[[-8.334847, 41.518028], [-8.349504, 41.517493], [-8.361534, 41.512942], [-8.37326, 41.500229], [-8.37621, 41.491237], [-8.373878, 41.475507], [-8.366309, 41.464161], [-8.36205, 41.460358], [-8.350125, 41.455412], [-8.338168, 41.453854], [-8.326179, 41.455435], [-8.314153, 41.460452], [-8.302919, 41.472802], [-8.300524, 41.481795], [-8.301474, 41.490808], [-8.30502, 41.499837], [-8.312594, 41.50889], [-8.325546, 41.516448], [-8.334847, 41.518028]], [[-8.349525, 41.515396], [-8.337534, 41.516129], [-8.32557, 41.514156], [-8.313664, 41.506754], [-8.307681, 41.499853], [-8.303744, 41.481814], [-8.30593, 41.47282], [-8.314117, 41.463863], [-8.326154, 41.457857], [-8.338141, 41.45647], [-8.350103, 41.457576], [-8.362022, 41.463136], [-8.370092, 41.473189], [-8.373823, 41.481261], [-8.374305, 41.491227], [-8.370361, 41.500213], [-8.361559, 41.510339], [-8.349525, 41.515396]]], [[[-8.709953, 41.312962], [-8.721897, 41.313662], [-8.726315, 41.312451], [-8.733863, 41.308924], [-8.739523, 41.303474], [-8.741574, 41.294471], [-8.736841, 41.285453], [-8.722044, 41.278849], [-8.710101, 41.279439], [-8.698133, 41.285332], [-8.693857, 41.294354], [-8.695885, 41.303367], [-8.709953, 41.312962]], [[-8.709982, 41.306272], [-8.705414, 41.303392], [-8.701699, 41.294375], [-8.710076, 41.285137], [-8.722019, 41.284845], [-8.732281, 41.29445], [-8.728327, 41.303448], [-8.721926, 41.306757], [-8.709982, 41.306272]]]]}}, {"id": "14", "type": "Feature", "properties": {"fill": "#a3a3a3", "value_min": 0.67, "value_max": -1.0}, "geometry": {"type": "MultiPolygon", "coordinates": [[[[-8.012452, 41.833637], [-8.000261, 41.821845], [-7.985308, 41.815115], [-7.96127, 41.812516], [-7.937157, 41.81462], [-7.925041, 41.81923], [-7.913457, 41.830063], [-7.904244, 41.847989], [-7.903432, 41.860468], [-7.904318, 41.859795], [-7.907309, 41.865203], [-7.906095, 41.868126], [-7.910299, 41.871285], [-7.910285, 41.875562], [-7.91479, 41.879171], [-7.918706, 41.878873], [-7.90896, 41.866047], [-7.906665, 41.857019], [-7.907104, 41.848016], [-7.915608, 41.830083], [-7.925622, 41.821171], [-7.937132, 41.816133], [-7.949201, 41.814348], [-7.97327, 41.814979], [-7.992578, 41.821778], [-8.003855, 41.830883], [-8.008229, 41.838591], [-8.012452, 41.833637]]], [[[-8.143275, 41.706168], [-8.131258, 41.706011], [-8.129045, 41.714811], [-8.131105, 41.717342], [-8.144308, 41.714925], [-8.143275, 41.706168]]], [[[-8.361325, 41.534203], [-8.373384, 41.526723], [-8.38159, 41.518289], [-8.386205, 41.509306], [-8.388234, 41.491302], [-8.385916, 41.468985], [-8.382171, 41.45524], [-8.374172, 41.444901], [-8.362268, 41.438094], [-8.338379, 41.433105], [-8.314423, 41.434811], [-8.302413, 41.438624], [-8.290552, 41.445704], [-8.282072, 41.454659], [-8.278563, 41.463644], [-8.279612, 41.481666], [-8.290088, 41.508753], [-8.301469, 41.526556], [-8.313368, 41.534741], [-8.325317, 41.538538], [-8.337295, 41.539559], [-8.349298, 41.53805], [-8.361325, 41.534203]], [[-8.373435, 41.521483], [-8.361373, 41.529262], [-8.349346, 41.53333], [-8.337346, 41.53449], [-8.325371, 41.533354], [-8.313429, 41.529056], [-8.301541, 41.519875], [-8.293972, 41.508777], [-8.286276, 41.490715], [-8.282989, 41.472679], [-8.284804, 41.463683], [-8.290264, 41.455018], [-8.302341, 41.445263], [-8.314366, 41.440224], [-8.326358, 41.438088], [-8.338331, 41.437821], [-8.350287, 41.43919], [-8.36222, 41.44292], [-8.374114, 41.450991], [-8.381996, 41.464246], [-8.385746, 41.491289], [-8.382694, 41.509287], [-8.373435, 41.521483]]], [[[-8.745657, 41.34821], [-8.757618, 41.346107], [-8.774891, 41.33958], [-8.788606, 41.330598], [-8.793543, 41.32547], [-8.802252, 41.312607], [-8.804718, 41.303603], [-8.803062, 41.285585], [-8.798344, 41.276569], [-8.789892, 41.267546], [-8.769886, 41.25656], [-8.757962, 41.253247], [-8.734098, 41.251039], [-8.710218, 41.253071], [-8.698269, 41.255686], [-8.686313, 41.259814], [-8.674343, 41.266319], [-8.663576, 41.276254], [-8.658146, 41.285246], [-8.655974, 41.294247], [-8.656877, 41.303258], [-8.661308, 41.312279], [-8.674047, 41.325949], [-8.685954, 41.33468], [-8.697876, 41.340994], [-8.709808, 41.345522], [-8.721751, 41.347909], [-8.745657, 41.34821]], [[-8.757655, 41.336185], [-8.733732, 41.34114], [-8.721781, 41.340773], [-8.697906, 41.334531], [-8.677373, 41.321332], [-8.668969, 41.312301], [-8.664559, 41.30328], [-8.663497, 41.294269], [-8.665493, 41.285268], [-8.671176, 41.276276], [-8.682021, 41.267299], [-8.698249, 41.260151], [-8.710199, 41.257372], [-8.734078, 41.25604], [-8.757934, 41.260658], [-8.772072, 41.267512], [-8.781757, 41.276262], [-8.787731, 41.285558], [-8.789957, 41.29457], [-8.78951, 41.303577], [-8.786336, 41.312579], [-8.779874, 41.321574], [-8.769628, 41.330066], [-8.757655, 41.336185]]]]}}, {"id": "13", "type": "Feature", "properties": {"fill": "#a3a3a3", "value_min": 0.33, "value_max": -0.67}, "geometry": {"type": "MultiPolygon", "coordinates": [[[[-8.020009, 41.831381], [-8.009285, 41.821734], [-7.997345, 41.81526], [-7.985362, 41.811695], [-7.961308, 41.810199], [-7.937182, 41.813107], [-7.92508, 41.816861], [-7.910987, 41.83004], [-7.901383, 41.847962], [-7.899027, 41.86136], [-7.903432, 41.860468], [-7.904244, 41.847989], [-7.913457, 41.830063], [-7.925041, 41.81923], [-7.937157, 41.81462], [-7.96127, 41.812516], [-7.985308, 41.815115], [-8.000261, 41.821845], [-8.012452, 41.833637], [-8.013965, 41.828899], [-8.015166, 41.830476], [-8.020009, 41.831381]]], [[[-8.148148, 41.705947], [-8.143314, 41.703227], [-8.13128, 41.704348], [-8.126141, 41.714788], [-8.131058, 41.72083], [-8.143089, 41.720144], [-8.14923, 41.714962], [-8.148148, 41.705947]], [[-8.143275, 41.706168], [-8.144308, 41.714925], [-8.131105, 41.717342], [-8.129045, 41.714811], [-8.131258, 41.706011], [-8.143275, 41.706168]]], [[[-8.349238, 41.54403], [-8.361264, 41.540354], [-8.37332, 41.533398], [-8.386836, 41.518317], [-8.390469, 41.509329], [-8.391314, 41.500326], [-8.38699, 41.455266], [-8.382966, 41.446237], [-8.37424, 41.437867], [-8.362324, 41.432341], [-8.338429, 41.428124], [-8.314489, 41.428551], [-8.302493, 41.431104], [-8.290466, 41.436434], [-8.278642, 41.44563], [-8.272403, 41.454598], [-8.27032, 41.463592], [-8.271212, 41.472605], [-8.28957, 41.518582], [-8.293953, 41.526791], [-8.301377, 41.535082], [-8.313291, 41.542049], [-8.325251, 41.544827], [-8.337235, 41.545451], [-8.349238, 41.54403]], [[-8.361325, 41.534203], [-8.349298, 41.53805], [-8.337295, 41.539559], [-8.325317, 41.538538], [-8.313368, 41.534741], [-8.301469, 41.526556], [-8.290088, 41.508753], [-8.279612, 41.481666], [-8.278563, 41.463644], [-8.282072, 41.454659], [-8.290552, 41.445704], [-8.302413, 41.438624], [-8.314423, 41.434811], [-8.338379, 41.433105], [-8.362268, 41.438094], [-8.374172, 41.444901], [-8.382171, 41.45524], [-8.385916, 41.468985], [-8.388234, 41.491302], [-8.386205, 41.509306], [-8.38159, 41.518289], [-8.373384, 41.526723], [-8.361325, 41.534203]]], [[[-8.804278, 41.26072], [-8.793766, 41.25454], [-8.781845, 41.249957], [-8.75799, 41.245652], [-8.73412, 41.245685], [-8.69829, 41.251168], [-8.677728, 41.258279], [-8.663615, 41.267246], [-8.65501, 41.276229], [-8.647535, 41.294222], [-8.648024, 41.303231], [-8.651718, 41.31225], [-8.65868, 41.321278], [-8.685916, 41.342726], [-8.709769, 41.354242], [-8.733661, 41.358563], [-8.757576, 41.357511], [-8.781507, 41.351277], [-8.793479, 41.345515], [-8.807224, 41.335511], [-8.804278, 41.26072]], [[-8.745657, 41.34821], [-8.721751, 41.347909], [-8.709808, 41.345522], [-8.697876, 41.340994], [-8.685954, 41.33468], [-8.674047, 41.325949], [-8.661308, 41.312279], [-8.656877, 41.303258], [-8.655974, 41.294247], [-8.658146, 41.285246], [-8.663576, 41.276254], [-8.674343, 41.266319], [-8.686313, 41.259814], [-8.698269, 41.255686], [-8.710218, 41.253071], [-8.734098, 41.251039], [-8.757962, 41.253247], [-8.769886, 41.25656], [-8.789892, 41.267546], [-8.798344, 41.276569], [-8.803062, 41.285585], [-8.804718, 41.303603], [-8.802252, 41.312607], [-8.793543, 41.32547], [-8.788606, 41.330598], [-8.774891, 41.33958], [-8.757618, 41.346107], [-8.745657, 41.34821]]]]}}, {"id": "5", "type": "Feature", "properties": {"fill": "#ea870e", "value_min": -2.33, "value_max": -2.0}, "geometry": {"type": "MultiPolygon", "coordinates": [[[[-7.738823, 41.823788], [-7.768483, 41.82088], [-7.78052, 41.82111], [-7.792498, 41.824427], [-7.816384, 41.838111], [-7.828284, 41.84299], [-7.840285, 41.845385], [-7.852326, 41.845659], [-7.864401, 41.843944], [-7.876526, 41.83942], [-7.888702, 41.831765], [-7.898052, 41.82091], [-7.902349, 41.811944], [-7.903991, 41.802953], [-7.903649, 41.784936], [-7.909599, 41.775986], [-7.913777, 41.773223], [-7.949859, 41.774064], [-7.961955, 41.770072], [-7.9656, 41.767497], [-7.969408, 41.758524], [-7.966314, 41.74949], [-7.949247, 41.731321], [-7.941732, 41.704231], [-7.936568, 41.695177], [-7.927275, 41.68519], [-7.91539, 41.677433], [-7.903459, 41.672541], [-7.888774, 41.67031], [-7.883969, 41.67069], [-7.877044, 41.676077], [-7.876723, 41.681253], [-7.873401, 41.686198], [-7.868896, 41.686413], [-7.868008, 41.68326], [-7.864403, 41.683701], [-7.864096, 41.685276], [-7.858987, 41.68639], [-7.857933, 41.688863], [-7.864961, 41.703498], [-7.861004, 41.712466], [-7.854598, 41.718142], [-7.842554, 41.719361], [-7.819825, 41.712879], [-7.815291, 41.718689], [-7.808986, 41.717996], [-7.808396, 41.715744], [-7.804499, 41.714158], [-7.79939, 41.714593], [-7.79788, 41.716164], [-7.796383, 41.71526], [-7.790966, 41.717044], [-7.789449, 41.719966], [-7.78464, 41.720402], [-7.78252, 41.723546], [-7.776204, 41.724652], [-7.773786, 41.727346], [-7.770798, 41.72441], [-7.765698, 41.723044], [-7.761765, 41.727758], [-7.762933, 41.733839], [-7.759307, 41.737203], [-7.759597, 41.739005], [-7.75689, 41.739446], [-7.758687, 41.740577], [-7.757758, 41.745301], [-7.748417, 41.749321], [-7.747786, 41.754496], [-7.743866, 41.756509], [-7.742949, 41.758953], [-7.760758, 41.76547], [-7.768996, 41.774565], [-7.771364, 41.783597], [-7.767716, 41.792565], [-7.756836, 41.801455], [-7.744706, 41.805314], [-7.732656, 41.805912], [-7.727031, 41.804687], [-7.72995, 41.819031], [-7.732041, 41.821514], [-7.738823, 41.823788]], [[-7.852447, 41.838894], [-7.840455, 41.836013], [-7.828715, 41.82923], [-7.819955, 41.820134], [-7.816163, 41.811088], [-7.814329, 41.802062], [-7.815584, 41.793069], [-7.82522, 41.75714], [-7.831092, 41.748193], [-7.842186, 41.739857], [-7.85432, 41.733787], [-7.866579, 41.720426], [-7.87906, 41.693984], [-7.891195, 41.687154], [-7.90321, 41.6872], [-7.915158, 41.691224], [-7.920378, 41.695026], [-7.928827, 41.704112], [-7.932469, 41.713152], [-7.932616, 41.722161], [-7.925155, 41.740105], [-7.926253, 41.746621], [-7.938323, 41.743987], [-7.95031, 41.746404], [-7.960452, 41.758444], [-7.954626, 41.767398], [-7.949936, 41.769348], [-7.937909, 41.769108], [-7.932086, 41.76719], [-7.923321, 41.758102], [-7.92358, 41.749097], [-7.914206, 41.747813], [-7.902085, 41.753332], [-7.897559, 41.757857], [-7.887533, 41.775774], [-7.890077, 41.784806], [-7.898979, 41.802905], [-7.898902, 41.811911], [-7.894921, 41.82088], [-7.888767, 41.828032], [-7.87659, 41.835729], [-7.864494, 41.838682], [-7.852447, 41.838894]]], [[[-8.237324, 41.697566], [-8.236127, 41.688551], [-8.227724, 41.68001], [-8.215761, 41.675757], [-8.203736, 41.67671], [-8.191624, 41.684486], [-8.18897, 41.688228], [-8.187829, 41.697227], [-8.191385, 41.70359], [-8.203298, 41.71222], [-8.215302, 41.713589], [-8.227367, 41.7099], [-8.232265, 41.70654], [-8.237324, 41.697566]], [[-8.203358, 41.707304], [-8.193909, 41.69727], [-8.196922, 41.688284], [-8.203653, 41.683447], [-8.215673, 41.683059], [-8.224876, 41.688476], [-8.227736, 41.697502], [-8.219287, 41.706452], [-8.215369, 41.708036], [-8.203358, 41.707304]]], [[[-8.119472, 41.688869], [-8.10471, 41.69661], [-8.107272, 41.7022], [-8.119249, 41.70521], [-8.126456, 41.696777], [-8.119472, 41.688869]], [[-8.109394, 41.696646], [-8.119434, 41.691644], [-8.123951, 41.696758], [-8.11929, 41.702211], [-8.109394, 41.696646]]], [[[-8.54744, 41.614831], [-8.558294, 41.609176], [-8.564651, 41.60324], [-8.571234, 41.591211], [-8.572022, 41.582206], [-8.570049, 41.573192], [-8.565096, 41.564166], [-8.553007, 41.551513], [-8.541062, 41.545155], [-8.529094, 41.542151], [-8.517103, 41.542339], [-8.505088, 41.545812], [-8.489473, 41.554848], [-8.474675, 41.572796], [-8.472471, 41.581793], [-8.47379, 41.590806], [-8.479569, 41.59984], [-8.489923, 41.608893], [-8.504551, 41.616084], [-8.516535, 41.618559], [-8.528534, 41.619115], [-8.542245, 41.616733], [-8.543431, 41.61462], [-8.54744, 41.614831]], [[-8.52861, 41.608653], [-8.51661, 41.608528], [-8.504629, 41.605809], [-8.494319, 41.599905], [-8.485138, 41.590857], [-8.482093, 41.581836], [-8.483092, 41.572834], [-8.48821, 41.563849], [-8.505045, 41.551459], [-8.517058, 41.548391], [-8.529047, 41.548553], [-8.541012, 41.552162], [-8.555758, 41.56413], [-8.560384, 41.573155], [-8.561266, 41.582166], [-8.558551, 41.591163], [-8.552684, 41.598366], [-8.540631, 41.60598], [-8.52861, 41.608653]]], [[[-8.084508, 41.612331], [-8.081816, 41.615365], [-8.084425, 41.618173], [-8.096038, 41.615478], [-8.084508, 41.612331]]], [[[-8.445645, 41.486452], [-8.447945, 41.482597], [-8.444953, 41.473575], [-8.433835, 41.467103], [-8.421856, 41.467568], [-8.413632, 41.473419], [-8.409491, 41.482406], [-8.415493, 41.491444], [-8.421606, 41.495646], [-8.433584, 41.495965], [-8.442089, 41.491576], [-8.445645, 41.486452]], [[-8.421651, 41.490565], [-8.415481, 41.482436], [-8.42069, 41.473455], [-8.433782, 41.473162], [-8.439655, 41.482557], [-8.433639, 41.489592], [-8.421651, 41.490565]]], [[[-8.486187, 41.238014], [-8.495649, 41.248618], [-8.507275, 41.256882], [-8.519171, 41.26246], [-8.531085, 41.26577], [-8.543012, 41.26733], [-8.566901, 41.265598], [-8.578862, 41.26212], [-8.590837, 41.256219], [-8.600727, 41.24903], [-8.609382, 41.240052], [-8.618493, 41.222067], [-8.619929, 41.213064], [-8.619436, 41.204054], [-8.612874, 41.186016], [-8.603273, 41.173527], [-8.59363, 41.165907], [-8.589174, 41.167645], [-8.589194, 41.170572], [-8.585925, 41.17171], [-8.58209, 41.177175], [-8.591295, 41.182671], [-8.602438, 41.194989], [-8.606936, 41.204012], [-8.60886, 41.213026], [-8.608403, 41.222033], [-8.60536, 41.23103], [-8.599277, 41.240017], [-8.59089, 41.247632], [-8.578912, 41.254371], [-8.566951, 41.258007], [-8.555004, 41.259516], [-8.543071, 41.258931], [-8.531153, 41.256272], [-8.515191, 41.248702], [-8.504792, 41.239649], [-8.498749, 41.230616], [-8.496029, 41.222226], [-8.487935, 41.230354], [-8.490333, 41.232598], [-8.489156, 41.235528], [-8.485886, 41.237496], [-8.485926, 41.237564], [-8.486187, 41.238014]]]]}}, {"id": "4", "type": "Feature", "properties": {"fill": "#d75e13", "value_min": -2.67, "value_max": -2.33}, "geometry": {"type": "MultiPolygon", "coordinates": [[[[-7.852447, 41.838894], [-7.864494, 41.838682], [-7.87659, 41.835729], [-7.888767, 41.828032], [-7.894921, 41.82088], [-7.898902, 41.811911], [-7.898979, 41.802905], [-7.890077, 41.784806], [-7.887533, 41.775774], [-7.897559, 41.757857], [-7.902085, 41.753332], [-7.914206, 41.747813], [-7.92358, 41.749097], [-7.923321, 41.758102], [-7.932086, 41.76719], [-7.937909, 41.769108], [-7.949936, 41.769348], [-7.954626, 41.767398], [-7.960452, 41.758444], [-7.95031, 41.746404], [-7.938323, 41.743987], [-7.926253, 41.746621], [-7.925155, 41.740105], [-7.932616, 41.722161], [-7.932469, 41.713152], [-7.928827, 41.704112], [-7.920378, 41.695026], [-7.915158, 41.691224], [-7.90321, 41.6872], [-7.891195, 41.687154], [-7.87906, 41.693984], [-7.866579, 41.720426], [-7.85432, 41.733787], [-7.842186, 41.739857], [-7.831092, 41.748193], [-7.82522, 41.75714], [-7.815584, 41.793069], [-7.814329, 41.802062], [-7.816163, 41.811088], [-7.819955, 41.820134], [-7.828715, 41.82923], [-7.840455, 41.836013], [-7.852447, 41.838894]], [[-7.864566, 41.834631], [-7.852548, 41.833196], [-7.843758, 41.829383], [-7.833895, 41.820276], [-7.831102, 41.811241], [-7.832501, 41.802249], [-7.841253, 41.791724], [-7.853397, 41.78564], [-7.865447, 41.784756], [-7.877449, 41.786582], [-7.889339, 41.794902], [-7.894586, 41.802863], [-7.895648, 41.81188], [-7.888832, 41.824287], [-7.876652, 41.832222], [-7.864566, 41.834631]], [[-7.938325, 41.758241], [-7.950134, 41.757227], [-7.95107, 41.758358], [-7.950093, 41.759699], [-7.938325, 41.758241]], [[-7.854858, 41.75744], [-7.866007, 41.752924], [-7.871549, 41.757605], [-7.865777, 41.76598], [-7.854858, 41.75744]], [[-7.902349, 41.737827], [-7.890313, 41.738445], [-7.87837, 41.733714], [-7.87322, 41.721594], [-7.878833, 41.707099], [-7.891027, 41.696922], [-7.903054, 41.696372], [-7.914983, 41.701632], [-7.922857, 41.713063], [-7.922356, 41.722065], [-7.915644, 41.731009], [-7.902349, 41.737827]]], [[[-7.727031, 41.804687], [-7.732656, 41.805912], [-7.744706, 41.805314], [-7.756836, 41.801455], [-7.767716, 41.792565], [-7.771364, 41.783597], [-7.768996, 41.774565], [-7.760758, 41.76547], [-7.742949, 41.758953], [-7.740214, 41.763924], [-7.726937, 41.771755], [-7.7254, 41.777152], [-7.727191, 41.779184], [-7.724177, 41.780299], [-7.725372, 41.781653], [-7.722296, 41.792446], [-7.728879, 41.797871], [-7.727031, 41.804687]]], [[[-8.203358, 41.707304], [-8.215369, 41.708036], [-8.219287, 41.706452], [-8.227736, 41.697502], [-8.224876, 41.688476], [-8.215673, 41.683059], [-8.203653, 41.683447], [-8.196922, 41.688284], [-8.193909, 41.69727], [-8.203358, 41.707304]], [[-8.203445, 41.700296], [-8.200778, 41.697318], [-8.203553, 41.691544], [-8.215563, 41.692101], [-8.2184, 41.697439], [-8.215465, 41.700163], [-8.203445, 41.700296]]], [[[-8.109394, 41.696646], [-8.11929, 41.702211], [-8.123951, 41.696758], [-8.119434, 41.691644], [-8.109394, 41.696646]], [[-8.114842, 41.696688], [-8.119397, 41.69442], [-8.121445, 41.696739], [-8.119331, 41.699212], [-8.114842, 41.696688]]], [[[-8.52861, 41.608653], [-8.540631, 41.60598], [-8.552684, 41.598366], [-8.558551, 41.591163], [-8.561266, 41.582166], [-8.560384, 41.573155], [-8.555758, 41.56413], [-8.541012, 41.552162], [-8.529047, 41.548553], [-8.517058, 41.548391], [-8.505045, 41.551459], [-8.48821, 41.563849], [-8.483092, 41.572834], [-8.482093, 41.581836], [-8.485138, 41.590857], [-8.494319, 41.599905], [-8.504629, 41.605809], [-8.51661, 41.608528], [-8.52861, 41.608653]], [[-8.516662, 41.601492], [-8.504687, 41.598216], [-8.494409, 41.590899], [-8.488953, 41.581867], [-8.489254, 41.572861], [-8.495036, 41.563879], [-8.505005, 41.556671], [-8.517023, 41.55317], [-8.529009, 41.553789], [-8.540965, 41.558855], [-8.547302, 41.564097], [-8.552048, 41.573123], [-8.552181, 41.582131], [-8.547496, 41.59112], [-8.540697, 41.596678], [-8.528666, 41.601084], [-8.516662, 41.601492]]], [[[-8.421651, 41.490565], [-8.433639, 41.489592], [-8.439655, 41.482557], [-8.433782, 41.473162], [-8.42069, 41.473455], [-8.415481, 41.482436], [-8.421651, 41.490565]], [[-8.421708, 41.482468], [-8.421723, 41.48244], [-8.421845, 41.482468], [-8.421723, 41.482489], [-8.421708, 41.482468]]], [[[-8.496029, 41.222226], [-8.498749, 41.230616], [-8.504792, 41.239649], [-8.515191, 41.248702], [-8.531153, 41.256272], [-8.543071, 41.258931], [-8.555004, 41.259516], [-8.566951, 41.258007], [-8.578912, 41.254371], [-8.59089, 41.247632], [-8.599277, 41.240017], [-8.60536, 41.23103], [-8.608403, 41.222033], [-8.60886, 41.213026], [-8.606936, 41.204012], [-8.602438, 41.194989], [-8.591295, 41.182671], [-8.58209, 41.177175], [-8.578825, 41.178941], [-8.581282, 41.189798], [-8.591201, 41.197682], [-8.595715, 41.203973], [-8.599041, 41.212993], [-8.599231, 41.222001], [-8.596208, 41.230999], [-8.58905, 41.239981], [-8.57896, 41.246802], [-8.566998, 41.251019], [-8.555053, 41.2523], [-8.543126, 41.251072], [-8.531219, 41.247006], [-8.520137, 41.239714], [-8.5129, 41.230676], [-8.50981, 41.221655], [-8.509851, 41.212648], [-8.513713, 41.20281], [-8.51163, 41.203042], [-8.510456, 41.206197], [-8.505693, 41.207113], [-8.504239, 41.213646], [-8.500076, 41.21546], [-8.50308, 41.219502], [-8.502204, 41.222656], [-8.496029, 41.222226]]], [[[-8.513715, 41.202807], [-8.513715, 41.202807], [-8.513891, 41.202584], [-8.513715, 41.202807]]]]}}, {"id": "6", "type": "Feature", "properties": {"fill": "#e79f24", "value_min": -2.0, "value_max": -1.67}, "geometry": {"type": "MultiPolygon", "coordinates": [[[[-7.725333, 41.883134], [-7.743162, 41.884214], [-7.760696, 41.882556], [-7.803551, 41.864998], [-7.852174, 41.854131], [-7.873063, 41.845526], [-7.873968, 41.845162], [-7.888638, 41.835486], [-7.900925, 41.821273], [-7.913453, 41.792455], [-7.92191, 41.785109], [-7.925639, 41.783424], [-7.949742, 41.781227], [-7.96182, 41.778475], [-7.977242, 41.767601], [-7.979769, 41.758617], [-7.977206, 41.749587], [-7.966853, 41.731481], [-7.958078, 41.704381], [-7.949346, 41.686287], [-7.93949, 41.673022], [-7.927669, 41.661466], [-7.915806, 41.652618], [-7.900574, 41.644266], [-7.897869, 41.645511], [-7.89696, 41.647985], [-7.892759, 41.647976], [-7.892147, 41.651126], [-7.901724, 41.658573], [-7.902017, 41.660599], [-7.899913, 41.66127], [-7.900198, 41.665547], [-7.898396, 41.665769], [-7.896885, 41.668692], [-7.888774, 41.67031], [-7.903459, 41.672541], [-7.91539, 41.677433], [-7.927275, 41.68519], [-7.936568, 41.695177], [-7.941732, 41.704231], [-7.949247, 41.731321], [-7.966314, 41.74949], [-7.969408, 41.758524], [-7.9656, 41.767497], [-7.961955, 41.770072], [-7.949859, 41.774064], [-7.913777, 41.773223], [-7.909599, 41.775986], [-7.903649, 41.784936], [-7.903991, 41.802953], [-7.902349, 41.811944], [-7.898052, 41.82091], [-7.888702, 41.831765], [-7.876526, 41.83942], [-7.864401, 41.843944], [-7.852326, 41.845659], [-7.840285, 41.845385], [-7.828284, 41.84299], [-7.816384, 41.838111], [-7.792498, 41.824427], [-7.78052, 41.82111], [-7.768483, 41.82088], [-7.738823, 41.823788], [-7.74345, 41.825605], [-7.738918, 41.82874], [-7.742196, 41.833928], [-7.74729, 41.837772], [-7.746349, 41.84407], [-7.750246, 41.846784], [-7.750532, 41.849261], [-7.743309, 41.849012], [-7.746901, 41.8524], [-7.746881, 41.855776], [-7.73843, 41.859348], [-7.734159, 41.868337], [-7.730228, 41.871024], [-7.729293, 41.875972], [-7.720533, 41.880218], [-7.720523, 41.881793], [-7.725333, 41.883134]]], [[[-7.819825, 41.712879], [-7.842554, 41.719361], [-7.854598, 41.718142], [-7.861004, 41.712466], [-7.864961, 41.703498], [-7.857933, 41.688863], [-7.854776, 41.68818], [-7.847538, 41.695365], [-7.837309, 41.699391], [-7.835792, 41.702763], [-7.839682, 41.705924], [-7.838465, 41.709522], [-7.832453, 41.710407], [-7.825252, 41.708813], [-7.819825, 41.712879]]], [[[-8.239353, 41.712782], [-8.246163, 41.706632], [-8.249946, 41.697649], [-8.249683, 41.68864], [-8.24497, 41.679603], [-8.239798, 41.674961], [-8.227858, 41.668804], [-8.215871, 41.666733], [-8.203839, 41.668322], [-8.191757, 41.673891], [-8.186324, 41.679202], [-8.181997, 41.688179], [-8.182186, 41.697187], [-8.186588, 41.706225], [-8.191292, 41.711023], [-8.20323, 41.717724], [-8.215222, 41.720165], [-8.227259, 41.718881], [-8.239353, 41.712782]], [[-8.237324, 41.697566], [-8.232265, 41.70654], [-8.227367, 41.7099], [-8.215302, 41.713589], [-8.203298, 41.71222], [-8.191385, 41.70359], [-8.187829, 41.697227], [-8.18897, 41.688228], [-8.191624, 41.684486], [-8.203736, 41.67671], [-8.215761, 41.675757], [-8.227724, 41.68001], [-8.236127, 41.688551], [-8.237324, 41.697566]]], [[[-8.128961, 41.696796], [-8.124875, 41.687758], [-8.119527, 41.684866], [-8.107439, 41.6901], [-8.100485, 41.696577], [-8.103026, 41.705603], [-8.107191, 41.70803], [-8.119219, 41.707418], [-8.128961, 41.696796]], [[-8.119472, 41.688869], [-8.126456, 41.696777], [-8.119249, 41.70521], [-8.107272, 41.7022], [-8.10471, 41.69661], [-8.119472, 41.688869]]], [[[-8.578618, 41.615614], [-8.583509, 41.60927], [-8.586729, 41.600275], [-8.585791, 41.582257], [-8.576419, 41.564208], [-8.565003, 41.550811], [-8.553078, 41.541313], [-8.541126, 41.535999], [-8.529158, 41.533312], [-8.517168, 41.53357], [-8.493129, 41.541807], [-8.481057, 41.552142], [-8.462078, 41.572737], [-8.452509, 41.599714], [-8.432574, 41.611532], [-8.426651, 41.617602], [-8.423961, 41.626596], [-8.428304, 41.635625], [-8.432335, 41.638825], [-8.444305, 41.643107], [-8.456318, 41.64246], [-8.480415, 41.63236], [-8.49242, 41.63238], [-8.51641, 41.635314], [-8.542956, 41.634177], [-8.535132, 41.630406], [-8.542245, 41.616733], [-8.528534, 41.619115], [-8.516535, 41.618559], [-8.504551, 41.616084], [-8.489923, 41.608893], [-8.479569, 41.59984], [-8.47379, 41.590806], [-8.472471, 41.581793], [-8.474675, 41.572796], [-8.489473, 41.554848], [-8.505088, 41.545812], [-8.517103, 41.542339], [-8.529094, 41.542151], [-8.541062, 41.545155], [-8.553007, 41.551513], [-8.565096, 41.564166], [-8.570049, 41.573192], [-8.572022, 41.582206], [-8.571234, 41.591211], [-8.564651, 41.60324], [-8.558294, 41.609176], [-8.54744, 41.614831], [-8.554533, 41.615255], [-8.557244, 41.617046], [-8.562639, 41.61635], [-8.567756, 41.619032], [-8.571333, 41.615867], [-8.576721, 41.614271], [-8.578618, 41.615614]]], [[[-8.543555, 41.634049], [-8.543555, 41.634049], [-8.543855, 41.633985], [-8.543555, 41.634049]]], [[[-8.106966, 41.615563], [-8.105469, 41.606545], [-8.096697, 41.598902], [-8.08472, 41.597358], [-8.07266, 41.601566], [-8.067847, 41.606246], [-8.065643, 41.615235], [-8.071299, 41.624288], [-8.084263, 41.629655], [-8.096292, 41.627927], [-8.100851, 41.624523], [-8.106966, 41.615563]], [[-8.084508, 41.612331], [-8.096038, 41.615478], [-8.084425, 41.618173], [-8.081816, 41.615365], [-8.084508, 41.612331]]], [[[-8.097774, 41.537494], [-8.109533, 41.538067], [-8.115244, 41.534563], [-8.11839, 41.525579], [-8.109801, 41.518529], [-8.097809, 41.518994], [-8.093289, 41.522748], [-8.091634, 41.530272], [-8.09218, 41.532073], [-8.092385, 41.532748], [-8.092385, 41.532749], [-8.095978, 41.534325], [-8.097774, 41.537494]]], [[[-8.445546, 41.49814], [-8.453696, 41.491632], [-8.457074, 41.48264], [-8.455651, 41.473626], [-8.445835, 41.464255], [-8.433891, 41.460656], [-8.421904, 41.462139], [-8.409854, 41.470472], [-8.40814, 41.473391], [-8.406264, 41.482389], [-8.409655, 41.492344], [-8.421564, 41.500346], [-8.433531, 41.502009], [-8.445546, 41.49814]], [[-8.445645, 41.486452], [-8.442089, 41.491576], [-8.433584, 41.495965], [-8.421606, 41.495646], [-8.415493, 41.491444], [-8.409491, 41.482406], [-8.413632, 41.473419], [-8.421856, 41.467568], [-8.433835, 41.467103], [-8.444953, 41.473575], [-8.447945, 41.482597], [-8.445645, 41.486452]]], [[[-8.382445, 41.374174], [-8.38003, 41.365153], [-8.374981, 41.360535], [-8.363059, 41.357052], [-8.351076, 41.359876], [-8.345227, 41.36496], [-8.342561, 41.373953], [-8.348132, 41.382992], [-8.362765, 41.387193], [-8.376816, 41.383151], [-8.382445, 41.374174]]], [[[-8.468281, 41.24527], [-8.483383, 41.259185], [-8.507165, 41.271491], [-8.51908, 41.274785], [-8.542943, 41.27728], [-8.566844, 41.274319], [-8.590781, 41.265082], [-8.612125, 41.249069], [-8.620225, 41.240088], [-8.631631, 41.222109], [-8.640033, 41.196056], [-8.634946, 41.193341], [-8.632526, 41.188624], [-8.625658, 41.186628], [-8.621132, 41.178994], [-8.613374, 41.177451], [-8.608583, 41.174095], [-8.609164, 41.172066], [-8.604942, 41.164881], [-8.600767, 41.164222], [-8.59363, 41.165907], [-8.603273, 41.173527], [-8.612874, 41.186016], [-8.619436, 41.204054], [-8.619929, 41.213064], [-8.618493, 41.222067], [-8.609382, 41.240052], [-8.600727, 41.24903], [-8.590837, 41.256219], [-8.578862, 41.26212], [-8.566901, 41.265598], [-8.543012, 41.26733], [-8.531085, 41.26577], [-8.519171, 41.26246], [-8.507275, 41.256882], [-8.495649, 41.248618], [-8.486187, 41.238014], [-8.484411, 41.240495], [-8.476644, 41.237817], [-8.475756, 41.23917], [-8.471283, 41.239184], [-8.471604, 41.243459], [-8.468281, 41.24527]]], [[[-8.485926, 41.237564], [-8.485926, 41.237564], [-8.485886, 41.237496], [-8.485926, 41.237564]]], [[[-8.709266, 41.195308], [-8.704452, 41.186288], [-8.698609, 41.181821], [-8.686697, 41.179416], [-8.674761, 41.182144], [-8.668225, 41.186189], [-8.664804, 41.195187], [-8.669666, 41.204209], [-8.686549, 41.210464], [-8.698487, 41.208447], [-8.705138, 41.204305], [-8.709266, 41.195308]]]]}}, {"id": "3", "type": "Feature", "properties": {"fill": "#c33119", "value_min": -3.0, "value_max": -2.67}, "geometry": {"type": "MultiPolygon", "coordinates": [[[[-7.864566, 41.834631], [-7.876652, 41.832222], [-7.888832, 41.824287], [-7.895648, 41.81188], [-7.894586, 41.802863], [-7.889339, 41.794902], [-7.877449, 41.786582], [-7.865447, 41.784756], [-7.853397, 41.78564], [-7.841253, 41.791724], [-7.832501, 41.802249], [-7.831102, 41.811241], [-7.833895, 41.820276], [-7.843758, 41.829383], [-7.852548, 41.833196], [-7.864566, 41.834631]], [[-7.859532, 41.82954], [-7.852651, 41.827435], [-7.843637, 41.820375], [-7.840969, 41.811341], [-7.843668, 41.802361], [-7.853232, 41.794906], [-7.865328, 41.791464], [-7.877332, 41.793297], [-7.890192, 41.80282], [-7.892395, 41.811848], [-7.888902, 41.820212], [-7.876712, 41.828773], [-7.864637, 41.830601], [-7.859532, 41.82954]]], [[[-7.938325, 41.758241], [-7.950093, 41.759699], [-7.95107, 41.758358], [-7.950134, 41.757227], [-7.938325, 41.758241]]], [[[-7.854858, 41.75744], [-7.865777, 41.76598], [-7.871549, 41.757605], [-7.866007, 41.752924], [-7.854858, 41.75744]]], [[[-7.902349, 41.737827], [-7.915644, 41.731009], [-7.922356, 41.722065], [-7.922857, 41.713063], [-7.914983, 41.701632], [-7.903054, 41.696372], [-7.891027, 41.696922], [-7.878833, 41.707099], [-7.87322, 41.721594], [-7.87837, 41.733714], [-7.890313, 41.738445], [-7.902349, 41.737827]], [[-7.890452, 41.730354], [-7.880509, 41.721665], [-7.88168, 41.712669], [-7.890907, 41.703917], [-7.902937, 41.70328], [-7.914565, 41.712985], [-7.913728, 41.721984], [-7.902478, 41.730257], [-7.890452, 41.730354]]], [[[-8.203445, 41.700296], [-8.215465, 41.700163], [-8.2184, 41.697439], [-8.215563, 41.692101], [-8.203553, 41.691544], [-8.200778, 41.697318], [-8.203445, 41.700296]]], [[[-8.114842, 41.696688], [-8.119331, 41.699212], [-8.121445, 41.696739], [-8.119397, 41.69442], [-8.114842, 41.696688]]], [[[-8.516662, 41.601492], [-8.528666, 41.601084], [-8.540697, 41.596678], [-8.547496, 41.59112], [-8.552181, 41.582131], [-8.552048, 41.573123], [-8.547302, 41.564097], [-8.540965, 41.558855], [-8.529009, 41.553789], [-8.517023, 41.55317], [-8.505005, 41.556671], [-8.495036, 41.563879], [-8.489254, 41.572861], [-8.488953, 41.581867], [-8.494409, 41.590899], [-8.504687, 41.598216], [-8.516662, 41.601492]], [[-8.516705, 41.59576], [-8.503342, 41.590937], [-8.495504, 41.581896], [-8.495067, 41.572887], [-8.50497, 41.561245], [-8.516991, 41.557449], [-8.528974, 41.558592], [-8.539083, 41.564064], [-8.54508, 41.573096], [-8.544471, 41.582101], [-8.536282, 41.591075], [-8.528712, 41.594761], [-8.516705, 41.59576]]], [[[-8.421708, 41.482468], [-8.421723, 41.482489], [-8.421845, 41.482468], [-8.421723, 41.48244], [-8.421708, 41.482468]]], [[[-8.513713, 41.20281], [-8.509851, 41.212648], [-8.50981, 41.221655], [-8.5129, 41.230676], [-8.520137, 41.239714], [-8.531219, 41.247006], [-8.543126, 41.251072], [-8.555053, 41.2523], [-8.566998, 41.251019], [-8.57896, 41.246802], [-8.58905, 41.239981], [-8.596208, 41.230999], [-8.599231, 41.222001], [-8.599041, 41.212993], [-8.595715, 41.203973], [-8.591201, 41.197682], [-8.581282, 41.189798], [-8.579522, 41.193795], [-8.575958, 41.195609], [-8.576873, 41.198807], [-8.583611, 41.20393], [-8.589304, 41.212958], [-8.590269, 41.22197], [-8.586595, 41.230964], [-8.579013, 41.238567], [-8.567045, 41.243781], [-8.555103, 41.244998], [-8.543183, 41.24289], [-8.531297, 41.236122], [-8.526106, 41.230731], [-8.522593, 41.221709], [-8.523425, 41.212705], [-8.528035, 41.205133], [-8.523236, 41.200077], [-8.513891, 41.202584], [-8.513715, 41.202807], [-8.513713, 41.20281]]]]}}, {"id": "2", "type": "Feature", "properties": {"fill": "#ae1c1c", "value_min": -3.33, "value_max": -3.0}, "geometry": {"type": "MultiPolygon", "coordinates": [[[[-7.859532, 41.82954], [-7.864637, 41.830601], [-7.876712, 41.828773], [-7.888902, 41.820212], [-7.892395, 41.811848], [-7.890192, 41.80282], [-7.877332, 41.793297], [-7.865328, 41.791464], [-7.853232, 41.794906], [-7.843668, 41.802361], [-7.840969, 41.811341], [-7.843637, 41.820375], [-7.852651, 41.827435], [-7.859532, 41.82954]], [[-7.864707, 41.826678], [-7.851532, 41.820454], [-7.847676, 41.811409], [-7.853108, 41.801845], [-7.86524, 41.79647], [-7.87726, 41.79738], [-7.884826, 41.802768], [-7.889043, 41.812051], [-7.883749, 41.820772], [-7.87677, 41.825467], [-7.864707, 41.826678]]], [[[-7.890452, 41.730354], [-7.902478, 41.730257], [-7.913728, 41.721984], [-7.914565, 41.712985], [-7.902937, 41.70328], [-7.890907, 41.703917], [-7.88168, 41.712669], [-7.880509, 41.721665], [-7.890452, 41.730354]], [[-7.89056, 41.724064], [-7.887897, 41.721737], [-7.888027, 41.712731], [-7.890801, 41.7101], [-7.902818, 41.710244], [-7.906004, 41.712903], [-7.905167, 41.721902], [-7.902588, 41.723799], [-7.89056, 41.724064]]], [[[-8.516705, 41.59576], [-8.528712, 41.594761], [-8.536282, 41.591075], [-8.544471, 41.582101], [-8.54508, 41.573096], [-8.539083, 41.564064], [-8.528974, 41.558592], [-8.516991, 41.557449], [-8.50497, 41.561245], [-8.495067, 41.572887], [-8.495504, 41.581896], [-8.503342, 41.590937], [-8.516705, 41.59576]], [[-8.516745, 41.590369], [-8.504786, 41.585344], [-8.501656, 41.581923], [-8.500377, 41.57291], [-8.504927, 41.56688], [-8.516961, 41.561426], [-8.530356, 41.564029], [-8.538104, 41.573068], [-8.536569, 41.582069], [-8.528758, 41.588429], [-8.516745, 41.590369]]], [[[-8.528035, 41.205133], [-8.523425, 41.212705], [-8.522593, 41.221709], [-8.526106, 41.230731], [-8.531297, 41.236122], [-8.543183, 41.24289], [-8.555103, 41.244998], [-8.567045, 41.243781], [-8.579013, 41.238567], [-8.586595, 41.230964], [-8.590269, 41.22197], [-8.589304, 41.212958], [-8.583611, 41.20393], [-8.576873, 41.198807], [-8.576894, 41.201908], [-8.574515, 41.202593], [-8.57423, 41.20462], [-8.567516, 41.205096], [-8.577769, 41.212917], [-8.580066, 41.221933], [-8.574466, 41.23092], [-8.567102, 41.23524], [-8.555159, 41.236663], [-8.540724, 41.230791], [-8.535958, 41.221764], [-8.539015, 41.211953], [-8.532257, 41.213102], [-8.528035, 41.205133]]], [[[-8.539105, 41.211865], [-8.539105, 41.211865], [-8.539949, 41.211049], [-8.539105, 41.211865]]]]}}, {"id": "1", "type": "Feature", "properties": {"fill": "#9c1c1c", "value_min": -3.67, "value_max": -3.33}, "geometry": {"type": "MultiPolygon", "coordinates": [[[[-7.864707, 41.826678], [-7.87677, 41.825467], [-7.883749, 41.820772], [-7.889043, 41.812051], [-7.884826, 41.802768], [-7.87726, 41.79738], [-7.86524, 41.79647], [-7.853108, 41.801845], [-7.847676, 41.811409], [-7.851532, 41.820454], [-7.864707, 41.826678]], [[-7.864775, 41.822791], [-7.85997, 41.820538], [-7.855072, 41.811482], [-7.861186, 41.802536], [-7.865165, 41.800695], [-7.877192, 41.8013], [-7.883117, 41.811759], [-7.878963, 41.820725], [-7.876827, 41.822162], [-7.864775, 41.822791]]], [[[-7.89056, 41.724064], [-7.902588, 41.723799], [-7.905167, 41.721902], [-7.906004, 41.712903], [-7.902818, 41.710244], [-7.890801, 41.7101], [-7.888027, 41.712731], [-7.887897, 41.721737], [-7.89056, 41.724064]]], [[[-8.516745, 41.590369], [-8.528758, 41.588429], [-8.536569, 41.582069], [-8.538104, 41.573068], [-8.530356, 41.564029], [-8.516961, 41.561426], [-8.504927, 41.56688], [-8.500377, 41.57291], [-8.501656, 41.581923], [-8.504786, 41.585344], [-8.516745, 41.590369]], [[-8.510524, 41.581961], [-8.506463, 41.572936], [-8.516924, 41.566357], [-8.528888, 41.570535], [-8.531112, 41.57304], [-8.528004, 41.582034], [-8.516786, 41.584911], [-8.510524, 41.581961]]], [[[-8.539015, 41.211953], [-8.535958, 41.221764], [-8.540724, 41.230791], [-8.555159, 41.236663], [-8.567102, 41.23524], [-8.574466, 41.23092], [-8.580066, 41.221933], [-8.577769, 41.212917], [-8.567516, 41.205096], [-8.565895, 41.206227], [-8.567697, 41.208246], [-8.566512, 41.209376], [-8.559636, 41.206251], [-8.554271, 41.20627], [-8.549521, 41.209214], [-8.539949, 41.211049], [-8.539105, 41.211865], [-8.539015, 41.211953]]]]}}, {"id": "8", "type": "Feature", "properties": {"fill": "#b1a288", "value_min": -1.33, "value_max": -1.0}, "geometry": {"type": "MultiPolygon", "coordinates": [[[[-7.879656, 41.852957], [-7.888484, 41.844394], [-7.913107, 41.812877], [-7.925291, 41.804229], [-7.949404, 41.801969], [-7.971932, 41.794574], [-8.021013, 41.776989], [-8.033949, 41.768092], [-8.038906, 41.759127], [-8.03768, 41.750109], [-8.012, 41.713864], [-8.008892, 41.70483], [-8.007255, 41.686802], [-7.998883, 41.659708], [-8.001947, 41.650728], [-8.012032, 41.642772], [-8.024071, 41.640635], [-8.036043, 41.643047], [-8.059919, 41.652595], [-8.107968, 41.651827], [-8.115439, 41.633643], [-8.120317, 41.626842], [-8.13244, 41.617974], [-8.144476, 41.615526], [-8.156459, 41.617032], [-8.167281, 41.625023], [-8.168702, 41.634041], [-8.165361, 41.643024], [-8.155995, 41.652547], [-8.143904, 41.658736], [-8.119835, 41.66223], [-8.109988, 41.678636], [-8.095402, 41.691601], [-8.087285, 41.696472], [-8.086067, 41.70547], [-8.09113, 41.714517], [-8.095035, 41.717783], [-8.10706, 41.717534], [-8.109029, 41.714657], [-8.119163, 41.711504], [-8.131361, 41.698361], [-8.135991, 41.696849], [-8.143539, 41.686292], [-8.155594, 41.683242], [-8.167455, 41.695273], [-8.179199, 41.716718], [-8.210325, 41.742419], [-8.216948, 41.751471], [-8.226608, 41.773159], [-8.237286, 41.791591], [-8.240744, 41.791588], [-8.24074, 41.789338], [-8.244347, 41.787984], [-8.245546, 41.785731], [-8.251257, 41.784375], [-8.251845, 41.777172], [-8.257551, 41.773564], [-8.261762, 41.774235], [-8.271366, 41.766346], [-8.280681, 41.764083], [-8.284038, 41.761109], [-8.284931, 41.757507], [-8.287033, 41.756829], [-8.298457, 41.757263], [-8.300866, 41.758835], [-8.305674, 41.758152], [-8.311096, 41.762195], [-8.318308, 41.761283], [-8.325233, 41.765098], [-8.328234, 41.763292], [-8.334596, 41.763506], [-8.334503, 41.752212], [-8.328403, 41.716149], [-8.332183, 41.698157], [-8.339429, 41.689191], [-8.347819, 41.685074], [-8.383884, 41.68315], [-8.394503, 41.680488], [-8.407996, 41.674247], [-8.420025, 41.672516], [-8.44403, 41.675085], [-8.478422, 41.684593], [-8.482012, 41.682123], [-8.484371, 41.674238], [-8.49308, 41.674886], [-8.499963, 41.671038], [-8.50927, 41.671233], [-8.51018, 41.672806], [-8.511967, 41.670324], [-8.509856, 41.668755], [-8.515528, 41.663399], [-8.444171, 41.658636], [-8.432189, 41.655455], [-8.42023, 41.649711], [-8.412972, 41.644555], [-8.404577, 41.635504], [-8.400682, 41.626477], [-8.400843, 41.617471], [-8.404557, 41.608483], [-8.445011, 41.560733], [-8.457055, 41.55457], [-8.465637, 41.545732], [-8.468074, 41.536736], [-8.465284, 41.527716], [-8.457368, 41.517154], [-8.421503, 41.507206], [-8.409602, 41.498191], [-8.405534, 41.491393], [-8.403036, 41.482372], [-8.404477, 41.473372], [-8.409912, 41.464072], [-8.421957, 41.456174], [-8.433956, 41.453207], [-8.44592, 41.454191], [-8.457852, 41.459152], [-8.465078, 41.464663], [-8.471442, 41.4737], [-8.481521, 41.494097], [-8.4952, 41.500829], [-8.507666, 41.50989], [-8.54123, 41.521376], [-8.553172, 41.527584], [-8.574095, 41.546185], [-8.606116, 41.582328], [-8.616194, 41.600377], [-8.618581, 41.610049], [-8.62107, 41.608913], [-8.621338, 41.604636], [-8.628833, 41.604378], [-8.636302, 41.600744], [-8.639873, 41.597352], [-8.640152, 41.59465], [-8.645536, 41.593051], [-8.646744, 41.594171], [-8.649125, 41.591909], [-8.656622, 41.5921], [-8.660788, 41.588255], [-8.663794, 41.589141], [-8.665265, 41.585758], [-8.670979, 41.587982], [-8.684455, 41.586117], [-8.684144, 41.584803], [-8.648785, 41.579116], [-8.624839, 41.57121], [-8.61288, 41.565224], [-8.600934, 41.557514], [-8.588569, 41.546237], [-8.562325, 41.510111], [-8.553331, 41.50452], [-8.529445, 41.493648], [-8.511812, 41.482885], [-8.500404, 41.473829], [-8.481846, 41.453268], [-8.469949, 41.444018], [-8.458013, 41.439735], [-8.446048, 41.439157], [-8.434059, 41.441332], [-8.422036, 41.447212], [-8.409979, 41.456651], [-8.400814, 41.473353], [-8.399809, 41.482356], [-8.401971, 41.491374], [-8.409533, 41.505796], [-8.414103, 41.509451], [-8.419583, 41.518487], [-8.420263, 41.527497], [-8.411332, 41.554474], [-8.40006, 41.57243], [-8.360593, 41.608479], [-8.336419, 41.625126], [-8.324369, 41.629513], [-8.312354, 41.630389], [-8.300367, 41.62871], [-8.252525, 41.613275], [-8.21985, 41.598371], [-8.208827, 41.589288], [-8.198012, 41.571199], [-8.193978, 41.553156], [-8.194925, 41.535148], [-8.20555, 41.528964], [-8.217497, 41.532275], [-8.229469, 41.533514], [-8.24147, 41.532369], [-8.253518, 41.52713], [-8.261883, 41.517583], [-8.264219, 41.50859], [-8.260146, 41.499557], [-8.253906, 41.493296], [-8.24198, 41.488694], [-8.230004, 41.488446], [-8.22187, 41.490297], [-8.206264, 41.499198], [-8.196706, 41.508138], [-8.193737, 41.515011], [-8.181814, 41.510181], [-8.169937, 41.50185], [-8.158028, 41.496273], [-8.146064, 41.49501], [-8.122069, 41.497561], [-8.110106, 41.496239], [-8.09818, 41.492314], [-8.091004, 41.489337], [-8.080862, 41.480249], [-8.07444, 41.468592], [-8.073564, 41.474668], [-8.066374, 41.482318], [-8.066069, 41.48817], [-8.072054, 41.490199], [-8.07175, 41.494925], [-8.078333, 41.49898], [-8.078332, 41.500331], [-8.092402, 41.504163], [-8.0927, 41.506025], [-8.109958, 41.507024], [-8.121901, 41.509966], [-8.135393, 41.516701], [-8.141898, 41.525757], [-8.142744, 41.534771], [-8.139764, 41.543756], [-8.133322, 41.552045], [-8.110903, 41.570558], [-8.12216, 41.597666], [-8.121385, 41.606667], [-8.11775, 41.615647], [-8.108293, 41.628232], [-8.096163, 41.637191], [-8.08413, 41.639024], [-8.072151, 41.63712], [-8.063176, 41.633229], [-8.050462, 41.624118], [-8.042877, 41.615048], [-8.039242, 41.60601], [-8.038788, 41.598443], [-8.031467, 41.602938], [-8.02367, 41.603156], [-8.019174, 41.601802], [-8.015872, 41.603824], [-8.013474, 41.603372], [-8.005971, 41.60629], [-8.003562, 41.611239], [-7.998761, 41.612809], [-7.999669, 41.608759], [-7.996976, 41.605829], [-7.996684, 41.602003], [-7.984685, 41.603564], [-7.982292, 41.60086], [-7.975689, 41.603552], [-7.974482, 41.606701], [-7.970882, 41.607147], [-7.969091, 41.603768], [-7.965796, 41.602413], [-7.9541, 41.602846], [-7.952606, 41.600592], [-7.947808, 41.60081], [-7.945413, 41.599456], [-7.942725, 41.595625], [-7.937332, 41.594265], [-7.935829, 41.595513], [-7.935913, 41.595613], [-7.936128, 41.595873], [-7.946551, 41.614205], [-7.962169, 41.659383], [-7.976968, 41.695543], [-7.982853, 41.731623], [-7.994926, 41.75875], [-7.993902, 41.767748], [-7.985804, 41.776684], [-7.955675, 41.794428], [-7.949495, 41.796387], [-7.925414, 41.796862], [-7.913227, 41.805835], [-7.897156, 41.829908], [-7.876695, 41.849159], [-7.879656, 41.852957]], [[-8.227118, 41.73061], [-8.215115, 41.728958], [-8.191203, 41.718097], [-8.18005, 41.706179], [-8.17328, 41.688116], [-8.173616, 41.679112], [-8.179813, 41.668456], [-8.191949, 41.658558], [-8.204021, 41.653544], [-8.216056, 41.651441], [-8.228062, 41.651736], [-8.240042, 41.654267], [-8.251988, 41.659714], [-8.264909, 41.670725], [-8.270709, 41.679769], [-8.273003, 41.68879], [-8.272686, 41.697795], [-8.269541, 41.706782], [-8.262239, 41.715743], [-8.251243, 41.723983], [-8.239158, 41.729333], [-8.227118, 41.73061]], [[-8.107137, 41.711925], [-8.096195, 41.70555], [-8.09626, 41.696543], [-8.107504, 41.685417], [-8.119593, 41.679992], [-8.131555, 41.683887], [-8.134025, 41.687827], [-8.131533, 41.696815], [-8.119191, 41.709461], [-8.107137, 41.711925]], [[-8.239983, 41.51744], [-8.22969, 41.508364], [-8.241862, 41.498831], [-8.25376, 41.506019], [-8.254809, 41.50853], [-8.2537, 41.511233], [-8.243091, 41.51746], [-8.239983, 41.51744]]], [[[-8.074183, 41.468141], [-8.074183, 41.468141], [-8.074169, 41.468115], [-8.074183, 41.468141]]], [[[-8.074055, 41.467916], [-8.074055, 41.467916], [-8.073571, 41.467065], [-8.074055, 41.467916]]], [[[-8.072007, 41.464314], [-8.072007, 41.464314], [-8.071778, 41.463913], [-8.072007, 41.464314]]], [[[-8.07175, 41.463863], [-8.069389, 41.459208], [-8.068788, 41.462286], [-8.07175, 41.463863]]], [[[-7.869416, 41.854071], [-7.869416, 41.854071], [-7.869381, 41.854094], [-7.869416, 41.854071]]], [[[-7.868813, 41.854465], [-7.86129, 41.859927], [-7.864877, 41.859711], [-7.868813, 41.854465]]], [[[-7.858848, 41.861538], [-7.858848, 41.861538], [-7.85721, 41.862618], [-7.858848, 41.861538]]], [[[-7.843155, 41.873163], [-7.841253, 41.874733], [-7.842528, 41.875187], [-7.843155, 41.873163]]], [[[-8.721003, 41.52287], [-8.73331, 41.519642], [-8.744964, 41.510661], [-8.749881, 41.501664], [-8.75145, 41.49266], [-8.747277, 41.474636], [-8.741863, 41.465617], [-8.733245, 41.45659], [-8.720765, 41.447553], [-8.709378, 41.44206], [-8.685467, 41.435799], [-8.661527, 41.436105], [-8.64954, 41.439211], [-8.637536, 41.445402], [-8.627113, 41.456295], [-8.622661, 41.465288], [-8.621186, 41.47429], [-8.624501, 41.483309], [-8.633721, 41.492346], [-8.661157, 41.507033], [-8.685077, 41.516541], [-8.709019, 41.522439], [-8.721003, 41.52287]], [[-8.673188, 41.497499], [-8.661217, 41.495542], [-8.654327, 41.49241], [-8.643638, 41.483369], [-8.641467, 41.474355], [-8.645312, 41.46536], [-8.649421, 41.46136], [-8.661424, 41.455752], [-8.673402, 41.454857], [-8.685361, 41.457735], [-8.696795, 41.465507], [-8.701589, 41.474527], [-8.700677, 41.483532], [-8.692671, 41.492518], [-8.685177, 41.495866], [-8.673188, 41.497499]]], [[[-8.303615, 41.323777], [-8.298305, 41.346669], [-8.300921, 41.3647], [-8.311471, 41.382778], [-8.322229, 41.39185], [-8.34252, 41.400975], [-8.362596, 41.404531], [-8.386537, 41.403066], [-8.398529, 41.400047], [-8.416366, 41.392366], [-8.42754, 41.383414], [-8.439437, 41.365458], [-8.446841, 41.345663], [-8.451267, 41.338492], [-8.458912, 41.331415], [-8.470902, 41.326592], [-8.518767, 41.317407], [-8.554684, 41.30658], [-8.590636, 41.288364], [-8.61463, 41.269839], [-8.638629, 41.247865], [-8.650609, 41.239607], [-8.662566, 41.23492], [-8.69839, 41.229567], [-8.710335, 41.226511], [-8.722694, 41.222365], [-8.739075, 41.213395], [-8.750196, 41.204412], [-8.764823, 41.186427], [-8.773578, 41.168428], [-8.779981, 41.144501], [-8.713178, 41.145969], [-8.726725, 41.159319], [-8.732388, 41.16834], [-8.735473, 41.177355], [-8.736038, 41.186364], [-8.733984, 41.195368], [-8.728876, 41.204364], [-8.719083, 41.213348], [-8.698424, 41.222011], [-8.686487, 41.223476], [-8.662626, 41.223412], [-8.650684, 41.225541], [-8.638707, 41.233829], [-8.6147, 41.257935], [-8.602705, 41.267538], [-8.57874, 41.281063], [-8.554808, 41.288404], [-8.542852, 41.290296], [-8.518963, 41.290807], [-8.50703, 41.289504], [-8.486981, 41.28461], [-8.471289, 41.278669], [-8.445404, 41.262442], [-8.439785, 41.262907], [-8.438023, 41.268989], [-8.434745, 41.269673], [-8.432691, 41.277107], [-8.427032, 41.279372], [-8.429143, 41.284319], [-8.426171, 41.287028], [-8.426488, 41.291079], [-8.425013, 41.294909], [-8.422037, 41.296942], [-8.422647, 41.299867], [-8.407744, 41.304856], [-8.406262, 41.307335], [-8.403277, 41.307342], [-8.401801, 41.311398], [-8.399712, 41.311628], [-8.400316, 41.313202], [-8.396738, 41.314336], [-8.398835, 41.316131], [-8.393775, 41.31997], [-8.393489, 41.323122], [-8.391105, 41.324253], [-8.386325, 41.323588], [-8.380382, 41.331254], [-8.375305, 41.33104], [-8.37201, 41.328346], [-8.361563, 41.329718], [-8.358276, 41.329049], [-8.357673, 41.327249], [-8.350207, 41.327264], [-8.346032, 41.328847], [-8.342462, 41.333131], [-8.333215, 41.336299], [-8.326363, 41.342163], [-8.324568, 41.341041], [-8.323376, 41.341943], [-8.320676, 41.338121], [-8.316788, 41.335876], [-8.313802, 41.336331], [-8.31139, 41.328007], [-8.307502, 41.325762], [-8.303622, 41.326443], [-8.303615, 41.323777]], [[-8.362673, 41.396691], [-8.350727, 41.394992], [-8.342583, 41.391968], [-8.330521, 41.382891], [-8.325767, 41.373856], [-8.325125, 41.364844], [-8.328359, 41.355856], [-8.339276, 41.344522], [-8.351281, 41.33929], [-8.363248, 41.337685], [-8.375189, 41.338844], [-8.387099, 41.343282], [-8.398948, 41.354535], [-8.403108, 41.365275], [-8.402255, 41.374278], [-8.397124, 41.383259], [-8.385118, 41.392203], [-8.374645, 41.395606], [-8.362673, 41.396691]]]]}}, {"id": "7", "type": "Feature", "properties": {"fill": "#cba158", "value_min": -1.67, "value_max": -1.33}, "geometry": {"type": "MultiPolygon", "coordinates": [[[[-7.841253, 41.874733], [-7.843155, 41.873163], [-7.841663, 41.866632], [-7.849515, 41.861475], [-7.85721, 41.862618], [-7.858848, 41.861538], [-7.86129, 41.859927], [-7.868813, 41.854465], [-7.869381, 41.854094], [-7.869416, 41.854071], [-7.87033, 41.851395], [-7.873043, 41.850501], [-7.873063, 41.845526], [-7.852174, 41.854131], [-7.803551, 41.864998], [-7.760696, 41.882556], [-7.743162, 41.884214], [-7.725333, 41.883134], [-7.726208, 41.887665], [-7.737044, 41.888828], [-7.737935, 41.890857], [-7.74246, 41.889747], [-7.742785, 41.885922], [-7.756022, 41.888441], [-7.758719, 41.890926], [-7.756592, 41.89407], [-7.758076, 41.897901], [-7.764097, 41.898595], [-7.779227, 41.886264], [-7.785257, 41.885157], [-7.788886, 41.882467], [-7.794007, 41.882257], [-7.796739, 41.878214], [-7.794349, 41.87438], [-7.797064, 41.873488], [-7.803381, 41.874857], [-7.804914, 41.869459], [-7.813032, 41.871958], [-7.814229, 41.873537], [-7.823863, 41.874013], [-7.825059, 41.875817], [-7.830479, 41.875831], [-7.830789, 41.874031], [-7.832894, 41.874712], [-7.83772, 41.872924], [-7.841253, 41.874733]]], [[[-7.876695, 41.849159], [-7.897156, 41.829908], [-7.913227, 41.805835], [-7.925414, 41.796862], [-7.949495, 41.796387], [-7.955675, 41.794428], [-7.985804, 41.776684], [-7.993902, 41.767748], [-7.994926, 41.75875], [-7.982853, 41.731623], [-7.976968, 41.695543], [-7.962169, 41.659383], [-7.946551, 41.614205], [-7.936128, 41.595873], [-7.93791, 41.601694], [-7.937004, 41.603718], [-7.931604, 41.604384], [-7.930073, 41.614735], [-7.925255, 41.620579], [-7.920755, 41.620796], [-7.917748, 41.623041], [-7.915933, 41.627764], [-7.913229, 41.628885], [-7.912613, 41.63361], [-7.906014, 41.633147], [-7.905699, 41.637648], [-7.907788, 41.640804], [-7.900574, 41.644266], [-7.915806, 41.652618], [-7.927669, 41.661466], [-7.93949, 41.673022], [-7.949346, 41.686287], [-7.958078, 41.704381], [-7.966853, 41.731481], [-7.977206, 41.749587], [-7.979769, 41.758617], [-7.977242, 41.767601], [-7.96182, 41.778475], [-7.949742, 41.781227], [-7.925639, 41.783424], [-7.92191, 41.785109], [-7.913453, 41.792455], [-7.900925, 41.821273], [-7.888638, 41.835486], [-7.873968, 41.845162], [-7.876695, 41.849159]]], [[[-7.935913, 41.595613], [-7.935913, 41.595613], [-7.935829, 41.595513], [-7.935913, 41.595613]]], [[[-8.227118, 41.73061], [-8.239158, 41.729333], [-8.251243, 41.723983], [-8.262239, 41.715743], [-8.269541, 41.706782], [-8.272686, 41.697795], [-8.273003, 41.68879], [-8.270709, 41.679769], [-8.264909, 41.670725], [-8.251988, 41.659714], [-8.240042, 41.654267], [-8.228062, 41.651736], [-8.216056, 41.651441], [-8.204021, 41.653544], [-8.191949, 41.658558], [-8.179813, 41.668456], [-8.173616, 41.679112], [-8.17328, 41.688116], [-8.18005, 41.706179], [-8.191203, 41.718097], [-8.215115, 41.728958], [-8.227118, 41.73061]], [[-8.239353, 41.712782], [-8.227259, 41.718881], [-8.215222, 41.720165], [-8.20323, 41.717724], [-8.191292, 41.711023], [-8.186588, 41.706225], [-8.182186, 41.697187], [-8.181997, 41.688179], [-8.186324, 41.679202], [-8.191757, 41.673891], [-8.203839, 41.668322], [-8.215871, 41.666733], [-8.227858, 41.668804], [-8.239798, 41.674961], [-8.24497, 41.679603], [-8.249683, 41.68864], [-8.249946, 41.697649], [-8.246163, 41.706632], [-8.239353, 41.712782]]], [[[-8.107137, 41.711925], [-8.119191, 41.709461], [-8.131533, 41.696815], [-8.134025, 41.687827], [-8.131555, 41.683887], [-8.119593, 41.679992], [-8.107504, 41.685417], [-8.09626, 41.696543], [-8.096195, 41.70555], [-8.107137, 41.711925]], [[-8.128961, 41.696796], [-8.119219, 41.707418], [-8.107191, 41.70803], [-8.103026, 41.705603], [-8.100485, 41.696577], [-8.107439, 41.6901], [-8.119527, 41.684866], [-8.124875, 41.687758], [-8.128961, 41.696796]]], [[[-8.618581, 41.610049], [-8.616194, 41.600377], [-8.606116, 41.582328], [-8.574095, 41.546185], [-8.553172, 41.527584], [-8.54123, 41.521376], [-8.507666, 41.50989], [-8.4952, 41.500829], [-8.481521, 41.494097], [-8.471442, 41.4737], [-8.465078, 41.464663], [-8.457852, 41.459152], [-8.44592, 41.454191], [-8.433956, 41.453207], [-8.421957, 41.456174], [-8.409912, 41.464072], [-8.404477, 41.473372], [-8.403036, 41.482372], [-8.405534, 41.491393], [-8.409602, 41.498191], [-8.421503, 41.507206], [-8.457368, 41.517154], [-8.465284, 41.527716], [-8.468074, 41.536736], [-8.465637, 41.545732], [-8.457055, 41.55457], [-8.445011, 41.560733], [-8.404557, 41.608483], [-8.400843, 41.617471], [-8.400682, 41.626477], [-8.404577, 41.635504], [-8.412972, 41.644555], [-8.42023, 41.649711], [-8.432189, 41.655455], [-8.444171, 41.658636], [-8.515528, 41.663399], [-8.522103, 41.658811], [-8.525706, 41.659023], [-8.527769, 41.652714], [-8.534066, 41.652017], [-8.537355, 41.64998], [-8.537634, 41.646602], [-8.543876, 41.637352], [-8.543855, 41.633985], [-8.543555, 41.634049], [-8.542956, 41.634177], [-8.51641, 41.635314], [-8.49242, 41.63238], [-8.480415, 41.63236], [-8.456318, 41.64246], [-8.444305, 41.643107], [-8.432335, 41.638825], [-8.428304, 41.635625], [-8.423961, 41.626596], [-8.426651, 41.617602], [-8.432574, 41.611532], [-8.452509, 41.599714], [-8.462078, 41.572737], [-8.481057, 41.552142], [-8.493129, 41.541807], [-8.517168, 41.53357], [-8.529158, 41.533312], [-8.541126, 41.535999], [-8.553078, 41.541313], [-8.565003, 41.550811], [-8.576419, 41.564208], [-8.585791, 41.582257], [-8.586729, 41.600275], [-8.583509, 41.60927], [-8.578618, 41.615614], [-8.581231, 41.615829], [-8.585766, 41.620988], [-8.591462, 41.620515], [-8.596534, 41.616668], [-8.601628, 41.615972], [-8.603996, 41.611686], [-8.613256, 41.606696], [-8.618581, 41.610049]], [[-8.445546, 41.49814], [-8.433531, 41.502009], [-8.421564, 41.500346], [-8.409655, 41.492344], [-8.406264, 41.482389], [-8.40814, 41.473391], [-8.409854, 41.470472], [-8.421904, 41.462139], [-8.433891, 41.460656], [-8.445835, 41.464255], [-8.455651, 41.473626], [-8.457074, 41.48264], [-8.453696, 41.491632], [-8.445546, 41.49814]]], [[[-8.038788, 41.598443], [-8.039242, 41.60601], [-8.042877, 41.615048], [-8.050462, 41.624118], [-8.063176, 41.633229], [-8.072151, 41.63712], [-8.08413, 41.639024], [-8.096163, 41.637191], [-8.108293, 41.628232], [-8.11775, 41.615647], [-8.121385, 41.606667], [-8.12216, 41.597666], [-8.110903, 41.570558], [-8.133322, 41.552045], [-8.139764, 41.543756], [-8.142744, 41.534771], [-8.141898, 41.525757], [-8.135393, 41.516701], [-8.121901, 41.509966], [-8.109958, 41.507024], [-8.0927, 41.506025], [-8.089398, 41.519468], [-8.090594, 41.522169], [-8.093289, 41.522748], [-8.097809, 41.518994], [-8.109801, 41.518529], [-8.11839, 41.525579], [-8.115244, 41.534563], [-8.109533, 41.538067], [-8.097774, 41.537494], [-8.106759, 41.543557], [-8.101666, 41.542655], [-8.094175, 41.544904], [-8.087885, 41.542876], [-8.083389, 41.5449], [-8.080687, 41.551651], [-8.074097, 41.549848], [-8.073494, 41.553449], [-8.075891, 41.554575], [-8.076188, 41.557276], [-8.079783, 41.558403], [-8.081576, 41.565157], [-8.078879, 41.56493], [-8.075279, 41.568305], [-8.073182, 41.568079], [-8.069283, 41.570553], [-8.068081, 41.573478], [-8.056684, 41.579549], [-8.052181, 41.584498], [-8.052777, 41.587649], [-8.038788, 41.598443]], [[-8.106966, 41.615563], [-8.100851, 41.624523], [-8.096292, 41.627927], [-8.084263, 41.629655], [-8.071299, 41.624288], [-8.065643, 41.615235], [-8.067847, 41.606246], [-8.07266, 41.601566], [-8.08472, 41.597358], [-8.096697, 41.598902], [-8.105469, 41.606545], [-8.106966, 41.615563]]], [[[-8.092385, 41.532749], [-8.092385, 41.532749], [-8.092385, 41.532748], [-8.092385, 41.532749]]], [[[-8.09218, 41.532073], [-8.09218, 41.532073], [-8.091634, 41.530272], [-8.09218, 41.532073]]], [[[-8.239983, 41.51744], [-8.243091, 41.51746], [-8.2537, 41.511233], [-8.254809, 41.50853], [-8.25376, 41.506019], [-8.241862, 41.498831], [-8.22969, 41.508364], [-8.239983, 41.51744]]], [[[-8.673188, 41.497499], [-8.685177, 41.495866], [-8.692671, 41.492518], [-8.700677, 41.483532], [-8.701589, 41.474527], [-8.696795, 41.465507], [-8.685361, 41.457735], [-8.673402, 41.454857], [-8.661424, 41.455752], [-8.649421, 41.46136], [-8.645312, 41.46536], [-8.641467, 41.474355], [-8.643638, 41.483369], [-8.654327, 41.49241], [-8.661217, 41.495542], [-8.673188, 41.497499]]], [[[-8.362673, 41.396691], [-8.374645, 41.395606], [-8.385118, 41.392203], [-8.397124, 41.383259], [-8.402255, 41.374278], [-8.403108, 41.365275], [-8.398948, 41.354535], [-8.387099, 41.343282], [-8.375189, 41.338844], [-8.363248, 41.337685], [-8.351281, 41.33929], [-8.339276, 41.344522], [-8.328359, 41.355856], [-8.325125, 41.364844], [-8.325767, 41.373856], [-8.330521, 41.382891], [-8.342583, 41.391968], [-8.350727, 41.394992], [-8.362673, 41.396691]], [[-8.382445, 41.374174], [-8.376816, 41.383151], [-8.362765, 41.387193], [-8.348132, 41.382992], [-8.342561, 41.373953], [-8.345227, 41.36496], [-8.351076, 41.359876], [-8.363059, 41.357052], [-8.374981, 41.360535], [-8.38003, 41.365153], [-8.382445, 41.374174]]], [[[-8.445404, 41.262442], [-8.471289, 41.278669], [-8.486981, 41.28461], [-8.50703, 41.289504], [-8.518963, 41.290807], [-8.542852, 41.290296], [-8.554808, 41.288404], [-8.57874, 41.281063], [-8.602705, 41.267538], [-8.6147, 41.257935], [-8.638707, 41.233829], [-8.650684, 41.225541], [-8.662626, 41.223412], [-8.686487, 41.223476], [-8.698424, 41.222011], [-8.719083, 41.213348], [-8.728876, 41.204364], [-8.733984, 41.195368], [-8.736038, 41.186364], [-8.735473, 41.177355], [-8.732388, 41.16834], [-8.726725, 41.159319], [-8.713178, 41.145969], [-8.674793, 41.146932], [-8.674849, 41.153767], [-8.672489, 41.15648], [-8.66117, 41.156307], [-8.662078, 41.158104], [-8.660313, 41.160813], [-8.657033, 41.160378], [-8.654961, 41.161963], [-8.653231, 41.169174], [-8.655366, 41.175467], [-8.647955, 41.180228], [-8.647696, 41.185181], [-8.640033, 41.196056], [-8.631631, 41.222109], [-8.620225, 41.240088], [-8.612125, 41.249069], [-8.590781, 41.265082], [-8.566844, 41.274319], [-8.542943, 41.27728], [-8.51908, 41.274785], [-8.507165, 41.271491], [-8.483383, 41.259185], [-8.468281, 41.24527], [-8.463258, 41.244384], [-8.459989, 41.246644], [-8.455512, 41.245982], [-8.455541, 41.251834], [-8.452276, 41.25522], [-8.449891, 41.255452], [-8.449304, 41.257479], [-8.447812, 41.257258], [-8.449028, 41.261982], [-8.445404, 41.262442]], [[-8.709266, 41.195308], [-8.705138, 41.204305], [-8.698487, 41.208447], [-8.686549, 41.210464], [-8.669666, 41.204209], [-8.664804, 41.195187], [-8.668225, 41.186189], [-8.674761, 41.182144], [-8.686697, 41.179416], [-8.698609, 41.181821], [-8.704452, 41.186288], [-8.709266, 41.195308]]]]}}, {"id": "21", "type": "Feature", "properties": {"fill": "#245bd9", "value_min": 3.0, "value_max": -3.33}, "geometry": {"type": "MultiPolygon", "coordinates": [[[[-7.948312, 41.868703], [-7.96037, 41.868184], [-7.972493, 41.863589], [-7.97959, 41.85769], [-7.983995, 41.848722], [-7.983508, 41.839711], [-7.978387, 41.830659], [-7.973075, 41.827174], [-7.961094, 41.823405], [-7.949068, 41.822502], [-7.936978, 41.825457], [-7.92921, 41.830211], [-7.922373, 41.839154], [-7.921776, 41.848155], [-7.926236, 41.857204], [-7.936319, 41.865223], [-7.948312, 41.868703]], [[-7.960424, 41.864805], [-7.948363, 41.865538], [-7.936363, 41.862582], [-7.929641, 41.857235], [-7.924536, 41.849368], [-7.924309, 41.839172], [-7.931772, 41.830235], [-7.936951, 41.827066], [-7.949025, 41.825132], [-7.961056, 41.825771], [-7.975278, 41.830631], [-7.979964, 41.83968], [-7.980241, 41.848689], [-7.97255, 41.860031], [-7.960424, 41.864805]]], [[[-8.349525, 41.515396], [-8.361559, 41.510339], [-8.370361, 41.500213], [-8.374305, 41.491227], [-8.373823, 41.481261], [-8.370092, 41.473189], [-8.362022, 41.463136], [-8.350103, 41.457576], [-8.338141, 41.45647], [-8.326154, 41.457857], [-8.314117, 41.463863], [-8.30593, 41.47282], [-8.303744, 41.481814], [-8.307681, 41.499853], [-8.313664, 41.506754], [-8.32557, 41.514156], [-8.337534, 41.516129], [-8.349525, 41.515396]], [[-8.337558, 41.513765], [-8.325594, 41.511862], [-8.31034, 41.499869], [-8.307138, 41.481835], [-8.308942, 41.472838], [-8.314081, 41.467214], [-8.326128, 41.460278], [-8.338116, 41.458981], [-8.350082, 41.459742], [-8.361991, 41.466319], [-8.36737, 41.473174], [-8.37029, 41.482198], [-8.370632, 41.491207], [-8.36746, 41.500197], [-8.358981, 41.509157], [-8.349546, 41.513299], [-8.337558, 41.513765]]], [[[-8.709982, 41.306272], [-8.721926, 41.306757], [-8.728327, 41.303448], [-8.732281, 41.29445], [-8.722019, 41.284845], [-8.710076, 41.285137], [-8.701699, 41.294375], [-8.705414, 41.303392], [-8.709982, 41.306272]]]]}}, {"id": "23", "type": "Feature", "properties": {"fill": "#1f4099", "value_min": 3.67, "value_max": -4.0}, "geometry": {"type": "MultiPolygon", "coordinates": [[[[-7.972624, 41.855422], [-7.976487, 41.848656], [-7.976421, 41.839648], [-7.970432, 41.830588], [-7.961018, 41.828137], [-7.948982, 41.827763], [-7.936925, 41.828674], [-7.934336, 41.830259], [-7.930039, 41.839226], [-7.929783, 41.84823], [-7.933047, 41.857267], [-7.936407, 41.859941], [-7.94843, 41.861474], [-7.960483, 41.861162], [-7.972624, 41.855422]]], [[[-8.361624, 41.503695], [-8.36456, 41.500181], [-8.366191, 41.491183], [-8.364648, 41.473159], [-8.361958, 41.469732], [-8.35006, 41.461906], [-8.33809, 41.461492], [-8.323662, 41.463918], [-8.311952, 41.472856], [-8.310735, 41.490864], [-8.313728, 41.500725], [-8.325618, 41.509569], [-8.337582, 41.511401], [-8.349567, 41.511202], [-8.361624, 41.503695]]]]}}, {"id": "12", "type": "Feature", "properties": {"fill": "#a3a3a3", "value_min": 0.0, "value_max": -0.33}, "geometry": {"type": "MultiPolygon", "coordinates": [[[[-8.030904, 41.829815], [-8.030904, 41.829815], [-8.030816, 41.829733], [-8.030904, 41.829815]]], [[[-8.030664, 41.82959], [-8.021334, 41.8212], [-8.0094, 41.81427], [-7.997429, 41.809866], [-7.973396, 41.807089], [-7.937215, 41.811124], [-7.92512, 41.814494], [-7.91291, 41.824529], [-7.902529, 41.838966], [-7.893961, 41.859324], [-7.899027, 41.86136], [-7.901383, 41.847962], [-7.910987, 41.83004], [-7.92508, 41.816861], [-7.937182, 41.813107], [-7.961308, 41.810199], [-7.985362, 41.811695], [-7.997345, 41.81526], [-8.009285, 41.821734], [-8.020009, 41.831381], [-8.030664, 41.82959]]], [[[-8.436253, 41.71444], [-8.430503, 41.707693], [-8.419736, 41.704725], [-8.407699, 41.706649], [-8.398247, 41.716536], [-8.400974, 41.726682], [-8.402934, 41.726452], [-8.404721, 41.722847], [-8.417349, 41.725067], [-8.422737, 41.720552], [-8.429643, 41.719859], [-8.430533, 41.717381], [-8.436253, 41.71444]]], [[[-8.154152, 41.714998], [-8.153052, 41.705983], [-8.14335, 41.700523], [-8.1313, 41.702851], [-8.123237, 41.714766], [-8.131005, 41.724783], [-8.143029, 41.724677], [-8.154152, 41.714998]], [[-8.148148, 41.705947], [-8.14923, 41.714962], [-8.143089, 41.720144], [-8.131058, 41.72083], [-8.126141, 41.714788], [-8.13128, 41.704348], [-8.143314, 41.703227], [-8.148148, 41.705947]]], [[[-8.373241, 41.541567], [-8.387771, 41.527329], [-8.39283, 41.518349], [-8.394732, 41.509351], [-8.392209, 41.482316], [-8.392268, 41.455294], [-8.390743, 41.446278], [-8.386205, 41.438381], [-8.374316, 41.429972], [-8.36914, 41.428147], [-8.338491, 41.421999], [-8.314568, 41.420992], [-8.302587, 41.422328], [-8.290582, 41.425797], [-8.272047, 41.436581], [-8.264118, 41.445538], [-8.260256, 41.45452], [-8.260182, 41.463527], [-8.26339, 41.472555], [-8.277808, 41.498557], [-8.285927, 41.526742], [-8.290403, 41.535777], [-8.301259, 41.546073], [-8.313192, 41.551407], [-8.325161, 41.553498], [-8.349158, 41.552033], [-8.361187, 41.54814], [-8.373241, 41.541567]], [[-8.349238, 41.54403], [-8.337235, 41.545451], [-8.325251, 41.544827], [-8.313291, 41.542049], [-8.301377, 41.535082], [-8.293953, 41.526791], [-8.28957, 41.518582], [-8.271212, 41.472605], [-8.27032, 41.463592], [-8.272403, 41.454598], [-8.278642, 41.44563], [-8.290466, 41.436434], [-8.302493, 41.431104], [-8.314489, 41.428551], [-8.338429, 41.428124], [-8.362324, 41.432341], [-8.37424, 41.437867], [-8.382966, 41.446237], [-8.38699, 41.455266], [-8.391314, 41.500326], [-8.390469, 41.509329], [-8.386836, 41.518317], [-8.37332, 41.533398], [-8.361264, 41.540354], [-8.349238, 41.54403]]], [[[-8.803517, 41.24139], [-8.781886, 41.237619], [-8.746082, 41.238523], [-8.698312, 41.246381], [-8.674406, 41.253724], [-8.662436, 41.260252], [-8.645505, 41.2762], [-8.637194, 41.29419], [-8.636549, 41.303195], [-8.639131, 41.312211], [-8.645171, 41.321238], [-8.655324, 41.330276], [-8.68586, 41.354219], [-8.697781, 41.361564], [-8.709716, 41.366312], [-8.733607, 41.371717], [-8.757521, 41.372341], [-8.781447, 41.369121], [-8.808199, 41.360237], [-8.807224, 41.335511], [-8.793479, 41.345515], [-8.781507, 41.351277], [-8.757576, 41.357511], [-8.733661, 41.358563], [-8.709769, 41.354242], [-8.685916, 41.342726], [-8.65868, 41.321278], [-8.651718, 41.31225], [-8.648024, 41.303231], [-8.647535, 41.294222], [-8.65501, 41.276229], [-8.663615, 41.267246], [-8.677728, 41.258279], [-8.69829, 41.251168], [-8.73412, 41.245685], [-8.75799, 41.245652], [-8.781845, 41.249957], [-8.793766, 41.25454], [-8.804278, 41.26072], [-8.803517, 41.24139]]]]}}, {"id": "11", "type": "Feature", "properties": {"fill": "#a3a3a3", "value_min": -0.33, "value_max": -0.0}, "geometry": {"type": "MultiPolygon", "coordinates": [[[[-8.04481, 41.824425], [-8.033451, 41.816138], [-8.021504, 41.810068], [-7.99752, 41.804035], [-7.973444, 41.804111], [-7.937257, 41.808556], [-7.92516, 41.812103], [-7.913187, 41.821054], [-7.893721, 41.847888], [-7.889572, 41.856839], [-7.893961, 41.859324], [-7.902529, 41.838966], [-7.91291, 41.824529], [-7.92512, 41.814494], [-7.937215, 41.811124], [-7.973396, 41.807089], [-7.997429, 41.809866], [-8.0094, 41.81427], [-8.021334, 41.8212], [-8.030664, 41.82959], [-8.030816, 41.829733], [-8.030904, 41.829815], [-8.037134, 41.831171], [-8.041351, 41.828023], [-8.041054, 41.825097], [-8.04481, 41.824425]]], [[[-8.446394, 41.704978], [-8.431819, 41.697439], [-8.419814, 41.696014], [-8.406093, 41.698562], [-8.389962, 41.707485], [-8.384366, 41.716462], [-8.383799, 41.725466], [-8.386391, 41.731442], [-8.393033, 41.729852], [-8.396942, 41.730518], [-8.400974, 41.726682], [-8.398247, 41.716536], [-8.407699, 41.706649], [-8.419736, 41.704725], [-8.430503, 41.707693], [-8.436253, 41.71444], [-8.441632, 41.713975], [-8.441618, 41.711049], [-8.446394, 41.704978]]], [[[-8.142937, 41.731647], [-8.15505, 41.724815], [-8.160904, 41.715048], [-8.158932, 41.706026], [-8.155347, 41.702189], [-8.143386, 41.69782], [-8.13132, 41.701354], [-8.120333, 41.714744], [-8.121063, 41.723757], [-8.130913, 41.731616], [-8.142937, 41.731647]], [[-8.154152, 41.714998], [-8.143029, 41.724677], [-8.131005, 41.724783], [-8.123237, 41.714766], [-8.1313, 41.702851], [-8.14335, 41.700523], [-8.153052, 41.705983], [-8.154152, 41.714998]]], [[[-8.047112, 41.706718], [-8.059134, 41.706498], [-8.060032, 41.70526], [-8.059171, 41.70401], [-8.04716, 41.703459], [-8.045854, 41.705143], [-8.047112, 41.706718]]], [[[-8.325033, 41.565828], [-8.337032, 41.565292], [-8.36108, 41.559058], [-8.373135, 41.552501], [-8.385221, 41.542541], [-8.396102, 41.527373], [-8.399346, 41.518383], [-8.39967, 41.509377], [-8.394557, 41.482328], [-8.398931, 41.446321], [-8.397834, 41.437308], [-8.390908, 41.428264], [-8.374396, 41.421592], [-8.314662, 41.412074], [-8.290723, 41.412875], [-8.278717, 41.416577], [-8.25922, 41.427491], [-8.249273, 41.436434], [-8.244105, 41.445408], [-8.243052, 41.454409], [-8.245483, 41.463432], [-8.265956, 41.487084], [-8.273087, 41.499639], [-8.276307, 41.508667], [-8.278122, 41.5357], [-8.280888, 41.544725], [-8.289179, 41.554322], [-8.301097, 41.561073], [-8.313054, 41.56445], [-8.325033, 41.565828]], [[-8.373241, 41.541567], [-8.361187, 41.54814], [-8.349158, 41.552033], [-8.325161, 41.553498], [-8.313192, 41.551407], [-8.301259, 41.546073], [-8.290403, 41.535777], [-8.285927, 41.526742], [-8.277808, 41.498557], [-8.26339, 41.472555], [-8.260182, 41.463527], [-8.260256, 41.45452], [-8.264118, 41.445538], [-8.272047, 41.436581], [-8.290582, 41.425797], [-8.302587, 41.422328], [-8.314568, 41.420992], [-8.338491, 41.421999], [-8.36914, 41.428147], [-8.374316, 41.429972], [-8.386205, 41.438381], [-8.390743, 41.446278], [-8.392268, 41.455294], [-8.392209, 41.482316], [-8.394732, 41.509351], [-8.39283, 41.518349], [-8.387771, 41.527329], [-8.373241, 41.541567]]], [[[-8.614321, 41.537319], [-8.625018, 41.54015], [-8.637025, 41.536967], [-8.642549, 41.528403], [-8.639289, 41.519386], [-8.637132, 41.517728], [-8.625174, 41.513257], [-8.613175, 41.515659], [-8.608857, 41.519286], [-8.606991, 41.528287], [-8.614321, 41.537319]]], [[[-8.55356, 41.471147], [-8.565559, 41.467694], [-8.569232, 41.4651], [-8.574007, 41.45611], [-8.571889, 41.447095], [-8.565737, 41.440976], [-8.553794, 41.43705], [-8.541811, 41.438922], [-8.531998, 41.446939], [-8.529769, 41.455938], [-8.535387, 41.464968], [-8.541599, 41.468965], [-8.55356, 41.471147]]], [[[-8.808199, 41.360237], [-8.781447, 41.369121], [-8.757521, 41.372341], [-8.733607, 41.371717], [-8.709716, 41.366312], [-8.697781, 41.361564], [-8.68586, 41.354219], [-8.655324, 41.330276], [-8.645171, 41.321238], [-8.639131, 41.312211], [-8.636549, 41.303195], [-8.637194, 41.29419], [-8.645505, 41.2762], [-8.662436, 41.260252], [-8.674406, 41.253724], [-8.698312, 41.246381], [-8.746082, 41.238523], [-8.781886, 41.237619], [-8.803517, 41.24139], [-8.802739, 41.221601], [-8.781932, 41.223632], [-8.758054, 41.228066], [-8.686389, 41.243961], [-8.662477, 41.252335], [-8.650499, 41.260178], [-8.634588, 41.276166], [-8.62363, 41.294146], [-8.619835, 41.312149], [-8.622459, 41.321165], [-8.6305, 41.330199], [-8.657574, 41.348298], [-8.683844, 41.375396], [-8.697685, 41.382188], [-8.721578, 41.388549], [-8.757445, 41.392618], [-8.781369, 41.392608], [-8.809349, 41.389361], [-8.808199, 41.360237]]]]}}, {"id": "22", "type": "Feature", "properties": {"fill": "#214db8", "value_min": 3.33, "value_max": -3.67}, "geometry": {"type": "MultiPolygon", "coordinates": [[[[-7.960424, 41.864805], [-7.97255, 41.860031], [-7.980241, 41.848689], [-7.979964, 41.83968], [-7.975278, 41.830631], [-7.961056, 41.825771], [-7.949025, 41.825132], [-7.936951, 41.827066], [-7.931772, 41.830235], [-7.924309, 41.839172], [-7.924536, 41.849368], [-7.929641, 41.857235], [-7.936363, 41.862582], [-7.948363, 41.865538], [-7.960424, 41.864805]], [[-7.972624, 41.855422], [-7.960483, 41.861162], [-7.94843, 41.861474], [-7.936407, 41.859941], [-7.933047, 41.857267], [-7.929783, 41.84823], [-7.930039, 41.839226], [-7.934336, 41.830259], [-7.936925, 41.828674], [-7.948982, 41.827763], [-7.961018, 41.828137], [-7.970432, 41.830588], [-7.976421, 41.839648], [-7.976487, 41.848656], [-7.972624, 41.855422]]], [[[-8.337558, 41.513765], [-8.349546, 41.513299], [-8.358981, 41.509157], [-8.36746, 41.500197], [-8.370632, 41.491207], [-8.37029, 41.482198], [-8.36737, 41.473174], [-8.361991, 41.466319], [-8.350082, 41.459742], [-8.338116, 41.458981], [-8.326128, 41.460278], [-8.314081, 41.467214], [-8.308942, 41.472838], [-8.307138, 41.481835], [-8.31034, 41.499869], [-8.325594, 41.511862], [-8.337558, 41.513765]], [[-8.361624, 41.503695], [-8.349567, 41.511202], [-8.337582, 41.511401], [-8.325618, 41.509569], [-8.313728, 41.500725], [-8.310735, 41.490864], [-8.311952, 41.472856], [-8.323662, 41.463918], [-8.33809, 41.461492], [-8.35006, 41.461906], [-8.361958, 41.469732], [-8.364648, 41.473159], [-8.366191, 41.491183], [-8.36456, 41.500181], [-8.361624, 41.503695]]]]}}, {"id": "0", "type": "Feature", "properties": {"fill": "#881d1d", "value_min": -4.0, "value_max": -3.67}, "geometry": {"type": "MultiPolygon", "coordinates": [[[[-7.864775, 41.822791], [-7.876827, 41.822162], [-7.878963, 41.820725], [-7.883117, 41.811759], [-7.877192, 41.8013], [-7.865165, 41.800695], [-7.861186, 41.802536], [-7.855072, 41.811482], [-7.85997, 41.820538], [-7.864775, 41.822791]]], [[[-8.510524, 41.581961], [-8.516786, 41.584911], [-8.528004, 41.582034], [-8.531112, 41.57304], [-8.528888, 41.570535], [-8.516924, 41.566357], [-8.506463, 41.572936], [-8.510524, 41.581961]]]]}}]}