{"type": "FeatureCollection", "features": [{"id": "22", "type": "Feature", "properties": {"fill": "#214db8", "value_min": 3.33, "value_max": 3.67}, "geometry": {"type": "Polygon", "coordinates": [[[-8.37293, 41.509234], [-8.37859, 41.500258], [-8.378551, 41.473235], [-8.373986, 41.464312], [-8.362111, 41.454049], [-8.350182, 41.449677], [-8.326239, 41.449635], [-8.314223, 41.453769], [-8.302162, 41.461979], [-8.294523, 41.472751], [-8.294211, 41.490763], [-8.296384, 41.499784], [-8.301672, 41.507663], [-8.313546, 41.517931], [-8.325479, 41.522908], [-8.349449, 41.523016], [-8.361481, 41.518287], [-8.37293, 41.509234]], [[-8.337485, 41.520932], [-8.325509, 41.520067], [-8.320428, 41.517943], [-8.301725, 41.502741], [-8.298032, 41.490787], [-8.298285, 41.472774], [-8.302107, 41.467156], [-8.319331, 41.454885], [-8.32621, 41.452396], [-8.350155, 41.45237], [-8.357288, 41.455104], [-8.373943, 41.468762], [-8.376226, 41.473223], [-8.376115, 41.500244], [-8.373599, 41.5045], [-8.355403, 41.518145], [-8.349474, 41.520484], [-8.337485, 41.520932]]]}}, {"id": "23", "type": "Feature", "properties": {"fill": "#1f4099", "value_min": 3.67, "value_max": 4.0}, "geometry": {"type": "Polygon", "coordinates": [[[-8.337485, 41.520932], [-8.349474, 41.520484], [-8.355403, 41.518145], [-8.373599, 41.5045], [-8.376115, 41.500244], [-8.376226, 41.473223], [-8.373943, 41.468762], [-8.357288, 41.455104], [-8.350155, 41.45237], [-8.32621, 41.452396], [-8.319331, 41.454885], [-8.302107, 41.467156], [-8.298285, 41.472774], [-8.298032, 41.490787], [-8.301725, 41.502741], [-8.320428, 41.517943], [-8.325509, 41.520067], [-8.337485, 41.520932]]]}}, {"id": "8", "type": "Feature", "properties": {"fill": "#b1a288", "value_min": -1.33, "value_max": -1.0}, "geometry": {"type": "MultiPolygon", "coordinates": [[[[-7.885709, 41.855481], [-7.900614, 41.839429], [-7.911161, 41.821035], [-7.912598, 41.812041], [-7.910829, 41.803018], [-7.901485, 41.788504], [-7.889528, 41.784006], [-7.877502, 41.783533], [-7.841355, 41.786094], [-7.817204, 41.790551], [-7.808098, 41.792991], [-7.793358, 41.801844], [-7.793467, 41.810852], [-7.79711, 41.819897], [-7.817277, 41.847126], [-7.828018, 41.857565], [-7.843777, 41.865256], [-7.849515, 41.861475], [-7.858542, 41.862622], [-7.859456, 41.860148], [-7.864877, 41.859711], [-7.866693, 41.857531], [-7.852098, 41.85842], [-7.840113, 41.854946], [-7.828169, 41.847238], [-7.812877, 41.829068], [-7.809029, 41.820021], [-7.80859, 41.81101], [-7.813181, 41.802051], [-7.826688, 41.793183], [-7.853374, 41.78692], [-7.877469, 41.785441], [-7.889481, 41.786693], [-7.901394, 41.793836], [-7.907725, 41.802988], [-7.909951, 41.812016], [-7.908474, 41.821009], [-7.896839, 41.838911], [-7.888431, 41.847441], [-7.879656, 41.852898], [-7.885709, 41.855481]]], [[[-7.866994, 41.857429], [-7.866994, 41.857429], [-7.86689, 41.857465], [-7.866994, 41.857429]]], [[[-7.728184, 41.812852], [-7.744568, 41.812401], [-7.768764, 41.806248], [-7.779662, 41.801699], [-7.783656, 41.792735], [-7.775949, 41.774639], [-7.769516, 41.766894], [-7.757665, 41.757591], [-7.747493, 41.753172], [-7.747786, 41.754496], [-7.742956, 41.757856], [-7.743242, 41.760333], [-7.739619, 41.762855], [-7.749145, 41.765344], [-7.761482, 41.774484], [-7.765143, 41.783531], [-7.76317, 41.792516], [-7.756878, 41.798356], [-7.744742, 41.803446], [-7.732691, 41.804148], [-7.727043, 41.802925], [-7.728184, 41.812852]]], [[[-7.746907, 41.752918], [-7.746907, 41.752918], [-7.746893, 41.752912], [-7.746907, 41.752918]]], [[[-8.034209, 41.765708], [-8.041428, 41.759148], [-8.045953, 41.750178], [-8.046231, 41.741174], [-8.043105, 41.732141], [-8.022965, 41.713849], [-8.011061, 41.70624], [-8.004125, 41.704789], [-7.99911, 41.701798], [-7.987077, 41.702712], [-7.974958, 41.709019], [-7.951922, 41.731345], [-7.938436, 41.737118], [-7.926276, 41.745207], [-7.92216, 41.749084], [-7.917826, 41.75805], [-7.920057, 41.767078], [-7.925856, 41.770385], [-7.937844, 41.773058], [-7.949869, 41.773445], [-7.986023, 41.769769], [-8.010048, 41.772212], [-8.022101, 41.770778], [-8.034209, 41.765708]], [[-7.949896, 41.771803], [-7.937872, 41.771319], [-7.926392, 41.767137], [-7.922231, 41.758091], [-7.926185, 41.750679], [-7.938362, 41.74162], [-7.962524, 41.734788], [-7.972325, 41.722523], [-7.982105, 41.713603], [-7.986951, 41.710727], [-7.999013, 41.708078], [-8.011004, 41.709937], [-8.02293, 41.716156], [-8.031539, 41.723037], [-8.039669, 41.732112], [-8.042212, 41.74114], [-8.040034, 41.750129], [-8.031441, 41.759064], [-8.022205, 41.763958], [-8.010149, 41.765648], [-7.986143, 41.762135], [-7.974093, 41.763376], [-7.969249, 41.76753], [-7.949896, 41.771803]]], [[[-8.227425, 41.705019], [-8.232638, 41.697535], [-8.23094, 41.688517], [-8.227662, 41.685194], [-8.215715, 41.67958], [-8.20369, 41.68043], [-8.192769, 41.688255], [-8.190473, 41.697246], [-8.197159, 41.7063], [-8.203325, 41.710033], [-8.215334, 41.71094], [-8.227425, 41.705019]], [[-8.203384, 41.705191], [-8.196367, 41.697287], [-8.200157, 41.688306], [-8.203623, 41.685822], [-8.215642, 41.685572], [-8.220597, 41.688447], [-8.224314, 41.697479], [-8.215396, 41.705795], [-8.203384, 41.705191]]], [[[-8.407961, 41.678085], [-8.420031, 41.671906], [-8.432069, 41.669021], [-8.4561, 41.668414], [-8.480157, 41.664372], [-8.498559, 41.653967], [-8.504076, 41.644984], [-8.505306, 41.635982], [-8.502835, 41.626964], [-8.497098, 41.617932], [-8.48807, 41.608885], [-8.468723, 41.594066], [-8.456781, 41.58731], [-8.444812, 41.583957], [-8.432807, 41.584909], [-8.420771, 41.589259], [-8.402592, 41.599465], [-8.392121, 41.608418], [-8.376182, 41.626347], [-8.353826, 41.644238], [-8.347272, 41.653208], [-8.344735, 41.6622], [-8.346461, 41.671217], [-8.353277, 41.680263], [-8.359843, 41.684252], [-8.371825, 41.687681], [-8.383844, 41.687348], [-8.395891, 41.684034], [-8.407961, 41.678085]], [[-8.371879, 41.682127], [-8.36719, 41.68034], [-8.356985, 41.671277], [-8.355732, 41.662263], [-8.360362, 41.653281], [-8.37224, 41.64496], [-8.384295, 41.640056], [-8.391049, 41.635434], [-8.399176, 41.617462], [-8.408614, 41.606743], [-8.420683, 41.599151], [-8.432718, 41.595064], [-8.444724, 41.594276], [-8.456703, 41.596551], [-8.468657, 41.60215], [-8.477915, 41.608839], [-8.486645, 41.617886], [-8.490956, 41.626912], [-8.491654, 41.635923], [-8.48845, 41.644916], [-8.480251, 41.652663], [-8.468194, 41.658456], [-8.456163, 41.660915], [-8.420132, 41.660645], [-8.395938, 41.679068], [-8.383888, 41.682787], [-8.371879, 41.682127]]], [[[-8.035542, 41.676637], [-8.044987, 41.669108], [-8.049509, 41.660138], [-8.048555, 41.651123], [-8.04133, 41.642056], [-8.03612, 41.637893], [-8.024175, 41.633776], [-8.01218, 41.633073], [-8.000135, 41.635616], [-7.990323, 41.641619], [-7.983658, 41.650568], [-7.982071, 41.659561], [-7.987552, 41.672416], [-7.99942, 41.681779], [-8.011413, 41.683257], [-8.023455, 41.68145], [-8.035542, 41.676637]], [[-8.02351, 41.677783], [-8.011496, 41.677781], [-7.999559, 41.672811], [-7.994859, 41.66868], [-7.9914, 41.659643], [-7.993481, 41.650654], [-8.000004, 41.644078], [-8.012098, 41.638455], [-8.02411, 41.638079], [-8.036051, 41.642515], [-8.044635, 41.651091], [-8.046313, 41.660112], [-8.041604, 41.669079], [-8.035583, 41.673879], [-8.02351, 41.677783]]], [[[-8.703909, 41.570716], [-8.712688, 41.564629], [-8.721374, 41.555643], [-8.731353, 41.537652], [-8.733099, 41.519642], [-8.730934, 41.510629], [-8.725268, 41.501608], [-8.721111, 41.497651], [-8.709147, 41.493848], [-8.673198, 41.495517], [-8.661229, 41.49322], [-8.646408, 41.483378], [-8.642857, 41.47436], [-8.645118, 41.465359], [-8.649429, 41.459879], [-8.66144, 41.452853], [-8.673426, 41.450048], [-8.709356, 41.44719], [-8.721352, 41.441291], [-8.731183, 41.429562], [-8.737711, 41.411562], [-8.736522, 41.393544], [-8.732936, 41.384528], [-8.720407, 41.366483], [-8.700959, 41.348419], [-8.650218, 41.31277], [-8.638305, 41.306588], [-8.626379, 41.303271], [-8.614441, 41.301948], [-8.590528, 41.305608], [-8.574232, 41.311989], [-8.559529, 41.320942], [-8.549974, 41.329912], [-8.543758, 41.338896], [-8.5369, 41.356884], [-8.530707, 41.392889], [-8.512959, 41.419838], [-8.504644, 41.437817], [-8.503529, 41.44682], [-8.505008, 41.455834], [-8.508908, 41.464858], [-8.516513, 41.473898], [-8.529513, 41.484239], [-8.557294, 41.501084], [-8.563623, 41.510116], [-8.568665, 41.52815], [-8.577898, 41.546199], [-8.58893, 41.559389], [-8.60086, 41.569495], [-8.612812, 41.576582], [-8.624781, 41.581221], [-8.648751, 41.585454], [-8.672755, 41.583367], [-8.684768, 41.580124], [-8.699932, 41.573333], [-8.700117, 41.573211], [-8.70023, 41.573137], [-8.700462, 41.572984], [-8.700528, 41.572941], [-8.701703, 41.570277], [-8.703909, 41.570716]], [[-8.636859, 41.566659], [-8.624872, 41.565455], [-8.612898, 41.562123], [-8.600945, 41.555674], [-8.590318, 41.546244], [-8.583983, 41.537214], [-8.580742, 41.528194], [-8.57991, 41.519184], [-8.582323, 41.501178], [-8.578209, 41.492156], [-8.55345, 41.487161], [-8.541501, 41.48296], [-8.529568, 41.476665], [-8.517899, 41.464896], [-8.513857, 41.455872], [-8.513564, 41.446863], [-8.516601, 41.437868], [-8.523297, 41.428889], [-8.529959, 41.422569], [-8.550955, 41.410985], [-8.560537, 41.402014], [-8.561168, 41.393009], [-8.55722, 41.365971], [-8.560449, 41.347968], [-8.565465, 41.33898], [-8.57325, 41.330001], [-8.586498, 41.321042], [-8.602417, 41.314955], [-8.614375, 41.313152], [-8.626321, 41.313392], [-8.638255, 41.315693], [-8.650177, 41.320439], [-8.667125, 41.330311], [-8.689299, 41.348388], [-8.702005, 41.366437], [-8.704686, 41.375452], [-8.704694, 41.384459], [-8.701727, 41.393459], [-8.695031, 41.402449], [-8.685592, 41.409881], [-8.673597, 41.416059], [-8.625644, 41.431455], [-8.618354, 41.438251], [-8.614564, 41.447246], [-8.608994, 41.474249], [-8.614831, 41.483277], [-8.625323, 41.487345], [-8.669295, 41.510468], [-8.680003, 41.519506], [-8.684197, 41.528525], [-8.684401, 41.537533], [-8.680976, 41.546531], [-8.67229, 41.555514], [-8.66087, 41.562017], [-8.648859, 41.565515], [-8.636859, 41.566659]]], [[[-8.468993, 41.561084], [-8.474588, 41.55478], [-8.477439, 41.545786], [-8.472547, 41.536756], [-8.457271, 41.528741], [-8.445292, 41.527871], [-8.433256, 41.53358], [-8.43003, 41.536554], [-8.426402, 41.545543], [-8.427994, 41.554558], [-8.433007, 41.562046], [-8.444936, 41.569541], [-8.456939, 41.568457], [-8.468993, 41.561084]], [[-8.445029, 41.558587], [-8.439225, 41.554613], [-8.434059, 41.545581], [-8.437958, 41.536593], [-8.445253, 41.53249], [-8.457241, 41.532353], [-8.465832, 41.536725], [-8.471063, 41.545757], [-8.464863, 41.554736], [-8.457016, 41.55922], [-8.445029, 41.558587]]], [[[-8.082788, 41.547468], [-8.097351, 41.551986], [-8.10934, 41.552103], [-8.121371, 41.549159], [-8.130251, 41.543684], [-8.136692, 41.534726], [-8.13692, 41.52572], [-8.130353, 41.516663], [-8.121867, 41.512472], [-8.109929, 41.50915], [-8.097959, 41.50822], [-8.0915, 41.509112], [-8.090599, 41.513615], [-8.097912, 41.511607], [-8.109888, 41.512117], [-8.122875, 41.516606], [-8.130104, 41.525669], [-8.129203, 41.534669], [-8.11959, 41.543603], [-8.10941, 41.54703], [-8.097423, 41.546773], [-8.087884, 41.543357], [-8.083389, 41.5449], [-8.082788, 41.547468]]], [[[-8.141533, 41.377218], [-8.148483, 41.390695], [-8.156019, 41.399758], [-8.167141, 41.408847], [-8.182981, 41.417262], [-8.194897, 41.421324], [-8.206838, 41.423435], [-8.230783, 41.422545], [-8.242786, 41.419373], [-8.262741, 41.409499], [-8.273344, 41.400559], [-8.283955, 41.38261], [-8.285733, 41.373614], [-8.284319, 41.35559], [-8.279528, 41.343107], [-8.268988, 41.328488], [-8.265709, 41.331221], [-8.269004, 41.336169], [-8.263652, 41.340677], [-8.274315, 41.355527], [-8.277125, 41.364553], [-8.276733, 41.382565], [-8.273154, 41.39155], [-8.266069, 41.400513], [-8.254869, 41.409193], [-8.242838, 41.414893], [-8.230838, 41.417873], [-8.218858, 41.418974], [-8.206903, 41.418089], [-8.19497, 41.415406], [-8.183068, 41.410273], [-8.168562, 41.39985], [-8.16111, 41.390788], [-8.155301, 41.376766], [-8.150152, 41.37339], [-8.141533, 41.377218]]], [[[-8.627065, 41.187523], [-8.634061, 41.213109], [-8.63877, 41.222277], [-8.645983, 41.231162], [-8.650631, 41.235329], [-8.66133, 41.240216], [-8.674461, 41.242712], [-8.686394, 41.24281], [-8.710275, 41.240149], [-8.734163, 41.234955], [-8.758059, 41.226847], [-8.768061, 41.222465], [-8.782244, 41.213485], [-8.792382, 41.204496], [-8.801545, 41.19119], [-8.799695, 41.14406], [-8.746663, 41.145238], [-8.758322, 41.155303], [-8.766666, 41.168415], [-8.768893, 41.186435], [-8.766697, 41.195439], [-8.761785, 41.204436], [-8.75367, 41.213427], [-8.734202, 41.225435], [-8.71816, 41.231362], [-8.698364, 41.235146], [-8.674501, 41.234521], [-8.663972, 41.231216], [-8.6507, 41.222363], [-8.643894, 41.21314], [-8.637717, 41.194229], [-8.634946, 41.193341], [-8.632526, 41.188624], [-8.627065, 41.187523]]]]}}, {"id": "9", "type": "Feature", "properties": {"fill": "#a3a3a3", "value_min": -1.0, "value_max": -0.67}, "geometry": {"type": "MultiPolygon", "coordinates": [[[[-7.891306, 41.858418], [-7.909748, 41.830028], [-7.916455, 41.812078], [-7.910426, 41.794007], [-7.901593, 41.78214], [-7.889587, 41.780582], [-7.829374, 41.783144], [-7.805343, 41.781204], [-7.79343, 41.774795], [-7.769809, 41.751602], [-7.758067, 41.74386], [-7.757456, 41.745525], [-7.748417, 41.749321], [-7.746893, 41.752912], [-7.746907, 41.752918], [-7.747493, 41.753172], [-7.757665, 41.757591], [-7.769516, 41.766894], [-7.775949, 41.774639], [-7.783656, 41.792735], [-7.779662, 41.801699], [-7.768764, 41.806248], [-7.744568, 41.812401], [-7.728184, 41.812852], [-7.728761, 41.816776], [-7.732642, 41.821715], [-7.768506, 41.819682], [-7.780498, 41.822266], [-7.792379, 41.830742], [-7.815926, 41.85995], [-7.830789, 41.874118], [-7.832894, 41.874712], [-7.838021, 41.872924], [-7.842528, 41.875187], [-7.841663, 41.866632], [-7.843777, 41.865256], [-7.828018, 41.857565], [-7.817277, 41.847126], [-7.79711, 41.819897], [-7.793467, 41.810852], [-7.793358, 41.801844], [-7.808098, 41.792991], [-7.817204, 41.790551], [-7.841355, 41.786094], [-7.877502, 41.783533], [-7.889528, 41.784006], [-7.901485, 41.788504], [-7.910829, 41.803018], [-7.912598, 41.812041], [-7.911161, 41.821035], [-7.900614, 41.839429], [-7.885709, 41.855481], [-7.888076, 41.855486], [-7.891306, 41.858418]]], [[[-8.034045, 41.776637], [-8.045886, 41.768192], [-8.051747, 41.759233], [-8.053703, 41.750243], [-8.052423, 41.741225], [-8.038138, 41.723093], [-8.015244, 41.704885], [-8.011192, 41.697642], [-8.008066, 41.695816], [-8.01647, 41.686881], [-8.035494, 41.679801], [-8.047653, 41.670047], [-8.052973, 41.660167], [-8.052866, 41.651159], [-8.047417, 41.642107], [-8.03619, 41.63314], [-8.024269, 41.627538], [-8.012295, 41.625505], [-8.000284, 41.62594], [-7.982808, 41.632546], [-7.973479, 41.64147], [-7.969207, 41.650439], [-7.968328, 41.659438], [-7.975156, 41.68652], [-7.971831, 41.695497], [-7.951101, 41.722331], [-7.926356, 41.740422], [-7.917208, 41.749037], [-7.913224, 41.758006], [-7.913489, 41.767016], [-7.925796, 41.77399], [-7.973897, 41.775735], [-8.009916, 41.780781], [-8.021958, 41.780223], [-8.034045, 41.776637]], [[-8.034209, 41.765708], [-8.022101, 41.770778], [-8.010048, 41.772212], [-7.986023, 41.769769], [-7.949869, 41.773445], [-7.937844, 41.773058], [-7.925856, 41.770385], [-7.920057, 41.767078], [-7.917826, 41.75805], [-7.92216, 41.749084], [-7.926276, 41.745207], [-7.938436, 41.737118], [-7.951922, 41.731345], [-7.974958, 41.709019], [-7.987077, 41.702712], [-7.99911, 41.701798], [-8.004125, 41.704789], [-8.011061, 41.70624], [-8.022965, 41.713849], [-8.043105, 41.732141], [-8.046231, 41.741174], [-8.045953, 41.750178], [-8.041428, 41.759148], [-8.034209, 41.765708]], [[-8.035542, 41.676637], [-8.023455, 41.68145], [-8.011413, 41.683257], [-7.99942, 41.681779], [-7.987552, 41.672416], [-7.982071, 41.659561], [-7.983658, 41.650568], [-7.990323, 41.641619], [-8.000135, 41.635616], [-8.01218, 41.633073], [-8.024175, 41.633776], [-8.03612, 41.637893], [-8.04133, 41.642056], [-8.048555, 41.651123], [-8.049509, 41.660138], [-8.044987, 41.669108], [-8.035542, 41.676637]]], [[[-8.227331, 41.712883], [-8.236407, 41.706567], [-8.241635, 41.697595], [-8.241392, 41.688586], [-8.234769, 41.679535], [-8.22778, 41.675336], [-8.215798, 41.672737], [-8.203768, 41.674117], [-8.191664, 41.681327], [-8.186601, 41.688211], [-8.185409, 41.69721], [-8.189954, 41.706249], [-8.20327, 41.714484], [-8.215273, 41.715966], [-8.227331, 41.712883]], [[-8.227425, 41.705019], [-8.215334, 41.71094], [-8.203325, 41.710033], [-8.197159, 41.7063], [-8.190473, 41.697246], [-8.192769, 41.688255], [-8.20369, 41.68043], [-8.215715, 41.67958], [-8.227662, 41.685194], [-8.23094, 41.688517], [-8.232638, 41.697535], [-8.227425, 41.705019]]], [[[-8.531238, 41.651802], [-8.533052, 41.645105], [-8.53021, 41.636087], [-8.523607, 41.627052], [-8.477566, 41.590823], [-8.470596, 41.581784], [-8.470985, 41.572779], [-8.483385, 41.55482], [-8.485318, 41.545822], [-8.478842, 41.536785], [-8.457304, 41.524822], [-8.445335, 41.522872], [-8.433319, 41.526384], [-8.422347, 41.536515], [-8.418402, 41.545503], [-8.416791, 41.572516], [-8.408133, 41.58148], [-8.383685, 41.599366], [-8.35223, 41.626214], [-8.336249, 41.644137], [-8.332088, 41.65312], [-8.331007, 41.662121], [-8.333177, 41.671141], [-8.339004, 41.680182], [-8.3478, 41.686998], [-8.359766, 41.692014], [-8.37177, 41.693288], [-8.383801, 41.691854], [-8.419965, 41.679193], [-8.432003, 41.67652], [-8.48468, 41.675896], [-8.484371, 41.674238], [-8.492924, 41.674887], [-8.49308, 41.674851], [-8.499963, 41.671038], [-8.50597, 41.671652], [-8.510761, 41.669538], [-8.509856, 41.668755], [-8.51702, 41.661979], [-8.522103, 41.658811], [-8.525706, 41.659023], [-8.527172, 41.653391], [-8.531238, 41.651802]], [[-8.407961, 41.678085], [-8.395891, 41.684034], [-8.383844, 41.687348], [-8.371825, 41.687681], [-8.359843, 41.684252], [-8.353277, 41.680263], [-8.346461, 41.671217], [-8.344735, 41.6622], [-8.347272, 41.653208], [-8.353826, 41.644238], [-8.376182, 41.626347], [-8.392121, 41.608418], [-8.402592, 41.599465], [-8.420771, 41.589259], [-8.432807, 41.584909], [-8.444812, 41.583957], [-8.456781, 41.58731], [-8.468723, 41.594066], [-8.48807, 41.608885], [-8.497098, 41.617932], [-8.502835, 41.626964], [-8.505306, 41.635982], [-8.504076, 41.644984], [-8.498559, 41.653967], [-8.480157, 41.664372], [-8.4561, 41.668414], [-8.432069, 41.669021], [-8.420031, 41.671906], [-8.407961, 41.678085]], [[-8.468993, 41.561084], [-8.456939, 41.568457], [-8.444936, 41.569541], [-8.433007, 41.562046], [-8.427994, 41.554558], [-8.426402, 41.545543], [-8.43003, 41.536554], [-8.433256, 41.53358], [-8.445292, 41.527871], [-8.457271, 41.528741], [-8.472547, 41.536756], [-8.477439, 41.545786], [-8.474588, 41.55478], [-8.468993, 41.561084]]], [[[-8.801327, 41.600351], [-8.82781, 41.582914], [-8.818497, 41.554794], [-8.8221, 41.547542], [-8.821717, 41.533832], [-8.815926, 41.525624], [-8.81063, 41.5101], [-8.813279, 41.503483], [-8.812976, 41.498005], [-8.804699, 41.482068], [-8.798552, 41.474753], [-8.80154, 41.446836], [-8.806115, 41.43713], [-8.807354, 41.425915], [-8.811166, 41.417099], [-8.808995, 41.380398], [-8.745608, 41.360704], [-8.709812, 41.344705], [-8.673603, 41.321322], [-8.638384, 41.29236], [-8.626473, 41.286657], [-8.614537, 41.28565], [-8.602587, 41.28702], [-8.566694, 41.296998], [-8.542734, 41.307222], [-8.523827, 41.3208], [-8.516906, 41.329778], [-8.509269, 41.347761], [-8.501249, 41.392765], [-8.491484, 41.428753], [-8.490992, 41.446765], [-8.493592, 41.455784], [-8.497863, 41.464811], [-8.50602, 41.473853], [-8.538233, 41.501009], [-8.545307, 41.510045], [-8.55771, 41.537116], [-8.563774, 41.546146], [-8.600693, 41.596719], [-8.611982, 41.607601], [-8.614156, 41.606692], [-8.619881, 41.610269], [-8.621338, 41.604636], [-8.628833, 41.604378], [-8.6366, 41.600518], [-8.639873, 41.597352], [-8.640152, 41.59465], [-8.645536, 41.593051], [-8.646744, 41.594171], [-8.649125, 41.591909], [-8.656622, 41.5921], [-8.660788, 41.588255], [-8.663794, 41.589141], [-8.665265, 41.585758], [-8.66948, 41.587989], [-8.684455, 41.586117], [-8.685608, 41.58071], [-8.697261, 41.576376], [-8.699932, 41.573333], [-8.684768, 41.580124], [-8.672755, 41.583367], [-8.648751, 41.585454], [-8.624781, 41.581221], [-8.612812, 41.576582], [-8.60086, 41.569495], [-8.58893, 41.559389], [-8.577898, 41.546199], [-8.568665, 41.52815], [-8.563623, 41.510116], [-8.557294, 41.501084], [-8.529513, 41.484239], [-8.516513, 41.473898], [-8.508908, 41.464858], [-8.505008, 41.455834], [-8.503529, 41.44682], [-8.504644, 41.437817], [-8.512959, 41.419838], [-8.530707, 41.392889], [-8.5369, 41.356884], [-8.543758, 41.338896], [-8.549974, 41.329912], [-8.559529, 41.320942], [-8.574232, 41.311989], [-8.590528, 41.305608], [-8.614441, 41.301948], [-8.626379, 41.303271], [-8.638305, 41.306588], [-8.650218, 41.31277], [-8.700959, 41.348419], [-8.720407, 41.366483], [-8.732936, 41.384528], [-8.736522, 41.393544], [-8.737711, 41.411562], [-8.731183, 41.429562], [-8.721352, 41.441291], [-8.709356, 41.44719], [-8.673426, 41.450048], [-8.66144, 41.452853], [-8.649429, 41.459879], [-8.645118, 41.465359], [-8.642857, 41.47436], [-8.646408, 41.483378], [-8.661229, 41.49322], [-8.673198, 41.495517], [-8.709147, 41.493848], [-8.721111, 41.497651], [-8.725268, 41.501608], [-8.730934, 41.510629], [-8.733099, 41.519642], [-8.731353, 41.537652], [-8.721374, 41.555643], [-8.712688, 41.564629], [-8.703909, 41.570716], [-8.712485, 41.569323], [-8.716422, 41.573805], [-8.720316, 41.57356], [-8.725151, 41.577811], [-8.726633, 41.576003], [-8.734424, 41.575737], [-8.736564, 41.580228], [-8.738354, 41.579318], [-8.740778, 41.582006], [-8.74467, 41.581535], [-8.750711, 41.58623], [-8.756374, 41.582823], [-8.75635, 41.580347], [-8.762327, 41.578514], [-8.764443, 41.580303], [-8.767441, 41.580286], [-8.769874, 41.583874], [-8.768997, 41.58613], [-8.773228, 41.589482], [-8.774165, 41.593303], [-8.78556, 41.593464], [-8.797327, 41.600599], [-8.801327, 41.600351]]], [[[-8.700528, 41.572941], [-8.700528, 41.572941], [-8.700462, 41.572984], [-8.700528, 41.572941]]], [[[-8.70023, 41.573137], [-8.70023, 41.573137], [-8.700117, 41.573211], [-8.70023, 41.573137]]], [[[-8.073011, 41.551198], [-8.085305, 41.555917], [-8.097267, 41.557997], [-8.109258, 41.558077], [-8.12128, 41.555895], [-8.133346, 41.550273], [-8.140875, 41.543764], [-8.144962, 41.534787], [-8.144688, 41.525778], [-8.13912, 41.516729], [-8.133834, 41.513677], [-8.116648, 41.507551], [-8.093, 41.505], [-8.0915, 41.509112], [-8.097959, 41.50822], [-8.109929, 41.50915], [-8.121867, 41.512472], [-8.130353, 41.516663], [-8.13692, 41.52572], [-8.136692, 41.534726], [-8.130251, 41.543684], [-8.121371, 41.549159], [-8.10934, 41.552103], [-8.097351, 41.551986], [-8.082788, 41.547468], [-8.080687, 41.551651], [-8.074396, 41.549848], [-8.073011, 41.551198]]], [[[-8.12123, 41.376993], [-8.129952, 41.390557], [-8.138774, 41.39963], [-8.150214, 41.408723], [-8.170974, 41.420489], [-8.182884, 41.424997], [-8.206767, 41.429246], [-8.218737, 41.429074], [-8.242728, 41.424425], [-8.254751, 41.419549], [-8.271355, 41.409554], [-8.281214, 41.400608], [-8.288073, 41.391644], [-8.292227, 41.382662], [-8.296146, 41.364671], [-8.295536, 41.346652], [-8.29079, 41.328607], [-8.28419, 41.316341], [-8.281801, 41.316569], [-8.279132, 41.324451], [-8.272266, 41.32536], [-8.268988, 41.328488], [-8.279528, 41.343107], [-8.284319, 41.35559], [-8.285733, 41.373614], [-8.283955, 41.38261], [-8.273344, 41.400559], [-8.262741, 41.409499], [-8.242786, 41.419373], [-8.230783, 41.422545], [-8.206838, 41.423435], [-8.194897, 41.421324], [-8.182981, 41.417262], [-8.167141, 41.408847], [-8.156019, 41.399758], [-8.148483, 41.390695], [-8.141533, 41.377218], [-8.139096, 41.377894], [-8.133418, 41.374292], [-8.125051, 41.375193], [-8.12123, 41.376993]]], [[[-8.612903, 41.177003], [-8.631326, 41.231116], [-8.638651, 41.24396], [-8.650545, 41.251502], [-8.662475, 41.252776], [-8.674415, 41.25192], [-8.803238, 41.234285], [-8.801545, 41.19119], [-8.792382, 41.204496], [-8.782244, 41.213485], [-8.768061, 41.222465], [-8.758059, 41.226847], [-8.734163, 41.234955], [-8.710275, 41.240149], [-8.686394, 41.24281], [-8.674461, 41.242712], [-8.66133, 41.240216], [-8.650631, 41.235329], [-8.645983, 41.231162], [-8.63877, 41.222277], [-8.634061, 41.213109], [-8.627065, 41.187523], [-8.621132, 41.178994], [-8.612903, 41.177003]]]]}}, {"id": "5", "type": "Feature", "properties": {"fill": "#ea870e", "value_min": -2.33, "value_max": -2.0}, "geometry": {"type": "MultiPolygon", "coordinates": [[[[-7.874868, 41.84582], [-7.888578, 41.838924], [-7.897739, 41.829913], [-7.903097, 41.820958], [-7.904658, 41.811966], [-7.901245, 41.802536], [-7.889396, 41.791621], [-7.877412, 41.788695], [-7.865375, 41.788804], [-7.844047, 41.793359], [-7.829861, 41.802222], [-7.824179, 41.81117], [-7.823896, 41.820174], [-7.82793, 41.829222], [-7.840355, 41.84155], [-7.852311, 41.846482], [-7.864338, 41.847506], [-7.87276, 41.846157], [-7.873066, 41.844875], [-7.874868, 41.84582]], [[-7.8644, 41.844003], [-7.852387, 41.842206], [-7.840457, 41.835884], [-7.833701, 41.829281], [-7.829655, 41.820233], [-7.829832, 41.811228], [-7.834688, 41.802271], [-7.850368, 41.793422], [-7.865349, 41.790313], [-7.877383, 41.790322], [-7.889354, 41.794048], [-7.899057, 41.802906], [-7.902011, 41.811941], [-7.900481, 41.820933], [-7.888632, 41.83585], [-7.876479, 41.842108], [-7.8644, 41.844003]]], [[[-7.962141, 41.758588], [-7.956087, 41.749397], [-7.950297, 41.747199], [-7.938241, 41.74897], [-7.930399, 41.758168], [-7.936244, 41.767229], [-7.94995, 41.76852], [-7.954274, 41.767394], [-7.962141, 41.758588]], [[-7.937998, 41.763686], [-7.934237, 41.758203], [-7.938165, 41.753561], [-7.950223, 41.751716], [-7.957118, 41.758413], [-7.949994, 41.765778], [-7.937998, 41.763686]]], [[[-8.034248, 41.741074], [-8.033293, 41.732059], [-8.02576, 41.722988], [-8.010913, 41.715893], [-7.998888, 41.716106], [-7.98681, 41.722651], [-7.980843, 41.731606], [-7.981064, 41.740614], [-7.989133, 41.749693], [-7.99829, 41.754581], [-8.010289, 41.75655], [-8.022353, 41.754206], [-8.028357, 41.750031], [-8.034248, 41.741074]], [[-8.01034, 41.753196], [-7.997146, 41.749763], [-7.987371, 41.74067], [-7.986346, 41.731654], [-7.992363, 41.7227], [-7.99884, 41.71919], [-8.010879, 41.718059], [-8.022871, 41.722964], [-8.030748, 41.732037], [-8.030957, 41.741046], [-8.022415, 41.750105], [-8.01034, 41.753196]]], [[[-8.035673, 41.667842], [-8.040447, 41.660063], [-8.035939, 41.650037], [-8.023997, 41.645559], [-8.011948, 41.648274], [-8.008269, 41.650783], [-8.004112, 41.659754], [-8.009786, 41.66881], [-8.023589, 41.672572], [-8.035673, 41.667842]], [[-8.019406, 41.668892], [-8.011715, 41.663479], [-8.009218, 41.659798], [-8.016976, 41.650857], [-8.023948, 41.648848], [-8.029436, 41.650963], [-8.035849, 41.656035], [-8.037514, 41.660038], [-8.035746, 41.662917], [-8.026564, 41.668953], [-8.023629, 41.669967], [-8.019406, 41.668892]]], [[[-8.468331, 41.641788], [-8.473416, 41.63584], [-8.474893, 41.62684], [-8.470773, 41.617814], [-8.456607, 41.607995], [-8.444626, 41.605685], [-8.432609, 41.607562], [-8.418272, 41.61756], [-8.414906, 41.62655], [-8.417239, 41.635569], [-8.427269, 41.644627], [-8.432262, 41.647134], [-8.444249, 41.649554], [-8.456269, 41.648281], [-8.468331, 41.641788]], [[-8.444294, 41.644328], [-8.432315, 41.64101], [-8.425483, 41.635611], [-8.422231, 41.626587], [-8.426343, 41.617601], [-8.432559, 41.61323], [-8.444585, 41.610506], [-8.456564, 41.613211], [-8.463205, 41.617779], [-8.468016, 41.626808], [-8.465258, 41.635803], [-8.456319, 41.642315], [-8.444294, 41.644328]]], [[[-8.649036, 41.532636], [-8.650586, 41.528428], [-8.647447, 41.519411], [-8.634483, 41.510363], [-8.625205, 41.50788], [-8.613212, 41.509464], [-8.601652, 41.519261], [-8.601102, 41.530122], [-8.605458, 41.537289], [-8.613014, 41.542835], [-8.624986, 41.545768], [-8.636986, 41.543916], [-8.646806, 41.537424], [-8.649036, 41.532636]], [[-8.625038, 41.536669], [-8.613083, 41.531241], [-8.611026, 41.528301], [-8.614045, 41.519304], [-8.625156, 41.516332], [-8.633323, 41.519367], [-8.638049, 41.528389], [-8.625038, 41.536669]]], [[[-8.095978, 41.534578], [-8.109556, 41.536366], [-8.112824, 41.534544], [-8.116722, 41.525567], [-8.109783, 41.51984], [-8.097788, 41.520514], [-8.092389, 41.525177], [-8.092389, 41.525959], [-8.092492, 41.526221], [-8.09258, 41.526446], [-8.095676, 41.534325], [-8.095978, 41.534578]]], [[[-8.576586, 41.45612], [-8.574414, 41.447104], [-8.565747, 41.439593], [-8.553796, 41.436648], [-8.54181, 41.439009], [-8.532209, 41.44694], [-8.529618, 41.455937], [-8.534722, 41.464966], [-8.541594, 41.469773], [-8.553552, 41.47236], [-8.565546, 41.46964], [-8.572286, 41.465111], [-8.576586, 41.45612]], [[-8.552084, 41.465034], [-8.54166, 41.460291], [-8.539102, 41.455976], [-8.54173, 41.450357], [-8.553733, 41.445909], [-8.556587, 41.447037], [-8.564377, 41.456074], [-8.554542, 41.465044], [-8.552084, 41.465034]]], [[[-8.174926, 41.37721], [-8.179322, 41.390919], [-8.187889, 41.399988], [-8.195104, 41.404532], [-8.207012, 41.409106], [-8.218956, 41.41084], [-8.230931, 41.40996], [-8.242938, 41.406334], [-8.254991, 41.398522], [-8.261244, 41.391474], [-8.264888, 41.38249], [-8.265285, 41.373485], [-8.26265, 41.364461], [-8.252195, 41.352169], [-8.249622, 41.353072], [-8.251122, 41.356222], [-8.249842, 41.358474], [-8.255844, 41.364417], [-8.259623, 41.373449], [-8.259639, 41.382457], [-8.255713, 41.391439], [-8.245977, 41.400383], [-8.230975, 41.406204], [-8.219002, 41.406986], [-8.207064, 41.404808], [-8.19674, 41.40005], [-8.186892, 41.390973], [-8.182917, 41.381937], [-8.182784, 41.376307], [-8.174926, 41.37721]]], [[[-8.661761, 41.390837], [-8.670463, 41.384366], [-8.676731, 41.375377], [-8.678518, 41.366374], [-8.676591, 41.357361], [-8.67107, 41.348338], [-8.661274, 41.339302], [-8.65011, 41.332999], [-8.63818, 41.32925], [-8.626236, 41.328146], [-8.614277, 41.329808], [-8.602297, 41.33465], [-8.590278, 41.345599], [-8.585096, 41.357067], [-8.585173, 41.366075], [-8.588551, 41.375095], [-8.595656, 41.384128], [-8.601965, 41.389121], [-8.613893, 41.394781], [-8.625839, 41.397517], [-8.6378, 41.397768], [-8.649774, 41.3957], [-8.661761, 41.390837]], [[-8.637846, 41.389631], [-8.625887, 41.389278], [-8.613946, 41.385777], [-8.602037, 41.377332], [-8.59549, 41.366112], [-8.595258, 41.357104], [-8.602234, 41.345035], [-8.614233, 41.337166], [-8.6262, 41.334487], [-8.638148, 41.3351], [-8.650078, 41.338928], [-8.662783, 41.348314], [-8.668196, 41.357337], [-8.669199, 41.366348], [-8.665702, 41.375345], [-8.66182, 41.37956], [-8.649821, 41.386956], [-8.637846, 41.389631]]], [[[-8.72234, 41.20895], [-8.726371, 41.204358], [-8.729275, 41.195357], [-8.728038, 41.186346], [-8.722166, 41.177324], [-8.710585, 41.169853], [-8.698677, 41.16685], [-8.686756, 41.167123], [-8.674817, 41.170758], [-8.662847, 41.180197], [-8.659306, 41.186163], [-8.657458, 41.195165], [-8.6593, 41.204179], [-8.666199, 41.213207], [-8.674581, 41.218385], [-8.686496, 41.221529], [-8.698428, 41.221136], [-8.710375, 41.217454], [-8.717946, 41.213345], [-8.72234, 41.20895]], [[-8.698471, 41.211883], [-8.686537, 41.212933], [-8.674637, 41.207082], [-8.671918, 41.204215], [-8.669951, 41.195202], [-8.674292, 41.186206], [-8.686691, 41.180632], [-8.698611, 41.181263], [-8.707866, 41.186296], [-8.712793, 41.195317], [-8.710442, 41.204319], [-8.698471, 41.211883]]]]}}, {"id": "4", "type": "Feature", "properties": {"fill": "#d75e13", "value_min": -2.67, "value_max": -2.33}, "geometry": {"type": "MultiPolygon", "coordinates": [[[[-7.8644, 41.844003], [-7.876479, 41.842108], [-7.888632, 41.83585], [-7.900481, 41.820933], [-7.902011, 41.811941], [-7.899057, 41.802906], [-7.889354, 41.794048], [-7.877383, 41.790322], [-7.865349, 41.790313], [-7.850368, 41.793422], [-7.834688, 41.802271], [-7.829832, 41.811228], [-7.829655, 41.820233], [-7.833701, 41.829281], [-7.840457, 41.835884], [-7.852387, 41.842206], [-7.8644, 41.844003]], [[-7.854743, 41.838499], [-7.840554, 41.830517], [-7.833967, 41.820277], [-7.833803, 41.811268], [-7.839514, 41.80232], [-7.853238, 41.794556], [-7.865322, 41.791822], [-7.877355, 41.791949], [-7.889317, 41.79618], [-7.896659, 41.802883], [-7.899402, 41.811916], [-7.898164, 41.820911], [-7.891689, 41.829855], [-7.888684, 41.832802], [-7.876539, 41.838666], [-7.864462, 41.840501], [-7.854743, 41.838499]]], [[[-7.937998, 41.763686], [-7.949994, 41.765778], [-7.957118, 41.758413], [-7.950223, 41.751716], [-7.938165, 41.753561], [-7.934237, 41.758203], [-7.937998, 41.763686]], [[-7.938088, 41.758259], [-7.950144, 41.756567], [-7.951996, 41.758367], [-7.950083, 41.760345], [-7.938088, 41.758259]]], [[[-8.01034, 41.753196], [-8.022415, 41.750105], [-8.030957, 41.741046], [-8.030748, 41.732037], [-8.022871, 41.722964], [-8.010879, 41.718059], [-7.99884, 41.71919], [-7.992363, 41.7227], [-7.986346, 41.731654], [-7.987371, 41.74067], [-7.997146, 41.749763], [-8.01034, 41.753196]], [[-8.010391, 41.74985], [-7.998413, 41.746698], [-7.991597, 41.740707], [-7.990063, 41.731687], [-7.997916, 41.722749], [-8.010846, 41.720224], [-8.022784, 41.725778], [-8.028204, 41.732016], [-8.027666, 41.741018], [-8.022469, 41.74652], [-8.010391, 41.74985]]], [[[-8.019406, 41.668892], [-8.023629, 41.669967], [-8.026564, 41.668953], [-8.035746, 41.662917], [-8.037514, 41.660038], [-8.035849, 41.656035], [-8.029436, 41.650963], [-8.023948, 41.648848], [-8.016976, 41.650857], [-8.009218, 41.659798], [-8.011715, 41.663479], [-8.019406, 41.668892]], [[-8.015146, 41.659849], [-8.023886, 41.652941], [-8.032863, 41.659999], [-8.023688, 41.666049], [-8.015146, 41.659849]]], [[[-8.444294, 41.644328], [-8.456319, 41.642315], [-8.465258, 41.635803], [-8.468016, 41.626808], [-8.463205, 41.617779], [-8.456564, 41.613211], [-8.444585, 41.610506], [-8.432559, 41.61323], [-8.426343, 41.617601], [-8.422231, 41.626587], [-8.425483, 41.635611], [-8.432315, 41.64101], [-8.444294, 41.644328]], [[-8.444339, 41.639125], [-8.434222, 41.635654], [-8.428955, 41.626621], [-8.432497, 41.620349], [-8.436126, 41.617649], [-8.444544, 41.615228], [-8.456513, 41.619196], [-8.461109, 41.626776], [-8.456895, 41.635764], [-8.444339, 41.639125]]], [[[-8.625038, 41.536669], [-8.638049, 41.528389], [-8.633323, 41.519367], [-8.625156, 41.516332], [-8.614045, 41.519304], [-8.611026, 41.528301], [-8.613083, 41.531241], [-8.625038, 41.536669]]], [[[-8.552084, 41.465034], [-8.554542, 41.465044], [-8.564377, 41.456074], [-8.556587, 41.447037], [-8.553733, 41.445909], [-8.54173, 41.450357], [-8.539102, 41.455976], [-8.54166, 41.460291], [-8.552084, 41.465034]]], [[[-8.182784, 41.376307], [-8.182917, 41.381937], [-8.186892, 41.390973], [-8.19674, 41.40005], [-8.207064, 41.404808], [-8.219002, 41.406986], [-8.230975, 41.406204], [-8.245977, 41.400383], [-8.255713, 41.391439], [-8.259639, 41.382457], [-8.259623, 41.373449], [-8.255844, 41.364417], [-8.249842, 41.358474], [-8.248141, 41.360052], [-8.248403, 41.364328], [-8.253883, 41.373412], [-8.254362, 41.382423], [-8.250013, 41.391402], [-8.243041, 41.397473], [-8.231019, 41.40249], [-8.219047, 41.403231], [-8.206262, 41.400116], [-8.193962, 41.391023], [-8.189639, 41.381985], [-8.18992, 41.375853], [-8.182784, 41.376307]]], [[[-8.637846, 41.389631], [-8.649821, 41.386956], [-8.66182, 41.37956], [-8.665702, 41.375345], [-8.669199, 41.366348], [-8.668196, 41.357337], [-8.662783, 41.348314], [-8.650078, 41.338928], [-8.638148, 41.3351], [-8.6262, 41.334487], [-8.614233, 41.337166], [-8.602234, 41.345035], [-8.595258, 41.357104], [-8.59549, 41.366112], [-8.602037, 41.377332], [-8.613946, 41.385777], [-8.625887, 41.389278], [-8.637846, 41.389631]], [[-8.637886, 41.382342], [-8.625929, 41.381919], [-8.613998, 41.377106], [-8.605125, 41.366146], [-8.604749, 41.357137], [-8.610271, 41.348148], [-8.614186, 41.345235], [-8.626164, 41.340836], [-8.638115, 41.341076], [-8.650042, 41.34575], [-8.659887, 41.357313], [-8.660244, 41.366322], [-8.654278, 41.375311], [-8.649866, 41.378477], [-8.637886, 41.382342]]], [[[-8.698471, 41.211883], [-8.710442, 41.204319], [-8.712793, 41.195317], [-8.707866, 41.186296], [-8.698611, 41.181263], [-8.686691, 41.180632], [-8.674292, 41.186206], [-8.669951, 41.195202], [-8.671918, 41.204215], [-8.674637, 41.207082], [-8.686537, 41.212933], [-8.698471, 41.211883]]]]}}, {"id": "14", "type": "Feature", "properties": {"fill": "#a3a3a3", "value_min": 0.67, "value_max": 1.0}, "geometry": {"type": "MultiPolygon", "coordinates": [[[[-8.00676, 41.843296], [-8.000975, 41.830858], [-7.991382, 41.821767], [-7.959382, 41.803468], [-7.961681, 41.794482], [-7.956858, 41.785432], [-7.949715, 41.782879], [-7.93768, 41.782962], [-7.932023, 41.785203], [-7.92962, 41.794188], [-7.941919, 41.812315], [-7.937169, 41.813924], [-7.924918, 41.826581], [-7.918085, 41.839114], [-7.916379, 41.848104], [-7.917366, 41.85712], [-7.921386, 41.866165], [-7.931728, 41.876501], [-7.935283, 41.874707], [-7.937389, 41.87516], [-7.940109, 41.871995], [-7.936229, 41.870705], [-7.924362, 41.859748], [-7.9204, 41.848142], [-7.921391, 41.839145], [-7.926025, 41.830181], [-7.937067, 41.820046], [-7.949189, 41.815106], [-7.961225, 41.815331], [-7.973206, 41.819033], [-7.989483, 41.830757], [-7.994332, 41.839807], [-7.995105, 41.84882], [-7.991058, 41.859258], [-7.995547, 41.858138], [-7.994047, 41.855211], [-7.996765, 41.851162], [-8.00339, 41.85027], [-8.00676, 41.843296]], [[-7.937444, 41.797282], [-7.935029, 41.794238], [-7.937221, 41.785252], [-7.95102, 41.785378], [-7.954104, 41.794413], [-7.949452, 41.799033], [-7.937444, 41.797282]]], [[[-7.990123, 41.860305], [-7.984327, 41.866739], [-7.972338, 41.87328], [-7.964494, 41.874653], [-7.973828, 41.875216], [-7.987996, 41.869157], [-7.990123, 41.860305]]], [[[-7.961782, 41.875128], [-7.961782, 41.875128], [-7.960276, 41.875392], [-7.961782, 41.875128]]], [[[-7.956767, 41.875191], [-7.956767, 41.875191], [-7.956362, 41.875167], [-7.956767, 41.875191]]], [[[-7.991028, 41.859292], [-7.991028, 41.859292], [-7.990857, 41.859483], [-7.991028, 41.859292]]], [[[-7.990726, 41.85963], [-7.990726, 41.85963], [-7.990456, 41.859933], [-7.990726, 41.85963]]], [[[-7.990424, 41.859968], [-7.990424, 41.859968], [-7.990255, 41.860157], [-7.990424, 41.859968]]], [[[-8.324111, 41.76465], [-8.327299, 41.75217], [-8.323901, 41.743143], [-8.316235, 41.734091], [-8.299314, 41.72584], [-8.287306, 41.724538], [-8.27526, 41.726601], [-8.263167, 41.732706], [-8.253441, 41.742707], [-8.24997, 41.751691], [-8.250438, 41.760701], [-8.255103, 41.769739], [-8.259398, 41.773562], [-8.259957, 41.774061], [-8.260155, 41.774237], [-8.275271, 41.765032], [-8.269234, 41.760823], [-8.264225, 41.751784], [-8.26706, 41.742795], [-8.275149, 41.736424], [-8.286065, 41.733907], [-8.299188, 41.737432], [-8.305863, 41.743036], [-8.308169, 41.752057], [-8.304619, 41.758379], [-8.30778, 41.758824], [-8.307785, 41.760625], [-8.311096, 41.762195], [-8.318308, 41.761283], [-8.324111, 41.76465]]], [[[-7.889971, 41.758282], [-7.89128, 41.74879], [-7.897307, 41.739841], [-7.914498, 41.730435], [-7.922201, 41.722063], [-7.924711, 41.71308], [-7.922529, 41.704053], [-7.915088, 41.695377], [-7.903172, 41.689404], [-7.891167, 41.688792], [-7.879041, 41.695076], [-7.866583, 41.720169], [-7.855417, 41.730425], [-7.83854, 41.739262], [-7.832158, 41.748204], [-7.831721, 41.757207], [-7.836827, 41.766265], [-7.853603, 41.774049], [-7.865621, 41.774865], [-7.87771, 41.771626], [-7.885888, 41.766751], [-7.889971, 41.758282]], [[-7.865664, 41.772431], [-7.853655, 41.771167], [-7.843772, 41.766335], [-7.838623, 41.757277], [-7.842045, 41.747713], [-7.854211, 41.739912], [-7.86629, 41.736888], [-7.878264, 41.739786], [-7.884034, 41.74872], [-7.88565, 41.757742], [-7.880979, 41.766704], [-7.865664, 41.772431]], [[-7.890345, 41.736557], [-7.878275, 41.739162], [-7.872734, 41.721589], [-7.875157, 41.712606], [-7.881539, 41.703661], [-7.891023, 41.697152], [-7.90304, 41.697176], [-7.914936, 41.704412], [-7.919112, 41.713028], [-7.917043, 41.722015], [-7.902424, 41.73343], [-7.890345, 41.736557]]], [[[-8.446173, 41.705185], [-8.431809, 41.698639], [-8.4198, 41.697607], [-8.407762, 41.69979], [-8.391698, 41.707494], [-8.383712, 41.716459], [-8.379865, 41.725445], [-8.380423, 41.732285], [-8.384922, 41.73032], [-8.387332, 41.73189], [-8.393467, 41.730076], [-8.391017, 41.725505], [-8.392073, 41.716503], [-8.400485, 41.70754], [-8.407723, 41.704102], [-8.41976, 41.702035], [-8.431759, 41.704303], [-8.43851, 41.707732], [-8.441621, 41.711664], [-8.446173, 41.705185]]], [[[-8.178818, 41.746655], [-8.180348, 41.742209], [-8.178898, 41.740412], [-8.166944, 41.734781], [-8.1556, 41.74203], [-8.164002, 41.751098], [-8.16672, 41.752149], [-8.178818, 41.746655]]], [[[-8.154955, 41.732073], [-8.160447, 41.715044], [-8.159314, 41.706029], [-8.150502, 41.68795], [-8.141176, 41.66086], [-8.132032, 41.648442], [-8.125378, 41.642726], [-8.122345, 41.633696], [-8.128143, 41.624733], [-8.12958, 41.615737], [-8.126124, 41.606703], [-8.115505, 41.597615], [-8.0968, 41.591553], [-8.084804, 41.591381], [-8.07276, 41.594629], [-8.068405, 41.597243], [-8.060911, 41.606189], [-8.060068, 41.615189], [-8.063984, 41.624229], [-8.081172, 41.642381], [-8.078275, 41.651365], [-8.071867, 41.656888], [-8.058819, 41.678229], [-8.050393, 41.687166], [-8.037461, 41.696066], [-8.034859, 41.705051], [-8.042008, 41.714118], [-8.046949, 41.717756], [-8.05892, 41.721197], [-8.088772, 41.723505], [-8.118839, 41.735257], [-8.130831, 41.737699], [-8.14286, 41.737377], [-8.154955, 41.732073]], [[-8.131055, 41.721103], [-8.121105, 41.71475], [-8.124055, 41.705766], [-8.131342, 41.699758], [-8.143341, 41.701216], [-8.147335, 41.705941], [-8.147104, 41.714946], [-8.143107, 41.71885], [-8.131055, 41.721103]], [[-8.046995, 41.714631], [-8.03934, 41.705089], [-8.043602, 41.696117], [-8.060316, 41.687248], [-8.071757, 41.664534], [-8.0839, 41.655271], [-8.09594, 41.653132], [-8.107913, 41.655749], [-8.115808, 41.660667], [-8.124346, 41.66974], [-8.12621, 41.678761], [-8.118807, 41.687711], [-8.095212, 41.705141], [-8.08316, 41.707425], [-8.068907, 41.714339], [-8.058984, 41.716812], [-8.046995, 41.714631]], [[-8.084246, 41.630848], [-8.072366, 41.622106], [-8.069339, 41.615265], [-8.072587, 41.606652], [-8.084678, 41.60031], [-8.096669, 41.60092], [-8.106321, 41.606551], [-8.110074, 41.615587], [-8.105463, 41.624559], [-8.09625, 41.630987], [-8.084246, 41.630848]]], [[[-8.349061, 41.561732], [-8.373161, 41.54987], [-8.385246, 41.539838], [-8.402262, 41.518398], [-8.405469, 41.509407], [-8.400203, 41.482358], [-8.401, 41.473354], [-8.408724, 41.446372], [-8.407571, 41.437359], [-8.398296, 41.42522], [-8.386388, 41.418945], [-8.362504, 41.413935], [-8.33859, 41.412319], [-8.326618, 41.412922], [-8.314627, 41.415347], [-8.290585, 41.425506], [-8.22721, 41.463311], [-8.215396, 41.472238], [-8.207092, 41.481189], [-8.202078, 41.490161], [-8.200307, 41.508164], [-8.206624, 41.526222], [-8.217402, 41.540107], [-8.229278, 41.549598], [-8.253125, 41.561243], [-8.27704, 41.567543], [-8.301006, 41.56957], [-8.325012, 41.567804], [-8.349061, 41.561732]], [[-8.32512, 41.557483], [-8.301146, 41.55653], [-8.289182, 41.553972], [-8.265304, 41.544821], [-8.24788, 41.535507], [-8.229579, 41.524269], [-8.223733, 41.517331], [-8.22034, 41.508301], [-8.221731, 41.499303], [-8.22654, 41.490328], [-8.247261, 41.463444], [-8.26861, 41.445566], [-8.290512, 41.432252], [-8.314551, 41.422579], [-8.326541, 41.420428], [-8.338513, 41.419844], [-8.362426, 41.421908], [-8.374365, 41.424842], [-8.38628, 41.430401], [-8.39411, 41.437288], [-8.398112, 41.445195], [-8.399518, 41.455332], [-8.39682, 41.48234], [-8.399264, 41.509375], [-8.39561, 41.518363], [-8.389072, 41.527336], [-8.37324, 41.541643], [-8.361184, 41.548481], [-8.349149, 41.552961], [-8.32512, 41.557483]]], [[[-8.493324, 41.516794], [-8.49638, 41.509841], [-8.493408, 41.506018], [-8.48146, 41.501726], [-8.471395, 41.509729], [-8.478117, 41.518767], [-8.481313, 41.52018], [-8.490642, 41.518823], [-8.493324, 41.516794]]], [[[-8.143669, 41.480734], [-8.142374, 41.471717], [-8.134496, 41.463983], [-8.122584, 41.459317], [-8.110612, 41.459195], [-8.102057, 41.462402], [-8.09857, 41.464193], [-8.092462, 41.471334], [-8.091696, 41.480335], [-8.098227, 41.488873], [-8.110142, 41.493615], [-8.122112, 41.494339], [-8.134137, 41.490988], [-8.13723, 41.489693], [-8.143669, 41.480734]], [[-8.110204, 41.489048], [-8.103767, 41.48043], [-8.110444, 41.471536], [-8.122418, 41.471698], [-8.129227, 41.480625], [-8.122178, 41.489427], [-8.110204, 41.489048]]], [[[-8.73385, 41.31203], [-8.743544, 41.303483], [-8.745684, 41.29448], [-8.741506, 41.285463], [-8.733981, 41.279958], [-8.722056, 41.276116], [-8.710113, 41.276751], [-8.698146, 41.282495], [-8.695082, 41.28535], [-8.691656, 41.294348], [-8.694323, 41.303363], [-8.698032, 41.307299], [-8.709948, 41.313931], [-8.721891, 41.315004], [-8.73385, 41.31203]], [[-8.714224, 41.303414], [-8.709997, 41.303018], [-8.70622, 41.294386], [-8.710055, 41.289836], [-8.722, 41.289415], [-8.726972, 41.294438], [-8.722362, 41.303434], [-8.714224, 41.303414]]], [[[-8.536128, 41.212531], [-8.53357, 41.221754], [-8.538147, 41.23078], [-8.543241, 41.234456], [-8.555149, 41.238118], [-8.567094, 41.236423], [-8.575681, 41.230925], [-8.580292, 41.221934], [-8.577736, 41.212917], [-8.567676, 41.204997], [-8.565895, 41.206227], [-8.567697, 41.208246], [-8.566512, 41.209376], [-8.559636, 41.206251], [-8.554271, 41.20627], [-8.549521, 41.209214], [-8.544157, 41.209458], [-8.54238, 41.211265], [-8.536128, 41.212531]]]]}}, {"id": "13", "type": "Feature", "properties": {"fill": "#a3a3a3", "value_min": 0.33, "value_max": 0.67}, "geometry": {"type": "MultiPolygon", "coordinates": [[[[-8.019283, 41.83138], [-8.008888, 41.82192], [-7.978331, 41.803638], [-7.973516, 41.799621], [-7.963151, 41.785489], [-7.949748, 41.780857], [-7.937715, 41.78084], [-7.926824, 41.785155], [-7.924374, 41.794139], [-7.931824, 41.812222], [-7.919291, 41.830118], [-7.912345, 41.848066], [-7.913166, 41.866087], [-7.919475, 41.87873], [-7.931728, 41.876501], [-7.921386, 41.866165], [-7.917366, 41.85712], [-7.916379, 41.848104], [-7.918085, 41.839114], [-7.924918, 41.826581], [-7.937169, 41.813924], [-7.941919, 41.812315], [-7.92962, 41.794188], [-7.932023, 41.785203], [-7.93768, 41.782962], [-7.949715, 41.782879], [-7.956858, 41.785432], [-7.961681, 41.794482], [-7.959382, 41.803468], [-7.991382, 41.821767], [-8.000975, 41.830858], [-8.00676, 41.843296], [-8.007928, 41.838796], [-8.012753, 41.833624], [-8.013062, 41.829348], [-8.019283, 41.83138]]], [[[-7.731438, 41.870151], [-7.733134, 41.873249], [-7.743241, 41.88021], [-7.755255, 41.882153], [-7.767359, 41.879435], [-7.774752, 41.873701], [-7.779871, 41.864748], [-7.7781, 41.855723], [-7.767996, 41.846317], [-7.755994, 41.844027], [-7.748148, 41.84526], [-7.750532, 41.849261], [-7.743309, 41.849012], [-7.746901, 41.8524], [-7.746881, 41.855776], [-7.73843, 41.859348], [-7.734159, 41.868337], [-7.731438, 41.870151]]], [[[-8.452076, 41.699981], [-8.443846, 41.696417], [-8.431852, 41.693708], [-8.419836, 41.693576], [-8.407798, 41.695896], [-8.382777, 41.707446], [-8.359405, 41.728399], [-8.347351, 41.731383], [-8.311436, 41.716665], [-8.299446, 41.713764], [-8.287428, 41.713486], [-8.275376, 41.716281], [-8.263294, 41.721572], [-8.226898, 41.749015], [-8.214856, 41.750222], [-8.195091, 41.733306], [-8.17913, 41.722177], [-8.172816, 41.715134], [-8.164297, 41.688051], [-8.165645, 41.670047], [-8.18438, 41.634153], [-8.187166, 41.625166], [-8.187938, 41.616164], [-8.18594, 41.607143], [-8.180668, 41.600907], [-8.168748, 41.594742], [-8.15679, 41.591574], [-8.108915, 41.583071], [-8.08494, 41.581761], [-8.072924, 41.583137], [-8.06087, 41.587095], [-8.049864, 41.597091], [-8.047784, 41.606081], [-8.049678, 41.615104], [-8.054603, 41.624152], [-8.068383, 41.642278], [-8.068838, 41.651289], [-8.053611, 41.678186], [-8.031619, 41.696017], [-8.030692, 41.705016], [-8.037669, 41.714082], [-8.046902, 41.720881], [-8.07592, 41.73241], [-8.089695, 41.741526], [-8.118427, 41.76538], [-8.142283, 41.780725], [-8.166255, 41.788061], [-8.202334, 41.790062], [-8.217591, 41.794922], [-8.217589, 41.793634], [-8.224207, 41.794303], [-8.229917, 41.791598], [-8.240744, 41.791588], [-8.24074, 41.789338], [-8.244347, 41.787984], [-8.245546, 41.785731], [-8.251257, 41.784375], [-8.251845, 41.777172], [-8.259398, 41.773562], [-8.255103, 41.769739], [-8.250438, 41.760701], [-8.24997, 41.751691], [-8.253441, 41.742707], [-8.263167, 41.732706], [-8.27526, 41.726601], [-8.287306, 41.724538], [-8.299314, 41.72584], [-8.316235, 41.734091], [-8.323901, 41.743143], [-8.327299, 41.75217], [-8.324111, 41.76465], [-8.326436, 41.765096], [-8.328234, 41.763292], [-8.330341, 41.764189], [-8.332141, 41.762835], [-8.336653, 41.763728], [-8.341756, 41.761468], [-8.344765, 41.762363], [-8.349267, 41.760103], [-8.352557, 41.755145], [-8.349814, 41.744122], [-8.352516, 41.743441], [-8.352203, 41.739616], [-8.357897, 41.735103], [-8.362407, 41.735994], [-8.368703, 41.73193], [-8.373822, 41.734846], [-8.380423, 41.732285], [-8.379865, 41.725445], [-8.383712, 41.716459], [-8.391698, 41.707494], [-8.407762, 41.69979], [-8.4198, 41.697607], [-8.431809, 41.698639], [-8.446173, 41.705185], [-8.452076, 41.699981]], [[-8.178818, 41.746655], [-8.16672, 41.752149], [-8.164002, 41.751098], [-8.1556, 41.74203], [-8.166944, 41.734781], [-8.178898, 41.740412], [-8.180348, 41.742209], [-8.178818, 41.746655]], [[-8.154955, 41.732073], [-8.14286, 41.737377], [-8.130831, 41.737699], [-8.118839, 41.735257], [-8.088772, 41.723505], [-8.05892, 41.721197], [-8.046949, 41.717756], [-8.042008, 41.714118], [-8.034859, 41.705051], [-8.037461, 41.696066], [-8.050393, 41.687166], [-8.058819, 41.678229], [-8.071867, 41.656888], [-8.078275, 41.651365], [-8.081172, 41.642381], [-8.063984, 41.624229], [-8.060068, 41.615189], [-8.060911, 41.606189], [-8.068405, 41.597243], [-8.07276, 41.594629], [-8.084804, 41.591381], [-8.0968, 41.591553], [-8.115505, 41.597615], [-8.126124, 41.606703], [-8.12958, 41.615737], [-8.128143, 41.624733], [-8.122345, 41.633696], [-8.125378, 41.642726], [-8.132032, 41.648442], [-8.141176, 41.66086], [-8.150502, 41.68795], [-8.159314, 41.706029], [-8.160447, 41.715044], [-8.154955, 41.732073]]], [[[-8.260155, 41.774237], [-8.260155, 41.774237], [-8.259957, 41.774061], [-8.260155, 41.774237]]], [[[-7.861249, 41.68527], [-7.861391, 41.694456], [-7.864345, 41.703492], [-7.860342, 41.71246], [-7.854603, 41.717831], [-7.830444, 41.724231], [-7.825254, 41.73012], [-7.821273, 41.739086], [-7.820471, 41.748085], [-7.82244, 41.757112], [-7.829311, 41.766189], [-7.847224, 41.775377], [-7.865586, 41.776871], [-7.877657, 41.77463], [-7.891158, 41.766802], [-7.898699, 41.748861], [-7.907152, 41.739935], [-7.919789, 41.731048], [-7.92756, 41.722114], [-7.931206, 41.713141], [-7.930817, 41.70413], [-7.927102, 41.695588], [-7.915292, 41.683222], [-7.903374, 41.677507], [-7.891408, 41.674725], [-7.878548, 41.675263], [-7.873401, 41.686198], [-7.868896, 41.686413], [-7.868008, 41.68326], [-7.861249, 41.68527]], [[-7.889971, 41.758282], [-7.885888, 41.766751], [-7.87771, 41.771626], [-7.865621, 41.774865], [-7.853603, 41.774049], [-7.836827, 41.766265], [-7.831721, 41.757207], [-7.832158, 41.748204], [-7.83854, 41.739262], [-7.855417, 41.730425], [-7.866583, 41.720169], [-7.879041, 41.695076], [-7.891167, 41.688792], [-7.903172, 41.689404], [-7.915088, 41.695377], [-7.922529, 41.704053], [-7.924711, 41.71308], [-7.922201, 41.722063], [-7.914498, 41.730435], [-7.897307, 41.739841], [-7.89128, 41.74879], [-7.889971, 41.758282]]], [[[-8.288799, 41.588907], [-8.324872, 41.581311], [-8.360995, 41.567629], [-8.373059, 41.560429], [-8.385146, 41.550458], [-8.403824, 41.527413], [-8.413229, 41.509447], [-8.404115, 41.482378], [-8.405386, 41.473377], [-8.40992, 41.463211], [-8.417192, 41.455423], [-8.422365, 41.446441], [-8.424568, 41.437445], [-8.422213, 41.427249], [-8.417636, 41.419395], [-8.410379, 41.412519], [-8.398466, 41.406832], [-8.386521, 41.404775], [-8.33869, 41.402435], [-8.32672, 41.403024], [-8.314725, 41.406085], [-8.302702, 41.411591], [-8.242501, 41.443971], [-8.182353, 41.467316], [-8.170378, 41.467274], [-8.148416, 41.453747], [-8.134707, 41.448119], [-8.122772, 41.445398], [-8.110809, 41.444797], [-8.098814, 41.4465], [-8.085046, 41.45326], [-8.077697, 41.462209], [-8.076135, 41.471204], [-8.078793, 41.480232], [-8.087871, 41.489312], [-8.098157, 41.493969], [-8.110084, 41.497846], [-8.12205, 41.498959], [-8.134046, 41.497797], [-8.158094, 41.491165], [-8.170069, 41.491487], [-8.180472, 41.508024], [-8.203641, 41.571238], [-8.211214, 41.580297], [-8.216873, 41.583978], [-8.228825, 41.587763], [-8.2408, 41.589603], [-8.264783, 41.590751], [-8.288799, 41.588907]], [[-8.349061, 41.561732], [-8.325012, 41.567804], [-8.301006, 41.56957], [-8.27704, 41.567543], [-8.253125, 41.561243], [-8.229278, 41.549598], [-8.217402, 41.540107], [-8.206624, 41.526222], [-8.200307, 41.508164], [-8.202078, 41.490161], [-8.207092, 41.481189], [-8.215396, 41.472238], [-8.22721, 41.463311], [-8.290585, 41.425506], [-8.314627, 41.415347], [-8.326618, 41.412922], [-8.33859, 41.412319], [-8.362504, 41.413935], [-8.386388, 41.418945], [-8.398296, 41.42522], [-8.407571, 41.437359], [-8.408724, 41.446372], [-8.401, 41.473354], [-8.400203, 41.482358], [-8.405469, 41.509407], [-8.402262, 41.518398], [-8.385246, 41.539838], [-8.373161, 41.54987], [-8.349061, 41.561732]], [[-8.143669, 41.480734], [-8.13723, 41.489693], [-8.134137, 41.490988], [-8.122112, 41.494339], [-8.110142, 41.493615], [-8.098227, 41.488873], [-8.091696, 41.480335], [-8.092462, 41.471334], [-8.09857, 41.464193], [-8.102057, 41.462402], [-8.110612, 41.459195], [-8.122584, 41.459317], [-8.134496, 41.463983], [-8.142374, 41.471717], [-8.143669, 41.480734]]], [[[-8.535107, 41.573056], [-8.528923, 41.565603], [-8.516951, 41.562788], [-8.504901, 41.570321], [-8.503265, 41.572923], [-8.505764, 41.581941], [-8.51677, 41.587139], [-8.528782, 41.585029], [-8.532757, 41.582053], [-8.535107, 41.573056]]], [[[-8.505335, 41.513339], [-8.506206, 41.509884], [-8.50073, 41.500853], [-8.493487, 41.49589], [-8.481525, 41.493546], [-8.469515, 41.497216], [-8.465477, 41.500694], [-8.462248, 41.509687], [-8.468308, 41.518722], [-8.481277, 41.524622], [-8.493261, 41.524868], [-8.503795, 41.518881], [-8.505335, 41.513339]], [[-8.493324, 41.516794], [-8.490642, 41.518823], [-8.481313, 41.52018], [-8.478117, 41.518767], [-8.471395, 41.509729], [-8.48146, 41.501726], [-8.493408, 41.506018], [-8.49638, 41.509841], [-8.493324, 41.516794]]], [[[-8.745773, 41.318324], [-8.754498, 41.312515], [-8.757759, 41.308019], [-8.760809, 41.303521], [-8.762266, 41.294516], [-8.759306, 41.285502], [-8.750917, 41.276476], [-8.734024, 41.269215], [-8.722092, 41.267611], [-8.71015, 41.268469], [-8.698194, 41.272006], [-8.690502, 41.27633], [-8.682697, 41.285316], [-8.681079, 41.29432], [-8.683933, 41.303335], [-8.692023, 41.312365], [-8.709914, 41.321576], [-8.721855, 41.323372], [-8.733808, 41.322501], [-8.745773, 41.318324]], [[-8.73385, 41.31203], [-8.721891, 41.315004], [-8.709948, 41.313931], [-8.698032, 41.307299], [-8.694323, 41.303363], [-8.691656, 41.294348], [-8.695082, 41.28535], [-8.698146, 41.282495], [-8.710113, 41.276751], [-8.722056, 41.276116], [-8.733981, 41.279958], [-8.741506, 41.285463], [-8.745684, 41.29448], [-8.743544, 41.303483], [-8.73385, 41.31203]]], [[[-8.513655, 41.20281], [-8.50903, 41.212644], [-8.508672, 41.22165], [-8.511567, 41.230671], [-8.518897, 41.239709], [-8.531216, 41.247398], [-8.543126, 41.251052], [-8.555055, 41.25202], [-8.567001, 41.250492], [-8.578967, 41.245766], [-8.586431, 41.239972], [-8.592687, 41.230986], [-8.594374, 41.221984], [-8.59113, 41.20908], [-8.587824, 41.203945], [-8.577141, 41.194252], [-8.576894, 41.201908], [-8.574515, 41.202593], [-8.57423, 41.20462], [-8.567676, 41.204997], [-8.577736, 41.212917], [-8.580292, 41.221934], [-8.575681, 41.230925], [-8.567094, 41.236423], [-8.555149, 41.238118], [-8.543241, 41.234456], [-8.538147, 41.23078], [-8.53357, 41.221754], [-8.536128, 41.212531], [-8.532257, 41.213102], [-8.531648, 41.211078], [-8.529858, 41.210859], [-8.52713, 41.203215], [-8.523236, 41.200077], [-8.513868, 41.202585], [-8.513715, 41.202747], [-8.513655, 41.20281]]]]}}, {"id": "12", "type": "Feature", "properties": {"fill": "#a3a3a3", "value_min": 0.0, "value_max": 0.33}, "geometry": {"type": "MultiPolygon", "coordinates": [[[[-8.460158, 41.694758], [-8.443902, 41.689953], [-8.431897, 41.688649], [-8.419873, 41.689526], [-8.407832, 41.692167], [-8.359586, 41.71015], [-8.347557, 41.711008], [-8.335562, 41.708519], [-8.299637, 41.696138], [-8.287623, 41.69576], [-8.275558, 41.700042], [-8.239206, 41.725226], [-8.227122, 41.730293], [-8.215092, 41.7308], [-8.203111, 41.727321], [-8.191166, 41.721053], [-8.183731, 41.715212], [-8.177027, 41.706157], [-8.173734, 41.697127], [-8.173209, 41.688116], [-8.175506, 41.679125], [-8.181157, 41.670158], [-8.191932, 41.659869], [-8.216106, 41.647319], [-8.264282, 41.634861], [-8.3098, 41.607953], [-8.348796, 41.588084], [-8.37526, 41.572298], [-8.385012, 41.564574], [-8.393907, 41.554384], [-8.409302, 41.531245], [-8.426647, 41.509515], [-8.409685, 41.489048], [-8.408028, 41.482398], [-8.409771, 41.4734], [-8.421904, 41.462095], [-8.438429, 41.455528], [-8.445978, 41.447406], [-8.448056, 41.43756], [-8.447525, 41.42855], [-8.442922, 41.410513], [-8.434474, 41.393561], [-8.422635, 41.379691], [-8.410747, 41.371747], [-8.398822, 41.368247], [-8.386839, 41.37099], [-8.374794, 41.380054], [-8.369138, 41.383109], [-8.362795, 41.384123], [-8.351399, 41.38301], [-8.338925, 41.379205], [-8.326918, 41.38387], [-8.291546, 41.40968], [-8.266653, 41.425293], [-8.242591, 41.436165], [-8.218567, 41.443258], [-8.194588, 41.446285], [-8.182622, 41.445871], [-8.170678, 41.443752], [-8.123004, 41.428141], [-8.099128, 41.42381], [-8.07519, 41.424079], [-8.063187, 41.426576], [-8.055982, 41.429641], [-8.057743, 41.438645], [-8.061033, 41.438872], [-8.064916, 41.444052], [-8.067908, 41.444279], [-8.069999, 41.447206], [-8.068788, 41.462286], [-8.073872, 41.46499], [-8.074468, 41.468141], [-8.074164, 41.473543], [-8.067273, 41.480743], [-8.06607, 41.4866], [-8.07004, 41.489169], [-8.096823, 41.49839], [-8.145941, 41.504302], [-8.156278, 41.507849], [-8.165431, 41.516923], [-8.170432, 41.534974], [-8.169814, 41.543977], [-8.166766, 41.552962], [-8.158873, 41.561912], [-8.145092, 41.568871], [-8.12105, 41.572832], [-8.068982, 41.571617], [-8.068081, 41.573478], [-8.062384, 41.575501], [-8.055484, 41.580673], [-8.052181, 41.584498], [-8.052777, 41.587649], [-8.048277, 41.590122], [-8.045573, 41.594397], [-8.031467, 41.602938], [-8.027879, 41.602485], [-8.059796, 41.642209], [-8.062292, 41.651236], [-8.055839, 41.669197], [-8.047522, 41.678938], [-8.035213, 41.68704], [-8.025945, 41.695969], [-8.026526, 41.704981], [-8.033639, 41.714048], [-8.060038, 41.732281], [-8.069929, 41.741368], [-8.076731, 41.75043], [-8.084069, 41.768502], [-8.087286, 41.786542], [-8.084449, 41.804533], [-8.077413, 41.813641], [-8.082892, 41.810493], [-8.091013, 41.812521], [-8.093421, 41.811397], [-8.093723, 41.808471], [-8.101845, 41.809824], [-8.104853, 41.81185], [-8.115984, 41.812302], [-8.123807, 41.808702], [-8.138247, 41.808477], [-8.139751, 41.813203], [-8.14276, 41.812978], [-8.145769, 41.815453], [-8.149078, 41.814777], [-8.153893, 41.817928], [-8.161415, 41.818376], [-8.165326, 41.81815], [-8.173744, 41.808019], [-8.177054, 41.808017], [-8.182773, 41.812516], [-8.190291, 41.809587], [-8.197158, 41.814129], [-8.201063, 41.808724], [-8.204973, 41.807372], [-8.205872, 41.804445], [-8.214593, 41.803089], [-8.214591, 41.801513], [-8.217598, 41.80016], [-8.217591, 41.794922], [-8.202334, 41.790062], [-8.166255, 41.788061], [-8.142283, 41.780725], [-8.118427, 41.76538], [-8.089695, 41.741526], [-8.07592, 41.73241], [-8.046902, 41.720881], [-8.037669, 41.714082], [-8.030692, 41.705016], [-8.031619, 41.696017], [-8.053611, 41.678186], [-8.068838, 41.651289], [-8.068383, 41.642278], [-8.054603, 41.624152], [-8.049678, 41.615104], [-8.047784, 41.606081], [-8.049864, 41.597091], [-8.06087, 41.587095], [-8.072924, 41.583137], [-8.08494, 41.581761], [-8.108915, 41.583071], [-8.15679, 41.591574], [-8.168748, 41.594742], [-8.180668, 41.600907], [-8.18594, 41.607143], [-8.187938, 41.616164], [-8.187166, 41.625166], [-8.18438, 41.634153], [-8.165645, 41.670047], [-8.164297, 41.688051], [-8.172816, 41.715134], [-8.17913, 41.722177], [-8.195091, 41.733306], [-8.214856, 41.750222], [-8.226898, 41.749015], [-8.263294, 41.721572], [-8.275376, 41.716281], [-8.287428, 41.713486], [-8.299446, 41.713764], [-8.311436, 41.716665], [-8.347351, 41.731383], [-8.359405, 41.728399], [-8.382777, 41.707446], [-8.407798, 41.695896], [-8.419836, 41.693576], [-8.431852, 41.693708], [-8.443846, 41.696417], [-8.452076, 41.699981], [-8.453868, 41.697961], [-8.453255, 41.695487], [-8.460158, 41.694758]], [[-8.288799, 41.588907], [-8.264783, 41.590751], [-8.2408, 41.589603], [-8.228825, 41.587763], [-8.216873, 41.583978], [-8.211214, 41.580297], [-8.203641, 41.571238], [-8.180472, 41.508024], [-8.170069, 41.491487], [-8.158094, 41.491165], [-8.134046, 41.497797], [-8.12205, 41.498959], [-8.110084, 41.497846], [-8.098157, 41.493969], [-8.087871, 41.489312], [-8.078793, 41.480232], [-8.076135, 41.471204], [-8.077697, 41.462209], [-8.085046, 41.45326], [-8.098814, 41.4465], [-8.110809, 41.444797], [-8.122772, 41.445398], [-8.134707, 41.448119], [-8.148416, 41.453747], [-8.170378, 41.467274], [-8.182353, 41.467316], [-8.242501, 41.443971], [-8.302702, 41.411591], [-8.314725, 41.406085], [-8.32672, 41.403024], [-8.33869, 41.402435], [-8.386521, 41.404775], [-8.398466, 41.406832], [-8.410379, 41.412519], [-8.417636, 41.419395], [-8.422213, 41.427249], [-8.424568, 41.437445], [-8.422365, 41.446441], [-8.417192, 41.455423], [-8.40992, 41.463211], [-8.405386, 41.473377], [-8.404115, 41.482378], [-8.413229, 41.509447], [-8.403824, 41.527413], [-8.385146, 41.550458], [-8.373059, 41.560429], [-8.360995, 41.567629], [-8.324872, 41.581311], [-8.288799, 41.588907]]], [[[-8.052652, 41.818804], [-8.033475, 41.814594], [-7.997562, 41.801351], [-7.985618, 41.795469], [-7.971682, 41.785565], [-7.961769, 41.781664], [-7.949781, 41.778835], [-7.93775, 41.778717], [-7.925663, 41.781964], [-7.920523, 41.785096], [-7.919676, 41.794095], [-7.924766, 41.812156], [-7.9114, 41.83905], [-7.905252, 41.861597], [-7.907309, 41.865203], [-7.906095, 41.868126], [-7.910299, 41.871285], [-7.910285, 41.875562], [-7.915391, 41.879397], [-7.919475, 41.87873], [-7.913166, 41.866087], [-7.912345, 41.848066], [-7.919291, 41.830118], [-7.931824, 41.812222], [-7.924374, 41.794139], [-7.926824, 41.785155], [-7.937715, 41.78084], [-7.949748, 41.780857], [-7.963151, 41.785489], [-7.973516, 41.799621], [-7.978331, 41.803638], [-8.008888, 41.82192], [-8.019283, 41.83138], [-8.02901, 41.829589], [-8.037134, 41.831171], [-8.041351, 41.828023], [-8.041054, 41.825097], [-8.045268, 41.824425], [-8.046775, 41.821951], [-8.052652, 41.818804]]], [[[-7.78945, 41.882469], [-7.792588, 41.873889], [-7.792909, 41.864886], [-7.790251, 41.855852], [-7.78375, 41.846776], [-7.768164, 41.837521], [-7.756156, 41.835676], [-7.745491, 41.836498], [-7.74729, 41.837772], [-7.746349, 41.84407], [-7.748148, 41.84526], [-7.755994, 41.844027], [-7.767996, 41.846317], [-7.7781, 41.855723], [-7.779871, 41.864748], [-7.774752, 41.873701], [-7.767359, 41.879435], [-7.755255, 41.882153], [-7.743241, 41.88021], [-7.733134, 41.873249], [-7.731438, 41.870151], [-7.729293, 41.875972], [-7.722351, 41.878424], [-7.720523, 41.881793], [-7.725335, 41.882935], [-7.726208, 41.887665], [-7.737044, 41.888828], [-7.737935, 41.890857], [-7.74246, 41.889747], [-7.742785, 41.885922], [-7.756022, 41.888441], [-7.758719, 41.890926], [-7.756592, 41.89407], [-7.758376, 41.898127], [-7.764097, 41.898595], [-7.779227, 41.886264], [-7.785257, 41.885157], [-7.78945, 41.882469]]], [[[-7.791511, 41.717046], [-7.810093, 41.756985], [-7.818253, 41.766076], [-7.829561, 41.772854], [-7.841519, 41.776983], [-7.865553, 41.778706], [-7.883891, 41.775739], [-7.889721, 41.772784], [-7.897893, 41.766867], [-7.905496, 41.748926], [-7.934203, 41.722175], [-7.938239, 41.713206], [-7.939771, 41.704213], [-7.93571, 41.686162], [-7.92748, 41.672838], [-7.91568, 41.660158], [-7.897567, 41.646062], [-7.89696, 41.647985], [-7.892759, 41.647976], [-7.892145, 41.651576], [-7.901724, 41.658573], [-7.902017, 41.660599], [-7.899913, 41.66127], [-7.900198, 41.665547], [-7.898396, 41.665769], [-7.896885, 41.668692], [-7.883969, 41.67069], [-7.878548, 41.675263], [-7.891408, 41.674725], [-7.903374, 41.677507], [-7.915292, 41.683222], [-7.927102, 41.695588], [-7.930817, 41.70413], [-7.931206, 41.713141], [-7.92756, 41.722114], [-7.919789, 41.731048], [-7.907152, 41.739935], [-7.898699, 41.748861], [-7.891158, 41.766802], [-7.877657, 41.77463], [-7.865586, 41.776871], [-7.847224, 41.775377], [-7.829311, 41.766189], [-7.82244, 41.757112], [-7.820471, 41.748085], [-7.821273, 41.739086], [-7.825254, 41.73012], [-7.830444, 41.724231], [-7.854603, 41.717831], [-7.860342, 41.71246], [-7.864345, 41.703492], [-7.861391, 41.694456], [-7.861249, 41.68527], [-7.857773, 41.689538], [-7.854776, 41.68818], [-7.847538, 41.695365], [-7.837309, 41.699391], [-7.835792, 41.702763], [-7.839682, 41.705924], [-7.838465, 41.709522], [-7.832453, 41.710407], [-7.825252, 41.708813], [-7.818621, 41.713522], [-7.815291, 41.718689], [-7.808986, 41.717996], [-7.808396, 41.715744], [-7.804499, 41.714158], [-7.791511, 41.717046]]], [[[-8.549288, 41.582119], [-8.549613, 41.573113], [-8.545117, 41.564088], [-8.540958, 41.559865], [-8.529014, 41.553132], [-8.517032, 41.551876], [-8.505001, 41.557128], [-8.49821, 41.563893], [-8.493382, 41.572879], [-8.494512, 41.581892], [-8.502736, 41.590935], [-8.516698, 41.596752], [-8.528695, 41.597054], [-8.540725, 41.592727], [-8.549288, 41.582119]], [[-8.535107, 41.573056], [-8.532757, 41.582053], [-8.528782, 41.585029], [-8.51677, 41.587139], [-8.505764, 41.581941], [-8.503265, 41.572923], [-8.504901, 41.570321], [-8.516951, 41.562788], [-8.528923, 41.565603], [-8.535107, 41.573056]]], [[[-8.51632, 41.518934], [-8.516619, 41.509928], [-8.512393, 41.500903], [-8.505481, 41.494123], [-8.493558, 41.486756], [-8.481606, 41.483387], [-8.469625, 41.483711], [-8.457993, 41.491652], [-8.449844, 41.500621], [-8.450112, 41.509629], [-8.457395, 41.513959], [-8.460906, 41.518688], [-8.481241, 41.529139], [-8.493207, 41.531842], [-8.505204, 41.530494], [-8.509536, 41.527913], [-8.51632, 41.518934]], [[-8.505335, 41.513339], [-8.503795, 41.518881], [-8.493261, 41.524868], [-8.481277, 41.524622], [-8.468308, 41.518722], [-8.462248, 41.509687], [-8.465477, 41.500694], [-8.469515, 41.497216], [-8.481525, 41.493546], [-8.493487, 41.49589], [-8.50073, 41.500853], [-8.506206, 41.509884], [-8.505335, 41.513339]]], [[[-8.757688, 41.327213], [-8.768398, 41.321552], [-8.777892, 41.312563], [-8.782172, 41.303563], [-8.783237, 41.294557], [-8.780779, 41.285545], [-8.774555, 41.276525], [-8.761512, 41.267491], [-8.74599, 41.262248], [-8.73406, 41.260339], [-8.710183, 41.261004], [-8.687928, 41.267315], [-8.675414, 41.276288], [-8.670598, 41.285282], [-8.670659, 41.29429], [-8.674544, 41.303309], [-8.681802, 41.312337], [-8.69402, 41.321378], [-8.709883, 41.328576], [-8.721822, 41.331255], [-8.733769, 41.332011], [-8.745725, 41.330743], [-8.757688, 41.327213]], [[-8.745773, 41.318324], [-8.733808, 41.322501], [-8.721855, 41.323372], [-8.709914, 41.321576], [-8.692023, 41.312365], [-8.683933, 41.303335], [-8.681079, 41.29432], [-8.682697, 41.285316], [-8.690502, 41.27633], [-8.698194, 41.272006], [-8.71015, 41.268469], [-8.722092, 41.267611], [-8.734024, 41.269215], [-8.750917, 41.276476], [-8.759306, 41.285502], [-8.762266, 41.294516], [-8.760809, 41.303521], [-8.757759, 41.308019], [-8.754498, 41.312515], [-8.745773, 41.318324]]], [[[-8.48148, 41.239378], [-8.490642, 41.248596], [-8.505971, 41.25767], [-8.531091, 41.264881], [-8.554963, 41.265528], [-8.566914, 41.26375], [-8.578875, 41.260116], [-8.590852, 41.253733], [-8.602817, 41.240029], [-8.605603, 41.231031], [-8.605925, 41.222024], [-8.600783, 41.203991], [-8.591252, 41.189596], [-8.580021, 41.17964], [-8.581296, 41.191762], [-8.577141, 41.194252], [-8.587824, 41.203945], [-8.59113, 41.20908], [-8.594374, 41.221984], [-8.592687, 41.230986], [-8.586431, 41.239972], [-8.578967, 41.245766], [-8.567001, 41.250492], [-8.555055, 41.25202], [-8.543126, 41.251052], [-8.531216, 41.247398], [-8.518897, 41.239709], [-8.511567, 41.230671], [-8.508672, 41.22165], [-8.50903, 41.212644], [-8.513655, 41.20281], [-8.51163, 41.203042], [-8.510456, 41.206197], [-8.505693, 41.207113], [-8.504239, 41.213646], [-8.500076, 41.21546], [-8.50308, 41.219502], [-8.502204, 41.222656], [-8.496833, 41.221998], [-8.493861, 41.223583], [-8.487935, 41.230354], [-8.490331, 41.232373], [-8.489156, 41.235528], [-8.486181, 41.236888], [-8.484411, 41.240495], [-8.48148, 41.239378]]], [[[-8.579989, 41.179612], [-8.579989, 41.179612], [-8.579113, 41.17894], [-8.579989, 41.179612]]], [[[-8.481334, 41.239153], [-8.481334, 41.239153], [-8.481423, 41.23929], [-8.481334, 41.239153]]], [[[-8.513715, 41.202747], [-8.513715, 41.202747], [-8.513868, 41.202585], [-8.513715, 41.202747]]]]}}, {"id": "15", "type": "Feature", "properties": {"fill": "#97a3b2", "value_min": 1.0, "value_max": 1.33}, "geometry": {"type": "MultiPolygon", "coordinates": [[[[-7.964494, 41.874653], [-7.972338, 41.87328], [-7.984327, 41.866739], [-7.990123, 41.860305], [-7.990255, 41.860157], [-7.990424, 41.859968], [-7.990456, 41.859933], [-7.990726, 41.85963], [-7.990857, 41.859483], [-7.991028, 41.859292], [-7.991058, 41.859258], [-7.995105, 41.84882], [-7.994332, 41.839807], [-7.989483, 41.830757], [-7.973206, 41.819033], [-7.961225, 41.815331], [-7.949189, 41.815106], [-7.937067, 41.820046], [-7.926025, 41.830181], [-7.921391, 41.839145], [-7.9204, 41.848142], [-7.924362, 41.859748], [-7.936229, 41.870705], [-7.940109, 41.871995], [-7.941618, 41.870891], [-7.951254, 41.871132], [-7.956367, 41.87339], [-7.956362, 41.875167], [-7.956767, 41.875191], [-7.960276, 41.875392], [-7.961782, 41.875128], [-7.962086, 41.874074], [-7.964494, 41.874653]], [[-7.948324, 41.86793], [-7.936344, 41.863755], [-7.929249, 41.857232], [-7.92442, 41.84818], [-7.924698, 41.839176], [-7.92989, 41.830217], [-7.937002, 41.824031], [-7.949112, 41.819786], [-7.961144, 41.82031], [-7.973111, 41.82498], [-7.980722, 41.83068], [-7.985474, 41.839729], [-7.985615, 41.848737], [-7.98085, 41.857701], [-7.972484, 41.864159], [-7.960372, 41.868069], [-7.948324, 41.86793]]], [[[-7.937444, 41.797282], [-7.949452, 41.799033], [-7.954104, 41.794413], [-7.95102, 41.785378], [-7.937221, 41.785252], [-7.935029, 41.794238], [-7.937444, 41.797282]]], [[[-7.865664, 41.772431], [-7.880979, 41.766704], [-7.88565, 41.757742], [-7.884034, 41.74872], [-7.878264, 41.739786], [-7.86629, 41.736888], [-7.854211, 41.739912], [-7.842045, 41.747713], [-7.838623, 41.757277], [-7.843772, 41.766335], [-7.853655, 41.771167], [-7.865664, 41.772431]], [[-7.853706, 41.768286], [-7.849842, 41.766396], [-7.844814, 41.757339], [-7.85013, 41.748385], [-7.854107, 41.745747], [-7.866171, 41.743601], [-7.876218, 41.748644], [-7.881106, 41.757698], [-7.875401, 41.766649], [-7.865707, 41.769997], [-7.853706, 41.768286]]], [[[-8.304619, 41.758379], [-8.308169, 41.752057], [-8.305863, 41.743036], [-8.299188, 41.737432], [-8.286065, 41.733907], [-8.275149, 41.736424], [-8.26706, 41.742795], [-8.264225, 41.751784], [-8.269234, 41.760823], [-8.275271, 41.765032], [-8.280681, 41.764083], [-8.284038, 41.761109], [-8.284931, 41.757507], [-8.287033, 41.756829], [-8.304619, 41.758379]]], [[[-8.441621, 41.711664], [-8.43851, 41.707732], [-8.431759, 41.704303], [-8.41976, 41.702035], [-8.407723, 41.704102], [-8.400485, 41.70754], [-8.392073, 41.716503], [-8.391017, 41.725505], [-8.393467, 41.730076], [-8.396942, 41.730518], [-8.400531, 41.726683], [-8.402934, 41.72641], [-8.400856, 41.716549], [-8.407674, 41.709442], [-8.419719, 41.706598], [-8.424068, 41.707661], [-8.43443, 41.715677], [-8.436526, 41.714214], [-8.441333, 41.714201], [-8.441621, 41.711664]]], [[[-7.890345, 41.736557], [-7.902424, 41.73343], [-7.917043, 41.722015], [-7.919112, 41.713028], [-7.914936, 41.704412], [-7.90304, 41.697176], [-7.891023, 41.697152], [-7.881539, 41.703661], [-7.875157, 41.712606], [-7.872734, 41.721589], [-7.878275, 41.739162], [-7.890345, 41.736557]], [[-7.890455, 41.730158], [-7.879532, 41.721655], [-7.880627, 41.712659], [-7.890919, 41.70323], [-7.902939, 41.703111], [-7.913376, 41.712973], [-7.911589, 41.721963], [-7.902502, 41.728839], [-7.890455, 41.730158]]], [[[-8.131055, 41.721103], [-8.143107, 41.71885], [-8.147104, 41.714946], [-8.147335, 41.705941], [-8.143341, 41.701216], [-8.131342, 41.699758], [-8.124055, 41.705766], [-8.121105, 41.71475], [-8.131055, 41.721103]]], [[[-8.046995, 41.714631], [-8.058984, 41.716812], [-8.068907, 41.714339], [-8.08316, 41.707425], [-8.095212, 41.705141], [-8.118807, 41.687711], [-8.12621, 41.678761], [-8.124346, 41.66974], [-8.115808, 41.660667], [-8.107913, 41.655749], [-8.09594, 41.653132], [-8.0839, 41.655271], [-8.071757, 41.664534], [-8.060316, 41.687248], [-8.043602, 41.696117], [-8.03934, 41.705089], [-8.046995, 41.714631]], [[-8.047073, 41.709321], [-8.043843, 41.705126], [-8.047221, 41.699347], [-8.059274, 41.696951], [-8.066717, 41.705314], [-8.059067, 41.711109], [-8.047073, 41.709321]], [[-8.08176, 41.696428], [-8.071365, 41.691827], [-8.068977, 41.687319], [-8.068218, 41.678305], [-8.072987, 41.669337], [-8.08381, 41.661627], [-8.095836, 41.660593], [-8.107784, 41.665135], [-8.112947, 41.669652], [-8.115176, 41.678677], [-8.107249, 41.687622], [-8.095344, 41.695719], [-8.08176, 41.696428]]], [[[-8.084246, 41.630848], [-8.09625, 41.630987], [-8.105463, 41.624559], [-8.110074, 41.615587], [-8.106321, 41.606551], [-8.096669, 41.60092], [-8.084678, 41.60031], [-8.072587, 41.606652], [-8.069339, 41.615265], [-8.072366, 41.622106], [-8.084246, 41.630848]], [[-8.084391, 41.620609], [-8.080484, 41.615355], [-8.084532, 41.61062], [-8.096503, 41.612866], [-8.098326, 41.615496], [-8.096427, 41.618282], [-8.084391, 41.620609]]], [[[-8.32512, 41.557483], [-8.349149, 41.552961], [-8.361184, 41.548481], [-8.37324, 41.541643], [-8.389072, 41.527336], [-8.39561, 41.518363], [-8.399264, 41.509375], [-8.39682, 41.48234], [-8.399518, 41.455332], [-8.398112, 41.445195], [-8.39411, 41.437288], [-8.38628, 41.430401], [-8.374365, 41.424842], [-8.362426, 41.421908], [-8.338513, 41.419844], [-8.326541, 41.420428], [-8.314551, 41.422579], [-8.290512, 41.432252], [-8.26861, 41.445566], [-8.247261, 41.463444], [-8.22654, 41.490328], [-8.221731, 41.499303], [-8.22034, 41.508301], [-8.223733, 41.517331], [-8.229579, 41.524269], [-8.24788, 41.535507], [-8.265304, 41.544821], [-8.289182, 41.553972], [-8.301146, 41.55653], [-8.32512, 41.557483]], [[-8.337202, 41.548657], [-8.313221, 41.548661], [-8.301259, 41.546035], [-8.28932, 41.541442], [-8.279935, 41.535712], [-8.271062, 41.526648], [-8.265744, 41.505853], [-8.25756, 41.490533], [-8.255486, 41.481512], [-8.256525, 41.472511], [-8.260906, 41.463532], [-8.268666, 41.454574], [-8.279529, 41.445635], [-8.302475, 41.432751], [-8.314486, 41.428804], [-8.338453, 41.425768], [-8.36236, 41.4287], [-8.37429, 41.432598], [-8.381873, 41.437223], [-8.39031, 41.446276], [-8.393602, 41.455301], [-8.395671, 41.500349], [-8.394525, 41.50935], [-8.390128, 41.518334], [-8.373306, 41.534879], [-8.361249, 41.541875], [-8.337202, 41.548657]]], [[[-8.110204, 41.489048], [-8.122178, 41.489427], [-8.129227, 41.480625], [-8.122418, 41.471698], [-8.110444, 41.471536], [-8.103767, 41.48043], [-8.110204, 41.489048]]], [[[-8.714224, 41.303414], [-8.722362, 41.303434], [-8.726972, 41.294438], [-8.722, 41.289415], [-8.710055, 41.289836], [-8.70622, 41.294386], [-8.709997, 41.303018], [-8.714224, 41.303414]]]]}}, {"id": "7", "type": "Feature", "properties": {"fill": "#cba158", "value_min": -1.67, "value_max": -1.33}, "geometry": {"type": "MultiPolygon", "coordinates": [[[[-7.879656, 41.852898], [-7.888431, 41.847441], [-7.896839, 41.838911], [-7.908474, 41.821009], [-7.909951, 41.812016], [-7.907725, 41.802988], [-7.901394, 41.793836], [-7.889481, 41.786693], [-7.877469, 41.785441], [-7.853374, 41.78692], [-7.826688, 41.793183], [-7.813181, 41.802051], [-7.80859, 41.81101], [-7.809029, 41.820021], [-7.812877, 41.829068], [-7.828169, 41.847238], [-7.840113, 41.854946], [-7.852098, 41.85842], [-7.866693, 41.857531], [-7.86689, 41.857465], [-7.866994, 41.857429], [-7.870934, 41.851032], [-7.864248, 41.852631], [-7.852213, 41.851979], [-7.840247, 41.8475], [-7.828362, 41.838703], [-7.820845, 41.82915], [-7.817726, 41.820111], [-7.817983, 41.811107], [-7.822588, 41.802147], [-7.836389, 41.793281], [-7.841252, 41.791762], [-7.865402, 41.787294], [-7.87744, 41.787068], [-7.889439, 41.789157], [-7.897268, 41.793882], [-7.904621, 41.802959], [-7.907304, 41.811991], [-7.905786, 41.820984], [-7.900777, 41.82992], [-7.888505, 41.843182], [-7.876961, 41.849347], [-7.879656, 41.852898]]], [[[-7.727043, 41.802925], [-7.732691, 41.804148], [-7.744742, 41.803446], [-7.756878, 41.798356], [-7.76317, 41.792516], [-7.765143, 41.783531], [-7.761482, 41.774484], [-7.749145, 41.765344], [-7.739619, 41.762855], [-7.739912, 41.764148], [-7.726937, 41.771755], [-7.725406, 41.776252], [-7.727191, 41.779184], [-7.724177, 41.780299], [-7.725372, 41.781653], [-7.722296, 41.792446], [-7.728879, 41.797871], [-7.727043, 41.802925]], [[-7.731414, 41.79217], [-7.725178, 41.783094], [-7.733267, 41.774886], [-7.745255, 41.777155], [-7.749502, 41.783361], [-7.744975, 41.791545], [-7.731414, 41.79217]]], [[[-7.949896, 41.771803], [-7.969249, 41.76753], [-7.974093, 41.763376], [-7.986143, 41.762135], [-8.010149, 41.765648], [-8.022205, 41.763958], [-8.031441, 41.759064], [-8.040034, 41.750129], [-8.042212, 41.74114], [-8.039669, 41.732112], [-8.031539, 41.723037], [-8.02293, 41.716156], [-8.011004, 41.709937], [-7.999013, 41.708078], [-7.986951, 41.710727], [-7.982105, 41.713603], [-7.972325, 41.722523], [-7.962524, 41.734788], [-7.938362, 41.74162], [-7.926185, 41.750679], [-7.922231, 41.758091], [-7.926392, 41.767137], [-7.937872, 41.771319], [-7.949896, 41.771803]], [[-7.937901, 41.769581], [-7.931318, 41.767183], [-7.926562, 41.758132], [-7.932517, 41.749181], [-7.938301, 41.745294], [-7.950365, 41.743001], [-7.962356, 41.745195], [-7.972578, 41.749546], [-7.970479, 41.758534], [-7.960341, 41.767449], [-7.949923, 41.770162], [-7.937901, 41.769581]], [[-7.99847, 41.758781], [-7.975583, 41.749573], [-7.973645, 41.740548], [-7.975342, 41.731557], [-7.979935, 41.722591], [-7.986853, 41.717003], [-7.998941, 41.712666], [-8.010947, 41.713635], [-8.022896, 41.718414], [-8.036231, 41.732083], [-8.038195, 41.741107], [-8.034122, 41.75008], [-8.022291, 41.758307], [-8.010228, 41.760462], [-7.99847, 41.758781]]], [[[-8.203384, 41.705191], [-8.215396, 41.705795], [-8.224314, 41.697479], [-8.220597, 41.688447], [-8.215642, 41.685572], [-8.203623, 41.685822], [-8.200157, 41.688306], [-8.196367, 41.697287], [-8.203384, 41.705191]], [[-8.203467, 41.698461], [-8.203508, 41.695194], [-8.215511, 41.696324], [-8.216097, 41.697423], [-8.203467, 41.698461]]], [[[-8.371879, 41.682127], [-8.383888, 41.682787], [-8.395938, 41.679068], [-8.420132, 41.660645], [-8.456163, 41.660915], [-8.468194, 41.658456], [-8.480251, 41.652663], [-8.48845, 41.644916], [-8.491654, 41.635923], [-8.490956, 41.626912], [-8.486645, 41.617886], [-8.477915, 41.608839], [-8.468657, 41.60215], [-8.456703, 41.596551], [-8.444724, 41.594276], [-8.432718, 41.595064], [-8.420683, 41.599151], [-8.408614, 41.606743], [-8.399176, 41.617462], [-8.391049, 41.635434], [-8.384295, 41.640056], [-8.37224, 41.64496], [-8.360362, 41.653281], [-8.355732, 41.662263], [-8.356985, 41.671277], [-8.36719, 41.68034], [-8.371879, 41.682127]], [[-8.383944, 41.676917], [-8.371952, 41.674638], [-8.367714, 41.671336], [-8.366837, 41.662324], [-8.372128, 41.656473], [-8.384171, 41.653086], [-8.39613, 41.658514], [-8.398709, 41.662495], [-8.396239, 41.67149], [-8.383944, 41.676917]], [[-8.444202, 41.655025], [-8.432208, 41.653297], [-8.420236, 41.649068], [-8.413262, 41.644556], [-8.408093, 41.635523], [-8.406847, 41.626509], [-8.409908, 41.617518], [-8.418209, 41.608553], [-8.432658, 41.601912], [-8.444668, 41.600799], [-8.456651, 41.602749], [-8.468603, 41.60875], [-8.478106, 41.617847], [-8.482139, 41.626873], [-8.481705, 41.635878], [-8.476056, 41.64486], [-8.468262, 41.650259], [-8.457591, 41.653781], [-8.444202, 41.655025]]], [[[-8.02351, 41.677783], [-8.035583, 41.673879], [-8.041604, 41.669079], [-8.046313, 41.660112], [-8.044635, 41.651091], [-8.036051, 41.642515], [-8.02411, 41.638079], [-8.012098, 41.638455], [-8.000004, 41.644078], [-7.993481, 41.650654], [-7.9914, 41.659643], [-7.994859, 41.66868], [-7.999559, 41.672811], [-8.011496, 41.677781], [-8.02351, 41.677783]], [[-8.02355, 41.675177], [-8.011557, 41.673835], [-8.002926, 41.66875], [-7.998682, 41.659706], [-8.001539, 41.650724], [-8.012019, 41.643579], [-8.024047, 41.64227], [-8.035995, 41.646276], [-8.040782, 41.651059], [-8.043381, 41.660087], [-8.035624, 41.671122], [-8.02355, 41.675177]]], [[[-8.636859, 41.566659], [-8.648859, 41.565515], [-8.66087, 41.562017], [-8.67229, 41.555514], [-8.680976, 41.546531], [-8.684401, 41.537533], [-8.684197, 41.528525], [-8.680003, 41.519506], [-8.669295, 41.510468], [-8.625323, 41.487345], [-8.614831, 41.483277], [-8.608994, 41.474249], [-8.614564, 41.447246], [-8.618354, 41.438251], [-8.625644, 41.431455], [-8.673597, 41.416059], [-8.685592, 41.409881], [-8.695031, 41.402449], [-8.701727, 41.393459], [-8.704694, 41.384459], [-8.704686, 41.375452], [-8.702005, 41.366437], [-8.689299, 41.348388], [-8.667125, 41.330311], [-8.650177, 41.320439], [-8.638255, 41.315693], [-8.626321, 41.313392], [-8.614375, 41.313152], [-8.602417, 41.314955], [-8.586498, 41.321042], [-8.57325, 41.330001], [-8.565465, 41.33898], [-8.560449, 41.347968], [-8.55722, 41.365971], [-8.561168, 41.393009], [-8.560537, 41.402014], [-8.550955, 41.410985], [-8.529959, 41.422569], [-8.523297, 41.428889], [-8.516601, 41.437868], [-8.513564, 41.446863], [-8.513857, 41.455872], [-8.517899, 41.464896], [-8.529568, 41.476665], [-8.541501, 41.48296], [-8.55345, 41.487161], [-8.578209, 41.492156], [-8.582323, 41.501178], [-8.57991, 41.519184], [-8.580742, 41.528194], [-8.583983, 41.537214], [-8.590318, 41.546244], [-8.600945, 41.555674], [-8.612898, 41.562123], [-8.624872, 41.565455], [-8.636859, 41.566659]], [[-8.636927, 41.554424], [-8.624934, 41.554664], [-8.612959, 41.551912], [-8.601013, 41.544706], [-8.594475, 41.537251], [-8.590973, 41.528231], [-8.591288, 41.519225], [-8.595695, 41.510233], [-8.601258, 41.504704], [-8.613269, 41.499866], [-8.625251, 41.499849], [-8.637213, 41.50324], [-8.650807, 41.510414], [-8.660208, 41.519449], [-8.664123, 41.528468], [-8.662767, 41.537472], [-8.655795, 41.546458], [-8.648938, 41.550777], [-8.636927, 41.554424]], [[-8.565485, 41.478773], [-8.553504, 41.479258], [-8.541547, 41.476461], [-8.525817, 41.464929], [-8.521967, 41.455906], [-8.522773, 41.446902], [-8.529859, 41.436331], [-8.541878, 41.429316], [-8.553867, 41.426394], [-8.565831, 41.426927], [-8.57777, 41.431401], [-8.585513, 41.438137], [-8.589649, 41.44716], [-8.590155, 41.456169], [-8.587138, 41.465166], [-8.577742, 41.474139], [-8.565485, 41.478773]], [[-8.649715, 41.406612], [-8.625776, 41.40854], [-8.61382, 41.407098], [-8.601881, 41.402973], [-8.589963, 41.395797], [-8.579728, 41.384071], [-8.572953, 41.366031], [-8.57317, 41.357024], [-8.576002, 41.348027], [-8.581795, 41.33904], [-8.590366, 41.331522], [-8.602355, 41.325133], [-8.614323, 41.322051], [-8.626275, 41.321436], [-8.638215, 41.322978], [-8.650143, 41.326875], [-8.670339, 41.339328], [-8.679769, 41.348362], [-8.685602, 41.357386], [-8.688956, 41.366403], [-8.689089, 41.375411], [-8.685662, 41.384409], [-8.673693, 41.396835], [-8.661699, 41.402844], [-8.649715, 41.406612]]], [[[-8.445029, 41.558587], [-8.457016, 41.55922], [-8.464863, 41.554736], [-8.471063, 41.545757], [-8.465832, 41.536725], [-8.457241, 41.532353], [-8.445253, 41.53249], [-8.437958, 41.536593], [-8.434059, 41.545581], [-8.439225, 41.554613], [-8.445029, 41.558587]], [[-8.445106, 41.549661], [-8.441868, 41.545619], [-8.445202, 41.538421], [-8.44933, 41.536648], [-8.458639, 41.536692], [-8.463537, 41.545722], [-8.457077, 41.551904], [-8.445106, 41.549661]]], [[[-8.087884, 41.543357], [-8.097423, 41.546773], [-8.10941, 41.54703], [-8.11959, 41.543603], [-8.129203, 41.534669], [-8.130104, 41.525669], [-8.122875, 41.516606], [-8.109888, 41.512117], [-8.097912, 41.511607], [-8.090599, 41.513615], [-8.089811, 41.519693], [-8.093439, 41.516378], [-8.097865, 41.514994], [-8.109848, 41.515086], [-8.114121, 41.516539], [-8.123973, 41.525622], [-8.121559, 41.535272], [-8.109481, 41.541836], [-8.103464, 41.541595], [-8.106759, 41.543557], [-8.101666, 41.542655], [-8.094175, 41.544904], [-8.092079, 41.543328], [-8.087884, 41.543357]]], [[[-8.155301, 41.376766], [-8.16111, 41.390788], [-8.168562, 41.39985], [-8.183068, 41.410273], [-8.19497, 41.415406], [-8.206903, 41.418089], [-8.218858, 41.418974], [-8.230838, 41.417873], [-8.242838, 41.414893], [-8.254869, 41.409193], [-8.266069, 41.400513], [-8.273154, 41.39155], [-8.276733, 41.382565], [-8.277125, 41.364553], [-8.274315, 41.355527], [-8.263652, 41.340677], [-8.262751, 41.345405], [-8.258271, 41.347661], [-8.26517, 41.355469], [-8.269662, 41.364506], [-8.271457, 41.373524], [-8.270627, 41.382527], [-8.266774, 41.39151], [-8.259532, 41.400471], [-8.242889, 41.410555], [-8.230884, 41.413917], [-8.218908, 41.41484], [-8.206957, 41.413597], [-8.195037, 41.409933], [-8.178726, 41.399923], [-8.171206, 41.390861], [-8.166324, 41.379239], [-8.1642, 41.38059], [-8.155301, 41.376766]]], [[[-8.637717, 41.194229], [-8.643894, 41.21314], [-8.6507, 41.222363], [-8.663972, 41.231216], [-8.674501, 41.234521], [-8.698364, 41.235146], [-8.71816, 41.231362], [-8.734202, 41.225435], [-8.75367, 41.213427], [-8.761785, 41.204436], [-8.766697, 41.195439], [-8.768893, 41.186435], [-8.766666, 41.168415], [-8.758322, 41.155303], [-8.746663, 41.145238], [-8.674793, 41.146932], [-8.674849, 41.153767], [-8.672489, 41.15648], [-8.66117, 41.156307], [-8.662078, 41.158104], [-8.660313, 41.160813], [-8.657033, 41.160378], [-8.654961, 41.161963], [-8.653222, 41.168049], [-8.654499, 41.172095], [-8.662936, 41.162898], [-8.674889, 41.156252], [-8.686823, 41.152952], [-8.698745, 41.152105], [-8.710657, 41.153431], [-8.722559, 41.157315], [-8.734447, 41.164878], [-8.74407, 41.177375], [-8.746407, 41.186388], [-8.745798, 41.195394], [-8.742243, 41.204394], [-8.73425, 41.213584], [-8.722288, 41.221442], [-8.710337, 41.225966], [-8.698395, 41.228356], [-8.686462, 41.228701], [-8.67454, 41.22668], [-8.662637, 41.221176], [-8.654229, 41.213172], [-8.65078, 41.207381], [-8.647265, 41.195135], [-8.649851, 41.179994], [-8.647955, 41.180228], [-8.647696, 41.185181], [-8.641225, 41.196014], [-8.638841, 41.196025], [-8.637717, 41.194229]]]]}}, {"id": "6", "type": "Feature", "properties": {"fill": "#e79f24", "value_min": -2.0, "value_max": -1.67}, "geometry": {"type": "MultiPolygon", "coordinates": [[[[-7.876961, 41.849347], [-7.888505, 41.843182], [-7.900777, 41.82992], [-7.905786, 41.820984], [-7.907304, 41.811991], [-7.904621, 41.802959], [-7.897268, 41.793882], [-7.889439, 41.789157], [-7.87744, 41.787068], [-7.865402, 41.787294], [-7.841252, 41.791762], [-7.836389, 41.793281], [-7.822588, 41.802147], [-7.817983, 41.811107], [-7.817726, 41.820111], [-7.820845, 41.82915], [-7.828362, 41.838703], [-7.840247, 41.8475], [-7.852213, 41.851979], [-7.864248, 41.852631], [-7.870934, 41.851032], [-7.873043, 41.850501], [-7.87276, 41.846157], [-7.864338, 41.847506], [-7.852311, 41.846482], [-7.840355, 41.84155], [-7.82793, 41.829222], [-7.823896, 41.820174], [-7.824179, 41.81117], [-7.829861, 41.802222], [-7.844047, 41.793359], [-7.865375, 41.788804], [-7.877412, 41.788695], [-7.889396, 41.791621], [-7.901245, 41.802536], [-7.904658, 41.811966], [-7.903097, 41.820958], [-7.897739, 41.829913], [-7.888578, 41.838924], [-7.874868, 41.84582], [-7.876961, 41.849347]]], [[[-7.731414, 41.79217], [-7.744975, 41.791545], [-7.749502, 41.783361], [-7.745255, 41.777155], [-7.733267, 41.774886], [-7.725178, 41.783094], [-7.731414, 41.79217]]], [[[-7.937901, 41.769581], [-7.949923, 41.770162], [-7.960341, 41.767449], [-7.970479, 41.758534], [-7.972578, 41.749546], [-7.962356, 41.745195], [-7.950365, 41.743001], [-7.938301, 41.745294], [-7.932517, 41.749181], [-7.926562, 41.758132], [-7.931318, 41.767183], [-7.937901, 41.769581]], [[-7.962141, 41.758588], [-7.954274, 41.767394], [-7.94995, 41.76852], [-7.936244, 41.767229], [-7.930399, 41.758168], [-7.938241, 41.74897], [-7.950297, 41.747199], [-7.956087, 41.749397], [-7.962141, 41.758588]]], [[[-7.99847, 41.758781], [-8.010228, 41.760462], [-8.022291, 41.758307], [-8.034122, 41.75008], [-8.038195, 41.741107], [-8.036231, 41.732083], [-8.022896, 41.718414], [-8.010947, 41.713635], [-7.998941, 41.712666], [-7.986853, 41.717003], [-7.979935, 41.722591], [-7.975342, 41.731557], [-7.973645, 41.740548], [-7.975583, 41.749573], [-7.99847, 41.758781]], [[-8.034248, 41.741074], [-8.028357, 41.750031], [-8.022353, 41.754206], [-8.010289, 41.75655], [-7.99829, 41.754581], [-7.989133, 41.749693], [-7.981064, 41.740614], [-7.980843, 41.731606], [-7.98681, 41.722651], [-7.998888, 41.716106], [-8.010913, 41.715893], [-8.02576, 41.722988], [-8.033293, 41.732059], [-8.034248, 41.741074]]], [[[-8.203467, 41.698461], [-8.216097, 41.697423], [-8.215511, 41.696324], [-8.203508, 41.695194], [-8.203467, 41.698461]]], [[[-8.383944, 41.676917], [-8.396239, 41.67149], [-8.398709, 41.662495], [-8.39613, 41.658514], [-8.384171, 41.653086], [-8.372128, 41.656473], [-8.366837, 41.662324], [-8.367714, 41.671336], [-8.371952, 41.674638], [-8.383944, 41.676917]]], [[[-8.02355, 41.675177], [-8.035624, 41.671122], [-8.043381, 41.660087], [-8.040782, 41.651059], [-8.035995, 41.646276], [-8.024047, 41.64227], [-8.012019, 41.643579], [-8.001539, 41.650724], [-7.998682, 41.659706], [-8.002926, 41.66875], [-8.011557, 41.673835], [-8.02355, 41.675177]], [[-8.035673, 41.667842], [-8.023589, 41.672572], [-8.009786, 41.66881], [-8.004112, 41.659754], [-8.008269, 41.650783], [-8.011948, 41.648274], [-8.023997, 41.645559], [-8.035939, 41.650037], [-8.040447, 41.660063], [-8.035673, 41.667842]]], [[[-8.444202, 41.655025], [-8.457591, 41.653781], [-8.468262, 41.650259], [-8.476056, 41.64486], [-8.481705, 41.635878], [-8.482139, 41.626873], [-8.478106, 41.617847], [-8.468603, 41.60875], [-8.456651, 41.602749], [-8.444668, 41.600799], [-8.432658, 41.601912], [-8.418209, 41.608553], [-8.409908, 41.617518], [-8.406847, 41.626509], [-8.408093, 41.635523], [-8.413262, 41.644556], [-8.420236, 41.649068], [-8.432208, 41.653297], [-8.444202, 41.655025]], [[-8.468331, 41.641788], [-8.456269, 41.648281], [-8.444249, 41.649554], [-8.432262, 41.647134], [-8.427269, 41.644627], [-8.417239, 41.635569], [-8.414906, 41.62655], [-8.418272, 41.61756], [-8.432609, 41.607562], [-8.444626, 41.605685], [-8.456607, 41.607995], [-8.470773, 41.617814], [-8.474893, 41.62684], [-8.473416, 41.63584], [-8.468331, 41.641788]]], [[[-8.636927, 41.554424], [-8.648938, 41.550777], [-8.655795, 41.546458], [-8.662767, 41.537472], [-8.664123, 41.528468], [-8.660208, 41.519449], [-8.650807, 41.510414], [-8.637213, 41.50324], [-8.625251, 41.499849], [-8.613269, 41.499866], [-8.601258, 41.504704], [-8.595695, 41.510233], [-8.591288, 41.519225], [-8.590973, 41.528231], [-8.594475, 41.537251], [-8.601013, 41.544706], [-8.612959, 41.551912], [-8.624934, 41.554664], [-8.636927, 41.554424]], [[-8.649036, 41.532636], [-8.646806, 41.537424], [-8.636986, 41.543916], [-8.624986, 41.545768], [-8.613014, 41.542835], [-8.605458, 41.537289], [-8.601102, 41.530122], [-8.601652, 41.519261], [-8.613212, 41.509464], [-8.625205, 41.50788], [-8.634483, 41.510363], [-8.647447, 41.519411], [-8.650586, 41.528428], [-8.649036, 41.532636]]], [[[-8.445106, 41.549661], [-8.457077, 41.551904], [-8.463537, 41.545722], [-8.458639, 41.536692], [-8.44933, 41.536648], [-8.445202, 41.538421], [-8.441868, 41.545619], [-8.445106, 41.549661]]], [[[-8.103464, 41.541595], [-8.109481, 41.541836], [-8.121559, 41.535272], [-8.123973, 41.525622], [-8.114121, 41.516539], [-8.109848, 41.515086], [-8.097865, 41.514994], [-8.093439, 41.516378], [-8.089811, 41.519693], [-8.090594, 41.522169], [-8.093289, 41.522395], [-8.092389, 41.525177], [-8.097788, 41.520514], [-8.109783, 41.51984], [-8.116722, 41.525567], [-8.112824, 41.534544], [-8.109556, 41.536366], [-8.095978, 41.534578], [-8.097774, 41.537927], [-8.103464, 41.541595]]], [[[-8.095676, 41.534325], [-8.09258, 41.526446], [-8.091487, 41.531173], [-8.095676, 41.534325]]], [[[-8.092492, 41.526221], [-8.092492, 41.526221], [-8.092389, 41.525959], [-8.092492, 41.526221]]], [[[-8.565485, 41.478773], [-8.577742, 41.474139], [-8.587138, 41.465166], [-8.590155, 41.456169], [-8.589649, 41.44716], [-8.585513, 41.438137], [-8.57777, 41.431401], [-8.565831, 41.426927], [-8.553867, 41.426394], [-8.541878, 41.429316], [-8.529859, 41.436331], [-8.522773, 41.446902], [-8.521967, 41.455906], [-8.525817, 41.464929], [-8.541547, 41.476461], [-8.553504, 41.479258], [-8.565485, 41.478773]], [[-8.576586, 41.45612], [-8.572286, 41.465111], [-8.565546, 41.46964], [-8.553552, 41.47236], [-8.541594, 41.469773], [-8.534722, 41.464966], [-8.529618, 41.455937], [-8.532209, 41.44694], [-8.54181, 41.439009], [-8.553796, 41.436648], [-8.565747, 41.439593], [-8.574414, 41.447104], [-8.576586, 41.45612]]], [[[-8.166324, 41.379239], [-8.171206, 41.390861], [-8.178726, 41.399923], [-8.195037, 41.409933], [-8.206957, 41.413597], [-8.218908, 41.41484], [-8.230884, 41.413917], [-8.242889, 41.410555], [-8.259532, 41.400471], [-8.266774, 41.39151], [-8.270627, 41.382527], [-8.271457, 41.373524], [-8.269662, 41.364506], [-8.26517, 41.355469], [-8.258271, 41.347661], [-8.256483, 41.347663], [-8.252195, 41.352169], [-8.26265, 41.364461], [-8.265285, 41.373485], [-8.264888, 41.38249], [-8.261244, 41.391474], [-8.254991, 41.398522], [-8.242938, 41.406334], [-8.230931, 41.40996], [-8.218956, 41.41084], [-8.207012, 41.409106], [-8.195104, 41.404532], [-8.187889, 41.399988], [-8.179322, 41.390919], [-8.174926, 41.37721], [-8.168382, 41.377438], [-8.166324, 41.379239]]], [[[-8.649715, 41.406612], [-8.661699, 41.402844], [-8.673693, 41.396835], [-8.685662, 41.384409], [-8.689089, 41.375411], [-8.688956, 41.366403], [-8.685602, 41.357386], [-8.679769, 41.348362], [-8.670339, 41.339328], [-8.650143, 41.326875], [-8.638215, 41.322978], [-8.626275, 41.321436], [-8.614323, 41.322051], [-8.602355, 41.325133], [-8.590366, 41.331522], [-8.581795, 41.33904], [-8.576002, 41.348027], [-8.57317, 41.357024], [-8.572953, 41.366031], [-8.579728, 41.384071], [-8.589963, 41.395797], [-8.601881, 41.402973], [-8.61382, 41.407098], [-8.625776, 41.40854], [-8.649715, 41.406612]], [[-8.661761, 41.390837], [-8.649774, 41.3957], [-8.6378, 41.397768], [-8.625839, 41.397517], [-8.613893, 41.394781], [-8.601965, 41.389121], [-8.595656, 41.384128], [-8.588551, 41.375095], [-8.585173, 41.366075], [-8.585096, 41.357067], [-8.590278, 41.345599], [-8.602297, 41.33465], [-8.614277, 41.329808], [-8.626236, 41.328146], [-8.63818, 41.32925], [-8.65011, 41.332999], [-8.661274, 41.339302], [-8.67107, 41.348338], [-8.676591, 41.357361], [-8.678518, 41.366374], [-8.676731, 41.375377], [-8.670463, 41.384366], [-8.661761, 41.390837]]], [[[-8.649851, 41.179994], [-8.647265, 41.195135], [-8.65078, 41.207381], [-8.654229, 41.213172], [-8.662637, 41.221176], [-8.67454, 41.22668], [-8.686462, 41.228701], [-8.698395, 41.228356], [-8.710337, 41.225966], [-8.722288, 41.221442], [-8.73425, 41.213584], [-8.742243, 41.204394], [-8.745798, 41.195394], [-8.746407, 41.186388], [-8.74407, 41.177375], [-8.734447, 41.164878], [-8.722559, 41.157315], [-8.710657, 41.153431], [-8.698745, 41.152105], [-8.686823, 41.152952], [-8.674889, 41.156252], [-8.662936, 41.162898], [-8.654499, 41.172095], [-8.655366, 41.175467], [-8.649851, 41.179994]], [[-8.72234, 41.20895], [-8.717946, 41.213345], [-8.710375, 41.217454], [-8.698428, 41.221136], [-8.686496, 41.221529], [-8.674581, 41.218385], [-8.666199, 41.213207], [-8.6593, 41.204179], [-8.657458, 41.195165], [-8.659306, 41.186163], [-8.662847, 41.180197], [-8.674817, 41.170758], [-8.686756, 41.167123], [-8.698677, 41.16685], [-8.710585, 41.169853], [-8.722166, 41.177324], [-8.728038, 41.186346], [-8.729275, 41.195357], [-8.726371, 41.204358], [-8.72234, 41.20895]]]]}}, {"id": "10", "type": "Feature", "properties": {"fill": "#a3a3a3", "value_min": -0.67, "value_max": -0.33}, "geometry": {"type": "MultiPolygon", "coordinates": [[[[-7.898082, 41.860458], [-7.91785, 41.821098], [-7.920611, 41.812117], [-7.913886, 41.785033], [-7.925732, 41.777815], [-7.937785, 41.776596], [-7.961821, 41.778404], [-8.009743, 41.792035], [-8.02176, 41.793239], [-8.033807, 41.792498], [-8.049407, 41.786235], [-8.058095, 41.777637], [-8.062591, 41.768329], [-8.063089, 41.750319], [-8.058988, 41.741279], [-8.052868, 41.732222], [-8.030111, 41.714018], [-8.021914, 41.704942], [-8.018642, 41.695907], [-8.027471, 41.686975], [-8.035441, 41.683382], [-8.047588, 41.674459], [-8.056436, 41.660195], [-8.057176, 41.651194], [-8.0536, 41.642158], [-8.036298, 41.625896], [-8.024402, 41.618742], [-8.001669, 41.611462], [-7.998761, 41.612809], [-7.999664, 41.611096], [-7.988522, 41.610417], [-7.970054, 41.614418], [-7.955697, 41.623296], [-7.949174, 41.632243], [-7.946174, 41.641223], [-7.945656, 41.650225], [-7.953223, 41.686322], [-7.950722, 41.704314], [-7.941717, 41.722245], [-7.911749, 41.748986], [-7.905249, 41.766938], [-7.90176, 41.772383], [-7.896889, 41.775864], [-7.877577, 41.779231], [-7.853483, 41.780828], [-7.829462, 41.778287], [-7.817509, 41.775075], [-7.80249, 41.765912], [-7.781995, 41.743205], [-7.762976, 41.72623], [-7.762933, 41.733839], [-7.759307, 41.737203], [-7.759597, 41.739005], [-7.75689, 41.739446], [-7.758687, 41.740577], [-7.758067, 41.74386], [-7.769809, 41.751602], [-7.79343, 41.774795], [-7.805343, 41.781204], [-7.829374, 41.783144], [-7.889587, 41.780582], [-7.901593, 41.78214], [-7.910426, 41.794007], [-7.916455, 41.812078], [-7.909748, 41.830028], [-7.891306, 41.858418], [-7.898082, 41.860458]], [[-8.034045, 41.776637], [-8.021958, 41.780223], [-8.009916, 41.780781], [-7.973897, 41.775735], [-7.925796, 41.77399], [-7.913489, 41.767016], [-7.913224, 41.758006], [-7.917208, 41.749037], [-7.926356, 41.740422], [-7.951101, 41.722331], [-7.971831, 41.695497], [-7.975156, 41.68652], [-7.968328, 41.659438], [-7.969207, 41.650439], [-7.973479, 41.64147], [-7.982808, 41.632546], [-8.000284, 41.62594], [-8.012295, 41.625505], [-8.024269, 41.627538], [-8.03619, 41.63314], [-8.047417, 41.642107], [-8.052866, 41.651159], [-8.052973, 41.660167], [-8.047653, 41.670047], [-8.035494, 41.679801], [-8.01647, 41.686881], [-8.008066, 41.695816], [-8.011192, 41.697642], [-8.015244, 41.704885], [-8.038138, 41.723093], [-8.052423, 41.741225], [-8.053703, 41.750243], [-8.051747, 41.759233], [-8.045886, 41.768192], [-8.034045, 41.776637]]], [[[-7.739516, 41.82936], [-7.756305, 41.828], [-7.768323, 41.829241], [-7.780284, 41.83353], [-7.795516, 41.8469], [-7.807691, 41.870142], [-7.814229, 41.873537], [-7.823863, 41.874013], [-7.825059, 41.875817], [-7.830479, 41.875831], [-7.830789, 41.874118], [-7.815926, 41.85995], [-7.792379, 41.830742], [-7.780498, 41.822266], [-7.768506, 41.819682], [-7.732642, 41.821715], [-7.743152, 41.825154], [-7.742839, 41.827178], [-7.738919, 41.828515], [-7.739516, 41.82936]]], [[[-8.801327, 41.600351], [-8.804218, 41.600109], [-8.80456, 41.604158], [-8.809434, 41.611332], [-8.828644, 41.609656], [-8.82781, 41.582914], [-8.801327, 41.600351]]], [[[-8.611982, 41.607601], [-8.600693, 41.596719], [-8.563774, 41.546146], [-8.55771, 41.537116], [-8.545307, 41.510045], [-8.538233, 41.501009], [-8.50602, 41.473853], [-8.497863, 41.464811], [-8.493592, 41.455784], [-8.490992, 41.446765], [-8.491484, 41.428753], [-8.501249, 41.392765], [-8.509269, 41.347761], [-8.516906, 41.329778], [-8.523827, 41.3208], [-8.542734, 41.307222], [-8.566694, 41.296998], [-8.602587, 41.28702], [-8.614537, 41.28565], [-8.626473, 41.286657], [-8.638384, 41.29236], [-8.673603, 41.321322], [-8.709812, 41.344705], [-8.745608, 41.360704], [-8.808995, 41.380398], [-8.806815, 41.325138], [-8.793516, 41.334003], [-8.769586, 41.341952], [-8.745674, 41.34364], [-8.721786, 41.33979], [-8.697925, 41.330499], [-8.683223, 41.321349], [-8.664196, 41.303279], [-8.658417, 41.294255], [-8.655504, 41.285238], [-8.656597, 41.276234], [-8.665145, 41.267251], [-8.687606, 41.258306], [-8.722156, 41.25257], [-8.74603, 41.252056], [-8.769892, 41.254864], [-8.783957, 41.258527], [-8.804611, 41.269193], [-8.803238, 41.234285], [-8.674415, 41.25192], [-8.662475, 41.252776], [-8.650545, 41.251502], [-8.638651, 41.24396], [-8.631326, 41.231116], [-8.612903, 41.177003], [-8.608583, 41.174095], [-8.609164, 41.172066], [-8.604942, 41.164881], [-8.59422, 41.165149], [-8.590576, 41.16719], [-8.607653, 41.195007], [-8.616768, 41.222061], [-8.618445, 41.240082], [-8.617026, 41.249085], [-8.612256, 41.258077], [-8.600636, 41.267045], [-8.578774, 41.27577], [-8.554854, 41.281672], [-8.507033, 41.289091], [-8.488031, 41.293623], [-8.473101, 41.302563], [-8.467055, 41.311543], [-8.464656, 41.32054], [-8.464603, 41.338555], [-8.470986, 41.39263], [-8.472332, 41.437674], [-8.475819, 41.455705], [-8.481667, 41.464739], [-8.490686, 41.473786], [-8.515379, 41.491908], [-8.524244, 41.500952], [-8.529267, 41.509981], [-8.536396, 41.537032], [-8.554225, 41.555117], [-8.565107, 41.573173], [-8.567212, 41.582188], [-8.566537, 41.591193], [-8.562059, 41.600183], [-8.552622, 41.607383], [-8.5406, 41.610304], [-8.528602, 41.609748], [-8.516622, 41.606966], [-8.50466, 41.601754], [-8.489909, 41.590879], [-8.483813, 41.581844], [-8.483431, 41.572835], [-8.497327, 41.545875], [-8.489212, 41.536832], [-8.457338, 41.520776], [-8.445384, 41.517049], [-8.433382, 41.519082], [-8.421323, 41.527429], [-8.414086, 41.536473], [-8.402348, 41.563435], [-8.395693, 41.572408], [-8.335522, 41.617112], [-8.325644, 41.626061], [-8.317875, 41.635023], [-8.309998, 41.65299], [-8.309716, 41.661995], [-8.31269, 41.67102], [-8.318453, 41.680062], [-8.328927, 41.689131], [-8.347688, 41.698056], [-8.359686, 41.700028], [-8.371714, 41.699064], [-8.419917, 41.684589], [-8.431946, 41.683019], [-8.44396, 41.683241], [-8.471532, 41.687557], [-8.475731, 41.686644], [-8.482012, 41.682123], [-8.48468, 41.675896], [-8.432003, 41.67652], [-8.419965, 41.679193], [-8.383801, 41.691854], [-8.37177, 41.693288], [-8.359766, 41.692014], [-8.3478, 41.686998], [-8.339004, 41.680182], [-8.333177, 41.671141], [-8.331007, 41.662121], [-8.332088, 41.65312], [-8.336249, 41.644137], [-8.35223, 41.626214], [-8.383685, 41.599366], [-8.408133, 41.58148], [-8.416791, 41.572516], [-8.418402, 41.545503], [-8.422347, 41.536515], [-8.433319, 41.526384], [-8.445335, 41.522872], [-8.457304, 41.524822], [-8.478842, 41.536785], [-8.485318, 41.545822], [-8.483385, 41.55482], [-8.470985, 41.572779], [-8.470596, 41.581784], [-8.477566, 41.590823], [-8.523607, 41.627052], [-8.53021, 41.636087], [-8.533052, 41.645105], [-8.531238, 41.651802], [-8.534066, 41.652017], [-8.537951, 41.649302], [-8.537634, 41.646602], [-8.543876, 41.637352], [-8.543855, 41.633976], [-8.536342, 41.631977], [-8.535132, 41.630406], [-8.543431, 41.61462], [-8.554533, 41.615255], [-8.557244, 41.617046], [-8.562639, 41.61635], [-8.568056, 41.619031], [-8.570735, 41.616095], [-8.577321, 41.614269], [-8.581231, 41.615829], [-8.585766, 41.620988], [-8.591462, 41.620515], [-8.596534, 41.616668], [-8.601628, 41.615972], [-8.603996, 41.611686], [-8.611982, 41.607601]]], [[[-8.510761, 41.669538], [-8.50597, 41.671652], [-8.50927, 41.671233], [-8.51018, 41.672806], [-8.511968, 41.670549], [-8.510761, 41.669538]]], [[[-8.49308, 41.674851], [-8.49308, 41.674851], [-8.492924, 41.674887], [-8.49308, 41.674851]]], [[[-8.239333, 41.714423], [-8.248494, 41.706647], [-8.254422, 41.697678], [-8.256856, 41.688687], [-8.25465, 41.679666], [-8.245934, 41.670602], [-8.239888, 41.667371], [-8.227915, 41.664044], [-8.215907, 41.663709], [-8.203867, 41.666083], [-8.191775, 41.672454], [-8.185044, 41.679193], [-8.180665, 41.688169], [-8.180345, 41.697174], [-8.183743, 41.706205], [-8.191257, 41.713794], [-8.2032, 41.72016], [-8.215197, 41.722199], [-8.227238, 41.720622], [-8.239333, 41.714423]], [[-8.227331, 41.712883], [-8.215273, 41.715966], [-8.20327, 41.714484], [-8.189954, 41.706249], [-8.185409, 41.69721], [-8.186601, 41.688211], [-8.191664, 41.681327], [-8.203768, 41.674117], [-8.215798, 41.672737], [-8.22778, 41.675336], [-8.234769, 41.679535], [-8.241392, 41.688586], [-8.241635, 41.697595], [-8.236407, 41.706567], [-8.227331, 41.712883]]], [[[-8.081578, 41.562731], [-8.109165, 41.564843], [-8.121177, 41.563457], [-8.133215, 41.560112], [-8.145826, 41.552808], [-8.153369, 41.543857], [-8.155917, 41.534868], [-8.155221, 41.525856], [-8.150227, 41.516812], [-8.133909, 41.508096], [-8.110006, 41.503548], [-8.078332, 41.499793], [-8.093, 41.505], [-8.116648, 41.507551], [-8.133834, 41.513677], [-8.13912, 41.516729], [-8.144688, 41.525778], [-8.144962, 41.534787], [-8.140875, 41.543764], [-8.133346, 41.550273], [-8.12128, 41.555895], [-8.109258, 41.558077], [-8.097267, 41.557997], [-8.085305, 41.555917], [-8.073011, 41.551198], [-8.076188, 41.557276], [-8.079783, 41.558403], [-8.081578, 41.562731]]], [[[-8.444649, 41.482581], [-8.44122, 41.473557], [-8.433809, 41.470097], [-8.421824, 41.471144], [-8.414706, 41.482432], [-8.421633, 41.492648], [-8.433605, 41.493557], [-8.437269, 41.491552], [-8.444649, 41.482581]]], [[[-8.108009, 41.39924], [-8.147036, 41.420802], [-8.170842, 41.430831], [-8.18277, 41.434053], [-8.194719, 41.435723], [-8.218663, 41.435307], [-8.242663, 41.429956], [-8.266725, 41.418901], [-8.280597, 41.409612], [-8.298704, 41.391709], [-8.307948, 41.37375], [-8.31814, 41.336774], [-8.314699, 41.33678], [-8.312604, 41.334983], [-8.313794, 41.333405], [-8.310792, 41.327557], [-8.308701, 41.327561], [-8.307502, 41.325762], [-8.305116, 41.326891], [-8.303024, 41.325994], [-8.303615, 41.323742], [-8.301216, 41.319694], [-8.296431, 41.316774], [-8.297618, 41.313846], [-8.296116, 41.310022], [-8.292241, 41.312504], [-8.288361, 41.312959], [-8.28419, 41.316341], [-8.29079, 41.328607], [-8.295536, 41.346652], [-8.296146, 41.364671], [-8.292227, 41.382662], [-8.288073, 41.391644], [-8.281214, 41.400608], [-8.271355, 41.409554], [-8.254751, 41.419549], [-8.242728, 41.424425], [-8.218737, 41.429074], [-8.206767, 41.429246], [-8.182884, 41.424997], [-8.170974, 41.420489], [-8.150214, 41.408723], [-8.138774, 41.39963], [-8.129952, 41.390557], [-8.12123, 41.376993], [-8.119672, 41.376768], [-8.119672, 41.378569], [-8.116683, 41.380144], [-8.117578, 41.386447], [-8.113992, 41.386896], [-8.112795, 41.390723], [-8.110105, 41.390947], [-8.108011, 41.393648], [-8.103827, 41.392972], [-8.105321, 41.394998], [-8.103438, 41.395898], [-8.10467, 41.396799], [-8.104722, 41.396837], [-8.104978, 41.397024], [-8.105021, 41.397055], [-8.105286, 41.397249], [-8.108009, 41.39924]]]]}}, {"id": "11", "type": "Feature", "properties": {"fill": "#a3a3a3", "value_min": -0.33, "value_max": 0.0}, "geometry": {"type": "MultiPolygon", "coordinates": [[[[-8.471532, 41.687557], [-8.44396, 41.683241], [-8.431946, 41.683019], [-8.419917, 41.684589], [-8.371714, 41.699064], [-8.359686, 41.700028], [-8.347688, 41.698056], [-8.328927, 41.689131], [-8.318453, 41.680062], [-8.31269, 41.67102], [-8.309716, 41.661995], [-8.309998, 41.65299], [-8.317875, 41.635023], [-8.325644, 41.626061], [-8.335522, 41.617112], [-8.395693, 41.572408], [-8.402348, 41.563435], [-8.414086, 41.536473], [-8.421323, 41.527429], [-8.433382, 41.519082], [-8.445384, 41.517049], [-8.457338, 41.520776], [-8.489212, 41.536832], [-8.497327, 41.545875], [-8.483431, 41.572835], [-8.483813, 41.581844], [-8.489909, 41.590879], [-8.50466, 41.601754], [-8.516622, 41.606966], [-8.528602, 41.609748], [-8.5406, 41.610304], [-8.552622, 41.607383], [-8.562059, 41.600183], [-8.566537, 41.591193], [-8.567212, 41.582188], [-8.565107, 41.573173], [-8.554225, 41.555117], [-8.536396, 41.537032], [-8.529267, 41.509981], [-8.524244, 41.500952], [-8.515379, 41.491908], [-8.490686, 41.473786], [-8.481667, 41.464739], [-8.475819, 41.455705], [-8.472332, 41.437674], [-8.470986, 41.39263], [-8.464603, 41.338555], [-8.464656, 41.32054], [-8.467055, 41.311543], [-8.473101, 41.302563], [-8.488031, 41.293623], [-8.507033, 41.289091], [-8.554854, 41.281672], [-8.578774, 41.27577], [-8.600636, 41.267045], [-8.612256, 41.258077], [-8.617026, 41.249085], [-8.618445, 41.240082], [-8.616768, 41.222061], [-8.607653, 41.195007], [-8.590576, 41.16719], [-8.589194, 41.170572], [-8.585925, 41.17171], [-8.582094, 41.177803], [-8.579113, 41.17894], [-8.579989, 41.179612], [-8.580021, 41.17964], [-8.591252, 41.189596], [-8.600783, 41.203991], [-8.605925, 41.222024], [-8.605603, 41.231031], [-8.602817, 41.240029], [-8.590852, 41.253733], [-8.578875, 41.260116], [-8.566914, 41.26375], [-8.554963, 41.265528], [-8.531091, 41.264881], [-8.505971, 41.25767], [-8.490642, 41.248596], [-8.48148, 41.239378], [-8.481423, 41.23929], [-8.481334, 41.239153], [-8.476644, 41.237817], [-8.475756, 41.23917], [-8.471283, 41.239184], [-8.471604, 41.243459], [-8.469227, 41.245267], [-8.463258, 41.244384], [-8.459989, 41.246644], [-8.454323, 41.246886], [-8.455541, 41.251834], [-8.452276, 41.25522], [-8.449891, 41.255452], [-8.449304, 41.257479], [-8.447812, 41.257258], [-8.449028, 41.261982], [-8.439785, 41.262907], [-8.438023, 41.268989], [-8.434745, 41.269673], [-8.432691, 41.277107], [-8.427032, 41.279372], [-8.429143, 41.284319], [-8.426171, 41.287028], [-8.426488, 41.291079], [-8.425013, 41.294909], [-8.422037, 41.296942], [-8.422647, 41.299867], [-8.407744, 41.304856], [-8.406262, 41.307335], [-8.403277, 41.307342], [-8.401801, 41.311398], [-8.399712, 41.311628], [-8.400316, 41.313202], [-8.396738, 41.314336], [-8.398835, 41.316131], [-8.393775, 41.31997], [-8.393489, 41.323122], [-8.391105, 41.324253], [-8.386325, 41.323588], [-8.380382, 41.331254], [-8.375305, 41.33104], [-8.37201, 41.328346], [-8.361563, 41.329718], [-8.358276, 41.329049], [-8.357673, 41.327249], [-8.350207, 41.327264], [-8.346032, 41.328847], [-8.342462, 41.333131], [-8.333215, 41.336299], [-8.326363, 41.342163], [-8.324568, 41.341041], [-8.323376, 41.341943], [-8.31814, 41.336774], [-8.307948, 41.37375], [-8.298704, 41.391709], [-8.280597, 41.409612], [-8.266725, 41.418901], [-8.242663, 41.429956], [-8.218663, 41.435307], [-8.194719, 41.435723], [-8.18277, 41.434053], [-8.170842, 41.430831], [-8.147036, 41.420802], [-8.108009, 41.39924], [-8.108606, 41.403102], [-8.104419, 41.406252], [-8.104119, 41.408728], [-8.101727, 41.409403], [-8.102025, 41.411204], [-8.092756, 41.411201], [-8.09126, 41.414352], [-8.081986, 41.4193], [-8.078697, 41.419524], [-8.077503, 41.416597], [-8.070923, 41.41862], [-8.066739, 41.416142], [-8.061953, 41.417264], [-8.059852, 41.424916], [-8.055982, 41.429641], [-8.063187, 41.426576], [-8.07519, 41.424079], [-8.099128, 41.42381], [-8.123004, 41.428141], [-8.170678, 41.443752], [-8.182622, 41.445871], [-8.194588, 41.446285], [-8.218567, 41.443258], [-8.242591, 41.436165], [-8.266653, 41.425293], [-8.291546, 41.40968], [-8.326918, 41.38387], [-8.338925, 41.379205], [-8.351399, 41.38301], [-8.362795, 41.384123], [-8.369138, 41.383109], [-8.374794, 41.380054], [-8.386839, 41.37099], [-8.398822, 41.368247], [-8.410747, 41.371747], [-8.422635, 41.379691], [-8.434474, 41.393561], [-8.442922, 41.410513], [-8.447525, 41.42855], [-8.448056, 41.43756], [-8.445978, 41.447406], [-8.438429, 41.455528], [-8.421904, 41.462095], [-8.409771, 41.4734], [-8.408028, 41.482398], [-8.409685, 41.489048], [-8.426647, 41.509515], [-8.409302, 41.531245], [-8.393907, 41.554384], [-8.385012, 41.564574], [-8.37526, 41.572298], [-8.348796, 41.588084], [-8.3098, 41.607953], [-8.264282, 41.634861], [-8.216106, 41.647319], [-8.191932, 41.659869], [-8.181157, 41.670158], [-8.175506, 41.679125], [-8.173209, 41.688116], [-8.173734, 41.697127], [-8.177027, 41.706157], [-8.183731, 41.715212], [-8.191166, 41.721053], [-8.203111, 41.727321], [-8.215092, 41.7308], [-8.227122, 41.730293], [-8.239206, 41.725226], [-8.275558, 41.700042], [-8.287623, 41.69576], [-8.299637, 41.696138], [-8.335562, 41.708519], [-8.347557, 41.711008], [-8.359586, 41.71015], [-8.407832, 41.692167], [-8.419873, 41.689526], [-8.431897, 41.688649], [-8.443902, 41.689953], [-8.460158, 41.694758], [-8.471532, 41.687557]], [[-8.239333, 41.714423], [-8.227238, 41.720622], [-8.215197, 41.722199], [-8.2032, 41.72016], [-8.191257, 41.713794], [-8.183743, 41.706205], [-8.180345, 41.697174], [-8.180665, 41.688169], [-8.185044, 41.679193], [-8.191775, 41.672454], [-8.203867, 41.666083], [-8.215907, 41.663709], [-8.227915, 41.664044], [-8.239888, 41.667371], [-8.245934, 41.670602], [-8.25465, 41.679666], [-8.256856, 41.688687], [-8.254422, 41.697678], [-8.248494, 41.706647], [-8.239333, 41.714423]], [[-8.549288, 41.582119], [-8.540725, 41.592727], [-8.528695, 41.597054], [-8.516698, 41.596752], [-8.502736, 41.590935], [-8.494512, 41.581892], [-8.493382, 41.572879], [-8.49821, 41.563893], [-8.505001, 41.557128], [-8.517032, 41.551876], [-8.529014, 41.553132], [-8.540958, 41.559865], [-8.545117, 41.564088], [-8.549613, 41.573113], [-8.549288, 41.582119]], [[-8.51632, 41.518934], [-8.509536, 41.527913], [-8.505204, 41.530494], [-8.493207, 41.531842], [-8.481241, 41.529139], [-8.460906, 41.518688], [-8.457395, 41.513959], [-8.450112, 41.509629], [-8.449844, 41.500621], [-8.457993, 41.491652], [-8.469625, 41.483711], [-8.481606, 41.483387], [-8.493558, 41.486756], [-8.505481, 41.494123], [-8.512393, 41.500903], [-8.516619, 41.509928], [-8.51632, 41.518934]], [[-8.444649, 41.482581], [-8.437269, 41.491552], [-8.433605, 41.493557], [-8.421633, 41.492648], [-8.414706, 41.482432], [-8.421824, 41.471144], [-8.433809, 41.470097], [-8.44122, 41.473557], [-8.444649, 41.482581]]], [[[-7.762976, 41.72623], [-7.781995, 41.743205], [-7.80249, 41.765912], [-7.817509, 41.775075], [-7.829462, 41.778287], [-7.853483, 41.780828], [-7.877577, 41.779231], [-7.896889, 41.775864], [-7.90176, 41.772383], [-7.905249, 41.766938], [-7.911749, 41.748986], [-7.941717, 41.722245], [-7.950722, 41.704314], [-7.953223, 41.686322], [-7.945656, 41.650225], [-7.946174, 41.641223], [-7.949174, 41.632243], [-7.955697, 41.623296], [-7.970054, 41.614418], [-7.988522, 41.610417], [-7.999664, 41.611096], [-7.996684, 41.602003], [-7.984685, 41.603564], [-7.982292, 41.60086], [-7.975689, 41.603552], [-7.974482, 41.606701], [-7.970882, 41.607147], [-7.969091, 41.603768], [-7.965796, 41.602413], [-7.9541, 41.602846], [-7.952606, 41.600592], [-7.947808, 41.60081], [-7.945413, 41.599456], [-7.942725, 41.595625], [-7.936733, 41.594264], [-7.93791, 41.601694], [-7.937004, 41.603718], [-7.931604, 41.604384], [-7.930073, 41.614735], [-7.925255, 41.620579], [-7.920755, 41.620796], [-7.917748, 41.623041], [-7.915933, 41.627764], [-7.913229, 41.628885], [-7.912613, 41.63361], [-7.906014, 41.633147], [-7.906884, 41.641927], [-7.904483, 41.641923], [-7.897567, 41.646062], [-7.91568, 41.660158], [-7.92748, 41.672838], [-7.93571, 41.686162], [-7.939771, 41.704213], [-7.938239, 41.713206], [-7.934203, 41.722175], [-7.905496, 41.748926], [-7.897893, 41.766867], [-7.889721, 41.772784], [-7.883891, 41.775739], [-7.865553, 41.778706], [-7.841519, 41.776983], [-7.829561, 41.772854], [-7.818253, 41.766076], [-7.810093, 41.756985], [-7.791511, 41.717046], [-7.789449, 41.719966], [-7.78464, 41.720402], [-7.78252, 41.723546], [-7.776204, 41.724652], [-7.773786, 41.727346], [-7.766599, 41.723047], [-7.762976, 41.72623]]], [[[-8.001669, 41.611462], [-8.024402, 41.618742], [-8.036298, 41.625896], [-8.0536, 41.642158], [-8.057176, 41.651194], [-8.056436, 41.660195], [-8.047588, 41.674459], [-8.035441, 41.683382], [-8.027471, 41.686975], [-8.018642, 41.695907], [-8.021914, 41.704942], [-8.030111, 41.714018], [-8.052868, 41.732222], [-8.058988, 41.741279], [-8.063089, 41.750319], [-8.062591, 41.768329], [-8.058095, 41.777637], [-8.049407, 41.786235], [-8.033807, 41.792498], [-8.02176, 41.793239], [-8.009743, 41.792035], [-7.961821, 41.778404], [-7.937785, 41.776596], [-7.925732, 41.777815], [-7.913886, 41.785033], [-7.920611, 41.812117], [-7.91785, 41.821098], [-7.898082, 41.860458], [-7.902203, 41.861591], [-7.904318, 41.859795], [-7.905252, 41.861597], [-7.9114, 41.83905], [-7.924766, 41.812156], [-7.919676, 41.794095], [-7.920523, 41.785096], [-7.925663, 41.781964], [-7.93775, 41.778717], [-7.949781, 41.778835], [-7.961769, 41.781664], [-7.971682, 41.785565], [-7.985618, 41.795469], [-7.997562, 41.801351], [-8.033475, 41.814594], [-8.052652, 41.818804], [-8.057314, 41.815656], [-8.06664, 41.817012], [-8.072961, 41.813414], [-8.077413, 41.813641], [-8.084449, 41.804533], [-8.087286, 41.786542], [-8.084069, 41.768502], [-8.076731, 41.75043], [-8.069929, 41.741368], [-8.060038, 41.732281], [-8.033639, 41.714048], [-8.026526, 41.704981], [-8.025945, 41.695969], [-8.035213, 41.68704], [-8.047522, 41.678938], [-8.055839, 41.669197], [-8.062292, 41.651236], [-8.059796, 41.642209], [-8.027879, 41.602485], [-8.02367, 41.603156], [-8.019174, 41.601802], [-8.015872, 41.603824], [-8.013474, 41.603372], [-8.005971, 41.60629], [-8.004464, 41.61034], [-8.001669, 41.611462]]], [[[-7.807691, 41.870142], [-7.795516, 41.8469], [-7.780284, 41.83353], [-7.768323, 41.829241], [-7.756305, 41.828], [-7.739516, 41.82936], [-7.745491, 41.836498], [-7.756156, 41.835676], [-7.768164, 41.837521], [-7.78375, 41.846776], [-7.790251, 41.855852], [-7.792909, 41.864886], [-7.792588, 41.873889], [-7.78945, 41.882469], [-7.794916, 41.881134], [-7.796739, 41.878214], [-7.794954, 41.873932], [-7.803381, 41.874857], [-7.804612, 41.869684], [-7.807691, 41.870142]]], [[[-8.068982, 41.571617], [-8.12105, 41.572832], [-8.145092, 41.568871], [-8.158873, 41.561912], [-8.166766, 41.552962], [-8.169814, 41.543977], [-8.170432, 41.534974], [-8.165431, 41.516923], [-8.156278, 41.507849], [-8.145941, 41.504302], [-8.096823, 41.49839], [-8.07004, 41.489169], [-8.06607, 41.4866], [-8.068462, 41.489747], [-8.072054, 41.490199], [-8.07175, 41.494925], [-8.078332, 41.499793], [-8.110006, 41.503548], [-8.133909, 41.508096], [-8.150227, 41.516812], [-8.155221, 41.525856], [-8.155917, 41.534868], [-8.153369, 41.543857], [-8.145826, 41.552808], [-8.133215, 41.560112], [-8.121177, 41.563457], [-8.109165, 41.564843], [-8.081578, 41.562731], [-8.081276, 41.565382], [-8.078879, 41.56493], [-8.077678, 41.566956], [-8.073182, 41.568079], [-8.068982, 41.571617]]], [[[-8.105286, 41.397249], [-8.105286, 41.397249], [-8.105021, 41.397055], [-8.105286, 41.397249]]], [[[-8.104978, 41.397024], [-8.104978, 41.397024], [-8.104722, 41.396837], [-8.104978, 41.397024]]], [[[-8.10467, 41.396799], [-8.10467, 41.396799], [-8.103438, 41.395898], [-8.10467, 41.396799]]], [[[-8.804611, 41.269193], [-8.783957, 41.258527], [-8.769892, 41.254864], [-8.74603, 41.252056], [-8.722156, 41.25257], [-8.687606, 41.258306], [-8.665145, 41.267251], [-8.656597, 41.276234], [-8.655504, 41.285238], [-8.658417, 41.294255], [-8.664196, 41.303279], [-8.683223, 41.321349], [-8.697925, 41.330499], [-8.721786, 41.33979], [-8.745674, 41.34364], [-8.769586, 41.341952], [-8.793516, 41.334003], [-8.806815, 41.325138], [-8.804611, 41.269193]], [[-8.757688, 41.327213], [-8.745725, 41.330743], [-8.733769, 41.332011], [-8.721822, 41.331255], [-8.709883, 41.328576], [-8.69402, 41.321378], [-8.681802, 41.312337], [-8.674544, 41.303309], [-8.670659, 41.29429], [-8.670598, 41.285282], [-8.675414, 41.276288], [-8.687928, 41.267315], [-8.710183, 41.261004], [-8.73406, 41.260339], [-8.74599, 41.262248], [-8.761512, 41.267491], [-8.774555, 41.276525], [-8.780779, 41.285545], [-8.783237, 41.294557], [-8.782172, 41.303563], [-8.777892, 41.312563], [-8.768398, 41.321552], [-8.757688, 41.327213]]]]}}, {"id": "1", "type": "Feature", "properties": {"fill": "#9c1c1c", "value_min": -3.67, "value_max": -3.33}, "geometry": {"type": "MultiPolygon", "coordinates": [[[[-7.888789, 41.826778], [-7.893528, 41.820866], [-7.894224, 41.811866], [-7.891864, 41.802837], [-7.889244, 41.800445], [-7.877275, 41.796549], [-7.865244, 41.796239], [-7.853165, 41.798624], [-7.846735, 41.802392], [-7.842055, 41.811352], [-7.842867, 41.820367], [-7.852583, 41.831239], [-7.864563, 41.834802], [-7.876623, 41.833864], [-7.888789, 41.826778]], [[-7.864609, 41.832196], [-7.856522, 41.82951], [-7.847822, 41.820417], [-7.847496, 41.811407], [-7.850114, 41.802426], [-7.853129, 41.800659], [-7.865188, 41.799408], [-7.877221, 41.799621], [-7.889207, 41.802578], [-7.891636, 41.811841], [-7.89121, 41.820844], [-7.88884, 41.823799], [-7.876665, 41.831464], [-7.864609, 41.832196]]], [[[-8.022653, 41.734414], [-8.022697, 41.731494], [-8.010767, 41.725395], [-7.997309, 41.73175], [-8.001015, 41.74079], [-8.010473, 41.744546], [-8.019624, 41.74095], [-8.022653, 41.734414]], [[-8.007882, 41.740849], [-8.003297, 41.731803], [-8.010717, 41.72863], [-8.017225, 41.731922], [-8.01306, 41.740894], [-8.010514, 41.741894], [-8.007882, 41.740849]]], [[[-8.204481, 41.37652], [-8.203279, 41.38208], [-8.209698, 41.391132], [-8.219148, 41.394762], [-8.231119, 41.393974], [-8.236304, 41.391312], [-8.243486, 41.382352], [-8.241132, 41.373329], [-8.238413, 41.371316], [-8.238301, 41.371233], [-8.238109, 41.371091], [-8.232024, 41.369971], [-8.224854, 41.370878], [-8.21738, 41.368182], [-8.211712, 41.376065], [-8.204481, 41.37652]], [[-8.219218, 41.388955], [-8.211966, 41.38214], [-8.216616, 41.373164], [-8.219424, 41.371715], [-8.231368, 41.372849], [-8.235389, 41.382298], [-8.231198, 41.387287], [-8.219218, 41.388955]]]]}}, {"id": "0", "type": "Feature", "properties": {"fill": "#881d1d", "value_min": -4.0, "value_max": -3.67}, "geometry": {"type": "MultiPolygon", "coordinates": [[[[-7.864609, 41.832196], [-7.876665, 41.831464], [-7.88884, 41.823799], [-7.89121, 41.820844], [-7.891636, 41.811841], [-7.889207, 41.802578], [-7.877221, 41.799621], [-7.865188, 41.799408], [-7.853129, 41.800659], [-7.850114, 41.802426], [-7.847496, 41.811407], [-7.847822, 41.820417], [-7.856522, 41.82951], [-7.864609, 41.832196]]], [[[-8.007882, 41.740849], [-8.010514, 41.741894], [-8.01306, 41.740894], [-8.017225, 41.731922], [-8.010717, 41.72863], [-8.003297, 41.731803], [-8.007882, 41.740849]]], [[[-8.219218, 41.388955], [-8.231198, 41.387287], [-8.235389, 41.382298], [-8.231368, 41.372849], [-8.219424, 41.371715], [-8.216616, 41.373164], [-8.211966, 41.38214], [-8.219218, 41.388955]]]]}}, {"id": "21", "type": "Feature", "properties": {"fill": "#245bd9", "value_min": 3.0, "value_max": 3.33}, "geometry": {"type": "MultiPolygon", "coordinates": [[[[-7.948792, 41.839396], [-7.948788, 41.839399], [-7.948791, 41.839403], [-7.948799, 41.839399], [-7.948792, 41.839396]]], [[[-8.373521, 41.512519], [-8.381065, 41.500271], [-8.380876, 41.473248], [-8.377047, 41.46422], [-8.368603, 41.455166], [-8.362144, 41.45075], [-8.350209, 41.446984], [-8.338249, 41.445898], [-8.326267, 41.446874], [-8.314259, 41.45032], [-8.306005, 41.454806], [-8.295526, 41.463749], [-8.290763, 41.472727], [-8.289153, 41.481725], [-8.293015, 41.499764], [-8.298285, 41.508803], [-8.307595, 41.517867], [-8.313506, 41.521747], [-8.32545, 41.525751], [-8.337426, 41.526708], [-8.349424, 41.525547], [-8.361451, 41.521371], [-8.373521, 41.512519]], [[-8.37293, 41.509234], [-8.361481, 41.518287], [-8.349449, 41.523016], [-8.325479, 41.522908], [-8.313546, 41.517931], [-8.301672, 41.507663], [-8.296384, 41.499784], [-8.294211, 41.490763], [-8.294523, 41.472751], [-8.302162, 41.461979], [-8.314223, 41.453769], [-8.326239, 41.449635], [-8.350182, 41.449677], [-8.362111, 41.454049], [-8.373986, 41.464312], [-8.378551, 41.473235], [-8.37859, 41.500258], [-8.37293, 41.509234]]]]}}, {"id": "20", "type": "Feature", "properties": {"fill": "#2e6eed", "value_min": 2.67, "value_max": 3.0}, "geometry": {"type": "MultiPolygon", "coordinates": [[[[-7.96082, 41.840398], [-7.960841, 41.839065], [-7.948883, 41.833778], [-7.941466, 41.839331], [-7.948642, 41.848545], [-7.96082, 41.840398]], [[-7.948792, 41.839396], [-7.948799, 41.839399], [-7.948791, 41.839403], [-7.948788, 41.839399], [-7.948792, 41.839396]]], [[[-8.36142, 41.524454], [-8.373486, 41.516204], [-8.379622, 41.509271], [-8.383541, 41.500284], [-8.384207, 41.482273], [-8.380183, 41.464237], [-8.373501, 41.455193], [-8.362176, 41.447451], [-8.350242, 41.443712], [-8.338283, 41.442513], [-8.326301, 41.443564], [-8.314296, 41.446871], [-8.299651, 41.454767], [-8.290811, 41.46372], [-8.285984, 41.472698], [-8.284689, 41.481697], [-8.286064, 41.490713], [-8.293869, 41.508776], [-8.301686, 41.517831], [-8.313466, 41.525563], [-8.325414, 41.529218], [-8.337391, 41.530167], [-8.349394, 41.528491], [-8.36142, 41.524454]], [[-8.373521, 41.512519], [-8.361451, 41.521371], [-8.349424, 41.525547], [-8.337426, 41.526708], [-8.32545, 41.525751], [-8.313506, 41.521747], [-8.307595, 41.517867], [-8.298285, 41.508803], [-8.293015, 41.499764], [-8.289153, 41.481725], [-8.290763, 41.472727], [-8.295526, 41.463749], [-8.306005, 41.454806], [-8.314259, 41.45032], [-8.326267, 41.446874], [-8.338249, 41.445898], [-8.350209, 41.446984], [-8.362144, 41.45075], [-8.368603, 41.455166], [-8.377047, 41.46422], [-8.380876, 41.473248], [-8.381065, 41.500271], [-8.373521, 41.512519]]]]}}, {"id": "19", "type": "Feature", "properties": {"fill": "#4182f2", "value_min": 2.33, "value_max": 2.67}, "geometry": {"type": "MultiPolygon", "coordinates": [[[[-7.966914, 41.839563], [-7.960951, 41.832304], [-7.948958, 41.829222], [-7.935471, 41.839276], [-7.939117, 41.848317], [-7.948568, 41.853045], [-7.960652, 41.850753], [-7.963596, 41.84854], [-7.966914, 41.839563]], [[-7.96082, 41.840398], [-7.948642, 41.848545], [-7.941466, 41.839331], [-7.948883, 41.833778], [-7.960841, 41.839065], [-7.96082, 41.840398]]], [[[-8.09564, 41.674604], [-8.083616, 41.675323], [-8.081146, 41.678409], [-8.083523, 41.681861], [-8.095532, 41.682264], [-8.098803, 41.678549], [-8.09564, 41.674604]]], [[[-8.373447, 41.52019], [-8.382832, 41.509288], [-8.38722, 41.491297], [-8.383319, 41.464253], [-8.374116, 41.450707], [-8.362214, 41.443536], [-8.350277, 41.440134], [-8.338317, 41.439128], [-8.326339, 41.439961], [-8.314338, 41.442901], [-8.302309, 41.448335], [-8.293126, 41.454727], [-8.284925, 41.463684], [-8.280975, 41.472667], [-8.281658, 41.490686], [-8.284708, 41.499712], [-8.295236, 41.517792], [-8.301501, 41.523605], [-8.313417, 41.530137], [-8.325373, 41.533163], [-8.337354, 41.533703], [-8.349358, 41.532113], [-8.361389, 41.527668], [-8.373447, 41.52019]], [[-8.36142, 41.524454], [-8.349394, 41.528491], [-8.337391, 41.530167], [-8.325414, 41.529218], [-8.313466, 41.525563], [-8.301686, 41.517831], [-8.293869, 41.508776], [-8.286064, 41.490713], [-8.284689, 41.481697], [-8.285984, 41.472698], [-8.290811, 41.46372], [-8.299651, 41.454767], [-8.314296, 41.446871], [-8.326301, 41.443564], [-8.338283, 41.442513], [-8.350242, 41.443712], [-8.362176, 41.447451], [-8.373501, 41.455193], [-8.380183, 41.464237], [-8.384207, 41.482273], [-8.383541, 41.500284], [-8.379622, 41.509271], [-8.373486, 41.516204], [-8.36142, 41.524454]]]]}}, {"id": "18", "type": "Feature", "properties": {"fill": "#5599f7", "value_min": 2.0, "value_max": 2.33}, "geometry": {"type": "MultiPolygon", "coordinates": [[[[-7.960562, 41.85633], [-7.970837, 41.848605], [-7.972621, 41.839614], [-7.966115, 41.830549], [-7.961022, 41.827855], [-7.949006, 41.826274], [-7.93688, 41.831373], [-7.93188, 41.839243], [-7.933347, 41.848263], [-7.936533, 41.852325], [-7.948494, 41.857559], [-7.960562, 41.85633]], [[-7.966914, 41.839563], [-7.963596, 41.84854], [-7.960652, 41.850753], [-7.948568, 41.853045], [-7.939117, 41.848317], [-7.935471, 41.839276], [-7.948958, 41.829222], [-7.960951, 41.832304], [-7.966914, 41.839563]]], [[[-7.865982, 41.754388], [-7.858634, 41.757477], [-7.865848, 41.761968], [-7.869553, 41.757585], [-7.865982, 41.754388]]], [[[-8.095459, 41.687481], [-8.103291, 41.678584], [-8.095715, 41.669217], [-8.083692, 41.669946], [-8.076947, 41.678376], [-8.08344, 41.68771], [-8.095459, 41.687481]], [[-8.09564, 41.674604], [-8.098803, 41.678549], [-8.095532, 41.682264], [-8.083523, 41.681861], [-8.081146, 41.678409], [-8.083616, 41.675323], [-8.09564, 41.674604]]], [[[-8.349322, 41.535733], [-8.361347, 41.531895], [-8.373405, 41.524552], [-8.38015, 41.518281], [-8.386193, 41.509306], [-8.389309, 41.500315], [-8.38984, 41.491311], [-8.386569, 41.464271], [-8.383033, 41.455245], [-8.374994, 41.446194], [-8.362257, 41.439205], [-8.338356, 41.435329], [-8.326378, 41.436194], [-8.314382, 41.438712], [-8.30236, 41.443496], [-8.285957, 41.454683], [-8.278854, 41.463646], [-8.274915, 41.472629], [-8.274402, 41.481633], [-8.283281, 41.508711], [-8.288527, 41.517751], [-8.296847, 41.526809], [-8.313364, 41.535125], [-8.325327, 41.537526], [-8.337313, 41.537725], [-8.349322, 41.535733]], [[-8.373447, 41.52019], [-8.361389, 41.527668], [-8.349358, 41.532113], [-8.337354, 41.533703], [-8.325373, 41.533163], [-8.313417, 41.530137], [-8.301501, 41.523605], [-8.295236, 41.517792], [-8.284708, 41.499712], [-8.281658, 41.490686], [-8.280975, 41.472667], [-8.284925, 41.463684], [-8.293126, 41.454727], [-8.302309, 41.448335], [-8.314338, 41.442901], [-8.326339, 41.439961], [-8.338317, 41.439128], [-8.350277, 41.440134], [-8.362214, 41.443536], [-8.374116, 41.450707], [-8.383319, 41.464253], [-8.38722, 41.491297], [-8.382832, 41.509288], [-8.373447, 41.52019]]]]}}, {"id": "3", "type": "Feature", "properties": {"fill": "#c33119", "value_min": -3.0, "value_max": -2.67}, "geometry": {"type": "MultiPolygon", "coordinates": [[[[-7.854743, 41.838499], [-7.864462, 41.840501], [-7.876539, 41.838666], [-7.888684, 41.832802], [-7.891689, 41.829855], [-7.898164, 41.820911], [-7.899402, 41.811916], [-7.896659, 41.802883], [-7.889317, 41.79618], [-7.877355, 41.791949], [-7.865322, 41.791822], [-7.853238, 41.794556], [-7.839514, 41.80232], [-7.833803, 41.811268], [-7.833967, 41.820277], [-7.840554, 41.830517], [-7.854743, 41.838499]], [[-7.864517, 41.837408], [-7.852523, 41.834641], [-7.844668, 41.829392], [-7.838279, 41.820321], [-7.837772, 41.811309], [-7.843357, 41.802358], [-7.853202, 41.79659], [-7.865295, 41.793333], [-7.877327, 41.793576], [-7.889281, 41.798313], [-7.894261, 41.80286], [-7.896814, 41.811891], [-7.895845, 41.820888], [-7.888737, 41.829756], [-7.876581, 41.836265], [-7.864517, 41.837408]]], [[[-7.938088, 41.758259], [-7.950083, 41.760345], [-7.951996, 41.758367], [-7.950144, 41.756567], [-7.938088, 41.758259]]], [[[-8.010391, 41.74985], [-8.022469, 41.74652], [-8.027666, 41.741018], [-8.028204, 41.732016], [-8.022784, 41.725778], [-8.010846, 41.720224], [-7.997916, 41.722749], [-7.990063, 41.731687], [-7.991597, 41.740707], [-7.998413, 41.746698], [-8.010391, 41.74985]], [[-8.010432, 41.747198], [-7.998469, 41.74307], [-7.995824, 41.740744], [-7.993686, 41.731719], [-7.998732, 41.72619], [-8.010813, 41.722391], [-8.022741, 41.728636], [-8.025659, 41.731994], [-8.024376, 41.74099], [-8.022524, 41.742951], [-8.010432, 41.747198]]], [[[-8.015146, 41.659849], [-8.023688, 41.666049], [-8.032863, 41.659999], [-8.023886, 41.652941], [-8.015146, 41.659849]], [[-8.021895, 41.659906], [-8.023803, 41.658398], [-8.025764, 41.659939], [-8.02376, 41.661261], [-8.021895, 41.659906]]], [[[-8.444339, 41.639125], [-8.456895, 41.635764], [-8.461109, 41.626776], [-8.456513, 41.619196], [-8.444544, 41.615228], [-8.436126, 41.617649], [-8.432497, 41.620349], [-8.428955, 41.626621], [-8.434222, 41.635654], [-8.444339, 41.639125]], [[-8.438835, 41.62667], [-8.444482, 41.622473], [-8.451226, 41.626729], [-8.444403, 41.631671], [-8.438835, 41.62667]]], [[[-8.18992, 41.375853], [-8.189639, 41.381985], [-8.193962, 41.391023], [-8.206262, 41.400116], [-8.219047, 41.403231], [-8.231019, 41.40249], [-8.243041, 41.397473], [-8.250013, 41.391402], [-8.254362, 41.382423], [-8.253883, 41.373412], [-8.248403, 41.364328], [-8.245461, 41.364781], [-8.243972, 41.367844], [-8.244195, 41.368159], [-8.244272, 41.368267], [-8.247889, 41.373373], [-8.248924, 41.382387], [-8.24429, 41.391364], [-8.231067, 41.398461], [-8.219094, 41.399321], [-8.20718, 41.39532], [-8.201318, 41.391074], [-8.196336, 41.382032], [-8.197041, 41.376299], [-8.194976, 41.374275], [-8.191691, 41.376302], [-8.18992, 41.375853]]], [[[-8.637886, 41.382342], [-8.649866, 41.378477], [-8.654278, 41.375311], [-8.660244, 41.366322], [-8.659887, 41.357313], [-8.650042, 41.34575], [-8.638115, 41.341076], [-8.626164, 41.340836], [-8.614186, 41.345235], [-8.610271, 41.348148], [-8.604749, 41.357137], [-8.605125, 41.366146], [-8.613998, 41.377106], [-8.625929, 41.381919], [-8.637886, 41.382342]], [[-8.637926, 41.375057], [-8.625972, 41.37438], [-8.615144, 41.36618], [-8.614396, 41.357169], [-8.626125, 41.347719], [-8.638079, 41.34756], [-8.65099, 41.357286], [-8.650719, 41.366293], [-8.637926, 41.375057]]]]}}, {"id": "2", "type": "Feature", "properties": {"fill": "#ae1c1c", "value_min": -3.33, "value_max": -3.0}, "geometry": {"type": "MultiPolygon", "coordinates": [[[[-7.864517, 41.837408], [-7.876581, 41.836265], [-7.888737, 41.829756], [-7.895845, 41.820888], [-7.896814, 41.811891], [-7.894261, 41.80286], [-7.889281, 41.798313], [-7.877327, 41.793576], [-7.865295, 41.793333], [-7.853202, 41.79659], [-7.843357, 41.802358], [-7.837772, 41.811309], [-7.838279, 41.820321], [-7.844668, 41.829392], [-7.852523, 41.834641], [-7.864517, 41.837408]], [[-7.888789, 41.826778], [-7.876623, 41.833864], [-7.864563, 41.834802], [-7.852583, 41.831239], [-7.842867, 41.820367], [-7.842055, 41.811352], [-7.846735, 41.802392], [-7.853165, 41.798624], [-7.865244, 41.796239], [-7.877275, 41.796549], [-7.889244, 41.800445], [-7.891864, 41.802837], [-7.894224, 41.811866], [-7.893528, 41.820866], [-7.888789, 41.826778]]], [[[-8.010432, 41.747198], [-8.022524, 41.742951], [-8.024376, 41.74099], [-8.025659, 41.731994], [-8.022741, 41.728636], [-8.010813, 41.722391], [-7.998732, 41.72619], [-7.993686, 41.731719], [-7.995824, 41.740744], [-7.998469, 41.74307], [-8.010432, 41.747198]], [[-8.022653, 41.734414], [-8.019624, 41.74095], [-8.010473, 41.744546], [-8.001015, 41.74079], [-7.997309, 41.73175], [-8.010767, 41.725395], [-8.022697, 41.731494], [-8.022653, 41.734414]]], [[[-8.021895, 41.659906], [-8.02376, 41.661261], [-8.025764, 41.659939], [-8.023803, 41.658398], [-8.021895, 41.659906]]], [[[-8.438835, 41.62667], [-8.444403, 41.631671], [-8.451226, 41.626729], [-8.444482, 41.622473], [-8.438835, 41.62667]]], [[[-8.197041, 41.376299], [-8.196336, 41.382032], [-8.201318, 41.391074], [-8.20718, 41.39532], [-8.219094, 41.399321], [-8.231067, 41.398461], [-8.24429, 41.391364], [-8.248924, 41.382387], [-8.247889, 41.373373], [-8.244272, 41.368267], [-8.238413, 41.371316], [-8.241132, 41.373329], [-8.243486, 41.382352], [-8.236304, 41.391312], [-8.231119, 41.393974], [-8.219148, 41.394762], [-8.209698, 41.391132], [-8.203279, 41.38208], [-8.204481, 41.37652], [-8.200358, 41.377648], [-8.197041, 41.376299]]], [[[-8.244195, 41.368159], [-8.244195, 41.368159], [-8.243972, 41.367844], [-8.244195, 41.368159]]], [[[-8.238109, 41.371091], [-8.238109, 41.371091], [-8.238301, 41.371233], [-8.238109, 41.371091]]], [[[-8.637926, 41.375057], [-8.650719, 41.366293], [-8.65099, 41.357286], [-8.638079, 41.34756], [-8.626125, 41.347719], [-8.614396, 41.357169], [-8.615144, 41.36618], [-8.625972, 41.37438], [-8.637926, 41.375057]]]]}}, {"id": "17", "type": "Feature", "properties": {"fill": "#6ba5ec", "value_min": 1.67, "value_max": 2.0}, "geometry": {"type": "MultiPolygon", "coordinates": [[[[-7.97262, 41.855644], [-7.978122, 41.84867], [-7.978954, 41.839671], [-7.973122, 41.830612], [-7.961081, 41.824246], [-7.949054, 41.823327], [-7.936945, 41.827479], [-7.928289, 41.839209], [-7.928875, 41.848221], [-7.936441, 41.857898], [-7.948412, 41.862546], [-7.96047, 41.862015], [-7.97262, 41.855644]], [[-7.960562, 41.85633], [-7.948494, 41.857559], [-7.936533, 41.852325], [-7.933347, 41.848263], [-7.93188, 41.839243], [-7.93688, 41.831373], [-7.949006, 41.826274], [-7.961022, 41.827855], [-7.966115, 41.830549], [-7.972621, 41.839614], [-7.970837, 41.848605], [-7.960562, 41.85633]]], [[[-7.875984, 41.757648], [-7.86608, 41.748782], [-7.853986, 41.752572], [-7.850375, 41.757395], [-7.853797, 41.763186], [-7.859312, 41.766491], [-7.86575, 41.767563], [-7.86859, 41.766582], [-7.875984, 41.757648]], [[-7.865982, 41.754388], [-7.869553, 41.757585], [-7.865848, 41.761968], [-7.858634, 41.757477], [-7.865982, 41.754388]]], [[[-7.907178, 41.712915], [-7.902842, 41.708831], [-7.890828, 41.708519], [-7.886214, 41.712713], [-7.885979, 41.721718], [-7.89054, 41.725268], [-7.902577, 41.724405], [-7.905877, 41.721909], [-7.907178, 41.712915]]], [[[-8.419638, 41.715619], [-8.416277, 41.716629], [-8.419605, 41.719273], [-8.421248, 41.716654], [-8.419638, 41.715619]]], [[[-8.107593, 41.678957], [-8.104185, 41.669584], [-8.095775, 41.664905], [-8.083752, 41.665724], [-8.078618, 41.669382], [-8.072748, 41.678342], [-8.076273, 41.687377], [-8.083377, 41.692169], [-8.095402, 41.691605], [-8.101325, 41.687576], [-8.107593, 41.678957]], [[-8.095459, 41.687481], [-8.08344, 41.68771], [-8.076947, 41.678376], [-8.083692, 41.669946], [-8.095715, 41.669217], [-8.103291, 41.678584], [-8.095459, 41.687481]]], [[[-8.361306, 41.536122], [-8.375848, 41.527265], [-8.384771, 41.518306], [-8.39036, 41.509328], [-8.392459, 41.491324], [-8.390425, 41.464291], [-8.388074, 41.455271], [-8.382474, 41.446234], [-8.374225, 41.439417], [-8.362305, 41.434246], [-8.338402, 41.430811], [-8.314431, 41.433978], [-8.302415, 41.438382], [-8.289194, 41.445695], [-8.278286, 41.454635], [-8.270773, 41.463595], [-8.26743, 41.472581], [-8.267216, 41.481587], [-8.280071, 41.517698], [-8.289446, 41.529912], [-8.301352, 41.537375], [-8.313298, 41.541372], [-8.337262, 41.542712], [-8.349272, 41.540672], [-8.361306, 41.536122]], [[-8.349322, 41.535733], [-8.337313, 41.537725], [-8.325327, 41.537526], [-8.313364, 41.535125], [-8.296847, 41.526809], [-8.288527, 41.517751], [-8.283281, 41.508711], [-8.274402, 41.481633], [-8.274915, 41.472629], [-8.278854, 41.463646], [-8.285957, 41.454683], [-8.30236, 41.443496], [-8.314382, 41.438712], [-8.326378, 41.436194], [-8.338356, 41.435329], [-8.362257, 41.439205], [-8.374994, 41.446194], [-8.383033, 41.455245], [-8.386569, 41.464271], [-8.38984, 41.491311], [-8.389309, 41.500315], [-8.386193, 41.509306], [-8.38015, 41.518281], [-8.373405, 41.524552], [-8.361347, 41.531895], [-8.349322, 41.535733]]]]}}, {"id": "16", "type": "Feature", "properties": {"fill": "#80a4d0", "value_min": 1.33, "value_max": 1.67}, "geometry": {"type": "MultiPolygon", "coordinates": [[[[-7.948324, 41.86793], [-7.960372, 41.868069], [-7.972484, 41.864159], [-7.98085, 41.857701], [-7.985615, 41.848737], [-7.985474, 41.839729], [-7.980722, 41.83068], [-7.973111, 41.82498], [-7.961144, 41.82031], [-7.949112, 41.819786], [-7.937002, 41.824031], [-7.92989, 41.830217], [-7.924698, 41.839176], [-7.92442, 41.84818], [-7.929249, 41.857232], [-7.936344, 41.863755], [-7.948324, 41.86793]], [[-7.97262, 41.855644], [-7.96047, 41.862015], [-7.948412, 41.862546], [-7.936441, 41.857898], [-7.928875, 41.848221], [-7.928289, 41.839209], [-7.936945, 41.827479], [-7.949054, 41.823327], [-7.961081, 41.824246], [-7.973122, 41.830612], [-7.978954, 41.839671], [-7.978122, 41.84867], [-7.97262, 41.855644]]], [[[-7.853706, 41.768286], [-7.865707, 41.769997], [-7.875401, 41.766649], [-7.881106, 41.757698], [-7.876218, 41.748644], [-7.866171, 41.743601], [-7.854107, 41.745747], [-7.85013, 41.748385], [-7.844814, 41.757339], [-7.849842, 41.766396], [-7.853706, 41.768286]], [[-7.875984, 41.757648], [-7.86859, 41.766582], [-7.86575, 41.767563], [-7.859312, 41.766491], [-7.853797, 41.763186], [-7.850375, 41.757395], [-7.853986, 41.752572], [-7.86608, 41.748782], [-7.875984, 41.757648]]], [[[-8.43443, 41.715677], [-8.424068, 41.707661], [-8.419719, 41.706598], [-8.407674, 41.709442], [-8.400856, 41.716549], [-8.402934, 41.72641], [-8.404721, 41.722847], [-8.417349, 41.725067], [-8.41974, 41.722135], [-8.429643, 41.719859], [-8.430533, 41.717381], [-8.43443, 41.715677]], [[-8.419638, 41.715619], [-8.421248, 41.716654], [-8.419605, 41.719273], [-8.416277, 41.716629], [-8.419638, 41.715619]]], [[[-7.890455, 41.730158], [-7.902502, 41.728839], [-7.911589, 41.721963], [-7.913376, 41.712973], [-7.902939, 41.703111], [-7.890919, 41.70323], [-7.880627, 41.712659], [-7.879532, 41.721655], [-7.890455, 41.730158]], [[-7.907178, 41.712915], [-7.905877, 41.721909], [-7.902577, 41.724405], [-7.89054, 41.725268], [-7.885979, 41.721718], [-7.886214, 41.712713], [-7.890828, 41.708519], [-7.902842, 41.708831], [-7.907178, 41.712915]]], [[[-8.047073, 41.709321], [-8.059067, 41.711109], [-8.066717, 41.705314], [-8.059274, 41.696951], [-8.047221, 41.699347], [-8.043843, 41.705126], [-8.047073, 41.709321]]], [[[-8.08176, 41.696428], [-8.095344, 41.695719], [-8.107249, 41.687622], [-8.115176, 41.678677], [-8.112947, 41.669652], [-8.107784, 41.665135], [-8.095836, 41.660593], [-8.08381, 41.661627], [-8.072987, 41.669337], [-8.068218, 41.678305], [-8.068977, 41.687319], [-8.071365, 41.691827], [-8.08176, 41.696428]], [[-8.107593, 41.678957], [-8.101325, 41.687576], [-8.095402, 41.691605], [-8.083377, 41.692169], [-8.076273, 41.687377], [-8.072748, 41.678342], [-8.078618, 41.669382], [-8.083752, 41.665724], [-8.095775, 41.664905], [-8.104185, 41.669584], [-8.107593, 41.678957]]], [[[-8.084391, 41.620609], [-8.096427, 41.618282], [-8.098326, 41.615496], [-8.096503, 41.612866], [-8.084532, 41.61062], [-8.080484, 41.615355], [-8.084391, 41.620609]]], [[[-8.337202, 41.548657], [-8.361249, 41.541875], [-8.373306, 41.534879], [-8.390128, 41.518334], [-8.394525, 41.50935], [-8.395671, 41.500349], [-8.393602, 41.455301], [-8.39031, 41.446276], [-8.381873, 41.437223], [-8.37429, 41.432598], [-8.36236, 41.4287], [-8.338453, 41.425768], [-8.314486, 41.428804], [-8.302475, 41.432751], [-8.279529, 41.445635], [-8.268666, 41.454574], [-8.260906, 41.463532], [-8.256525, 41.472511], [-8.255486, 41.481512], [-8.25756, 41.490533], [-8.265744, 41.505853], [-8.271062, 41.526648], [-8.279935, 41.535712], [-8.28932, 41.541442], [-8.301259, 41.546035], [-8.313221, 41.548661], [-8.337202, 41.548657]], [[-8.361306, 41.536122], [-8.349272, 41.540672], [-8.337262, 41.542712], [-8.313298, 41.541372], [-8.301352, 41.537375], [-8.289446, 41.529912], [-8.280071, 41.517698], [-8.267216, 41.481587], [-8.26743, 41.472581], [-8.270773, 41.463595], [-8.278286, 41.454635], [-8.289194, 41.445695], [-8.302415, 41.438382], [-8.314431, 41.433978], [-8.338402, 41.430811], [-8.362305, 41.434246], [-8.374225, 41.439417], [-8.382474, 41.446234], [-8.388074, 41.455271], [-8.390425, 41.464291], [-8.392459, 41.491324], [-8.39036, 41.509328], [-8.384771, 41.518306], [-8.375848, 41.527265], [-8.361306, 41.536122]]]]}}]}