{"type": "FeatureCollection", "features": [{"id": "9", "type": "Feature", "properties": {"fill": "#a3a3a3", "value_min": -1.0, "value_max": -0.67}, "geometry": {"type": "MultiPolygon", "coordinates": [[[[-7.888632, 41.83583], [-7.900631, 41.820934], [-7.902383, 41.811944], [-7.899408, 41.802909], [-7.889349, 41.79432], [-7.87737, 41.791085], [-7.865332, 41.791258], [-7.853254, 41.793683], [-7.836497, 41.802289], [-7.83078, 41.811238], [-7.830195, 41.820239], [-7.833878, 41.829283], [-7.840456, 41.835942], [-7.852385, 41.842336], [-7.864399, 41.84408], [-7.876478, 41.842127], [-7.888632, 41.83583]], [[-7.856704, 41.838519], [-7.852469, 41.837666], [-7.840569, 41.829697], [-7.834965, 41.820287], [-7.835126, 41.811282], [-7.841539, 41.80234], [-7.853216, 41.795784], [-7.865305, 41.792762], [-7.877341, 41.792737], [-7.88931, 41.796635], [-7.896625, 41.802882], [-7.899786, 41.811919], [-7.898084, 41.82091], [-7.891344, 41.829852], [-7.876544, 41.838388], [-7.864469, 41.840123], [-7.856704, 41.838519]]], [[[-7.962048, 41.758458], [-7.955184, 41.749389], [-7.950296, 41.747266], [-7.938244, 41.748769], [-7.930243, 41.758166], [-7.935612, 41.767223], [-7.949944, 41.768879], [-7.954995, 41.767401], [-7.962048, 41.758458]], [[-7.937991, 41.764098], [-7.934173, 41.758203], [-7.938167, 41.75346], [-7.950222, 41.751809], [-7.956955, 41.758412], [-7.949987, 41.76624], [-7.937991, 41.764098]]], [[[-8.02524, 41.731991], [-8.022735, 41.729028], [-8.011538, 41.722867], [-8.009107, 41.722846], [-7.998731, 41.726245], [-7.993483, 41.731717], [-7.995489, 41.740741], [-7.998467, 41.743193], [-8.010435, 41.747017], [-8.022532, 41.742428], [-8.02524, 41.731991]], [[-8.006031, 41.740833], [-8.000588, 41.731779], [-8.010742, 41.727016], [-8.019533, 41.731942], [-8.014496, 41.740906], [-8.010504, 41.742534], [-8.006031, 41.740833]]], [[[-8.227046, 41.697497], [-8.223982, 41.68847], [-8.215665, 41.683722], [-8.203643, 41.684205], [-8.197992, 41.688291], [-8.194602, 41.697275], [-8.203362, 41.706974], [-8.215374, 41.707649], [-8.227046, 41.697497]], [[-8.20342, 41.702315], [-8.199038, 41.697306], [-8.203357, 41.688329], [-8.215611, 41.688128], [-8.220896, 41.697456], [-8.215436, 41.702528], [-8.20342, 41.702315]]], [[[-8.383825, 41.689364], [-8.395875, 41.685741], [-8.406049, 41.680548], [-8.414975, 41.671587], [-8.416415, 41.662587], [-8.412078, 41.653557], [-8.396291, 41.641251], [-8.384318, 41.637676], [-8.372312, 41.637536], [-8.360273, 41.640785], [-8.348177, 41.649614], [-8.341536, 41.662182], [-8.342367, 41.671194], [-8.348333, 41.680235], [-8.35981, 41.687585], [-8.371801, 41.690183], [-8.383825, 41.689364]], [[-8.383847, 41.687066], [-8.371828, 41.687327], [-8.35985, 41.683537], [-8.354751, 41.680271], [-8.348519, 41.671229], [-8.34782, 41.662218], [-8.35189, 41.653234], [-8.360218, 41.646378], [-8.372269, 41.641993], [-8.384278, 41.641813], [-8.396249, 41.645722], [-8.406598, 41.653529], [-8.411847, 41.662563], [-8.41051, 41.671564], [-8.401555, 41.680525], [-8.383847, 41.687066]]], [[[-8.044528, 41.660097], [-8.04228, 41.651071], [-8.036017, 41.644806], [-8.02407, 41.640746], [-8.012045, 41.641878], [-7.999914, 41.649915], [-7.996444, 41.659687], [-8.000946, 41.668733], [-8.011538, 41.675078], [-8.023534, 41.676238], [-8.035605, 41.672391], [-8.03965, 41.669063], [-8.044528, 41.660097]], [[-8.023567, 41.674032], [-8.011587, 41.671834], [-8.006492, 41.668781], [-8.001619, 41.659732], [-8.00486, 41.650753], [-8.011985, 41.645817], [-8.024024, 41.643787], [-8.035969, 41.647976], [-8.039036, 41.651044], [-8.042061, 41.660076], [-8.035641, 41.66998], [-8.023567, 41.674032]]], [[[-8.660986, 41.53982], [-8.663528, 41.528466], [-8.659448, 41.519447], [-8.649509, 41.51041], [-8.637209, 41.504007], [-8.625245, 41.500915], [-8.613261, 41.501202], [-8.601251, 41.505877], [-8.596277, 41.510235], [-8.591072, 41.519224], [-8.590411, 41.528229], [-8.593664, 41.537248], [-8.601007, 41.545574], [-8.612956, 41.552476], [-8.624932, 41.555085], [-8.636925, 41.554774], [-8.648937, 41.551039], [-8.655943, 41.546459], [-8.660986, 41.53982]], [[-8.621449, 41.54635], [-8.613004, 41.544355], [-8.603322, 41.537282], [-8.598773, 41.528259], [-8.600215, 41.519256], [-8.610041, 41.510283], [-8.613217, 41.508683], [-8.625208, 41.507299], [-8.637173, 41.510475], [-8.648623, 41.519414], [-8.652017, 41.528432], [-8.648889, 41.53743], [-8.636977, 41.545502], [-8.624978, 41.547164], [-8.621449, 41.54635]]], [[[-8.457166, 41.541362], [-8.448652, 41.545652], [-8.457113, 41.54767], [-8.459313, 41.545702], [-8.457166, 41.541362]]], [[[-8.116223, 41.525563], [-8.10978, 41.520057], [-8.097784, 41.520815], [-8.092732, 41.52538], [-8.096577, 41.534417], [-8.109563, 41.535842], [-8.111979, 41.534537], [-8.116223, 41.525563]]], [[[-8.433766, 41.475061], [-8.421801, 41.47367], [-8.416648, 41.482442], [-8.421665, 41.489023], [-8.433656, 41.487646], [-8.437998, 41.482549], [-8.433766, 41.475061]]], [[[-8.553667, 41.455489], [-8.552606, 41.456029], [-8.55366, 41.456501], [-8.554186, 41.456035], [-8.553667, 41.455489]]], [[[-8.178978, 41.376758], [-8.179288, 41.381912], [-8.183615, 41.39095], [-8.192696, 41.400021], [-8.207042, 41.406645], [-8.218983, 41.408556], [-8.230957, 41.407755], [-8.242965, 41.403985], [-8.249235, 41.400404], [-8.258774, 41.391459], [-8.262953, 41.382478], [-8.263514, 41.373474], [-8.260697, 41.364448], [-8.255462, 41.357244], [-8.249921, 41.352903], [-8.251123, 41.356897], [-8.248141, 41.360052], [-8.248444, 41.362378], [-8.248611, 41.362527], [-8.248743, 41.362645], [-8.25558, 41.373423], [-8.255711, 41.382431], [-8.25118, 41.391409], [-8.243031, 41.39827], [-8.231013, 41.402981], [-8.219041, 41.403715], [-8.204925, 41.400107], [-8.19287, 41.391015], [-8.188539, 41.381977], [-8.1887, 41.375628], [-8.178978, 41.376758]]], [[[-8.661807, 41.381973], [-8.667443, 41.37535], [-8.670145, 41.36635], [-8.668661, 41.357338], [-8.663084, 41.348315], [-8.651496, 41.339272], [-8.638154, 41.334003], [-8.626211, 41.332596], [-8.614251, 41.334191], [-8.602265, 41.339927], [-8.594411, 41.348093], [-8.591218, 41.357089], [-8.591705, 41.366099], [-8.595939, 41.375121], [-8.605964, 41.384164], [-8.613931, 41.388431], [-8.625874, 41.391407], [-8.637835, 41.391608], [-8.64981, 41.389026], [-8.661807, 41.381973]], [[-8.637893, 41.381033], [-8.625936, 41.380708], [-8.614005, 41.375811], [-8.606354, 41.36615], [-8.605838, 41.35714], [-8.61156, 41.348152], [-8.626157, 41.341963], [-8.638107, 41.342484], [-8.650032, 41.347536], [-8.657512, 41.357306], [-8.657926, 41.366315], [-8.651791, 41.375304], [-8.637893, 41.381033]]], [[[-8.598117, 41.165134], [-8.599592, 41.185971], [-8.606336, 41.20401], [-8.617441, 41.222063], [-8.627985, 41.231106], [-8.638693, 41.236398], [-8.662533, 41.241448], [-8.698341, 41.24017], [-8.722228, 41.235545], [-8.746125, 41.227572], [-8.757252, 41.222443], [-8.770844, 41.213463], [-8.78037, 41.204473], [-8.787039, 41.195478], [-8.793364, 41.177474], [-8.792813, 41.159457], [-8.786789, 41.144349], [-8.756835, 41.145014], [-8.767833, 41.159409], [-8.771218, 41.168424], [-8.772569, 41.177434], [-8.768825, 41.195443], [-8.76366, 41.20444], [-8.755156, 41.21343], [-8.742248, 41.22241], [-8.722248, 41.230822], [-8.710302, 41.233971], [-8.686422, 41.237033], [-8.67449, 41.236848], [-8.662565, 41.235221], [-8.650651, 41.231583], [-8.638757, 41.224687], [-8.628074, 41.21309], [-8.623127, 41.204066], [-8.620065, 41.195048], [-8.61847, 41.178555], [-8.613374, 41.177451], [-8.608583, 41.174095], [-8.609164, 41.172066], [-8.604942, 41.164881], [-8.598117, 41.165134]]]]}}, {"id": "10", "type": "Feature", "properties": {"fill": "#a3a3a3", "value_min": -0.67, "value_max": -0.33}, "geometry": {"type": "MultiPolygon", "coordinates": [[[[-7.874565, 41.846321], [-7.888571, 41.839367], [-7.898088, 41.829917], [-7.903604, 41.820963], [-7.905462, 41.811974], [-7.902534, 41.802939], [-7.893457, 41.793845], [-7.877399, 41.789433], [-7.865358, 41.789753], [-7.847229, 41.79339], [-7.831246, 41.802236], [-7.825048, 41.811179], [-7.823964, 41.820175], [-7.828504, 41.830938], [-7.840335, 41.842613], [-7.852298, 41.847223], [-7.864325, 41.848251], [-7.872758, 41.846622], [-7.873066, 41.844875], [-7.874565, 41.846321]], [[-7.888632, 41.83583], [-7.876478, 41.842127], [-7.864399, 41.84408], [-7.852385, 41.842336], [-7.840456, 41.835942], [-7.833878, 41.829283], [-7.830195, 41.820239], [-7.83078, 41.811238], [-7.836497, 41.802289], [-7.853254, 41.793683], [-7.865332, 41.791258], [-7.87737, 41.791085], [-7.889349, 41.79432], [-7.899408, 41.802909], [-7.902383, 41.811944], [-7.900631, 41.820934], [-7.888632, 41.83583]]], [[[-7.962014, 41.76642], [-7.968992, 41.758521], [-7.965882, 41.749486], [-7.962325, 41.747121], [-7.950364, 41.743061], [-7.938308, 41.744866], [-7.93198, 41.749176], [-7.926312, 41.75813], [-7.930606, 41.767176], [-7.937891, 41.77016], [-7.949913, 41.770758], [-7.962014, 41.76642]], [[-7.962048, 41.758458], [-7.954995, 41.767401], [-7.949944, 41.768879], [-7.935612, 41.767223], [-7.930243, 41.758166], [-7.938244, 41.748769], [-7.950296, 41.747266], [-7.955184, 41.749389], [-7.962048, 41.758458]]], [[[-8.022442, 41.748328], [-8.029141, 41.741031], [-8.029364, 41.732026], [-8.022807, 41.724272], [-8.010867, 41.718855], [-7.998826, 41.720085], [-7.993782, 41.722713], [-7.986977, 41.73166], [-7.987546, 41.740672], [-7.998368, 41.74958], [-8.01036, 41.751924], [-8.022442, 41.748328]], [[-8.02524, 41.731991], [-8.022532, 41.742428], [-8.010435, 41.747017], [-7.998467, 41.743193], [-7.995489, 41.740741], [-7.993483, 41.731717], [-7.998731, 41.726245], [-8.009107, 41.722846], [-8.011538, 41.722867], [-8.022735, 41.729028], [-8.02524, 41.731991]]], [[[-8.227411, 41.706209], [-8.233439, 41.69754], [-8.231696, 41.688522], [-8.22767, 41.684577], [-8.215718, 41.679302], [-8.203692, 41.680254], [-8.192627, 41.688254], [-8.190406, 41.697245], [-8.19692, 41.706298], [-8.203321, 41.710304], [-8.215329, 41.711354], [-8.227411, 41.706209]], [[-8.227046, 41.697497], [-8.215374, 41.707649], [-8.203362, 41.706974], [-8.194602, 41.697275], [-8.197992, 41.688291], [-8.203643, 41.684205], [-8.215665, 41.683722], [-8.223982, 41.68847], [-8.227046, 41.697497]]], [[[-8.395853, 41.688068], [-8.411043, 41.680574], [-8.41944, 41.671609], [-8.421469, 41.662612], [-8.417725, 41.653586], [-8.408273, 41.64406], [-8.396336, 41.636451], [-8.384366, 41.632613], [-8.372364, 41.632173], [-8.360331, 41.63495], [-8.344282, 41.644184], [-8.3375, 41.653152], [-8.334931, 41.662144], [-8.33605, 41.671158], [-8.340619, 41.680191], [-8.347808, 41.686168], [-8.359769, 41.69173], [-8.371771, 41.693214], [-8.383802, 41.691803], [-8.395853, 41.688068]], [[-8.383825, 41.689364], [-8.371801, 41.690183], [-8.35981, 41.687585], [-8.348333, 41.680235], [-8.342367, 41.671194], [-8.341536, 41.662182], [-8.348177, 41.649614], [-8.360273, 41.640785], [-8.372312, 41.637536], [-8.384318, 41.637676], [-8.396291, 41.641251], [-8.412078, 41.653557], [-8.416415, 41.662587], [-8.414975, 41.671587], [-8.406049, 41.680548], [-8.395875, 41.685741], [-8.383825, 41.689364]]], [[[-8.035569, 41.674803], [-8.042515, 41.669087], [-8.046995, 41.660117], [-8.045524, 41.651098], [-8.036674, 41.642017], [-8.024125, 41.637114], [-8.012114, 41.637353], [-8.001244, 41.641715], [-7.992195, 41.650643], [-7.990503, 41.659635], [-7.99402, 41.668673], [-7.99955, 41.673392], [-8.011486, 41.678488], [-8.023497, 41.678681], [-8.035569, 41.674803]], [[-8.044528, 41.660097], [-8.03965, 41.669063], [-8.035605, 41.672391], [-8.023534, 41.676238], [-8.011538, 41.675078], [-8.000946, 41.668733], [-7.996444, 41.659687], [-7.999914, 41.649915], [-8.012045, 41.641878], [-8.02407, 41.640746], [-8.036017, 41.644806], [-8.04228, 41.651071], [-8.044528, 41.660097]]], [[[-8.648867, 41.564027], [-8.660881, 41.559953], [-8.668339, 41.555503], [-8.676997, 41.54652], [-8.680491, 41.537522], [-8.679844, 41.528513], [-8.674217, 41.51949], [-8.66348, 41.510452], [-8.63725, 41.496592], [-8.625292, 41.492704], [-8.613323, 41.490847], [-8.60133, 41.493032], [-8.589387, 41.501203], [-8.583218, 41.510189], [-8.580696, 41.519187], [-8.580906, 41.528195], [-8.583916, 41.537213], [-8.590284, 41.546244], [-8.60074, 41.555288], [-8.612901, 41.561662], [-8.624877, 41.564608], [-8.636865, 41.565519], [-8.648867, 41.564027]], [[-8.660986, 41.53982], [-8.655943, 41.546459], [-8.648937, 41.551039], [-8.636925, 41.554774], [-8.624932, 41.555085], [-8.612956, 41.552476], [-8.601007, 41.545574], [-8.593664, 41.537248], [-8.590411, 41.528229], [-8.591072, 41.519224], [-8.596277, 41.510235], [-8.601251, 41.505877], [-8.613261, 41.501202], [-8.625245, 41.500915], [-8.637209, 41.504007], [-8.649509, 41.51041], [-8.659448, 41.519447], [-8.663528, 41.528466], [-8.660986, 41.53982]]], [[[-8.468598, 41.545746], [-8.463706, 41.536716], [-8.457233, 41.533264], [-8.445242, 41.533703], [-8.440512, 41.536605], [-8.437166, 41.545596], [-8.445063, 41.554694], [-8.457045, 41.55581], [-8.468598, 41.545746]], [[-8.457166, 41.541362], [-8.459313, 41.545702], [-8.457113, 41.54767], [-8.448652, 41.545652], [-8.457166, 41.541362]]], [[[-8.103764, 41.541927], [-8.109477, 41.542156], [-8.121549, 41.535967], [-8.124919, 41.525629], [-8.116147, 41.516555], [-8.109859, 41.514298], [-8.097877, 41.514154], [-8.091196, 41.516502], [-8.090925, 41.516767], [-8.090897, 41.516794], [-8.090694, 41.516992], [-8.090597, 41.517087], [-8.090003, 41.517667], [-8.089998, 41.517672], [-8.089773, 41.517892], [-8.089698, 41.517965], [-8.090594, 41.522169], [-8.093588, 41.52307], [-8.091786, 41.531848], [-8.103764, 41.541927]], [[-8.116223, 41.525563], [-8.111979, 41.534537], [-8.109563, 41.535842], [-8.096577, 41.534417], [-8.092732, 41.52538], [-8.097784, 41.520815], [-8.10978, 41.520057], [-8.116223, 41.525563]]], [[[-8.445178, 41.482583], [-8.442437, 41.473563], [-8.433824, 41.468362], [-8.421845, 41.468718], [-8.415407, 41.473428], [-8.410897, 41.482413], [-8.417353, 41.491453], [-8.421617, 41.4944], [-8.433598, 41.494286], [-8.438424, 41.491558], [-8.445178, 41.482583]], [[-8.433766, 41.475061], [-8.437998, 41.482549], [-8.433656, 41.487646], [-8.421665, 41.489023], [-8.416648, 41.482442], [-8.421801, 41.47367], [-8.433766, 41.475061]]], [[[-8.565524, 41.472882], [-8.577337, 41.46513], [-8.581142, 41.456136], [-8.579118, 41.447122], [-8.565771, 41.435977], [-8.553815, 41.433942], [-8.541828, 41.43642], [-8.529362, 41.446929], [-8.527645, 41.455929], [-8.53226, 41.464956], [-8.541581, 41.471527], [-8.553537, 41.47443], [-8.565524, 41.472882]], [[-8.553667, 41.455489], [-8.554186, 41.456035], [-8.55366, 41.456501], [-8.552606, 41.456029], [-8.553667, 41.455489]]], [[[-8.168147, 41.377888], [-8.173058, 41.390874], [-8.181048, 41.399939], [-8.195055, 41.40849], [-8.206973, 41.412305], [-8.218922, 41.413623], [-8.230899, 41.412693], [-8.242903, 41.409306], [-8.258252, 41.400463], [-8.26631, 41.391507], [-8.270858, 41.382528], [-8.272271, 41.37353], [-8.270914, 41.364513], [-8.266588, 41.355478], [-8.25887, 41.346605], [-8.249921, 41.352903], [-8.255462, 41.357244], [-8.260697, 41.364448], [-8.263514, 41.373474], [-8.262953, 41.382478], [-8.258774, 41.391459], [-8.249235, 41.400404], [-8.242965, 41.403985], [-8.230957, 41.407755], [-8.218983, 41.408556], [-8.207042, 41.406645], [-8.192696, 41.400021], [-8.183615, 41.39095], [-8.179288, 41.381912], [-8.178978, 41.376758], [-8.168147, 41.377888]]], [[[-8.66172, 41.398824], [-8.673723, 41.390716], [-8.679129, 41.384391], [-8.68264, 41.375393], [-8.682655, 41.366385], [-8.679654, 41.35737], [-8.673457, 41.348344], [-8.662036, 41.337853], [-8.650123, 41.330534], [-8.638201, 41.325489], [-8.626267, 41.322731], [-8.614322, 41.322065], [-8.602363, 41.323779], [-8.590381, 41.329143], [-8.579777, 41.339033], [-8.574954, 41.348023], [-8.573078, 41.357024], [-8.573713, 41.366034], [-8.576902, 41.375053], [-8.582455, 41.384081], [-8.589989, 41.39152], [-8.601904, 41.399176], [-8.613844, 41.403114], [-8.625796, 41.405115], [-8.63776, 41.404978], [-8.66172, 41.398824]], [[-8.661807, 41.381973], [-8.64981, 41.389026], [-8.637835, 41.391608], [-8.625874, 41.391407], [-8.613931, 41.388431], [-8.605964, 41.384164], [-8.595939, 41.375121], [-8.591705, 41.366099], [-8.591218, 41.357089], [-8.594411, 41.348093], [-8.602265, 41.339927], [-8.614251, 41.334191], [-8.626211, 41.332596], [-8.638154, 41.334003], [-8.651496, 41.339272], [-8.663084, 41.348315], [-8.668661, 41.357338], [-8.670145, 41.36635], [-8.667443, 41.37535], [-8.661807, 41.381973]]], [[[-8.526121, 41.202318], [-8.52251, 41.212701], [-8.522767, 41.22171], [-8.526534, 41.230733], [-8.531296, 41.236255], [-8.543175, 41.243979], [-8.555086, 41.247434], [-8.567016, 41.248237], [-8.60284, 41.245276], [-8.638627, 41.248239], [-8.662499, 41.247975], [-8.710265, 41.242409], [-8.756575, 41.231449], [-8.778968, 41.222486], [-8.802164, 41.206961], [-8.799695, 41.14406], [-8.786789, 41.144349], [-8.792813, 41.159457], [-8.793364, 41.177474], [-8.787039, 41.195478], [-8.78037, 41.204473], [-8.770844, 41.213463], [-8.757252, 41.222443], [-8.746125, 41.227572], [-8.722228, 41.235545], [-8.698341, 41.24017], [-8.662533, 41.241448], [-8.638693, 41.236398], [-8.627985, 41.231106], [-8.617441, 41.222063], [-8.606336, 41.20401], [-8.599592, 41.185971], [-8.598117, 41.165134], [-8.589766, 41.167193], [-8.589194, 41.170572], [-8.583263, 41.174422], [-8.582094, 41.177803], [-8.578825, 41.178941], [-8.581296, 41.191762], [-8.575958, 41.195609], [-8.576894, 41.201908], [-8.574515, 41.202593], [-8.57423, 41.20462], [-8.567971, 41.204644], [-8.565895, 41.206227], [-8.567697, 41.208246], [-8.566512, 41.209376], [-8.559636, 41.206251], [-8.554271, 41.20627], [-8.549521, 41.209214], [-8.544157, 41.209458], [-8.54238, 41.211265], [-8.532257, 41.213102], [-8.526121, 41.202318]]]]}}, {"id": "11", "type": "Feature", "properties": {"fill": "#a3a3a3", "value_min": -0.33, "value_max": -0.0}, "geometry": {"type": "MultiPolygon", "coordinates": [[[[-7.87756, 41.850277], [-7.888489, 41.844105], [-7.901443, 41.829949], [-7.906636, 41.820992], [-7.908541, 41.812003], [-7.906324, 41.802975], [-7.898724, 41.793896], [-7.889437, 41.789273], [-7.877428, 41.78778], [-7.865385, 41.788249], [-7.840114, 41.793319], [-7.824087, 41.802163], [-7.818223, 41.811109], [-7.817069, 41.820104], [-7.819137, 41.829132], [-7.828308, 41.841673], [-7.840199, 41.850142], [-7.852178, 41.853904], [-7.864221, 41.854144], [-7.870024, 41.852678], [-7.873043, 41.850501], [-7.872758, 41.846622], [-7.864325, 41.848251], [-7.852298, 41.847223], [-7.840335, 41.842613], [-7.828504, 41.830938], [-7.823964, 41.820175], [-7.825048, 41.811179], [-7.831246, 41.802236], [-7.847229, 41.79339], [-7.865358, 41.789753], [-7.877399, 41.789433], [-7.893457, 41.793845], [-7.902534, 41.802939], [-7.905462, 41.811974], [-7.903604, 41.820963], [-7.898088, 41.829917], [-7.888571, 41.839367], [-7.874565, 41.846321], [-7.87756, 41.850277]]], [[[-7.974121, 41.761648], [-7.986267, 41.754229], [-7.998255, 41.756854], [-8.010273, 41.757582], [-8.022343, 41.754847], [-8.028879, 41.750035], [-8.034426, 41.741075], [-8.033487, 41.73206], [-8.022868, 41.7202], [-8.010924, 41.715155], [-7.99891, 41.714724], [-7.982855, 41.722616], [-7.974522, 41.736466], [-7.962464, 41.738524], [-7.950446, 41.73805], [-7.938373, 41.740964], [-7.926389, 41.749123], [-7.922091, 41.75809], [-7.925549, 41.767129], [-7.937859, 41.772151], [-7.949882, 41.772639], [-7.961951, 41.770375], [-7.969659, 41.767533], [-7.974121, 41.761648]], [[-7.962014, 41.76642], [-7.949913, 41.770758], [-7.937891, 41.77016], [-7.930606, 41.767176], [-7.926312, 41.75813], [-7.93198, 41.749176], [-7.938308, 41.744866], [-7.950364, 41.743061], [-7.962325, 41.747121], [-7.965882, 41.749486], [-7.968992, 41.758521], [-7.962014, 41.76642]], [[-8.022442, 41.748328], [-8.01036, 41.751924], [-7.998368, 41.74958], [-7.987546, 41.740672], [-7.986977, 41.73166], [-7.993782, 41.722713], [-7.998826, 41.720085], [-8.010867, 41.718855], [-8.022807, 41.724272], [-8.029364, 41.732026], [-8.029141, 41.741031], [-8.022442, 41.748328]]], [[[-8.239523, 41.698351], [-8.239279, 41.688572], [-8.231558, 41.679514], [-8.215779, 41.674259], [-8.203749, 41.675651], [-8.191638, 41.683381], [-8.188142, 41.688222], [-8.186788, 41.69722], [-8.191354, 41.706078], [-8.20328, 41.713633], [-8.215284, 41.715058], [-8.227342, 41.711929], [-8.235166, 41.706559], [-8.239523, 41.698351]], [[-8.227411, 41.706209], [-8.215329, 41.711354], [-8.203321, 41.710304], [-8.19692, 41.706298], [-8.190406, 41.697245], [-8.192627, 41.688254], [-8.203692, 41.680254], [-8.215718, 41.679302], [-8.22767, 41.684577], [-8.231696, 41.688522], [-8.233439, 41.69754], [-8.227411, 41.706209]]], [[[-8.407899, 41.68483], [-8.4164, 41.680601], [-8.426177, 41.671643], [-8.428607, 41.662648], [-8.425059, 41.653623], [-8.408335, 41.637293], [-8.3964, 41.629556], [-8.384425, 41.626421], [-8.372427, 41.625742], [-8.360404, 41.6276], [-8.343616, 41.635173], [-8.333406, 41.644121], [-8.32792, 41.653096], [-8.326067, 41.662092], [-8.32707, 41.671105], [-8.331665, 41.680139], [-8.341603, 41.689204], [-8.359727, 41.695945], [-8.371742, 41.696245], [-8.383778, 41.694248], [-8.407899, 41.68483]], [[-8.395853, 41.688068], [-8.383802, 41.691803], [-8.371771, 41.693214], [-8.359769, 41.69173], [-8.347808, 41.686168], [-8.340619, 41.680191], [-8.33605, 41.671158], [-8.334931, 41.662144], [-8.3375, 41.653152], [-8.344282, 41.644184], [-8.360331, 41.63495], [-8.372364, 41.632173], [-8.384366, 41.632613], [-8.396336, 41.636451], [-8.408273, 41.64406], [-8.417725, 41.653586], [-8.421469, 41.662612], [-8.41944, 41.671609], [-8.411043, 41.680574], [-8.395853, 41.688068]]], [[[-8.035533, 41.677213], [-8.045379, 41.669111], [-8.049737, 41.66014], [-8.048862, 41.651126], [-8.041839, 41.64206], [-8.036126, 41.637492], [-8.024179, 41.633482], [-8.012184, 41.632817], [-8.000138, 41.635415], [-7.99033, 41.641619], [-7.984001, 41.650571], [-7.982743, 41.659567], [-7.986195, 41.668604], [-7.995501, 41.677693], [-8.011419, 41.682823], [-8.023448, 41.681903], [-8.035533, 41.677213]], [[-8.035569, 41.674803], [-8.023497, 41.678681], [-8.011486, 41.678488], [-7.99955, 41.673392], [-7.99402, 41.668673], [-7.990503, 41.659635], [-7.992195, 41.650643], [-8.001244, 41.641715], [-8.012114, 41.637353], [-8.024125, 41.637114], [-8.036674, 41.642017], [-8.045524, 41.651098], [-8.046995, 41.660117], [-8.042515, 41.669087], [-8.035569, 41.674803]]], [[[-8.482164, 41.239601], [-8.495347, 41.255737], [-8.507207, 41.265874], [-8.554172, 41.293898], [-8.558908, 41.302924], [-8.549527, 41.329911], [-8.545997, 41.347912], [-8.546531, 41.36593], [-8.552019, 41.392974], [-8.551343, 41.401979], [-8.544197, 41.410958], [-8.52997, 41.421047], [-8.521922, 41.428883], [-8.51553, 41.437864], [-8.512555, 41.446859], [-8.512952, 41.455868], [-8.517325, 41.464894], [-8.529567, 41.476814], [-8.560922, 41.492091], [-8.566766, 41.50112], [-8.56942, 41.528153], [-8.572826, 41.537173], [-8.588938, 41.558138], [-8.600872, 41.567515], [-8.61283, 41.573582], [-8.6248, 41.577928], [-8.648777, 41.580559], [-8.672789, 41.576744], [-8.684808, 41.571884], [-8.6964, 41.564587], [-8.705508, 41.555604], [-8.710589, 41.546609], [-8.712902, 41.537608], [-8.711939, 41.528598], [-8.70703, 41.519578], [-8.694579, 41.510538], [-8.661197, 41.499481], [-8.646019, 41.492384], [-8.633066, 41.483336], [-8.624845, 41.474302], [-8.620012, 41.465279], [-8.619633, 41.45627], [-8.621789, 41.44727], [-8.627706, 41.438282], [-8.637608, 41.432374], [-8.67358, 41.419325], [-8.687686, 41.411437], [-8.696649, 41.402454], [-8.701195, 41.393458], [-8.702502, 41.384454], [-8.70116, 41.375443], [-8.691996, 41.357403], [-8.674401, 41.339339], [-8.650167, 41.322303], [-8.613444, 41.30312], [-8.601248, 41.294071], [-8.601806, 41.285065], [-8.61015, 41.276086], [-8.624873, 41.267127], [-8.64881, 41.258194], [-8.692794, 41.249312], [-8.769956, 41.236567], [-8.803012, 41.228529], [-8.802164, 41.206961], [-8.778968, 41.222486], [-8.756575, 41.231449], [-8.710265, 41.242409], [-8.662499, 41.247975], [-8.638627, 41.248239], [-8.60284, 41.245276], [-8.567016, 41.248237], [-8.555086, 41.247434], [-8.543175, 41.243979], [-8.531296, 41.236255], [-8.526534, 41.230733], [-8.522767, 41.22171], [-8.52251, 41.212701], [-8.526121, 41.202318], [-8.523236, 41.200077], [-8.518471, 41.200543], [-8.51163, 41.203042], [-8.510456, 41.206197], [-8.505693, 41.207113], [-8.504239, 41.213646], [-8.500076, 41.21546], [-8.50308, 41.219502], [-8.502204, 41.222656], [-8.496833, 41.221998], [-8.493861, 41.223583], [-8.487935, 41.230354], [-8.490331, 41.232373], [-8.489156, 41.235528], [-8.486181, 41.236888], [-8.484411, 41.240495], [-8.482164, 41.239601]], [[-8.648867, 41.564027], [-8.636865, 41.565519], [-8.624877, 41.564608], [-8.612901, 41.561662], [-8.60074, 41.555288], [-8.590284, 41.546244], [-8.583916, 41.537213], [-8.580906, 41.528195], [-8.580696, 41.519187], [-8.583218, 41.510189], [-8.589387, 41.501203], [-8.60133, 41.493032], [-8.613323, 41.490847], [-8.625292, 41.492704], [-8.63725, 41.496592], [-8.66348, 41.510452], [-8.674217, 41.51949], [-8.679844, 41.528513], [-8.680491, 41.537522], [-8.676997, 41.54652], [-8.668339, 41.555503], [-8.660881, 41.559953], [-8.648867, 41.564027]], [[-8.565524, 41.472882], [-8.553537, 41.47443], [-8.541581, 41.471527], [-8.53226, 41.464956], [-8.527645, 41.455929], [-8.529362, 41.446929], [-8.541828, 41.43642], [-8.553815, 41.433942], [-8.565771, 41.435977], [-8.579118, 41.447122], [-8.581142, 41.456136], [-8.577337, 41.46513], [-8.565524, 41.472882]], [[-8.66172, 41.398824], [-8.63776, 41.404978], [-8.625796, 41.405115], [-8.613844, 41.403114], [-8.601904, 41.399176], [-8.589989, 41.39152], [-8.582455, 41.384081], [-8.576902, 41.375053], [-8.573713, 41.366034], [-8.573078, 41.357024], [-8.574954, 41.348023], [-8.579777, 41.339033], [-8.590381, 41.329143], [-8.602363, 41.323779], [-8.614322, 41.322065], [-8.626267, 41.322731], [-8.638201, 41.325489], [-8.650123, 41.330534], [-8.662036, 41.337853], [-8.673457, 41.348344], [-8.679654, 41.35737], [-8.682655, 41.366385], [-8.68264, 41.375393], [-8.679129, 41.384391], [-8.673723, 41.390716], [-8.66172, 41.398824]]], [[[-8.476085, 41.54578], [-8.472011, 41.536754], [-8.469207, 41.534922], [-8.457272, 41.528678], [-8.445293, 41.527733], [-8.433251, 41.534119], [-8.428508, 41.545553], [-8.433064, 41.555532], [-8.444998, 41.562254], [-8.456988, 41.562561], [-8.469025, 41.557241], [-8.476085, 41.54578]], [[-8.468598, 41.545746], [-8.457045, 41.55581], [-8.445063, 41.554694], [-8.437166, 41.545596], [-8.440512, 41.536605], [-8.445242, 41.533703], [-8.457233, 41.533264], [-8.463706, 41.536716], [-8.468598, 41.545746]]], [[[-8.08658, 41.544001], [-8.09741, 41.547702], [-8.109397, 41.547963], [-8.122456, 41.543625], [-8.131248, 41.534685], [-8.132354, 41.525686], [-8.12639, 41.516633], [-8.109912, 41.51036], [-8.097939, 41.509692], [-8.0909, 41.511328], [-8.091196, 41.516502], [-8.097877, 41.514154], [-8.109859, 41.514298], [-8.116147, 41.516555], [-8.124919, 41.525629], [-8.121549, 41.535967], [-8.109477, 41.542156], [-8.103764, 41.541927], [-8.106759, 41.543557], [-8.101666, 41.542655], [-8.094175, 41.544904], [-8.087885, 41.542876], [-8.08658, 41.544001]]], [[[-8.089698, 41.517965], [-8.089698, 41.517965], [-8.089773, 41.517892], [-8.089698, 41.517965]]], [[[-8.089998, 41.517672], [-8.089998, 41.517672], [-8.090003, 41.517667], [-8.089998, 41.517672]]], [[[-8.090597, 41.517087], [-8.090597, 41.517087], [-8.090694, 41.516992], [-8.090597, 41.517087]]], [[[-8.090897, 41.516794], [-8.090897, 41.516794], [-8.090925, 41.516767], [-8.090897, 41.516794]]], [[[-8.452817, 41.48262], [-8.452431, 41.473611], [-8.445816, 41.466438], [-8.433878, 41.462147], [-8.42189, 41.463751], [-8.409835, 41.47252], [-8.407378, 41.482395], [-8.410949, 41.491421], [-8.421578, 41.498766], [-8.433554, 41.499333], [-8.445589, 41.493047], [-8.452817, 41.48262]], [[-8.445178, 41.482583], [-8.438424, 41.491558], [-8.433598, 41.494286], [-8.421617, 41.4944], [-8.417353, 41.491453], [-8.410897, 41.482413], [-8.415407, 41.473428], [-8.421845, 41.468718], [-8.433824, 41.468362], [-8.442437, 41.473563], [-8.445178, 41.482583]]], [[[-8.153826, 41.375866], [-8.160223, 41.390782], [-8.167644, 41.399843], [-8.183064, 41.410617], [-8.194968, 41.415519], [-8.206903, 41.41806], [-8.21886, 41.418827], [-8.24284, 41.41474], [-8.254868, 41.409293], [-8.267068, 41.400519], [-8.275256, 41.391564], [-8.27991, 41.382585], [-8.282796, 41.373596], [-8.281363, 41.355572], [-8.277343, 41.346539], [-8.269004, 41.335984], [-8.263339, 41.340902], [-8.262751, 41.345405], [-8.25887, 41.346605], [-8.266588, 41.355478], [-8.270914, 41.364513], [-8.272271, 41.37353], [-8.270858, 41.382528], [-8.26631, 41.391507], [-8.258252, 41.400463], [-8.242903, 41.409306], [-8.230899, 41.412693], [-8.218922, 41.413623], [-8.206973, 41.412305], [-8.195055, 41.40849], [-8.181048, 41.399939], [-8.173058, 41.390874], [-8.168147, 41.377888], [-8.1642, 41.38059], [-8.153826, 41.375866]]]]}}, {"id": "8", "type": "Feature", "properties": {"fill": "#b1a288", "value_min": -1.33, "value_max": -1.0}, "geometry": {"type": "MultiPolygon", "coordinates": [[[[-7.856704, 41.838519], [-7.864469, 41.840123], [-7.876544, 41.838388], [-7.891344, 41.829852], [-7.898084, 41.82091], [-7.899786, 41.811919], [-7.896625, 41.802882], [-7.88931, 41.796635], [-7.877341, 41.792737], [-7.865305, 41.792762], [-7.853216, 41.795784], [-7.841539, 41.80234], [-7.835126, 41.811282], [-7.834965, 41.820287], [-7.840569, 41.829697], [-7.852469, 41.837666], [-7.856704, 41.838519]], [[-7.864527, 41.836861], [-7.852537, 41.83381], [-7.846069, 41.829406], [-7.839736, 41.820335], [-7.839471, 41.811326], [-7.845179, 41.802377], [-7.853179, 41.797886], [-7.865279, 41.794284], [-7.877313, 41.794344], [-7.88927, 41.79895], [-7.893842, 41.802856], [-7.897539, 41.811898], [-7.895538, 41.820885], [-7.888748, 41.829107], [-7.876591, 41.835703], [-7.864527, 41.836861]]], [[[-7.937991, 41.764098], [-7.949987, 41.76624], [-7.956955, 41.758412], [-7.950222, 41.751809], [-7.938167, 41.75346], [-7.934173, 41.758203], [-7.937991, 41.764098]], [[-7.938226, 41.75824], [-7.950143, 41.756678], [-7.951864, 41.758366], [-7.950082, 41.760367], [-7.938226, 41.75824]]], [[[-8.006031, 41.740833], [-8.010504, 41.742534], [-8.014496, 41.740906], [-8.019533, 41.731942], [-8.010742, 41.727016], [-8.000588, 41.731779], [-8.006031, 41.740833]], [[-8.01, 41.73186], [-8.011254, 41.731871], [-8.010654, 41.732778], [-8.01, 41.73186]]], [[[-8.20342, 41.702315], [-8.215436, 41.702528], [-8.220896, 41.697456], [-8.215611, 41.688128], [-8.203357, 41.688329], [-8.199038, 41.697306], [-8.20342, 41.702315]], [[-8.203473, 41.697337], [-8.203482, 41.697319], [-8.203666, 41.697338], [-8.203481, 41.697346], [-8.203473, 41.697337]]], [[[-8.383847, 41.687066], [-8.401555, 41.680525], [-8.41051, 41.671564], [-8.411847, 41.662563], [-8.406598, 41.653529], [-8.396249, 41.645722], [-8.384278, 41.641813], [-8.372269, 41.641993], [-8.360218, 41.646378], [-8.35189, 41.653234], [-8.34782, 41.662218], [-8.348519, 41.671229], [-8.354751, 41.680271], [-8.35985, 41.683537], [-8.371828, 41.687327], [-8.383847, 41.687066]], [[-8.383869, 41.684768], [-8.371856, 41.684534], [-8.361306, 41.680308], [-8.353399, 41.671257], [-8.35279, 41.662246], [-8.358263, 41.65327], [-8.372229, 41.646097], [-8.384242, 41.645621], [-8.396214, 41.649525], [-8.401487, 41.653503], [-8.407397, 41.662541], [-8.406354, 41.671542], [-8.397062, 41.680501], [-8.383869, 41.684768]]], [[[-8.023567, 41.674032], [-8.035641, 41.66998], [-8.042061, 41.660076], [-8.039036, 41.651044], [-8.035969, 41.647976], [-8.024024, 41.643787], [-8.011985, 41.645817], [-8.00486, 41.650753], [-8.001619, 41.659732], [-8.006492, 41.668781], [-8.011587, 41.671834], [-8.023567, 41.674032]], [[-8.012266, 41.668831], [-8.005824, 41.659768], [-8.010415, 41.650801], [-8.023982, 41.646549], [-8.035624, 41.651015], [-8.039593, 41.660056], [-8.035693, 41.666487], [-8.0236, 41.671825], [-8.012266, 41.668831]]], [[[-8.621449, 41.54635], [-8.624978, 41.547164], [-8.636977, 41.545502], [-8.648889, 41.53743], [-8.652017, 41.528432], [-8.648623, 41.519414], [-8.637173, 41.510475], [-8.625208, 41.507299], [-8.613217, 41.508683], [-8.610041, 41.510283], [-8.600215, 41.519256], [-8.598773, 41.528259], [-8.603322, 41.537282], [-8.613004, 41.544355], [-8.621449, 41.54635]], [[-8.617166, 41.537329], [-8.613057, 41.535491], [-8.608044, 41.528291], [-8.610402, 41.519291], [-8.613167, 41.517013], [-8.625168, 41.514186], [-8.637128, 41.518526], [-8.641247, 41.528399], [-8.637037, 41.534855], [-8.625023, 41.539344], [-8.617166, 41.537329]]], [[[-8.1887, 41.375628], [-8.188539, 41.381977], [-8.19287, 41.391015], [-8.204925, 41.400107], [-8.219041, 41.403715], [-8.231013, 41.402981], [-8.243031, 41.39827], [-8.25118, 41.391409], [-8.255711, 41.382431], [-8.25558, 41.373423], [-8.248743, 41.362645], [-8.248448, 41.364328], [-8.244864, 41.365457], [-8.243973, 41.368517], [-8.247409, 41.37337], [-8.248383, 41.382384], [-8.24353, 41.391359], [-8.231075, 41.397745], [-8.219103, 41.398576], [-8.20719, 41.39448], [-8.202462, 41.391082], [-8.197348, 41.382039], [-8.198026, 41.376749], [-8.194976, 41.374275], [-8.191691, 41.376302], [-8.1887, 41.375628]]], [[[-8.248611, 41.362527], [-8.248611, 41.362527], [-8.248444, 41.362378], [-8.248611, 41.362527]]], [[[-8.637893, 41.381033], [-8.651791, 41.375304], [-8.657926, 41.366315], [-8.657512, 41.357306], [-8.650032, 41.347536], [-8.638107, 41.342484], [-8.626157, 41.341963], [-8.61156, 41.348152], [-8.605838, 41.35714], [-8.606354, 41.36615], [-8.614005, 41.375811], [-8.625936, 41.380708], [-8.637893, 41.381033]], [[-8.62601, 41.367786], [-8.623892, 41.366208], [-8.62298, 41.357198], [-8.626085, 41.354659], [-8.638042, 41.354132], [-8.642132, 41.357259], [-8.641259, 41.366264], [-8.637963, 41.368487], [-8.62601, 41.367786]]], [[[-8.61847, 41.178555], [-8.620065, 41.195048], [-8.623127, 41.204066], [-8.628074, 41.21309], [-8.638757, 41.224687], [-8.650651, 41.231583], [-8.662565, 41.235221], [-8.67449, 41.236848], [-8.686422, 41.237033], [-8.710302, 41.233971], [-8.722248, 41.230822], [-8.742248, 41.22241], [-8.755156, 41.21343], [-8.76366, 41.20444], [-8.768825, 41.195443], [-8.772569, 41.177434], [-8.771218, 41.168424], [-8.767833, 41.159409], [-8.756835, 41.145014], [-8.726939, 41.14567], [-8.735858, 41.150332], [-8.746461, 41.159364], [-8.75278, 41.168386], [-8.756007, 41.177401], [-8.756689, 41.18641], [-8.755008, 41.195414], [-8.750588, 41.204413], [-8.742678, 41.213403], [-8.729527, 41.222381], [-8.710322, 41.229543], [-8.698379, 41.231904], [-8.674514, 41.231872], [-8.662597, 41.229024], [-8.648948, 41.222164], [-8.639872, 41.213128], [-8.634604, 41.204103], [-8.631524, 41.188629], [-8.625658, 41.186628], [-8.62263, 41.180113], [-8.61847, 41.178555]]]]}}, {"id": "12", "type": "Feature", "properties": {"fill": "#a3a3a3", "value_min": 0.0, "value_max": -0.33}, "geometry": {"type": "MultiPolygon", "coordinates": [[[[-7.881739, 41.853671], [-7.888397, 41.84943], [-7.900672, 41.836053], [-7.909667, 41.82102], [-7.91162, 41.812032], [-7.910114, 41.803011], [-7.904382, 41.79395], [-7.90144, 41.791137], [-7.889481, 41.786724], [-7.865412, 41.786745], [-7.841279, 41.790282], [-7.830359, 41.79322], [-7.814487, 41.802064], [-7.807973, 41.811003], [-7.806831, 41.819998], [-7.809017, 41.829028], [-7.821739, 41.847172], [-7.828099, 41.853088], [-7.840024, 41.859865], [-7.848911, 41.861823], [-7.854108, 41.862386], [-7.858544, 41.862125], [-7.859456, 41.860148], [-7.865481, 41.859262], [-7.870024, 41.852678], [-7.864221, 41.854144], [-7.852178, 41.853904], [-7.840199, 41.850142], [-7.828308, 41.841673], [-7.819137, 41.829132], [-7.817069, 41.820104], [-7.818223, 41.811109], [-7.824087, 41.802163], [-7.840114, 41.793319], [-7.865385, 41.788249], [-7.877428, 41.78778], [-7.889437, 41.789273], [-7.898724, 41.793896], [-7.906324, 41.802975], [-7.908541, 41.812003], [-7.906636, 41.820992], [-7.901443, 41.829949], [-7.888489, 41.844105], [-7.87756, 41.850277], [-7.881739, 41.853671]]], [[[-7.986065, 41.767071], [-8.010152, 41.765429], [-8.022224, 41.762725], [-8.034374, 41.754682], [-8.037873, 41.750111], [-8.040656, 41.741127], [-8.038512, 41.732103], [-8.022926, 41.716388], [-8.011012, 41.709438], [-7.999035, 41.70664], [-7.98699, 41.708243], [-7.96266, 41.726314], [-7.938462, 41.73555], [-7.926302, 41.743646], [-7.92135, 41.749076], [-7.91785, 41.75805], [-7.919738, 41.767075], [-7.925837, 41.77156], [-7.937826, 41.774141], [-7.961897, 41.773716], [-7.986065, 41.767071]], [[-7.974121, 41.761648], [-7.969659, 41.767533], [-7.961951, 41.770375], [-7.949882, 41.772639], [-7.937859, 41.772151], [-7.925549, 41.767129], [-7.922091, 41.75809], [-7.926389, 41.749123], [-7.938373, 41.740964], [-7.950446, 41.73805], [-7.962464, 41.738524], [-7.974522, 41.736466], [-7.982855, 41.722616], [-7.99891, 41.714724], [-8.010924, 41.715155], [-8.022868, 41.7202], [-8.033487, 41.73206], [-8.034426, 41.741075], [-8.028879, 41.750035], [-8.022343, 41.754847], [-8.010273, 41.757582], [-7.998255, 41.756854], [-7.986267, 41.754229], [-7.974121, 41.761648]]], [[[-8.239376, 41.710828], [-8.244356, 41.70662], [-8.249293, 41.697645], [-8.249751, 41.688641], [-8.24527, 41.679604], [-8.239795, 41.675243], [-8.227843, 41.670071], [-8.215847, 41.668654], [-8.203808, 41.670849], [-8.191716, 41.677133], [-8.183872, 41.688192], [-8.183169, 41.697194], [-8.187088, 41.706229], [-8.191295, 41.710772], [-8.203231, 41.717584], [-8.215227, 41.719752], [-8.227272, 41.717793], [-8.239376, 41.710828]], [[-8.239523, 41.698351], [-8.235166, 41.706559], [-8.227342, 41.711929], [-8.215284, 41.715058], [-8.20328, 41.713633], [-8.191354, 41.706078], [-8.186788, 41.69722], [-8.188142, 41.688222], [-8.191638, 41.683381], [-8.203749, 41.675651], [-8.215779, 41.674259], [-8.231558, 41.679514], [-8.239279, 41.688572], [-8.239523, 41.698351]]], [[[-8.383755, 41.696693], [-8.422971, 41.680634], [-8.434256, 41.671683], [-8.438611, 41.662697], [-8.435024, 41.653673], [-8.408426, 41.627338], [-8.396495, 41.619358], [-8.384518, 41.61662], [-8.372517, 41.61643], [-8.348456, 41.621917], [-8.336387, 41.628223], [-8.327394, 41.635079], [-8.319658, 41.64404], [-8.31535, 41.653022], [-8.313949, 41.662021], [-8.315083, 41.671035], [-8.319539, 41.680068], [-8.32823, 41.689126], [-8.345871, 41.698235], [-8.35968, 41.700661], [-8.383755, 41.696693]], [[-8.407899, 41.68483], [-8.383778, 41.694248], [-8.371742, 41.696245], [-8.359727, 41.695945], [-8.341603, 41.689204], [-8.331665, 41.680139], [-8.32707, 41.671105], [-8.326067, 41.662092], [-8.32792, 41.653096], [-8.333406, 41.644121], [-8.343616, 41.635173], [-8.360404, 41.6276], [-8.372427, 41.625742], [-8.384425, 41.626421], [-8.3964, 41.629556], [-8.408335, 41.637293], [-8.425059, 41.653623], [-8.428607, 41.662648], [-8.426177, 41.671643], [-8.4164, 41.680601], [-8.407899, 41.68483]]], [[[-8.023399, 41.685124], [-8.035487, 41.680299], [-8.047654, 41.669958], [-8.052611, 41.660164], [-8.052472, 41.651155], [-8.047004, 41.642103], [-8.036186, 41.633453], [-8.024261, 41.628094], [-8.012283, 41.626312], [-8.000264, 41.627269], [-7.987027, 41.632583], [-7.977154, 41.641503], [-7.972839, 41.650471], [-7.97221, 41.659473], [-7.975047, 41.668505], [-7.980725, 41.677563], [-7.987378, 41.683545], [-7.999322, 41.688111], [-8.011347, 41.687561], [-8.023399, 41.685124]], [[-8.035533, 41.677213], [-8.023448, 41.681903], [-8.011419, 41.682823], [-7.995501, 41.677693], [-7.986195, 41.668604], [-7.982743, 41.659567], [-7.984001, 41.650571], [-7.99033, 41.641619], [-8.000138, 41.635415], [-8.012184, 41.632817], [-8.024179, 41.633482], [-8.036126, 41.637492], [-8.041839, 41.64206], [-8.048862, 41.651126], [-8.049737, 41.66014], [-8.045379, 41.669111], [-8.035533, 41.677213]]], [[[-8.767442, 41.580432], [-8.786118, 41.564789], [-8.79401, 41.555796], [-8.805931, 41.537802], [-8.814119, 41.517738], [-8.81063, 41.5101], [-8.813279, 41.503483], [-8.812636, 41.496944], [-8.804699, 41.482068], [-8.798552, 41.474753], [-8.800767, 41.450833], [-8.803824, 41.441909], [-8.794842, 41.429693], [-8.776507, 41.411644], [-8.649994, 41.312245], [-8.641101, 41.30321], [-8.636811, 41.294188], [-8.637092, 41.285181], [-8.642086, 41.276189], [-8.653414, 41.267216], [-8.674912, 41.258271], [-8.698283, 41.252767], [-8.734111, 41.247859], [-8.769923, 41.246096], [-8.80373, 41.246803], [-8.803012, 41.228529], [-8.769956, 41.236567], [-8.692794, 41.249312], [-8.64881, 41.258194], [-8.624873, 41.267127], [-8.61015, 41.276086], [-8.601806, 41.285065], [-8.601248, 41.294071], [-8.613444, 41.30312], [-8.650167, 41.322303], [-8.674401, 41.339339], [-8.691996, 41.357403], [-8.70116, 41.375443], [-8.702502, 41.384454], [-8.701195, 41.393458], [-8.696649, 41.402454], [-8.687686, 41.411437], [-8.67358, 41.419325], [-8.637608, 41.432374], [-8.627706, 41.438282], [-8.621789, 41.44727], [-8.619633, 41.45627], [-8.620012, 41.465279], [-8.624845, 41.474302], [-8.633066, 41.483336], [-8.646019, 41.492384], [-8.661197, 41.499481], [-8.694579, 41.510538], [-8.70703, 41.519578], [-8.711939, 41.528598], [-8.712902, 41.537608], [-8.710589, 41.546609], [-8.705508, 41.555604], [-8.6964, 41.564587], [-8.684808, 41.571884], [-8.672789, 41.576744], [-8.648777, 41.580559], [-8.6248, 41.577928], [-8.61283, 41.573582], [-8.600872, 41.567515], [-8.588938, 41.558138], [-8.572826, 41.537173], [-8.56942, 41.528153], [-8.566766, 41.50112], [-8.560922, 41.492091], [-8.529567, 41.476814], [-8.517325, 41.464894], [-8.512952, 41.455868], [-8.512555, 41.446859], [-8.51553, 41.437864], [-8.521922, 41.428883], [-8.52997, 41.421047], [-8.544197, 41.410958], [-8.551343, 41.401979], [-8.552019, 41.392974], [-8.546531, 41.36593], [-8.545997, 41.347912], [-8.549527, 41.329911], [-8.558908, 41.302924], [-8.554172, 41.293898], [-8.507207, 41.265874], [-8.495347, 41.255737], [-8.482164, 41.239601], [-8.476346, 41.237818], [-8.475756, 41.23917], [-8.470986, 41.23941], [-8.471604, 41.243459], [-8.469227, 41.245267], [-8.463258, 41.244384], [-8.459989, 41.246644], [-8.455512, 41.245982], [-8.455541, 41.251834], [-8.452276, 41.25522], [-8.449891, 41.255452], [-8.449304, 41.257479], [-8.447812, 41.257258], [-8.449028, 41.261982], [-8.439785, 41.262907], [-8.438023, 41.268989], [-8.434748, 41.270409], [-8.471053, 41.307892], [-8.481301, 41.320616], [-8.491467, 41.338677], [-8.497976, 41.35672], [-8.50195, 41.374753], [-8.502515, 41.392771], [-8.490297, 41.437755], [-8.489372, 41.446758], [-8.491317, 41.455774], [-8.497229, 41.464808], [-8.541159, 41.501021], [-8.547009, 41.510052], [-8.55833, 41.537118], [-8.58883, 41.575193], [-8.600759, 41.586015], [-8.612708, 41.593952], [-8.632416, 41.602368], [-8.639577, 41.597804], [-8.640152, 41.59465], [-8.645536, 41.593051], [-8.646744, 41.594171], [-8.649125, 41.591909], [-8.656622, 41.5921], [-8.660788, 41.588255], [-8.663794, 41.589141], [-8.665265, 41.585758], [-8.66948, 41.587989], [-8.684455, 41.586117], [-8.685608, 41.58071], [-8.697261, 41.576376], [-8.701703, 41.570277], [-8.707704, 41.570923], [-8.712485, 41.569323], [-8.716422, 41.573805], [-8.720316, 41.57356], [-8.725151, 41.577811], [-8.726633, 41.576003], [-8.734424, 41.575737], [-8.736564, 41.580228], [-8.738354, 41.579318], [-8.740778, 41.582006], [-8.74467, 41.581535], [-8.750711, 41.58623], [-8.75993, 41.578527], [-8.767442, 41.580432]], [[-8.66127, 41.485512], [-8.65785, 41.483413], [-8.654777, 41.474396], [-8.661369, 41.466498], [-8.67335, 41.465174], [-8.684769, 41.474482], [-8.681162, 41.48348], [-8.673243, 41.486554], [-8.66127, 41.485512]]], [[[-8.481034, 41.555005], [-8.484713, 41.545819], [-8.479619, 41.536789], [-8.457316, 41.523389], [-8.445356, 41.520413], [-8.433348, 41.523028], [-8.422213, 41.536515], [-8.419847, 41.54551], [-8.421185, 41.554524], [-8.427304, 41.563562], [-8.432954, 41.568168], [-8.444917, 41.571759], [-8.456914, 41.571393], [-8.468947, 41.566774], [-8.481034, 41.555005]], [[-8.476085, 41.54578], [-8.469025, 41.557241], [-8.456988, 41.562561], [-8.444998, 41.562254], [-8.433064, 41.555532], [-8.428508, 41.545553], [-8.433251, 41.534119], [-8.445293, 41.527733], [-8.457272, 41.528678], [-8.469207, 41.534922], [-8.472011, 41.536754], [-8.476085, 41.54578]]], [[[-8.082187, 41.549359], [-8.097328, 41.553645], [-8.109317, 41.553795], [-8.121343, 41.551215], [-8.134314, 41.543715], [-8.140606, 41.534755], [-8.141281, 41.525753], [-8.133815, 41.515157], [-8.11527, 41.507541], [-8.0927, 41.505515], [-8.0909, 41.511328], [-8.097939, 41.509692], [-8.109912, 41.51036], [-8.12639, 41.516633], [-8.132354, 41.525686], [-8.131248, 41.534685], [-8.122456, 41.543625], [-8.109397, 41.547963], [-8.09741, 41.547702], [-8.08658, 41.544001], [-8.083389, 41.5449], [-8.082187, 41.549359]]], [[[-8.455516, 41.49164], [-8.462277, 41.482665], [-8.465475, 41.473672], [-8.463735, 41.464656], [-8.457846, 41.459885], [-8.445908, 41.455572], [-8.433939, 41.455198], [-8.421942, 41.457887], [-8.40989, 41.466484], [-8.405976, 41.47338], [-8.404417, 41.48238], [-8.407057, 41.491401], [-8.409624, 41.495778], [-8.421525, 41.504712], [-8.433487, 41.507016], [-8.445519, 41.50122], [-8.455516, 41.49164]], [[-8.452817, 41.48262], [-8.445589, 41.493047], [-8.433554, 41.499333], [-8.421578, 41.498766], [-8.410949, 41.491421], [-8.407378, 41.482395], [-8.409835, 41.47252], [-8.42189, 41.463751], [-8.433878, 41.462147], [-8.445816, 41.466438], [-8.452431, 41.473611], [-8.452817, 41.48262]]], [[[-8.13346, 41.374518], [-8.141762, 41.390645], [-8.149902, 41.399713], [-8.161181, 41.408803], [-8.178124, 41.417933], [-8.194873, 41.42325], [-8.20682, 41.424853], [-8.230771, 41.42354], [-8.242774, 41.420431], [-8.26555, 41.409517], [-8.286525, 41.391634], [-8.299821, 41.373701], [-8.308482, 41.355738], [-8.308257, 41.346729], [-8.300985, 41.32867], [-8.288374, 41.312959], [-8.284488, 41.316341], [-8.281801, 41.316569], [-8.279132, 41.324451], [-8.272266, 41.32536], [-8.265709, 41.331221], [-8.269004, 41.335984], [-8.277343, 41.346539], [-8.281363, 41.355572], [-8.282796, 41.373596], [-8.27991, 41.382585], [-8.275256, 41.391564], [-8.267068, 41.400519], [-8.254868, 41.409293], [-8.24284, 41.41474], [-8.21886, 41.418827], [-8.206903, 41.41806], [-8.194968, 41.415519], [-8.183064, 41.410617], [-8.167644, 41.399843], [-8.160223, 41.390782], [-8.153826, 41.375866], [-8.150152, 41.37339], [-8.139096, 41.377894], [-8.13346, 41.374518]]], [[[-8.133357, 41.374292], [-8.133357, 41.374292], [-8.133418, 41.374427], [-8.133357, 41.374292]]], [[[-8.386745, 41.380977], [-8.391584, 41.374222], [-8.392187, 41.365218], [-8.386985, 41.355424], [-8.375105, 41.347565], [-8.363179, 41.344755], [-8.351218, 41.345602], [-8.33922, 41.350083], [-8.331783, 41.355875], [-8.329021, 41.364867], [-8.331265, 41.373888], [-8.339066, 41.38294], [-8.350789, 41.388772], [-8.362729, 41.390942], [-8.374712, 41.388655], [-8.385141, 41.383196], [-8.386745, 41.380977]]]]}}, {"id": "7", "type": "Feature", "properties": {"fill": "#cba158", "value_min": -1.67, "value_max": -1.33}, "geometry": {"type": "MultiPolygon", "coordinates": [[[[-7.864527, 41.836861], [-7.876591, 41.835703], [-7.888748, 41.829107], [-7.895538, 41.820885], [-7.897539, 41.811898], [-7.893842, 41.802856], [-7.88927, 41.79895], [-7.877313, 41.794344], [-7.865279, 41.794284], [-7.853179, 41.797886], [-7.845179, 41.802377], [-7.839471, 41.811326], [-7.839736, 41.820335], [-7.846069, 41.829406], [-7.852537, 41.83381], [-7.864527, 41.836861]], [[-7.864577, 41.834037], [-7.851887, 41.829464], [-7.843696, 41.820375], [-7.842966, 41.811361], [-7.84882, 41.802413], [-7.853141, 41.799987], [-7.865251, 41.79583], [-7.877286, 41.795889], [-7.89106, 41.802829], [-7.895293, 41.811876], [-7.892992, 41.820861], [-7.888803, 41.825934], [-7.876638, 41.83302], [-7.864577, 41.834037]]], [[[-7.938226, 41.75824], [-7.950082, 41.760367], [-7.951864, 41.758366], [-7.950143, 41.756678], [-7.938226, 41.75824]]], [[[-8.01, 41.73186], [-8.010654, 41.732778], [-8.011254, 41.731871], [-8.01, 41.73186]]], [[[-8.203473, 41.697337], [-8.203481, 41.697346], [-8.203666, 41.697338], [-8.203482, 41.697319], [-8.203473, 41.697337]]], [[[-8.383869, 41.684768], [-8.397062, 41.680501], [-8.406354, 41.671542], [-8.407397, 41.662541], [-8.401487, 41.653503], [-8.396214, 41.649525], [-8.384242, 41.645621], [-8.372229, 41.646097], [-8.358263, 41.65327], [-8.35279, 41.662246], [-8.353399, 41.671257], [-8.361306, 41.680308], [-8.371856, 41.684534], [-8.383869, 41.684768]], [[-8.371883, 41.681741], [-8.358281, 41.671284], [-8.357711, 41.662274], [-8.365247, 41.653308], [-8.372193, 41.649806], [-8.384211, 41.648876], [-8.396375, 41.653476], [-8.403478, 41.66252], [-8.402588, 41.671523], [-8.39595, 41.677798], [-8.390433, 41.680466], [-8.383891, 41.68247], [-8.371883, 41.681741]]], [[[-8.012266, 41.668831], [-8.0236, 41.671825], [-8.035693, 41.666487], [-8.039593, 41.660056], [-8.035624, 41.651015], [-8.023982, 41.646549], [-8.010415, 41.650801], [-8.005824, 41.659768], [-8.012266, 41.668831]], [[-8.020937, 41.668905], [-8.01003, 41.659805], [-8.018598, 41.650871], [-8.023941, 41.649311], [-8.035836, 41.656944], [-8.037125, 41.660035], [-8.0256, 41.668945], [-8.020937, 41.668905]]], [[[-8.617166, 41.537329], [-8.625023, 41.539344], [-8.637037, 41.534855], [-8.641247, 41.528399], [-8.637128, 41.518526], [-8.625168, 41.514186], [-8.613167, 41.517013], [-8.610402, 41.519291], [-8.608044, 41.528291], [-8.613057, 41.535491], [-8.617166, 41.537329]]], [[[-8.198026, 41.376749], [-8.197348, 41.382039], [-8.202462, 41.391082], [-8.20719, 41.39448], [-8.219103, 41.398576], [-8.231075, 41.397745], [-8.24353, 41.391359], [-8.248383, 41.382384], [-8.247409, 41.37337], [-8.243973, 41.368517], [-8.239197, 41.371315], [-8.233533, 41.370645], [-8.237128, 41.373302], [-8.239974, 41.382328], [-8.231144, 41.391909], [-8.219174, 41.392644], [-8.215317, 41.39117], [-8.206461, 41.382102], [-8.207917, 41.376968], [-8.198026, 41.376749]]], [[[-8.216485, 41.369506], [-8.216485, 41.369506], [-8.218589, 41.368406], [-8.216485, 41.369506]]], [[[-8.62601, 41.367786], [-8.637963, 41.368487], [-8.641259, 41.366264], [-8.642132, 41.357259], [-8.638042, 41.354132], [-8.626085, 41.354659], [-8.62298, 41.357198], [-8.623892, 41.366208], [-8.62601, 41.367786]]], [[[-8.631524, 41.188629], [-8.634604, 41.204103], [-8.639872, 41.213128], [-8.648948, 41.222164], [-8.662597, 41.229024], [-8.674514, 41.231872], [-8.698379, 41.231904], [-8.710322, 41.229543], [-8.729527, 41.222381], [-8.742678, 41.213403], [-8.750588, 41.204413], [-8.755008, 41.195414], [-8.756689, 41.18641], [-8.756007, 41.177401], [-8.75278, 41.168386], [-8.746461, 41.159364], [-8.735858, 41.150332], [-8.726939, 41.14567], [-8.67527, 41.147484], [-8.676193, 41.146567], [-8.674793, 41.146932], [-8.674204, 41.147693], [-8.674848, 41.153629], [-8.68683, 41.151391], [-8.698749, 41.151304], [-8.710657, 41.153323], [-8.722555, 41.158031], [-8.734439, 41.166882], [-8.741619, 41.177369], [-8.743925, 41.186382], [-8.743282, 41.195389], [-8.739563, 41.204388], [-8.731774, 41.213378], [-8.717137, 41.222351], [-8.698399, 41.227469], [-8.686464, 41.228166], [-8.67454, 41.226758], [-8.662629, 41.222756], [-8.650745, 41.213941], [-8.644193, 41.204133], [-8.641893, 41.193535], [-8.641225, 41.196014], [-8.638841, 41.196025], [-8.631524, 41.188629]]], [[[-8.654392, 41.165383], [-8.660129, 41.160814], [-8.656143, 41.160832], [-8.654392, 41.165383]]], [[[-8.660312, 41.160669], [-8.668074, 41.1565], [-8.66117, 41.156307], [-8.662078, 41.158104], [-8.660312, 41.160669]]]]}}, {"id": "6", "type": "Feature", "properties": {"fill": "#e79f24", "value_min": -2.0, "value_max": -1.67}, "geometry": {"type": "MultiPolygon", "coordinates": [[[[-7.864577, 41.834037], [-7.876638, 41.83302], [-7.888803, 41.825934], [-7.892992, 41.820861], [-7.895293, 41.811876], [-7.89106, 41.802829], [-7.877286, 41.795889], [-7.865251, 41.79583], [-7.853141, 41.799987], [-7.84882, 41.802413], [-7.842966, 41.811361], [-7.843696, 41.820375], [-7.851887, 41.829464], [-7.864577, 41.834037]], [[-7.864627, 41.831212], [-7.852676, 41.826045], [-7.847443, 41.820413], [-7.846045, 41.811392], [-7.853104, 41.802089], [-7.865224, 41.797375], [-7.877259, 41.797436], [-7.889178, 41.804228], [-7.893047, 41.811855], [-7.890446, 41.820836], [-7.876685, 41.830335], [-7.864627, 41.831212]]], [[[-8.371883, 41.681741], [-8.383891, 41.68247], [-8.390433, 41.680466], [-8.39595, 41.677798], [-8.402588, 41.671523], [-8.403478, 41.66252], [-8.396375, 41.653476], [-8.384211, 41.648876], [-8.372193, 41.649806], [-8.365247, 41.653308], [-8.357711, 41.662274], [-8.358281, 41.671284], [-8.371883, 41.681741]], [[-8.383914, 41.680057], [-8.371916, 41.678363], [-8.363204, 41.671311], [-8.362708, 41.662301], [-8.372157, 41.653562], [-8.38418, 41.652132], [-8.396133, 41.658168], [-8.399558, 41.6625], [-8.398822, 41.671503], [-8.383914, 41.680057]]], [[[-8.020937, 41.668905], [-8.0256, 41.668945], [-8.037125, 41.660035], [-8.035836, 41.656944], [-8.023941, 41.649311], [-8.018598, 41.650871], [-8.01003, 41.659805], [-8.020937, 41.668905]], [[-8.015064, 41.659848], [-8.023887, 41.652831], [-8.033047, 41.660001], [-8.023686, 41.666162], [-8.015064, 41.659848]]], [[[-8.207917, 41.376968], [-8.206461, 41.382102], [-8.215317, 41.39117], [-8.219174, 41.392644], [-8.231144, 41.391909], [-8.239974, 41.382328], [-8.237128, 41.373302], [-8.233533, 41.370645], [-8.224854, 41.370878], [-8.218589, 41.368406], [-8.216485, 41.369506], [-8.212011, 41.375839], [-8.207917, 41.376968]]], [[[-8.641893, 41.193535], [-8.644193, 41.204133], [-8.650745, 41.213941], [-8.662629, 41.222756], [-8.67454, 41.226758], [-8.686464, 41.228166], [-8.698399, 41.227469], [-8.717137, 41.222351], [-8.731774, 41.213378], [-8.739563, 41.204388], [-8.743282, 41.195389], [-8.743925, 41.186382], [-8.741619, 41.177369], [-8.734439, 41.166882], [-8.722555, 41.158031], [-8.710657, 41.153323], [-8.698749, 41.151304], [-8.68683, 41.151391], [-8.674848, 41.153629], [-8.672489, 41.15648], [-8.668074, 41.1565], [-8.660312, 41.160669], [-8.660129, 41.160814], [-8.654392, 41.165383], [-8.653231, 41.169174], [-8.655366, 41.175467], [-8.647955, 41.180228], [-8.647696, 41.185181], [-8.641893, 41.193535]], [[-8.686486, 41.223573], [-8.674566, 41.221496], [-8.659654, 41.213188], [-8.65308, 41.20416], [-8.650805, 41.195145], [-8.651965, 41.186141], [-8.656875, 41.177148], [-8.667633, 41.168171], [-8.674848, 41.164512], [-8.686781, 41.161848], [-8.6987, 41.161958], [-8.710607, 41.164873], [-8.722497, 41.171862], [-8.727735, 41.177337], [-8.73218, 41.186356], [-8.732681, 41.195365], [-8.729482, 41.204365], [-8.72145, 41.213354], [-8.710366, 41.219429], [-8.701305, 41.222311], [-8.686486, 41.223573]]]]}}, {"id": "5", "type": "Feature", "properties": {"fill": "#ea870e", "value_min": -2.33, "value_max": -2.0}, "geometry": {"type": "MultiPolygon", "coordinates": [[[[-7.864627, 41.831212], [-7.876685, 41.830335], [-7.890446, 41.820836], [-7.893047, 41.811855], [-7.889178, 41.804228], [-7.877259, 41.797436], [-7.865224, 41.797375], [-7.853104, 41.802089], [-7.846045, 41.811392], [-7.847443, 41.820413], [-7.852676, 41.826045], [-7.864627, 41.831212]], [[-7.864674, 41.828536], [-7.851188, 41.82045], [-7.849126, 41.811423], [-7.856209, 41.802487], [-7.865197, 41.79892], [-7.877232, 41.798981], [-7.884909, 41.802769], [-7.889105, 41.80849], [-7.890801, 41.811833], [-7.888943, 41.817824], [-7.887581, 41.820809], [-7.876726, 41.827962], [-7.864674, 41.828536]]], [[[-8.383914, 41.680057], [-8.398822, 41.671503], [-8.399558, 41.6625], [-8.396133, 41.658168], [-8.38418, 41.652132], [-8.372157, 41.653562], [-8.362708, 41.662301], [-8.363204, 41.671311], [-8.371916, 41.678363], [-8.383914, 41.680057]], [[-8.371954, 41.674419], [-8.368148, 41.671339], [-8.367774, 41.662329], [-8.37211, 41.658318], [-8.384145, 41.655833], [-8.395304, 41.662478], [-8.394374, 41.67148], [-8.383945, 41.676745], [-8.371954, 41.674419]]], [[[-8.015064, 41.659848], [-8.023686, 41.666162], [-8.033047, 41.660001], [-8.023887, 41.652831], [-8.015064, 41.659848]], [[-8.020684, 41.659896], [-8.023818, 41.657403], [-8.027072, 41.65995], [-8.023747, 41.662139], [-8.020684, 41.659896]]], [[[-8.686486, 41.223573], [-8.701305, 41.222311], [-8.710366, 41.219429], [-8.72145, 41.213354], [-8.729482, 41.204365], [-8.732681, 41.195365], [-8.73218, 41.186356], [-8.727735, 41.177337], [-8.722497, 41.171862], [-8.710607, 41.164873], [-8.6987, 41.161958], [-8.686781, 41.161848], [-8.674848, 41.164512], [-8.667633, 41.168171], [-8.656875, 41.177148], [-8.651965, 41.186141], [-8.650805, 41.195145], [-8.65308, 41.20416], [-8.659654, 41.213188], [-8.674566, 41.221496], [-8.686486, 41.223573]], [[-8.686512, 41.218181], [-8.670711, 41.21322], [-8.662718, 41.205365], [-8.659745, 41.195172], [-8.662079, 41.186171], [-8.674797, 41.17477], [-8.686735, 41.171435], [-8.698654, 41.171839], [-8.712188, 41.177299], [-8.720361, 41.186327], [-8.722495, 41.195341], [-8.719525, 41.204341], [-8.710369, 41.213327], [-8.698445, 41.217453], [-8.686512, 41.218181]]]]}}, {"id": "4", "type": "Feature", "properties": {"fill": "#d75e13", "value_min": -2.67, "value_max": -2.33}, "geometry": {"type": "MultiPolygon", "coordinates": [[[[-7.864674, 41.828536], [-7.876726, 41.827962], [-7.887581, 41.820809], [-7.888943, 41.817824], [-7.890801, 41.811833], [-7.889105, 41.80849], [-7.884909, 41.802769], [-7.877232, 41.798981], [-7.865197, 41.79892], [-7.856209, 41.802487], [-7.849126, 41.811423], [-7.851188, 41.82045], [-7.864674, 41.828536]], [[-7.864718, 41.826059], [-7.855265, 41.820491], [-7.852205, 41.811454], [-7.859981, 41.802525], [-7.865169, 41.800466], [-7.877205, 41.800527], [-7.881686, 41.802738], [-7.888421, 41.81181], [-7.884212, 41.820776], [-7.876766, 41.825683], [-7.864718, 41.826059]]], [[[-8.371954, 41.674419], [-8.383945, 41.676745], [-8.394374, 41.67148], [-8.395304, 41.662478], [-8.384145, 41.655833], [-8.37211, 41.658318], [-8.367774, 41.662329], [-8.368148, 41.671339], [-8.371954, 41.674419]], [[-8.375227, 41.671377], [-8.37434, 41.662365], [-8.384107, 41.659822], [-8.388505, 41.662442], [-8.387913, 41.671446], [-8.383977, 41.673433], [-8.375227, 41.671377]]], [[[-8.020684, 41.659896], [-8.023747, 41.662139], [-8.027072, 41.65995], [-8.023818, 41.657403], [-8.020684, 41.659896]]], [[[-8.686512, 41.218181], [-8.698445, 41.217453], [-8.710369, 41.213327], [-8.719525, 41.204341], [-8.722495, 41.195341], [-8.720361, 41.186327], [-8.712188, 41.177299], [-8.698654, 41.171839], [-8.686735, 41.171435], [-8.674797, 41.17477], [-8.662079, 41.186171], [-8.659745, 41.195172], [-8.662718, 41.205365], [-8.670711, 41.21322], [-8.686512, 41.218181]], [[-8.686542, 41.211903], [-8.672326, 41.204217], [-8.670179, 41.195203], [-8.674821, 41.186208], [-8.686688, 41.181364], [-8.698606, 41.182325], [-8.705532, 41.186291], [-8.710481, 41.193292], [-8.70828, 41.204313], [-8.698477, 41.210574], [-8.686542, 41.211903]]]]}}, {"id": "19", "type": "Feature", "properties": {"fill": "#4182f2", "value_min": 2.33, "value_max": -2.67}, "geometry": {"type": "MultiPolygon", "coordinates": [[[[-7.969914, 41.874758], [-7.984476, 41.867762], [-7.989818, 41.861795], [-7.992101, 41.859034], [-7.992535, 41.858509], [-7.992659, 41.85836], [-7.995563, 41.848824], [-7.99461, 41.839809], [-7.989483, 41.830757], [-7.973192, 41.819906], [-7.961203, 41.816659], [-7.949166, 41.816531], [-7.93706, 41.8205], [-7.925204, 41.830174], [-7.920394, 41.839135], [-7.919179, 41.848131], [-7.92143, 41.857159], [-7.928426, 41.866231], [-7.938902, 41.873037], [-7.941618, 41.870891], [-7.951254, 41.871132], [-7.956367, 41.87339], [-7.956362, 41.875191], [-7.960878, 41.875648], [-7.962086, 41.874074], [-7.969914, 41.874758]], [[-7.948305, 41.869098], [-7.936324, 41.864959], [-7.927662, 41.857217], [-7.92335, 41.84817], [-7.923845, 41.839168], [-7.92914, 41.83021], [-7.937003, 41.823963], [-7.949103, 41.820329], [-7.961136, 41.82083], [-7.973108, 41.825162], [-7.980916, 41.830682], [-7.986015, 41.839733], [-7.986394, 41.848744], [-7.9819, 41.857711], [-7.972468, 41.865168], [-7.960354, 41.869142], [-7.948305, 41.869098]]], [[[-7.877664, 41.774238], [-7.888268, 41.766775], [-7.891406, 41.757798], [-7.88948, 41.748773], [-7.881251, 41.739686], [-7.878307, 41.737307], [-7.866345, 41.733708], [-7.854316, 41.733995], [-7.838263, 41.739259], [-7.8291, 41.748173], [-7.827319, 41.757162], [-7.831533, 41.766211], [-7.84159, 41.773015], [-7.853556, 41.776705], [-7.865583, 41.777035], [-7.877664, 41.774238]], [[-7.865613, 41.775321], [-7.853593, 41.774628], [-7.841656, 41.769338], [-7.837119, 41.766268], [-7.833302, 41.757223], [-7.836283, 41.748246], [-7.842122, 41.743439], [-7.854229, 41.738881], [-7.866262, 41.73846], [-7.878219, 41.742373], [-7.885082, 41.74873], [-7.887998, 41.757765], [-7.884818, 41.766741], [-7.877707, 41.771745], [-7.865613, 41.775321]]], [[[-8.444893, 41.706539], [-8.431791, 41.700722], [-8.419781, 41.699686], [-8.407739, 41.702315], [-8.397087, 41.707522], [-8.388935, 41.716486], [-8.387088, 41.725484], [-8.389014, 41.731211], [-8.393033, 41.729852], [-8.396404, 41.730519], [-8.393456, 41.725517], [-8.39414, 41.716514], [-8.402661, 41.707552], [-8.407714, 41.705081], [-8.419754, 41.702757], [-8.431755, 41.70475], [-8.437998, 41.70773], [-8.441364, 41.71195], [-8.444893, 41.706539]]], [[[-8.155156, 41.716747], [-8.155315, 41.704614], [-8.143425, 41.694858], [-8.140458, 41.696882], [-8.131354, 41.698878], [-8.123873, 41.705764], [-8.119145, 41.712839], [-8.114754, 41.714701], [-8.118554, 41.723738], [-8.130945, 41.729266], [-8.142993, 41.727377], [-8.155156, 41.716747]], [[-8.131032, 41.722793], [-8.122325, 41.714759], [-8.126999, 41.705788], [-8.131314, 41.701815], [-8.143351, 41.700476], [-8.150183, 41.705962], [-8.15027, 41.714969], [-8.143074, 41.721306], [-8.131032, 41.722793]]], [[[-8.107434, 41.690489], [-8.12318, 41.678738], [-8.12421, 41.669739], [-8.116973, 41.660676], [-8.107926, 41.654822], [-8.095952, 41.652302], [-8.083917, 41.654052], [-8.071779, 41.663028], [-8.067244, 41.66929], [-8.063309, 41.678265], [-8.063833, 41.687277], [-8.071306, 41.695955], [-8.083226, 41.702759], [-8.095268, 41.701144], [-8.098717, 41.696563], [-8.107434, 41.690489]], [[-8.083033, 41.696439], [-8.07139, 41.690083], [-8.06901, 41.687319], [-8.066661, 41.678293], [-8.07171, 41.667813], [-8.083843, 41.659319], [-8.095876, 41.657693], [-8.107823, 41.662303], [-8.115612, 41.669673], [-8.116032, 41.678683], [-8.095347, 41.695529], [-8.083033, 41.696439]]], [[[-8.106611, 41.615561], [-8.101725, 41.606515], [-8.096632, 41.60357], [-8.084643, 41.602792], [-8.077686, 41.606325], [-8.072041, 41.615287], [-8.077757, 41.62434], [-8.084277, 41.628644], [-8.096285, 41.628453], [-8.101732, 41.62453], [-8.106611, 41.615561]], [[-8.083346, 41.615377], [-8.084484, 41.614044], [-8.091286, 41.61544], [-8.084444, 41.616881], [-8.083346, 41.615377]]], [[[-8.361259, 41.540862], [-8.373322, 41.533139], [-8.379413, 41.527284], [-8.386186, 41.518313], [-8.390101, 41.509327], [-8.390615, 41.491315], [-8.386048, 41.454975], [-8.381431, 41.446228], [-8.374224, 41.439488], [-8.36231, 41.433795], [-8.338414, 41.429645], [-8.31446, 41.431232], [-8.297558, 41.436739], [-8.281118, 41.445645], [-8.270201, 41.454584], [-8.263283, 41.463547], [-8.259656, 41.472531], [-8.259878, 41.48154], [-8.265886, 41.493317], [-8.277094, 41.526687], [-8.284371, 41.535739], [-8.289345, 41.539176], [-8.301275, 41.544615], [-8.313232, 41.547674], [-8.337209, 41.547963], [-8.361259, 41.540862]], [[-8.337271, 41.541912], [-8.32528, 41.542087], [-8.31331, 41.540269], [-8.301371, 41.53569], [-8.289479, 41.526871], [-8.282977, 41.517716], [-8.269637, 41.481603], [-8.269527, 41.472595], [-8.272713, 41.463607], [-8.279919, 41.454645], [-8.290357, 41.446459], [-8.302397, 41.440071], [-8.326398, 41.434235], [-8.350324, 41.435425], [-8.362262, 41.438706], [-8.374165, 41.44563], [-8.381891, 41.455238], [-8.385066, 41.464263], [-8.387611, 41.482291], [-8.388322, 41.50031], [-8.386294, 41.509306], [-8.381667, 41.518289], [-8.373381, 41.527044], [-8.361317, 41.535016], [-8.349282, 41.539715], [-8.337271, 41.541912]]], [[[-8.733861, 41.309443], [-8.740123, 41.303476], [-8.741989, 41.294472], [-8.736955, 41.285453], [-8.733967, 41.283379], [-8.722044, 41.27907], [-8.7101, 41.279658], [-8.698185, 41.285358], [-8.693848, 41.294354], [-8.698039, 41.305765], [-8.709952, 41.312988], [-8.721896, 41.313835], [-8.733861, 41.309443]], [[-8.709991, 41.30435], [-8.704743, 41.294383], [-8.710061, 41.288377], [-8.722006, 41.287887], [-8.728694, 41.294442], [-8.724504, 41.303439], [-8.721935, 41.304749], [-8.709991, 41.30435]]]]}}, {"id": "13", "type": "Feature", "properties": {"fill": "#a3a3a3", "value_min": 0.33, "value_max": -0.67}, "geometry": {"type": "MultiPolygon", "coordinates": [[[[-7.888912, 41.856163], [-7.908025, 41.830012], [-7.91566, 41.81207], [-7.910441, 41.794007], [-7.901536, 41.785496], [-7.889528, 41.784001], [-7.853386, 41.786258], [-7.829261, 41.789337], [-7.812637, 41.793038], [-7.795305, 41.801864], [-7.78986, 41.810814], [-7.791131, 41.819834], [-7.79521, 41.828884], [-7.815961, 41.858053], [-7.827805, 41.869228], [-7.837117, 41.873177], [-7.840725, 41.874387], [-7.842531, 41.874589], [-7.841663, 41.866632], [-7.848911, 41.861823], [-7.840024, 41.859865], [-7.828099, 41.853088], [-7.821739, 41.847172], [-7.809017, 41.829028], [-7.806831, 41.819998], [-7.807973, 41.811003], [-7.814487, 41.802064], [-7.830359, 41.79322], [-7.841279, 41.790282], [-7.865412, 41.786745], [-7.889481, 41.786724], [-7.90144, 41.791137], [-7.904382, 41.79395], [-7.910114, 41.803011], [-7.91162, 41.812032], [-7.909667, 41.82102], [-7.900672, 41.836053], [-7.888397, 41.84943], [-7.881739, 41.853671], [-7.888912, 41.856163]]], [[[-7.858544, 41.862125], [-7.858544, 41.862125], [-7.854108, 41.862386], [-7.858544, 41.862125]]], [[[-7.727042, 41.802951], [-7.732689, 41.804277], [-7.744736, 41.803756], [-7.756867, 41.798934], [-7.762928, 41.792514], [-7.763425, 41.783512], [-7.758736, 41.774455], [-7.745475, 41.765889], [-7.738105, 41.764731], [-7.726937, 41.771755], [-7.7254, 41.777152], [-7.727191, 41.779184], [-7.724177, 41.780299], [-7.725372, 41.781653], [-7.722296, 41.792446], [-7.728879, 41.797871], [-7.727042, 41.802951]]], [[[-8.009987, 41.776154], [-8.022052, 41.77402], [-8.034171, 41.768219], [-8.043296, 41.759163], [-8.046445, 41.751797], [-8.047074, 41.741181], [-8.043919, 41.732148], [-8.035797, 41.723073], [-8.014377, 41.704877], [-8.013148, 41.69586], [-8.027118, 41.686972], [-8.035436, 41.683733], [-8.047594, 41.674055], [-8.055484, 41.660187], [-8.056081, 41.651185], [-8.052248, 41.642147], [-8.036276, 41.627424], [-8.024362, 41.621341], [-8.012416, 41.617579], [-8.000432, 41.616341], [-7.988414, 41.617326], [-7.972829, 41.62345], [-7.962607, 41.632365], [-7.957364, 41.641325], [-7.955773, 41.659325], [-7.96545, 41.686433], [-7.966989, 41.695454], [-7.957196, 41.713379], [-7.948489, 41.722307], [-7.926404, 41.73755], [-7.916331, 41.749029], [-7.913549, 41.75801], [-7.913928, 41.76702], [-7.925767, 41.775727], [-7.973869, 41.777471], [-8.009987, 41.776154]], [[-7.986065, 41.767071], [-7.961897, 41.773716], [-7.937826, 41.774141], [-7.925837, 41.77156], [-7.919738, 41.767075], [-7.91785, 41.75805], [-7.92135, 41.749076], [-7.926302, 41.743646], [-7.938462, 41.73555], [-7.96266, 41.726314], [-7.98699, 41.708243], [-7.999035, 41.70664], [-8.011012, 41.709438], [-8.022926, 41.716388], [-8.038512, 41.732103], [-8.040656, 41.741127], [-8.037873, 41.750111], [-8.034374, 41.754682], [-8.022224, 41.762725], [-8.010152, 41.765429], [-7.986065, 41.767071]], [[-8.023399, 41.685124], [-8.011347, 41.687561], [-7.999322, 41.688111], [-7.987378, 41.683545], [-7.980725, 41.677563], [-7.975047, 41.668505], [-7.97221, 41.659473], [-7.972839, 41.650471], [-7.977154, 41.641503], [-7.987027, 41.632583], [-8.000264, 41.627269], [-8.012283, 41.626312], [-8.024261, 41.628094], [-8.036186, 41.633453], [-8.047004, 41.642103], [-8.052472, 41.651155], [-8.052611, 41.660164], [-8.047654, 41.669958], [-8.035487, 41.680299], [-8.023399, 41.685124]]], [[[-8.227196, 41.724126], [-8.23927, 41.719832], [-8.256557, 41.706699], [-8.26769, 41.688757], [-8.268233, 41.679753], [-8.260984, 41.6707], [-8.251918, 41.665834], [-8.239951, 41.661986], [-8.227959, 41.660355], [-8.215939, 41.661115], [-8.203896, 41.66373], [-8.1918, 41.67045], [-8.183227, 41.67918], [-8.179601, 41.688162], [-8.179551, 41.697168], [-8.182707, 41.706198], [-8.191236, 41.715453], [-8.203174, 41.722191], [-8.215167, 41.724634], [-8.227196, 41.724126]], [[-8.239376, 41.710828], [-8.227272, 41.717793], [-8.215227, 41.719752], [-8.203231, 41.717584], [-8.191295, 41.710772], [-8.187088, 41.706229], [-8.183169, 41.697194], [-8.183872, 41.688192], [-8.191716, 41.677133], [-8.203808, 41.670849], [-8.215847, 41.668654], [-8.227843, 41.670071], [-8.239795, 41.675243], [-8.24527, 41.679604], [-8.249751, 41.688641], [-8.249293, 41.697645], [-8.244356, 41.70662], [-8.239376, 41.710828]]], [[[-8.39579, 41.694853], [-8.431928, 41.680679], [-8.449976, 41.671759], [-8.458925, 41.662795], [-8.460284, 41.653794], [-8.431054, 41.635639], [-8.425409, 41.626603], [-8.420668, 41.600826], [-8.408698, 41.597516], [-8.384672, 41.600348], [-8.360625, 41.605148], [-8.329454, 41.617076], [-8.315543, 41.626002], [-8.305748, 41.63495], [-8.29396, 41.652893], [-8.29122, 41.661883], [-8.291267, 41.67089], [-8.296885, 41.679932], [-8.307472, 41.689003], [-8.322695, 41.698101], [-8.335612, 41.703731], [-8.347606, 41.706215], [-8.359627, 41.70602], [-8.37167, 41.703644], [-8.39579, 41.694853]], [[-8.383755, 41.696693], [-8.35968, 41.700661], [-8.345871, 41.698235], [-8.32823, 41.689126], [-8.319539, 41.680068], [-8.315083, 41.671035], [-8.313949, 41.662021], [-8.31535, 41.653022], [-8.319658, 41.64404], [-8.327394, 41.635079], [-8.336387, 41.628223], [-8.348456, 41.621917], [-8.372517, 41.61643], [-8.384518, 41.61662], [-8.396495, 41.619358], [-8.408426, 41.627338], [-8.435024, 41.653673], [-8.438611, 41.662697], [-8.434256, 41.671683], [-8.422971, 41.680634], [-8.383755, 41.696693]]], [[[-8.767442, 41.580432], [-8.769874, 41.583874], [-8.768997, 41.58613], [-8.773228, 41.589482], [-8.774165, 41.593303], [-8.78556, 41.593464], [-8.797327, 41.600599], [-8.804218, 41.600109], [-8.80456, 41.604158], [-8.809434, 41.611332], [-8.828644, 41.609656], [-8.82839, 41.585633], [-8.818497, 41.554794], [-8.8221, 41.547542], [-8.821965, 41.534907], [-8.815926, 41.525624], [-8.814119, 41.517738], [-8.805931, 41.537802], [-8.79401, 41.555796], [-8.786118, 41.564789], [-8.767442, 41.580432]]], [[[-8.807879, 41.352119], [-8.793442, 41.357141], [-8.76952, 41.360563], [-8.745616, 41.358782], [-8.721732, 41.352392], [-8.697878, 41.340505], [-8.67066, 41.321313], [-8.654439, 41.30325], [-8.651697, 41.294234], [-8.652608, 41.285229], [-8.658001, 41.276238], [-8.669604, 41.267264], [-8.68631, 41.260358], [-8.710209, 41.254956], [-8.73409, 41.252935], [-8.757959, 41.253882], [-8.78333, 41.258526], [-8.804513, 41.266698], [-8.80373, 41.246803], [-8.769923, 41.246096], [-8.734111, 41.247859], [-8.698283, 41.252767], [-8.674912, 41.258271], [-8.653414, 41.267216], [-8.642086, 41.276189], [-8.637092, 41.285181], [-8.636811, 41.294188], [-8.641101, 41.30321], [-8.649994, 41.312245], [-8.776507, 41.411644], [-8.794842, 41.429693], [-8.803824, 41.441909], [-8.811193, 41.416638], [-8.807879, 41.352119]]], [[[-8.632416, 41.602368], [-8.612708, 41.593952], [-8.600759, 41.586015], [-8.58883, 41.575193], [-8.55833, 41.537118], [-8.547009, 41.510052], [-8.541159, 41.501021], [-8.497229, 41.464808], [-8.491317, 41.455774], [-8.489372, 41.446758], [-8.490297, 41.437755], [-8.502515, 41.392771], [-8.50195, 41.374753], [-8.497976, 41.35672], [-8.491467, 41.338677], [-8.481301, 41.320616], [-8.471053, 41.307892], [-8.434748, 41.270409], [-8.432691, 41.277107], [-8.427032, 41.279372], [-8.429143, 41.284319], [-8.426171, 41.287028], [-8.426488, 41.291079], [-8.425013, 41.294909], [-8.422037, 41.296942], [-8.422647, 41.299867], [-8.407744, 41.304856], [-8.406262, 41.307335], [-8.403277, 41.307342], [-8.401801, 41.311398], [-8.399712, 41.311628], [-8.400316, 41.313202], [-8.396738, 41.314336], [-8.398835, 41.316131], [-8.393775, 41.31997], [-8.393489, 41.323122], [-8.391105, 41.324253], [-8.386325, 41.323588], [-8.380382, 41.331254], [-8.375305, 41.33104], [-8.37201, 41.328346], [-8.361563, 41.329718], [-8.358276, 41.329049], [-8.357673, 41.327249], [-8.350207, 41.327264], [-8.346032, 41.328847], [-8.342462, 41.333131], [-8.333215, 41.336299], [-8.326363, 41.342163], [-8.324568, 41.341041], [-8.323376, 41.341943], [-8.320676, 41.338121], [-8.312604, 41.334983], [-8.313794, 41.333405], [-8.31139, 41.328007], [-8.307502, 41.325762], [-8.305116, 41.326891], [-8.303024, 41.325994], [-8.303615, 41.323742], [-8.301216, 41.319694], [-8.296431, 41.316774], [-8.297618, 41.313846], [-8.296116, 41.310022], [-8.292241, 41.312504], [-8.288374, 41.312959], [-8.300985, 41.32867], [-8.308257, 41.346729], [-8.308482, 41.355738], [-8.299821, 41.373701], [-8.286525, 41.391634], [-8.26555, 41.409517], [-8.242774, 41.420431], [-8.230771, 41.42354], [-8.20682, 41.424853], [-8.194873, 41.42325], [-8.178124, 41.417933], [-8.161181, 41.408803], [-8.149902, 41.399713], [-8.141762, 41.390645], [-8.13346, 41.374518], [-8.133418, 41.374427], [-8.133357, 41.374292], [-8.119672, 41.376768], [-8.119672, 41.378569], [-8.116683, 41.380144], [-8.117578, 41.386447], [-8.114589, 41.386446], [-8.112795, 41.390723], [-8.109806, 41.391289], [-8.131887, 41.408586], [-8.158976, 41.422923], [-8.182813, 41.430648], [-8.206723, 41.432874], [-8.230694, 41.430032], [-8.254721, 41.422126], [-8.302898, 41.393235], [-8.314887, 41.390595], [-8.350685, 41.39927], [-8.362634, 41.400658], [-8.386584, 41.398141], [-8.422563, 41.387812], [-8.434519, 41.388361], [-8.446416, 41.395889], [-8.450304, 41.401541], [-8.453576, 41.410564], [-8.454111, 41.419574], [-8.451799, 41.42857], [-8.444411, 41.437542], [-8.422014, 41.449757], [-8.409952, 41.459653], [-8.402614, 41.473363], [-8.401457, 41.482364], [-8.403794, 41.491384], [-8.40957, 41.501714], [-8.418358, 41.509473], [-8.421139, 41.518494], [-8.413027, 41.536468], [-8.409348, 41.554464], [-8.412705, 41.572496], [-8.420764, 41.590083], [-8.432723, 41.594478], [-8.444734, 41.593132], [-8.45676, 41.589858], [-8.468823, 41.581918], [-8.480919, 41.569405], [-8.49859, 41.54588], [-8.492936, 41.536848], [-8.458618, 41.518677], [-8.451751, 41.509637], [-8.457077, 41.500655], [-8.469589, 41.48818], [-8.481612, 41.482688], [-8.493588, 41.482961], [-8.505529, 41.487892], [-8.520713, 41.500938], [-8.525776, 41.509966], [-8.529238, 41.527995], [-8.534197, 41.537023], [-8.552999, 41.552801], [-8.567708, 41.573183], [-8.585157, 41.620315], [-8.585162, 41.620324], [-8.585288, 41.62054], [-8.591462, 41.620515], [-8.596534, 41.616668], [-8.601628, 41.615972], [-8.603996, 41.611686], [-8.613256, 41.606696], [-8.619881, 41.610269], [-8.621338, 41.604636], [-8.628833, 41.604378], [-8.632416, 41.602368]], [[-8.481034, 41.555005], [-8.468947, 41.566774], [-8.456914, 41.571393], [-8.444917, 41.571759], [-8.432954, 41.568168], [-8.427304, 41.563562], [-8.421185, 41.554524], [-8.419847, 41.54551], [-8.422213, 41.536515], [-8.433348, 41.523028], [-8.445356, 41.520413], [-8.457316, 41.523389], [-8.479619, 41.536789], [-8.484713, 41.545819], [-8.481034, 41.555005]], [[-8.455516, 41.49164], [-8.445519, 41.50122], [-8.433487, 41.507016], [-8.421525, 41.504712], [-8.409624, 41.495778], [-8.407057, 41.491401], [-8.404417, 41.48238], [-8.405976, 41.47338], [-8.40989, 41.466484], [-8.421942, 41.457887], [-8.433939, 41.455198], [-8.445908, 41.455572], [-8.457846, 41.459885], [-8.463735, 41.464656], [-8.465475, 41.473672], [-8.462277, 41.482665], [-8.455516, 41.49164]], [[-8.386745, 41.380977], [-8.385141, 41.383196], [-8.374712, 41.388655], [-8.362729, 41.390942], [-8.350789, 41.388772], [-8.339066, 41.38294], [-8.331265, 41.373888], [-8.329021, 41.364867], [-8.331783, 41.355875], [-8.33922, 41.350083], [-8.351218, 41.345602], [-8.363179, 41.344755], [-8.375105, 41.347565], [-8.386985, 41.355424], [-8.392187, 41.365218], [-8.391584, 41.374222], [-8.386745, 41.380977]]], [[[-8.075889, 41.555976], [-8.097237, 41.560192], [-8.109227, 41.560321], [-8.121241, 41.55877], [-8.133287, 41.55469], [-8.147428, 41.543813], [-8.15197, 41.534839], [-8.152348, 41.525835], [-8.148397, 41.516798], [-8.134977, 41.507691], [-8.110019, 41.502579], [-8.078333, 41.499108], [-8.078332, 41.500331], [-8.091803, 41.503937], [-8.0927, 41.505515], [-8.11527, 41.507541], [-8.133815, 41.515157], [-8.141281, 41.525753], [-8.140606, 41.534755], [-8.134314, 41.543715], [-8.121343, 41.551215], [-8.109317, 41.553795], [-8.097328, 41.553645], [-8.082187, 41.549359], [-8.079788, 41.551876], [-8.074097, 41.549848], [-8.072896, 41.552098], [-8.075889, 41.555976]]], [[[-8.66127, 41.485512], [-8.673243, 41.486554], [-8.681162, 41.48348], [-8.684769, 41.474482], [-8.67335, 41.465174], [-8.661369, 41.466498], [-8.654777, 41.474396], [-8.65785, 41.483413], [-8.66127, 41.485512]]]]}}, {"id": "3", "type": "Feature", "properties": {"fill": "#c33119", "value_min": -3.0, "value_max": -2.67}, "geometry": {"type": "MultiPolygon", "coordinates": [[[[-7.864718, 41.826059], [-7.876766, 41.825683], [-7.884212, 41.820776], [-7.888421, 41.81181], [-7.881686, 41.802738], [-7.877205, 41.800527], [-7.865169, 41.800466], [-7.859981, 41.802525], [-7.852205, 41.811454], [-7.855265, 41.820491], [-7.864718, 41.826059]], [[-7.864761, 41.823582], [-7.859587, 41.820534], [-7.855375, 41.811486], [-7.863753, 41.802562], [-7.877178, 41.802073], [-7.885569, 41.811782], [-7.880845, 41.820743], [-7.876806, 41.823405], [-7.864761, 41.823582]]], [[[-8.375227, 41.671377], [-8.383977, 41.673433], [-8.387913, 41.671446], [-8.388505, 41.662442], [-8.384107, 41.659822], [-8.37434, 41.662365], [-8.375227, 41.671377]]], [[[-8.686542, 41.211903], [-8.698477, 41.210574], [-8.70828, 41.204313], [-8.710481, 41.193292], [-8.705532, 41.186291], [-8.698606, 41.182325], [-8.686688, 41.181364], [-8.674821, 41.186208], [-8.670179, 41.195203], [-8.672326, 41.204217], [-8.686542, 41.211903]]]]}}, {"id": "14", "type": "Feature", "properties": {"fill": "#a3a3a3", "value_min": 0.67, "value_max": -1.0}, "geometry": {"type": "MultiPolygon", "coordinates": [[[[-8.585288, 41.62054], [-8.585288, 41.62054], [-8.585162, 41.620324], [-8.585288, 41.62054]]], [[[-8.585157, 41.620315], [-8.567708, 41.573183], [-8.552999, 41.552801], [-8.534197, 41.537023], [-8.529238, 41.527995], [-8.525776, 41.509966], [-8.520713, 41.500938], [-8.505529, 41.487892], [-8.493588, 41.482961], [-8.481612, 41.482688], [-8.469589, 41.48818], [-8.457077, 41.500655], [-8.451751, 41.509637], [-8.458618, 41.518677], [-8.492936, 41.536848], [-8.49859, 41.54588], [-8.480919, 41.569405], [-8.468823, 41.581918], [-8.45676, 41.589858], [-8.444734, 41.593132], [-8.432723, 41.594478], [-8.420764, 41.590083], [-8.412705, 41.572496], [-8.409348, 41.554464], [-8.413027, 41.536468], [-8.421139, 41.518494], [-8.418358, 41.509473], [-8.40957, 41.501714], [-8.403794, 41.491384], [-8.401457, 41.482364], [-8.402614, 41.473363], [-8.409952, 41.459653], [-8.422014, 41.449757], [-8.444411, 41.437542], [-8.451799, 41.42857], [-8.454111, 41.419574], [-8.453576, 41.410564], [-8.450304, 41.401541], [-8.446416, 41.395889], [-8.434519, 41.388361], [-8.422563, 41.387812], [-8.386584, 41.398141], [-8.362634, 41.400658], [-8.350685, 41.39927], [-8.314887, 41.390595], [-8.302898, 41.393235], [-8.254721, 41.422126], [-8.230694, 41.430032], [-8.206723, 41.432874], [-8.182813, 41.430648], [-8.158976, 41.422923], [-8.131887, 41.408586], [-8.109806, 41.391289], [-8.108011, 41.393648], [-8.103827, 41.392972], [-8.105321, 41.394998], [-8.10263, 41.395898], [-8.10801, 41.398825], [-8.108606, 41.403102], [-8.104419, 41.406252], [-8.104119, 41.408728], [-8.101727, 41.409403], [-8.102025, 41.411204], [-8.092756, 41.411201], [-8.09126, 41.414352], [-8.079893, 41.41975], [-8.077503, 41.416597], [-8.070923, 41.41862], [-8.066739, 41.416142], [-8.061654, 41.417489], [-8.059852, 41.424916], [-8.055959, 41.429415], [-8.057147, 41.436784], [-8.075098, 41.430574], [-8.099055, 41.429144], [-8.122946, 41.432446], [-8.17067, 41.444358], [-8.182632, 41.445044], [-8.206597, 41.4432], [-8.242617, 41.433979], [-8.302768, 41.405359], [-8.314756, 41.403088], [-8.398426, 41.411168], [-8.410353, 41.415377], [-8.415656, 41.419385], [-8.419692, 41.428413], [-8.418405, 41.437414], [-8.402557, 41.464355], [-8.399253, 41.473345], [-8.398496, 41.482349], [-8.400532, 41.491367], [-8.4089, 41.509425], [-8.410628, 41.518441], [-8.397114, 41.552875], [-8.386385, 41.572358], [-8.372845, 41.582573], [-8.30729, 41.607938], [-8.259069, 41.634659], [-8.216101, 41.647773], [-8.204025, 41.653238], [-8.191922, 41.660715], [-8.179755, 41.672982], [-8.174051, 41.688122], [-8.174796, 41.697134], [-8.179306, 41.708359], [-8.19116, 41.721581], [-8.203095, 41.728647], [-8.215071, 41.732526], [-8.227088, 41.733115], [-8.239151, 41.729872], [-8.275465, 41.708292], [-8.287524, 41.704767], [-8.299539, 41.705153], [-8.335494, 41.715195], [-8.34751, 41.715668], [-8.359555, 41.713254], [-8.391803, 41.698488], [-8.431927, 41.685172], [-8.455989, 41.681606], [-8.482008, 41.681461], [-8.484371, 41.674238], [-8.49308, 41.674886], [-8.499963, 41.671038], [-8.50927, 41.671233], [-8.51018, 41.672806], [-8.511967, 41.670324], [-8.509856, 41.668755], [-8.522103, 41.658811], [-8.525706, 41.659023], [-8.527769, 41.652714], [-8.534066, 41.652017], [-8.537355, 41.64998], [-8.537634, 41.646602], [-8.543876, 41.637352], [-8.543855, 41.633976], [-8.536342, 41.631977], [-8.535128, 41.62973], [-8.543431, 41.61462], [-8.554533, 41.615255], [-8.557244, 41.617046], [-8.562639, 41.61635], [-8.568056, 41.619031], [-8.570735, 41.616095], [-8.577321, 41.614269], [-8.581231, 41.615829], [-8.585157, 41.620315]], [[-8.227196, 41.724126], [-8.215167, 41.724634], [-8.203174, 41.722191], [-8.191236, 41.715453], [-8.182707, 41.706198], [-8.179551, 41.697168], [-8.179601, 41.688162], [-8.183227, 41.67918], [-8.1918, 41.67045], [-8.203896, 41.66373], [-8.215939, 41.661115], [-8.227959, 41.660355], [-8.239951, 41.661986], [-8.251918, 41.665834], [-8.260984, 41.6707], [-8.268233, 41.679753], [-8.26769, 41.688757], [-8.256557, 41.706699], [-8.23927, 41.719832], [-8.227196, 41.724126]], [[-8.39579, 41.694853], [-8.37167, 41.703644], [-8.359627, 41.70602], [-8.347606, 41.706215], [-8.335612, 41.703731], [-8.322695, 41.698101], [-8.307472, 41.689003], [-8.296885, 41.679932], [-8.291267, 41.67089], [-8.29122, 41.661883], [-8.29396, 41.652893], [-8.305748, 41.63495], [-8.315543, 41.626002], [-8.329454, 41.617076], [-8.360625, 41.605148], [-8.384672, 41.600348], [-8.408698, 41.597516], [-8.420668, 41.600826], [-8.425409, 41.626603], [-8.431054, 41.635639], [-8.460284, 41.653794], [-8.458925, 41.662795], [-8.449976, 41.671759], [-8.431928, 41.680679], [-8.39579, 41.694853]], [[-8.516637, 41.604924], [-8.502907, 41.599943], [-8.492745, 41.590911], [-8.489619, 41.58187], [-8.491416, 41.572871], [-8.497795, 41.563892], [-8.504997, 41.557624], [-8.517023, 41.553116], [-8.529007, 41.554147], [-8.540953, 41.560473], [-8.550006, 41.573115], [-8.550936, 41.582126], [-8.547791, 41.591121], [-8.540681, 41.598888], [-8.528641, 41.604397], [-8.516637, 41.604924]], [[-8.493248, 41.526565], [-8.481271, 41.525456], [-8.469332, 41.519702], [-8.463028, 41.50969], [-8.469498, 41.499329], [-8.481522, 41.493991], [-8.493495, 41.494948], [-8.503453, 41.500865], [-8.508979, 41.509896], [-8.507294, 41.518896], [-8.493248, 41.526565]]], [[[-8.078278, 41.566116], [-8.097131, 41.567785], [-8.121123, 41.567416], [-8.133143, 41.56549], [-8.145188, 41.561554], [-8.158642, 41.552903], [-8.165067, 41.543942], [-8.167344, 41.525944], [-8.165124, 41.516921], [-8.159585, 41.507873], [-8.14599, 41.500645], [-8.108743, 41.498483], [-8.081735, 41.489263], [-8.067872, 41.480477], [-8.066069, 41.48817], [-8.072054, 41.490199], [-8.07175, 41.494925], [-8.078333, 41.499108], [-8.110019, 41.502579], [-8.134977, 41.507691], [-8.148397, 41.516798], [-8.152348, 41.525835], [-8.15197, 41.534839], [-8.147428, 41.543813], [-8.133287, 41.55469], [-8.121241, 41.55877], [-8.109227, 41.560321], [-8.097237, 41.560192], [-8.075889, 41.555976], [-8.076787, 41.557727], [-8.079783, 41.558403], [-8.082177, 41.563131], [-8.081576, 41.565157], [-8.078879, 41.56493], [-8.078278, 41.566116]]], [[[-7.894899, 41.859326], [-7.920613, 41.812117], [-7.916343, 41.785056], [-7.925683, 41.780791], [-7.93775, 41.778759], [-7.94978, 41.778942], [-7.997749, 41.789391], [-8.021804, 41.790366], [-8.033871, 41.788207], [-8.045993, 41.782321], [-8.051304, 41.777243], [-8.056654, 41.768281], [-8.058801, 41.759291], [-8.056538, 41.741259], [-8.051299, 41.732209], [-8.03073, 41.714023], [-8.023995, 41.704959], [-8.024621, 41.695958], [-8.047533, 41.678159], [-8.054343, 41.669185], [-8.058358, 41.660211], [-8.059692, 41.651215], [-8.057514, 41.64219], [-8.048237, 41.630377], [-8.0364, 41.619072], [-8.016173, 41.603549], [-8.005971, 41.60629], [-8.003562, 41.611239], [-7.998761, 41.612809], [-7.999669, 41.608759], [-7.996976, 41.605829], [-7.996684, 41.602003], [-7.984685, 41.603564], [-7.982292, 41.60086], [-7.975689, 41.603552], [-7.974482, 41.606701], [-7.970882, 41.607147], [-7.969091, 41.603768], [-7.965796, 41.602413], [-7.9541, 41.602846], [-7.952606, 41.600592], [-7.947808, 41.60081], [-7.945413, 41.599456], [-7.942725, 41.595625], [-7.936733, 41.594264], [-7.936125, 41.596964], [-7.938214, 41.600344], [-7.937004, 41.603718], [-7.931604, 41.604384], [-7.930073, 41.614735], [-7.925255, 41.620579], [-7.921776, 41.620798], [-7.922896, 41.641007], [-7.941214, 41.686212], [-7.943186, 41.704245], [-7.940342, 41.713225], [-7.934947, 41.722182], [-7.916723, 41.740026], [-7.910972, 41.748978], [-7.905217, 41.775944], [-7.889584, 41.78075], [-7.865466, 41.783654], [-7.829341, 41.784938], [-7.805298, 41.783611], [-7.793334, 41.779887], [-7.769686, 41.757998], [-7.754142, 41.746953], [-7.748417, 41.749321], [-7.747786, 41.754496], [-7.743866, 41.756509], [-7.743242, 41.760333], [-7.738105, 41.764731], [-7.745475, 41.765889], [-7.758736, 41.774455], [-7.763425, 41.783512], [-7.762928, 41.792514], [-7.756867, 41.798934], [-7.744736, 41.803756], [-7.732689, 41.804277], [-7.727042, 41.802951], [-7.72995, 41.819031], [-7.73594, 41.823554], [-7.743449, 41.825763], [-7.756348, 41.825757], [-7.768337, 41.828537], [-7.780258, 41.834869], [-7.791896, 41.846862], [-7.797364, 41.855926], [-7.803866, 41.874408], [-7.804914, 41.869459], [-7.813032, 41.871958], [-7.814229, 41.873537], [-7.823863, 41.874013], [-7.825059, 41.875817], [-7.830479, 41.875831], [-7.830789, 41.874031], [-7.832894, 41.874712], [-7.837117, 41.873177], [-7.827805, 41.869228], [-7.815961, 41.858053], [-7.79521, 41.828884], [-7.791131, 41.819834], [-7.78986, 41.810814], [-7.795305, 41.801864], [-7.812637, 41.793038], [-7.829261, 41.789337], [-7.853386, 41.786258], [-7.889528, 41.784001], [-7.901536, 41.785496], [-7.910441, 41.794007], [-7.91566, 41.81207], [-7.908025, 41.830012], [-7.888912, 41.856163], [-7.891675, 41.859094], [-7.894899, 41.859326]], [[-8.009987, 41.776154], [-7.973869, 41.777471], [-7.925767, 41.775727], [-7.913928, 41.76702], [-7.913549, 41.75801], [-7.916331, 41.749029], [-7.926404, 41.73755], [-7.948489, 41.722307], [-7.957196, 41.713379], [-7.966989, 41.695454], [-7.96545, 41.686433], [-7.955773, 41.659325], [-7.957364, 41.641325], [-7.962607, 41.632365], [-7.972829, 41.62345], [-7.988414, 41.617326], [-8.000432, 41.616341], [-8.012416, 41.617579], [-8.024362, 41.621341], [-8.036276, 41.627424], [-8.052248, 41.642147], [-8.056081, 41.651185], [-8.055484, 41.660187], [-8.047594, 41.674055], [-8.035436, 41.683733], [-8.027118, 41.686972], [-8.013148, 41.69586], [-8.014377, 41.704877], [-8.035797, 41.723073], [-8.043919, 41.732148], [-8.047074, 41.741181], [-8.046445, 41.751797], [-8.043296, 41.759163], [-8.034171, 41.768219], [-8.022052, 41.77402], [-8.009987, 41.776154]]], [[[-7.842531, 41.874589], [-7.842531, 41.874589], [-7.840725, 41.874387], [-7.842531, 41.874589]]], [[[-8.804513, 41.266698], [-8.78333, 41.258526], [-8.757959, 41.253882], [-8.73409, 41.252935], [-8.710209, 41.254956], [-8.68631, 41.260358], [-8.669604, 41.267264], [-8.658001, 41.276238], [-8.652608, 41.285229], [-8.651697, 41.294234], [-8.654439, 41.30325], [-8.67066, 41.321313], [-8.697878, 41.340505], [-8.721732, 41.352392], [-8.745616, 41.358782], [-8.76952, 41.360563], [-8.793442, 41.357141], [-8.807879, 41.352119], [-8.804513, 41.266698]], [[-8.745672, 41.344349], [-8.721775, 41.342148], [-8.709839, 41.338472], [-8.685996, 41.326048], [-8.670227, 41.312304], [-8.664423, 41.30328], [-8.662342, 41.294266], [-8.663763, 41.285262], [-8.669703, 41.276272], [-8.682702, 41.267301], [-8.698242, 41.26174], [-8.71019, 41.259245], [-8.73407, 41.258009], [-8.746003, 41.259148], [-8.75793, 41.261664], [-8.774222, 41.267517], [-8.787916, 41.27655], [-8.79558, 41.285572], [-8.799938, 41.294587], [-8.801125, 41.303597], [-8.79954, 41.312602], [-8.794642, 41.321601], [-8.786025, 41.330593], [-8.769594, 41.339476], [-8.75763, 41.342918], [-8.745672, 41.344349]]]]}}, {"id": "20", "type": "Feature", "properties": {"fill": "#2e6eed", "value_min": 2.67, "value_max": -3.0}, "geometry": {"type": "MultiPolygon", "coordinates": [[[[-7.948305, 41.869098], [-7.960354, 41.869142], [-7.972468, 41.865168], [-7.9819, 41.857711], [-7.986394, 41.848744], [-7.986015, 41.839733], [-7.980916, 41.830682], [-7.973108, 41.825162], [-7.961136, 41.82083], [-7.949103, 41.820329], [-7.937003, 41.823963], [-7.92914, 41.83021], [-7.923845, 41.839168], [-7.92335, 41.84817], [-7.927662, 41.857217], [-7.936324, 41.864959], [-7.948305, 41.869098]], [[-7.948397, 41.863461], [-7.934343, 41.857279], [-7.92778, 41.848211], [-7.927428, 41.839201], [-7.933076, 41.830247], [-7.93695, 41.827169], [-7.949054, 41.823361], [-7.96108, 41.824291], [-7.973555, 41.830616], [-7.979554, 41.839676], [-7.978963, 41.848678], [-7.971725, 41.85762], [-7.960455, 41.862929], [-7.948397, 41.863461]]], [[[-7.865613, 41.775321], [-7.877707, 41.771745], [-7.884818, 41.766741], [-7.887998, 41.757765], [-7.885082, 41.74873], [-7.878219, 41.742373], [-7.866262, 41.73846], [-7.854229, 41.738881], [-7.842122, 41.743439], [-7.836283, 41.748246], [-7.833302, 41.757223], [-7.837119, 41.766268], [-7.841656, 41.769338], [-7.853593, 41.774628], [-7.865613, 41.775321]], [[-7.865652, 41.773129], [-7.853635, 41.772262], [-7.842521, 41.766323], [-7.838391, 41.757274], [-7.843052, 41.748314], [-7.854167, 41.742372], [-7.866206, 41.741666], [-7.87815, 41.74634], [-7.884934, 41.757735], [-7.881367, 41.766708], [-7.877751, 41.769253], [-7.865652, 41.773129]]], [[[-8.441364, 41.71195], [-8.437998, 41.70773], [-8.431755, 41.70475], [-8.419754, 41.702757], [-8.407714, 41.705081], [-8.402661, 41.707552], [-8.39414, 41.716514], [-8.393456, 41.725517], [-8.396404, 41.730519], [-8.401729, 41.72668], [-8.399802, 41.716544], [-8.409396, 41.707586], [-8.419726, 41.705829], [-8.427975, 41.70768], [-8.435846, 41.714666], [-8.441333, 41.714201], [-8.441364, 41.71195]]], [[[-8.131032, 41.722793], [-8.143074, 41.721306], [-8.15027, 41.714969], [-8.150183, 41.705962], [-8.143351, 41.700476], [-8.131314, 41.701815], [-8.126999, 41.705788], [-8.122325, 41.714759], [-8.131032, 41.722793]], [[-8.131096, 41.718003], [-8.127626, 41.7148], [-8.130125, 41.705812], [-8.131275, 41.704753], [-8.143289, 41.7051], [-8.144429, 41.714926], [-8.131096, 41.718003]]], [[[-8.083033, 41.696439], [-8.095347, 41.695529], [-8.116032, 41.678683], [-8.115612, 41.669673], [-8.107823, 41.662303], [-8.095876, 41.657693], [-8.083843, 41.659319], [-8.07171, 41.667813], [-8.066661, 41.678293], [-8.06901, 41.687319], [-8.07139, 41.690083], [-8.083033, 41.696439]], [[-8.083355, 41.693731], [-8.073718, 41.687357], [-8.070015, 41.67832], [-8.074504, 41.669349], [-8.083794, 41.662774], [-8.095816, 41.66199], [-8.109089, 41.669622], [-8.111202, 41.678646], [-8.102945, 41.687589], [-8.095383, 41.692956], [-8.083355, 41.693731]]], [[[-8.083346, 41.615377], [-8.084444, 41.616881], [-8.091286, 41.61544], [-8.084484, 41.614044], [-8.083346, 41.615377]]], [[[-8.337271, 41.541912], [-8.349282, 41.539715], [-8.361317, 41.535016], [-8.373381, 41.527044], [-8.381667, 41.518289], [-8.386294, 41.509306], [-8.388322, 41.50031], [-8.387611, 41.482291], [-8.385066, 41.464263], [-8.381891, 41.455238], [-8.374165, 41.44563], [-8.362262, 41.438706], [-8.350324, 41.435425], [-8.326398, 41.434235], [-8.302397, 41.440071], [-8.290357, 41.446459], [-8.279919, 41.454645], [-8.272713, 41.463607], [-8.269527, 41.472595], [-8.269637, 41.481603], [-8.282977, 41.517716], [-8.289479, 41.526871], [-8.301371, 41.53569], [-8.31331, 41.540269], [-8.32528, 41.542087], [-8.337271, 41.541912]], [[-8.325339, 41.536428], [-8.313376, 41.534069], [-8.30145, 41.528295], [-8.290799, 41.517765], [-8.285473, 41.508724], [-8.27885, 41.490668], [-8.277091, 41.472642], [-8.280436, 41.463656], [-8.287951, 41.454695], [-8.302342, 41.445213], [-8.314362, 41.440558], [-8.326355, 41.438361], [-8.350286, 41.439292], [-8.36222, 41.442959], [-8.374115, 41.450875], [-8.377637, 41.455215], [-8.382245, 41.464248], [-8.385751, 41.486465], [-8.385462, 41.500295], [-8.383011, 41.509289], [-8.37726, 41.518265], [-8.361361, 41.530518], [-8.349331, 41.534847], [-8.337324, 41.536672], [-8.325339, 41.536428]]], [[[-8.709991, 41.30435], [-8.721935, 41.304749], [-8.724504, 41.303439], [-8.728694, 41.294442], [-8.722006, 41.287887], [-8.710061, 41.288377], [-8.704743, 41.294383], [-8.709991, 41.30435]]]]}}, {"id": "15", "type": "Feature", "properties": {"fill": "#97a3b2", "value_min": 1.0, "value_max": -1.33}, "geometry": {"type": "MultiPolygon", "coordinates": [[[[-8.482008, 41.681461], [-8.455989, 41.681606], [-8.431927, 41.685172], [-8.391803, 41.698488], [-8.359555, 41.713254], [-8.34751, 41.715668], [-8.335494, 41.715195], [-8.299539, 41.705153], [-8.287524, 41.704767], [-8.275465, 41.708292], [-8.239151, 41.729872], [-8.227088, 41.733115], [-8.215071, 41.732526], [-8.203095, 41.728647], [-8.19116, 41.721581], [-8.179306, 41.708359], [-8.174796, 41.697134], [-8.174051, 41.688122], [-8.179755, 41.672982], [-8.191922, 41.660715], [-8.204025, 41.653238], [-8.216101, 41.647773], [-8.259069, 41.634659], [-8.30729, 41.607938], [-8.372845, 41.582573], [-8.386385, 41.572358], [-8.397114, 41.552875], [-8.410628, 41.518441], [-8.4089, 41.509425], [-8.400532, 41.491367], [-8.398496, 41.482349], [-8.399253, 41.473345], [-8.402557, 41.464355], [-8.418405, 41.437414], [-8.419692, 41.428413], [-8.415656, 41.419385], [-8.410353, 41.415377], [-8.398426, 41.411168], [-8.314756, 41.403088], [-8.302768, 41.405359], [-8.242617, 41.433979], [-8.206597, 41.4432], [-8.182632, 41.445044], [-8.17067, 41.444358], [-8.122946, 41.432446], [-8.099055, 41.429144], [-8.075098, 41.430574], [-8.057147, 41.436784], [-8.057743, 41.438645], [-8.061033, 41.438872], [-8.064916, 41.444052], [-8.067908, 41.444279], [-8.069999, 41.447206], [-8.068788, 41.462286], [-8.073872, 41.46499], [-8.074164, 41.473543], [-8.067872, 41.480477], [-8.081735, 41.489263], [-8.108743, 41.498483], [-8.14599, 41.500645], [-8.159585, 41.507873], [-8.165124, 41.516921], [-8.167344, 41.525944], [-8.165067, 41.543942], [-8.158642, 41.552903], [-8.145188, 41.561554], [-8.133143, 41.56549], [-8.121123, 41.567416], [-8.097131, 41.567785], [-8.078278, 41.566116], [-8.069883, 41.570103], [-8.068081, 41.573478], [-8.062384, 41.575501], [-8.057584, 41.579324], [-8.073019, 41.576529], [-8.08502, 41.576082], [-8.132971, 41.578319], [-8.156966, 41.578034], [-8.168979, 41.576706], [-8.181022, 41.57296], [-8.18402, 41.5711], [-8.190041, 41.562135], [-8.191247, 41.553137], [-8.182158, 41.499029], [-8.182674, 41.481018], [-8.187366, 41.472043], [-8.19839, 41.463113], [-8.302671, 41.414476], [-8.314661, 41.412125], [-8.32663, 41.411787], [-8.362487, 41.415699], [-8.38131, 41.419205], [-8.398273, 41.427715], [-8.403702, 41.437339], [-8.403631, 41.446346], [-8.39793, 41.464898], [-8.396157, 41.482336], [-8.397672, 41.492733], [-8.403352, 41.509396], [-8.403257, 41.518403], [-8.397306, 41.532186], [-8.385139, 41.551205], [-8.373034, 41.563029], [-8.360966, 41.570614], [-8.34892, 41.575757], [-8.324858, 41.582658], [-8.300811, 41.587607], [-8.240727, 41.595842], [-8.228692, 41.598865], [-8.216597, 41.606828], [-8.197853, 41.634248], [-8.179978, 41.655416], [-8.170901, 41.670085], [-8.168591, 41.679075], [-8.170009, 41.6971], [-8.177148, 41.715165], [-8.184378, 41.724224], [-8.214862, 41.749668], [-8.226865, 41.751728], [-8.238957, 41.746336], [-8.25336, 41.7337], [-8.275316, 41.721603], [-8.287364, 41.719256], [-8.299379, 41.719865], [-8.311367, 41.723058], [-8.335316, 41.732434], [-8.347343, 41.732186], [-8.380144, 41.707432], [-8.407808, 41.694765], [-8.419855, 41.691447], [-8.443908, 41.689292], [-8.464653, 41.692913], [-8.482008, 41.681461]], [[-8.122128, 41.493161], [-8.110157, 41.492473], [-8.101372, 41.489418], [-8.093501, 41.480349], [-8.094108, 41.471347], [-8.09855, 41.465636], [-8.110604, 41.459828], [-8.12258, 41.459678], [-8.131468, 41.462628], [-8.142846, 41.47172], [-8.143534, 41.480733], [-8.135123, 41.489677], [-8.122128, 41.493161]]], [[[-7.754142, 41.746953], [-7.769686, 41.757998], [-7.793334, 41.779887], [-7.805298, 41.783611], [-7.829341, 41.784938], [-7.865466, 41.783654], [-7.889584, 41.78075], [-7.905217, 41.775944], [-7.910972, 41.748978], [-7.916723, 41.740026], [-7.934947, 41.722182], [-7.940342, 41.713225], [-7.943186, 41.704245], [-7.941214, 41.686212], [-7.922896, 41.641007], [-7.921776, 41.620798], [-7.917748, 41.623041], [-7.915933, 41.627764], [-7.913229, 41.628885], [-7.912613, 41.63361], [-7.906014, 41.633147], [-7.906884, 41.641927], [-7.897869, 41.645511], [-7.89696, 41.647985], [-7.892759, 41.647976], [-7.892145, 41.651576], [-7.902319, 41.659925], [-7.899913, 41.66127], [-7.900198, 41.665547], [-7.894609, 41.668912], [-7.915276, 41.684225], [-7.923748, 41.695057], [-7.927604, 41.7041], [-7.927925, 41.71311], [-7.924518, 41.722085], [-7.908934, 41.739952], [-7.901676, 41.766904], [-7.894495, 41.775841], [-7.877555, 41.780474], [-7.853453, 41.782482], [-7.829423, 41.780436], [-7.811267, 41.77501], [-7.799051, 41.765877], [-7.792023, 41.756796], [-7.774993, 41.726368], [-7.773485, 41.727345], [-7.770798, 41.72441], [-7.766599, 41.723047], [-7.763888, 41.724389], [-7.761765, 41.727758], [-7.762933, 41.733839], [-7.759307, 41.737203], [-7.759597, 41.739005], [-7.75689, 41.739446], [-7.758687, 41.740577], [-7.757758, 41.745301], [-7.754142, 41.746953]]], [[[-8.016173, 41.603549], [-8.0364, 41.619072], [-8.048237, 41.630377], [-8.057514, 41.64219], [-8.059692, 41.651215], [-8.058358, 41.660211], [-8.054343, 41.669185], [-8.047533, 41.678159], [-8.024621, 41.695958], [-8.023995, 41.704959], [-8.03073, 41.714023], [-8.051299, 41.732209], [-8.056538, 41.741259], [-8.058801, 41.759291], [-8.056654, 41.768281], [-8.051304, 41.777243], [-8.045993, 41.782321], [-8.033871, 41.788207], [-8.021804, 41.790366], [-7.997749, 41.789391], [-7.94978, 41.778942], [-7.93775, 41.778759], [-7.925683, 41.780791], [-7.916343, 41.785056], [-7.920613, 41.812117], [-7.894899, 41.859326], [-7.898893, 41.86136], [-7.902561, 41.861142], [-7.909796, 41.839035], [-7.925886, 41.812167], [-7.926541, 41.803166], [-7.923691, 41.794132], [-7.926798, 41.785155], [-7.937706, 41.781428], [-7.949738, 41.781475], [-7.962844, 41.785486], [-7.973604, 41.794058], [-7.985559, 41.799209], [-8.05069, 41.820005], [-8.057314, 41.815656], [-8.06664, 41.817012], [-8.072961, 41.813414], [-8.078678, 41.813417], [-8.082892, 41.810493], [-8.091013, 41.812521], [-8.093421, 41.811397], [-8.093723, 41.808471], [-8.097455, 41.809147], [-8.091798, 41.786578], [-8.076011, 41.750424], [-8.06238, 41.7323], [-8.036815, 41.714074], [-8.030546, 41.705015], [-8.032499, 41.696024], [-8.04745, 41.683782], [-8.051719, 41.67817], [-8.064984, 41.651258], [-8.063888, 41.642242], [-8.043894, 41.615056], [-8.039929, 41.606016], [-8.039193, 41.598218], [-8.031467, 41.602938], [-8.02367, 41.603156], [-8.019174, 41.601802], [-8.016173, 41.603549]]], [[[-7.803866, 41.874408], [-7.797364, 41.855926], [-7.791896, 41.846862], [-7.780258, 41.834869], [-7.768337, 41.828537], [-7.756348, 41.825757], [-7.743449, 41.825763], [-7.738918, 41.82874], [-7.742196, 41.833928], [-7.74729, 41.837772], [-7.74577, 41.840242], [-7.746949, 41.844441], [-7.756009, 41.84327], [-7.768002, 41.845994], [-7.777923, 41.855721], [-7.779754, 41.864747], [-7.774913, 41.873702], [-7.767348, 41.880026], [-7.755235, 41.883165], [-7.743211, 41.881747], [-7.729939, 41.872373], [-7.729293, 41.875972], [-7.720533, 41.880218], [-7.720523, 41.881793], [-7.725335, 41.882935], [-7.726208, 41.887665], [-7.737044, 41.888828], [-7.73944, 41.891087], [-7.74246, 41.889747], [-7.742785, 41.885922], [-7.756022, 41.888441], [-7.758719, 41.890926], [-7.756592, 41.89407], [-7.758076, 41.897901], [-7.763193, 41.898593], [-7.779227, 41.886264], [-7.785257, 41.885157], [-7.788886, 41.882467], [-7.794309, 41.882033], [-7.796739, 41.878214], [-7.794954, 41.873932], [-7.803866, 41.874408]]], [[[-8.056684, 41.579726], [-8.056684, 41.579726], [-8.057079, 41.579549], [-8.056684, 41.579726]]], [[[-8.516637, 41.604924], [-8.528641, 41.604397], [-8.540681, 41.598888], [-8.547791, 41.591121], [-8.550936, 41.582126], [-8.550006, 41.573115], [-8.540953, 41.560473], [-8.529007, 41.554147], [-8.517023, 41.553116], [-8.504997, 41.557624], [-8.497795, 41.563892], [-8.491416, 41.572871], [-8.489619, 41.58187], [-8.492745, 41.590911], [-8.502907, 41.599943], [-8.516637, 41.604924]], [[-8.516775, 41.586389], [-8.507921, 41.58195], [-8.504799, 41.572929], [-8.516934, 41.565128], [-8.528898, 41.569115], [-8.532331, 41.573044], [-8.528794, 41.583364], [-8.516775, 41.586389]]], [[[-8.493248, 41.526565], [-8.507294, 41.518896], [-8.508979, 41.509896], [-8.503453, 41.500865], [-8.493495, 41.494948], [-8.481522, 41.493991], [-8.469498, 41.499329], [-8.463028, 41.50969], [-8.469332, 41.519702], [-8.481271, 41.525456], [-8.493248, 41.526565]], [[-8.479813, 41.518775], [-8.474049, 41.509741], [-8.481443, 41.503818], [-8.493393, 41.50799], [-8.494962, 41.509835], [-8.49335, 41.51351], [-8.486262, 41.518804], [-8.479813, 41.518775]]], [[[-8.745672, 41.344349], [-8.75763, 41.342918], [-8.769594, 41.339476], [-8.786025, 41.330593], [-8.794642, 41.321601], [-8.79954, 41.312602], [-8.801125, 41.303597], [-8.799938, 41.294587], [-8.79558, 41.285572], [-8.787916, 41.27655], [-8.774222, 41.267517], [-8.75793, 41.261664], [-8.746003, 41.259148], [-8.73407, 41.258009], [-8.71019, 41.259245], [-8.698242, 41.26174], [-8.682702, 41.267301], [-8.669703, 41.276272], [-8.663763, 41.285262], [-8.662342, 41.294266], [-8.664423, 41.30328], [-8.670227, 41.312304], [-8.685996, 41.326048], [-8.709839, 41.338472], [-8.721775, 41.342148], [-8.745672, 41.344349]], [[-8.733758, 41.334779], [-8.721809, 41.334238], [-8.70987, 41.331587], [-8.697941, 41.326867], [-8.686028, 41.319241], [-8.678513, 41.312328], [-8.672665, 41.303304], [-8.670638, 41.29429], [-8.672816, 41.285289], [-8.679802, 41.2763], [-8.69822, 41.266475], [-8.722113, 41.262757], [-8.745977, 41.265648], [-8.757899, 41.270276], [-8.768046, 41.276512], [-8.776202, 41.285536], [-8.779718, 41.294551], [-8.779953, 41.303559], [-8.776982, 41.312561], [-8.769658, 41.321377], [-8.754257, 41.33053], [-8.733758, 41.334779]]]]}}, {"id": "16", "type": "Feature", "properties": {"fill": "#80a4d0", "value_min": 1.33, "value_max": -1.67}, "geometry": {"type": "MultiPolygon", "coordinates": [[[[-8.464653, 41.692913], [-8.443908, 41.689292], [-8.419855, 41.691447], [-8.407808, 41.694765], [-8.380144, 41.707432], [-8.347343, 41.732186], [-8.335316, 41.732434], [-8.311367, 41.723058], [-8.299379, 41.719865], [-8.287364, 41.719256], [-8.275316, 41.721603], [-8.25336, 41.7337], [-8.238957, 41.746336], [-8.226865, 41.751728], [-8.214862, 41.749668], [-8.184378, 41.724224], [-8.177148, 41.715165], [-8.170009, 41.6971], [-8.168591, 41.679075], [-8.170901, 41.670085], [-8.179978, 41.655416], [-8.197853, 41.634248], [-8.216597, 41.606828], [-8.228692, 41.598865], [-8.240727, 41.595842], [-8.300811, 41.587607], [-8.324858, 41.582658], [-8.34892, 41.575757], [-8.360966, 41.570614], [-8.373034, 41.563029], [-8.385139, 41.551205], [-8.397306, 41.532186], [-8.403257, 41.518403], [-8.403352, 41.509396], [-8.397672, 41.492733], [-8.396157, 41.482336], [-8.39793, 41.464898], [-8.403631, 41.446346], [-8.403702, 41.437339], [-8.398273, 41.427715], [-8.38131, 41.419205], [-8.362487, 41.415699], [-8.32663, 41.411787], [-8.314661, 41.412125], [-8.302671, 41.414476], [-8.19839, 41.463113], [-8.187366, 41.472043], [-8.182674, 41.481018], [-8.182158, 41.499029], [-8.191247, 41.553137], [-8.190041, 41.562135], [-8.18402, 41.5711], [-8.181022, 41.57296], [-8.168979, 41.576706], [-8.156966, 41.578034], [-8.132971, 41.578319], [-8.08502, 41.576082], [-8.073019, 41.576529], [-8.057584, 41.579324], [-8.057079, 41.579549], [-8.056684, 41.579726], [-8.052181, 41.584498], [-8.052777, 41.587649], [-8.039193, 41.598218], [-8.039929, 41.606016], [-8.043894, 41.615056], [-8.063888, 41.642242], [-8.064984, 41.651258], [-8.051719, 41.67817], [-8.04745, 41.683782], [-8.032499, 41.696024], [-8.030546, 41.705015], [-8.036815, 41.714074], [-8.06238, 41.7323], [-8.076011, 41.750424], [-8.091798, 41.786578], [-8.097455, 41.809147], [-8.104853, 41.81185], [-8.117188, 41.812302], [-8.123807, 41.808702], [-8.138247, 41.808477], [-8.139751, 41.813203], [-8.14276, 41.812978], [-8.144866, 41.815228], [-8.149078, 41.814777], [-8.153291, 41.817703], [-8.158106, 41.818377], [-8.165326, 41.81815], [-8.173744, 41.808019], [-8.177655, 41.808242], [-8.183676, 41.812741], [-8.190291, 41.809587], [-8.197158, 41.814129], [-8.201063, 41.808724], [-8.204973, 41.807372], [-8.205872, 41.804445], [-8.213692, 41.803765], [-8.217598, 41.80016], [-8.217589, 41.793634], [-8.224207, 41.794303], [-8.229917, 41.791598], [-8.240744, 41.791588], [-8.24074, 41.789338], [-8.244347, 41.787984], [-8.245546, 41.785731], [-8.251257, 41.784375], [-8.251845, 41.777172], [-8.257551, 41.773564], [-8.261762, 41.774235], [-8.268367, 41.769734], [-8.259574, 41.760761], [-8.257938, 41.751743], [-8.26154, 41.742759], [-8.275191, 41.732722], [-8.287238, 41.730616], [-8.30221, 41.734007], [-8.313606, 41.743082], [-8.317149, 41.75211], [-8.314438, 41.761965], [-8.318308, 41.761283], [-8.326436, 41.765096], [-8.328234, 41.763292], [-8.336653, 41.763728], [-8.338452, 41.762149], [-8.344765, 41.762363], [-8.349267, 41.760103], [-8.352557, 41.755145], [-8.34982, 41.745922], [-8.349814, 41.744122], [-8.352516, 41.743441], [-8.352203, 41.739616], [-8.357897, 41.735103], [-8.362407, 41.735994], [-8.369787, 41.732153], [-8.376597, 41.71642], [-8.386552, 41.707467], [-8.403923, 41.698551], [-8.419831, 41.694151], [-8.431856, 41.693295], [-8.443862, 41.694621], [-8.453867, 41.697861], [-8.453255, 41.695487], [-8.458061, 41.695698], [-8.464653, 41.692913]], [[-8.141486, 41.759939], [-8.130536, 41.759541], [-8.118541, 41.757061], [-8.106589, 41.751503], [-8.070889, 41.724923], [-8.046968, 41.716476], [-8.037462, 41.705073], [-8.041083, 41.696096], [-8.050521, 41.687168], [-8.070402, 41.651302], [-8.071309, 41.642302], [-8.054307, 41.615142], [-8.053595, 41.606129], [-8.060767, 41.59422], [-8.072857, 41.587811], [-8.084886, 41.585605], [-8.096882, 41.585683], [-8.120806, 41.590834], [-8.137845, 41.597785], [-8.152134, 41.606898], [-8.16121, 41.615972], [-8.165755, 41.625012], [-8.166705, 41.634026], [-8.158318, 41.660986], [-8.158019, 41.678998], [-8.16733, 41.704906], [-8.174385, 41.733159], [-8.181442, 41.742217], [-8.178749, 41.752081], [-8.166656, 41.757104], [-8.141486, 41.759939]], [[-8.325009, 41.568136], [-8.301007, 41.569438], [-8.277045, 41.567064], [-8.259876, 41.562606], [-8.241211, 41.554496], [-8.229314, 41.546568], [-8.217464, 41.535003], [-8.207536, 41.517221], [-8.205646, 41.508201], [-8.206059, 41.499196], [-8.213488, 41.481232], [-8.220589, 41.472273], [-8.241892, 41.454401], [-8.270463, 41.436571], [-8.290574, 41.426534], [-8.30259, 41.422065], [-8.326558, 41.418792], [-8.350474, 41.420395], [-8.374359, 41.425486], [-8.386269, 41.431605], [-8.391878, 41.437277], [-8.395412, 41.446303], [-8.39402, 41.482325], [-8.397804, 41.509367], [-8.396583, 41.518368], [-8.39261, 41.527355], [-8.385267, 41.53765], [-8.373162, 41.549765], [-8.361096, 41.557466], [-8.349054, 41.562421], [-8.325009, 41.568136]]], [[[-8.05069, 41.820005], [-7.985559, 41.799209], [-7.973604, 41.794058], [-7.962844, 41.785486], [-7.949738, 41.781475], [-7.937706, 41.781428], [-7.926798, 41.785155], [-7.923691, 41.794132], [-7.926541, 41.803166], [-7.925886, 41.812167], [-7.909796, 41.839035], [-7.902561, 41.861142], [-7.904017, 41.859794], [-7.905217, 41.860922], [-7.907309, 41.865203], [-7.906095, 41.868126], [-7.910299, 41.871285], [-7.910285, 41.875562], [-7.916369, 41.879174], [-7.910566, 41.866063], [-7.910629, 41.84805], [-7.918195, 41.830108], [-7.925014, 41.820821], [-7.93471, 41.812249], [-7.937146, 41.803264], [-7.931435, 41.794205], [-7.934361, 41.785225], [-7.949697, 41.784006], [-7.954123, 41.785407], [-7.963421, 41.803505], [-7.985385, 41.81022], [-7.997342, 41.815475], [-8.008121, 41.821913], [-8.018802, 41.83138], [-8.02901, 41.829589], [-8.037134, 41.831171], [-8.041351, 41.828023], [-8.041054, 41.825097], [-8.045268, 41.824425], [-8.05069, 41.820005]]], [[[-7.729939, 41.872373], [-7.743211, 41.881747], [-7.755235, 41.883165], [-7.767348, 41.880026], [-7.774913, 41.873702], [-7.779754, 41.864747], [-7.777923, 41.855721], [-7.768002, 41.845994], [-7.756009, 41.84327], [-7.746949, 41.844441], [-7.750246, 41.846784], [-7.750532, 41.849261], [-7.746624, 41.848348], [-7.743304, 41.849912], [-7.746901, 41.8524], [-7.746881, 41.855776], [-7.73843, 41.859348], [-7.734159, 41.868337], [-7.729939, 41.872373]]], [[[-7.774993, 41.726368], [-7.792023, 41.756796], [-7.799051, 41.765877], [-7.811267, 41.77501], [-7.829423, 41.780436], [-7.853453, 41.782482], [-7.877555, 41.780474], [-7.894495, 41.775841], [-7.901676, 41.766904], [-7.908934, 41.739952], [-7.924518, 41.722085], [-7.927925, 41.71311], [-7.927604, 41.7041], [-7.923748, 41.695057], [-7.915276, 41.684225], [-7.894609, 41.668912], [-7.888171, 41.670925], [-7.883969, 41.67069], [-7.879755, 41.673607], [-7.877044, 41.676077], [-7.876723, 41.681253], [-7.873401, 41.686198], [-7.868896, 41.686413], [-7.868008, 41.68326], [-7.864403, 41.683701], [-7.864096, 41.685276], [-7.858987, 41.68639], [-7.857773, 41.689538], [-7.854776, 41.68818], [-7.847538, 41.695365], [-7.837912, 41.698942], [-7.835792, 41.702763], [-7.839682, 41.705924], [-7.838465, 41.709522], [-7.832453, 41.710407], [-7.825252, 41.708813], [-7.818621, 41.713522], [-7.815291, 41.718689], [-7.808986, 41.717996], [-7.808396, 41.715744], [-7.804499, 41.714158], [-7.79939, 41.714593], [-7.79788, 41.716164], [-7.796383, 41.71526], [-7.790966, 41.717044], [-7.789449, 41.719966], [-7.78464, 41.720402], [-7.78252, 41.723546], [-7.776204, 41.724652], [-7.774993, 41.726368]], [[-7.865524, 41.780344], [-7.841479, 41.779188], [-7.827286, 41.775175], [-7.817608, 41.768571], [-7.814123, 41.766033], [-7.808274, 41.756966], [-7.806135, 41.738496], [-7.808799, 41.729951], [-7.818534, 41.718107], [-7.830645, 41.713126], [-7.854668, 41.714199], [-7.859258, 41.712449], [-7.867402, 41.703523], [-7.879036, 41.69537], [-7.89107, 41.6944], [-7.903044, 41.696977], [-7.912347, 41.703957], [-7.917047, 41.713008], [-7.915198, 41.721998], [-7.900448, 41.739871], [-7.899499, 41.757876], [-7.897027, 41.766859], [-7.886651, 41.775766], [-7.865524, 41.780344]]], [[[-8.119423, 41.692493], [-8.111497, 41.696662], [-8.119289, 41.702318], [-8.124125, 41.696759], [-8.119423, 41.692493]]], [[[-8.516775, 41.586389], [-8.528794, 41.583364], [-8.532331, 41.573044], [-8.528898, 41.569115], [-8.516934, 41.565128], [-8.504799, 41.572929], [-8.507921, 41.58195], [-8.516775, 41.586389]]], [[[-8.479813, 41.518775], [-8.486262, 41.518804], [-8.49335, 41.51351], [-8.494962, 41.509835], [-8.493393, 41.50799], [-8.481443, 41.503818], [-8.474049, 41.509741], [-8.479813, 41.518775]]], [[[-8.122128, 41.493161], [-8.135123, 41.489677], [-8.143534, 41.480733], [-8.142846, 41.47172], [-8.131468, 41.462628], [-8.12258, 41.459678], [-8.110604, 41.459828], [-8.09855, 41.465636], [-8.094108, 41.471347], [-8.093501, 41.480349], [-8.101372, 41.489418], [-8.110157, 41.492473], [-8.122128, 41.493161]]], [[[-8.733758, 41.334779], [-8.754257, 41.33053], [-8.769658, 41.321377], [-8.776982, 41.312561], [-8.779953, 41.303559], [-8.779718, 41.294551], [-8.776202, 41.285536], [-8.768046, 41.276512], [-8.757899, 41.270276], [-8.745977, 41.265648], [-8.722113, 41.262757], [-8.69822, 41.266475], [-8.679802, 41.2763], [-8.672816, 41.285289], [-8.670638, 41.29429], [-8.672665, 41.303304], [-8.678513, 41.312328], [-8.686028, 41.319241], [-8.697941, 41.326867], [-8.70987, 41.331587], [-8.721809, 41.334238], [-8.733758, 41.334779]], [[-8.733791, 41.326637], [-8.721839, 41.327268], [-8.709897, 41.325404], [-8.69797, 41.320709], [-8.686484, 41.31235], [-8.68018, 41.303325], [-8.678396, 41.294312], [-8.681012, 41.285312], [-8.689678, 41.276327], [-8.698195, 41.271855], [-8.71015, 41.268412], [-8.722093, 41.267496], [-8.734026, 41.268946], [-8.752583, 41.27648], [-8.761722, 41.285507], [-8.765343, 41.294522], [-8.764932, 41.303529], [-8.760282, 41.312527], [-8.749158, 41.321511], [-8.733791, 41.326637]]]]}}, {"id": "23", "type": "Feature", "properties": {"fill": "#1f4099", "value_min": 3.67, "value_max": -4.0}, "geometry": {"type": "MultiPolygon", "coordinates": [[[[-7.967125, 41.839565], [-7.960963, 41.831554], [-7.948964, 41.828833], [-7.936802, 41.83608], [-7.934684, 41.839269], [-7.937224, 41.848299], [-7.948561, 41.853478], [-7.960635, 41.851801], [-7.964888, 41.848552], [-7.967125, 41.839565]]], [[[-7.877918, 41.759692], [-7.877979, 41.75618], [-7.866109, 41.747168], [-7.854035, 41.749775], [-7.848706, 41.757378], [-7.851632, 41.766414], [-7.865729, 41.768746], [-7.871889, 41.766615], [-7.877918, 41.759692]]], [[[-8.100915, 41.678566], [-8.098041, 41.669536], [-8.09573, 41.668183], [-8.083709, 41.668728], [-8.078841, 41.678391], [-8.083434, 41.688169], [-8.095455, 41.687812], [-8.100915, 41.678566]]], [[[-8.361443, 41.522166], [-8.373512, 41.513448], [-8.376706, 41.509255], [-8.377961, 41.491247], [-8.376604, 41.464217], [-8.374025, 41.460205], [-8.36214, 41.451138], [-8.350213, 41.446602], [-8.338262, 41.444617], [-8.32441, 41.445908], [-8.302242, 41.454549], [-8.290123, 41.467928], [-8.286177, 41.481706], [-8.289813, 41.496371], [-8.301586, 41.515657], [-8.321542, 41.526957], [-8.337401, 41.529181], [-8.349406, 41.527301], [-8.361443, 41.522166]]]]}}, {"id": "22", "type": "Feature", "properties": {"fill": "#214db8", "value_min": 3.33, "value_max": -3.67}, "geometry": {"type": "MultiPolygon", "coordinates": [[[[-7.960546, 41.857294], [-7.971907, 41.848615], [-7.973405, 41.839621], [-7.9668, 41.830555], [-7.961026, 41.827617], [-7.949009, 41.826097], [-7.936895, 41.830446], [-7.931055, 41.839235], [-7.932313, 41.848253], [-7.936513, 41.853517], [-7.948478, 41.858522], [-7.960546, 41.857294]], [[-7.967125, 41.839565], [-7.964888, 41.848552], [-7.960635, 41.851801], [-7.948561, 41.853478], [-7.937224, 41.848299], [-7.934684, 41.839269], [-7.936802, 41.83608], [-7.948964, 41.828833], [-7.960963, 41.831554], [-7.967125, 41.839565]]], [[[-7.881872, 41.757706], [-7.875507, 41.748637], [-7.866157, 41.744417], [-7.854108, 41.745692], [-7.849088, 41.748375], [-7.843512, 41.757326], [-7.847076, 41.766369], [-7.853677, 41.769896], [-7.86569, 41.770938], [-7.877917, 41.766674], [-7.881872, 41.757706]], [[-7.877918, 41.759692], [-7.871889, 41.766615], [-7.865729, 41.768746], [-7.851632, 41.766414], [-7.848706, 41.757378], [-7.854035, 41.749775], [-7.866109, 41.747168], [-7.877979, 41.75618], [-7.877918, 41.759692]]], [[[-8.42799, 41.719863], [-8.42958, 41.716695], [-8.419684, 41.710511], [-8.407627, 41.714469], [-8.405641, 41.716574], [-8.407292, 41.723066], [-8.417349, 41.725067], [-8.422737, 41.720552], [-8.42799, 41.719863]]], [[[-8.106244, 41.678607], [-8.103448, 41.669579], [-8.095773, 41.665086], [-8.083752, 41.665751], [-8.078621, 41.669382], [-8.074112, 41.678353], [-8.078015, 41.687391], [-8.083394, 41.69095], [-8.095419, 41.690384], [-8.106244, 41.678607]], [[-8.100915, 41.678566], [-8.095455, 41.687812], [-8.083434, 41.688169], [-8.078841, 41.678391], [-8.083709, 41.668728], [-8.09573, 41.668183], [-8.098041, 41.669536], [-8.100915, 41.678566]]], [[[-8.361404, 41.526153], [-8.373472, 41.51766], [-8.379858, 41.509272], [-8.382196, 41.49127], [-8.379424, 41.464233], [-8.373177, 41.455191], [-8.362179, 41.447145], [-8.350251, 41.442787], [-8.338295, 41.441305], [-8.326319, 41.441902], [-8.314318, 41.444711], [-8.295102, 41.454739], [-8.286658, 41.463695], [-8.282489, 41.472676], [-8.283226, 41.490696], [-8.291196, 41.50876], [-8.301518, 41.521967], [-8.31343, 41.528917], [-8.325382, 41.532239], [-8.337363, 41.532833], [-8.349368, 41.531074], [-8.361404, 41.526153]], [[-8.361443, 41.522166], [-8.349406, 41.527301], [-8.337401, 41.529181], [-8.321542, 41.526957], [-8.301586, 41.515657], [-8.289813, 41.496371], [-8.286177, 41.481706], [-8.290123, 41.467928], [-8.302242, 41.454549], [-8.32441, 41.445908], [-8.338262, 41.444617], [-8.350213, 41.446602], [-8.36214, 41.451138], [-8.374025, 41.460205], [-8.376604, 41.464217], [-8.377961, 41.491247], [-8.376706, 41.509255], [-8.373512, 41.513448], [-8.361443, 41.522166]]]]}}, {"id": "21", "type": "Feature", "properties": {"fill": "#245bd9", "value_min": 3.0, "value_max": -3.33}, "geometry": {"type": "MultiPolygon", "coordinates": [[[[-7.948397, 41.863461], [-7.960455, 41.862929], [-7.971725, 41.85762], [-7.978963, 41.848678], [-7.979554, 41.839676], [-7.973555, 41.830616], [-7.96108, 41.824291], [-7.949054, 41.823361], [-7.93695, 41.827169], [-7.933076, 41.830247], [-7.927428, 41.839201], [-7.92778, 41.848211], [-7.934343, 41.857279], [-7.948397, 41.863461]], [[-7.960546, 41.857294], [-7.948478, 41.858522], [-7.936513, 41.853517], [-7.932313, 41.848253], [-7.931055, 41.839235], [-7.936895, 41.830446], [-7.949009, 41.826097], [-7.961026, 41.827617], [-7.9668, 41.830555], [-7.973405, 41.839621], [-7.971907, 41.848615], [-7.960546, 41.857294]]], [[[-7.865652, 41.773129], [-7.877751, 41.769253], [-7.881367, 41.766708], [-7.884934, 41.757735], [-7.87815, 41.74634], [-7.866206, 41.741666], [-7.854167, 41.742372], [-7.843052, 41.748314], [-7.838391, 41.757274], [-7.842521, 41.766323], [-7.853635, 41.772262], [-7.865652, 41.773129]], [[-7.881872, 41.757706], [-7.877917, 41.766674], [-7.86569, 41.770938], [-7.853677, 41.769896], [-7.847076, 41.766369], [-7.843512, 41.757326], [-7.849088, 41.748375], [-7.854108, 41.745692], [-7.866157, 41.744417], [-7.875507, 41.748637], [-7.881872, 41.757706]]], [[[-8.435846, 41.714666], [-8.427975, 41.70768], [-8.419726, 41.705829], [-8.409396, 41.707586], [-8.399802, 41.716544], [-8.401729, 41.72668], [-8.404721, 41.722847], [-8.407292, 41.723066], [-8.405641, 41.716574], [-8.407627, 41.714469], [-8.419684, 41.710511], [-8.42958, 41.716695], [-8.42799, 41.719863], [-8.435846, 41.714666]]], [[[-8.131096, 41.718003], [-8.144429, 41.714926], [-8.143289, 41.7051], [-8.131275, 41.704753], [-8.130125, 41.705812], [-8.127626, 41.7148], [-8.131096, 41.718003]]], [[[-8.083355, 41.693731], [-8.095383, 41.692956], [-8.102945, 41.687589], [-8.111202, 41.678646], [-8.109089, 41.669622], [-8.095816, 41.66199], [-8.083794, 41.662774], [-8.074504, 41.669349], [-8.070015, 41.67832], [-8.073718, 41.687357], [-8.083355, 41.693731]], [[-8.106244, 41.678607], [-8.095419, 41.690384], [-8.083394, 41.69095], [-8.078015, 41.687391], [-8.074112, 41.678353], [-8.078621, 41.669382], [-8.083752, 41.665751], [-8.095773, 41.665086], [-8.103448, 41.669579], [-8.106244, 41.678607]]], [[[-8.325339, 41.536428], [-8.337324, 41.536672], [-8.349331, 41.534847], [-8.361361, 41.530518], [-8.37726, 41.518265], [-8.383011, 41.509289], [-8.385462, 41.500295], [-8.385751, 41.486465], [-8.382245, 41.464248], [-8.377637, 41.455215], [-8.374115, 41.450875], [-8.36222, 41.442959], [-8.350286, 41.439292], [-8.326355, 41.438361], [-8.314362, 41.440558], [-8.302342, 41.445213], [-8.287951, 41.454695], [-8.280436, 41.463656], [-8.277091, 41.472642], [-8.27885, 41.490668], [-8.285473, 41.508724], [-8.290799, 41.517765], [-8.30145, 41.528295], [-8.313376, 41.534069], [-8.325339, 41.536428]], [[-8.361404, 41.526153], [-8.349368, 41.531074], [-8.337363, 41.532833], [-8.325382, 41.532239], [-8.31343, 41.528917], [-8.301518, 41.521967], [-8.291196, 41.50876], [-8.283226, 41.490696], [-8.282489, 41.472676], [-8.286658, 41.463695], [-8.295102, 41.454739], [-8.314318, 41.444711], [-8.326319, 41.441902], [-8.338295, 41.441305], [-8.350251, 41.442787], [-8.362179, 41.447145], [-8.373177, 41.455191], [-8.379424, 41.464233], [-8.382196, 41.49127], [-8.379858, 41.509272], [-8.373472, 41.51766], [-8.361404, 41.526153]]]]}}, {"id": "0", "type": "Feature", "properties": {"fill": "#881d1d", "value_min": -4.0, "value_max": -3.67}, "geometry": {"type": "Polygon", "coordinates": [[[-7.877071, 41.808233], [-7.865034, 41.808162], [-7.861774, 41.811549], [-7.864884, 41.816611], [-7.876924, 41.816661], [-7.879863, 41.811727], [-7.877071, 41.808233]]]}}, {"id": "18", "type": "Feature", "properties": {"fill": "#5599f7", "value_min": 2.0, "value_max": -2.33}, "geometry": {"type": "MultiPolygon", "coordinates": [[[[-8.006863, 41.843296], [-8.000748, 41.830856], [-7.985247, 41.81894], [-7.973282, 41.814242], [-7.961271, 41.812482], [-7.949228, 41.812734], [-7.937139, 41.815711], [-7.92168, 41.830141], [-7.916943, 41.839103], [-7.915009, 41.848091], [-7.915625, 41.857104], [-7.919182, 41.866144], [-7.924139, 41.873085], [-7.929854, 41.877355], [-7.935283, 41.874707], [-7.937389, 41.87516], [-7.938902, 41.873037], [-7.928426, 41.866231], [-7.92143, 41.857159], [-7.919179, 41.848131], [-7.920394, 41.839135], [-7.925204, 41.830174], [-7.93706, 41.8205], [-7.949166, 41.816531], [-7.961203, 41.816659], [-7.973192, 41.819906], [-7.989483, 41.830757], [-7.99461, 41.839809], [-7.995563, 41.848824], [-7.992659, 41.85836], [-7.995547, 41.858138], [-7.994047, 41.855211], [-7.996765, 41.851162], [-8.00339, 41.85027], [-8.006863, 41.843296]]], [[[-7.992535, 41.858509], [-7.992535, 41.858509], [-7.992101, 41.859034], [-7.992535, 41.858509]]], [[[-7.989818, 41.861795], [-7.984476, 41.867762], [-7.969914, 41.874758], [-7.973828, 41.875216], [-7.987996, 41.869157], [-7.989818, 41.861795]]], [[[-7.889782, 41.76923], [-7.892377, 41.766814], [-7.895453, 41.757837], [-7.894622, 41.748822], [-7.890319, 41.738068], [-7.878476, 41.727588], [-7.866466, 41.72687], [-7.842362, 41.730068], [-7.830266, 41.734058], [-7.823892, 41.739113], [-7.819314, 41.748073], [-7.819442, 41.757081], [-7.823942, 41.766134], [-7.837852, 41.775282], [-7.853522, 41.77863], [-7.865554, 41.778689], [-7.880314, 41.775704], [-7.889782, 41.76923]], [[-7.877664, 41.774238], [-7.865583, 41.777035], [-7.853556, 41.776705], [-7.84159, 41.773015], [-7.831533, 41.766211], [-7.827319, 41.757162], [-7.8291, 41.748173], [-7.838263, 41.739259], [-7.854316, 41.733995], [-7.866345, 41.733708], [-7.878307, 41.737307], [-7.881251, 41.739686], [-7.88948, 41.748773], [-7.891406, 41.757798], [-7.888268, 41.766775], [-7.877664, 41.774238]]], [[[-8.449088, 41.703173], [-8.443815, 41.699997], [-8.431824, 41.696903], [-8.419807, 41.696855], [-8.407764, 41.699549], [-8.391776, 41.707494], [-8.383731, 41.716459], [-8.379942, 41.725445], [-8.380455, 41.73213], [-8.384922, 41.73032], [-8.387032, 41.731891], [-8.389014, 41.731211], [-8.387088, 41.725484], [-8.388935, 41.716486], [-8.397087, 41.707522], [-8.407739, 41.702315], [-8.419781, 41.699686], [-8.431791, 41.700722], [-8.444893, 41.706539], [-8.449088, 41.703173]]], [[[-8.287019, 41.750485], [-8.285859, 41.75192], [-8.286998, 41.752377], [-8.287685, 41.751931], [-8.287019, 41.750485]]], [[[-8.15501, 41.727911], [-8.158897, 41.72404], [-8.162892, 41.715062], [-8.161888, 41.706048], [-8.157395, 41.697008], [-8.155461, 41.693413], [-8.147612, 41.687929], [-8.141214, 41.678874], [-8.139005, 41.66985], [-8.131908, 41.657634], [-8.112593, 41.642628], [-8.112369, 41.633619], [-8.117743, 41.624654], [-8.120082, 41.615664], [-8.117921, 41.606641], [-8.105538, 41.597538], [-8.096755, 41.594774], [-8.08476, 41.594507], [-8.072702, 41.598669], [-8.065163, 41.606224], [-8.06347, 41.615217], [-8.067344, 41.624256], [-8.084581, 41.642409], [-8.07902, 41.651371], [-8.071867, 41.656917], [-8.063868, 41.669263], [-8.055364, 41.696214], [-8.047194, 41.70117], [-8.045225, 41.705138], [-8.047096, 41.707811], [-8.059077, 41.71044], [-8.071114, 41.709263], [-8.088227, 41.714494], [-8.095034, 41.717842], [-8.110569, 41.732683], [-8.118817, 41.736882], [-8.130818, 41.73862], [-8.142884, 41.73559], [-8.15501, 41.727911]], [[-8.155156, 41.716747], [-8.142993, 41.727377], [-8.130945, 41.729266], [-8.118554, 41.723738], [-8.114754, 41.714701], [-8.119145, 41.712839], [-8.123873, 41.705764], [-8.131354, 41.698878], [-8.140458, 41.696882], [-8.143425, 41.694858], [-8.155315, 41.704614], [-8.155156, 41.716747]], [[-8.107154, 41.710694], [-8.101404, 41.705591], [-8.104281, 41.696606], [-8.119492, 41.687444], [-8.122448, 41.687739], [-8.129717, 41.696802], [-8.119211, 41.70804], [-8.107154, 41.710694]], [[-8.107434, 41.690489], [-8.098717, 41.696563], [-8.095268, 41.701144], [-8.083226, 41.702759], [-8.071306, 41.695955], [-8.063833, 41.687277], [-8.063309, 41.678265], [-8.067244, 41.66929], [-8.071779, 41.663028], [-8.083917, 41.654052], [-8.095952, 41.652302], [-8.107926, 41.654822], [-8.116973, 41.660676], [-8.12421, 41.669739], [-8.12318, 41.678738], [-8.107434, 41.690489]], [[-8.106611, 41.615561], [-8.101732, 41.62453], [-8.096285, 41.628453], [-8.084277, 41.628644], [-8.077757, 41.62434], [-8.072041, 41.615287], [-8.077686, 41.606325], [-8.084643, 41.602792], [-8.096632, 41.60357], [-8.101725, 41.606515], [-8.106611, 41.615561]]], [[[-7.90369, 41.712881], [-7.890792, 41.710578], [-7.887592, 41.712727], [-7.885904, 41.721717], [-7.890536, 41.72546], [-7.902615, 41.72219], [-7.90369, 41.712881]]], [[[-8.349151, 41.552734], [-8.361189, 41.547936], [-8.373253, 41.540337], [-8.38536, 41.527854], [-8.391385, 41.518341], [-8.393908, 41.509347], [-8.393952, 41.50034], [-8.390923, 41.455287], [-8.386163, 41.442867], [-8.374289, 41.432779], [-8.350419, 41.425966], [-8.326499, 41.424483], [-8.314518, 41.425785], [-8.302518, 41.428775], [-8.284117, 41.436657], [-8.258152, 41.454507], [-8.249948, 41.463461], [-8.244665, 41.472434], [-8.242469, 41.481427], [-8.243407, 41.49044], [-8.2538, 41.502584], [-8.255478, 41.508534], [-8.254553, 41.526543], [-8.259996, 41.535585], [-8.271373, 41.544665], [-8.289197, 41.552639], [-8.313132, 41.55707], [-8.325124, 41.557094], [-8.349151, 41.552734]], [[-8.361259, 41.540862], [-8.337209, 41.547963], [-8.313232, 41.547674], [-8.301275, 41.544615], [-8.289345, 41.539176], [-8.284371, 41.535739], [-8.277094, 41.526687], [-8.265886, 41.493317], [-8.259878, 41.48154], [-8.259656, 41.472531], [-8.263283, 41.463547], [-8.270201, 41.454584], [-8.281118, 41.445645], [-8.297558, 41.436739], [-8.31446, 41.431232], [-8.338414, 41.429645], [-8.36231, 41.433795], [-8.374224, 41.439488], [-8.381431, 41.446228], [-8.386048, 41.454975], [-8.390615, 41.491315], [-8.390101, 41.509327], [-8.386186, 41.518313], [-8.379413, 41.527284], [-8.373322, 41.533139], [-8.361259, 41.540862]]], [[[-8.745796, 41.312316], [-8.752276, 41.303503], [-8.753305, 41.294497], [-8.749355, 41.285481], [-8.737208, 41.276446], [-8.72207, 41.272923], [-8.710127, 41.273599], [-8.698168, 41.277771], [-8.689332, 41.285334], [-8.685749, 41.294332], [-8.687703, 41.303345], [-8.698, 41.314237], [-8.709925, 41.319278], [-8.721867, 41.320687], [-8.733823, 41.318682], [-8.745796, 41.312316]], [[-8.733861, 41.309443], [-8.721896, 41.313835], [-8.709952, 41.312988], [-8.698039, 41.305765], [-8.693848, 41.294354], [-8.698185, 41.285358], [-8.7101, 41.279658], [-8.722044, 41.27907], [-8.733967, 41.283379], [-8.736955, 41.285453], [-8.741989, 41.294472], [-8.740123, 41.303476], [-8.733861, 41.309443]]]]}}, {"id": "17", "type": "Feature", "properties": {"fill": "#6ba5ec", "value_min": 1.67, "value_max": -2.0}, "geometry": {"type": "MultiPolygon", "coordinates": [[[[-8.018802, 41.83138], [-8.008121, 41.821913], [-7.997342, 41.815475], [-7.985385, 41.81022], [-7.963421, 41.803505], [-7.954123, 41.785407], [-7.949697, 41.784006], [-7.934361, 41.785225], [-7.931435, 41.794205], [-7.937146, 41.803264], [-7.93471, 41.812249], [-7.925014, 41.820821], [-7.918195, 41.830108], [-7.910629, 41.84805], [-7.910566, 41.866063], [-7.916369, 41.879174], [-7.929854, 41.877355], [-7.924139, 41.873085], [-7.919182, 41.866144], [-7.915625, 41.857104], [-7.915009, 41.848091], [-7.916943, 41.839103], [-7.92168, 41.830141], [-7.937139, 41.815711], [-7.949228, 41.812734], [-7.961271, 41.812482], [-7.973282, 41.814242], [-7.985247, 41.81894], [-8.000748, 41.830856], [-8.006863, 41.843296], [-8.007928, 41.838796], [-8.012753, 41.833624], [-8.013062, 41.829348], [-8.018802, 41.83138]]], [[[-7.865524, 41.780344], [-7.886651, 41.775766], [-7.897027, 41.766859], [-7.899499, 41.757876], [-7.900448, 41.739871], [-7.915198, 41.721998], [-7.917047, 41.713008], [-7.912347, 41.703957], [-7.903044, 41.696977], [-7.89107, 41.6944], [-7.879036, 41.69537], [-7.867402, 41.703523], [-7.859258, 41.712449], [-7.854668, 41.714199], [-7.830645, 41.713126], [-7.818534, 41.718107], [-7.808799, 41.729951], [-7.806135, 41.738496], [-7.808274, 41.756966], [-7.814123, 41.766033], [-7.817608, 41.768571], [-7.827286, 41.775175], [-7.841479, 41.779188], [-7.865524, 41.780344]], [[-7.889782, 41.76923], [-7.880314, 41.775704], [-7.865554, 41.778689], [-7.853522, 41.77863], [-7.837852, 41.775282], [-7.823942, 41.766134], [-7.819442, 41.757081], [-7.819314, 41.748073], [-7.823892, 41.739113], [-7.830266, 41.734058], [-7.842362, 41.730068], [-7.866466, 41.72687], [-7.878476, 41.727588], [-7.890319, 41.738068], [-7.894622, 41.748822], [-7.895453, 41.757837], [-7.892377, 41.766814], [-7.889782, 41.76923]], [[-7.90369, 41.712881], [-7.902615, 41.72219], [-7.890536, 41.72546], [-7.885904, 41.721717], [-7.887592, 41.712727], [-7.890792, 41.710578], [-7.90369, 41.712881]]], [[[-8.453867, 41.697861], [-8.443862, 41.694621], [-8.431856, 41.693295], [-8.419831, 41.694151], [-8.403923, 41.698551], [-8.386552, 41.707467], [-8.376597, 41.71642], [-8.369787, 41.732153], [-8.373822, 41.734846], [-8.380455, 41.73213], [-8.379942, 41.725445], [-8.383731, 41.716459], [-8.391776, 41.707494], [-8.407764, 41.699549], [-8.419807, 41.696855], [-8.431824, 41.696903], [-8.443815, 41.699997], [-8.449088, 41.703173], [-8.453867, 41.697861]]], [[[-8.314438, 41.761965], [-8.317149, 41.75211], [-8.313606, 41.743082], [-8.30221, 41.734007], [-8.287238, 41.730616], [-8.275191, 41.732722], [-8.26154, 41.742759], [-8.257938, 41.751743], [-8.259574, 41.760761], [-8.268367, 41.769734], [-8.271366, 41.766346], [-8.280681, 41.764083], [-8.284038, 41.761109], [-8.284931, 41.757507], [-8.287033, 41.756829], [-8.298457, 41.757263], [-8.300866, 41.758835], [-8.305674, 41.758152], [-8.311096, 41.762195], [-8.314438, 41.761965]], [[-8.287019, 41.750485], [-8.287685, 41.751931], [-8.286998, 41.752377], [-8.285859, 41.75192], [-8.287019, 41.750485]]], [[[-8.141486, 41.759939], [-8.166656, 41.757104], [-8.178749, 41.752081], [-8.181442, 41.742217], [-8.174385, 41.733159], [-8.16733, 41.704906], [-8.158019, 41.678998], [-8.158318, 41.660986], [-8.166705, 41.634026], [-8.165755, 41.625012], [-8.16121, 41.615972], [-8.152134, 41.606898], [-8.137845, 41.597785], [-8.120806, 41.590834], [-8.096882, 41.585683], [-8.084886, 41.585605], [-8.072857, 41.587811], [-8.060767, 41.59422], [-8.053595, 41.606129], [-8.054307, 41.615142], [-8.071309, 41.642302], [-8.070402, 41.651302], [-8.050521, 41.687168], [-8.041083, 41.696096], [-8.037462, 41.705073], [-8.046968, 41.716476], [-8.070889, 41.724923], [-8.106589, 41.751503], [-8.118541, 41.757061], [-8.130536, 41.759541], [-8.141486, 41.759939]], [[-8.15501, 41.727911], [-8.142884, 41.73559], [-8.130818, 41.73862], [-8.118817, 41.736882], [-8.110569, 41.732683], [-8.095034, 41.717842], [-8.088227, 41.714494], [-8.071114, 41.709263], [-8.059077, 41.71044], [-8.047096, 41.707811], [-8.045225, 41.705138], [-8.047194, 41.70117], [-8.055364, 41.696214], [-8.063868, 41.669263], [-8.071867, 41.656917], [-8.07902, 41.651371], [-8.084581, 41.642409], [-8.067344, 41.624256], [-8.06347, 41.615217], [-8.065163, 41.606224], [-8.072702, 41.598669], [-8.08476, 41.594507], [-8.096755, 41.594774], [-8.105538, 41.597538], [-8.117921, 41.606641], [-8.120082, 41.615664], [-8.117743, 41.624654], [-8.112369, 41.633619], [-8.112593, 41.642628], [-8.131908, 41.657634], [-8.139005, 41.66985], [-8.141214, 41.678874], [-8.147612, 41.687929], [-8.155461, 41.693413], [-8.157395, 41.697008], [-8.161888, 41.706048], [-8.162892, 41.715062], [-8.158897, 41.72404], [-8.15501, 41.727911]]], [[[-8.107154, 41.710694], [-8.119211, 41.70804], [-8.129717, 41.696802], [-8.122448, 41.687739], [-8.119492, 41.687444], [-8.104281, 41.696606], [-8.101404, 41.705591], [-8.107154, 41.710694]], [[-8.119423, 41.692493], [-8.124125, 41.696759], [-8.119289, 41.702318], [-8.111497, 41.696662], [-8.119423, 41.692493]]], [[[-8.325009, 41.568136], [-8.349054, 41.562421], [-8.361096, 41.557466], [-8.373162, 41.549765], [-8.385267, 41.53765], [-8.39261, 41.527355], [-8.396583, 41.518368], [-8.397804, 41.509367], [-8.39402, 41.482325], [-8.395412, 41.446303], [-8.391878, 41.437277], [-8.386269, 41.431605], [-8.374359, 41.425486], [-8.350474, 41.420395], [-8.326558, 41.418792], [-8.30259, 41.422065], [-8.290574, 41.426534], [-8.270463, 41.436571], [-8.241892, 41.454401], [-8.220589, 41.472273], [-8.213488, 41.481232], [-8.206059, 41.499196], [-8.205646, 41.508201], [-8.207536, 41.517221], [-8.217464, 41.535003], [-8.229314, 41.546568], [-8.241211, 41.554496], [-8.259876, 41.562606], [-8.277045, 41.567064], [-8.301007, 41.569438], [-8.325009, 41.568136]], [[-8.349151, 41.552734], [-8.325124, 41.557094], [-8.313132, 41.55707], [-8.289197, 41.552639], [-8.271373, 41.544665], [-8.259996, 41.535585], [-8.254553, 41.526543], [-8.255478, 41.508534], [-8.2538, 41.502584], [-8.243407, 41.49044], [-8.242469, 41.481427], [-8.244665, 41.472434], [-8.249948, 41.463461], [-8.258152, 41.454507], [-8.284117, 41.436657], [-8.302518, 41.428775], [-8.314518, 41.425785], [-8.326499, 41.424483], [-8.350419, 41.425966], [-8.374289, 41.432779], [-8.386163, 41.442867], [-8.390923, 41.455287], [-8.393952, 41.50034], [-8.393908, 41.509347], [-8.391385, 41.518341], [-8.38536, 41.527854], [-8.373253, 41.540337], [-8.361189, 41.547936], [-8.349151, 41.552734]]], [[[-8.733791, 41.326637], [-8.749158, 41.321511], [-8.760282, 41.312527], [-8.764932, 41.303529], [-8.765343, 41.294522], [-8.761722, 41.285507], [-8.752583, 41.27648], [-8.734026, 41.268946], [-8.722093, 41.267496], [-8.71015, 41.268412], [-8.698195, 41.271855], [-8.689678, 41.276327], [-8.681012, 41.285312], [-8.678396, 41.294312], [-8.68018, 41.303325], [-8.686484, 41.31235], [-8.69797, 41.320709], [-8.709897, 41.325404], [-8.721839, 41.327268], [-8.733791, 41.326637]], [[-8.745796, 41.312316], [-8.733823, 41.318682], [-8.721867, 41.320687], [-8.709925, 41.319278], [-8.698, 41.314237], [-8.687703, 41.303345], [-8.685749, 41.294332], [-8.689332, 41.285334], [-8.698168, 41.277771], [-8.710127, 41.273599], [-8.72207, 41.272923], [-8.737208, 41.276446], [-8.749355, 41.285481], [-8.753305, 41.294497], [-8.752276, 41.303503], [-8.745796, 41.312316]]]]}}, {"id": "2", "type": "Feature", "properties": {"fill": "#ae1c1c", "value_min": -3.33, "value_max": -3.0}, "geometry": {"type": "Polygon", "coordinates": [[[-7.864761, 41.823582], [-7.876806, 41.823405], [-7.880845, 41.820743], [-7.885569, 41.811782], [-7.877178, 41.802073], [-7.863753, 41.802562], [-7.855375, 41.811486], [-7.859587, 41.820534], [-7.864761, 41.823582]], [[-7.864805, 41.821106], [-7.858575, 41.811517], [-7.865094, 41.804744], [-7.877131, 41.804768], [-7.882716, 41.811755], [-7.877477, 41.82071], [-7.864805, 41.821106]]]}}, {"id": "1", "type": "Feature", "properties": {"fill": "#9c1c1c", "value_min": -3.67, "value_max": -3.33}, "geometry": {"type": "Polygon", "coordinates": [[[-7.864805, 41.821106], [-7.877477, 41.82071], [-7.882716, 41.811755], [-7.877131, 41.804768], [-7.865094, 41.804744], [-7.858575, 41.811517], [-7.864805, 41.821106]], [[-7.877071, 41.808233], [-7.879863, 41.811727], [-7.876924, 41.816661], [-7.864884, 41.816611], [-7.861774, 41.811549], [-7.865034, 41.808162], [-7.877071, 41.808233]]]}}]}