{"type": "FeatureCollection", "features": [{"id": "9", "type": "Feature", "properties": {"fill": "#a3a3a3", "value_min": -1.0, "value_max": -0.67}, "geometry": {"type": "MultiPolygon", "coordinates": [[[[-8.092692, 41.811396], [-8.079151, 41.804491], [-8.057817, 41.796657], [-8.033814, 41.79202], [-8.021788, 41.791412], [-7.997689, 41.793233], [-7.973541, 41.798045], [-7.957506, 41.803451], [-7.925241, 41.807245], [-7.913058, 41.815777], [-7.882608, 41.854124], [-7.888301, 41.855711], [-7.892195, 41.847874], [-7.912987, 41.819999], [-7.925176, 41.811099], [-7.937265, 41.808093], [-7.985521, 41.801616], [-7.997558, 41.801644], [-8.021563, 41.806177], [-8.038043, 41.813161], [-8.049485, 41.820664], [-8.057314, 41.815656], [-8.06664, 41.817012], [-8.072961, 41.813414], [-8.078678, 41.813417], [-8.082892, 41.810493], [-8.090111, 41.812521], [-8.092692, 41.811396]]], [[[-8.473932, 41.687145], [-8.444011, 41.677284], [-8.420014, 41.673841], [-8.407992, 41.674732], [-8.393118, 41.68048], [-8.359818, 41.686717], [-8.35419, 41.689275], [-8.343432, 41.698221], [-8.335691, 41.716191], [-8.333552, 41.734193], [-8.338073, 41.762825], [-8.341756, 41.761468], [-8.344765, 41.762363], [-8.349267, 41.760103], [-8.351959, 41.756272], [-8.352545, 41.751769], [-8.349814, 41.744122], [-8.352516, 41.743441], [-8.352203, 41.739616], [-8.357897, 41.735103], [-8.362407, 41.735994], [-8.368908, 41.73193], [-8.367512, 41.725378], [-8.368808, 41.716378], [-8.373953, 41.707399], [-8.385756, 41.698455], [-8.395801, 41.69372], [-8.419888, 41.687817], [-8.431899, 41.688381], [-8.44389, 41.691355], [-8.453256, 41.695797], [-8.461659, 41.694563], [-8.467939, 41.689593], [-8.473932, 41.687145]]], [[[-8.190571, 41.768489], [-8.197654, 41.760345], [-8.199902, 41.751354], [-8.197695, 41.742331], [-8.189143, 41.733264], [-8.179057, 41.727913], [-8.167066, 41.725402], [-8.155036, 41.725917], [-8.14518, 41.732946], [-8.140033, 41.741914], [-8.138469, 41.750909], [-8.142535, 41.761855], [-8.154428, 41.772292], [-8.166418, 41.775454], [-8.178462, 41.774571], [-8.190571, 41.768489]], [[-8.164648, 41.751103], [-8.159641, 41.742059], [-8.166921, 41.736587], [-8.178904, 41.73991], [-8.181117, 41.742214], [-8.178797, 41.748292], [-8.172886, 41.751162], [-8.166718, 41.752324], [-8.164648, 41.751103]]], [[[-8.070952, 41.720505], [-8.074326, 41.714383], [-8.077973, 41.696398], [-8.096712, 41.68754], [-8.105237, 41.6786], [-8.106026, 41.669599], [-8.09584, 41.660268], [-8.08385, 41.658792], [-8.071807, 41.661083], [-8.059723, 41.666088], [-8.047669, 41.668921], [-8.044107, 41.660093], [-8.035924, 41.651008], [-8.023959, 41.648058], [-8.015441, 41.650844], [-8.008902, 41.659795], [-8.011666, 41.666699], [-8.023544, 41.675535], [-8.030695, 41.677995], [-8.022265, 41.695938], [-8.021627, 41.704939], [-8.025092, 41.713976], [-8.034849, 41.722969], [-8.046785, 41.728848], [-8.058812, 41.728622], [-8.070952, 41.720505]], [[-8.046474, 41.714155], [-8.039013, 41.705086], [-8.047284, 41.695018], [-8.059291, 41.695762], [-8.065204, 41.705302], [-8.059024, 41.714075], [-8.046474, 41.714155]], [[-8.083476, 41.685209], [-8.075837, 41.678367], [-8.083687, 41.670312], [-8.095683, 41.671472], [-8.09922, 41.678553], [-8.095527, 41.682614], [-8.083476, 41.685209]]], [[[-8.148732, 41.705951], [-8.143309, 41.703636], [-8.131269, 41.705159], [-8.126932, 41.714795], [-8.131043, 41.721961], [-8.143041, 41.723774], [-8.152195, 41.714984], [-8.148732, 41.705951]]], [[[-8.156189, 41.637679], [-8.15814, 41.633964], [-8.154326, 41.624929], [-8.144421, 41.619688], [-8.132411, 41.620155], [-8.120284, 41.629284], [-8.117255, 41.633657], [-8.117628, 41.642667], [-8.120061, 41.645623], [-8.132006, 41.650321], [-8.144036, 41.648751], [-8.153706, 41.642938], [-8.156189, 41.637679]]], [[[-8.086792, 41.416151], [-8.075358, 41.46219], [-8.076028, 41.471203], [-8.079491, 41.480238], [-8.088416, 41.489316], [-8.110084, 41.497799], [-8.12205, 41.498923], [-8.134048, 41.497666], [-8.170101, 41.489011], [-8.194089, 41.486629], [-8.2181, 41.482199], [-8.230081, 41.481922], [-8.242039, 41.483653], [-8.253961, 41.488548], [-8.2658, 41.500891], [-8.268046, 41.508615], [-8.267192, 41.517617], [-8.26194, 41.52659], [-8.253423, 41.535369], [-8.238793, 41.544454], [-8.230003, 41.553403], [-8.229161, 41.562404], [-8.233017, 41.571437], [-8.241254, 41.580499], [-8.253512, 41.589587], [-8.264725, 41.595843], [-8.288618, 41.605408], [-8.312568, 41.610245], [-8.32457, 41.610241], [-8.348638, 41.603834], [-8.360703, 41.597291], [-8.384866, 41.579926], [-8.396971, 41.568264], [-8.406672, 41.55445], [-8.414258, 41.536474], [-8.416034, 41.527476], [-8.414741, 41.518462], [-8.399906, 41.491363], [-8.397887, 41.482346], [-8.398623, 41.473342], [-8.410036, 41.450356], [-8.432846, 41.428478], [-8.4342, 41.425064], [-8.441911, 41.419515], [-8.434304, 41.413073], [-8.422359, 41.410851], [-8.362537, 41.410558], [-8.33865, 41.406344], [-8.322107, 41.400857], [-8.305177, 41.391748], [-8.293768, 41.382671], [-8.285706, 41.373614], [-8.266351, 41.337747], [-8.263339, 41.340902], [-8.262751, 41.345405], [-8.256483, 41.347663], [-8.255889, 41.349689], [-8.249622, 41.353072], [-8.251123, 41.356897], [-8.248141, 41.360052], [-8.248448, 41.364328], [-8.245461, 41.364781], [-8.244272, 41.368384], [-8.239197, 41.371315], [-8.232024, 41.369971], [-8.224854, 41.370878], [-8.21738, 41.368182], [-8.214399, 41.373587], [-8.208127, 41.376968], [-8.199163, 41.377423], [-8.194677, 41.374275], [-8.191691, 41.376302], [-8.189299, 41.375403], [-8.184818, 41.376756], [-8.168382, 41.377438], [-8.164499, 41.38059], [-8.152544, 41.375866], [-8.151049, 41.37339], [-8.145073, 41.374742], [-8.139694, 41.377894], [-8.133418, 41.374292], [-8.119672, 41.376768], [-8.119672, 41.378569], [-8.116683, 41.380144], [-8.117578, 41.386447], [-8.113992, 41.386896], [-8.112795, 41.390723], [-8.110105, 41.390947], [-8.108011, 41.393648], [-8.103827, 41.392972], [-8.105321, 41.394998], [-8.10263, 41.396123], [-8.107412, 41.39815], [-8.108606, 41.401976], [-8.104419, 41.406252], [-8.104119, 41.408728], [-8.101727, 41.409403], [-8.101128, 41.411654], [-8.092756, 41.411201], [-8.09126, 41.414352], [-8.086792, 41.416151]], [[-8.336905, 41.577698], [-8.312913, 41.577807], [-8.300944, 41.575286], [-8.289001, 41.570554], [-8.277098, 41.562366], [-8.270576, 41.553667], [-8.268747, 41.544648], [-8.2738, 41.517658], [-8.27337, 41.508648], [-8.270392, 41.499622], [-8.265903, 41.491801], [-8.254053, 41.480533], [-8.228954, 41.463322], [-8.221658, 41.454266], [-8.219482, 41.445244], [-8.22103, 41.436247], [-8.227702, 41.427284], [-8.240673, 41.418363], [-8.254848, 41.41103], [-8.266871, 41.405853], [-8.278864, 41.403231], [-8.302772, 41.404998], [-8.338583, 41.412937], [-8.386369, 41.420969], [-8.401268, 41.428318], [-8.405111, 41.437346], [-8.395896, 41.473328], [-8.396916, 41.491348], [-8.404811, 41.518411], [-8.403462, 41.527412], [-8.399481, 41.536398], [-8.385869, 41.554341], [-8.37302, 41.564443], [-8.360964, 41.570798], [-8.336905, 41.577698]]], [[[-8.725425, 41.145703], [-8.729948, 41.177342], [-8.729649, 41.18635], [-8.727277, 41.195352], [-8.721925, 41.204347], [-8.711081, 41.213328], [-8.698444, 41.217798], [-8.662626, 41.223244], [-8.650655, 41.230821], [-8.614635, 41.269024], [-8.590628, 41.289579], [-8.566641, 41.304958], [-8.521747, 41.329799], [-8.508988, 41.338753], [-8.491711, 41.356693], [-8.460308, 41.401588], [-8.458289, 41.406636], [-8.453901, 41.410565], [-8.458237, 41.412788], [-8.464619, 41.419623], [-8.47013, 41.421797], [-8.482005, 41.433282], [-8.502002, 41.464829], [-8.510329, 41.473872], [-8.52949, 41.487394], [-8.565333, 41.501605], [-8.573436, 41.510153], [-8.584774, 41.537216], [-8.600956, 41.553966], [-8.612903, 41.561313], [-8.636847, 41.568721], [-8.648837, 41.569522], [-8.660837, 41.56832], [-8.672623, 41.564522], [-8.684306, 41.555548], [-8.687986, 41.54655], [-8.686054, 41.537538], [-8.680609, 41.528515], [-8.670509, 41.519479], [-8.65685, 41.510432], [-8.619956, 41.492301], [-8.609413, 41.483258], [-8.608205, 41.474247], [-8.610225, 41.465246], [-8.617607, 41.447256], [-8.625615, 41.436572], [-8.636501, 41.429302], [-8.649619, 41.424604], [-8.673568, 41.421751], [-8.685534, 41.42199], [-8.709453, 41.425436], [-8.724613, 41.429547], [-8.747764, 41.438607], [-8.779123, 41.456687], [-8.798571, 41.471346], [-8.80154, 41.446836], [-8.806115, 41.43713], [-8.807354, 41.425915], [-8.81081, 41.419264], [-8.810499, 41.411753], [-8.75739, 41.407463], [-8.68566, 41.395892], [-8.625894, 41.387949], [-8.613953, 41.384609], [-8.602039, 41.377047], [-8.593923, 41.366107], [-8.589662, 41.348076], [-8.594423, 41.32107], [-8.603141, 41.303085], [-8.62238, 41.276126], [-8.65057, 41.246861], [-8.662544, 41.239364], [-8.674499, 41.234905], [-8.698387, 41.230052], [-8.723964, 41.222368], [-8.742083, 41.213402], [-8.782054, 41.187094], [-8.801002, 41.177355], [-8.799695, 41.14406], [-8.725425, 41.145703]], [[-8.624954, 41.551236], [-8.612982, 41.548091], [-8.601043, 41.539811], [-8.594308, 41.528243], [-8.594373, 41.519236], [-8.599991, 41.510248], [-8.613243, 41.504378], [-8.625222, 41.504808], [-8.640458, 41.510382], [-8.652216, 41.519425], [-8.656856, 41.528447], [-8.656062, 41.537452], [-8.648966, 41.545729], [-8.636948, 41.55076], [-8.624954, 41.551236]], [[-8.565471, 41.48089], [-8.553488, 41.48163], [-8.541525, 41.479445], [-8.530184, 41.473955], [-8.520371, 41.464907], [-8.515796, 41.45588], [-8.514782, 41.446868], [-8.517193, 41.437871], [-8.523703, 41.42889], [-8.529952, 41.423458], [-8.541956, 41.418274], [-8.553936, 41.416223], [-8.565894, 41.41753], [-8.577825, 41.422851], [-8.584163, 41.429125], [-8.589458, 41.438151], [-8.591506, 41.447166], [-8.590903, 41.456172], [-8.587653, 41.465167], [-8.57748, 41.476151], [-8.565471, 41.48089]]]]}}, {"id": "10", "type": "Feature", "properties": {"fill": "#a3a3a3", "value_min": -0.67, "value_max": -0.33}, "geometry": {"type": "MultiPolygon", "coordinates": [[[[-8.049485, 41.820664], [-8.038043, 41.813161], [-8.021563, 41.806177], [-7.997558, 41.801644], [-7.985521, 41.801616], [-7.937265, 41.808093], [-7.925176, 41.811099], [-7.912987, 41.819999], [-7.892195, 41.847874], [-7.888301, 41.855711], [-7.891983, 41.859095], [-7.89625, 41.847913], [-7.912928, 41.82349], [-7.92513, 41.813866], [-7.937224, 41.810597], [-7.973408, 41.806361], [-7.997458, 41.808062], [-8.009439, 41.811755], [-8.021388, 41.81765], [-8.037435, 41.830727], [-8.041351, 41.828023], [-8.041054, 41.825097], [-8.045268, 41.824425], [-8.049485, 41.820664]]], [[[-8.453256, 41.695797], [-8.44389, 41.691355], [-8.431899, 41.688381], [-8.419888, 41.687817], [-8.395801, 41.69372], [-8.385756, 41.698455], [-8.373953, 41.707399], [-8.368808, 41.716378], [-8.367512, 41.725378], [-8.368908, 41.73193], [-8.374122, 41.734845], [-8.384922, 41.73032], [-8.387032, 41.731891], [-8.388532, 41.731336], [-8.385558, 41.725475], [-8.38583, 41.71647], [-8.391432, 41.707493], [-8.407772, 41.698673], [-8.419807, 41.696816], [-8.43181, 41.698499], [-8.445498, 41.706056], [-8.453868, 41.697961], [-8.453256, 41.695797]]], [[[-8.164648, 41.751103], [-8.166718, 41.752324], [-8.172886, 41.751162], [-8.178797, 41.748292], [-8.181117, 41.742214], [-8.178904, 41.73991], [-8.166921, 41.736587], [-8.159641, 41.742059], [-8.164648, 41.751103]]], [[[-8.046474, 41.714155], [-8.059024, 41.714075], [-8.065204, 41.705302], [-8.059291, 41.695762], [-8.047284, 41.695018], [-8.039013, 41.705086], [-8.046474, 41.714155]]], [[[-8.083476, 41.685209], [-8.095527, 41.682614], [-8.09922, 41.678553], [-8.095683, 41.671472], [-8.083687, 41.670312], [-8.075837, 41.678367], [-8.083476, 41.685209]]], [[[-8.336905, 41.577698], [-8.360964, 41.570798], [-8.37302, 41.564443], [-8.385869, 41.554341], [-8.399481, 41.536398], [-8.403462, 41.527412], [-8.404811, 41.518411], [-8.396916, 41.491348], [-8.395896, 41.473328], [-8.405111, 41.437346], [-8.401268, 41.428318], [-8.386369, 41.420969], [-8.338583, 41.412937], [-8.302772, 41.404998], [-8.278864, 41.403231], [-8.266871, 41.405853], [-8.254848, 41.41103], [-8.240673, 41.418363], [-8.227702, 41.427284], [-8.22103, 41.436247], [-8.219482, 41.445244], [-8.221658, 41.454266], [-8.228954, 41.463322], [-8.254053, 41.480533], [-8.265903, 41.491801], [-8.270392, 41.499622], [-8.27337, 41.508648], [-8.2738, 41.517658], [-8.268747, 41.544648], [-8.270576, 41.553667], [-8.277098, 41.562366], [-8.289001, 41.570554], [-8.300944, 41.575286], [-8.312913, 41.577807], [-8.336905, 41.577698]], [[-8.349076, 41.560221], [-8.325071, 41.562117], [-8.313096, 41.560447], [-8.30115, 41.556186], [-8.289253, 41.547579], [-8.282476, 41.535728], [-8.278487, 41.508681], [-8.275331, 41.499653], [-8.265997, 41.483474], [-8.251164, 41.463469], [-8.248725, 41.454446], [-8.250273, 41.445448], [-8.256142, 41.436479], [-8.267007, 41.427541], [-8.278663, 41.421406], [-8.290669, 41.41786], [-8.314615, 41.416478], [-8.362415, 41.423051], [-8.38004, 41.428206], [-8.391974, 41.437277], [-8.395159, 41.446301], [-8.393455, 41.482322], [-8.397485, 41.509366], [-8.397057, 41.518371], [-8.394047, 41.527362], [-8.385248, 41.539641], [-8.37316, 41.549925], [-8.361108, 41.556207], [-8.349076, 41.560221]]], [[[-8.624954, 41.551236], [-8.636948, 41.55076], [-8.648966, 41.545729], [-8.656062, 41.537452], [-8.656856, 41.528447], [-8.652216, 41.519425], [-8.640458, 41.510382], [-8.625222, 41.504808], [-8.613243, 41.504378], [-8.599991, 41.510248], [-8.594373, 41.519236], [-8.594308, 41.528243], [-8.601043, 41.539811], [-8.612982, 41.548091], [-8.624954, 41.551236]], [[-8.620549, 41.53734], [-8.613066, 41.533976], [-8.609012, 41.528294], [-8.611297, 41.519294], [-8.625162, 41.515175], [-8.636315, 41.519376], [-8.639898, 41.528395], [-8.637047, 41.533033], [-8.62943, 41.537369], [-8.625028, 41.538509], [-8.620549, 41.53734]]], [[[-8.565471, 41.48089], [-8.57748, 41.476151], [-8.587653, 41.465167], [-8.590903, 41.456172], [-8.591506, 41.447166], [-8.589458, 41.438151], [-8.584163, 41.429125], [-8.577825, 41.422851], [-8.565894, 41.41753], [-8.553936, 41.416223], [-8.541956, 41.418274], [-8.529952, 41.423458], [-8.523703, 41.42889], [-8.517193, 41.437871], [-8.514782, 41.446868], [-8.515796, 41.45588], [-8.520371, 41.464907], [-8.530184, 41.473955], [-8.541525, 41.479445], [-8.553488, 41.48163], [-8.565471, 41.48089]], [[-8.55357, 41.469681], [-8.54161, 41.467506], [-8.53771, 41.464978], [-8.532097, 41.455947], [-8.534971, 41.446952], [-8.541793, 41.441423], [-8.553777, 41.43946], [-8.565717, 41.444033], [-8.568775, 41.447083], [-8.571451, 41.456101], [-8.56653, 41.46509], [-8.55357, 41.469681]]], [[[-8.808841, 41.376508], [-8.781405, 41.381609], [-8.745524, 41.382351], [-8.721617, 41.37941], [-8.697731, 41.372336], [-8.685806, 41.365536], [-8.662, 41.344757], [-8.631244, 41.321194], [-8.626542, 41.312171], [-8.625287, 41.303159], [-8.630308, 41.28516], [-8.635745, 41.276169], [-8.650503, 41.259349], [-8.664611, 41.249234], [-8.686403, 41.241021], [-8.770014, 41.22021], [-8.802554, 41.216889], [-8.801002, 41.177355], [-8.782054, 41.187094], [-8.742083, 41.213402], [-8.723964, 41.222368], [-8.698387, 41.230052], [-8.674499, 41.234905], [-8.662544, 41.239364], [-8.65057, 41.246861], [-8.62238, 41.276126], [-8.603141, 41.303085], [-8.594423, 41.32107], [-8.589662, 41.348076], [-8.593923, 41.366107], [-8.602039, 41.377047], [-8.613953, 41.384609], [-8.625894, 41.387949], [-8.68566, 41.395892], [-8.75739, 41.407463], [-8.810499, 41.411753], [-8.808841, 41.376508]]]]}}, {"id": "16", "type": "Feature", "properties": {"fill": "#80a4d0", "value_min": 1.33, "value_max": 1.67}, "geometry": {"type": "MultiPolygon", "coordinates": [[[[-8.001661, 41.850268], [-7.999997, 41.839856], [-7.994362, 41.8308], [-7.981505, 41.82168], [-7.973213, 41.818574], [-7.961206, 41.816523], [-7.949165, 41.816588], [-7.937088, 41.818787], [-7.924944, 41.824983], [-7.919267, 41.830118], [-7.91402, 41.839075], [-7.911894, 41.848062], [-7.912644, 41.857076], [-7.916723, 41.866121], [-7.924122, 41.874084], [-7.929847, 41.877398], [-7.934077, 41.875173], [-7.921319, 41.866164], [-7.915767, 41.857105], [-7.914297, 41.848085], [-7.91597, 41.839094], [-7.921432, 41.830138], [-7.937063, 41.820292], [-7.949144, 41.817844], [-7.961182, 41.817968], [-7.975824, 41.821629], [-7.990004, 41.830762], [-7.995393, 41.839816], [-7.995887, 41.852287], [-8.001661, 41.850268]]], [[[-7.99586, 41.852415], [-7.99586, 41.852415], [-7.995792, 41.852737], [-7.99586, 41.852415]]], [[[-7.994797, 41.857462], [-7.994797, 41.857462], [-7.994505, 41.858137], [-7.994797, 41.857462]]], [[[-7.988302, 41.867009], [-7.985589, 41.86938], [-7.987996, 41.869157], [-7.988302, 41.867009]]], [[[-7.985586, 41.869382], [-7.985586, 41.869382], [-7.98456, 41.870278], [-7.985586, 41.869382]]], [[[-8.361415, 41.524998], [-8.373485, 41.516333], [-8.37903, 41.509267], [-8.38255, 41.500279], [-8.383128, 41.482267], [-8.378372, 41.464227], [-8.374053, 41.457354], [-8.362171, 41.447958], [-8.350241, 41.443816], [-8.338286, 41.442213], [-8.326309, 41.4428], [-8.314307, 41.445838], [-8.298394, 41.454759], [-8.291335, 41.463724], [-8.288366, 41.472713], [-8.290375, 41.49074], [-8.298281, 41.508803], [-8.305801, 41.517856], [-8.313482, 41.523986], [-8.325419, 41.528661], [-8.337389, 41.530319], [-8.349389, 41.529031], [-8.361415, 41.524998]], [[-8.349422, 41.52573], [-8.337426, 41.526684], [-8.325455, 41.52519], [-8.313524, 41.519989], [-8.301663, 41.508459], [-8.29308, 41.490757], [-8.292274, 41.472737], [-8.296061, 41.463753], [-8.305163, 41.4548], [-8.314267, 41.449646], [-8.326271, 41.446489], [-8.33825, 41.445761], [-8.350208, 41.447138], [-8.362137, 41.451411], [-8.374008, 41.461944], [-8.379474, 41.47324], [-8.381749, 41.491267], [-8.380302, 41.500267], [-8.375836, 41.50925], [-8.361448, 41.521636], [-8.349422, 41.52573]]], [[[-8.733776, 41.33038], [-8.745738, 41.327313], [-8.756894, 41.321528], [-8.766317, 41.31254], [-8.770727, 41.303541], [-8.771786, 41.294535], [-8.76936, 41.285522], [-8.763159, 41.276502], [-8.745976, 41.266018], [-8.73405, 41.262981], [-8.722115, 41.262113], [-8.710173, 41.263182], [-8.696128, 41.267337], [-8.682087, 41.276307], [-8.675628, 41.285297], [-8.673458, 41.294298], [-8.67499, 41.30331], [-8.680321, 41.312333], [-8.697948, 41.325388], [-8.70988, 41.329418], [-8.721823, 41.33104], [-8.733776, 41.33038]], [[-8.721846, 41.32557], [-8.709902, 41.324252], [-8.701943, 41.321399], [-8.687588, 41.312353], [-8.681312, 41.303328], [-8.679711, 41.294316], [-8.682303, 41.285315], [-8.690437, 41.27633], [-8.698196, 41.271701], [-8.710152, 41.26796], [-8.722095, 41.267039], [-8.734027, 41.268657], [-8.75092, 41.276476], [-8.758779, 41.285501], [-8.761612, 41.294514], [-8.76037, 41.30352], [-8.754795, 41.312516], [-8.741466, 41.321494], [-8.733801, 41.324161], [-8.721846, 41.32557]]]]}}, {"id": "15", "type": "Feature", "properties": {"fill": "#97a3b2", "value_min": 1.0, "value_max": 1.33}, "geometry": {"type": "MultiPolygon", "coordinates": [[[[-8.006208, 41.843971], [-7.99946, 41.830845], [-7.985221, 41.820598], [-7.973246, 41.816509], [-7.961229, 41.815077], [-7.937113, 41.817283], [-7.924978, 41.822974], [-7.917101, 41.830098], [-7.909008, 41.848034], [-7.909031, 41.857041], [-7.91212, 41.866077], [-7.921805, 41.877834], [-7.929847, 41.877398], [-7.924122, 41.874084], [-7.916723, 41.866121], [-7.912644, 41.857076], [-7.911894, 41.848062], [-7.91402, 41.839075], [-7.919267, 41.830118], [-7.924944, 41.824983], [-7.937088, 41.818787], [-7.949165, 41.816588], [-7.961206, 41.816523], [-7.973213, 41.818574], [-7.981505, 41.82168], [-7.994362, 41.8308], [-7.999997, 41.839856], [-8.001661, 41.850268], [-8.005804, 41.847346], [-8.006208, 41.843971]]], [[[-8.37344, 41.52097], [-8.382226, 41.509285], [-8.385347, 41.491287], [-8.381309, 41.464243], [-8.374101, 41.452272], [-8.36221, 41.444015], [-8.350278, 41.440107], [-8.338322, 41.438665], [-8.326349, 41.438933], [-8.314356, 41.441131], [-8.302331, 41.44623], [-8.290248, 41.456442], [-8.285693, 41.463689], [-8.283732, 41.472684], [-8.286941, 41.490719], [-8.294621, 41.508781], [-8.301551, 41.5189], [-8.313436, 41.528371], [-8.325375, 41.532898], [-8.33735, 41.534126], [-8.349349, 41.532983], [-8.361377, 41.528847], [-8.37344, 41.52097]], [[-8.361415, 41.524998], [-8.349389, 41.529031], [-8.337389, 41.530319], [-8.325419, 41.528661], [-8.313482, 41.523986], [-8.305801, 41.517856], [-8.298281, 41.508803], [-8.290375, 41.49074], [-8.288366, 41.472713], [-8.291335, 41.463724], [-8.298394, 41.454759], [-8.314307, 41.445838], [-8.326309, 41.4428], [-8.338286, 41.442213], [-8.350241, 41.443816], [-8.362171, 41.447958], [-8.374053, 41.457354], [-8.378372, 41.464227], [-8.383128, 41.482267], [-8.38255, 41.500279], [-8.37903, 41.509267], [-8.373485, 41.516333], [-8.361415, 41.524998]]], [[[-8.769652, 41.32321], [-8.779105, 41.312565], [-8.782792, 41.303564], [-8.783704, 41.294558], [-8.781579, 41.285546], [-8.776517, 41.276529], [-8.76624, 41.267501], [-8.757925, 41.263141], [-8.746002, 41.259201], [-8.734073, 41.257332], [-8.710194, 41.258427], [-8.698244, 41.261318], [-8.686281, 41.266555], [-8.674226, 41.276285], [-8.668522, 41.285276], [-8.666627, 41.294279], [-8.668022, 41.30329], [-8.67309, 41.312313], [-8.681993, 41.321345], [-8.697922, 41.330975], [-8.709854, 41.335223], [-8.721797, 41.337123], [-8.733748, 41.337118], [-8.745707, 41.335157], [-8.757675, 41.330831], [-8.769652, 41.32321]], [[-8.733776, 41.33038], [-8.721823, 41.33104], [-8.70988, 41.329418], [-8.697948, 41.325388], [-8.680321, 41.312333], [-8.67499, 41.30331], [-8.673458, 41.294298], [-8.675628, 41.285297], [-8.682087, 41.276307], [-8.696128, 41.267337], [-8.710173, 41.263182], [-8.722115, 41.262113], [-8.73405, 41.262981], [-8.745976, 41.266018], [-8.763159, 41.276502], [-8.76936, 41.285522], [-8.771786, 41.294535], [-8.770727, 41.303541], [-8.766317, 41.31254], [-8.756894, 41.321528], [-8.745738, 41.327313], [-8.733776, 41.33038]]]]}}, {"id": "17", "type": "Feature", "properties": {"fill": "#6ba5ec", "value_min": 1.67, "value_max": 2.0}, "geometry": {"type": "MultiPolygon", "coordinates": [[[[-7.98456, 41.870278], [-7.985586, 41.869382], [-7.985589, 41.86938], [-7.988302, 41.867009], [-7.990123, 41.860157], [-7.994505, 41.858137], [-7.994797, 41.857462], [-7.994047, 41.855211], [-7.995792, 41.852737], [-7.99586, 41.852415], [-7.995887, 41.852287], [-7.995393, 41.839816], [-7.990004, 41.830762], [-7.975824, 41.821629], [-7.961182, 41.817968], [-7.949144, 41.817844], [-7.937063, 41.820292], [-7.921432, 41.830138], [-7.91597, 41.839094], [-7.914297, 41.848085], [-7.915767, 41.857105], [-7.921319, 41.866164], [-7.934077, 41.875173], [-7.937389, 41.87516], [-7.938901, 41.873332], [-7.926183, 41.86621], [-7.918891, 41.857135], [-7.916568, 41.848106], [-7.917921, 41.839112], [-7.923598, 41.830159], [-7.937039, 41.821767], [-7.949124, 41.819101], [-7.961159, 41.819414], [-7.973148, 41.822667], [-7.985648, 41.830723], [-7.991757, 41.839784], [-7.992767, 41.8488], [-7.989896, 41.857781], [-7.981927, 41.866717], [-7.97235, 41.872544], [-7.964185, 41.874527], [-7.973828, 41.875216], [-7.98456, 41.870278]]], [[[-7.961782, 41.875111], [-7.961782, 41.875111], [-7.9605, 41.875422], [-7.961782, 41.875111]]], [[[-8.349422, 41.52573], [-8.361448, 41.521636], [-8.375836, 41.50925], [-8.380302, 41.500267], [-8.381749, 41.491267], [-8.379474, 41.47324], [-8.374008, 41.461944], [-8.362137, 41.451411], [-8.350208, 41.447138], [-8.33825, 41.445761], [-8.326271, 41.446489], [-8.314267, 41.449646], [-8.305163, 41.4548], [-8.296061, 41.463753], [-8.292274, 41.472737], [-8.29308, 41.490757], [-8.301663, 41.508459], [-8.313524, 41.519989], [-8.325455, 41.52519], [-8.337426, 41.526684], [-8.349422, 41.52573]], [[-8.349449, 41.523038], [-8.337452, 41.524095], [-8.325486, 41.522223], [-8.313562, 41.516418], [-8.301715, 41.503686], [-8.295785, 41.490773], [-8.294493, 41.481758], [-8.295762, 41.472758], [-8.300789, 41.463781], [-8.314226, 41.453452], [-8.326241, 41.449431], [-8.338223, 41.448431], [-8.35018, 41.449869], [-8.362103, 41.454865], [-8.372473, 41.464195], [-8.377366, 41.473229], [-8.37995, 41.491258], [-8.378054, 41.500255], [-8.372683, 41.509233], [-8.361619, 41.518179], [-8.349449, 41.523038]]], [[[-8.721846, 41.32557], [-8.733801, 41.324161], [-8.741466, 41.321494], [-8.754795, 41.312516], [-8.76037, 41.30352], [-8.761612, 41.294514], [-8.758779, 41.285501], [-8.75092, 41.276476], [-8.734027, 41.268657], [-8.722095, 41.267039], [-8.710152, 41.26796], [-8.698196, 41.271701], [-8.690437, 41.27633], [-8.682303, 41.285315], [-8.679711, 41.294316], [-8.681312, 41.303328], [-8.687588, 41.312353], [-8.701943, 41.321399], [-8.709902, 41.324252], [-8.721846, 41.32557]], [[-8.721869, 41.320108], [-8.709926, 41.319022], [-8.698, 41.314193], [-8.687806, 41.303346], [-8.685895, 41.294333], [-8.689322, 41.285334], [-8.69817, 41.277252], [-8.71013, 41.272913], [-8.722073, 41.272187], [-8.738051, 41.276448], [-8.748933, 41.28548], [-8.752267, 41.294495], [-8.750759, 41.303499], [-8.743461, 41.312491], [-8.733828, 41.317674], [-8.721869, 41.320108]]]]}}, {"id": "14", "type": "Feature", "properties": {"fill": "#a3a3a3", "value_min": 0.67, "value_max": 1.0}, "geometry": {"type": "MultiPolygon", "coordinates": [[[[-8.009844, 41.837673], [-8.005819, 41.8309], [-7.997213, 41.823738], [-7.985272, 41.817403], [-7.973279, 41.814445], [-7.961252, 41.813631], [-7.937138, 41.815778], [-7.924698, 41.821162], [-7.914936, 41.830077], [-7.909322, 41.839031], [-7.906123, 41.848007], [-7.906902, 41.864752], [-7.907035, 41.865427], [-7.909871, 41.871059], [-7.910298, 41.87185], [-7.910479, 41.872186], [-7.910597, 41.872404], [-7.916133, 41.879174], [-7.921805, 41.877834], [-7.91212, 41.866077], [-7.909031, 41.857041], [-7.909008, 41.848034], [-7.917101, 41.830098], [-7.924978, 41.822974], [-7.937113, 41.817283], [-7.961229, 41.815077], [-7.973246, 41.816509], [-7.985221, 41.820598], [-7.99946, 41.830845], [-8.006208, 41.843971], [-8.009844, 41.837673]]], [[[-8.36133, 41.533603], [-8.373391, 41.526035], [-8.380818, 41.518284], [-8.38542, 41.509302], [-8.387476, 41.500305], [-8.386856, 41.482287], [-8.384247, 41.464258], [-8.380876, 41.455233], [-8.373379, 41.446185], [-8.362254, 41.439517], [-8.350317, 41.436217], [-8.326395, 41.434543], [-8.314407, 41.436323], [-8.302397, 41.440033], [-8.290345, 41.44758], [-8.283624, 41.454668], [-8.279751, 41.463652], [-8.280519, 41.481671], [-8.295718, 41.517795], [-8.301482, 41.525294], [-8.313378, 41.533815], [-8.325326, 41.537622], [-8.337303, 41.53879], [-8.349306, 41.537303], [-8.36133, 41.533603]], [[-8.37344, 41.52097], [-8.361377, 41.528847], [-8.349349, 41.532983], [-8.33735, 41.534126], [-8.325375, 41.532898], [-8.313436, 41.528371], [-8.301551, 41.5189], [-8.294621, 41.508781], [-8.286941, 41.490719], [-8.283732, 41.472684], [-8.285693, 41.463689], [-8.290248, 41.456442], [-8.302331, 41.44623], [-8.314356, 41.441131], [-8.326349, 41.438933], [-8.338322, 41.438665], [-8.350278, 41.440107], [-8.36221, 41.444015], [-8.374101, 41.452272], [-8.381309, 41.464243], [-8.385347, 41.491287], [-8.382226, 41.509285], [-8.37344, 41.52097]]], [[[-8.769607, 41.335888], [-8.778452, 41.330579], [-8.788466, 41.32159], [-8.797757, 41.303591], [-8.798544, 41.294585], [-8.796813, 41.285574], [-8.79231, 41.276558], [-8.781793, 41.265689], [-8.769879, 41.258619], [-8.757957, 41.254464], [-8.734096, 41.251455], [-8.710216, 41.253334], [-8.698268, 41.256103], [-8.686309, 41.260589], [-8.675094, 41.267279], [-8.665968, 41.276261], [-8.661111, 41.285255], [-8.659231, 41.294257], [-8.660633, 41.303269], [-8.665096, 41.31229], [-8.673258, 41.321321], [-8.685141, 41.330362], [-8.697893, 41.337397], [-8.721767, 41.344076], [-8.745675, 41.343613], [-8.757638, 41.340746], [-8.769607, 41.335888]], [[-8.769652, 41.32321], [-8.757675, 41.330831], [-8.745707, 41.335157], [-8.733748, 41.337118], [-8.721797, 41.337123], [-8.709854, 41.335223], [-8.697922, 41.330975], [-8.681993, 41.321345], [-8.67309, 41.312313], [-8.668022, 41.30329], [-8.666627, 41.294279], [-8.668522, 41.285276], [-8.674226, 41.276285], [-8.686281, 41.266555], [-8.698244, 41.261318], [-8.710194, 41.258427], [-8.734073, 41.257332], [-8.746002, 41.259201], [-8.757925, 41.263141], [-8.76624, 41.267501], [-8.776517, 41.276529], [-8.781579, 41.285546], [-8.783704, 41.294558], [-8.782792, 41.303564], [-8.779105, 41.312565], [-8.769652, 41.32321]]]]}}, {"id": "18", "type": "Feature", "properties": {"fill": "#5599f7", "value_min": 2.0, "value_max": 2.33}, "geometry": {"type": "MultiPolygon", "coordinates": [[[[-7.9605, 41.875422], [-7.961782, 41.875111], [-7.962086, 41.874074], [-7.964185, 41.874527], [-7.97235, 41.872544], [-7.981927, 41.866717], [-7.989896, 41.857781], [-7.992767, 41.8488], [-7.991757, 41.839784], [-7.985648, 41.830723], [-7.973148, 41.822667], [-7.961159, 41.819414], [-7.949124, 41.819101], [-7.937039, 41.821767], [-7.923598, 41.830159], [-7.917921, 41.839112], [-7.916568, 41.848106], [-7.918891, 41.857135], [-7.926183, 41.86621], [-7.938901, 41.873332], [-7.942088, 41.870892], [-7.931516, 41.86626], [-7.922014, 41.857164], [-7.91884, 41.848127], [-7.919871, 41.83913], [-7.925787, 41.830179], [-7.937016, 41.823186], [-7.949103, 41.820359], [-7.961136, 41.820859], [-7.973116, 41.824661], [-7.982353, 41.830694], [-7.988123, 41.839752], [-7.988921, 41.848766], [-7.985073, 41.857739], [-7.975375, 41.866659], [-7.960303, 41.872309], [-7.954864, 41.872413], [-7.956362, 41.875191], [-7.9605, 41.875422]]], [[[-7.944026, 41.87141], [-7.944026, 41.87141], [-7.94222, 41.870927], [-7.944026, 41.87141]]], [[[-8.349449, 41.523038], [-8.361619, 41.518179], [-8.372683, 41.509233], [-8.378054, 41.500255], [-8.37995, 41.491258], [-8.377366, 41.473229], [-8.372473, 41.464195], [-8.362103, 41.454865], [-8.35018, 41.449869], [-8.338223, 41.448431], [-8.326241, 41.449431], [-8.314226, 41.453452], [-8.300789, 41.463781], [-8.295762, 41.472758], [-8.294493, 41.481758], [-8.295785, 41.490773], [-8.301715, 41.503686], [-8.313562, 41.516418], [-8.325486, 41.522223], [-8.337452, 41.524095], [-8.349449, 41.523038]], [[-8.337479, 41.521506], [-8.325517, 41.519255], [-8.313595, 41.513312], [-8.308772, 41.508867], [-8.302234, 41.49982], [-8.298489, 41.49079], [-8.297358, 41.481775], [-8.302097, 41.468029], [-8.30512, 41.463808], [-8.31419, 41.456896], [-8.32621, 41.452375], [-8.338196, 41.451041], [-8.350153, 41.4526], [-8.362077, 41.457553], [-8.369493, 41.464179], [-8.375258, 41.473217], [-8.378152, 41.491248], [-8.373603, 41.50409], [-8.361506, 41.515762], [-8.349476, 41.520347], [-8.337479, 41.521506]]], [[[-8.721869, 41.320108], [-8.733828, 41.317674], [-8.743461, 41.312491], [-8.750759, 41.303499], [-8.752267, 41.294495], [-8.748933, 41.28548], [-8.738051, 41.276448], [-8.722073, 41.272187], [-8.71013, 41.272913], [-8.69817, 41.277252], [-8.689322, 41.285334], [-8.685895, 41.294333], [-8.687806, 41.303346], [-8.698, 41.314193], [-8.709926, 41.319022], [-8.721869, 41.320108]], [[-8.709949, 41.313714], [-8.698033, 41.306994], [-8.694839, 41.303365], [-8.692766, 41.294351], [-8.698138, 41.284152], [-8.710106, 41.278277], [-8.72205, 41.277624], [-8.733973, 41.281939], [-8.738648, 41.285457], [-8.743109, 41.294475], [-8.741052, 41.303478], [-8.733857, 41.310332], [-8.729275, 41.312458], [-8.721893, 41.314462], [-8.709949, 41.313714]]]]}}, {"id": "11", "type": "Feature", "properties": {"fill": "#a3a3a3", "value_min": -0.33, "value_max": 0.0}, "geometry": {"type": "MultiPolygon", "coordinates": [[[[-8.037435, 41.830727], [-8.021388, 41.81765], [-8.009439, 41.811755], [-7.997458, 41.808062], [-7.973408, 41.806361], [-7.937224, 41.810597], [-7.92513, 41.813866], [-7.912928, 41.82349], [-7.89625, 41.847913], [-7.891983, 41.859095], [-7.89704, 41.860231], [-7.904198, 41.838982], [-7.912873, 41.826739], [-7.925091, 41.816221], [-7.937188, 41.81277], [-7.961316, 41.809702], [-7.98538, 41.810528], [-7.997369, 41.813748], [-8.009322, 41.819364], [-8.023067, 41.830709], [-8.030816, 41.82959], [-8.037435, 41.830727]]], [[[-8.445498, 41.706056], [-8.43181, 41.698499], [-8.419807, 41.696816], [-8.407772, 41.698673], [-8.391432, 41.707493], [-8.38583, 41.71647], [-8.385558, 41.725475], [-8.388532, 41.731336], [-8.393033, 41.729852], [-8.396942, 41.730518], [-8.402408, 41.726454], [-8.399603, 41.716543], [-8.407692, 41.707386], [-8.419729, 41.705474], [-8.427585, 41.707678], [-8.435205, 41.715118], [-8.441632, 41.713975], [-8.441618, 41.711049], [-8.445498, 41.706056]]], [[[-8.349076, 41.560221], [-8.361108, 41.556207], [-8.37316, 41.549925], [-8.385248, 41.539641], [-8.394047, 41.527362], [-8.397057, 41.518371], [-8.397485, 41.509366], [-8.393455, 41.482322], [-8.395159, 41.446301], [-8.391974, 41.437277], [-8.38004, 41.428206], [-8.362415, 41.423051], [-8.314615, 41.416478], [-8.290669, 41.41786], [-8.278663, 41.421406], [-8.267007, 41.427541], [-8.256142, 41.436479], [-8.250273, 41.445448], [-8.248725, 41.454446], [-8.251164, 41.463469], [-8.265997, 41.483474], [-8.275331, 41.499653], [-8.278487, 41.508681], [-8.282476, 41.535728], [-8.289253, 41.547579], [-8.30115, 41.556186], [-8.313096, 41.560447], [-8.325071, 41.562117], [-8.349076, 41.560221]], [[-8.349175, 41.550362], [-8.337168, 41.551926], [-8.325181, 41.551552], [-8.313218, 41.548934], [-8.301292, 41.542957], [-8.289456, 41.52895], [-8.277846, 41.495108], [-8.266445, 41.472575], [-8.26353, 41.463549], [-8.263966, 41.454544], [-8.268127, 41.445563], [-8.278507, 41.435549], [-8.290547, 41.429078], [-8.302553, 41.425509], [-8.326505, 41.42388], [-8.362356, 41.429067], [-8.374283, 41.433419], [-8.380207, 41.437214], [-8.387587, 41.446261], [-8.390198, 41.455283], [-8.393335, 41.500336], [-8.391342, 41.518341], [-8.385357, 41.528185], [-8.373258, 41.539848], [-8.361205, 41.546305], [-8.349175, 41.550362]]], [[[-8.620549, 41.53734], [-8.625028, 41.538509], [-8.62943, 41.537369], [-8.637047, 41.533033], [-8.639898, 41.528395], [-8.636315, 41.519376], [-8.625162, 41.515175], [-8.611297, 41.519294], [-8.609012, 41.528294], [-8.613066, 41.533976], [-8.620549, 41.53734]]], [[[-8.55357, 41.469681], [-8.56653, 41.46509], [-8.571451, 41.456101], [-8.568775, 41.447083], [-8.565717, 41.444033], [-8.553777, 41.43946], [-8.541793, 41.441423], [-8.534971, 41.446952], [-8.532097, 41.455947], [-8.53771, 41.464978], [-8.54161, 41.467506], [-8.55357, 41.469681]]], [[[-8.802554, 41.216889], [-8.770014, 41.22021], [-8.686403, 41.241021], [-8.664611, 41.249234], [-8.650503, 41.259349], [-8.635745, 41.276169], [-8.630308, 41.28516], [-8.625287, 41.303159], [-8.626542, 41.312171], [-8.631244, 41.321194], [-8.662, 41.344757], [-8.685806, 41.365536], [-8.697731, 41.372336], [-8.721617, 41.37941], [-8.745524, 41.382351], [-8.781405, 41.381609], [-8.808841, 41.376508], [-8.807799, 41.350106], [-8.781475, 41.360867], [-8.757547, 41.365117], [-8.733634, 41.365134], [-8.709742, 41.360428], [-8.697809, 41.355522], [-8.685889, 41.348312], [-8.661619, 41.330295], [-8.64371, 41.312225], [-8.640454, 41.303208], [-8.640201, 41.294199], [-8.642419, 41.285198], [-8.64716, 41.276205], [-8.662437, 41.260099], [-8.683119, 41.249286], [-8.710266, 41.24217], [-8.758027, 41.235436], [-8.78189, 41.236271], [-8.803525, 41.241595], [-8.802554, 41.216889]]]]}}, {"id": "13", "type": "Feature", "properties": {"fill": "#a3a3a3", "value_min": 0.33, "value_max": 0.67}, "geometry": {"type": "MultiPolygon", "coordinates": [[[[-8.012759, 41.830275], [-8.003124, 41.82187], [-7.985322, 41.814207], [-7.961279, 41.812004], [-7.937163, 41.814275], [-7.925051, 41.818576], [-7.91276, 41.830057], [-7.903237, 41.847979], [-7.901956, 41.861591], [-7.904318, 41.859795], [-7.906902, 41.864752], [-7.906123, 41.848007], [-7.909322, 41.839031], [-7.914936, 41.830077], [-7.924698, 41.821162], [-7.937138, 41.815778], [-7.961252, 41.813631], [-7.973279, 41.814445], [-7.985272, 41.817403], [-7.997213, 41.823738], [-8.005819, 41.8309], [-8.009844, 41.837673], [-8.012753, 41.833624], [-8.012759, 41.830275]]], [[[-7.916133, 41.879174], [-7.910597, 41.872404], [-7.910285, 41.875562], [-7.916133, 41.879174]]], [[[-7.910479, 41.872186], [-7.910479, 41.872186], [-7.910298, 41.87185], [-7.910479, 41.872186]]], [[[-7.909871, 41.871059], [-7.907035, 41.865427], [-7.906095, 41.868126], [-7.909871, 41.871059]]], [[[-8.373331, 41.532296], [-8.385626, 41.51831], [-8.389422, 41.509323], [-8.390406, 41.500321], [-8.387375, 41.464275], [-8.385321, 41.455257], [-8.380461, 41.446223], [-8.374216, 41.44033], [-8.362302, 41.434556], [-8.338411, 41.429953], [-8.314468, 41.430488], [-8.294291, 41.436719], [-8.28131, 41.445647], [-8.274796, 41.454613], [-8.272305, 41.463605], [-8.276004, 41.481643], [-8.289604, 41.515431], [-8.295894, 41.526803], [-8.301398, 41.53312], [-8.313308, 41.540481], [-8.325263, 41.543659], [-8.337246, 41.544339], [-8.349248, 41.543058], [-8.361275, 41.539259], [-8.373331, 41.532296]], [[-8.36133, 41.533603], [-8.349306, 41.537303], [-8.337303, 41.53879], [-8.325326, 41.537622], [-8.313378, 41.533815], [-8.301482, 41.525294], [-8.295718, 41.517795], [-8.280519, 41.481671], [-8.279751, 41.463652], [-8.283624, 41.454668], [-8.290345, 41.44758], [-8.302397, 41.440033], [-8.314407, 41.436323], [-8.326395, 41.434543], [-8.350317, 41.436217], [-8.362254, 41.439517], [-8.373379, 41.446185], [-8.380876, 41.455233], [-8.384247, 41.464258], [-8.386856, 41.482287], [-8.387476, 41.500305], [-8.38542, 41.509302], [-8.380818, 41.518284], [-8.373391, 41.526035], [-8.36133, 41.533603]]], [[[-8.80447, 41.265617], [-8.793758, 41.256983], [-8.781841, 41.251122], [-8.769918, 41.247493], [-8.746058, 41.244773], [-8.71024, 41.248061], [-8.686339, 41.254463], [-8.674373, 41.260364], [-8.665017, 41.267251], [-8.657057, 41.276235], [-8.652515, 41.285229], [-8.650832, 41.294232], [-8.651746, 41.303242], [-8.655687, 41.312262], [-8.674025, 41.330205], [-8.697857, 41.345164], [-8.721732, 41.352472], [-8.745636, 41.35344], [-8.769562, 41.348659], [-8.789573, 41.339608], [-8.801442, 41.330621], [-8.806791, 41.324527], [-8.80447, 41.265617]], [[-8.769607, 41.335888], [-8.757638, 41.340746], [-8.745675, 41.343613], [-8.721767, 41.344076], [-8.697893, 41.337397], [-8.685141, 41.330362], [-8.673258, 41.321321], [-8.665096, 41.31229], [-8.660633, 41.303269], [-8.659231, 41.294257], [-8.661111, 41.285255], [-8.665968, 41.276261], [-8.675094, 41.267279], [-8.686309, 41.260589], [-8.698268, 41.256103], [-8.710216, 41.253334], [-8.734096, 41.251455], [-8.757957, 41.254464], [-8.769879, 41.258619], [-8.781793, 41.265689], [-8.79231, 41.276558], [-8.796813, 41.285574], [-8.798544, 41.294585], [-8.797757, 41.303591], [-8.788466, 41.32159], [-8.778452, 41.330579], [-8.769607, 41.335888]]]]}}, {"id": "19", "type": "Feature", "properties": {"fill": "#4182f2", "value_min": 2.33, "value_max": 2.67}, "geometry": {"type": "MultiPolygon", "coordinates": [[[[-7.954864, 41.872413], [-7.960303, 41.872309], [-7.975375, 41.866659], [-7.985073, 41.857739], [-7.988921, 41.848766], [-7.988123, 41.839752], [-7.982353, 41.830694], [-7.973116, 41.824661], [-7.961136, 41.820859], [-7.949103, 41.820359], [-7.937016, 41.823186], [-7.925787, 41.830179], [-7.919871, 41.83913], [-7.91884, 41.848127], [-7.922014, 41.857164], [-7.931516, 41.86626], [-7.942088, 41.870892], [-7.94222, 41.870927], [-7.944026, 41.87141], [-7.951254, 41.871132], [-7.954864, 41.872413]], [[-7.948297, 41.869593], [-7.936306, 41.866034], [-7.925198, 41.857194], [-7.921111, 41.848149], [-7.92182, 41.839149], [-7.92801, 41.8302], [-7.936992, 41.824606], [-7.94908, 41.821777], [-7.961107, 41.822601], [-7.973084, 41.826655], [-7.979226, 41.830667], [-7.984572, 41.839721], [-7.985074, 41.848732], [-7.980811, 41.857701], [-7.972476, 41.864648], [-7.960354, 41.869134], [-7.948297, 41.869593]]], [[[-8.337479, 41.521506], [-8.349476, 41.520347], [-8.361506, 41.515762], [-8.373603, 41.50409], [-8.378152, 41.491248], [-8.375258, 41.473217], [-8.369493, 41.464179], [-8.362077, 41.457553], [-8.350153, 41.4526], [-8.338196, 41.451041], [-8.32621, 41.452375], [-8.31419, 41.456896], [-8.30512, 41.463808], [-8.302097, 41.468029], [-8.297358, 41.481775], [-8.298489, 41.49079], [-8.302234, 41.49982], [-8.308772, 41.508867], [-8.313595, 41.513312], [-8.325517, 41.519255], [-8.337479, 41.521506]], [[-8.333049, 41.518017], [-8.325543, 41.516733], [-8.312198, 41.508887], [-8.304755, 41.499835], [-8.301194, 41.490806], [-8.300224, 41.481793], [-8.302612, 41.4728], [-8.309292, 41.463833], [-8.314156, 41.460127], [-8.326181, 41.455231], [-8.33817, 41.45365], [-8.350126, 41.455279], [-8.362051, 41.460177], [-8.366511, 41.464162], [-8.373881, 41.475142], [-8.376352, 41.491238], [-8.373533, 41.50023], [-8.36153, 41.513276], [-8.349502, 41.517746], [-8.337505, 41.518917], [-8.333049, 41.518017]]], [[[-8.709949, 41.313714], [-8.721893, 41.314462], [-8.729275, 41.312458], [-8.733857, 41.310332], [-8.741052, 41.303478], [-8.743109, 41.294475], [-8.738648, 41.285457], [-8.733973, 41.281939], [-8.72205, 41.277624], [-8.710106, 41.278277], [-8.698138, 41.284152], [-8.692766, 41.294351], [-8.694839, 41.303365], [-8.698033, 41.306994], [-8.709949, 41.313714]], [[-8.70998, 41.306801], [-8.704538, 41.30339], [-8.700781, 41.294372], [-8.710078, 41.284602], [-8.722021, 41.284277], [-8.733417, 41.294453], [-8.729474, 41.303451], [-8.721924, 41.307327], [-8.70998, 41.306801]]]]}}, {"id": "5", "type": "Feature", "properties": {"fill": "#ea870e", "value_min": -2.33, "value_max": -2.0}, "geometry": {"type": "MultiPolygon", "coordinates": [[[[-7.741333, 41.827351], [-7.768386, 41.825957], [-7.780395, 41.827692], [-7.792352, 41.832186], [-7.816199, 41.845169], [-7.828173, 41.849035], [-7.840193, 41.850484], [-7.852253, 41.849738], [-7.864349, 41.846894], [-7.876476, 41.842251], [-7.888662, 41.834096], [-7.900084, 41.820929], [-7.904888, 41.811968], [-7.913571, 41.785459], [-7.925686, 41.780585], [-7.949768, 41.779623], [-7.961866, 41.775618], [-7.972124, 41.767555], [-7.974278, 41.758568], [-7.9716, 41.749537], [-7.957949, 41.7314], [-7.944139, 41.695246], [-7.927431, 41.675782], [-7.915558, 41.667418], [-7.902017, 41.660558], [-7.899913, 41.66127], [-7.900198, 41.665547], [-7.898396, 41.665769], [-7.896885, 41.668692], [-7.883969, 41.67069], [-7.879755, 41.673607], [-7.876741, 41.676752], [-7.876724, 41.681128], [-7.891333, 41.679126], [-7.903316, 41.680936], [-7.915246, 41.685995], [-7.927112, 41.694973], [-7.933818, 41.704158], [-7.936849, 41.713193], [-7.938517, 41.73219], [-7.96226, 41.751198], [-7.965406, 41.758488], [-7.9612, 41.767457], [-7.949884, 41.772523], [-7.937852, 41.772544], [-7.918075, 41.767059], [-7.913934, 41.763929], [-7.901828, 41.768358], [-7.897307, 41.775869], [-7.897416, 41.784876], [-7.901978, 41.802934], [-7.901011, 41.811931], [-7.896946, 41.820899], [-7.888726, 41.83039], [-7.876553, 41.837852], [-7.864441, 41.841704], [-7.852382, 41.842535], [-7.840372, 41.840558], [-7.828423, 41.835327], [-7.819441, 41.829135], [-7.810517, 41.820036], [-7.804784, 41.811261], [-7.792981, 41.798689], [-7.780913, 41.800354], [-7.753415, 41.810424], [-7.744574, 41.812065], [-7.728488, 41.812334], [-7.728761, 41.816776], [-7.732041, 41.821514], [-7.743152, 41.825154], [-7.741333, 41.827351]]], [[[-7.755047, 41.746428], [-7.78177, 41.755112], [-7.793768, 41.756712], [-7.805972, 41.74728], [-7.822682, 41.730094], [-7.830421, 41.725494], [-7.854592, 41.718452], [-7.860268, 41.712459], [-7.864276, 41.703492], [-7.862291, 41.694465], [-7.868002, 41.684818], [-7.867408, 41.683258], [-7.864403, 41.683701], [-7.864096, 41.685276], [-7.860493, 41.685268], [-7.857773, 41.689538], [-7.854776, 41.68818], [-7.847538, 41.695365], [-7.837309, 41.699391], [-7.835792, 41.702763], [-7.839682, 41.705924], [-7.838465, 41.709522], [-7.832453, 41.710407], [-7.825252, 41.708813], [-7.818621, 41.713522], [-7.815291, 41.718689], [-7.808986, 41.717996], [-7.808396, 41.715744], [-7.803298, 41.714154], [-7.790966, 41.717044], [-7.789449, 41.719966], [-7.78464, 41.720402], [-7.78252, 41.723546], [-7.776204, 41.724652], [-7.773786, 41.727346], [-7.770798, 41.72441], [-7.765698, 41.723044], [-7.761765, 41.727758], [-7.762933, 41.733839], [-7.759307, 41.737203], [-7.759597, 41.739005], [-7.75689, 41.739446], [-7.758687, 41.740577], [-7.757758, 41.745301], [-7.755047, 41.746428]]], [[[-7.876423, 41.681255], [-7.876423, 41.681255], [-7.876429, 41.681253], [-7.876423, 41.681255]]], [[[-8.227318, 41.713936], [-8.237552, 41.706575], [-8.242209, 41.697598], [-8.241509, 41.688587], [-8.235104, 41.679537], [-8.227788, 41.674648], [-8.215812, 41.671541], [-8.203792, 41.672167], [-8.191714, 41.677308], [-8.182685, 41.688183], [-8.182304, 41.697188], [-8.187315, 41.70623], [-8.20326, 41.715277], [-8.215262, 41.716861], [-8.227318, 41.713936]], [[-8.203328, 41.709758], [-8.197044, 41.706299], [-8.189847, 41.697241], [-8.191885, 41.688249], [-8.203691, 41.680353], [-8.21571, 41.67999], [-8.229556, 41.688507], [-8.231508, 41.697527], [-8.224821, 41.70649], [-8.215339, 41.710492], [-8.203328, 41.709758]]], [[[-8.131368, 41.69782], [-8.133752, 41.696832], [-8.131998, 41.687812], [-8.119542, 41.683727], [-8.107442, 41.689907], [-8.100094, 41.696573], [-8.100224, 41.705581], [-8.107145, 41.711345], [-8.119175, 41.71066], [-8.131368, 41.69782]], [[-8.10721, 41.706635], [-8.103883, 41.696603], [-8.107393, 41.693418], [-8.119486, 41.687848], [-8.129439, 41.6968], [-8.119212, 41.707933], [-8.10721, 41.706635]]], [[[-8.554536, 41.615735], [-8.564611, 41.609159], [-8.571883, 41.60022], [-8.574945, 41.591224], [-8.572946, 41.573202], [-8.568112, 41.564177], [-8.553026, 41.548825], [-8.541081, 41.542437], [-8.529112, 41.539674], [-8.517122, 41.539785], [-8.50511, 41.542851], [-8.493068, 41.549622], [-8.479084, 41.563808], [-8.472825, 41.572787], [-8.470395, 41.581783], [-8.471081, 41.590794], [-8.475487, 41.599821], [-8.492563, 41.614141], [-8.51651, 41.621891], [-8.528509, 41.622526], [-8.540473, 41.621043], [-8.543431, 41.61462], [-8.554536, 41.615735]], [[-8.516594, 41.610614], [-8.504616, 41.607594], [-8.491234, 41.599892], [-8.483154, 41.590848], [-8.48057, 41.58183], [-8.481827, 41.572828], [-8.486742, 41.563843], [-8.493005, 41.557724], [-8.505057, 41.549881], [-8.517069, 41.546976], [-8.529058, 41.547025], [-8.541025, 41.550262], [-8.552959, 41.558556], [-8.558169, 41.564139], [-8.562563, 41.573163], [-8.563607, 41.582175], [-8.561473, 41.591174], [-8.55266, 41.601895], [-8.540614, 41.608321], [-8.528594, 41.610927], [-8.516594, 41.610614]]], [[[-8.096503, 41.612829], [-8.084546, 41.609618], [-8.079432, 41.615346], [-8.084391, 41.620639], [-8.096438, 41.617526], [-8.09781, 41.615492], [-8.096503, 41.612829]]], [[[-8.454723, 41.482629], [-8.452944, 41.473613], [-8.445814, 41.46668], [-8.433878, 41.462165], [-8.421893, 41.463382], [-8.409843, 41.471698], [-8.40687, 41.482392], [-8.410001, 41.491416], [-8.421575, 41.499171], [-8.433548, 41.500014], [-8.445568, 41.495486], [-8.450538, 41.491617], [-8.454723, 41.482629]], [[-8.421612, 41.494956], [-8.416377, 41.491448], [-8.409972, 41.482408], [-8.41444, 41.473424], [-8.42185, 41.468195], [-8.433828, 41.46792], [-8.443404, 41.473567], [-8.446544, 41.48259], [-8.440411, 41.491568], [-8.433592, 41.495067], [-8.421612, 41.494956]]], [[[-8.673311, 41.473107], [-8.661334, 41.47317], [-8.660055, 41.474412], [-8.661291, 41.481344], [-8.673263, 41.482531], [-8.675002, 41.474455], [-8.673311, 41.473107]]], [[[-8.386779, 41.377352], [-8.388423, 41.374206], [-8.387116, 41.365191], [-8.375039, 41.354492], [-8.363108, 41.352061], [-8.351133, 41.354194], [-8.338509, 41.364922], [-8.337061, 41.373921], [-8.338939, 41.377813], [-8.341999, 41.382957], [-8.350792, 41.388455], [-8.362729, 41.390929], [-8.374714, 41.388432], [-8.383344, 41.383186], [-8.386779, 41.377352]], [[-8.352649, 41.37401], [-8.362967, 41.366529], [-8.370935, 41.374111], [-8.362835, 41.38007], [-8.352649, 41.37401]]], [[[-8.48763, 41.236208], [-8.498295, 41.248629], [-8.507289, 41.254945], [-8.519183, 41.260756], [-8.531096, 41.264219], [-8.554962, 41.265678], [-8.566912, 41.26392], [-8.578875, 41.260106], [-8.590852, 41.253738], [-8.602853, 41.243079], [-8.610541, 41.231048], [-8.613236, 41.213041], [-8.611643, 41.204028], [-8.603194, 41.186718], [-8.594289, 41.176944], [-8.586817, 41.171436], [-8.582094, 41.177803], [-8.578825, 41.178941], [-8.58004, 41.182385], [-8.591246, 41.190479], [-8.600796, 41.203991], [-8.603573, 41.213008], [-8.603737, 41.222017], [-8.601124, 41.231016], [-8.595175, 41.240003], [-8.578928, 41.251789], [-8.566966, 41.25576], [-8.55502, 41.257247], [-8.543087, 41.256628], [-8.531171, 41.253773], [-8.519276, 41.24812], [-8.508964, 41.239667], [-8.502611, 41.230632], [-8.49997, 41.222663], [-8.495642, 41.222227], [-8.495947, 41.223351], [-8.490894, 41.226294], [-8.487935, 41.230354], [-8.490333, 41.232598], [-8.48763, 41.236208]]]]}}, {"id": "4", "type": "Feature", "properties": {"fill": "#d75e13", "value_min": -2.67, "value_max": -2.33}, "geometry": {"type": "MultiPolygon", "coordinates": [[[[-7.728488, 41.812334], [-7.744574, 41.812065], [-7.753415, 41.810424], [-7.780913, 41.800354], [-7.792981, 41.798689], [-7.804784, 41.811261], [-7.810517, 41.820036], [-7.819441, 41.829135], [-7.828423, 41.835327], [-7.840372, 41.840558], [-7.852382, 41.842535], [-7.864441, 41.841704], [-7.876553, 41.837852], [-7.888726, 41.83039], [-7.896946, 41.820899], [-7.901011, 41.811931], [-7.901978, 41.802934], [-7.897416, 41.784876], [-7.897307, 41.775869], [-7.901828, 41.768358], [-7.913934, 41.763929], [-7.918075, 41.767059], [-7.937852, 41.772544], [-7.949884, 41.772523], [-7.9612, 41.767457], [-7.965406, 41.758488], [-7.96226, 41.751198], [-7.938517, 41.73219], [-7.936849, 41.713193], [-7.933818, 41.704158], [-7.927112, 41.694973], [-7.915246, 41.685995], [-7.903316, 41.680936], [-7.891333, 41.679126], [-7.876724, 41.681128], [-7.876429, 41.681253], [-7.876423, 41.681255], [-7.873401, 41.686198], [-7.868896, 41.686413], [-7.868002, 41.684818], [-7.862291, 41.694465], [-7.864276, 41.703492], [-7.860268, 41.712459], [-7.854592, 41.718452], [-7.830421, 41.725494], [-7.822682, 41.730094], [-7.805972, 41.74728], [-7.793768, 41.756712], [-7.78177, 41.755112], [-7.755047, 41.746428], [-7.747812, 41.749995], [-7.747786, 41.754496], [-7.743866, 41.756509], [-7.740214, 41.763924], [-7.728449, 41.77041], [-7.72663, 41.77288], [-7.733364, 41.769973], [-7.745376, 41.770971], [-7.750944, 41.77437], [-7.756157, 41.783434], [-7.750946, 41.792384], [-7.744896, 41.795586], [-7.732846, 41.796305], [-7.722604, 41.791295], [-7.722889, 41.793798], [-7.728879, 41.797871], [-7.72705, 41.801691], [-7.728488, 41.812334]], [[-7.864524, 41.837001], [-7.852492, 41.836333], [-7.836308, 41.829307], [-7.828468, 41.820221], [-7.824716, 41.811176], [-7.825372, 41.802176], [-7.830428, 41.793221], [-7.841384, 41.784441], [-7.853528, 41.778268], [-7.865573, 41.777573], [-7.877538, 41.781445], [-7.889432, 41.789568], [-7.897377, 41.80289], [-7.897752, 41.8119], [-7.893807, 41.820869], [-7.888791, 41.826664], [-7.876614, 41.834374], [-7.864524, 41.837001]], [[-7.863519, 41.766532], [-7.853615, 41.757427], [-7.866027, 41.751821], [-7.872389, 41.757613], [-7.865749, 41.767582], [-7.863519, 41.766532]], [[-7.937956, 41.766236], [-7.931101, 41.758174], [-7.93821, 41.750873], [-7.950228, 41.751411], [-7.956116, 41.758404], [-7.949971, 41.767187], [-7.937956, 41.766236]], [[-7.890238, 41.74281], [-7.878271, 41.739398], [-7.869198, 41.730561], [-7.868769, 41.72155], [-7.871693, 41.712572], [-7.878959, 41.69981], [-7.891096, 41.692932], [-7.903111, 41.69303], [-7.915043, 41.698089], [-7.921401, 41.704042], [-7.925676, 41.713089], [-7.925363, 41.722093], [-7.920531, 41.731055], [-7.914396, 41.736507], [-7.902292, 41.74118], [-7.890238, 41.74281]]], [[[-8.203328, 41.709758], [-8.215339, 41.710492], [-8.224821, 41.70649], [-8.231508, 41.697527], [-8.229556, 41.688507], [-8.21571, 41.67999], [-8.203691, 41.680353], [-8.191885, 41.688249], [-8.189847, 41.697241], [-8.197044, 41.706299], [-8.203328, 41.709758]], [[-8.203411, 41.703032], [-8.198012, 41.697299], [-8.202285, 41.688321], [-8.215618, 41.68759], [-8.221379, 41.697459], [-8.215429, 41.703121], [-8.203411, 41.703032]]], [[[-8.10721, 41.706635], [-8.119212, 41.707933], [-8.129439, 41.6968], [-8.119486, 41.687848], [-8.107393, 41.693418], [-8.103883, 41.696603], [-8.10721, 41.706635]], [[-8.107827, 41.696634], [-8.119447, 41.690755], [-8.126139, 41.696774], [-8.119253, 41.704958], [-8.107827, 41.696634]]], [[[-8.516594, 41.610614], [-8.528594, 41.610927], [-8.540614, 41.608321], [-8.55266, 41.601895], [-8.561473, 41.591174], [-8.563607, 41.582175], [-8.562563, 41.573163], [-8.558169, 41.564139], [-8.552959, 41.558556], [-8.541025, 41.550262], [-8.529058, 41.547025], [-8.517069, 41.546976], [-8.505057, 41.549881], [-8.493005, 41.557724], [-8.486742, 41.563843], [-8.481827, 41.572828], [-8.48057, 41.58183], [-8.483154, 41.590848], [-8.491234, 41.599892], [-8.504616, 41.607594], [-8.516594, 41.610614]], [[-8.516651, 41.60306], [-8.504677, 41.599585], [-8.492743, 41.591159], [-8.487509, 41.581861], [-8.487969, 41.572855], [-8.493669, 41.563873], [-8.505013, 41.555538], [-8.517032, 41.551897], [-8.529019, 41.552401], [-8.540977, 41.557162], [-8.54931, 41.564105], [-8.553948, 41.57313], [-8.554288, 41.582139], [-8.550013, 41.59113], [-8.540682, 41.598717], [-8.528653, 41.602814], [-8.516651, 41.60306]]], [[[-8.421612, 41.494956], [-8.433592, 41.495067], [-8.440411, 41.491568], [-8.446544, 41.48259], [-8.443404, 41.473567], [-8.433828, 41.46792], [-8.42185, 41.468195], [-8.41444, 41.473424], [-8.409972, 41.482408], [-8.416377, 41.491448], [-8.421612, 41.494956]], [[-8.421654, 41.4902], [-8.415685, 41.482437], [-8.420949, 41.473457], [-8.43378, 41.473434], [-8.439238, 41.482555], [-8.433644, 41.489094], [-8.421654, 41.4902]]], [[[-8.352649, 41.37401], [-8.362835, 41.38007], [-8.370935, 41.374111], [-8.362967, 41.366529], [-8.352649, 41.37401]]], [[[-8.49997, 41.222663], [-8.502611, 41.230632], [-8.508964, 41.239667], [-8.519276, 41.24812], [-8.531171, 41.253773], [-8.543087, 41.256628], [-8.55502, 41.257247], [-8.566966, 41.25576], [-8.578928, 41.251789], [-8.595175, 41.240003], [-8.601124, 41.231016], [-8.603737, 41.222017], [-8.603573, 41.213008], [-8.600796, 41.203991], [-8.591246, 41.190479], [-8.58004, 41.182385], [-8.581296, 41.191762], [-8.578437, 41.193799], [-8.589747, 41.203952], [-8.594082, 41.212975], [-8.594744, 41.221986], [-8.591882, 41.230983], [-8.578982, 41.243387], [-8.567017, 41.2481], [-8.555072, 41.249482], [-8.543147, 41.248009], [-8.531246, 41.243252], [-8.525867, 41.239738], [-8.517886, 41.230697], [-8.51466, 41.221676], [-8.515072, 41.21267], [-8.519193, 41.203679], [-8.522947, 41.200078], [-8.51163, 41.203042], [-8.510456, 41.206197], [-8.505693, 41.207113], [-8.504239, 41.213646], [-8.500076, 41.21546], [-8.503086, 41.220627], [-8.501907, 41.222882], [-8.49997, 41.222663]]], [[[-8.57803, 41.193624], [-8.57803, 41.193624], [-8.578329, 41.193753], [-8.57803, 41.193624]]]]}}, {"id": "3", "type": "Feature", "properties": {"fill": "#c33119", "value_min": -3.0, "value_max": -2.67}, "geometry": {"type": "MultiPolygon", "coordinates": [[[[-7.864524, 41.837001], [-7.876614, 41.834374], [-7.888791, 41.826664], [-7.893807, 41.820869], [-7.897752, 41.8119], [-7.897377, 41.80289], [-7.889432, 41.789568], [-7.877538, 41.781445], [-7.865573, 41.777573], [-7.853528, 41.778268], [-7.841384, 41.784441], [-7.830428, 41.793221], [-7.825372, 41.802176], [-7.824716, 41.811176], [-7.828468, 41.820221], [-7.836308, 41.829307], [-7.852492, 41.836333], [-7.864524, 41.837001]], [[-7.864595, 41.833022], [-7.849541, 41.829441], [-7.838839, 41.820326], [-7.835756, 41.811288], [-7.838414, 41.802308], [-7.848488, 41.793403], [-7.853303, 41.790901], [-7.865383, 41.788391], [-7.877391, 41.789878], [-7.889294, 41.797516], [-7.892954, 41.802847], [-7.894494, 41.811869], [-7.888855, 41.822934], [-7.876675, 41.830897], [-7.864595, 41.833022]]], [[[-7.722604, 41.791295], [-7.732846, 41.796305], [-7.744896, 41.795586], [-7.750946, 41.792384], [-7.756157, 41.783434], [-7.750944, 41.77437], [-7.745376, 41.770971], [-7.733364, 41.769973], [-7.72663, 41.77288], [-7.7254, 41.777152], [-7.727191, 41.779184], [-7.724177, 41.780299], [-7.725372, 41.781653], [-7.722604, 41.791295]]], [[[-7.863519, 41.766532], [-7.865749, 41.767582], [-7.872389, 41.757613], [-7.866027, 41.751821], [-7.853615, 41.757427], [-7.863519, 41.766532]]], [[[-7.937956, 41.766236], [-7.949971, 41.767187], [-7.956116, 41.758404], [-7.950228, 41.751411], [-7.93821, 41.750873], [-7.931101, 41.758174], [-7.937956, 41.766236]]], [[[-7.890238, 41.74281], [-7.902292, 41.74118], [-7.914396, 41.736507], [-7.920531, 41.731055], [-7.925363, 41.722093], [-7.925676, 41.713089], [-7.921401, 41.704042], [-7.915043, 41.698089], [-7.903111, 41.69303], [-7.891096, 41.692932], [-7.878959, 41.69981], [-7.871693, 41.712572], [-7.868769, 41.72155], [-7.869198, 41.730561], [-7.878271, 41.739398], [-7.890238, 41.74281]], [[-7.890416, 41.732432], [-7.878554, 41.723099], [-7.879014, 41.712643], [-7.890948, 41.701498], [-7.902971, 41.701239], [-7.908115, 41.703917], [-7.916723, 41.713005], [-7.915977, 41.722005], [-7.902445, 41.73218], [-7.890416, 41.732432]]], [[[-8.203411, 41.703032], [-8.215429, 41.703121], [-8.221379, 41.697459], [-8.215618, 41.68759], [-8.202285, 41.688321], [-8.198012, 41.697299], [-8.203411, 41.703032]]], [[[-8.107827, 41.696634], [-8.119253, 41.704958], [-8.126139, 41.696774], [-8.119447, 41.690755], [-8.107827, 41.696634]], [[-8.113449, 41.696677], [-8.119407, 41.693663], [-8.122838, 41.696749], [-8.119308, 41.700946], [-8.113449, 41.696677]]], [[[-8.516651, 41.60306], [-8.528653, 41.602814], [-8.540682, 41.598717], [-8.550013, 41.59113], [-8.554288, 41.582139], [-8.553948, 41.57313], [-8.54931, 41.564105], [-8.540977, 41.557162], [-8.529019, 41.552401], [-8.517032, 41.551897], [-8.505013, 41.555538], [-8.493669, 41.563873], [-8.487969, 41.572855], [-8.487509, 41.581861], [-8.492743, 41.591159], [-8.504677, 41.599585], [-8.516651, 41.60306]], [[-8.516697, 41.596925], [-8.504725, 41.593266], [-8.501452, 41.590929], [-8.494215, 41.58189], [-8.49395, 41.572882], [-8.499933, 41.563901], [-8.504978, 41.560194], [-8.516998, 41.55649], [-8.528983, 41.557463], [-8.541123, 41.564073], [-8.546692, 41.573102], [-8.546234, 41.582107], [-8.539082, 41.591086], [-8.528702, 41.596114], [-8.516697, 41.596925]]], [[[-8.421654, 41.4902], [-8.433644, 41.489094], [-8.439238, 41.482555], [-8.43378, 41.473434], [-8.420949, 41.473457], [-8.415685, 41.482437], [-8.421654, 41.4902]], [[-8.4214, 41.482466], [-8.421728, 41.481916], [-8.424083, 41.48248], [-8.42172, 41.482883], [-8.4214, 41.482466]]], [[[-8.522947, 41.200078], [-8.519193, 41.203679], [-8.515072, 41.21267], [-8.51466, 41.221676], [-8.517886, 41.230697], [-8.525867, 41.239738], [-8.531246, 41.243252], [-8.543147, 41.248009], [-8.555072, 41.249482], [-8.567017, 41.2481], [-8.578982, 41.243387], [-8.591882, 41.230983], [-8.594744, 41.221986], [-8.594082, 41.212975], [-8.589747, 41.203952], [-8.578437, 41.193799], [-8.578329, 41.193753], [-8.57803, 41.193624], [-8.575958, 41.195609], [-8.576894, 41.201908], [-8.574222, 41.203352], [-8.579216, 41.206935], [-8.583383, 41.212937], [-8.584841, 41.22195], [-8.579048, 41.233186], [-8.567069, 41.240139], [-8.555127, 41.241357], [-8.547443, 41.239825], [-8.543213, 41.238557], [-8.532563, 41.230758], [-8.52865, 41.221734], [-8.531269, 41.210854], [-8.529858, 41.210859], [-8.52713, 41.203215], [-8.522947, 41.200078]]]]}}, {"id": "2", "type": "Feature", "properties": {"fill": "#ae1c1c", "value_min": -3.33, "value_max": -3.0}, "geometry": {"type": "MultiPolygon", "coordinates": [[[[-7.864595, 41.833022], [-7.876675, 41.830897], [-7.888855, 41.822934], [-7.894494, 41.811869], [-7.892954, 41.802847], [-7.889294, 41.797516], [-7.877391, 41.789878], [-7.865383, 41.788391], [-7.853303, 41.790901], [-7.848488, 41.793403], [-7.838414, 41.802308], [-7.835756, 41.811288], [-7.838839, 41.820326], [-7.849541, 41.829441], [-7.864595, 41.833022]], [[-7.864665, 41.829011], [-7.852695, 41.824985], [-7.846955, 41.820408], [-7.84387, 41.81137], [-7.847524, 41.8024], [-7.853175, 41.798086], [-7.86528, 41.794196], [-7.877299, 41.795143], [-7.888352, 41.802803], [-7.891236, 41.811837], [-7.886746, 41.820801], [-7.876734, 41.827479], [-7.864665, 41.829011]]], [[[-7.890416, 41.732432], [-7.902445, 41.73218], [-7.915977, 41.722005], [-7.916723, 41.713005], [-7.908115, 41.703917], [-7.902971, 41.701239], [-7.890948, 41.701498], [-7.879014, 41.712643], [-7.878554, 41.723099], [-7.890416, 41.732432]], [[-7.890542, 41.725155], [-7.886394, 41.721722], [-7.886587, 41.712717], [-7.890822, 41.708846], [-7.902839, 41.709012], [-7.907419, 41.712917], [-7.906571, 41.721916], [-7.902569, 41.724868], [-7.890542, 41.725155]]], [[[-8.113449, 41.696677], [-8.119308, 41.700946], [-8.122838, 41.696749], [-8.119407, 41.693663], [-8.113449, 41.696677]], [[-8.119071, 41.69672], [-8.119367, 41.696571], [-8.119538, 41.696724], [-8.119362, 41.696933], [-8.119071, 41.69672]]], [[[-8.516697, 41.596925], [-8.528702, 41.596114], [-8.539082, 41.591086], [-8.546234, 41.582107], [-8.546692, 41.573102], [-8.541123, 41.564073], [-8.528983, 41.557463], [-8.516998, 41.55649], [-8.504978, 41.560194], [-8.499933, 41.563901], [-8.49395, 41.572882], [-8.494215, 41.58189], [-8.501452, 41.590929], [-8.504725, 41.593266], [-8.516697, 41.596925]], [[-8.515193, 41.590988], [-8.504775, 41.586714], [-8.500397, 41.581917], [-8.499289, 41.572905], [-8.507232, 41.563932], [-8.516968, 41.560542], [-8.528948, 41.562224], [-8.532283, 41.564037], [-8.539627, 41.573074], [-8.53831, 41.582076], [-8.528747, 41.589838], [-8.515193, 41.590988]]], [[[-8.4214, 41.482466], [-8.42172, 41.482883], [-8.424083, 41.48248], [-8.421728, 41.481916], [-8.4214, 41.482466]]], [[[-8.531269, 41.210854], [-8.52865, 41.221734], [-8.532563, 41.230758], [-8.543213, 41.238557], [-8.547443, 41.239825], [-8.555127, 41.241357], [-8.567069, 41.240139], [-8.579048, 41.233186], [-8.584841, 41.22195], [-8.583383, 41.212937], [-8.579216, 41.206935], [-8.574222, 41.203352], [-8.57423, 41.20462], [-8.568566, 41.204416], [-8.565895, 41.206227], [-8.567697, 41.208246], [-8.566512, 41.209376], [-8.559636, 41.206251], [-8.554271, 41.20627], [-8.549521, 41.209214], [-8.544157, 41.209458], [-8.537023, 41.212635], [-8.532257, 41.213102], [-8.531269, 41.210854]], [[-8.55503, 41.230847], [-8.545324, 41.221801], [-8.551047, 41.212816], [-8.555333, 41.21095], [-8.567251, 41.212661], [-8.571148, 41.2219], [-8.567151, 41.227759], [-8.55503, 41.230847]]]]}}, {"id": "6", "type": "Feature", "properties": {"fill": "#e79f24", "value_min": -2.0, "value_max": -1.67}, "geometry": {"type": "MultiPolygon", "coordinates": [[[[-7.725093, 41.882935], [-7.727333, 41.876416], [-7.720533, 41.880218], [-7.720523, 41.881793], [-7.725093, 41.882935]]], [[[-7.743736, 41.849913], [-7.747827, 41.848577], [-7.743912, 41.848789], [-7.743736, 41.849913]]], [[[-7.750541, 41.847711], [-7.755951, 41.846246], [-7.767942, 41.849123], [-7.777824, 41.85572], [-7.791609, 41.871681], [-7.804296, 41.872683], [-7.804914, 41.869459], [-7.811227, 41.871661], [-7.827829, 41.867881], [-7.852078, 41.859538], [-7.872749, 41.848769], [-7.873066, 41.844875], [-7.875163, 41.847431], [-7.888598, 41.837802], [-7.895959, 41.829896], [-7.913266, 41.803522], [-7.925439, 41.795393], [-7.937455, 41.79658], [-7.949498, 41.796175], [-7.954577, 41.794418], [-7.978976, 41.776623], [-7.985488, 41.767674], [-7.986, 41.758672], [-7.973728, 41.731542], [-7.966995, 41.704461], [-7.959861, 41.686383], [-7.939789, 41.654817], [-7.91443, 41.628584], [-7.912613, 41.63361], [-7.906014, 41.633147], [-7.906884, 41.641927], [-7.897869, 41.645511], [-7.89696, 41.647985], [-7.892759, 41.647976], [-7.892145, 41.651576], [-7.900827, 41.657446], [-7.902017, 41.660558], [-7.915558, 41.667418], [-7.927431, 41.675782], [-7.944139, 41.695246], [-7.957949, 41.7314], [-7.9716, 41.749537], [-7.974278, 41.758568], [-7.972124, 41.767555], [-7.961866, 41.775618], [-7.949768, 41.779623], [-7.925686, 41.780585], [-7.913571, 41.785459], [-7.904888, 41.811968], [-7.900084, 41.820929], [-7.888662, 41.834096], [-7.876476, 41.842251], [-7.864349, 41.846894], [-7.852253, 41.849738], [-7.840193, 41.850484], [-7.828173, 41.849035], [-7.816199, 41.845169], [-7.792352, 41.832186], [-7.780395, 41.827692], [-7.768386, 41.825957], [-7.741333, 41.827351], [-7.738919, 41.828515], [-7.739805, 41.831219], [-7.74729, 41.837772], [-7.746349, 41.84407], [-7.750541, 41.847711]]], [[[-8.251426, 41.708237], [-8.25734, 41.697697], [-8.257845, 41.688693], [-8.254652, 41.679666], [-8.247075, 41.670609], [-8.239909, 41.665514], [-8.229149, 41.661483], [-8.215961, 41.659307], [-8.203934, 41.660606], [-8.191877, 41.66426], [-8.181969, 41.670164], [-8.172161, 41.679101], [-8.169668, 41.68809], [-8.171756, 41.697112], [-8.177672, 41.706162], [-8.188406, 41.715245], [-8.203176, 41.722096], [-8.215171, 41.724332], [-8.2272, 41.723787], [-8.239278, 41.719144], [-8.251426, 41.708237]], [[-8.227318, 41.713936], [-8.215262, 41.716861], [-8.20326, 41.715277], [-8.187315, 41.70623], [-8.182304, 41.697188], [-8.182685, 41.688183], [-8.191714, 41.677308], [-8.203792, 41.672167], [-8.215812, 41.671541], [-8.227788, 41.674648], [-8.235104, 41.679537], [-8.241509, 41.688587], [-8.242209, 41.697598], [-8.237552, 41.706575], [-8.227318, 41.713936]]], [[[-8.119138, 41.713388], [-8.131335, 41.700266], [-8.139517, 41.696875], [-8.14295, 41.687894], [-8.13162, 41.679051], [-8.119599, 41.679549], [-8.107496, 41.686014], [-8.096306, 41.696544], [-8.094135, 41.705534], [-8.10176, 41.7146], [-8.10706, 41.717475], [-8.111641, 41.714677], [-8.119138, 41.713388]], [[-8.131368, 41.69782], [-8.119175, 41.71066], [-8.107145, 41.711345], [-8.100224, 41.705581], [-8.100094, 41.696573], [-8.107442, 41.689907], [-8.119542, 41.683727], [-8.131998, 41.687812], [-8.133752, 41.696832], [-8.131368, 41.69782]]], [[[-8.584861, 41.620133], [-8.59164, 41.6093], [-8.593628, 41.600299], [-8.593119, 41.59129], [-8.586027, 41.57325], [-8.572737, 41.555187], [-8.553102, 41.537821], [-8.541157, 41.531651], [-8.529191, 41.528775], [-8.517209, 41.528111], [-8.505213, 41.529349], [-8.493176, 41.535744], [-8.459181, 41.572724], [-8.444688, 41.598407], [-8.432617, 41.606649], [-8.422375, 41.617581], [-8.420553, 41.626579], [-8.424973, 41.635608], [-8.432312, 41.641428], [-8.444283, 41.645611], [-8.456291, 41.645679], [-8.48036, 41.639204], [-8.492372, 41.638489], [-8.528372, 41.641364], [-8.542096, 41.640474], [-8.543855, 41.633976], [-8.536342, 41.631977], [-8.535132, 41.630406], [-8.540473, 41.621043], [-8.528509, 41.622526], [-8.51651, 41.621891], [-8.492563, 41.614141], [-8.475487, 41.599821], [-8.471081, 41.590794], [-8.470395, 41.581783], [-8.472825, 41.572787], [-8.479084, 41.563808], [-8.493068, 41.549622], [-8.50511, 41.542851], [-8.517122, 41.539785], [-8.529112, 41.539674], [-8.541081, 41.542437], [-8.553026, 41.548825], [-8.568112, 41.564177], [-8.572946, 41.573202], [-8.574945, 41.591224], [-8.571883, 41.60022], [-8.564611, 41.609159], [-8.554536, 41.615735], [-8.557244, 41.617046], [-8.562639, 41.61635], [-8.568056, 41.619031], [-8.570735, 41.616095], [-8.577321, 41.614269], [-8.581231, 41.615829], [-8.584861, 41.620133]]], [[[-8.108456, 41.616389], [-8.1086, 41.605933], [-8.096753, 41.594881], [-8.084782, 41.592912], [-8.072738, 41.596166], [-8.062454, 41.606202], [-8.061628, 41.615202], [-8.066755, 41.624251], [-8.072282, 41.627952], [-8.084235, 41.631659], [-8.096267, 41.629728], [-8.102852, 41.624538], [-8.108456, 41.616389]], [[-8.096503, 41.612829], [-8.09781, 41.615492], [-8.096438, 41.617526], [-8.084391, 41.620639], [-8.079432, 41.615346], [-8.084546, 41.609618], [-8.096503, 41.612829]]], [[[-8.102566, 41.541044], [-8.10949, 41.541209], [-8.119881, 41.534598], [-8.12173, 41.525605], [-8.10983, 41.516385], [-8.097797, 41.516412], [-8.090594, 41.522088], [-8.093588, 41.52307], [-8.091786, 41.531848], [-8.102566, 41.541044]]], [[[-8.241792, 41.504781], [-8.237642, 41.508417], [-8.24171, 41.511855], [-8.247609, 41.508483], [-8.241792, 41.504781]]], [[[-8.457516, 41.499432], [-8.465389, 41.491687], [-8.466958, 41.482686], [-8.464913, 41.473669], [-8.45764, 41.464628], [-8.44589, 41.457735], [-8.433931, 41.456023], [-8.421941, 41.457916], [-8.409896, 41.46585], [-8.405432, 41.473377], [-8.403876, 41.482377], [-8.409619, 41.496403], [-8.421526, 41.504639], [-8.433489, 41.506847], [-8.445483, 41.505458], [-8.457516, 41.499432]], [[-8.454723, 41.482629], [-8.450538, 41.491617], [-8.445568, 41.495486], [-8.433548, 41.500014], [-8.421575, 41.499171], [-8.410001, 41.491416], [-8.40687, 41.482392], [-8.409843, 41.471698], [-8.421893, 41.463382], [-8.433878, 41.462165], [-8.445814, 41.46668], [-8.452944, 41.473613], [-8.454723, 41.482629]]], [[[-8.697207, 41.485255], [-8.699726, 41.474522], [-8.694882, 41.465502], [-8.685355, 41.458955], [-8.673397, 41.455791], [-8.661419, 41.456711], [-8.646587, 41.465364], [-8.642527, 41.474359], [-8.644607, 41.483372], [-8.649277, 41.488069], [-8.66122, 41.494936], [-8.673192, 41.496706], [-8.685183, 41.494682], [-8.690002, 41.492511], [-8.697207, 41.485255]], [[-8.673311, 41.473107], [-8.675002, 41.474455], [-8.673263, 41.482531], [-8.661291, 41.481344], [-8.660055, 41.474412], [-8.661334, 41.47317], [-8.673311, 41.473107]]], [[[-8.398565, 41.383267], [-8.403418, 41.374284], [-8.40397, 41.36528], [-8.398955, 41.353762], [-8.387099, 41.343199], [-8.375189, 41.338842], [-8.363249, 41.337641], [-8.351282, 41.339169], [-8.33928, 41.344165], [-8.327666, 41.355851], [-8.324279, 41.364839], [-8.324644, 41.373849], [-8.329071, 41.382882], [-8.339772, 41.391952], [-8.350715, 41.396173], [-8.362661, 41.397856], [-8.374634, 41.396804], [-8.387864, 41.392218], [-8.398565, 41.383267]], [[-8.386779, 41.377352], [-8.383344, 41.383186], [-8.374714, 41.388432], [-8.362729, 41.390929], [-8.350792, 41.388455], [-8.341999, 41.382957], [-8.338939, 41.377813], [-8.337061, 41.373921], [-8.338509, 41.364922], [-8.351133, 41.354194], [-8.363108, 41.352061], [-8.375039, 41.354492], [-8.387116, 41.365191], [-8.388423, 41.374206], [-8.386779, 41.377352]]], [[[-8.46752, 41.245272], [-8.480277, 41.257557], [-8.495264, 41.266507], [-8.519082, 41.274511], [-8.542948, 41.276546], [-8.554895, 41.275535], [-8.578816, 41.269333], [-8.590792, 41.263413], [-8.602782, 41.25474], [-8.615849, 41.240074], [-8.620803, 41.231082], [-8.623471, 41.222083], [-8.623698, 41.204068], [-8.6151, 41.177444], [-8.608583, 41.174095], [-8.609164, 41.172066], [-8.605845, 41.166228], [-8.602852, 41.164214], [-8.59422, 41.165149], [-8.589174, 41.167645], [-8.589194, 41.170572], [-8.586817, 41.171436], [-8.594289, 41.176944], [-8.603194, 41.186718], [-8.611643, 41.204028], [-8.613236, 41.213041], [-8.610541, 41.231048], [-8.602853, 41.243079], [-8.590852, 41.253738], [-8.578875, 41.260106], [-8.566912, 41.26392], [-8.554962, 41.265678], [-8.531096, 41.264219], [-8.519183, 41.260756], [-8.507289, 41.254945], [-8.498295, 41.248629], [-8.48763, 41.236208], [-8.484411, 41.240495], [-8.476644, 41.237817], [-8.475756, 41.23917], [-8.471283, 41.239184], [-8.471604, 41.243459], [-8.46752, 41.245272]]], [[[-8.467336, 41.245048], [-8.467336, 41.245048], [-8.467437, 41.245171], [-8.467336, 41.245048]]]]}}, {"id": "1", "type": "Feature", "properties": {"fill": "#9c1c1c", "value_min": -3.67, "value_max": -3.33}, "geometry": {"type": "MultiPolygon", "coordinates": [[[[-7.864665, 41.829011], [-7.876734, 41.827479], [-7.886746, 41.820801], [-7.891236, 41.811837], [-7.888352, 41.802803], [-7.877299, 41.795143], [-7.86528, 41.794196], [-7.853175, 41.798086], [-7.847524, 41.8024], [-7.84387, 41.81137], [-7.846955, 41.820408], [-7.852695, 41.824985], [-7.864665, 41.829011]], [[-7.86474, 41.824799], [-7.855077, 41.820489], [-7.850358, 41.811435], [-7.856096, 41.802486], [-7.865206, 41.798386], [-7.877233, 41.798934], [-7.882737, 41.802748], [-7.886072, 41.811787], [-7.8818, 41.820753], [-7.876794, 41.824092], [-7.86474, 41.824799]]], [[[-7.890542, 41.725155], [-7.902569, 41.724868], [-7.906571, 41.721916], [-7.907419, 41.712917], [-7.902839, 41.709012], [-7.890822, 41.708846], [-7.886587, 41.712717], [-7.886394, 41.721722], [-7.890542, 41.725155]]], [[[-8.119071, 41.69672], [-8.119362, 41.696933], [-8.119538, 41.696724], [-8.119367, 41.696571], [-8.119071, 41.69672]]], [[[-8.515193, 41.590988], [-8.528747, 41.589838], [-8.53831, 41.582076], [-8.539627, 41.573074], [-8.532283, 41.564037], [-8.528948, 41.562224], [-8.516968, 41.560542], [-8.507232, 41.563932], [-8.499289, 41.572905], [-8.500397, 41.581917], [-8.504775, 41.586714], [-8.515193, 41.590988]], [[-8.516778, 41.586002], [-8.508191, 41.581951], [-8.504628, 41.572928], [-8.516933, 41.565168], [-8.528899, 41.568938], [-8.532541, 41.573045], [-8.530131, 41.582043], [-8.516778, 41.586002]]], [[[-8.55503, 41.230847], [-8.567151, 41.227759], [-8.571148, 41.2219], [-8.567251, 41.212661], [-8.555333, 41.21095], [-8.551047, 41.212816], [-8.545324, 41.221801], [-8.55503, 41.230847]]]]}}, {"id": "8", "type": "Feature", "properties": {"fill": "#b1a288", "value_min": -1.33, "value_max": -1.0}, "geometry": {"type": "Polygon", "coordinates": [[[-8.631664, 41.603016], [-8.639577, 41.597804], [-8.640152, 41.59465], [-8.645536, 41.593051], [-8.646744, 41.594171], [-8.649125, 41.591909], [-8.656622, 41.5921], [-8.660788, 41.588255], [-8.663794, 41.589141], [-8.665265, 41.585758], [-8.66948, 41.587989], [-8.684455, 41.586117], [-8.685608, 41.58071], [-8.697261, 41.576376], [-8.701703, 41.570277], [-8.707704, 41.570923], [-8.712485, 41.569323], [-8.716422, 41.573805], [-8.720316, 41.57356], [-8.725151, 41.577811], [-8.726633, 41.576003], [-8.734424, 41.575737], [-8.736564, 41.580228], [-8.738354, 41.579318], [-8.740778, 41.582006], [-8.74467, 41.581535], [-8.750711, 41.58623], [-8.75993, 41.578527], [-8.767441, 41.580286], [-8.769874, 41.583874], [-8.768997, 41.58613], [-8.773228, 41.589482], [-8.774165, 41.593303], [-8.78556, 41.593464], [-8.797327, 41.600599], [-8.804218, 41.600109], [-8.80456, 41.604158], [-8.809434, 41.611332], [-8.828644, 41.609656], [-8.82839, 41.585633], [-8.818497, 41.554794], [-8.8221, 41.547542], [-8.821965, 41.534907], [-8.815926, 41.525624], [-8.81063, 41.5101], [-8.813279, 41.503483], [-8.812636, 41.496944], [-8.804699, 41.482068], [-8.798552, 41.474753], [-8.798571, 41.471346], [-8.779123, 41.456687], [-8.747764, 41.438607], [-8.724613, 41.429547], [-8.709453, 41.425436], [-8.685534, 41.42199], [-8.673568, 41.421751], [-8.649619, 41.424604], [-8.636501, 41.429302], [-8.625615, 41.436572], [-8.617607, 41.447256], [-8.610225, 41.465246], [-8.608205, 41.474247], [-8.609413, 41.483258], [-8.619956, 41.492301], [-8.65685, 41.510432], [-8.670509, 41.519479], [-8.680609, 41.528515], [-8.686054, 41.537538], [-8.687986, 41.54655], [-8.684306, 41.555548], [-8.672623, 41.564522], [-8.660837, 41.56832], [-8.648837, 41.569522], [-8.636847, 41.568721], [-8.612903, 41.561313], [-8.600956, 41.553966], [-8.584774, 41.537216], [-8.573436, 41.510153], [-8.565333, 41.501605], [-8.52949, 41.487394], [-8.510329, 41.473872], [-8.502002, 41.464829], [-8.482005, 41.433282], [-8.47013, 41.421797], [-8.464619, 41.419623], [-8.458237, 41.412788], [-8.453901, 41.410565], [-8.458289, 41.406636], [-8.460308, 41.401588], [-8.491711, 41.356693], [-8.508988, 41.338753], [-8.521747, 41.329799], [-8.566641, 41.304958], [-8.590628, 41.289579], [-8.614635, 41.269024], [-8.650655, 41.230821], [-8.662626, 41.223244], [-8.698444, 41.217798], [-8.711081, 41.213328], [-8.721925, 41.204347], [-8.727277, 41.195352], [-8.729649, 41.18635], [-8.729948, 41.177342], [-8.725425, 41.145703], [-8.674793, 41.146932], [-8.674849, 41.153767], [-8.672489, 41.15648], [-8.66117, 41.156307], [-8.662078, 41.158104], [-8.660313, 41.160813], [-8.657033, 41.160378], [-8.654961, 41.161963], [-8.653231, 41.169174], [-8.655366, 41.175467], [-8.647955, 41.180228], [-8.647696, 41.185181], [-8.640212, 41.196244], [-8.636796, 41.222126], [-8.633097, 41.231122], [-8.62068, 41.249097], [-8.602713, 41.266192], [-8.590723, 41.274415], [-8.566771, 41.285272], [-8.554804, 41.289011], [-8.530893, 41.292639], [-8.495072, 41.291452], [-8.483145, 41.289336], [-8.45932, 41.282051], [-8.435936, 41.269224], [-8.432691, 41.277107], [-8.427032, 41.279372], [-8.429143, 41.284319], [-8.426171, 41.287028], [-8.426488, 41.291079], [-8.425013, 41.294909], [-8.422037, 41.296942], [-8.422647, 41.299867], [-8.407744, 41.304856], [-8.406262, 41.307335], [-8.403277, 41.307342], [-8.401801, 41.311398], [-8.399712, 41.311628], [-8.400316, 41.313202], [-8.396738, 41.314336], [-8.398239, 41.316475], [-8.411168, 41.325074], [-8.421422, 41.338346], [-8.427116, 41.356389], [-8.426815, 41.365396], [-8.419063, 41.383372], [-8.409346, 41.39233], [-8.398546, 41.39815], [-8.386546, 41.402186], [-8.374564, 41.404099], [-8.35065, 41.402791], [-8.338722, 41.399295], [-8.324514, 41.391863], [-8.315414, 41.382802], [-8.310029, 41.373762], [-8.307907, 41.364742], [-8.310279, 41.346741], [-8.316223, 41.336102], [-8.314699, 41.33678], [-8.312604, 41.334983], [-8.313794, 41.333405], [-8.31139, 41.328007], [-8.307502, 41.325762], [-8.305116, 41.326891], [-8.303024, 41.325994], [-8.303615, 41.323742], [-8.301216, 41.319694], [-8.296431, 41.316774], [-8.297618, 41.313846], [-8.295817, 41.310022], [-8.281801, 41.316569], [-8.281808, 41.319721], [-8.278828, 41.321976], [-8.278238, 41.325128], [-8.273161, 41.325134], [-8.269582, 41.326939], [-8.265709, 41.331221], [-8.269001, 41.334818], [-8.266351, 41.337747], [-8.285706, 41.373614], [-8.293768, 41.382671], [-8.305177, 41.391748], [-8.322107, 41.400857], [-8.33865, 41.406344], [-8.362537, 41.410558], [-8.422359, 41.410851], [-8.434304, 41.413073], [-8.441911, 41.419515], [-8.4342, 41.425064], [-8.432846, 41.428478], [-8.410036, 41.450356], [-8.398623, 41.473342], [-8.397887, 41.482346], [-8.399906, 41.491363], [-8.414741, 41.518462], [-8.416034, 41.527476], [-8.414258, 41.536474], [-8.406672, 41.55445], [-8.396971, 41.568264], [-8.384866, 41.579926], [-8.360703, 41.597291], [-8.348638, 41.603834], [-8.32457, 41.610241], [-8.312568, 41.610245], [-8.288618, 41.605408], [-8.264725, 41.595843], [-8.253512, 41.589587], [-8.241254, 41.580499], [-8.233017, 41.571437], [-8.229161, 41.562404], [-8.230003, 41.553403], [-8.238793, 41.544454], [-8.253423, 41.535369], [-8.26194, 41.52659], [-8.267192, 41.517617], [-8.268046, 41.508615], [-8.2658, 41.500891], [-8.253961, 41.488548], [-8.242039, 41.483653], [-8.230081, 41.481922], [-8.2181, 41.482199], [-8.194089, 41.486629], [-8.170101, 41.489011], [-8.134048, 41.497666], [-8.12205, 41.498923], [-8.110084, 41.497799], [-8.088416, 41.489316], [-8.079491, 41.480238], [-8.076028, 41.471203], [-8.075358, 41.46219], [-8.086792, 41.416151], [-8.079893, 41.41975], [-8.077503, 41.416597], [-8.070923, 41.41862], [-8.066739, 41.416142], [-8.061953, 41.417264], [-8.059852, 41.424916], [-8.055959, 41.429641], [-8.057743, 41.438645], [-8.061033, 41.438872], [-8.064916, 41.444052], [-8.067908, 41.444279], [-8.069999, 41.447206], [-8.068788, 41.462286], [-8.073872, 41.46499], [-8.074468, 41.468141], [-8.073564, 41.474668], [-8.066374, 41.482318], [-8.066069, 41.48817], [-8.072054, 41.490199], [-8.07175, 41.494925], [-8.078333, 41.49898], [-8.078332, 41.500331], [-8.091803, 41.503937], [-8.0927, 41.505297], [-8.109963, 41.5067], [-8.12191, 41.509326], [-8.139623, 41.516733], [-8.147118, 41.525796], [-8.149948, 41.534824], [-8.149244, 41.543826], [-8.137937, 41.570764], [-8.135218, 41.588758], [-8.127574, 41.606714], [-8.108255, 41.631008], [-8.096108, 41.641088], [-8.084076, 41.642834], [-8.072085, 41.641728], [-8.060134, 41.637821], [-8.024434, 41.616574], [-8.012487, 41.612913], [-8.000472, 41.613768], [-7.988362, 41.62066], [-7.980277, 41.632524], [-7.977211, 41.641503], [-7.977044, 41.659516], [-7.989978, 41.695658], [-7.991592, 41.70468], [-7.988783, 41.731676], [-7.991904, 41.74071], [-7.998362, 41.749972], [-8.007377, 41.758859], [-8.008826, 41.767878], [-8.002423, 41.776829], [-7.968889, 41.794547], [-7.949413, 41.80141], [-7.925305, 41.803392], [-7.913137, 41.811158], [-7.888517, 41.84246], [-7.878387, 41.851413], [-7.882608, 41.854124], [-7.913058, 41.815777], [-7.925241, 41.807245], [-7.957506, 41.803451], [-7.973541, 41.798045], [-7.997689, 41.793233], [-8.021788, 41.791412], [-8.033814, 41.79202], [-8.057817, 41.796657], [-8.079151, 41.804491], [-8.092692, 41.811396], [-8.093723, 41.808471], [-8.101845, 41.809824], [-8.104853, 41.81185], [-8.115984, 41.812302], [-8.123807, 41.808702], [-8.138247, 41.808477], [-8.139751, 41.813203], [-8.14276, 41.812978], [-8.145769, 41.815453], [-8.149078, 41.814777], [-8.153893, 41.817928], [-8.161415, 41.818376], [-8.165326, 41.81815], [-8.173744, 41.808019], [-8.177054, 41.808017], [-8.182773, 41.812516], [-8.190291, 41.809587], [-8.197158, 41.814129], [-8.201063, 41.808724], [-8.204973, 41.807372], [-8.205872, 41.804445], [-8.213692, 41.803765], [-8.217598, 41.80016], [-8.217589, 41.793634], [-8.224207, 41.794303], [-8.229917, 41.791598], [-8.240744, 41.791588], [-8.24074, 41.789338], [-8.244347, 41.787984], [-8.245546, 41.785731], [-8.251257, 41.784375], [-8.251845, 41.777172], [-8.257551, 41.773564], [-8.261762, 41.774235], [-8.271366, 41.766346], [-8.280681, 41.764083], [-8.284038, 41.761109], [-8.284931, 41.757507], [-8.305674, 41.758152], [-8.311096, 41.762195], [-8.318308, 41.761283], [-8.325233, 41.765098], [-8.328234, 41.763292], [-8.330341, 41.764189], [-8.332141, 41.762835], [-8.338073, 41.762825], [-8.333552, 41.734193], [-8.335691, 41.716191], [-8.343432, 41.698221], [-8.35419, 41.689275], [-8.359818, 41.686717], [-8.393118, 41.68048], [-8.407992, 41.674732], [-8.420014, 41.673841], [-8.444011, 41.677284], [-8.473932, 41.687145], [-8.482012, 41.682123], [-8.484371, 41.674238], [-8.49308, 41.674886], [-8.499963, 41.671038], [-8.50927, 41.671233], [-8.51018, 41.672806], [-8.511824, 41.670549], [-8.456146, 41.662968], [-8.432169, 41.657694], [-8.42021, 41.651898], [-8.410011, 41.64454], [-8.400731, 41.635485], [-8.396423, 41.626455], [-8.395481, 41.617443], [-8.398323, 41.60845], [-8.404192, 41.599474], [-8.435939, 41.563605], [-8.445037, 41.557643], [-8.45706, 41.553942], [-8.465033, 41.545729], [-8.463382, 41.536714], [-8.457246, 41.531703], [-8.445304, 41.526518], [-8.421459, 41.512107], [-8.409566, 41.50222], [-8.403217, 41.491381], [-8.400881, 41.482361], [-8.402028, 41.47336], [-8.409956, 41.459265], [-8.422005, 41.450722], [-8.434007, 41.447307], [-8.445982, 41.446896], [-8.457932, 41.449531], [-8.468347, 41.45567], [-8.495157, 41.482814], [-8.52935, 41.506793], [-8.55322, 41.52071], [-8.565134, 41.531274], [-8.588937, 41.558314], [-8.622853, 41.591392], [-8.631664, 41.603016]], [[-8.190571, 41.768489], [-8.178462, 41.774571], [-8.166418, 41.775454], [-8.154428, 41.772292], [-8.142535, 41.761855], [-8.138469, 41.750909], [-8.140033, 41.741914], [-8.14518, 41.732946], [-8.155036, 41.725917], [-8.167066, 41.725402], [-8.179057, 41.727913], [-8.189143, 41.733264], [-8.197695, 41.742331], [-8.199902, 41.751354], [-8.197654, 41.760345], [-8.190571, 41.768489]], [[-8.227009, 41.739758], [-8.215016, 41.737054], [-8.172206, 41.71513], [-8.155378, 41.699798], [-8.143376, 41.698562], [-8.131302, 41.702712], [-8.121744, 41.714755], [-8.11901, 41.722759], [-8.10687, 41.73123], [-8.094886, 41.728385], [-8.087185, 41.714486], [-8.085994, 41.705469], [-8.089101, 41.696487], [-8.095379, 41.693217], [-8.107559, 41.681413], [-8.112786, 41.678658], [-8.119724, 41.670423], [-8.131795, 41.666079], [-8.155869, 41.662212], [-8.167956, 41.656351], [-8.192174, 41.640548], [-8.20424, 41.63575], [-8.216265, 41.634247], [-8.228262, 41.63494], [-8.240239, 41.637481], [-8.252192, 41.642139], [-8.264122, 41.648965], [-8.276008, 41.659918], [-8.28304, 41.670839], [-8.286129, 41.688873], [-8.2844, 41.697869], [-8.279538, 41.706846], [-8.270925, 41.715798], [-8.23906, 41.737581], [-8.227009, 41.739758]], [[-8.070952, 41.720505], [-8.058812, 41.728622], [-8.046785, 41.728848], [-8.034849, 41.722969], [-8.025092, 41.713976], [-8.021627, 41.704939], [-8.022265, 41.695938], [-8.030695, 41.677995], [-8.023544, 41.675535], [-8.011666, 41.666699], [-8.008902, 41.659795], [-8.015441, 41.650844], [-8.023959, 41.648058], [-8.035924, 41.651008], [-8.044107, 41.660093], [-8.047669, 41.668921], [-8.059723, 41.666088], [-8.071807, 41.661083], [-8.08385, 41.658792], [-8.09584, 41.660268], [-8.106026, 41.669599], [-8.105237, 41.6786], [-8.096712, 41.68754], [-8.077973, 41.696398], [-8.074326, 41.714383], [-8.070952, 41.720505]], [[-8.148732, 41.705951], [-8.152195, 41.714984], [-8.143041, 41.723774], [-8.131043, 41.721961], [-8.126932, 41.714795], [-8.131269, 41.705159], [-8.143309, 41.703636], [-8.148732, 41.705951]], [[-8.156189, 41.637679], [-8.153706, 41.642938], [-8.144036, 41.648751], [-8.132006, 41.650321], [-8.120061, 41.645623], [-8.117628, 41.642667], [-8.117255, 41.633657], [-8.120284, 41.629284], [-8.132411, 41.620155], [-8.144421, 41.619688], [-8.154326, 41.624929], [-8.15814, 41.633964], [-8.156189, 41.637679]], [[-8.241544, 41.526047], [-8.229576, 41.524533], [-8.219269, 41.517301], [-8.21659, 41.508276], [-8.220967, 41.499298], [-8.229937, 41.494088], [-8.241936, 41.492452], [-8.25387, 41.496489], [-8.256954, 41.499536], [-8.260888, 41.508569], [-8.257802, 41.517556], [-8.253575, 41.522172], [-8.241544, 41.526047]], [[-8.697096, 41.509085], [-8.685112, 41.509207], [-8.673138, 41.507402], [-8.661175, 41.503704], [-8.639809, 41.492365], [-8.630709, 41.483329], [-8.628072, 41.474313], [-8.62966, 41.46531], [-8.637488, 41.453948], [-8.649504, 41.445861], [-8.661496, 41.442037], [-8.673472, 41.440907], [-8.685438, 41.441833], [-8.697395, 41.444885], [-8.70934, 41.450571], [-8.717789, 41.456553], [-8.725406, 41.465579], [-8.729137, 41.474595], [-8.729555, 41.483604], [-8.726482, 41.492604], [-8.718035, 41.501591], [-8.709091, 41.506297], [-8.697096, 41.509085]]]}}, {"id": "7", "type": "Feature", "properties": {"fill": "#cba158", "value_min": -1.67, "value_max": -1.33}, "geometry": {"type": "MultiPolygon", "coordinates": [[[[-7.878387, 41.851413], [-7.888517, 41.84246], [-7.913137, 41.811158], [-7.925305, 41.803392], [-7.949413, 41.80141], [-7.968889, 41.794547], [-8.002423, 41.776829], [-8.008826, 41.767878], [-8.007377, 41.758859], [-7.998362, 41.749972], [-7.991904, 41.74071], [-7.988783, 41.731676], [-7.991592, 41.70468], [-7.989978, 41.695658], [-7.977044, 41.659516], [-7.977211, 41.641503], [-7.980277, 41.632524], [-7.988362, 41.62066], [-8.000472, 41.613768], [-8.012487, 41.612913], [-8.024434, 41.616574], [-8.060134, 41.637821], [-8.072085, 41.641728], [-8.084076, 41.642834], [-8.096108, 41.641088], [-8.108255, 41.631008], [-8.127574, 41.606714], [-8.135218, 41.588758], [-8.137937, 41.570764], [-8.149244, 41.543826], [-8.149948, 41.534824], [-8.147118, 41.525796], [-8.139623, 41.516733], [-8.12191, 41.509326], [-8.109963, 41.5067], [-8.0927, 41.505297], [-8.089398, 41.519242], [-8.090594, 41.522088], [-8.097797, 41.516412], [-8.10983, 41.516385], [-8.12173, 41.525605], [-8.119881, 41.534598], [-8.10949, 41.541209], [-8.102566, 41.541044], [-8.106759, 41.543557], [-8.101666, 41.542655], [-8.094175, 41.544904], [-8.087885, 41.542876], [-8.083389, 41.5449], [-8.080687, 41.551651], [-8.074097, 41.549848], [-8.073494, 41.553449], [-8.075891, 41.554575], [-8.076188, 41.557276], [-8.079783, 41.558403], [-8.081576, 41.565157], [-8.078879, 41.56493], [-8.075279, 41.568305], [-8.073182, 41.568079], [-8.069283, 41.570553], [-8.068081, 41.573478], [-8.056684, 41.579549], [-8.052181, 41.584498], [-8.052777, 41.587649], [-8.048277, 41.590122], [-8.047974, 41.592373], [-8.031467, 41.602938], [-8.02367, 41.603156], [-8.019174, 41.601802], [-8.015872, 41.603824], [-8.013474, 41.603372], [-8.005971, 41.60629], [-8.003562, 41.611239], [-7.998761, 41.612809], [-7.999669, 41.608759], [-7.996976, 41.605829], [-7.996684, 41.602003], [-7.984685, 41.603564], [-7.982292, 41.60086], [-7.975689, 41.603552], [-7.974482, 41.606701], [-7.970882, 41.607147], [-7.969091, 41.603768], [-7.965796, 41.602413], [-7.9541, 41.602846], [-7.952606, 41.600592], [-7.947808, 41.60081], [-7.945413, 41.599456], [-7.942725, 41.595625], [-7.936733, 41.594264], [-7.93791, 41.601694], [-7.937004, 41.603718], [-7.931604, 41.604384], [-7.930073, 41.614735], [-7.925255, 41.620579], [-7.918952, 41.621918], [-7.91443, 41.628584], [-7.939789, 41.654817], [-7.959861, 41.686383], [-7.966995, 41.704461], [-7.973728, 41.731542], [-7.986, 41.758672], [-7.985488, 41.767674], [-7.978976, 41.776623], [-7.954577, 41.794418], [-7.949498, 41.796175], [-7.937455, 41.79658], [-7.925439, 41.795393], [-7.913266, 41.803522], [-7.895959, 41.829896], [-7.888598, 41.837802], [-7.875163, 41.847431], [-7.878387, 41.851413]], [[-8.108456, 41.616389], [-8.102852, 41.624538], [-8.096267, 41.629728], [-8.084235, 41.631659], [-8.072282, 41.627952], [-8.066755, 41.624251], [-8.061628, 41.615202], [-8.062454, 41.606202], [-8.072738, 41.596166], [-8.084782, 41.592912], [-8.096753, 41.594881], [-8.1086, 41.605933], [-8.108456, 41.616389]]], [[[-7.872749, 41.848769], [-7.852078, 41.859538], [-7.827829, 41.867881], [-7.811227, 41.871661], [-7.814229, 41.873537], [-7.823863, 41.874013], [-7.825059, 41.875817], [-7.830479, 41.875831], [-7.830789, 41.874031], [-7.832894, 41.874712], [-7.83772, 41.872924], [-7.842528, 41.875187], [-7.841663, 41.866632], [-7.849515, 41.861475], [-7.858542, 41.862622], [-7.859456, 41.860148], [-7.864877, 41.859711], [-7.87033, 41.851395], [-7.873043, 41.850501], [-7.872749, 41.848769]]], [[[-7.804296, 41.872683], [-7.791609, 41.871681], [-7.777824, 41.85572], [-7.767942, 41.849123], [-7.755951, 41.846246], [-7.750541, 41.847711], [-7.750532, 41.849261], [-7.747827, 41.848577], [-7.743736, 41.849913], [-7.746901, 41.8524], [-7.746881, 41.855776], [-7.73843, 41.859348], [-7.734159, 41.868337], [-7.730228, 41.871024], [-7.729293, 41.875972], [-7.727333, 41.876416], [-7.725093, 41.882935], [-7.726208, 41.887665], [-7.737044, 41.888828], [-7.737935, 41.890857], [-7.74246, 41.889747], [-7.742785, 41.885922], [-7.756022, 41.888441], [-7.758719, 41.890926], [-7.756592, 41.89407], [-7.758076, 41.897901], [-7.764097, 41.898595], [-7.779227, 41.886264], [-7.785257, 41.885157], [-7.788886, 41.882467], [-7.794309, 41.882033], [-7.796739, 41.878214], [-7.794954, 41.873932], [-7.803381, 41.874857], [-7.804296, 41.872683]]], [[[-8.227009, 41.739758], [-8.23906, 41.737581], [-8.270925, 41.715798], [-8.279538, 41.706846], [-8.2844, 41.697869], [-8.286129, 41.688873], [-8.28304, 41.670839], [-8.276008, 41.659918], [-8.264122, 41.648965], [-8.252192, 41.642139], [-8.240239, 41.637481], [-8.228262, 41.63494], [-8.216265, 41.634247], [-8.20424, 41.63575], [-8.192174, 41.640548], [-8.167956, 41.656351], [-8.155869, 41.662212], [-8.131795, 41.666079], [-8.119724, 41.670423], [-8.112786, 41.678658], [-8.107559, 41.681413], [-8.095379, 41.693217], [-8.089101, 41.696487], [-8.085994, 41.705469], [-8.087185, 41.714486], [-8.094886, 41.728385], [-8.10687, 41.73123], [-8.11901, 41.722759], [-8.121744, 41.714755], [-8.131302, 41.702712], [-8.143376, 41.698562], [-8.155378, 41.699798], [-8.172206, 41.71513], [-8.215016, 41.737054], [-8.227009, 41.739758]], [[-8.251426, 41.708237], [-8.239278, 41.719144], [-8.2272, 41.723787], [-8.215171, 41.724332], [-8.203176, 41.722096], [-8.188406, 41.715245], [-8.177672, 41.706162], [-8.171756, 41.697112], [-8.169668, 41.68809], [-8.172161, 41.679101], [-8.181969, 41.670164], [-8.191877, 41.66426], [-8.203934, 41.660606], [-8.215961, 41.659307], [-8.229149, 41.661483], [-8.239909, 41.665514], [-8.247075, 41.670609], [-8.254652, 41.679666], [-8.257845, 41.688693], [-8.25734, 41.697697], [-8.251426, 41.708237]], [[-8.119138, 41.713388], [-8.111641, 41.714677], [-8.10706, 41.717475], [-8.10176, 41.7146], [-8.094135, 41.705534], [-8.096306, 41.696544], [-8.107496, 41.686014], [-8.119599, 41.679549], [-8.13162, 41.679051], [-8.14295, 41.687894], [-8.139517, 41.696875], [-8.131335, 41.700266], [-8.119138, 41.713388]]], [[[-8.631664, 41.603016], [-8.622853, 41.591392], [-8.588937, 41.558314], [-8.565134, 41.531274], [-8.55322, 41.52071], [-8.52935, 41.506793], [-8.495157, 41.482814], [-8.468347, 41.45567], [-8.457932, 41.449531], [-8.445982, 41.446896], [-8.434007, 41.447307], [-8.422005, 41.450722], [-8.409956, 41.459265], [-8.402028, 41.47336], [-8.400881, 41.482361], [-8.403217, 41.491381], [-8.409566, 41.50222], [-8.421459, 41.512107], [-8.445304, 41.526518], [-8.457246, 41.531703], [-8.463382, 41.536714], [-8.465033, 41.545729], [-8.45706, 41.553942], [-8.445037, 41.557643], [-8.435939, 41.563605], [-8.404192, 41.599474], [-8.398323, 41.60845], [-8.395481, 41.617443], [-8.396423, 41.626455], [-8.400731, 41.635485], [-8.410011, 41.64454], [-8.42021, 41.651898], [-8.432169, 41.657694], [-8.456146, 41.662968], [-8.511824, 41.670549], [-8.509856, 41.668755], [-8.512252, 41.667847], [-8.514629, 41.663788], [-8.522103, 41.658811], [-8.525706, 41.659023], [-8.527769, 41.652714], [-8.534066, 41.652017], [-8.537355, 41.64998], [-8.537634, 41.646602], [-8.542096, 41.640474], [-8.528372, 41.641364], [-8.492372, 41.638489], [-8.48036, 41.639204], [-8.456291, 41.645679], [-8.444283, 41.645611], [-8.432312, 41.641428], [-8.424973, 41.635608], [-8.420553, 41.626579], [-8.422375, 41.617581], [-8.432617, 41.606649], [-8.444688, 41.598407], [-8.459181, 41.572724], [-8.493176, 41.535744], [-8.505213, 41.529349], [-8.517209, 41.528111], [-8.529191, 41.528775], [-8.541157, 41.531651], [-8.553102, 41.537821], [-8.572737, 41.555187], [-8.586027, 41.57325], [-8.593119, 41.59129], [-8.593628, 41.600299], [-8.59164, 41.6093], [-8.584861, 41.620133], [-8.591462, 41.620515], [-8.596534, 41.616668], [-8.601628, 41.615972], [-8.603996, 41.611686], [-8.613256, 41.606696], [-8.619881, 41.610269], [-8.621338, 41.604636], [-8.631664, 41.603016]], [[-8.457516, 41.499432], [-8.445483, 41.505458], [-8.433489, 41.506847], [-8.421526, 41.504639], [-8.409619, 41.496403], [-8.403876, 41.482377], [-8.405432, 41.473377], [-8.409896, 41.46585], [-8.421941, 41.457916], [-8.433931, 41.456023], [-8.44589, 41.457735], [-8.45764, 41.464628], [-8.464913, 41.473669], [-8.466958, 41.482686], [-8.465389, 41.491687], [-8.457516, 41.499432]]], [[[-8.241544, 41.526047], [-8.253575, 41.522172], [-8.257802, 41.517556], [-8.260888, 41.508569], [-8.256954, 41.499536], [-8.25387, 41.496489], [-8.241936, 41.492452], [-8.229937, 41.494088], [-8.220967, 41.499298], [-8.21659, 41.508276], [-8.219269, 41.517301], [-8.229576, 41.524533], [-8.241544, 41.526047]], [[-8.241792, 41.504781], [-8.247609, 41.508483], [-8.24171, 41.511855], [-8.237642, 41.508417], [-8.241792, 41.504781]]], [[[-8.697096, 41.509085], [-8.709091, 41.506297], [-8.718035, 41.501591], [-8.726482, 41.492604], [-8.729555, 41.483604], [-8.729137, 41.474595], [-8.725406, 41.465579], [-8.717789, 41.456553], [-8.70934, 41.450571], [-8.697395, 41.444885], [-8.685438, 41.441833], [-8.673472, 41.440907], [-8.661496, 41.442037], [-8.649504, 41.445861], [-8.637488, 41.453948], [-8.62966, 41.46531], [-8.628072, 41.474313], [-8.630709, 41.483329], [-8.639809, 41.492365], [-8.661175, 41.503704], [-8.673138, 41.507402], [-8.685112, 41.509207], [-8.697096, 41.509085]], [[-8.697207, 41.485255], [-8.690002, 41.492511], [-8.685183, 41.494682], [-8.673192, 41.496706], [-8.66122, 41.494936], [-8.649277, 41.488069], [-8.644607, 41.483372], [-8.642527, 41.474359], [-8.646587, 41.465364], [-8.661419, 41.456711], [-8.673397, 41.455791], [-8.685355, 41.458955], [-8.694882, 41.465502], [-8.699726, 41.474522], [-8.697207, 41.485255]]], [[[-8.316223, 41.336102], [-8.310279, 41.346741], [-8.307907, 41.364742], [-8.310029, 41.373762], [-8.315414, 41.382802], [-8.324514, 41.391863], [-8.338722, 41.399295], [-8.35065, 41.402791], [-8.374564, 41.404099], [-8.386546, 41.402186], [-8.398546, 41.39815], [-8.409346, 41.39233], [-8.419063, 41.383372], [-8.426815, 41.365396], [-8.427116, 41.356389], [-8.421422, 41.338346], [-8.411168, 41.325074], [-8.398239, 41.316475], [-8.393775, 41.31997], [-8.393489, 41.323122], [-8.391105, 41.324253], [-8.386027, 41.323814], [-8.380382, 41.331254], [-8.375305, 41.33104], [-8.37201, 41.328346], [-8.361563, 41.329718], [-8.358276, 41.329049], [-8.357673, 41.327249], [-8.350207, 41.327264], [-8.346032, 41.328847], [-8.342462, 41.333131], [-8.333215, 41.336299], [-8.326363, 41.342163], [-8.324568, 41.341041], [-8.323376, 41.341943], [-8.320676, 41.338121], [-8.316223, 41.336102]], [[-8.398565, 41.383267], [-8.387864, 41.392218], [-8.374634, 41.396804], [-8.362661, 41.397856], [-8.350715, 41.396173], [-8.339772, 41.391952], [-8.329071, 41.382882], [-8.324644, 41.373849], [-8.324279, 41.364839], [-8.327666, 41.355851], [-8.33928, 41.344165], [-8.351282, 41.339169], [-8.363249, 41.337641], [-8.375189, 41.338842], [-8.387099, 41.343199], [-8.398955, 41.353762], [-8.40397, 41.36528], [-8.403418, 41.374284], [-8.398565, 41.383267]]], [[[-8.435936, 41.269224], [-8.45932, 41.282051], [-8.483145, 41.289336], [-8.495072, 41.291452], [-8.530893, 41.292639], [-8.554804, 41.289011], [-8.566771, 41.285272], [-8.590723, 41.274415], [-8.602713, 41.266192], [-8.62068, 41.249097], [-8.633097, 41.231122], [-8.636796, 41.222126], [-8.640212, 41.196244], [-8.634946, 41.193341], [-8.632526, 41.188624], [-8.625658, 41.186628], [-8.62263, 41.180113], [-8.6151, 41.177444], [-8.623698, 41.204068], [-8.623471, 41.222083], [-8.620803, 41.231082], [-8.615849, 41.240074], [-8.602782, 41.25474], [-8.590792, 41.263413], [-8.578816, 41.269333], [-8.554895, 41.275535], [-8.542948, 41.276546], [-8.519082, 41.274511], [-8.495264, 41.266507], [-8.480277, 41.257557], [-8.46752, 41.245272], [-8.467437, 41.245171], [-8.467336, 41.245048], [-8.463258, 41.244384], [-8.459989, 41.246644], [-8.454323, 41.246886], [-8.455541, 41.251834], [-8.452276, 41.25522], [-8.449891, 41.255452], [-8.449304, 41.257479], [-8.447812, 41.257258], [-8.449028, 41.261982], [-8.439785, 41.262907], [-8.438023, 41.268989], [-8.435936, 41.269224]]]]}}, {"id": "23", "type": "Feature", "properties": {"fill": "#1f4099", "value_min": 3.67, "value_max": 4.0}, "geometry": {"type": "MultiPolygon", "coordinates": [[[[-7.972662, 41.853026], [-7.975803, 41.84865], [-7.9758, 41.839643], [-7.972948, 41.835151], [-7.966952, 41.830557], [-7.961012, 41.828527], [-7.948974, 41.828239], [-7.936922, 41.828863], [-7.934677, 41.830262], [-7.931969, 41.839244], [-7.931751, 41.848248], [-7.936437, 41.858157], [-7.948446, 41.860492], [-7.960497, 41.860353], [-7.972662, 41.853026]]], [[[-8.361621, 41.503998], [-8.364628, 41.500181], [-8.366462, 41.491184], [-8.364674, 41.473159], [-8.36196, 41.469529], [-8.350061, 41.461873], [-8.32611, 41.46211], [-8.322485, 41.463911], [-8.311191, 41.472852], [-8.310643, 41.490863], [-8.31372, 41.501504], [-8.325611, 41.510183], [-8.337581, 41.511496], [-8.349567, 41.511265], [-8.361621, 41.503998]]]]}}, {"id": "22", "type": "Feature", "properties": {"fill": "#214db8", "value_min": 3.33, "value_max": 3.67}, "geometry": {"type": "MultiPolygon", "coordinates": [[[[-7.972592, 41.857429], [-7.978874, 41.848677], [-7.978724, 41.839669], [-7.972923, 41.83061], [-7.961044, 41.826552], [-7.949009, 41.826085], [-7.936945, 41.827444], [-7.932454, 41.830241], [-7.927191, 41.839199], [-7.926902, 41.848203], [-7.931963, 41.857257], [-7.936393, 41.860783], [-7.948396, 41.863575], [-7.960451, 41.863187], [-7.972592, 41.857429]], [[-7.972662, 41.853026], [-7.960497, 41.860353], [-7.948446, 41.860492], [-7.936437, 41.858157], [-7.931751, 41.848248], [-7.931969, 41.839244], [-7.934677, 41.830262], [-7.936922, 41.828863], [-7.948974, 41.828239], [-7.961012, 41.828527], [-7.966952, 41.830557], [-7.972948, 41.835151], [-7.9758, 41.839643], [-7.975803, 41.84865], [-7.972662, 41.853026]]], [[[-8.361584, 41.507833], [-8.367596, 41.500198], [-8.371177, 41.49121], [-8.370718, 41.4822], [-8.367424, 41.473175], [-8.361995, 41.465913], [-8.350082, 41.459675], [-8.338117, 41.458833], [-8.326133, 41.459817], [-8.314088, 41.466544], [-8.308331, 41.472834], [-8.306877, 41.481833], [-8.309796, 41.499865], [-8.313689, 41.504371], [-8.325589, 41.512366], [-8.337556, 41.513955], [-8.349545, 41.513425], [-8.361584, 41.507833]], [[-8.361621, 41.503998], [-8.349567, 41.511265], [-8.337581, 41.511496], [-8.325611, 41.510183], [-8.31372, 41.501504], [-8.310643, 41.490863], [-8.311191, 41.472852], [-8.322485, 41.463911], [-8.32611, 41.46211], [-8.350061, 41.461873], [-8.36196, 41.469529], [-8.364674, 41.473159], [-8.366462, 41.491184], [-8.364628, 41.500181], [-8.361621, 41.503998]]]]}}, {"id": "12", "type": "Feature", "properties": {"fill": "#a3a3a3", "value_min": 0.0, "value_max": 0.33}, "geometry": {"type": "MultiPolygon", "coordinates": [[[[-8.023067, 41.830709], [-8.009322, 41.819364], [-7.997369, 41.813748], [-7.98538, 41.810528], [-7.961316, 41.809702], [-7.937188, 41.81277], [-7.925091, 41.816221], [-7.912873, 41.826739], [-7.904198, 41.838982], [-7.89704, 41.860231], [-7.901956, 41.861591], [-7.903237, 41.847979], [-7.91276, 41.830057], [-7.925051, 41.818576], [-7.937163, 41.814275], [-7.961279, 41.812004], [-7.985322, 41.814207], [-8.003124, 41.82187], [-8.012759, 41.830275], [-8.014266, 41.828899], [-8.017873, 41.831379], [-8.023067, 41.830709]]], [[[-8.435205, 41.715118], [-8.427585, 41.707678], [-8.419729, 41.705474], [-8.407692, 41.707386], [-8.399603, 41.716543], [-8.402408, 41.726454], [-8.404721, 41.722847], [-8.417349, 41.725067], [-8.422737, 41.720552], [-8.429643, 41.719859], [-8.430533, 41.717381], [-8.435205, 41.715118]]], [[[-8.349175, 41.550362], [-8.361205, 41.546305], [-8.373258, 41.539848], [-8.385357, 41.528185], [-8.391342, 41.518341], [-8.393335, 41.500336], [-8.390198, 41.455283], [-8.387587, 41.446261], [-8.380207, 41.437214], [-8.374283, 41.433419], [-8.362356, 41.429067], [-8.326505, 41.42388], [-8.302553, 41.425509], [-8.290547, 41.429078], [-8.278507, 41.435549], [-8.268127, 41.445563], [-8.263966, 41.454544], [-8.26353, 41.463549], [-8.266445, 41.472575], [-8.277846, 41.495108], [-8.289456, 41.52895], [-8.301292, 41.542957], [-8.313218, 41.548934], [-8.325181, 41.551552], [-8.337168, 41.551926], [-8.349175, 41.550362]], [[-8.373331, 41.532296], [-8.361275, 41.539259], [-8.349248, 41.543058], [-8.337246, 41.544339], [-8.325263, 41.543659], [-8.313308, 41.540481], [-8.301398, 41.53312], [-8.295894, 41.526803], [-8.289604, 41.515431], [-8.276004, 41.481643], [-8.272305, 41.463605], [-8.274796, 41.454613], [-8.28131, 41.445647], [-8.294291, 41.436719], [-8.314468, 41.430488], [-8.338411, 41.429953], [-8.362302, 41.434556], [-8.374216, 41.44033], [-8.380461, 41.446223], [-8.385321, 41.455257], [-8.387375, 41.464275], [-8.390406, 41.500321], [-8.389422, 41.509323], [-8.385626, 41.51831], [-8.373331, 41.532296]]], [[[-8.803525, 41.241595], [-8.78189, 41.236271], [-8.758027, 41.235436], [-8.710266, 41.24217], [-8.683119, 41.249286], [-8.662437, 41.260099], [-8.64716, 41.276205], [-8.642419, 41.285198], [-8.640201, 41.294199], [-8.640454, 41.303208], [-8.64371, 41.312225], [-8.661619, 41.330295], [-8.685889, 41.348312], [-8.697809, 41.355522], [-8.709742, 41.360428], [-8.733634, 41.365134], [-8.757547, 41.365117], [-8.781475, 41.360867], [-8.807799, 41.350106], [-8.806791, 41.324527], [-8.801442, 41.330621], [-8.789573, 41.339608], [-8.769562, 41.348659], [-8.745636, 41.35344], [-8.721732, 41.352472], [-8.697857, 41.345164], [-8.674025, 41.330205], [-8.655687, 41.312262], [-8.651746, 41.303242], [-8.650832, 41.294232], [-8.652515, 41.285229], [-8.657057, 41.276235], [-8.665017, 41.267251], [-8.674373, 41.260364], [-8.686339, 41.254463], [-8.71024, 41.248061], [-8.746058, 41.244773], [-8.769918, 41.247493], [-8.781841, 41.251122], [-8.793758, 41.256983], [-8.80447, 41.265617], [-8.803525, 41.241595]]]]}}, {"id": "20", "type": "Feature", "properties": {"fill": "#2e6eed", "value_min": 2.67, "value_max": 3.0}, "geometry": {"type": "MultiPolygon", "coordinates": [[[[-7.948297, 41.869593], [-7.960354, 41.869134], [-7.972476, 41.864648], [-7.980811, 41.857701], [-7.985074, 41.848732], [-7.984572, 41.839721], [-7.979226, 41.830667], [-7.973084, 41.826655], [-7.961107, 41.822601], [-7.94908, 41.821777], [-7.936992, 41.824606], [-7.92801, 41.8302], [-7.92182, 41.839149], [-7.921111, 41.848149], [-7.925198, 41.857194], [-7.936306, 41.866034], [-7.948297, 41.869593]], [[-7.947549, 41.866408], [-7.93635, 41.863409], [-7.92858, 41.857225], [-7.923384, 41.84817], [-7.92377, 41.839167], [-7.930231, 41.830221], [-7.936969, 41.826025], [-7.949045, 41.823931], [-7.961076, 41.824576], [-7.976098, 41.830639], [-7.981648, 41.839695], [-7.981944, 41.848704], [-7.976605, 41.857663], [-7.972533, 41.861057], [-7.960405, 41.86602], [-7.947549, 41.866408]]], [[[-8.333049, 41.518017], [-8.337505, 41.518917], [-8.349502, 41.517746], [-8.36153, 41.513276], [-8.373533, 41.50023], [-8.376352, 41.491238], [-8.373881, 41.475142], [-8.366511, 41.464162], [-8.362051, 41.460177], [-8.350126, 41.455279], [-8.33817, 41.45365], [-8.326181, 41.455231], [-8.314156, 41.460127], [-8.309292, 41.463833], [-8.302612, 41.4728], [-8.300224, 41.481793], [-8.301194, 41.490806], [-8.304755, 41.499835], [-8.312198, 41.508887], [-8.325543, 41.516733], [-8.333049, 41.518017]], [[-8.349523, 41.515585], [-8.337531, 41.516414], [-8.325566, 41.51455], [-8.313659, 41.507238], [-8.307276, 41.49985], [-8.303352, 41.481812], [-8.305471, 41.472817], [-8.314122, 41.463357], [-8.326157, 41.457524], [-8.338143, 41.456248], [-8.350104, 41.457477], [-8.362026, 41.462802], [-8.373829, 41.480571], [-8.374553, 41.491228], [-8.370564, 41.500214], [-8.361555, 41.510789], [-8.349523, 41.515585]]], [[[-8.70998, 41.306801], [-8.721924, 41.307327], [-8.729474, 41.303451], [-8.733417, 41.294453], [-8.722021, 41.284277], [-8.710078, 41.284602], [-8.700781, 41.294372], [-8.704538, 41.30339], [-8.70998, 41.306801]]]]}}, {"id": "21", "type": "Feature", "properties": {"fill": "#245bd9", "value_min": 3.0, "value_max": 3.33}, "geometry": {"type": "MultiPolygon", "coordinates": [[[[-7.947549, 41.866408], [-7.960405, 41.86602], [-7.972533, 41.861057], [-7.976605, 41.857663], [-7.981944, 41.848704], [-7.981648, 41.839695], [-7.976098, 41.830639], [-7.961076, 41.824576], [-7.949045, 41.823931], [-7.936969, 41.826025], [-7.930231, 41.830221], [-7.92377, 41.839167], [-7.923384, 41.84817], [-7.92858, 41.857225], [-7.93635, 41.863409], [-7.947549, 41.866408]], [[-7.972592, 41.857429], [-7.960451, 41.863187], [-7.948396, 41.863575], [-7.936393, 41.860783], [-7.931963, 41.857257], [-7.926902, 41.848203], [-7.927191, 41.839199], [-7.932454, 41.830241], [-7.936945, 41.827444], [-7.949009, 41.826085], [-7.961044, 41.826552], [-7.972923, 41.83061], [-7.978724, 41.839669], [-7.978874, 41.848677], [-7.972592, 41.857429]]], [[[-8.349523, 41.515585], [-8.361555, 41.510789], [-8.370564, 41.500214], [-8.374553, 41.491228], [-8.373829, 41.480571], [-8.362026, 41.462802], [-8.350104, 41.457477], [-8.338143, 41.456248], [-8.326157, 41.457524], [-8.314122, 41.463357], [-8.305471, 41.472817], [-8.303352, 41.481812], [-8.307276, 41.49985], [-8.313659, 41.507238], [-8.325566, 41.51455], [-8.337531, 41.516414], [-8.349523, 41.515585]], [[-8.361584, 41.507833], [-8.349545, 41.513425], [-8.337556, 41.513955], [-8.325589, 41.512366], [-8.313689, 41.504371], [-8.309796, 41.499865], [-8.306877, 41.481833], [-8.308331, 41.472834], [-8.314088, 41.466544], [-8.326133, 41.459817], [-8.338117, 41.458833], [-8.350082, 41.459675], [-8.361995, 41.465913], [-8.367424, 41.473175], [-8.370718, 41.4822], [-8.371177, 41.49121], [-8.367596, 41.500198], [-8.361584, 41.507833]]]]}}, {"id": "0", "type": "Feature", "properties": {"fill": "#881d1d", "value_min": -4.0, "value_max": -3.67}, "geometry": {"type": "MultiPolygon", "coordinates": [[[[-7.86474, 41.824799], [-7.876794, 41.824092], [-7.8818, 41.820753], [-7.886072, 41.811787], [-7.882737, 41.802748], [-7.877233, 41.798934], [-7.865206, 41.798386], [-7.856096, 41.802486], [-7.850358, 41.811435], [-7.855077, 41.820489], [-7.86474, 41.824799]]], [[[-8.516778, 41.586002], [-8.530131, 41.582043], [-8.532541, 41.573045], [-8.528899, 41.568938], [-8.516933, 41.565168], [-8.504628, 41.572928], [-8.508191, 41.581951], [-8.516778, 41.586002]]]]}}]}