{"type": "FeatureCollection", "features": [{"id": "23", "type": "Feature", "properties": {"fill": "#1f4099", "value_min": 3.67, "value_max": 4.0}, "geometry": {"type": "Polygon", "coordinates": [[[-8.364091, 41.491171], [-8.364124, 41.482164], [-8.361908, 41.474756], [-8.349986, 41.469292], [-8.338028, 41.4676], [-8.326028, 41.469989], [-8.315188, 41.481883], [-8.316402, 41.490898], [-8.3223, 41.49994], [-8.32569, 41.50262], [-8.337642, 41.505513], [-8.349639, 41.504089], [-8.361659, 41.500223], [-8.364091, 41.491171]]]}}, {"id": "9", "type": "Feature", "properties": {"fill": "#a3a3a3", "value_min": -1.0, "value_max": -0.67}, "geometry": {"type": "MultiPolygon", "coordinates": [[[[-8.017683, 41.831154], [-8.017683, 41.831154], [-8.017272, 41.83073], [-8.017683, 41.831154]]], [[[-8.017241, 41.830703], [-8.006844, 41.821902], [-7.997317, 41.817074], [-7.98533, 41.813729], [-7.961266, 41.812806], [-7.937148, 41.815162], [-7.925033, 41.819685], [-7.914167, 41.83007], [-7.904887, 41.847995], [-7.903438, 41.860469], [-7.904318, 41.859795], [-7.907309, 41.865203], [-7.906095, 41.868126], [-7.910299, 41.871285], [-7.910285, 41.875562], [-7.915391, 41.879397], [-7.919019, 41.878729], [-7.910167, 41.866059], [-7.908059, 41.857032], [-7.908607, 41.848031], [-7.916978, 41.830096], [-7.927392, 41.821187], [-7.937116, 41.817116], [-7.949187, 41.815243], [-7.973263, 41.815431], [-7.98526, 41.818157], [-7.993762, 41.821788], [-8.005605, 41.830898], [-8.009745, 41.837673], [-8.012753, 41.833624], [-8.013062, 41.829348], [-8.017241, 41.830703]]], [[[-7.877643, 41.775432], [-7.889987, 41.766791], [-7.893507, 41.757818], [-7.889415, 41.748772], [-7.878238, 41.741298], [-7.866259, 41.738598], [-7.854222, 41.739287], [-7.842129, 41.743026], [-7.833486, 41.748218], [-7.829294, 41.757182], [-7.831448, 41.766211], [-7.841573, 41.773975], [-7.853541, 41.777551], [-7.865568, 41.77789], [-7.877643, 41.775432]], [[-7.858755, 41.775492], [-7.853584, 41.775137], [-7.841654, 41.769472], [-7.837481, 41.766272], [-7.83486, 41.757238], [-7.842051, 41.747384], [-7.854171, 41.742132], [-7.866212, 41.741297], [-7.878179, 41.744674], [-7.884234, 41.748722], [-7.888573, 41.757771], [-7.885795, 41.766751], [-7.877695, 41.772446], [-7.865604, 41.775853], [-7.858755, 41.775492]]], [[[-8.472319, 41.687329], [-8.467991, 41.683114], [-8.461458, 41.680821], [-8.456042, 41.675328], [-8.443775, 41.680737], [-8.419897, 41.686765], [-8.391199, 41.698484], [-8.378757, 41.707425], [-8.373758, 41.716405], [-8.373142, 41.725408], [-8.375671, 41.734391], [-8.38525, 41.730319], [-8.383144, 41.725463], [-8.383606, 41.716458], [-8.3889, 41.707479], [-8.403378, 41.698548], [-8.419836, 41.693629], [-8.431857, 41.693124], [-8.443854, 41.695531], [-8.452075, 41.699865], [-8.453868, 41.697961], [-8.453255, 41.695487], [-8.461659, 41.694563], [-8.472319, 41.687329]]], [[[-8.480183, 41.661194], [-8.486393, 41.653914], [-8.490545, 41.644925], [-8.491254, 41.635921], [-8.489108, 41.626904], [-8.483248, 41.617871], [-8.47266, 41.608815], [-8.456659, 41.601808], [-8.444675, 41.599979], [-8.432672, 41.600357], [-8.420645, 41.603346], [-8.411281, 41.608517], [-8.404869, 41.617492], [-8.404765, 41.626498], [-8.409401, 41.635529], [-8.41724, 41.644577], [-8.432171, 41.657459], [-8.442139, 41.662714], [-8.444112, 41.665564], [-8.456078, 41.670942], [-8.468102, 41.669675], [-8.480183, 41.661194]], [[-8.456239, 41.651818], [-8.444231, 41.651648], [-8.432259, 41.647436], [-8.418783, 41.635577], [-8.415191, 41.626552], [-8.417384, 41.617556], [-8.432611, 41.607337], [-8.444624, 41.605885], [-8.458373, 41.608749], [-8.472074, 41.61782], [-8.476955, 41.626849], [-8.476805, 41.635856], [-8.470952, 41.644836], [-8.456239, 41.651818]]], [[[-8.144, 41.651521], [-8.160044, 41.642985], [-8.164225, 41.634008], [-8.161884, 41.624984], [-8.156421, 41.619923], [-8.144474, 41.615659], [-8.132454, 41.616926], [-8.120347, 41.624613], [-8.114613, 41.633637], [-8.115448, 41.64265], [-8.120038, 41.647318], [-8.131985, 41.65194], [-8.144, 41.651521]], [[-8.132034, 41.648242], [-8.121025, 41.642693], [-8.118335, 41.633665], [-8.126629, 41.624722], [-8.132399, 41.621054], [-8.144399, 41.621365], [-8.150789, 41.624903], [-8.155554, 41.633945], [-8.15126, 41.64292], [-8.14406, 41.646963], [-8.132034, 41.648242]]], [[[-8.658502, 41.546466], [-8.66091, 41.537466], [-8.659284, 41.528454], [-8.653493, 41.519429], [-8.641306, 41.510385], [-8.625227, 41.504057], [-8.613253, 41.502558], [-8.601263, 41.504021], [-8.590688, 41.510215], [-8.585268, 41.519203], [-8.58443, 41.528208], [-8.589051, 41.540359], [-8.600961, 41.553075], [-8.612916, 41.559182], [-8.624895, 41.561571], [-8.636891, 41.560896], [-8.648909, 41.556181], [-8.658502, 41.546466]], [[-8.624957, 41.550835], [-8.61298, 41.548541], [-8.601038, 41.5406], [-8.594817, 41.528245], [-8.596633, 41.519244], [-8.601199, 41.514339], [-8.613218, 41.508457], [-8.625201, 41.508433], [-8.63716, 41.512749], [-8.646145, 41.519407], [-8.651013, 41.528429], [-8.650003, 41.537433], [-8.641191, 41.546414], [-8.636959, 41.548813], [-8.624957, 41.550835]]], [[[-8.147014, 41.374967], [-8.151383, 41.390717], [-8.157623, 41.39977], [-8.171081, 41.412086], [-8.194858, 41.424447], [-8.242589, 41.436351], [-8.254434, 41.447276], [-8.277938, 41.486847], [-8.286705, 41.508732], [-8.294674, 41.535803], [-8.301248, 41.547035], [-8.313144, 41.555971], [-8.325093, 41.560028], [-8.337076, 41.560953], [-8.349084, 41.559401], [-8.361127, 41.554292], [-8.373199, 41.545957], [-8.385311, 41.53301], [-8.394112, 41.518355], [-8.39631, 41.509359], [-8.393982, 41.482325], [-8.395254, 41.455309], [-8.39404, 41.446296], [-8.38733, 41.437253], [-8.374307, 41.430848], [-8.350423, 41.425574], [-8.302629, 41.418399], [-8.290695, 41.4154], [-8.281075, 41.409615], [-8.277532, 41.400585], [-8.275549, 41.382558], [-8.270998, 41.364514], [-8.259647, 41.346084], [-8.249625, 41.35431], [-8.250061, 41.354647], [-8.250223, 41.354773], [-8.250352, 41.354872], [-8.250821, 41.355236], [-8.258841, 41.364436], [-8.262873, 41.37347], [-8.264303, 41.382487], [-8.263321, 41.391488], [-8.259619, 41.400472], [-8.2549, 41.406527], [-8.242855, 41.41349], [-8.230864, 41.415633], [-8.218901, 41.415401], [-8.206964, 41.413073], [-8.195059, 41.408164], [-8.18358, 41.399957], [-8.176363, 41.390898], [-8.173152, 41.377661], [-8.168382, 41.377438], [-8.1642, 41.38059], [-8.152544, 41.375866], [-8.151049, 41.37339], [-8.147014, 41.374967]], [[-8.337191, 41.549689], [-8.325215, 41.548334], [-8.313275, 41.54362], [-8.301396, 41.533372], [-8.274921, 41.472629], [-8.270688, 41.454587], [-8.271953, 41.445588], [-8.2785, 41.436127], [-8.290538, 41.429883], [-8.302528, 41.427799], [-8.326467, 41.427559], [-8.36232, 41.432757], [-8.374333, 41.437183], [-8.38564, 41.446251], [-8.389772, 41.45528], [-8.393015, 41.500335], [-8.392139, 41.509337], [-8.388534, 41.518326], [-8.373295, 41.536003], [-8.361229, 41.543878], [-8.349196, 41.548244], [-8.337191, 41.549689]]], [[[-8.082186, 41.550603], [-8.097307, 41.555139], [-8.10929, 41.555762], [-8.121307, 41.5539], [-8.133368, 41.548605], [-8.139532, 41.543754], [-8.144546, 41.534784], [-8.145018, 41.52578], [-8.141029, 41.516743], [-8.133863, 41.511572], [-8.124601, 41.507612], [-8.109992, 41.50452], [-8.08851, 41.503148], [-8.093, 41.504613], [-8.0912, 41.510344], [-8.09795, 41.508838], [-8.109924, 41.509524], [-8.121858, 41.513154], [-8.128129, 41.516646], [-8.133619, 41.525695], [-8.132589, 41.534695], [-8.124166, 41.543638], [-8.109389, 41.548522], [-8.097406, 41.54802], [-8.086386, 41.544108], [-8.083389, 41.5449], [-8.082186, 41.550603]]], [[[-8.577448, 41.481044], [-8.584208, 41.474163], [-8.589105, 41.465173], [-8.591033, 41.456172], [-8.590133, 41.447161], [-8.585762, 41.438138], [-8.577777, 41.430343], [-8.56585, 41.424047], [-8.553901, 41.421328], [-8.541935, 41.421242], [-8.529948, 41.424115], [-8.521875, 41.428883], [-8.513608, 41.437856], [-8.510694, 41.446851], [-8.511407, 41.455861], [-8.515803, 41.464887], [-8.529561, 41.477656], [-8.541499, 41.483185], [-8.553457, 41.486171], [-8.565437, 41.485904], [-8.577448, 41.481044]], [[-8.553507, 41.478906], [-8.541544, 41.476831], [-8.529616, 41.469967], [-8.524432, 41.464923], [-8.520456, 41.455899], [-8.521144, 41.446895], [-8.527279, 41.437913], [-8.541869, 41.430678], [-8.553842, 41.430053], [-8.56579, 41.433033], [-8.573706, 41.438094], [-8.580943, 41.447128], [-8.582568, 41.456142], [-8.577531, 41.468261], [-8.565497, 41.476964], [-8.553507, 41.478906]]], [[[-8.807419, 41.340471], [-8.793478, 41.34595], [-8.769553, 41.351325], [-8.745642, 41.35205], [-8.733694, 41.350537], [-8.709817, 41.343632], [-8.685973, 41.33066], [-8.67284, 41.32132], [-8.653629, 41.303248], [-8.64375, 41.285202], [-8.642842, 41.267184], [-8.646206, 41.240171], [-8.63646, 41.204109], [-8.63484, 41.191766], [-8.632526, 41.188624], [-8.625658, 41.186628], [-8.62263, 41.180113], [-8.619386, 41.178551], [-8.630188, 41.231113], [-8.62828, 41.276146], [-8.630887, 41.285162], [-8.644291, 41.303219], [-8.68595, 41.335539], [-8.697865, 41.343297], [-8.72172, 41.355249], [-8.745603, 41.36212], [-8.757552, 41.363801], [-8.781463, 41.36452], [-8.808253, 41.361599], [-8.807419, 41.340471]]], [[[-8.793464, 41.1442], [-8.79988, 41.148761], [-8.799695, 41.14406], [-8.793464, 41.1442]]]]}}, {"id": "10", "type": "Feature", "properties": {"fill": "#a3a3a3", "value_min": -0.67, "value_max": -0.33}, "geometry": {"type": "MultiPolygon", "coordinates": [[[[-8.009745, 41.837673], [-8.005605, 41.830898], [-7.993762, 41.821788], [-7.98526, 41.818157], [-7.973263, 41.815431], [-7.949187, 41.815243], [-7.937116, 41.817116], [-7.927392, 41.821187], [-7.916978, 41.830096], [-7.908607, 41.848031], [-7.908059, 41.857032], [-7.910167, 41.866059], [-7.919019, 41.878729], [-7.928744, 41.877846], [-7.924106, 41.875002], [-7.916402, 41.866118], [-7.912774, 41.857077], [-7.912329, 41.848066], [-7.914488, 41.83908], [-7.919791, 41.830123], [-7.924939, 41.825294], [-7.937084, 41.819069], [-7.94916, 41.816883], [-7.961204, 41.816636], [-7.973219, 41.818223], [-7.983519, 41.821698], [-7.996522, 41.830819], [-8.002869, 41.839881], [-8.004599, 41.847717], [-8.009745, 41.837673]]], [[[-7.858755, 41.775492], [-7.865604, 41.775853], [-7.877695, 41.772446], [-7.885795, 41.766751], [-7.888573, 41.757771], [-7.884234, 41.748722], [-7.878179, 41.744674], [-7.866212, 41.741297], [-7.854171, 41.742132], [-7.842051, 41.747384], [-7.83486, 41.757238], [-7.837481, 41.766272], [-7.841654, 41.769472], [-7.853584, 41.775137], [-7.858755, 41.775492]], [[-7.865643, 41.77359], [-7.853634, 41.772347], [-7.843198, 41.76633], [-7.840219, 41.757293], [-7.846749, 41.748352], [-7.854121, 41.744963], [-7.866169, 41.743764], [-7.87812, 41.748048], [-7.884958, 41.757736], [-7.881658, 41.76671], [-7.877747, 41.769461], [-7.865643, 41.77359]]], [[[-8.452075, 41.699865], [-8.443854, 41.695531], [-8.431857, 41.693124], [-8.419836, 41.693629], [-8.403378, 41.698548], [-8.3889, 41.707479], [-8.383606, 41.716458], [-8.383144, 41.725463], [-8.38525, 41.730319], [-8.387032, 41.731891], [-8.39521, 41.730297], [-8.392239, 41.725511], [-8.391808, 41.716502], [-8.398217, 41.707528], [-8.40774, 41.702228], [-8.419782, 41.699656], [-8.431787, 41.70111], [-8.444006, 41.708072], [-8.452075, 41.699865]]], [[[-8.456239, 41.651818], [-8.470952, 41.644836], [-8.476805, 41.635856], [-8.476955, 41.626849], [-8.472074, 41.61782], [-8.458373, 41.608749], [-8.444624, 41.605885], [-8.432611, 41.607337], [-8.417384, 41.617556], [-8.415191, 41.626552], [-8.418783, 41.635577], [-8.432259, 41.647436], [-8.444231, 41.651648], [-8.456239, 41.651818]], [[-8.444302, 41.643455], [-8.432332, 41.639123], [-8.428308, 41.635625], [-8.424406, 41.626598], [-8.428532, 41.617612], [-8.432545, 41.61486], [-8.444572, 41.612004], [-8.456551, 41.614749], [-8.461298, 41.61777], [-8.466804, 41.626803], [-8.464338, 41.635799], [-8.456324, 41.641808], [-8.444302, 41.643455]]], [[[-8.132034, 41.648242], [-8.14406, 41.646963], [-8.15126, 41.64292], [-8.155554, 41.633945], [-8.150789, 41.624903], [-8.144399, 41.621365], [-8.132399, 41.621054], [-8.126629, 41.624722], [-8.118335, 41.633665], [-8.121025, 41.642693], [-8.132034, 41.648242]], [[-8.128459, 41.64275], [-8.123098, 41.633702], [-8.132342, 41.625311], [-8.144311, 41.628018], [-8.14892, 41.633896], [-8.144129, 41.641738], [-8.132084, 41.644577], [-8.128459, 41.64275]]], [[[-8.624957, 41.550835], [-8.636959, 41.548813], [-8.641191, 41.546414], [-8.650003, 41.537433], [-8.651013, 41.528429], [-8.646145, 41.519407], [-8.63716, 41.512749], [-8.625201, 41.508433], [-8.613218, 41.508457], [-8.601199, 41.514339], [-8.596633, 41.519244], [-8.594817, 41.528245], [-8.601038, 41.5406], [-8.61298, 41.548541], [-8.624957, 41.550835]], [[-8.625007, 41.542057], [-8.613035, 41.53931], [-8.604561, 41.528279], [-8.60734, 41.519281], [-8.613177, 41.515352], [-8.625171, 41.51366], [-8.63867, 41.519384], [-8.642454, 41.528403], [-8.637017, 41.538351], [-8.625007, 41.542057]]], [[[-8.337191, 41.549689], [-8.349196, 41.548244], [-8.361229, 41.543878], [-8.373295, 41.536003], [-8.388534, 41.518326], [-8.392139, 41.509337], [-8.393015, 41.500335], [-8.389772, 41.45528], [-8.38564, 41.446251], [-8.374333, 41.437183], [-8.36232, 41.432757], [-8.326467, 41.427559], [-8.302528, 41.427799], [-8.290538, 41.429883], [-8.2785, 41.436127], [-8.271953, 41.445588], [-8.270688, 41.454587], [-8.274921, 41.472629], [-8.301396, 41.533372], [-8.313275, 41.54362], [-8.325215, 41.548334], [-8.337191, 41.549689]], [[-8.349269, 41.540946], [-8.337269, 41.542108], [-8.325295, 41.540581], [-8.313363, 41.535289], [-8.303829, 41.526852], [-8.293219, 41.508772], [-8.282456, 41.481683], [-8.27919, 41.463648], [-8.280511, 41.454649], [-8.285776, 41.445674], [-8.300011, 41.436754], [-8.314439, 41.433228], [-8.33838, 41.43298], [-8.362272, 41.437654], [-8.377945, 41.44621], [-8.386003, 41.459746], [-8.389847, 41.491311], [-8.387968, 41.509315], [-8.383285, 41.518298], [-8.373361, 41.52912], [-8.361302, 41.536521], [-8.349269, 41.540946]]], [[[-8.086386, 41.544108], [-8.097406, 41.54802], [-8.109389, 41.548522], [-8.124166, 41.543638], [-8.132589, 41.534695], [-8.133619, 41.525695], [-8.128129, 41.516646], [-8.121858, 41.513154], [-8.109924, 41.509524], [-8.09795, 41.508838], [-8.0912, 41.510344], [-8.089697, 41.519198], [-8.092467, 41.51637], [-8.097873, 41.51445], [-8.109856, 41.514503], [-8.115491, 41.51655], [-8.124404, 41.525625], [-8.121559, 41.535284], [-8.109486, 41.541498], [-8.102865, 41.541133], [-8.106759, 41.543557], [-8.101666, 41.542655], [-8.094175, 41.544904], [-8.087885, 41.542876], [-8.086386, 41.544108]]], [[[-8.089433, 41.519468], [-8.089433, 41.519468], [-8.089654, 41.519243], [-8.089433, 41.519468]]], [[[-8.553507, 41.478906], [-8.565497, 41.476964], [-8.577531, 41.468261], [-8.582568, 41.456142], [-8.580943, 41.447128], [-8.573706, 41.438094], [-8.56579, 41.433033], [-8.553842, 41.430053], [-8.541869, 41.430678], [-8.527279, 41.437913], [-8.521144, 41.446895], [-8.520456, 41.455899], [-8.524432, 41.464923], [-8.529616, 41.469967], [-8.541544, 41.476831], [-8.553507, 41.478906]], [[-8.553551, 41.472487], [-8.541589, 41.470401], [-8.53338, 41.46496], [-8.528482, 41.455933], [-8.530848, 41.446935], [-8.541811, 41.438909], [-8.55379, 41.437551], [-8.565732, 41.441818], [-8.571299, 41.447093], [-8.574076, 41.45611], [-8.570176, 41.465103], [-8.565551, 41.468872], [-8.553551, 41.472487]]], [[[-8.173152, 41.377661], [-8.176363, 41.390898], [-8.18358, 41.399957], [-8.195059, 41.408164], [-8.206964, 41.413073], [-8.218901, 41.415401], [-8.230864, 41.415633], [-8.242855, 41.41349], [-8.2549, 41.406527], [-8.259619, 41.400472], [-8.263321, 41.391488], [-8.264303, 41.382487], [-8.262873, 41.37347], [-8.258841, 41.364436], [-8.250821, 41.355236], [-8.249635, 41.359825], [-8.248141, 41.360052], [-8.248448, 41.364328], [-8.244994, 41.365457], [-8.250752, 41.373392], [-8.252443, 41.38241], [-8.249408, 41.391398], [-8.243034, 41.398072], [-8.231011, 41.403183], [-8.219042, 41.403631], [-8.206508, 41.400118], [-8.195034, 41.39103], [-8.191192, 41.381996], [-8.191871, 41.376077], [-8.175853, 41.376309], [-8.173152, 41.377661]]], [[[-8.250352, 41.354872], [-8.250352, 41.354872], [-8.250223, 41.354773], [-8.250352, 41.354872]]], [[[-8.250061, 41.354647], [-8.250061, 41.354647], [-8.249625, 41.35431], [-8.250061, 41.354647]]], [[[-8.63484, 41.191766], [-8.63646, 41.204109], [-8.646206, 41.240171], [-8.642842, 41.267184], [-8.64375, 41.285202], [-8.653629, 41.303248], [-8.67284, 41.32132], [-8.685973, 41.33066], [-8.709817, 41.343632], [-8.733694, 41.350537], [-8.745642, 41.35205], [-8.769553, 41.351325], [-8.793478, 41.34595], [-8.807419, 41.340471], [-8.806551, 41.318452], [-8.791319, 41.330603], [-8.770567, 41.339571], [-8.757631, 41.342575], [-8.733723, 41.343436], [-8.721778, 41.341576], [-8.697912, 41.333119], [-8.679271, 41.321338], [-8.668736, 41.3123], [-8.656219, 41.294248], [-8.653918, 41.285233], [-8.655926, 41.267224], [-8.664928, 41.240227], [-8.662323, 41.231211], [-8.649204, 41.204149], [-8.649114, 41.186132], [-8.652515, 41.177506], [-8.647955, 41.180228], [-8.647696, 41.185181], [-8.641225, 41.196014], [-8.638841, 41.196025], [-8.63484, 41.191766]]], [[[-8.79988, 41.148761], [-8.793464, 41.1442], [-8.67527, 41.147484], [-8.676193, 41.146567], [-8.674793, 41.146932], [-8.674204, 41.147693], [-8.674849, 41.153767], [-8.672489, 41.15648], [-8.66117, 41.156307], [-8.662078, 41.158104], [-8.660313, 41.160813], [-8.657033, 41.160378], [-8.654961, 41.161963], [-8.653222, 41.168049], [-8.655057, 41.174058], [-8.662926, 41.164815], [-8.674883, 41.157486], [-8.686821, 41.153477], [-8.698746, 41.151832], [-8.710663, 41.152067], [-8.722572, 41.154154], [-8.734473, 41.158261], [-8.75139, 41.168383], [-8.761025, 41.177411], [-8.781099, 41.204475], [-8.803071, 41.23005], [-8.79988, 41.148761]]]]}}, {"id": "8", "type": "Feature", "properties": {"fill": "#b1a288", "value_min": -1.33, "value_max": -1.0}, "geometry": {"type": "MultiPolygon", "coordinates": [[[[-8.035053, 41.830269], [-8.021371, 41.818786], [-8.009443, 41.812918], [-7.997436, 41.809427], [-7.97337, 41.808753], [-7.937181, 41.81321], [-7.925085, 41.816562], [-7.912855, 41.827826], [-7.905283, 41.838992], [-7.897454, 41.860457], [-7.900698, 41.861588], [-7.903438, 41.860469], [-7.904887, 41.847995], [-7.914167, 41.83007], [-7.925033, 41.819685], [-7.937148, 41.815162], [-7.961266, 41.812806], [-7.98533, 41.813729], [-7.997317, 41.817074], [-8.006844, 41.821902], [-8.017241, 41.830703], [-8.017272, 41.83073], [-8.017683, 41.831154], [-8.02901, 41.829589], [-8.035053, 41.830269]]], [[[-8.526984, 41.656318], [-8.514969, 41.636023], [-8.498713, 41.617939], [-8.487171, 41.608881], [-8.468684, 41.598824], [-8.456716, 41.59511], [-8.432738, 41.592765], [-8.408724, 41.594705], [-8.392672, 41.599413], [-8.385094, 41.60838], [-8.385128, 41.617388], [-8.388961, 41.626415], [-8.41585, 41.653577], [-8.422549, 41.662618], [-8.423793, 41.671631], [-8.415893, 41.680598], [-8.376948, 41.698408], [-8.365172, 41.707351], [-8.361381, 41.716337], [-8.363632, 41.734867], [-8.368703, 41.73193], [-8.371416, 41.7344], [-8.375671, 41.734391], [-8.373142, 41.725408], [-8.373758, 41.716405], [-8.378757, 41.707425], [-8.391199, 41.698484], [-8.419897, 41.686765], [-8.443775, 41.680737], [-8.456042, 41.675328], [-8.461458, 41.680821], [-8.467991, 41.683114], [-8.472319, 41.687329], [-8.475731, 41.686644], [-8.482012, 41.682123], [-8.484371, 41.674238], [-8.49308, 41.674886], [-8.499963, 41.671038], [-8.50927, 41.671233], [-8.51018, 41.672806], [-8.511967, 41.670324], [-8.509856, 41.668755], [-8.512252, 41.667847], [-8.514629, 41.663788], [-8.522103, 41.658811], [-8.525706, 41.659023], [-8.526984, 41.656318]], [[-8.480183, 41.661194], [-8.468102, 41.669675], [-8.456078, 41.670942], [-8.444112, 41.665564], [-8.442139, 41.662714], [-8.432171, 41.657459], [-8.41724, 41.644577], [-8.409401, 41.635529], [-8.404765, 41.626498], [-8.404869, 41.617492], [-8.411281, 41.608517], [-8.420645, 41.603346], [-8.432672, 41.600357], [-8.444675, 41.599979], [-8.456659, 41.601808], [-8.47266, 41.608815], [-8.483248, 41.617871], [-8.489108, 41.626904], [-8.491254, 41.635921], [-8.490545, 41.644925], [-8.486393, 41.653914], [-8.480183, 41.661194]]], [[[-7.889731, 41.772183], [-7.896291, 41.766852], [-7.899287, 41.757874], [-7.897064, 41.748846], [-7.890232, 41.743143], [-7.878308, 41.737287], [-7.866317, 41.735316], [-7.854278, 41.736134], [-7.840127, 41.739278], [-7.824521, 41.748126], [-7.82072, 41.757094], [-7.823052, 41.766125], [-7.834203, 41.775245], [-7.853499, 41.77992], [-7.865532, 41.779927], [-7.884519, 41.775745], [-7.889731, 41.772183]], [[-7.877643, 41.775432], [-7.865568, 41.77789], [-7.853541, 41.777551], [-7.841573, 41.773975], [-7.831448, 41.766211], [-7.829294, 41.757182], [-7.833486, 41.748218], [-7.842129, 41.743026], [-7.854222, 41.739287], [-7.866259, 41.738598], [-7.878238, 41.741298], [-7.889415, 41.748772], [-7.893507, 41.757818], [-7.889987, 41.766791], [-7.877643, 41.775432]]], [[[-8.168094, 41.645629], [-8.171359, 41.643067], [-8.176253, 41.634095], [-8.176346, 41.625089], [-8.168505, 41.613682], [-8.156577, 41.607983], [-8.144581, 41.607567], [-8.132537, 41.610737], [-8.120412, 41.619834], [-8.110889, 41.633608], [-8.110132, 41.642609], [-8.118131, 41.651678], [-8.131922, 41.656586], [-8.143932, 41.656641], [-8.155983, 41.653493], [-8.168094, 41.645629]], [[-8.144, 41.651521], [-8.131985, 41.65194], [-8.120038, 41.647318], [-8.115448, 41.64265], [-8.114613, 41.633637], [-8.120347, 41.624613], [-8.132454, 41.616926], [-8.144474, 41.615659], [-8.156421, 41.619923], [-8.161884, 41.624984], [-8.164225, 41.634008], [-8.160044, 41.642985], [-8.144, 41.651521]]], [[[-8.108606, 41.402327], [-8.127894, 41.417563], [-8.162737, 41.435837], [-8.182659, 41.442941], [-8.230432, 41.452235], [-8.242349, 41.456978], [-8.254231, 41.464936], [-8.26608, 41.476094], [-8.280454, 41.499686], [-8.285043, 41.517729], [-8.2877, 41.553775], [-8.291697, 41.562807], [-8.300195, 41.571866], [-8.312901, 41.578899], [-8.336846, 41.583464], [-8.348852, 41.582542], [-8.360888, 41.578505], [-8.372997, 41.566778], [-8.400315, 41.518388], [-8.401737, 41.509388], [-8.3964, 41.482338], [-8.397915, 41.466457], [-8.403656, 41.446346], [-8.40187, 41.437329], [-8.398217, 41.433827], [-8.386307, 41.427508], [-8.338525, 41.418719], [-8.314655, 41.412704], [-8.302747, 41.407407], [-8.294363, 41.40069], [-8.289232, 41.391651], [-8.279399, 41.354841], [-8.268032, 41.329192], [-8.265711, 41.332121], [-8.269004, 41.336169], [-8.263339, 41.340902], [-8.262751, 41.345405], [-8.259647, 41.346084], [-8.270998, 41.364514], [-8.275549, 41.382558], [-8.277532, 41.400585], [-8.281075, 41.409615], [-8.290695, 41.4154], [-8.302629, 41.418399], [-8.350423, 41.425574], [-8.374307, 41.430848], [-8.38733, 41.437253], [-8.39404, 41.446296], [-8.395254, 41.455309], [-8.393982, 41.482325], [-8.39631, 41.509359], [-8.394112, 41.518355], [-8.385311, 41.53301], [-8.373199, 41.545957], [-8.361127, 41.554292], [-8.349084, 41.559401], [-8.337076, 41.560953], [-8.325093, 41.560028], [-8.313144, 41.555971], [-8.301248, 41.547035], [-8.294674, 41.535803], [-8.286705, 41.508732], [-8.277938, 41.486847], [-8.254434, 41.447276], [-8.242589, 41.436351], [-8.194858, 41.424447], [-8.171081, 41.412086], [-8.157623, 41.39977], [-8.151383, 41.390717], [-8.147014, 41.374967], [-8.139694, 41.377894], [-8.133418, 41.374292], [-8.119672, 41.376768], [-8.119672, 41.378569], [-8.116683, 41.380144], [-8.117578, 41.386447], [-8.113992, 41.386896], [-8.112795, 41.390723], [-8.110105, 41.390947], [-8.108011, 41.393648], [-8.103827, 41.392972], [-8.105321, 41.394998], [-8.102798, 41.395898], [-8.10313, 41.396348], [-8.103228, 41.396481], [-8.103295, 41.396573], [-8.107412, 41.39815], [-8.108606, 41.402327]]], [[[-8.671528, 41.564519], [-8.675736, 41.555524], [-8.676475, 41.546518], [-8.669319, 41.528483], [-8.660756, 41.519451], [-8.648591, 41.510407], [-8.625253, 41.499458], [-8.601105, 41.492237], [-8.594627, 41.483207], [-8.600067, 41.456204], [-8.599941, 41.447196], [-8.597487, 41.43818], [-8.591336, 41.429151], [-8.57785, 41.418993], [-8.56592, 41.413551], [-8.553977, 41.410344], [-8.542023, 41.408788], [-8.530053, 41.409541], [-8.518062, 41.412986], [-8.507469, 41.419815], [-8.500276, 41.428791], [-8.497588, 41.437787], [-8.500428, 41.455814], [-8.513833, 41.473887], [-8.525964, 41.482945], [-8.565331, 41.501891], [-8.569925, 41.51014], [-8.571443, 41.52816], [-8.574099, 41.537177], [-8.578696, 41.546202], [-8.58893, 41.559399], [-8.60086, 41.569513], [-8.612816, 41.575982], [-8.624789, 41.579747], [-8.636779, 41.580816], [-8.648783, 41.579454], [-8.660805, 41.574419], [-8.671528, 41.564519]], [[-8.658502, 41.546466], [-8.648909, 41.556181], [-8.636891, 41.560896], [-8.624895, 41.561571], [-8.612916, 41.559182], [-8.600961, 41.553075], [-8.589051, 41.540359], [-8.58443, 41.528208], [-8.585268, 41.519203], [-8.590688, 41.510215], [-8.601263, 41.504021], [-8.613253, 41.502558], [-8.625227, 41.504057], [-8.641306, 41.510385], [-8.653493, 41.519429], [-8.659284, 41.528454], [-8.66091, 41.537466], [-8.658502, 41.546466]], [[-8.577448, 41.481044], [-8.565437, 41.485904], [-8.553457, 41.486171], [-8.541499, 41.483185], [-8.529561, 41.477656], [-8.515803, 41.464887], [-8.511407, 41.455861], [-8.510694, 41.446851], [-8.513608, 41.437856], [-8.521875, 41.428883], [-8.529948, 41.424115], [-8.541935, 41.421242], [-8.553901, 41.421328], [-8.56585, 41.424047], [-8.577777, 41.430343], [-8.585762, 41.438138], [-8.590133, 41.447161], [-8.591033, 41.456172], [-8.589105, 41.465173], [-8.584208, 41.474163], [-8.577448, 41.481044]]], [[[-8.080082, 41.559351], [-8.097197, 41.563018], [-8.12117, 41.563953], [-8.133189, 41.562048], [-8.14524, 41.557626], [-8.151982, 41.552854], [-8.158248, 41.543893], [-8.160735, 41.534904], [-8.160448, 41.525894], [-8.157761, 41.516832], [-8.151133, 41.507811], [-8.14594, 41.504435], [-8.133994, 41.501696], [-8.10362, 41.498443], [-8.071754, 41.490529], [-8.07175, 41.494925], [-8.078333, 41.49898], [-8.078332, 41.500331], [-8.08851, 41.503148], [-8.109992, 41.50452], [-8.124601, 41.507612], [-8.133863, 41.511572], [-8.141029, 41.516743], [-8.145018, 41.52578], [-8.144546, 41.534784], [-8.139532, 41.543754], [-8.133368, 41.548605], [-8.121307, 41.5539], [-8.10929, 41.555762], [-8.097307, 41.555139], [-8.082186, 41.550603], [-8.079489, 41.551876], [-8.074097, 41.549848], [-8.072897, 41.551197], [-8.076188, 41.557276], [-8.080082, 41.559351]]], [[[-8.808253, 41.361599], [-8.781463, 41.36452], [-8.757552, 41.363801], [-8.745603, 41.36212], [-8.72172, 41.355249], [-8.697865, 41.343297], [-8.68595, 41.335539], [-8.644291, 41.303219], [-8.630887, 41.285162], [-8.62828, 41.276146], [-8.630188, 41.231113], [-8.619386, 41.178551], [-8.613374, 41.177451], [-8.608583, 41.174095], [-8.609164, 41.172066], [-8.604942, 41.164881], [-8.594614, 41.165148], [-8.605712, 41.185992], [-8.615258, 41.213048], [-8.616961, 41.231069], [-8.608874, 41.267074], [-8.608813, 41.276081], [-8.612503, 41.285101], [-8.620086, 41.294134], [-8.709754, 41.357682], [-8.73361, 41.370967], [-8.769446, 41.381699], [-8.809271, 41.387398], [-8.808253, 41.361599]]]]}}, {"id": "11", "type": "Feature", "properties": {"fill": "#a3a3a3", "value_min": -0.33, "value_max": 0.0}, "geometry": {"type": "MultiPolygon", "coordinates": [[[[-8.004599, 41.847717], [-8.002869, 41.839881], [-7.996522, 41.830819], [-7.983519, 41.821698], [-7.973219, 41.818223], [-7.961204, 41.816636], [-7.94916, 41.816883], [-7.937084, 41.819069], [-7.924939, 41.825294], [-7.919791, 41.830123], [-7.914488, 41.83908], [-7.912329, 41.848066], [-7.912774, 41.857077], [-7.916402, 41.866118], [-7.924106, 41.875002], [-7.928744, 41.877846], [-7.934981, 41.875059], [-7.92252, 41.866175], [-7.916954, 41.857116], [-7.915399, 41.848095], [-7.917071, 41.839104], [-7.922602, 41.830149], [-7.937051, 41.821021], [-7.949133, 41.818523], [-7.961173, 41.818552], [-7.974973, 41.821622], [-7.990172, 41.830763], [-7.995707, 41.839819], [-7.996495, 41.851612], [-8.003089, 41.850494], [-8.004599, 41.847717]]], [[[-7.996463, 41.851771], [-7.996463, 41.851771], [-7.99645, 41.851837], [-7.996463, 41.851771]]], [[[-7.995246, 41.857772], [-7.995246, 41.857772], [-7.995027, 41.858138], [-7.995246, 41.857772]]], [[[-7.988602, 41.867309], [-7.988602, 41.867309], [-7.986455, 41.869156], [-7.988602, 41.867309]]], [[[-7.985585, 41.869904], [-7.985585, 41.869904], [-7.985149, 41.870279], [-7.985585, 41.869904]]], [[[-7.865643, 41.77359], [-7.877747, 41.769461], [-7.881658, 41.76671], [-7.884958, 41.757736], [-7.87812, 41.748048], [-7.866169, 41.743764], [-7.854121, 41.744963], [-7.846749, 41.748352], [-7.840219, 41.757293], [-7.843198, 41.76633], [-7.853634, 41.772347], [-7.865643, 41.77359]], [[-7.853683, 41.769556], [-7.848175, 41.76638], [-7.844769, 41.757339], [-7.852728, 41.748411], [-7.866125, 41.746231], [-7.87251, 41.748607], [-7.881344, 41.7577], [-7.877419, 41.766669], [-7.865684, 41.771288], [-7.853683, 41.769556]]], [[[-8.444006, 41.708072], [-8.431787, 41.70111], [-8.419782, 41.699656], [-8.40774, 41.702228], [-8.398217, 41.707528], [-8.391808, 41.716502], [-8.392239, 41.725511], [-8.39521, 41.730297], [-8.396942, 41.730518], [-8.403232, 41.725963], [-8.400825, 41.716549], [-8.409753, 41.707588], [-8.419727, 41.705761], [-8.427272, 41.707677], [-8.435213, 41.715118], [-8.441632, 41.713975], [-8.444006, 41.708072]]], [[[-8.128459, 41.64275], [-8.132084, 41.644577], [-8.144129, 41.641738], [-8.14892, 41.633896], [-8.144311, 41.628018], [-8.132342, 41.625311], [-8.123098, 41.633702], [-8.128459, 41.64275]], [[-8.128926, 41.633746], [-8.13227, 41.630711], [-8.140135, 41.633831], [-8.132165, 41.638515], [-8.128926, 41.633746]]], [[[-8.444302, 41.643455], [-8.456324, 41.641808], [-8.464338, 41.635799], [-8.466804, 41.626803], [-8.461298, 41.61777], [-8.456551, 41.614749], [-8.444572, 41.612004], [-8.432545, 41.61486], [-8.428532, 41.617612], [-8.424406, 41.626598], [-8.428308, 41.635625], [-8.432332, 41.639123], [-8.444302, 41.643455]], [[-8.444081, 41.635702], [-8.434355, 41.626648], [-8.444511, 41.619071], [-8.456724, 41.626756], [-8.444081, 41.635702]]], [[[-8.625007, 41.542057], [-8.637017, 41.538351], [-8.642454, 41.528403], [-8.63867, 41.519384], [-8.625171, 41.51366], [-8.613177, 41.515352], [-8.60734, 41.519281], [-8.604561, 41.528279], [-8.613035, 41.53931], [-8.625007, 41.542057]], [[-8.617407, 41.528322], [-8.625133, 41.520297], [-8.630259, 41.528364], [-8.625066, 41.531919], [-8.617407, 41.528322]]], [[[-8.349269, 41.540946], [-8.361302, 41.536521], [-8.373361, 41.52912], [-8.383285, 41.518298], [-8.387968, 41.509315], [-8.389847, 41.491311], [-8.386003, 41.459746], [-8.377945, 41.44621], [-8.362272, 41.437654], [-8.33838, 41.43298], [-8.314439, 41.433228], [-8.300011, 41.436754], [-8.285776, 41.445674], [-8.280511, 41.454649], [-8.27919, 41.463648], [-8.282456, 41.481683], [-8.293219, 41.508772], [-8.303829, 41.526852], [-8.313363, 41.535289], [-8.325295, 41.540581], [-8.337269, 41.542108], [-8.349269, 41.540946]], [[-8.349327, 41.535167], [-8.33733, 41.536055], [-8.325358, 41.534573], [-8.313426, 41.529328], [-8.301566, 41.517489], [-8.288906, 41.490731], [-8.284422, 41.472688], [-8.284943, 41.463684], [-8.2887, 41.4547], [-8.297593, 41.445747], [-8.314381, 41.438778], [-8.338336, 41.43731], [-8.350292, 41.438699], [-8.362229, 41.442004], [-8.374133, 41.448932], [-8.379675, 41.455226], [-8.383815, 41.464256], [-8.387301, 41.491297], [-8.384149, 41.509295], [-8.373415, 41.523517], [-8.361352, 41.531421], [-8.349327, 41.535167]]], [[[-8.102865, 41.541133], [-8.109486, 41.541498], [-8.121559, 41.535284], [-8.124404, 41.525625], [-8.115491, 41.51655], [-8.109856, 41.514503], [-8.097873, 41.51445], [-8.092467, 41.51637], [-8.089697, 41.519198], [-8.089654, 41.519243], [-8.089433, 41.519468], [-8.090594, 41.522169], [-8.093588, 41.52307], [-8.091786, 41.531848], [-8.102865, 41.541133]], [[-8.097661, 41.529681], [-8.095772, 41.525404], [-8.097746, 41.523565], [-8.109746, 41.522503], [-8.113281, 41.52554], [-8.109608, 41.532552], [-8.097661, 41.529681]]], [[[-8.553551, 41.472487], [-8.565551, 41.468872], [-8.570176, 41.465103], [-8.574076, 41.45611], [-8.571299, 41.447093], [-8.565732, 41.441818], [-8.55379, 41.437551], [-8.541811, 41.438909], [-8.530848, 41.446935], [-8.528482, 41.455933], [-8.53338, 41.46496], [-8.541589, 41.470401], [-8.553551, 41.472487]], [[-8.547853, 41.465018], [-8.541645, 41.462415], [-8.537674, 41.45597], [-8.541747, 41.447925], [-8.553737, 41.445272], [-8.557827, 41.447042], [-8.565208, 41.456077], [-8.556349, 41.465051], [-8.553595, 41.466057], [-8.547853, 41.465018]]], [[[-8.191871, 41.376077], [-8.191192, 41.381996], [-8.195034, 41.39103], [-8.206508, 41.400118], [-8.219042, 41.403631], [-8.231011, 41.403183], [-8.243034, 41.398072], [-8.249408, 41.391398], [-8.252443, 41.38241], [-8.250752, 41.373392], [-8.244994, 41.365457], [-8.244272, 41.368384], [-8.239197, 41.371315], [-8.232024, 41.369971], [-8.224854, 41.370878], [-8.21738, 41.368182], [-8.214697, 41.372918], [-8.219437, 41.370589], [-8.231381, 41.371784], [-8.233436, 41.373277], [-8.237015, 41.382309], [-8.231169, 41.389794], [-8.218837, 41.391194], [-8.209593, 41.382124], [-8.213885, 41.373812], [-8.208127, 41.376968], [-8.199163, 41.377423], [-8.194976, 41.374275], [-8.191871, 41.376077]]], [[[-8.652515, 41.177506], [-8.649114, 41.186132], [-8.649204, 41.204149], [-8.662323, 41.231211], [-8.664928, 41.240227], [-8.655926, 41.267224], [-8.653918, 41.285233], [-8.656219, 41.294248], [-8.668736, 41.3123], [-8.679271, 41.321338], [-8.697912, 41.333119], [-8.721778, 41.341576], [-8.733723, 41.343436], [-8.757631, 41.342575], [-8.770567, 41.339571], [-8.791319, 41.330603], [-8.806551, 41.318452], [-8.803071, 41.23005], [-8.781099, 41.204475], [-8.761025, 41.177411], [-8.75139, 41.168383], [-8.734473, 41.158261], [-8.722572, 41.154154], [-8.710663, 41.152067], [-8.698746, 41.151832], [-8.686821, 41.153477], [-8.674883, 41.157486], [-8.662926, 41.164815], [-8.655057, 41.174058], [-8.652515, 41.177506]], [[-8.745703, 41.336359], [-8.721801, 41.336162], [-8.709862, 41.333402], [-8.697933, 41.3286], [-8.686017, 41.32163], [-8.675037, 41.312318], [-8.667783, 41.30329], [-8.66386, 41.294271], [-8.662649, 41.285259], [-8.663915, 41.276255], [-8.667802, 41.267259], [-8.686381, 41.245691], [-8.694538, 41.240309], [-8.698368, 41.234308], [-8.704654, 41.231328], [-8.674594, 41.21586], [-8.665809, 41.204198], [-8.664415, 41.195186], [-8.66841, 41.18619], [-8.674772, 41.17984], [-8.686718, 41.175041], [-8.698642, 41.174643], [-8.708871, 41.177291], [-8.721567, 41.18633], [-8.726276, 41.19535], [-8.726903, 41.204359], [-8.722298, 41.219078], [-8.719475, 41.222357], [-8.740677, 41.231414], [-8.758025, 41.236088], [-8.769937, 41.241977], [-8.781844, 41.25036], [-8.78985, 41.258538], [-8.799089, 41.27657], [-8.799425, 41.294587], [-8.790715, 41.312587], [-8.781543, 41.321577], [-8.769631, 41.329048], [-8.757664, 41.333781], [-8.745703, 41.336359]]]]}}, {"id": "12", "type": "Feature", "properties": {"fill": "#a3a3a3", "value_min": 0.0, "value_max": 0.33}, "geometry": {"type": "MultiPolygon", "coordinates": [[[[-7.985149, 41.870279], [-7.985585, 41.869904], [-7.986455, 41.869156], [-7.988602, 41.867309], [-7.990123, 41.860157], [-7.995027, 41.858138], [-7.995246, 41.857772], [-7.994047, 41.855211], [-7.99645, 41.851837], [-7.996463, 41.851771], [-7.996495, 41.851612], [-7.995707, 41.839819], [-7.990172, 41.830763], [-7.974973, 41.821622], [-7.961173, 41.818552], [-7.949133, 41.818523], [-7.937051, 41.821021], [-7.922602, 41.830149], [-7.917071, 41.839104], [-7.915399, 41.848095], [-7.916954, 41.857116], [-7.92252, 41.866175], [-7.934981, 41.875059], [-7.937389, 41.87516], [-7.940109, 41.87193], [-7.929402, 41.86624], [-7.921133, 41.857156], [-7.918435, 41.848124], [-7.919654, 41.839128], [-7.925397, 41.830175], [-7.937022, 41.822815], [-7.949106, 41.820163], [-7.961142, 41.820466], [-7.97313, 41.823774], [-7.984185, 41.83071], [-7.990467, 41.839773], [-7.991473, 41.848788], [-7.988273, 41.857767], [-7.979608, 41.866697], [-7.972374, 41.871019], [-7.956364, 41.874148], [-7.956362, 41.875191], [-7.960576, 41.875647], [-7.962086, 41.874074], [-7.972322, 41.875439], [-7.985149, 41.870279]]], [[[-7.853683, 41.769556], [-7.865684, 41.771288], [-7.877419, 41.766669], [-7.881344, 41.7577], [-7.87251, 41.748607], [-7.866125, 41.746231], [-7.852728, 41.748411], [-7.844769, 41.757339], [-7.848175, 41.76638], [-7.853683, 41.769556]], [[-7.853733, 41.766766], [-7.848956, 41.757381], [-7.853996, 41.752], [-7.866081, 41.748767], [-7.877657, 41.757665], [-7.871752, 41.766614], [-7.865725, 41.768985], [-7.853733, 41.766766]]], [[[-8.435213, 41.715118], [-8.427272, 41.707677], [-8.419727, 41.705761], [-8.409753, 41.707588], [-8.400825, 41.716549], [-8.403232, 41.725963], [-8.404721, 41.722847], [-8.417349, 41.725067], [-8.422737, 41.720552], [-8.429643, 41.719859], [-8.430533, 41.717381], [-8.435213, 41.715118]], [[-8.418948, 41.716642], [-8.419631, 41.716416], [-8.419976, 41.716647], [-8.419624, 41.717161], [-8.418948, 41.716642]]], [[[-8.444081, 41.635702], [-8.456724, 41.626756], [-8.444511, 41.619071], [-8.434355, 41.626648], [-8.444081, 41.635702]]], [[[-8.128926, 41.633746], [-8.132165, 41.638515], [-8.140135, 41.633831], [-8.13227, 41.630711], [-8.128926, 41.633746]]], [[[-8.617407, 41.528322], [-8.625066, 41.531919], [-8.630259, 41.528364], [-8.625133, 41.520297], [-8.617407, 41.528322]]], [[[-8.349327, 41.535167], [-8.361352, 41.531421], [-8.373415, 41.523517], [-8.384149, 41.509295], [-8.387301, 41.491297], [-8.383815, 41.464256], [-8.379675, 41.455226], [-8.374133, 41.448932], [-8.362229, 41.442004], [-8.350292, 41.438699], [-8.338336, 41.43731], [-8.314381, 41.438778], [-8.297593, 41.445747], [-8.2887, 41.4547], [-8.284943, 41.463684], [-8.284422, 41.472688], [-8.288906, 41.490731], [-8.301566, 41.517489], [-8.313426, 41.529328], [-8.325358, 41.534573], [-8.33733, 41.536055], [-8.349327, 41.535167]], [[-8.337372, 41.53203], [-8.325405, 41.530056], [-8.313478, 41.524414], [-8.30644, 41.51786], [-8.294932, 41.499775], [-8.289492, 41.481727], [-8.288754, 41.472715], [-8.290595, 41.463719], [-8.295917, 41.454744], [-8.309172, 41.445817], [-8.326326, 41.441206], [-8.3383, 41.440864], [-8.350255, 41.44236], [-8.362187, 41.446307], [-8.374082, 41.454329], [-8.380645, 41.464239], [-8.384638, 41.482275], [-8.384099, 41.500287], [-8.380823, 41.509277], [-8.373604, 41.518245], [-8.361399, 41.526658], [-8.349369, 41.531], [-8.337372, 41.53203]]], [[[-8.097661, 41.529681], [-8.109608, 41.532552], [-8.113281, 41.52554], [-8.109746, 41.522503], [-8.097746, 41.523565], [-8.095772, 41.525404], [-8.097661, 41.529681]]], [[[-8.547853, 41.465018], [-8.553595, 41.466057], [-8.556349, 41.465051], [-8.565208, 41.456077], [-8.557827, 41.447042], [-8.553737, 41.445272], [-8.541747, 41.447925], [-8.537674, 41.45597], [-8.541645, 41.462415], [-8.547853, 41.465018]]], [[[-8.213885, 41.373812], [-8.209593, 41.382124], [-8.218837, 41.391194], [-8.231169, 41.389794], [-8.237015, 41.382309], [-8.233436, 41.373277], [-8.231381, 41.371784], [-8.219437, 41.370589], [-8.214697, 41.372918], [-8.213885, 41.373812]]], [[[-8.745703, 41.336359], [-8.757664, 41.333781], [-8.769631, 41.329048], [-8.781543, 41.321577], [-8.790715, 41.312587], [-8.799425, 41.294587], [-8.799089, 41.27657], [-8.78985, 41.258538], [-8.781844, 41.25036], [-8.769937, 41.241977], [-8.758025, 41.236088], [-8.740677, 41.231414], [-8.719475, 41.222357], [-8.722298, 41.219078], [-8.726903, 41.204359], [-8.726276, 41.19535], [-8.721567, 41.18633], [-8.708871, 41.177291], [-8.698642, 41.174643], [-8.686718, 41.175041], [-8.674772, 41.17984], [-8.66841, 41.18619], [-8.664415, 41.195186], [-8.665809, 41.204198], [-8.674594, 41.21586], [-8.704654, 41.231328], [-8.698368, 41.234308], [-8.694538, 41.240309], [-8.686381, 41.245691], [-8.667802, 41.267259], [-8.663915, 41.276255], [-8.662649, 41.285259], [-8.66386, 41.294271], [-8.667783, 41.30329], [-8.675037, 41.312318], [-8.686017, 41.32163], [-8.697933, 41.3286], [-8.709862, 41.333402], [-8.721801, 41.336162], [-8.745703, 41.336359]], [[-8.721822, 41.331104], [-8.709882, 41.328839], [-8.697953, 41.324324], [-8.680955, 41.312335], [-8.674023, 41.303308], [-8.670399, 41.294289], [-8.670047, 41.285281], [-8.672879, 41.276281], [-8.679236, 41.267291], [-8.686308, 41.260825], [-8.698277, 41.253968], [-8.710229, 41.250437], [-8.734107, 41.248926], [-8.746035, 41.250864], [-8.757954, 41.255165], [-8.769863, 41.263134], [-8.780214, 41.276536], [-8.782923, 41.285549], [-8.782977, 41.294557], [-8.780364, 41.30356], [-8.774766, 41.312556], [-8.764341, 41.321543], [-8.74573, 41.329439], [-8.733772, 41.331326], [-8.721822, 41.331104]]]]}}, {"id": "13", "type": "Feature", "properties": {"fill": "#a3a3a3", "value_min": 0.33, "value_max": 0.67}, "geometry": {"type": "MultiPolygon", "coordinates": [[[[-7.956364, 41.874148], [-7.972374, 41.871019], [-7.979608, 41.866697], [-7.988273, 41.857767], [-7.991473, 41.848788], [-7.990467, 41.839773], [-7.984185, 41.83071], [-7.97313, 41.823774], [-7.961142, 41.820466], [-7.949106, 41.820163], [-7.937022, 41.822815], [-7.925397, 41.830175], [-7.919654, 41.839128], [-7.918435, 41.848124], [-7.921133, 41.857156], [-7.929402, 41.86624], [-7.940109, 41.87193], [-7.941618, 41.870891], [-7.951254, 41.871132], [-7.956364, 41.874148]], [[-7.948291, 41.869941], [-7.936304, 41.866159], [-7.925405, 41.857196], [-7.921471, 41.848152], [-7.922238, 41.839153], [-7.928122, 41.830201], [-7.936992, 41.824584], [-7.94908, 41.821769], [-7.961112, 41.822334], [-7.973086, 41.826525], [-7.979695, 41.830671], [-7.985229, 41.839726], [-7.985937, 41.848739], [-7.981754, 41.857709], [-7.972464, 41.865379], [-7.960346, 41.869664], [-7.948291, 41.869941]]], [[[-7.853733, 41.766766], [-7.865725, 41.768985], [-7.871752, 41.766614], [-7.877657, 41.757665], [-7.866081, 41.748767], [-7.853996, 41.752], [-7.848956, 41.757381], [-7.853733, 41.766766]], [[-7.865053, 41.766548], [-7.853144, 41.757422], [-7.866017, 41.752386], [-7.872823, 41.757617], [-7.865053, 41.766548]]], [[[-8.418948, 41.716642], [-8.419624, 41.717161], [-8.419976, 41.716647], [-8.419631, 41.716416], [-8.418948, 41.716642]]], [[[-8.337372, 41.53203], [-8.349369, 41.531], [-8.361399, 41.526658], [-8.373604, 41.518245], [-8.380823, 41.509277], [-8.384099, 41.500287], [-8.384638, 41.482275], [-8.380645, 41.464239], [-8.374082, 41.454329], [-8.362187, 41.446307], [-8.350255, 41.44236], [-8.3383, 41.440864], [-8.326326, 41.441206], [-8.309172, 41.445817], [-8.295917, 41.454744], [-8.290595, 41.463719], [-8.288754, 41.472715], [-8.289492, 41.481727], [-8.294932, 41.499775], [-8.30644, 41.51786], [-8.313478, 41.524414], [-8.325405, 41.530056], [-8.337372, 41.53203]], [[-8.332315, 41.52702], [-8.325447, 41.525995], [-8.313522, 41.520216], [-8.302806, 41.508831], [-8.294135, 41.490763], [-8.292426, 41.472738], [-8.295262, 41.463748], [-8.302878, 41.454787], [-8.314283, 41.448103], [-8.326285, 41.445142], [-8.338264, 41.444417], [-8.350219, 41.446021], [-8.362153, 41.449783], [-8.374036, 41.459093], [-8.381106, 41.473249], [-8.383079, 41.491274], [-8.381727, 41.500275], [-8.377496, 41.509259], [-8.368638, 41.518218], [-8.361433, 41.523182], [-8.34941, 41.526927], [-8.337413, 41.528004], [-8.332315, 41.52702]]], [[[-8.721822, 41.331104], [-8.733772, 41.331326], [-8.74573, 41.329439], [-8.764341, 41.321543], [-8.774766, 41.312556], [-8.780364, 41.30356], [-8.782977, 41.294557], [-8.782923, 41.285549], [-8.780214, 41.276536], [-8.769863, 41.263134], [-8.757954, 41.255165], [-8.746035, 41.250864], [-8.734107, 41.248926], [-8.710229, 41.250437], [-8.698277, 41.253968], [-8.686308, 41.260825], [-8.679236, 41.267291], [-8.672879, 41.276281], [-8.670047, 41.285281], [-8.670399, 41.294289], [-8.674023, 41.303308], [-8.680955, 41.312335], [-8.697953, 41.324324], [-8.709882, 41.328839], [-8.721822, 41.331104]], [[-8.733795, 41.325782], [-8.721843, 41.326372], [-8.709901, 41.324541], [-8.697973, 41.319922], [-8.686999, 41.312351], [-8.67978, 41.303324], [-8.676727, 41.294307], [-8.677242, 41.285301], [-8.681567, 41.276305], [-8.686259, 41.271057], [-8.698235, 41.263176], [-8.710189, 41.259511], [-8.722132, 41.258287], [-8.734065, 41.259092], [-8.74599, 41.262308], [-8.757902, 41.26932], [-8.764947, 41.276506], [-8.769184, 41.285522], [-8.770021, 41.294532], [-8.767742, 41.303535], [-8.761527, 41.31253], [-8.748355, 41.321509], [-8.733795, 41.325782]]]]}}, {"id": "14", "type": "Feature", "properties": {"fill": "#a3a3a3", "value_min": 0.67, "value_max": 1.0}, "geometry": {"type": "MultiPolygon", "coordinates": [[[[-7.948291, 41.869941], [-7.960346, 41.869664], [-7.972464, 41.865379], [-7.981754, 41.857709], [-7.985937, 41.848739], [-7.985229, 41.839726], [-7.979695, 41.830671], [-7.973086, 41.826525], [-7.961112, 41.822334], [-7.94908, 41.821769], [-7.936992, 41.824584], [-7.928122, 41.830201], [-7.922238, 41.839153], [-7.921471, 41.848152], [-7.925405, 41.857196], [-7.936304, 41.866159], [-7.948291, 41.869941]], [[-7.960414, 41.865453], [-7.948357, 41.865934], [-7.936365, 41.862468], [-7.930008, 41.857239], [-7.924508, 41.848181], [-7.924815, 41.839177], [-7.930846, 41.830226], [-7.936963, 41.826353], [-7.949055, 41.823275], [-7.961082, 41.824147], [-7.973042, 41.829275], [-7.981422, 41.839693], [-7.981403, 41.848699], [-7.975717, 41.857656], [-7.960414, 41.865453]]], [[[-7.865053, 41.766548], [-7.872823, 41.757617], [-7.866017, 41.752386], [-7.853144, 41.757422], [-7.865053, 41.766548]], [[-7.861804, 41.757509], [-7.865953, 41.756004], [-7.867991, 41.75757], [-7.865877, 41.760354], [-7.861804, 41.757509]]], [[[-8.332315, 41.52702], [-8.337413, 41.528004], [-8.34941, 41.526927], [-8.361433, 41.523182], [-8.368638, 41.518218], [-8.377496, 41.509259], [-8.381727, 41.500275], [-8.383079, 41.491274], [-8.381106, 41.473249], [-8.374036, 41.459093], [-8.362153, 41.449783], [-8.350219, 41.446021], [-8.338264, 41.444417], [-8.326285, 41.445142], [-8.314283, 41.448103], [-8.302878, 41.454787], [-8.295262, 41.463748], [-8.292426, 41.472738], [-8.294135, 41.490763], [-8.302806, 41.508831], [-8.313522, 41.520216], [-8.325447, 41.525995], [-8.332315, 41.52702]], [[-8.349438, 41.524132], [-8.337443, 41.524996], [-8.325479, 41.522907], [-8.313562, 41.516476], [-8.301728, 41.502426], [-8.296658, 41.490778], [-8.295811, 41.472758], [-8.299927, 41.463776], [-8.314241, 41.45211], [-8.326252, 41.44836], [-8.338233, 41.44748], [-8.350191, 41.448809], [-8.362119, 41.453259], [-8.373991, 41.463737], [-8.378842, 41.473237], [-8.381164, 41.491264], [-8.379353, 41.500262], [-8.37417, 41.509241], [-8.361467, 41.519707], [-8.349438, 41.524132]]], [[[-8.733795, 41.325782], [-8.748355, 41.321509], [-8.761527, 41.31253], [-8.767742, 41.303535], [-8.770021, 41.294532], [-8.769184, 41.285522], [-8.764947, 41.276506], [-8.757902, 41.26932], [-8.74599, 41.262308], [-8.734065, 41.259092], [-8.722132, 41.258287], [-8.710189, 41.259511], [-8.698235, 41.263176], [-8.686259, 41.271057], [-8.681567, 41.276305], [-8.677242, 41.285301], [-8.676727, 41.294307], [-8.67978, 41.303324], [-8.686999, 41.312351], [-8.697973, 41.319922], [-8.709901, 41.324541], [-8.721843, 41.326372], [-8.733795, 41.325782]], [[-8.71998, 41.321444], [-8.709921, 41.320139], [-8.69383, 41.31237], [-8.685526, 41.30334], [-8.682759, 41.294324], [-8.686208, 41.281831], [-8.698199, 41.270897], [-8.710157, 41.266682], [-8.722101, 41.26558], [-8.734194, 41.267431], [-8.74595, 41.272619], [-8.751036, 41.276477], [-8.757438, 41.285498], [-8.759179, 41.294509], [-8.75682, 41.303512], [-8.749546, 41.312504], [-8.733817, 41.32014], [-8.71998, 41.321444]]]]}}, {"id": "15", "type": "Feature", "properties": {"fill": "#97a3b2", "value_min": 1.0, "value_max": 1.33}, "geometry": {"type": "MultiPolygon", "coordinates": [[[[-7.960414, 41.865453], [-7.975717, 41.857656], [-7.981403, 41.848699], [-7.981422, 41.839693], [-7.973042, 41.829275], [-7.961082, 41.824147], [-7.949055, 41.823275], [-7.936963, 41.826353], [-7.930846, 41.830226], [-7.924815, 41.839177], [-7.924508, 41.848181], [-7.930008, 41.857239], [-7.936365, 41.862468], [-7.948357, 41.865934], [-7.960414, 41.865453]], [[-7.948408, 41.862815], [-7.93461, 41.857282], [-7.927579, 41.848209], [-7.927258, 41.8392], [-7.933571, 41.830252], [-7.936934, 41.828122], [-7.949031, 41.824781], [-7.961053, 41.82596], [-7.970971, 41.830593], [-7.977704, 41.83966], [-7.977135, 41.848661], [-7.969222, 41.857597], [-7.960471, 41.861915], [-7.948408, 41.862815]]], [[[-7.861804, 41.757509], [-7.865877, 41.760354], [-7.867991, 41.75757], [-7.865953, 41.756004], [-7.861804, 41.757509]]], [[[-8.349438, 41.524132], [-8.361467, 41.519707], [-8.37417, 41.509241], [-8.379353, 41.500262], [-8.381164, 41.491264], [-8.378842, 41.473237], [-8.373991, 41.463737], [-8.362119, 41.453259], [-8.350191, 41.448809], [-8.338233, 41.44748], [-8.326252, 41.44836], [-8.314241, 41.45211], [-8.299927, 41.463776], [-8.295811, 41.472758], [-8.296658, 41.490778], [-8.301728, 41.502426], [-8.313562, 41.516476], [-8.325479, 41.522907], [-8.337443, 41.524996], [-8.349438, 41.524132]], [[-8.337471, 41.522305], [-8.325511, 41.519819], [-8.313595, 41.513297], [-8.309211, 41.508869], [-8.302838, 41.499823], [-8.297801, 41.481778], [-8.299195, 41.472779], [-8.302106, 41.467246], [-8.3142, 41.455924], [-8.32622, 41.4514], [-8.338205, 41.450154], [-8.350163, 41.451588], [-8.362089, 41.456376], [-8.371133, 41.464188], [-8.376578, 41.473225], [-8.379251, 41.491254], [-8.373585, 41.505937], [-8.361496, 41.516744], [-8.349466, 41.521336], [-8.337471, 41.522305]]], [[[-8.71998, 41.321444], [-8.733817, 41.32014], [-8.749546, 41.312504], [-8.75682, 41.303512], [-8.759179, 41.294509], [-8.757438, 41.285498], [-8.751036, 41.276477], [-8.74595, 41.272619], [-8.734194, 41.267431], [-8.722101, 41.26558], [-8.710157, 41.266682], [-8.698199, 41.270897], [-8.686208, 41.281831], [-8.682759, 41.294324], [-8.685526, 41.30334], [-8.69383, 41.31237], [-8.709921, 41.320139], [-8.71998, 41.321444]], [[-8.721884, 41.316582], [-8.709941, 41.315465], [-8.698021, 41.309691], [-8.692034, 41.303357], [-8.689167, 41.294342], [-8.691799, 41.285341], [-8.698164, 41.278527], [-8.710128, 41.273238], [-8.722072, 41.272432], [-8.736243, 41.276444], [-8.746554, 41.285475], [-8.749273, 41.294488], [-8.746822, 41.303491], [-8.737054, 41.312476], [-8.721884, 41.316582]]]]}}, {"id": "16", "type": "Feature", "properties": {"fill": "#80a4d0", "value_min": 1.33, "value_max": 1.67}, "geometry": {"type": "MultiPolygon", "coordinates": [[[[-7.948408, 41.862815], [-7.960471, 41.861915], [-7.969222, 41.857597], [-7.977135, 41.848661], [-7.977704, 41.83966], [-7.970971, 41.830593], [-7.961053, 41.82596], [-7.949031, 41.824781], [-7.936934, 41.828122], [-7.933571, 41.830252], [-7.927258, 41.8392], [-7.927579, 41.848209], [-7.93461, 41.857282], [-7.948408, 41.862815]], [[-7.948459, 41.859697], [-7.936486, 41.855168], [-7.930651, 41.848238], [-7.929703, 41.839222], [-7.936296, 41.830277], [-7.949006, 41.826288], [-7.961024, 41.827773], [-7.966984, 41.830557], [-7.973987, 41.839627], [-7.972866, 41.848623], [-7.962234, 41.857534], [-7.948459, 41.859697]]], [[[-8.337471, 41.522305], [-8.349466, 41.521336], [-8.361496, 41.516744], [-8.373585, 41.505937], [-8.379251, 41.491254], [-8.376578, 41.473225], [-8.371133, 41.464188], [-8.362089, 41.456376], [-8.350163, 41.451588], [-8.338205, 41.450154], [-8.32622, 41.4514], [-8.3142, 41.455924], [-8.302106, 41.467246], [-8.299195, 41.472779], [-8.297801, 41.481778], [-8.302838, 41.499823], [-8.309211, 41.508869], [-8.313595, 41.513297], [-8.325511, 41.519819], [-8.337471, 41.522305]], [[-8.337498, 41.519614], [-8.32554, 41.517071], [-8.312412, 41.508888], [-8.305263, 41.499838], [-8.300534, 41.481795], [-8.302494, 41.472799], [-8.308521, 41.463828], [-8.314165, 41.45932], [-8.326189, 41.454441], [-8.338178, 41.452827], [-8.350135, 41.454367], [-8.362062, 41.459074], [-8.367962, 41.46417], [-8.374314, 41.473212], [-8.377126, 41.482235], [-8.377337, 41.491244], [-8.373624, 41.501884], [-8.361521, 41.514181], [-8.349494, 41.51854], [-8.337498, 41.519614]]], [[[-8.721884, 41.316582], [-8.737054, 41.312476], [-8.746822, 41.303491], [-8.749273, 41.294488], [-8.746554, 41.285475], [-8.736243, 41.276444], [-8.722072, 41.272432], [-8.710128, 41.273238], [-8.698164, 41.278527], [-8.691799, 41.285341], [-8.689167, 41.294342], [-8.692034, 41.303357], [-8.698021, 41.309691], [-8.709941, 41.315465], [-8.721884, 41.316582]], [[-8.721908, 41.310974], [-8.709966, 41.310005], [-8.699058, 41.303376], [-8.698059, 41.301314], [-8.696055, 41.29436], [-8.698116, 41.288988], [-8.700816, 41.285365], [-8.710097, 41.280237], [-8.722041, 41.279616], [-8.733962, 41.284655], [-8.739211, 41.294466], [-8.736377, 41.303467], [-8.721908, 41.310974]]]]}}, {"id": "7", "type": "Feature", "properties": {"fill": "#cba158", "value_min": -1.67, "value_max": -1.33}, "geometry": {"type": "MultiPolygon", "coordinates": [[[[-8.767758, 41.582075], [-8.769874, 41.583874], [-8.768997, 41.58613], [-8.773228, 41.589482], [-8.775371, 41.593972], [-8.78556, 41.593464], [-8.797327, 41.600599], [-8.804218, 41.600109], [-8.80456, 41.604158], [-8.808527, 41.610662], [-8.810935, 41.611548], [-8.828644, 41.609656], [-8.827761, 41.582523], [-8.816712, 41.585092], [-8.792713, 41.586394], [-8.767758, 41.582075]]], [[[-8.759039, 41.579412], [-8.732809, 41.566535], [-8.670552, 41.519479], [-8.655921, 41.510429], [-8.619812, 41.492301], [-8.609724, 41.483259], [-8.607297, 41.474244], [-8.609997, 41.438223], [-8.606769, 41.429204], [-8.59892, 41.42017], [-8.577931, 41.406505], [-8.542152, 41.390329], [-8.51827, 41.384829], [-8.506306, 41.385437], [-8.494314, 41.389454], [-8.477414, 41.401667], [-8.469173, 41.410637], [-8.464002, 41.41962], [-8.465262, 41.428634], [-8.492478, 41.464787], [-8.501402, 41.473833], [-8.537529, 41.501007], [-8.546258, 41.510049], [-8.551084, 41.519075], [-8.56102, 41.546136], [-8.575549, 41.573212], [-8.580514, 41.591245], [-8.579185, 41.600247], [-8.572719, 41.609231], [-8.564579, 41.614006], [-8.55484, 41.61635], [-8.562639, 41.61635], [-8.568056, 41.619031], [-8.570735, 41.616095], [-8.577321, 41.614269], [-8.581231, 41.615829], [-8.585766, 41.620988], [-8.591462, 41.620515], [-8.596534, 41.616668], [-8.601628, 41.615972], [-8.603996, 41.611686], [-8.613256, 41.606696], [-8.619881, 41.610269], [-8.621338, 41.604636], [-8.628833, 41.604378], [-8.636302, 41.600744], [-8.64075, 41.594422], [-8.645536, 41.593051], [-8.646744, 41.594171], [-8.649125, 41.591909], [-8.656622, 41.5921], [-8.660788, 41.588255], [-8.663794, 41.589141], [-8.665265, 41.585758], [-8.66948, 41.587989], [-8.684455, 41.586117], [-8.685608, 41.58071], [-8.697261, 41.576376], [-8.701703, 41.570277], [-8.707704, 41.570923], [-8.712485, 41.569323], [-8.716422, 41.573805], [-8.720316, 41.57356], [-8.725151, 41.577811], [-8.726633, 41.576003], [-8.734424, 41.575737], [-8.736564, 41.580228], [-8.738354, 41.579318], [-8.740778, 41.582006], [-8.74467, 41.581535], [-8.750711, 41.58623], [-8.759039, 41.579412]], [[-8.671528, 41.564519], [-8.660805, 41.574419], [-8.648783, 41.579454], [-8.636779, 41.580816], [-8.624789, 41.579747], [-8.612816, 41.575982], [-8.60086, 41.569513], [-8.58893, 41.559399], [-8.578696, 41.546202], [-8.574099, 41.537177], [-8.571443, 41.52816], [-8.569925, 41.51014], [-8.565331, 41.501891], [-8.525964, 41.482945], [-8.513833, 41.473887], [-8.500428, 41.455814], [-8.497588, 41.437787], [-8.500276, 41.428791], [-8.507469, 41.419815], [-8.518062, 41.412986], [-8.530053, 41.409541], [-8.542023, 41.408788], [-8.553977, 41.410344], [-8.56592, 41.413551], [-8.57785, 41.418993], [-8.591336, 41.429151], [-8.597487, 41.43818], [-8.599941, 41.447196], [-8.600067, 41.456204], [-8.594627, 41.483207], [-8.601105, 41.492237], [-8.625253, 41.499458], [-8.648591, 41.510407], [-8.660756, 41.519451], [-8.669319, 41.528483], [-8.676475, 41.546518], [-8.675736, 41.555524], [-8.671528, 41.564519]]], [[[-8.542247, 41.617065], [-8.528561, 41.615444], [-8.516584, 41.612049], [-8.480717, 41.594652], [-8.468753, 41.59047], [-8.416693, 41.581523], [-8.408871, 41.578606], [-8.400021, 41.57243], [-8.395627, 41.5634], [-8.39522, 41.55439], [-8.407435, 41.518425], [-8.407678, 41.509419], [-8.399265, 41.482353], [-8.400182, 41.47335], [-8.410013, 41.4529], [-8.422452, 41.437434], [-8.423345, 41.428431], [-8.410285, 41.4229], [-8.398337, 41.420803], [-8.362467, 41.417698], [-8.338576, 41.413623], [-8.326018, 41.409887], [-8.308812, 41.400778], [-8.300799, 41.391722], [-8.293903, 41.373664], [-8.289754, 41.337609], [-8.290593, 41.312731], [-8.281801, 41.316569], [-8.281808, 41.319721], [-8.278828, 41.321976], [-8.278238, 41.325128], [-8.272266, 41.32536], [-8.268032, 41.329192], [-8.279399, 41.354841], [-8.289232, 41.391651], [-8.294363, 41.40069], [-8.302747, 41.407407], [-8.314655, 41.412704], [-8.338525, 41.418719], [-8.386307, 41.427508], [-8.398217, 41.433827], [-8.40187, 41.437329], [-8.403656, 41.446346], [-8.397915, 41.466457], [-8.3964, 41.482338], [-8.401737, 41.509388], [-8.400315, 41.518388], [-8.372997, 41.566778], [-8.360888, 41.578505], [-8.348852, 41.582542], [-8.336846, 41.583464], [-8.312901, 41.578899], [-8.300195, 41.571866], [-8.291697, 41.562807], [-8.2877, 41.553775], [-8.285043, 41.517729], [-8.280454, 41.499686], [-8.26608, 41.476094], [-8.254231, 41.464936], [-8.242349, 41.456978], [-8.230432, 41.452235], [-8.182659, 41.442941], [-8.162737, 41.435837], [-8.127894, 41.417563], [-8.108606, 41.402327], [-8.104419, 41.406252], [-8.104119, 41.408728], [-8.101727, 41.409403], [-8.102025, 41.411204], [-8.092756, 41.411201], [-8.09126, 41.414352], [-8.081986, 41.4193], [-8.078697, 41.419524], [-8.077503, 41.416597], [-8.070923, 41.41862], [-8.066739, 41.416142], [-8.061953, 41.417264], [-8.059852, 41.424916], [-8.055959, 41.429415], [-8.057743, 41.438645], [-8.061033, 41.438872], [-8.064916, 41.444052], [-8.067908, 41.444279], [-8.069999, 41.447206], [-8.068788, 41.462286], [-8.073872, 41.46499], [-8.074164, 41.473543], [-8.066374, 41.482318], [-8.066069, 41.48817], [-8.071754, 41.490529], [-8.10362, 41.498443], [-8.133994, 41.501696], [-8.14594, 41.504435], [-8.151133, 41.507811], [-8.157761, 41.516832], [-8.160448, 41.525894], [-8.160735, 41.534904], [-8.158248, 41.543893], [-8.151982, 41.552854], [-8.14524, 41.557626], [-8.133189, 41.562048], [-8.12117, 41.563953], [-8.097197, 41.563018], [-8.080082, 41.559351], [-8.081576, 41.565157], [-8.078879, 41.56493], [-8.077678, 41.566956], [-8.072882, 41.568396], [-8.109034, 41.574415], [-8.128644, 41.579701], [-8.138095, 41.588779], [-8.134867, 41.597762], [-8.10666, 41.633575], [-8.103092, 41.642555], [-8.107176, 41.651593], [-8.119879, 41.659013], [-8.143859, 41.662175], [-8.167935, 41.657946], [-8.1805, 41.65214], [-8.193291, 41.643223], [-8.216462, 41.617964], [-8.228568, 41.609315], [-8.240579, 41.608498], [-8.252547, 41.611342], [-8.312321, 41.633494], [-8.324308, 41.635344], [-8.360331, 41.634943], [-8.372323, 41.636421], [-8.384297, 41.63979], [-8.396243, 41.646344], [-8.404557, 41.653519], [-8.410734, 41.662558], [-8.410581, 41.671564], [-8.402335, 41.680529], [-8.395892, 41.683961], [-8.383833, 41.688529], [-8.359753, 41.693366], [-8.348441, 41.69825], [-8.344131, 41.707232], [-8.344524, 41.716242], [-8.352512, 41.742137], [-8.352203, 41.739616], [-8.357897, 41.735103], [-8.362407, 41.735994], [-8.363632, 41.734867], [-8.361381, 41.716337], [-8.365172, 41.707351], [-8.376948, 41.698408], [-8.415893, 41.680598], [-8.423793, 41.671631], [-8.422549, 41.662618], [-8.41585, 41.653577], [-8.388961, 41.626415], [-8.385128, 41.617388], [-8.385094, 41.60838], [-8.392672, 41.599413], [-8.408724, 41.594705], [-8.432738, 41.592765], [-8.456716, 41.59511], [-8.468684, 41.598824], [-8.487171, 41.608881], [-8.498713, 41.617939], [-8.514969, 41.636023], [-8.526984, 41.656318], [-8.527769, 41.652714], [-8.534066, 41.652017], [-8.537355, 41.64998], [-8.537634, 41.646602], [-8.543876, 41.637352], [-8.543855, 41.633976], [-8.536342, 41.631977], [-8.535132, 41.630406], [-8.542247, 41.617065]], [[-8.168094, 41.645629], [-8.155983, 41.653493], [-8.143932, 41.656641], [-8.131922, 41.656586], [-8.118131, 41.651678], [-8.110132, 41.642609], [-8.110889, 41.633608], [-8.120412, 41.619834], [-8.132537, 41.610737], [-8.144581, 41.607567], [-8.156577, 41.607983], [-8.168505, 41.613682], [-8.176346, 41.625089], [-8.176253, 41.634095], [-8.171359, 41.643067], [-8.168094, 41.645629]], [[-8.22892, 41.579716], [-8.216933, 41.578975], [-8.205006, 41.573345], [-8.193158, 41.561597], [-8.181499, 41.535181], [-8.173739, 41.498968], [-8.174056, 41.489963], [-8.177681, 41.480982], [-8.188542, 41.472052], [-8.20632, 41.46597], [-8.218311, 41.464618], [-8.23028, 41.465089], [-8.242225, 41.467619], [-8.254135, 41.473366], [-8.266006, 41.482692], [-8.277345, 41.499666], [-8.280884, 41.517703], [-8.277396, 41.535585], [-8.265177, 41.556016], [-8.253048, 41.567927], [-8.240959, 41.576105], [-8.22892, 41.579716]], [[-8.110168, 41.491661], [-8.103499, 41.489435], [-8.095092, 41.480362], [-8.095846, 41.47136], [-8.09852, 41.467799], [-8.110582, 41.461422], [-8.122555, 41.461528], [-8.134455, 41.46708], [-8.139297, 41.471694], [-8.140857, 41.480713], [-8.132033, 41.489654], [-8.12214, 41.492232], [-8.110168, 41.491661]]], [[[-8.579122, 41.178811], [-8.594624, 41.194961], [-8.603039, 41.212269], [-8.604468, 41.222019], [-8.60085, 41.240023], [-8.590836, 41.256402], [-8.575845, 41.275964], [-8.575371, 41.28497], [-8.584791, 41.294012], [-8.63826, 41.31489], [-8.662085, 41.328379], [-8.688007, 41.348385], [-8.709699, 41.370179], [-8.733538, 41.388792], [-8.807753, 41.42543], [-8.811193, 41.416638], [-8.809271, 41.387398], [-8.769446, 41.381699], [-8.73361, 41.370967], [-8.709754, 41.357682], [-8.620086, 41.294134], [-8.612503, 41.285101], [-8.608813, 41.276081], [-8.608874, 41.267074], [-8.616961, 41.231069], [-8.615258, 41.213048], [-8.605712, 41.185992], [-8.594614, 41.165148], [-8.589174, 41.167645], [-8.589194, 41.170572], [-8.585925, 41.17171], [-8.582094, 41.177803], [-8.579122, 41.178811]]], [[[-8.103295, 41.396573], [-8.103295, 41.396573], [-8.103228, 41.396481], [-8.103295, 41.396573]]], [[[-8.10313, 41.396348], [-8.10313, 41.396348], [-8.102798, 41.395898], [-8.10313, 41.396348]]], [[[-8.054905, 41.817135], [-8.033619, 41.80497], [-8.021642, 41.800963], [-8.009633, 41.799146], [-7.997592, 41.799459], [-7.980805, 41.80366], [-7.925137, 41.81344], [-7.915252, 41.821073], [-7.908044, 41.830012], [-7.891344, 41.858418], [-7.897454, 41.860457], [-7.905283, 41.838992], [-7.912855, 41.827826], [-7.925085, 41.816562], [-7.937181, 41.81321], [-7.97337, 41.808753], [-7.997436, 41.809427], [-8.009443, 41.812918], [-8.021371, 41.818786], [-8.035053, 41.830269], [-8.037134, 41.831171], [-8.038941, 41.830047], [-8.041351, 41.828023], [-8.041054, 41.825097], [-8.045268, 41.824425], [-8.046775, 41.821951], [-8.054905, 41.817135]]], [[[-7.901834, 41.768046], [-7.908208, 41.757959], [-7.907837, 41.748949], [-7.89903, 41.739858], [-7.878388, 41.73267], [-7.854334, 41.732982], [-7.830207, 41.73731], [-7.823838, 41.739112], [-7.810983, 41.747987], [-7.808274, 41.756966], [-7.811024, 41.766001], [-7.821325, 41.775114], [-7.841441, 41.781274], [-7.853457, 41.782289], [-7.877557, 41.780373], [-7.893017, 41.775827], [-7.901834, 41.768046]], [[-7.889731, 41.772183], [-7.884519, 41.775745], [-7.865532, 41.779927], [-7.853499, 41.77992], [-7.834203, 41.775245], [-7.823052, 41.766125], [-7.82072, 41.757094], [-7.824521, 41.748126], [-7.840127, 41.739278], [-7.854278, 41.736134], [-7.866317, 41.735316], [-7.878308, 41.737287], [-7.890232, 41.743143], [-7.897064, 41.748846], [-7.899287, 41.757874], [-7.896291, 41.766852], [-7.889731, 41.772183]]]]}}, {"id": "6", "type": "Feature", "properties": {"fill": "#e79f24", "value_min": -2.0, "value_max": -1.67}, "geometry": {"type": "MultiPolygon", "coordinates": [[[[-8.352512, 41.742137], [-8.344524, 41.716242], [-8.344131, 41.707232], [-8.348441, 41.69825], [-8.359753, 41.693366], [-8.383833, 41.688529], [-8.395892, 41.683961], [-8.402335, 41.680529], [-8.410581, 41.671564], [-8.410734, 41.662558], [-8.404557, 41.653519], [-8.396243, 41.646344], [-8.384297, 41.63979], [-8.372323, 41.636421], [-8.360331, 41.634943], [-8.324308, 41.635344], [-8.312321, 41.633494], [-8.252547, 41.611342], [-8.240579, 41.608498], [-8.228568, 41.609315], [-8.216462, 41.617964], [-8.193291, 41.643223], [-8.1805, 41.65214], [-8.167935, 41.657946], [-8.143859, 41.662175], [-8.119879, 41.659013], [-8.107176, 41.651593], [-8.103092, 41.642555], [-8.10666, 41.633575], [-8.134867, 41.597762], [-8.138095, 41.588779], [-8.128644, 41.579701], [-8.109034, 41.574415], [-8.072882, 41.568396], [-8.069283, 41.570553], [-8.068081, 41.573478], [-8.062384, 41.575501], [-8.055483, 41.580883], [-8.072973, 41.579733], [-8.096931, 41.582158], [-8.112231, 41.588583], [-8.118977, 41.597642], [-8.118893, 41.606648], [-8.115453, 41.615629], [-8.096105, 41.641306], [-8.093665, 41.642481], [-8.083858, 41.658272], [-8.071835, 41.669328], [-8.069311, 41.678314], [-8.079375, 41.687402], [-8.08343, 41.688402], [-8.095496, 41.68484], [-8.101877, 41.678573], [-8.104966, 41.66959], [-8.107746, 41.667895], [-8.119769, 41.667076], [-8.167763, 41.671306], [-8.215838, 41.669417], [-8.22783, 41.671185], [-8.287656, 41.692824], [-8.311554, 41.70555], [-8.323455, 41.71686], [-8.334627, 41.734199], [-8.340666, 41.752248], [-8.341757, 41.761468], [-8.344765, 41.762363], [-8.349267, 41.760103], [-8.351959, 41.756272], [-8.352545, 41.751769], [-8.349814, 41.744122], [-8.351917, 41.743893], [-8.352512, 41.742137]], [[-8.371889, 41.681047], [-8.356432, 41.671274], [-8.356037, 41.662264], [-8.365599, 41.65331], [-8.372182, 41.650957], [-8.38419, 41.651079], [-8.396136, 41.657797], [-8.39971, 41.662501], [-8.399322, 41.671506], [-8.395977, 41.674909], [-8.383904, 41.681103], [-8.371889, 41.681047]]], [[[-7.934305, 41.603777], [-7.937004, 41.603718], [-7.938213, 41.600569], [-7.936125, 41.596964], [-7.936733, 41.594264], [-7.942725, 41.595625], [-7.947808, 41.60081], [-7.952606, 41.600592], [-7.9541, 41.602846], [-7.960698, 41.602315], [-7.934305, 41.603777]]], [[[-8.341756, 41.761475], [-8.341756, 41.761475], [-8.341751, 41.761693], [-8.341756, 41.761475]]], [[[-8.170438, 41.812973], [-8.106032, 41.791605], [-8.082109, 41.781255], [-8.058092, 41.768292], [-8.046357, 41.757754], [-8.042812, 41.750152], [-8.038822, 41.732105], [-8.032042, 41.723041], [-8.022934, 41.715887], [-8.010986, 41.711094], [-7.998987, 41.709701], [-7.986956, 41.710451], [-7.926716, 41.718794], [-7.902582, 41.724136], [-7.890564, 41.723878], [-7.854392, 41.729736], [-7.806243, 41.732649], [-7.783433, 41.738692], [-7.772389, 41.747581], [-7.769751, 41.754639], [-7.757704, 41.755585], [-7.74749, 41.75369], [-7.743866, 41.756509], [-7.740214, 41.763924], [-7.726937, 41.771755], [-7.7254, 41.777152], [-7.727191, 41.779184], [-7.724177, 41.780299], [-7.725372, 41.781653], [-7.722296, 41.792446], [-7.728877, 41.798115], [-7.732787, 41.799266], [-7.744844, 41.798238], [-7.75786, 41.792459], [-7.764982, 41.783529], [-7.769509, 41.767299], [-7.781538, 41.76736], [-7.795238, 41.774843], [-7.817359, 41.782101], [-7.831159, 41.784221], [-7.853414, 41.784656], [-7.877514, 41.782822], [-7.901676, 41.777307], [-7.925995, 41.762069], [-7.937957, 41.766171], [-7.949969, 41.767344], [-7.962113, 41.760293], [-7.970084, 41.75853], [-7.974221, 41.755362], [-7.986167, 41.76059], [-7.99298, 41.76774], [-7.994198, 41.776758], [-7.990257, 41.78573], [-7.985721, 41.788896], [-7.981855, 41.794663], [-7.965714, 41.803525], [-7.949321, 41.807006], [-7.925206, 41.809356], [-7.913012, 41.818526], [-7.885968, 41.855507], [-7.888076, 41.855486], [-7.891344, 41.858418], [-7.908044, 41.830012], [-7.915252, 41.821073], [-7.925137, 41.81344], [-7.980805, 41.80366], [-7.997592, 41.799459], [-8.009633, 41.799146], [-8.021642, 41.800963], [-8.033619, 41.80497], [-8.054905, 41.817135], [-8.057314, 41.815656], [-8.06664, 41.817012], [-8.072961, 41.813414], [-8.078678, 41.813417], [-8.082892, 41.810493], [-8.091013, 41.812521], [-8.093421, 41.811397], [-8.093723, 41.808471], [-8.101845, 41.809824], [-8.104853, 41.81185], [-8.115984, 41.812302], [-8.123807, 41.808702], [-8.138247, 41.808477], [-8.139751, 41.813203], [-8.14276, 41.812978], [-8.144866, 41.815228], [-8.149078, 41.814777], [-8.153291, 41.817703], [-8.158106, 41.818377], [-8.165326, 41.81815], [-8.170438, 41.812973]], [[-7.901834, 41.768046], [-7.893017, 41.775827], [-7.877557, 41.780373], [-7.853457, 41.782289], [-7.841441, 41.781274], [-7.821325, 41.775114], [-7.811024, 41.766001], [-7.808274, 41.756966], [-7.810983, 41.747987], [-7.823838, 41.739112], [-7.830207, 41.73731], [-7.854334, 41.732982], [-7.878388, 41.73267], [-7.89903, 41.739858], [-7.907837, 41.748949], [-7.908208, 41.757959], [-7.901834, 41.768046]]], [[[-8.186651, 41.742254], [-8.178957, 41.735768], [-8.16694, 41.735092], [-8.158419, 41.74205], [-8.160111, 41.75107], [-8.166662, 41.756652], [-8.178701, 41.755825], [-8.184328, 41.751244], [-8.186651, 41.742254]]], [[[-8.55484, 41.61635], [-8.564579, 41.614006], [-8.572719, 41.609231], [-8.579185, 41.600247], [-8.580514, 41.591245], [-8.575549, 41.573212], [-8.56102, 41.546136], [-8.551084, 41.519075], [-8.546258, 41.510049], [-8.537529, 41.501007], [-8.501402, 41.473833], [-8.492478, 41.464787], [-8.465262, 41.428634], [-8.464002, 41.41962], [-8.469173, 41.410637], [-8.477414, 41.401667], [-8.494314, 41.389454], [-8.506306, 41.385437], [-8.51827, 41.384829], [-8.542152, 41.390329], [-8.577931, 41.406505], [-8.59892, 41.42017], [-8.606769, 41.429204], [-8.609997, 41.438223], [-8.607297, 41.474244], [-8.609724, 41.483259], [-8.619812, 41.492301], [-8.655921, 41.510429], [-8.670552, 41.519479], [-8.732809, 41.566535], [-8.759039, 41.579412], [-8.762327, 41.578514], [-8.764443, 41.580303], [-8.767441, 41.580286], [-8.767758, 41.582075], [-8.792713, 41.586394], [-8.816712, 41.585092], [-8.827761, 41.582523], [-8.818497, 41.554794], [-8.8221, 41.547542], [-8.821717, 41.533832], [-8.815926, 41.525624], [-8.81063, 41.5101], [-8.813279, 41.503483], [-8.812976, 41.498005], [-8.804699, 41.482068], [-8.798552, 41.474753], [-8.800767, 41.450833], [-8.806433, 41.436066], [-8.807753, 41.42543], [-8.733538, 41.388792], [-8.709699, 41.370179], [-8.688007, 41.348385], [-8.662085, 41.328379], [-8.63826, 41.31489], [-8.584791, 41.294012], [-8.575371, 41.28497], [-8.575845, 41.275964], [-8.590836, 41.256402], [-8.60085, 41.240023], [-8.604468, 41.222019], [-8.603039, 41.212269], [-8.594624, 41.194961], [-8.579122, 41.178811], [-8.581296, 41.191762], [-8.577139, 41.194029], [-8.576272, 41.19798], [-8.576451, 41.198084], [-8.576571, 41.198153], [-8.576836, 41.198307], [-8.57687, 41.198327], [-8.583279, 41.203929], [-8.589007, 41.212957], [-8.590792, 41.221972], [-8.588468, 41.230971], [-8.578985, 41.242994], [-8.567008, 41.249461], [-8.555053, 41.252276], [-8.543119, 41.252111], [-8.531205, 41.248933], [-8.517032, 41.239701], [-8.510944, 41.230668], [-8.509094, 41.221652], [-8.510537, 41.212651], [-8.519464, 41.20054], [-8.51163, 41.203042], [-8.510456, 41.206197], [-8.505693, 41.207113], [-8.504239, 41.213646], [-8.500076, 41.21546], [-8.50308, 41.219502], [-8.502204, 41.222656], [-8.495642, 41.222227], [-8.495947, 41.223351], [-8.490894, 41.226294], [-8.487935, 41.230354], [-8.490331, 41.232373], [-8.489156, 41.235528], [-8.486181, 41.236888], [-8.484411, 41.240495], [-8.476346, 41.237818], [-8.475756, 41.23917], [-8.470986, 41.23941], [-8.471604, 41.243459], [-8.469227, 41.245267], [-8.463258, 41.244384], [-8.459989, 41.246644], [-8.454323, 41.246886], [-8.455541, 41.251834], [-8.452276, 41.25522], [-8.449891, 41.255452], [-8.449304, 41.257479], [-8.447812, 41.257258], [-8.449028, 41.261982], [-8.439785, 41.262907], [-8.438023, 41.268989], [-8.434745, 41.269673], [-8.432691, 41.277107], [-8.427032, 41.279372], [-8.429143, 41.284319], [-8.426171, 41.287028], [-8.425606, 41.294007], [-8.422037, 41.296942], [-8.421756, 41.30077], [-8.416686, 41.30185], [-8.435167, 41.313361], [-8.449332, 41.329475], [-8.453761, 41.338504], [-8.455956, 41.356529], [-8.450991, 41.374521], [-8.438121, 41.392474], [-8.422423, 41.403594], [-8.403107, 41.410313], [-8.374475, 41.413413], [-8.350564, 41.411378], [-8.326712, 41.40385], [-8.314835, 41.395622], [-8.305549, 41.382743], [-8.301572, 41.364704], [-8.302777, 41.346696], [-8.309887, 41.327559], [-8.307502, 41.325762], [-8.305116, 41.326891], [-8.303024, 41.325994], [-8.303615, 41.323742], [-8.301216, 41.319694], [-8.296431, 41.316774], [-8.297618, 41.313846], [-8.296116, 41.310022], [-8.290593, 41.312731], [-8.289754, 41.337609], [-8.293903, 41.373664], [-8.300799, 41.391722], [-8.308812, 41.400778], [-8.326018, 41.409887], [-8.338576, 41.413623], [-8.362467, 41.417698], [-8.398337, 41.420803], [-8.410285, 41.4229], [-8.423345, 41.428431], [-8.422452, 41.437434], [-8.410013, 41.4529], [-8.400182, 41.47335], [-8.399265, 41.482353], [-8.407678, 41.509419], [-8.407435, 41.518425], [-8.39522, 41.55439], [-8.395627, 41.5634], [-8.400021, 41.57243], [-8.408871, 41.578606], [-8.416693, 41.581523], [-8.468753, 41.59047], [-8.480717, 41.594652], [-8.516584, 41.612049], [-8.528561, 41.615444], [-8.542247, 41.617065], [-8.543431, 41.61462], [-8.554533, 41.615255], [-8.55484, 41.61635]], [[-8.516706, 41.595625], [-8.50473, 41.592604], [-8.480815, 41.582418], [-8.444858, 41.578652], [-8.432884, 41.576082], [-8.420933, 41.571191], [-8.41169, 41.563483], [-8.407479, 41.554454], [-8.406974, 41.545444], [-8.41636, 41.51847], [-8.416195, 41.509462], [-8.404917, 41.49139], [-8.402711, 41.482371], [-8.404079, 41.47337], [-8.409925, 41.462637], [-8.421977, 41.453889], [-8.433984, 41.449979], [-8.445955, 41.450124], [-8.457893, 41.454232], [-8.483506, 41.473754], [-8.511222, 41.49189], [-8.521302, 41.50094], [-8.527639, 41.509974], [-8.531231, 41.518996], [-8.536405, 41.546039], [-8.5464, 41.564094], [-8.549056, 41.573111], [-8.547638, 41.582113], [-8.539681, 41.591089], [-8.528708, 41.595285], [-8.516706, 41.595625]], [[-8.732981, 41.524557], [-8.709008, 41.525006], [-8.697031, 41.522929], [-8.6731, 41.515037], [-8.629405, 41.492332], [-8.619799, 41.483293], [-8.616559, 41.474275], [-8.616772, 41.465268], [-8.6238, 41.438269], [-8.624301, 41.429263], [-8.620026, 41.420241], [-8.566705, 41.384023], [-8.557588, 41.37498], [-8.548384, 41.356929], [-8.548112, 41.347921], [-8.551207, 41.338925], [-8.558284, 41.329945], [-8.572783, 41.320992], [-8.590462, 41.316092], [-8.61436, 41.315721], [-8.638223, 41.321459], [-8.662058, 41.333477], [-8.680305, 41.348364], [-8.687935, 41.357392], [-8.706901, 41.393473], [-8.714142, 41.402498], [-8.752469, 41.42961], [-8.77062, 41.447663], [-8.779904, 41.465696], [-8.781118, 41.483713], [-8.778814, 41.492716], [-8.773849, 41.501714], [-8.765247, 41.510704], [-8.749978, 41.51968], [-8.732981, 41.524557]]], [[[-8.22892, 41.579716], [-8.240959, 41.576105], [-8.253048, 41.567927], [-8.265177, 41.556016], [-8.277396, 41.535585], [-8.280884, 41.517703], [-8.277345, 41.499666], [-8.266006, 41.482692], [-8.254135, 41.473366], [-8.242225, 41.467619], [-8.23028, 41.465089], [-8.218311, 41.464618], [-8.20632, 41.46597], [-8.188542, 41.472052], [-8.177681, 41.480982], [-8.174056, 41.489963], [-8.173739, 41.498968], [-8.181499, 41.535181], [-8.193158, 41.561597], [-8.205006, 41.573345], [-8.216933, 41.578975], [-8.22892, 41.579716]], [[-8.241269, 41.549548], [-8.229279, 41.549516], [-8.217329, 41.546215], [-8.205427, 41.539061], [-8.19525, 41.526143], [-8.190479, 41.508095], [-8.191715, 41.499096], [-8.195911, 41.490118], [-8.205303, 41.481176], [-8.218181, 41.475414], [-8.230177, 41.473832], [-8.242141, 41.474885], [-8.254069, 41.479127], [-8.265947, 41.487871], [-8.273729, 41.499643], [-8.276593, 41.508669], [-8.276654, 41.517676], [-8.273901, 41.526666], [-8.265372, 41.538793], [-8.253299, 41.546153], [-8.241269, 41.549548]]], [[[-8.110168, 41.491661], [-8.12214, 41.492232], [-8.132033, 41.489654], [-8.140857, 41.480713], [-8.139297, 41.471694], [-8.134455, 41.46708], [-8.122555, 41.461528], [-8.110582, 41.461422], [-8.09852, 41.467799], [-8.095846, 41.47136], [-8.095092, 41.480362], [-8.103499, 41.489435], [-8.110168, 41.491661]]]]}}, {"id": "5", "type": "Feature", "properties": {"fill": "#ea870e", "value_min": -2.33, "value_max": -2.0}, "geometry": {"type": "MultiPolygon", "coordinates": [[[[-7.885968, 41.855507], [-7.913012, 41.818526], [-7.925206, 41.809356], [-7.949321, 41.807006], [-7.965714, 41.803525], [-7.981855, 41.794663], [-7.985721, 41.788896], [-7.990257, 41.78573], [-7.994198, 41.776758], [-7.99298, 41.76774], [-7.986167, 41.76059], [-7.974221, 41.755362], [-7.970084, 41.75853], [-7.962113, 41.760293], [-7.949969, 41.767344], [-7.937957, 41.766171], [-7.925995, 41.762069], [-7.901676, 41.777307], [-7.877514, 41.782822], [-7.853414, 41.784656], [-7.831159, 41.784221], [-7.817359, 41.782101], [-7.795238, 41.774843], [-7.781538, 41.76736], [-7.769509, 41.767299], [-7.764982, 41.783529], [-7.75786, 41.792459], [-7.744844, 41.798238], [-7.732787, 41.799266], [-7.728877, 41.798115], [-7.72705, 41.801691], [-7.728495, 41.8111], [-7.744612, 41.810135], [-7.756703, 41.807424], [-7.793045, 41.795293], [-7.805127, 41.792846], [-7.865425, 41.785957], [-7.901549, 41.784721], [-7.913636, 41.781568], [-7.925782, 41.774865], [-7.937848, 41.772818], [-7.949876, 41.773004], [-7.96505, 41.776499], [-7.972507, 41.785573], [-7.97002, 41.794557], [-7.954868, 41.803427], [-7.937312, 41.805236], [-7.925285, 41.804604], [-7.913702, 41.812052], [-7.90075, 41.831461], [-7.879909, 41.852992], [-7.885968, 41.855507]]], [[[-7.74749, 41.75369], [-7.757704, 41.755585], [-7.769751, 41.754639], [-7.772389, 41.747581], [-7.783433, 41.738692], [-7.806243, 41.732649], [-7.854392, 41.729736], [-7.890564, 41.723878], [-7.902582, 41.724136], [-7.926716, 41.718794], [-7.986956, 41.710451], [-7.998987, 41.709701], [-8.010986, 41.711094], [-8.022934, 41.715887], [-8.032042, 41.723041], [-8.038822, 41.732105], [-8.042812, 41.750152], [-8.046357, 41.757754], [-8.058092, 41.768292], [-8.082109, 41.781255], [-8.106032, 41.791605], [-8.170438, 41.812973], [-8.173744, 41.808019], [-8.177054, 41.808017], [-8.182773, 41.812516], [-8.190291, 41.809587], [-8.197158, 41.814129], [-8.201063, 41.808724], [-8.204973, 41.807372], [-8.205872, 41.804445], [-8.213692, 41.803765], [-8.217598, 41.80016], [-8.217589, 41.793634], [-8.224207, 41.794303], [-8.229917, 41.791598], [-8.240744, 41.791588], [-8.24074, 41.789338], [-8.244347, 41.787984], [-8.245546, 41.785731], [-8.251257, 41.784375], [-8.25215, 41.779659], [-8.242135, 41.769654], [-8.23867, 41.760624], [-8.237666, 41.75161], [-8.239633, 41.742617], [-8.244287, 41.73364], [-8.254797, 41.724702], [-8.263311, 41.720083], [-8.275366, 41.717086], [-8.28739, 41.716928], [-8.299384, 41.71948], [-8.311334, 41.726181], [-8.319172, 41.734108], [-8.324133, 41.743145], [-8.325988, 41.752163], [-8.323785, 41.7642], [-8.326436, 41.765096], [-8.328234, 41.763292], [-8.330341, 41.764189], [-8.332141, 41.762835], [-8.336653, 41.763728], [-8.341751, 41.761693], [-8.341756, 41.761475], [-8.341757, 41.761468], [-8.340666, 41.752248], [-8.334627, 41.734199], [-8.323455, 41.71686], [-8.311554, 41.70555], [-8.287656, 41.692824], [-8.22783, 41.671185], [-8.215838, 41.669417], [-8.167763, 41.671306], [-8.119769, 41.667076], [-8.107746, 41.667895], [-8.104966, 41.66959], [-8.101877, 41.678573], [-8.095496, 41.68484], [-8.08343, 41.688402], [-8.079375, 41.687402], [-8.069311, 41.678314], [-8.071835, 41.669328], [-8.083858, 41.658272], [-8.093665, 41.642481], [-8.096105, 41.641306], [-8.115453, 41.615629], [-8.118893, 41.606648], [-8.118977, 41.597642], [-8.112231, 41.588583], [-8.096931, 41.582158], [-8.072973, 41.579733], [-8.055483, 41.580883], [-8.052181, 41.584498], [-8.052777, 41.587649], [-8.037169, 41.600242], [-8.031467, 41.602938], [-8.02367, 41.603156], [-8.019174, 41.601802], [-8.015872, 41.603824], [-8.013474, 41.603372], [-8.005971, 41.60629], [-8.003562, 41.611239], [-7.99936, 41.61281], [-7.998462, 41.612359], [-7.999669, 41.608759], [-7.996976, 41.605829], [-7.996684, 41.602003], [-7.984685, 41.603564], [-7.982292, 41.60086], [-7.975689, 41.603552], [-7.974482, 41.606701], [-7.971182, 41.607147], [-7.968193, 41.603316], [-7.960698, 41.602315], [-7.934305, 41.603777], [-7.931604, 41.604384], [-7.930979, 41.612711], [-7.925556, 41.620354], [-7.920755, 41.620796], [-7.917748, 41.623041], [-7.915933, 41.627764], [-7.913229, 41.628885], [-7.912613, 41.63361], [-7.906014, 41.633147], [-7.906884, 41.641927], [-7.897869, 41.645511], [-7.89696, 41.647985], [-7.892759, 41.647976], [-7.892145, 41.651576], [-7.902319, 41.659925], [-7.899913, 41.66127], [-7.900198, 41.665547], [-7.898396, 41.665769], [-7.896885, 41.668692], [-7.883969, 41.67069], [-7.881199, 41.672935], [-7.888671, 41.685716], [-7.888395, 41.694721], [-7.884956, 41.703694], [-7.871006, 41.721572], [-7.854456, 41.726085], [-7.842427, 41.726454], [-7.830432, 41.724922], [-7.817051, 41.721029], [-7.812298, 41.718006], [-7.808986, 41.717996], [-7.808396, 41.715744], [-7.804499, 41.714158], [-7.79939, 41.714593], [-7.79788, 41.716164], [-7.796383, 41.71526], [-7.790966, 41.717044], [-7.789449, 41.719966], [-7.78464, 41.720402], [-7.78252, 41.723546], [-7.776204, 41.724652], [-7.773786, 41.727346], [-7.770798, 41.72441], [-7.765698, 41.723044], [-7.761765, 41.727758], [-7.762933, 41.733839], [-7.759307, 41.737203], [-7.759597, 41.739005], [-7.75689, 41.739446], [-7.758687, 41.740577], [-7.757758, 41.745301], [-7.748417, 41.749321], [-7.74749, 41.75369]], [[-8.186651, 41.742254], [-8.184328, 41.751244], [-8.178701, 41.755825], [-8.166662, 41.756652], [-8.160111, 41.75107], [-8.158419, 41.74205], [-8.16694, 41.735092], [-8.178957, 41.735768], [-8.186651, 41.742254]], [[-8.118765, 41.740632], [-8.106755, 41.739555], [-8.093149, 41.732547], [-8.085486, 41.723479], [-8.08284, 41.714451], [-8.08307, 41.705446], [-8.087072, 41.696471], [-8.095391, 41.69235], [-8.107559, 41.681447], [-8.119653, 41.675635], [-8.131664, 41.67585], [-8.144713, 41.6789], [-8.161241, 41.688029], [-8.166994, 41.697078], [-8.168767, 41.706098], [-8.16538, 41.71508], [-8.154811, 41.72401], [-8.130825, 41.73814], [-8.118765, 41.740632]], [[-8.072123, 41.639068], [-8.055459, 41.633166], [-8.047012, 41.624089], [-8.044284, 41.615059], [-8.047261, 41.606077], [-8.055457, 41.597137], [-8.072822, 41.590265], [-8.084833, 41.589367], [-8.096804, 41.591287], [-8.108692, 41.599271], [-8.112131, 41.606596], [-8.111008, 41.615595], [-8.105068, 41.624556], [-8.096221, 41.633025], [-8.084135, 41.638691], [-8.072123, 41.639068]]], [[[-8.371889, 41.681047], [-8.383904, 41.681103], [-8.395977, 41.674909], [-8.399322, 41.671506], [-8.39971, 41.662501], [-8.396136, 41.657797], [-8.38419, 41.651079], [-8.372182, 41.650957], [-8.365599, 41.65331], [-8.356037, 41.662264], [-8.356432, 41.671274], [-8.371889, 41.681047]]], [[[-8.516706, 41.595625], [-8.528708, 41.595285], [-8.539681, 41.591089], [-8.547638, 41.582113], [-8.549056, 41.573111], [-8.5464, 41.564094], [-8.536405, 41.546039], [-8.531231, 41.518996], [-8.527639, 41.509974], [-8.521302, 41.50094], [-8.511222, 41.49189], [-8.483506, 41.473754], [-8.457893, 41.454232], [-8.445955, 41.450124], [-8.433984, 41.449979], [-8.421977, 41.453889], [-8.409925, 41.462637], [-8.404079, 41.47337], [-8.402711, 41.482371], [-8.404917, 41.49139], [-8.416195, 41.509462], [-8.41636, 41.51847], [-8.406974, 41.545444], [-8.407479, 41.554454], [-8.41169, 41.563483], [-8.420933, 41.571191], [-8.432884, 41.576082], [-8.444858, 41.578652], [-8.480815, 41.582418], [-8.50473, 41.592604], [-8.516706, 41.595625]], [[-8.468909, 41.571419], [-8.456906, 41.572397], [-8.44492, 41.571398], [-8.432957, 41.567797], [-8.425821, 41.563555], [-8.418013, 41.554508], [-8.415843, 41.54549], [-8.417406, 41.53649], [-8.427773, 41.518528], [-8.429569, 41.509529], [-8.421528, 41.504415], [-8.409647, 41.493291], [-8.406157, 41.482389], [-8.409858, 41.47003], [-8.421911, 41.461312], [-8.433902, 41.459434], [-8.445853, 41.462095], [-8.450619, 41.464595], [-8.469631, 41.483039], [-8.493522, 41.491396], [-8.505442, 41.499237], [-8.512992, 41.509913], [-8.514339, 41.518926], [-8.512603, 41.527926], [-8.498953, 41.554889], [-8.488694, 41.563851], [-8.480932, 41.567855], [-8.468909, 41.571419]]], [[[-8.241269, 41.549548], [-8.253299, 41.546153], [-8.265372, 41.538793], [-8.273901, 41.526666], [-8.276654, 41.517676], [-8.276593, 41.508669], [-8.273729, 41.499643], [-8.265947, 41.487871], [-8.254069, 41.479127], [-8.242141, 41.474885], [-8.230177, 41.473832], [-8.218181, 41.475414], [-8.205303, 41.481176], [-8.195911, 41.490118], [-8.191715, 41.499096], [-8.190479, 41.508095], [-8.19525, 41.526143], [-8.205427, 41.539061], [-8.217329, 41.546215], [-8.229279, 41.549516], [-8.241269, 41.549548]], [[-8.241383, 41.539822], [-8.229407, 41.538796], [-8.217478, 41.533868], [-8.208393, 41.526234], [-8.20302, 41.51719], [-8.201336, 41.508171], [-8.203274, 41.499177], [-8.209479, 41.490212], [-8.218074, 41.484287], [-8.230096, 41.480652], [-8.242074, 41.48065], [-8.254012, 41.484083], [-8.265888, 41.493161], [-8.270112, 41.49962], [-8.272888, 41.508645], [-8.272162, 41.517648], [-8.265478, 41.529457], [-8.253403, 41.537092], [-8.241383, 41.539822]]], [[[-8.732981, 41.524557], [-8.749978, 41.51968], [-8.765247, 41.510704], [-8.773849, 41.501714], [-8.778814, 41.492716], [-8.781118, 41.483713], [-8.779904, 41.465696], [-8.77062, 41.447663], [-8.752469, 41.42961], [-8.714142, 41.402498], [-8.706901, 41.393473], [-8.687935, 41.357392], [-8.680305, 41.348364], [-8.662058, 41.333477], [-8.638223, 41.321459], [-8.61436, 41.315721], [-8.590462, 41.316092], [-8.572783, 41.320992], [-8.558284, 41.329945], [-8.551207, 41.338925], [-8.548112, 41.347921], [-8.548384, 41.356929], [-8.557588, 41.37498], [-8.566705, 41.384023], [-8.620026, 41.420241], [-8.624301, 41.429263], [-8.6238, 41.438269], [-8.616772, 41.465268], [-8.616559, 41.474275], [-8.619799, 41.483293], [-8.629405, 41.492332], [-8.6731, 41.515037], [-8.697031, 41.522929], [-8.709008, 41.525006], [-8.732981, 41.524557]], [[-8.697079, 41.512689], [-8.685099, 41.51194], [-8.661165, 41.505601], [-8.636709, 41.492355], [-8.627629, 41.483319], [-8.624418, 41.474301], [-8.624854, 41.465295], [-8.627823, 41.456297], [-8.637563, 41.440462], [-8.649606, 41.426934], [-8.658442, 41.420362], [-8.646588, 41.411318], [-8.625789, 41.406365], [-8.601924, 41.395916], [-8.585174, 41.384091], [-8.577598, 41.375055], [-8.572816, 41.36603], [-8.571453, 41.357017], [-8.573273, 41.348017], [-8.579213, 41.339031], [-8.590372, 41.330595], [-8.60235, 41.325996], [-8.61431, 41.324224], [-8.626257, 41.324603], [-8.638193, 41.327011], [-8.650117, 41.331621], [-8.662032, 41.338618], [-8.672956, 41.348343], [-8.679667, 41.35737], [-8.683471, 41.366388], [-8.684132, 41.384405], [-8.673641, 41.407236], [-8.667597, 41.411381], [-8.686014, 41.42044], [-8.709436, 41.429184], [-8.721376, 41.435861], [-8.735197, 41.447587], [-8.741804, 41.456609], [-8.746466, 41.474635], [-8.744899, 41.483639], [-8.740733, 41.492637], [-8.731782, 41.501624], [-8.721068, 41.507682], [-8.709069, 41.51136], [-8.697079, 41.512689]]], [[[-8.309887, 41.327559], [-8.302777, 41.346696], [-8.301572, 41.364704], [-8.305549, 41.382743], [-8.314835, 41.395622], [-8.326712, 41.40385], [-8.350564, 41.411378], [-8.374475, 41.413413], [-8.403107, 41.410313], [-8.422423, 41.403594], [-8.438121, 41.392474], [-8.450991, 41.374521], [-8.455956, 41.356529], [-8.453761, 41.338504], [-8.449332, 41.329475], [-8.435167, 41.313361], [-8.416686, 41.30185], [-8.407744, 41.304856], [-8.406262, 41.307335], [-8.402979, 41.307568], [-8.401801, 41.311398], [-8.399712, 41.311628], [-8.400316, 41.313202], [-8.396738, 41.314336], [-8.398835, 41.316131], [-8.393777, 41.3204], [-8.411058, 41.329286], [-8.420736, 41.338342], [-8.426585, 41.347379], [-8.429609, 41.356402], [-8.430162, 41.365412], [-8.42841, 41.374411], [-8.423732, 41.383395], [-8.416355, 41.392366], [-8.402509, 41.401302], [-8.386504, 41.406584], [-8.374524, 41.40826], [-8.350609, 41.406889], [-8.332811, 41.400919], [-8.319991, 41.391837], [-8.313772, 41.382792], [-8.309929, 41.364754], [-8.314365, 41.346765], [-8.319934, 41.337897], [-8.316788, 41.335876], [-8.313802, 41.336331], [-8.31169, 41.328456], [-8.309887, 41.327559]]], [[[-8.519464, 41.20054], [-8.510537, 41.212651], [-8.509094, 41.221652], [-8.510944, 41.230668], [-8.517032, 41.239701], [-8.531205, 41.248933], [-8.543119, 41.252111], [-8.555053, 41.252276], [-8.567008, 41.249461], [-8.578985, 41.242994], [-8.588468, 41.230971], [-8.590792, 41.221972], [-8.589007, 41.212957], [-8.583279, 41.203929], [-8.57687, 41.198327], [-8.576894, 41.201908], [-8.574515, 41.202593], [-8.57423, 41.20462], [-8.568566, 41.204416], [-8.565895, 41.206227], [-8.567697, 41.208246], [-8.566512, 41.209376], [-8.559636, 41.206251], [-8.554271, 41.20627], [-8.549521, 41.209214], [-8.544157, 41.209458], [-8.54238, 41.211265], [-8.533747, 41.213097], [-8.529858, 41.210859], [-8.530444, 41.209056], [-8.52653, 41.202542], [-8.523236, 41.200077], [-8.519464, 41.20054]], [[-8.551852, 41.221827], [-8.555291, 41.217281], [-8.566274, 41.221882], [-8.555239, 41.22494], [-8.551852, 41.221827]]], [[[-8.576836, 41.198307], [-8.576836, 41.198307], [-8.576571, 41.198153], [-8.576836, 41.198307]]], [[[-8.576451, 41.198084], [-8.576451, 41.198084], [-8.576272, 41.19798], [-8.576451, 41.198084]]]]}}, {"id": "4", "type": "Feature", "properties": {"fill": "#d75e13", "value_min": -2.67, "value_max": -2.33}, "geometry": {"type": "MultiPolygon", "coordinates": [[[[-7.879909, 41.852992], [-7.90075, 41.831461], [-7.913702, 41.812052], [-7.925285, 41.804604], [-7.937312, 41.805236], [-7.954868, 41.803427], [-7.97002, 41.794557], [-7.972507, 41.785573], [-7.96505, 41.776499], [-7.949876, 41.773004], [-7.937848, 41.772818], [-7.925782, 41.774865], [-7.913636, 41.781568], [-7.901549, 41.784721], [-7.865425, 41.785957], [-7.805127, 41.792846], [-7.793045, 41.795293], [-7.756703, 41.807424], [-7.744612, 41.810135], [-7.728495, 41.8111], [-7.728171, 41.814974], [-7.731149, 41.819833], [-7.792737, 41.8117], [-7.804856, 41.807422], [-7.813751, 41.802056], [-7.834357, 41.793261], [-7.841253, 41.791721], [-7.865391, 41.787886], [-7.889456, 41.788139], [-7.908029, 41.793985], [-7.911383, 41.803023], [-7.909329, 41.81201], [-7.898294, 41.829919], [-7.888554, 41.840311], [-7.876431, 41.848933], [-7.879909, 41.852992]], [[-7.949413, 41.801363], [-7.937368, 41.80187], [-7.919386, 41.794092], [-7.923514, 41.785124], [-7.93776, 41.778158], [-7.949792, 41.778196], [-7.961723, 41.784467], [-7.961796, 41.794483], [-7.949413, 41.801363]]], [[[-7.870327, 41.852207], [-7.851777, 41.86193], [-7.858542, 41.862622], [-7.859456, 41.860148], [-7.864877, 41.859711], [-7.870327, 41.852207]]], [[[-7.842137, 41.869334], [-7.838621, 41.87344], [-7.842528, 41.875187], [-7.842137, 41.869334]]], [[[-8.323785, 41.7642], [-8.325988, 41.752163], [-8.324133, 41.743145], [-8.319172, 41.734108], [-8.311334, 41.726181], [-8.299384, 41.71948], [-8.28739, 41.716928], [-8.275366, 41.717086], [-8.263311, 41.720083], [-8.254797, 41.724702], [-8.244287, 41.73364], [-8.239633, 41.742617], [-8.237666, 41.75161], [-8.23867, 41.760624], [-8.242135, 41.769654], [-8.25215, 41.779659], [-8.251845, 41.777172], [-8.257551, 41.773564], [-8.261762, 41.774235], [-8.269568, 41.76905], [-8.269565, 41.767475], [-8.260513, 41.760767], [-8.257036, 41.751737], [-8.25893, 41.742743], [-8.26812, 41.733795], [-8.275218, 41.73033], [-8.287256, 41.729026], [-8.301964, 41.734005], [-8.310511, 41.743064], [-8.312226, 41.752081], [-8.308687, 41.76071], [-8.311096, 41.762195], [-8.318308, 41.761283], [-8.323785, 41.7642]]], [[[-8.118765, 41.740632], [-8.130825, 41.73814], [-8.154811, 41.72401], [-8.16538, 41.71508], [-8.168767, 41.706098], [-8.166994, 41.697078], [-8.161241, 41.688029], [-8.144713, 41.6789], [-8.131664, 41.67585], [-8.119653, 41.675635], [-8.107559, 41.681447], [-8.095391, 41.69235], [-8.087072, 41.696471], [-8.08307, 41.705446], [-8.08284, 41.714451], [-8.085486, 41.723479], [-8.093149, 41.732547], [-8.106755, 41.739555], [-8.118765, 41.740632]], [[-8.10703, 41.719676], [-8.100451, 41.71459], [-8.095318, 41.705543], [-8.097322, 41.696552], [-8.107473, 41.687674], [-8.119566, 41.682009], [-8.131561, 41.683506], [-8.140183, 41.687873], [-8.14536, 41.696919], [-8.143333, 41.701822], [-8.129391, 41.714813], [-8.119033, 41.721064], [-8.10703, 41.719676]]], [[[-7.812298, 41.718006], [-7.817051, 41.721029], [-7.830432, 41.724922], [-7.842427, 41.726454], [-7.854456, 41.726085], [-7.871006, 41.721572], [-7.884956, 41.703694], [-7.888395, 41.694721], [-7.888671, 41.685716], [-7.881199, 41.672935], [-7.877044, 41.676077], [-7.876723, 41.681253], [-7.873401, 41.686198], [-7.868896, 41.686413], [-7.868008, 41.68326], [-7.864402, 41.684105], [-7.867347, 41.685508], [-7.874583, 41.694586], [-7.875425, 41.703601], [-7.872114, 41.712576], [-7.866627, 41.717694], [-7.854521, 41.722435], [-7.842503, 41.722202], [-7.830563, 41.717651], [-7.822235, 41.711459], [-7.818621, 41.713522], [-7.815291, 41.718689], [-7.812298, 41.718006]]], [[[-8.072123, 41.639068], [-8.084135, 41.638691], [-8.096221, 41.633025], [-8.105068, 41.624556], [-8.111008, 41.615595], [-8.112131, 41.606596], [-8.108692, 41.599271], [-8.096804, 41.591287], [-8.084833, 41.589367], [-8.072822, 41.590265], [-8.055457, 41.597137], [-8.047261, 41.606077], [-8.044284, 41.615059], [-8.047012, 41.624089], [-8.055459, 41.633166], [-8.072123, 41.639068]], [[-8.084235, 41.631655], [-8.072267, 41.628991], [-8.065252, 41.624239], [-8.061526, 41.615201], [-8.064289, 41.606217], [-8.072683, 41.599956], [-8.084725, 41.597001], [-8.096696, 41.599022], [-8.105013, 41.606541], [-8.106356, 41.615559], [-8.096284, 41.628549], [-8.084235, 41.631655]]], [[[-8.468909, 41.571419], [-8.480932, 41.567855], [-8.488694, 41.563851], [-8.498953, 41.554889], [-8.512603, 41.527926], [-8.514339, 41.518926], [-8.512992, 41.509913], [-8.505442, 41.499237], [-8.493522, 41.491396], [-8.469631, 41.483039], [-8.450619, 41.464595], [-8.445853, 41.462095], [-8.433902, 41.459434], [-8.421911, 41.461312], [-8.409858, 41.47003], [-8.406157, 41.482389], [-8.409647, 41.493291], [-8.421528, 41.504415], [-8.429569, 41.509529], [-8.427773, 41.518528], [-8.417406, 41.53649], [-8.415843, 41.54549], [-8.418013, 41.554508], [-8.425821, 41.563555], [-8.432957, 41.567797], [-8.44492, 41.571398], [-8.456906, 41.572397], [-8.468909, 41.571419]], [[-8.444976, 41.564845], [-8.433029, 41.559505], [-8.427645, 41.554556], [-8.424039, 41.545531], [-8.425523, 41.536531], [-8.433324, 41.525796], [-8.457406, 41.51261], [-8.469468, 41.502989], [-8.481478, 41.499465], [-8.4865, 41.50079], [-8.493427, 41.503626], [-8.498574, 41.509851], [-8.497625, 41.518854], [-8.490414, 41.52783], [-8.487215, 41.54583], [-8.481034, 41.55481], [-8.468977, 41.563056], [-8.456961, 41.565844], [-8.444976, 41.564845]], [[-8.433564, 41.498241], [-8.421598, 41.496542], [-8.415289, 41.491443], [-8.409741, 41.482887], [-8.41389, 41.473421], [-8.421856, 41.46756], [-8.433837, 41.466838], [-8.44576, 41.473027], [-8.450775, 41.48261], [-8.445587, 41.493261], [-8.433564, 41.498241]]], [[[-8.241383, 41.539822], [-8.253403, 41.537092], [-8.265478, 41.529457], [-8.272162, 41.517648], [-8.272888, 41.508645], [-8.270112, 41.49962], [-8.265888, 41.493161], [-8.254012, 41.484083], [-8.242074, 41.48065], [-8.230096, 41.480652], [-8.218074, 41.484287], [-8.209479, 41.490212], [-8.203274, 41.499177], [-8.201336, 41.508171], [-8.20302, 41.51719], [-8.208393, 41.526234], [-8.217478, 41.533868], [-8.229407, 41.538796], [-8.241383, 41.539822]], [[-8.241463, 41.533017], [-8.229496, 41.531273], [-8.220316, 41.526316], [-8.212088, 41.517252], [-8.209926, 41.50823], [-8.212262, 41.499239], [-8.221336, 41.490293], [-8.230028, 41.486387], [-8.242019, 41.485319], [-8.253961, 41.488475], [-8.256801, 41.490528], [-8.265827, 41.498575], [-8.269183, 41.508622], [-8.267669, 41.51762], [-8.259757, 41.526576], [-8.253476, 41.530746], [-8.241463, 41.533017]]], [[[-8.697079, 41.512689], [-8.709069, 41.51136], [-8.721068, 41.507682], [-8.731782, 41.501624], [-8.740733, 41.492637], [-8.744899, 41.483639], [-8.746466, 41.474635], [-8.741804, 41.456609], [-8.735197, 41.447587], [-8.721376, 41.435861], [-8.709436, 41.429184], [-8.686014, 41.42044], [-8.667597, 41.411381], [-8.673641, 41.407236], [-8.684132, 41.384405], [-8.683471, 41.366388], [-8.679667, 41.35737], [-8.672956, 41.348343], [-8.662032, 41.338618], [-8.650117, 41.331621], [-8.638193, 41.327011], [-8.626257, 41.324603], [-8.61431, 41.324224], [-8.60235, 41.325996], [-8.590372, 41.330595], [-8.579213, 41.339031], [-8.573273, 41.348017], [-8.571453, 41.357017], [-8.572816, 41.36603], [-8.577598, 41.375055], [-8.585174, 41.384091], [-8.601924, 41.395916], [-8.625789, 41.406365], [-8.646588, 41.411318], [-8.658442, 41.420362], [-8.649606, 41.426934], [-8.637563, 41.440462], [-8.627823, 41.456297], [-8.624854, 41.465295], [-8.624418, 41.474301], [-8.627629, 41.483319], [-8.636709, 41.492355], [-8.661165, 41.505601], [-8.685099, 41.51194], [-8.697079, 41.512689]], [[-8.685128, 41.505867], [-8.67315, 41.505015], [-8.661184, 41.501843], [-8.649232, 41.496372], [-8.642665, 41.492374], [-8.633745, 41.483338], [-8.630742, 41.474321], [-8.631968, 41.465318], [-8.636712, 41.456325], [-8.64588, 41.447346], [-8.649513, 41.444266], [-8.66151, 41.439226], [-8.673491, 41.437196], [-8.685457, 41.438], [-8.697412, 41.441068], [-8.709491, 41.447525], [-8.719286, 41.456556], [-8.724425, 41.465576], [-8.726098, 41.474588], [-8.724301, 41.483591], [-8.718556, 41.492585], [-8.705348, 41.501559], [-8.697118, 41.504317], [-8.685128, 41.505867]], [[-8.637805, 41.397], [-8.62585, 41.395647], [-8.61391, 41.391927], [-8.601987, 41.385511], [-8.591152, 41.375104], [-8.586524, 41.36608], [-8.585709, 41.35707], [-8.58888, 41.348073], [-8.59708, 41.339095], [-8.614265, 41.33184], [-8.626221, 41.330857], [-8.638162, 41.332449], [-8.65009, 41.336741], [-8.665809, 41.348322], [-8.671873, 41.357348], [-8.674333, 41.366362], [-8.673427, 41.375367], [-8.668505, 41.384361], [-8.661763, 41.390477], [-8.655426, 41.39333], [-8.649775, 41.395618], [-8.637805, 41.397]]], [[[-8.319934, 41.337897], [-8.314365, 41.346765], [-8.309929, 41.364754], [-8.313772, 41.382792], [-8.319991, 41.391837], [-8.332811, 41.400919], [-8.350609, 41.406889], [-8.374524, 41.40826], [-8.386504, 41.406584], [-8.402509, 41.401302], [-8.416355, 41.392366], [-8.423732, 41.383395], [-8.42841, 41.374411], [-8.430162, 41.365412], [-8.429609, 41.356402], [-8.426585, 41.347379], [-8.420736, 41.338342], [-8.411058, 41.329286], [-8.393777, 41.3204], [-8.391701, 41.324026], [-8.386027, 41.323814], [-8.380332, 41.331254], [-8.387196, 41.332933], [-8.397377, 41.338222], [-8.407857, 41.347284], [-8.413293, 41.35632], [-8.41548, 41.365339], [-8.414589, 41.374342], [-8.410263, 41.383327], [-8.398578, 41.394694], [-8.384342, 41.401207], [-8.37457, 41.403441], [-8.362601, 41.404029], [-8.345834, 41.400994], [-8.338731, 41.398388], [-8.328531, 41.391887], [-8.321077, 41.382836], [-8.317999, 41.37381], [-8.317808, 41.364801], [-8.320242, 41.355808], [-8.327319, 41.344919], [-8.339366, 41.335658], [-8.351362, 41.331058], [-8.361563, 41.329696], [-8.358276, 41.329049], [-8.357673, 41.327249], [-8.347523, 41.328169], [-8.344251, 41.332002], [-8.333215, 41.336299], [-8.326363, 41.342163], [-8.324568, 41.341041], [-8.323376, 41.341943], [-8.319934, 41.337897]]], [[[-8.362757, 41.329536], [-8.362757, 41.329536], [-8.363108, 41.32949], [-8.362757, 41.329536]]], [[[-8.363354, 41.329461], [-8.374405, 41.329976], [-8.37201, 41.328346], [-8.363354, 41.329461]]], [[[-8.379486, 41.331047], [-8.379486, 41.331047], [-8.380083, 41.331194], [-8.379486, 41.331047]]], [[[-8.551852, 41.221827], [-8.555239, 41.22494], [-8.566274, 41.221882], [-8.555291, 41.217281], [-8.551852, 41.221827]]]]}}, {"id": "0", "type": "Feature", "properties": {"fill": "#881d1d", "value_min": -4.0, "value_max": -3.67}, "geometry": {"type": "MultiPolygon", "coordinates": [[[[-7.758108, 41.89245], [-7.767136, 41.89106], [-7.783163, 41.882797], [-7.790848, 41.873871], [-7.793932, 41.864897], [-7.792969, 41.85588], [-7.787408, 41.846815], [-7.780132, 41.841531], [-7.770667, 41.83763], [-7.756156, 41.835683], [-7.746091, 41.836916], [-7.746349, 41.84407], [-7.750541, 41.847685], [-7.750532, 41.849261], [-7.743309, 41.849012], [-7.746901, 41.8524], [-7.746881, 41.855776], [-7.73843, 41.859348], [-7.734159, 41.868337], [-7.730228, 41.871024], [-7.729293, 41.875972], [-7.721427, 41.879771], [-7.723825, 41.88248], [-7.725331, 41.883551], [-7.734376, 41.888819], [-7.737339, 41.889887], [-7.740044, 41.890862], [-7.74246, 41.889747], [-7.742482, 41.886146], [-7.745495, 41.885931], [-7.750001, 41.887971], [-7.756022, 41.888441], [-7.758719, 41.890926], [-7.758108, 41.89245]]], [[[-7.888777, 41.827431], [-7.893108, 41.820862], [-7.895061, 41.811874], [-7.894074, 41.802858], [-7.889271, 41.798851], [-7.877323, 41.793768], [-7.865283, 41.794019], [-7.853168, 41.798494], [-7.844484, 41.80237], [-7.836115, 41.811292], [-7.835324, 41.820291], [-7.840581, 41.829021], [-7.852502, 41.835792], [-7.864528, 41.836805], [-7.876614, 41.834385], [-7.888777, 41.827431]]], [[[-8.119374, 41.696053], [-8.118027, 41.696712], [-8.119348, 41.697975], [-8.120344, 41.69673], [-8.119374, 41.696053]]], [[[-8.457134, 41.545152], [-8.456278, 41.545688], [-8.457128, 41.54589], [-8.457134, 41.545152]]], [[[-8.253761, 41.505945], [-8.241857, 41.499192], [-8.232297, 41.508382], [-8.241652, 41.51682], [-8.253703, 41.510962], [-8.253761, 41.505945]]], [[[-8.690466, 41.474498], [-8.683936, 41.465472], [-8.67337, 41.461294], [-8.661392, 41.462083], [-8.655619, 41.465391], [-8.6484, 41.474377], [-8.651116, 41.483392], [-8.661246, 41.490022], [-8.673217, 41.491804], [-8.685222, 41.486561], [-8.688726, 41.4835], [-8.690466, 41.474498]]], [[[-8.386796, 41.375578], [-8.385493, 41.365182], [-8.375024, 41.356069], [-8.363093, 41.353602], [-8.3509, 41.355985], [-8.340422, 41.364933], [-8.338109, 41.373927], [-8.342718, 41.382961], [-8.350793, 41.388374], [-8.362733, 41.390496], [-8.374716, 41.388278], [-8.382637, 41.383182], [-8.386796, 41.375578]]], [[[-8.646488, 41.357272], [-8.63806, 41.350937], [-8.626105, 41.351214], [-8.618683, 41.357184], [-8.619481, 41.366194], [-8.625991, 41.371107], [-8.637944, 41.371808], [-8.646055, 41.366279], [-8.646488, 41.357272]]]]}}, {"id": "1", "type": "Feature", "properties": {"fill": "#9c1c1c", "value_min": -3.67, "value_max": -3.33}, "geometry": {"type": "MultiPolygon", "coordinates": [[[[-7.80278, 41.874599], [-7.805576, 41.865019], [-7.80521, 41.856008], [-7.801573, 41.846964], [-7.790961, 41.837846], [-7.780292, 41.833081], [-7.7683, 41.830464], [-7.756267, 41.829944], [-7.740703, 41.832036], [-7.746091, 41.836916], [-7.756156, 41.835683], [-7.770667, 41.83763], [-7.780132, 41.841531], [-7.787408, 41.846815], [-7.792969, 41.85588], [-7.793932, 41.864897], [-7.790848, 41.873871], [-7.783163, 41.882797], [-7.767136, 41.89106], [-7.758108, 41.89245], [-7.756585, 41.895195], [-7.758076, 41.897901], [-7.764097, 41.898595], [-7.779227, 41.886264], [-7.785257, 41.885157], [-7.788886, 41.882467], [-7.794309, 41.882033], [-7.796739, 41.878214], [-7.794954, 41.873932], [-7.80278, 41.874599]]], [[[-7.740044, 41.890862], [-7.740044, 41.890862], [-7.737339, 41.889887], [-7.740044, 41.890862]]], [[[-7.734376, 41.888819], [-7.725331, 41.883551], [-7.726208, 41.887665], [-7.734376, 41.888819]]], [[[-7.723825, 41.88248], [-7.721427, 41.879771], [-7.720523, 41.881793], [-7.723825, 41.88248]]], [[[-7.888694, 41.83226], [-7.897322, 41.820903], [-7.901076, 41.811932], [-7.898944, 41.802905], [-7.88934, 41.794892], [-7.877362, 41.791579], [-7.865323, 41.791743], [-7.855947, 41.793478], [-7.83648, 41.802289], [-7.829728, 41.811227], [-7.827316, 41.820209], [-7.829421, 41.829237], [-7.839325, 41.838345], [-7.852384, 41.842424], [-7.864428, 41.842458], [-7.876532, 41.839065], [-7.888694, 41.83226]], [[-7.888777, 41.827431], [-7.876614, 41.834385], [-7.864528, 41.836805], [-7.852502, 41.835792], [-7.840581, 41.829021], [-7.835324, 41.820291], [-7.836115, 41.811292], [-7.844484, 41.80237], [-7.853168, 41.798494], [-7.865283, 41.794019], [-7.877323, 41.793768], [-7.889271, 41.798851], [-7.894074, 41.802858], [-7.895061, 41.811874], [-7.893108, 41.820862], [-7.888777, 41.827431]]], [[[-7.859769, 41.703447], [-7.854933, 41.699219], [-7.842537, 41.703275], [-7.848438, 41.712341], [-7.85468, 41.713527], [-7.85683, 41.712425], [-7.859769, 41.703447]]], [[[-8.126761, 41.696779], [-8.119434, 41.691658], [-8.10925, 41.696645], [-8.119238, 41.706034], [-8.126761, 41.696779]], [[-8.119374, 41.696053], [-8.120344, 41.69673], [-8.119348, 41.697975], [-8.118027, 41.696712], [-8.119374, 41.696053]]], [[[-8.096467, 41.615403], [-8.084514, 41.611932], [-8.081148, 41.61536], [-8.084416, 41.618805], [-8.096467, 41.615403]]], [[[-8.464255, 41.536718], [-8.457237, 41.532869], [-8.445236, 41.53448], [-8.442417, 41.536614], [-8.439623, 41.545608], [-8.445088, 41.551683], [-8.457061, 41.553879], [-8.467627, 41.545741], [-8.464255, 41.536718]], [[-8.457134, 41.545152], [-8.457128, 41.54589], [-8.456278, 41.545688], [-8.457134, 41.545152]]], [[[-8.260155, 41.508564], [-8.253857, 41.497549], [-8.241912, 41.494491], [-8.228417, 41.499348], [-8.224379, 41.508328], [-8.228714, 41.517365], [-8.241588, 41.522271], [-8.253604, 41.519603], [-8.260155, 41.508564]], [[-8.253761, 41.505945], [-8.253703, 41.510962], [-8.241652, 41.51682], [-8.232297, 41.508382], [-8.241857, 41.499192], [-8.253761, 41.505945]]], [[[-8.697207, 41.485135], [-8.700459, 41.474524], [-8.696531, 41.465506], [-8.685364, 41.457243], [-8.673405, 41.454333], [-8.661425, 41.455559], [-8.649418, 41.461841], [-8.64622, 41.465362], [-8.642638, 41.474359], [-8.644902, 41.483373], [-8.649279, 41.487756], [-8.661222, 41.494694], [-8.673194, 41.496378], [-8.685185, 41.494283], [-8.689293, 41.492509], [-8.697207, 41.485135]], [[-8.690466, 41.474498], [-8.688726, 41.4835], [-8.685222, 41.486561], [-8.673217, 41.491804], [-8.661246, 41.490022], [-8.651116, 41.483392], [-8.6484, 41.474377], [-8.655619, 41.465391], [-8.661392, 41.462083], [-8.67337, 41.461294], [-8.683936, 41.465472], [-8.690466, 41.474498]]], [[[-8.386683, 41.38752], [-8.391509, 41.38323], [-8.395497, 41.374243], [-8.394743, 41.365231], [-8.386993, 41.354545], [-8.375098, 41.348354], [-8.36316, 41.346698], [-8.351189, 41.348567], [-8.339167, 41.355288], [-8.332594, 41.364888], [-8.331488, 41.373889], [-8.335058, 41.382917], [-8.338849, 41.386711], [-8.350741, 41.393617], [-8.362685, 41.395443], [-8.374662, 41.393887], [-8.386683, 41.38752]], [[-8.386796, 41.375578], [-8.382637, 41.383182], [-8.374716, 41.388278], [-8.362733, 41.390496], [-8.350793, 41.388374], [-8.342718, 41.382961], [-8.338109, 41.373927], [-8.340422, 41.364933], [-8.3509, 41.355985], [-8.363093, 41.353602], [-8.375024, 41.356069], [-8.385493, 41.365182], [-8.386796, 41.375578]]], [[[-8.656961, 41.366312], [-8.656376, 41.357302], [-8.650025, 41.348813], [-8.638101, 41.343626], [-8.62615, 41.343195], [-8.614172, 41.347611], [-8.607177, 41.357145], [-8.607663, 41.366154], [-8.614013, 41.374463], [-8.62594, 41.379927], [-8.637896, 41.380454], [-8.649879, 41.376088], [-8.656961, 41.366312]], [[-8.646488, 41.357272], [-8.646055, 41.366279], [-8.637944, 41.371808], [-8.625991, 41.371107], [-8.619481, 41.366194], [-8.618683, 41.357184], [-8.626105, 41.351214], [-8.63806, 41.350937], [-8.646488, 41.357272]]]]}}, {"id": "2", "type": "Feature", "properties": {"fill": "#ae1c1c", "value_min": -3.33, "value_max": -3.0}, "geometry": {"type": "MultiPolygon", "coordinates": [[[[-7.818629, 41.873099], [-7.828079, 41.854228], [-7.864337, 41.847595], [-7.876449, 41.843795], [-7.888628, 41.836075], [-7.894669, 41.829884], [-7.901417, 41.820942], [-7.905203, 41.811971], [-7.904748, 41.80296], [-7.895634, 41.793866], [-7.877399, 41.789451], [-7.865357, 41.789814], [-7.846335, 41.793382], [-7.828763, 41.80221], [-7.819207, 41.811119], [-7.816731, 41.816244], [-7.804501, 41.826505], [-7.768436, 41.823323], [-7.742826, 41.825153], [-7.742839, 41.827178], [-7.738919, 41.828515], [-7.740703, 41.832036], [-7.756267, 41.829944], [-7.7683, 41.830464], [-7.780292, 41.833081], [-7.790961, 41.837846], [-7.801573, 41.846964], [-7.80521, 41.856008], [-7.805576, 41.865019], [-7.80278, 41.874599], [-7.804591, 41.873735], [-7.804914, 41.869459], [-7.813032, 41.871958], [-7.814229, 41.873537], [-7.818629, 41.873099]], [[-7.888694, 41.83226], [-7.876532, 41.839065], [-7.864428, 41.842458], [-7.852384, 41.842424], [-7.839325, 41.838345], [-7.829421, 41.829237], [-7.827316, 41.820209], [-7.829728, 41.811227], [-7.83648, 41.802289], [-7.855947, 41.793478], [-7.865323, 41.791743], [-7.877362, 41.791579], [-7.88934, 41.794892], [-7.898944, 41.802905], [-7.901076, 41.811932], [-7.897322, 41.820903], [-7.888694, 41.83226]]], [[[-7.95445, 41.78541], [-7.949718, 41.782715], [-7.937682, 41.782828], [-7.933075, 41.785213], [-7.932007, 41.79421], [-7.937446, 41.797132], [-7.949482, 41.797144], [-7.954383, 41.794416], [-7.95445, 41.78541]]], [[[-8.288304, 41.756827], [-8.295726, 41.751981], [-8.292158, 41.742952], [-8.287127, 41.740695], [-8.277602, 41.742862], [-8.273573, 41.751843], [-8.274956, 41.75362], [-8.285832, 41.75734], [-8.288304, 41.756827]]], [[[-7.833897, 41.710186], [-7.834552, 41.712201], [-7.842601, 41.716756], [-7.854598, 41.718112], [-7.865538, 41.712511], [-7.868817, 41.703536], [-7.866954, 41.699089], [-7.855088, 41.690524], [-7.851762, 41.690756], [-7.847538, 41.695365], [-7.837309, 41.699391], [-7.835792, 41.702763], [-7.839679, 41.706599], [-7.838465, 41.709522], [-7.833897, 41.710186]], [[-7.859769, 41.703447], [-7.85683, 41.712425], [-7.85468, 41.713527], [-7.848438, 41.712341], [-7.842537, 41.703275], [-7.854933, 41.699219], [-7.859769, 41.703447]]], [[[-8.131351, 41.699103], [-8.134231, 41.696836], [-8.13143, 41.69325], [-8.119495, 41.687184], [-8.107403, 41.692696], [-8.102945, 41.696596], [-8.103471, 41.705607], [-8.107171, 41.709466], [-8.119162, 41.711597], [-8.131351, 41.699103]], [[-8.126761, 41.696779], [-8.119238, 41.706034], [-8.10925, 41.696645], [-8.119434, 41.691658], [-8.126761, 41.696779]]], [[[-8.096351, 41.623731], [-8.101431, 41.61552], [-8.097502, 41.606482], [-8.084633, 41.603493], [-8.077834, 41.606326], [-8.071452, 41.615282], [-8.078398, 41.624345], [-8.084306, 41.62661], [-8.096351, 41.623731]], [[-8.096467, 41.615403], [-8.084416, 41.618805], [-8.081148, 41.61536], [-8.084514, 41.611932], [-8.096467, 41.615403]]], [[[-8.476507, 41.545782], [-8.47531, 41.536769], [-8.469241, 41.530823], [-8.457294, 41.526057], [-8.445294, 41.5276], [-8.433459, 41.536571], [-8.43159, 41.545569], [-8.437691, 41.554606], [-8.445028, 41.558696], [-8.457011, 41.559844], [-8.469971, 41.554759], [-8.476507, 41.545782]], [[-8.464255, 41.536718], [-8.467627, 41.545741], [-8.457061, 41.553879], [-8.445088, 41.551683], [-8.439623, 41.545608], [-8.442417, 41.536614], [-8.445236, 41.53448], [-8.457237, 41.532869], [-8.464255, 41.536718]]], [[[-8.253542, 41.525004], [-8.262239, 41.517585], [-8.265383, 41.508598], [-8.261476, 41.499565], [-8.25391, 41.492968], [-8.241967, 41.489819], [-8.22996, 41.492141], [-8.22049, 41.499295], [-8.217432, 41.508281], [-8.220497, 41.51731], [-8.229574, 41.524653], [-8.236594, 41.526425], [-8.241527, 41.527484], [-8.253542, 41.525004]], [[-8.260155, 41.508564], [-8.253604, 41.519603], [-8.241588, 41.522271], [-8.228714, 41.517365], [-8.224379, 41.508328], [-8.228417, 41.499348], [-8.241912, 41.494491], [-8.253857, 41.497549], [-8.260155, 41.508564]]], [[[-8.70919, 41.4843], [-8.711663, 41.474553], [-8.709046, 41.465539], [-8.701645, 41.456512], [-8.685406, 41.448461], [-8.673442, 41.446969], [-8.661462, 41.448448], [-8.649462, 41.453673], [-8.639038, 41.46534], [-8.636846, 41.474341], [-8.639546, 41.483357], [-8.648507, 41.492392], [-8.661203, 41.498258], [-8.673172, 41.500629], [-8.685156, 41.500079], [-8.702905, 41.492545], [-8.70919, 41.4843]], [[-8.697207, 41.485135], [-8.689293, 41.492509], [-8.685185, 41.494283], [-8.673194, 41.496378], [-8.661222, 41.494694], [-8.649279, 41.487756], [-8.644902, 41.483373], [-8.642638, 41.474359], [-8.64622, 41.465362], [-8.649418, 41.461841], [-8.661425, 41.455559], [-8.673405, 41.454333], [-8.685364, 41.457243], [-8.696531, 41.465506], [-8.700459, 41.474524], [-8.697207, 41.485135]]], [[[-8.433774, 41.474074], [-8.421628, 41.47346], [-8.416421, 41.482441], [-8.421657, 41.48987], [-8.433641, 41.48939], [-8.439424, 41.482555], [-8.433774, 41.474074]]], [[[-8.398668, 41.384902], [-8.404322, 41.374289], [-8.404381, 41.365282], [-8.398951, 41.354202], [-8.38709, 41.34426], [-8.375178, 41.339982], [-8.363236, 41.338932], [-8.351268, 41.340582], [-8.339261, 41.345977], [-8.329198, 41.35586], [-8.325184, 41.364845], [-8.324805, 41.37385], [-8.328177, 41.382877], [-8.338784, 41.393142], [-8.350697, 41.398054], [-8.362643, 41.399718], [-8.374616, 41.398651], [-8.390883, 41.392234], [-8.398668, 41.384902]], [[-8.386683, 41.38752], [-8.374662, 41.393887], [-8.362685, 41.395443], [-8.350741, 41.393617], [-8.338849, 41.386711], [-8.335058, 41.382917], [-8.331488, 41.373889], [-8.332594, 41.364888], [-8.339167, 41.355288], [-8.351189, 41.348567], [-8.36316, 41.346698], [-8.375098, 41.348354], [-8.386993, 41.354545], [-8.394743, 41.365231], [-8.395497, 41.374243], [-8.391509, 41.38323], [-8.386683, 41.38752]]], [[[-8.661836, 41.376472], [-8.665865, 41.366338], [-8.664452, 41.357326], [-8.658062, 41.3483], [-8.65006, 41.342396], [-8.638133, 41.337732], [-8.626187, 41.336782], [-8.614222, 41.339182], [-8.601249, 41.348117], [-8.596893, 41.357109], [-8.597437, 41.366119], [-8.602792, 41.375145], [-8.61396, 41.383441], [-8.625897, 41.38752], [-8.637853, 41.388236], [-8.649829, 41.385435], [-8.661836, 41.376472]], [[-8.656961, 41.366312], [-8.649879, 41.376088], [-8.637896, 41.380454], [-8.62594, 41.379927], [-8.614013, 41.374463], [-8.607663, 41.366154], [-8.607177, 41.357145], [-8.614172, 41.347611], [-8.62615, 41.343195], [-8.638101, 41.343626], [-8.650025, 41.348813], [-8.656376, 41.357302], [-8.656961, 41.366312]]]]}}, {"id": "3", "type": "Feature", "properties": {"fill": "#c33119", "value_min": -3.0, "value_max": -2.67}, "geometry": {"type": "MultiPolygon", "coordinates": [[[[-7.838621, 41.87344], [-7.842137, 41.869334], [-7.841663, 41.866632], [-7.848912, 41.861698], [-7.851777, 41.86193], [-7.870327, 41.852207], [-7.873043, 41.850501], [-7.873066, 41.844875], [-7.876431, 41.848933], [-7.888554, 41.840311], [-7.898294, 41.829919], [-7.909329, 41.81201], [-7.911383, 41.803023], [-7.908029, 41.793985], [-7.889456, 41.788139], [-7.865391, 41.787886], [-7.841253, 41.791721], [-7.834357, 41.793261], [-7.813751, 41.802056], [-7.804856, 41.807422], [-7.792737, 41.8117], [-7.731149, 41.819833], [-7.73594, 41.823554], [-7.742826, 41.825153], [-7.768436, 41.823323], [-7.804501, 41.826505], [-7.816731, 41.816244], [-7.819207, 41.811119], [-7.828763, 41.80221], [-7.846335, 41.793382], [-7.865357, 41.789814], [-7.877399, 41.789451], [-7.895634, 41.793866], [-7.904748, 41.80296], [-7.905203, 41.811971], [-7.901417, 41.820942], [-7.894669, 41.829884], [-7.888628, 41.836075], [-7.876449, 41.843795], [-7.864337, 41.847595], [-7.828079, 41.854228], [-7.818629, 41.873099], [-7.823863, 41.874013], [-7.825059, 41.875817], [-7.830479, 41.875831], [-7.830789, 41.874031], [-7.838621, 41.87344]]], [[[-7.949413, 41.801363], [-7.961796, 41.794483], [-7.961723, 41.784467], [-7.949792, 41.778196], [-7.93776, 41.778158], [-7.923514, 41.785124], [-7.919386, 41.794092], [-7.937368, 41.80187], [-7.949413, 41.801363]], [[-7.95445, 41.78541], [-7.954383, 41.794416], [-7.949482, 41.797144], [-7.937446, 41.797132], [-7.932007, 41.79421], [-7.933075, 41.785213], [-7.937682, 41.782828], [-7.949718, 41.782715], [-7.95445, 41.78541]]], [[[-8.308687, 41.76071], [-8.312226, 41.752081], [-8.310511, 41.743064], [-8.301964, 41.734005], [-8.287256, 41.729026], [-8.275218, 41.73033], [-8.26812, 41.733795], [-8.25893, 41.742743], [-8.257036, 41.751737], [-8.260513, 41.760767], [-8.269565, 41.767475], [-8.277073, 41.764088], [-8.280681, 41.764083], [-8.285832, 41.75734], [-8.274956, 41.75362], [-8.273573, 41.751843], [-8.277602, 41.742862], [-8.287127, 41.740695], [-8.292158, 41.742952], [-8.295726, 41.751981], [-8.288304, 41.756827], [-8.292747, 41.757946], [-8.298457, 41.757263], [-8.300866, 41.758835], [-8.305674, 41.758152], [-8.308687, 41.76071]]], [[[-7.822235, 41.711459], [-7.830563, 41.717651], [-7.842503, 41.722202], [-7.854521, 41.722435], [-7.866627, 41.717694], [-7.872114, 41.712576], [-7.875425, 41.703601], [-7.874583, 41.694586], [-7.867347, 41.685508], [-7.864402, 41.684105], [-7.864096, 41.685276], [-7.858987, 41.68639], [-7.857773, 41.689538], [-7.854776, 41.68818], [-7.851762, 41.690756], [-7.855088, 41.690524], [-7.866954, 41.699089], [-7.868817, 41.703536], [-7.865538, 41.712511], [-7.854598, 41.718112], [-7.842601, 41.716756], [-7.834552, 41.712201], [-7.833897, 41.710186], [-7.825252, 41.708813], [-7.822235, 41.711459]]], [[[-8.10703, 41.719676], [-8.119033, 41.721064], [-8.129391, 41.714813], [-8.143333, 41.701822], [-8.14536, 41.696919], [-8.140183, 41.687873], [-8.131561, 41.683506], [-8.119566, 41.682009], [-8.107473, 41.687674], [-8.097322, 41.696552], [-8.095318, 41.705543], [-8.100451, 41.71459], [-8.10703, 41.719676]], [[-8.131351, 41.699103], [-8.119162, 41.711597], [-8.107171, 41.709466], [-8.103471, 41.705607], [-8.102945, 41.696596], [-8.107403, 41.692696], [-8.119495, 41.687184], [-8.13143, 41.69325], [-8.134231, 41.696836], [-8.131351, 41.699103]]], [[[-8.084235, 41.631655], [-8.096284, 41.628549], [-8.106356, 41.615559], [-8.105013, 41.606541], [-8.096696, 41.599022], [-8.084725, 41.597001], [-8.072683, 41.599956], [-8.064289, 41.606217], [-8.061526, 41.615201], [-8.065252, 41.624239], [-8.072267, 41.628991], [-8.084235, 41.631655]], [[-8.096351, 41.623731], [-8.084306, 41.62661], [-8.078398, 41.624345], [-8.071452, 41.615282], [-8.077834, 41.606326], [-8.084633, 41.603493], [-8.097502, 41.606482], [-8.101431, 41.61552], [-8.096351, 41.623731]]], [[[-8.444976, 41.564845], [-8.456961, 41.565844], [-8.468977, 41.563056], [-8.481034, 41.55481], [-8.487215, 41.54583], [-8.490414, 41.52783], [-8.497625, 41.518854], [-8.498574, 41.509851], [-8.493427, 41.503626], [-8.4865, 41.50079], [-8.481478, 41.499465], [-8.469468, 41.502989], [-8.457406, 41.51261], [-8.433324, 41.525796], [-8.425523, 41.536531], [-8.424039, 41.545531], [-8.427645, 41.554556], [-8.433029, 41.559505], [-8.444976, 41.564845]], [[-8.476507, 41.545782], [-8.469971, 41.554759], [-8.457011, 41.559844], [-8.445028, 41.558696], [-8.437691, 41.554606], [-8.43159, 41.545569], [-8.433459, 41.536571], [-8.445294, 41.5276], [-8.457294, 41.526057], [-8.469241, 41.530823], [-8.47531, 41.536769], [-8.476507, 41.545782]]], [[[-8.241463, 41.533017], [-8.253476, 41.530746], [-8.259757, 41.526576], [-8.267669, 41.51762], [-8.269183, 41.508622], [-8.265827, 41.498575], [-8.256801, 41.490528], [-8.253961, 41.488475], [-8.242019, 41.485319], [-8.230028, 41.486387], [-8.221336, 41.490293], [-8.212262, 41.499239], [-8.209926, 41.50823], [-8.212088, 41.517252], [-8.220316, 41.526316], [-8.229496, 41.531273], [-8.241463, 41.533017]], [[-8.253542, 41.525004], [-8.241527, 41.527484], [-8.236594, 41.526425], [-8.229574, 41.524653], [-8.220497, 41.51731], [-8.217432, 41.508281], [-8.22049, 41.499295], [-8.22996, 41.492141], [-8.241967, 41.489819], [-8.25391, 41.492968], [-8.261476, 41.499565], [-8.265383, 41.508598], [-8.262239, 41.517585], [-8.253542, 41.525004]]], [[[-8.685128, 41.505867], [-8.697118, 41.504317], [-8.705348, 41.501559], [-8.718556, 41.492585], [-8.724301, 41.483591], [-8.726098, 41.474588], [-8.724425, 41.465576], [-8.719286, 41.456556], [-8.709491, 41.447525], [-8.697412, 41.441068], [-8.685457, 41.438], [-8.673491, 41.437196], [-8.66151, 41.439226], [-8.649513, 41.444266], [-8.64588, 41.447346], [-8.636712, 41.456325], [-8.631968, 41.465318], [-8.630742, 41.474321], [-8.633745, 41.483338], [-8.642665, 41.492374], [-8.649232, 41.496372], [-8.661184, 41.501843], [-8.67315, 41.505015], [-8.685128, 41.505867]], [[-8.70919, 41.4843], [-8.702905, 41.492545], [-8.685156, 41.500079], [-8.673172, 41.500629], [-8.661203, 41.498258], [-8.648507, 41.492392], [-8.639546, 41.483357], [-8.636846, 41.474341], [-8.639038, 41.46534], [-8.649462, 41.453673], [-8.661462, 41.448448], [-8.673442, 41.446969], [-8.685406, 41.448461], [-8.701645, 41.456512], [-8.709046, 41.465539], [-8.711663, 41.474553], [-8.70919, 41.4843]]], [[[-8.433564, 41.498241], [-8.445587, 41.493261], [-8.450775, 41.48261], [-8.44576, 41.473027], [-8.433837, 41.466838], [-8.421856, 41.46756], [-8.41389, 41.473421], [-8.409741, 41.482887], [-8.415289, 41.491443], [-8.421598, 41.496542], [-8.433564, 41.498241]], [[-8.433774, 41.474074], [-8.439424, 41.482555], [-8.433641, 41.48939], [-8.421657, 41.48987], [-8.416421, 41.482441], [-8.421628, 41.47346], [-8.433774, 41.474074]]], [[[-8.361563, 41.329696], [-8.351362, 41.331058], [-8.339366, 41.335658], [-8.327319, 41.344919], [-8.320242, 41.355808], [-8.317808, 41.364801], [-8.317999, 41.37381], [-8.321077, 41.382836], [-8.328531, 41.391887], [-8.338731, 41.398388], [-8.345834, 41.400994], [-8.362601, 41.404029], [-8.37457, 41.403441], [-8.384342, 41.401207], [-8.398578, 41.394694], [-8.410263, 41.383327], [-8.414589, 41.374342], [-8.41548, 41.365339], [-8.413293, 41.35632], [-8.407857, 41.347284], [-8.397377, 41.338222], [-8.387196, 41.332933], [-8.380332, 41.331254], [-8.380083, 41.331194], [-8.379486, 41.331047], [-8.374405, 41.329976], [-8.363354, 41.329461], [-8.363108, 41.32949], [-8.362757, 41.329536], [-8.361563, 41.329696]], [[-8.398668, 41.384902], [-8.390883, 41.392234], [-8.374616, 41.398651], [-8.362643, 41.399718], [-8.350697, 41.398054], [-8.338784, 41.393142], [-8.328177, 41.382877], [-8.324805, 41.37385], [-8.325184, 41.364845], [-8.329198, 41.35586], [-8.339261, 41.345977], [-8.351268, 41.340582], [-8.363236, 41.338932], [-8.375178, 41.339982], [-8.38709, 41.34426], [-8.398951, 41.354202], [-8.404381, 41.365282], [-8.404322, 41.374289], [-8.398668, 41.384902]]], [[[-8.637805, 41.397], [-8.649775, 41.395618], [-8.655426, 41.39333], [-8.661763, 41.390477], [-8.668505, 41.384361], [-8.673427, 41.375367], [-8.674333, 41.366362], [-8.671873, 41.357348], [-8.665809, 41.348322], [-8.65009, 41.336741], [-8.638162, 41.332449], [-8.626221, 41.330857], [-8.614265, 41.33184], [-8.59708, 41.339095], [-8.58888, 41.348073], [-8.585709, 41.35707], [-8.586524, 41.36608], [-8.591152, 41.375104], [-8.601987, 41.385511], [-8.61391, 41.391927], [-8.62585, 41.395647], [-8.637805, 41.397]], [[-8.661836, 41.376472], [-8.649829, 41.385435], [-8.637853, 41.388236], [-8.625897, 41.38752], [-8.61396, 41.383441], [-8.602792, 41.375145], [-8.597437, 41.366119], [-8.596893, 41.357109], [-8.601249, 41.348117], [-8.614222, 41.339182], [-8.626187, 41.336782], [-8.638133, 41.337732], [-8.65006, 41.342396], [-8.658062, 41.3483], [-8.664452, 41.357326], [-8.665865, 41.366338], [-8.661836, 41.376472]]]]}}, {"id": "22", "type": "Feature", "properties": {"fill": "#214db8", "value_min": 3.33, "value_max": 3.67}, "geometry": {"type": "MultiPolygon", "coordinates": [[[[-7.948819, 41.837744], [-7.946447, 41.839377], [-7.948744, 41.842326], [-7.952673, 41.839434], [-7.948819, 41.837744]]], [[[-8.349599, 41.508079], [-8.363847, 41.500177], [-8.366434, 41.491184], [-8.366411, 41.482176], [-8.361942, 41.471341], [-8.350024, 41.465506], [-8.338071, 41.463335], [-8.326058, 41.467038], [-8.317892, 41.472892], [-8.311957, 41.481864], [-8.312296, 41.490873], [-8.318882, 41.49992], [-8.325662, 41.505278], [-8.337599, 41.509711], [-8.349599, 41.508079]], [[-8.364091, 41.491171], [-8.361659, 41.500223], [-8.349639, 41.504089], [-8.337642, 41.505513], [-8.32569, 41.50262], [-8.3223, 41.49994], [-8.316402, 41.490898], [-8.315188, 41.481883], [-8.326028, 41.469989], [-8.338028, 41.4676], [-8.349986, 41.469292], [-8.361908, 41.474756], [-8.364124, 41.482164], [-8.364091, 41.491171]]]]}}, {"id": "21", "type": "Feature", "properties": {"fill": "#245bd9", "value_min": 3.0, "value_max": 3.33}, "geometry": {"type": "MultiPolygon", "coordinates": [[[[-7.948871, 41.834512], [-7.941866, 41.839335], [-7.94865, 41.848047], [-7.960256, 41.839503], [-7.948871, 41.834512]], [[-7.948819, 41.837744], [-7.952673, 41.839434], [-7.948744, 41.842326], [-7.946447, 41.839377], [-7.948819, 41.837744]]], [[[-8.361615, 41.504648], [-8.365979, 41.500189], [-8.368777, 41.491197], [-8.368699, 41.482189], [-8.365736, 41.473165], [-8.361965, 41.469035], [-8.350051, 41.462791], [-8.338092, 41.461344], [-8.326089, 41.464087], [-8.314023, 41.472719], [-8.309724, 41.48185], [-8.310182, 41.49086], [-8.315466, 41.499899], [-8.325635, 41.507937], [-8.33758, 41.511598], [-8.349574, 41.510563], [-8.361615, 41.504648]], [[-8.349599, 41.508079], [-8.337599, 41.509711], [-8.325662, 41.505278], [-8.318882, 41.49992], [-8.312296, 41.490873], [-8.311957, 41.481864], [-8.317892, 41.472892], [-8.326058, 41.467038], [-8.338071, 41.463335], [-8.350024, 41.465506], [-8.361942, 41.471341], [-8.366411, 41.482176], [-8.366434, 41.491184], [-8.363847, 41.500177], [-8.349599, 41.508079]]]]}}, {"id": "17", "type": "Feature", "properties": {"fill": "#6ba5ec", "value_min": 1.67, "value_max": 2.0}, "geometry": {"type": "MultiPolygon", "coordinates": [[[[-7.948459, 41.859697], [-7.962234, 41.857534], [-7.972866, 41.848623], [-7.973987, 41.839627], [-7.966984, 41.830557], [-7.961024, 41.827773], [-7.949006, 41.826288], [-7.936296, 41.830277], [-7.929703, 41.839222], [-7.930651, 41.848238], [-7.936486, 41.855168], [-7.948459, 41.859697]], [[-7.948509, 41.85666], [-7.936545, 41.851617], [-7.933725, 41.848267], [-7.932148, 41.839245], [-7.940642, 41.830317], [-7.948981, 41.827793], [-7.962998, 41.830521], [-7.970548, 41.839596], [-7.968605, 41.848585], [-7.960585, 41.85491], [-7.948509, 41.85666]]], [[[-8.337498, 41.519614], [-8.349494, 41.51854], [-8.361521, 41.514181], [-8.373624, 41.501884], [-8.377337, 41.491244], [-8.377126, 41.482235], [-8.374314, 41.473212], [-8.367962, 41.46417], [-8.362062, 41.459074], [-8.350135, 41.454367], [-8.338178, 41.452827], [-8.326189, 41.454441], [-8.314165, 41.45932], [-8.308521, 41.463828], [-8.302494, 41.472799], [-8.300534, 41.481795], [-8.305263, 41.499838], [-8.312412, 41.508888], [-8.32554, 41.517071], [-8.337498, 41.519614]], [[-8.349515, 41.516451], [-8.337522, 41.517258], [-8.325563, 41.514828], [-8.31366, 41.507112], [-8.307689, 41.499853], [-8.303841, 41.490822], [-8.303026, 41.48181], [-8.305344, 41.472816], [-8.314129, 41.462715], [-8.326163, 41.456924], [-8.338152, 41.455372], [-8.350113, 41.456608], [-8.362036, 41.461773], [-8.372153, 41.473201], [-8.375249, 41.482225], [-8.375424, 41.491233], [-8.372377, 41.500224], [-8.361547, 41.51162], [-8.349515, 41.516451]]], [[[-8.721908, 41.310974], [-8.736377, 41.303467], [-8.739211, 41.294466], [-8.733962, 41.284655], [-8.722041, 41.279616], [-8.710097, 41.280237], [-8.700816, 41.285365], [-8.698116, 41.288988], [-8.696055, 41.29436], [-8.698059, 41.301314], [-8.699058, 41.303376], [-8.709966, 41.310005], [-8.721908, 41.310974]], [[-8.710001, 41.30212], [-8.706548, 41.294387], [-8.710054, 41.290047], [-8.721999, 41.289615], [-8.726567, 41.294437], [-8.721941, 41.303176], [-8.710001, 41.30212]]]]}}, {"id": "18", "type": "Feature", "properties": {"fill": "#5599f7", "value_min": 2.0, "value_max": 2.33}, "geometry": {"type": "MultiPolygon", "coordinates": [[[[-7.948509, 41.85666], [-7.960585, 41.85491], [-7.968605, 41.848585], [-7.970548, 41.839596], [-7.962998, 41.830521], [-7.948981, 41.827793], [-7.940642, 41.830317], [-7.932148, 41.839245], [-7.933725, 41.848267], [-7.936545, 41.851617], [-7.948509, 41.85666]], [[-7.948555, 41.85385], [-7.936985, 41.848297], [-7.934591, 41.839268], [-7.936799, 41.836301], [-7.948957, 41.8293], [-7.96095, 41.832344], [-7.967225, 41.839566], [-7.964344, 41.848547], [-7.96064, 41.851468], [-7.948555, 41.85385]]], [[[-8.349515, 41.516451], [-8.361547, 41.51162], [-8.372377, 41.500224], [-8.375424, 41.491233], [-8.375249, 41.482225], [-8.372153, 41.473201], [-8.362036, 41.461773], [-8.350113, 41.456608], [-8.338152, 41.455372], [-8.326163, 41.456924], [-8.314129, 41.462715], [-8.305344, 41.472816], [-8.303026, 41.48181], [-8.303841, 41.490822], [-8.307689, 41.499853], [-8.31366, 41.507112], [-8.325563, 41.514828], [-8.337522, 41.517258], [-8.349515, 41.516451]], [[-8.337541, 41.515371], [-8.325586, 41.512585], [-8.313691, 41.504217], [-8.305955, 41.490835], [-8.305259, 41.481823], [-8.308195, 41.472834], [-8.314094, 41.466066], [-8.326139, 41.459302], [-8.338132, 41.457362], [-8.350093, 41.458669], [-8.36201, 41.464423], [-8.370014, 41.473189], [-8.373274, 41.482214], [-8.373462, 41.491222], [-8.370244, 41.500212], [-8.361572, 41.509074], [-8.349534, 41.514488], [-8.337541, 41.515371]]], [[[-8.710001, 41.30212], [-8.721941, 41.303176], [-8.726567, 41.294437], [-8.721999, 41.289615], [-8.710054, 41.290047], [-8.706548, 41.294387], [-8.710001, 41.30212]]]]}}, {"id": "20", "type": "Feature", "properties": {"fill": "#2e6eed", "value_min": 2.67, "value_max": 3.0}, "geometry": {"type": "MultiPolygon", "coordinates": [[[[-7.960708, 41.847314], [-7.963902, 41.839536], [-7.96089, 41.836068], [-7.948924, 41.831279], [-7.937285, 41.839293], [-7.943003, 41.848352], [-7.948601, 41.851039], [-7.960708, 41.847314]], [[-7.948871, 41.834512], [-7.960256, 41.839503], [-7.94865, 41.848047], [-7.941866, 41.839335], [-7.948871, 41.834512]]], [[[-8.361593, 41.506861], [-8.368112, 41.500201], [-8.371119, 41.49121], [-8.370987, 41.482202], [-8.367875, 41.473177], [-8.361987, 41.466729], [-8.350072, 41.46073], [-8.338112, 41.459354], [-8.326114, 41.46168], [-8.314058, 41.469392], [-8.307491, 41.481837], [-8.308069, 41.490848], [-8.312539, 41.499882], [-8.32561, 41.510342], [-8.337561, 41.513484], [-8.349554, 41.512526], [-8.361593, 41.506861]], [[-8.361615, 41.504648], [-8.349574, 41.510563], [-8.33758, 41.511598], [-8.325635, 41.507937], [-8.315466, 41.499899], [-8.310182, 41.49086], [-8.309724, 41.48185], [-8.314023, 41.472719], [-8.326089, 41.464087], [-8.338092, 41.461344], [-8.350051, 41.462791], [-8.361965, 41.469035], [-8.365736, 41.473165], [-8.368699, 41.482189], [-8.368777, 41.491197], [-8.365979, 41.500189], [-8.361615, 41.504648]]]]}}, {"id": "19", "type": "Feature", "properties": {"fill": "#4182f2", "value_min": 2.33, "value_max": 2.67}, "geometry": {"type": "MultiPolygon", "coordinates": [[[[-7.948555, 41.85385], [-7.96064, 41.851468], [-7.964344, 41.848547], [-7.967225, 41.839566], [-7.96095, 41.832344], [-7.948957, 41.8293], [-7.936799, 41.836301], [-7.934591, 41.839268], [-7.936985, 41.848297], [-7.948555, 41.85385]], [[-7.960708, 41.847314], [-7.948601, 41.851039], [-7.943003, 41.848352], [-7.937285, 41.839293], [-7.948924, 41.831279], [-7.96089, 41.836068], [-7.963902, 41.839536], [-7.960708, 41.847314]]], [[[-8.337541, 41.515371], [-8.349534, 41.514488], [-8.361572, 41.509074], [-8.370244, 41.500212], [-8.373462, 41.491222], [-8.373274, 41.482214], [-8.370014, 41.473189], [-8.36201, 41.464423], [-8.350093, 41.458669], [-8.338132, 41.457362], [-8.326139, 41.459302], [-8.314094, 41.466066], [-8.308195, 41.472834], [-8.305259, 41.481823], [-8.305955, 41.490835], [-8.313691, 41.504217], [-8.325586, 41.512585], [-8.337541, 41.515371]], [[-8.361593, 41.506861], [-8.349554, 41.512526], [-8.337561, 41.513484], [-8.32561, 41.510342], [-8.312539, 41.499882], [-8.308069, 41.490848], [-8.307491, 41.481837], [-8.314058, 41.469392], [-8.326114, 41.46168], [-8.338112, 41.459354], [-8.350072, 41.46073], [-8.361987, 41.466729], [-8.367875, 41.473177], [-8.370987, 41.482202], [-8.371119, 41.49121], [-8.368112, 41.500201], [-8.361593, 41.506861]]]]}}]}