{"type": "FeatureCollection", "features": [{"id": "8", "type": "Feature", "properties": {"fill": "#b1a288", "value_min": -1.33, "value_max": -1.0}, "geometry": {"type": "MultiPolygon", "coordinates": [[[[-8.061855, 41.815884], [-8.046034, 41.80422], [-8.021753, 41.793716], [-7.997773, 41.787797], [-7.949775, 41.779237], [-7.937738, 41.779451], [-7.925338, 41.785141], [-7.923407, 41.79413], [-7.923895, 41.803141], [-7.921012, 41.812121], [-7.903756, 41.838978], [-7.893627, 41.859098], [-7.899157, 41.86136], [-7.902605, 41.847973], [-7.911893, 41.830048], [-7.933966, 41.803235], [-7.933165, 41.794221], [-7.935718, 41.785238], [-7.937657, 41.78435], [-7.949697, 41.784022], [-7.954411, 41.785409], [-7.961595, 41.792433], [-7.99757, 41.800849], [-8.009537, 41.805421], [-8.023256, 41.813036], [-8.039845, 41.828771], [-8.041351, 41.828023], [-8.041054, 41.825097], [-8.045268, 41.824425], [-8.046775, 41.821951], [-8.056712, 41.81588], [-8.061855, 41.815884]]], [[[-7.877826, 41.76496], [-7.883637, 41.757723], [-7.881736, 41.748697], [-7.878194, 41.743826], [-7.866159, 41.744282], [-7.852841, 41.748413], [-7.846292, 41.757354], [-7.851143, 41.766409], [-7.865715, 41.769539], [-7.876198, 41.766657], [-7.877826, 41.76496]], [[-7.859851, 41.757489], [-7.865976, 41.754721], [-7.869579, 41.757585], [-7.865858, 41.761394], [-7.859851, 41.757489]]], [[[-7.914384, 41.737233], [-7.923508, 41.731083], [-7.931801, 41.722153], [-7.934365, 41.71317], [-7.931901, 41.70414], [-7.927049, 41.698769], [-7.915143, 41.692109], [-7.903138, 41.691454], [-7.891037, 41.696331], [-7.87876, 41.711282], [-7.875646, 41.721617], [-7.876363, 41.730631], [-7.878309, 41.737217], [-7.890217, 41.744013], [-7.902276, 41.742097], [-7.914384, 41.737233]], [[-7.890373, 41.73497], [-7.884711, 41.730713], [-7.879205, 41.721652], [-7.881348, 41.712666], [-7.890951, 41.70132], [-7.903021, 41.698307], [-7.91498, 41.701813], [-7.923547, 41.713069], [-7.922002, 41.722062], [-7.914514, 41.72952], [-7.902391, 41.735326], [-7.890373, 41.73497]]], [[[-8.082118, 41.714445], [-8.081142, 41.70543], [-8.074126, 41.696367], [-8.059414, 41.687302], [-8.047421, 41.685735], [-8.03535, 41.689448], [-8.025161, 41.695962], [-8.022497, 41.704947], [-8.027201, 41.713993], [-8.046783, 41.728943], [-8.058766, 41.731739], [-8.070818, 41.729801], [-8.07848, 41.723423], [-8.082118, 41.714445]], [[-8.058578, 41.723262], [-8.046884, 41.722121], [-8.034506, 41.714055], [-8.029392, 41.705005], [-8.033878, 41.696036], [-8.04736, 41.689894], [-8.059361, 41.690952], [-8.067704, 41.696315], [-8.074601, 41.705378], [-8.073161, 41.714373], [-8.071002, 41.717051], [-8.058578, 41.723262]]], [[[-8.164006, 41.634007], [-8.163637, 41.624997], [-8.157021, 41.615941], [-8.144547, 41.610126], [-8.132533, 41.611024], [-8.120434, 41.618241], [-8.114887, 41.624632], [-8.111319, 41.633611], [-8.114698, 41.642645], [-8.120046, 41.646784], [-8.131992, 41.651409], [-8.144007, 41.650988], [-8.156094, 41.645014], [-8.164006, 41.634007]], [[-8.132125, 41.641462], [-8.126075, 41.633724], [-8.132306, 41.627973], [-8.144806, 41.633865], [-8.132125, 41.641462]]], [[[-8.081576, 41.564423], [-8.097119, 41.568611], [-8.121086, 41.57017], [-8.133091, 41.569393], [-8.169156, 41.562936], [-8.181117, 41.565409], [-8.215257, 41.580325], [-8.240812, 41.588619], [-8.264749, 41.593752], [-8.288723, 41.59585], [-8.32475, 41.59301], [-8.348803, 41.587454], [-8.372884, 41.578464], [-8.384943, 41.571806], [-8.39703, 41.561906], [-8.42135, 41.524397], [-8.449192, 41.49161], [-8.459462, 41.473644], [-8.467899, 41.419638], [-8.486546, 41.35667], [-8.494896, 41.314245], [-8.499209, 41.30268], [-8.50701, 41.292139], [-8.519005, 41.285011], [-8.530972, 41.281571], [-8.578795, 41.272572], [-8.614666, 41.26372], [-8.698274, 41.254661], [-8.757991, 41.245157], [-8.781887, 41.237306], [-8.802889, 41.225416], [-8.799695, 41.14406], [-8.713945, 41.145952], [-8.725191, 41.150307], [-8.738679, 41.159347], [-8.746443, 41.168372], [-8.750829, 41.177389], [-8.752469, 41.186401], [-8.751586, 41.195407], [-8.747929, 41.204407], [-8.741171, 41.2134], [-8.729281, 41.22238], [-8.71032, 41.229957], [-8.698377, 41.232255], [-8.674515, 41.231742], [-8.662599, 41.228581], [-8.649647, 41.222166], [-8.639651, 41.213127], [-8.633618, 41.2041], [-8.630556, 41.188183], [-8.625658, 41.186628], [-8.621132, 41.178994], [-8.613374, 41.177451], [-8.608583, 41.174095], [-8.609164, 41.172066], [-8.604942, 41.164881], [-8.600767, 41.164222], [-8.589766, 41.167193], [-8.589194, 41.170572], [-8.583263, 41.174422], [-8.582094, 41.177803], [-8.578825, 41.178941], [-8.581296, 41.191762], [-8.575958, 41.195609], [-8.576894, 41.201908], [-8.574515, 41.202593], [-8.57423, 41.20462], [-8.567971, 41.204644], [-8.565895, 41.206227], [-8.567697, 41.208246], [-8.566512, 41.209376], [-8.559636, 41.206251], [-8.554271, 41.20627], [-8.549521, 41.209214], [-8.544157, 41.209458], [-8.54238, 41.211265], [-8.532257, 41.213102], [-8.52713, 41.203215], [-8.523236, 41.200077], [-8.51163, 41.203042], [-8.510456, 41.206197], [-8.505693, 41.207113], [-8.504239, 41.213646], [-8.500076, 41.21546], [-8.50308, 41.219502], [-8.502204, 41.222656], [-8.495642, 41.222227], [-8.495947, 41.223351], [-8.490894, 41.226294], [-8.487935, 41.230354], [-8.490331, 41.232373], [-8.489156, 41.235528], [-8.486181, 41.236888], [-8.484411, 41.240495], [-8.476346, 41.237818], [-8.475756, 41.23917], [-8.470986, 41.23941], [-8.471604, 41.243459], [-8.469227, 41.245267], [-8.463258, 41.244384], [-8.459989, 41.246644], [-8.454323, 41.246886], [-8.455541, 41.251834], [-8.452276, 41.25522], [-8.449891, 41.255452], [-8.449304, 41.257479], [-8.447812, 41.257258], [-8.449028, 41.261982], [-8.439785, 41.262907], [-8.438023, 41.268989], [-8.434745, 41.269673], [-8.432691, 41.277107], [-8.427032, 41.279372], [-8.429143, 41.284319], [-8.426171, 41.287028], [-8.426488, 41.291079], [-8.425013, 41.294909], [-8.422037, 41.296942], [-8.422647, 41.299867], [-8.410261, 41.303949], [-8.423231, 41.312112], [-8.435079, 41.323568], [-8.444572, 41.33846], [-8.450436, 41.356503], [-8.451434, 41.383531], [-8.446343, 41.446559], [-8.442654, 41.464556], [-8.422564, 41.509494], [-8.397187, 41.545024], [-8.38508, 41.557353], [-8.373014, 41.565036], [-8.348937, 41.574052], [-8.336916, 41.576646], [-8.312905, 41.578479], [-8.28894, 41.576094], [-8.273166, 41.571698], [-8.254069, 41.562569], [-8.243061, 41.553489], [-8.237478, 41.544445], [-8.238428, 41.535444], [-8.248119, 41.526501], [-8.253559, 41.523565], [-8.257453, 41.517554], [-8.259797, 41.508562], [-8.253865, 41.496891], [-8.23002, 41.487046], [-8.22334, 41.481299], [-8.221275, 41.472278], [-8.222704, 41.46328], [-8.227115, 41.454303], [-8.23487, 41.445347], [-8.271398, 41.418562], [-8.289533, 41.40066], [-8.297959, 41.382697], [-8.303348, 41.351079], [-8.311605, 41.329357], [-8.307502, 41.325762], [-8.305116, 41.326891], [-8.303024, 41.325994], [-8.303615, 41.323742], [-8.301216, 41.319694], [-8.296431, 41.316774], [-8.297618, 41.313846], [-8.296116, 41.310022], [-8.287407, 41.314311], [-8.290072, 41.364633], [-8.288113, 41.382636], [-8.285081, 41.391625], [-8.279515, 41.400598], [-8.266785, 41.413519], [-8.254721, 41.422189], [-8.213992, 41.445206], [-8.205725, 41.454157], [-8.201307, 41.463134], [-8.191618, 41.499096], [-8.181708, 41.518531], [-8.169611, 41.527318], [-8.157648, 41.525564], [-8.145723, 41.520896], [-8.139387, 41.516731], [-8.121878, 41.511644], [-8.109931, 41.508987], [-8.0921, 41.508212], [-8.090599, 41.51362], [-8.097906, 41.512051], [-8.109882, 41.512593], [-8.124131, 41.516616], [-8.134148, 41.525699], [-8.136742, 41.534726], [-8.131891, 41.543697], [-8.121352, 41.55051], [-8.109327, 41.553079], [-8.097345, 41.552411], [-8.083387, 41.547146], [-8.080687, 41.551651], [-8.074396, 41.549848], [-8.072897, 41.551197], [-8.076188, 41.557276], [-8.080082, 41.558854], [-8.081576, 41.564423]]], [[[-8.516888, 41.571258], [-8.514138, 41.572969], [-8.516839, 41.577798], [-8.521326, 41.572999], [-8.516888, 41.571258]]]]}}, {"id": "7", "type": "Feature", "properties": {"fill": "#cba158", "value_min": -1.67, "value_max": -1.33}, "geometry": {"type": "MultiPolygon", "coordinates": [[[[-8.156067, 41.818152], [-8.130266, 41.779578], [-8.114239, 41.759732], [-8.106685, 41.7446], [-8.104007, 41.714618], [-8.107154, 41.710725], [-8.119212, 41.707952], [-8.128707, 41.696794], [-8.119461, 41.689687], [-8.105729, 41.696617], [-8.095214, 41.704986], [-8.083283, 41.698752], [-8.059503, 41.681218], [-8.047498, 41.680562], [-8.026522, 41.686967], [-8.01125, 41.695843], [-8.008725, 41.704829], [-8.017178, 41.713908], [-8.022916, 41.71704], [-8.039801, 41.732113], [-8.050897, 41.750219], [-8.049925, 41.759218], [-8.036496, 41.768113], [-8.022101, 41.770819], [-7.986005, 41.770905], [-7.961887, 41.774328], [-7.924221, 41.776124], [-7.916016, 41.785053], [-7.918356, 41.803089], [-7.916763, 41.812081], [-7.889057, 41.856613], [-7.893627, 41.859098], [-7.903756, 41.838978], [-7.921012, 41.812121], [-7.923895, 41.803141], [-7.923407, 41.79413], [-7.925338, 41.785141], [-7.937738, 41.779451], [-7.949775, 41.779237], [-7.997773, 41.787797], [-8.021753, 41.793716], [-8.046034, 41.80422], [-8.061855, 41.815884], [-8.06664, 41.817012], [-8.072961, 41.813414], [-8.078678, 41.813417], [-8.082892, 41.810493], [-8.091013, 41.812521], [-8.093421, 41.811397], [-8.093723, 41.808471], [-8.101845, 41.809824], [-8.104853, 41.81185], [-8.115984, 41.812302], [-8.123807, 41.808702], [-8.138247, 41.808477], [-8.139751, 41.813203], [-8.14276, 41.812978], [-8.145769, 41.815453], [-8.149078, 41.814777], [-8.156067, 41.818152]], [[-8.082118, 41.714445], [-8.07848, 41.723423], [-8.070818, 41.729801], [-8.058766, 41.731739], [-8.046783, 41.728943], [-8.027201, 41.713993], [-8.022497, 41.704947], [-8.025161, 41.695962], [-8.03535, 41.689448], [-8.047421, 41.685735], [-8.059414, 41.687302], [-8.074126, 41.696367], [-8.081142, 41.70543], [-8.082118, 41.714445]]], [[[-7.90133, 41.757893], [-7.910744, 41.748976], [-7.938033, 41.731218], [-7.948936, 41.722311], [-7.954181, 41.713352], [-7.955406, 41.704356], [-7.951793, 41.695316], [-7.939334, 41.682533], [-7.927406, 41.677305], [-7.91541, 41.676196], [-7.903348, 41.679065], [-7.891187, 41.687628], [-7.878857, 41.70569], [-7.866336, 41.734238], [-7.839105, 41.748275], [-7.835198, 41.757242], [-7.841692, 41.767358], [-7.853626, 41.772751], [-7.865636, 41.773989], [-7.87771, 41.771588], [-7.890374, 41.766795], [-7.90133, 41.757893]], [[-7.877826, 41.76496], [-7.876198, 41.766657], [-7.865715, 41.769539], [-7.851143, 41.766409], [-7.846292, 41.757354], [-7.852841, 41.748413], [-7.866159, 41.744282], [-7.878194, 41.743826], [-7.881736, 41.748697], [-7.883637, 41.757723], [-7.877826, 41.76496]], [[-7.914384, 41.737233], [-7.902276, 41.742097], [-7.890217, 41.744013], [-7.878309, 41.737217], [-7.876363, 41.730631], [-7.875646, 41.721617], [-7.87876, 41.711282], [-7.891037, 41.696331], [-7.903138, 41.691454], [-7.915143, 41.692109], [-7.927049, 41.698769], [-7.931901, 41.70414], [-7.934365, 41.71317], [-7.931801, 41.722153], [-7.923508, 41.731083], [-7.914384, 41.737233]]], [[[-8.189114, 41.751278], [-8.189329, 41.742273], [-8.181032, 41.733207], [-8.167005, 41.730064], [-8.157569, 41.733037], [-8.145989, 41.741959], [-8.143065, 41.750944], [-8.145028, 41.759965], [-8.15451, 41.765979], [-8.166532, 41.76669], [-8.178611, 41.762896], [-8.189114, 41.751278]]], [[[-8.045955, 41.593497], [-8.059224, 41.606175], [-8.071146, 41.624287], [-8.09453, 41.642487], [-8.119885, 41.658593], [-8.131823, 41.663999], [-8.14381, 41.665817], [-8.155854, 41.663419], [-8.167937, 41.657807], [-8.19216, 41.641646], [-8.20425, 41.634917], [-8.21631, 41.63051], [-8.228342, 41.628295], [-8.264383, 41.62596], [-8.288428, 41.622763], [-8.324547, 41.612487], [-8.372729, 41.594568], [-8.397814, 41.581426], [-8.409344, 41.572478], [-8.41496, 41.5635], [-8.422712, 41.536517], [-8.47435, 41.473713], [-8.4836, 41.428717], [-8.494184, 41.406315], [-8.506273, 41.389719], [-8.542418, 41.352357], [-8.557556, 41.33895], [-8.578458, 41.324865], [-8.602415, 41.315236], [-8.626333, 41.31124], [-8.63828, 41.31124], [-8.66215, 41.315691], [-8.697921, 41.331321], [-8.721791, 41.338577], [-8.757632, 41.342368], [-8.8075, 41.34252], [-8.802889, 41.225416], [-8.781887, 41.237306], [-8.757991, 41.245157], [-8.698274, 41.254661], [-8.614666, 41.26372], [-8.578795, 41.272572], [-8.530972, 41.281571], [-8.519005, 41.285011], [-8.50701, 41.292139], [-8.499209, 41.30268], [-8.494896, 41.314245], [-8.486546, 41.35667], [-8.467899, 41.419638], [-8.459462, 41.473644], [-8.449192, 41.49161], [-8.42135, 41.524397], [-8.39703, 41.561906], [-8.384943, 41.571806], [-8.372884, 41.578464], [-8.348803, 41.587454], [-8.32475, 41.59301], [-8.288723, 41.59585], [-8.264749, 41.593752], [-8.240812, 41.588619], [-8.215257, 41.580325], [-8.181117, 41.565409], [-8.169156, 41.562936], [-8.133091, 41.569393], [-8.121086, 41.57017], [-8.097119, 41.568611], [-8.081576, 41.564423], [-8.075279, 41.568305], [-8.073182, 41.568079], [-8.069283, 41.570553], [-8.068081, 41.573478], [-8.056684, 41.579549], [-8.052181, 41.584498], [-8.052777, 41.587649], [-8.048277, 41.590122], [-8.045955, 41.593497]], [[-8.164006, 41.634007], [-8.156094, 41.645014], [-8.144007, 41.650988], [-8.131992, 41.651409], [-8.120046, 41.646784], [-8.114698, 41.642645], [-8.111319, 41.633611], [-8.114887, 41.624632], [-8.120434, 41.618241], [-8.132533, 41.611024], [-8.144547, 41.610126], [-8.157021, 41.615941], [-8.163637, 41.624997], [-8.164006, 41.634007]]], [[[-8.0921, 41.508212], [-8.109931, 41.508987], [-8.121878, 41.511644], [-8.139387, 41.516731], [-8.145723, 41.520896], [-8.157648, 41.525564], [-8.169611, 41.527318], [-8.181708, 41.518531], [-8.191618, 41.499096], [-8.201307, 41.463134], [-8.205725, 41.454157], [-8.213992, 41.445206], [-8.254721, 41.422189], [-8.266785, 41.413519], [-8.279515, 41.400598], [-8.285081, 41.391625], [-8.288113, 41.382636], [-8.290072, 41.364633], [-8.287407, 41.314311], [-8.281801, 41.316569], [-8.279132, 41.324451], [-8.272266, 41.32536], [-8.267497, 41.329556], [-8.278757, 41.355555], [-8.280713, 41.373583], [-8.276449, 41.391571], [-8.266885, 41.404594], [-8.254809, 41.41446], [-8.242766, 41.42111], [-8.197467, 41.436085], [-8.185592, 41.445009], [-8.182109, 41.453991], [-8.178372, 41.480987], [-8.17521, 41.489972], [-8.169307, 41.498937], [-8.157886, 41.507224], [-8.145869, 41.509852], [-8.133893, 41.509314], [-8.088809, 41.503497], [-8.093, 41.504613], [-8.0921, 41.508212]]], [[[-8.548752, 41.582117], [-8.548357, 41.573109], [-8.542904, 41.56408], [-8.528993, 41.556082], [-8.517008, 41.555067], [-8.504992, 41.558341], [-8.496877, 41.563887], [-8.490869, 41.572868], [-8.491495, 41.581878], [-8.499296, 41.59092], [-8.504716, 41.594544], [-8.516685, 41.598462], [-8.528684, 41.598506], [-8.540718, 41.593709], [-8.548752, 41.582117]], [[-8.516888, 41.571258], [-8.521326, 41.572999], [-8.516839, 41.577798], [-8.514138, 41.572969], [-8.516888, 41.571258]]]]}}, {"id": "9", "type": "Feature", "properties": {"fill": "#a3a3a3", "value_min": -1.0, "value_max": -0.67}, "geometry": {"type": "MultiPolygon", "coordinates": [[[[-8.039845, 41.828771], [-8.023256, 41.813036], [-8.009537, 41.805421], [-7.99757, 41.800849], [-7.961595, 41.792433], [-7.954411, 41.785409], [-7.949697, 41.784022], [-7.937657, 41.78435], [-7.935718, 41.785238], [-7.933165, 41.794221], [-7.933966, 41.803235], [-7.911893, 41.830048], [-7.902605, 41.847973], [-7.899157, 41.86136], [-7.904461, 41.860471], [-7.905941, 41.848005], [-7.914438, 41.830072], [-7.925087, 41.816444], [-7.937267, 41.808006], [-7.949353, 41.805066], [-7.961403, 41.804292], [-7.985445, 41.80644], [-7.997416, 41.810701], [-8.009349, 41.817621], [-8.022604, 41.830708], [-8.030816, 41.82959], [-8.037134, 41.831171], [-8.039845, 41.828771]]], [[[-7.859851, 41.757489], [-7.865858, 41.761394], [-7.869579, 41.757585], [-7.865976, 41.754721], [-7.859851, 41.757489]]], [[[-7.890373, 41.73497], [-7.902391, 41.735326], [-7.914514, 41.72952], [-7.922002, 41.722062], [-7.923547, 41.713069], [-7.91498, 41.701813], [-7.903021, 41.698307], [-7.890951, 41.70132], [-7.881348, 41.712666], [-7.879205, 41.721652], [-7.884711, 41.730713], [-7.890373, 41.73497]], [[-7.890471, 41.729234], [-7.883492, 41.721694], [-7.884797, 41.7127], [-7.890874, 41.705813], [-7.902928, 41.703794], [-7.915459, 41.712993], [-7.914185, 41.721988], [-7.902485, 41.729809], [-7.890471, 41.729234]]], [[[-8.058578, 41.723262], [-8.071002, 41.717051], [-8.073161, 41.714373], [-8.074601, 41.705378], [-8.067704, 41.696315], [-8.059361, 41.690952], [-8.04736, 41.689894], [-8.033878, 41.696036], [-8.029392, 41.705005], [-8.034506, 41.714055], [-8.046884, 41.722121], [-8.058578, 41.723262]], [[-8.046952, 41.717496], [-8.041767, 41.714116], [-8.035859, 41.705059], [-8.042013, 41.696104], [-8.047304, 41.693674], [-8.059308, 41.694602], [-8.06884, 41.705331], [-8.064899, 41.714306], [-8.058966, 41.718072], [-8.046952, 41.717496]]], [[[-8.132125, 41.641462], [-8.144806, 41.633865], [-8.132306, 41.627973], [-8.126075, 41.633724], [-8.132125, 41.641462]]], [[[-8.311605, 41.329357], [-8.303348, 41.351079], [-8.297959, 41.382697], [-8.289533, 41.40066], [-8.271398, 41.418562], [-8.23487, 41.445347], [-8.227115, 41.454303], [-8.222704, 41.46328], [-8.221275, 41.472278], [-8.22334, 41.481299], [-8.23002, 41.487046], [-8.253865, 41.496891], [-8.259797, 41.508562], [-8.257453, 41.517554], [-8.253559, 41.523565], [-8.248119, 41.526501], [-8.238428, 41.535444], [-8.237478, 41.544445], [-8.243061, 41.553489], [-8.254069, 41.562569], [-8.273166, 41.571698], [-8.28894, 41.576094], [-8.312905, 41.578479], [-8.336916, 41.576646], [-8.348937, 41.574052], [-8.373014, 41.565036], [-8.38508, 41.557353], [-8.397187, 41.545024], [-8.422564, 41.509494], [-8.442654, 41.464556], [-8.446343, 41.446559], [-8.451434, 41.383531], [-8.450436, 41.356503], [-8.444572, 41.33846], [-8.435079, 41.323568], [-8.423231, 41.312112], [-8.410261, 41.303949], [-8.406262, 41.307335], [-8.402979, 41.307568], [-8.401801, 41.311398], [-8.399712, 41.311628], [-8.400316, 41.313202], [-8.396738, 41.314336], [-8.398835, 41.316131], [-8.393775, 41.31997], [-8.393489, 41.323122], [-8.391105, 41.324253], [-8.386325, 41.323588], [-8.383055, 41.327284], [-8.399143, 41.33328], [-8.406421, 41.338269], [-8.415727, 41.347325], [-8.421407, 41.356361], [-8.426498, 41.374402], [-8.428754, 41.446473], [-8.425945, 41.455467], [-8.412708, 41.473415], [-8.409766, 41.480185], [-8.409726, 41.484582], [-8.415508, 41.500451], [-8.413469, 41.509448], [-8.397293, 41.533632], [-8.385188, 41.545989], [-8.373118, 41.554312], [-8.36107, 41.560096], [-8.337027, 41.565773], [-8.325025, 41.566583], [-8.301066, 41.563982], [-8.289113, 41.560349], [-8.27665, 41.553706], [-8.267644, 41.544641], [-8.265203, 41.535619], [-8.268083, 41.517622], [-8.268152, 41.508615], [-8.265808, 41.500249], [-8.253989, 41.4861], [-8.24747, 41.48146], [-8.241738, 41.472415], [-8.240598, 41.4634], [-8.243667, 41.454413], [-8.25008, 41.445447], [-8.293379, 41.409691], [-8.301562, 41.400734], [-8.306952, 41.391759], [-8.315221, 41.358778], [-8.325807, 41.342164], [-8.324568, 41.341041], [-8.323376, 41.341943], [-8.316788, 41.335876], [-8.313802, 41.336331], [-8.311605, 41.329357]]], [[[-8.326361, 41.341497], [-8.326361, 41.341497], [-8.326932, 41.340811], [-8.326361, 41.341497]]], [[[-8.326956, 41.340782], [-8.326956, 41.340782], [-8.327119, 41.340586], [-8.326956, 41.340782]]], [[[-8.327254, 41.340424], [-8.327254, 41.340424], [-8.327307, 41.340361], [-8.327254, 41.340424]]], [[[-8.327552, 41.340146], [-8.327552, 41.340146], [-8.327565, 41.340135], [-8.327552, 41.340146]]], [[[-8.328148, 41.339686], [-8.328148, 41.339686], [-8.328151, 41.339684], [-8.328148, 41.339686]]], [[[-8.345437, 41.329462], [-8.345437, 41.329462], [-8.349391, 41.327941], [-8.345437, 41.329462]]], [[[-8.349612, 41.327854], [-8.349612, 41.327854], [-8.351112, 41.327262], [-8.349612, 41.327854]]], [[[-8.083387, 41.547146], [-8.097345, 41.552411], [-8.109327, 41.553079], [-8.121352, 41.55051], [-8.131891, 41.543697], [-8.136742, 41.534726], [-8.134148, 41.525699], [-8.124131, 41.516616], [-8.109882, 41.512593], [-8.097906, 41.512051], [-8.090599, 41.51362], [-8.090299, 41.521719], [-8.097129, 41.516407], [-8.109832, 41.5162], [-8.123268, 41.525617], [-8.121553, 41.535693], [-8.109472, 41.542467], [-8.105561, 41.542243], [-8.106459, 41.543782], [-8.101666, 41.542655], [-8.094475, 41.544904], [-8.087885, 41.542876], [-8.083389, 41.5449], [-8.083387, 41.547146]]], [[[-8.630556, 41.188183], [-8.633618, 41.2041], [-8.639651, 41.213127], [-8.649647, 41.222166], [-8.662599, 41.228581], [-8.674515, 41.231742], [-8.698377, 41.232255], [-8.71032, 41.229957], [-8.729281, 41.22238], [-8.741171, 41.2134], [-8.747929, 41.204407], [-8.751586, 41.195407], [-8.752469, 41.186401], [-8.750829, 41.177389], [-8.746443, 41.168372], [-8.738679, 41.159347], [-8.725191, 41.150307], [-8.713945, 41.145952], [-8.674793, 41.146932], [-8.674849, 41.153767], [-8.672489, 41.15648], [-8.66117, 41.156307], [-8.662078, 41.158104], [-8.660313, 41.160813], [-8.657033, 41.160378], [-8.654961, 41.161963], [-8.653231, 41.169174], [-8.655366, 41.175467], [-8.647955, 41.180228], [-8.647696, 41.185181], [-8.640929, 41.196241], [-8.634946, 41.193341], [-8.633126, 41.189072], [-8.630556, 41.188183]], [[-8.686565, 41.207119], [-8.680418, 41.204239], [-8.676666, 41.195221], [-8.686661, 41.187042], [-8.698574, 41.189333], [-8.703421, 41.195293], [-8.70066, 41.204294], [-8.698499, 41.205698], [-8.686565, 41.207119]]]]}}, {"id": "10", "type": "Feature", "properties": {"fill": "#a3a3a3", "value_min": -0.67, "value_max": -0.33}, "geometry": {"type": "MultiPolygon", "coordinates": [[[[-8.022604, 41.830708], [-8.009349, 41.817621], [-7.997416, 41.810701], [-7.985445, 41.80644], [-7.961403, 41.804292], [-7.949353, 41.805066], [-7.937267, 41.808006], [-7.925087, 41.816444], [-7.914438, 41.830072], [-7.905941, 41.848005], [-7.904461, 41.860471], [-7.907309, 41.865203], [-7.906095, 41.868126], [-7.910299, 41.871285], [-7.910285, 41.875562], [-7.915391, 41.879397], [-7.918928, 41.878729], [-7.910612, 41.866063], [-7.908699, 41.857038], [-7.909277, 41.848037], [-7.916947, 41.830096], [-7.925017, 41.82063], [-7.937181, 41.813205], [-7.949274, 41.809875], [-7.96133, 41.808836], [-7.973353, 41.809816], [-7.985339, 41.813121], [-8.001747, 41.821858], [-8.01215, 41.834224], [-8.013965, 41.828899], [-8.017873, 41.831379], [-8.022604, 41.830708]]], [[[-7.890471, 41.729234], [-7.902485, 41.729809], [-7.914185, 41.721988], [-7.915459, 41.712993], [-7.902928, 41.703794], [-7.890874, 41.705813], [-7.884797, 41.7127], [-7.883492, 41.721694], [-7.890471, 41.729234]], [[-7.890549, 41.724726], [-7.887781, 41.721735], [-7.888247, 41.712733], [-7.890805, 41.709833], [-7.902839, 41.709004], [-7.908152, 41.712924], [-7.907131, 41.721921], [-7.902568, 41.724972], [-7.890549, 41.724726]]], [[[-8.046952, 41.717496], [-8.058966, 41.718072], [-8.064899, 41.714306], [-8.06884, 41.705331], [-8.059308, 41.694602], [-8.047304, 41.693674], [-8.042013, 41.696104], [-8.035859, 41.705059], [-8.041767, 41.714116], [-8.046952, 41.717496]], [[-8.04703, 41.71226], [-8.041379, 41.705106], [-8.047235, 41.698388], [-8.059237, 41.699491], [-8.063937, 41.705292], [-8.05905, 41.712309], [-8.04703, 41.71226]]], [[[-8.325807, 41.342164], [-8.315221, 41.358778], [-8.306952, 41.391759], [-8.301562, 41.400734], [-8.293379, 41.409691], [-8.25008, 41.445447], [-8.243667, 41.454413], [-8.240598, 41.4634], [-8.241738, 41.472415], [-8.24747, 41.48146], [-8.253989, 41.4861], [-8.265808, 41.500249], [-8.268152, 41.508615], [-8.268083, 41.517622], [-8.265203, 41.535619], [-8.267644, 41.544641], [-8.27665, 41.553706], [-8.289113, 41.560349], [-8.301066, 41.563982], [-8.325025, 41.566583], [-8.337027, 41.565773], [-8.36107, 41.560096], [-8.373118, 41.554312], [-8.385188, 41.545989], [-8.397293, 41.533632], [-8.413469, 41.509448], [-8.415508, 41.500451], [-8.409726, 41.484582], [-8.409766, 41.480185], [-8.412708, 41.473415], [-8.425945, 41.455467], [-8.428754, 41.446473], [-8.426498, 41.374402], [-8.421407, 41.356361], [-8.415727, 41.347325], [-8.406421, 41.338269], [-8.399143, 41.33328], [-8.383055, 41.327284], [-8.380382, 41.331254], [-8.377097, 41.331261], [-8.37201, 41.328346], [-8.361563, 41.329718], [-8.358276, 41.329049], [-8.357673, 41.327249], [-8.351112, 41.327262], [-8.349612, 41.327854], [-8.349391, 41.327941], [-8.345437, 41.329462], [-8.342462, 41.333131], [-8.334109, 41.335847], [-8.328151, 41.339684], [-8.328148, 41.339686], [-8.327565, 41.340135], [-8.327552, 41.340146], [-8.327307, 41.340361], [-8.327254, 41.340424], [-8.327119, 41.340586], [-8.326956, 41.340782], [-8.326932, 41.340811], [-8.326361, 41.341497], [-8.325807, 41.342164]], [[-8.337113, 41.557311], [-8.313142, 41.556179], [-8.301185, 41.552892], [-8.286456, 41.54476], [-8.279025, 41.535706], [-8.270672, 41.499624], [-8.265922, 41.490124], [-8.258884, 41.481534], [-8.254658, 41.472499], [-8.253503, 41.463484], [-8.256044, 41.454493], [-8.26206, 41.445525], [-8.271252, 41.436576], [-8.318411, 41.400835], [-8.323229, 41.391856], [-8.327536, 41.364858], [-8.333884, 41.355888], [-8.33921, 41.351014], [-8.351222, 41.345212], [-8.363193, 41.343346], [-8.375134, 41.344601], [-8.387042, 41.349347], [-8.395781, 41.356229], [-8.401891, 41.365269], [-8.404287, 41.374289], [-8.401861, 41.401299], [-8.413843, 41.437391], [-8.414642, 41.446402], [-8.406056, 41.473381], [-8.404932, 41.482382], [-8.407497, 41.50041], [-8.406288, 41.509411], [-8.401767, 41.518395], [-8.38527, 41.537349], [-8.373198, 41.546073], [-8.36115, 41.551933], [-8.337113, 41.557311]]], [[[-8.105561, 41.542243], [-8.109472, 41.542467], [-8.121553, 41.535693], [-8.123268, 41.525617], [-8.109832, 41.5162], [-8.097129, 41.516407], [-8.090299, 41.521719], [-8.093588, 41.52307], [-8.09209, 41.524645], [-8.092385, 41.532749], [-8.095978, 41.534325], [-8.098073, 41.538152], [-8.105561, 41.542243]], [[-8.10077, 41.525443], [-8.109716, 41.52468], [-8.110885, 41.525522], [-8.109668, 41.528173], [-8.10077, 41.525443]]], [[[-8.686565, 41.207119], [-8.698499, 41.205698], [-8.70066, 41.204294], [-8.703421, 41.195293], [-8.698574, 41.189333], [-8.686661, 41.187042], [-8.676666, 41.195221], [-8.680418, 41.204239], [-8.686565, 41.207119]]]]}}, {"id": "6", "type": "Feature", "properties": {"fill": "#e79f24", "value_min": -2.0, "value_max": -1.67}, "geometry": {"type": "MultiPolygon", "coordinates": [[[[-8.802177, 41.600346], [-8.804523, 41.600557], [-8.80456, 41.604158], [-8.809434, 41.611332], [-8.828644, 41.609656], [-8.82839, 41.585633], [-8.821576, 41.567535], [-8.82184, 41.562822], [-8.813942, 41.582852], [-8.802177, 41.600346]]], [[[-8.8075, 41.34252], [-8.757632, 41.342368], [-8.721791, 41.338577], [-8.697921, 41.331321], [-8.66215, 41.315691], [-8.63828, 41.31124], [-8.626333, 41.31124], [-8.602415, 41.315236], [-8.578458, 41.324865], [-8.557556, 41.33895], [-8.542418, 41.352357], [-8.506273, 41.389719], [-8.494184, 41.406315], [-8.4836, 41.428717], [-8.47435, 41.473713], [-8.422712, 41.536517], [-8.41496, 41.5635], [-8.409344, 41.572478], [-8.397814, 41.581426], [-8.372729, 41.594568], [-8.324547, 41.612487], [-8.288428, 41.622763], [-8.264383, 41.62596], [-8.228342, 41.628295], [-8.21631, 41.63051], [-8.20425, 41.634917], [-8.19216, 41.641646], [-8.167937, 41.657807], [-8.155854, 41.663419], [-8.14381, 41.665817], [-8.131823, 41.663999], [-8.119885, 41.658593], [-8.09453, 41.642487], [-8.071146, 41.624287], [-8.059224, 41.606175], [-8.045955, 41.593497], [-8.031467, 41.602938], [-8.02367, 41.603156], [-8.019174, 41.601802], [-8.005971, 41.60629], [-8.003562, 41.611239], [-7.99936, 41.61281], [-7.998462, 41.612359], [-7.999669, 41.608759], [-7.996976, 41.605829], [-7.996684, 41.602003], [-7.984685, 41.603564], [-7.982292, 41.60086], [-7.975689, 41.603552], [-7.974482, 41.606701], [-7.970882, 41.607147], [-7.969091, 41.603768], [-7.965796, 41.602413], [-7.9541, 41.602846], [-7.952606, 41.600592], [-7.947808, 41.60081], [-7.945413, 41.599456], [-7.942725, 41.595625], [-7.936132, 41.594488], [-7.93791, 41.601694], [-7.937004, 41.603718], [-7.931604, 41.604384], [-7.930979, 41.612711], [-7.925556, 41.620354], [-7.920755, 41.620796], [-7.917748, 41.623041], [-7.915933, 41.627764], [-7.913229, 41.628885], [-7.912613, 41.63361], [-7.906014, 41.633147], [-7.906884, 41.641927], [-7.897869, 41.645511], [-7.89696, 41.647985], [-7.892759, 41.647976], [-7.892145, 41.651576], [-7.902319, 41.659925], [-7.899913, 41.66127], [-7.900198, 41.665547], [-7.898396, 41.665769], [-7.896885, 41.668692], [-7.892682, 41.668683], [-7.892377, 41.670033], [-7.883969, 41.67069], [-7.882035, 41.672037], [-7.882191, 41.685653], [-7.880078, 41.69464], [-7.866481, 41.725976], [-7.854324, 41.733537], [-7.834581, 41.739222], [-7.830121, 41.742018], [-7.821525, 41.748096], [-7.819937, 41.757086], [-7.825038, 41.766145], [-7.843336, 41.775338], [-7.865576, 41.777433], [-7.889673, 41.77556], [-7.901664, 41.778011], [-7.906893, 41.784967], [-7.912988, 41.803038], [-7.912725, 41.812043], [-7.909554, 41.821019], [-7.900686, 41.835235], [-7.883837, 41.854576], [-7.889057, 41.856613], [-7.916763, 41.812081], [-7.918356, 41.803089], [-7.916016, 41.785053], [-7.924221, 41.776124], [-7.961887, 41.774328], [-7.986005, 41.770905], [-8.022101, 41.770819], [-8.036496, 41.768113], [-8.049925, 41.759218], [-8.050897, 41.750219], [-8.039801, 41.732113], [-8.022916, 41.71704], [-8.017178, 41.713908], [-8.008725, 41.704829], [-8.01125, 41.695843], [-8.026522, 41.686967], [-8.047498, 41.680562], [-8.059503, 41.681218], [-8.083283, 41.698752], [-8.095214, 41.704986], [-8.105729, 41.696617], [-8.119461, 41.689687], [-8.128707, 41.696794], [-8.119212, 41.707952], [-8.107154, 41.710725], [-8.104007, 41.714618], [-8.106685, 41.7446], [-8.114239, 41.759732], [-8.130266, 41.779578], [-8.156067, 41.818152], [-8.165326, 41.81815], [-8.173744, 41.808019], [-8.177655, 41.808242], [-8.183676, 41.812741], [-8.190291, 41.809587], [-8.197158, 41.814129], [-8.201063, 41.808724], [-8.204973, 41.807372], [-8.205872, 41.804445], [-8.213692, 41.803765], [-8.217598, 41.80016], [-8.217589, 41.793634], [-8.224207, 41.794303], [-8.229917, 41.791598], [-8.240744, 41.791588], [-8.24074, 41.789338], [-8.242545, 41.789336], [-8.245546, 41.785862], [-8.233891, 41.769599], [-8.224174, 41.742513], [-8.214359, 41.73344], [-8.18095, 41.715192], [-8.171255, 41.706116], [-8.168937, 41.697092], [-8.169762, 41.688091], [-8.174533, 41.679118], [-8.191852, 41.666282], [-8.203918, 41.661926], [-8.215956, 41.659677], [-8.227969, 41.659488], [-8.27591, 41.668667], [-8.287944, 41.666657], [-8.300041, 41.65885], [-8.32756, 41.63508], [-8.342847, 41.626161], [-8.372551, 41.612879], [-8.420781, 41.588143], [-8.43282, 41.583474], [-8.441934, 41.581649], [-8.444855, 41.579019], [-8.456843, 41.579875], [-8.457396, 41.581723], [-8.468779, 41.587263], [-8.504566, 41.614036], [-8.542688, 41.639184], [-8.543855, 41.633976], [-8.536342, 41.631977], [-8.535128, 41.62973], [-8.543431, 41.61462], [-8.554533, 41.615255], [-8.557244, 41.617046], [-8.562639, 41.61635], [-8.568056, 41.619031], [-8.570735, 41.616095], [-8.577321, 41.614269], [-8.581231, 41.615829], [-8.585766, 41.620988], [-8.588673, 41.620076], [-8.579837, 41.591242], [-8.571355, 41.573197], [-8.557638, 41.55513], [-8.541081, 41.542383], [-8.529117, 41.538964], [-8.517126, 41.539317], [-8.505115, 41.542242], [-8.493088, 41.547097], [-8.468953, 41.565981], [-8.456913, 41.57157], [-8.444935, 41.569619], [-8.432448, 41.55458], [-8.430673, 41.545564], [-8.433473, 41.536571], [-8.451635, 41.518644], [-8.46153, 41.500676], [-8.46955, 41.492965], [-8.485194, 41.482769], [-8.491052, 41.473788], [-8.495586, 41.437778], [-8.505544, 41.419806], [-8.518104, 41.407373], [-8.530123, 41.399714], [-8.542123, 41.394418], [-8.566086, 41.388636], [-8.590009, 41.388337], [-8.6378, 41.397816], [-8.697538, 41.413982], [-8.737502, 41.429577], [-8.76884, 41.447659], [-8.781152, 41.457111], [-8.798557, 41.474187], [-8.80154, 41.446836], [-8.806115, 41.43713], [-8.807354, 41.425915], [-8.811166, 41.417099], [-8.8075, 41.34252]], [[-7.94991, 41.770934], [-7.937884, 41.770635], [-7.926231, 41.767136], [-7.920856, 41.758078], [-7.926975, 41.749129], [-7.938351, 41.742291], [-7.950412, 41.740173], [-7.96241, 41.741882], [-7.972512, 41.749545], [-7.97184, 41.758546], [-7.962897, 41.767473], [-7.94991, 41.770934]], [[-7.90133, 41.757893], [-7.890374, 41.766795], [-7.87771, 41.771588], [-7.865636, 41.773989], [-7.853626, 41.772751], [-7.841692, 41.767358], [-7.835198, 41.757242], [-7.839105, 41.748275], [-7.866336, 41.734238], [-7.878857, 41.70569], [-7.891187, 41.687628], [-7.903348, 41.679065], [-7.91541, 41.676196], [-7.927406, 41.677305], [-7.939334, 41.682533], [-7.951793, 41.695316], [-7.955406, 41.704356], [-7.954181, 41.713352], [-7.948936, 41.722311], [-7.938033, 41.731218], [-7.910744, 41.748976], [-7.90133, 41.757893]], [[-8.189114, 41.751278], [-8.178611, 41.762896], [-8.166532, 41.76669], [-8.15451, 41.765979], [-8.145028, 41.759965], [-8.143065, 41.750944], [-8.145989, 41.741959], [-8.157569, 41.733037], [-8.167005, 41.730064], [-8.181032, 41.733207], [-8.189329, 41.742273], [-8.189114, 41.751278]], [[-8.010331, 41.75376], [-7.991691, 41.749715], [-7.980287, 41.740608], [-7.981541, 41.731612], [-7.988953, 41.72267], [-7.998855, 41.718239], [-8.010871, 41.718614], [-8.022797, 41.724914], [-8.029233, 41.732025], [-8.030371, 41.741041], [-8.023117, 41.749987], [-8.010331, 41.75376]], [[-8.083374, 41.692385], [-8.065814, 41.678286], [-8.059652, 41.670999], [-8.023446, 41.682058], [-8.01141, 41.683448], [-7.99941, 41.682457], [-7.987551, 41.677623], [-7.977068, 41.668523], [-7.971943, 41.65947], [-7.970385, 41.650449], [-7.972605, 41.641462], [-7.97947, 41.632516], [-7.988267, 41.626726], [-8.000333, 41.622756], [-8.012356, 41.621523], [-8.024337, 41.623047], [-8.036286, 41.626689], [-8.048185, 41.633883], [-8.071895, 41.654929], [-8.095866, 41.658455], [-8.107788, 41.664859], [-8.113474, 41.669656], [-8.114791, 41.678674], [-8.105145, 41.687606], [-8.095373, 41.693629], [-8.083374, 41.692385]], [[-8.548752, 41.582117], [-8.540718, 41.593709], [-8.528684, 41.598506], [-8.516685, 41.598462], [-8.504716, 41.594544], [-8.499296, 41.59092], [-8.491495, 41.581878], [-8.490869, 41.572868], [-8.496877, 41.563887], [-8.504992, 41.558341], [-8.517008, 41.555067], [-8.528993, 41.556082], [-8.542904, 41.56408], [-8.548357, 41.573109], [-8.548752, 41.582117]]], [[[-8.088809, 41.503497], [-8.133893, 41.509314], [-8.145869, 41.509852], [-8.157886, 41.507224], [-8.169307, 41.498937], [-8.17521, 41.489972], [-8.178372, 41.480987], [-8.182109, 41.453991], [-8.185592, 41.445009], [-8.197467, 41.436085], [-8.242766, 41.42111], [-8.254809, 41.41446], [-8.266885, 41.404594], [-8.276449, 41.391571], [-8.280713, 41.373583], [-8.278757, 41.355555], [-8.267497, 41.329556], [-8.265711, 41.332121], [-8.269004, 41.336169], [-8.263339, 41.340902], [-8.264239, 41.342477], [-8.261918, 41.345856], [-8.267451, 41.354181], [-8.271439, 41.364517], [-8.272015, 41.382536], [-8.26873, 41.391522], [-8.262362, 41.400489], [-8.251301, 41.409425], [-8.242846, 41.414229], [-8.218833, 41.421091], [-8.206853, 41.422219], [-8.182931, 41.421239], [-8.161947, 41.417817], [-8.147136, 41.413216], [-8.142013, 41.408662], [-8.136555, 41.399614], [-8.133175, 41.390581], [-8.131461, 41.374743], [-8.119672, 41.376768], [-8.119672, 41.378569], [-8.116683, 41.380144], [-8.117578, 41.386447], [-8.113992, 41.386896], [-8.112795, 41.390723], [-8.110105, 41.390947], [-8.108011, 41.393648], [-8.103827, 41.392972], [-8.105321, 41.394998], [-8.10263, 41.396123], [-8.10801, 41.398825], [-8.108606, 41.403102], [-8.104419, 41.406252], [-8.104119, 41.408728], [-8.101727, 41.409403], [-8.102025, 41.411204], [-8.092756, 41.411201], [-8.09126, 41.414352], [-8.079893, 41.41975], [-8.077503, 41.416597], [-8.070923, 41.41862], [-8.066739, 41.416142], [-8.061654, 41.417489], [-8.059852, 41.424916], [-8.055959, 41.429415], [-8.057444, 41.438195], [-8.061033, 41.438915], [-8.07513, 41.428294], [-8.087171, 41.423117], [-8.09918, 41.420033], [-8.123131, 41.418706], [-8.135075, 41.420386], [-8.146926, 41.42926], [-8.158655, 41.447747], [-8.164387, 41.462871], [-8.164732, 41.480889], [-8.160904, 41.489868], [-8.151956, 41.49881], [-8.145976, 41.501678], [-8.13396, 41.504232], [-8.110013, 41.502983], [-8.086716, 41.49831], [-8.072052, 41.492243], [-8.07175, 41.494925], [-8.078333, 41.49898], [-8.078332, 41.500331], [-8.088809, 41.503497]]], [[[-8.452672, 41.69895], [-8.431834, 41.695781], [-8.419811, 41.696335], [-8.407769, 41.699043], [-8.389705, 41.707483], [-8.378923, 41.716433], [-8.372981, 41.725408], [-8.37062, 41.733277], [-8.374122, 41.734845], [-8.384922, 41.73032], [-8.387032, 41.731891], [-8.393033, 41.729852], [-8.396942, 41.730518], [-8.400531, 41.726683], [-8.402934, 41.726452], [-8.404721, 41.722847], [-8.417349, 41.725067], [-8.422737, 41.720552], [-8.429643, 41.719859], [-8.430533, 41.717381], [-8.435927, 41.714441], [-8.441333, 41.714201], [-8.4446, 41.70654], [-8.452672, 41.69895]]], [[[-8.803062, 41.47996], [-8.803062, 41.47996], [-8.804807, 41.482243], [-8.803062, 41.47996]]], [[[-8.072012, 41.492225], [-8.072012, 41.492225], [-8.071753, 41.492101], [-8.072012, 41.492225]]], [[[-7.73811, 41.860923], [-7.736883, 41.864284], [-7.74333, 41.875654], [-7.755311, 41.879255], [-7.767445, 41.874999], [-7.773124, 41.864677], [-7.770972, 41.855647], [-7.767868, 41.852986], [-7.755892, 41.849331], [-7.74645, 41.852173], [-7.746881, 41.855776], [-7.738767, 41.859125], [-7.738731, 41.859222], [-7.738685, 41.859349], [-7.738425, 41.86006], [-7.738192, 41.860698], [-7.738119, 41.860899], [-7.73811, 41.860923]]]]}}, {"id": "3", "type": "Feature", "properties": {"fill": "#c33119", "value_min": -3.0, "value_max": -2.67}, "geometry": {"type": "MultiPolygon", "coordinates": [[[[-7.876428, 41.848933], [-7.888543, 41.840955], [-7.904384, 41.82097], [-7.907173, 41.81199], [-7.906063, 41.802973], [-7.900725, 41.793915], [-7.889501, 41.785518], [-7.877508, 41.783184], [-7.829318, 41.786227], [-7.807638, 41.792986], [-7.796693, 41.801879], [-7.795386, 41.810872], [-7.797969, 41.819906], [-7.810749, 41.838052], [-7.828132, 41.8513], [-7.84011, 41.855066], [-7.852146, 41.855706], [-7.864225, 41.853946], [-7.87033, 41.851454], [-7.870472, 41.851396], [-7.870933, 41.851208], [-7.872665, 41.8505], [-7.873044, 41.850346], [-7.873062, 41.845741], [-7.864325, 41.848243], [-7.852265, 41.849052], [-7.840264, 41.846566], [-7.825701, 41.838206], [-7.817865, 41.829119], [-7.813721, 41.82007], [-7.813277, 41.811058], [-7.817735, 41.802097], [-7.829203, 41.793208], [-7.841305, 41.788839], [-7.865426, 41.785928], [-7.877458, 41.786078], [-7.889445, 41.788803], [-7.89622, 41.793872], [-7.902599, 41.80294], [-7.904397, 41.811964], [-7.9018, 41.820946], [-7.888607, 41.837272], [-7.874268, 41.845428], [-7.876428, 41.848933]]], [[[-7.727904, 41.809502], [-7.744621, 41.809671], [-7.756715, 41.806785], [-7.767879, 41.801573], [-7.77566, 41.79265], [-7.775373, 41.78364], [-7.769412, 41.772344], [-7.757592, 41.761378], [-7.744167, 41.756402], [-7.740214, 41.763924], [-7.728449, 41.77041], [-7.725406, 41.776252], [-7.727191, 41.779184], [-7.724177, 41.780299], [-7.725372, 41.781653], [-7.722296, 41.792446], [-7.728879, 41.797871], [-7.72705, 41.801691], [-7.727904, 41.809502]], [[-7.732975, 41.789755], [-7.728419, 41.78313], [-7.733202, 41.778198], [-7.745196, 41.780185], [-7.74738, 41.783338], [-7.745054, 41.787497], [-7.732975, 41.789755]]], [[[-7.817411, 41.715213], [-7.824442, 41.721105], [-7.842441, 41.725666], [-7.854488, 41.724335], [-7.858719, 41.72145], [-7.866662, 41.715721], [-7.871231, 41.70356], [-7.867122, 41.689498], [-7.860984, 41.685269], [-7.857773, 41.689538], [-7.854474, 41.688545], [-7.86333, 41.694475], [-7.86832, 41.703532], [-7.865529, 41.712511], [-7.854557, 41.720443], [-7.842527, 41.720876], [-7.83061, 41.715058], [-7.82694, 41.712124], [-7.826062, 41.708815], [-7.817411, 41.715213]]], [[[-8.218675, 41.688434], [-8.215628, 41.686759], [-8.203611, 41.686829], [-8.201364, 41.688315], [-8.197106, 41.697292], [-8.203395, 41.704325], [-8.215408, 41.704831], [-8.223178, 41.697471], [-8.218675, 41.688434]]], [[[-8.407989, 41.675065], [-8.411931, 41.671571], [-8.41528, 41.662581], [-8.414546, 41.65357], [-8.408237, 41.647947], [-8.397725, 41.644476], [-8.384265, 41.643168], [-8.372238, 41.645144], [-8.357878, 41.653267], [-8.352218, 41.662243], [-8.352109, 41.671249], [-8.358031, 41.68029], [-8.371834, 41.686758], [-8.383847, 41.687033], [-8.395895, 41.683676], [-8.402192, 41.680528], [-8.407989, 41.675065]], [[-8.371951, 41.674687], [-8.368148, 41.671339], [-8.368015, 41.662331], [-8.372109, 41.65843], [-8.384148, 41.655459], [-8.396098, 41.661943], [-8.395676, 41.671487], [-8.383941, 41.677247], [-8.371951, 41.674687]]], [[[-8.095589, 41.678241], [-8.091219, 41.67849], [-8.095582, 41.678747], [-8.095589, 41.678241]]], [[[-8.035705, 41.665671], [-8.040017, 41.660059], [-8.035683, 41.651016], [-8.023976, 41.646946], [-8.011969, 41.650814], [-8.007474, 41.659783], [-8.016295, 41.668866], [-8.023618, 41.670691], [-8.035705, 41.665671]], [[-8.02178, 41.659905], [-8.023806, 41.658194], [-8.026116, 41.659942], [-8.023759, 41.661332], [-8.02178, 41.659905]]], [[[-8.468337, 41.641108], [-8.472097, 41.635834], [-8.473086, 41.626832], [-8.468277, 41.617802], [-8.45659, 41.610138], [-8.444608, 41.607838], [-8.432588, 41.609979], [-8.420615, 41.617572], [-8.415053, 41.626551], [-8.414126, 41.635554], [-8.417796, 41.644579], [-8.420264, 41.64596], [-8.432232, 41.650466], [-8.444235, 41.651276], [-8.456262, 41.649111], [-8.468337, 41.641108]], [[-8.439953, 41.635682], [-8.431774, 41.626635], [-8.444525, 41.617504], [-8.45647, 41.624407], [-8.457975, 41.626761], [-8.45642, 41.630356], [-8.449527, 41.635729], [-8.444355, 41.637218], [-8.439953, 41.635682]]], [[[-8.660875, 41.561203], [-8.669639, 41.555506], [-8.677412, 41.546521], [-8.680478, 41.537522], [-8.679688, 41.528513], [-8.674186, 41.51949], [-8.663807, 41.510452], [-8.637253, 41.496093], [-8.601331, 41.483231], [-8.599943, 41.474218], [-8.601083, 41.456207], [-8.599129, 41.447193], [-8.593517, 41.438166], [-8.581807, 41.429116], [-8.565855, 41.423265], [-8.553895, 41.422331], [-8.541916, 41.424008], [-8.52991, 41.429257], [-8.520071, 41.437883], [-8.515056, 41.446869], [-8.513744, 41.455871], [-8.515795, 41.464887], [-8.521406, 41.473918], [-8.529534, 41.481351], [-8.541467, 41.487768], [-8.565391, 41.492848], [-8.577329, 41.499356], [-8.577851, 41.528184], [-8.581133, 41.537203], [-8.589004, 41.547767], [-8.600933, 41.55768], [-8.612891, 41.563354], [-8.624866, 41.566459], [-8.636856, 41.567192], [-8.648859, 41.565499], [-8.660875, 41.561203]], [[-8.636932, 41.55362], [-8.624937, 41.554253], [-8.61296, 41.551782], [-8.601012, 41.544906], [-8.594048, 41.53725], [-8.590587, 41.52823], [-8.59109, 41.519224], [-8.596224, 41.510235], [-8.601251, 41.505992], [-8.613258, 41.501738], [-8.62524, 41.501777], [-8.637203, 41.505004], [-8.647363, 41.510403], [-8.657467, 41.519441], [-8.660955, 41.528459], [-8.65991, 41.537463], [-8.65296, 41.54645], [-8.636932, 41.55362]], [[-8.5535, 41.479889], [-8.541539, 41.477596], [-8.529616, 41.470013], [-8.525349, 41.464927], [-8.522564, 41.455908], [-8.524536, 41.446909], [-8.529832, 41.440116], [-8.541851, 41.433186], [-8.553832, 41.431528], [-8.565787, 41.433553], [-8.574627, 41.438098], [-8.583192, 41.447136], [-8.585476, 41.456152], [-8.583316, 41.465152], [-8.574764, 41.474128], [-8.565486, 41.4786], [-8.5535, 41.479889]]], [[[-8.481417, 41.507184], [-8.478065, 41.50976], [-8.481342, 41.51654], [-8.489352, 41.50981], [-8.481417, 41.507184]]], [[[-8.1449, 41.480743], [-8.143673, 41.471726], [-8.136622, 41.462666], [-8.122632, 41.455828], [-8.110668, 41.455114], [-8.098651, 41.458281], [-8.092625, 41.462328], [-8.086131, 41.471284], [-8.086019, 41.48029], [-8.091865, 41.489344], [-8.110097, 41.496878], [-8.122069, 41.497532], [-8.134098, 41.493931], [-8.140607, 41.489718], [-8.1449, 41.480743]], [[-8.11015, 41.493048], [-8.100988, 41.489415], [-8.094761, 41.480359], [-8.097492, 41.471373], [-8.110544, 41.464187], [-8.122512, 41.46472], [-8.133664, 41.471652], [-8.136862, 41.480683], [-8.131537, 41.48965], [-8.122125, 41.493379], [-8.11015, 41.493048]]], [[[-8.178632, 41.376758], [-8.178607, 41.381907], [-8.182679, 41.390943], [-8.195136, 41.401902], [-8.207045, 41.406412], [-8.218993, 41.407775], [-8.230973, 41.406382], [-8.244972, 41.400376], [-8.254255, 41.391429], [-8.257973, 41.382446], [-8.257812, 41.373437], [-8.253855, 41.364404], [-8.249336, 41.359881], [-8.248448, 41.364328], [-8.244865, 41.365781], [-8.249915, 41.373386], [-8.250754, 41.382399], [-8.246457, 41.391379], [-8.243075, 41.394542], [-8.23104, 41.400734], [-8.219063, 41.401862], [-8.207133, 41.399185], [-8.195378, 41.391033], [-8.190925, 41.381994], [-8.191453, 41.376302], [-8.189299, 41.375403], [-8.178632, 41.376758]]], [[[-8.249056, 41.359601], [-8.249056, 41.359601], [-8.248737, 41.359281], [-8.249056, 41.359601]]]]}}, {"id": "4", "type": "Feature", "properties": {"fill": "#d75e13", "value_min": -2.67, "value_max": -2.33}, "geometry": {"type": "MultiPolygon", "coordinates": [[[[-7.742841, 41.826888], [-7.768359, 41.827358], [-7.780318, 41.831755], [-7.815894, 41.861684], [-7.827867, 41.865821], [-7.842267, 41.866329], [-7.849515, 41.861475], [-7.858542, 41.862622], [-7.859456, 41.860148], [-7.864877, 41.859711], [-7.87033, 41.851454], [-7.864225, 41.853946], [-7.852146, 41.855706], [-7.84011, 41.855066], [-7.828132, 41.8513], [-7.810749, 41.838052], [-7.797969, 41.819906], [-7.795386, 41.810872], [-7.796693, 41.801879], [-7.807638, 41.792986], [-7.829318, 41.786227], [-7.877508, 41.783184], [-7.889501, 41.785518], [-7.900725, 41.793915], [-7.906063, 41.802973], [-7.907173, 41.81199], [-7.904384, 41.82097], [-7.888543, 41.840955], [-7.876428, 41.848933], [-7.879057, 41.852344], [-7.888469, 41.845252], [-7.900758, 41.831038], [-7.906969, 41.820995], [-7.909949, 41.812016], [-7.909526, 41.803006], [-7.901496, 41.787838], [-7.889583, 41.780788], [-7.841467, 41.779833], [-7.811065, 41.775008], [-7.796917, 41.765854], [-7.781965, 41.74482], [-7.77018, 41.732134], [-7.76206, 41.728795], [-7.762933, 41.733839], [-7.759307, 41.737203], [-7.759597, 41.739005], [-7.75689, 41.739446], [-7.758687, 41.740577], [-7.757758, 41.745301], [-7.748417, 41.749321], [-7.747786, 41.754496], [-7.744167, 41.756402], [-7.757592, 41.761378], [-7.769412, 41.772344], [-7.775373, 41.78364], [-7.77566, 41.79265], [-7.767879, 41.801573], [-7.756715, 41.806785], [-7.744621, 41.809671], [-7.727904, 41.809502], [-7.728761, 41.816776], [-7.732041, 41.821514], [-7.743152, 41.825154], [-7.742841, 41.826888]]], [[[-7.873044, 41.850346], [-7.873044, 41.850346], [-7.872665, 41.8505], [-7.873044, 41.850346]]], [[[-7.870933, 41.851208], [-7.870933, 41.851208], [-7.870472, 41.851396], [-7.870933, 41.851208]]], [[[-8.309055, 41.760848], [-8.313728, 41.75209], [-8.312696, 41.743077], [-8.304898, 41.734023], [-8.299262, 41.730698], [-8.287265, 41.728228], [-8.275221, 41.730073], [-8.26891, 41.7338], [-8.261091, 41.742757], [-8.260174, 41.751758], [-8.262882, 41.757579], [-8.273015, 41.766344], [-8.277073, 41.764088], [-8.280681, 41.764083], [-8.284038, 41.761109], [-8.284931, 41.757507], [-8.287033, 41.756829], [-8.298457, 41.757263], [-8.300866, 41.758835], [-8.305674, 41.758152], [-8.309055, 41.760848]]], [[[-7.950236, 41.750945], [-7.938184, 41.752399], [-7.932957, 41.758191], [-7.937981, 41.764712], [-7.949985, 41.766337], [-7.9574, 41.758416], [-7.950236, 41.750945]]], [[[-8.016607, 41.731917], [-8.010718, 41.728566], [-8.003224, 41.731802], [-8.009542, 41.740863], [-8.011341, 41.740879], [-8.016607, 41.731917]]], [[[-7.785803, 41.720405], [-7.794355, 41.725351], [-7.813134, 41.729996], [-7.830317, 41.731235], [-7.854416, 41.72839], [-7.866586, 41.72001], [-7.870924, 41.712564], [-7.874141, 41.703589], [-7.874821, 41.694589], [-7.872525, 41.685971], [-7.868896, 41.686413], [-7.868008, 41.68326], [-7.860984, 41.685269], [-7.867122, 41.689498], [-7.871231, 41.70356], [-7.866662, 41.715721], [-7.858719, 41.72145], [-7.854488, 41.724335], [-7.842441, 41.725666], [-7.824442, 41.721105], [-7.817411, 41.715213], [-7.81469, 41.718688], [-7.808986, 41.717996], [-7.808396, 41.715744], [-7.804499, 41.714158], [-7.79939, 41.714593], [-7.79788, 41.716164], [-7.796383, 41.71526], [-7.790966, 41.717044], [-7.789449, 41.719966], [-7.785803, 41.720405]]], [[[-8.227313, 41.714373], [-8.238848, 41.706583], [-8.242733, 41.697602], [-8.240044, 41.688577], [-8.227748, 41.678041], [-8.215772, 41.674883], [-8.203746, 41.675889], [-8.191651, 41.682385], [-8.186515, 41.688211], [-8.18479, 41.697205], [-8.189432, 41.706245], [-8.203269, 41.714518], [-8.215267, 41.716432], [-8.227313, 41.714373]], [[-8.218675, 41.688434], [-8.223178, 41.697471], [-8.215408, 41.704831], [-8.203395, 41.704325], [-8.197106, 41.697292], [-8.201364, 41.688315], [-8.203611, 41.686829], [-8.215628, 41.686759], [-8.218675, 41.688434]]], [[[-8.383754, 41.696803], [-8.405202, 41.689551], [-8.431997, 41.677291], [-8.468134, 41.665755], [-8.480203, 41.658698], [-8.485314, 41.653909], [-8.490599, 41.644925], [-8.49185, 41.635923], [-8.490074, 41.626908], [-8.484794, 41.617878], [-8.468638, 41.604481], [-8.456676, 41.599795], [-8.444693, 41.597909], [-8.432681, 41.599274], [-8.420646, 41.60323], [-8.385954, 41.626399], [-8.360323, 41.635805], [-8.348243, 41.643064], [-8.338407, 41.653157], [-8.334158, 41.66214], [-8.332992, 41.67114], [-8.335442, 41.680161], [-8.341621, 41.689204], [-8.347731, 41.693786], [-8.359707, 41.697998], [-8.371719, 41.698599], [-8.383754, 41.696803]], [[-8.407989, 41.675065], [-8.402192, 41.680528], [-8.395895, 41.683676], [-8.383847, 41.687033], [-8.371834, 41.686758], [-8.358031, 41.68029], [-8.352109, 41.671249], [-8.352218, 41.662243], [-8.357878, 41.653267], [-8.372238, 41.645144], [-8.384265, 41.643168], [-8.397725, 41.644476], [-8.408237, 41.647947], [-8.414546, 41.65357], [-8.41528, 41.662581], [-8.411931, 41.671571], [-8.407989, 41.675065]], [[-8.468337, 41.641108], [-8.456262, 41.649111], [-8.444235, 41.651276], [-8.432232, 41.650466], [-8.420264, 41.64596], [-8.417796, 41.644579], [-8.414126, 41.635554], [-8.415053, 41.626551], [-8.420615, 41.617572], [-8.432588, 41.609979], [-8.444608, 41.607838], [-8.45659, 41.610138], [-8.468277, 41.617802], [-8.473086, 41.626832], [-8.472097, 41.635834], [-8.468337, 41.641108]]], [[[-8.098533, 41.66954], [-8.095735, 41.667764], [-8.083728, 41.667388], [-8.080273, 41.669395], [-8.075848, 41.678367], [-8.083453, 41.686831], [-8.095461, 41.687353], [-8.10388, 41.678589], [-8.098533, 41.66954]], [[-8.095589, 41.678241], [-8.095582, 41.678747], [-8.091219, 41.67849], [-8.095589, 41.678241]]], [[[-8.047769, 41.662125], [-8.049567, 41.660139], [-8.047552, 41.651115], [-8.036074, 41.640962], [-8.024119, 41.63751], [-8.012095, 41.638643], [-8.005332, 41.64175], [-7.995912, 41.650675], [-7.994471, 41.65967], [-7.999954, 41.668725], [-8.011539, 41.675024], [-8.023535, 41.676142], [-8.035595, 41.673092], [-8.043311, 41.669094], [-8.047769, 41.662125]], [[-8.035705, 41.665671], [-8.023618, 41.670691], [-8.016295, 41.668866], [-8.007474, 41.659783], [-8.011969, 41.650814], [-8.023976, 41.646946], [-8.035683, 41.651016], [-8.040017, 41.660059], [-8.035705, 41.665671]]], [[[-8.667372, 41.586795], [-8.685609, 41.580827], [-8.685818, 41.580709], [-8.685907, 41.580658], [-8.686624, 41.580255], [-8.701407, 41.570615], [-8.70153, 41.570503], [-8.701704, 41.570345], [-8.701779, 41.570277], [-8.714454, 41.555626], [-8.717985, 41.546628], [-8.71792, 41.528613], [-8.713662, 41.519595], [-8.704279, 41.510564], [-8.697106, 41.507004], [-8.661211, 41.496784], [-8.651312, 41.4924], [-8.639514, 41.483357], [-8.633374, 41.47433], [-8.627512, 41.447288], [-8.622553, 41.438265], [-8.613361, 41.429227], [-8.601768, 41.421431], [-8.589837, 41.415712], [-8.565941, 41.410374], [-8.553976, 41.410463], [-8.541997, 41.412459], [-8.529999, 41.416973], [-8.514537, 41.428852], [-8.508268, 41.437833], [-8.505048, 41.446827], [-8.505158, 41.464842], [-8.51443, 41.491904], [-8.505464, 41.496415], [-8.493496, 41.494721], [-8.481506, 41.495996], [-8.47255, 41.500727], [-8.464913, 41.509699], [-8.465152, 41.518708], [-8.46929, 41.524825], [-8.481235, 41.529971], [-8.493231, 41.528786], [-8.505264, 41.52268], [-8.51086, 41.518911], [-8.515563, 41.509924], [-8.517431, 41.498233], [-8.520439, 41.500937], [-8.541312, 41.50973], [-8.553222, 41.520313], [-8.578725, 41.555209], [-8.600828, 41.574771], [-8.612784, 41.581305], [-8.624754, 41.585787], [-8.636738, 41.58822], [-8.648732, 41.588951], [-8.664678, 41.587348], [-8.665265, 41.585758], [-8.667372, 41.586795]], [[-8.660875, 41.561203], [-8.648859, 41.565499], [-8.636856, 41.567192], [-8.624866, 41.566459], [-8.612891, 41.563354], [-8.600933, 41.55768], [-8.589004, 41.547767], [-8.581133, 41.537203], [-8.577851, 41.528184], [-8.577329, 41.499356], [-8.565391, 41.492848], [-8.541467, 41.487768], [-8.529534, 41.481351], [-8.521406, 41.473918], [-8.515795, 41.464887], [-8.513744, 41.455871], [-8.515056, 41.446869], [-8.520071, 41.437883], [-8.52991, 41.429257], [-8.541916, 41.424008], [-8.553895, 41.422331], [-8.565855, 41.423265], [-8.581807, 41.429116], [-8.593517, 41.438166], [-8.599129, 41.447193], [-8.601083, 41.456207], [-8.599943, 41.474218], [-8.601331, 41.483231], [-8.637253, 41.496093], [-8.663807, 41.510452], [-8.674186, 41.51949], [-8.679688, 41.528513], [-8.680478, 41.537522], [-8.677412, 41.546521], [-8.669639, 41.555506], [-8.660875, 41.561203]], [[-8.481417, 41.507184], [-8.489352, 41.50981], [-8.481342, 41.51654], [-8.478065, 41.50976], [-8.481417, 41.507184]]], [[[-8.457195, 41.537807], [-8.447634, 41.545647], [-8.457106, 41.548464], [-8.461166, 41.545711], [-8.457195, 41.537807]]], [[[-8.073565, 41.474474], [-8.074856, 41.480201], [-8.081657, 41.489263], [-8.098112, 41.497224], [-8.110052, 41.500138], [-8.122022, 41.501005], [-8.136602, 41.498696], [-8.149903, 41.489787], [-8.154003, 41.48081], [-8.153929, 41.471802], [-8.146554, 41.457652], [-8.134704, 41.448318], [-8.122784, 41.444482], [-8.110831, 41.443185], [-8.098836, 41.444921], [-8.086796, 41.44985], [-8.075081, 41.462188], [-8.073871, 41.466693], [-8.073844, 41.466791], [-8.073602, 41.467691], [-8.073372, 41.473768], [-8.073433, 41.473993], [-8.073565, 41.474474]], [[-8.1449, 41.480743], [-8.140607, 41.489718], [-8.134098, 41.493931], [-8.122069, 41.497532], [-8.110097, 41.496878], [-8.091865, 41.489344], [-8.086019, 41.48029], [-8.086131, 41.471284], [-8.092625, 41.462328], [-8.098651, 41.458281], [-8.110668, 41.455114], [-8.122632, 41.455828], [-8.136622, 41.462666], [-8.143673, 41.471726], [-8.1449, 41.480743]]], [[[-8.162243, 41.37969], [-8.165751, 41.390822], [-8.173373, 41.399884], [-8.188241, 41.408998], [-8.206955, 41.413812], [-8.218917, 41.414083], [-8.230904, 41.412254], [-8.24292, 41.407846], [-8.254073, 41.400436], [-8.261462, 41.391476], [-8.26481, 41.38249], [-8.265146, 41.373484], [-8.262708, 41.364461], [-8.253204, 41.351346], [-8.249622, 41.353072], [-8.251123, 41.356897], [-8.248737, 41.359281], [-8.249056, 41.359601], [-8.249336, 41.359881], [-8.253855, 41.364404], [-8.257812, 41.373437], [-8.257973, 41.382446], [-8.254255, 41.391429], [-8.244972, 41.400376], [-8.230973, 41.406382], [-8.218993, 41.407775], [-8.207045, 41.406412], [-8.195136, 41.401902], [-8.182679, 41.390943], [-8.178607, 41.381907], [-8.178632, 41.376758], [-8.168382, 41.377438], [-8.164499, 41.38059], [-8.162243, 41.37969]]]]}}, {"id": "2", "type": "Feature", "properties": {"fill": "#ae1c1c", "value_min": -3.33, "value_max": -3.0}, "geometry": {"type": "MultiPolygon", "coordinates": [[[[-7.874268, 41.845428], [-7.888607, 41.837272], [-7.9018, 41.820946], [-7.904397, 41.811964], [-7.902599, 41.80294], [-7.89622, 41.793872], [-7.889445, 41.788803], [-7.877458, 41.786078], [-7.865426, 41.785928], [-7.841305, 41.788839], [-7.829203, 41.793208], [-7.817735, 41.802097], [-7.813277, 41.811058], [-7.813721, 41.82007], [-7.817865, 41.829119], [-7.825701, 41.838206], [-7.840264, 41.846566], [-7.852265, 41.849052], [-7.864325, 41.848243], [-7.873062, 41.845741], [-7.874268, 41.845428]], [[-7.864397, 41.844187], [-7.852359, 41.843797], [-7.838062, 41.838332], [-7.827912, 41.829222], [-7.823071, 41.820166], [-7.822811, 41.811156], [-7.827746, 41.8022], [-7.840322, 41.793321], [-7.853331, 41.789324], [-7.877413, 41.788615], [-7.891715, 41.793828], [-7.898436, 41.8029], [-7.901621, 41.811937], [-7.892837, 41.829866], [-7.88866, 41.834189], [-7.876495, 41.841189], [-7.864397, 41.844187]]], [[[-7.732975, 41.789755], [-7.745054, 41.787497], [-7.74738, 41.783338], [-7.745196, 41.780185], [-7.733202, 41.778198], [-7.728419, 41.78313], [-7.732975, 41.789755]]], [[[-7.826062, 41.708815], [-7.82694, 41.712124], [-7.83061, 41.715058], [-7.842527, 41.720876], [-7.854557, 41.720443], [-7.865529, 41.712511], [-7.86832, 41.703532], [-7.86333, 41.694475], [-7.854474, 41.688545], [-7.848141, 41.694727], [-7.85502, 41.69436], [-7.864092, 41.70349], [-7.860852, 41.712465], [-7.854618, 41.71697], [-7.842616, 41.715926], [-7.836386, 41.71222], [-7.83579, 41.709741], [-7.82945, 41.710174], [-7.826062, 41.708815]]], [[[-7.836099, 41.701436], [-7.836099, 41.701436], [-7.836363, 41.701189], [-7.836099, 41.701436]]], [[[-7.8364, 41.701155], [-7.8364, 41.701155], [-7.836604, 41.700965], [-7.8364, 41.701155]]], [[[-7.837607, 41.70003], [-7.837607, 41.70003], [-7.838771, 41.698944], [-7.837607, 41.70003]]], [[[-7.838813, 41.698905], [-7.838813, 41.698905], [-7.839012, 41.69872], [-7.838813, 41.698905]]], [[[-7.839115, 41.698624], [-7.839115, 41.698624], [-7.839253, 41.698495], [-7.839115, 41.698624]]], [[[-7.839416, 41.698343], [-7.839416, 41.698343], [-7.839493, 41.698271], [-7.839416, 41.698343]]], [[[-7.839718, 41.698062], [-7.839718, 41.698062], [-7.839734, 41.698047], [-7.839718, 41.698062]]], [[[-8.371951, 41.674687], [-8.383941, 41.677247], [-8.395676, 41.671487], [-8.396098, 41.661943], [-8.384148, 41.655459], [-8.372109, 41.65843], [-8.368015, 41.662331], [-8.368148, 41.671339], [-8.371951, 41.674687]]], [[[-8.02178, 41.659905], [-8.023759, 41.661332], [-8.026116, 41.659942], [-8.023806, 41.658194], [-8.02178, 41.659905]]], [[[-8.439953, 41.635682], [-8.444355, 41.637218], [-8.449527, 41.635729], [-8.45642, 41.630356], [-8.457975, 41.626761], [-8.45647, 41.624407], [-8.444525, 41.617504], [-8.431774, 41.626635], [-8.439953, 41.635682]]], [[[-8.636932, 41.55362], [-8.65296, 41.54645], [-8.65991, 41.537463], [-8.660955, 41.528459], [-8.657467, 41.519441], [-8.647363, 41.510403], [-8.637203, 41.505004], [-8.62524, 41.501777], [-8.613258, 41.501738], [-8.601251, 41.505992], [-8.596224, 41.510235], [-8.59109, 41.519224], [-8.590587, 41.52823], [-8.594048, 41.53725], [-8.601012, 41.544906], [-8.61296, 41.551782], [-8.624937, 41.554253], [-8.636932, 41.55362]], [[-8.624994, 41.54442], [-8.613021, 41.541617], [-8.606993, 41.537295], [-8.601479, 41.528268], [-8.603322, 41.519267], [-8.613202, 41.511284], [-8.625195, 41.509537], [-8.637156, 41.513479], [-8.64466, 41.519402], [-8.647883, 41.52842], [-8.643658, 41.537414], [-8.636997, 41.542027], [-8.624994, 41.54442]]], [[[-8.11015, 41.493048], [-8.122125, 41.493379], [-8.131537, 41.48965], [-8.136862, 41.480683], [-8.133664, 41.471652], [-8.122512, 41.46472], [-8.110544, 41.464187], [-8.097492, 41.471373], [-8.094761, 41.480359], [-8.100988, 41.489415], [-8.11015, 41.493048]], [[-8.110212, 41.488453], [-8.104576, 41.480436], [-8.11042, 41.473269], [-8.122388, 41.473856], [-8.127419, 41.480612], [-8.122194, 41.488283], [-8.110212, 41.488453]]], [[[-8.5535, 41.479889], [-8.565486, 41.4786], [-8.574764, 41.474128], [-8.583316, 41.465152], [-8.585476, 41.456152], [-8.583192, 41.447136], [-8.574627, 41.438098], [-8.565787, 41.433553], [-8.553832, 41.431528], [-8.541851, 41.433186], [-8.529832, 41.440116], [-8.524536, 41.446909], [-8.522564, 41.455908], [-8.525349, 41.464927], [-8.529616, 41.470013], [-8.541539, 41.477596], [-8.5535, 41.479889]], [[-8.553557, 41.471548], [-8.541598, 41.469222], [-8.535769, 41.46497], [-8.531243, 41.455944], [-8.534968, 41.446952], [-8.54179, 41.44185], [-8.553775, 41.439775], [-8.565719, 41.443747], [-8.569782, 41.447087], [-8.573261, 41.456107], [-8.569269, 41.4651], [-8.565557, 41.467947], [-8.553557, 41.471548]]], [[[-8.191453, 41.376302], [-8.190925, 41.381994], [-8.195378, 41.391033], [-8.207133, 41.399185], [-8.219063, 41.401862], [-8.23104, 41.400734], [-8.243075, 41.394542], [-8.246457, 41.391379], [-8.250754, 41.382399], [-8.249915, 41.373386], [-8.244865, 41.365781], [-8.244272, 41.368384], [-8.237854, 41.371091], [-8.240766, 41.373326], [-8.243269, 41.38235], [-8.236176, 41.391311], [-8.231118, 41.394069], [-8.219144, 41.395113], [-8.208258, 41.391122], [-8.202329, 41.382074], [-8.203532, 41.376745], [-8.199163, 41.377423], [-8.194976, 41.374275], [-8.191453, 41.376302]]]]}}, {"id": "1", "type": "Feature", "properties": {"fill": "#9c1c1c", "value_min": -3.67, "value_max": -3.33}, "geometry": {"type": "MultiPolygon", "coordinates": [[[[-7.864397, 41.844187], [-7.876495, 41.841189], [-7.88866, 41.834189], [-7.892837, 41.829866], [-7.901621, 41.811937], [-7.898436, 41.8029], [-7.891715, 41.793828], [-7.877413, 41.788615], [-7.853331, 41.789324], [-7.840322, 41.793321], [-7.827746, 41.8022], [-7.822811, 41.811156], [-7.823071, 41.820166], [-7.827912, 41.829222], [-7.838062, 41.838332], [-7.852359, 41.843797], [-7.864397, 41.844187]], [[-7.852445, 41.838975], [-7.840502, 41.833392], [-7.835625, 41.8293], [-7.831613, 41.820253], [-7.831288, 41.811243], [-7.834633, 41.80227], [-7.853283, 41.792005], [-7.877369, 41.791152], [-7.885473, 41.793768], [-7.89382, 41.802855], [-7.89571, 41.81188], [-7.889938, 41.829838], [-7.871491, 41.838665], [-7.864465, 41.840339], [-7.852445, 41.838975]]], [[[-7.83579, 41.709741], [-7.836386, 41.71222], [-7.842616, 41.715926], [-7.854618, 41.71697], [-7.860852, 41.712465], [-7.864092, 41.70349], [-7.85502, 41.69436], [-7.848141, 41.694727], [-7.839734, 41.698047], [-7.839718, 41.698062], [-7.839493, 41.698271], [-7.839416, 41.698343], [-7.839253, 41.698495], [-7.839115, 41.698624], [-7.839012, 41.69872], [-7.838813, 41.698905], [-7.838771, 41.698944], [-7.837607, 41.70003], [-7.836604, 41.700965], [-7.8364, 41.701155], [-7.836363, 41.701189], [-7.836099, 41.701436], [-7.839679, 41.706599], [-7.838465, 41.709522], [-7.83579, 41.709741]], [[-7.848161, 41.712338], [-7.842571, 41.703275], [-7.854924, 41.699768], [-7.858569, 41.703435], [-7.856174, 41.712418], [-7.85468, 41.713499], [-7.848161, 41.712338]]], [[[-8.624994, 41.54442], [-8.636997, 41.542027], [-8.643658, 41.537414], [-8.647883, 41.52842], [-8.64466, 41.519402], [-8.637156, 41.513479], [-8.625195, 41.509537], [-8.613202, 41.511284], [-8.603322, 41.519267], [-8.601479, 41.528268], [-8.606993, 41.537295], [-8.613021, 41.541617], [-8.624994, 41.54442]], [[-8.614735, 41.528313], [-8.622199, 41.519331], [-8.625143, 41.51858], [-8.627195, 41.519347], [-8.632842, 41.528373], [-8.625059, 41.533123], [-8.614735, 41.528313]]], [[[-8.110212, 41.488453], [-8.122194, 41.488283], [-8.127419, 41.480612], [-8.122388, 41.473856], [-8.11042, 41.473269], [-8.104576, 41.480436], [-8.110212, 41.488453]]], [[[-8.553557, 41.471548], [-8.565557, 41.467947], [-8.569269, 41.4651], [-8.573261, 41.456107], [-8.569782, 41.447087], [-8.565719, 41.443747], [-8.553775, 41.439775], [-8.54179, 41.44185], [-8.534968, 41.446952], [-8.531243, 41.455944], [-8.535769, 41.46497], [-8.541598, 41.469222], [-8.553557, 41.471548]], [[-8.541689, 41.456275], [-8.553705, 41.450015], [-8.559462, 41.456055], [-8.553625, 41.461655], [-8.541689, 41.456275]]], [[[-8.203532, 41.376745], [-8.202329, 41.382074], [-8.208258, 41.391122], [-8.219144, 41.395113], [-8.231118, 41.394069], [-8.236176, 41.391311], [-8.243269, 41.38235], [-8.240766, 41.373326], [-8.237854, 41.371091], [-8.232024, 41.369971], [-8.224854, 41.370878], [-8.21738, 41.368182], [-8.211712, 41.376065], [-8.203532, 41.376745]], [[-8.219275, 41.384146], [-8.217131, 41.382175], [-8.219345, 41.378354], [-8.231452, 41.382272], [-8.219275, 41.384146]]]]}}, {"id": "0", "type": "Feature", "properties": {"fill": "#881d1d", "value_min": -4.0, "value_max": -3.67}, "geometry": {"type": "MultiPolygon", "coordinates": [[[[-7.852445, 41.838975], [-7.864465, 41.840339], [-7.871491, 41.838665], [-7.889938, 41.829838], [-7.89571, 41.81188], [-7.89382, 41.802855], [-7.885473, 41.793768], [-7.877369, 41.791152], [-7.853283, 41.792005], [-7.834633, 41.80227], [-7.831288, 41.811243], [-7.831613, 41.820253], [-7.835625, 41.8293], [-7.840502, 41.833392], [-7.852445, 41.838975]]], [[[-7.848161, 41.712338], [-7.85468, 41.713499], [-7.856174, 41.712418], [-7.858569, 41.703435], [-7.854924, 41.699768], [-7.842571, 41.703275], [-7.848161, 41.712338]]], [[[-8.614735, 41.528313], [-8.625059, 41.533123], [-8.632842, 41.528373], [-8.627195, 41.519347], [-8.625143, 41.51858], [-8.622199, 41.519331], [-8.614735, 41.528313]]], [[[-8.541689, 41.456275], [-8.553625, 41.461655], [-8.559462, 41.456055], [-8.553705, 41.450015], [-8.541689, 41.456275]]], [[[-8.219275, 41.384146], [-8.231452, 41.382272], [-8.219345, 41.378354], [-8.217131, 41.382175], [-8.219275, 41.384146]]]]}}, {"id": "11", "type": "Feature", "properties": {"fill": "#a3a3a3", "value_min": -0.33, "value_max": -0.0}, "geometry": {"type": "MultiPolygon", "coordinates": [[[[-8.01215, 41.834224], [-8.001747, 41.821858], [-7.985339, 41.813121], [-7.973353, 41.809816], [-7.96133, 41.808836], [-7.949274, 41.809875], [-7.937181, 41.813205], [-7.925017, 41.82063], [-7.916947, 41.830096], [-7.909277, 41.848037], [-7.908699, 41.857038], [-7.910612, 41.866063], [-7.918928, 41.878729], [-7.928045, 41.87794], [-7.924099, 41.875468], [-7.916381, 41.866118], [-7.912974, 41.857079], [-7.912597, 41.848069], [-7.914641, 41.839081], [-7.919456, 41.83012], [-7.924965, 41.823762], [-7.937138, 41.815786], [-7.949217, 41.813389], [-7.961263, 41.812958], [-7.973283, 41.814185], [-7.985258, 41.818263], [-7.991444, 41.821768], [-8.001276, 41.83086], [-8.006692, 41.843746], [-8.007928, 41.838796], [-8.01215, 41.834224]]], [[[-7.890549, 41.724726], [-7.902568, 41.724972], [-7.907131, 41.721921], [-7.908152, 41.712924], [-7.902839, 41.709004], [-7.890805, 41.709833], [-7.888247, 41.712733], [-7.887781, 41.721735], [-7.890549, 41.724726]]], [[[-8.04703, 41.71226], [-8.05905, 41.712309], [-8.063937, 41.705292], [-8.059237, 41.699491], [-8.047235, 41.698388], [-8.041379, 41.705106], [-8.04703, 41.71226]], [[-8.0469, 41.705152], [-8.047139, 41.704877], [-8.054811, 41.705217], [-8.04713, 41.705444], [-8.0469, 41.705152]]], [[[-8.337113, 41.557311], [-8.36115, 41.551933], [-8.373198, 41.546073], [-8.38527, 41.537349], [-8.401767, 41.518395], [-8.406288, 41.509411], [-8.407497, 41.50041], [-8.404932, 41.482382], [-8.406056, 41.473381], [-8.414642, 41.446402], [-8.413843, 41.437391], [-8.401861, 41.401299], [-8.404287, 41.374289], [-8.401891, 41.365269], [-8.395781, 41.356229], [-8.387042, 41.349347], [-8.375134, 41.344601], [-8.363193, 41.343346], [-8.351222, 41.345212], [-8.33921, 41.351014], [-8.333884, 41.355888], [-8.327536, 41.364858], [-8.323229, 41.391856], [-8.318411, 41.400835], [-8.271252, 41.436576], [-8.26206, 41.445525], [-8.256044, 41.454493], [-8.253503, 41.463484], [-8.254658, 41.472499], [-8.258884, 41.481534], [-8.265922, 41.490124], [-8.270672, 41.499624], [-8.279025, 41.535706], [-8.286456, 41.54476], [-8.301185, 41.552892], [-8.313142, 41.556179], [-8.337113, 41.557311]], [[-8.337182, 41.550548], [-8.325194, 41.550383], [-8.313225, 41.548315], [-8.301284, 41.543728], [-8.289395, 41.53459], [-8.284243, 41.526731], [-8.277738, 41.504831], [-8.263143, 41.472554], [-8.262723, 41.463544], [-8.266013, 41.454557], [-8.272111, 41.445589], [-8.290535, 41.430124], [-8.314615, 41.416533], [-8.32663, 41.411743], [-8.350622, 41.405511], [-8.362577, 41.406441], [-8.374489, 41.411868], [-8.386379, 41.419901], [-8.394833, 41.428285], [-8.400818, 41.437324], [-8.403953, 41.446347], [-8.404468, 41.455357], [-8.400457, 41.482359], [-8.402355, 41.500384], [-8.400463, 41.509381], [-8.395633, 41.518363], [-8.385336, 41.530328], [-8.377758, 41.536283], [-8.361217, 41.545143], [-8.349189, 41.548947], [-8.337182, 41.550548]], [[-8.362719, 41.391901], [-8.350789, 41.3888], [-8.346075, 41.38298], [-8.343524, 41.373958], [-8.348121, 41.364977], [-8.351048, 41.362739], [-8.363032, 41.3599], [-8.374955, 41.363311], [-8.381554, 41.374169], [-8.378598, 41.383161], [-8.374722, 41.387586], [-8.362719, 41.391901]]], [[[-8.10077, 41.525443], [-8.109668, 41.528173], [-8.110885, 41.525522], [-8.109716, 41.52468], [-8.10077, 41.525443]]]]}}, {"id": "12", "type": "Feature", "properties": {"fill": "#a3a3a3", "value_min": 0.0, "value_max": -0.33}, "geometry": {"type": "MultiPolygon", "coordinates": [[[[-8.006692, 41.843746], [-8.001276, 41.83086], [-7.991444, 41.821768], [-7.985258, 41.818263], [-7.973283, 41.814185], [-7.961263, 41.812958], [-7.949217, 41.813389], [-7.937138, 41.815786], [-7.924965, 41.823762], [-7.919456, 41.83012], [-7.914641, 41.839081], [-7.912597, 41.848069], [-7.912974, 41.857079], [-7.916381, 41.866118], [-7.924099, 41.875468], [-7.928045, 41.87794], [-7.934076, 41.875346], [-7.922075, 41.866171], [-7.916864, 41.857116], [-7.915423, 41.848095], [-7.917025, 41.839104], [-7.921965, 41.830143], [-7.937095, 41.818367], [-7.949183, 41.815492], [-7.961225, 41.815339], [-7.973229, 41.817548], [-7.982625, 41.82169], [-7.993938, 41.830796], [-7.998667, 41.839844], [-7.999499, 41.850715], [-8.00339, 41.85027], [-8.006692, 41.843746]]], [[[-8.0469, 41.705152], [-8.04713, 41.705444], [-8.054811, 41.705217], [-8.047139, 41.704877], [-8.0469, 41.705152]]], [[[-8.337182, 41.550548], [-8.349189, 41.548947], [-8.361217, 41.545143], [-8.377758, 41.536283], [-8.385336, 41.530328], [-8.395633, 41.518363], [-8.400463, 41.509381], [-8.402355, 41.500384], [-8.400457, 41.482359], [-8.404468, 41.455357], [-8.403953, 41.446347], [-8.400818, 41.437324], [-8.394833, 41.428285], [-8.386379, 41.419901], [-8.374489, 41.411868], [-8.362577, 41.406441], [-8.350622, 41.405511], [-8.32663, 41.411743], [-8.314615, 41.416533], [-8.290535, 41.430124], [-8.272111, 41.445589], [-8.266013, 41.454557], [-8.262723, 41.463544], [-8.263143, 41.472554], [-8.277738, 41.504831], [-8.284243, 41.526731], [-8.289395, 41.53459], [-8.301284, 41.543728], [-8.313225, 41.548315], [-8.325194, 41.550383], [-8.337182, 41.550548]], [[-8.349244, 41.543451], [-8.325257, 41.544257], [-8.313294, 41.541796], [-8.301302, 41.535844], [-8.291699, 41.526777], [-8.28657, 41.517738], [-8.269792, 41.472596], [-8.27022, 41.463592], [-8.273879, 41.454607], [-8.281058, 41.445645], [-8.290453, 41.437706], [-8.314529, 41.424688], [-8.326532, 41.42122], [-8.338514, 41.419766], [-8.362429, 41.421595], [-8.374355, 41.42592], [-8.389272, 41.437263], [-8.395067, 41.446301], [-8.397296, 41.45532], [-8.397369, 41.500358], [-8.395572, 41.509356], [-8.385396, 41.524045], [-8.373315, 41.533943], [-8.361267, 41.540067], [-8.349244, 41.543451]]], [[[-8.362719, 41.391901], [-8.374722, 41.387586], [-8.378598, 41.383161], [-8.381554, 41.374169], [-8.374955, 41.363311], [-8.363032, 41.3599], [-8.351048, 41.362739], [-8.348121, 41.364977], [-8.343524, 41.373958], [-8.346075, 41.38298], [-8.350789, 41.3888], [-8.362719, 41.391901]]]]}}, {"id": "13", "type": "Feature", "properties": {"fill": "#a3a3a3", "value_min": 0.33, "value_max": -0.67}, "geometry": {"type": "MultiPolygon", "coordinates": [[[[-7.999499, 41.850715], [-7.998667, 41.839844], [-7.993938, 41.830796], [-7.982625, 41.82169], [-7.973229, 41.817548], [-7.961225, 41.815339], [-7.949183, 41.815492], [-7.937095, 41.818367], [-7.921965, 41.830143], [-7.917025, 41.839104], [-7.915423, 41.848095], [-7.916864, 41.857116], [-7.922075, 41.866171], [-7.934076, 41.875346], [-7.937389, 41.87516], [-7.939806, 41.872657], [-7.928415, 41.866231], [-7.920755, 41.857152], [-7.918248, 41.848122], [-7.919409, 41.839126], [-7.924865, 41.829716], [-7.937053, 41.820947], [-7.949148, 41.817595], [-7.961186, 41.81772], [-7.974786, 41.82162], [-7.987831, 41.830743], [-7.992999, 41.839795], [-7.99367, 41.848808], [-7.990598, 41.857787], [-7.984522, 41.864835], [-7.972351, 41.872465], [-7.963892, 41.874352], [-7.973828, 41.875216], [-7.987996, 41.869157], [-7.990123, 41.860157], [-7.995547, 41.858138], [-7.994044, 41.856786], [-7.994652, 41.853861], [-7.996765, 41.851162], [-7.999499, 41.850715]]], [[[-7.961783, 41.874823], [-7.961783, 41.874823], [-7.959975, 41.875158], [-7.961783, 41.874823]]], [[[-7.958169, 41.875123], [-7.958169, 41.875123], [-7.956362, 41.875088], [-7.958169, 41.875123]]], [[[-8.349244, 41.543451], [-8.361267, 41.540067], [-8.373315, 41.533943], [-8.385396, 41.524045], [-8.395572, 41.509356], [-8.397369, 41.500358], [-8.397296, 41.45532], [-8.395067, 41.446301], [-8.389272, 41.437263], [-8.374355, 41.42592], [-8.362429, 41.421595], [-8.338514, 41.419766], [-8.326532, 41.42122], [-8.314529, 41.424688], [-8.290453, 41.437706], [-8.281058, 41.445645], [-8.273879, 41.454607], [-8.27022, 41.463592], [-8.269792, 41.472596], [-8.28657, 41.517738], [-8.291699, 41.526777], [-8.301302, 41.535844], [-8.313294, 41.541796], [-8.325257, 41.544257], [-8.349244, 41.543451]], [[-8.337287, 41.540333], [-8.325307, 41.539502], [-8.313355, 41.53603], [-8.298629, 41.52682], [-8.287106, 41.508734], [-8.279904, 41.490675], [-8.275448, 41.472632], [-8.276756, 41.463633], [-8.281037, 41.454652], [-8.290376, 41.444711], [-8.302434, 41.436599], [-8.314463, 41.431023], [-8.338444, 41.426684], [-8.362351, 41.429553], [-8.374272, 41.434479], [-8.386145, 41.44474], [-8.391892, 41.455292], [-8.393594, 41.464308], [-8.394636, 41.491336], [-8.391636, 41.509335], [-8.385359, 41.518309], [-8.375736, 41.527264], [-8.361314, 41.535315], [-8.349289, 41.53898], [-8.337287, 41.540333]]]]}}, {"id": "14", "type": "Feature", "properties": {"fill": "#a3a3a3", "value_min": 0.67, "value_max": -1.0}, "geometry": {"type": "MultiPolygon", "coordinates": [[[[-7.963892, 41.874352], [-7.972351, 41.872465], [-7.984522, 41.864835], [-7.990598, 41.857787], [-7.99367, 41.848808], [-7.992999, 41.839795], [-7.987831, 41.830743], [-7.974786, 41.82162], [-7.961186, 41.81772], [-7.949148, 41.817595], [-7.937053, 41.820947], [-7.924865, 41.829716], [-7.919409, 41.839126], [-7.918248, 41.848122], [-7.920755, 41.857152], [-7.928415, 41.866231], [-7.939806, 41.872657], [-7.941618, 41.870891], [-7.951254, 41.871132], [-7.956367, 41.87339], [-7.956362, 41.875088], [-7.958169, 41.875123], [-7.959975, 41.875158], [-7.961783, 41.874823], [-7.963892, 41.874352]], [[-7.960327, 41.870831], [-7.948275, 41.870909], [-7.936289, 41.867086], [-7.924676, 41.857189], [-7.921075, 41.848148], [-7.921795, 41.839148], [-7.927077, 41.830191], [-7.937019, 41.822976], [-7.949114, 41.819699], [-7.961148, 41.8201], [-7.973126, 41.824042], [-7.982611, 41.830697], [-7.987854, 41.83975], [-7.988225, 41.84876], [-7.983879, 41.857728], [-7.97244, 41.866914], [-7.960327, 41.870831]]], [[[-8.337287, 41.540333], [-8.349289, 41.53898], [-8.361314, 41.535315], [-8.375736, 41.527264], [-8.385359, 41.518309], [-8.391636, 41.509335], [-8.394636, 41.491336], [-8.393594, 41.464308], [-8.391892, 41.455292], [-8.386145, 41.44474], [-8.374272, 41.434479], [-8.362351, 41.429553], [-8.338444, 41.426684], [-8.314463, 41.431023], [-8.302434, 41.436599], [-8.290376, 41.444711], [-8.281037, 41.454652], [-8.276756, 41.463633], [-8.275448, 41.472632], [-8.279904, 41.490675], [-8.287106, 41.508734], [-8.298629, 41.52682], [-8.313355, 41.53603], [-8.325307, 41.539502], [-8.337287, 41.540333]], [[-8.349329, 41.534979], [-8.337331, 41.535991], [-8.325353, 41.535089], [-8.313401, 41.531622], [-8.301499, 41.523778], [-8.290901, 41.508758], [-8.280835, 41.481673], [-8.28021, 41.472662], [-8.282029, 41.463666], [-8.287359, 41.454692], [-8.296925, 41.445743], [-8.314405, 41.436535], [-8.32641, 41.433028], [-8.338392, 41.431809], [-8.350354, 41.432506], [-8.362293, 41.435473], [-8.374208, 41.441163], [-8.380069, 41.446221], [-8.386487, 41.455263], [-8.391065, 41.473302], [-8.391218, 41.500325], [-8.387698, 41.509314], [-8.381029, 41.518286], [-8.373402, 41.524896], [-8.36135, 41.531607], [-8.349329, 41.534979]]]]}}, {"id": "15", "type": "Feature", "properties": {"fill": "#97a3b2", "value_min": 1.0, "value_max": -1.33}, "geometry": {"type": "MultiPolygon", "coordinates": [[[[-7.960327, 41.870831], [-7.97244, 41.866914], [-7.983879, 41.857728], [-7.988225, 41.84876], [-7.987854, 41.83975], [-7.982611, 41.830697], [-7.973126, 41.824042], [-7.961148, 41.8201], [-7.949114, 41.819699], [-7.937019, 41.822976], [-7.927077, 41.830191], [-7.921795, 41.839148], [-7.921075, 41.848148], [-7.924676, 41.857189], [-7.936289, 41.867086], [-7.948275, 41.870909], [-7.960327, 41.870831]], [[-7.946852, 41.866401], [-7.936351, 41.863344], [-7.929044, 41.85723], [-7.923901, 41.848175], [-7.924179, 41.839171], [-7.929695, 41.830216], [-7.936987, 41.824924], [-7.949081, 41.821713], [-7.961112, 41.822325], [-7.978129, 41.830657], [-7.983319, 41.83971], [-7.983218, 41.848715], [-7.977901, 41.857675], [-7.972519, 41.861982], [-7.960397, 41.866504], [-7.946852, 41.866401]]], [[[-8.349329, 41.534979], [-8.36135, 41.531607], [-8.373402, 41.524896], [-8.381029, 41.518286], [-8.387698, 41.509314], [-8.391218, 41.500325], [-8.391065, 41.473302], [-8.386487, 41.455263], [-8.380069, 41.446221], [-8.374208, 41.441163], [-8.362293, 41.435473], [-8.350354, 41.432506], [-8.338392, 41.431809], [-8.32641, 41.433028], [-8.314405, 41.436535], [-8.296925, 41.445743], [-8.287359, 41.454692], [-8.282029, 41.463666], [-8.28021, 41.472662], [-8.280835, 41.481673], [-8.290901, 41.508758], [-8.301499, 41.523778], [-8.313401, 41.531622], [-8.325353, 41.535089], [-8.337331, 41.535991], [-8.349329, 41.534979]], [[-8.349361, 41.531805], [-8.337363, 41.532899], [-8.325388, 41.531644], [-8.312907, 41.526906], [-8.301554, 41.518597], [-8.294221, 41.508778], [-8.286455, 41.490716], [-8.284189, 41.472687], [-8.286946, 41.463696], [-8.293222, 41.454728], [-8.304686, 41.44579], [-8.314359, 41.440816], [-8.326363, 41.43765], [-8.338344, 41.436525], [-8.350305, 41.437366], [-8.362247, 41.440191], [-8.372867, 41.446182], [-8.381863, 41.455238], [-8.388149, 41.473287], [-8.389448, 41.491308], [-8.388142, 41.500309], [-8.384186, 41.509295], [-8.373439, 41.521088], [-8.361387, 41.527898], [-8.349361, 41.531805]]]]}}, {"id": "22", "type": "Feature", "properties": {"fill": "#214db8", "value_min": 3.33, "value_max": -3.67}, "geometry": {"type": "MultiPolygon", "coordinates": [[[[-7.960784, 41.842628], [-7.962106, 41.83952], [-7.960858, 41.838025], [-7.948898, 41.8329], [-7.939919, 41.839317], [-7.948628, 41.849394], [-7.95268, 41.848441], [-7.960784, 41.842628]], [[-7.944488, 41.839359], [-7.948843, 41.836247], [-7.956043, 41.839465], [-7.948704, 41.844758], [-7.944488, 41.839359]]], [[[-8.349515, 41.516395], [-8.361533, 41.513052], [-8.373628, 41.501416], [-8.37738, 41.491244], [-8.377413, 41.482237], [-8.373914, 41.471719], [-8.36206, 41.459279], [-8.350132, 41.454693], [-8.338172, 41.453399], [-8.326175, 41.455782], [-8.31415, 41.460696], [-8.310163, 41.463838], [-8.301997, 41.477401], [-8.301646, 41.490809], [-8.313635, 41.5095], [-8.325562, 41.514966], [-8.337513, 41.518194], [-8.349515, 41.516395]], [[-8.349552, 41.51275], [-8.337558, 41.513704], [-8.325593, 41.511967], [-8.318853, 41.508927], [-8.313683, 41.504979], [-8.31037, 41.499869], [-8.307569, 41.490845], [-8.306084, 41.481828], [-8.313651, 41.463859], [-8.338134, 41.457157], [-8.362036, 41.461708], [-8.364988, 41.464154], [-8.369417, 41.473186], [-8.373868, 41.476582], [-8.375614, 41.482227], [-8.373673, 41.496754], [-8.369015, 41.500206], [-8.364004, 41.509185], [-8.361553, 41.510988], [-8.349552, 41.51275]]]]}}, {"id": "21", "type": "Feature", "properties": {"fill": "#245bd9", "value_min": 3.0, "value_max": -3.33}, "geometry": {"type": "MultiPolygon", "coordinates": [[[[-7.965474, 41.83955], [-7.960922, 41.834098], [-7.948946, 41.829979], [-7.936024, 41.839281], [-7.940647, 41.848331], [-7.948583, 41.852151], [-7.960673, 41.849484], [-7.965474, 41.83955]], [[-7.960784, 41.842628], [-7.95268, 41.848441], [-7.948628, 41.849394], [-7.939919, 41.839317], [-7.948898, 41.8329], [-7.960858, 41.838025], [-7.962106, 41.83952], [-7.960784, 41.842628]]], [[[-8.361512, 41.515117], [-8.373598, 41.504609], [-8.379207, 41.491254], [-8.379213, 41.482246], [-8.37395, 41.468006], [-8.362084, 41.456851], [-8.350157, 41.452234], [-8.338196, 41.451066], [-8.326205, 41.452867], [-8.31418, 41.457904], [-8.306675, 41.463817], [-8.300543, 41.472787], [-8.298293, 41.481781], [-8.301789, 41.496763], [-8.309946, 41.508874], [-8.32553, 41.517966], [-8.337491, 41.52035], [-8.349486, 41.519288], [-8.361512, 41.515117]], [[-8.349515, 41.516395], [-8.337513, 41.518194], [-8.325562, 41.514966], [-8.313635, 41.5095], [-8.301646, 41.490809], [-8.301997, 41.477401], [-8.310163, 41.463838], [-8.31415, 41.460696], [-8.326175, 41.455782], [-8.338172, 41.453399], [-8.350132, 41.454693], [-8.36206, 41.459279], [-8.373914, 41.471719], [-8.377413, 41.482237], [-8.37738, 41.491244], [-8.373628, 41.501416], [-8.361533, 41.513052], [-8.349515, 41.516395]]]]}}, {"id": "16", "type": "Feature", "properties": {"fill": "#80a4d0", "value_min": 1.33, "value_max": -1.67}, "geometry": {"type": "MultiPolygon", "coordinates": [[[[-7.946852, 41.866401], [-7.960397, 41.866504], [-7.972519, 41.861982], [-7.977901, 41.857675], [-7.983218, 41.848715], [-7.983319, 41.83971], [-7.978129, 41.830657], [-7.961112, 41.822325], [-7.949081, 41.821713], [-7.936987, 41.824924], [-7.929695, 41.830216], [-7.924179, 41.839171], [-7.923901, 41.848175], [-7.929044, 41.85723], [-7.936351, 41.863344], [-7.946852, 41.866401]], [[-7.948393, 41.863745], [-7.93641, 41.859779], [-7.933413, 41.85727], [-7.926823, 41.848202], [-7.926552, 41.839193], [-7.932314, 41.83024], [-7.936955, 41.826872], [-7.949054, 41.823366], [-7.96108, 41.824327], [-7.973647, 41.830617], [-7.979593, 41.839677], [-7.978967, 41.848678], [-7.971813, 41.857621], [-7.960453, 41.863072], [-7.948393, 41.863745]]], [[[-8.349361, 41.531805], [-8.361387, 41.527898], [-8.373439, 41.521088], [-8.384186, 41.509295], [-8.388142, 41.500309], [-8.389448, 41.491308], [-8.388149, 41.473287], [-8.381863, 41.455238], [-8.372867, 41.446182], [-8.362247, 41.440191], [-8.350305, 41.437366], [-8.338344, 41.436525], [-8.326363, 41.43765], [-8.314359, 41.440816], [-8.304686, 41.44579], [-8.293222, 41.454728], [-8.286946, 41.463696], [-8.284189, 41.472687], [-8.286455, 41.490716], [-8.294221, 41.508778], [-8.301554, 41.518597], [-8.312907, 41.526906], [-8.325388, 41.531644], [-8.337363, 41.532899], [-8.349361, 41.531805]], [[-8.337394, 41.529807], [-8.325424, 41.528199], [-8.313484, 41.52385], [-8.301602, 41.514165], [-8.2927, 41.499762], [-8.287734, 41.481716], [-8.288166, 41.472711], [-8.291523, 41.463725], [-8.302272, 41.451774], [-8.314315, 41.445025], [-8.326326, 41.441195], [-8.338309, 41.439964], [-8.35027, 41.44086], [-8.362205, 41.444449], [-8.374106, 41.451795], [-8.382922, 41.464251], [-8.386854, 41.491295], [-8.381191, 41.509279], [-8.373474, 41.517431], [-8.361415, 41.524997], [-8.349393, 41.528632], [-8.337394, 41.529807]]]]}}, {"id": "20", "type": "Feature", "properties": {"fill": "#2e6eed", "value_min": 2.67, "value_max": -3.0}, "geometry": {"type": "MultiPolygon", "coordinates": [[[[-7.968842, 41.839581], [-7.961326, 41.830506], [-7.948973, 41.828326], [-7.942915, 41.830338], [-7.936825, 41.834685], [-7.933655, 41.839259], [-7.936582, 41.849368], [-7.948538, 41.854909], [-7.960618, 41.852857], [-7.966185, 41.848563], [-7.968842, 41.839581]], [[-7.965474, 41.83955], [-7.960673, 41.849484], [-7.948583, 41.852151], [-7.940647, 41.848331], [-7.936024, 41.839281], [-7.948946, 41.829979], [-7.960922, 41.834098], [-7.965474, 41.83955]]], [[[-8.361492, 41.517182], [-8.372308, 41.509231], [-8.378758, 41.500259], [-8.381034, 41.491263], [-8.379016, 41.473238], [-8.373915, 41.464203], [-8.36211, 41.454223], [-8.350181, 41.449776], [-8.33822, 41.448733], [-8.326232, 41.450262], [-8.314209, 41.455111], [-8.303187, 41.463796], [-8.297569, 41.472769], [-8.29581, 41.481766], [-8.296896, 41.49078], [-8.300594, 41.49981], [-8.306942, 41.508856], [-8.31358, 41.514747], [-8.325505, 41.52044], [-8.337469, 41.522506], [-8.349464, 41.52151], [-8.361492, 41.517182]], [[-8.361512, 41.515117], [-8.349486, 41.519288], [-8.337491, 41.52035], [-8.32553, 41.517966], [-8.309946, 41.508874], [-8.301789, 41.496763], [-8.298293, 41.481781], [-8.300543, 41.472787], [-8.306675, 41.463817], [-8.31418, 41.457904], [-8.326205, 41.452867], [-8.338196, 41.451066], [-8.350157, 41.452234], [-8.362084, 41.456851], [-8.37395, 41.468006], [-8.379213, 41.482246], [-8.379207, 41.491254], [-8.373598, 41.504609], [-8.361512, 41.515117]]]]}}, {"id": "17", "type": "Feature", "properties": {"fill": "#6ba5ec", "value_min": 1.67, "value_max": -2.0}, "geometry": {"type": "MultiPolygon", "coordinates": [[[[-7.948393, 41.863745], [-7.960453, 41.863072], [-7.971813, 41.857621], [-7.978967, 41.848678], [-7.979593, 41.839677], [-7.973647, 41.830617], [-7.96108, 41.824327], [-7.949054, 41.823366], [-7.936955, 41.826872], [-7.932314, 41.83024], [-7.926552, 41.839193], [-7.926823, 41.848202], [-7.933413, 41.85727], [-7.93641, 41.859779], [-7.948393, 41.863745]], [[-7.948442, 41.860718], [-7.936468, 41.856251], [-7.929775, 41.84823], [-7.928919, 41.839215], [-7.936922, 41.82882], [-7.949027, 41.825019], [-7.961047, 41.826329], [-7.969503, 41.83058], [-7.975867, 41.839643], [-7.974716, 41.84864], [-7.964846, 41.857558], [-7.960508, 41.85964], [-7.948442, 41.860718]]], [[[-8.337394, 41.529807], [-8.349393, 41.528632], [-8.361415, 41.524997], [-8.373474, 41.517431], [-8.381191, 41.509279], [-8.386854, 41.491295], [-8.382922, 41.464251], [-8.374106, 41.451795], [-8.362205, 41.444449], [-8.35027, 41.44086], [-8.338309, 41.439964], [-8.326326, 41.441195], [-8.314315, 41.445025], [-8.302272, 41.451774], [-8.291523, 41.463725], [-8.288166, 41.472711], [-8.287734, 41.481716], [-8.2927, 41.499762], [-8.301602, 41.514165], [-8.313484, 41.52385], [-8.325424, 41.528199], [-8.337394, 41.529807]], [[-8.34942, 41.525956], [-8.337425, 41.526817], [-8.325453, 41.525383], [-8.309942, 41.517881], [-8.301648, 41.509862], [-8.295331, 41.499778], [-8.290844, 41.481735], [-8.29162, 41.472733], [-8.295456, 41.463749], [-8.304102, 41.454794], [-8.314278, 41.448519], [-8.326289, 41.444738], [-8.338275, 41.443268], [-8.350235, 41.444355], [-8.362171, 41.448009], [-8.372726, 41.455189], [-8.379919, 41.464235], [-8.384612, 41.482275], [-8.383073, 41.500282], [-8.378196, 41.509263], [-8.373505, 41.514218], [-8.361442, 41.522289], [-8.34942, 41.525956]]]]}}, {"id": "5", "type": "Feature", "properties": {"fill": "#ea870e", "value_min": -2.33, "value_max": -2.0}, "geometry": {"type": "MultiPolygon", "coordinates": [[[[-7.883837, 41.854576], [-7.900686, 41.835235], [-7.909554, 41.821019], [-7.912725, 41.812043], [-7.912988, 41.803038], [-7.906893, 41.784967], [-7.901664, 41.778011], [-7.889673, 41.77556], [-7.865576, 41.777433], [-7.843336, 41.775338], [-7.825038, 41.766145], [-7.819937, 41.757086], [-7.821525, 41.748096], [-7.830121, 41.742018], [-7.834581, 41.739222], [-7.854324, 41.733537], [-7.866481, 41.725976], [-7.880078, 41.69464], [-7.882191, 41.685653], [-7.882035, 41.672037], [-7.877044, 41.676077], [-7.876723, 41.681253], [-7.872525, 41.685971], [-7.874821, 41.694589], [-7.874141, 41.703589], [-7.870924, 41.712564], [-7.866586, 41.72001], [-7.854416, 41.72839], [-7.830317, 41.731235], [-7.813134, 41.729996], [-7.794355, 41.725351], [-7.785803, 41.720405], [-7.78252, 41.723546], [-7.776204, 41.724652], [-7.773786, 41.727346], [-7.770798, 41.72441], [-7.765698, 41.723044], [-7.76206, 41.728795], [-7.77018, 41.732134], [-7.781965, 41.74482], [-7.796917, 41.765854], [-7.811065, 41.775008], [-7.841467, 41.779833], [-7.889583, 41.780788], [-7.901496, 41.787838], [-7.909526, 41.803006], [-7.909949, 41.812016], [-7.906969, 41.820995], [-7.900758, 41.831038], [-7.888469, 41.845252], [-7.879057, 41.852344], [-7.883837, 41.854576]]], [[[-7.74645, 41.852173], [-7.755892, 41.849331], [-7.767868, 41.852986], [-7.770972, 41.855647], [-7.773124, 41.864677], [-7.767445, 41.874999], [-7.755311, 41.879255], [-7.74333, 41.875654], [-7.736883, 41.864284], [-7.73811, 41.860923], [-7.735089, 41.864063], [-7.734159, 41.868337], [-7.730228, 41.871024], [-7.729293, 41.875972], [-7.722351, 41.878424], [-7.720523, 41.881793], [-7.725335, 41.882935], [-7.726208, 41.887665], [-7.737044, 41.888828], [-7.737935, 41.890857], [-7.74246, 41.889747], [-7.742785, 41.885922], [-7.756022, 41.888441], [-7.758719, 41.890926], [-7.756592, 41.89407], [-7.758076, 41.897901], [-7.763193, 41.898593], [-7.779227, 41.886264], [-7.785257, 41.885157], [-7.788886, 41.882467], [-7.794007, 41.882257], [-7.796739, 41.878214], [-7.794349, 41.87438], [-7.797064, 41.873488], [-7.803381, 41.874857], [-7.804914, 41.869459], [-7.813032, 41.871958], [-7.814229, 41.873537], [-7.823863, 41.874013], [-7.825059, 41.875817], [-7.830479, 41.875831], [-7.830789, 41.874031], [-7.832894, 41.874712], [-7.83772, 41.872924], [-7.842528, 41.875187], [-7.842267, 41.866329], [-7.827867, 41.865821], [-7.815894, 41.861684], [-7.780318, 41.831755], [-7.768359, 41.827358], [-7.742841, 41.826888], [-7.738919, 41.828515], [-7.739805, 41.831219], [-7.74729, 41.837772], [-7.746349, 41.84407], [-7.750541, 41.847685], [-7.750532, 41.849261], [-7.743309, 41.849012], [-7.74645, 41.852173]]], [[[-7.738119, 41.860899], [-7.738119, 41.860899], [-7.738192, 41.860698], [-7.738119, 41.860899]]], [[[-7.738425, 41.86006], [-7.738425, 41.86006], [-7.738685, 41.859349], [-7.738425, 41.86006]]], [[[-7.738731, 41.859222], [-7.738731, 41.859222], [-7.738767, 41.859125], [-7.738731, 41.859222]]], [[[-8.37062, 41.733277], [-8.372981, 41.725408], [-8.378923, 41.716433], [-8.389705, 41.707483], [-8.407769, 41.699043], [-8.419811, 41.696335], [-8.431834, 41.695781], [-8.452672, 41.69895], [-8.453255, 41.695487], [-8.461659, 41.694563], [-8.482012, 41.682123], [-8.484371, 41.674238], [-8.49308, 41.674886], [-8.499963, 41.671038], [-8.50927, 41.671233], [-8.51018, 41.672806], [-8.511967, 41.670324], [-8.509856, 41.668755], [-8.522103, 41.658811], [-8.525706, 41.659023], [-8.527769, 41.652714], [-8.534066, 41.652017], [-8.537355, 41.64998], [-8.537634, 41.646602], [-8.542688, 41.639184], [-8.504566, 41.614036], [-8.468779, 41.587263], [-8.457396, 41.581723], [-8.456843, 41.579875], [-8.444855, 41.579019], [-8.441934, 41.581649], [-8.43282, 41.583474], [-8.420781, 41.588143], [-8.372551, 41.612879], [-8.342847, 41.626161], [-8.32756, 41.63508], [-8.300041, 41.65885], [-8.287944, 41.666657], [-8.27591, 41.668667], [-8.227969, 41.659488], [-8.215956, 41.659677], [-8.203918, 41.661926], [-8.191852, 41.666282], [-8.174533, 41.679118], [-8.169762, 41.688091], [-8.168937, 41.697092], [-8.171255, 41.706116], [-8.18095, 41.715192], [-8.214359, 41.73344], [-8.224174, 41.742513], [-8.233891, 41.769599], [-8.245546, 41.785862], [-8.251257, 41.784375], [-8.251845, 41.777172], [-8.257551, 41.773564], [-8.261762, 41.774235], [-8.269568, 41.76905], [-8.269565, 41.767474], [-8.273015, 41.766344], [-8.262882, 41.757579], [-8.260174, 41.751758], [-8.261091, 41.742757], [-8.26891, 41.7338], [-8.275221, 41.730073], [-8.287265, 41.728228], [-8.299262, 41.730698], [-8.304898, 41.734023], [-8.312696, 41.743077], [-8.313728, 41.75209], [-8.309055, 41.760848], [-8.311096, 41.762195], [-8.318308, 41.761283], [-8.325233, 41.765098], [-8.328234, 41.763292], [-8.336653, 41.763728], [-8.341756, 41.761468], [-8.344765, 41.762363], [-8.349267, 41.760103], [-8.352557, 41.755145], [-8.34982, 41.745922], [-8.349814, 41.744122], [-8.352516, 41.743441], [-8.352203, 41.739616], [-8.357897, 41.735103], [-8.362407, 41.735994], [-8.368703, 41.73193], [-8.37062, 41.733277]], [[-8.227313, 41.714373], [-8.215267, 41.716432], [-8.203269, 41.714518], [-8.189432, 41.706245], [-8.18479, 41.697205], [-8.186515, 41.688211], [-8.191651, 41.682385], [-8.203746, 41.675889], [-8.215772, 41.674883], [-8.227748, 41.678041], [-8.240044, 41.688577], [-8.242733, 41.697602], [-8.238848, 41.706583], [-8.227313, 41.714373]], [[-8.383754, 41.696803], [-8.371719, 41.698599], [-8.359707, 41.697998], [-8.347731, 41.693786], [-8.341621, 41.689204], [-8.335442, 41.680161], [-8.332992, 41.67114], [-8.334158, 41.66214], [-8.338407, 41.653157], [-8.348243, 41.643064], [-8.360323, 41.635805], [-8.385954, 41.626399], [-8.420646, 41.60323], [-8.432681, 41.599274], [-8.444693, 41.597909], [-8.456676, 41.599795], [-8.468638, 41.604481], [-8.484794, 41.617878], [-8.490074, 41.626908], [-8.49185, 41.635923], [-8.490599, 41.644925], [-8.485314, 41.653909], [-8.480203, 41.658698], [-8.468134, 41.665755], [-8.431997, 41.677291], [-8.405202, 41.689551], [-8.383754, 41.696803]]], [[[-7.94991, 41.770934], [-7.962897, 41.767473], [-7.97184, 41.758546], [-7.972512, 41.749545], [-7.96241, 41.741882], [-7.950412, 41.740173], [-7.938351, 41.742291], [-7.926975, 41.749129], [-7.920856, 41.758078], [-7.926231, 41.767136], [-7.937884, 41.770635], [-7.94991, 41.770934]], [[-7.950236, 41.750945], [-7.9574, 41.758416], [-7.949985, 41.766337], [-7.937981, 41.764712], [-7.932957, 41.758191], [-7.938184, 41.752399], [-7.950236, 41.750945]]], [[[-8.010331, 41.75376], [-8.023117, 41.749987], [-8.030371, 41.741041], [-8.029233, 41.732025], [-8.022797, 41.724914], [-8.010871, 41.718614], [-7.998855, 41.718239], [-7.988953, 41.72267], [-7.981541, 41.731612], [-7.980287, 41.740608], [-7.991691, 41.749715], [-8.010331, 41.75376]], [[-8.016607, 41.731917], [-8.011341, 41.740879], [-8.009542, 41.740863], [-8.003224, 41.731802], [-8.010718, 41.728566], [-8.016607, 41.731917]]], [[[-8.083374, 41.692385], [-8.095373, 41.693629], [-8.105145, 41.687606], [-8.114791, 41.678674], [-8.113474, 41.669656], [-8.107788, 41.664859], [-8.095866, 41.658455], [-8.071895, 41.654929], [-8.048185, 41.633883], [-8.036286, 41.626689], [-8.024337, 41.623047], [-8.012356, 41.621523], [-8.000333, 41.622756], [-7.988267, 41.626726], [-7.97947, 41.632516], [-7.972605, 41.641462], [-7.970385, 41.650449], [-7.971943, 41.65947], [-7.977068, 41.668523], [-7.987551, 41.677623], [-7.99941, 41.682457], [-8.01141, 41.683448], [-8.023446, 41.682058], [-8.059652, 41.670999], [-8.065814, 41.678286], [-8.083374, 41.692385]], [[-8.098533, 41.66954], [-8.10388, 41.678589], [-8.095461, 41.687353], [-8.083453, 41.686831], [-8.075848, 41.678367], [-8.080273, 41.669395], [-8.083728, 41.667388], [-8.095735, 41.667764], [-8.098533, 41.66954]], [[-8.047769, 41.662125], [-8.043311, 41.669094], [-8.035595, 41.673092], [-8.023535, 41.676142], [-8.011539, 41.675024], [-7.999954, 41.668725], [-7.994471, 41.65967], [-7.995912, 41.650675], [-8.005332, 41.64175], [-8.012095, 41.638643], [-8.024119, 41.63751], [-8.036074, 41.640962], [-8.047552, 41.651115], [-8.049567, 41.660139], [-8.047769, 41.662125]]], [[[-8.802177, 41.600346], [-8.813942, 41.582852], [-8.82184, 41.562822], [-8.818497, 41.554794], [-8.8221, 41.547542], [-8.821965, 41.534907], [-8.815926, 41.525624], [-8.815181, 41.519971], [-8.811755, 41.51463], [-8.81063, 41.5101], [-8.813224, 41.49908], [-8.804807, 41.482243], [-8.803062, 41.47996], [-8.798557, 41.474187], [-8.781152, 41.457111], [-8.76884, 41.447659], [-8.737502, 41.429577], [-8.697538, 41.413982], [-8.6378, 41.397816], [-8.590009, 41.388337], [-8.566086, 41.388636], [-8.542123, 41.394418], [-8.530123, 41.399714], [-8.518104, 41.407373], [-8.505544, 41.419806], [-8.495586, 41.437778], [-8.491052, 41.473788], [-8.485194, 41.482769], [-8.46955, 41.492965], [-8.46153, 41.500676], [-8.451635, 41.518644], [-8.433473, 41.536571], [-8.430673, 41.545564], [-8.432448, 41.55458], [-8.444935, 41.569619], [-8.456913, 41.57157], [-8.468953, 41.565981], [-8.493088, 41.547097], [-8.505115, 41.542242], [-8.517126, 41.539317], [-8.529117, 41.538964], [-8.541081, 41.542383], [-8.557638, 41.55513], [-8.571355, 41.573197], [-8.579837, 41.591242], [-8.588673, 41.620076], [-8.591462, 41.620515], [-8.596534, 41.616668], [-8.601628, 41.615972], [-8.603996, 41.611686], [-8.613256, 41.606696], [-8.619881, 41.610269], [-8.621338, 41.604636], [-8.628833, 41.604378], [-8.636302, 41.600744], [-8.639873, 41.597352], [-8.640152, 41.59465], [-8.645536, 41.593051], [-8.646744, 41.594171], [-8.649125, 41.591909], [-8.656622, 41.5921], [-8.660788, 41.588255], [-8.663794, 41.589141], [-8.664678, 41.587348], [-8.648732, 41.588951], [-8.636738, 41.58822], [-8.624754, 41.585787], [-8.612784, 41.581305], [-8.600828, 41.574771], [-8.578725, 41.555209], [-8.553222, 41.520313], [-8.541312, 41.50973], [-8.520439, 41.500937], [-8.517431, 41.498233], [-8.515563, 41.509924], [-8.51086, 41.518911], [-8.505264, 41.52268], [-8.493231, 41.528786], [-8.481235, 41.529971], [-8.46929, 41.524825], [-8.465152, 41.518708], [-8.464913, 41.509699], [-8.47255, 41.500727], [-8.481506, 41.495996], [-8.493496, 41.494721], [-8.505464, 41.496415], [-8.51443, 41.491904], [-8.505158, 41.464842], [-8.505048, 41.446827], [-8.508268, 41.437833], [-8.514537, 41.428852], [-8.529999, 41.416973], [-8.541997, 41.412459], [-8.553976, 41.410463], [-8.565941, 41.410374], [-8.589837, 41.415712], [-8.601768, 41.421431], [-8.613361, 41.429227], [-8.622553, 41.438265], [-8.627512, 41.447288], [-8.633374, 41.47433], [-8.639514, 41.483357], [-8.651312, 41.4924], [-8.661211, 41.496784], [-8.697106, 41.507004], [-8.704279, 41.510564], [-8.713662, 41.519595], [-8.71792, 41.528613], [-8.717985, 41.546628], [-8.714454, 41.555626], [-8.701779, 41.570277], [-8.707704, 41.570923], [-8.712485, 41.569323], [-8.716422, 41.573805], [-8.720316, 41.57356], [-8.725151, 41.577811], [-8.726633, 41.576003], [-8.734424, 41.575737], [-8.736564, 41.580228], [-8.738354, 41.579318], [-8.740778, 41.582006], [-8.74467, 41.581535], [-8.750711, 41.58623], [-8.756374, 41.582823], [-8.75635, 41.580347], [-8.762327, 41.578514], [-8.764443, 41.580303], [-8.767441, 41.580286], [-8.769874, 41.583874], [-8.768997, 41.58613], [-8.773228, 41.589482], [-8.775371, 41.593972], [-8.78556, 41.593464], [-8.797327, 41.600599], [-8.802177, 41.600346]], [[-8.457195, 41.537807], [-8.461166, 41.545711], [-8.457106, 41.548464], [-8.447634, 41.545647], [-8.457195, 41.537807]]], [[[-8.685609, 41.580827], [-8.667372, 41.586795], [-8.670979, 41.587982], [-8.684455, 41.586117], [-8.685609, 41.580827]]], [[[-8.701704, 41.570345], [-8.701704, 41.570345], [-8.70153, 41.570503], [-8.701704, 41.570345]]], [[[-8.701407, 41.570615], [-8.686624, 41.580255], [-8.697261, 41.576376], [-8.701407, 41.570615]]], [[[-8.685907, 41.580658], [-8.685907, 41.580658], [-8.685818, 41.580709], [-8.685907, 41.580658]]], [[[-8.072052, 41.492243], [-8.086716, 41.49831], [-8.110013, 41.502983], [-8.13396, 41.504232], [-8.145976, 41.501678], [-8.151956, 41.49881], [-8.160904, 41.489868], [-8.164732, 41.480889], [-8.164387, 41.462871], [-8.158655, 41.447747], [-8.146926, 41.42926], [-8.135075, 41.420386], [-8.123131, 41.418706], [-8.09918, 41.420033], [-8.087171, 41.423117], [-8.07513, 41.428294], [-8.061033, 41.438915], [-8.064916, 41.444052], [-8.067908, 41.444279], [-8.069999, 41.447206], [-8.068788, 41.462286], [-8.073872, 41.46499], [-8.073871, 41.466693], [-8.075081, 41.462188], [-8.086796, 41.44985], [-8.098836, 41.444921], [-8.110831, 41.443185], [-8.122784, 41.444482], [-8.134704, 41.448318], [-8.146554, 41.457652], [-8.153929, 41.471802], [-8.154003, 41.48081], [-8.149903, 41.489787], [-8.136602, 41.498696], [-8.122022, 41.501005], [-8.110052, 41.500138], [-8.098112, 41.497224], [-8.081657, 41.489263], [-8.074856, 41.480201], [-8.073565, 41.474474], [-8.066074, 41.483218], [-8.066069, 41.48817], [-8.071755, 41.489974], [-8.071753, 41.492101], [-8.072012, 41.492225], [-8.072052, 41.492243]]], [[[-8.073433, 41.473993], [-8.073433, 41.473993], [-8.073372, 41.473768], [-8.073433, 41.473993]]], [[[-8.073602, 41.467691], [-8.073602, 41.467691], [-8.073844, 41.466791], [-8.073602, 41.467691]]], [[[-8.131461, 41.374743], [-8.133175, 41.390581], [-8.136555, 41.399614], [-8.142013, 41.408662], [-8.147136, 41.413216], [-8.161947, 41.417817], [-8.182931, 41.421239], [-8.206853, 41.422219], [-8.218833, 41.421091], [-8.242846, 41.414229], [-8.251301, 41.409425], [-8.262362, 41.400489], [-8.26873, 41.391522], [-8.272015, 41.382536], [-8.271439, 41.364517], [-8.267451, 41.354181], [-8.261918, 41.345856], [-8.256483, 41.347663], [-8.253204, 41.351346], [-8.262708, 41.364461], [-8.265146, 41.373484], [-8.26481, 41.38249], [-8.261462, 41.391476], [-8.254073, 41.400436], [-8.24292, 41.407846], [-8.230904, 41.412254], [-8.218917, 41.414083], [-8.206955, 41.413812], [-8.188241, 41.408998], [-8.173373, 41.399884], [-8.165751, 41.390822], [-8.162243, 41.37969], [-8.152544, 41.375866], [-8.151049, 41.37339], [-8.145073, 41.374742], [-8.139694, 41.377894], [-8.134016, 41.374518], [-8.131461, 41.374743]]]]}}, {"id": "23", "type": "Feature", "properties": {"fill": "#1f4099", "value_min": 3.67, "value_max": -4.0}, "geometry": {"type": "MultiPolygon", "coordinates": [[[[-7.944488, 41.839359], [-7.948704, 41.844758], [-7.956043, 41.839465], [-7.948843, 41.836247], [-7.944488, 41.839359]]], [[[-8.349552, 41.51275], [-8.361553, 41.510988], [-8.364004, 41.509185], [-8.369015, 41.500206], [-8.373673, 41.496754], [-8.375614, 41.482227], [-8.373868, 41.476582], [-8.369417, 41.473186], [-8.364988, 41.464154], [-8.362036, 41.461708], [-8.338134, 41.457157], [-8.313651, 41.463859], [-8.306084, 41.481828], [-8.307569, 41.490845], [-8.31037, 41.499869], [-8.313683, 41.504979], [-8.318853, 41.508927], [-8.325593, 41.511967], [-8.337558, 41.513704], [-8.349552, 41.51275]]]]}}, {"id": "18", "type": "Feature", "properties": {"fill": "#5599f7", "value_min": 2.0, "value_max": -2.33}, "geometry": {"type": "MultiPolygon", "coordinates": [[[[-7.948442, 41.860718], [-7.960508, 41.85964], [-7.964846, 41.857558], [-7.974716, 41.84864], [-7.975867, 41.839643], [-7.969503, 41.83058], [-7.961047, 41.826329], [-7.949027, 41.825019], [-7.936922, 41.82882], [-7.928919, 41.839215], [-7.929775, 41.84823], [-7.936468, 41.856251], [-7.948442, 41.860718]], [[-7.947696, 41.857402], [-7.936525, 41.85281], [-7.932727, 41.848257], [-7.931288, 41.839237], [-7.938099, 41.830294], [-7.949, 41.826672], [-7.961015, 41.828332], [-7.965414, 41.830543], [-7.972211, 41.839611], [-7.970455, 41.848602], [-7.960563, 41.856231], [-7.947696, 41.857402]]], [[[-8.34942, 41.525956], [-8.361442, 41.522289], [-8.373505, 41.514218], [-8.378196, 41.509263], [-8.383073, 41.500282], [-8.384612, 41.482275], [-8.379919, 41.464235], [-8.372726, 41.455189], [-8.362171, 41.448009], [-8.350235, 41.444355], [-8.338275, 41.443268], [-8.326289, 41.444738], [-8.314278, 41.448519], [-8.304102, 41.454794], [-8.295456, 41.463749], [-8.29162, 41.472733], [-8.290844, 41.481735], [-8.295331, 41.499778], [-8.301648, 41.509862], [-8.309942, 41.517881], [-8.325453, 41.525383], [-8.337425, 41.526817], [-8.34942, 41.525956]], [[-8.349442, 41.523733], [-8.337447, 41.524661], [-8.325479, 41.522911], [-8.313552, 41.517369], [-8.301693, 41.505719], [-8.294521, 41.490765], [-8.293327, 41.481751], [-8.294595, 41.472751], [-8.299388, 41.463773], [-8.314243, 41.451839], [-8.326259, 41.447656], [-8.338244, 41.4464], [-8.350206, 41.447317], [-8.36214, 41.451116], [-8.374024, 41.460326], [-8.381145, 41.473249], [-8.382861, 41.491273], [-8.380916, 41.50027], [-8.373536, 41.511005], [-8.361468, 41.519579], [-8.349442, 41.523733]]]]}}, {"id": "19", "type": "Feature", "properties": {"fill": "#4182f2", "value_min": 2.33, "value_max": -2.67}, "geometry": {"type": "MultiPolygon", "coordinates": [[[[-7.947696, 41.857402], [-7.960563, 41.856231], [-7.970455, 41.848602], [-7.972211, 41.839611], [-7.965414, 41.830543], [-7.961015, 41.828332], [-7.949, 41.826672], [-7.938099, 41.830294], [-7.931288, 41.839237], [-7.932727, 41.848257], [-7.936525, 41.85281], [-7.947696, 41.857402]], [[-7.968842, 41.839581], [-7.966185, 41.848563], [-7.960618, 41.852857], [-7.948538, 41.854909], [-7.936582, 41.849368], [-7.933655, 41.839259], [-7.936825, 41.834685], [-7.942915, 41.830338], [-7.948973, 41.828326], [-7.961326, 41.830506], [-7.968842, 41.839581]]], [[[-8.349442, 41.523733], [-8.361468, 41.519579], [-8.373536, 41.511005], [-8.380916, 41.50027], [-8.382861, 41.491273], [-8.381145, 41.473249], [-8.374024, 41.460326], [-8.36214, 41.451116], [-8.350206, 41.447317], [-8.338244, 41.4464], [-8.326259, 41.447656], [-8.314243, 41.451839], [-8.299388, 41.463773], [-8.294595, 41.472751], [-8.293327, 41.481751], [-8.294521, 41.490765], [-8.301693, 41.505719], [-8.313552, 41.517369], [-8.325479, 41.522911], [-8.337447, 41.524661], [-8.349442, 41.523733]], [[-8.361492, 41.517182], [-8.349464, 41.52151], [-8.337469, 41.522506], [-8.325505, 41.52044], [-8.31358, 41.514747], [-8.306942, 41.508856], [-8.300594, 41.49981], [-8.296896, 41.49078], [-8.29581, 41.481766], [-8.297569, 41.472769], [-8.303187, 41.463796], [-8.314209, 41.455111], [-8.326232, 41.450262], [-8.33822, 41.448733], [-8.350181, 41.449776], [-8.36211, 41.454223], [-8.373915, 41.464203], [-8.379016, 41.473238], [-8.381034, 41.491263], [-8.378758, 41.500259], [-8.372308, 41.509231], [-8.361492, 41.517182]]]]}}]}