{"type": "FeatureCollection", "features": [{"id": "19", "type": "Feature", "properties": {"fill": "#4182f2", "value_min": 2.33, "value_max": 2.67}, "geometry": {"type": "Polygon", "coordinates": [[[-8.349418, 41.526104], [-8.361443, 41.522162], [-8.376986, 41.509256], [-8.381478, 41.500273], [-8.382718, 41.491273], [-8.380828, 41.473248], [-8.37403, 41.459738], [-8.36215, 41.450104], [-8.350216, 41.446273], [-8.338259, 41.444853], [-8.326277, 41.445957], [-8.314272, 41.449144], [-8.304071, 41.454794], [-8.294307, 41.463742], [-8.289823, 41.472722], [-8.288055, 41.481718], [-8.289293, 41.490733], [-8.297311, 41.508797], [-8.313501, 41.522175], [-8.325446, 41.526108], [-8.337421, 41.527228], [-8.349418, 41.526104]], [[-8.349442, 41.523734], [-8.337444, 41.524883], [-8.325473, 41.523483], [-8.313538, 41.518685], [-8.301571, 41.508823], [-8.29532, 41.499778], [-8.292287, 41.490752], [-8.291533, 41.48174], [-8.293253, 41.472743], [-8.29872, 41.463769], [-8.314237, 41.452461], [-8.32625, 41.448583], [-8.338232, 41.447522], [-8.350191, 41.448751], [-8.362119, 41.453242], [-8.37399, 41.463844], [-8.378833, 41.473237], [-8.38092, 41.491263], [-8.379375, 41.500262], [-8.373548, 41.509791], [-8.36307, 41.518188], [-8.349442, 41.523734]]]}}, {"id": "18", "type": "Feature", "properties": {"fill": "#5599f7", "value_min": 2.0, "value_max": 2.33}, "geometry": {"type": "Polygon", "coordinates": [[[-8.361414, 41.525083], [-8.373479, 41.516904], [-8.379956, 41.509272], [-8.383581, 41.500285], [-8.384159, 41.482273], [-8.379817, 41.464235], [-8.373604, 41.455194], [-8.362181, 41.446966], [-8.35025, 41.442918], [-8.338292, 41.441599], [-8.326313, 41.442483], [-8.314307, 41.445821], [-8.297998, 41.454757], [-8.289817, 41.463714], [-8.285126, 41.472693], [-8.28381, 41.481692], [-8.285006, 41.490707], [-8.293052, 41.508771], [-8.301559, 41.518156], [-8.313464, 41.525666], [-8.325412, 41.529404], [-8.337387, 41.530516], [-8.349388, 41.529064], [-8.361414, 41.525083]], [[-8.349418, 41.526104], [-8.337421, 41.527228], [-8.325446, 41.526108], [-8.313501, 41.522175], [-8.297311, 41.508797], [-8.289293, 41.490733], [-8.288055, 41.481718], [-8.289823, 41.472722], [-8.294307, 41.463742], [-8.304071, 41.454794], [-8.314272, 41.449144], [-8.326277, 41.445957], [-8.338259, 41.444853], [-8.350216, 41.446273], [-8.36215, 41.450104], [-8.37403, 41.459738], [-8.380828, 41.473248], [-8.382718, 41.491273], [-8.381478, 41.500273], [-8.376986, 41.509256], [-8.361443, 41.522162], [-8.349418, 41.526104]]]}}, {"id": "20", "type": "Feature", "properties": {"fill": "#2e6eed", "value_min": 2.67, "value_max": 3.0}, "geometry": {"type": "Polygon", "coordinates": [[[-8.349442, 41.523734], [-8.36307, 41.518188], [-8.373548, 41.509791], [-8.379375, 41.500262], [-8.38092, 41.491263], [-8.378833, 41.473237], [-8.37399, 41.463844], [-8.362119, 41.453242], [-8.350191, 41.448751], [-8.338232, 41.447522], [-8.32625, 41.448583], [-8.314237, 41.452461], [-8.29872, 41.463769], [-8.293253, 41.472743], [-8.291533, 41.48174], [-8.292287, 41.490752], [-8.29532, 41.499778], [-8.301571, 41.508823], [-8.313538, 41.518685], [-8.325473, 41.523483], [-8.337444, 41.524883], [-8.349442, 41.523734]], [[-8.337468, 41.522592], [-8.3255, 41.520858], [-8.318507, 41.517932], [-8.305103, 41.508845], [-8.298532, 41.499797], [-8.295078, 41.490769], [-8.294378, 41.481757], [-8.296611, 41.472763], [-8.302131, 41.464885], [-8.314203, 41.455643], [-8.326222, 41.451209], [-8.338208, 41.449876], [-8.350167, 41.45123], [-8.359649, 41.455117], [-8.371194, 41.464188], [-8.376836, 41.473226], [-8.379122, 41.491253], [-8.377271, 41.500251], [-8.373582, 41.506279], [-8.361498, 41.516602], [-8.349466, 41.521364], [-8.337468, 41.522592]]]}}, {"id": "21", "type": "Feature", "properties": {"fill": "#245bd9", "value_min": 3.0, "value_max": 3.33}, "geometry": {"type": "Polygon", "coordinates": [[[-8.337468, 41.522592], [-8.349466, 41.521364], [-8.361498, 41.516602], [-8.373582, 41.506279], [-8.377271, 41.500251], [-8.379122, 41.491253], [-8.376836, 41.473226], [-8.371194, 41.464188], [-8.359649, 41.455117], [-8.350167, 41.45123], [-8.338208, 41.449876], [-8.326222, 41.451209], [-8.314203, 41.455643], [-8.302131, 41.464885], [-8.296611, 41.472763], [-8.294378, 41.481757], [-8.295078, 41.490769], [-8.298532, 41.499797], [-8.305103, 41.508845], [-8.318507, 41.517932], [-8.3255, 41.520858], [-8.337468, 41.522592]], [[-8.337491, 41.5203], [-8.325528, 41.518233], [-8.313599, 41.512912], [-8.308619, 41.508866], [-8.301744, 41.499817], [-8.297869, 41.490786], [-8.297223, 41.481775], [-8.302079, 41.469773], [-8.306831, 41.463818], [-8.314174, 41.458475], [-8.326195, 41.453836], [-8.338184, 41.452232], [-8.350142, 41.45371], [-8.362065, 41.458837], [-8.368134, 41.464171], [-8.37484, 41.473215], [-8.377324, 41.491243], [-8.373615, 41.502775], [-8.361522, 41.514125], [-8.349489, 41.518993], [-8.337491, 41.5203]]]}}, {"id": "23", "type": "Feature", "properties": {"fill": "#1f4099", "value_min": 3.67, "value_max": 4.0}, "geometry": {"type": "Polygon", "coordinates": [[[-8.371065, 41.500217], [-8.373658, 41.498295], [-8.375525, 41.491234], [-8.375538, 41.482226], [-8.37387, 41.476328], [-8.369755, 41.473187], [-8.362039, 41.461487], [-8.33816, 41.454587], [-8.314144, 41.461306], [-8.31066, 41.463841], [-8.302011, 41.476091], [-8.300069, 41.481792], [-8.301824, 41.493515], [-8.307736, 41.499853], [-8.313629, 41.510101], [-8.337516, 41.517908], [-8.361546, 41.511649], [-8.371065, 41.500217]]]}}, {"id": "22", "type": "Feature", "properties": {"fill": "#214db8", "value_min": 3.33, "value_max": 3.67}, "geometry": {"type": "Polygon", "coordinates": [[[-8.337491, 41.5203], [-8.349489, 41.518993], [-8.361522, 41.514125], [-8.373615, 41.502775], [-8.377324, 41.491243], [-8.37484, 41.473215], [-8.368134, 41.464171], [-8.362065, 41.458837], [-8.350142, 41.45371], [-8.338184, 41.452232], [-8.326195, 41.453836], [-8.314174, 41.458475], [-8.306831, 41.463818], [-8.302079, 41.469773], [-8.297223, 41.481775], [-8.297869, 41.490786], [-8.301744, 41.499817], [-8.308619, 41.508866], [-8.313599, 41.512912], [-8.325528, 41.518233], [-8.337491, 41.5203]], [[-8.371065, 41.500217], [-8.361546, 41.511649], [-8.337516, 41.517908], [-8.313629, 41.510101], [-8.307736, 41.499853], [-8.301824, 41.493515], [-8.300069, 41.481792], [-8.302011, 41.476091], [-8.31066, 41.463841], [-8.314144, 41.461306], [-8.33816, 41.454587], [-8.362039, 41.461487], [-8.369755, 41.473187], [-8.37387, 41.476328], [-8.375538, 41.482226], [-8.375525, 41.491234], [-8.373658, 41.498295], [-8.371065, 41.500217]]]}}, {"id": "6", "type": "Feature", "properties": {"fill": "#e79f24", "value_min": -2.0, "value_max": -1.67}, "geometry": {"type": "MultiPolygon", "coordinates": [[[[-7.891812, 41.859094], [-7.910052, 41.830031], [-7.916349, 41.812077], [-7.910202, 41.794005], [-7.901639, 41.779479], [-7.889621, 41.778612], [-7.853475, 41.781254], [-7.829453, 41.778794], [-7.817481, 41.7755], [-7.804431, 41.765933], [-7.799515, 41.756875], [-7.798771, 41.74786], [-7.806135, 41.738483], [-7.818232, 41.734566], [-7.8544, 41.72929], [-7.866533, 41.723063], [-7.872901, 41.712584], [-7.88925, 41.670026], [-7.883969, 41.67069], [-7.877044, 41.676077], [-7.876723, 41.681253], [-7.873702, 41.685973], [-7.872025, 41.68597], [-7.874224, 41.694583], [-7.873623, 41.703584], [-7.870359, 41.712559], [-7.866612, 41.718526], [-7.854462, 41.725801], [-7.842415, 41.727122], [-7.830409, 41.726176], [-7.811635, 41.720973], [-7.802733, 41.714603], [-7.790966, 41.717044], [-7.789449, 41.719966], [-7.78464, 41.720402], [-7.78252, 41.723546], [-7.776204, 41.724652], [-7.773786, 41.727346], [-7.770798, 41.72441], [-7.765698, 41.723044], [-7.761765, 41.727758], [-7.762933, 41.733839], [-7.759307, 41.737203], [-7.759597, 41.739005], [-7.75689, 41.739446], [-7.758687, 41.740577], [-7.758066, 41.743937], [-7.772839, 41.756593], [-7.793203, 41.7869], [-7.80523, 41.787256], [-7.829349, 41.784532], [-7.877524, 41.782265], [-7.889554, 41.782483], [-7.901499, 41.787663], [-7.910605, 41.803016], [-7.912517, 41.812041], [-7.911233, 41.821035], [-7.900604, 41.840011], [-7.886148, 41.855707], [-7.888076, 41.855486], [-7.891812, 41.859094]]], [[[-7.901721, 41.6595], [-7.903699, 41.658364], [-7.915697, 41.659124], [-7.92762, 41.664371], [-7.940924, 41.677203], [-7.946752, 41.686263], [-7.949648, 41.695297], [-7.948032, 41.713296], [-7.943313, 41.72226], [-7.914196, 41.749009], [-7.910689, 41.757982], [-7.911637, 41.766998], [-7.913839, 41.769558], [-7.925814, 41.772904], [-7.937831, 41.773802], [-7.973924, 41.774028], [-8.009894, 41.782212], [-8.03392, 41.784972], [-8.045968, 41.784002], [-8.063011, 41.77734], [-8.069067, 41.768382], [-8.068001, 41.750359], [-8.064853, 41.741327], [-8.053625, 41.723221], [-8.036171, 41.705062], [-8.033573, 41.696033], [-8.03754, 41.68706], [-8.047581, 41.674882], [-8.059964, 41.649514], [-8.069447, 41.642287], [-8.096138, 41.638976], [-8.115907, 41.633647], [-8.141055, 41.615823], [-8.149441, 41.606878], [-8.156798, 41.59095], [-8.168175, 41.552972], [-8.175183, 41.480964], [-8.172986, 41.453926], [-8.162982, 41.417824], [-8.171124, 41.408677], [-8.206978, 41.411871], [-8.218949, 41.411382], [-8.230941, 41.409091], [-8.24903, 41.400403], [-8.25801, 41.391454], [-8.262137, 41.382473], [-8.262931, 41.37347], [-8.26076, 41.364449], [-8.252011, 41.352253], [-8.249622, 41.353072], [-8.251123, 41.356897], [-8.248141, 41.360052], [-8.248448, 41.364328], [-8.245461, 41.365028], [-8.250467, 41.37339], [-8.250897, 41.3824], [-8.24628, 41.391377], [-8.231041, 41.400622], [-8.219061, 41.402062], [-8.20712, 41.40023], [-8.195239, 41.393561], [-8.191995, 41.391009], [-8.187387, 41.381969], [-8.18779, 41.375629], [-8.168382, 41.377438], [-8.1642, 41.38059], [-8.158223, 41.378791], [-8.150152, 41.37339], [-8.139096, 41.377836], [-8.135598, 41.380988], [-8.116683, 41.380195], [-8.117578, 41.386447], [-8.113992, 41.386896], [-8.112795, 41.390723], [-8.110105, 41.390947], [-8.108011, 41.393648], [-8.103827, 41.392972], [-8.105321, 41.394998], [-8.10263, 41.396123], [-8.10801, 41.398825], [-8.108606, 41.403102], [-8.104419, 41.406252], [-8.104119, 41.408728], [-8.101727, 41.409403], [-8.102025, 41.411204], [-8.092756, 41.411201], [-8.09126, 41.414352], [-8.083183, 41.418261], [-8.0992, 41.418625], [-8.12306, 41.424007], [-8.134955, 41.429456], [-8.146813, 41.437865], [-8.158606, 41.451543], [-8.164075, 41.462869], [-8.166852, 41.480904], [-8.160578, 41.525895], [-8.156208, 41.543878], [-8.145199, 41.560716], [-8.122666, 41.579656], [-8.119262, 41.588637], [-8.120409, 41.60666], [-8.117988, 41.615648], [-8.11155, 41.624606], [-8.096218, 41.633221], [-8.084192, 41.63467], [-8.05811, 41.633188], [-8.052682, 41.64215], [-8.050891, 41.66015], [-8.046328, 41.669119], [-8.035488, 41.680246], [-8.021325, 41.686923], [-8.013171, 41.69586], [-8.020891, 41.704933], [-8.042318, 41.723127], [-8.048597, 41.732187], [-8.051814, 41.74122], [-8.051276, 41.750223], [-8.046334, 41.759342], [-8.034175, 41.767944], [-8.022098, 41.771007], [-8.010066, 41.771053], [-7.98606, 41.767384], [-7.949887, 41.772354], [-7.937861, 41.771978], [-7.925876, 41.769222], [-7.920951, 41.767086], [-7.917253, 41.758045], [-7.920773, 41.749071], [-7.926303, 41.74361], [-7.938467, 41.735216], [-7.947576, 41.731306], [-7.958142, 41.722395], [-7.978008, 41.695553], [-7.979746, 41.686561], [-7.97063, 41.668466], [-7.967228, 41.650421], [-7.968961, 41.64143], [-7.973775, 41.632466], [-7.98839, 41.618857], [-8.019258, 41.605841], [-8.022472, 41.602564], [-8.019174, 41.601802], [-8.005971, 41.60629], [-8.003562, 41.611239], [-7.998761, 41.612809], [-7.999669, 41.608759], [-7.996976, 41.605829], [-7.996684, 41.602003], [-7.984685, 41.603564], [-7.982292, 41.60086], [-7.975689, 41.603552], [-7.974482, 41.606701], [-7.970882, 41.607147], [-7.969091, 41.603768], [-7.965796, 41.602413], [-7.9541, 41.602846], [-7.952606, 41.600592], [-7.947808, 41.60081], [-7.945413, 41.599456], [-7.942725, 41.595625], [-7.936132, 41.594488], [-7.93791, 41.601694], [-7.937004, 41.603718], [-7.931604, 41.604384], [-7.930979, 41.612711], [-7.925556, 41.620354], [-7.920755, 41.620796], [-7.917748, 41.623041], [-7.915933, 41.627764], [-7.913229, 41.628885], [-7.912613, 41.63361], [-7.906014, 41.633147], [-7.906884, 41.641927], [-7.897869, 41.645511], [-7.89696, 41.647985], [-7.892759, 41.647976], [-7.892145, 41.651576], [-7.901721, 41.6595]]], [[[-7.728765, 41.816146], [-7.768635, 41.812956], [-7.780651, 41.814193], [-7.792563, 41.820987], [-7.804382, 41.832872], [-7.827946, 41.861492], [-7.84314, 41.873073], [-7.841663, 41.866632], [-7.847069, 41.863044], [-7.840014, 41.860416], [-7.824268, 41.847198], [-7.808917, 41.829027], [-7.792897, 41.803196], [-7.780931, 41.799394], [-7.777159, 41.801673], [-7.744629, 41.80927], [-7.728204, 41.809659], [-7.728765, 41.816146]]], [[[-7.84336, 41.873163], [-7.84336, 41.873163], [-7.843441, 41.873196], [-7.84336, 41.873163]]], [[[-8.060155, 41.421384], [-8.060155, 41.421384], [-8.060403, 41.421315], [-8.060155, 41.421384]]], [[[-8.060454, 41.421301], [-8.078698, 41.418486], [-8.077503, 41.416597], [-8.070325, 41.41862], [-8.065543, 41.416141], [-8.061654, 41.417489], [-8.060454, 41.421301]]], [[[-8.33531, 41.76373], [-8.333135, 41.743197], [-8.323394, 41.722669], [-8.281393, 41.670829], [-8.264016, 41.658208], [-8.240111, 41.64835], [-8.228128, 41.646172], [-8.216123, 41.645917], [-8.204088, 41.64812], [-8.192001, 41.654358], [-8.179824, 41.667553], [-8.174205, 41.679116], [-8.170062, 41.706107], [-8.165687, 41.715082], [-8.141324, 41.732917], [-8.132157, 41.741855], [-8.125122, 41.750809], [-8.117805, 41.768767], [-8.116789, 41.777766], [-8.119392, 41.786792], [-8.125412, 41.795845], [-8.141897, 41.809733], [-8.157652, 41.818152], [-8.158106, 41.818348], [-8.158173, 41.818377], [-8.165326, 41.81815], [-8.173744, 41.808019], [-8.177655, 41.808242], [-8.183676, 41.812741], [-8.190291, 41.809587], [-8.197158, 41.814129], [-8.201063, 41.808724], [-8.204973, 41.807372], [-8.205872, 41.804445], [-8.213692, 41.803765], [-8.217598, 41.80016], [-8.217589, 41.793634], [-8.224207, 41.794303], [-8.229917, 41.791598], [-8.240744, 41.791588], [-8.24074, 41.789338], [-8.244347, 41.787984], [-8.245546, 41.785731], [-8.251257, 41.784375], [-8.252151, 41.77976], [-8.238601, 41.776437], [-8.226567, 41.776573], [-8.190366, 41.784729], [-8.178331, 41.784838], [-8.166322, 41.782906], [-8.154356, 41.777709], [-8.143908, 41.768964], [-8.138763, 41.759919], [-8.137881, 41.750905], [-8.141233, 41.741923], [-8.148671, 41.732972], [-8.177012, 41.715164], [-8.179107, 41.688158], [-8.183487, 41.679182], [-8.191796, 41.670743], [-8.203887, 41.664395], [-8.215922, 41.662548], [-8.227924, 41.663322], [-8.239892, 41.667019], [-8.251816, 41.674638], [-8.257453, 41.679684], [-8.263357, 41.688729], [-8.275436, 41.710934], [-8.28286, 41.715873], [-8.299348, 41.722786], [-8.312966, 41.734071], [-8.318077, 41.743109], [-8.319623, 41.752125], [-8.317379, 41.761735], [-8.325233, 41.765098], [-8.328234, 41.763292], [-8.33531, 41.76373]]], [[[-8.401878, 41.662512], [-8.40237, 41.653507], [-8.408205, 41.651488], [-8.432172, 41.65736], [-8.456187, 41.657987], [-8.470597, 41.653842], [-8.480297, 41.646944], [-8.486082, 41.635898], [-8.485167, 41.626886], [-8.480062, 41.617856], [-8.468616, 41.607083], [-8.456667, 41.600954], [-8.444691, 41.598125], [-8.429493, 41.599602], [-8.420655, 41.602292], [-8.410519, 41.608514], [-8.402062, 41.617477], [-8.398417, 41.626465], [-8.398725, 41.644481], [-8.396223, 41.648534], [-8.384218, 41.648166], [-8.372181, 41.651093], [-8.368566, 41.653327], [-8.360944, 41.662292], [-8.362586, 41.671308], [-8.371929, 41.676948], [-8.383934, 41.677927], [-8.397589, 41.671497], [-8.401878, 41.662512]], [[-8.444246, 41.649906], [-8.432258, 41.647586], [-8.426222, 41.644622], [-8.416147, 41.635564], [-8.413819, 41.626545], [-8.417204, 41.617555], [-8.420546, 41.614389], [-8.432611, 41.607301], [-8.444625, 41.605757], [-8.456604, 41.608387], [-8.46854, 41.61641], [-8.474447, 41.626838], [-8.473381, 41.63584], [-8.468328, 41.642145], [-8.456266, 41.648647], [-8.444246, 41.649906]]], [[[-8.449027, 41.26167], [-8.495578, 41.302664], [-8.512419, 41.320752], [-8.521955, 41.338807], [-8.543195, 41.392939], [-8.545965, 41.401958], [-8.545037, 41.410962], [-8.527773, 41.428907], [-8.521292, 41.437888], [-8.518277, 41.446883], [-8.518827, 41.455893], [-8.523312, 41.464919], [-8.529609, 41.471039], [-8.541533, 41.478382], [-8.565447, 41.484414], [-8.577392, 41.489675], [-8.578788, 41.492158], [-8.573366, 41.51916], [-8.577104, 41.537189], [-8.58896, 41.554654], [-8.600887, 41.56511], [-8.612838, 41.572308], [-8.624804, 41.577283], [-8.648775, 41.580886], [-8.660776, 41.580075], [-8.672787, 41.577167], [-8.684811, 41.571314], [-8.693152, 41.564579], [-8.698772, 41.555586], [-8.700424, 41.546583], [-8.697827, 41.537569], [-8.691956, 41.528546], [-8.680882, 41.519509], [-8.625304, 41.490693], [-8.613355, 41.485504], [-8.604017, 41.48324], [-8.595664, 41.474203], [-8.60221, 41.447204], [-8.606461, 41.438211], [-8.613667, 41.432864], [-8.622027, 41.429255], [-8.717827, 41.411515], [-8.749692, 41.402581], [-8.769273, 41.393615], [-8.78329, 41.384634], [-8.801426, 41.366652], [-8.808019, 41.35568], [-8.805827, 41.300075], [-8.793663, 41.287154], [-8.775242, 41.276526], [-8.745064, 41.267456], [-8.710178, 41.261937], [-8.686335, 41.255245], [-8.674427, 41.249453], [-8.662532, 41.241617], [-8.650666, 41.228841], [-8.642131, 41.213135], [-8.63644, 41.193559], [-8.632526, 41.188624], [-8.625658, 41.186628], [-8.62263, 41.180113], [-8.615605, 41.177442], [-8.632806, 41.231121], [-8.638833, 41.276179], [-8.644539, 41.285205], [-8.653818, 41.294241], [-8.674615, 41.312317], [-8.710692, 41.339436], [-8.719082, 41.348465], [-8.722693, 41.357481], [-8.722876, 41.366489], [-8.719748, 41.375489], [-8.713013, 41.38448], [-8.701664, 41.393459], [-8.685634, 41.401323], [-8.661669, 41.408583], [-8.625755, 41.412208], [-8.601845, 41.408921], [-8.58991, 41.404187], [-8.577997, 41.396286], [-8.566622, 41.384022], [-8.556893, 41.36597], [-8.553228, 41.347941], [-8.551688, 41.311904], [-8.546129, 41.302874], [-8.533619, 41.293817], [-8.495231, 41.270833], [-8.479971, 41.257556], [-8.469522, 41.244712], [-8.463258, 41.244384], [-8.459989, 41.246644], [-8.455512, 41.245982], [-8.455541, 41.251834], [-8.452276, 41.25522], [-8.449891, 41.255452], [-8.449304, 41.257479], [-8.447812, 41.257258], [-8.447827, 41.260403], [-8.448683, 41.261307], [-8.449027, 41.26167]], [[-8.624876, 41.564723], [-8.612902, 41.561482], [-8.600951, 41.554777], [-8.589035, 41.542774], [-8.582656, 41.528201], [-8.582864, 41.519195], [-8.589267, 41.50609], [-8.601304, 41.497324], [-8.613296, 41.495403], [-8.625267, 41.497079], [-8.654609, 41.510425], [-8.666547, 41.519468], [-8.672839, 41.528493], [-8.675712, 41.537509], [-8.672934, 41.547919], [-8.66713, 41.555499], [-8.660882, 41.559818], [-8.648865, 41.564299], [-8.636863, 41.565854], [-8.624876, 41.564723]], [[-8.553554, 41.472052], [-8.541598, 41.469168], [-8.535577, 41.464969], [-8.530047, 41.455939], [-8.532181, 41.44694], [-8.541815, 41.438298], [-8.553805, 41.435382], [-8.565985, 41.438065], [-8.575709, 41.447109], [-8.57725, 41.456122], [-8.572814, 41.465113], [-8.565545, 41.469777], [-8.553554, 41.472052]]], [[[-8.469058, 41.553206], [-8.472346, 41.545763], [-8.46708, 41.536731], [-8.457247, 41.531593], [-8.445266, 41.530901], [-8.434439, 41.536575], [-8.430675, 41.545564], [-8.433092, 41.552309], [-8.434366, 41.55459], [-8.445007, 41.561243], [-8.457, 41.561132], [-8.469058, 41.553206]], [[-8.445075, 41.55323], [-8.438677, 41.545603], [-8.44289, 41.536617], [-8.445228, 41.535391], [-8.45722, 41.534873], [-8.46072, 41.536702], [-8.465944, 41.545733], [-8.457056, 41.554529], [-8.445075, 41.55323]]], [[[-8.441787, 41.482567], [-8.438252, 41.473542], [-8.433803, 41.470732], [-8.421828, 41.470687], [-8.41816, 41.473442], [-8.413377, 41.482426], [-8.421633, 41.492559], [-8.433618, 41.491998], [-8.441787, 41.482567]], [[-8.421697, 41.485379], [-8.419481, 41.482457], [-8.421758, 41.478532], [-8.433712, 41.481205], [-8.434423, 41.482531], [-8.421697, 41.485379]]]]}}, {"id": "2", "type": "Feature", "properties": {"fill": "#ae1c1c", "value_min": -3.33, "value_max": -3.0}, "geometry": {"type": "MultiPolygon", "coordinates": [[[[-7.874831, 41.845554], [-7.888581, 41.838757], [-7.900867, 41.824632], [-7.904387, 41.811963], [-7.901295, 41.802927], [-7.889402, 41.791279], [-7.877419, 41.788274], [-7.853319, 41.789998], [-7.841914, 41.793337], [-7.828963, 41.802212], [-7.82422, 41.811171], [-7.82492, 41.820185], [-7.829554, 41.829239], [-7.840384, 41.839916], [-7.852327, 41.845614], [-7.864346, 41.847069], [-7.873062, 41.845809], [-7.873066, 41.844875], [-7.874831, 41.845554]], [[-7.86441, 41.843463], [-7.852404, 41.841301], [-7.840481, 41.83453], [-7.835109, 41.829295], [-7.830578, 41.820242], [-7.830217, 41.811232], [-7.834089, 41.802265], [-7.848786, 41.793406], [-7.865352, 41.790129], [-7.877388, 41.790079], [-7.889354, 41.794082], [-7.897275, 41.802889], [-7.901678, 41.811938], [-7.901019, 41.815777], [-7.894411, 41.829881], [-7.888637, 41.835564], [-7.876485, 41.841724], [-7.86441, 41.843463]]], [[[-7.950251, 41.750022], [-7.938194, 41.751795], [-7.932938, 41.758191], [-7.93798, 41.764802], [-7.949979, 41.766732], [-7.958426, 41.758425], [-7.950251, 41.750022]], [[-7.938079, 41.758787], [-7.938097, 41.757701], [-7.950153, 41.756014], [-7.952446, 41.758371], [-7.950077, 41.760701], [-7.938079, 41.758787]]], [[[-8.17881, 41.747272], [-8.181451, 41.742217], [-8.178906, 41.739758], [-8.166909, 41.737531], [-8.161649, 41.742074], [-8.166732, 41.751223], [-8.17881, 41.747272]]], [[[-8.022449, 41.747895], [-8.029444, 41.741033], [-8.030073, 41.732032], [-8.02282, 41.723406], [-8.01087, 41.718676], [-7.998818, 41.720598], [-7.995207, 41.722725], [-7.988662, 41.731675], [-7.990201, 41.740695], [-7.998398, 41.747673], [-8.010377, 41.750805], [-8.022449, 41.747895]], [[-8.010448, 41.746192], [-7.997354, 41.740758], [-7.994851, 41.731729], [-7.998715, 41.727273], [-8.010808, 41.722737], [-8.022736, 41.72892], [-8.02532, 41.731991], [-8.022539, 41.741946], [-8.010448, 41.746192]]], [[[-7.838614, 41.707722], [-7.839887, 41.712255], [-7.842654, 41.713824], [-7.854645, 41.715486], [-7.859104, 41.712447], [-7.862176, 41.703471], [-7.854988, 41.696172], [-7.842941, 41.697804], [-7.837476, 41.703668], [-7.839682, 41.705924], [-7.838614, 41.707722]], [[-7.849801, 41.703348], [-7.854886, 41.701902], [-7.856375, 41.703413], [-7.854742, 41.710029], [-7.849801, 41.703348]]], [[[-8.225603, 41.697488], [-8.221446, 41.688453], [-8.215646, 41.685267], [-8.203627, 41.685566], [-8.199702, 41.688303], [-8.195591, 41.697282], [-8.203364, 41.706852], [-8.215376, 41.707452], [-8.225603, 41.697488]], [[-8.203469, 41.698343], [-8.203502, 41.695689], [-8.215868, 41.697422], [-8.215493, 41.697801], [-8.203469, 41.698343]]], [[[-8.035752, 41.662564], [-8.037252, 41.660036], [-8.035848, 41.656086], [-8.029784, 41.650966], [-8.023952, 41.648522], [-8.016373, 41.650852], [-8.009147, 41.659797], [-8.011715, 41.663502], [-8.019577, 41.668894], [-8.023629, 41.669926], [-8.035752, 41.662564]], [[-8.019626, 41.659887], [-8.023832, 41.656506], [-8.028011, 41.659958], [-8.023737, 41.662821], [-8.019626, 41.659887]]], [[[-8.094733, 41.544679], [-8.109429, 41.545635], [-8.121487, 41.540552], [-8.127519, 41.534656], [-8.130489, 41.525672], [-8.126983, 41.50763], [-8.140783, 41.48972], [-8.142536, 41.480725], [-8.139458, 41.471695], [-8.134468, 41.466065], [-8.122577, 41.459888], [-8.11062, 41.458618], [-8.09611, 41.462355], [-8.084977, 41.471274], [-8.081, 41.48025], [-8.082873, 41.501683], [-8.093, 41.504613], [-8.089398, 41.519242], [-8.091346, 41.522169], [-8.097866, 41.514893], [-8.109859, 41.514293], [-8.119828, 41.52559], [-8.114958, 41.53456], [-8.109541, 41.53743], [-8.098074, 41.536879], [-8.106759, 41.543557], [-8.101666, 41.542655], [-8.094733, 41.544679]], [[-8.110101, 41.49661], [-8.098214, 41.489862], [-8.095335, 41.480364], [-8.101731, 41.471407], [-8.110496, 41.467745], [-8.122459, 41.468617], [-8.127397, 41.471604], [-8.133847, 41.48066], [-8.130205, 41.48964], [-8.122096, 41.495548], [-8.110101, 41.49661]]], [[[-8.090755, 41.543327], [-8.090755, 41.543327], [-8.093277, 41.544191], [-8.090755, 41.543327]]], [[[-8.093389, 41.544228], [-8.093389, 41.544228], [-8.093576, 41.544291], [-8.093389, 41.544228]]], [[[-8.092452, 41.532749], [-8.092452, 41.532749], [-8.092385, 41.532607], [-8.092452, 41.532749]]], [[[-8.092128, 41.532073], [-8.092128, 41.532073], [-8.092086, 41.531984], [-8.092128, 41.532073]]], [[[-8.09202, 41.531848], [-8.09202, 41.531848], [-8.091786, 41.53136], [-8.09202, 41.531848]]], [[[-8.091696, 41.531173], [-8.091696, 41.531173], [-8.091487, 41.530737], [-8.091696, 41.531173]]], [[[-8.644417, 41.528409], [-8.640921, 41.519391], [-8.637139, 41.516523], [-8.62518, 41.51222], [-8.613183, 41.514461], [-8.607066, 41.51928], [-8.604764, 41.52828], [-8.613036, 41.539147], [-8.625007, 41.542182], [-8.637012, 41.539255], [-8.644417, 41.528409]], [[-8.613097, 41.52882], [-8.619705, 41.519323], [-8.625146, 41.517985], [-8.628872, 41.519352], [-8.634799, 41.528379], [-8.625051, 41.534455], [-8.613097, 41.52882]]], [[[-8.649845, 41.382445], [-8.661268, 41.375332], [-8.666959, 41.366341], [-8.667338, 41.357335], [-8.662916, 41.348314], [-8.650081, 41.338432], [-8.63815, 41.334768], [-8.6262, 41.334559], [-8.614228, 41.33801], [-8.602233, 41.34812], [-8.598894, 41.357116], [-8.600023, 41.366128], [-8.606226, 41.375157], [-8.613977, 41.380644], [-8.625912, 41.384805], [-8.63787, 41.385317], [-8.649845, 41.382445]], [[-8.625959, 41.376696], [-8.611645, 41.366168], [-8.610723, 41.357157], [-8.617612, 41.348172], [-8.626144, 41.34428], [-8.638098, 41.34409], [-8.650021, 41.34962], [-8.655247, 41.357299], [-8.654585, 41.366305], [-8.649903, 41.371733], [-8.643894, 41.37528], [-8.637914, 41.377228], [-8.625959, 41.376696]]], [[[-8.526871, 41.203216], [-8.52106, 41.212695], [-8.520146, 41.221699], [-8.523195, 41.230719], [-8.531123, 41.23976], [-8.543162, 41.245878], [-8.555081, 41.248165], [-8.567023, 41.247249], [-8.582705, 41.239958], [-8.590329, 41.230978], [-8.592645, 41.221978], [-8.591108, 41.212652], [-8.585273, 41.203936], [-8.576266, 41.197086], [-8.576894, 41.201908], [-8.574515, 41.202593], [-8.57423, 41.20462], [-8.567971, 41.204644], [-8.566201, 41.207368], [-8.574517, 41.212905], [-8.578027, 41.221925], [-8.572252, 41.230912], [-8.56711, 41.234033], [-8.555168, 41.235335], [-8.543167, 41.2308], [-8.53859, 41.221774], [-8.541203, 41.212777], [-8.54695, 41.209223], [-8.532257, 41.213102], [-8.526871, 41.203216]]], [[[-8.558675, 41.206254], [-8.558675, 41.206254], [-8.559637, 41.206397], [-8.558675, 41.206254]]], [[[-8.560159, 41.206474], [-8.560159, 41.206474], [-8.560234, 41.206485], [-8.560159, 41.206474]]]]}}, {"id": "1", "type": "Feature", "properties": {"fill": "#9c1c1c", "value_min": -3.67, "value_max": -3.33}, "geometry": {"type": "MultiPolygon", "coordinates": [[[[-7.86441, 41.843463], [-7.876485, 41.841724], [-7.888637, 41.835564], [-7.894411, 41.829881], [-7.901019, 41.815777], [-7.901678, 41.811938], [-7.897275, 41.802889], [-7.889354, 41.794082], [-7.877388, 41.790079], [-7.865352, 41.790129], [-7.848786, 41.793406], [-7.834089, 41.802265], [-7.830217, 41.811232], [-7.830578, 41.820242], [-7.835109, 41.829295], [-7.840481, 41.83453], [-7.852404, 41.841301], [-7.86441, 41.843463]], [[-7.858438, 41.838536], [-7.840577, 41.829214], [-7.835658, 41.820294], [-7.835559, 41.811286], [-7.839191, 41.802316], [-7.856372, 41.793482], [-7.865322, 41.791849], [-7.877356, 41.791884], [-7.883157, 41.793745], [-7.89324, 41.80285], [-7.895806, 41.811881], [-7.891252, 41.829851], [-7.888692, 41.832371], [-7.872691, 41.838677], [-7.864474, 41.839856], [-7.858438, 41.838536]]], [[[-7.938079, 41.758787], [-7.950077, 41.760701], [-7.952446, 41.758371], [-7.950153, 41.756014], [-7.938097, 41.757701], [-7.938079, 41.758787]]], [[[-8.010448, 41.746192], [-8.022539, 41.741946], [-8.02532, 41.731991], [-8.022736, 41.72892], [-8.010808, 41.722737], [-7.998715, 41.727273], [-7.994851, 41.731729], [-7.997354, 41.740758], [-8.010448, 41.746192]], [[-8.008283, 41.740853], [-8.002332, 41.731794], [-8.010733, 41.727595], [-8.018625, 41.731934], [-8.01278, 41.740891], [-8.008283, 41.740853]]], [[[-7.849801, 41.703348], [-7.854742, 41.710029], [-7.856375, 41.703413], [-7.854886, 41.701902], [-7.849801, 41.703348]]], [[[-8.203469, 41.698343], [-8.215493, 41.697801], [-8.215868, 41.697422], [-8.203502, 41.695689], [-8.203469, 41.698343]]], [[[-8.019626, 41.659887], [-8.023737, 41.662821], [-8.028011, 41.659958], [-8.023832, 41.656506], [-8.019626, 41.659887]]], [[[-8.098074, 41.536879], [-8.109541, 41.53743], [-8.114958, 41.53456], [-8.119828, 41.52559], [-8.109859, 41.514293], [-8.097866, 41.514893], [-8.091346, 41.522169], [-8.093588, 41.52307], [-8.091487, 41.530737], [-8.091696, 41.531173], [-8.091786, 41.53136], [-8.09202, 41.531848], [-8.092086, 41.531984], [-8.092128, 41.532073], [-8.092385, 41.532607], [-8.092452, 41.532749], [-8.098074, 41.536879]]], [[[-8.613097, 41.52882], [-8.625051, 41.534455], [-8.634799, 41.528379], [-8.628872, 41.519352], [-8.625146, 41.517985], [-8.619705, 41.519323], [-8.613097, 41.52882]]], [[[-8.110101, 41.49661], [-8.122096, 41.495548], [-8.130205, 41.48964], [-8.133847, 41.48066], [-8.127397, 41.471604], [-8.122459, 41.468617], [-8.110496, 41.467745], [-8.101731, 41.471407], [-8.095335, 41.480364], [-8.098214, 41.489862], [-8.110101, 41.49661]]], [[[-8.625959, 41.376696], [-8.637914, 41.377228], [-8.643894, 41.37528], [-8.649903, 41.371733], [-8.654585, 41.366305], [-8.655247, 41.357299], [-8.650021, 41.34962], [-8.638098, 41.34409], [-8.626144, 41.34428], [-8.617612, 41.348172], [-8.610723, 41.357157], [-8.611645, 41.366168], [-8.625959, 41.376696]], [[-8.634032, 41.357233], [-8.638027, 41.356954], [-8.63801, 41.360051], [-8.634032, 41.357233]]], [[[-8.54695, 41.209223], [-8.541203, 41.212777], [-8.53859, 41.221774], [-8.543167, 41.2308], [-8.555168, 41.235335], [-8.56711, 41.234033], [-8.572252, 41.230912], [-8.578027, 41.221925], [-8.574517, 41.212905], [-8.566201, 41.207368], [-8.567699, 41.208471], [-8.565618, 41.20938], [-8.560234, 41.206485], [-8.560159, 41.206474], [-8.559637, 41.206397], [-8.558675, 41.206254], [-8.554271, 41.20627], [-8.550116, 41.208987], [-8.54695, 41.209223]]]]}}, {"id": "7", "type": "Feature", "properties": {"fill": "#cba158", "value_min": -1.67, "value_max": -1.33}, "geometry": {"type": "MultiPolygon", "coordinates": [[[[-8.351807, 41.756272], [-8.341841, 41.725233], [-8.339137, 41.707204], [-8.341689, 41.698211], [-8.347741, 41.69282], [-8.359788, 41.689779], [-8.383852, 41.68648], [-8.401083, 41.680522], [-8.420044, 41.670438], [-8.432075, 41.668421], [-8.468118, 41.667766], [-8.48797, 41.662928], [-8.500314, 41.653975], [-8.503736, 41.644983], [-8.503013, 41.635972], [-8.499184, 41.626948], [-8.482786, 41.608861], [-8.468692, 41.597824], [-8.44481, 41.584249], [-8.432815, 41.58401], [-8.420783, 41.587938], [-8.398733, 41.599445], [-8.372497, 41.61848], [-8.360426, 41.625325], [-8.336308, 41.63598], [-8.324263, 41.639652], [-8.31225, 41.640238], [-8.288295, 41.634798], [-8.237445, 41.616503], [-8.216616, 41.605245], [-8.204749, 41.594316], [-8.192978, 41.576084], [-8.187599, 41.562118], [-8.180594, 41.526039], [-8.180134, 41.508022], [-8.187763, 41.445024], [-8.19101, 41.436039], [-8.201229, 41.427103], [-8.242859, 41.413093], [-8.261676, 41.400485], [-8.269196, 41.391525], [-8.273658, 41.382546], [-8.275684, 41.364544], [-8.27418, 41.355527], [-8.266917, 41.337566], [-8.263339, 41.340902], [-8.262751, 41.345405], [-8.256483, 41.347663], [-8.252011, 41.352253], [-8.26076, 41.364449], [-8.262931, 41.37347], [-8.262137, 41.382473], [-8.25801, 41.391454], [-8.24903, 41.400403], [-8.230941, 41.409091], [-8.218949, 41.411382], [-8.206978, 41.411871], [-8.171124, 41.408677], [-8.162982, 41.417824], [-8.172986, 41.453926], [-8.175183, 41.480964], [-8.168175, 41.552972], [-8.156798, 41.59095], [-8.149441, 41.606878], [-8.141055, 41.615823], [-8.115907, 41.633647], [-8.096138, 41.638976], [-8.069447, 41.642287], [-8.059964, 41.649514], [-8.047581, 41.674882], [-8.03754, 41.68706], [-8.033573, 41.696033], [-8.036171, 41.705062], [-8.053625, 41.723221], [-8.064853, 41.741327], [-8.068001, 41.750359], [-8.069067, 41.768382], [-8.063011, 41.77734], [-8.045968, 41.784002], [-8.03392, 41.784972], [-8.009894, 41.782212], [-7.973924, 41.774028], [-7.937831, 41.773802], [-7.925814, 41.772904], [-7.913839, 41.769558], [-7.911637, 41.766998], [-7.910689, 41.757982], [-7.914196, 41.749009], [-7.943313, 41.72226], [-7.948032, 41.713296], [-7.949648, 41.695297], [-7.946752, 41.686263], [-7.940924, 41.677203], [-7.92762, 41.664371], [-7.915697, 41.659124], [-7.903699, 41.658364], [-7.901721, 41.6595], [-7.899913, 41.66127], [-7.900198, 41.665547], [-7.898396, 41.665769], [-7.897186, 41.668467], [-7.88925, 41.670026], [-7.872901, 41.712584], [-7.866533, 41.723063], [-7.8544, 41.72929], [-7.818232, 41.734566], [-7.806135, 41.738483], [-7.798771, 41.74786], [-7.799515, 41.756875], [-7.804431, 41.765933], [-7.817481, 41.7755], [-7.829453, 41.778794], [-7.853475, 41.781254], [-7.889621, 41.778612], [-7.901639, 41.779479], [-7.910202, 41.794005], [-7.916349, 41.812077], [-7.910052, 41.830031], [-7.891812, 41.859094], [-7.899508, 41.861361], [-7.908471, 41.839023], [-7.918156, 41.821101], [-7.920502, 41.812116], [-7.914467, 41.794046], [-7.913609, 41.785031], [-7.925752, 41.776627], [-7.949831, 41.775805], [-7.973832, 41.779779], [-8.026607, 41.804057], [-8.051851, 41.819478], [-8.057314, 41.815656], [-8.06664, 41.817012], [-8.072961, 41.813414], [-8.078678, 41.813417], [-8.082892, 41.810493], [-8.091013, 41.812521], [-8.093421, 41.811397], [-8.093723, 41.808471], [-8.101845, 41.809824], [-8.104853, 41.81185], [-8.115984, 41.812302], [-8.123807, 41.808702], [-8.138247, 41.808477], [-8.139751, 41.813203], [-8.14276, 41.812978], [-8.144866, 41.815228], [-8.149078, 41.814777], [-8.153291, 41.817703], [-8.157652, 41.818152], [-8.141897, 41.809733], [-8.125412, 41.795845], [-8.119392, 41.786792], [-8.116789, 41.777766], [-8.117805, 41.768767], [-8.125122, 41.750809], [-8.132157, 41.741855], [-8.141324, 41.732917], [-8.165687, 41.715082], [-8.170062, 41.706107], [-8.174205, 41.679116], [-8.179824, 41.667553], [-8.192001, 41.654358], [-8.204088, 41.64812], [-8.216123, 41.645917], [-8.228128, 41.646172], [-8.240111, 41.64835], [-8.264016, 41.658208], [-8.281393, 41.670829], [-8.323394, 41.722669], [-8.333135, 41.743197], [-8.33531, 41.76373], [-8.341756, 41.761468], [-8.344765, 41.762363], [-8.349267, 41.760103], [-8.351807, 41.756272]], [[-7.865549, 41.778959], [-7.841517, 41.777047], [-7.829573, 41.772204], [-7.820938, 41.766103], [-7.817606, 41.757062], [-7.819543, 41.748075], [-7.831738, 41.739193], [-7.866437, 41.728487], [-7.878864, 41.705281], [-7.891162, 41.68906], [-7.903258, 41.684388], [-7.915259, 41.685203], [-7.927171, 41.691442], [-7.935483, 41.704173], [-7.936081, 41.713186], [-7.933007, 41.722164], [-7.905865, 41.74893], [-7.900449, 41.766892], [-7.886476, 41.775764], [-7.865549, 41.778959]], [[-8.09466, 41.744455], [-8.082719, 41.73847], [-8.070887, 41.725053], [-8.065868, 41.714314], [-8.064565, 41.705297], [-8.059272, 41.697066], [-8.049008, 41.687155], [-8.050664, 41.678162], [-8.059797, 41.661007], [-8.071987, 41.648519], [-8.08404, 41.645432], [-8.108067, 41.644632], [-8.155955, 41.65563], [-8.161521, 41.66101], [-8.164127, 41.670036], [-8.162871, 41.697048], [-8.160628, 41.706039], [-8.155315, 41.715007], [-8.14303, 41.724587], [-8.118773, 41.740063], [-8.106684, 41.744651], [-8.09466, 41.744455]], [[-8.401878, 41.662512], [-8.397589, 41.671497], [-8.383934, 41.677927], [-8.371929, 41.676948], [-8.362586, 41.671308], [-8.360944, 41.662292], [-8.368566, 41.653327], [-8.372181, 41.651093], [-8.384218, 41.648166], [-8.396223, 41.648534], [-8.398725, 41.644481], [-8.398417, 41.626465], [-8.402062, 41.617477], [-8.410519, 41.608514], [-8.420655, 41.602292], [-8.429493, 41.599602], [-8.444691, 41.598125], [-8.456667, 41.600954], [-8.468616, 41.607083], [-8.480062, 41.617856], [-8.485167, 41.626886], [-8.486082, 41.635898], [-8.480297, 41.646944], [-8.470597, 41.653842], [-8.456187, 41.657987], [-8.432172, 41.65736], [-8.408205, 41.651488], [-8.40237, 41.653507], [-8.401878, 41.662512]]], [[[-8.426766, 41.28659], [-8.447206, 41.302508], [-8.470917, 41.324654], [-8.482752, 41.339173], [-8.497846, 41.365727], [-8.507319, 41.392791], [-8.50795, 41.410809], [-8.503004, 41.43781], [-8.503394, 41.44682], [-8.511543, 41.464869], [-8.52954, 41.480507], [-8.548915, 41.492044], [-8.557647, 41.501086], [-8.563829, 41.528132], [-8.571776, 41.546176], [-8.588872, 41.56863], [-8.600789, 41.581041], [-8.630026, 41.603615], [-8.6366, 41.600518], [-8.639873, 41.597352], [-8.640152, 41.59465], [-8.645536, 41.593051], [-8.646744, 41.594171], [-8.649125, 41.591909], [-8.656622, 41.5921], [-8.660788, 41.588255], [-8.663794, 41.589141], [-8.665265, 41.585758], [-8.66948, 41.587989], [-8.684455, 41.586117], [-8.685608, 41.58071], [-8.697261, 41.576376], [-8.701703, 41.570277], [-8.707704, 41.570923], [-8.712485, 41.569323], [-8.716422, 41.573805], [-8.720316, 41.57356], [-8.725151, 41.577811], [-8.726633, 41.576003], [-8.734424, 41.575737], [-8.736564, 41.580228], [-8.738354, 41.579318], [-8.740778, 41.582006], [-8.74467, 41.581535], [-8.750711, 41.58623], [-8.75993, 41.578527], [-8.767441, 41.580286], [-8.769874, 41.583874], [-8.768997, 41.58613], [-8.773228, 41.589482], [-8.774165, 41.593303], [-8.78556, 41.593464], [-8.797327, 41.600599], [-8.804218, 41.600109], [-8.80456, 41.604158], [-8.809434, 41.611332], [-8.828644, 41.609656], [-8.82839, 41.585633], [-8.818497, 41.554794], [-8.8221, 41.547542], [-8.821965, 41.534907], [-8.815926, 41.525624], [-8.81063, 41.5101], [-8.813279, 41.503483], [-8.812636, 41.496944], [-8.804699, 41.482068], [-8.798552, 41.474753], [-8.80154, 41.446836], [-8.806115, 41.43713], [-8.807354, 41.425915], [-8.811166, 41.417099], [-8.808019, 41.35568], [-8.801426, 41.366652], [-8.78329, 41.384634], [-8.769273, 41.393615], [-8.749692, 41.402581], [-8.717827, 41.411515], [-8.622027, 41.429255], [-8.613667, 41.432864], [-8.606461, 41.438211], [-8.60221, 41.447204], [-8.595664, 41.474203], [-8.604017, 41.48324], [-8.613355, 41.485504], [-8.625304, 41.490693], [-8.680882, 41.519509], [-8.691956, 41.528546], [-8.697827, 41.537569], [-8.700424, 41.546583], [-8.698772, 41.555586], [-8.693152, 41.564579], [-8.684811, 41.571314], [-8.672787, 41.577167], [-8.660776, 41.580075], [-8.648775, 41.580886], [-8.624804, 41.577283], [-8.612838, 41.572308], [-8.600887, 41.56511], [-8.58896, 41.554654], [-8.577104, 41.537189], [-8.573366, 41.51916], [-8.578788, 41.492158], [-8.577392, 41.489675], [-8.565447, 41.484414], [-8.541533, 41.478382], [-8.529609, 41.471039], [-8.523312, 41.464919], [-8.518827, 41.455893], [-8.518277, 41.446883], [-8.521292, 41.437888], [-8.527773, 41.428907], [-8.545037, 41.410962], [-8.545965, 41.401958], [-8.543195, 41.392939], [-8.521955, 41.338807], [-8.512419, 41.320752], [-8.495578, 41.302664], [-8.449027, 41.26167], [-8.439785, 41.262907], [-8.438023, 41.268989], [-8.434745, 41.269673], [-8.432691, 41.277107], [-8.427032, 41.279372], [-8.429143, 41.284319], [-8.426766, 41.28659]], [[-8.733027, 41.513561], [-8.709057, 41.513937], [-8.685107, 41.510373], [-8.661176, 41.503409], [-8.639408, 41.492364], [-8.627745, 41.483319], [-8.621594, 41.474292], [-8.620722, 41.465281], [-8.624017, 41.456285], [-8.631452, 41.447301], [-8.649547, 41.437917], [-8.661533, 41.434956], [-8.685481, 41.433017], [-8.709408, 41.435341], [-8.721366, 41.438144], [-8.744373, 41.447607], [-8.75709, 41.456643], [-8.765804, 41.465668], [-8.770546, 41.474685], [-8.77265, 41.483697], [-8.771013, 41.492701], [-8.764933, 41.501696], [-8.747759, 41.510667], [-8.733027, 41.513561]]], [[[-8.63644, 41.193559], [-8.642131, 41.213135], [-8.650666, 41.228841], [-8.662532, 41.241617], [-8.674427, 41.249453], [-8.686335, 41.255245], [-8.710178, 41.261937], [-8.745064, 41.267456], [-8.775242, 41.276526], [-8.793663, 41.287154], [-8.805827, 41.300075], [-8.799695, 41.14406], [-8.674793, 41.146932], [-8.674849, 41.153767], [-8.672489, 41.15648], [-8.66117, 41.156307], [-8.662078, 41.158104], [-8.660313, 41.160813], [-8.657033, 41.160378], [-8.654961, 41.161963], [-8.653231, 41.169174], [-8.655366, 41.175467], [-8.647955, 41.180228], [-8.647696, 41.185181], [-8.641225, 41.196014], [-8.638841, 41.196025], [-8.63644, 41.193559]], [[-8.710327, 41.228258], [-8.69839, 41.229531], [-8.686462, 41.228573], [-8.674549, 41.22481], [-8.660116, 41.213189], [-8.655252, 41.204167], [-8.653346, 41.195153], [-8.654276, 41.186148], [-8.662901, 41.16983], [-8.674869, 41.160344], [-8.686813, 41.155125], [-8.698742, 41.152794], [-8.71066, 41.152698], [-8.722569, 41.154869], [-8.734466, 41.159999], [-8.746346, 41.170308], [-8.750902, 41.17739], [-8.753196, 41.186403], [-8.752508, 41.195409], [-8.748678, 41.204409], [-8.741406, 41.2134], [-8.728068, 41.222378], [-8.710327, 41.228258]]], [[[-8.448683, 41.261307], [-8.448683, 41.261307], [-8.447827, 41.260403], [-8.448683, 41.261307]]], [[[-8.116683, 41.380195], [-8.135598, 41.380988], [-8.139096, 41.377836], [-8.131924, 41.374292], [-8.119672, 41.376768], [-8.119672, 41.378569], [-8.116683, 41.380195]]], [[[-7.843441, 41.873196], [-7.84336, 41.873163], [-7.84314, 41.873073], [-7.827946, 41.861492], [-7.804382, 41.832872], [-7.792563, 41.820987], [-7.780651, 41.814193], [-7.768635, 41.812956], [-7.728765, 41.816146], [-7.732683, 41.821742], [-7.756462, 41.81986], [-7.768497, 41.820142], [-7.780489, 41.822728], [-7.792395, 41.829901], [-7.804216, 41.841781], [-7.826634, 41.875821], [-7.830479, 41.875831], [-7.830789, 41.874031], [-7.832894, 41.874712], [-7.83772, 41.872924], [-7.842528, 41.875187], [-7.843441, 41.873196]]], [[[-8.158173, 41.818377], [-8.158173, 41.818377], [-8.158106, 41.818348], [-8.158173, 41.818377]]], [[[-8.456921, 41.570576], [-8.468982, 41.562497], [-8.475629, 41.554785], [-8.478021, 41.545789], [-8.472808, 41.536758], [-8.457275, 41.528312], [-8.445306, 41.526256], [-8.433286, 41.530068], [-8.42603, 41.536534], [-8.422527, 41.545524], [-8.423104, 41.554534], [-8.432939, 41.569833], [-8.444903, 41.573409], [-8.456921, 41.570576]], [[-8.469058, 41.553206], [-8.457, 41.561132], [-8.445007, 41.561243], [-8.434366, 41.55459], [-8.433092, 41.552309], [-8.430675, 41.545564], [-8.434439, 41.536575], [-8.445266, 41.530901], [-8.457247, 41.531593], [-8.46708, 41.536731], [-8.472346, 41.545763], [-8.469058, 41.553206]]], [[[-8.445633, 41.487884], [-8.449117, 41.482602], [-8.448579, 41.473592], [-8.445785, 41.470074], [-8.43486, 41.464518], [-8.421875, 41.465419], [-8.411242, 41.473407], [-8.4085, 41.482401], [-8.40971, 41.486309], [-8.413271, 41.491432], [-8.421592, 41.497266], [-8.433572, 41.497269], [-8.442813, 41.491579], [-8.445633, 41.487884]], [[-8.441787, 41.482567], [-8.433618, 41.491998], [-8.421633, 41.492559], [-8.413377, 41.482426], [-8.41816, 41.473442], [-8.421828, 41.470687], [-8.433803, 41.470732], [-8.438252, 41.473542], [-8.441787, 41.482567]]]]}}, {"id": "5", "type": "Feature", "properties": {"fill": "#ea870e", "value_min": -2.33, "value_max": -2.0}, "geometry": {"type": "MultiPolygon", "coordinates": [[[[-7.886148, 41.855707], [-7.900604, 41.840011], [-7.911233, 41.821035], [-7.912517, 41.812041], [-7.910605, 41.803016], [-7.901499, 41.787663], [-7.889554, 41.782483], [-7.877524, 41.782265], [-7.829349, 41.784532], [-7.80523, 41.787256], [-7.793203, 41.7869], [-7.772839, 41.756593], [-7.758066, 41.743937], [-7.757456, 41.745525], [-7.748417, 41.749321], [-7.747786, 41.754496], [-7.743866, 41.756509], [-7.743246, 41.759708], [-7.757503, 41.766007], [-7.764951, 41.774522], [-7.767141, 41.783552], [-7.763535, 41.79252], [-7.756901, 41.797179], [-7.744769, 41.802095], [-7.727351, 41.801661], [-7.728204, 41.809659], [-7.744629, 41.80927], [-7.777159, 41.801673], [-7.780931, 41.799394], [-7.792897, 41.803196], [-7.808917, 41.829027], [-7.824268, 41.847198], [-7.840014, 41.860416], [-7.847069, 41.863044], [-7.849515, 41.861475], [-7.858542, 41.862622], [-7.859456, 41.860148], [-7.864877, 41.859711], [-7.867298, 41.85683], [-7.864158, 41.857707], [-7.852129, 41.856682], [-7.84016, 41.852312], [-7.828279, 41.843237], [-7.816691, 41.829107], [-7.811513, 41.820047], [-7.809143, 41.811015], [-7.810712, 41.802025], [-7.820458, 41.793119], [-7.841334, 41.78726], [-7.877482, 41.784657], [-7.889495, 41.785884], [-7.901399, 41.793537], [-7.907502, 41.802986], [-7.909808, 41.812015], [-7.908453, 41.821009], [-7.897017, 41.838913], [-7.888428, 41.847623], [-7.879656, 41.852949], [-7.886148, 41.855707]]], [[[-7.867599, 41.856745], [-7.867599, 41.856745], [-7.867437, 41.856791], [-7.867599, 41.856745]]], [[[-8.317379, 41.761735], [-8.319623, 41.752125], [-8.318077, 41.743109], [-8.312966, 41.734071], [-8.299348, 41.722786], [-8.28286, 41.715873], [-8.275436, 41.710934], [-8.263357, 41.688729], [-8.257453, 41.679684], [-8.251816, 41.674638], [-8.239892, 41.667019], [-8.227924, 41.663322], [-8.215922, 41.662548], [-8.203887, 41.664395], [-8.191796, 41.670743], [-8.183487, 41.679182], [-8.179107, 41.688158], [-8.177012, 41.715164], [-8.148671, 41.732972], [-8.141233, 41.741923], [-8.137881, 41.750905], [-8.138763, 41.759919], [-8.143908, 41.768964], [-8.154356, 41.777709], [-8.166322, 41.782906], [-8.178331, 41.784838], [-8.190366, 41.784729], [-8.226567, 41.776573], [-8.238601, 41.776437], [-8.252151, 41.77976], [-8.251845, 41.777172], [-8.256049, 41.774241], [-8.261762, 41.774235], [-8.271366, 41.766346], [-8.281322, 41.763138], [-8.272162, 41.760841], [-8.264606, 41.751786], [-8.266235, 41.742789], [-8.275149, 41.736429], [-8.287188, 41.73514], [-8.29915, 41.740961], [-8.302609, 41.752023], [-8.299166, 41.757712], [-8.30778, 41.758824], [-8.307785, 41.760625], [-8.311096, 41.762195], [-8.317379, 41.761735]], [[-8.17854, 41.768428], [-8.166518, 41.767767], [-8.154558, 41.76234], [-8.147036, 41.750973], [-8.147826, 41.741972], [-8.155546, 41.733022], [-8.167046, 41.726948], [-8.186198, 41.724237], [-8.190097, 41.715257], [-8.183565, 41.697197], [-8.185384, 41.688203], [-8.191682, 41.679921], [-8.20378, 41.673147], [-8.215809, 41.671848], [-8.227794, 41.674148], [-8.237412, 41.679553], [-8.24539, 41.688612], [-8.247767, 41.697635], [-8.246263, 41.706632], [-8.239312, 41.716226], [-8.208665, 41.7334], [-8.208813, 41.742408], [-8.206233, 41.751398], [-8.198879, 41.760354], [-8.190609, 41.765416], [-8.17854, 41.768428]]], [[[-8.022472, 41.602564], [-8.019258, 41.605841], [-7.98839, 41.618857], [-7.973775, 41.632466], [-7.968961, 41.64143], [-7.967228, 41.650421], [-7.97063, 41.668466], [-7.979746, 41.686561], [-7.978008, 41.695553], [-7.958142, 41.722395], [-7.947576, 41.731306], [-7.938467, 41.735216], [-7.926303, 41.74361], [-7.920773, 41.749071], [-7.917253, 41.758045], [-7.920951, 41.767086], [-7.925876, 41.769222], [-7.937861, 41.771978], [-7.949887, 41.772354], [-7.98606, 41.767384], [-8.010066, 41.771053], [-8.022098, 41.771007], [-8.034175, 41.767944], [-8.046334, 41.759342], [-8.051276, 41.750223], [-8.051814, 41.74122], [-8.048597, 41.732187], [-8.042318, 41.723127], [-8.020891, 41.704933], [-8.013171, 41.69586], [-8.021325, 41.686923], [-8.035488, 41.680246], [-8.046328, 41.669119], [-8.050891, 41.66015], [-8.052682, 41.64215], [-8.05811, 41.633188], [-8.084192, 41.63467], [-8.096218, 41.633221], [-8.11155, 41.624606], [-8.117988, 41.615648], [-8.120409, 41.60666], [-8.119262, 41.588637], [-8.122666, 41.579656], [-8.145199, 41.560716], [-8.156208, 41.543878], [-8.160578, 41.525895], [-8.166852, 41.480904], [-8.164075, 41.462869], [-8.158606, 41.451543], [-8.146813, 41.437865], [-8.134955, 41.429456], [-8.12306, 41.424007], [-8.0992, 41.418625], [-8.083183, 41.418261], [-8.079893, 41.41975], [-8.078698, 41.418486], [-8.060454, 41.421301], [-8.060403, 41.421315], [-8.060155, 41.421384], [-8.059852, 41.424916], [-8.055959, 41.429415], [-8.05745, 41.432793], [-8.056549, 41.436394], [-8.057743, 41.438645], [-8.061033, 41.438872], [-8.063424, 41.4409], [-8.064916, 41.444052], [-8.068505, 41.444902], [-8.086955, 41.438547], [-8.098943, 41.437204], [-8.110907, 41.437661], [-8.122844, 41.440049], [-8.134746, 41.445163], [-8.146604, 41.4538], [-8.153612, 41.462793], [-8.15745, 41.471828], [-8.158716, 41.480845], [-8.15043, 41.525821], [-8.143391, 41.543783], [-8.133299, 41.553823], [-8.12122, 41.560259], [-8.109179, 41.563823], [-8.097166, 41.565238], [-8.082177, 41.563378], [-8.081276, 41.565382], [-8.078879, 41.56493], [-8.075279, 41.568305], [-8.073182, 41.568079], [-8.069283, 41.570553], [-8.068081, 41.573478], [-8.056684, 41.579549], [-8.052181, 41.584498], [-8.052777, 41.587649], [-8.037169, 41.600242], [-8.031467, 41.602938], [-8.022472, 41.602564]], [[-7.949915, 41.770628], [-7.937892, 41.770153], [-7.928479, 41.767157], [-7.922961, 41.758098], [-7.927408, 41.749133], [-7.938362, 41.7416], [-7.962496, 41.736513], [-7.974754, 41.72187], [-7.986953, 41.710624], [-7.999028, 41.707086], [-8.011031, 41.708143], [-8.02296, 41.714178], [-8.034244, 41.72306], [-8.041357, 41.732126], [-8.042795, 41.741145], [-8.039548, 41.750125], [-8.034362, 41.755519], [-8.022244, 41.761383], [-8.010195, 41.762626], [-7.986213, 41.757667], [-7.974157, 41.759379], [-7.963828, 41.767481], [-7.949915, 41.770628]], [[-8.011464, 41.679912], [-7.999519, 41.675409], [-7.991871, 41.668654], [-7.988684, 41.659619], [-7.989681, 41.650621], [-8.000088, 41.63863], [-8.012165, 41.634029], [-8.024174, 41.633816], [-8.036123, 41.637632], [-8.040391, 41.642048], [-8.045947, 41.651102], [-8.046269, 41.660111], [-8.041419, 41.669078], [-8.035572, 41.674576], [-8.023488, 41.679281], [-8.011464, 41.679912]], [[-8.08427, 41.629163], [-8.069759, 41.624275], [-8.063322, 41.615216], [-8.064747, 41.60622], [-8.072704, 41.598477], [-8.084761, 41.594416], [-8.097382, 41.597474], [-8.107165, 41.606558], [-8.108117, 41.615572], [-8.101709, 41.62453], [-8.096295, 41.627709], [-8.08427, 41.629163]]], [[[-8.067907, 41.445222], [-8.067907, 41.445222], [-8.067987, 41.445179], [-8.067907, 41.445222]]], [[[-8.068206, 41.445062], [-8.068206, 41.445062], [-8.068408, 41.444954], [-8.068206, 41.445062]]], [[[-7.802733, 41.714603], [-7.811635, 41.720973], [-7.830409, 41.726176], [-7.842415, 41.727122], [-7.854462, 41.725801], [-7.866612, 41.718526], [-7.870359, 41.712559], [-7.873623, 41.703584], [-7.874224, 41.694583], [-7.872025, 41.68597], [-7.868896, 41.686413], [-7.867408, 41.683258], [-7.859842, 41.685941], [-7.867094, 41.691089], [-7.868827, 41.69453], [-7.870542, 41.703553], [-7.866686, 41.714337], [-7.854524, 41.722311], [-7.842489, 41.723015], [-7.83053, 41.719492], [-7.820655, 41.712402], [-7.815291, 41.718689], [-7.808986, 41.717996], [-7.808396, 41.715744], [-7.802733, 41.714603]]], [[[-8.444246, 41.649906], [-8.456266, 41.648647], [-8.468328, 41.642145], [-8.473381, 41.63584], [-8.474447, 41.626838], [-8.46854, 41.61641], [-8.456604, 41.608387], [-8.444625, 41.605757], [-8.432611, 41.607301], [-8.420546, 41.614389], [-8.417204, 41.617555], [-8.413819, 41.626545], [-8.416147, 41.635564], [-8.426222, 41.644622], [-8.432258, 41.647586], [-8.444246, 41.649906]], [[-8.444314, 41.641997], [-8.432339, 41.638329], [-8.428862, 41.635628], [-8.425085, 41.626602], [-8.429858, 41.617618], [-8.444565, 41.612821], [-8.459208, 41.61776], [-8.46451, 41.626792], [-8.461272, 41.635784], [-8.456343, 41.639477], [-8.444314, 41.641997]]], [[[-8.624876, 41.564723], [-8.636863, 41.565854], [-8.648865, 41.564299], [-8.660882, 41.559818], [-8.66713, 41.555499], [-8.672934, 41.547919], [-8.675712, 41.537509], [-8.672839, 41.528493], [-8.666547, 41.519468], [-8.654609, 41.510425], [-8.625267, 41.497079], [-8.613296, 41.495403], [-8.601304, 41.497324], [-8.589267, 41.50609], [-8.582864, 41.519195], [-8.582656, 41.528201], [-8.589035, 41.542774], [-8.600951, 41.554777], [-8.612902, 41.561482], [-8.624876, 41.564723]], [[-8.624927, 41.556023], [-8.612952, 41.553204], [-8.601004, 41.546156], [-8.593448, 41.537247], [-8.590416, 41.528229], [-8.591287, 41.519225], [-8.596964, 41.510238], [-8.601246, 41.506739], [-8.613254, 41.502383], [-8.625235, 41.50255], [-8.637198, 41.506041], [-8.645637, 41.510398], [-8.656918, 41.51944], [-8.661643, 41.528461], [-8.661858, 41.537469], [-8.656666, 41.546461], [-8.648931, 41.552056], [-8.638309, 41.555412], [-8.624927, 41.556023]]], [[[-8.445075, 41.55323], [-8.457056, 41.554529], [-8.465944, 41.545733], [-8.46072, 41.536702], [-8.45722, 41.534873], [-8.445228, 41.535391], [-8.44289, 41.536617], [-8.438677, 41.545603], [-8.445075, 41.55323]], [[-8.450953, 41.545663], [-8.457153, 41.542937], [-8.458583, 41.545699], [-8.457117, 41.547148], [-8.450953, 41.545663]]], [[[-8.421697, 41.485379], [-8.434423, 41.482531], [-8.433712, 41.481205], [-8.421758, 41.478532], [-8.419481, 41.482457], [-8.421697, 41.485379]]], [[[-8.553554, 41.472052], [-8.565545, 41.469777], [-8.572814, 41.465113], [-8.57725, 41.456122], [-8.575709, 41.447109], [-8.565985, 41.438065], [-8.553805, 41.435382], [-8.541815, 41.438298], [-8.532181, 41.44694], [-8.530047, 41.455939], [-8.535577, 41.464969], [-8.541598, 41.469168], [-8.553554, 41.472052]], [[-8.551747, 41.456026], [-8.553671, 41.455007], [-8.554625, 41.456037], [-8.553658, 41.456871], [-8.551747, 41.456026]]], [[[-8.469522, 41.244712], [-8.479971, 41.257556], [-8.495231, 41.270833], [-8.533619, 41.293817], [-8.546129, 41.302874], [-8.551688, 41.311904], [-8.553228, 41.347941], [-8.556893, 41.36597], [-8.566622, 41.384022], [-8.577997, 41.396286], [-8.58991, 41.404187], [-8.601845, 41.408921], [-8.625755, 41.412208], [-8.661669, 41.408583], [-8.685634, 41.401323], [-8.701664, 41.393459], [-8.713013, 41.38448], [-8.719748, 41.375489], [-8.722876, 41.366489], [-8.722693, 41.357481], [-8.719082, 41.348465], [-8.710692, 41.339436], [-8.674615, 41.312317], [-8.653818, 41.294241], [-8.644539, 41.285205], [-8.638833, 41.276179], [-8.632806, 41.231121], [-8.615605, 41.177442], [-8.613374, 41.177451], [-8.608583, 41.174095], [-8.609164, 41.172066], [-8.605845, 41.166228], [-8.602852, 41.164214], [-8.59422, 41.165149], [-8.589174, 41.167645], [-8.589194, 41.170572], [-8.586971, 41.171256], [-8.602583, 41.185981], [-8.608278, 41.195009], [-8.612459, 41.204031], [-8.617002, 41.222062], [-8.615733, 41.240073], [-8.612199, 41.249069], [-8.602741, 41.261591], [-8.59075, 41.270062], [-8.578784, 41.27422], [-8.566835, 41.27557], [-8.54297, 41.273389], [-8.531056, 41.269856], [-8.519156, 41.26451], [-8.507275, 41.256909], [-8.497963, 41.248628], [-8.488781, 41.235754], [-8.486181, 41.236888], [-8.484411, 41.240495], [-8.476644, 41.237817], [-8.475756, 41.23917], [-8.471283, 41.239184], [-8.471604, 41.243459], [-8.469522, 41.244712]], [[-8.649749, 41.400294], [-8.625818, 41.401228], [-8.613867, 41.399212], [-8.601931, 41.394796], [-8.590016, 41.387244], [-8.579099, 41.375061], [-8.574681, 41.366037], [-8.572767, 41.357022], [-8.575524, 41.339017], [-8.58035, 41.330027], [-8.588407, 41.321049], [-8.602431, 41.312641], [-8.614396, 41.309602], [-8.626343, 41.309496], [-8.650203, 41.315575], [-8.67463, 41.330332], [-8.692352, 41.348396], [-8.695833, 41.357413], [-8.696061, 41.366422], [-8.692966, 41.375421], [-8.685264, 41.384408], [-8.673716, 41.39225], [-8.661728, 41.397327], [-8.649749, 41.400294]]], [[[-8.18779, 41.375629], [-8.187387, 41.381969], [-8.191995, 41.391009], [-8.195239, 41.393561], [-8.20712, 41.40023], [-8.219061, 41.402062], [-8.231041, 41.400622], [-8.24628, 41.391377], [-8.250897, 41.3824], [-8.250467, 41.37339], [-8.245461, 41.365028], [-8.244272, 41.368384], [-8.239197, 41.371315], [-8.232024, 41.369971], [-8.225055, 41.370877], [-8.231383, 41.371633], [-8.23344, 41.373278], [-8.236486, 41.382305], [-8.23118, 41.388821], [-8.219193, 41.391034], [-8.209054, 41.38212], [-8.212518, 41.374939], [-8.208127, 41.376968], [-8.204839, 41.376294], [-8.200657, 41.377648], [-8.194976, 41.374275], [-8.191691, 41.376302], [-8.18779, 41.375629]]], [[[-8.212607, 41.374755], [-8.212607, 41.374755], [-8.212844, 41.374263], [-8.212607, 41.374755]]], [[[-8.212905, 41.374137], [-8.212905, 41.374137], [-8.212953, 41.374038], [-8.212905, 41.374137]]], [[[-8.214696, 41.372507], [-8.219442, 41.370206], [-8.224853, 41.370853], [-8.21738, 41.368182], [-8.214696, 41.372507]]]]}}, {"id": "4", "type": "Feature", "properties": {"fill": "#d75e13", "value_min": -2.67, "value_max": -2.33}, "geometry": {"type": "MultiPolygon", "coordinates": [[[[-7.879656, 41.852949], [-7.888428, 41.847623], [-7.897017, 41.838913], [-7.908453, 41.821009], [-7.909808, 41.812015], [-7.907502, 41.802986], [-7.901399, 41.793537], [-7.889495, 41.785884], [-7.877482, 41.784657], [-7.841334, 41.78726], [-7.820458, 41.793119], [-7.810712, 41.802025], [-7.809143, 41.811015], [-7.811513, 41.820047], [-7.816691, 41.829107], [-7.828279, 41.843237], [-7.84016, 41.852312], [-7.852129, 41.856682], [-7.864158, 41.857707], [-7.867298, 41.85683], [-7.867437, 41.856791], [-7.867599, 41.856745], [-7.871538, 41.850562], [-7.864257, 41.852088], [-7.852234, 41.85079], [-7.840281, 41.845635], [-7.830918, 41.838259], [-7.823212, 41.829174], [-7.818924, 41.820123], [-7.818002, 41.811107], [-7.821036, 41.802131], [-7.832844, 41.793245], [-7.841276, 41.790456], [-7.865413, 41.786688], [-7.877451, 41.786469], [-7.889449, 41.788582], [-7.897475, 41.793884], [-7.904398, 41.802957], [-7.907098, 41.811989], [-7.905674, 41.820983], [-7.900778, 41.829863], [-7.888505, 41.843175], [-7.876962, 41.849177], [-7.879656, 41.852949]]], [[[-7.872902, 41.850276], [-7.872902, 41.850276], [-7.87214, 41.850436], [-7.872902, 41.850276]]], [[[-7.727351, 41.801661], [-7.744769, 41.802095], [-7.756901, 41.797179], [-7.763535, 41.79252], [-7.767141, 41.783552], [-7.764951, 41.774522], [-7.757503, 41.766007], [-7.743246, 41.759708], [-7.739912, 41.764148], [-7.726937, 41.771755], [-7.7254, 41.777152], [-7.727191, 41.779184], [-7.724177, 41.780299], [-7.725372, 41.781653], [-7.722296, 41.792446], [-7.728879, 41.797871], [-7.727351, 41.801661]], [[-7.732809, 41.792185], [-7.725913, 41.783102], [-7.733265, 41.774994], [-7.745255, 41.777152], [-7.749222, 41.783358], [-7.745004, 41.790053], [-7.732809, 41.792185]]], [[[-7.949915, 41.770628], [-7.963828, 41.767481], [-7.974157, 41.759379], [-7.986213, 41.757667], [-8.010195, 41.762626], [-8.022244, 41.761383], [-8.034362, 41.755519], [-8.039548, 41.750125], [-8.042795, 41.741145], [-8.041357, 41.732126], [-8.034244, 41.72306], [-8.02296, 41.714178], [-8.011031, 41.708143], [-7.999028, 41.707086], [-7.986953, 41.710624], [-7.974754, 41.72187], [-7.962496, 41.736513], [-7.938362, 41.7416], [-7.927408, 41.749133], [-7.922961, 41.758098], [-7.928479, 41.767157], [-7.937892, 41.770153], [-7.949915, 41.770628]], [[-7.937922, 41.768329], [-7.934414, 41.767212], [-7.928217, 41.758147], [-7.934321, 41.749197], [-7.938282, 41.746473], [-7.950341, 41.744504], [-7.96189, 41.74945], [-7.965662, 41.758491], [-7.95616, 41.767411], [-7.949943, 41.768902], [-7.937922, 41.768329]], [[-8.010295, 41.756156], [-7.9983, 41.753945], [-7.989709, 41.749698], [-7.980742, 41.740612], [-7.980389, 41.731602], [-7.985683, 41.722641], [-7.998906, 41.714967], [-8.010932, 41.714617], [-8.02289, 41.718755], [-8.028296, 41.72301], [-8.034868, 41.732072], [-8.035545, 41.741085], [-8.029109, 41.750037], [-8.022353, 41.754221], [-8.010295, 41.756156]]], [[[-8.299166, 41.757712], [-8.302609, 41.752023], [-8.29915, 41.740961], [-8.287188, 41.73514], [-8.275149, 41.736429], [-8.266235, 41.742789], [-8.264606, 41.751786], [-8.272162, 41.760841], [-8.281322, 41.763138], [-8.284038, 41.761109], [-8.284931, 41.757507], [-8.287033, 41.756829], [-8.299166, 41.757712]]], [[[-8.17854, 41.768428], [-8.190609, 41.765416], [-8.198879, 41.760354], [-8.206233, 41.751398], [-8.208813, 41.742408], [-8.208665, 41.7334], [-8.239312, 41.716226], [-8.246263, 41.706632], [-8.247767, 41.697635], [-8.24539, 41.688612], [-8.237412, 41.679553], [-8.227794, 41.674148], [-8.215809, 41.671848], [-8.20378, 41.673147], [-8.191682, 41.679921], [-8.185384, 41.688203], [-8.183565, 41.697197], [-8.190097, 41.715257], [-8.186198, 41.724237], [-8.167046, 41.726948], [-8.155546, 41.733022], [-8.147826, 41.741972], [-8.147036, 41.750973], [-8.154558, 41.76234], [-8.166518, 41.767767], [-8.17854, 41.768428]], [[-8.166636, 41.758657], [-8.155196, 41.751034], [-8.1539, 41.742017], [-8.166988, 41.731424], [-8.179015, 41.731151], [-8.18439, 41.733231], [-8.191879, 41.742291], [-8.189508, 41.751281], [-8.178669, 41.758343], [-8.166636, 41.758657]], [[-8.215288, 41.714663], [-8.20328, 41.713678], [-8.193307, 41.706273], [-8.189143, 41.697236], [-8.191595, 41.688247], [-8.203698, 41.679808], [-8.215724, 41.67883], [-8.227679, 41.683755], [-8.232931, 41.68853], [-8.235497, 41.697554], [-8.23152, 41.706535], [-8.227364, 41.71014], [-8.215288, 41.714663]]], [[[-7.820655, 41.712402], [-7.83053, 41.719492], [-7.842489, 41.723015], [-7.854524, 41.722311], [-7.866686, 41.714337], [-7.870542, 41.703553], [-7.868827, 41.69453], [-7.867094, 41.691089], [-7.859842, 41.685941], [-7.857773, 41.689538], [-7.854776, 41.68818], [-7.852366, 41.689983], [-7.855096, 41.690038], [-7.861123, 41.694454], [-7.866911, 41.701524], [-7.863964, 41.712496], [-7.854584, 41.718887], [-7.842569, 41.718549], [-7.831313, 41.712168], [-7.830754, 41.710178], [-7.825252, 41.708813], [-7.820655, 41.712402]]], [[[-8.011464, 41.679912], [-8.023488, 41.679281], [-8.035572, 41.674576], [-8.041419, 41.669078], [-8.046269, 41.660111], [-8.045947, 41.651102], [-8.040391, 41.642048], [-8.036123, 41.637632], [-8.024174, 41.633816], [-8.012165, 41.634029], [-8.000088, 41.63863], [-7.989681, 41.650621], [-7.988684, 41.659619], [-7.991871, 41.668654], [-7.999519, 41.675409], [-8.011464, 41.679912]], [[-8.023562, 41.674343], [-8.011576, 41.672555], [-8.005228, 41.66877], [-8.000551, 41.659723], [-8.003161, 41.650738], [-8.012009, 41.644234], [-8.024043, 41.64252], [-8.035988, 41.646707], [-8.039613, 41.651049], [-8.041761, 41.660074], [-8.035643, 41.669853], [-8.023562, 41.674343]]], [[[-8.444314, 41.641997], [-8.456343, 41.639477], [-8.461272, 41.635784], [-8.46451, 41.626792], [-8.459208, 41.61776], [-8.444565, 41.612821], [-8.429858, 41.617618], [-8.425085, 41.626602], [-8.428862, 41.635628], [-8.432339, 41.638329], [-8.444314, 41.641997]], [[-8.438448, 41.626668], [-8.444484, 41.622266], [-8.451529, 41.626731], [-8.4444, 41.631988], [-8.438448, 41.626668]]], [[[-8.08427, 41.629163], [-8.096295, 41.627709], [-8.101709, 41.62453], [-8.108117, 41.615572], [-8.107165, 41.606558], [-8.097382, 41.597474], [-8.084761, 41.594416], [-8.072704, 41.598477], [-8.064747, 41.60622], [-8.063322, 41.615216], [-8.069759, 41.624275], [-8.08427, 41.629163]], [[-8.084362, 41.622652], [-8.077013, 41.615327], [-8.084587, 41.606741], [-8.096546, 41.609757], [-8.099496, 41.615505], [-8.096408, 41.619608], [-8.084362, 41.622652]]], [[[-8.082177, 41.563378], [-8.097166, 41.565238], [-8.109179, 41.563823], [-8.12122, 41.560259], [-8.133299, 41.553823], [-8.143391, 41.543783], [-8.15043, 41.525821], [-8.158716, 41.480845], [-8.15745, 41.471828], [-8.153612, 41.462793], [-8.146604, 41.4538], [-8.134746, 41.445163], [-8.122844, 41.440049], [-8.110907, 41.437661], [-8.098943, 41.437204], [-8.086955, 41.438547], [-8.068505, 41.444902], [-8.068408, 41.444954], [-8.068206, 41.445062], [-8.067987, 41.445179], [-8.067907, 41.445222], [-8.069999, 41.447206], [-8.068788, 41.462286], [-8.072261, 41.464314], [-8.08674, 41.453886], [-8.098765, 41.450091], [-8.110749, 41.449183], [-8.122697, 41.450983], [-8.134602, 41.45603], [-8.142636, 41.462711], [-8.148772, 41.471764], [-8.150748, 41.480786], [-8.149634, 41.489785], [-8.141999, 41.507743], [-8.140424, 41.525746], [-8.137783, 41.534734], [-8.130783, 41.543688], [-8.121361, 41.549911], [-8.109322, 41.553383], [-8.097325, 41.553816], [-8.082187, 41.54963], [-8.079788, 41.551876], [-8.074097, 41.549848], [-8.072896, 41.552098], [-8.075891, 41.554575], [-8.076188, 41.557276], [-8.079783, 41.558403], [-8.082177, 41.563378]]], [[[-8.624927, 41.556023], [-8.638309, 41.555412], [-8.648931, 41.552056], [-8.656666, 41.546461], [-8.661858, 41.537469], [-8.661643, 41.528461], [-8.656918, 41.51944], [-8.645637, 41.510398], [-8.637198, 41.506041], [-8.625235, 41.50255], [-8.613254, 41.502383], [-8.601246, 41.506739], [-8.596964, 41.510238], [-8.591287, 41.519225], [-8.590416, 41.528229], [-8.593448, 41.537247], [-8.601004, 41.546156], [-8.612952, 41.553204], [-8.624927, 41.556023]], [[-8.624967, 41.548951], [-8.612994, 41.546102], [-8.601175, 41.537275], [-8.59735, 41.528254], [-8.598854, 41.519252], [-8.601188, 41.516182], [-8.61322, 41.508102], [-8.625208, 41.507203], [-8.637172, 41.510577], [-8.648831, 41.519415], [-8.652943, 41.528435], [-8.648998, 41.539719], [-8.636966, 41.547514], [-8.624967, 41.548951]]], [[[-8.450953, 41.545663], [-8.457117, 41.547148], [-8.458583, 41.545699], [-8.457153, 41.542937], [-8.450953, 41.545663]]], [[[-8.551747, 41.456026], [-8.553658, 41.456871], [-8.554625, 41.456037], [-8.553671, 41.455007], [-8.551747, 41.456026]]], [[[-8.649749, 41.400294], [-8.661728, 41.397327], [-8.673716, 41.39225], [-8.685264, 41.384408], [-8.692966, 41.375421], [-8.696061, 41.366422], [-8.695833, 41.357413], [-8.692352, 41.348396], [-8.67463, 41.330332], [-8.650203, 41.315575], [-8.626343, 41.309496], [-8.614396, 41.309602], [-8.602431, 41.312641], [-8.588407, 41.321049], [-8.58035, 41.330027], [-8.575524, 41.339017], [-8.572767, 41.357022], [-8.574681, 41.366037], [-8.579099, 41.375061], [-8.590016, 41.387244], [-8.601931, 41.394796], [-8.613867, 41.399212], [-8.625818, 41.401228], [-8.649749, 41.400294]], [[-8.649798, 41.391212], [-8.637827, 41.392989], [-8.625868, 41.392529], [-8.613923, 41.389668], [-8.602, 41.383395], [-8.593221, 41.375112], [-8.588395, 41.366087], [-8.586907, 41.357074], [-8.58866, 41.348073], [-8.593918, 41.339084], [-8.602316, 41.331629], [-8.614299, 41.326042], [-8.626259, 41.324132], [-8.638204, 41.324874], [-8.650135, 41.328268], [-8.668267, 41.339322], [-8.676152, 41.348352], [-8.679948, 41.35737], [-8.679859, 41.366378], [-8.675606, 41.375373], [-8.665884, 41.384353], [-8.649798, 41.391212]]], [[[-8.212518, 41.374939], [-8.209054, 41.38212], [-8.219193, 41.391034], [-8.23118, 41.388821], [-8.236486, 41.382305], [-8.23344, 41.373278], [-8.231383, 41.371633], [-8.225055, 41.370877], [-8.224853, 41.370853], [-8.219442, 41.370206], [-8.214696, 41.372507], [-8.212953, 41.374038], [-8.212905, 41.374137], [-8.212844, 41.374263], [-8.212607, 41.374755], [-8.212518, 41.374939]]], [[[-8.488781, 41.235754], [-8.497963, 41.248628], [-8.507275, 41.256909], [-8.519156, 41.26451], [-8.531056, 41.269856], [-8.54297, 41.273389], [-8.566835, 41.27557], [-8.578784, 41.27422], [-8.59075, 41.270062], [-8.602741, 41.261591], [-8.612199, 41.249069], [-8.615733, 41.240073], [-8.617002, 41.222062], [-8.612459, 41.204031], [-8.608278, 41.195009], [-8.602583, 41.185981], [-8.586971, 41.171256], [-8.582094, 41.177803], [-8.578825, 41.178941], [-8.580583, 41.184787], [-8.591233, 41.192553], [-8.59977, 41.203987], [-8.604799, 41.22202], [-8.60369, 41.231025], [-8.599683, 41.240018], [-8.590878, 41.249665], [-8.578899, 41.256363], [-8.566942, 41.259495], [-8.555, 41.260116], [-8.543075, 41.25841], [-8.531166, 41.254473], [-8.519281, 41.247363], [-8.511231, 41.239677], [-8.505611, 41.230645], [-8.502942, 41.220628], [-8.501907, 41.222882], [-8.495642, 41.222227], [-8.495947, 41.223351], [-8.490894, 41.226294], [-8.487935, 41.230354], [-8.490331, 41.232373], [-8.488781, 41.235754]]], [[[-8.502942, 41.219502], [-8.502942, 41.21365], [-8.500076, 41.21546], [-8.502942, 41.219502]]]]}}, {"id": "3", "type": "Feature", "properties": {"fill": "#c33119", "value_min": -3.0, "value_max": -2.67}, "geometry": {"type": "MultiPolygon", "coordinates": [[[[-7.876962, 41.849177], [-7.888505, 41.843175], [-7.900778, 41.829863], [-7.905674, 41.820983], [-7.907098, 41.811989], [-7.904398, 41.802957], [-7.897475, 41.793884], [-7.889449, 41.788582], [-7.877451, 41.786469], [-7.865413, 41.786688], [-7.841276, 41.790456], [-7.832844, 41.793245], [-7.821036, 41.802131], [-7.818002, 41.811107], [-7.818924, 41.820123], [-7.823212, 41.829174], [-7.830918, 41.838259], [-7.840281, 41.845635], [-7.852234, 41.85079], [-7.864257, 41.852088], [-7.871538, 41.850562], [-7.87214, 41.850436], [-7.872902, 41.850276], [-7.873062, 41.845809], [-7.864346, 41.847069], [-7.852327, 41.845614], [-7.840384, 41.839916], [-7.829554, 41.829239], [-7.82492, 41.820185], [-7.82422, 41.811171], [-7.828963, 41.802212], [-7.841914, 41.793337], [-7.853319, 41.789998], [-7.877419, 41.788274], [-7.889402, 41.791279], [-7.901295, 41.802927], [-7.904387, 41.811963], [-7.900867, 41.824632], [-7.888581, 41.838757], [-7.874831, 41.845554], [-7.876962, 41.849177]]], [[[-7.732809, 41.792185], [-7.745004, 41.790053], [-7.749222, 41.783358], [-7.745255, 41.777152], [-7.733265, 41.774994], [-7.725913, 41.783102], [-7.732809, 41.792185]]], [[[-7.937922, 41.768329], [-7.949943, 41.768902], [-7.95616, 41.767411], [-7.965662, 41.758491], [-7.96189, 41.74945], [-7.950341, 41.744504], [-7.938282, 41.746473], [-7.934321, 41.749197], [-7.928217, 41.758147], [-7.934414, 41.767212], [-7.937922, 41.768329]], [[-7.950251, 41.750022], [-7.958426, 41.758425], [-7.949979, 41.766732], [-7.93798, 41.764802], [-7.932938, 41.758191], [-7.938194, 41.751795], [-7.950251, 41.750022]]], [[[-8.166636, 41.758657], [-8.178669, 41.758343], [-8.189508, 41.751281], [-8.191879, 41.742291], [-8.18439, 41.733231], [-8.179015, 41.731151], [-8.166988, 41.731424], [-8.1539, 41.742017], [-8.155196, 41.751034], [-8.166636, 41.758657]], [[-8.17881, 41.747272], [-8.166732, 41.751223], [-8.161649, 41.742074], [-8.166909, 41.737531], [-8.178906, 41.739758], [-8.181451, 41.742217], [-8.17881, 41.747272]]], [[[-8.010295, 41.756156], [-8.022353, 41.754221], [-8.029109, 41.750037], [-8.035545, 41.741085], [-8.034868, 41.732072], [-8.028296, 41.72301], [-8.02289, 41.718755], [-8.010932, 41.714617], [-7.998906, 41.714967], [-7.985683, 41.722641], [-7.980389, 41.731602], [-7.980742, 41.740612], [-7.989709, 41.749698], [-7.9983, 41.753945], [-8.010295, 41.756156]], [[-8.022449, 41.747895], [-8.010377, 41.750805], [-7.998398, 41.747673], [-7.990201, 41.740695], [-7.988662, 41.731675], [-7.995207, 41.722725], [-7.998818, 41.720598], [-8.01087, 41.718676], [-8.02282, 41.723406], [-8.030073, 41.732032], [-8.029444, 41.741033], [-8.022449, 41.747895]]], [[[-7.830754, 41.710178], [-7.831313, 41.712168], [-7.842569, 41.718549], [-7.854584, 41.718887], [-7.863964, 41.712496], [-7.866911, 41.701524], [-7.861123, 41.694454], [-7.855096, 41.690038], [-7.852366, 41.689983], [-7.847538, 41.695365], [-7.837309, 41.699391], [-7.835792, 41.702763], [-7.837476, 41.703668], [-7.842941, 41.697804], [-7.854988, 41.696172], [-7.862176, 41.703471], [-7.859104, 41.712447], [-7.854645, 41.715486], [-7.842654, 41.713824], [-7.839887, 41.712255], [-7.838614, 41.707722], [-7.838465, 41.709522], [-7.830754, 41.710178]]], [[[-8.215288, 41.714663], [-8.227364, 41.71014], [-8.23152, 41.706535], [-8.235497, 41.697554], [-8.232931, 41.68853], [-8.227679, 41.683755], [-8.215724, 41.67883], [-8.203698, 41.679808], [-8.191595, 41.688247], [-8.189143, 41.697236], [-8.193307, 41.706273], [-8.20328, 41.713678], [-8.215288, 41.714663]], [[-8.225603, 41.697488], [-8.215376, 41.707452], [-8.203364, 41.706852], [-8.195591, 41.697282], [-8.199702, 41.688303], [-8.203627, 41.685566], [-8.215646, 41.685267], [-8.221446, 41.688453], [-8.225603, 41.697488]]], [[[-8.023562, 41.674343], [-8.035643, 41.669853], [-8.041761, 41.660074], [-8.039613, 41.651049], [-8.035988, 41.646707], [-8.024043, 41.64252], [-8.012009, 41.644234], [-8.003161, 41.650738], [-8.000551, 41.659723], [-8.005228, 41.66877], [-8.011576, 41.672555], [-8.023562, 41.674343]], [[-8.035752, 41.662564], [-8.023629, 41.669926], [-8.019577, 41.668894], [-8.011715, 41.663502], [-8.009147, 41.659797], [-8.016373, 41.650852], [-8.023952, 41.648522], [-8.029784, 41.650966], [-8.035848, 41.656086], [-8.037252, 41.660036], [-8.035752, 41.662564]]], [[[-8.438448, 41.626668], [-8.4444, 41.631988], [-8.451529, 41.626731], [-8.444484, 41.622266], [-8.438448, 41.626668]]], [[[-8.084362, 41.622652], [-8.096408, 41.619608], [-8.099496, 41.615505], [-8.096546, 41.609757], [-8.084587, 41.606741], [-8.077013, 41.615327], [-8.084362, 41.622652]]], [[[-8.082187, 41.54963], [-8.097325, 41.553816], [-8.109322, 41.553383], [-8.121361, 41.549911], [-8.130783, 41.543688], [-8.137783, 41.534734], [-8.140424, 41.525746], [-8.141999, 41.507743], [-8.149634, 41.489785], [-8.150748, 41.480786], [-8.148772, 41.471764], [-8.142636, 41.462711], [-8.134602, 41.45603], [-8.122697, 41.450983], [-8.110749, 41.449183], [-8.098765, 41.450091], [-8.08674, 41.453886], [-8.072261, 41.464314], [-8.073872, 41.46499], [-8.074164, 41.473543], [-8.066374, 41.482318], [-8.066069, 41.48817], [-8.072054, 41.490199], [-8.072348, 41.495601], [-8.078333, 41.49898], [-8.078332, 41.500331], [-8.082873, 41.501683], [-8.081, 41.48025], [-8.084977, 41.471274], [-8.09611, 41.462355], [-8.11062, 41.458618], [-8.122577, 41.459888], [-8.134468, 41.466065], [-8.139458, 41.471695], [-8.142536, 41.480725], [-8.140783, 41.48972], [-8.126983, 41.50763], [-8.130489, 41.525672], [-8.127519, 41.534656], [-8.121487, 41.540552], [-8.109429, 41.545635], [-8.094733, 41.544679], [-8.093576, 41.544291], [-8.093389, 41.544228], [-8.093277, 41.544191], [-8.090755, 41.543327], [-8.087885, 41.542876], [-8.083689, 41.544675], [-8.082187, 41.54963]]], [[[-8.624967, 41.548951], [-8.636966, 41.547514], [-8.648998, 41.539719], [-8.652943, 41.528435], [-8.648831, 41.519415], [-8.637172, 41.510577], [-8.625208, 41.507203], [-8.61322, 41.508102], [-8.601188, 41.516182], [-8.598854, 41.519252], [-8.59735, 41.528254], [-8.601175, 41.537275], [-8.612994, 41.546102], [-8.624967, 41.548951]], [[-8.644417, 41.528409], [-8.637012, 41.539255], [-8.625007, 41.542182], [-8.613036, 41.539147], [-8.604764, 41.52828], [-8.607066, 41.51928], [-8.613183, 41.514461], [-8.62518, 41.51222], [-8.637139, 41.516523], [-8.640921, 41.519391], [-8.644417, 41.528409]]], [[[-8.649798, 41.391212], [-8.665884, 41.384353], [-8.675606, 41.375373], [-8.679859, 41.366378], [-8.679948, 41.35737], [-8.676152, 41.348352], [-8.668267, 41.339322], [-8.650135, 41.328268], [-8.638204, 41.324874], [-8.626259, 41.324132], [-8.614299, 41.326042], [-8.602316, 41.331629], [-8.593918, 41.339084], [-8.58866, 41.348073], [-8.586907, 41.357074], [-8.588395, 41.366087], [-8.593221, 41.375112], [-8.602, 41.383395], [-8.613923, 41.389668], [-8.625868, 41.392529], [-8.637827, 41.392989], [-8.649798, 41.391212]], [[-8.649845, 41.382445], [-8.63787, 41.385317], [-8.625912, 41.384805], [-8.613977, 41.380644], [-8.606226, 41.375157], [-8.600023, 41.366128], [-8.598894, 41.357116], [-8.602233, 41.34812], [-8.614228, 41.33801], [-8.6262, 41.334559], [-8.63815, 41.334768], [-8.650081, 41.338432], [-8.662916, 41.348314], [-8.667338, 41.357335], [-8.666959, 41.366341], [-8.661268, 41.375332], [-8.649845, 41.382445]]], [[[-8.502942, 41.220628], [-8.505611, 41.230645], [-8.511231, 41.239677], [-8.519281, 41.247363], [-8.531166, 41.254473], [-8.543075, 41.25841], [-8.555, 41.260116], [-8.566942, 41.259495], [-8.578899, 41.256363], [-8.590878, 41.249665], [-8.599683, 41.240018], [-8.60369, 41.231025], [-8.604799, 41.22202], [-8.59977, 41.203987], [-8.591233, 41.192553], [-8.580583, 41.184787], [-8.581296, 41.191762], [-8.577139, 41.194029], [-8.576266, 41.197086], [-8.585273, 41.203936], [-8.591108, 41.212652], [-8.592645, 41.221978], [-8.590329, 41.230978], [-8.582705, 41.239958], [-8.567023, 41.247249], [-8.555081, 41.248165], [-8.543162, 41.245878], [-8.531123, 41.23976], [-8.523195, 41.230719], [-8.520146, 41.221699], [-8.52106, 41.212695], [-8.526871, 41.203216], [-8.523236, 41.200077], [-8.51163, 41.203042], [-8.510456, 41.206197], [-8.505693, 41.207113], [-8.505713, 41.210715], [-8.502942, 41.21365], [-8.502942, 41.219502], [-8.502942, 41.220628]]]]}}, {"id": "9", "type": "Feature", "properties": {"fill": "#a3a3a3", "value_min": -1.0, "value_max": -0.67}, "geometry": {"type": "MultiPolygon", "coordinates": [[[[-7.813459, 41.872859], [-7.80723, 41.856029], [-7.792259, 41.837122], [-7.780362, 41.829429], [-7.768393, 41.825615], [-7.756369, 41.82469], [-7.74315, 41.825582], [-7.742839, 41.827178], [-7.738919, 41.828515], [-7.739807, 41.830927], [-7.756278, 41.829384], [-7.768296, 41.830662], [-7.784505, 41.837778], [-7.794551, 41.84689], [-7.800251, 41.855956], [-7.803912, 41.874408], [-7.804914, 41.869459], [-7.813459, 41.872859]]], [[[-8.026375, 41.830262], [-8.00886, 41.812912], [-7.973718, 41.785583], [-7.961792, 41.78022], [-7.9498, 41.777703], [-7.937769, 41.777611], [-7.925685, 41.780653], [-7.919281, 41.785084], [-7.918732, 41.794086], [-7.924654, 41.812155], [-7.908914, 41.848034], [-7.906935, 41.864752], [-7.906934, 41.866327], [-7.907263, 41.868804], [-7.910299, 41.871285], [-7.910285, 41.875562], [-7.91479, 41.879171], [-7.923313, 41.878062], [-7.915676, 41.866111], [-7.913408, 41.848076], [-7.919971, 41.830125], [-7.93153, 41.812219], [-7.922996, 41.794126], [-7.925618, 41.784677], [-7.937734, 41.779677], [-7.949767, 41.779685], [-7.966265, 41.785517], [-7.977905, 41.803634], [-8.000367, 41.821846], [-8.01064, 41.83704], [-8.013363, 41.829124], [-8.017873, 41.831379], [-8.026375, 41.830262]]], [[[-8.479615, 41.683157], [-8.456007, 41.679397], [-8.43199, 41.67803], [-8.407909, 41.683818], [-8.371134, 41.698376], [-8.359945, 41.707322], [-8.35611, 41.716307], [-8.358376, 41.735102], [-8.362407, 41.735994], [-8.368931, 41.73193], [-8.367345, 41.725377], [-8.368201, 41.716374], [-8.373384, 41.707396], [-8.385734, 41.698455], [-8.395799, 41.693868], [-8.419902, 41.686251], [-8.431926, 41.685329], [-8.443931, 41.686558], [-8.464053, 41.693], [-8.479615, 41.683157]]], [[[-7.877653, 41.774856], [-7.892021, 41.766811], [-7.896088, 41.757843], [-7.89707, 41.748846], [-7.902282, 41.741745], [-7.917344, 41.731025], [-7.924899, 41.722089], [-7.926873, 41.7131], [-7.924108, 41.704067], [-7.915073, 41.696285], [-7.9031, 41.693669], [-7.891029, 41.696833], [-7.878766, 41.710957], [-7.872114, 41.73059], [-7.866343, 41.733842], [-7.842162, 41.741208], [-7.831538, 41.748198], [-7.828058, 41.757169], [-7.831523, 41.766211], [-7.841592, 41.772883], [-7.853559, 41.776511], [-7.865584, 41.776933], [-7.877653, 41.774856]], [[-7.865624, 41.774712], [-7.853609, 41.773724], [-7.841679, 41.768066], [-7.838995, 41.766287], [-7.835358, 41.757244], [-7.84013, 41.748285], [-7.854188, 41.741167], [-7.86625, 41.739156], [-7.878274, 41.739223], [-7.881983, 41.730686], [-7.878761, 41.721648], [-7.881294, 41.712666], [-7.890943, 41.701791], [-7.903002, 41.699452], [-7.914928, 41.704911], [-7.920119, 41.713037], [-7.918548, 41.722029], [-7.902401, 41.73475], [-7.878955, 41.739663], [-7.888238, 41.748761], [-7.88947, 41.757779], [-7.88576, 41.76675], [-7.877712, 41.771514], [-7.865624, 41.774712]]], [[[-8.130009, 41.714818], [-8.131175, 41.71217], [-8.143284, 41.705492], [-8.153629, 41.69698], [-8.15479, 41.687982], [-8.153351, 41.678964], [-8.148655, 41.669922], [-8.135327, 41.660816], [-8.107974, 41.651374], [-8.095988, 41.649697], [-8.083967, 41.650576], [-8.071899, 41.654644], [-8.059693, 41.669229], [-8.055983, 41.678206], [-8.057488, 41.687225], [-8.073572, 41.70537], [-8.082966, 41.721093], [-8.094876, 41.729044], [-8.106874, 41.730897], [-8.118934, 41.728328], [-8.127269, 41.723804], [-8.130009, 41.714818]], [[-8.107003, 41.721637], [-8.095024, 41.718558], [-8.089712, 41.714506], [-8.062958, 41.68727], [-8.060734, 41.678244], [-8.063732, 41.669262], [-8.07182, 41.660147], [-8.083909, 41.65463], [-8.095928, 41.653962], [-8.107906, 41.656264], [-8.11859, 41.660689], [-8.133978, 41.669813], [-8.143591, 41.682332], [-8.14551, 41.687913], [-8.143117, 41.696902], [-8.13129, 41.703652], [-8.119068, 41.718493], [-8.107003, 41.721637]]], [[[-8.582037, 41.617626], [-8.58515, 41.609276], [-8.585892, 41.600272], [-8.581996, 41.582243], [-8.572611, 41.564194], [-8.554668, 41.537104], [-8.545815, 41.510047], [-8.540682, 41.501019], [-8.531977, 41.491977], [-8.485666, 41.455749], [-8.480646, 41.446719], [-8.478219, 41.437701], [-8.475307, 41.410665], [-8.470687, 41.392629], [-8.462496, 41.374575], [-8.450771, 41.356505], [-8.434947, 41.338914], [-8.423446, 41.329348], [-8.397335, 41.314213], [-8.398835, 41.316131], [-8.393775, 41.31997], [-8.393489, 41.323122], [-8.391105, 41.324253], [-8.386325, 41.323588], [-8.380382, 41.331254], [-8.375305, 41.33104], [-8.37201, 41.328346], [-8.361563, 41.329718], [-8.358276, 41.329049], [-8.357673, 41.327249], [-8.350207, 41.327264], [-8.346032, 41.328847], [-8.342462, 41.333131], [-8.333215, 41.336299], [-8.326363, 41.342163], [-8.324568, 41.341041], [-8.323376, 41.341943], [-8.316788, 41.335876], [-8.313802, 41.336331], [-8.31169, 41.328456], [-8.306972, 41.325762], [-8.300729, 41.337676], [-8.287403, 41.382632], [-8.281909, 41.391605], [-8.274253, 41.400565], [-8.254798, 41.415459], [-8.215049, 41.436206], [-8.205881, 41.445151], [-8.200906, 41.454124], [-8.192551, 41.481087], [-8.188132, 41.508078], [-8.192967, 41.535134], [-8.205202, 41.557376], [-8.217041, 41.570054], [-8.228923, 41.579468], [-8.240832, 41.586952], [-8.264705, 41.597673], [-8.288627, 41.604629], [-8.300607, 41.606553], [-8.324603, 41.607043], [-8.33662, 41.60552], [-8.348649, 41.602737], [-8.372738, 41.593646], [-8.396863, 41.57991], [-8.405141, 41.572457], [-8.409347, 41.563471], [-8.4131, 41.545476], [-8.42129, 41.531171], [-8.433359, 41.52175], [-8.445349, 41.521193], [-8.457304, 41.524792], [-8.47822, 41.536782], [-8.485067, 41.545821], [-8.483401, 41.55482], [-8.470974, 41.572779], [-8.469314, 41.581778], [-8.474102, 41.590807], [-8.504555, 41.615472], [-8.516501, 41.623103], [-8.53604, 41.631741], [-8.535128, 41.62973], [-8.543431, 41.61462], [-8.554533, 41.615255], [-8.557244, 41.617046], [-8.562639, 41.61635], [-8.568056, 41.619031], [-8.570735, 41.616095], [-8.577321, 41.614269], [-8.582037, 41.617626]], [[-8.528592, 41.61123], [-8.516607, 41.608979], [-8.504638, 41.60464], [-8.486328, 41.590863], [-8.481504, 41.581834], [-8.481847, 41.572828], [-8.491972, 41.554859], [-8.49439, 41.545862], [-8.486189, 41.536818], [-8.450267, 41.518637], [-8.442951, 41.509595], [-8.448961, 41.500616], [-8.469667, 41.478573], [-8.481677, 41.47446], [-8.493641, 41.476202], [-8.505574, 41.481975], [-8.519517, 41.491925], [-8.527813, 41.500967], [-8.53247, 41.509994], [-8.537638, 41.537037], [-8.554012, 41.555116], [-8.564295, 41.57317], [-8.565837, 41.582183], [-8.564481, 41.591185], [-8.559265, 41.600173], [-8.552633, 41.605733], [-8.544237, 41.609121], [-8.528592, 41.61123]], [[-8.336818, 41.586206], [-8.312812, 41.58731], [-8.288851, 41.584179], [-8.264937, 41.577196], [-8.24107, 41.566546], [-8.229161, 41.55947], [-8.217278, 41.550409], [-8.204282, 41.535213], [-8.196868, 41.517147], [-8.196613, 41.499131], [-8.206262, 41.470661], [-8.215975, 41.454227], [-8.223943, 41.445274], [-8.235551, 41.436344], [-8.277646, 41.409594], [-8.309698, 41.382768], [-8.327105, 41.365683], [-8.33915, 41.356987], [-8.35115, 41.352465], [-8.363117, 41.351137], [-8.375057, 41.352656], [-8.386972, 41.356812], [-8.398859, 41.364205], [-8.422593, 41.38435], [-8.434425, 41.399136], [-8.440254, 41.4105], [-8.443162, 41.428529], [-8.439919, 41.437521], [-8.40994, 41.461023], [-8.403569, 41.473368], [-8.402352, 41.482369], [-8.40469, 41.491388], [-8.409584, 41.50019], [-8.419325, 41.509478], [-8.420062, 41.518489], [-8.397092, 41.555203], [-8.384979, 41.568059], [-8.372915, 41.575323], [-8.360871, 41.580269], [-8.336818, 41.586206]], [[-8.42154, 41.503036], [-8.409638, 41.494221], [-8.408074, 41.491406], [-8.405427, 41.482385], [-8.407055, 41.473386], [-8.409875, 41.4682], [-8.421931, 41.459117], [-8.433928, 41.45642], [-8.445896, 41.45708], [-8.457442, 41.464627], [-8.459329, 41.473643], [-8.45641, 41.482637], [-8.445559, 41.496549], [-8.433512, 41.504198], [-8.42154, 41.503036]]], [[[-8.536074, 41.631753], [-8.536074, 41.631753], [-8.536341, 41.631848], [-8.536074, 41.631753]]], [[[-8.536697, 41.631976], [-8.536697, 41.631976], [-8.542052, 41.633502], [-8.536697, 41.631976]]], [[[-8.542299, 41.633531], [-8.542299, 41.633531], [-8.542352, 41.633537], [-8.542299, 41.633531]]], [[[-8.709158, 41.491486], [-8.715823, 41.48357], [-8.717419, 41.474567], [-8.714628, 41.465553], [-8.70627, 41.456524], [-8.697364, 41.451473], [-8.683114, 41.447455], [-8.673444, 41.446552], [-8.661466, 41.447825], [-8.649471, 41.452016], [-8.643293, 41.456346], [-8.637435, 41.463404], [-8.634817, 41.474334], [-8.638817, 41.483354], [-8.64889, 41.492393], [-8.661205, 41.497859], [-8.673172, 41.500601], [-8.685153, 41.500815], [-8.697146, 41.498219], [-8.709158, 41.491486]], [[-8.662993, 41.492435], [-8.648216, 41.483384], [-8.645714, 41.474368], [-8.650264, 41.465375], [-8.661406, 41.459266], [-8.673384, 41.45838], [-8.68534, 41.462196], [-8.690108, 41.465489], [-8.695242, 41.47451], [-8.693442, 41.483513], [-8.685204, 41.490215], [-8.679448, 41.492482], [-8.673208, 41.493624], [-8.662993, 41.492435]]], [[[-8.686628, 41.193978], [-8.685221, 41.195245], [-8.686602, 41.199405], [-8.693037, 41.195266], [-8.686628, 41.193978]]]]}}, {"id": "10", "type": "Feature", "properties": {"fill": "#a3a3a3", "value_min": -0.67, "value_max": -0.33}, "geometry": {"type": "MultiPolygon", "coordinates": [[[[-7.803912, 41.874408], [-7.800251, 41.855956], [-7.794551, 41.84689], [-7.784505, 41.837778], [-7.768296, 41.830662], [-7.756278, 41.829384], [-7.739807, 41.830927], [-7.743094, 41.834791], [-7.756197, 41.833584], [-7.768209, 41.8352], [-7.780151, 41.840541], [-7.787671, 41.846818], [-7.793721, 41.855888], [-7.796113, 41.86492], [-7.795438, 41.873933], [-7.803912, 41.874408]]], [[[-7.794948, 41.875075], [-7.791775, 41.882475], [-7.794309, 41.882033], [-7.796739, 41.878214], [-7.794948, 41.875075]]], [[[-8.01064, 41.83704], [-8.000367, 41.821846], [-7.977905, 41.803634], [-7.966265, 41.785517], [-7.949767, 41.779685], [-7.937734, 41.779677], [-7.925618, 41.784677], [-7.922996, 41.794126], [-7.93153, 41.812219], [-7.919971, 41.830125], [-7.913408, 41.848076], [-7.915676, 41.866111], [-7.923313, 41.878062], [-7.928949, 41.877847], [-7.935283, 41.874727], [-7.924254, 41.866173], [-7.919147, 41.857137], [-7.917564, 41.848115], [-7.918987, 41.839122], [-7.924898, 41.827723], [-7.937169, 41.813877], [-7.941137, 41.812308], [-7.937245, 41.809329], [-7.927495, 41.794168], [-7.929726, 41.785182], [-7.9377, 41.781742], [-7.949735, 41.781665], [-7.959637, 41.785457], [-7.964805, 41.79451], [-7.963174, 41.803502], [-7.970605, 41.812576], [-7.985218, 41.820791], [-7.995088, 41.830806], [-7.99932, 41.83985], [-7.999781, 41.850716], [-8.003089, 41.850494], [-8.005804, 41.847346], [-8.007928, 41.838796], [-8.01064, 41.83704]]], [[[-8.464053, 41.693], [-8.443931, 41.686558], [-8.431926, 41.685329], [-8.419902, 41.686251], [-8.395799, 41.693868], [-8.385734, 41.698455], [-8.373384, 41.707396], [-8.368201, 41.716374], [-8.367345, 41.725377], [-8.368931, 41.73193], [-8.373822, 41.734846], [-8.379016, 41.732809], [-8.376621, 41.725427], [-8.37735, 41.716424], [-8.383223, 41.707449], [-8.396276, 41.698511], [-8.407816, 41.693898], [-8.419855, 41.69152], [-8.431872, 41.691513], [-8.443866, 41.694074], [-8.453269, 41.698253], [-8.453255, 41.695487], [-8.458061, 41.695698], [-8.464053, 41.693]]], [[[-7.865624, 41.774712], [-7.877712, 41.771514], [-7.88576, 41.76675], [-7.88947, 41.757779], [-7.888238, 41.748761], [-7.878955, 41.739663], [-7.902401, 41.73475], [-7.918548, 41.722029], [-7.920119, 41.713037], [-7.914928, 41.704911], [-7.903002, 41.699452], [-7.890943, 41.701791], [-7.881294, 41.712666], [-7.878761, 41.721648], [-7.881983, 41.730686], [-7.878274, 41.739223], [-7.86625, 41.739156], [-7.854188, 41.741167], [-7.84013, 41.748285], [-7.835358, 41.757244], [-7.838995, 41.766287], [-7.841679, 41.768066], [-7.853609, 41.773724], [-7.865624, 41.774712]], [[-7.86567, 41.772079], [-7.853665, 41.770594], [-7.845607, 41.766354], [-7.841988, 41.757311], [-7.847862, 41.748363], [-7.854118, 41.745138], [-7.866181, 41.743079], [-7.878146, 41.74656], [-7.884582, 41.757732], [-7.880264, 41.766697], [-7.86567, 41.772079]], [[-7.890467, 41.729483], [-7.883407, 41.721693], [-7.884929, 41.712701], [-7.890867, 41.706219], [-7.902912, 41.704742], [-7.913392, 41.712974], [-7.912174, 41.721969], [-7.902497, 41.729146], [-7.890467, 41.729483]]], [[[-8.107003, 41.721637], [-8.119068, 41.718493], [-8.13129, 41.703652], [-8.143117, 41.696902], [-8.14551, 41.687913], [-8.143591, 41.682332], [-8.133978, 41.669813], [-8.11859, 41.660689], [-8.107906, 41.656264], [-8.095928, 41.653962], [-8.083909, 41.65463], [-8.07182, 41.660147], [-8.063732, 41.669262], [-8.060734, 41.678244], [-8.062958, 41.68727], [-8.089712, 41.714506], [-8.095024, 41.718558], [-8.107003, 41.721637]], [[-8.1071, 41.714618], [-8.095141, 41.710224], [-8.067542, 41.687307], [-8.06433, 41.678274], [-8.067772, 41.669295], [-8.071753, 41.664822], [-8.083855, 41.658475], [-8.095876, 41.657735], [-8.10784, 41.66105], [-8.122488, 41.669726], [-8.131624, 41.678817], [-8.137546, 41.687854], [-8.137391, 41.696859], [-8.131334, 41.700316], [-8.119145, 41.712845], [-8.1071, 41.714618]]], [[[-8.528592, 41.61123], [-8.544237, 41.609121], [-8.552633, 41.605733], [-8.559265, 41.600173], [-8.564481, 41.591185], [-8.565837, 41.582183], [-8.564295, 41.57317], [-8.554012, 41.555116], [-8.537638, 41.537037], [-8.53247, 41.509994], [-8.527813, 41.500967], [-8.519517, 41.491925], [-8.505574, 41.481975], [-8.493641, 41.476202], [-8.481677, 41.47446], [-8.469667, 41.478573], [-8.448961, 41.500616], [-8.442951, 41.509595], [-8.450267, 41.518637], [-8.486189, 41.536818], [-8.49439, 41.545862], [-8.491972, 41.554859], [-8.481847, 41.572828], [-8.481504, 41.581834], [-8.486328, 41.590863], [-8.504638, 41.60464], [-8.516607, 41.608979], [-8.528592, 41.61123]], [[-8.525449, 41.600038], [-8.516675, 41.599824], [-8.504705, 41.595965], [-8.497542, 41.590912], [-8.490629, 41.581875], [-8.490108, 41.572865], [-8.494708, 41.563878], [-8.505034, 41.552816], [-8.517063, 41.547776], [-8.529041, 41.549436], [-8.540983, 41.556314], [-8.548445, 41.564102], [-8.552476, 41.573125], [-8.552426, 41.582132], [-8.547563, 41.59112], [-8.540699, 41.596427], [-8.525449, 41.600038]], [[-8.505166, 41.535533], [-8.493183, 41.53486], [-8.481223, 41.531479], [-8.458816, 41.518678], [-8.452471, 41.509641], [-8.456557, 41.500653], [-8.469588, 41.488243], [-8.481601, 41.484056], [-8.493573, 41.484856], [-8.505512, 41.490098], [-8.517308, 41.500924], [-8.521729, 41.509949], [-8.521811, 41.518957], [-8.517206, 41.52854], [-8.505166, 41.535533]]], [[[-8.336818, 41.586206], [-8.360871, 41.580269], [-8.372915, 41.575323], [-8.384979, 41.568059], [-8.397092, 41.555203], [-8.420062, 41.518489], [-8.419325, 41.509478], [-8.409584, 41.50019], [-8.40469, 41.491388], [-8.402352, 41.482369], [-8.403569, 41.473368], [-8.40994, 41.461023], [-8.439919, 41.437521], [-8.443162, 41.428529], [-8.440254, 41.4105], [-8.434425, 41.399136], [-8.422593, 41.38435], [-8.398859, 41.364205], [-8.386972, 41.356812], [-8.375057, 41.352656], [-8.363117, 41.351137], [-8.35115, 41.352465], [-8.33915, 41.356987], [-8.327105, 41.365683], [-8.309698, 41.382768], [-8.277646, 41.409594], [-8.235551, 41.436344], [-8.223943, 41.445274], [-8.215975, 41.454227], [-8.206262, 41.470661], [-8.196613, 41.499131], [-8.196868, 41.517147], [-8.204282, 41.535213], [-8.217278, 41.550409], [-8.229161, 41.55947], [-8.24107, 41.566546], [-8.264937, 41.577196], [-8.288851, 41.584179], [-8.312812, 41.58731], [-8.336818, 41.586206]], [[-8.324957, 41.57312], [-8.300986, 41.571393], [-8.277059, 41.565835], [-8.253171, 41.557226], [-8.229327, 41.545499], [-8.216276, 41.535295], [-8.205672, 41.518975], [-8.203517, 41.508186], [-8.207138, 41.490196], [-8.218238, 41.470708], [-8.240596, 41.445385], [-8.265531, 41.427532], [-8.302773, 41.404947], [-8.31478, 41.400839], [-8.326764, 41.398797], [-8.386526, 41.404301], [-8.398458, 41.407713], [-8.410347, 41.416058], [-8.417226, 41.4284], [-8.417242, 41.437408], [-8.400084, 41.47335], [-8.399277, 41.482353], [-8.408975, 41.509425], [-8.409023, 41.518433], [-8.404903, 41.527419], [-8.39167, 41.545364], [-8.385127, 41.552404], [-8.373052, 41.561099], [-8.361005, 41.566676], [-8.348976, 41.570223], [-8.324957, 41.57312]]], [[[-8.662993, 41.492435], [-8.673208, 41.493624], [-8.679448, 41.492482], [-8.685204, 41.490215], [-8.693442, 41.483513], [-8.695242, 41.47451], [-8.690108, 41.465489], [-8.68534, 41.462196], [-8.673384, 41.45838], [-8.661406, 41.459266], [-8.650264, 41.465375], [-8.645714, 41.474368], [-8.648216, 41.483384], [-8.662993, 41.492435]], [[-8.661291, 41.481402], [-8.659917, 41.474411], [-8.661335, 41.472972], [-8.673312, 41.472856], [-8.675285, 41.474456], [-8.673261, 41.482885], [-8.661291, 41.481402]]]]}}, {"id": "17", "type": "Feature", "properties": {"fill": "#6ba5ec", "value_min": 1.67, "value_max": 2.0}, "geometry": {"type": "MultiPolygon", "coordinates": [[[[-7.948841, 41.836365], [-7.944866, 41.839363], [-7.948711, 41.844331], [-7.955645, 41.839461], [-7.948841, 41.836365]]], [[[-8.095594, 41.677888], [-8.087003, 41.678456], [-8.095575, 41.679248], [-8.095594, 41.677888]]], [[[-8.373441, 41.520889], [-8.382927, 41.509288], [-8.386476, 41.491293], [-8.38261, 41.46425], [-8.374116, 41.450773], [-8.362219, 41.443056], [-8.350284, 41.43948], [-8.338325, 41.438346], [-8.326349, 41.438996], [-8.31435, 41.4417], [-8.302322, 41.447117], [-8.290248, 41.456458], [-8.284152, 41.463679], [-8.280428, 41.472663], [-8.279566, 41.481665], [-8.28353, 41.499705], [-8.29489, 41.51779], [-8.301503, 41.523426], [-8.313421, 41.529816], [-8.325374, 41.533033], [-8.337353, 41.533803], [-8.349354, 41.532466], [-8.361382, 41.528317], [-8.373441, 41.520889]], [[-8.361414, 41.525083], [-8.349388, 41.529064], [-8.337387, 41.530516], [-8.325412, 41.529404], [-8.313464, 41.525666], [-8.301559, 41.518156], [-8.293052, 41.508771], [-8.285006, 41.490707], [-8.28381, 41.481692], [-8.285126, 41.472693], [-8.289817, 41.463714], [-8.297998, 41.454757], [-8.314307, 41.445821], [-8.326313, 41.442483], [-8.338292, 41.441599], [-8.35025, 41.442918], [-8.362181, 41.446966], [-8.373604, 41.455194], [-8.379817, 41.464235], [-8.384159, 41.482273], [-8.383581, 41.500285], [-8.379956, 41.509272], [-8.373479, 41.516904], [-8.361414, 41.525083]]]]}}, {"id": "16", "type": "Feature", "properties": {"fill": "#80a4d0", "value_min": 1.33, "value_max": 1.67}, "geometry": {"type": "MultiPolygon", "coordinates": [[[[-7.960701, 41.847749], [-7.964328, 41.83954], [-7.960903, 41.835254], [-7.948936, 41.830542], [-7.937331, 41.839293], [-7.943242, 41.848355], [-7.948602, 41.850998], [-7.960701, 41.847749]], [[-7.948841, 41.836365], [-7.955645, 41.839461], [-7.948711, 41.844331], [-7.944866, 41.839363], [-7.948841, 41.836365]]], [[[-8.09565, 41.673884], [-8.083625, 41.674691], [-8.080707, 41.678406], [-8.083514, 41.682507], [-8.095511, 41.683802], [-8.100044, 41.678559], [-8.09565, 41.673884]], [[-8.095594, 41.677888], [-8.095575, 41.679248], [-8.087003, 41.678456], [-8.095594, 41.677888]]], [[[-8.34932, 41.535867], [-8.361343, 41.532347], [-8.3734, 41.525134], [-8.380576, 41.518283], [-8.386003, 41.509305], [-8.38875, 41.491305], [-8.385403, 41.464265], [-8.382091, 41.455239], [-8.374653, 41.446192], [-8.36226, 41.438862], [-8.350322, 41.435685], [-8.338365, 41.434409], [-8.32639, 41.435045], [-8.314394, 41.43758], [-8.302375, 41.442126], [-8.284905, 41.454676], [-8.274572, 41.472626], [-8.273596, 41.481628], [-8.275239, 41.490645], [-8.28202, 41.508703], [-8.288179, 41.517748], [-8.301442, 41.529026], [-8.313373, 41.534332], [-8.325334, 41.536908], [-8.337316, 41.537513], [-8.34932, 41.535867]], [[-8.373441, 41.520889], [-8.361382, 41.528317], [-8.349354, 41.532466], [-8.337353, 41.533803], [-8.325374, 41.533033], [-8.313421, 41.529816], [-8.301503, 41.523426], [-8.29489, 41.51779], [-8.28353, 41.499705], [-8.279566, 41.481665], [-8.280428, 41.472663], [-8.284152, 41.463679], [-8.290248, 41.456458], [-8.302322, 41.447117], [-8.31435, 41.4417], [-8.326349, 41.438996], [-8.338325, 41.438346], [-8.350284, 41.43948], [-8.362219, 41.443056], [-8.374116, 41.450773], [-8.38261, 41.46425], [-8.386476, 41.491293], [-8.382927, 41.509288], [-8.373441, 41.520889]]]]}}, {"id": "15", "type": "Feature", "properties": {"fill": "#97a3b2", "value_min": 1.0, "value_max": 1.33}, "geometry": {"type": "MultiPolygon", "coordinates": [[[[-7.757913, 41.855506], [-7.754132, 41.855465], [-7.753399, 41.864464], [-7.755577, 41.865572], [-7.75847, 41.864519], [-7.757913, 41.855506]]], [[[-7.970098, 41.839592], [-7.963276, 41.830524], [-7.948989, 41.827341], [-7.936842, 41.833646], [-7.93333, 41.839256], [-7.936572, 41.849974], [-7.948527, 41.855549], [-7.960603, 41.853794], [-7.967531, 41.848575], [-7.970098, 41.839592]], [[-7.960701, 41.847749], [-7.948602, 41.850998], [-7.943242, 41.848355], [-7.937331, 41.839293], [-7.948936, 41.830542], [-7.960903, 41.835254], [-7.964328, 41.83954], [-7.960701, 41.847749]]], [[[-8.424239, 41.72064], [-8.426751, 41.716681], [-8.419671, 41.711914], [-8.407615, 41.715832], [-8.407589, 41.718657], [-8.415419, 41.724622], [-8.417349, 41.725067], [-8.41974, 41.722135], [-8.424239, 41.72064]]], [[[-8.119365, 41.696712], [-8.119341, 41.696723], [-8.119365, 41.696734], [-8.119375, 41.696723], [-8.119365, 41.696712]]], [[[-8.103891, 41.678589], [-8.095706, 41.66988], [-8.083681, 41.670701], [-8.077647, 41.678381], [-8.083452, 41.686861], [-8.095449, 41.688236], [-8.103891, 41.678589]], [[-8.09565, 41.673884], [-8.100044, 41.678559], [-8.095511, 41.683802], [-8.083514, 41.682507], [-8.080707, 41.678406], [-8.083625, 41.674691], [-8.09565, 41.673884]]], [[[-8.373353, 41.529963], [-8.385458, 41.517487], [-8.389833, 41.509325], [-8.391363, 41.500326], [-8.388617, 41.464282], [-8.386363, 41.455262], [-8.38131, 41.446228], [-8.369284, 41.437155], [-8.350368, 41.431026], [-8.326437, 41.430409], [-8.314446, 41.43255], [-8.302431, 41.436946], [-8.287246, 41.445683], [-8.27756, 41.45463], [-8.27093, 41.463596], [-8.267574, 41.472582], [-8.266615, 41.481583], [-8.269662, 41.499618], [-8.279155, 41.517692], [-8.287607, 41.526752], [-8.301376, 41.535229], [-8.313316, 41.539685], [-8.325282, 41.54186], [-8.337268, 41.542144], [-8.349273, 41.540563], [-8.361302, 41.536448], [-8.373353, 41.529963]], [[-8.34932, 41.535867], [-8.337316, 41.537513], [-8.325334, 41.536908], [-8.313373, 41.534332], [-8.301442, 41.529026], [-8.288179, 41.517748], [-8.28202, 41.508703], [-8.275239, 41.490645], [-8.273596, 41.481628], [-8.274572, 41.472626], [-8.284905, 41.454676], [-8.302375, 41.442126], [-8.314394, 41.43758], [-8.32639, 41.435045], [-8.338365, 41.434409], [-8.350322, 41.435685], [-8.36226, 41.438862], [-8.374653, 41.446192], [-8.382091, 41.455239], [-8.385403, 41.464265], [-8.38875, 41.491305], [-8.386003, 41.509305], [-8.380576, 41.518283], [-8.3734, 41.525134], [-8.361343, 41.532347], [-8.34932, 41.535867]]], [[[-8.481421, 41.50668], [-8.477496, 41.509757], [-8.481346, 41.515974], [-8.489297, 41.50981], [-8.481421, 41.50668]]]]}}, {"id": "14", "type": "Feature", "properties": {"fill": "#a3a3a3", "value_min": 0.67, "value_max": 1.0}, "geometry": {"type": "MultiPolygon", "coordinates": [[[[-7.738001, 41.860923], [-7.737442, 41.86429], [-7.7434, 41.87207], [-7.746412, 41.873395], [-7.75538, 41.875709], [-7.76749, 41.872648], [-7.773893, 41.864685], [-7.772949, 41.855668], [-7.767908, 41.850873], [-7.755934, 41.847138], [-7.750534, 41.848975], [-7.749701, 41.849258], [-7.745115, 41.850818], [-7.746881, 41.855776], [-7.739943, 41.858003], [-7.738001, 41.860923]], [[-7.757913, 41.855506], [-7.75847, 41.864519], [-7.755577, 41.865572], [-7.753399, 41.864464], [-7.754132, 41.855465], [-7.757913, 41.855506]]], [[[-7.97269, 41.851266], [-7.974762, 41.84864], [-7.97615, 41.839646], [-7.970367, 41.830587], [-7.961062, 41.825429], [-7.94904, 41.824209], [-7.935098, 41.830266], [-7.929625, 41.839222], [-7.93062, 41.848238], [-7.936479, 41.855583], [-7.948448, 41.860367], [-7.960512, 41.859419], [-7.97269, 41.851266]], [[-7.970098, 41.839592], [-7.967531, 41.848575], [-7.960603, 41.853794], [-7.948527, 41.855549], [-7.936572, 41.849974], [-7.93333, 41.839256], [-7.936842, 41.833646], [-7.948989, 41.827341], [-7.963276, 41.830524], [-7.970098, 41.839592]]], [[[-7.865944, 41.756523], [-7.863405, 41.757524], [-7.865897, 41.759196], [-7.867242, 41.757562], [-7.865944, 41.756523]]], [[[-8.435976, 41.714441], [-8.429756, 41.707689], [-8.419733, 41.705054], [-8.407695, 41.707098], [-8.399175, 41.71654], [-8.402061, 41.72668], [-8.404721, 41.722847], [-8.415419, 41.724622], [-8.407589, 41.718657], [-8.407615, 41.715832], [-8.419671, 41.711914], [-8.426751, 41.716681], [-8.424239, 41.72064], [-8.429643, 41.719859], [-8.430533, 41.717381], [-8.435976, 41.714441]]], [[[-8.119432, 41.691846], [-8.108868, 41.696642], [-8.119296, 41.701791], [-8.123445, 41.696754], [-8.119432, 41.691846]], [[-8.119365, 41.696712], [-8.119375, 41.696723], [-8.119365, 41.696734], [-8.119341, 41.696723], [-8.119365, 41.696712]]], [[[-8.107584, 41.679604], [-8.10124, 41.669561], [-8.095747, 41.666937], [-8.083727, 41.667495], [-8.080687, 41.669399], [-8.074587, 41.678357], [-8.079991, 41.687407], [-8.083407, 41.69007], [-8.095394, 41.692126], [-8.105066, 41.687605], [-8.107584, 41.679604]], [[-8.103891, 41.678589], [-8.095449, 41.688236], [-8.083452, 41.686861], [-8.077647, 41.678381], [-8.083681, 41.670701], [-8.095706, 41.66988], [-8.103891, 41.678589]]], [[[-8.361248, 41.541989], [-8.373301, 41.535374], [-8.382931, 41.527303], [-8.390118, 41.518334], [-8.393665, 41.509346], [-8.391174, 41.455288], [-8.38812, 41.446264], [-8.380522, 41.437216], [-8.374288, 41.43288], [-8.362362, 41.428434], [-8.338464, 41.424728], [-8.314503, 41.427173], [-8.302496, 41.430806], [-8.290709, 41.436697], [-8.277841, 41.445625], [-8.262233, 41.463541], [-8.254009, 41.48434], [-8.249443, 41.49048], [-8.235608, 41.499396], [-8.230002, 41.508366], [-8.241623, 41.519267], [-8.265564, 41.521844], [-8.286579, 41.535753], [-8.301298, 41.542406], [-8.313253, 41.545636], [-8.337215, 41.547396], [-8.361248, 41.541989]], [[-8.373353, 41.529963], [-8.361302, 41.536448], [-8.349273, 41.540563], [-8.337268, 41.542144], [-8.325282, 41.54186], [-8.313316, 41.539685], [-8.301376, 41.535229], [-8.287607, 41.526752], [-8.279155, 41.517692], [-8.269662, 41.499618], [-8.266615, 41.481583], [-8.267574, 41.472582], [-8.27093, 41.463596], [-8.27756, 41.45463], [-8.287246, 41.445683], [-8.302431, 41.436946], [-8.314446, 41.43255], [-8.326437, 41.430409], [-8.350368, 41.431026], [-8.369284, 41.437155], [-8.38131, 41.446228], [-8.386363, 41.455262], [-8.388617, 41.464282], [-8.391363, 41.500326], [-8.389833, 41.509325], [-8.385458, 41.517487], [-8.373353, 41.529963]]], [[[-8.498454, 41.50985], [-8.493426, 41.503778], [-8.48147, 41.500543], [-8.469683, 41.509721], [-8.475838, 41.518757], [-8.481304, 41.521302], [-8.494811, 41.518842], [-8.498454, 41.50985]], [[-8.481421, 41.50668], [-8.489297, 41.50981], [-8.481346, 41.515974], [-8.477496, 41.509757], [-8.481421, 41.50668]]]]}}, {"id": "11", "type": "Feature", "properties": {"fill": "#a3a3a3", "value_min": -0.33, "value_max": 0.0}, "geometry": {"type": "MultiPolygon", "coordinates": [[[[-7.791775, 41.882475], [-7.794948, 41.875075], [-7.795438, 41.873933], [-7.796113, 41.86492], [-7.793721, 41.855888], [-7.787671, 41.846818], [-7.780151, 41.840541], [-7.768209, 41.8352], [-7.756197, 41.833584], [-7.743094, 41.834791], [-7.74729, 41.837772], [-7.746681, 41.838886], [-7.756115, 41.837809], [-7.76812, 41.839816], [-7.780762, 41.846745], [-7.787302, 41.85582], [-7.789123, 41.864846], [-7.786934, 41.87383], [-7.780159, 41.882765], [-7.767154, 41.890131], [-7.758715, 41.891607], [-7.756592, 41.89407], [-7.758076, 41.897901], [-7.764097, 41.898595], [-7.779227, 41.886264], [-7.791775, 41.882475]]], [[[-7.740348, 41.890428], [-7.737042, 41.889241], [-7.737935, 41.890857], [-7.740348, 41.890428]]], [[[-7.735881, 41.888824], [-7.731053, 41.88709], [-7.722046, 41.879051], [-7.720523, 41.881793], [-7.725335, 41.882935], [-7.726208, 41.887665], [-7.735881, 41.888824]]], [[[-7.999781, 41.850716], [-7.99932, 41.83985], [-7.995088, 41.830806], [-7.985218, 41.820791], [-7.970605, 41.812576], [-7.963174, 41.803502], [-7.964805, 41.79451], [-7.959637, 41.785457], [-7.949735, 41.781665], [-7.9377, 41.781742], [-7.929726, 41.785182], [-7.927495, 41.794168], [-7.937245, 41.809329], [-7.941137, 41.812308], [-7.937169, 41.813877], [-7.924898, 41.827723], [-7.918987, 41.839122], [-7.917564, 41.848115], [-7.919147, 41.857137], [-7.924254, 41.866173], [-7.935283, 41.874727], [-7.937389, 41.87516], [-7.941618, 41.870891], [-7.946495, 41.871124], [-7.93628, 41.86759], [-7.925033, 41.857192], [-7.921721, 41.848155], [-7.922407, 41.839154], [-7.927092, 41.830191], [-7.937048, 41.821221], [-7.949184, 41.81539], [-7.961215, 41.81596], [-7.973177, 41.820804], [-7.985285, 41.83072], [-7.990122, 41.83977], [-7.990291, 41.848778], [-7.986118, 41.857748], [-7.975792, 41.866663], [-7.960308, 41.87196], [-7.951854, 41.871802], [-7.956367, 41.87339], [-7.956362, 41.875191], [-7.960878, 41.875648], [-7.96299, 41.874075], [-7.972322, 41.875439], [-7.985584, 41.87028], [-7.9886, 41.868258], [-7.987701, 41.866456], [-7.98951, 41.865333], [-7.990123, 41.860157], [-7.995547, 41.858138], [-7.994044, 41.856786], [-7.994954, 41.853411], [-7.996765, 41.851162], [-7.999781, 41.850716]], [[-7.937395, 41.800221], [-7.932312, 41.794213], [-7.934383, 41.785225], [-7.937666, 41.783809], [-7.949703, 41.783646], [-7.954306, 41.785408], [-7.957718, 41.794446], [-7.949401, 41.802106], [-7.937395, 41.800221]]], [[[-7.86567, 41.772079], [-7.880264, 41.766697], [-7.884582, 41.757732], [-7.878146, 41.74656], [-7.866181, 41.743079], [-7.854118, 41.745138], [-7.847862, 41.748363], [-7.841988, 41.757311], [-7.845607, 41.766354], [-7.853665, 41.770594], [-7.86567, 41.772079]], [[-7.853721, 41.767465], [-7.847307, 41.757364], [-7.85404, 41.749523], [-7.866114, 41.746894], [-7.870677, 41.748589], [-7.879694, 41.757684], [-7.873777, 41.766633], [-7.865716, 41.769446], [-7.853721, 41.767465]]], [[[-8.453269, 41.698253], [-8.443866, 41.694074], [-8.431872, 41.691513], [-8.419855, 41.69152], [-8.407816, 41.693898], [-8.396276, 41.698511], [-8.383223, 41.707449], [-8.37735, 41.716424], [-8.376621, 41.725427], [-8.379016, 41.732809], [-8.384922, 41.73032], [-8.387811, 41.731664], [-8.38487, 41.725472], [-8.385231, 41.716467], [-8.390829, 41.707489], [-8.406801, 41.698566], [-8.419815, 41.695946], [-8.431824, 41.69689], [-8.447155, 41.704057], [-8.453269, 41.698253]]], [[[-7.890467, 41.729483], [-7.902497, 41.729146], [-7.912174, 41.721969], [-7.913392, 41.712974], [-7.902912, 41.704742], [-7.890867, 41.706219], [-7.884929, 41.712701], [-7.883407, 41.721693], [-7.890467, 41.729483]], [[-7.890553, 41.724496], [-7.888054, 41.721738], [-7.888565, 41.712736], [-7.890797, 41.7103], [-7.902825, 41.709858], [-7.906711, 41.71291], [-7.905759, 41.721908], [-7.90258, 41.724265], [-7.890553, 41.724496]]], [[[-8.1071, 41.714618], [-8.119145, 41.712845], [-8.131334, 41.700316], [-8.137391, 41.696859], [-8.137546, 41.687854], [-8.131624, 41.678817], [-8.122488, 41.669726], [-8.10784, 41.66105], [-8.095876, 41.657735], [-8.083855, 41.658475], [-8.071753, 41.664822], [-8.067772, 41.669295], [-8.06433, 41.678274], [-8.067542, 41.687307], [-8.095141, 41.710224], [-8.1071, 41.714618]], [[-8.107165, 41.709892], [-8.08332, 41.696139], [-8.071446, 41.686161], [-8.067926, 41.678303], [-8.071685, 41.66959], [-8.083807, 41.661821], [-8.095826, 41.661261], [-8.107779, 41.665479], [-8.114385, 41.669663], [-8.129686, 41.687794], [-8.131666, 41.696816], [-8.119189, 41.709642], [-8.107165, 41.709892]]], [[[-8.525449, 41.600038], [-8.540699, 41.596427], [-8.547563, 41.59112], [-8.552426, 41.582132], [-8.552476, 41.573125], [-8.548445, 41.564102], [-8.540983, 41.556314], [-8.529041, 41.549436], [-8.517063, 41.547776], [-8.505034, 41.552816], [-8.494708, 41.563878], [-8.490108, 41.572865], [-8.490629, 41.581875], [-8.497542, 41.590912], [-8.504705, 41.595965], [-8.516675, 41.599824], [-8.525449, 41.600038]], [[-8.516732, 41.592234], [-8.50477, 41.587406], [-8.499595, 41.581914], [-8.498202, 41.572901], [-8.504957, 41.56288], [-8.516986, 41.55812], [-8.528966, 41.559731], [-8.535752, 41.564051], [-8.541778, 41.573083], [-8.540469, 41.582085], [-8.529033, 41.591046], [-8.516732, 41.592234]]], [[[-8.324957, 41.57312], [-8.348976, 41.570223], [-8.361005, 41.566676], [-8.373052, 41.561099], [-8.385127, 41.552404], [-8.39167, 41.545364], [-8.404903, 41.527419], [-8.409023, 41.518433], [-8.408975, 41.509425], [-8.399277, 41.482353], [-8.400084, 41.47335], [-8.417242, 41.437408], [-8.417226, 41.4284], [-8.410347, 41.416058], [-8.398458, 41.407713], [-8.386526, 41.404301], [-8.326764, 41.398797], [-8.31478, 41.400839], [-8.302773, 41.404947], [-8.265531, 41.427532], [-8.240596, 41.445385], [-8.218238, 41.470708], [-8.207138, 41.490196], [-8.203517, 41.508186], [-8.205672, 41.518975], [-8.216276, 41.535295], [-8.229327, 41.545499], [-8.253171, 41.557226], [-8.277059, 41.565835], [-8.300986, 41.571393], [-8.324957, 41.57312]], [[-8.349078, 41.560024], [-8.325068, 41.56243], [-8.301109, 41.560006], [-8.241375, 41.540511], [-8.229456, 41.534593], [-8.219326, 41.526309], [-8.213364, 41.517261], [-8.211307, 41.50824], [-8.212435, 41.49924], [-8.218037, 41.487397], [-8.245681, 41.454426], [-8.255012, 41.445479], [-8.266269, 41.436544], [-8.290632, 41.421255], [-8.314661, 41.412103], [-8.326641, 41.410693], [-8.362511, 41.413223], [-8.38521, 41.419226], [-8.398082, 41.428302], [-8.402993, 41.437335], [-8.403613, 41.446346], [-8.397906, 41.467465], [-8.396672, 41.482339], [-8.403231, 41.509396], [-8.40182, 41.518396], [-8.389666, 41.536346], [-8.379992, 41.545302], [-8.373155, 41.550436], [-8.361107, 41.556262], [-8.349078, 41.560024]]], [[[-8.505166, 41.535533], [-8.517206, 41.52854], [-8.521811, 41.518957], [-8.521729, 41.509949], [-8.517308, 41.500924], [-8.505512, 41.490098], [-8.493573, 41.484856], [-8.481601, 41.484056], [-8.469588, 41.488243], [-8.456557, 41.500653], [-8.452471, 41.509641], [-8.458816, 41.518678], [-8.481223, 41.531479], [-8.493183, 41.53486], [-8.505166, 41.535533]], [[-8.481252, 41.527818], [-8.463868, 41.518702], [-8.459357, 41.509673], [-8.463231, 41.500684], [-8.469533, 41.495023], [-8.481549, 41.490554], [-8.493521, 41.491587], [-8.508487, 41.500886], [-8.512991, 41.509913], [-8.511667, 41.518915], [-8.505243, 41.525398], [-8.499582, 41.52787], [-8.493225, 41.529463], [-8.481252, 41.527818]]], [[[-8.661291, 41.481402], [-8.673261, 41.482885], [-8.675285, 41.474456], [-8.673312, 41.472856], [-8.661335, 41.472972], [-8.659917, 41.474411], [-8.661291, 41.481402]]]]}}, {"id": "8", "type": "Feature", "properties": {"fill": "#b1a288", "value_min": -1.33, "value_max": -1.0}, "geometry": {"type": "MultiPolygon", "coordinates": [[[[-8.630026, 41.603615], [-8.600789, 41.581041], [-8.588872, 41.56863], [-8.571776, 41.546176], [-8.563829, 41.528132], [-8.557647, 41.501086], [-8.548915, 41.492044], [-8.52954, 41.480507], [-8.511543, 41.464869], [-8.503394, 41.44682], [-8.503004, 41.43781], [-8.50795, 41.410809], [-8.507319, 41.392791], [-8.497846, 41.365727], [-8.482752, 41.339173], [-8.470917, 41.324654], [-8.447206, 41.302508], [-8.426766, 41.28659], [-8.425606, 41.294007], [-8.422037, 41.296942], [-8.421756, 41.30077], [-8.407744, 41.304856], [-8.406262, 41.307335], [-8.402979, 41.307568], [-8.401801, 41.311398], [-8.399712, 41.311628], [-8.400316, 41.313202], [-8.397335, 41.314213], [-8.423446, 41.329348], [-8.434947, 41.338914], [-8.450771, 41.356505], [-8.462496, 41.374575], [-8.470687, 41.392629], [-8.475307, 41.410665], [-8.478219, 41.437701], [-8.480646, 41.446719], [-8.485666, 41.455749], [-8.531977, 41.491977], [-8.540682, 41.501019], [-8.545815, 41.510047], [-8.554668, 41.537104], [-8.572611, 41.564194], [-8.581996, 41.582243], [-8.585892, 41.600272], [-8.58515, 41.609276], [-8.582037, 41.617626], [-8.585766, 41.620988], [-8.591462, 41.620515], [-8.596534, 41.616668], [-8.601628, 41.615972], [-8.603996, 41.611686], [-8.609369, 41.608287], [-8.614156, 41.606692], [-8.619881, 41.610269], [-8.621338, 41.604636], [-8.630026, 41.603615]]], [[[-8.266917, 41.337566], [-8.27418, 41.355527], [-8.275684, 41.364544], [-8.273658, 41.382546], [-8.269196, 41.391525], [-8.261676, 41.400485], [-8.242859, 41.413093], [-8.201229, 41.427103], [-8.19101, 41.436039], [-8.187763, 41.445024], [-8.180134, 41.508022], [-8.180594, 41.526039], [-8.187599, 41.562118], [-8.192978, 41.576084], [-8.204749, 41.594316], [-8.216616, 41.605245], [-8.237445, 41.616503], [-8.288295, 41.634798], [-8.31225, 41.640238], [-8.324263, 41.639652], [-8.336308, 41.63598], [-8.360426, 41.625325], [-8.372497, 41.61848], [-8.398733, 41.599445], [-8.420783, 41.587938], [-8.432815, 41.58401], [-8.44481, 41.584249], [-8.468692, 41.597824], [-8.482786, 41.608861], [-8.499184, 41.626948], [-8.503013, 41.635972], [-8.503736, 41.644983], [-8.500314, 41.653975], [-8.48797, 41.662928], [-8.468118, 41.667766], [-8.432075, 41.668421], [-8.420044, 41.670438], [-8.401083, 41.680522], [-8.383852, 41.68648], [-8.359788, 41.689779], [-8.347741, 41.69282], [-8.341689, 41.698211], [-8.339137, 41.707204], [-8.341841, 41.725233], [-8.351807, 41.756272], [-8.352545, 41.751769], [-8.349814, 41.744122], [-8.352516, 41.743441], [-8.352203, 41.739616], [-8.358376, 41.735102], [-8.35611, 41.716307], [-8.359945, 41.707322], [-8.371134, 41.698376], [-8.407909, 41.683818], [-8.43199, 41.67803], [-8.456007, 41.679397], [-8.479615, 41.683157], [-8.482012, 41.682123], [-8.484371, 41.674238], [-8.49308, 41.674886], [-8.499963, 41.671038], [-8.50927, 41.671233], [-8.51018, 41.672806], [-8.511967, 41.670324], [-8.509856, 41.668755], [-8.512252, 41.667847], [-8.514629, 41.663788], [-8.522103, 41.658811], [-8.525706, 41.659023], [-8.527769, 41.652714], [-8.534066, 41.652017], [-8.537951, 41.649302], [-8.537634, 41.646602], [-8.543876, 41.637352], [-8.543855, 41.633976], [-8.542352, 41.633537], [-8.542299, 41.633531], [-8.542052, 41.633502], [-8.536697, 41.631976], [-8.536341, 41.631848], [-8.536074, 41.631753], [-8.53604, 41.631741], [-8.516501, 41.623103], [-8.504555, 41.615472], [-8.474102, 41.590807], [-8.469314, 41.581778], [-8.470974, 41.572779], [-8.483401, 41.55482], [-8.485067, 41.545821], [-8.47822, 41.536782], [-8.457304, 41.524792], [-8.445349, 41.521193], [-8.433359, 41.52175], [-8.42129, 41.531171], [-8.4131, 41.545476], [-8.409347, 41.563471], [-8.405141, 41.572457], [-8.396863, 41.57991], [-8.372738, 41.593646], [-8.348649, 41.602737], [-8.33662, 41.60552], [-8.324603, 41.607043], [-8.300607, 41.606553], [-8.288627, 41.604629], [-8.264705, 41.597673], [-8.240832, 41.586952], [-8.228923, 41.579468], [-8.217041, 41.570054], [-8.205202, 41.557376], [-8.192967, 41.535134], [-8.188132, 41.508078], [-8.192551, 41.481087], [-8.200906, 41.454124], [-8.205881, 41.445151], [-8.215049, 41.436206], [-8.254798, 41.415459], [-8.274253, 41.400565], [-8.281909, 41.391605], [-8.287403, 41.382632], [-8.300729, 41.337676], [-8.306972, 41.325762], [-8.305116, 41.326891], [-8.303024, 41.325994], [-8.303615, 41.323742], [-8.301216, 41.319694], [-8.296431, 41.316774], [-8.297618, 41.313846], [-8.295817, 41.310022], [-8.281801, 41.316569], [-8.281808, 41.319721], [-8.278828, 41.321976], [-8.278238, 41.325128], [-8.273161, 41.325134], [-8.269582, 41.326939], [-8.265709, 41.331221], [-8.269001, 41.334818], [-8.266917, 41.337566]], [[-8.456921, 41.570576], [-8.444903, 41.573409], [-8.432939, 41.569833], [-8.423104, 41.554534], [-8.422527, 41.545524], [-8.42603, 41.536534], [-8.433286, 41.530068], [-8.445306, 41.526256], [-8.457275, 41.528312], [-8.472808, 41.536758], [-8.478021, 41.545789], [-8.475629, 41.554785], [-8.468982, 41.562497], [-8.456921, 41.570576]]], [[[-8.051851, 41.819478], [-8.026607, 41.804057], [-7.973832, 41.779779], [-7.949831, 41.775805], [-7.925752, 41.776627], [-7.913609, 41.785031], [-7.914467, 41.794046], [-7.920502, 41.812116], [-7.918156, 41.821101], [-7.908471, 41.839023], [-7.899508, 41.861361], [-7.902203, 41.861591], [-7.904318, 41.859795], [-7.906935, 41.864752], [-7.908914, 41.848034], [-7.924654, 41.812155], [-7.918732, 41.794086], [-7.919281, 41.785084], [-7.925685, 41.780653], [-7.937769, 41.777611], [-7.9498, 41.777703], [-7.961792, 41.78022], [-7.973718, 41.785583], [-8.00886, 41.812912], [-8.026375, 41.830262], [-8.030816, 41.82959], [-8.037134, 41.831171], [-8.041351, 41.828023], [-8.041054, 41.825097], [-8.045268, 41.824425], [-8.046775, 41.821951], [-8.051851, 41.819478]]], [[[-7.826634, 41.875821], [-7.804216, 41.841781], [-7.792395, 41.829901], [-7.780489, 41.822728], [-7.768497, 41.820142], [-7.756462, 41.81986], [-7.732683, 41.821742], [-7.74315, 41.825582], [-7.756369, 41.82469], [-7.768393, 41.825615], [-7.780362, 41.829429], [-7.792259, 41.837122], [-7.80723, 41.856029], [-7.813459, 41.872859], [-7.823863, 41.874013], [-7.826634, 41.875821]]], [[[-7.907263, 41.868804], [-7.907263, 41.868804], [-7.906934, 41.866327], [-7.907263, 41.868804]]], [[[-7.865549, 41.778959], [-7.886476, 41.775764], [-7.900449, 41.766892], [-7.905865, 41.74893], [-7.933007, 41.722164], [-7.936081, 41.713186], [-7.935483, 41.704173], [-7.927171, 41.691442], [-7.915259, 41.685203], [-7.903258, 41.684388], [-7.891162, 41.68906], [-7.878864, 41.705281], [-7.866437, 41.728487], [-7.831738, 41.739193], [-7.819543, 41.748075], [-7.817606, 41.757062], [-7.820938, 41.766103], [-7.829573, 41.772204], [-7.841517, 41.777047], [-7.865549, 41.778959]], [[-7.877653, 41.774856], [-7.865584, 41.776933], [-7.853559, 41.776511], [-7.841592, 41.772883], [-7.831523, 41.766211], [-7.828058, 41.757169], [-7.831538, 41.748198], [-7.842162, 41.741208], [-7.866343, 41.733842], [-7.872114, 41.73059], [-7.878766, 41.710957], [-7.891029, 41.696833], [-7.9031, 41.693669], [-7.915073, 41.696285], [-7.924108, 41.704067], [-7.926873, 41.7131], [-7.924899, 41.722089], [-7.917344, 41.731025], [-7.902282, 41.741745], [-7.89707, 41.748846], [-7.896088, 41.757843], [-7.892021, 41.766811], [-7.877653, 41.774856]]], [[[-8.09466, 41.744455], [-8.106684, 41.744651], [-8.118773, 41.740063], [-8.14303, 41.724587], [-8.155315, 41.715007], [-8.160628, 41.706039], [-8.162871, 41.697048], [-8.164127, 41.670036], [-8.161521, 41.66101], [-8.155955, 41.65563], [-8.108067, 41.644632], [-8.08404, 41.645432], [-8.071987, 41.648519], [-8.059797, 41.661007], [-8.050664, 41.678162], [-8.049008, 41.687155], [-8.059272, 41.697066], [-8.064565, 41.705297], [-8.065868, 41.714314], [-8.070887, 41.725053], [-8.082719, 41.73847], [-8.09466, 41.744455]], [[-8.130009, 41.714818], [-8.127269, 41.723804], [-8.118934, 41.728328], [-8.106874, 41.730897], [-8.094876, 41.729044], [-8.082966, 41.721093], [-8.073572, 41.70537], [-8.057488, 41.687225], [-8.055983, 41.678206], [-8.059693, 41.669229], [-8.071899, 41.654644], [-8.083967, 41.650576], [-8.095988, 41.649697], [-8.107974, 41.651374], [-8.135327, 41.660816], [-8.148655, 41.669922], [-8.153351, 41.678964], [-8.15479, 41.687982], [-8.153629, 41.69698], [-8.143284, 41.705492], [-8.131175, 41.71217], [-8.130009, 41.714818]]], [[[-8.733027, 41.513561], [-8.747759, 41.510667], [-8.764933, 41.501696], [-8.771013, 41.492701], [-8.77265, 41.483697], [-8.770546, 41.474685], [-8.765804, 41.465668], [-8.75709, 41.456643], [-8.744373, 41.447607], [-8.721366, 41.438144], [-8.709408, 41.435341], [-8.685481, 41.433017], [-8.661533, 41.434956], [-8.649547, 41.437917], [-8.631452, 41.447301], [-8.624017, 41.456285], [-8.620722, 41.465281], [-8.621594, 41.474292], [-8.627745, 41.483319], [-8.639408, 41.492364], [-8.661176, 41.503409], [-8.685107, 41.510373], [-8.709057, 41.513937], [-8.733027, 41.513561]], [[-8.709158, 41.491486], [-8.697146, 41.498219], [-8.685153, 41.500815], [-8.673172, 41.500601], [-8.661205, 41.497859], [-8.64889, 41.492393], [-8.638817, 41.483354], [-8.634817, 41.474334], [-8.637435, 41.463404], [-8.643293, 41.456346], [-8.649471, 41.452016], [-8.661466, 41.447825], [-8.673444, 41.446552], [-8.683114, 41.447455], [-8.697364, 41.451473], [-8.70627, 41.456524], [-8.714628, 41.465553], [-8.717419, 41.474567], [-8.715823, 41.48357], [-8.709158, 41.491486]]], [[[-8.42154, 41.503036], [-8.433512, 41.504198], [-8.445559, 41.496549], [-8.45641, 41.482637], [-8.459329, 41.473643], [-8.457442, 41.464627], [-8.445896, 41.45708], [-8.433928, 41.45642], [-8.421931, 41.459117], [-8.409875, 41.4682], [-8.407055, 41.473386], [-8.405427, 41.482385], [-8.408074, 41.491406], [-8.409638, 41.494221], [-8.42154, 41.503036]], [[-8.445633, 41.487884], [-8.442813, 41.491579], [-8.433572, 41.497269], [-8.421592, 41.497266], [-8.413271, 41.491432], [-8.40971, 41.486309], [-8.4085, 41.482401], [-8.411242, 41.473407], [-8.421875, 41.465419], [-8.43486, 41.464518], [-8.445785, 41.470074], [-8.448579, 41.473592], [-8.449117, 41.482602], [-8.445633, 41.487884]]], [[[-8.710327, 41.228258], [-8.728068, 41.222378], [-8.741406, 41.2134], [-8.748678, 41.204409], [-8.752508, 41.195409], [-8.753196, 41.186403], [-8.750902, 41.17739], [-8.746346, 41.170308], [-8.734466, 41.159999], [-8.722569, 41.154869], [-8.71066, 41.152698], [-8.698742, 41.152794], [-8.686813, 41.155125], [-8.674869, 41.160344], [-8.662901, 41.16983], [-8.654276, 41.186148], [-8.653346, 41.195153], [-8.655252, 41.204167], [-8.660116, 41.213189], [-8.674549, 41.22481], [-8.686462, 41.228573], [-8.69839, 41.229531], [-8.710327, 41.228258]], [[-8.686628, 41.193978], [-8.693037, 41.195266], [-8.686602, 41.199405], [-8.685221, 41.195245], [-8.686628, 41.193978]]]]}}, {"id": "0", "type": "Feature", "properties": {"fill": "#881d1d", "value_min": -4.0, "value_max": -3.67}, "geometry": {"type": "MultiPolygon", "coordinates": [[[[-7.858438, 41.838536], [-7.864474, 41.839856], [-7.872691, 41.838677], [-7.888692, 41.832371], [-7.891252, 41.829851], [-7.895806, 41.811881], [-7.89324, 41.80285], [-7.883157, 41.793745], [-7.877356, 41.791884], [-7.865322, 41.791849], [-7.856372, 41.793482], [-7.839191, 41.802316], [-7.835559, 41.811286], [-7.835658, 41.820294], [-7.840577, 41.829214], [-7.858438, 41.838536]]], [[[-8.008283, 41.740853], [-8.01278, 41.740891], [-8.018625, 41.731934], [-8.010733, 41.727595], [-8.002332, 41.731794], [-8.008283, 41.740853]]], [[[-8.634032, 41.357233], [-8.63801, 41.360051], [-8.638027, 41.356954], [-8.634032, 41.357233]]]]}}, {"id": "13", "type": "Feature", "properties": {"fill": "#a3a3a3", "value_min": 0.33, "value_max": 0.67}, "geometry": {"type": "MultiPolygon", "coordinates": [[[[-7.730086, 41.872374], [-7.743207, 41.881931], [-7.755223, 41.883788], [-7.767323, 41.881354], [-7.779565, 41.871367], [-7.782217, 41.864773], [-7.780927, 41.855753], [-7.771983, 41.846651], [-7.76803, 41.844521], [-7.756027, 41.842337], [-7.74635, 41.843836], [-7.750246, 41.846784], [-7.750534, 41.848975], [-7.755934, 41.847138], [-7.767908, 41.850873], [-7.772949, 41.855668], [-7.773893, 41.864685], [-7.76749, 41.872648], [-7.75538, 41.875709], [-7.746412, 41.873395], [-7.7434, 41.87207], [-7.737442, 41.86429], [-7.738001, 41.860923], [-7.730086, 41.872374]]], [[[-7.745115, 41.850818], [-7.749701, 41.849258], [-7.743309, 41.849012], [-7.745115, 41.850818]]], [[[-7.981949, 41.848704], [-7.982462, 41.839702], [-7.97772, 41.830653], [-7.97308, 41.826897], [-7.961124, 41.821597], [-7.949095, 41.820848], [-7.936987, 41.824936], [-7.931096, 41.830229], [-7.925919, 41.839187], [-7.926019, 41.848195], [-7.931772, 41.857255], [-7.936383, 41.861388], [-7.948366, 41.86537], [-7.96042, 41.865109], [-7.972547, 41.860225], [-7.981949, 41.848704]], [[-7.97269, 41.851266], [-7.960512, 41.859419], [-7.948448, 41.860367], [-7.936479, 41.855583], [-7.93062, 41.848238], [-7.929625, 41.839222], [-7.935098, 41.830266], [-7.94904, 41.824209], [-7.961062, 41.825429], [-7.970367, 41.830587], [-7.97615, 41.839646], [-7.974762, 41.84864], [-7.97269, 41.851266]]], [[[-7.949623, 41.788533], [-7.937524, 41.792446], [-7.937487, 41.794681], [-7.949503, 41.795879], [-7.951125, 41.794386], [-7.949623, 41.788533]]], [[[-7.873758, 41.757626], [-7.866034, 41.751432], [-7.852626, 41.757417], [-7.853857, 41.759798], [-7.865763, 41.766814], [-7.873758, 41.757626]], [[-7.865944, 41.756523], [-7.867242, 41.757562], [-7.865897, 41.759196], [-7.863405, 41.757524], [-7.865944, 41.756523]]], [[[-8.442815, 41.710104], [-8.441175, 41.707745], [-8.431774, 41.702544], [-8.419775, 41.700443], [-8.407736, 41.702628], [-8.398586, 41.70753], [-8.391956, 41.716502], [-8.392337, 41.725512], [-8.395317, 41.730297], [-8.402061, 41.72668], [-8.399175, 41.71654], [-8.407695, 41.707098], [-8.419733, 41.705054], [-8.429756, 41.707689], [-8.435976, 41.714441], [-8.441333, 41.714201], [-8.442815, 41.710104]]], [[[-8.127515, 41.696785], [-8.107316, 41.669609], [-8.095787, 41.664099], [-8.083767, 41.664658], [-8.076255, 41.669363], [-8.071523, 41.678332], [-8.076013, 41.687375], [-8.083364, 41.693104], [-8.096956, 41.696549], [-8.107237, 41.704699], [-8.119233, 41.706438], [-8.127515, 41.696785]], [[-8.119432, 41.691846], [-8.123445, 41.696754], [-8.119296, 41.701791], [-8.108868, 41.696642], [-8.119432, 41.691846]], [[-8.107584, 41.679604], [-8.105066, 41.687605], [-8.095394, 41.692126], [-8.083407, 41.69007], [-8.079991, 41.687407], [-8.074587, 41.678357], [-8.080687, 41.669399], [-8.083727, 41.667495], [-8.095747, 41.666937], [-8.10124, 41.669561], [-8.107584, 41.679604]]], [[[-8.528831, 41.578368], [-8.530476, 41.573037], [-8.528884, 41.571093], [-8.516923, 41.566586], [-8.507573, 41.572941], [-8.512225, 41.581968], [-8.516792, 41.584101], [-8.525506, 41.582024], [-8.528831, 41.578368]]], [[[-8.373235, 41.542169], [-8.389683, 41.527339], [-8.395378, 41.518362], [-8.397496, 41.509366], [-8.394519, 41.482328], [-8.395329, 41.446302], [-8.391359, 41.437274], [-8.386266, 41.431866], [-8.374363, 41.425009], [-8.350482, 41.419661], [-8.326556, 41.418928], [-8.314574, 41.420443], [-8.30257, 41.423923], [-8.278808, 41.436623], [-8.258165, 41.454507], [-8.242125, 41.476251], [-8.230012, 41.487693], [-8.221553, 41.499302], [-8.219611, 41.508296], [-8.222901, 41.517326], [-8.229576, 41.524491], [-8.241494, 41.530347], [-8.265393, 41.536968], [-8.301211, 41.55053], [-8.313176, 41.552957], [-8.33715, 41.553708], [-8.349158, 41.552025], [-8.361186, 41.548333], [-8.373235, 41.542169]], [[-8.361248, 41.541989], [-8.337215, 41.547396], [-8.313253, 41.545636], [-8.301298, 41.542406], [-8.286579, 41.535753], [-8.265564, 41.521844], [-8.241623, 41.519267], [-8.230002, 41.508366], [-8.235608, 41.499396], [-8.249443, 41.49048], [-8.254009, 41.48434], [-8.262233, 41.463541], [-8.277841, 41.445625], [-8.290709, 41.436697], [-8.302496, 41.430806], [-8.314503, 41.427173], [-8.338464, 41.424728], [-8.362362, 41.428434], [-8.374288, 41.43288], [-8.380522, 41.437216], [-8.38812, 41.446264], [-8.391174, 41.455288], [-8.393665, 41.509346], [-8.390118, 41.518334], [-8.382931, 41.527303], [-8.373301, 41.535374], [-8.361248, 41.541989]]], [[[-8.505295, 41.50988], [-8.499365, 41.500847], [-8.493477, 41.497241], [-8.481508, 41.495703], [-8.469484, 41.501105], [-8.464474, 41.509697], [-8.468919, 41.518725], [-8.481278, 41.524559], [-8.493264, 41.524502], [-8.502856, 41.518877], [-8.505295, 41.50988]], [[-8.498454, 41.50985], [-8.494811, 41.518842], [-8.481304, 41.521302], [-8.475838, 41.518757], [-8.469683, 41.509721], [-8.48147, 41.500543], [-8.493426, 41.503778], [-8.498454, 41.50985]]]]}}, {"id": "12", "type": "Feature", "properties": {"fill": "#a3a3a3", "value_min": 0.0, "value_max": 0.33}, "geometry": {"type": "MultiPolygon", "coordinates": [[[[-7.758715, 41.891607], [-7.767154, 41.890131], [-7.780159, 41.882765], [-7.786934, 41.87383], [-7.789123, 41.864846], [-7.787302, 41.85582], [-7.780762, 41.846745], [-7.76812, 41.839816], [-7.756115, 41.837809], [-7.746681, 41.838886], [-7.74635, 41.843836], [-7.756027, 41.842337], [-7.76803, 41.844521], [-7.771983, 41.846651], [-7.780927, 41.855753], [-7.782217, 41.864773], [-7.779565, 41.871367], [-7.767323, 41.881354], [-7.755223, 41.883788], [-7.743207, 41.881931], [-7.730086, 41.872374], [-7.729293, 41.875972], [-7.722046, 41.879051], [-7.731053, 41.88709], [-7.735881, 41.888824], [-7.737042, 41.889241], [-7.740348, 41.890428], [-7.74246, 41.889747], [-7.742482, 41.886146], [-7.745495, 41.885931], [-7.750001, 41.887971], [-7.756022, 41.888441], [-7.758715, 41.891607]]], [[[-7.951854, 41.871802], [-7.960308, 41.87196], [-7.975792, 41.866663], [-7.986118, 41.857748], [-7.990291, 41.848778], [-7.990122, 41.83977], [-7.985285, 41.83072], [-7.973177, 41.820804], [-7.961215, 41.81596], [-7.949184, 41.81539], [-7.937048, 41.821221], [-7.927092, 41.830191], [-7.922407, 41.839154], [-7.921721, 41.848155], [-7.925033, 41.857192], [-7.93628, 41.86759], [-7.946495, 41.871124], [-7.951854, 41.871802]], [[-7.981949, 41.848704], [-7.972547, 41.860225], [-7.96042, 41.865109], [-7.948366, 41.86537], [-7.936383, 41.861388], [-7.931772, 41.857255], [-7.926019, 41.848195], [-7.925919, 41.839187], [-7.931096, 41.830229], [-7.936987, 41.824936], [-7.949095, 41.820848], [-7.961124, 41.821597], [-7.97308, 41.826897], [-7.97772, 41.830653], [-7.982462, 41.839702], [-7.981949, 41.848704]]], [[[-7.937395, 41.800221], [-7.949401, 41.802106], [-7.957718, 41.794446], [-7.954306, 41.785408], [-7.949703, 41.783646], [-7.937666, 41.783809], [-7.934383, 41.785225], [-7.932312, 41.794213], [-7.937395, 41.800221]], [[-7.949623, 41.788533], [-7.951125, 41.794386], [-7.949503, 41.795879], [-7.937487, 41.794681], [-7.937524, 41.792446], [-7.949623, 41.788533]]], [[[-7.853721, 41.767465], [-7.865716, 41.769446], [-7.873777, 41.766633], [-7.879694, 41.757684], [-7.870677, 41.748589], [-7.866114, 41.746894], [-7.85404, 41.749523], [-7.847307, 41.757364], [-7.853721, 41.767465]], [[-7.873758, 41.757626], [-7.865763, 41.766814], [-7.853857, 41.759798], [-7.852626, 41.757417], [-7.866034, 41.751432], [-7.873758, 41.757626]]], [[[-8.447155, 41.704057], [-8.431824, 41.69689], [-8.419815, 41.695946], [-8.406801, 41.698566], [-8.390829, 41.707489], [-8.385231, 41.716467], [-8.38487, 41.725472], [-8.387811, 41.731664], [-8.395317, 41.730297], [-8.392337, 41.725512], [-8.391956, 41.716502], [-8.398586, 41.70753], [-8.407736, 41.702628], [-8.419775, 41.700443], [-8.431774, 41.702544], [-8.441175, 41.707745], [-8.442815, 41.710104], [-8.447155, 41.704057]]], [[[-7.890553, 41.724496], [-7.90258, 41.724265], [-7.905759, 41.721908], [-7.906711, 41.71291], [-7.902825, 41.709858], [-7.890797, 41.7103], [-7.888565, 41.712736], [-7.888054, 41.721738], [-7.890553, 41.724496]]], [[[-8.107165, 41.709892], [-8.119189, 41.709642], [-8.131666, 41.696816], [-8.129686, 41.687794], [-8.114385, 41.669663], [-8.107779, 41.665479], [-8.095826, 41.661261], [-8.083807, 41.661821], [-8.071685, 41.66959], [-8.067926, 41.678303], [-8.071446, 41.686161], [-8.08332, 41.696139], [-8.107165, 41.709892]], [[-8.127515, 41.696785], [-8.119233, 41.706438], [-8.107237, 41.704699], [-8.096956, 41.696549], [-8.083364, 41.693104], [-8.076013, 41.687375], [-8.071523, 41.678332], [-8.076255, 41.669363], [-8.083767, 41.664658], [-8.095787, 41.664099], [-8.107316, 41.669609], [-8.127515, 41.696785]]], [[[-8.516732, 41.592234], [-8.529033, 41.591046], [-8.540469, 41.582085], [-8.541778, 41.573083], [-8.535752, 41.564051], [-8.528966, 41.559731], [-8.516986, 41.55812], [-8.504957, 41.56288], [-8.498202, 41.572901], [-8.499595, 41.581914], [-8.50477, 41.587406], [-8.516732, 41.592234]], [[-8.528831, 41.578368], [-8.525506, 41.582024], [-8.516792, 41.584101], [-8.512225, 41.581968], [-8.507573, 41.572941], [-8.516923, 41.566586], [-8.528884, 41.571093], [-8.530476, 41.573037], [-8.528831, 41.578368]]], [[[-8.349078, 41.560024], [-8.361107, 41.556262], [-8.373155, 41.550436], [-8.379992, 41.545302], [-8.389666, 41.536346], [-8.40182, 41.518396], [-8.403231, 41.509396], [-8.396672, 41.482339], [-8.397906, 41.467465], [-8.403613, 41.446346], [-8.402993, 41.437335], [-8.398082, 41.428302], [-8.38521, 41.419226], [-8.362511, 41.413223], [-8.326641, 41.410693], [-8.314661, 41.412103], [-8.290632, 41.421255], [-8.266269, 41.436544], [-8.255012, 41.445479], [-8.245681, 41.454426], [-8.218037, 41.487397], [-8.212435, 41.49924], [-8.211307, 41.50824], [-8.213364, 41.517261], [-8.219326, 41.526309], [-8.229456, 41.534593], [-8.241375, 41.540511], [-8.301109, 41.560006], [-8.325068, 41.56243], [-8.349078, 41.560024]], [[-8.373235, 41.542169], [-8.361186, 41.548333], [-8.349158, 41.552025], [-8.33715, 41.553708], [-8.313176, 41.552957], [-8.301211, 41.55053], [-8.265393, 41.536968], [-8.241494, 41.530347], [-8.229576, 41.524491], [-8.222901, 41.517326], [-8.219611, 41.508296], [-8.221553, 41.499302], [-8.230012, 41.487693], [-8.242125, 41.476251], [-8.258165, 41.454507], [-8.278808, 41.436623], [-8.30257, 41.423923], [-8.314574, 41.420443], [-8.326556, 41.418928], [-8.350482, 41.419661], [-8.374363, 41.425009], [-8.386266, 41.431866], [-8.391359, 41.437274], [-8.395329, 41.446302], [-8.394519, 41.482328], [-8.397496, 41.509366], [-8.395378, 41.518362], [-8.389683, 41.527339], [-8.373235, 41.542169]]], [[[-8.481252, 41.527818], [-8.493225, 41.529463], [-8.499582, 41.52787], [-8.505243, 41.525398], [-8.511667, 41.518915], [-8.512991, 41.509913], [-8.508487, 41.500886], [-8.493521, 41.491587], [-8.481549, 41.490554], [-8.469533, 41.495023], [-8.463231, 41.500684], [-8.459357, 41.509673], [-8.463868, 41.518702], [-8.481252, 41.527818]], [[-8.505295, 41.50988], [-8.502856, 41.518877], [-8.493264, 41.524502], [-8.481278, 41.524559], [-8.468919, 41.518725], [-8.464474, 41.509697], [-8.469484, 41.501105], [-8.481508, 41.495703], [-8.493477, 41.497241], [-8.499365, 41.500847], [-8.505295, 41.50988]]]]}}]}