{"type": "FeatureCollection", "features": [{"id": "7", "type": "Feature", "properties": {"fill": "#b6a27f", "value_min": -1.25, "value_max": -1.0}, "geometry": {"type": "MultiPolygon", "coordinates": [[[[-7.865451, 41.784501], [-7.889596, 41.780018], [-7.913865, 41.76801], [-7.937872, 41.771337], [-7.949899, 41.771622], [-7.966696, 41.767507], [-7.974151, 41.759786], [-7.986252, 41.755222], [-7.998246, 41.75744], [-8.010273, 41.757567], [-8.02236, 41.753716], [-8.026381, 41.750014], [-8.031827, 41.741053], [-8.030676, 41.732037], [-8.022559, 41.722961], [-8.010886, 41.717653], [-7.998873, 41.71708], [-7.981255, 41.722602], [-7.974641, 41.728973], [-7.962578, 41.731456], [-7.950662, 41.724776], [-7.936861, 41.704186], [-7.927091, 41.696269], [-7.915154, 41.691479], [-7.903138, 41.691415], [-7.891033, 41.696598], [-7.878751, 41.711779], [-7.870067, 41.73057], [-7.840138, 41.739278], [-7.83009, 41.743767], [-7.821866, 41.748099], [-7.815736, 41.757043], [-7.815695, 41.766049], [-7.821606, 41.775117], [-7.829433, 41.779915], [-7.841396, 41.783802], [-7.865451, 41.784501]], [[-7.86551, 41.781179], [-7.853479, 41.781013], [-7.835564, 41.775259], [-7.827433, 41.76617], [-7.826655, 41.757155], [-7.832781, 41.748211], [-7.842127, 41.743155], [-7.866298, 41.736409], [-7.877554, 41.730643], [-7.8813, 41.712666], [-7.890955, 41.701086], [-7.903032, 41.697687], [-7.91501, 41.700038], [-7.921563, 41.704044], [-7.927929, 41.71311], [-7.929147, 41.722128], [-7.925617, 41.731102], [-7.908541, 41.748955], [-7.89802, 41.766869], [-7.886299, 41.775762], [-7.877579, 41.779086], [-7.86551, 41.781179]], [[-7.937938, 41.767326], [-7.928273, 41.758148], [-7.932381, 41.749179], [-7.938285, 41.746272], [-7.9503, 41.747007], [-7.953934, 41.749377], [-7.959926, 41.758439], [-7.951588, 41.76737], [-7.937938, 41.767326]], [[-8.008018, 41.749857], [-7.998391, 41.748113], [-7.989131, 41.740686], [-7.988373, 41.731672], [-7.998203, 41.722751], [-8.01083, 41.721254], [-8.022756, 41.72765], [-8.026585, 41.732002], [-8.026314, 41.741007], [-8.02248, 41.745842], [-8.010385, 41.750252], [-8.008018, 41.749857]]], [[[-7.745236, 41.778129], [-7.733242, 41.776161], [-7.727249, 41.783117], [-7.732963, 41.790357], [-7.745039, 41.788248], [-7.748429, 41.78335], [-7.745236, 41.778129]]], [[[-8.542682, 41.638343], [-8.537542, 41.631942], [-8.535739, 41.631529], [-8.535426, 41.629389], [-8.522464, 41.61804], [-8.506912, 41.608967], [-8.484017, 41.59986], [-8.456721, 41.594478], [-8.432727, 41.594079], [-8.420714, 41.59565], [-8.406223, 41.599484], [-8.38864, 41.608399], [-8.378027, 41.61735], [-8.353792, 41.644237], [-8.347724, 41.65321], [-8.344665, 41.6622], [-8.346116, 41.680222], [-8.355808, 41.716306], [-8.363136, 41.735318], [-8.368703, 41.73193], [-8.371416, 41.7344], [-8.37415, 41.73462], [-8.368624, 41.716377], [-8.36949, 41.707374], [-8.373194, 41.698388], [-8.383844, 41.687397], [-8.39669, 41.680499], [-8.406539, 41.671543], [-8.407998, 41.662544], [-8.397679, 41.644476], [-8.39527, 41.635456], [-8.396115, 41.626453], [-8.39989, 41.617466], [-8.40953, 41.608508], [-8.420648, 41.603032], [-8.432675, 41.599977], [-8.444682, 41.599176], [-8.456672, 41.600314], [-8.468646, 41.603518], [-8.47971, 41.608847], [-8.491014, 41.617905], [-8.497764, 41.626942], [-8.500842, 41.635963], [-8.501309, 41.644972], [-8.491888, 41.67489], [-8.499963, 41.671038], [-8.50927, 41.671233], [-8.51018, 41.672806], [-8.511967, 41.670324], [-8.509856, 41.668755], [-8.522103, 41.658811], [-8.525706, 41.659023], [-8.527769, 41.652714], [-8.534066, 41.652017], [-8.537355, 41.64998], [-8.542682, 41.638343]]], [[[-8.239396, 41.709132], [-8.248497, 41.69764], [-8.249509, 41.688639], [-8.245961, 41.679609], [-8.23981, 41.673982], [-8.227864, 41.66832], [-8.21587, 41.666784], [-8.203829, 41.669119], [-8.191735, 41.675647], [-8.183722, 41.688191], [-8.183431, 41.697196], [-8.191314, 41.709272], [-8.203254, 41.715714], [-8.215249, 41.71794], [-8.227293, 41.716], [-8.239396, 41.709132]], [[-8.215294, 41.714216], [-8.203291, 41.712753], [-8.192343, 41.706266], [-8.186878, 41.69722], [-8.187862, 41.68822], [-8.191648, 41.682567], [-8.203761, 41.674654], [-8.215791, 41.673312], [-8.227768, 41.67637], [-8.232779, 41.679522], [-8.239491, 41.688573], [-8.239694, 41.697582], [-8.234366, 41.706554], [-8.227353, 41.711047], [-8.215294, 41.714216]]], [[[-8.144129, 41.641755], [-8.149424, 41.6339], [-8.144315, 41.627677], [-8.132342, 41.62533], [-8.123471, 41.633705], [-8.129134, 41.642755], [-8.132088, 41.644246], [-8.144129, 41.641755]], [[-8.13097, 41.633762], [-8.132245, 41.632558], [-8.135424, 41.633795], [-8.132204, 41.635571], [-8.13097, 41.633762]]], [[[-8.719752, 41.573562], [-8.723342, 41.564655], [-8.724451, 41.555651], [-8.722812, 41.546639], [-8.718421, 41.537621], [-8.709754, 41.528592], [-8.695809, 41.519549], [-8.649217, 41.499168], [-8.63667, 41.492355], [-8.624636, 41.483309], [-8.618136, 41.47428], [-8.6145, 41.447246], [-8.610361, 41.438224], [-8.601434, 41.429186], [-8.587142, 41.420128], [-8.56593, 41.412016], [-8.553979, 41.409942], [-8.542014, 41.409953], [-8.530031, 41.412518], [-8.517021, 41.419855], [-8.508863, 41.428828], [-8.505931, 41.434896], [-8.503293, 41.446819], [-8.507562, 41.464852], [-8.517579, 41.478226], [-8.529484, 41.488246], [-8.549086, 41.501053], [-8.556007, 41.510087], [-8.566902, 41.555165], [-8.570759, 41.564187], [-8.582966, 41.582247], [-8.600685, 41.597948], [-8.620751, 41.606377], [-8.621338, 41.604636], [-8.628833, 41.604378], [-8.636302, 41.600744], [-8.639873, 41.597352], [-8.640152, 41.59465], [-8.645536, 41.593051], [-8.646744, 41.594171], [-8.649125, 41.591909], [-8.656622, 41.5921], [-8.660788, 41.588255], [-8.663794, 41.589141], [-8.665265, 41.585758], [-8.66948, 41.587989], [-8.684455, 41.586117], [-8.685608, 41.58071], [-8.697261, 41.576376], [-8.701703, 41.570277], [-8.707704, 41.570923], [-8.712485, 41.569323], [-8.716422, 41.573805], [-8.719752, 41.573562]], [[-8.636811, 41.575269], [-8.624821, 41.574351], [-8.612843, 41.571467], [-8.600883, 41.56575], [-8.58895, 41.556236], [-8.581061, 41.54621], [-8.574879, 41.528173], [-8.576984, 41.501158], [-8.56499, 41.492106], [-8.54148, 41.485876], [-8.529549, 41.479329], [-8.515869, 41.464888], [-8.512508, 41.455866], [-8.512524, 41.446859], [-8.517898, 41.435169], [-8.529941, 41.425012], [-8.541936, 41.421084], [-8.553908, 41.420358], [-8.565863, 41.422061], [-8.582297, 41.429118], [-8.593139, 41.438164], [-8.598466, 41.447191], [-8.600216, 41.456204], [-8.598315, 41.48322], [-8.618183, 41.492295], [-8.637237, 41.498936], [-8.6589, 41.510438], [-8.671406, 41.519482], [-8.679451, 41.528512], [-8.682818, 41.537529], [-8.68276, 41.546536], [-8.679078, 41.555533], [-8.672861, 41.562393], [-8.660828, 41.570171], [-8.648814, 41.57381], [-8.636811, 41.575269]]], [[[-8.516877, 41.572736], [-8.516516, 41.572979], [-8.516867, 41.574016], [-8.517844, 41.572985], [-8.516877, 41.572736]]], [[[-8.076641, 41.550974], [-8.085323, 41.554647], [-8.097278, 41.557227], [-8.109264, 41.557607], [-8.121284, 41.555598], [-8.133351, 41.549933], [-8.140254, 41.543759], [-8.144109, 41.534781], [-8.143473, 41.525769], [-8.136912, 41.516713], [-8.121901, 41.50997], [-8.111744, 41.507514], [-8.0927, 41.506232], [-8.090901, 41.51015], [-8.097948, 41.509002], [-8.10992, 41.509845], [-8.129095, 41.516654], [-8.136047, 41.525713], [-8.136118, 41.534721], [-8.12986, 41.543681], [-8.121374, 41.54895], [-8.109344, 41.551825], [-8.097357, 41.551531], [-8.083388, 41.546939], [-8.081886, 41.550977], [-8.076641, 41.550974]]], [[[-8.075763, 41.550524], [-8.075763, 41.550524], [-8.075894, 41.550591], [-8.075763, 41.550524]]], [[[-8.370712, 41.500215], [-8.373424, 41.491222], [-8.373165, 41.482213], [-8.370081, 41.473189], [-8.362027, 41.462699], [-8.350116, 41.456337], [-8.338162, 41.454462], [-8.326176, 41.45573], [-8.314142, 41.461485], [-8.30593, 41.47282], [-8.304346, 41.481818], [-8.305602, 41.490833], [-8.313678, 41.505487], [-8.325565, 41.514649], [-8.337519, 41.517542], [-8.349512, 41.516735], [-8.361551, 41.511201], [-8.370712, 41.500215]], [[-8.337582, 41.511356], [-8.325638, 41.507612], [-8.316464, 41.499905], [-8.311539, 41.490868], [-8.310824, 41.481857], [-8.314436, 41.472871], [-8.326076, 41.463932], [-8.338092, 41.461275], [-8.350048, 41.463158], [-8.361952, 41.470317], [-8.368441, 41.482188], [-8.368667, 41.491196], [-8.361625, 41.503685], [-8.349577, 41.510238], [-8.337582, 41.511356]]], [[[-8.148939, 41.373841], [-8.156017, 41.390751], [-8.163529, 41.399813], [-8.183025, 41.413736], [-8.206856, 41.421919], [-8.230777, 41.423028], [-8.242767, 41.421049], [-8.254782, 41.416864], [-8.266007, 41.40952], [-8.273411, 41.400559], [-8.277016, 41.391575], [-8.278401, 41.382576], [-8.276606, 41.364549], [-8.273502, 41.355522], [-8.264235, 41.340653], [-8.262751, 41.345405], [-8.256483, 41.347663], [-8.255967, 41.349239], [-8.266587, 41.364486], [-8.269431, 41.382519], [-8.267072, 41.391512], [-8.261499, 41.400484], [-8.254902, 41.40629], [-8.242867, 41.412435], [-8.23087, 41.415163], [-8.218899, 41.415549], [-8.206954, 41.413844], [-8.19504, 41.40973], [-8.179851, 41.399931], [-8.172317, 41.390869], [-8.167537, 41.378563], [-8.1642, 41.38059], [-8.152544, 41.375866], [-8.151049, 41.37339], [-8.148939, 41.373841]]], [[[-8.801703, 41.195217], [-8.782012, 41.199694], [-8.73269, 41.222388], [-8.722269, 41.225765], [-8.69956, 41.231315], [-8.686444, 41.232433], [-8.674514, 41.232018], [-8.662595, 41.229312], [-8.650878, 41.222169], [-8.644115, 41.213141], [-8.636863, 41.193558], [-8.634946, 41.193341], [-8.632526, 41.188624], [-8.625658, 41.186628], [-8.621132, 41.178994], [-8.613374, 41.177451], [-8.608583, 41.174095], [-8.609164, 41.172066], [-8.604942, 41.164881], [-8.59422, 41.165149], [-8.589179, 41.168453], [-8.599943, 41.176964], [-8.60754, 41.185998], [-8.616944, 41.204046], [-8.622081, 41.222078], [-8.621854, 41.240093], [-8.616105, 41.249082], [-8.602766, 41.257464], [-8.590801, 41.261924], [-8.566896, 41.266376], [-8.543026, 41.265405], [-8.531108, 41.262568], [-8.519206, 41.25766], [-8.505559, 41.248661], [-8.49692, 41.239615], [-8.490195, 41.227646], [-8.487935, 41.230354], [-8.490331, 41.232373], [-8.489156, 41.235528], [-8.486181, 41.236888], [-8.484411, 41.240495], [-8.476644, 41.237817], [-8.475756, 41.23917], [-8.471283, 41.239184], [-8.471604, 41.243459], [-8.469593, 41.244591], [-8.482428, 41.257567], [-8.495187, 41.266631], [-8.51906, 41.277506], [-8.530979, 41.280609], [-8.554845, 41.282987], [-8.602626, 41.280589], [-8.61456, 41.281702], [-8.626476, 41.286157], [-8.685966, 41.332231], [-8.709803, 41.346685], [-8.733667, 41.357089], [-8.745607, 41.361039], [-8.769504, 41.365183], [-8.793416, 41.3655], [-8.808334, 41.363671], [-8.806768, 41.323961], [-8.793516, 41.333735], [-8.769582, 41.343037], [-8.745667, 41.345446], [-8.721776, 41.342072], [-8.697914, 41.332741], [-8.685998, 41.325569], [-8.669171, 41.312301], [-8.654735, 41.294244], [-8.648927, 41.27621], [-8.650467, 41.2661], [-8.655625, 41.258215], [-8.662466, 41.254429], [-8.676499, 41.249268], [-8.710264, 41.242464], [-8.746084, 41.238125], [-8.769948, 41.238949], [-8.781873, 41.241454], [-8.793793, 41.24593], [-8.803943, 41.252223], [-8.801703, 41.195217]]]]}}, {"id": "6", "type": "Feature", "properties": {"fill": "#e19f31", "value_min": -1.5, "value_max": -1.25}, "geometry": {"type": "MultiPolygon", "coordinates": [[[[-8.719752, 41.573562], [-8.725151, 41.577811], [-8.726633, 41.576003], [-8.734424, 41.575737], [-8.736564, 41.580228], [-8.738354, 41.579318], [-8.740778, 41.582006], [-8.74467, 41.581535], [-8.750711, 41.58623], [-8.756374, 41.582823], [-8.75635, 41.580347], [-8.762327, 41.578514], [-8.764443, 41.580303], [-8.767441, 41.580286], [-8.769874, 41.583874], [-8.768997, 41.58613], [-8.773228, 41.589482], [-8.775371, 41.593972], [-8.78556, 41.593464], [-8.797327, 41.600599], [-8.804218, 41.600109], [-8.80456, 41.604158], [-8.809434, 41.611332], [-8.828644, 41.609656], [-8.82839, 41.585633], [-8.818497, 41.554794], [-8.8221, 41.547542], [-8.821965, 41.534907], [-8.815926, 41.525624], [-8.81063, 41.5101], [-8.813279, 41.503483], [-8.812636, 41.496944], [-8.804699, 41.482068], [-8.798552, 41.474753], [-8.80154, 41.446836], [-8.806115, 41.43713], [-8.807354, 41.425915], [-8.811166, 41.417099], [-8.808334, 41.363671], [-8.793416, 41.3655], [-8.769504, 41.365183], [-8.745607, 41.361039], [-8.733667, 41.357089], [-8.709803, 41.346685], [-8.685966, 41.332231], [-8.626476, 41.286157], [-8.61456, 41.281702], [-8.602626, 41.280589], [-8.554845, 41.282987], [-8.530979, 41.280609], [-8.51906, 41.277506], [-8.495187, 41.266631], [-8.482428, 41.257567], [-8.469593, 41.244591], [-8.463258, 41.244384], [-8.459989, 41.246644], [-8.455512, 41.245982], [-8.455541, 41.251834], [-8.452276, 41.25522], [-8.449891, 41.255452], [-8.449304, 41.257479], [-8.447812, 41.257258], [-8.449028, 41.261982], [-8.439867, 41.262907], [-8.47124, 41.284755], [-8.495029, 41.29701], [-8.506942, 41.301112], [-8.530805, 41.304906], [-8.542751, 41.304724], [-8.590568, 41.299244], [-8.614452, 41.300002], [-8.638299, 41.307746], [-8.65021, 41.314359], [-8.697659, 41.348411], [-8.718689, 41.366479], [-8.735612, 41.384535], [-8.749023, 41.40258], [-8.758431, 41.420615], [-8.763296, 41.43864], [-8.763255, 41.447648], [-8.761237, 41.456651], [-8.750586, 41.474644], [-8.74101, 41.48363], [-8.726847, 41.492605], [-8.709124, 41.498973], [-8.697131, 41.501525], [-8.673169, 41.501276], [-8.661204, 41.498169], [-8.649251, 41.492828], [-8.638251, 41.483353], [-8.633699, 41.474331], [-8.633466, 41.465323], [-8.637851, 41.447321], [-8.636904, 41.438311], [-8.628629, 41.429277], [-8.593667, 41.411144], [-8.554075, 41.395889], [-8.542127, 41.393889], [-8.530165, 41.393996], [-8.51818, 41.397138], [-8.510683, 41.401813], [-8.501097, 41.41078], [-8.495656, 41.419763], [-8.492757, 41.428758], [-8.492488, 41.446772], [-8.497829, 41.46481], [-8.50306, 41.473841], [-8.535441, 41.510006], [-8.540751, 41.528042], [-8.540303, 41.537047], [-8.536412, 41.546039], [-8.504963, 41.562193], [-8.48948, 41.581869], [-8.480777, 41.587148], [-8.468768, 41.588554], [-8.42078, 41.588252], [-8.384747, 41.592491], [-8.363423, 41.599255], [-8.348603, 41.607339], [-8.326421, 41.626066], [-8.3192, 41.635031], [-8.310716, 41.652994], [-8.309372, 41.661993], [-8.311127, 41.671011], [-8.315108, 41.680042], [-8.340846, 41.716221], [-8.353057, 41.739389], [-8.357897, 41.735103], [-8.363136, 41.735318], [-8.355808, 41.716306], [-8.346116, 41.680222], [-8.344665, 41.6622], [-8.347724, 41.65321], [-8.353792, 41.644237], [-8.378027, 41.61735], [-8.38864, 41.608399], [-8.406223, 41.599484], [-8.420714, 41.59565], [-8.432727, 41.594079], [-8.456721, 41.594478], [-8.484017, 41.59986], [-8.506912, 41.608967], [-8.522464, 41.61804], [-8.535426, 41.629389], [-8.543431, 41.61462], [-8.554533, 41.615255], [-8.557244, 41.617046], [-8.562639, 41.61635], [-8.568056, 41.619031], [-8.570735, 41.616095], [-8.577321, 41.614269], [-8.581231, 41.615829], [-8.585766, 41.620988], [-8.591462, 41.620515], [-8.596534, 41.616668], [-8.601628, 41.615972], [-8.603996, 41.611686], [-8.609369, 41.608287], [-8.614156, 41.606692], [-8.619881, 41.610269], [-8.620751, 41.606377], [-8.600685, 41.597948], [-8.582966, 41.582247], [-8.570759, 41.564187], [-8.566902, 41.555165], [-8.556007, 41.510087], [-8.549086, 41.501053], [-8.529484, 41.488246], [-8.517579, 41.478226], [-8.507562, 41.464852], [-8.503293, 41.446819], [-8.505931, 41.434896], [-8.508863, 41.428828], [-8.517021, 41.419855], [-8.530031, 41.412518], [-8.542014, 41.409953], [-8.553979, 41.409942], [-8.56593, 41.412016], [-8.587142, 41.420128], [-8.601434, 41.429186], [-8.610361, 41.438224], [-8.6145, 41.447246], [-8.618136, 41.47428], [-8.624636, 41.483309], [-8.63667, 41.492355], [-8.649217, 41.499168], [-8.695809, 41.519549], [-8.709754, 41.528592], [-8.718421, 41.537621], [-8.722812, 41.546639], [-8.724451, 41.555651], [-8.723342, 41.564655], [-8.719752, 41.573562]], [[-8.516877, 41.572736], [-8.517844, 41.572985], [-8.516867, 41.574016], [-8.516516, 41.572979], [-8.516877, 41.572736]]], [[[-8.636863, 41.193558], [-8.644115, 41.213141], [-8.650878, 41.222169], [-8.662595, 41.229312], [-8.674514, 41.232018], [-8.686444, 41.232433], [-8.69956, 41.231315], [-8.722269, 41.225765], [-8.73269, 41.222388], [-8.782012, 41.199694], [-8.801703, 41.195217], [-8.799695, 41.14406], [-8.674793, 41.146932], [-8.674849, 41.153767], [-8.672489, 41.15648], [-8.66117, 41.156307], [-8.662078, 41.158104], [-8.660313, 41.160813], [-8.657033, 41.160378], [-8.654961, 41.161963], [-8.653231, 41.169174], [-8.655366, 41.175467], [-8.647955, 41.180228], [-8.647696, 41.185181], [-8.641225, 41.196014], [-8.638841, 41.196025], [-8.636863, 41.193558]], [[-8.686542, 41.211985], [-8.672338, 41.204217], [-8.670027, 41.195202], [-8.674746, 41.185156], [-8.686696, 41.17955], [-8.698617, 41.179995], [-8.710504, 41.188209], [-8.712883, 41.195317], [-8.710442, 41.202251], [-8.709516, 41.204316], [-8.698476, 41.210787], [-8.686542, 41.211985]]], [[[-8.537542, 41.631942], [-8.542682, 41.638343], [-8.543855, 41.633976], [-8.537542, 41.631942]]], [[[-7.727044, 41.80269], [-7.744752, 41.80296], [-7.756869, 41.798833], [-7.767059, 41.792558], [-7.775153, 41.783638], [-7.779241, 41.774675], [-7.778292, 41.765658], [-7.760596, 41.756461], [-7.746895, 41.752562], [-7.747786, 41.754496], [-7.743866, 41.756509], [-7.740214, 41.763924], [-7.726937, 41.771755], [-7.7254, 41.777152], [-7.727191, 41.779184], [-7.724177, 41.780299], [-7.725372, 41.781653], [-7.722296, 41.792446], [-7.728879, 41.797871], [-7.727044, 41.80269]], [[-7.745236, 41.778129], [-7.748429, 41.78335], [-7.745039, 41.788248], [-7.732963, 41.790357], [-7.727249, 41.783117], [-7.733242, 41.776161], [-7.745236, 41.778129]]], [[[-7.901562, 41.783994], [-7.925761, 41.776133], [-7.973903, 41.775329], [-8.010086, 41.769757], [-8.022191, 41.764861], [-8.034402, 41.752823], [-8.037767, 41.741103], [-8.03478, 41.732071], [-8.022876, 41.719691], [-8.010941, 41.714052], [-7.998971, 41.710789], [-7.974969, 41.70835], [-7.965032, 41.704443], [-7.939825, 41.6862], [-7.92735, 41.680662], [-7.915359, 41.67924], [-7.903305, 41.681566], [-7.891157, 41.689343], [-7.866436, 41.728586], [-7.854336, 41.732886], [-7.822394, 41.739098], [-7.801102, 41.747884], [-7.791402, 41.756789], [-7.785187, 41.765731], [-7.793481, 41.772037], [-7.794898, 41.77484], [-7.810442, 41.784009], [-7.82926, 41.789382], [-7.85333, 41.789407], [-7.889488, 41.786321], [-7.901562, 41.783994]], [[-7.865451, 41.784501], [-7.841396, 41.783802], [-7.829433, 41.779915], [-7.821606, 41.775117], [-7.815695, 41.766049], [-7.815736, 41.757043], [-7.821866, 41.748099], [-7.83009, 41.743767], [-7.840138, 41.739278], [-7.870067, 41.73057], [-7.878751, 41.711779], [-7.891033, 41.696598], [-7.903138, 41.691415], [-7.915154, 41.691479], [-7.927091, 41.696269], [-7.936861, 41.704186], [-7.950662, 41.724776], [-7.962578, 41.731456], [-7.974641, 41.728973], [-7.981255, 41.722602], [-7.998873, 41.71708], [-8.010886, 41.717653], [-8.022559, 41.722961], [-8.030676, 41.732037], [-8.031827, 41.741053], [-8.026381, 41.750014], [-8.02236, 41.753716], [-8.010273, 41.757567], [-7.998246, 41.75744], [-7.986252, 41.755222], [-7.974151, 41.759786], [-7.966696, 41.767507], [-7.949899, 41.771622], [-7.937872, 41.771337], [-7.913865, 41.76801], [-7.889596, 41.780018], [-7.865451, 41.784501]]], [[[-8.25143, 41.707927], [-8.260839, 41.69772], [-8.264841, 41.688738], [-8.266006, 41.679739], [-8.261958, 41.670706], [-8.251951, 41.662947], [-8.239997, 41.658101], [-8.228009, 41.656152], [-8.215994, 41.656554], [-8.203942, 41.659952], [-8.191849, 41.666558], [-8.182183, 41.679173], [-8.17958, 41.688161], [-8.179985, 41.697171], [-8.183935, 41.706206], [-8.191267, 41.713037], [-8.20321, 41.719343], [-8.2152, 41.721935], [-8.227229, 41.721359], [-8.241577, 41.715608], [-8.25143, 41.707927]], [[-8.239396, 41.709132], [-8.227293, 41.716], [-8.215249, 41.71794], [-8.203254, 41.715714], [-8.191314, 41.709272], [-8.183431, 41.697196], [-8.183722, 41.688191], [-8.191735, 41.675647], [-8.203829, 41.669119], [-8.21587, 41.666784], [-8.227864, 41.66832], [-8.23981, 41.673982], [-8.245961, 41.679609], [-8.249509, 41.688639], [-8.248497, 41.69764], [-8.239396, 41.709132]]], [[[-8.035767, 41.661556], [-8.035828, 41.657435], [-8.023945, 41.649002], [-8.016826, 41.650856], [-8.008878, 41.659795], [-8.01172, 41.663142], [-8.023639, 41.669286], [-8.035767, 41.661556]]], [[[-8.156143, 41.64124], [-8.160663, 41.633982], [-8.156338, 41.624943], [-8.144432, 41.618838], [-8.132419, 41.619557], [-8.124822, 41.624708], [-8.11755, 41.633659], [-8.120081, 41.642686], [-8.132028, 41.648723], [-8.144042, 41.648312], [-8.155283, 41.64295], [-8.156143, 41.64124]], [[-8.144129, 41.641755], [-8.132088, 41.644246], [-8.129134, 41.642755], [-8.123471, 41.633705], [-8.132342, 41.62533], [-8.144315, 41.627677], [-8.149424, 41.6339], [-8.144129, 41.641755]]], [[[-8.080681, 41.560306], [-8.097191, 41.563493], [-8.109175, 41.564124], [-8.121181, 41.563173], [-8.133214, 41.560144], [-8.145538, 41.552806], [-8.152407, 41.54385], [-8.154419, 41.534857], [-8.153057, 41.52584], [-8.146571, 41.516785], [-8.133882, 41.510087], [-8.109989, 41.504758], [-8.08372, 41.502325], [-8.092402, 41.504163], [-8.0927, 41.506232], [-8.111744, 41.507514], [-8.121901, 41.50997], [-8.136912, 41.516713], [-8.143473, 41.525769], [-8.144109, 41.534781], [-8.140254, 41.543759], [-8.133351, 41.549933], [-8.121284, 41.555598], [-8.109264, 41.557607], [-8.097278, 41.557227], [-8.085323, 41.554647], [-8.076641, 41.550974], [-8.075894, 41.550591], [-8.075763, 41.550524], [-8.074097, 41.549848], [-8.072897, 41.551197], [-8.073494, 41.553449], [-8.080681, 41.560306]]], [[[-8.372608, 41.509233], [-8.376808, 41.500248], [-8.377841, 41.482239], [-8.37395, 41.468027], [-8.364255, 41.455142], [-8.350207, 41.447228], [-8.33826, 41.444807], [-8.32629, 41.444634], [-8.314292, 41.447185], [-8.302221, 41.456491], [-8.298621, 41.463768], [-8.29699, 41.472766], [-8.299552, 41.490796], [-8.303146, 41.499825], [-8.313575, 41.515236], [-8.325469, 41.523865], [-8.337426, 41.526683], [-8.34942, 41.525924], [-8.361457, 41.520744], [-8.372608, 41.509233]], [[-8.370712, 41.500215], [-8.361551, 41.511201], [-8.349512, 41.516735], [-8.337519, 41.517542], [-8.325565, 41.514649], [-8.313678, 41.505487], [-8.305602, 41.490833], [-8.304346, 41.481818], [-8.30593, 41.47282], [-8.314142, 41.461485], [-8.326176, 41.45573], [-8.338162, 41.454462], [-8.350116, 41.456337], [-8.362027, 41.462699], [-8.370081, 41.473189], [-8.373165, 41.482213], [-8.373424, 41.491222], [-8.370712, 41.500215]]], [[[-8.12167, 41.376993], [-8.131341, 41.390567], [-8.140497, 41.399643], [-8.166763, 41.417852], [-8.18288, 41.425292], [-8.194801, 41.429067], [-8.218697, 41.43247], [-8.242647, 41.431382], [-8.260595, 41.4275], [-8.266652, 41.425348], [-8.278714, 41.416787], [-8.283541, 41.409631], [-8.28796, 41.391643], [-8.285421, 41.355597], [-8.275412, 41.324906], [-8.269582, 41.326939], [-8.265709, 41.331221], [-8.269004, 41.336169], [-8.265722, 41.337748], [-8.264235, 41.340653], [-8.273502, 41.355522], [-8.276606, 41.364549], [-8.278401, 41.382576], [-8.277016, 41.391575], [-8.273411, 41.400559], [-8.266007, 41.40952], [-8.254782, 41.416864], [-8.242767, 41.421049], [-8.230777, 41.423028], [-8.206856, 41.421919], [-8.183025, 41.413736], [-8.163529, 41.399813], [-8.156017, 41.390751], [-8.148939, 41.373841], [-8.139694, 41.377894], [-8.133418, 41.374292], [-8.125051, 41.375193], [-8.12167, 41.376993]]]]}}, {"id": "8", "type": "Feature", "properties": {"fill": "#a3a3a3", "value_min": -1.0, "value_max": -0.75}, "geometry": {"type": "MultiPolygon", "coordinates": [[[[-7.86551, 41.781179], [-7.877579, 41.779086], [-7.886299, 41.775762], [-7.89802, 41.766869], [-7.908541, 41.748955], [-7.925617, 41.731102], [-7.929147, 41.722128], [-7.927929, 41.71311], [-7.921563, 41.704044], [-7.91501, 41.700038], [-7.903032, 41.697687], [-7.890955, 41.701086], [-7.8813, 41.712666], [-7.877554, 41.730643], [-7.866298, 41.736409], [-7.842127, 41.743155], [-7.832781, 41.748211], [-7.826655, 41.757155], [-7.827433, 41.76617], [-7.835564, 41.775259], [-7.853479, 41.781013], [-7.86551, 41.781179]], [[-7.853548, 41.777184], [-7.841611, 41.771871], [-7.835618, 41.766253], [-7.834292, 41.757233], [-7.840846, 41.748292], [-7.85417, 41.742219], [-7.866231, 41.740218], [-7.878251, 41.740556], [-7.890957, 41.748787], [-7.893257, 41.757816], [-7.889046, 41.766782], [-7.875412, 41.775656], [-7.865568, 41.777857], [-7.853548, 41.777184]], [[-7.890356, 41.735962], [-7.88228, 41.721682], [-7.884433, 41.712696], [-7.890884, 41.705261], [-7.902947, 41.702672], [-7.914866, 41.708602], [-7.918847, 41.713025], [-7.918998, 41.722033], [-7.914545, 41.727672], [-7.902391, 41.735319], [-7.890356, 41.735962]]], [[[-7.937938, 41.767326], [-7.951588, 41.76737], [-7.959926, 41.758439], [-7.953934, 41.749377], [-7.9503, 41.747007], [-7.938285, 41.746272], [-7.932381, 41.749179], [-7.928273, 41.758148], [-7.937938, 41.767326]]], [[[-8.491888, 41.67489], [-8.501309, 41.644972], [-8.500842, 41.635963], [-8.497764, 41.626942], [-8.491014, 41.617905], [-8.47971, 41.608847], [-8.468646, 41.603518], [-8.456672, 41.600314], [-8.444682, 41.599176], [-8.432675, 41.599977], [-8.420648, 41.603032], [-8.40953, 41.608508], [-8.39989, 41.617466], [-8.396115, 41.626453], [-8.39527, 41.635456], [-8.397679, 41.644476], [-8.407998, 41.662544], [-8.406539, 41.671543], [-8.39669, 41.680499], [-8.383844, 41.687397], [-8.373194, 41.698388], [-8.36949, 41.707374], [-8.368624, 41.716377], [-8.37415, 41.73462], [-8.383021, 41.730999], [-8.380268, 41.725447], [-8.379259, 41.716435], [-8.382318, 41.707444], [-8.395787, 41.695125], [-8.419902, 41.686261], [-8.431928, 41.685098], [-8.443925, 41.68724], [-8.457651, 41.695475], [-8.45776, 41.695577], [-8.457889, 41.695699], [-8.482012, 41.682123], [-8.484371, 41.674238], [-8.491888, 41.67489]], [[-8.456167, 41.660459], [-8.444154, 41.660647], [-8.432176, 41.656897], [-8.420241, 41.64852], [-8.410593, 41.635536], [-8.40948, 41.626523], [-8.412839, 41.617533], [-8.420577, 41.610921], [-8.432626, 41.605613], [-8.444639, 41.604202], [-8.456626, 41.605733], [-8.464865, 41.608779], [-8.477582, 41.617845], [-8.482743, 41.626876], [-8.483621, 41.635887], [-8.480077, 41.644878], [-8.468214, 41.656067], [-8.456167, 41.660459]]], [[[-8.008018, 41.749857], [-8.010385, 41.750252], [-8.02248, 41.745842], [-8.026314, 41.741007], [-8.026585, 41.732002], [-8.022756, 41.72765], [-8.01083, 41.721254], [-7.998203, 41.722751], [-7.988373, 41.731672], [-7.989131, 41.740686], [-7.998391, 41.748113], [-8.008018, 41.749857]], [[-7.999668, 41.740778], [-7.996655, 41.731745], [-7.998673, 41.729959], [-8.010765, 41.725488], [-8.022277, 41.731966], [-8.018916, 41.740944], [-8.010469, 41.744796], [-7.999668, 41.740778]]], [[[-8.215294, 41.714216], [-8.227353, 41.711047], [-8.234366, 41.706554], [-8.239694, 41.697582], [-8.239491, 41.688573], [-8.232779, 41.679522], [-8.227768, 41.67637], [-8.215791, 41.673312], [-8.203761, 41.674654], [-8.191648, 41.682567], [-8.187862, 41.68822], [-8.186878, 41.69722], [-8.192343, 41.706266], [-8.203291, 41.712753], [-8.215294, 41.714216]], [[-8.203327, 41.709866], [-8.197309, 41.706301], [-8.190324, 41.697245], [-8.19211, 41.68825], [-8.2037, 41.679616], [-8.215728, 41.678517], [-8.227679, 41.683773], [-8.232258, 41.688525], [-8.233587, 41.697541], [-8.226786, 41.706503], [-8.215334, 41.710948], [-8.203327, 41.709866]]], [[[-8.13097, 41.633762], [-8.132204, 41.635571], [-8.135424, 41.633795], [-8.132245, 41.632558], [-8.13097, 41.633762]]], [[[-8.636811, 41.575269], [-8.648814, 41.57381], [-8.660828, 41.570171], [-8.672861, 41.562393], [-8.679078, 41.555533], [-8.68276, 41.546536], [-8.682818, 41.537529], [-8.679451, 41.528512], [-8.671406, 41.519482], [-8.6589, 41.510438], [-8.637237, 41.498936], [-8.618183, 41.492295], [-8.598315, 41.48322], [-8.600216, 41.456204], [-8.598466, 41.447191], [-8.593139, 41.438164], [-8.582297, 41.429118], [-8.565863, 41.422061], [-8.553908, 41.420358], [-8.541936, 41.421084], [-8.529941, 41.425012], [-8.517898, 41.435169], [-8.512524, 41.446859], [-8.512508, 41.455866], [-8.515869, 41.464888], [-8.529549, 41.479329], [-8.54148, 41.485876], [-8.56499, 41.492106], [-8.576984, 41.501158], [-8.574879, 41.528173], [-8.581061, 41.54621], [-8.58895, 41.556236], [-8.600883, 41.56575], [-8.612843, 41.571467], [-8.624821, 41.574351], [-8.636811, 41.575269]], [[-8.636897, 41.559804], [-8.624903, 41.560184], [-8.612926, 41.557573], [-8.600971, 41.551464], [-8.589068, 41.537621], [-8.586154, 41.528214], [-8.586983, 41.51921], [-8.591658, 41.510219], [-8.60127, 41.502767], [-8.613269, 41.499897], [-8.625244, 41.500975], [-8.637205, 41.504717], [-8.648076, 41.510405], [-8.658995, 41.519446], [-8.664401, 41.528469], [-8.665166, 41.537479], [-8.661079, 41.546474], [-8.64891, 41.556074], [-8.636897, 41.559804]], [[-8.565472, 41.480746], [-8.553491, 41.481268], [-8.541531, 41.478673], [-8.529605, 41.471543], [-8.523511, 41.46492], [-8.520132, 41.455898], [-8.521073, 41.446895], [-8.529867, 41.435335], [-8.541875, 41.429809], [-8.553851, 41.428632], [-8.565805, 41.430761], [-8.579072, 41.438114], [-8.586116, 41.447147], [-8.588045, 41.456161], [-8.586279, 41.465163], [-8.577482, 41.475769], [-8.565472, 41.480746]]], [[[-8.083388, 41.546939], [-8.097357, 41.551531], [-8.109344, 41.551825], [-8.121374, 41.54895], [-8.12986, 41.543681], [-8.136118, 41.534721], [-8.136047, 41.525713], [-8.129095, 41.516654], [-8.10992, 41.509845], [-8.097948, 41.509002], [-8.090901, 41.51015], [-8.090599, 41.514165], [-8.097905, 41.512078], [-8.109883, 41.512535], [-8.122074, 41.5166], [-8.12973, 41.525666], [-8.128998, 41.534668], [-8.12146, 41.542574], [-8.109411, 41.546929], [-8.097426, 41.546551], [-8.08799, 41.542876], [-8.083389, 41.5449], [-8.083388, 41.546939]]], [[[-8.337582, 41.511356], [-8.349577, 41.510238], [-8.361625, 41.503685], [-8.368667, 41.491196], [-8.368441, 41.482188], [-8.361952, 41.470317], [-8.350048, 41.463158], [-8.338092, 41.461275], [-8.326076, 41.463932], [-8.314436, 41.472871], [-8.310824, 41.481857], [-8.311539, 41.490868], [-8.316464, 41.499905], [-8.325638, 41.507612], [-8.337582, 41.511356]], [[-8.337638, 41.505946], [-8.323858, 41.499949], [-8.317591, 41.490905], [-8.317312, 41.481896], [-8.326019, 41.470874], [-8.338033, 41.467149], [-8.349992, 41.46873], [-8.35675, 41.473115], [-8.363719, 41.482162], [-8.36391, 41.49117], [-8.357429, 41.500141], [-8.349631, 41.504871], [-8.337638, 41.505946]]], [[[-8.167537, 41.378563], [-8.172317, 41.390869], [-8.179851, 41.399931], [-8.19504, 41.40973], [-8.206954, 41.413844], [-8.218899, 41.415549], [-8.23087, 41.415163], [-8.242867, 41.412435], [-8.254902, 41.40629], [-8.261499, 41.400484], [-8.267072, 41.391512], [-8.269431, 41.382519], [-8.266587, 41.364486], [-8.255967, 41.349239], [-8.249622, 41.353072], [-8.25042, 41.358023], [-8.256533, 41.364421], [-8.260406, 41.373454], [-8.260925, 41.382465], [-8.257926, 41.391453], [-8.249723, 41.400407], [-8.242958, 41.404571], [-8.230952, 41.408173], [-8.218982, 41.408674], [-8.207045, 41.406403], [-8.19515, 41.400803], [-8.184999, 41.39096], [-8.180962, 41.381923], [-8.180779, 41.376532], [-8.169578, 41.377212], [-8.167537, 41.378563]]], [[[-8.803943, 41.252223], [-8.793793, 41.24593], [-8.781873, 41.241454], [-8.769948, 41.238949], [-8.746084, 41.238125], [-8.710264, 41.242464], [-8.676499, 41.249268], [-8.662466, 41.254429], [-8.655625, 41.258215], [-8.650467, 41.2661], [-8.648927, 41.27621], [-8.654735, 41.294244], [-8.669171, 41.312301], [-8.685998, 41.325569], [-8.697914, 41.332741], [-8.721776, 41.342072], [-8.745667, 41.345446], [-8.769582, 41.343037], [-8.793516, 41.333735], [-8.806768, 41.323961], [-8.803943, 41.252223]], [[-8.745713, 41.333667], [-8.733758, 41.334676], [-8.721811, 41.333798], [-8.697945, 41.326173], [-8.678368, 41.312327], [-8.67092, 41.303299], [-8.666682, 41.294279], [-8.665492, 41.285268], [-8.667524, 41.276266], [-8.674447, 41.267278], [-8.686313, 41.259788], [-8.710218, 41.253068], [-8.734095, 41.251692], [-8.746027, 41.252866], [-8.764806, 41.25849], [-8.778731, 41.267525], [-8.781774, 41.271108], [-8.786075, 41.276547], [-8.789677, 41.285561], [-8.790383, 41.29457], [-8.788487, 41.303575], [-8.783443, 41.312573], [-8.769646, 41.324823], [-8.757676, 41.330574], [-8.745713, 41.333667]]], [[[-8.490195, 41.227646], [-8.49692, 41.239615], [-8.505559, 41.248661], [-8.519206, 41.25766], [-8.531108, 41.262568], [-8.543026, 41.265405], [-8.566896, 41.266376], [-8.590801, 41.261924], [-8.602766, 41.257464], [-8.616105, 41.249082], [-8.621854, 41.240093], [-8.622081, 41.222078], [-8.616944, 41.204046], [-8.60754, 41.185998], [-8.599943, 41.176964], [-8.589179, 41.168453], [-8.589194, 41.170572], [-8.583263, 41.174422], [-8.582094, 41.177803], [-8.578825, 41.178941], [-8.581283, 41.189943], [-8.591203, 41.19741], [-8.600381, 41.212997], [-8.601511, 41.222009], [-8.599581, 41.23101], [-8.590924, 41.242157], [-8.578946, 41.249094], [-8.56699, 41.252152], [-8.555051, 41.252683], [-8.543127, 41.250828], [-8.531226, 41.246029], [-8.522267, 41.239723], [-8.515082, 41.230685], [-8.511977, 41.221665], [-8.512055, 41.212657], [-8.517161, 41.201223], [-8.51163, 41.203042], [-8.510456, 41.206197], [-8.505693, 41.207113], [-8.504239, 41.213646], [-8.500076, 41.21546], [-8.50308, 41.219502], [-8.502204, 41.222656], [-8.495642, 41.222227], [-8.490195, 41.227646]]], [[[-8.517282, 41.201061], [-8.517282, 41.201061], [-8.517329, 41.200997], [-8.517282, 41.201061]]]]}}, {"id": "9", "type": "Feature", "properties": {"fill": "#a3a3a3", "value_min": -0.75, "value_max": -0.5}, "geometry": {"type": "MultiPolygon", "coordinates": [[[[-7.853548, 41.777184], [-7.865568, 41.777857], [-7.875412, 41.775656], [-7.889046, 41.766782], [-7.893257, 41.757816], [-7.890957, 41.748787], [-7.878251, 41.740556], [-7.866231, 41.740218], [-7.85417, 41.742219], [-7.840846, 41.748292], [-7.834292, 41.757233], [-7.835618, 41.766253], [-7.841611, 41.771871], [-7.853548, 41.777184]], [[-7.865627, 41.774531], [-7.853618, 41.773233], [-7.842898, 41.766327], [-7.840797, 41.757299], [-7.847983, 41.748364], [-7.854111, 41.745536], [-7.866173, 41.7435], [-7.878152, 41.746214], [-7.881894, 41.748699], [-7.88655, 41.757751], [-7.883107, 41.766724], [-7.877727, 41.770598], [-7.865627, 41.774531]]], [[[-8.457889, 41.695699], [-8.457889, 41.695699], [-8.45776, 41.695577], [-8.457889, 41.695699]]], [[[-8.457651, 41.695475], [-8.443925, 41.68724], [-8.431928, 41.685098], [-8.419902, 41.686261], [-8.395787, 41.695125], [-8.382318, 41.707444], [-8.379259, 41.716435], [-8.380268, 41.725447], [-8.383021, 41.730999], [-8.385523, 41.730319], [-8.387332, 41.73189], [-8.392901, 41.730077], [-8.38974, 41.725498], [-8.388641, 41.716485], [-8.392976, 41.707501], [-8.407776, 41.698221], [-8.419817, 41.695703], [-8.431824, 41.696939], [-8.446212, 41.705185], [-8.453868, 41.697961], [-8.453255, 41.695487], [-8.457651, 41.695475]]], [[[-7.999668, 41.740778], [-8.010469, 41.744796], [-8.018916, 41.740944], [-8.022277, 41.731966], [-8.010765, 41.725488], [-7.998673, 41.729959], [-7.996655, 41.731745], [-7.999668, 41.740778]], [[-8.006916, 41.731834], [-8.010693, 41.730232], [-8.013643, 41.731892], [-8.01059, 41.736938], [-8.006916, 41.731834]]], [[[-7.890356, 41.735962], [-7.902391, 41.735319], [-7.914545, 41.727672], [-7.918998, 41.722033], [-7.918847, 41.713025], [-7.914866, 41.708602], [-7.902947, 41.702672], [-7.890884, 41.705261], [-7.884433, 41.712696], [-7.88228, 41.721682], [-7.890356, 41.735962]], [[-7.890505, 41.727265], [-7.886441, 41.721722], [-7.887568, 41.712726], [-7.89082, 41.708978], [-7.902863, 41.707625], [-7.910779, 41.712949], [-7.910534, 41.721953], [-7.902519, 41.727835], [-7.890505, 41.727265]]], [[[-8.203327, 41.709866], [-8.215334, 41.710948], [-8.226786, 41.706503], [-8.233587, 41.697541], [-8.232258, 41.688525], [-8.227679, 41.683773], [-8.215728, 41.678517], [-8.2037, 41.679616], [-8.19211, 41.68825], [-8.190324, 41.697245], [-8.197309, 41.706301], [-8.203327, 41.709866]], [[-8.203362, 41.70698], [-8.194257, 41.697272], [-8.197281, 41.688286], [-8.203651, 41.683541], [-8.215673, 41.683016], [-8.224924, 41.688476], [-8.227529, 41.697501], [-8.218554, 41.706447], [-8.215373, 41.707682], [-8.203362, 41.70698]]], [[[-8.456167, 41.660459], [-8.468214, 41.656067], [-8.480077, 41.644878], [-8.483621, 41.635887], [-8.482743, 41.626876], [-8.477582, 41.617845], [-8.464865, 41.608779], [-8.456626, 41.605733], [-8.444639, 41.604202], [-8.432626, 41.605613], [-8.420577, 41.610921], [-8.412839, 41.617533], [-8.40948, 41.626523], [-8.410593, 41.635536], [-8.420241, 41.64852], [-8.432176, 41.656897], [-8.444154, 41.660647], [-8.456167, 41.660459]], [[-8.444253, 41.649131], [-8.431096, 41.644646], [-8.421323, 41.63559], [-8.418943, 41.626571], [-8.423256, 41.617585], [-8.432573, 41.611628], [-8.444596, 41.609241], [-8.456578, 41.611456], [-8.467108, 41.617797], [-8.472415, 41.626829], [-8.471322, 41.635831], [-8.462352, 41.644796], [-8.456272, 41.64792], [-8.444253, 41.649131]]], [[[-8.636897, 41.559804], [-8.64891, 41.556074], [-8.661079, 41.546474], [-8.665166, 41.537479], [-8.664401, 41.528469], [-8.658995, 41.519446], [-8.648076, 41.510405], [-8.637205, 41.504717], [-8.625244, 41.500975], [-8.613269, 41.499897], [-8.60127, 41.502767], [-8.591658, 41.510219], [-8.586983, 41.51921], [-8.586154, 41.528214], [-8.589068, 41.537621], [-8.600971, 41.551464], [-8.612926, 41.557573], [-8.624903, 41.560184], [-8.636897, 41.559804]], [[-8.62496, 41.550236], [-8.612985, 41.547703], [-8.601045, 41.539395], [-8.595728, 41.528248], [-8.597261, 41.519246], [-8.6012, 41.514276], [-8.613225, 41.507294], [-8.625211, 41.506725], [-8.637581, 41.510373], [-8.649368, 41.519417], [-8.653486, 41.528437], [-8.651726, 41.537439], [-8.648992, 41.540905], [-8.63696, 41.548646], [-8.62496, 41.550236]]], [[[-8.08799, 41.542876], [-8.097426, 41.546551], [-8.109411, 41.546929], [-8.12146, 41.542574], [-8.128998, 41.534668], [-8.12973, 41.525666], [-8.122074, 41.5166], [-8.109883, 41.512535], [-8.097905, 41.512078], [-8.090599, 41.514165], [-8.089996, 41.519865], [-8.093865, 41.516381], [-8.097863, 41.515153], [-8.109846, 41.515226], [-8.113792, 41.516537], [-8.123934, 41.525622], [-8.121557, 41.535384], [-8.10948, 41.541935], [-8.103464, 41.54166], [-8.106759, 41.543557], [-8.101666, 41.542655], [-8.094175, 41.544904], [-8.08799, 41.542876]]], [[[-8.337638, 41.505946], [-8.349631, 41.504871], [-8.357429, 41.500141], [-8.36391, 41.49117], [-8.363719, 41.482162], [-8.35675, 41.473115], [-8.349992, 41.46873], [-8.338033, 41.467149], [-8.326019, 41.470874], [-8.317312, 41.481896], [-8.317591, 41.490905], [-8.323858, 41.499949], [-8.337638, 41.505946]], [[-8.335205, 41.500015], [-8.323714, 41.490941], [-8.323812, 41.481934], [-8.325933, 41.479116], [-8.337978, 41.472479], [-8.349937, 41.474289], [-8.357913, 41.482129], [-8.358235, 41.491139], [-8.349683, 41.499648], [-8.337688, 41.501002], [-8.335205, 41.500015]]], [[[-8.565472, 41.480746], [-8.577482, 41.475769], [-8.586279, 41.465163], [-8.588045, 41.456161], [-8.586116, 41.447147], [-8.579072, 41.438114], [-8.565805, 41.430761], [-8.553851, 41.428632], [-8.541875, 41.429809], [-8.529867, 41.435335], [-8.521073, 41.446895], [-8.520132, 41.455898], [-8.523511, 41.46492], [-8.529605, 41.471543], [-8.541531, 41.478673], [-8.553491, 41.481268], [-8.565472, 41.480746]], [[-8.550468, 41.474036], [-8.541576, 41.472245], [-8.531274, 41.464952], [-8.52719, 41.455927], [-8.529788, 41.446178], [-8.540558, 41.437966], [-8.553803, 41.435736], [-8.565751, 41.438912], [-8.575349, 41.447108], [-8.578041, 41.456125], [-8.574784, 41.465121], [-8.565529, 41.472155], [-8.553536, 41.474669], [-8.550468, 41.474036]]], [[[-8.180779, 41.376532], [-8.180962, 41.381923], [-8.184999, 41.39096], [-8.19515, 41.400803], [-8.207045, 41.406403], [-8.218982, 41.408674], [-8.230952, 41.408173], [-8.242958, 41.404571], [-8.249723, 41.400407], [-8.257926, 41.391453], [-8.260925, 41.382465], [-8.260406, 41.373454], [-8.256533, 41.364421], [-8.25042, 41.358023], [-8.248141, 41.360052], [-8.248448, 41.364328], [-8.245461, 41.364835], [-8.251331, 41.373395], [-8.252386, 41.38241], [-8.248401, 41.391391], [-8.243054, 41.396287], [-8.231029, 41.40162], [-8.219059, 41.402204], [-8.207136, 41.398912], [-8.196545, 41.391041], [-8.192126, 41.382002], [-8.192614, 41.375626], [-8.180779, 41.376532]]], [[[-8.745713, 41.333667], [-8.757676, 41.330574], [-8.769646, 41.324823], [-8.783443, 41.312573], [-8.788487, 41.303575], [-8.790383, 41.29457], [-8.789677, 41.285561], [-8.786075, 41.276547], [-8.781774, 41.271108], [-8.778731, 41.267525], [-8.764806, 41.25849], [-8.746027, 41.252866], [-8.734095, 41.251692], [-8.710218, 41.253068], [-8.686313, 41.259788], [-8.674447, 41.267278], [-8.667524, 41.276266], [-8.665492, 41.285268], [-8.666682, 41.294279], [-8.67092, 41.303299], [-8.678368, 41.312327], [-8.697945, 41.326173], [-8.721811, 41.333798], [-8.733758, 41.334676], [-8.745713, 41.333667]], [[-8.733794, 41.325893], [-8.721843, 41.326348], [-8.709902, 41.324387], [-8.697975, 41.319641], [-8.687404, 41.312352], [-8.679962, 41.303324], [-8.676743, 41.294307], [-8.677237, 41.285301], [-8.682079, 41.276307], [-8.698224, 41.2656], [-8.710176, 41.262415], [-8.722118, 41.261447], [-8.734052, 41.262441], [-8.745977, 41.265733], [-8.7623, 41.2765], [-8.767849, 41.285519], [-8.76935, 41.29453], [-8.767577, 41.303534], [-8.761743, 41.31253], [-8.748873, 41.321511], [-8.733794, 41.325893]]], [[[-8.517161, 41.201223], [-8.512055, 41.212657], [-8.511977, 41.221665], [-8.515082, 41.230685], [-8.522267, 41.239723], [-8.531226, 41.246029], [-8.543127, 41.250828], [-8.555051, 41.252683], [-8.56699, 41.252152], [-8.578946, 41.249094], [-8.590924, 41.242157], [-8.599581, 41.23101], [-8.601511, 41.222009], [-8.600381, 41.212997], [-8.591203, 41.19741], [-8.581283, 41.189943], [-8.579522, 41.193795], [-8.575958, 41.195609], [-8.576894, 41.201908], [-8.574515, 41.202593], [-8.57423, 41.20462], [-8.56873, 41.204416], [-8.579848, 41.212924], [-8.581767, 41.221939], [-8.577403, 41.230931], [-8.567092, 41.236769], [-8.555151, 41.237909], [-8.543247, 41.233716], [-8.539436, 41.230785], [-8.534854, 41.221759], [-8.537298, 41.212409], [-8.532257, 41.213102], [-8.52713, 41.203215], [-8.523236, 41.200077], [-8.517329, 41.200997], [-8.517282, 41.201061], [-8.517161, 41.201223]]], [[[-8.53732, 41.212387], [-8.53732, 41.212387], [-8.537526, 41.212183], [-8.53732, 41.212387]]]]}}, {"id": "10", "type": "Feature", "properties": {"fill": "#a3a3a3", "value_min": -0.5, "value_max": -0.25}, "geometry": {"type": "MultiPolygon", "coordinates": [[[[-7.865627, 41.774531], [-7.877727, 41.770598], [-7.883107, 41.766724], [-7.88655, 41.757751], [-7.881894, 41.748699], [-7.878152, 41.746214], [-7.866173, 41.7435], [-7.854111, 41.745536], [-7.847983, 41.748364], [-7.840797, 41.757299], [-7.842898, 41.766327], [-7.853618, 41.773233], [-7.865627, 41.774531]], [[-7.85369, 41.769182], [-7.849359, 41.766391], [-7.846303, 41.757354], [-7.854046, 41.749169], [-7.866115, 41.746784], [-7.871929, 41.748602], [-7.878034, 41.752996], [-7.881214, 41.757699], [-7.876943, 41.766664], [-7.865686, 41.771193], [-7.85369, 41.769182]]], [[[-8.446212, 41.705185], [-8.431824, 41.696939], [-8.419817, 41.695703], [-8.407776, 41.698221], [-8.392976, 41.707501], [-8.388641, 41.716485], [-8.38974, 41.725498], [-8.392901, 41.730077], [-8.396942, 41.730518], [-8.401317, 41.726681], [-8.397858, 41.716534], [-8.404475, 41.707561], [-8.407709, 41.705591], [-8.419748, 41.703347], [-8.431739, 41.706565], [-8.437727, 41.714015], [-8.441632, 41.713975], [-8.441618, 41.711049], [-8.446212, 41.705185]]], [[[-8.006916, 41.731834], [-8.01059, 41.736938], [-8.013643, 41.731892], [-8.010693, 41.730232], [-8.006916, 41.731834]]], [[[-7.890505, 41.727265], [-7.902519, 41.727835], [-7.910534, 41.721953], [-7.910779, 41.712949], [-7.902863, 41.707625], [-7.89082, 41.708978], [-7.887568, 41.712726], [-7.886441, 41.721722], [-7.890505, 41.727265]], [[-7.891167, 41.721768], [-7.890756, 41.712694], [-7.90324, 41.712877], [-7.902694, 41.721879], [-7.891167, 41.721768]]], [[[-8.203362, 41.70698], [-8.215373, 41.707682], [-8.218554, 41.706447], [-8.227529, 41.697501], [-8.224924, 41.688476], [-8.215673, 41.683016], [-8.203651, 41.683541], [-8.197281, 41.688286], [-8.194257, 41.697272], [-8.203362, 41.70698]], [[-8.203414, 41.702816], [-8.198429, 41.697301], [-8.202453, 41.688322], [-8.21562, 41.687371], [-8.221741, 41.697462], [-8.215428, 41.703154], [-8.203414, 41.702816]]], [[[-8.444253, 41.649131], [-8.456272, 41.64792], [-8.462352, 41.644796], [-8.471322, 41.635831], [-8.472415, 41.626829], [-8.467108, 41.617797], [-8.456578, 41.611456], [-8.444596, 41.609241], [-8.432573, 41.611628], [-8.423256, 41.617585], [-8.418943, 41.626571], [-8.421323, 41.63559], [-8.431096, 41.644646], [-8.444253, 41.649131]], [[-8.444323, 41.640946], [-8.432355, 41.636528], [-8.427694, 41.626615], [-8.433913, 41.617638], [-8.444548, 41.614761], [-8.456845, 41.617749], [-8.462881, 41.626785], [-8.459529, 41.635776], [-8.456353, 41.638267], [-8.444323, 41.640946]]], [[[-8.62496, 41.550236], [-8.63696, 41.548646], [-8.648992, 41.540905], [-8.651726, 41.537439], [-8.653486, 41.528437], [-8.649368, 41.519417], [-8.637581, 41.510373], [-8.625211, 41.506725], [-8.613225, 41.507294], [-8.6012, 41.514276], [-8.597261, 41.519246], [-8.595728, 41.528248], [-8.601045, 41.539395], [-8.612985, 41.547703], [-8.62496, 41.550236]], [[-8.62501, 41.541597], [-8.613038, 41.538663], [-8.605295, 41.528281], [-8.607747, 41.519282], [-8.613179, 41.515127], [-8.625176, 41.512911], [-8.639856, 41.519387], [-8.643272, 41.528405], [-8.637017, 41.538311], [-8.62501, 41.541597]]], [[[-8.103464, 41.54166], [-8.10948, 41.541935], [-8.121557, 41.535384], [-8.123934, 41.525622], [-8.113792, 41.516537], [-8.109846, 41.515226], [-8.097863, 41.515153], [-8.093865, 41.516381], [-8.089996, 41.519865], [-8.090594, 41.522169], [-8.093588, 41.52307], [-8.092126, 41.525096], [-8.097792, 41.520247], [-8.109786, 41.519598], [-8.117145, 41.52557], [-8.11343, 41.534549], [-8.109551, 41.53672], [-8.096876, 41.535467], [-8.097774, 41.537927], [-8.103464, 41.54166]]], [[[-8.095088, 41.5341], [-8.092376, 41.526896], [-8.091487, 41.531173], [-8.095088, 41.5341]]], [[[-8.335205, 41.500015], [-8.337688, 41.501002], [-8.349683, 41.499648], [-8.358235, 41.491139], [-8.357913, 41.482129], [-8.349937, 41.474289], [-8.337978, 41.472479], [-8.325933, 41.479116], [-8.323812, 41.481934], [-8.323714, 41.490941], [-8.335205, 41.500015]], [[-8.33775, 41.494895], [-8.332046, 41.490989], [-8.332653, 41.481986], [-8.337915, 41.478698], [-8.349873, 41.4806], [-8.351393, 41.482093], [-8.351797, 41.491102], [-8.349748, 41.493141], [-8.33775, 41.494895]]], [[[-8.550468, 41.474036], [-8.553536, 41.474669], [-8.565529, 41.472155], [-8.574784, 41.465121], [-8.578041, 41.456125], [-8.575349, 41.447108], [-8.565751, 41.438912], [-8.553803, 41.435736], [-8.540558, 41.437966], [-8.529788, 41.446178], [-8.52719, 41.455927], [-8.531274, 41.464952], [-8.541576, 41.472245], [-8.550468, 41.474036]], [[-8.541622, 41.465807], [-8.535265, 41.45596], [-8.539373, 41.446969], [-8.541767, 41.445157], [-8.553753, 41.443011], [-8.563858, 41.447065], [-8.56862, 41.45609], [-8.562552, 41.465075], [-8.55358, 41.46819], [-8.541622, 41.465807]]], [[[-8.192614, 41.375626], [-8.192126, 41.382002], [-8.196545, 41.391041], [-8.207136, 41.398912], [-8.219059, 41.402204], [-8.231029, 41.40162], [-8.243054, 41.396287], [-8.248401, 41.391391], [-8.252386, 41.38241], [-8.251331, 41.373395], [-8.245461, 41.364835], [-8.244272, 41.368384], [-8.237747, 41.371091], [-8.240786, 41.373326], [-8.243423, 41.382351], [-8.236464, 41.391313], [-8.231118, 41.3941], [-8.219147, 41.394829], [-8.209766, 41.391132], [-8.203424, 41.382081], [-8.204667, 41.37652], [-8.199163, 41.377423], [-8.194976, 41.374275], [-8.192614, 41.375626]]], [[[-8.733794, 41.325893], [-8.748873, 41.321511], [-8.761743, 41.31253], [-8.767577, 41.303534], [-8.76935, 41.29453], [-8.767849, 41.285519], [-8.7623, 41.2765], [-8.745977, 41.265733], [-8.734052, 41.262441], [-8.722118, 41.261447], [-8.710176, 41.262415], [-8.698224, 41.2656], [-8.682079, 41.276307], [-8.677237, 41.285301], [-8.676743, 41.294307], [-8.679962, 41.303324], [-8.687404, 41.312352], [-8.697975, 41.319641], [-8.709902, 41.324387], [-8.721843, 41.326348], [-8.733794, 41.325893]], [[-8.721874, 41.318955], [-8.709932, 41.31756], [-8.698007, 41.312619], [-8.689092, 41.303349], [-8.686064, 41.294333], [-8.688321, 41.285332], [-8.696956, 41.276347], [-8.710137, 41.271316], [-8.72208, 41.270563], [-8.734009, 41.272939], [-8.741406, 41.276455], [-8.750764, 41.285484], [-8.753429, 41.294497], [-8.751354, 41.303501], [-8.7431, 41.31249], [-8.733831, 41.316901], [-8.721874, 41.318955]]], [[[-8.537298, 41.212409], [-8.534854, 41.221759], [-8.539436, 41.230785], [-8.543247, 41.233716], [-8.555151, 41.237909], [-8.567092, 41.236769], [-8.577403, 41.230931], [-8.581767, 41.221939], [-8.579848, 41.212924], [-8.56873, 41.204416], [-8.565895, 41.206227], [-8.567697, 41.208246], [-8.566512, 41.209376], [-8.559636, 41.206251], [-8.554271, 41.20627], [-8.549521, 41.209214], [-8.544157, 41.209458], [-8.54238, 41.211265], [-8.537526, 41.212183], [-8.53732, 41.212387], [-8.537298, 41.212409]]]]}}, {"id": "11", "type": "Feature", "properties": {"fill": "#a3a3a3", "value_min": -0.25, "value_max": -0.0}, "geometry": {"type": "MultiPolygon", "coordinates": [[[[-7.85369, 41.769182], [-7.865686, 41.771193], [-7.876943, 41.766664], [-7.881214, 41.757699], [-7.878034, 41.752996], [-7.871929, 41.748602], [-7.866115, 41.746784], [-7.854046, 41.749169], [-7.846303, 41.757354], [-7.849359, 41.766391], [-7.85369, 41.769182]], [[-7.859182, 41.766489], [-7.853807, 41.762584], [-7.851612, 41.757407], [-7.853943, 41.754942], [-7.866045, 41.75081], [-7.875309, 41.757642], [-7.868902, 41.766586], [-7.865744, 41.767856], [-7.859182, 41.766489]]], [[[-8.437727, 41.714015], [-8.431739, 41.706565], [-8.419748, 41.703347], [-8.407709, 41.705591], [-8.404475, 41.707561], [-8.397858, 41.716534], [-8.401317, 41.726681], [-8.404721, 41.722847], [-8.417349, 41.725067], [-8.419742, 41.722675], [-8.410894, 41.716601], [-8.419656, 41.713601], [-8.423967, 41.716667], [-8.420123, 41.722134], [-8.422737, 41.720552], [-8.429643, 41.719859], [-8.430833, 41.717155], [-8.437727, 41.714015]]], [[[-7.891167, 41.721768], [-7.902694, 41.721879], [-7.90324, 41.712877], [-7.890756, 41.712694], [-7.891167, 41.721768]]], [[[-8.203414, 41.702816], [-8.215428, 41.703154], [-8.221741, 41.697462], [-8.21562, 41.687371], [-8.202453, 41.688322], [-8.198429, 41.697301], [-8.203414, 41.702816]], [[-8.20347, 41.69829], [-8.203505, 41.695421], [-8.215952, 41.697422], [-8.215493, 41.697836], [-8.20347, 41.69829]]], [[[-8.444323, 41.640946], [-8.456353, 41.638267], [-8.459529, 41.635776], [-8.462881, 41.626785], [-8.456845, 41.617749], [-8.444548, 41.614761], [-8.433913, 41.617638], [-8.427694, 41.626615], [-8.432355, 41.636528], [-8.444323, 41.640946]], [[-8.440195, 41.626676], [-8.444472, 41.623599], [-8.449702, 41.626722], [-8.444412, 41.630667], [-8.440195, 41.626676]]], [[[-8.62501, 41.541597], [-8.637017, 41.538311], [-8.643272, 41.528405], [-8.639856, 41.519387], [-8.625176, 41.512911], [-8.613179, 41.515127], [-8.607747, 41.519282], [-8.605295, 41.528281], [-8.613038, 41.538663], [-8.62501, 41.541597]], [[-8.619719, 41.52833], [-8.625122, 41.522214], [-8.628996, 41.52836], [-8.625072, 41.530855], [-8.619719, 41.52833]]], [[[-8.096876, 41.535467], [-8.109551, 41.53672], [-8.11343, 41.534549], [-8.117145, 41.52557], [-8.109786, 41.519598], [-8.097792, 41.520247], [-8.092126, 41.525096], [-8.092376, 41.526896], [-8.095088, 41.5341], [-8.096876, 41.535467]], [[-8.109547, 41.525511], [-8.109705, 41.525496], [-8.109725, 41.525513], [-8.109704, 41.525555], [-8.109547, 41.525511]]], [[[-8.33775, 41.494895], [-8.349748, 41.493141], [-8.351797, 41.491102], [-8.351393, 41.482093], [-8.349873, 41.4806], [-8.337915, 41.478698], [-8.332653, 41.481986], [-8.332046, 41.490989], [-8.33775, 41.494895]]], [[[-8.541622, 41.465807], [-8.55358, 41.46819], [-8.562552, 41.465075], [-8.56862, 41.45609], [-8.563858, 41.447065], [-8.553753, 41.443011], [-8.541767, 41.445157], [-8.539373, 41.446969], [-8.535265, 41.45596], [-8.541622, 41.465807]], [[-8.550311, 41.45602], [-8.553675, 41.454417], [-8.555191, 41.456039], [-8.553654, 41.4575], [-8.550311, 41.45602]]], [[[-8.204667, 41.37652], [-8.203424, 41.382081], [-8.209766, 41.391132], [-8.219147, 41.394829], [-8.231118, 41.3941], [-8.236464, 41.391313], [-8.243423, 41.382351], [-8.240786, 41.373326], [-8.237747, 41.371091], [-8.232024, 41.369971], [-8.224854, 41.370878], [-8.21738, 41.368182], [-8.211712, 41.376065], [-8.204667, 41.37652]]], [[[-8.721874, 41.318955], [-8.733831, 41.316901], [-8.7431, 41.31249], [-8.751354, 41.303501], [-8.753429, 41.294497], [-8.750764, 41.285484], [-8.741406, 41.276455], [-8.734009, 41.272939], [-8.72208, 41.270563], [-8.710137, 41.271316], [-8.696956, 41.276347], [-8.688321, 41.285332], [-8.686064, 41.294333], [-8.689092, 41.303349], [-8.698007, 41.312619], [-8.709932, 41.31756], [-8.721874, 41.318955]], [[-8.72191, 41.310476], [-8.709968, 41.309525], [-8.699875, 41.303378], [-8.698067, 41.299618], [-8.696552, 41.294361], [-8.698109, 41.290433], [-8.701969, 41.285368], [-8.710094, 41.281056], [-8.722037, 41.280533], [-8.733641, 41.285445], [-8.738376, 41.294464], [-8.735648, 41.303466], [-8.72191, 41.310476]]]]}}, {"id": "12", "type": "Feature", "properties": {"fill": "#a3a3a3", "value_min": 0.0, "value_max": -0.25}, "geometry": {"type": "MultiPolygon", "coordinates": [[[[-7.859182, 41.766489], [-7.865744, 41.767856], [-7.868902, 41.766586], [-7.875309, 41.757642], [-7.866045, 41.75081], [-7.853943, 41.754942], [-7.851612, 41.757407], [-7.853807, 41.762584], [-7.859182, 41.766489]], [[-7.861114, 41.757502], [-7.865959, 41.755695], [-7.868508, 41.757575], [-7.865865, 41.761003], [-7.861114, 41.757502]]], [[[-8.420123, 41.722134], [-8.423967, 41.716667], [-8.419656, 41.713601], [-8.410894, 41.716601], [-8.419742, 41.722675], [-8.420123, 41.722134]]], [[[-8.20347, 41.69829], [-8.215493, 41.697836], [-8.215952, 41.697422], [-8.203505, 41.695421], [-8.20347, 41.69829]]], [[[-8.440195, 41.626676], [-8.444412, 41.630667], [-8.449702, 41.626722], [-8.444472, 41.623599], [-8.440195, 41.626676]]], [[[-8.619719, 41.52833], [-8.625072, 41.530855], [-8.628996, 41.52836], [-8.625122, 41.522214], [-8.619719, 41.52833]]], [[[-8.109547, 41.525511], [-8.109704, 41.525555], [-8.109725, 41.525513], [-8.109705, 41.525496], [-8.109547, 41.525511]]], [[[-8.550311, 41.45602], [-8.553654, 41.4575], [-8.555191, 41.456039], [-8.553675, 41.454417], [-8.550311, 41.45602]]], [[[-8.72191, 41.310476], [-8.735648, 41.303466], [-8.738376, 41.294464], [-8.733641, 41.285445], [-8.722037, 41.280533], [-8.710094, 41.281056], [-8.701969, 41.285368], [-8.698109, 41.290433], [-8.696552, 41.294361], [-8.698067, 41.299618], [-8.699875, 41.303378], [-8.709968, 41.309525], [-8.72191, 41.310476]]]]}}, {"id": "5", "type": "Feature", "properties": {"fill": "#e57b10", "value_min": -1.75, "value_max": -1.5}, "geometry": {"type": "MultiPolygon", "coordinates": [[[[-8.353057, 41.739389], [-8.340846, 41.716221], [-8.315108, 41.680042], [-8.311127, 41.671011], [-8.309372, 41.661993], [-8.310716, 41.652994], [-8.3192, 41.635031], [-8.326421, 41.626066], [-8.348603, 41.607339], [-8.363423, 41.599255], [-8.384747, 41.592491], [-8.42078, 41.588252], [-8.468768, 41.588554], [-8.480777, 41.587148], [-8.48948, 41.581869], [-8.504963, 41.562193], [-8.536412, 41.546039], [-8.540303, 41.537047], [-8.540751, 41.528042], [-8.535441, 41.510006], [-8.50306, 41.473841], [-8.497829, 41.46481], [-8.492488, 41.446772], [-8.492757, 41.428758], [-8.495656, 41.419763], [-8.501097, 41.41078], [-8.510683, 41.401813], [-8.51818, 41.397138], [-8.530165, 41.393996], [-8.542127, 41.393889], [-8.554075, 41.395889], [-8.593667, 41.411144], [-8.628629, 41.429277], [-8.636904, 41.438311], [-8.637851, 41.447321], [-8.633466, 41.465323], [-8.633699, 41.474331], [-8.638251, 41.483353], [-8.649251, 41.492828], [-8.661204, 41.498169], [-8.673169, 41.501276], [-8.697131, 41.501525], [-8.709124, 41.498973], [-8.726847, 41.492605], [-8.74101, 41.48363], [-8.750586, 41.474644], [-8.761237, 41.456651], [-8.763255, 41.447648], [-8.763296, 41.43864], [-8.758431, 41.420615], [-8.749023, 41.40258], [-8.735612, 41.384535], [-8.718689, 41.366479], [-8.697659, 41.348411], [-8.65021, 41.314359], [-8.638299, 41.307746], [-8.614452, 41.300002], [-8.590568, 41.299244], [-8.542751, 41.304724], [-8.530805, 41.304906], [-8.506942, 41.301112], [-8.495029, 41.29701], [-8.47124, 41.284755], [-8.439867, 41.262907], [-8.438004, 41.264938], [-8.438023, 41.268989], [-8.434745, 41.269673], [-8.432691, 41.277107], [-8.427032, 41.279372], [-8.429143, 41.284319], [-8.426171, 41.287028], [-8.425606, 41.294007], [-8.422038, 41.297153], [-8.456417, 41.320501], [-8.474055, 41.338598], [-8.479538, 41.347631], [-8.481971, 41.356649], [-8.481997, 41.365657], [-8.472228, 41.401643], [-8.471356, 41.419654], [-8.475809, 41.43769], [-8.490887, 41.473787], [-8.517595, 41.51894], [-8.518789, 41.527952], [-8.516926, 41.536951], [-8.511371, 41.545935], [-8.480873, 41.575217], [-8.468833, 41.580704], [-8.444826, 41.582371], [-8.408867, 41.579035], [-8.377093, 41.572308], [-8.350879, 41.563156], [-8.349075, 41.560334], [-8.337053, 41.563246], [-8.300792, 41.58939], [-8.276625, 41.604743], [-8.252487, 41.616609], [-8.240436, 41.6207], [-8.204314, 41.629766], [-8.192309, 41.629738], [-8.178365, 41.616096], [-8.168545, 41.610547], [-8.156579, 41.607778], [-8.14457, 41.608383], [-8.132515, 41.61244], [-8.120386, 41.621762], [-8.112835, 41.633623], [-8.113697, 41.642637], [-8.120023, 41.648478], [-8.131965, 41.653433], [-8.143962, 41.654388], [-8.168036, 41.650132], [-8.179675, 41.652134], [-8.179704, 41.661141], [-8.175014, 41.679122], [-8.175472, 41.697139], [-8.179815, 41.706177], [-8.191217, 41.716972], [-8.203165, 41.722973], [-8.215142, 41.726715], [-8.227155, 41.727578], [-8.239216, 41.724404], [-8.275516, 41.703809], [-8.28757, 41.700601], [-8.299577, 41.701662], [-8.311538, 41.707082], [-8.323466, 41.715777], [-8.331971, 41.725176], [-8.342573, 41.743252], [-8.34828, 41.760105], [-8.352557, 41.755145], [-8.349814, 41.744122], [-8.352516, 41.743441], [-8.353057, 41.739389]], [[-8.25143, 41.707927], [-8.241577, 41.715608], [-8.227229, 41.721359], [-8.2152, 41.721935], [-8.20321, 41.719343], [-8.191267, 41.713037], [-8.183935, 41.706206], [-8.179985, 41.697171], [-8.17958, 41.688161], [-8.182183, 41.679173], [-8.191849, 41.666558], [-8.203942, 41.659952], [-8.215994, 41.656554], [-8.228009, 41.656152], [-8.239997, 41.658101], [-8.251951, 41.662947], [-8.261958, 41.670706], [-8.266006, 41.679739], [-8.264841, 41.688738], [-8.260839, 41.69772], [-8.25143, 41.707927]], [[-8.156143, 41.64124], [-8.155283, 41.64295], [-8.144042, 41.648312], [-8.132028, 41.648723], [-8.120081, 41.642686], [-8.11755, 41.633659], [-8.124822, 41.624708], [-8.132419, 41.619557], [-8.144432, 41.618838], [-8.156338, 41.624943], [-8.160663, 41.633982], [-8.156143, 41.64124]], [[-8.673215, 41.492179], [-8.661245, 41.490226], [-8.650624, 41.483391], [-8.647596, 41.474374], [-8.652186, 41.465381], [-8.661409, 41.458776], [-8.673391, 41.457135], [-8.685347, 41.460625], [-8.691151, 41.465492], [-8.694738, 41.474509], [-8.69168, 41.483508], [-8.685215, 41.488012], [-8.673215, 41.492179]], [[-8.661636, 41.414986], [-8.63771, 41.414083], [-8.613814, 41.408108], [-8.580868, 41.393083], [-8.555312, 41.374972], [-8.546677, 41.36593], [-8.542942, 41.356908], [-8.543066, 41.347901], [-8.547407, 41.33891], [-8.557344, 41.329941], [-8.573241, 41.320993], [-8.590468, 41.315215], [-8.614378, 41.312699], [-8.638248, 41.316969], [-8.662082, 41.328814], [-8.676625, 41.339346], [-8.694118, 41.357409], [-8.702395, 41.375446], [-8.702685, 41.384454], [-8.699729, 41.393454], [-8.692609, 41.402443], [-8.685603, 41.407607], [-8.676462, 41.411406], [-8.661636, 41.414986]]], [[[-8.10448, 41.406252], [-8.182707, 41.439087], [-8.206597, 41.443183], [-8.25447, 41.444063], [-8.266422, 41.44574], [-8.278323, 41.452145], [-8.28425, 41.46368], [-8.301637, 41.510941], [-8.313406, 41.531168], [-8.32526, 41.543992], [-8.337157, 41.553065], [-8.34916, 41.551829], [-8.353732, 41.545157], [-8.361268, 41.54], [-8.373399, 41.52522], [-8.381289, 41.50928], [-8.383133, 41.491275], [-8.379604, 41.464234], [-8.374128, 41.449513], [-8.36226, 41.438865], [-8.314545, 41.423218], [-8.309192, 41.418795], [-8.304014, 41.409756], [-8.29991, 41.391716], [-8.297521, 41.364679], [-8.298694, 41.337663], [-8.30182, 41.322453], [-8.301216, 41.319694], [-8.296431, 41.316774], [-8.297618, 41.313846], [-8.295817, 41.310022], [-8.281801, 41.316569], [-8.279132, 41.324451], [-8.275412, 41.324906], [-8.285421, 41.355597], [-8.28796, 41.391643], [-8.283541, 41.409631], [-8.278714, 41.416787], [-8.266652, 41.425348], [-8.260595, 41.4275], [-8.242647, 41.431382], [-8.218697, 41.43247], [-8.194801, 41.429067], [-8.18288, 41.425292], [-8.166763, 41.417852], [-8.140497, 41.399643], [-8.131341, 41.390567], [-8.12167, 41.376993], [-8.119672, 41.376768], [-8.119672, 41.378569], [-8.116683, 41.380144], [-8.117578, 41.386447], [-8.113992, 41.386896], [-8.112795, 41.390723], [-8.110105, 41.390947], [-8.108011, 41.393648], [-8.103827, 41.392972], [-8.105321, 41.394998], [-8.10263, 41.396123], [-8.107412, 41.39815], [-8.108606, 41.401976], [-8.10448, 41.406252]], [[-8.372608, 41.509233], [-8.361457, 41.520744], [-8.34942, 41.525924], [-8.337426, 41.526683], [-8.325469, 41.523865], [-8.313575, 41.515236], [-8.303146, 41.499825], [-8.299552, 41.490796], [-8.29699, 41.472766], [-8.298621, 41.463768], [-8.302221, 41.456491], [-8.314292, 41.447185], [-8.32629, 41.444634], [-8.33826, 41.444807], [-8.350207, 41.447228], [-8.364255, 41.455142], [-8.37395, 41.468027], [-8.377841, 41.482239], [-8.376808, 41.500248], [-8.372608, 41.509233]]], [[[-7.728492, 41.811613], [-7.748327, 41.810369], [-7.792948, 41.80048], [-7.817007, 41.801252], [-7.829065, 41.80012], [-7.865316, 41.79217], [-7.87736, 41.79167], [-7.90138, 41.794638], [-7.913438, 41.79331], [-7.92266, 41.785116], [-7.93773, 41.779937], [-7.949764, 41.779884], [-7.968732, 41.785539], [-7.97365, 41.791176], [-7.980507, 41.794651], [-7.985552, 41.799629], [-7.997545, 41.802461], [-8.009608, 41.800763], [-8.021753, 41.793706], [-8.033989, 41.780379], [-8.043949, 41.759169], [-8.044135, 41.741156], [-8.03997, 41.732115], [-8.022928, 41.716305], [-8.011028, 41.708367], [-8.0021, 41.704771], [-7.989536, 41.695654], [-7.982451, 41.686585], [-7.974302, 41.668499], [-7.960981, 41.659372], [-7.939862, 41.650362], [-7.9279, 41.647488], [-7.915891, 41.64755], [-7.903808, 41.651922], [-7.899537, 41.656543], [-7.902319, 41.659925], [-7.899913, 41.66127], [-7.900198, 41.665547], [-7.898396, 41.665769], [-7.896885, 41.668692], [-7.89083, 41.669805], [-7.882388, 41.694662], [-7.874323, 41.712597], [-7.866503, 41.724772], [-7.854388, 41.72995], [-7.830291, 41.732666], [-7.806257, 41.731912], [-7.79252, 41.729781], [-7.776044, 41.724877], [-7.773485, 41.727345], [-7.769299, 41.72373], [-7.765698, 41.723044], [-7.763888, 41.724389], [-7.761765, 41.727758], [-7.762933, 41.733839], [-7.759307, 41.737203], [-7.759597, 41.739005], [-7.75689, 41.739446], [-7.758687, 41.740577], [-7.757758, 41.745301], [-7.749323, 41.748649], [-7.746895, 41.752562], [-7.760596, 41.756461], [-7.778292, 41.765658], [-7.779241, 41.774675], [-7.775153, 41.783638], [-7.767059, 41.792558], [-7.756869, 41.798833], [-7.744752, 41.80296], [-7.727044, 41.80269], [-7.728492, 41.811613]], [[-7.901562, 41.783994], [-7.889488, 41.786321], [-7.85333, 41.789407], [-7.82926, 41.789382], [-7.810442, 41.784009], [-7.794898, 41.77484], [-7.793481, 41.772037], [-7.785187, 41.765731], [-7.791402, 41.756789], [-7.801102, 41.747884], [-7.822394, 41.739098], [-7.854336, 41.732886], [-7.866436, 41.728586], [-7.891157, 41.689343], [-7.903305, 41.681566], [-7.915359, 41.67924], [-7.92735, 41.680662], [-7.939825, 41.6862], [-7.965032, 41.704443], [-7.974969, 41.70835], [-7.998971, 41.710789], [-8.010941, 41.714052], [-8.022876, 41.719691], [-8.03478, 41.732071], [-8.037767, 41.741103], [-8.034402, 41.752823], [-8.022191, 41.764861], [-8.010086, 41.769757], [-7.973903, 41.775329], [-7.925761, 41.776133], [-7.901562, 41.783994]]], [[[-8.043801, 41.660091], [-8.042139, 41.65107], [-8.036025, 41.644271], [-8.024096, 41.639022], [-8.012101, 41.638262], [-7.999162, 41.641697], [-7.987068, 41.650598], [-7.980816, 41.659549], [-7.987821, 41.668618], [-7.999549, 41.673457], [-8.011529, 41.675616], [-8.02355, 41.675172], [-8.035629, 41.670795], [-8.043801, 41.660091]], [[-8.035767, 41.661556], [-8.023639, 41.669286], [-8.01172, 41.663142], [-8.008878, 41.659795], [-8.016826, 41.650856], [-8.023945, 41.649002], [-8.035828, 41.657435], [-8.035767, 41.661556]]], [[[-8.07528, 41.568015], [-8.121048, 41.572992], [-8.145055, 41.571633], [-8.157114, 41.566705], [-8.162144, 41.561936], [-8.166811, 41.552962], [-8.168147, 41.543965], [-8.16529, 41.525929], [-8.160129, 41.516885], [-8.145895, 41.507818], [-8.098068, 41.500355], [-8.07205, 41.494638], [-8.078332, 41.500331], [-8.08372, 41.502325], [-8.109989, 41.504758], [-8.133882, 41.510087], [-8.146571, 41.516785], [-8.153057, 41.52584], [-8.154419, 41.534857], [-8.152407, 41.54385], [-8.145538, 41.552806], [-8.133214, 41.560144], [-8.121181, 41.563173], [-8.109175, 41.564124], [-8.097191, 41.563493], [-8.080681, 41.560306], [-8.081576, 41.565157], [-8.078879, 41.56493], [-8.07528, 41.568015]]], [[[-8.686542, 41.211985], [-8.698476, 41.210787], [-8.709516, 41.204316], [-8.710442, 41.202251], [-8.712883, 41.195317], [-8.710504, 41.188209], [-8.698617, 41.179995], [-8.686696, 41.17955], [-8.674746, 41.185156], [-8.670027, 41.195202], [-8.672338, 41.204217], [-8.686542, 41.211985]]]]}}, {"id": "4", "type": "Feature", "properties": {"fill": "#c93e18", "value_min": -2.0, "value_max": -1.75}, "geometry": {"type": "MultiPolygon", "coordinates": [[[[-8.34828, 41.760105], [-8.342573, 41.743252], [-8.331971, 41.725176], [-8.323466, 41.715777], [-8.311538, 41.707082], [-8.299577, 41.701662], [-8.28757, 41.700601], [-8.275516, 41.703809], [-8.239216, 41.724404], [-8.227155, 41.727578], [-8.215142, 41.726715], [-8.203165, 41.722973], [-8.191217, 41.716972], [-8.179815, 41.706177], [-8.175472, 41.697139], [-8.175014, 41.679122], [-8.179704, 41.661141], [-8.179675, 41.652134], [-8.168036, 41.650132], [-8.143962, 41.654388], [-8.131965, 41.653433], [-8.120023, 41.648478], [-8.113697, 41.642637], [-8.112835, 41.633623], [-8.120386, 41.621762], [-8.132515, 41.61244], [-8.14457, 41.608383], [-8.156579, 41.607778], [-8.168545, 41.610547], [-8.178365, 41.616096], [-8.192309, 41.629738], [-8.204314, 41.629766], [-8.240436, 41.6207], [-8.252487, 41.616609], [-8.276625, 41.604743], [-8.300792, 41.58939], [-8.337053, 41.563246], [-8.349075, 41.560334], [-8.350879, 41.563156], [-8.377093, 41.572308], [-8.408867, 41.579035], [-8.444826, 41.582371], [-8.468833, 41.580704], [-8.480873, 41.575217], [-8.511371, 41.545935], [-8.516926, 41.536951], [-8.518789, 41.527952], [-8.517595, 41.51894], [-8.490887, 41.473787], [-8.475809, 41.43769], [-8.471356, 41.419654], [-8.472228, 41.401643], [-8.481997, 41.365657], [-8.481971, 41.356649], [-8.479538, 41.347631], [-8.474055, 41.338598], [-8.456417, 41.320501], [-8.422038, 41.297153], [-8.421756, 41.30077], [-8.416982, 41.301232], [-8.407744, 41.304856], [-8.406262, 41.307335], [-8.402979, 41.307568], [-8.401801, 41.311398], [-8.399712, 41.311628], [-8.400316, 41.313202], [-8.396738, 41.314336], [-8.398834, 41.315906], [-8.397054, 41.318536], [-8.416895, 41.329315], [-8.426902, 41.338373], [-8.433435, 41.347413], [-8.437645, 41.356441], [-8.440103, 41.374469], [-8.430876, 41.410454], [-8.432962, 41.419471], [-8.458009, 41.440268], [-8.469855, 41.455481], [-8.474759, 41.464707], [-8.479386, 41.482743], [-8.477402, 41.491742], [-8.469485, 41.50098], [-8.466555, 41.509707], [-8.472662, 41.518742], [-8.492736, 41.52784], [-8.499923, 41.536879], [-8.498216, 41.545879], [-8.480944, 41.566323], [-8.468891, 41.573581], [-8.456871, 41.576521], [-8.432889, 41.575557], [-8.419617, 41.572531], [-8.399797, 41.563422], [-8.390452, 41.554365], [-8.386934, 41.545339], [-8.390543, 41.509329], [-8.386878, 41.47328], [-8.391137, 41.437273], [-8.38509, 41.428233], [-8.338556, 41.415646], [-8.326655, 41.40934], [-8.317761, 41.400831], [-8.309536, 41.382767], [-8.30825, 41.364744], [-8.312484, 41.346754], [-8.318115, 41.336774], [-8.313802, 41.336331], [-8.31139, 41.328007], [-8.307502, 41.325762], [-8.303622, 41.326443], [-8.30182, 41.322453], [-8.298694, 41.337663], [-8.297521, 41.364679], [-8.29991, 41.391716], [-8.304014, 41.409756], [-8.309192, 41.418795], [-8.314545, 41.423218], [-8.36226, 41.438865], [-8.374128, 41.449513], [-8.379604, 41.464234], [-8.383133, 41.491275], [-8.381289, 41.50928], [-8.373399, 41.52522], [-8.361268, 41.54], [-8.353732, 41.545157], [-8.34916, 41.551829], [-8.337157, 41.553065], [-8.32526, 41.543992], [-8.313406, 41.531168], [-8.301637, 41.510941], [-8.28425, 41.46368], [-8.278323, 41.452145], [-8.266422, 41.44574], [-8.25447, 41.444063], [-8.206597, 41.443183], [-8.182707, 41.439087], [-8.10448, 41.406252], [-8.102025, 41.411204], [-8.092756, 41.411201], [-8.09126, 41.414352], [-8.081986, 41.4193], [-8.078697, 41.419524], [-8.077503, 41.416597], [-8.070923, 41.41862], [-8.066739, 41.416142], [-8.061654, 41.417489], [-8.059852, 41.424916], [-8.055959, 41.429415], [-8.05745, 41.432793], [-8.056549, 41.436394], [-8.068546, 41.44608], [-8.074955, 41.440666], [-8.086998, 41.435442], [-8.099, 41.433074], [-8.110972, 41.432874], [-8.134848, 41.437504], [-8.182472, 41.457826], [-8.194438, 41.458437], [-8.230389, 41.455868], [-8.254308, 41.458224], [-8.266222, 41.463572], [-8.276152, 41.472636], [-8.28692, 41.490718], [-8.293949, 41.508777], [-8.297762, 41.526815], [-8.297496, 41.53582], [-8.294683, 41.54481], [-8.287878, 41.553776], [-8.277104, 41.561827], [-8.265049, 41.567317], [-8.253022, 41.570166], [-8.241017, 41.571138], [-8.229029, 41.570542], [-8.217066, 41.568016], [-8.205145, 41.562055], [-8.193284, 41.55145], [-8.169873, 41.506811], [-8.157976, 41.500219], [-8.122021, 41.501073], [-8.102292, 41.498433], [-8.078442, 41.489237], [-8.067872, 41.480488], [-8.066069, 41.48817], [-8.072054, 41.490199], [-8.07205, 41.494638], [-8.098068, 41.500355], [-8.145895, 41.507818], [-8.160129, 41.516885], [-8.16529, 41.525929], [-8.168147, 41.543965], [-8.166811, 41.552962], [-8.162144, 41.561936], [-8.157114, 41.566705], [-8.145055, 41.571633], [-8.121048, 41.572992], [-8.07528, 41.568015], [-8.069883, 41.570103], [-8.068081, 41.573478], [-8.058484, 41.578435], [-8.073, 41.577791], [-8.096967, 41.579548], [-8.108928, 41.58208], [-8.124318, 41.588675], [-8.129629, 41.597723], [-8.127192, 41.606712], [-8.108069, 41.633586], [-8.106879, 41.642584], [-8.115288, 41.651656], [-8.119943, 41.654309], [-8.131895, 41.658651], [-8.15585, 41.663673], [-8.163866, 41.670034], [-8.174578, 41.70614], [-8.182445, 41.715203], [-8.191165, 41.721154], [-8.215068, 41.732809], [-8.227055, 41.73592], [-8.239106, 41.733693], [-8.2633, 41.720994], [-8.275374, 41.716437], [-8.287416, 41.714572], [-8.299419, 41.716177], [-8.311389, 41.721039], [-8.325522, 41.734146], [-8.333304, 41.752205], [-8.333874, 41.763058], [-8.336653, 41.763728], [-8.341756, 41.761468], [-8.344765, 41.762363], [-8.34828, 41.760105]]], [[[-7.729952, 41.818708], [-7.780653, 41.814064], [-7.816669, 41.819635], [-7.828736, 41.818171], [-7.847522, 41.8024], [-7.865235, 41.79675], [-7.877276, 41.796459], [-7.8955, 41.802872], [-7.90266, 41.811947], [-7.904618, 41.820972], [-7.901535, 41.82995], [-7.895733, 41.838901], [-7.882253, 41.854123], [-7.888076, 41.855486], [-7.891675, 41.859094], [-7.898893, 41.86136], [-7.902203, 41.861591], [-7.904318, 41.859795], [-7.907309, 41.865203], [-7.906095, 41.868126], [-7.910299, 41.871285], [-7.909985, 41.875111], [-7.915391, 41.879397], [-7.921118, 41.877833], [-7.928044, 41.87807], [-7.935283, 41.874707], [-7.937389, 41.87516], [-7.941618, 41.870891], [-7.951254, 41.871132], [-7.956367, 41.87339], [-7.956362, 41.875191], [-7.960878, 41.875648], [-7.962086, 41.874074], [-7.973828, 41.875216], [-7.987996, 41.869157], [-7.990123, 41.860157], [-7.995547, 41.858138], [-7.994047, 41.855211], [-7.996162, 41.851837], [-8.003089, 41.850494], [-8.005804, 41.847346], [-8.007928, 41.838796], [-8.012753, 41.833624], [-8.013363, 41.829124], [-8.017873, 41.831379], [-8.02901, 41.829589], [-8.037134, 41.831171], [-8.041351, 41.828023], [-8.041054, 41.825097], [-8.045268, 41.824425], [-8.046775, 41.821951], [-8.056712, 41.81588], [-8.06664, 41.817012], [-8.072961, 41.813414], [-8.077775, 41.813641], [-8.079448, 41.812292], [-8.069922, 41.791924], [-8.06023, 41.759303], [-8.052655, 41.741227], [-8.045161, 41.732158], [-8.013994, 41.704874], [-8.009005, 41.695824], [-8.012271, 41.686845], [-8.035546, 41.676334], [-8.045592, 41.669113], [-8.051342, 41.660153], [-8.052056, 41.651152], [-8.04743, 41.642107], [-8.017659, 41.614835], [-8.01492, 41.603373], [-8.005971, 41.60629], [-8.003562, 41.611239], [-7.998761, 41.612809], [-7.999669, 41.608759], [-7.996976, 41.605829], [-7.996684, 41.602003], [-7.984685, 41.603564], [-7.982292, 41.60086], [-7.975689, 41.603552], [-7.974482, 41.606701], [-7.970882, 41.607147], [-7.969091, 41.603768], [-7.965796, 41.602413], [-7.9541, 41.602846], [-7.952606, 41.600592], [-7.947808, 41.60081], [-7.945413, 41.599456], [-7.942725, 41.595625], [-7.936132, 41.594488], [-7.93791, 41.601694], [-7.937004, 41.603718], [-7.931604, 41.604384], [-7.930979, 41.612711], [-7.925556, 41.620354], [-7.920755, 41.620796], [-7.917748, 41.623041], [-7.915933, 41.627764], [-7.913229, 41.628885], [-7.912613, 41.63361], [-7.906014, 41.633147], [-7.906884, 41.641927], [-7.897869, 41.645511], [-7.89696, 41.647985], [-7.892759, 41.647976], [-7.892145, 41.651576], [-7.899537, 41.656543], [-7.903808, 41.651922], [-7.915891, 41.64755], [-7.9279, 41.647488], [-7.939862, 41.650362], [-7.960981, 41.659372], [-7.974302, 41.668499], [-7.982451, 41.686585], [-7.989536, 41.695654], [-8.0021, 41.704771], [-8.011028, 41.708367], [-8.022928, 41.716305], [-8.03997, 41.732115], [-8.044135, 41.741156], [-8.043949, 41.759169], [-8.033989, 41.780379], [-8.021753, 41.793706], [-8.009608, 41.800763], [-7.997545, 41.802461], [-7.985552, 41.799629], [-7.980507, 41.794651], [-7.97365, 41.791176], [-7.968732, 41.785539], [-7.949764, 41.779884], [-7.93773, 41.779937], [-7.92266, 41.785116], [-7.913438, 41.79331], [-7.90138, 41.794638], [-7.87736, 41.79167], [-7.865316, 41.79217], [-7.829065, 41.80012], [-7.817007, 41.801252], [-7.792948, 41.80048], [-7.748327, 41.810369], [-7.728492, 41.811613], [-7.729952, 41.818708]], [[-7.937403, 41.799776], [-7.932562, 41.794215], [-7.936147, 41.785242], [-7.952193, 41.785389], [-7.955684, 41.794428], [-7.94943, 41.800374], [-7.937403, 41.799776]], [[-8.043801, 41.660091], [-8.035629, 41.670795], [-8.02355, 41.675172], [-8.011529, 41.675616], [-7.999549, 41.673457], [-7.987821, 41.668618], [-7.980816, 41.659549], [-7.987068, 41.650598], [-7.999162, 41.641697], [-8.012101, 41.638262], [-8.024096, 41.639022], [-8.036025, 41.644271], [-8.042139, 41.65107], [-8.043801, 41.660091]]], [[[-7.776044, 41.724877], [-7.79252, 41.729781], [-7.806257, 41.731912], [-7.830291, 41.732666], [-7.854388, 41.72995], [-7.866503, 41.724772], [-7.874323, 41.712597], [-7.882388, 41.694662], [-7.89083, 41.669805], [-7.883969, 41.67069], [-7.879755, 41.673607], [-7.877044, 41.676077], [-7.875629, 41.682151], [-7.877451, 41.694614], [-7.872302, 41.712578], [-7.866568, 41.721065], [-7.854433, 41.72743], [-7.842387, 41.728693], [-7.830376, 41.727988], [-7.818401, 41.72532], [-7.807595, 41.720931], [-7.799395, 41.714593], [-7.79788, 41.716164], [-7.796383, 41.71526], [-7.790966, 41.717044], [-7.789449, 41.719966], [-7.78464, 41.720402], [-7.78252, 41.723546], [-7.776044, 41.724877]]], [[[-8.673215, 41.492179], [-8.685215, 41.488012], [-8.69168, 41.483508], [-8.694738, 41.474509], [-8.691151, 41.465492], [-8.685347, 41.460625], [-8.673391, 41.457135], [-8.661409, 41.458776], [-8.652186, 41.465381], [-8.647596, 41.474374], [-8.650624, 41.483391], [-8.661245, 41.490226], [-8.673215, 41.492179]]], [[[-8.661636, 41.414986], [-8.676462, 41.411406], [-8.685603, 41.407607], [-8.692609, 41.402443], [-8.699729, 41.393454], [-8.702685, 41.384454], [-8.702395, 41.375446], [-8.694118, 41.357409], [-8.676625, 41.339346], [-8.662082, 41.328814], [-8.638248, 41.316969], [-8.614378, 41.312699], [-8.590468, 41.315215], [-8.573241, 41.320993], [-8.557344, 41.329941], [-8.547407, 41.33891], [-8.543066, 41.347901], [-8.542942, 41.356908], [-8.546677, 41.36593], [-8.555312, 41.374972], [-8.580868, 41.393083], [-8.613814, 41.408108], [-8.63771, 41.414083], [-8.661636, 41.414986]], [[-8.649743, 41.401572], [-8.625819, 41.401053], [-8.613873, 41.398173], [-8.601941, 41.39321], [-8.590024, 41.38597], [-8.578496, 41.375059], [-8.572934, 41.366031], [-8.571176, 41.357016], [-8.572837, 41.348015], [-8.57877, 41.339029], [-8.590064, 41.330062], [-8.602357, 41.324873], [-8.614319, 41.322583], [-8.626269, 41.322506], [-8.638206, 41.32449], [-8.650133, 41.32878], [-8.667254, 41.339319], [-8.676825, 41.348354], [-8.682908, 41.357379], [-8.685762, 41.366394], [-8.685703, 41.375401], [-8.682109, 41.384399], [-8.672693, 41.39338], [-8.66172, 41.398885], [-8.649743, 41.401572]]]]}}, {"id": "0", "type": "Feature", "properties": {"fill": "#861d1d", "value_min": -3.0, "value_max": -2.75}, "geometry": {"type": "MultiPolygon", "coordinates": [[[[-7.800648, 41.874174], [-7.801587, 41.864977], [-7.799606, 41.85595], [-7.793692, 41.846881], [-7.781429, 41.837745], [-7.768245, 41.833305], [-7.756219, 41.832443], [-7.742343, 41.833929], [-7.74729, 41.837772], [-7.746349, 41.84407], [-7.750246, 41.846784], [-7.750532, 41.849261], [-7.743309, 41.849012], [-7.746901, 41.8524], [-7.746881, 41.855776], [-7.73843, 41.859348], [-7.734159, 41.868337], [-7.730228, 41.871024], [-7.729293, 41.875972], [-7.720533, 41.880218], [-7.720523, 41.881793], [-7.725335, 41.882935], [-7.726208, 41.887665], [-7.737044, 41.888828], [-7.73944, 41.891087], [-7.74246, 41.889747], [-7.742785, 41.885922], [-7.756022, 41.888441], [-7.758719, 41.890926], [-7.756592, 41.89407], [-7.758076, 41.897901], [-7.764097, 41.898595], [-7.779227, 41.886264], [-7.785257, 41.885157], [-7.788886, 41.882467], [-7.794309, 41.882033], [-7.796739, 41.878214], [-7.794954, 41.873932], [-7.800648, 41.874174]]], [[[-8.190735, 41.75539], [-8.193195, 41.751307], [-8.193079, 41.742299], [-8.185565, 41.733239], [-8.179041, 41.729186], [-8.16189, 41.724062], [-8.156896, 41.715018], [-8.155205, 41.705999], [-8.143485, 41.690348], [-8.131578, 41.682176], [-8.095783, 41.66437], [-8.083774, 41.664199], [-8.074149, 41.669346], [-8.065841, 41.678286], [-8.059485, 41.682445], [-8.047407, 41.686726], [-8.033204, 41.69603], [-8.031292, 41.705021], [-8.035036, 41.710448], [-8.046927, 41.719206], [-8.058884, 41.723638], [-8.082957, 41.721703], [-8.094953, 41.723626], [-8.130817, 41.738755], [-8.139284, 41.750916], [-8.148948, 41.759995], [-8.154548, 41.763078], [-8.166543, 41.765855], [-8.178593, 41.764311], [-8.190735, 41.75539]]], [[[-8.289209, 41.756826], [-8.296331, 41.751985], [-8.292469, 41.742954], [-8.287127, 41.740675], [-8.27711, 41.742858], [-8.273079, 41.75184], [-8.274948, 41.754345], [-8.284931, 41.757701], [-8.289209, 41.756826]]], [[[-7.828225, 41.709046], [-7.830645, 41.713157], [-7.842571, 41.718404], [-7.8546, 41.717996], [-7.864398, 41.7125], [-7.866756, 41.71034], [-7.868663, 41.703535], [-7.866974, 41.69796], [-7.853872, 41.688902], [-7.847538, 41.695365], [-7.837309, 41.699391], [-7.835792, 41.702763], [-7.839682, 41.705924], [-7.838465, 41.709522], [-7.832453, 41.710407], [-7.828225, 41.709046]]], [[[-8.102858, 41.615531], [-8.099704, 41.6065], [-8.096627, 41.60397], [-8.084652, 41.602164], [-8.075, 41.606303], [-8.069702, 41.615268], [-8.075066, 41.624318], [-8.084279, 41.628502], [-8.096321, 41.625888], [-8.102858, 41.615531]]], [[[-8.47577, 41.545779], [-8.474646, 41.536766], [-8.457295, 41.52586], [-8.445327, 41.523722], [-8.433552, 41.527564], [-8.425103, 41.536529], [-8.424678, 41.545534], [-8.429404, 41.554565], [-8.43305, 41.557171], [-8.445006, 41.561269], [-8.457, 41.561196], [-8.469025, 41.557215], [-8.471994, 41.554769], [-8.47577, 41.545779]]], [[[-8.273478, 41.517656], [-8.274292, 41.508654], [-8.27241, 41.499635], [-8.26592, 41.490286], [-8.254015, 41.483779], [-8.242064, 41.481452], [-8.230069, 41.482949], [-8.218024, 41.488483], [-8.209221, 41.499218], [-8.208148, 41.508218], [-8.209925, 41.517237], [-8.217564, 41.526669], [-8.229472, 41.533293], [-8.241436, 41.53533], [-8.253438, 41.534008], [-8.265486, 41.528677], [-8.273478, 41.517656]]], [[[-8.445589, 41.493022], [-8.451138, 41.482612], [-8.449631, 41.473597], [-8.445797, 41.468704], [-8.433882, 41.461739], [-8.421912, 41.461183], [-8.409889, 41.466626], [-8.404521, 41.473373], [-8.403351, 41.482374], [-8.405634, 41.491393], [-8.40962, 41.496293], [-8.42155, 41.501955], [-8.433542, 41.500812], [-8.445589, 41.493022]]], [[[-8.129648, 41.480629], [-8.122423, 41.47128], [-8.11045, 41.471091], [-8.103184, 41.480425], [-8.109928, 41.489485], [-8.122174, 41.489747], [-8.129648, 41.480629]]], [[[-8.386573, 41.374196], [-8.383891, 41.365174], [-8.375008, 41.357777], [-8.363079, 41.355033], [-8.351099, 41.357591], [-8.342216, 41.364943], [-8.339166, 41.373933], [-8.343468, 41.382965], [-8.350793, 41.388358], [-8.362727, 41.391076], [-8.374715, 41.388382], [-8.382227, 41.38318], [-8.386573, 41.374196]]], [[[-8.649897, 41.372836], [-8.654887, 41.366306], [-8.654872, 41.357298], [-8.646928, 41.348266], [-8.638095, 41.344629], [-8.626143, 41.344474], [-8.616875, 41.34817], [-8.609673, 41.357153], [-8.610362, 41.366163], [-8.614035, 41.370775], [-8.625953, 41.37764], [-8.637909, 41.378136], [-8.649897, 41.372836]]]]}}, {"id": "1", "type": "Feature", "properties": {"fill": "#951d1d", "value_min": -2.75, "value_max": -2.5}, "geometry": {"type": "MultiPolygon", "coordinates": [[[[-7.813898, 41.873311], [-7.811083, 41.856069], [-7.805191, 41.847001], [-7.792283, 41.835857], [-7.780343, 41.830424], [-7.768349, 41.827868], [-7.756318, 41.827325], [-7.739516, 41.829267], [-7.742343, 41.833929], [-7.756219, 41.832443], [-7.768245, 41.833305], [-7.781429, 41.837745], [-7.793692, 41.846881], [-7.799606, 41.85595], [-7.801587, 41.864977], [-7.800648, 41.874174], [-7.804288, 41.874184], [-7.804914, 41.869459], [-7.813898, 41.873311]]], [[[-8.178419, 41.777975], [-8.190506, 41.773622], [-8.196252, 41.769342], [-8.202994, 41.760382], [-8.204752, 41.751387], [-8.201802, 41.74236], [-8.194414, 41.733301], [-8.167199, 41.715108], [-8.155489, 41.691297], [-8.143476, 41.678891], [-8.095894, 41.656394], [-8.083907, 41.654778], [-8.071817, 41.660402], [-8.05337, 41.678184], [-8.035378, 41.687583], [-8.026862, 41.695977], [-8.026658, 41.704982], [-8.03303, 41.714043], [-8.046854, 41.72418], [-8.091628, 41.741542], [-8.142367, 41.774433], [-8.154352, 41.778027], [-8.166367, 41.779401], [-8.178419, 41.777975]], [[-8.190735, 41.75539], [-8.178593, 41.764311], [-8.166543, 41.765855], [-8.154548, 41.763078], [-8.148948, 41.759995], [-8.139284, 41.750916], [-8.130817, 41.738755], [-8.094953, 41.723626], [-8.082957, 41.721703], [-8.058884, 41.723638], [-8.046927, 41.719206], [-8.035036, 41.710448], [-8.031292, 41.705021], [-8.033204, 41.69603], [-8.047407, 41.686726], [-8.059485, 41.682445], [-8.065841, 41.678286], [-8.074149, 41.669346], [-8.083774, 41.664199], [-8.095783, 41.66437], [-8.131578, 41.682176], [-8.143485, 41.690348], [-8.155205, 41.705999], [-8.156896, 41.715018], [-8.16189, 41.724062], [-8.179041, 41.729186], [-8.185565, 41.733239], [-8.193079, 41.742299], [-8.193195, 41.751307], [-8.190735, 41.75539]]], [[[-8.307234, 41.758825], [-8.310137, 41.752068], [-8.307904, 41.743048], [-8.299216, 41.734872], [-8.287228, 41.731547], [-8.275185, 41.733233], [-8.261841, 41.742761], [-8.258322, 41.751746], [-8.261045, 41.76077], [-8.270288, 41.767248], [-8.277073, 41.764088], [-8.280681, 41.764083], [-8.284038, 41.761109], [-8.284931, 41.757701], [-8.274948, 41.754345], [-8.273079, 41.75184], [-8.27711, 41.742858], [-8.287127, 41.740675], [-8.292469, 41.742954], [-8.296331, 41.751985], [-8.289209, 41.756826], [-8.307234, 41.758825]]], [[[-7.821637, 41.711729], [-7.830545, 41.71867], [-7.842492, 41.722836], [-7.854522, 41.72239], [-7.866676, 41.714877], [-7.871054, 41.703558], [-7.869238, 41.694534], [-7.867101, 41.690709], [-7.859764, 41.685941], [-7.857773, 41.689538], [-7.853872, 41.688902], [-7.866974, 41.69796], [-7.868663, 41.703535], [-7.866756, 41.71034], [-7.864398, 41.7125], [-7.8546, 41.717996], [-7.842571, 41.718404], [-7.830645, 41.713157], [-7.828225, 41.709046], [-7.825252, 41.708813], [-7.821637, 41.711729]]], [[[-8.09624, 41.631681], [-8.103448, 41.624543], [-8.109143, 41.61558], [-8.108592, 41.606514], [-8.096728, 41.596699], [-8.084753, 41.595005], [-8.072715, 41.597771], [-8.062026, 41.606198], [-8.059641, 41.615186], [-8.06286, 41.624219], [-8.072217, 41.63253], [-8.084168, 41.63633], [-8.09624, 41.631681]], [[-8.102858, 41.615531], [-8.096321, 41.625888], [-8.084279, 41.628502], [-8.075066, 41.624318], [-8.069702, 41.615268], [-8.075, 41.606303], [-8.084652, 41.602164], [-8.096627, 41.60397], [-8.099704, 41.6065], [-8.102858, 41.615531]]], [[[-8.468984, 41.562273], [-8.478057, 41.554796], [-8.482478, 41.545809], [-8.480158, 41.536791], [-8.457335, 41.521132], [-8.448201, 41.518628], [-8.437535, 41.509568], [-8.445497, 41.50381], [-8.454495, 41.491635], [-8.457975, 41.482644], [-8.457465, 41.473635], [-8.452164, 41.464602], [-8.445878, 41.459158], [-8.433945, 41.45451], [-8.421975, 41.454111], [-8.409965, 41.458202], [-8.403396, 41.464359], [-8.398198, 41.47334], [-8.397141, 41.482342], [-8.399276, 41.49136], [-8.405376, 41.500399], [-8.409537, 41.505417], [-8.418377, 41.509473], [-8.426237, 41.51852], [-8.421364, 41.522853], [-8.415362, 41.53648], [-8.415307, 41.545487], [-8.420226, 41.554519], [-8.43323, 41.563591], [-8.44496, 41.566717], [-8.456955, 41.566549], [-8.468984, 41.562273]], [[-8.47577, 41.545779], [-8.471994, 41.554769], [-8.469025, 41.557215], [-8.457, 41.561196], [-8.445006, 41.561269], [-8.43305, 41.557171], [-8.429404, 41.554565], [-8.424678, 41.545534], [-8.425103, 41.536529], [-8.433552, 41.527564], [-8.445327, 41.523722], [-8.457295, 41.52586], [-8.474646, 41.536766], [-8.47577, 41.545779]], [[-8.445589, 41.493022], [-8.433542, 41.500812], [-8.42155, 41.501955], [-8.40962, 41.496293], [-8.405634, 41.491393], [-8.403351, 41.482374], [-8.404521, 41.473373], [-8.409889, 41.466626], [-8.421912, 41.461183], [-8.433882, 41.461739], [-8.445797, 41.468704], [-8.449631, 41.473597], [-8.451138, 41.482612], [-8.445589, 41.493022]]], [[[-8.277218, 41.526687], [-8.281018, 41.517704], [-8.281341, 41.508699], [-8.278877, 41.499676], [-8.273415, 41.490634], [-8.266001, 41.483128], [-8.254095, 41.476858], [-8.242143, 41.47472], [-8.230158, 41.475367], [-8.214, 41.481236], [-8.203621, 41.490172], [-8.199168, 41.499148], [-8.198446, 41.508151], [-8.2006, 41.517173], [-8.206076, 41.526218], [-8.21745, 41.536134], [-8.229377, 41.5413], [-8.241347, 41.542939], [-8.253347, 41.541968], [-8.265386, 41.53751], [-8.277218, 41.526687]], [[-8.273478, 41.517656], [-8.265486, 41.528677], [-8.253438, 41.534008], [-8.241436, 41.53533], [-8.229472, 41.533293], [-8.217564, 41.526669], [-8.209925, 41.517237], [-8.208148, 41.508218], [-8.209221, 41.499218], [-8.218024, 41.488483], [-8.230069, 41.482949], [-8.242064, 41.481452], [-8.254015, 41.483779], [-8.26592, 41.490286], [-8.27241, 41.499635], [-8.274292, 41.508654], [-8.273478, 41.517656]]], [[[-8.141394, 41.480717], [-8.139447, 41.471695], [-8.134461, 41.466591], [-8.122561, 41.461064], [-8.11059, 41.460867], [-8.098539, 41.466362], [-8.094205, 41.471348], [-8.092872, 41.480344], [-8.099758, 41.489406], [-8.110147, 41.493264], [-8.122118, 41.493888], [-8.134148, 41.490122], [-8.141394, 41.480717]], [[-8.129648, 41.480629], [-8.122174, 41.489747], [-8.109928, 41.489485], [-8.103184, 41.480425], [-8.11045, 41.471091], [-8.122423, 41.47128], [-8.129648, 41.480629]]], [[[-8.397395, 41.38326], [-8.400341, 41.374268], [-8.399199, 41.365255], [-8.393698, 41.356218], [-8.387029, 41.35067], [-8.379384, 41.347134], [-8.363186, 41.344086], [-8.351214, 41.346036], [-8.339198, 41.352212], [-8.335407, 41.355896], [-8.329875, 41.364872], [-8.328564, 41.373872], [-8.331184, 41.382895], [-8.338796, 41.391951], [-8.350698, 41.397908], [-8.362642, 41.399826], [-8.374616, 41.398699], [-8.389204, 41.392225], [-8.397395, 41.38326]], [[-8.386573, 41.374196], [-8.382227, 41.38318], [-8.374715, 41.388382], [-8.362727, 41.391076], [-8.350793, 41.388358], [-8.343468, 41.382965], [-8.339166, 41.373933], [-8.342216, 41.364943], [-8.351099, 41.357591], [-8.363079, 41.355033], [-8.375008, 41.357777], [-8.383891, 41.365174], [-8.386573, 41.374196]]], [[[-8.649843, 41.38287], [-8.660644, 41.37533], [-8.665144, 41.366336], [-8.664401, 41.357326], [-8.658453, 41.348301], [-8.650062, 41.342056], [-8.638134, 41.33761], [-8.626186, 41.336941], [-8.614217, 41.339862], [-8.602821, 41.348122], [-8.598535, 41.357115], [-8.599347, 41.366126], [-8.60543, 41.375154], [-8.613974, 41.381154], [-8.625909, 41.385284], [-8.637867, 41.385839], [-8.649843, 41.38287]], [[-8.649897, 41.372836], [-8.637909, 41.378136], [-8.625953, 41.37764], [-8.614035, 41.370775], [-8.610362, 41.366163], [-8.609673, 41.357153], [-8.616875, 41.34817], [-8.626143, 41.344474], [-8.638095, 41.344629], [-8.646928, 41.348266], [-8.654872, 41.357298], [-8.654887, 41.366306], [-8.649897, 41.372836]]]]}}, {"id": "3", "type": "Feature", "properties": {"fill": "#b11c1c", "value_min": -2.25, "value_max": -2.0}, "geometry": {"type": "MultiPolygon", "coordinates": [[[[-7.882253, 41.854123], [-7.895733, 41.838901], [-7.901535, 41.82995], [-7.904618, 41.820972], [-7.90266, 41.811947], [-7.8955, 41.802872], [-7.877276, 41.796459], [-7.865235, 41.79675], [-7.847522, 41.8024], [-7.828736, 41.818171], [-7.816669, 41.819635], [-7.780653, 41.814064], [-7.729952, 41.818708], [-7.732041, 41.821514], [-7.738647, 41.823763], [-7.768467, 41.821707], [-7.780485, 41.822949], [-7.798709, 41.82892], [-7.813637, 41.838082], [-7.823025, 41.847185], [-7.831874, 41.865289], [-7.833509, 41.874263], [-7.838021, 41.872924], [-7.842528, 41.875187], [-7.841663, 41.866632], [-7.848912, 41.861698], [-7.858542, 41.862622], [-7.859456, 41.860148], [-7.865481, 41.859262], [-7.87033, 41.851395], [-7.873043, 41.850501], [-7.873066, 41.844875], [-7.879056, 41.85254], [-7.882253, 41.854123]], [[-7.864679, 41.82822], [-7.853528, 41.820474], [-7.852769, 41.81146], [-7.862699, 41.802551], [-7.877186, 41.801655], [-7.880146, 41.802723], [-7.889004, 41.811816], [-7.886545, 41.820799], [-7.876729, 41.827777], [-7.864679, 41.82822]]], [[[-8.333874, 41.763058], [-8.333304, 41.752205], [-8.325522, 41.734146], [-8.311389, 41.721039], [-8.299419, 41.716177], [-8.287416, 41.714572], [-8.275374, 41.716437], [-8.2633, 41.720994], [-8.239106, 41.733693], [-8.227055, 41.73592], [-8.215068, 41.732809], [-8.191165, 41.721154], [-8.182445, 41.715203], [-8.174578, 41.70614], [-8.163866, 41.670034], [-8.15585, 41.663673], [-8.131895, 41.658651], [-8.119943, 41.654309], [-8.115288, 41.651656], [-8.106879, 41.642584], [-8.108069, 41.633586], [-8.127192, 41.606712], [-8.129629, 41.597723], [-8.124318, 41.588675], [-8.108928, 41.58208], [-8.096967, 41.579548], [-8.073, 41.577791], [-8.058484, 41.578435], [-8.052181, 41.584498], [-8.052777, 41.587649], [-8.037169, 41.600242], [-8.031467, 41.602938], [-8.02367, 41.603156], [-8.019174, 41.601802], [-8.01492, 41.603373], [-8.017659, 41.614835], [-8.04743, 41.642107], [-8.052056, 41.651152], [-8.051342, 41.660153], [-8.045592, 41.669113], [-8.035546, 41.676334], [-8.012271, 41.686845], [-8.009005, 41.695824], [-8.013994, 41.704874], [-8.045161, 41.732158], [-8.052655, 41.741227], [-8.06023, 41.759303], [-8.069922, 41.791924], [-8.079448, 41.812292], [-8.084998, 41.810493], [-8.091013, 41.812521], [-8.093421, 41.811397], [-8.093723, 41.808471], [-8.101845, 41.809824], [-8.104853, 41.81185], [-8.115984, 41.812302], [-8.123807, 41.808702], [-8.138247, 41.808477], [-8.139751, 41.813203], [-8.14276, 41.812978], [-8.145769, 41.815453], [-8.149078, 41.814777], [-8.153893, 41.817928], [-8.161415, 41.818376], [-8.165326, 41.81815], [-8.173744, 41.808019], [-8.177054, 41.808017], [-8.182773, 41.812516], [-8.190291, 41.809587], [-8.197158, 41.814129], [-8.201063, 41.808724], [-8.204973, 41.807372], [-8.205872, 41.804445], [-8.213692, 41.803765], [-8.217598, 41.80016], [-8.217589, 41.793634], [-8.224207, 41.794303], [-8.229917, 41.791598], [-8.240744, 41.791588], [-8.24074, 41.789338], [-8.244347, 41.787984], [-8.245546, 41.785731], [-8.249154, 41.785727], [-8.251257, 41.784186], [-8.238545, 41.781201], [-8.226474, 41.784313], [-8.202242, 41.797548], [-8.190153, 41.801665], [-8.178088, 41.803816], [-8.154018, 41.803442], [-8.142014, 41.800917], [-8.118086, 41.790232], [-8.106169, 41.781734], [-8.065337, 41.741331], [-8.053585, 41.732228], [-8.046784, 41.72889], [-8.028666, 41.714006], [-8.021383, 41.704937], [-8.019237, 41.695912], [-8.026103, 41.686963], [-8.042444, 41.678094], [-8.053786, 41.66918], [-8.064276, 41.651252], [-8.063173, 41.642236], [-8.049022, 41.624106], [-8.045124, 41.615066], [-8.045816, 41.606065], [-8.052033, 41.597109], [-8.060802, 41.591782], [-8.072854, 41.58805], [-8.084865, 41.587098], [-8.096841, 41.588569], [-8.108772, 41.59347], [-8.113547, 41.5976], [-8.116801, 41.606632], [-8.114656, 41.615623], [-8.101042, 41.633531], [-8.096957, 41.642507], [-8.103151, 41.651562], [-8.119863, 41.660212], [-8.14581, 41.669901], [-8.155674, 41.677139], [-8.169191, 41.706101], [-8.175298, 41.715152], [-8.203081, 41.733362], [-8.226849, 41.753035], [-8.238901, 41.751076], [-8.246586, 41.742662], [-8.263193, 41.730382], [-8.275274, 41.725292], [-8.287315, 41.723737], [-8.299314, 41.725894], [-8.312848, 41.734071], [-8.319284, 41.743116], [-8.321519, 41.752136], [-8.319905, 41.762181], [-8.325233, 41.765098], [-8.328234, 41.763292], [-8.330341, 41.764189], [-8.333874, 41.763058]]], [[[-7.937403, 41.799776], [-7.94943, 41.800374], [-7.955684, 41.794428], [-7.952193, 41.785389], [-7.936147, 41.785242], [-7.932562, 41.794215], [-7.937403, 41.799776]]], [[[-7.799395, 41.714593], [-7.807595, 41.720931], [-7.818401, 41.72532], [-7.830376, 41.727988], [-7.842387, 41.728693], [-7.854433, 41.72743], [-7.866568, 41.721065], [-7.872302, 41.712578], [-7.877451, 41.694614], [-7.875629, 41.682151], [-7.873401, 41.686198], [-7.86954, 41.686189], [-7.873344, 41.694574], [-7.873444, 41.703582], [-7.866622, 41.717971], [-7.861118, 41.721474], [-7.854477, 41.72491], [-7.842439, 41.725764], [-7.823582, 41.721096], [-7.81736, 41.716444], [-7.81469, 41.718688], [-7.808986, 41.717996], [-7.808396, 41.715744], [-7.804499, 41.714158], [-7.799395, 41.714593]]], [[[-7.867695, 41.683259], [-7.867695, 41.683259], [-7.867849, 41.683484], [-7.867695, 41.683259]]], [[[-8.318115, 41.336774], [-8.312484, 41.346754], [-8.30825, 41.364744], [-8.309536, 41.382767], [-8.317761, 41.400831], [-8.326655, 41.40934], [-8.338556, 41.415646], [-8.38509, 41.428233], [-8.391137, 41.437273], [-8.386878, 41.47328], [-8.390543, 41.509329], [-8.386934, 41.545339], [-8.390452, 41.554365], [-8.399797, 41.563422], [-8.419617, 41.572531], [-8.432889, 41.575557], [-8.456871, 41.576521], [-8.468891, 41.573581], [-8.480944, 41.566323], [-8.498216, 41.545879], [-8.499923, 41.536879], [-8.492736, 41.52784], [-8.472662, 41.518742], [-8.466555, 41.509707], [-8.469485, 41.50098], [-8.477402, 41.491742], [-8.479386, 41.482743], [-8.474759, 41.464707], [-8.469855, 41.455481], [-8.458009, 41.440268], [-8.432962, 41.419471], [-8.430876, 41.410454], [-8.440103, 41.374469], [-8.437645, 41.356441], [-8.433435, 41.347413], [-8.426902, 41.338373], [-8.416895, 41.329315], [-8.397054, 41.318536], [-8.393775, 41.31997], [-8.393489, 41.323122], [-8.391701, 41.324026], [-8.386027, 41.323814], [-8.380382, 41.331254], [-8.375305, 41.33104], [-8.37201, 41.328346], [-8.361563, 41.329718], [-8.358276, 41.329049], [-8.357673, 41.327249], [-8.350207, 41.327264], [-8.346032, 41.328847], [-8.342462, 41.333131], [-8.333215, 41.336299], [-8.326363, 41.342163], [-8.324568, 41.341041], [-8.323376, 41.341943], [-8.318115, 41.336774]], [[-8.456916, 41.571184], [-8.444919, 41.571505], [-8.432942, 41.569475], [-8.42099, 41.564742], [-8.408496, 41.55446], [-8.403722, 41.545428], [-8.40456, 41.51841], [-8.393639, 41.491331], [-8.392519, 41.47331], [-8.394905, 41.464315], [-8.400446, 41.455337], [-8.410064, 41.447283], [-8.422069, 41.443514], [-8.434034, 41.444184], [-8.445969, 41.448441], [-8.457865, 41.457622], [-8.463208, 41.464654], [-8.466866, 41.473678], [-8.467104, 41.482687], [-8.463787, 41.491679], [-8.457685, 41.500658], [-8.455042, 41.509653], [-8.461902, 41.518692], [-8.477377, 41.527771], [-8.488471, 41.536828], [-8.489425, 41.54584], [-8.484683, 41.554826], [-8.468939, 41.567755], [-8.456916, 41.571184]], [[-8.386497, 41.407304], [-8.374514, 41.409337], [-8.362549, 41.409355], [-8.350603, 41.407515], [-8.335449, 41.400934], [-8.326816, 41.393788], [-8.320303, 41.382831], [-8.318415, 41.373812], [-8.318972, 41.364808], [-8.322008, 41.355818], [-8.328058, 41.346846], [-8.339343, 41.337941], [-8.351343, 41.332991], [-8.36331, 41.331285], [-8.375255, 41.331943], [-8.387176, 41.335078], [-8.399069, 41.341342], [-8.406166, 41.347276], [-8.412843, 41.356318], [-8.416224, 41.365342], [-8.416724, 41.374353], [-8.414513, 41.383349], [-8.409187, 41.392329], [-8.399338, 41.401286], [-8.386497, 41.407304]]], [[[-8.067872, 41.480488], [-8.078442, 41.489237], [-8.102292, 41.498433], [-8.122021, 41.501073], [-8.157976, 41.500219], [-8.169873, 41.506811], [-8.193284, 41.55145], [-8.205145, 41.562055], [-8.217066, 41.568016], [-8.229029, 41.570542], [-8.241017, 41.571138], [-8.253022, 41.570166], [-8.265049, 41.567317], [-8.277104, 41.561827], [-8.287878, 41.553776], [-8.294683, 41.54481], [-8.297496, 41.53582], [-8.297762, 41.526815], [-8.293949, 41.508777], [-8.28692, 41.490718], [-8.276152, 41.472636], [-8.266222, 41.463572], [-8.254308, 41.458224], [-8.230389, 41.455868], [-8.194438, 41.458437], [-8.182472, 41.457826], [-8.134848, 41.437504], [-8.110972, 41.432874], [-8.099, 41.433074], [-8.086998, 41.435442], [-8.074955, 41.440666], [-8.068546, 41.44608], [-8.069999, 41.447206], [-8.068497, 41.453282], [-8.070289, 41.45711], [-8.068788, 41.462286], [-8.073872, 41.46499], [-8.074468, 41.468592], [-8.073564, 41.474668], [-8.067872, 41.480488]], [[-8.253228, 41.552266], [-8.241228, 41.553058], [-8.229251, 41.551858], [-8.217307, 41.548042], [-8.20541, 41.540417], [-8.200229, 41.535185], [-8.189538, 41.517096], [-8.185808, 41.499055], [-8.186869, 41.490055], [-8.193083, 41.481091], [-8.206237, 41.4727], [-8.218263, 41.468559], [-8.230262, 41.466606], [-8.242237, 41.466608], [-8.254186, 41.468923], [-8.266096, 41.474716], [-8.273493, 41.481627], [-8.284768, 41.499713], [-8.288198, 41.517749], [-8.286884, 41.526748], [-8.282401, 41.535727], [-8.277332, 41.541351], [-8.265257, 41.54892], [-8.253228, 41.552266]], [[-8.13407, 41.495975], [-8.122062, 41.498029], [-8.110096, 41.496943], [-8.090391, 41.489332], [-8.082527, 41.480262], [-8.08078, 41.471241], [-8.084271, 41.462262], [-8.098742, 41.451707], [-8.110751, 41.449026], [-8.122717, 41.449508], [-8.136214, 41.453656], [-8.150217, 41.462768], [-8.156155, 41.471819], [-8.156294, 41.480827], [-8.149226, 41.489782], [-8.13407, 41.495975]]], [[[-8.649743, 41.401572], [-8.66172, 41.398885], [-8.672693, 41.39338], [-8.682109, 41.384399], [-8.685703, 41.375401], [-8.685762, 41.366394], [-8.682908, 41.357379], [-8.676825, 41.348354], [-8.667254, 41.339319], [-8.650133, 41.32878], [-8.638206, 41.32449], [-8.626269, 41.322506], [-8.614319, 41.322583], [-8.602357, 41.324873], [-8.590064, 41.330062], [-8.57877, 41.339029], [-8.572837, 41.348015], [-8.571176, 41.357016], [-8.572934, 41.366031], [-8.578496, 41.375059], [-8.590024, 41.38597], [-8.601941, 41.39321], [-8.613873, 41.398173], [-8.625819, 41.401053], [-8.649743, 41.401572]], [[-8.635973, 41.39327], [-8.625867, 41.392676], [-8.613924, 41.389555], [-8.603248, 41.384154], [-8.592869, 41.375111], [-8.587806, 41.366085], [-8.586639, 41.357073], [-8.589626, 41.348076], [-8.59742, 41.339096], [-8.614268, 41.331339], [-8.626226, 41.329965], [-8.638169, 41.331235], [-8.650098, 41.335236], [-8.667786, 41.348328], [-8.673256, 41.357352], [-8.674974, 41.366364], [-8.672704, 41.375365], [-8.665164, 41.384351], [-8.649795, 41.391736], [-8.635973, 41.39327]]]]}}, {"id": "2", "type": "Feature", "properties": {"fill": "#a21c1c", "value_min": -2.5, "value_max": -2.25}, "geometry": {"type": "MultiPolygon", "coordinates": [[[[-7.833509, 41.874263], [-7.831874, 41.865289], [-7.823025, 41.847185], [-7.813637, 41.838082], [-7.798709, 41.82892], [-7.780485, 41.822949], [-7.768467, 41.821707], [-7.738647, 41.823763], [-7.74345, 41.825605], [-7.739516, 41.829267], [-7.756318, 41.827325], [-7.768349, 41.827868], [-7.780343, 41.830424], [-7.792283, 41.835857], [-7.805191, 41.847001], [-7.811083, 41.856069], [-7.813898, 41.873311], [-7.823863, 41.874013], [-7.825059, 41.875817], [-7.830479, 41.875831], [-7.830789, 41.874031], [-7.833509, 41.874263]]], [[[-7.864679, 41.82822], [-7.876729, 41.827777], [-7.886545, 41.820799], [-7.889004, 41.811816], [-7.880146, 41.802723], [-7.877186, 41.801655], [-7.862699, 41.802551], [-7.852769, 41.81146], [-7.853528, 41.820474], [-7.864679, 41.82822]]], [[[-8.319905, 41.762181], [-8.321519, 41.752136], [-8.319284, 41.743116], [-8.312848, 41.734071], [-8.299314, 41.725894], [-8.287315, 41.723737], [-8.275274, 41.725292], [-8.263193, 41.730382], [-8.246586, 41.742662], [-8.238901, 41.751076], [-8.226849, 41.753035], [-8.203081, 41.733362], [-8.175298, 41.715152], [-8.169191, 41.706101], [-8.155674, 41.677139], [-8.14581, 41.669901], [-8.119863, 41.660212], [-8.103151, 41.651562], [-8.096957, 41.642507], [-8.101042, 41.633531], [-8.114656, 41.615623], [-8.116801, 41.606632], [-8.113547, 41.5976], [-8.108772, 41.59347], [-8.096841, 41.588569], [-8.084865, 41.587098], [-8.072854, 41.58805], [-8.060802, 41.591782], [-8.052033, 41.597109], [-8.045816, 41.606065], [-8.045124, 41.615066], [-8.049022, 41.624106], [-8.063173, 41.642236], [-8.064276, 41.651252], [-8.053786, 41.66918], [-8.042444, 41.678094], [-8.026103, 41.686963], [-8.019237, 41.695912], [-8.021383, 41.704937], [-8.028666, 41.714006], [-8.046784, 41.72889], [-8.053585, 41.732228], [-8.065337, 41.741331], [-8.106169, 41.781734], [-8.118086, 41.790232], [-8.142014, 41.800917], [-8.154018, 41.803442], [-8.178088, 41.803816], [-8.190153, 41.801665], [-8.202242, 41.797548], [-8.226474, 41.784313], [-8.238545, 41.781201], [-8.251257, 41.784186], [-8.251845, 41.777172], [-8.257551, 41.773564], [-8.261762, 41.774235], [-8.270288, 41.767248], [-8.261045, 41.76077], [-8.258322, 41.751746], [-8.261841, 41.742761], [-8.275185, 41.733233], [-8.287228, 41.731547], [-8.299216, 41.734872], [-8.307904, 41.743048], [-8.310137, 41.752068], [-8.307234, 41.758825], [-8.311096, 41.762195], [-8.319905, 41.762181]], [[-8.178419, 41.777975], [-8.166367, 41.779401], [-8.154352, 41.778027], [-8.142367, 41.774433], [-8.091628, 41.741542], [-8.046854, 41.72418], [-8.03303, 41.714043], [-8.026658, 41.704982], [-8.026862, 41.695977], [-8.035378, 41.687583], [-8.05337, 41.678184], [-8.071817, 41.660402], [-8.083907, 41.654778], [-8.095894, 41.656394], [-8.143476, 41.678891], [-8.155489, 41.691297], [-8.167199, 41.715108], [-8.194414, 41.733301], [-8.201802, 41.74236], [-8.204752, 41.751387], [-8.202994, 41.760382], [-8.196252, 41.769342], [-8.190506, 41.773622], [-8.178419, 41.777975]], [[-8.09624, 41.631681], [-8.084168, 41.63633], [-8.072217, 41.63253], [-8.06286, 41.624219], [-8.059641, 41.615186], [-8.062026, 41.606198], [-8.072715, 41.597771], [-8.084753, 41.595005], [-8.096728, 41.596699], [-8.108592, 41.606514], [-8.109143, 41.61558], [-8.103448, 41.624543], [-8.09624, 41.631681]]], [[[-7.81736, 41.716444], [-7.823582, 41.721096], [-7.842439, 41.725764], [-7.854477, 41.72491], [-7.861118, 41.721474], [-7.866622, 41.717971], [-7.873444, 41.703582], [-7.873344, 41.694574], [-7.86954, 41.686189], [-7.867849, 41.683484], [-7.867695, 41.683259], [-7.859764, 41.685941], [-7.867101, 41.690709], [-7.869238, 41.694534], [-7.871054, 41.703558], [-7.866676, 41.714877], [-7.854522, 41.72239], [-7.842492, 41.722836], [-7.830545, 41.71867], [-7.821637, 41.711729], [-7.81736, 41.716444]]], [[[-8.456916, 41.571184], [-8.468939, 41.567755], [-8.484683, 41.554826], [-8.489425, 41.54584], [-8.488471, 41.536828], [-8.477377, 41.527771], [-8.461902, 41.518692], [-8.455042, 41.509653], [-8.457685, 41.500658], [-8.463787, 41.491679], [-8.467104, 41.482687], [-8.466866, 41.473678], [-8.463208, 41.464654], [-8.457865, 41.457622], [-8.445969, 41.448441], [-8.434034, 41.444184], [-8.422069, 41.443514], [-8.410064, 41.447283], [-8.400446, 41.455337], [-8.394905, 41.464315], [-8.392519, 41.47331], [-8.393639, 41.491331], [-8.40456, 41.51841], [-8.403722, 41.545428], [-8.408496, 41.55446], [-8.42099, 41.564742], [-8.432942, 41.569475], [-8.444919, 41.571505], [-8.456916, 41.571184]], [[-8.468984, 41.562273], [-8.456955, 41.566549], [-8.44496, 41.566717], [-8.43323, 41.563591], [-8.420226, 41.554519], [-8.415307, 41.545487], [-8.415362, 41.53648], [-8.421364, 41.522853], [-8.426237, 41.51852], [-8.418377, 41.509473], [-8.409537, 41.505417], [-8.405376, 41.500399], [-8.399276, 41.49136], [-8.397141, 41.482342], [-8.398198, 41.47334], [-8.403396, 41.464359], [-8.409965, 41.458202], [-8.421975, 41.454111], [-8.433945, 41.45451], [-8.445878, 41.459158], [-8.452164, 41.464602], [-8.457465, 41.473635], [-8.457975, 41.482644], [-8.454495, 41.491635], [-8.445497, 41.50381], [-8.437535, 41.509568], [-8.448201, 41.518628], [-8.457335, 41.521132], [-8.480158, 41.536791], [-8.482478, 41.545809], [-8.478057, 41.554796], [-8.468984, 41.562273]]], [[[-8.253228, 41.552266], [-8.265257, 41.54892], [-8.277332, 41.541351], [-8.282401, 41.535727], [-8.286884, 41.526748], [-8.288198, 41.517749], [-8.284768, 41.499713], [-8.273493, 41.481627], [-8.266096, 41.474716], [-8.254186, 41.468923], [-8.242237, 41.466608], [-8.230262, 41.466606], [-8.218263, 41.468559], [-8.206237, 41.4727], [-8.193083, 41.481091], [-8.186869, 41.490055], [-8.185808, 41.499055], [-8.189538, 41.517096], [-8.200229, 41.535185], [-8.20541, 41.540417], [-8.217307, 41.548042], [-8.229251, 41.551858], [-8.241228, 41.553058], [-8.253228, 41.552266]], [[-8.277218, 41.526687], [-8.265386, 41.53751], [-8.253347, 41.541968], [-8.241347, 41.542939], [-8.229377, 41.5413], [-8.21745, 41.536134], [-8.206076, 41.526218], [-8.2006, 41.517173], [-8.198446, 41.508151], [-8.199168, 41.499148], [-8.203621, 41.490172], [-8.214, 41.481236], [-8.230158, 41.475367], [-8.242143, 41.47472], [-8.254095, 41.476858], [-8.266001, 41.483128], [-8.273415, 41.490634], [-8.278877, 41.499676], [-8.281341, 41.508699], [-8.281018, 41.517704], [-8.277218, 41.526687]]], [[[-8.13407, 41.495975], [-8.149226, 41.489782], [-8.156294, 41.480827], [-8.156155, 41.471819], [-8.150217, 41.462768], [-8.136214, 41.453656], [-8.122717, 41.449508], [-8.110751, 41.449026], [-8.098742, 41.451707], [-8.084271, 41.462262], [-8.08078, 41.471241], [-8.082527, 41.480262], [-8.090391, 41.489332], [-8.110096, 41.496943], [-8.122062, 41.498029], [-8.13407, 41.495975]], [[-8.141394, 41.480717], [-8.134148, 41.490122], [-8.122118, 41.493888], [-8.110147, 41.493264], [-8.099758, 41.489406], [-8.092872, 41.480344], [-8.094205, 41.471348], [-8.098539, 41.466362], [-8.11059, 41.460867], [-8.122561, 41.461064], [-8.134461, 41.466591], [-8.139447, 41.471695], [-8.141394, 41.480717]]], [[[-8.386497, 41.407304], [-8.399338, 41.401286], [-8.409187, 41.392329], [-8.414513, 41.383349], [-8.416724, 41.374353], [-8.416224, 41.365342], [-8.412843, 41.356318], [-8.406166, 41.347276], [-8.399069, 41.341342], [-8.387176, 41.335078], [-8.375255, 41.331943], [-8.36331, 41.331285], [-8.351343, 41.332991], [-8.339343, 41.337941], [-8.328058, 41.346846], [-8.322008, 41.355818], [-8.318972, 41.364808], [-8.318415, 41.373812], [-8.320303, 41.382831], [-8.326816, 41.393788], [-8.335449, 41.400934], [-8.350603, 41.407515], [-8.362549, 41.409355], [-8.374514, 41.409337], [-8.386497, 41.407304]], [[-8.397395, 41.38326], [-8.389204, 41.392225], [-8.374616, 41.398699], [-8.362642, 41.399826], [-8.350698, 41.397908], [-8.338796, 41.391951], [-8.331184, 41.382895], [-8.328564, 41.373872], [-8.329875, 41.364872], [-8.335407, 41.355896], [-8.339198, 41.352212], [-8.351214, 41.346036], [-8.363186, 41.344086], [-8.379384, 41.347134], [-8.387029, 41.35067], [-8.393698, 41.356218], [-8.399199, 41.365255], [-8.400341, 41.374268], [-8.397395, 41.38326]]], [[[-8.635973, 41.39327], [-8.649795, 41.391736], [-8.665164, 41.384351], [-8.672704, 41.375365], [-8.674974, 41.366364], [-8.673256, 41.357352], [-8.667786, 41.348328], [-8.650098, 41.335236], [-8.638169, 41.331235], [-8.626226, 41.329965], [-8.614268, 41.331339], [-8.59742, 41.339096], [-8.589626, 41.348076], [-8.586639, 41.357073], [-8.587806, 41.366085], [-8.592869, 41.375111], [-8.603248, 41.384154], [-8.613924, 41.389555], [-8.625867, 41.392676], [-8.635973, 41.39327]], [[-8.649843, 41.38287], [-8.637867, 41.385839], [-8.625909, 41.385284], [-8.613974, 41.381154], [-8.60543, 41.375154], [-8.599347, 41.366126], [-8.598535, 41.357115], [-8.602821, 41.348122], [-8.614217, 41.339862], [-8.626186, 41.336941], [-8.638134, 41.33761], [-8.650062, 41.342056], [-8.658453, 41.348301], [-8.664401, 41.357326], [-8.665144, 41.366336], [-8.660644, 41.37533], [-8.649843, 41.38287]]]]}}, {"id": "13", "type": "Feature", "properties": {"fill": "#a3a3a3", "value_min": 0.25, "value_max": -0.5}, "geometry": {"type": "Polygon", "coordinates": [[[-7.861114, 41.757502], [-7.865865, 41.761003], [-7.868508, 41.757575], [-7.865959, 41.755695], [-7.861114, 41.757502]]]}}]}