{"type": "FeatureCollection", "features": [{"id": "14", "type": "Feature", "properties": {"fill": "#a3a3a3", "value_min": 0.5, "value_max": -0.75}, "geometry": {"type": "Polygon", "coordinates": [[[-8.740236, 41.294468], [-8.735915, 41.285451], [-8.722044, 41.279035], [-8.7101, 41.279588], [-8.699167, 41.28536], [-8.695042, 41.294357], [-8.698048, 41.303824], [-8.709961, 41.311051], [-8.721903, 41.312052], [-8.733872, 41.306786], [-8.737607, 41.30347], [-8.740236, 41.294468]]]}}, {"id": "9", "type": "Feature", "properties": {"fill": "#a3a3a3", "value_min": -0.75, "value_max": -0.5}, "geometry": {"type": "MultiPolygon", "coordinates": [[[[-7.889679, 41.775225], [-7.899625, 41.766884], [-7.901958, 41.760742], [-7.905051, 41.757929], [-7.910626, 41.739968], [-7.921194, 41.731061], [-7.924773, 41.722088], [-7.923553, 41.713069], [-7.91493, 41.704762], [-7.90297, 41.701288], [-7.890893, 41.704724], [-7.884259, 41.712694], [-7.881719, 41.721677], [-7.883574, 41.730702], [-7.878342, 41.735339], [-7.854208, 41.740089], [-7.842104, 41.744454], [-7.834537, 41.748228], [-7.82776, 41.757166], [-7.827594, 41.766171], [-7.834347, 41.775247], [-7.841479, 41.779198], [-7.853459, 41.782159], [-7.865489, 41.782353], [-7.877556, 41.780448], [-7.889679, 41.775225]], [[-7.853541, 41.777574], [-7.841611, 41.771835], [-7.83622, 41.766259], [-7.835385, 41.757244], [-7.842844, 41.748312], [-7.854149, 41.743358], [-7.86621, 41.741427], [-7.878216, 41.742579], [-7.888747, 41.748765], [-7.89263, 41.75781], [-7.889211, 41.766784], [-7.877642, 41.775487], [-7.865559, 41.778357], [-7.853541, 41.777574]], [[-7.890486, 41.728399], [-7.886229, 41.72172], [-7.887566, 41.712726], [-7.890823, 41.708813], [-7.902873, 41.706994], [-7.912488, 41.712965], [-7.912715, 41.721974], [-7.90249, 41.729509], [-7.890486, 41.728399]]], [[[-7.96213, 41.759227], [-7.958458, 41.749419], [-7.950336, 41.744806], [-7.938316, 41.744395], [-7.928816, 41.749146], [-7.925746, 41.758124], [-7.933929, 41.767207], [-7.949945, 41.768803], [-7.955007, 41.767401], [-7.96213, 41.759227]]], [[[-8.509574, 41.671828], [-8.51044, 41.669203], [-8.510589, 41.668753], [-8.514491, 41.654036], [-8.5138, 41.636018], [-8.510234, 41.626996], [-8.502998, 41.617958], [-8.491133, 41.608899], [-8.468673, 41.600157], [-8.444701, 41.596989], [-8.422877, 41.599569], [-8.408629, 41.605101], [-8.402561, 41.608472], [-8.393702, 41.617433], [-8.388851, 41.626415], [-8.386194, 41.653422], [-8.384123, 41.658112], [-8.379475, 41.662393], [-8.3787, 41.671396], [-8.380555, 41.680413], [-8.371751, 41.69838], [-8.369508, 41.707374], [-8.369371, 41.716381], [-8.37534, 41.734392], [-8.384922, 41.73032], [-8.386396, 41.731442], [-8.382991, 41.725462], [-8.381775, 41.716448], [-8.384655, 41.707457], [-8.395774, 41.696543], [-8.407844, 41.690893], [-8.419892, 41.687332], [-8.43192, 41.686061], [-8.443914, 41.688591], [-8.455543, 41.69548], [-8.461659, 41.694563], [-8.467939, 41.689593], [-8.478124, 41.685061], [-8.482012, 41.682123], [-8.484371, 41.674238], [-8.49308, 41.674886], [-8.499963, 41.671038], [-8.509574, 41.671828]], [[-8.444129, 41.663585], [-8.432149, 41.659905], [-8.420214, 41.651494], [-8.413196, 41.644556], [-8.408033, 41.635522], [-8.406586, 41.626508], [-8.410064, 41.617518], [-8.420311, 41.608563], [-8.43264, 41.604019], [-8.444651, 41.602744], [-8.456641, 41.604046], [-8.469961, 41.608803], [-8.481586, 41.617863], [-8.487223, 41.626896], [-8.488255, 41.635907], [-8.485532, 41.644903], [-8.480259, 41.651772], [-8.468177, 41.660484], [-8.456138, 41.663849], [-8.444129, 41.663585]]], [[[-8.022419, 41.749823], [-8.029547, 41.741034], [-8.029006, 41.732023], [-8.022795, 41.725054], [-8.01086, 41.719346], [-7.998829, 41.719903], [-7.991745, 41.722695], [-7.983195, 41.731626], [-7.983127, 41.740633], [-7.992482, 41.749722], [-7.998324, 41.752427], [-8.010327, 41.754073], [-8.022419, 41.749823]], [[-8.010431, 41.747283], [-7.998461, 41.74363], [-7.995, 41.740737], [-7.993201, 41.731714], [-7.998724, 41.726657], [-8.0108, 41.723258], [-8.024542, 41.731985], [-8.022535, 41.742198], [-8.010431, 41.747283]]], [[[-8.239346, 41.69758], [-8.239245, 41.688572], [-8.232649, 41.679521], [-8.227768, 41.676369], [-8.215792, 41.673206], [-8.203764, 41.674414], [-8.191657, 41.681844], [-8.187111, 41.688215], [-8.185993, 41.697214], [-8.191063, 41.706257], [-8.203283, 41.713394], [-8.215289, 41.714614], [-8.227352, 41.711104], [-8.234045, 41.706551], [-8.239346, 41.69758]], [[-8.203331, 41.709498], [-8.197842, 41.706304], [-8.190732, 41.697247], [-8.192969, 41.688256], [-8.203689, 41.680498], [-8.215713, 41.679749], [-8.227655, 41.685766], [-8.230241, 41.688512], [-8.231831, 41.69753], [-8.224671, 41.706489], [-8.215341, 41.710313], [-8.203331, 41.709498]]], [[[-8.528846, 41.576269], [-8.528874, 41.572457], [-8.516904, 41.569144], [-8.511139, 41.572956], [-8.513896, 41.581975], [-8.516792, 41.584107], [-8.524753, 41.582021], [-8.528846, 41.576269]]], [[[-8.672821, 41.570371], [-8.680632, 41.564545], [-8.687771, 41.555557], [-8.690876, 41.546558], [-8.69031, 41.537549], [-8.685472, 41.528529], [-8.677189, 41.519498], [-8.663182, 41.510451], [-8.627205, 41.492325], [-8.612981, 41.48327], [-8.609084, 41.47425], [-8.609617, 41.447229], [-8.606267, 41.43821], [-8.598685, 41.429176], [-8.585074, 41.420121], [-8.565925, 41.41285], [-8.55397, 41.411265], [-8.542002, 41.41176], [-8.530013, 41.41498], [-8.51799, 41.422828], [-8.512738, 41.428845], [-8.508199, 41.437833], [-8.506786, 41.446834], [-8.507866, 41.455846], [-8.511721, 41.46487], [-8.519408, 41.47391], [-8.529531, 41.481847], [-8.569553, 41.501131], [-8.572638, 41.51015], [-8.575204, 41.537182], [-8.578672, 41.546202], [-8.588922, 41.560739], [-8.600857, 41.57007], [-8.612818, 41.575533], [-8.624795, 41.578721], [-8.636786, 41.57973], [-8.648786, 41.578909], [-8.660797, 41.575962], [-8.672821, 41.570371]], [[-8.624922, 41.556787], [-8.612946, 41.554228], [-8.600994, 41.547713], [-8.592247, 41.537243], [-8.589576, 41.528226], [-8.590396, 41.519222], [-8.595456, 41.510232], [-8.601254, 41.505371], [-8.613258, 41.501755], [-8.625237, 41.502281], [-8.637198, 41.505923], [-8.645701, 41.510398], [-8.656745, 41.519439], [-8.661204, 41.52846], [-8.661252, 41.537467], [-8.656092, 41.546459], [-8.648932, 41.551919], [-8.639174, 41.555415], [-8.624922, 41.556787]], [[-8.565464, 41.481977], [-8.553485, 41.482144], [-8.541525, 41.479504], [-8.529596, 41.472821], [-8.521914, 41.464913], [-8.518223, 41.45589], [-8.518478, 41.446884], [-8.523053, 41.437895], [-8.529894, 41.431524], [-8.5419, 41.426263], [-8.553876, 41.425005], [-8.570825, 41.429076], [-8.584617, 41.438134], [-8.59007, 41.447161], [-8.591574, 41.456174], [-8.589296, 41.465173], [-8.583044, 41.474158], [-8.577466, 41.47823], [-8.565464, 41.481977]]], [[[-8.08361, 41.5449], [-8.097378, 41.550004], [-8.109365, 41.550293], [-8.121403, 41.54677], [-8.12611, 41.543653], [-8.132607, 41.534695], [-8.132296, 41.525685], [-8.124283, 41.516617], [-8.10989, 41.511979], [-8.097915, 41.511362], [-8.0906, 41.512985], [-8.091196, 41.516436], [-8.097872, 41.514499], [-8.109853, 41.514703], [-8.115741, 41.516552], [-8.125816, 41.525636], [-8.124925, 41.534637], [-8.121516, 41.538426], [-8.109447, 41.544293], [-8.096603, 41.543554], [-8.094175, 41.544904], [-8.087885, 41.542876], [-8.08361, 41.5449]]], [[[-8.371803, 41.500221], [-8.375014, 41.491231], [-8.375045, 41.482224], [-8.372326, 41.473201], [-8.362049, 41.460426], [-8.350126, 41.455326], [-8.338167, 41.453969], [-8.32617, 41.456226], [-8.314287, 41.463863], [-8.308403, 41.472835], [-8.306572, 41.481831], [-8.307788, 41.490846], [-8.313711, 41.502359], [-8.325588, 41.512445], [-8.337534, 41.516063], [-8.349522, 41.515683], [-8.361554, 41.510847], [-8.371803, 41.500221]], [[-8.336325, 41.509029], [-8.325661, 41.505408], [-8.319327, 41.499922], [-8.313845, 41.490882], [-8.313207, 41.481871], [-8.317268, 41.472888], [-8.326074, 41.465516], [-8.338083, 41.462179], [-8.350044, 41.463531], [-8.361954, 41.470073], [-8.368921, 41.48219], [-8.368911, 41.491198], [-8.361633, 41.502807], [-8.349591, 41.5088], [-8.336325, 41.509029]]], [[[-8.170231, 41.377212], [-8.175389, 41.390891], [-8.183615, 41.399957], [-8.195067, 41.407549], [-8.206974, 41.41223], [-8.218913, 41.414413], [-8.230878, 41.414482], [-8.242868, 41.412389], [-8.254889, 41.407488], [-8.264395, 41.400502], [-8.270835, 41.391536], [-8.273585, 41.382546], [-8.271686, 41.364518], [-8.267216, 41.355482], [-8.259436, 41.346309], [-8.249622, 41.353072], [-8.251123, 41.356897], [-8.249334, 41.358669], [-8.255554, 41.364415], [-8.259668, 41.373449], [-8.260013, 41.382459], [-8.256369, 41.391443], [-8.246566, 41.400387], [-8.23098, 41.405803], [-8.219014, 41.406021], [-8.207084, 41.403191], [-8.200767, 41.400078], [-8.190185, 41.390996], [-8.185961, 41.381959], [-8.185823, 41.37608], [-8.170231, 41.377212]]], [[[-8.807298, 41.337404], [-8.793482, 41.344765], [-8.769551, 41.351698], [-8.745638, 41.353043], [-8.721748, 41.348652], [-8.697887, 41.338728], [-8.671286, 41.321315], [-8.651181, 41.303241], [-8.626553, 41.272662], [-8.614642, 41.267815], [-8.566865, 41.271026], [-8.543, 41.269053], [-8.531084, 41.265939], [-8.519181, 41.261096], [-8.507299, 41.253672], [-8.495452, 41.242103], [-8.489691, 41.233275], [-8.484411, 41.240495], [-8.476346, 41.237818], [-8.475756, 41.23917], [-8.470986, 41.23941], [-8.471604, 41.243459], [-8.469227, 41.245267], [-8.463258, 41.244384], [-8.460224, 41.246419], [-8.469977, 41.25751], [-8.483308, 41.26873], [-8.495188, 41.276378], [-8.518992, 41.286881], [-8.542839, 41.292131], [-8.602536, 41.295297], [-8.614465, 41.297814], [-8.626383, 41.302441], [-8.650204, 41.315494], [-8.709755, 41.357439], [-8.733612, 41.370685], [-8.7575, 41.377936], [-8.769452, 41.379968], [-8.793367, 41.381107], [-8.808976, 41.379919], [-8.807298, 41.337404]]], [[[-8.488262, 41.230804], [-8.488262, 41.230804], [-8.488235, 41.230758], [-8.488262, 41.230804]]], [[[-8.488132, 41.230579], [-8.488132, 41.230579], [-8.488056, 41.230354], [-8.488132, 41.230579]]], [[[-8.620415, 41.178997], [-8.638792, 41.218318], [-8.652504, 41.231182], [-8.662573, 41.233585], [-8.674504, 41.234006], [-8.698378, 41.232081], [-8.74615, 41.220925], [-8.770021, 41.218061], [-8.781947, 41.219138], [-8.802913, 41.226019], [-8.799695, 41.14406], [-8.67527, 41.147484], [-8.676193, 41.146567], [-8.674793, 41.146932], [-8.674204, 41.147693], [-8.674849, 41.153767], [-8.672489, 41.15648], [-8.66117, 41.156307], [-8.662078, 41.158104], [-8.660313, 41.160813], [-8.657033, 41.160378], [-8.654961, 41.161963], [-8.653231, 41.169174], [-8.655366, 41.175467], [-8.647955, 41.180228], [-8.647696, 41.185181], [-8.640929, 41.196241], [-8.634946, 41.193341], [-8.632526, 41.188624], [-8.625658, 41.186628], [-8.62263, 41.180113], [-8.620415, 41.178997]]]]}}, {"id": "8", "type": "Feature", "properties": {"fill": "#a3a3a3", "value_min": -1.0, "value_max": -0.75}, "geometry": {"type": "MultiPolygon", "coordinates": [[[[-7.724198, 41.7848], [-7.730053, 41.792155], [-7.732907, 41.793209], [-7.744954, 41.792611], [-7.7519, 41.783387], [-7.745327, 41.773473], [-7.733316, 41.772415], [-7.729604, 41.774136], [-7.726294, 41.778494], [-7.727191, 41.779184], [-7.724921, 41.780301], [-7.72475, 41.780526], [-7.724198, 41.7848]]], [[[-8.510589, 41.668753], [-8.51702, 41.661979], [-8.522103, 41.658811], [-8.525706, 41.659023], [-8.527769, 41.652714], [-8.534066, 41.652017], [-8.537951, 41.649302], [-8.537634, 41.646602], [-8.543876, 41.637352], [-8.543855, 41.633976], [-8.536342, 41.631977], [-8.535128, 41.62973], [-8.543431, 41.61462], [-8.554533, 41.615255], [-8.557244, 41.617046], [-8.562639, 41.61635], [-8.568056, 41.619031], [-8.570735, 41.616095], [-8.577321, 41.614269], [-8.581231, 41.615829], [-8.585766, 41.620988], [-8.591462, 41.620515], [-8.596534, 41.616668], [-8.601628, 41.615972], [-8.603996, 41.611686], [-8.613256, 41.606696], [-8.619881, 41.610269], [-8.621338, 41.604636], [-8.628833, 41.604378], [-8.636302, 41.600744], [-8.64075, 41.594422], [-8.645536, 41.593051], [-8.646744, 41.594171], [-8.649125, 41.591909], [-8.656622, 41.5921], [-8.660788, 41.588255], [-8.663794, 41.589141], [-8.665265, 41.585758], [-8.66948, 41.587989], [-8.684455, 41.586117], [-8.685608, 41.58071], [-8.697261, 41.576376], [-8.701703, 41.570277], [-8.707704, 41.570923], [-8.712485, 41.569323], [-8.716422, 41.573805], [-8.720316, 41.57356], [-8.725151, 41.577811], [-8.726633, 41.576003], [-8.734424, 41.575737], [-8.736564, 41.580228], [-8.738354, 41.579318], [-8.740778, 41.582006], [-8.74467, 41.581535], [-8.750711, 41.58623], [-8.756374, 41.582823], [-8.75635, 41.580347], [-8.762327, 41.578514], [-8.764443, 41.580303], [-8.767441, 41.580286], [-8.769874, 41.583874], [-8.768997, 41.58613], [-8.773228, 41.589482], [-8.775371, 41.593972], [-8.78556, 41.593464], [-8.797327, 41.600599], [-8.804218, 41.600109], [-8.80456, 41.604158], [-8.809434, 41.611332], [-8.828644, 41.609656], [-8.82839, 41.585633], [-8.818497, 41.554794], [-8.8221, 41.547542], [-8.821965, 41.534907], [-8.815926, 41.525624], [-8.81063, 41.5101], [-8.813279, 41.503483], [-8.812636, 41.496944], [-8.804699, 41.482068], [-8.798552, 41.474753], [-8.80154, 41.446836], [-8.806115, 41.43713], [-8.807354, 41.425915], [-8.811166, 41.417099], [-8.808976, 41.379919], [-8.793367, 41.381107], [-8.769452, 41.379968], [-8.7575, 41.377936], [-8.733612, 41.370685], [-8.709755, 41.357439], [-8.650204, 41.315494], [-8.626383, 41.302441], [-8.614465, 41.297814], [-8.602536, 41.295297], [-8.542839, 41.292131], [-8.518992, 41.286881], [-8.495188, 41.276378], [-8.483308, 41.26873], [-8.469977, 41.25751], [-8.460224, 41.246419], [-8.454323, 41.246886], [-8.455541, 41.251834], [-8.452276, 41.25522], [-8.449891, 41.255452], [-8.449304, 41.257479], [-8.447812, 41.257258], [-8.449028, 41.261982], [-8.439785, 41.262907], [-8.438023, 41.268989], [-8.434745, 41.269673], [-8.432691, 41.277107], [-8.427714, 41.279371], [-8.482925, 41.317236], [-8.506732, 41.32893], [-8.518658, 41.332179], [-8.530607, 41.332455], [-8.578494, 41.319268], [-8.602414, 41.315433], [-8.626299, 41.317122], [-8.65015, 41.325549], [-8.662063, 41.3325], [-8.68183, 41.348368], [-8.695951, 41.366421], [-8.704202, 41.384458], [-8.709519, 41.410492], [-8.713761, 41.420513], [-8.737922, 41.447593], [-8.743163, 41.456612], [-8.745511, 41.465625], [-8.744919, 41.474631], [-8.74098, 41.48363], [-8.730876, 41.492614], [-8.709114, 41.501206], [-8.68514, 41.503504], [-8.673164, 41.502203], [-8.6612, 41.498933], [-8.647293, 41.492388], [-8.637348, 41.48335], [-8.633158, 41.474329], [-8.633517, 41.465323], [-8.64518, 41.438337], [-8.642797, 41.429322], [-8.628746, 41.42027], [-8.55414, 41.386377], [-8.542205, 41.382798], [-8.530254, 41.381618], [-8.518269, 41.385008], [-8.506242, 41.393871], [-8.494734, 41.410752], [-8.491522, 41.419745], [-8.490213, 41.437754], [-8.495027, 41.455791], [-8.499566, 41.464818], [-8.506935, 41.473857], [-8.539696, 41.501015], [-8.547413, 41.510053], [-8.552207, 41.528087], [-8.551866, 41.537093], [-8.548544, 41.546087], [-8.541018, 41.551253], [-8.516998, 41.556521], [-8.504962, 41.562301], [-8.495731, 41.57289], [-8.491405, 41.581878], [-8.480868, 41.590838], [-8.420747, 41.591992], [-8.396705, 41.596812], [-8.388958, 41.599394], [-8.372814, 41.608314], [-8.352578, 41.626216], [-8.339232, 41.644155], [-8.335498, 41.65314], [-8.333949, 41.662138], [-8.334815, 41.671151], [-8.363129, 41.735318], [-8.368703, 41.73193], [-8.371416, 41.7344], [-8.37534, 41.734392], [-8.369371, 41.716381], [-8.369508, 41.707374], [-8.371751, 41.69838], [-8.380555, 41.680413], [-8.3787, 41.671396], [-8.379475, 41.662393], [-8.384123, 41.658112], [-8.386194, 41.653422], [-8.388851, 41.626415], [-8.393702, 41.617433], [-8.402561, 41.608472], [-8.408629, 41.605101], [-8.422877, 41.599569], [-8.444701, 41.596989], [-8.468673, 41.600157], [-8.491133, 41.608899], [-8.502998, 41.617958], [-8.510234, 41.626996], [-8.5138, 41.636018], [-8.514491, 41.654036], [-8.510589, 41.668753]], [[-8.528846, 41.576269], [-8.524753, 41.582021], [-8.516792, 41.584107], [-8.513896, 41.581975], [-8.511139, 41.572956], [-8.516904, 41.569144], [-8.528874, 41.572457], [-8.528846, 41.576269]], [[-8.672821, 41.570371], [-8.660797, 41.575962], [-8.648786, 41.578909], [-8.636786, 41.57973], [-8.624795, 41.578721], [-8.612818, 41.575533], [-8.600857, 41.57007], [-8.588922, 41.560739], [-8.578672, 41.546202], [-8.575204, 41.537182], [-8.572638, 41.51015], [-8.569553, 41.501131], [-8.529531, 41.481847], [-8.519408, 41.47391], [-8.511721, 41.46487], [-8.507866, 41.455846], [-8.506786, 41.446834], [-8.508199, 41.437833], [-8.512738, 41.428845], [-8.51799, 41.422828], [-8.530013, 41.41498], [-8.542002, 41.41176], [-8.55397, 41.411265], [-8.565925, 41.41285], [-8.585074, 41.420121], [-8.598685, 41.429176], [-8.606267, 41.43821], [-8.609617, 41.447229], [-8.609084, 41.47425], [-8.612981, 41.48327], [-8.627205, 41.492325], [-8.663182, 41.510451], [-8.677189, 41.519498], [-8.685472, 41.528529], [-8.69031, 41.537549], [-8.690876, 41.546558], [-8.687771, 41.555557], [-8.680632, 41.564545], [-8.672821, 41.570371]]], [[[-8.51044, 41.669203], [-8.509574, 41.671828], [-8.51018, 41.672806], [-8.511968, 41.670549], [-8.51044, 41.669203]]], [[[-7.889541, 41.783241], [-7.913783, 41.772869], [-7.949867, 41.773607], [-7.961919, 41.772307], [-7.986102, 41.764755], [-8.010176, 41.763891], [-8.022273, 41.759457], [-8.032687, 41.750068], [-8.035753, 41.741086], [-8.03347, 41.73206], [-8.022858, 41.720875], [-8.010918, 41.715532], [-7.998917, 41.714227], [-7.98687, 41.715895], [-7.962714, 41.722965], [-7.950738, 41.720098], [-7.933932, 41.704159], [-7.927032, 41.699805], [-7.915086, 41.695492], [-7.903068, 41.695553], [-7.890975, 41.699936], [-7.880953, 41.712662], [-7.874431, 41.730612], [-7.866335, 41.734312], [-7.842181, 41.740119], [-7.823865, 41.74812], [-7.816552, 41.757051], [-7.814975, 41.766042], [-7.819481, 41.775095], [-7.829388, 41.782388], [-7.84135, 41.786339], [-7.865411, 41.786789], [-7.889541, 41.783241]], [[-7.889679, 41.775225], [-7.877556, 41.780448], [-7.865489, 41.782353], [-7.853459, 41.782159], [-7.841479, 41.779198], [-7.834347, 41.775247], [-7.827594, 41.766171], [-7.82776, 41.757166], [-7.834537, 41.748228], [-7.842104, 41.744454], [-7.854208, 41.740089], [-7.878342, 41.735339], [-7.883574, 41.730702], [-7.881719, 41.721677], [-7.884259, 41.712694], [-7.890893, 41.704724], [-7.90297, 41.701288], [-7.91493, 41.704762], [-7.923553, 41.713069], [-7.924773, 41.722088], [-7.921194, 41.731061], [-7.910626, 41.739968], [-7.905051, 41.757929], [-7.901958, 41.760742], [-7.899625, 41.766884], [-7.889679, 41.775225]], [[-7.96213, 41.759227], [-7.955007, 41.767401], [-7.949945, 41.768803], [-7.933929, 41.767207], [-7.925746, 41.758124], [-7.928816, 41.749146], [-7.938316, 41.744395], [-7.950336, 41.744806], [-7.958458, 41.749419], [-7.96213, 41.759227]], [[-8.022419, 41.749823], [-8.010327, 41.754073], [-7.998324, 41.752427], [-7.992482, 41.749722], [-7.983127, 41.740633], [-7.983195, 41.731626], [-7.991745, 41.722695], [-7.998829, 41.719903], [-8.01086, 41.719346], [-8.022795, 41.725054], [-8.029006, 41.732023], [-8.029547, 41.741034], [-8.022419, 41.749823]]], [[[-8.239381, 41.710369], [-8.243995, 41.706617], [-8.249737, 41.697648], [-8.251271, 41.688651], [-8.249016, 41.679629], [-8.239847, 41.670813], [-8.227896, 41.665665], [-8.215898, 41.664528], [-8.203861, 41.666552], [-8.191769, 41.672938], [-8.185885, 41.679199], [-8.181514, 41.688175], [-8.181254, 41.69718], [-8.185237, 41.706216], [-8.191283, 41.711775], [-8.203228, 41.71784], [-8.215227, 41.719722], [-8.227275, 41.717521], [-8.239381, 41.710369]], [[-8.239346, 41.69758], [-8.234045, 41.706551], [-8.227352, 41.711104], [-8.215289, 41.714614], [-8.203283, 41.713394], [-8.191063, 41.706257], [-8.185993, 41.697214], [-8.187111, 41.688215], [-8.191657, 41.681844], [-8.203764, 41.674414], [-8.215792, 41.673206], [-8.227768, 41.676369], [-8.232649, 41.679521], [-8.239245, 41.688572], [-8.239346, 41.69758]]], [[[-8.14415, 41.640165], [-8.148461, 41.633893], [-8.144299, 41.628857], [-8.132332, 41.626055], [-8.124309, 41.633711], [-8.130302, 41.642764], [-8.138447, 41.642825], [-8.14415, 41.640165]]], [[[-8.079788, 41.551775], [-8.097282, 41.556947], [-8.109269, 41.557275], [-8.121292, 41.554936], [-8.133372, 41.548349], [-8.138014, 41.543743], [-8.141689, 41.534763], [-8.14038, 41.525746], [-8.131997, 41.516676], [-8.109928, 41.509253], [-8.092099, 41.508803], [-8.0906, 41.512985], [-8.097915, 41.511362], [-8.10989, 41.511979], [-8.124283, 41.516617], [-8.132296, 41.525685], [-8.132607, 41.534695], [-8.12611, 41.543653], [-8.121403, 41.54677], [-8.109365, 41.550293], [-8.097378, 41.550004], [-8.08361, 41.5449], [-8.082186, 41.550752], [-8.079788, 41.551775]]], [[[-8.373537, 41.510877], [-8.379846, 41.500264], [-8.381584, 41.482259], [-8.377296, 41.464221], [-8.371785, 41.455184], [-8.362182, 41.446892], [-8.350258, 41.442091], [-8.338303, 41.44058], [-8.326321, 41.441681], [-8.314296, 41.446836], [-8.306259, 41.454807], [-8.302161, 41.462139], [-8.299644, 41.472782], [-8.30173, 41.490809], [-8.305449, 41.499839], [-8.313609, 41.511975], [-8.325498, 41.52109], [-8.337445, 41.524864], [-8.349432, 41.524742], [-8.361458, 41.52062], [-8.373537, 41.510877]], [[-8.371803, 41.500221], [-8.361554, 41.510847], [-8.349522, 41.515683], [-8.337534, 41.516063], [-8.325588, 41.512445], [-8.313711, 41.502359], [-8.307788, 41.490846], [-8.306572, 41.481831], [-8.308403, 41.472835], [-8.314287, 41.463863], [-8.32617, 41.456226], [-8.338167, 41.453969], [-8.350126, 41.455326], [-8.362049, 41.460426], [-8.372326, 41.473201], [-8.375045, 41.482224], [-8.375014, 41.491231], [-8.371803, 41.500221]]], [[[-8.148658, 41.373932], [-8.157341, 41.39076], [-8.16531, 41.399826], [-8.176879, 41.408917], [-8.194937, 41.418041], [-8.206859, 41.421714], [-8.230764, 41.424088], [-8.242741, 41.423257], [-8.263163, 41.418509], [-8.27882, 41.409601], [-8.286037, 41.400639], [-8.28909, 41.39165], [-8.29041, 41.373643], [-8.288508, 41.355616], [-8.283277, 41.337568], [-8.276104, 41.324905], [-8.269582, 41.326939], [-8.265709, 41.331221], [-8.269004, 41.336169], [-8.263339, 41.340902], [-8.262751, 41.345405], [-8.259436, 41.346309], [-8.267216, 41.355482], [-8.271686, 41.364518], [-8.273585, 41.382546], [-8.270835, 41.391536], [-8.264395, 41.400502], [-8.254889, 41.407488], [-8.242868, 41.412389], [-8.230878, 41.414482], [-8.218913, 41.414413], [-8.206974, 41.41223], [-8.195067, 41.407549], [-8.183615, 41.399957], [-8.175389, 41.390891], [-8.170231, 41.377212], [-8.1642, 41.38059], [-8.152544, 41.375866], [-8.151049, 41.37339], [-8.148658, 41.373932]]]]}}, {"id": "10", "type": "Feature", "properties": {"fill": "#a3a3a3", "value_min": -0.5, "value_max": -0.25}, "geometry": {"type": "MultiPolygon", "coordinates": [[[[-7.853541, 41.777574], [-7.865559, 41.778357], [-7.877642, 41.775487], [-7.889211, 41.766784], [-7.89263, 41.75781], [-7.888747, 41.748765], [-7.878216, 41.742579], [-7.86621, 41.741427], [-7.854149, 41.743358], [-7.842844, 41.748312], [-7.835385, 41.757244], [-7.83622, 41.766259], [-7.841611, 41.771835], [-7.853541, 41.777574]], [[-7.865629, 41.774421], [-7.853623, 41.772968], [-7.84388, 41.766336], [-7.842196, 41.757313], [-7.850084, 41.748385], [-7.866153, 41.744671], [-7.879428, 41.748675], [-7.885656, 41.757742], [-7.882575, 41.766719], [-7.877732, 41.770363], [-7.865629, 41.774421]]], [[[-8.455543, 41.69548], [-8.443914, 41.688591], [-8.43192, 41.686061], [-8.419892, 41.687332], [-8.407844, 41.690893], [-8.395774, 41.696543], [-8.384655, 41.707457], [-8.381775, 41.716448], [-8.382991, 41.725462], [-8.386396, 41.731442], [-8.39814, 41.729684], [-8.394234, 41.725522], [-8.392791, 41.716507], [-8.397865, 41.707527], [-8.407748, 41.70132], [-8.419788, 41.69898], [-8.431789, 41.700888], [-8.443237, 41.709019], [-8.453868, 41.697961], [-8.453255, 41.695487], [-8.455543, 41.69548]]], [[[-8.010431, 41.747283], [-8.022535, 41.742198], [-8.024542, 41.731985], [-8.0108, 41.723258], [-7.998724, 41.726657], [-7.993201, 41.731714], [-7.995, 41.740737], [-7.998461, 41.74363], [-8.010431, 41.747283]], [[-8.008518, 41.740855], [-8.00261, 41.731797], [-8.010722, 41.728293], [-8.017256, 41.731923], [-8.01216, 41.740886], [-8.008518, 41.740855]]], [[[-7.890486, 41.728399], [-7.90249, 41.729509], [-7.912715, 41.721974], [-7.912488, 41.712965], [-7.902873, 41.706994], [-7.890823, 41.708813], [-7.887566, 41.712726], [-7.886229, 41.72172], [-7.890486, 41.728399]], [[-7.900205, 41.721855], [-7.896836, 41.712816], [-7.9031, 41.712876], [-7.902698, 41.721879], [-7.900205, 41.721855]]], [[[-8.203331, 41.709498], [-8.215341, 41.710313], [-8.224671, 41.706489], [-8.231831, 41.69753], [-8.230241, 41.688512], [-8.227655, 41.685766], [-8.215713, 41.679749], [-8.203689, 41.680498], [-8.192969, 41.688256], [-8.190732, 41.697247], [-8.197842, 41.706304], [-8.203331, 41.709498]], [[-8.203384, 41.705195], [-8.196196, 41.697286], [-8.19985, 41.688304], [-8.203626, 41.685571], [-8.215645, 41.685346], [-8.220844, 41.688449], [-8.224363, 41.697479], [-8.215397, 41.705755], [-8.203384, 41.705195]]], [[[-8.444129, 41.663585], [-8.456138, 41.663849], [-8.468177, 41.660484], [-8.480259, 41.651772], [-8.485532, 41.644903], [-8.488255, 41.635907], [-8.487223, 41.626896], [-8.481586, 41.617863], [-8.469961, 41.608803], [-8.456641, 41.604046], [-8.444651, 41.602744], [-8.43264, 41.604019], [-8.420311, 41.608563], [-8.410064, 41.617518], [-8.406586, 41.626508], [-8.408033, 41.635522], [-8.413196, 41.644556], [-8.420214, 41.651494], [-8.432149, 41.659905], [-8.444129, 41.663585]], [[-8.444244, 41.650187], [-8.429272, 41.644637], [-8.41993, 41.635583], [-8.417551, 41.626564], [-8.421675, 41.617577], [-8.432583, 41.610541], [-8.444604, 41.608307], [-8.456588, 41.610309], [-8.468532, 41.617321], [-8.474296, 41.626837], [-8.473371, 41.63584], [-8.465322, 41.64481], [-8.456261, 41.649268], [-8.444244, 41.650187]]], [[[-8.624922, 41.556787], [-8.639174, 41.555415], [-8.648932, 41.551919], [-8.656092, 41.546459], [-8.661252, 41.537467], [-8.661204, 41.52846], [-8.656745, 41.519439], [-8.645701, 41.510398], [-8.637198, 41.505923], [-8.625237, 41.502281], [-8.613258, 41.501755], [-8.601254, 41.505371], [-8.595456, 41.510232], [-8.590396, 41.519222], [-8.589576, 41.528226], [-8.592247, 41.537243], [-8.600994, 41.547713], [-8.612946, 41.554228], [-8.624922, 41.556787]], [[-8.625001, 41.543203], [-8.613028, 41.540341], [-8.608931, 41.537301], [-8.603396, 41.528275], [-8.605627, 41.519275], [-8.613189, 41.513356], [-8.625184, 41.511373], [-8.637144, 41.515733], [-8.641907, 41.519394], [-8.645423, 41.528412], [-8.640999, 41.537406], [-8.637006, 41.540347], [-8.625001, 41.543203]]], [[[-8.096603, 41.543554], [-8.109447, 41.544293], [-8.121516, 41.538426], [-8.124925, 41.534637], [-8.125816, 41.525636], [-8.115741, 41.516552], [-8.109853, 41.514703], [-8.097872, 41.514499], [-8.091196, 41.516436], [-8.089398, 41.519468], [-8.090594, 41.522169], [-8.093289, 41.522786], [-8.097808, 41.51911], [-8.109799, 41.518628], [-8.118709, 41.525582], [-8.115724, 41.534566], [-8.109531, 41.538161], [-8.097774, 41.537435], [-8.106759, 41.543557], [-8.096603, 41.543554]]], [[[-8.092401, 41.532749], [-8.092401, 41.532749], [-8.092385, 41.532696], [-8.092401, 41.532749]]], [[[-8.092193, 41.532073], [-8.092193, 41.532073], [-8.091638, 41.530272], [-8.092193, 41.532073]]], [[[-8.336325, 41.509029], [-8.349591, 41.5088], [-8.361633, 41.502807], [-8.368911, 41.491198], [-8.368921, 41.48219], [-8.361954, 41.470073], [-8.350044, 41.463531], [-8.338083, 41.462179], [-8.326074, 41.465516], [-8.317268, 41.472888], [-8.313207, 41.481871], [-8.313845, 41.490882], [-8.319327, 41.499922], [-8.325661, 41.505408], [-8.336325, 41.509029]], [[-8.337657, 41.504007], [-8.325732, 41.498512], [-8.320305, 41.490921], [-8.320076, 41.481912], [-8.325991, 41.473579], [-8.338016, 41.468739], [-8.349979, 41.470013], [-8.355021, 41.473106], [-8.362894, 41.482157], [-8.362939, 41.491165], [-8.355051, 41.500128], [-8.349648, 41.50314], [-8.337657, 41.504007]]], [[[-8.565464, 41.481977], [-8.577466, 41.47823], [-8.583044, 41.474158], [-8.589296, 41.465173], [-8.591574, 41.456174], [-8.59007, 41.447161], [-8.584617, 41.438134], [-8.570825, 41.429076], [-8.553876, 41.425005], [-8.5419, 41.426263], [-8.529894, 41.431524], [-8.523053, 41.437895], [-8.518478, 41.446884], [-8.518223, 41.45589], [-8.521914, 41.464913], [-8.529596, 41.472821], [-8.541525, 41.479504], [-8.553485, 41.482144], [-8.565464, 41.481977]], [[-8.55302, 41.474046], [-8.54158, 41.471724], [-8.531787, 41.464954], [-8.527347, 41.455928], [-8.529186, 41.446928], [-8.540066, 41.437965], [-8.553805, 41.43537], [-8.565754, 41.438484], [-8.57562, 41.447109], [-8.578001, 41.456125], [-8.574387, 41.465119], [-8.565533, 41.471593], [-8.55302, 41.474046]]], [[[-8.185823, 41.37608], [-8.185961, 41.381959], [-8.190185, 41.390996], [-8.200767, 41.400078], [-8.207084, 41.403191], [-8.219014, 41.406021], [-8.23098, 41.405803], [-8.246566, 41.400387], [-8.256369, 41.391443], [-8.260013, 41.382459], [-8.259668, 41.373449], [-8.255554, 41.364415], [-8.249334, 41.358669], [-8.248448, 41.364328], [-8.245461, 41.364781], [-8.242481, 41.369441], [-8.245778, 41.373359], [-8.247146, 41.382376], [-8.242023, 41.391349], [-8.231087, 41.396733], [-8.219118, 41.397266], [-8.207212, 41.392675], [-8.199928, 41.382057], [-8.200606, 41.377648], [-8.194976, 41.374275], [-8.191691, 41.376302], [-8.185823, 41.37608]]], [[[-8.489691, 41.233275], [-8.495452, 41.242103], [-8.507299, 41.253672], [-8.519181, 41.261096], [-8.531084, 41.265939], [-8.543, 41.269053], [-8.566865, 41.271026], [-8.614642, 41.267815], [-8.626553, 41.272662], [-8.651181, 41.303241], [-8.671286, 41.321315], [-8.697887, 41.338728], [-8.721748, 41.348652], [-8.745638, 41.353043], [-8.769551, 41.351698], [-8.793482, 41.344765], [-8.807298, 41.337404], [-8.802913, 41.226019], [-8.781947, 41.219138], [-8.770021, 41.218061], [-8.74615, 41.220925], [-8.698378, 41.232081], [-8.674504, 41.234006], [-8.662573, 41.233585], [-8.652504, 41.231182], [-8.638792, 41.218318], [-8.620415, 41.178997], [-8.613374, 41.177451], [-8.608583, 41.174095], [-8.609164, 41.172066], [-8.604942, 41.164881], [-8.59422, 41.165149], [-8.589174, 41.167645], [-8.589194, 41.170572], [-8.583263, 41.174422], [-8.582094, 41.177803], [-8.578825, 41.178941], [-8.580375, 41.187903], [-8.580432, 41.187939], [-8.580675, 41.188091], [-8.59122, 41.194743], [-8.599016, 41.203985], [-8.602976, 41.213006], [-8.604117, 41.222018], [-8.602089, 41.231019], [-8.596042, 41.240006], [-8.581617, 41.248962], [-8.566987, 41.252664], [-8.555049, 41.252922], [-8.543127, 41.250834], [-8.531228, 41.245752], [-8.522959, 41.239726], [-8.515896, 41.230689], [-8.512897, 41.221668], [-8.51308, 41.212661], [-8.518738, 41.200542], [-8.51163, 41.203042], [-8.510456, 41.206197], [-8.505693, 41.207113], [-8.504239, 41.213646], [-8.500076, 41.21546], [-8.50308, 41.219502], [-8.502204, 41.222656], [-8.495642, 41.222227], [-8.488056, 41.230354], [-8.488132, 41.230579], [-8.488235, 41.230758], [-8.488262, 41.230804], [-8.489691, 41.233275]], [[-8.757655, 41.336212], [-8.73374, 41.339151], [-8.709853, 41.335307], [-8.686007, 41.323594], [-8.67221, 41.31231], [-8.664808, 41.303281], [-8.658006, 41.285246], [-8.658796, 41.27624], [-8.663282, 41.267246], [-8.673257, 41.258266], [-8.68635, 41.25219], [-8.6983, 41.248956], [-8.710246, 41.246537], [-8.734125, 41.24446], [-8.757985, 41.246985], [-8.769906, 41.250974], [-8.782792, 41.258525], [-8.791781, 41.26755], [-8.796992, 41.276567], [-8.799494, 41.285579], [-8.797392, 41.303591], [-8.79258, 41.31259], [-8.784853, 41.321583], [-8.77183, 41.330566], [-8.757655, 41.336212]]]]}}, {"id": "11", "type": "Feature", "properties": {"fill": "#a3a3a3", "value_min": -0.25, "value_max": -0.0}, "geometry": {"type": "MultiPolygon", "coordinates": [[[[-7.865629, 41.774421], [-7.877732, 41.770363], [-7.882575, 41.766719], [-7.885656, 41.757742], [-7.879428, 41.748675], [-7.866153, 41.744671], [-7.850084, 41.748385], [-7.842196, 41.757313], [-7.84388, 41.766336], [-7.853623, 41.772968], [-7.865629, 41.774421]], [[-7.853705, 41.768346], [-7.850856, 41.766406], [-7.847823, 41.757369], [-7.854012, 41.751078], [-7.86247, 41.748508], [-7.8683, 41.748566], [-7.879845, 41.757686], [-7.875305, 41.766648], [-7.865696, 41.770623], [-7.853705, 41.768346]]], [[[-8.008518, 41.740855], [-8.01216, 41.740886], [-8.017256, 41.731923], [-8.010722, 41.728293], [-8.00261, 41.731797], [-8.008518, 41.740855]]], [[[-8.443237, 41.709019], [-8.431789, 41.700888], [-8.419788, 41.69898], [-8.407748, 41.70132], [-8.397865, 41.707527], [-8.392791, 41.716507], [-8.394234, 41.725522], [-8.39814, 41.729684], [-8.400531, 41.726683], [-8.402934, 41.726452], [-8.404721, 41.722847], [-8.407711, 41.72329], [-8.405373, 41.716573], [-8.407635, 41.713588], [-8.419695, 41.709315], [-8.430031, 41.716698], [-8.428056, 41.719863], [-8.435927, 41.714441], [-8.441333, 41.714201], [-8.443237, 41.709019]]], [[[-7.900205, 41.721855], [-7.902698, 41.721879], [-7.9031, 41.712876], [-7.896836, 41.712816], [-7.900205, 41.721855]]], [[[-8.203384, 41.705195], [-8.215397, 41.705755], [-8.224363, 41.697479], [-8.220844, 41.688449], [-8.215645, 41.685346], [-8.203626, 41.685571], [-8.19985, 41.688304], [-8.196196, 41.697286], [-8.203384, 41.705195]], [[-8.203459, 41.69916], [-8.201791, 41.697325], [-8.203526, 41.693748], [-8.215531, 41.694689], [-8.216956, 41.697429], [-8.215481, 41.69879], [-8.203459, 41.69916]]], [[[-8.444244, 41.650187], [-8.456261, 41.649268], [-8.465322, 41.64481], [-8.473371, 41.63584], [-8.474296, 41.626837], [-8.468532, 41.617321], [-8.456588, 41.610309], [-8.444604, 41.608307], [-8.432583, 41.610541], [-8.421675, 41.617577], [-8.417551, 41.626564], [-8.41993, 41.635583], [-8.429272, 41.644637], [-8.444244, 41.650187]], [[-8.444321, 41.641234], [-8.432352, 41.636871], [-8.427305, 41.626613], [-8.432864, 41.617633], [-8.444551, 41.614439], [-8.457499, 41.617752], [-8.463469, 41.626787], [-8.460156, 41.635779], [-8.45635, 41.638698], [-8.444321, 41.641234]]], [[[-8.625001, 41.543203], [-8.637006, 41.540347], [-8.640999, 41.537406], [-8.645423, 41.528412], [-8.641907, 41.519394], [-8.637144, 41.515733], [-8.625184, 41.511373], [-8.613189, 41.513356], [-8.605627, 41.519275], [-8.603396, 41.528275], [-8.608931, 41.537301], [-8.613028, 41.540341], [-8.625001, 41.543203]]], [[[-8.097774, 41.537435], [-8.109531, 41.538161], [-8.115724, 41.534566], [-8.118709, 41.525582], [-8.109799, 41.518628], [-8.097808, 41.51911], [-8.093289, 41.522786], [-8.091638, 41.530272], [-8.092193, 41.532073], [-8.092385, 41.532696], [-8.092401, 41.532749], [-8.095978, 41.534325], [-8.097774, 41.537435]], [[-8.103424, 41.525464], [-8.109713, 41.524903], [-8.110502, 41.525519], [-8.109681, 41.527244], [-8.103424, 41.525464]]], [[[-8.337657, 41.504007], [-8.349648, 41.50314], [-8.355051, 41.500128], [-8.362939, 41.491165], [-8.362894, 41.482157], [-8.355021, 41.473106], [-8.349979, 41.470013], [-8.338016, 41.468739], [-8.325991, 41.473579], [-8.320076, 41.481912], [-8.320305, 41.490921], [-8.325732, 41.498512], [-8.337657, 41.504007]], [[-8.337717, 41.498185], [-8.327334, 41.490962], [-8.327593, 41.481956], [-8.33795, 41.475219], [-8.34991, 41.476903], [-8.355366, 41.482115], [-8.355625, 41.491124], [-8.349712, 41.496707], [-8.337717, 41.498185]]], [[[-8.55302, 41.474046], [-8.565533, 41.471593], [-8.574387, 41.465119], [-8.578001, 41.456125], [-8.57562, 41.447109], [-8.565754, 41.438484], [-8.553805, 41.43537], [-8.540066, 41.437965], [-8.529186, 41.446928], [-8.527347, 41.455928], [-8.531787, 41.464954], [-8.54158, 41.471724], [-8.55302, 41.474046]], [[-8.54808, 41.465019], [-8.541647, 41.46217], [-8.537944, 41.455971], [-8.541746, 41.448166], [-8.553738, 41.445165], [-8.558357, 41.447044], [-8.56575, 41.456079], [-8.556697, 41.465052], [-8.553595, 41.4661], [-8.54808, 41.465019]]], [[[-8.200606, 41.377648], [-8.199928, 41.382057], [-8.207212, 41.392675], [-8.219118, 41.397266], [-8.231087, 41.396733], [-8.242023, 41.391349], [-8.247146, 41.382376], [-8.245778, 41.373359], [-8.242481, 41.369441], [-8.239197, 41.371315], [-8.232024, 41.369971], [-8.224854, 41.370878], [-8.21738, 41.368182], [-8.211712, 41.376065], [-8.200606, 41.377648]]], [[[-8.757655, 41.336212], [-8.77183, 41.330566], [-8.784853, 41.321583], [-8.79258, 41.31259], [-8.797392, 41.303591], [-8.799494, 41.285579], [-8.796992, 41.276567], [-8.791781, 41.26755], [-8.782792, 41.258525], [-8.769906, 41.250974], [-8.757985, 41.246985], [-8.734125, 41.24446], [-8.710246, 41.246537], [-8.6983, 41.248956], [-8.68635, 41.25219], [-8.673257, 41.258266], [-8.663282, 41.267246], [-8.658796, 41.27624], [-8.658006, 41.285246], [-8.664808, 41.303281], [-8.67221, 41.31231], [-8.686007, 41.323594], [-8.709853, 41.335307], [-8.73374, 41.339151], [-8.757655, 41.336212]], [[-8.733781, 41.32906], [-8.72183, 41.32928], [-8.709889, 41.3273], [-8.69796, 41.322856], [-8.682898, 41.31234], [-8.675894, 41.303313], [-8.672523, 41.294295], [-8.672611, 41.285288], [-8.676547, 41.276291], [-8.686009, 41.26731], [-8.698243, 41.261454], [-8.722135, 41.257583], [-8.734069, 41.258314], [-8.745995, 41.260962], [-8.759528, 41.267487], [-8.769811, 41.277973], [-8.773759, 41.285531], [-8.774967, 41.294541], [-8.772992, 41.303545], [-8.767504, 41.312542], [-8.75674, 41.321527], [-8.745741, 41.326468], [-8.733781, 41.32906]]], [[[-8.518738, 41.200542], [-8.51308, 41.212661], [-8.512897, 41.221668], [-8.515896, 41.230689], [-8.522959, 41.239726], [-8.531228, 41.245752], [-8.543127, 41.250834], [-8.555049, 41.252922], [-8.566987, 41.252664], [-8.581617, 41.248962], [-8.596042, 41.240006], [-8.602089, 41.231019], [-8.604117, 41.222018], [-8.602976, 41.213006], [-8.599016, 41.203985], [-8.59122, 41.194743], [-8.580675, 41.188091], [-8.581296, 41.191762], [-8.575958, 41.195609], [-8.576894, 41.201908], [-8.574515, 41.202593], [-8.57423, 41.20462], [-8.567971, 41.204644], [-8.565895, 41.206227], [-8.566808, 41.20895], [-8.572728, 41.212898], [-8.576253, 41.221919], [-8.569955, 41.230903], [-8.56712, 41.232463], [-8.55518, 41.233537], [-8.54803, 41.230819], [-8.543299, 41.226168], [-8.54106, 41.221784], [-8.543386, 41.21369], [-8.555357, 41.207538], [-8.564719, 41.208693], [-8.559636, 41.206251], [-8.554271, 41.20627], [-8.549521, 41.209214], [-8.544157, 41.209458], [-8.54238, 41.211265], [-8.532257, 41.213102], [-8.52653, 41.202542], [-8.523236, 41.200077], [-8.518738, 41.200542]]], [[[-8.580432, 41.187939], [-8.580432, 41.187939], [-8.580375, 41.187903], [-8.580432, 41.187939]]], [[[-8.564835, 41.208707], [-8.564835, 41.208707], [-8.565018, 41.20873], [-8.564835, 41.208707]]]]}}, {"id": "12", "type": "Feature", "properties": {"fill": "#a3a3a3", "value_min": 0.0, "value_max": -0.25}, "geometry": {"type": "MultiPolygon", "coordinates": [[[[-7.853705, 41.768346], [-7.865696, 41.770623], [-7.875305, 41.766648], [-7.879845, 41.757686], [-7.8683, 41.748566], [-7.86247, 41.748508], [-7.854012, 41.751078], [-7.847823, 41.757369], [-7.850856, 41.766406], [-7.853705, 41.768346]], [[-7.864463, 41.766542], [-7.853452, 41.757426], [-7.866013, 41.752629], [-7.873024, 41.757619], [-7.866402, 41.766561], [-7.864463, 41.766542]]], [[[-8.428056, 41.719863], [-8.430031, 41.716698], [-8.419695, 41.709315], [-8.407635, 41.713588], [-8.405373, 41.716573], [-8.407711, 41.72329], [-8.417349, 41.725067], [-8.422737, 41.720552], [-8.428056, 41.719863]]], [[[-8.203459, 41.69916], [-8.215481, 41.69879], [-8.216956, 41.697429], [-8.215531, 41.694689], [-8.203526, 41.693748], [-8.201791, 41.697325], [-8.203459, 41.69916]]], [[[-8.444321, 41.641234], [-8.45635, 41.638698], [-8.460156, 41.635779], [-8.463469, 41.626787], [-8.457499, 41.617752], [-8.444551, 41.614439], [-8.432864, 41.617633], [-8.427305, 41.626613], [-8.432352, 41.636871], [-8.444321, 41.641234]], [[-8.44123, 41.626681], [-8.444466, 41.624336], [-8.448453, 41.626716], [-8.44442, 41.629694], [-8.44123, 41.626681]]], [[[-8.103424, 41.525464], [-8.109681, 41.527244], [-8.110502, 41.525519], [-8.109713, 41.524903], [-8.103424, 41.525464]]], [[[-8.337717, 41.498185], [-8.349712, 41.496707], [-8.355625, 41.491124], [-8.355366, 41.482115], [-8.34991, 41.476903], [-8.33795, 41.475219], [-8.327593, 41.481956], [-8.327334, 41.490962], [-8.337717, 41.498185]], [[-8.337653, 41.491022], [-8.337807, 41.489298], [-8.338429, 41.491026], [-8.337653, 41.491022]]], [[[-8.54808, 41.465019], [-8.553595, 41.4661], [-8.556697, 41.465052], [-8.56575, 41.456079], [-8.558357, 41.447044], [-8.553738, 41.445165], [-8.541746, 41.448166], [-8.537944, 41.455971], [-8.541647, 41.46217], [-8.54808, 41.465019]]], [[[-8.733781, 41.32906], [-8.745741, 41.326468], [-8.75674, 41.321527], [-8.767504, 41.312542], [-8.772992, 41.303545], [-8.774967, 41.294541], [-8.773759, 41.285531], [-8.769811, 41.277973], [-8.759528, 41.267487], [-8.745995, 41.260962], [-8.734069, 41.258314], [-8.722135, 41.257583], [-8.698243, 41.261454], [-8.686009, 41.26731], [-8.676547, 41.276291], [-8.672611, 41.285288], [-8.672523, 41.294295], [-8.675894, 41.303313], [-8.682898, 41.31234], [-8.69796, 41.322856], [-8.709889, 41.3273], [-8.72183, 41.32928], [-8.733781, 41.32906]], [[-8.733821, 41.319246], [-8.721865, 41.321067], [-8.709923, 41.319628], [-8.697997, 41.314779], [-8.686104, 41.303363], [-8.683394, 41.294326], [-8.685132, 41.285323], [-8.692859, 41.276336], [-8.69819, 41.272864], [-8.710148, 41.26892], [-8.72209, 41.268144], [-8.73402, 41.270232], [-8.746648, 41.276467], [-8.754372, 41.285491], [-8.756627, 41.294504], [-8.754656, 41.303508], [-8.747408, 41.3125], [-8.733821, 41.319246]]], [[[-8.564719, 41.208693], [-8.555357, 41.207538], [-8.543386, 41.21369], [-8.54106, 41.221784], [-8.543299, 41.226168], [-8.54803, 41.230819], [-8.55518, 41.233537], [-8.56712, 41.232463], [-8.569955, 41.230903], [-8.576253, 41.221919], [-8.572728, 41.212898], [-8.566808, 41.20895], [-8.565018, 41.20873], [-8.564835, 41.208707], [-8.564719, 41.208693]]]]}}, {"id": "13", "type": "Feature", "properties": {"fill": "#a3a3a3", "value_min": 0.25, "value_max": -0.5}, "geometry": {"type": "MultiPolygon", "coordinates": [[[[-7.864463, 41.766542], [-7.866402, 41.766561], [-7.873024, 41.757619], [-7.866013, 41.752629], [-7.853452, 41.757426], [-7.864463, 41.766542]]], [[[-8.44123, 41.626681], [-8.44442, 41.629694], [-8.448453, 41.626716], [-8.444466, 41.624336], [-8.44123, 41.626681]]], [[[-8.337653, 41.491022], [-8.338429, 41.491026], [-8.337807, 41.489298], [-8.337653, 41.491022]]], [[[-8.733821, 41.319246], [-8.747408, 41.3125], [-8.754656, 41.303508], [-8.756627, 41.294504], [-8.754372, 41.285491], [-8.746648, 41.276467], [-8.73402, 41.270232], [-8.72209, 41.268144], [-8.710148, 41.26892], [-8.69819, 41.272864], [-8.692859, 41.276336], [-8.685132, 41.285323], [-8.683394, 41.294326], [-8.686104, 41.303363], [-8.697997, 41.314779], [-8.709923, 41.319628], [-8.721865, 41.321067], [-8.733821, 41.319246]], [[-8.740236, 41.294468], [-8.737607, 41.30347], [-8.733872, 41.306786], [-8.721903, 41.312052], [-8.709961, 41.311051], [-8.698048, 41.303824], [-8.695042, 41.294357], [-8.699167, 41.28536], [-8.7101, 41.279588], [-8.722044, 41.279035], [-8.735915, 41.285451], [-8.740236, 41.294468]]]]}}, {"id": "7", "type": "Feature", "properties": {"fill": "#b6a27f", "value_min": -1.25, "value_max": -1.0}, "geometry": {"type": "MultiPolygon", "coordinates": [[[[-8.363129, 41.735318], [-8.334815, 41.671151], [-8.333949, 41.662138], [-8.335498, 41.65314], [-8.339232, 41.644155], [-8.352578, 41.626216], [-8.372814, 41.608314], [-8.388958, 41.599394], [-8.396705, 41.596812], [-8.420747, 41.591992], [-8.480868, 41.590838], [-8.491405, 41.581878], [-8.495731, 41.57289], [-8.504962, 41.562301], [-8.516998, 41.556521], [-8.541018, 41.551253], [-8.548544, 41.546087], [-8.551866, 41.537093], [-8.552207, 41.528087], [-8.547413, 41.510053], [-8.539696, 41.501015], [-8.506935, 41.473857], [-8.499566, 41.464818], [-8.495027, 41.455791], [-8.490213, 41.437754], [-8.491522, 41.419745], [-8.494734, 41.410752], [-8.506242, 41.393871], [-8.518269, 41.385008], [-8.530254, 41.381618], [-8.542205, 41.382798], [-8.55414, 41.386377], [-8.628746, 41.42027], [-8.642797, 41.429322], [-8.64518, 41.438337], [-8.633517, 41.465323], [-8.633158, 41.474329], [-8.637348, 41.48335], [-8.647293, 41.492388], [-8.6612, 41.498933], [-8.673164, 41.502203], [-8.68514, 41.503504], [-8.709114, 41.501206], [-8.730876, 41.492614], [-8.74098, 41.48363], [-8.744919, 41.474631], [-8.745511, 41.465625], [-8.743163, 41.456612], [-8.737922, 41.447593], [-8.713761, 41.420513], [-8.709519, 41.410492], [-8.704202, 41.384458], [-8.695951, 41.366421], [-8.68183, 41.348368], [-8.662063, 41.3325], [-8.65015, 41.325549], [-8.626299, 41.317122], [-8.602414, 41.315433], [-8.578494, 41.319268], [-8.530607, 41.332455], [-8.518658, 41.332179], [-8.506732, 41.32893], [-8.482925, 41.317236], [-8.427714, 41.279371], [-8.427043, 41.281848], [-8.429143, 41.284319], [-8.426171, 41.287028], [-8.426488, 41.291079], [-8.425013, 41.294909], [-8.422037, 41.296942], [-8.422647, 41.299867], [-8.407744, 41.304856], [-8.406262, 41.307335], [-8.402979, 41.307568], [-8.401801, 41.311398], [-8.399712, 41.311628], [-8.400316, 41.313202], [-8.396738, 41.314336], [-8.398835, 41.316131], [-8.393775, 41.31997], [-8.393489, 41.323122], [-8.391701, 41.323944], [-8.411084, 41.334404], [-8.424202, 41.347367], [-8.43307, 41.365427], [-8.434726, 41.38345], [-8.433897, 41.401461], [-8.43608, 41.410479], [-8.44342, 41.419523], [-8.458077, 41.432089], [-8.490489, 41.473786], [-8.520079, 41.500935], [-8.526075, 41.509967], [-8.528967, 41.518987], [-8.528844, 41.527994], [-8.525189, 41.536986], [-8.515596, 41.545953], [-8.505033, 41.552916], [-8.480855, 41.57746], [-8.468813, 41.583073], [-8.456803, 41.584647], [-8.432812, 41.584394], [-8.372872, 41.579769], [-8.360875, 41.579835], [-8.348854, 41.582342], [-8.336799, 41.588071], [-8.321784, 41.599017], [-8.276186, 41.644014], [-8.264143, 41.647113], [-8.240139, 41.646017], [-8.216102, 41.647667], [-8.204044, 41.651653], [-8.191956, 41.657979], [-8.179758, 41.672791], [-8.174694, 41.688126], [-8.175243, 41.697137], [-8.179411, 41.706174], [-8.188132, 41.715243], [-8.203166, 41.722842], [-8.215159, 41.725332], [-8.227194, 41.724293], [-8.24532, 41.715633], [-8.25677, 41.706701], [-8.275711, 41.686367], [-8.287791, 41.680599], [-8.29978, 41.682926], [-8.323634, 41.699798], [-8.335525, 41.712107], [-8.352336, 41.739616], [-8.357897, 41.735103], [-8.363129, 41.735318]], [[-8.239381, 41.710369], [-8.227275, 41.717521], [-8.215227, 41.719722], [-8.203228, 41.71784], [-8.191283, 41.711775], [-8.185237, 41.706216], [-8.181254, 41.69718], [-8.181514, 41.688175], [-8.185885, 41.679199], [-8.191769, 41.672938], [-8.203861, 41.666552], [-8.215898, 41.664528], [-8.227896, 41.665665], [-8.239847, 41.670813], [-8.249016, 41.679629], [-8.251271, 41.688651], [-8.249737, 41.697648], [-8.243995, 41.706617], [-8.239381, 41.710369]], [[-8.661272, 41.485096], [-8.658694, 41.483415], [-8.656389, 41.474401], [-8.661356, 41.468868], [-8.673336, 41.468071], [-8.681014, 41.474472], [-8.67834, 41.483472], [-8.673247, 41.485801], [-8.661272, 41.485096]], [[-8.649761, 41.398102], [-8.637792, 41.399286], [-8.625835, 41.398283], [-8.613891, 41.395147], [-8.593117, 41.384119], [-8.58391, 41.375078], [-8.57954, 41.366055], [-8.578841, 41.357045], [-8.581683, 41.348047], [-8.590011, 41.33907], [-8.602311, 41.332336], [-8.61428, 41.329191], [-8.626234, 41.328632], [-8.638173, 41.330466], [-8.657868, 41.339291], [-8.66865, 41.348331], [-8.674867, 41.357356], [-8.677813, 41.366372], [-8.677425, 41.375379], [-8.673079, 41.384374], [-8.66238, 41.393351], [-8.649761, 41.398102]]], [[[-8.118143, 41.379469], [-8.129463, 41.390553], [-8.152928, 41.408743], [-8.18288, 41.425272], [-8.206725, 41.432706], [-8.26651, 41.438003], [-8.278425, 41.44296], [-8.285913, 41.454683], [-8.299107, 41.499801], [-8.313473, 41.524838], [-8.325347, 41.535663], [-8.33727, 41.54198], [-8.349255, 41.54242], [-8.361297, 41.537002], [-8.37338, 41.527146], [-8.386118, 41.509306], [-8.388672, 41.500312], [-8.389671, 41.437265], [-8.385038, 41.428233], [-8.374382, 41.423031], [-8.338573, 41.413957], [-8.32667, 41.407932], [-8.319907, 41.400844], [-8.314881, 41.391166], [-8.311772, 41.373773], [-8.313828, 41.35577], [-8.321875, 41.339312], [-8.316788, 41.335876], [-8.313802, 41.336331], [-8.310792, 41.327557], [-8.308701, 41.327561], [-8.307502, 41.325762], [-8.305116, 41.326891], [-8.303024, 41.325994], [-8.303615, 41.323742], [-8.301216, 41.319694], [-8.296431, 41.316774], [-8.297618, 41.313846], [-8.296116, 41.310022], [-8.281801, 41.316569], [-8.279132, 41.324451], [-8.276104, 41.324905], [-8.283277, 41.337568], [-8.288508, 41.355616], [-8.29041, 41.373643], [-8.28909, 41.39165], [-8.286037, 41.400639], [-8.27882, 41.409601], [-8.263163, 41.418509], [-8.242741, 41.423257], [-8.230764, 41.424088], [-8.206859, 41.421714], [-8.194937, 41.418041], [-8.176879, 41.408917], [-8.16531, 41.399826], [-8.157341, 41.39076], [-8.148658, 41.373932], [-8.139694, 41.377894], [-8.133418, 41.374292], [-8.125051, 41.375193], [-8.119672, 41.376768], [-8.118143, 41.379469]], [[-8.373537, 41.510877], [-8.361458, 41.52062], [-8.349432, 41.524742], [-8.337445, 41.524864], [-8.325498, 41.52109], [-8.313609, 41.511975], [-8.305449, 41.499839], [-8.30173, 41.490809], [-8.299644, 41.472782], [-8.302161, 41.462139], [-8.306259, 41.454807], [-8.314296, 41.446836], [-8.326321, 41.441681], [-8.338303, 41.44058], [-8.350258, 41.442091], [-8.362182, 41.446892], [-8.371785, 41.455184], [-8.377296, 41.464221], [-8.381584, 41.482259], [-8.379846, 41.500264], [-8.373537, 41.510877]]], [[[-7.72704, 41.803382], [-7.74474, 41.803585], [-7.75382, 41.801422], [-7.770101, 41.792591], [-7.78128, 41.780998], [-7.793341, 41.779523], [-7.79943, 41.783894], [-7.817188, 41.79143], [-7.829169, 41.79443], [-7.8412, 41.794676], [-7.877368, 41.791199], [-7.901426, 41.791909], [-7.913514, 41.788833], [-7.917966, 41.785072], [-7.925663, 41.781981], [-7.937746, 41.778957], [-7.949779, 41.77895], [-7.985729, 41.788443], [-7.997757, 41.788853], [-8.009837, 41.785945], [-8.021955, 41.780415], [-8.034149, 41.769724], [-8.04076, 41.759142], [-8.043288, 41.750156], [-8.042864, 41.741146], [-8.03888, 41.732106], [-8.022914, 41.717227], [-8.010996, 41.710476], [-7.975087, 41.700901], [-7.939292, 41.685057], [-7.927326, 41.68212], [-7.915306, 41.682395], [-7.903221, 41.686565], [-7.891061, 41.694932], [-7.878765, 41.711018], [-7.874529, 41.721606], [-7.8664, 41.730626], [-7.818082, 41.742756], [-7.803746, 41.747912], [-7.781657, 41.761103], [-7.747811, 41.75021], [-7.747786, 41.754496], [-7.743866, 41.756509], [-7.740214, 41.763924], [-7.726937, 41.771755], [-7.726294, 41.778494], [-7.729604, 41.774136], [-7.733316, 41.772415], [-7.745327, 41.773473], [-7.7519, 41.783387], [-7.744954, 41.792611], [-7.732907, 41.793209], [-7.730053, 41.792155], [-7.724198, 41.7848], [-7.722296, 41.792446], [-7.728879, 41.797871], [-7.72704, 41.803382]], [[-7.889541, 41.783241], [-7.865411, 41.786789], [-7.84135, 41.786339], [-7.829388, 41.782388], [-7.819481, 41.775095], [-7.814975, 41.766042], [-7.816552, 41.757051], [-7.823865, 41.74812], [-7.842181, 41.740119], [-7.866335, 41.734312], [-7.874431, 41.730612], [-7.880953, 41.712662], [-7.890975, 41.699936], [-7.903068, 41.695553], [-7.915086, 41.695492], [-7.927032, 41.699805], [-7.933932, 41.704159], [-7.950738, 41.720098], [-7.962714, 41.722965], [-7.98687, 41.715895], [-7.998917, 41.714227], [-8.010918, 41.715532], [-8.022858, 41.720875], [-8.03347, 41.73206], [-8.035753, 41.741086], [-8.032687, 41.750068], [-8.022273, 41.759457], [-8.010176, 41.763891], [-7.986102, 41.764755], [-7.961919, 41.772307], [-7.949867, 41.773607], [-7.913783, 41.772869], [-7.889541, 41.783241]]], [[[-7.72475, 41.780526], [-7.72475, 41.780526], [-7.724921, 41.780301], [-7.72475, 41.780526]]], [[[-8.023875, 41.653662], [-8.015684, 41.659853], [-8.023706, 41.664835], [-8.030933, 41.659983], [-8.023875, 41.653662]]], [[[-8.164984, 41.634014], [-8.161841, 41.624984], [-8.156409, 41.620842], [-8.144459, 41.616765], [-8.13244, 41.618027], [-8.122563, 41.624691], [-8.116411, 41.633651], [-8.120088, 41.643655], [-8.132017, 41.649543], [-8.144023, 41.649729], [-8.160384, 41.642987], [-8.164984, 41.634014]], [[-8.14415, 41.640165], [-8.138447, 41.642825], [-8.130302, 41.642764], [-8.124309, 41.633711], [-8.132332, 41.626055], [-8.144299, 41.628857], [-8.148461, 41.633893], [-8.14415, 41.640165]]], [[[-8.081578, 41.562451], [-8.097165, 41.565343], [-8.121154, 41.56517], [-8.133191, 41.561888], [-8.145282, 41.5544], [-8.152042, 41.543847], [-8.153032, 41.534847], [-8.150401, 41.52582], [-8.142183, 41.516752], [-8.121913, 41.509101], [-8.0927, 41.505242], [-8.092099, 41.508803], [-8.109928, 41.509253], [-8.131997, 41.516676], [-8.14038, 41.525746], [-8.141689, 41.534763], [-8.138014, 41.543743], [-8.133372, 41.548349], [-8.121292, 41.554936], [-8.109269, 41.557275], [-8.097282, 41.556947], [-8.079788, 41.551775], [-8.074396, 41.549848], [-8.072897, 41.551197], [-8.076188, 41.557276], [-8.079783, 41.558403], [-8.081578, 41.562451]]]]}}, {"id": "6", "type": "Feature", "properties": {"fill": "#e19f31", "value_min": -1.5, "value_max": -1.25}, "geometry": {"type": "MultiPolygon", "coordinates": [[[[-8.352336, 41.739616], [-8.335525, 41.712107], [-8.323634, 41.699798], [-8.29978, 41.682926], [-8.287791, 41.680599], [-8.275711, 41.686367], [-8.25677, 41.706701], [-8.24532, 41.715633], [-8.227194, 41.724293], [-8.215159, 41.725332], [-8.203166, 41.722842], [-8.188132, 41.715243], [-8.179411, 41.706174], [-8.175243, 41.697137], [-8.174694, 41.688126], [-8.179758, 41.672791], [-8.191956, 41.657979], [-8.204044, 41.651653], [-8.216102, 41.647667], [-8.240139, 41.646017], [-8.264143, 41.647113], [-8.276186, 41.644014], [-8.321784, 41.599017], [-8.336799, 41.588071], [-8.348854, 41.582342], [-8.360875, 41.579835], [-8.372872, 41.579769], [-8.432812, 41.584394], [-8.456803, 41.584647], [-8.468813, 41.583073], [-8.480855, 41.57746], [-8.505033, 41.552916], [-8.515596, 41.545953], [-8.525189, 41.536986], [-8.528844, 41.527994], [-8.528967, 41.518987], [-8.526075, 41.509967], [-8.520079, 41.500935], [-8.490489, 41.473786], [-8.458077, 41.432089], [-8.44342, 41.419523], [-8.43608, 41.410479], [-8.433897, 41.401461], [-8.434726, 41.38345], [-8.43307, 41.365427], [-8.424202, 41.347367], [-8.411084, 41.334404], [-8.391701, 41.323944], [-8.386325, 41.323588], [-8.380382, 41.331254], [-8.375305, 41.33104], [-8.37201, 41.328346], [-8.361563, 41.329718], [-8.358276, 41.329049], [-8.357673, 41.327249], [-8.350207, 41.327264], [-8.346032, 41.328847], [-8.342462, 41.333131], [-8.333215, 41.336299], [-8.326363, 41.342163], [-8.324568, 41.341041], [-8.323376, 41.341943], [-8.321875, 41.339312], [-8.313828, 41.35577], [-8.311772, 41.373773], [-8.314881, 41.391166], [-8.319907, 41.400844], [-8.32667, 41.407932], [-8.338573, 41.413957], [-8.374382, 41.423031], [-8.385038, 41.428233], [-8.389671, 41.437265], [-8.388672, 41.500312], [-8.386118, 41.509306], [-8.37338, 41.527146], [-8.361297, 41.537002], [-8.349255, 41.54242], [-8.33727, 41.54198], [-8.325347, 41.535663], [-8.313473, 41.524838], [-8.299107, 41.499801], [-8.285913, 41.454683], [-8.278425, 41.44296], [-8.26651, 41.438003], [-8.206725, 41.432706], [-8.18288, 41.425272], [-8.152928, 41.408743], [-8.129463, 41.390553], [-8.118143, 41.379469], [-8.116384, 41.382395], [-8.117578, 41.386447], [-8.113992, 41.386896], [-8.112795, 41.390723], [-8.110105, 41.390947], [-8.108011, 41.393648], [-8.103827, 41.392972], [-8.105321, 41.394998], [-8.10263, 41.396123], [-8.107412, 41.39815], [-8.108606, 41.401976], [-8.104718, 41.406605], [-8.123215, 41.412486], [-8.1827, 41.439679], [-8.194622, 41.443516], [-8.242435, 41.449618], [-8.254376, 41.452295], [-8.266289, 41.457583], [-8.278136, 41.468966], [-8.296454, 41.508792], [-8.303054, 41.535854], [-8.302653, 41.544859], [-8.299637, 41.553848], [-8.289042, 41.566815], [-8.276955, 41.575168], [-8.252854, 41.584796], [-8.228817, 41.588358], [-8.204842, 41.586778], [-8.192889, 41.583214], [-8.180993, 41.57526], [-8.175321, 41.562031], [-8.168516, 41.53496], [-8.164591, 41.525924], [-8.156791, 41.51686], [-8.145847, 41.511492], [-8.131801, 41.507667], [-8.078332, 41.499982], [-8.0927, 41.505242], [-8.121913, 41.509101], [-8.142183, 41.516752], [-8.150401, 41.52582], [-8.153032, 41.534847], [-8.152042, 41.543847], [-8.145282, 41.5544], [-8.133191, 41.561888], [-8.121154, 41.56517], [-8.097165, 41.565343], [-8.081578, 41.562451], [-8.081576, 41.565157], [-8.078879, 41.56493], [-8.075279, 41.568305], [-8.073182, 41.568079], [-8.068381, 41.572974], [-8.118422, 41.579623], [-8.139993, 41.588794], [-8.13982, 41.5978], [-8.120445, 41.617385], [-8.110001, 41.633601], [-8.110752, 41.642614], [-8.119991, 41.65081], [-8.13193, 41.656008], [-8.157458, 41.66098], [-8.165132, 41.670043], [-8.16845, 41.697088], [-8.171263, 41.706116], [-8.179215, 41.715499], [-8.20308, 41.729841], [-8.21506, 41.733472], [-8.227084, 41.733456], [-8.239163, 41.728906], [-8.263387, 41.713393], [-8.275471, 41.707824], [-8.28752, 41.705146], [-8.299528, 41.706142], [-8.311505, 41.710186], [-8.323441, 41.71822], [-8.33034, 41.725167], [-8.341672, 41.743246], [-8.346705, 41.761008], [-8.349267, 41.760103], [-8.352557, 41.755145], [-8.34982, 41.745922], [-8.349814, 41.744122], [-8.352516, 41.743441], [-8.352336, 41.739616]], [[-8.164984, 41.634014], [-8.160384, 41.642987], [-8.144023, 41.649729], [-8.132017, 41.649543], [-8.120088, 41.643655], [-8.116411, 41.633651], [-8.122563, 41.624691], [-8.13244, 41.618027], [-8.144459, 41.616765], [-8.156409, 41.620842], [-8.161841, 41.624984], [-8.164984, 41.634014]], [[-8.456856, 41.578409], [-8.43287, 41.57775], [-8.410987, 41.572487], [-8.394455, 41.563394], [-8.387428, 41.554349], [-8.386046, 41.545335], [-8.387876, 41.536337], [-8.399933, 41.509378], [-8.396527, 41.482338], [-8.397863, 41.472068], [-8.401769, 41.464351], [-8.409989, 41.455607], [-8.422008, 41.450382], [-8.433983, 41.450058], [-8.445926, 41.45356], [-8.457832, 41.46158], [-8.474428, 41.482721], [-8.497267, 41.500838], [-8.505352, 41.511047], [-8.507808, 41.527905], [-8.505868, 41.536904], [-8.50129, 41.545892], [-8.480931, 41.56798], [-8.468875, 41.575535], [-8.456856, 41.578409]], [[-8.355469, 41.392041], [-8.350767, 41.390952], [-8.340178, 41.382947], [-8.336941, 41.37392], [-8.339037, 41.364925], [-8.351125, 41.355019], [-8.363101, 41.352784], [-8.375034, 41.354964], [-8.387663, 41.365194], [-8.389829, 41.374213], [-8.38639, 41.383202], [-8.374686, 41.391379], [-8.362705, 41.393403], [-8.355469, 41.392041]]], [[[-7.728492, 41.811709], [-7.749463, 41.810381], [-7.780844, 41.803997], [-7.792882, 41.803983], [-7.816851, 41.809725], [-7.828864, 41.811165], [-7.840956, 41.808239], [-7.849579, 41.802421], [-7.865211, 41.798086], [-7.877252, 41.797841], [-7.889227, 41.801423], [-7.892621, 41.802844], [-7.900664, 41.811928], [-7.904546, 41.820972], [-7.904054, 41.847987], [-7.911907, 41.866075], [-7.921624, 41.877834], [-7.928044, 41.87807], [-7.935283, 41.874707], [-7.937389, 41.87516], [-7.941618, 41.870891], [-7.951254, 41.871132], [-7.956367, 41.87339], [-7.956362, 41.875191], [-7.960576, 41.875647], [-7.962086, 41.874074], [-7.97202, 41.875439], [-7.975637, 41.874543], [-7.987996, 41.869157], [-7.990123, 41.860157], [-7.995547, 41.858138], [-7.994047, 41.855211], [-7.996162, 41.851837], [-8.003089, 41.850494], [-8.005804, 41.847346], [-8.007928, 41.838796], [-8.012753, 41.833624], [-8.013363, 41.829124], [-8.017873, 41.831379], [-8.02901, 41.829589], [-8.037134, 41.831171], [-8.041351, 41.828023], [-8.041054, 41.825097], [-8.045268, 41.824425], [-8.046775, 41.821951], [-8.056712, 41.81588], [-8.06664, 41.817012], [-8.07278, 41.813639], [-8.06232, 41.768327], [-8.052049, 41.741222], [-8.034673, 41.723063], [-8.001653, 41.69576], [-7.99714, 41.686714], [-7.999422, 41.681656], [-8.004563, 41.677772], [-8.023547, 41.67539], [-8.037707, 41.669047], [-8.043477, 41.660088], [-8.042353, 41.651072], [-8.03604, 41.643222], [-8.024126, 41.637023], [-8.012149, 41.635069], [-7.97611, 41.636402], [-7.940289, 41.624319], [-7.928301, 41.623332], [-7.916222, 41.6278], [-7.91352, 41.631467], [-7.913267, 41.631811], [-7.913219, 41.631876], [-7.912103, 41.633609], [-7.90779, 41.640326], [-7.907235, 41.641253], [-7.907186, 41.641343], [-7.907113, 41.641478], [-7.906884, 41.641903], [-7.906871, 41.641927], [-7.900826, 41.657864], [-7.902319, 41.66015], [-7.899913, 41.66127], [-7.900198, 41.665547], [-7.898198, 41.666219], [-7.898093, 41.666548], [-7.898055, 41.666668], [-7.885895, 41.694696], [-7.871423, 41.721576], [-7.866462, 41.727077], [-7.854363, 41.731368], [-7.842303, 41.733356], [-7.818229, 41.734708], [-7.794221, 41.732504], [-7.775139, 41.726225], [-7.773485, 41.727345], [-7.770798, 41.724442], [-7.77072, 41.72441], [-7.769299, 41.723785], [-7.769178, 41.72373], [-7.765698, 41.723044], [-7.761765, 41.727758], [-7.763239, 41.732714], [-7.759307, 41.737203], [-7.759597, 41.739005], [-7.75689, 41.739446], [-7.758687, 41.740577], [-7.757758, 41.745301], [-7.747811, 41.75021], [-7.781657, 41.761103], [-7.803746, 41.747912], [-7.818082, 41.742756], [-7.8664, 41.730626], [-7.874529, 41.721606], [-7.878765, 41.711018], [-7.891061, 41.694932], [-7.903221, 41.686565], [-7.915306, 41.682395], [-7.927326, 41.68212], [-7.939292, 41.685057], [-7.975087, 41.700901], [-8.010996, 41.710476], [-8.022914, 41.717227], [-8.03888, 41.732106], [-8.042864, 41.741146], [-8.043288, 41.750156], [-8.04076, 41.759142], [-8.034149, 41.769724], [-8.021955, 41.780415], [-8.009837, 41.785945], [-7.997757, 41.788853], [-7.985729, 41.788443], [-7.949779, 41.77895], [-7.937746, 41.778957], [-7.925663, 41.781981], [-7.917966, 41.785072], [-7.913514, 41.788833], [-7.901426, 41.791909], [-7.877368, 41.791199], [-7.8412, 41.794676], [-7.829169, 41.79443], [-7.817188, 41.79143], [-7.79943, 41.783894], [-7.793341, 41.779523], [-7.78128, 41.780998], [-7.770101, 41.792591], [-7.75382, 41.801422], [-7.74474, 41.803585], [-7.72704, 41.803382], [-7.728492, 41.811709]], [[-7.937422, 41.798609], [-7.93394, 41.794228], [-7.937434, 41.785254], [-7.950777, 41.785376], [-7.954269, 41.794415], [-7.949446, 41.799371], [-7.937422, 41.798609]], [[-8.023875, 41.653662], [-8.030933, 41.659983], [-8.023706, 41.664835], [-8.015684, 41.659853], [-8.023875, 41.653662]]], [[[-8.661272, 41.485096], [-8.673247, 41.485801], [-8.67834, 41.483472], [-8.681014, 41.474472], [-8.673336, 41.468071], [-8.661356, 41.468868], [-8.656389, 41.474401], [-8.658694, 41.483415], [-8.661272, 41.485096]]], [[[-8.649761, 41.398102], [-8.66238, 41.393351], [-8.673079, 41.384374], [-8.677425, 41.375379], [-8.677813, 41.366372], [-8.674867, 41.357356], [-8.66865, 41.348331], [-8.657868, 41.339291], [-8.638173, 41.330466], [-8.626234, 41.328632], [-8.61428, 41.329191], [-8.602311, 41.332336], [-8.590011, 41.33907], [-8.581683, 41.348047], [-8.578841, 41.357045], [-8.57954, 41.366055], [-8.58391, 41.375078], [-8.593117, 41.384119], [-8.613891, 41.395147], [-8.625835, 41.398283], [-8.637792, 41.399286], [-8.649761, 41.398102]], [[-8.625915, 41.384255], [-8.613981, 41.379944], [-8.607256, 41.375161], [-8.601171, 41.366132], [-8.60071, 41.357123], [-8.605943, 41.348133], [-8.614201, 41.342615], [-8.626173, 41.339244], [-8.63812, 41.340041], [-8.654578, 41.348289], [-8.661301, 41.357317], [-8.662311, 41.366328], [-8.657616, 41.375321], [-8.649852, 41.381207], [-8.637873, 41.384701], [-8.625915, 41.384255]]]]}}, {"id": "5", "type": "Feature", "properties": {"fill": "#e57b10", "value_min": -1.75, "value_max": -1.5}, "geometry": {"type": "MultiPolygon", "coordinates": [[[[-7.921624, 41.877834], [-7.911907, 41.866075], [-7.904054, 41.847987], [-7.904546, 41.820972], [-7.900664, 41.811928], [-7.892621, 41.802844], [-7.889227, 41.801423], [-7.877252, 41.797841], [-7.865211, 41.798086], [-7.849579, 41.802421], [-7.840956, 41.808239], [-7.828864, 41.811165], [-7.816851, 41.809725], [-7.792882, 41.803983], [-7.780844, 41.803997], [-7.749463, 41.810381], [-7.728492, 41.811709], [-7.729955, 41.818274], [-7.768606, 41.814493], [-7.780641, 41.814709], [-7.800243, 41.81993], [-7.817218, 41.829112], [-7.828547, 41.838235], [-7.837441, 41.847332], [-7.846887, 41.863044], [-7.849515, 41.861475], [-7.858542, 41.862622], [-7.859456, 41.860148], [-7.864877, 41.859711], [-7.87033, 41.851395], [-7.873043, 41.850501], [-7.873367, 41.844875], [-7.879056, 41.85254], [-7.886268, 41.855932], [-7.888076, 41.855486], [-7.891675, 41.859094], [-7.900698, 41.861588], [-7.904318, 41.859795], [-7.907309, 41.865203], [-7.906095, 41.868126], [-7.910299, 41.871285], [-7.910285, 41.875562], [-7.915391, 41.879397], [-7.921624, 41.877834]], [[-7.86489, 41.8163], [-7.862549, 41.811557], [-7.865008, 41.809606], [-7.877054, 41.809202], [-7.879767, 41.811726], [-7.87692, 41.81687], [-7.86489, 41.8163]]], [[[-8.346705, 41.761008], [-8.341672, 41.743246], [-8.33034, 41.725167], [-8.323441, 41.71822], [-8.311505, 41.710186], [-8.299528, 41.706142], [-8.28752, 41.705146], [-8.275471, 41.707824], [-8.263387, 41.713393], [-8.239163, 41.728906], [-8.227084, 41.733456], [-8.21506, 41.733472], [-8.20308, 41.729841], [-8.179215, 41.715499], [-8.171263, 41.706116], [-8.16845, 41.697088], [-8.165132, 41.670043], [-8.157458, 41.66098], [-8.13193, 41.656008], [-8.119991, 41.65081], [-8.110752, 41.642614], [-8.110001, 41.633601], [-8.120445, 41.617385], [-8.13982, 41.5978], [-8.139993, 41.588794], [-8.118422, 41.579623], [-8.068381, 41.572974], [-8.056684, 41.579549], [-8.052181, 41.584498], [-8.052777, 41.587649], [-8.037169, 41.600242], [-8.031467, 41.602938], [-8.02367, 41.603156], [-8.019174, 41.601802], [-8.015872, 41.603824], [-8.013474, 41.603372], [-8.005971, 41.60629], [-8.003562, 41.611239], [-7.99936, 41.61281], [-7.998462, 41.612359], [-7.999669, 41.608759], [-7.996976, 41.605829], [-7.996684, 41.602003], [-7.984685, 41.603564], [-7.982292, 41.60086], [-7.975689, 41.603552], [-7.974482, 41.606701], [-7.970882, 41.607147], [-7.969091, 41.603768], [-7.965796, 41.602413], [-7.9541, 41.602846], [-7.952606, 41.600592], [-7.947808, 41.60081], [-7.945413, 41.599456], [-7.942725, 41.595625], [-7.936132, 41.594488], [-7.938214, 41.600344], [-7.937004, 41.603718], [-7.931604, 41.604384], [-7.930073, 41.614735], [-7.925255, 41.620579], [-7.920755, 41.620796], [-7.917748, 41.623041], [-7.915933, 41.627764], [-7.913229, 41.628885], [-7.91352, 41.631467], [-7.916222, 41.6278], [-7.928301, 41.623332], [-7.940289, 41.624319], [-7.97611, 41.636402], [-8.012149, 41.635069], [-8.024126, 41.637023], [-8.03604, 41.643222], [-8.042353, 41.651072], [-8.043477, 41.660088], [-8.037707, 41.669047], [-8.023547, 41.67539], [-8.004563, 41.677772], [-7.999422, 41.681656], [-7.99714, 41.686714], [-8.001653, 41.69576], [-8.034673, 41.723063], [-8.052049, 41.741222], [-8.06232, 41.768327], [-8.07278, 41.813639], [-8.078678, 41.813417], [-8.082892, 41.810493], [-8.091013, 41.812521], [-8.093421, 41.811397], [-8.093723, 41.808471], [-8.101845, 41.809824], [-8.104853, 41.81185], [-8.115984, 41.812302], [-8.123807, 41.808702], [-8.138247, 41.808477], [-8.139751, 41.813203], [-8.14276, 41.812978], [-8.145769, 41.815453], [-8.149078, 41.814777], [-8.153893, 41.817928], [-8.161415, 41.818376], [-8.165326, 41.81815], [-8.173744, 41.808019], [-8.177054, 41.808017], [-8.182773, 41.812516], [-8.190291, 41.809587], [-8.197158, 41.814129], [-8.201063, 41.808724], [-8.204973, 41.807372], [-8.205872, 41.804445], [-8.213692, 41.803765], [-8.217598, 41.80016], [-8.217589, 41.793634], [-8.224207, 41.794303], [-8.232383, 41.791595], [-8.214452, 41.7833], [-8.178278, 41.78902], [-8.16624, 41.789233], [-8.142232, 41.784584], [-8.118322, 41.773039], [-8.058693, 41.736722], [-8.028383, 41.714003], [-8.020125, 41.704926], [-8.016382, 41.695887], [-8.020278, 41.686914], [-8.035811, 41.678038], [-8.047462, 41.669128], [-8.053383, 41.66017], [-8.056081, 41.651185], [-8.055584, 41.642174], [-8.044938, 41.624072], [-8.041919, 41.61504], [-8.043278, 41.606044], [-8.0506, 41.597097], [-8.060806, 41.591513], [-8.072851, 41.588234], [-8.084859, 41.587503], [-8.096835, 41.589063], [-8.10876, 41.594326], [-8.112465, 41.597592], [-8.115963, 41.606626], [-8.113959, 41.615617], [-8.10114, 41.633532], [-8.099507, 41.642527], [-8.109307, 41.65161], [-8.144018, 41.669888], [-8.152049, 41.678954], [-8.160311, 41.706036], [-8.164788, 41.715076], [-8.194763, 41.733304], [-8.214815, 41.753531], [-8.226865, 41.751742], [-8.247151, 41.733659], [-8.263279, 41.722844], [-8.275358, 41.717866], [-8.287398, 41.716212], [-8.299406, 41.71738], [-8.311377, 41.72211], [-8.323294, 41.732152], [-8.330271, 41.743181], [-8.332746, 41.752202], [-8.332665, 41.762835], [-8.336653, 41.763728], [-8.338452, 41.762149], [-8.344765, 41.762363], [-8.346705, 41.761008]]], [[[-7.769178, 41.72373], [-7.769178, 41.72373], [-7.769299, 41.723785], [-7.769178, 41.72373]]], [[[-7.77072, 41.72441], [-7.77072, 41.72441], [-7.770798, 41.724442], [-7.77072, 41.72441]]], [[[-7.775139, 41.726225], [-7.794221, 41.732504], [-7.818229, 41.734708], [-7.842303, 41.733356], [-7.854363, 41.731368], [-7.866462, 41.727077], [-7.871423, 41.721576], [-7.885895, 41.694696], [-7.898055, 41.666668], [-7.896885, 41.668692], [-7.892682, 41.668683], [-7.892377, 41.670033], [-7.883969, 41.67069], [-7.878282, 41.67563], [-7.881195, 41.685644], [-7.880527, 41.694644], [-7.874018, 41.712595], [-7.866524, 41.723532], [-7.854408, 41.728828], [-7.830343, 41.729811], [-7.818357, 41.727773], [-7.806414, 41.723416], [-7.795387, 41.715932], [-7.790966, 41.717044], [-7.789449, 41.719966], [-7.78464, 41.720402], [-7.78252, 41.723546], [-7.776204, 41.724652], [-7.775139, 41.726225]]], [[[-7.898093, 41.666548], [-7.898093, 41.666548], [-7.898198, 41.666219], [-7.898093, 41.666548]]], [[[-7.900826, 41.657864], [-7.906871, 41.641927], [-7.897869, 41.645511], [-7.89696, 41.647985], [-7.892759, 41.647976], [-7.892145, 41.651576], [-7.900826, 41.657864]]], [[[-7.906884, 41.641903], [-7.906884, 41.641903], [-7.907113, 41.641478], [-7.906884, 41.641903]]], [[[-7.907186, 41.641343], [-7.907186, 41.641343], [-7.907235, 41.641253], [-7.907186, 41.641343]]], [[[-7.90779, 41.640326], [-7.912103, 41.633609], [-7.906014, 41.633147], [-7.905699, 41.637648], [-7.90779, 41.640326]]], [[[-7.913219, 41.631876], [-7.913219, 41.631876], [-7.913267, 41.631811], [-7.913219, 41.631876]]], [[[-8.233644, 41.79227], [-8.233644, 41.79227], [-8.232925, 41.791885], [-8.233644, 41.79227]]], [[[-7.937422, 41.798609], [-7.949446, 41.799371], [-7.954269, 41.794415], [-7.950777, 41.785376], [-7.937434, 41.785254], [-7.93394, 41.794228], [-7.937422, 41.798609]]], [[[-8.078332, 41.499982], [-8.131801, 41.507667], [-8.145847, 41.511492], [-8.156791, 41.51686], [-8.164591, 41.525924], [-8.168516, 41.53496], [-8.175321, 41.562031], [-8.180993, 41.57526], [-8.192889, 41.583214], [-8.204842, 41.586778], [-8.228817, 41.588358], [-8.252854, 41.584796], [-8.276955, 41.575168], [-8.289042, 41.566815], [-8.299637, 41.553848], [-8.302653, 41.544859], [-8.303054, 41.535854], [-8.296454, 41.508792], [-8.278136, 41.468966], [-8.266289, 41.457583], [-8.254376, 41.452295], [-8.242435, 41.449618], [-8.194622, 41.443516], [-8.1827, 41.439679], [-8.123215, 41.412486], [-8.104718, 41.406605], [-8.104119, 41.408728], [-8.101727, 41.409403], [-8.102025, 41.411204], [-8.092756, 41.411201], [-8.09126, 41.414352], [-8.081986, 41.4193], [-8.078697, 41.419524], [-8.077503, 41.416597], [-8.070923, 41.41862], [-8.066739, 41.416142], [-8.061654, 41.417489], [-8.059852, 41.424916], [-8.055959, 41.429641], [-8.057444, 41.438195], [-8.063298, 41.4409], [-8.075052, 41.433778], [-8.087075, 41.429936], [-8.111029, 41.428655], [-8.122974, 41.430406], [-8.146806, 41.438429], [-8.182468, 41.458153], [-8.194406, 41.461044], [-8.230334, 41.460507], [-8.242295, 41.461638], [-8.254235, 41.464636], [-8.266142, 41.470662], [-8.277986, 41.48254], [-8.282956, 41.490694], [-8.289743, 41.508751], [-8.29118, 41.517767], [-8.289432, 41.531201], [-8.28135, 41.544728], [-8.265183, 41.555432], [-8.253149, 41.559181], [-8.241142, 41.560438], [-8.229157, 41.559822], [-8.217197, 41.557096], [-8.205274, 41.551556], [-8.195737, 41.544161], [-8.187799, 41.535098], [-8.176405, 41.517002], [-8.167987, 41.507934], [-8.157921, 41.504511], [-8.110027, 41.502027], [-8.090812, 41.498343], [-8.071754, 41.490654], [-8.07175, 41.494925], [-8.078332, 41.499982]]], [[[-8.070651, 41.490198], [-8.070651, 41.490198], [-8.067864, 41.488911], [-8.070651, 41.490198]]], [[[-8.067315, 41.488396], [-8.067315, 41.488396], [-8.06607, 41.487225], [-8.067315, 41.488396]]], [[[-8.456856, 41.578409], [-8.468875, 41.575535], [-8.480931, 41.56798], [-8.50129, 41.545892], [-8.505868, 41.536904], [-8.507808, 41.527905], [-8.505352, 41.511047], [-8.497267, 41.500838], [-8.474428, 41.482721], [-8.457832, 41.46158], [-8.445926, 41.45356], [-8.433983, 41.450058], [-8.422008, 41.450382], [-8.409989, 41.455607], [-8.401769, 41.464351], [-8.397863, 41.472068], [-8.396527, 41.482338], [-8.399933, 41.509378], [-8.387876, 41.536337], [-8.386046, 41.545335], [-8.387428, 41.554349], [-8.394455, 41.563394], [-8.410987, 41.572487], [-8.43287, 41.57775], [-8.456856, 41.578409]], [[-8.441974, 41.572641], [-8.432926, 41.571282], [-8.414723, 41.563499], [-8.406075, 41.554447], [-8.402909, 41.545423], [-8.403834, 41.536421], [-8.408052, 41.527435], [-8.421438, 41.509489], [-8.418638, 41.500467], [-8.409651, 41.492864], [-8.406442, 41.48239], [-8.409838, 41.472181], [-8.421877, 41.46521], [-8.43385, 41.465385], [-8.447029, 41.473585], [-8.450715, 41.48261], [-8.446465, 41.500604], [-8.468461, 41.518723], [-8.485626, 41.527808], [-8.492409, 41.536846], [-8.491576, 41.54585], [-8.486379, 41.554834], [-8.476969, 41.563799], [-8.468926, 41.569245], [-8.456905, 41.57256], [-8.441974, 41.572641]]], [[[-8.355469, 41.392041], [-8.362705, 41.393403], [-8.374686, 41.391379], [-8.38639, 41.383202], [-8.389829, 41.374213], [-8.387663, 41.365194], [-8.375034, 41.354964], [-8.363101, 41.352784], [-8.351125, 41.355019], [-8.339037, 41.364925], [-8.336941, 41.37392], [-8.340178, 41.382947], [-8.350767, 41.390952], [-8.355469, 41.392041]]], [[[-8.625915, 41.384255], [-8.637873, 41.384701], [-8.649852, 41.381207], [-8.657616, 41.375321], [-8.662311, 41.366328], [-8.661301, 41.357317], [-8.654578, 41.348289], [-8.63812, 41.340041], [-8.626173, 41.339244], [-8.614201, 41.342615], [-8.605943, 41.348133], [-8.60071, 41.357123], [-8.601171, 41.366132], [-8.607256, 41.375161], [-8.613981, 41.379944], [-8.625915, 41.384255]], [[-8.626005, 41.368637], [-8.622735, 41.366205], [-8.621886, 41.357194], [-8.626089, 41.353846], [-8.638046, 41.353405], [-8.643171, 41.357262], [-8.642464, 41.366268], [-8.637958, 41.369331], [-8.626005, 41.368637]]]]}}, {"id": "4", "type": "Feature", "properties": {"fill": "#c93e18", "value_min": -2.0, "value_max": -1.75}, "geometry": {"type": "MultiPolygon", "coordinates": [[[[-7.846887, 41.863044], [-7.837441, 41.847332], [-7.828547, 41.838235], [-7.817218, 41.829112], [-7.800243, 41.81993], [-7.780641, 41.814709], [-7.768606, 41.814493], [-7.729955, 41.818274], [-7.732041, 41.821514], [-7.735641, 41.823267], [-7.768478, 41.821152], [-7.780489, 41.822714], [-7.796386, 41.828896], [-7.809378, 41.838038], [-7.817214, 41.847126], [-7.823107, 41.856193], [-7.827819, 41.875824], [-7.83772, 41.872924], [-7.842528, 41.875187], [-7.841663, 41.866632], [-7.846887, 41.863044]]], [[[-7.86489, 41.8163], [-7.87692, 41.81687], [-7.879767, 41.811726], [-7.877054, 41.809202], [-7.865008, 41.809606], [-7.862549, 41.811557], [-7.86489, 41.8163]]], [[[-8.332665, 41.762835], [-8.332746, 41.752202], [-8.330271, 41.743181], [-8.323294, 41.732152], [-8.311377, 41.72211], [-8.299406, 41.71738], [-8.287398, 41.716212], [-8.275358, 41.717866], [-8.263279, 41.722844], [-8.247151, 41.733659], [-8.226865, 41.751742], [-8.214815, 41.753531], [-8.194763, 41.733304], [-8.164788, 41.715076], [-8.160311, 41.706036], [-8.152049, 41.678954], [-8.144018, 41.669888], [-8.109307, 41.65161], [-8.099507, 41.642527], [-8.10114, 41.633532], [-8.113959, 41.615617], [-8.115963, 41.606626], [-8.112465, 41.597592], [-8.10876, 41.594326], [-8.096835, 41.589063], [-8.084859, 41.587503], [-8.072851, 41.588234], [-8.060806, 41.591513], [-8.0506, 41.597097], [-8.043278, 41.606044], [-8.041919, 41.61504], [-8.044938, 41.624072], [-8.055584, 41.642174], [-8.056081, 41.651185], [-8.053383, 41.66017], [-8.047462, 41.669128], [-8.035811, 41.678038], [-8.020278, 41.686914], [-8.016382, 41.695887], [-8.020125, 41.704926], [-8.028383, 41.714003], [-8.058693, 41.736722], [-8.118322, 41.773039], [-8.142232, 41.784584], [-8.16624, 41.789233], [-8.178278, 41.78902], [-8.214452, 41.7833], [-8.232383, 41.791595], [-8.232925, 41.791885], [-8.233644, 41.79227], [-8.240744, 41.791588], [-8.24074, 41.789338], [-8.244347, 41.787984], [-8.245546, 41.785731], [-8.251257, 41.784375], [-8.251845, 41.777172], [-8.257251, 41.77381], [-8.252241, 41.76972], [-8.247482, 41.760682], [-8.247343, 41.751674], [-8.251526, 41.742695], [-8.259533, 41.73374], [-8.275271, 41.725595], [-8.287313, 41.723853], [-8.299315, 41.72581], [-8.311269, 41.732235], [-8.319853, 41.743119], [-8.321942, 41.752139], [-8.319972, 41.762181], [-8.325233, 41.765098], [-8.332665, 41.762835]], [[-8.165652, 41.760117], [-8.154639, 41.756182], [-8.148669, 41.750985], [-8.146433, 41.741962], [-8.154954, 41.733018], [-8.167006, 41.730023], [-8.179592, 41.733197], [-8.187862, 41.742262], [-8.187034, 41.751263], [-8.178665, 41.758645], [-8.165652, 41.760117]], [[-8.106903, 41.728854], [-8.082831, 41.730591], [-8.058813, 41.728549], [-8.046861, 41.723669], [-8.034962, 41.715405], [-8.026554, 41.704981], [-8.025981, 41.695969], [-8.033337, 41.687024], [-8.047937, 41.678139], [-8.071916, 41.653469], [-8.083969, 41.650434], [-8.095942, 41.652963], [-8.111513, 41.660634], [-8.125303, 41.669747], [-8.13462, 41.678825], [-8.140689, 41.687877], [-8.142034, 41.696894], [-8.130144, 41.705812], [-8.119902, 41.723748], [-8.106903, 41.728854]], [[-8.084225, 41.63233], [-8.072272, 41.628635], [-8.067844, 41.62426], [-8.064472, 41.615225], [-8.068365, 41.60625], [-8.072639, 41.603068], [-8.084695, 41.599094], [-8.09667, 41.600899], [-8.103397, 41.606528], [-8.105624, 41.615553], [-8.096281, 41.628766], [-8.084225, 41.63233]]], [[[-7.795387, 41.715932], [-7.806414, 41.723416], [-7.818357, 41.727773], [-7.830343, 41.729811], [-7.854408, 41.728828], [-7.866524, 41.723532], [-7.874018, 41.712595], [-7.880527, 41.694644], [-7.881195, 41.685644], [-7.878282, 41.67563], [-7.873627, 41.685973], [-7.876156, 41.694602], [-7.875363, 41.703601], [-7.871992, 41.712575], [-7.864522, 41.721508], [-7.85445, 41.726457], [-7.84241, 41.727371], [-7.830417, 41.725714], [-7.818207, 41.721041], [-7.815292, 41.718573], [-7.808986, 41.717996], [-7.808396, 41.715744], [-7.804499, 41.714158], [-7.795387, 41.715932]]], [[[-8.441974, 41.572641], [-8.456905, 41.57256], [-8.468926, 41.569245], [-8.476969, 41.563799], [-8.486379, 41.554834], [-8.491576, 41.54585], [-8.492409, 41.536846], [-8.485626, 41.527808], [-8.468461, 41.518723], [-8.446465, 41.500604], [-8.450715, 41.48261], [-8.447029, 41.473585], [-8.43385, 41.465385], [-8.421877, 41.46521], [-8.409838, 41.472181], [-8.406442, 41.48239], [-8.409651, 41.492864], [-8.418638, 41.500467], [-8.421438, 41.509489], [-8.408052, 41.527435], [-8.403834, 41.536421], [-8.402909, 41.545423], [-8.406075, 41.554447], [-8.414723, 41.563499], [-8.432926, 41.571282], [-8.441974, 41.572641]], [[-8.444948, 41.568131], [-8.429481, 41.563573], [-8.418075, 41.554508], [-8.414278, 41.545482], [-8.415396, 41.53648], [-8.421542, 41.527504], [-8.433378, 41.519589], [-8.445382, 41.517326], [-8.457347, 41.519697], [-8.473269, 41.527752], [-8.483304, 41.536805], [-8.484679, 41.545819], [-8.479665, 41.554804], [-8.468973, 41.563614], [-8.456944, 41.567892], [-8.444948, 41.568131]]], [[[-8.071754, 41.490654], [-8.090812, 41.498343], [-8.110027, 41.502027], [-8.157921, 41.504511], [-8.167987, 41.507934], [-8.176405, 41.517002], [-8.187799, 41.535098], [-8.195737, 41.544161], [-8.205274, 41.551556], [-8.217197, 41.557096], [-8.229157, 41.559822], [-8.241142, 41.560438], [-8.253149, 41.559181], [-8.265183, 41.555432], [-8.28135, 41.544728], [-8.289432, 41.531201], [-8.29118, 41.517767], [-8.289743, 41.508751], [-8.282956, 41.490694], [-8.277986, 41.48254], [-8.266142, 41.470662], [-8.254235, 41.464636], [-8.242295, 41.461638], [-8.230334, 41.460507], [-8.194406, 41.461044], [-8.182468, 41.458153], [-8.146806, 41.438429], [-8.122974, 41.430406], [-8.111029, 41.428655], [-8.087075, 41.429936], [-8.075052, 41.433778], [-8.063298, 41.4409], [-8.064916, 41.444052], [-8.067908, 41.444279], [-8.069999, 41.447206], [-8.068788, 41.462286], [-8.073327, 41.464764], [-8.080786, 41.453226], [-8.086808, 41.448976], [-8.098843, 41.444445], [-8.110836, 41.442801], [-8.122795, 41.443707], [-8.134725, 41.44675], [-8.148503, 41.453748], [-8.158719, 41.46283], [-8.165025, 41.471883], [-8.166214, 41.480899], [-8.1597, 41.489859], [-8.146039, 41.496847], [-8.134017, 41.500017], [-8.122026, 41.500739], [-8.10376, 41.498444], [-8.082221, 41.489267], [-8.074698, 41.4802], [-8.073101, 41.474893], [-8.066374, 41.482318], [-8.06607, 41.487225], [-8.067315, 41.488396], [-8.067864, 41.488911], [-8.070651, 41.490198], [-8.071754, 41.490654]], [[-8.241291, 41.547712], [-8.229316, 41.546391], [-8.217374, 41.54247], [-8.205479, 41.534745], [-8.197441, 41.526158], [-8.192486, 41.517116], [-8.187662, 41.499068], [-8.189257, 41.490072], [-8.197686, 41.481123], [-8.218215, 41.472555], [-8.230215, 41.470593], [-8.242188, 41.470837], [-8.254133, 41.473556], [-8.26604, 41.479667], [-8.277871, 41.492903], [-8.283872, 41.508714], [-8.284, 41.517722], [-8.28126, 41.526713], [-8.274309, 41.535676], [-8.265334, 41.54218], [-8.253297, 41.546337], [-8.241291, 41.547712]]], [[[-8.626005, 41.368637], [-8.637958, 41.369331], [-8.642464, 41.366268], [-8.643171, 41.357262], [-8.638046, 41.353405], [-8.626089, 41.353846], [-8.621886, 41.357194], [-8.622735, 41.366205], [-8.626005, 41.368637]]]]}}, {"id": "0", "type": "Feature", "properties": {"fill": "#861d1d", "value_min": -3.0, "value_max": -2.75}, "geometry": {"type": "MultiPolygon", "coordinates": [[[[-7.758082, 41.896769], [-7.769846, 41.89414], [-7.769909, 41.894113], [-7.770752, 41.893749], [-7.770945, 41.893666], [-7.771054, 41.893619], [-7.779227, 41.886264], [-7.784982, 41.885156], [-7.785561, 41.884669], [-7.787649, 41.882913], [-7.793516, 41.873899], [-7.795326, 41.864912], [-7.793485, 41.855886], [-7.787459, 41.846815], [-7.780138, 41.841216], [-7.768189, 41.836247], [-7.756172, 41.834858], [-7.744892, 41.836001], [-7.74729, 41.837772], [-7.746349, 41.84407], [-7.750246, 41.846784], [-7.750532, 41.849261], [-7.743309, 41.849012], [-7.746901, 41.8524], [-7.746881, 41.855776], [-7.73843, 41.859348], [-7.734159, 41.868337], [-7.730228, 41.871024], [-7.729293, 41.875972], [-7.722351, 41.878424], [-7.720523, 41.881793], [-7.725335, 41.882935], [-7.726208, 41.887665], [-7.737044, 41.888828], [-7.737935, 41.890857], [-7.74246, 41.889747], [-7.742785, 41.885922], [-7.756022, 41.888441], [-7.758719, 41.890926], [-7.756592, 41.89407], [-7.758082, 41.896769]]], [[[-7.830952, 41.710178], [-7.832049, 41.712176], [-7.84259, 41.717342], [-7.854614, 41.717219], [-7.863307, 41.712489], [-7.86678, 41.708963], [-7.868304, 41.703531], [-7.866949, 41.699388], [-7.862024, 41.694462], [-7.855098, 41.689963], [-7.852366, 41.689896], [-7.847538, 41.695365], [-7.837309, 41.699391], [-7.835792, 41.702763], [-7.839682, 41.705924], [-7.838465, 41.709522], [-7.830952, 41.710178]]], [[[-8.059271, 41.697128], [-8.047243, 41.697854], [-8.042515, 41.705115], [-8.047052, 41.710776], [-8.059054, 41.711983], [-8.06577, 41.705307], [-8.059271, 41.697128]]], [[[-8.095662, 41.672973], [-8.083647, 41.673133], [-8.078684, 41.67839], [-8.083474, 41.685329], [-8.095494, 41.684979], [-8.100484, 41.678562], [-8.095662, 41.672973]]], [[[-8.468403, 41.545745], [-8.464415, 41.536719], [-8.457237, 41.532788], [-8.445248, 41.532993], [-8.439388, 41.5366], [-8.43729, 41.545597], [-8.445066, 41.554257], [-8.457049, 41.555346], [-8.468403, 41.545745]]], [[[-8.253546, 41.524691], [-8.263228, 41.517591], [-8.265667, 41.512674], [-8.266856, 41.508607], [-8.263073, 41.499576], [-8.253919, 41.492207], [-8.24723, 41.490466], [-8.241971, 41.489438], [-8.229958, 41.492295], [-8.221285, 41.4993], [-8.218793, 41.508291], [-8.222003, 41.51732], [-8.229589, 41.523462], [-8.241535, 41.526808], [-8.253546, 41.524691]]], [[[-8.13105, 41.480639], [-8.122437, 41.470238], [-8.110465, 41.46998], [-8.101551, 41.480413], [-8.108223, 41.489472], [-8.122165, 41.490427], [-8.124519, 41.489597], [-8.13105, 41.480639]]]]}}, {"id": "1", "type": "Feature", "properties": {"fill": "#951d1d", "value_min": -2.75, "value_max": -2.5}, "geometry": {"type": "MultiPolygon", "coordinates": [[[[-7.802632, 41.874404], [-7.803339, 41.864995], [-7.801345, 41.855968], [-7.795934, 41.846905], [-7.784886, 41.837782], [-7.768278, 41.831589], [-7.756254, 41.830601], [-7.741605, 41.8322], [-7.744892, 41.836001], [-7.756172, 41.834858], [-7.768189, 41.836247], [-7.780138, 41.841216], [-7.787459, 41.846815], [-7.793485, 41.855886], [-7.795326, 41.864912], [-7.793516, 41.873899], [-7.787649, 41.882913], [-7.794309, 41.882033], [-7.796739, 41.878214], [-7.794954, 41.873932], [-7.802632, 41.874404]]], [[[-7.771054, 41.893619], [-7.771054, 41.893619], [-7.770945, 41.893666], [-7.771054, 41.893619]]], [[[-7.770752, 41.893749], [-7.770752, 41.893749], [-7.769909, 41.894113], [-7.770752, 41.893749]]], [[[-7.769846, 41.89414], [-7.758082, 41.896769], [-7.758376, 41.898127], [-7.764097, 41.898595], [-7.769846, 41.89414]]], [[[-7.785561, 41.884669], [-7.785561, 41.884669], [-7.784982, 41.885156], [-7.785561, 41.884669]]], [[[-8.295856, 41.757942], [-8.301493, 41.752016], [-8.299131, 41.742695], [-8.28716, 41.737686], [-8.275105, 41.740355], [-8.271913, 41.742826], [-8.269331, 41.751816], [-8.274891, 41.759385], [-8.282884, 41.761561], [-8.284931, 41.757507], [-8.287033, 41.756829], [-8.295856, 41.757942]]], [[[-7.824046, 41.709756], [-7.824782, 41.712101], [-7.830582, 41.716612], [-7.842509, 41.721892], [-7.854534, 41.721716], [-7.866686, 41.714312], [-7.870656, 41.703555], [-7.868171, 41.694523], [-7.858981, 41.687833], [-7.857773, 41.689538], [-7.854776, 41.68818], [-7.852366, 41.689896], [-7.855098, 41.689963], [-7.862024, 41.694462], [-7.866949, 41.699388], [-7.868304, 41.703531], [-7.86678, 41.708963], [-7.863307, 41.712489], [-7.854614, 41.717219], [-7.84259, 41.717342], [-7.832049, 41.712176], [-7.830952, 41.710178], [-7.827955, 41.70882], [-7.824046, 41.709756]]], [[[-8.071105, 41.709914], [-8.075122, 41.705382], [-8.076212, 41.696384], [-8.095377, 41.693381], [-8.103797, 41.687595], [-8.107646, 41.678618], [-8.10173, 41.669565], [-8.095756, 41.666295], [-8.083748, 41.666042], [-8.077508, 41.669373], [-8.070556, 41.678324], [-8.070031, 41.687327], [-8.047332, 41.691781], [-8.041085, 41.696096], [-8.037199, 41.705071], [-8.046975, 41.715965], [-8.058972, 41.717644], [-8.067602, 41.714328], [-8.071105, 41.709914]], [[-8.059271, 41.697128], [-8.06577, 41.705307], [-8.059054, 41.711983], [-8.047052, 41.710776], [-8.042515, 41.705115], [-8.047243, 41.697854], [-8.059271, 41.697128]], [[-8.095662, 41.672973], [-8.100484, 41.678562], [-8.095494, 41.684979], [-8.083474, 41.685329], [-8.078684, 41.67839], [-8.083647, 41.673133], [-8.095662, 41.672973]]], [[[-8.469059, 41.553019], [-8.473761, 41.545769], [-8.471114, 41.53675], [-8.45727, 41.528891], [-8.445287, 41.528467], [-8.432078, 41.536564], [-8.429903, 41.54556], [-8.436252, 41.554599], [-8.445027, 41.558873], [-8.457015, 41.559321], [-8.469059, 41.553019]], [[-8.468403, 41.545745], [-8.457049, 41.555346], [-8.445066, 41.554257], [-8.43729, 41.545597], [-8.439388, 41.5366], [-8.445248, 41.532993], [-8.457237, 41.532788], [-8.464415, 41.536719], [-8.468403, 41.545745]]], [[[-8.265537, 41.524205], [-8.270539, 41.517638], [-8.272424, 41.508642], [-8.269864, 41.499619], [-8.261279, 41.490557], [-8.253987, 41.486231], [-8.242034, 41.483999], [-8.230038, 41.48557], [-8.220504, 41.490288], [-8.212314, 41.499239], [-8.210466, 41.508234], [-8.21318, 41.51726], [-8.222225, 41.526329], [-8.229507, 41.530303], [-8.241467, 41.532607], [-8.253471, 41.531143], [-8.265537, 41.524205]], [[-8.253546, 41.524691], [-8.241535, 41.526808], [-8.229589, 41.523462], [-8.222003, 41.51732], [-8.218793, 41.508291], [-8.221285, 41.4993], [-8.229958, 41.492295], [-8.241971, 41.489438], [-8.24723, 41.490466], [-8.253919, 41.492207], [-8.263073, 41.499576], [-8.266856, 41.508607], [-8.265667, 41.512674], [-8.263228, 41.517591], [-8.253546, 41.524691]]], [[[-8.140262, 41.480708], [-8.13776, 41.471682], [-8.134439, 41.468255], [-8.122545, 41.46227], [-8.110575, 41.46197], [-8.098524, 41.467506], [-8.094971, 41.471354], [-8.09306, 41.480346], [-8.099383, 41.489403], [-8.110142, 41.493565], [-8.122115, 41.494128], [-8.134731, 41.489674], [-8.140262, 41.480708]], [[-8.13105, 41.480639], [-8.124519, 41.489597], [-8.122165, 41.490427], [-8.108223, 41.489472], [-8.101551, 41.480413], [-8.110465, 41.46998], [-8.122437, 41.470238], [-8.13105, 41.480639]]]]}}, {"id": "2", "type": "Feature", "properties": {"fill": "#a21c1c", "value_min": -2.5, "value_max": -2.25}, "geometry": {"type": "MultiPolygon", "coordinates": [[[[-7.81372, 41.87331], [-7.810785, 41.856066], [-7.805168, 41.847001], [-7.792297, 41.835139], [-7.780361, 41.82945], [-7.768373, 41.826636], [-7.756343, 41.826042], [-7.741031, 41.82756], [-7.738918, 41.82874], [-7.741605, 41.8322], [-7.756254, 41.830601], [-7.768278, 41.831589], [-7.784886, 41.837782], [-7.795934, 41.846905], [-7.801345, 41.855968], [-7.803339, 41.864995], [-7.802632, 41.874404], [-7.804591, 41.873735], [-7.804914, 41.869459], [-7.813032, 41.871958], [-7.81372, 41.87331]]], [[[-8.308605, 41.760624], [-8.312016, 41.75208], [-8.309951, 41.74306], [-8.300425, 41.733996], [-8.28724, 41.730475], [-8.275195, 41.732322], [-8.261369, 41.742758], [-8.258607, 41.751748], [-8.261611, 41.760774], [-8.27033, 41.767248], [-8.277073, 41.764088], [-8.280681, 41.764083], [-8.282884, 41.761561], [-8.274891, 41.759385], [-8.269331, 41.751816], [-8.271913, 41.742826], [-8.275105, 41.740355], [-8.28716, 41.737686], [-8.299131, 41.742695], [-8.301493, 41.752016], [-8.295856, 41.757942], [-8.305674, 41.758152], [-8.308605, 41.760624]]], [[[-7.819252, 41.713298], [-7.82929, 41.721154], [-7.84246, 41.724631], [-7.854492, 41.724087], [-7.866634, 41.717276], [-7.873011, 41.703578], [-7.872163, 41.694562], [-7.867176, 41.686413], [-7.864099, 41.68457], [-7.860493, 41.685268], [-7.858981, 41.687833], [-7.868171, 41.694523], [-7.870656, 41.703555], [-7.866686, 41.714312], [-7.854534, 41.721716], [-7.842509, 41.721892], [-7.830582, 41.716612], [-7.824782, 41.712101], [-7.824046, 41.709756], [-7.819252, 41.713298]]], [[[-8.083062, 41.714297], [-8.095173, 41.70792], [-8.119223, 41.707127], [-8.127784, 41.696787], [-8.112498, 41.669649], [-8.095835, 41.660674], [-8.083835, 41.6599], [-8.071752, 41.664883], [-8.059534, 41.679089], [-8.03341, 41.696032], [-8.031878, 41.705026], [-8.038676, 41.71409], [-8.046919, 41.719748], [-8.058902, 41.722437], [-8.070949, 41.720747], [-8.083062, 41.714297]], [[-8.071105, 41.709914], [-8.067602, 41.714328], [-8.058972, 41.717644], [-8.046975, 41.715965], [-8.037199, 41.705071], [-8.041085, 41.696096], [-8.047332, 41.691781], [-8.070031, 41.687327], [-8.070556, 41.678324], [-8.077508, 41.669373], [-8.083748, 41.666042], [-8.095756, 41.666295], [-8.10173, 41.669565], [-8.107646, 41.678618], [-8.103797, 41.687595], [-8.095377, 41.693381], [-8.076212, 41.696384], [-8.075122, 41.705382], [-8.071105, 41.709914]]], [[[-8.096471, 41.615161], [-8.084514, 41.611876], [-8.081045, 41.615359], [-8.084411, 41.619222], [-8.096471, 41.615161]]], [[[-8.478717, 41.545792], [-8.476812, 41.536776], [-8.469243, 41.530542], [-8.457307, 41.524423], [-8.445331, 41.52329], [-8.433308, 41.527626], [-8.424466, 41.536526], [-8.423037, 41.545526], [-8.427399, 41.554555], [-8.433036, 41.55879], [-8.444989, 41.563303], [-8.456982, 41.563296], [-8.469013, 41.558627], [-8.473687, 41.554776], [-8.478717, 41.545792]], [[-8.469059, 41.553019], [-8.457015, 41.559321], [-8.445027, 41.558873], [-8.436252, 41.554599], [-8.429903, 41.54556], [-8.432078, 41.536564], [-8.445287, 41.528467], [-8.45727, 41.528891], [-8.471114, 41.53675], [-8.473761, 41.545769], [-8.469059, 41.553019]]], [[[-8.265441, 41.532667], [-8.272099, 41.526655], [-8.277094, 41.517679], [-8.277654, 41.512382], [-8.275623, 41.499655], [-8.2695, 41.490609], [-8.265957, 41.486992], [-8.254053, 41.480456], [-8.242106, 41.477904], [-8.23012, 41.478616], [-8.218094, 41.482635], [-8.207711, 41.4902], [-8.202264, 41.49917], [-8.201294, 41.50817], [-8.203945, 41.517196], [-8.21019, 41.526247], [-8.217498, 41.532158], [-8.229422, 41.537455], [-8.241389, 41.539269], [-8.253394, 41.53786], [-8.265441, 41.532667]], [[-8.265537, 41.524205], [-8.253471, 41.531143], [-8.241467, 41.532607], [-8.229507, 41.530303], [-8.222225, 41.526329], [-8.21318, 41.51726], [-8.210466, 41.508234], [-8.212314, 41.499239], [-8.220504, 41.490288], [-8.230038, 41.48557], [-8.242034, 41.483999], [-8.253987, 41.486231], [-8.261279, 41.490557], [-8.269864, 41.499619], [-8.272424, 41.508642], [-8.270539, 41.517638], [-8.265537, 41.524205]]], [[[-8.146173, 41.486668], [-8.150177, 41.480782], [-8.149128, 41.471767], [-8.146419, 41.467947], [-8.142101, 41.462707], [-8.13458, 41.457649], [-8.122658, 41.453884], [-8.110691, 41.453463], [-8.098678, 41.456391], [-8.089963, 41.462307], [-8.084377, 41.47127], [-8.084848, 41.480281], [-8.091372, 41.48934], [-8.110097, 41.496898], [-8.122065, 41.497831], [-8.134081, 41.495186], [-8.144501, 41.489747], [-8.146173, 41.486668]], [[-8.140262, 41.480708], [-8.134731, 41.489674], [-8.122115, 41.494128], [-8.110142, 41.493565], [-8.099383, 41.489403], [-8.09306, 41.480346], [-8.094971, 41.471354], [-8.098524, 41.467506], [-8.110575, 41.46197], [-8.122545, 41.46227], [-8.134439, 41.468255], [-8.13776, 41.471682], [-8.140262, 41.480708]]]]}}, {"id": "3", "type": "Feature", "properties": {"fill": "#b11c1c", "value_min": -2.25, "value_max": -2.0}, "geometry": {"type": "MultiPolygon", "coordinates": [[[[-7.827819, 41.875824], [-7.823107, 41.856193], [-7.817214, 41.847126], [-7.809378, 41.838038], [-7.796386, 41.828896], [-7.780489, 41.822714], [-7.768478, 41.821152], [-7.735641, 41.823267], [-7.743152, 41.825154], [-7.742839, 41.827178], [-7.741031, 41.82756], [-7.756343, 41.826042], [-7.768373, 41.826636], [-7.780361, 41.82945], [-7.792297, 41.835139], [-7.805168, 41.847001], [-7.810785, 41.856066], [-7.81372, 41.87331], [-7.818448, 41.872873], [-7.827819, 41.875824]]], [[[-8.319972, 41.762181], [-8.321942, 41.752139], [-8.319853, 41.743119], [-8.311269, 41.732235], [-8.299315, 41.72581], [-8.287313, 41.723853], [-8.275271, 41.725595], [-8.259533, 41.73374], [-8.251526, 41.742695], [-8.247343, 41.751674], [-8.247482, 41.760682], [-8.252241, 41.76972], [-8.257251, 41.77381], [-8.261762, 41.774235], [-8.27033, 41.767248], [-8.261611, 41.760774], [-8.258607, 41.751748], [-8.261369, 41.742758], [-8.275195, 41.732322], [-8.28724, 41.730475], [-8.300425, 41.733996], [-8.309951, 41.74306], [-8.312016, 41.75208], [-8.308605, 41.760624], [-8.311096, 41.762195], [-8.319972, 41.762181]]], [[[-8.165652, 41.760117], [-8.178665, 41.758645], [-8.187034, 41.751263], [-8.187862, 41.742262], [-8.179592, 41.733197], [-8.167006, 41.730023], [-8.154954, 41.733018], [-8.146433, 41.741962], [-8.148669, 41.750985], [-8.154639, 41.756182], [-8.165652, 41.760117]]], [[[-8.106903, 41.728854], [-8.119902, 41.723748], [-8.130144, 41.705812], [-8.142034, 41.696894], [-8.140689, 41.687877], [-8.13462, 41.678825], [-8.125303, 41.669747], [-8.111513, 41.660634], [-8.095942, 41.652963], [-8.083969, 41.650434], [-8.071916, 41.653469], [-8.047937, 41.678139], [-8.033337, 41.687024], [-8.025981, 41.695969], [-8.026554, 41.704981], [-8.034962, 41.715405], [-8.046861, 41.723669], [-8.058813, 41.728549], [-8.082831, 41.730591], [-8.106903, 41.728854]], [[-8.083062, 41.714297], [-8.070949, 41.720747], [-8.058902, 41.722437], [-8.046919, 41.719748], [-8.038676, 41.71409], [-8.031878, 41.705026], [-8.03341, 41.696032], [-8.059534, 41.679089], [-8.071752, 41.664883], [-8.083835, 41.6599], [-8.095835, 41.660674], [-8.112498, 41.669649], [-8.127784, 41.696787], [-8.119223, 41.707127], [-8.095173, 41.70792], [-8.083062, 41.714297]]], [[[-7.815292, 41.718573], [-7.818207, 41.721041], [-7.830417, 41.725714], [-7.84241, 41.727371], [-7.85445, 41.726457], [-7.864522, 41.721508], [-7.871992, 41.712575], [-7.875363, 41.703601], [-7.876156, 41.694602], [-7.873627, 41.685973], [-7.868896, 41.686413], [-7.868008, 41.68326], [-7.864099, 41.68457], [-7.867176, 41.686413], [-7.872163, 41.694562], [-7.873011, 41.703578], [-7.866634, 41.717276], [-7.854492, 41.724087], [-7.84246, 41.724631], [-7.82929, 41.721154], [-7.819252, 41.713298], [-7.815292, 41.718573]]], [[[-8.084225, 41.63233], [-8.096281, 41.628766], [-8.105624, 41.615553], [-8.103397, 41.606528], [-8.09667, 41.600899], [-8.084695, 41.599094], [-8.072639, 41.603068], [-8.068365, 41.60625], [-8.064472, 41.615225], [-8.067844, 41.62426], [-8.072272, 41.628635], [-8.084225, 41.63233]], [[-8.096471, 41.615161], [-8.084411, 41.619222], [-8.081045, 41.615359], [-8.084514, 41.611876], [-8.096471, 41.615161]]], [[[-8.444948, 41.568131], [-8.456944, 41.567892], [-8.468973, 41.563614], [-8.479665, 41.554804], [-8.484679, 41.545819], [-8.483304, 41.536805], [-8.473269, 41.527752], [-8.457347, 41.519697], [-8.445382, 41.517326], [-8.433378, 41.519589], [-8.421542, 41.527504], [-8.415396, 41.53648], [-8.414278, 41.545482], [-8.418075, 41.554508], [-8.429481, 41.563573], [-8.444948, 41.568131]], [[-8.478717, 41.545792], [-8.473687, 41.554776], [-8.469013, 41.558627], [-8.456982, 41.563296], [-8.444989, 41.563303], [-8.433036, 41.55879], [-8.427399, 41.554555], [-8.423037, 41.545526], [-8.424466, 41.536526], [-8.433308, 41.527626], [-8.445331, 41.52329], [-8.457307, 41.524423], [-8.469243, 41.530542], [-8.476812, 41.536776], [-8.478717, 41.545792]]], [[[-8.241291, 41.547712], [-8.253297, 41.546337], [-8.265334, 41.54218], [-8.274309, 41.535676], [-8.28126, 41.526713], [-8.284, 41.517722], [-8.283872, 41.508714], [-8.277871, 41.492903], [-8.26604, 41.479667], [-8.254133, 41.473556], [-8.242188, 41.470837], [-8.230215, 41.470593], [-8.218215, 41.472555], [-8.197686, 41.481123], [-8.189257, 41.490072], [-8.187662, 41.499068], [-8.192486, 41.517116], [-8.197441, 41.526158], [-8.205479, 41.534745], [-8.217374, 41.54247], [-8.229316, 41.546391], [-8.241291, 41.547712]], [[-8.265441, 41.532667], [-8.253394, 41.53786], [-8.241389, 41.539269], [-8.229422, 41.537455], [-8.217498, 41.532158], [-8.21019, 41.526247], [-8.203945, 41.517196], [-8.201294, 41.50817], [-8.202264, 41.49917], [-8.207711, 41.4902], [-8.218094, 41.482635], [-8.23012, 41.478616], [-8.242106, 41.477904], [-8.254053, 41.480456], [-8.265957, 41.486992], [-8.2695, 41.490609], [-8.275623, 41.499655], [-8.277654, 41.512382], [-8.277094, 41.517679], [-8.272099, 41.526655], [-8.265441, 41.532667]]], [[[-8.073101, 41.474893], [-8.074698, 41.4802], [-8.082221, 41.489267], [-8.10376, 41.498444], [-8.122026, 41.500739], [-8.134017, 41.500017], [-8.146039, 41.496847], [-8.1597, 41.489859], [-8.166214, 41.480899], [-8.165025, 41.471883], [-8.158719, 41.46283], [-8.148503, 41.453748], [-8.134725, 41.44675], [-8.122795, 41.443707], [-8.110836, 41.442801], [-8.098843, 41.444445], [-8.086808, 41.448976], [-8.080786, 41.453226], [-8.073327, 41.464764], [-8.074468, 41.468592], [-8.073101, 41.474893]], [[-8.146173, 41.486668], [-8.144501, 41.489747], [-8.134081, 41.495186], [-8.122065, 41.497831], [-8.110097, 41.496898], [-8.091372, 41.48934], [-8.084848, 41.480281], [-8.084377, 41.47127], [-8.089963, 41.462307], [-8.098678, 41.456391], [-8.110691, 41.453463], [-8.122658, 41.453884], [-8.13458, 41.457649], [-8.142101, 41.462707], [-8.146419, 41.467947], [-8.149128, 41.471767], [-8.150177, 41.480782], [-8.146173, 41.486668]]]]}}]}