{"type": "FeatureCollection", "features": [{"id": "12", "type": "Feature", "properties": {"fill": "#a3a3a3", "value_min": 0.0, "value_max": -0.25}, "geometry": {"type": "MultiPolygon", "coordinates": [[[[-7.889733, 41.772077], [-7.895489, 41.766844], [-7.902194, 41.746883], [-7.908448, 41.739947], [-7.92106, 41.73106], [-7.92644, 41.722103], [-7.926744, 41.713099], [-7.921492, 41.704043], [-7.915016, 41.699666], [-7.903043, 41.696995], [-7.890974, 41.699998], [-7.880218, 41.712655], [-7.875973, 41.730627], [-7.866314, 41.73551], [-7.842142, 41.742292], [-7.831955, 41.748202], [-7.826463, 41.757153], [-7.827627, 41.766172], [-7.835784, 41.775261], [-7.85348, 41.78099], [-7.865511, 41.781112], [-7.877584, 41.77883], [-7.889733, 41.772077]], [[-7.853547, 41.777207], [-7.841609, 41.771943], [-7.835529, 41.766252], [-7.834003, 41.75723], [-7.839974, 41.748283], [-7.85418, 41.741639], [-7.866239, 41.739738], [-7.878258, 41.740136], [-7.889807, 41.748776], [-7.891725, 41.757801], [-7.888239, 41.766774], [-7.87479, 41.77565], [-7.865569, 41.77783], [-7.853547, 41.777207]], [[-7.890351, 41.736224], [-7.8813, 41.721673], [-7.883563, 41.712688], [-7.890897, 41.704472], [-7.902958, 41.702031], [-7.914872, 41.708214], [-7.918793, 41.713025], [-7.918348, 41.722027], [-7.914564, 41.726532], [-7.902403, 41.734636], [-7.890351, 41.736224]]], [[[-8.522411, 41.65881], [-8.51965, 41.64505], [-8.509853, 41.626994], [-8.489448, 41.608891], [-8.471377, 41.599802], [-8.456709, 41.595883], [-8.432719, 41.594963], [-8.410408, 41.599506], [-8.390389, 41.608409], [-8.360422, 41.6257], [-8.348327, 41.634678], [-8.339976, 41.644159], [-8.335547, 41.653141], [-8.333736, 41.662137], [-8.334737, 41.67115], [-8.338251, 41.680177], [-8.359086, 41.707317], [-8.373368, 41.734621], [-8.381399, 41.731903], [-8.367235, 41.698355], [-8.349932, 41.680244], [-8.345866, 41.671214], [-8.345423, 41.662204], [-8.348739, 41.653216], [-8.360268, 41.641294], [-8.392506, 41.626434], [-8.414717, 41.608535], [-8.420623, 41.605834], [-8.432655, 41.602296], [-8.444663, 41.601425], [-8.45665, 41.602968], [-8.471242, 41.608809], [-8.482252, 41.617866], [-8.488134, 41.6269], [-8.490085, 41.635916], [-8.48923, 41.644919], [-8.474672, 41.671875], [-8.473275, 41.680876], [-8.474633, 41.686872], [-8.482012, 41.682123], [-8.484371, 41.674238], [-8.49308, 41.674886], [-8.499963, 41.671038], [-8.50927, 41.671233], [-8.51018, 41.672806], [-8.511967, 41.670324], [-8.509856, 41.668755], [-8.522411, 41.65881]]], [[[-8.022419, 41.749841], [-8.029885, 41.741037], [-8.029508, 41.732027], [-8.022806, 41.724344], [-8.010868, 41.718827], [-7.998837, 41.719376], [-7.991209, 41.72269], [-7.984339, 41.731636], [-7.986141, 41.740659], [-7.995582, 41.749749], [-8.010333, 41.753677], [-8.022419, 41.749841]], [[-8.010408, 41.74875], [-7.998432, 41.745459], [-7.992917, 41.740719], [-7.99107, 41.731696], [-7.998765, 41.724053], [-8.010823, 41.721738], [-8.022749, 41.728084], [-8.026165, 41.731999], [-8.025457, 41.741], [-8.0225, 41.744487], [-8.010408, 41.74875]]], [[[-8.234699, 41.697549], [-8.233945, 41.688537], [-8.227702, 41.681899], [-8.215744, 41.677209], [-8.203713, 41.678566], [-8.191261, 41.688244], [-8.189799, 41.697241], [-8.196693, 41.706296], [-8.203323, 41.71017], [-8.215329, 41.711299], [-8.227404, 41.706787], [-8.234699, 41.697549]], [[-8.203357, 41.707437], [-8.193489, 41.697267], [-8.196222, 41.688279], [-8.203663, 41.682638], [-8.215686, 41.681952], [-8.226682, 41.688488], [-8.228761, 41.697509], [-8.21995, 41.706457], [-8.215367, 41.708202], [-8.203357, 41.707437]]], [[[-8.713393, 41.570302], [-8.726784, 41.555656], [-8.733839, 41.537658], [-8.733251, 41.519642], [-8.729754, 41.510626], [-8.7211, 41.500125], [-8.709149, 41.493411], [-8.697177, 41.491693], [-8.669809, 41.492455], [-8.661244, 41.49033], [-8.649604, 41.483388], [-8.645215, 41.474367], [-8.642797, 41.456344], [-8.635626, 41.447314], [-8.611083, 41.429219], [-8.594531, 41.420154], [-8.577888, 41.413168], [-8.553993, 41.407867], [-8.542027, 41.408211], [-8.530039, 41.411449], [-8.516667, 41.419854], [-8.509412, 41.42883], [-8.505912, 41.437425], [-8.504544, 41.446825], [-8.508806, 41.464858], [-8.51759, 41.476769], [-8.529494, 41.486951], [-8.552407, 41.501065], [-8.560113, 41.510103], [-8.572397, 41.546178], [-8.588877, 41.567766], [-8.60081, 41.577745], [-8.612765, 41.584477], [-8.624736, 41.589019], [-8.64853, 41.592469], [-8.652155, 41.592346], [-8.655124, 41.592224], [-8.660788, 41.588255], [-8.663794, 41.589141], [-8.665265, 41.585758], [-8.66948, 41.587989], [-8.684455, 41.586117], [-8.685608, 41.58071], [-8.697261, 41.576376], [-8.701703, 41.570277], [-8.707704, 41.570923], [-8.712485, 41.569323], [-8.713393, 41.570302]], [[-8.624874, 41.565144], [-8.612898, 41.562177], [-8.600944, 41.555968], [-8.590142, 41.546243], [-8.584188, 41.537214], [-8.581352, 41.528197], [-8.580952, 41.519188], [-8.586916, 41.492187], [-8.553448, 41.487515], [-8.541496, 41.483581], [-8.529564, 41.477257], [-8.518108, 41.464897], [-8.514646, 41.455875], [-8.514733, 41.446868], [-8.518405, 41.437876], [-8.529928, 41.426824], [-8.541929, 41.42217], [-8.553903, 41.421085], [-8.56586, 41.422531], [-8.5778, 41.426726], [-8.589719, 41.434494], [-8.594109, 41.438168], [-8.600003, 41.447196], [-8.602333, 41.456212], [-8.599051, 41.483223], [-8.637257, 41.495464], [-8.665346, 41.510457], [-8.675245, 41.519493], [-8.68006, 41.528514], [-8.680343, 41.537522], [-8.676674, 41.546519], [-8.668117, 41.555502], [-8.660881, 41.559981], [-8.648866, 41.564235], [-8.636863, 41.565933], [-8.624874, 41.565144]]], [[[-8.084149, 41.544675], [-8.097387, 41.549366], [-8.109373, 41.54973], [-8.121408, 41.546409], [-8.126002, 41.543652], [-8.133248, 41.5347], [-8.133479, 41.525694], [-8.12662, 41.516635], [-8.109906, 41.510826], [-8.097933, 41.510124], [-8.0909, 41.511584], [-8.090598, 41.515549], [-8.097888, 41.513306], [-8.109868, 41.513608], [-8.118839, 41.516576], [-8.127453, 41.525649], [-8.12629, 41.534647], [-8.121501, 41.539571], [-8.10944, 41.544803], [-8.095973, 41.543824], [-8.094175, 41.544904], [-8.087885, 41.542876], [-8.084149, 41.544675]]], [[[-8.369913, 41.50021], [-8.372757, 41.491219], [-8.372503, 41.48221], [-8.369361, 41.473185], [-8.362021, 41.463313], [-8.350114, 41.456475], [-8.338158, 41.454787], [-8.326168, 41.456492], [-8.314448, 41.463864], [-8.30846, 41.472835], [-8.306614, 41.481832], [-8.307836, 41.490846], [-8.313712, 41.50223], [-8.325589, 41.512311], [-8.337536, 41.515934], [-8.349525, 41.515455], [-8.361563, 41.509945], [-8.369913, 41.50021]], [[-8.335754, 41.509026], [-8.325658, 41.505661], [-8.319, 41.49992], [-8.313571, 41.490881], [-8.312908, 41.481869], [-8.316895, 41.472886], [-8.326076, 41.46533], [-8.338082, 41.462265], [-8.350038, 41.46411], [-8.361941, 41.47149], [-8.367566, 41.482183], [-8.367774, 41.491191], [-8.361638, 41.502309], [-8.349591, 41.508826], [-8.335754, 41.509026]]], [[[-8.161942, 41.37969], [-8.166933, 41.39083], [-8.174633, 41.399893], [-8.195, 41.412989], [-8.206918, 41.416831], [-8.218862, 41.41867], [-8.242812, 41.417212], [-8.254819, 41.413622], [-8.263113, 41.409501], [-8.274019, 41.400563], [-8.282209, 41.3826], [-8.282762, 41.373596], [-8.278541, 41.355554], [-8.27368, 41.346516], [-8.265952, 41.337748], [-8.263339, 41.340902], [-8.262751, 41.345405], [-8.256483, 41.347663], [-8.254695, 41.35002], [-8.266286, 41.364484], [-8.268952, 41.373509], [-8.268771, 41.382515], [-8.265509, 41.391502], [-8.258075, 41.400462], [-8.24291, 41.408695], [-8.230915, 41.411346], [-8.218948, 41.411466], [-8.207012, 41.409141], [-8.195111, 41.403953], [-8.189156, 41.399997], [-8.180683, 41.390929], [-8.176485, 41.381892], [-8.175932, 41.376309], [-8.173463, 41.377661], [-8.168382, 41.377438], [-8.164499, 41.38059], [-8.161942, 41.37969]]], [[[-8.801596, 41.192488], [-8.782024, 41.196075], [-8.770082, 41.200576], [-8.727044, 41.222375], [-8.710332, 41.227268], [-8.686453, 41.230463], [-8.674526, 41.229492], [-8.662613, 41.225877], [-8.656723, 41.222187], [-8.648186, 41.213153], [-8.641169, 41.196015], [-8.634946, 41.193341], [-8.632526, 41.188624], [-8.625658, 41.186628], [-8.621132, 41.178994], [-8.613374, 41.177451], [-8.608583, 41.174095], [-8.609164, 41.172066], [-8.604942, 41.164881], [-8.59422, 41.165149], [-8.589175, 41.167795], [-8.601135, 41.176968], [-8.608652, 41.186002], [-8.618056, 41.204049], [-8.623384, 41.222083], [-8.624213, 41.240101], [-8.620579, 41.249097], [-8.608247, 41.258064], [-8.590786, 41.264328], [-8.578831, 41.266976], [-8.554942, 41.268699], [-8.543012, 41.267448], [-8.519189, 41.260038], [-8.507306, 41.252717], [-8.49546, 41.241023], [-8.490165, 41.232599], [-8.484411, 41.240495], [-8.476346, 41.237818], [-8.475756, 41.23917], [-8.470986, 41.23941], [-8.471604, 41.243459], [-8.469227, 41.245267], [-8.46118, 41.24529], [-8.47194, 41.257519], [-8.483322, 41.266888], [-8.497842, 41.275651], [-8.519013, 41.283922], [-8.530935, 41.286665], [-8.554806, 41.288743], [-8.602586, 41.287118], [-8.614519, 41.288689], [-8.626436, 41.293212], [-8.638341, 41.300155], [-8.697864, 41.343637], [-8.73364, 41.363652], [-8.745579, 41.368173], [-8.757523, 41.371771], [-8.781428, 41.374757], [-8.808679, 41.372392], [-8.80671, 41.322477], [-8.793517, 41.333521], [-8.782072, 41.339594], [-8.769579, 41.343903], [-8.745663, 41.346669], [-8.72177, 41.343476], [-8.697908, 41.334068], [-8.678219, 41.321335], [-8.667435, 41.312296], [-8.65308, 41.294239], [-8.646854, 41.276204], [-8.647636, 41.267199], [-8.650484, 41.263019], [-8.654274, 41.258211], [-8.662468, 41.254138], [-8.686373, 41.247194], [-8.722204, 41.241285], [-8.74608, 41.239168], [-8.769941, 41.240781], [-8.781865, 41.243774], [-8.793783, 41.249157], [-8.804127, 41.256887], [-8.801596, 41.192488]]], [[[-8.490034, 41.232374], [-8.490034, 41.232374], [-8.490033, 41.232373], [-8.490034, 41.232374]]], [[[-8.489903, 41.232149], [-8.489903, 41.232149], [-8.488773, 41.229902], [-8.489903, 41.232149]]]]}}, {"id": "11", "type": "Feature", "properties": {"fill": "#a3a3a3", "value_min": -0.25, "value_max": -0.0}, "geometry": {"type": "MultiPolygon", "coordinates": [[[[-8.713393, 41.570302], [-8.716422, 41.573805], [-8.720316, 41.57356], [-8.725151, 41.577811], [-8.726633, 41.576003], [-8.734424, 41.575737], [-8.736564, 41.580228], [-8.738354, 41.579318], [-8.740778, 41.582006], [-8.74467, 41.581535], [-8.750711, 41.58623], [-8.756374, 41.582823], [-8.75635, 41.580347], [-8.762327, 41.578514], [-8.764443, 41.580303], [-8.767441, 41.580286], [-8.769874, 41.583874], [-8.768997, 41.58613], [-8.773228, 41.589482], [-8.775371, 41.593972], [-8.78556, 41.593464], [-8.797327, 41.600599], [-8.804218, 41.600109], [-8.80456, 41.604158], [-8.809434, 41.611332], [-8.828644, 41.609656], [-8.82839, 41.585633], [-8.818497, 41.554794], [-8.8221, 41.547542], [-8.821965, 41.534907], [-8.815926, 41.525624], [-8.81063, 41.5101], [-8.813279, 41.503483], [-8.812636, 41.496944], [-8.804699, 41.482068], [-8.798552, 41.474753], [-8.80154, 41.446836], [-8.806115, 41.43713], [-8.807354, 41.425915], [-8.811166, 41.417099], [-8.808679, 41.372392], [-8.781428, 41.374757], [-8.757523, 41.371771], [-8.745579, 41.368173], [-8.73364, 41.363652], [-8.697864, 41.343637], [-8.638341, 41.300155], [-8.626436, 41.293212], [-8.614519, 41.288689], [-8.602586, 41.287118], [-8.554806, 41.288743], [-8.530935, 41.286665], [-8.519013, 41.283922], [-8.497842, 41.275651], [-8.483322, 41.266888], [-8.47194, 41.257519], [-8.46118, 41.24529], [-8.459989, 41.246644], [-8.454323, 41.246886], [-8.455541, 41.251834], [-8.452276, 41.25522], [-8.449891, 41.255452], [-8.449304, 41.257479], [-8.447812, 41.257258], [-8.449028, 41.261982], [-8.443657, 41.261771], [-8.438004, 41.264938], [-8.438023, 41.268989], [-8.434745, 41.269673], [-8.432691, 41.277107], [-8.427032, 41.279372], [-8.429081, 41.284319], [-8.471036, 41.309953], [-8.482937, 41.315755], [-8.506775, 41.323226], [-8.518717, 41.324176], [-8.530675, 41.322973], [-8.573838, 41.311988], [-8.60246, 41.307882], [-8.614404, 41.30829], [-8.638263, 41.314358], [-8.662092, 41.327004], [-8.689503, 41.348389], [-8.704716, 41.366444], [-8.71093, 41.384475], [-8.709555, 41.393479], [-8.70384, 41.402472], [-8.69757, 41.407106], [-8.685579, 41.412667], [-8.661623, 41.417576], [-8.637692, 41.417335], [-8.625737, 41.415324], [-8.601852, 41.407777], [-8.554133, 41.38745], [-8.542196, 41.384127], [-8.530247, 41.382525], [-8.518271, 41.384715], [-8.506252, 41.392485], [-8.498922, 41.401763], [-8.492025, 41.419747], [-8.490966, 41.42875], [-8.49255, 41.446772], [-8.498247, 41.464812], [-8.503399, 41.473842], [-8.52855, 41.50097], [-8.540486, 41.519033], [-8.556216, 41.573139], [-8.556579, 41.582148], [-8.55381, 41.591144], [-8.541744, 41.600104], [-8.52866, 41.601895], [-8.516668, 41.600734], [-8.492722, 41.593809], [-8.468762, 41.589303], [-8.432788, 41.587068], [-8.408784, 41.588139], [-8.384744, 41.592789], [-8.372704, 41.597158], [-8.348563, 41.611243], [-8.336452, 41.621923], [-8.326267, 41.635072], [-8.319473, 41.653046], [-8.319181, 41.662052], [-8.325243, 41.680102], [-8.347583, 41.708474], [-8.364021, 41.734866], [-8.368703, 41.73193], [-8.373368, 41.734621], [-8.359086, 41.707317], [-8.338251, 41.680177], [-8.334737, 41.67115], [-8.333736, 41.662137], [-8.335547, 41.653141], [-8.339976, 41.644159], [-8.348327, 41.634678], [-8.360422, 41.6257], [-8.390389, 41.608409], [-8.410408, 41.599506], [-8.432719, 41.594963], [-8.456709, 41.595883], [-8.471377, 41.599802], [-8.489448, 41.608891], [-8.509853, 41.626994], [-8.51965, 41.64505], [-8.522411, 41.65881], [-8.525706, 41.659023], [-8.527769, 41.652714], [-8.534066, 41.652017], [-8.537355, 41.64998], [-8.537634, 41.646602], [-8.543876, 41.637352], [-8.543855, 41.633976], [-8.536342, 41.631977], [-8.535132, 41.630406], [-8.543431, 41.61462], [-8.554533, 41.615255], [-8.557244, 41.617046], [-8.562639, 41.61635], [-8.568056, 41.619031], [-8.570735, 41.616095], [-8.577321, 41.614269], [-8.581231, 41.615829], [-8.585766, 41.620988], [-8.591462, 41.620515], [-8.596534, 41.616668], [-8.601628, 41.615972], [-8.603996, 41.611686], [-8.613256, 41.606696], [-8.619881, 41.610269], [-8.621338, 41.604636], [-8.628833, 41.604378], [-8.6366, 41.600518], [-8.639873, 41.597352], [-8.640152, 41.59465], [-8.645536, 41.593051], [-8.646744, 41.594171], [-8.64853, 41.592469], [-8.624736, 41.589019], [-8.612765, 41.584477], [-8.60081, 41.577745], [-8.588877, 41.567766], [-8.572397, 41.546178], [-8.560113, 41.510103], [-8.552407, 41.501065], [-8.529494, 41.486951], [-8.51759, 41.476769], [-8.508806, 41.464858], [-8.504544, 41.446825], [-8.505912, 41.437425], [-8.509412, 41.42883], [-8.516667, 41.419854], [-8.530039, 41.411449], [-8.542027, 41.408211], [-8.553993, 41.407867], [-8.577888, 41.413168], [-8.594531, 41.420154], [-8.611083, 41.429219], [-8.635626, 41.447314], [-8.642797, 41.456344], [-8.645215, 41.474367], [-8.649604, 41.483388], [-8.661244, 41.49033], [-8.669809, 41.492455], [-8.697177, 41.491693], [-8.709149, 41.493411], [-8.7211, 41.500125], [-8.729754, 41.510626], [-8.733251, 41.519642], [-8.733839, 41.537658], [-8.726784, 41.555656], [-8.713393, 41.570302]]], [[[-8.641169, 41.196015], [-8.648186, 41.213153], [-8.656723, 41.222187], [-8.662613, 41.225877], [-8.674526, 41.229492], [-8.686453, 41.230463], [-8.710332, 41.227268], [-8.727044, 41.222375], [-8.770082, 41.200576], [-8.782024, 41.196075], [-8.801596, 41.192488], [-8.799695, 41.14406], [-8.67527, 41.147484], [-8.676193, 41.146567], [-8.674793, 41.146932], [-8.674204, 41.147693], [-8.674849, 41.153767], [-8.672489, 41.15648], [-8.66117, 41.156307], [-8.662078, 41.158104], [-8.660313, 41.160813], [-8.657033, 41.160378], [-8.654961, 41.161963], [-8.653231, 41.169174], [-8.655366, 41.175467], [-8.647955, 41.180228], [-8.647696, 41.185181], [-8.641169, 41.196015]]], [[[-8.655124, 41.592224], [-8.655124, 41.592224], [-8.652155, 41.592346], [-8.655124, 41.592224]]], [[[-7.865453, 41.784395], [-7.877514, 41.782844], [-7.895499, 41.775851], [-7.90467, 41.766932], [-7.914124, 41.75266], [-7.936522, 41.731204], [-7.940179, 41.722231], [-7.939231, 41.713215], [-7.935143, 41.70417], [-7.927082, 41.696775], [-7.915161, 41.691026], [-7.903157, 41.690309], [-7.891053, 41.695381], [-7.878785, 41.709812], [-7.87401, 41.721601], [-7.867737, 41.730547], [-7.836815, 41.739245], [-7.821069, 41.748091], [-7.816338, 41.757049], [-7.817102, 41.766064], [-7.822784, 41.775129], [-7.82944, 41.779524], [-7.841398, 41.783691], [-7.865453, 41.784395]], [[-7.889733, 41.772077], [-7.877584, 41.77883], [-7.865511, 41.781112], [-7.85348, 41.78099], [-7.835784, 41.775261], [-7.827627, 41.766172], [-7.826463, 41.757153], [-7.831955, 41.748202], [-7.842142, 41.742292], [-7.866314, 41.73551], [-7.875973, 41.730627], [-7.880218, 41.712655], [-7.890974, 41.699998], [-7.903043, 41.696995], [-7.915016, 41.699666], [-7.921492, 41.704043], [-7.926744, 41.713099], [-7.92644, 41.722103], [-7.92106, 41.73106], [-7.908448, 41.739947], [-7.902194, 41.746883], [-7.895489, 41.766844], [-7.889733, 41.772077]]], [[[-8.02232, 41.75634], [-8.029868, 41.750044], [-8.034312, 41.741074], [-8.032852, 41.732055], [-8.022854, 41.721164], [-8.010912, 41.715914], [-7.998905, 41.715038], [-7.986836, 41.718079], [-7.978525, 41.722578], [-7.974019, 41.731545], [-7.975321, 41.740563], [-7.981882, 41.749629], [-7.998238, 41.757979], [-8.01025, 41.759046], [-8.02232, 41.75634]], [[-8.022419, 41.749841], [-8.010333, 41.753677], [-7.995582, 41.749749], [-7.986141, 41.740659], [-7.984339, 41.731636], [-7.991209, 41.72269], [-7.998837, 41.719376], [-8.010868, 41.718827], [-8.022806, 41.724344], [-8.029508, 41.732027], [-8.029885, 41.741037], [-8.022419, 41.749841]]], [[[-8.239507, 41.699701], [-8.241832, 41.688589], [-8.23624, 41.679545], [-8.227794, 41.674184], [-8.215808, 41.671905], [-8.203776, 41.673465], [-8.191663, 41.681418], [-8.187239, 41.688216], [-8.186463, 41.697217], [-8.19136, 41.705592], [-8.203289, 41.712903], [-8.215292, 41.714394], [-8.227349, 41.711361], [-8.235067, 41.706558], [-8.239507, 41.699701]], [[-8.234699, 41.697549], [-8.227404, 41.706787], [-8.215329, 41.711299], [-8.203323, 41.71017], [-8.196693, 41.706296], [-8.189799, 41.697241], [-8.191261, 41.688244], [-8.203713, 41.678566], [-8.215744, 41.677209], [-8.227702, 41.681899], [-8.233945, 41.688537], [-8.234699, 41.697549]]], [[[-8.023863, 41.654454], [-8.016759, 41.659863], [-8.023712, 41.664462], [-8.030317, 41.659978], [-8.023863, 41.654454]]], [[[-8.144189, 41.637205], [-8.14652, 41.633878], [-8.14427, 41.631081], [-8.132314, 41.627415], [-8.125745, 41.633722], [-8.132107, 41.642795], [-8.144189, 41.637205]]], [[[-8.082187, 41.550088], [-8.097314, 41.554655], [-8.1093, 41.555052], [-8.121323, 41.552672], [-8.136488, 41.543731], [-8.141545, 41.534762], [-8.141205, 41.525752], [-8.134, 41.516691], [-8.121887, 41.511025], [-8.109944, 41.508043], [-8.0924, 41.507302], [-8.092188, 41.507314], [-8.0921, 41.507319], [-8.0909, 41.511584], [-8.097933, 41.510124], [-8.109906, 41.510826], [-8.12662, 41.516635], [-8.133479, 41.525694], [-8.133248, 41.5347], [-8.126002, 41.543652], [-8.121408, 41.546409], [-8.109373, 41.54973], [-8.097387, 41.549366], [-8.084149, 41.544675], [-8.082187, 41.550088]]], [[[-8.37211, 41.50923], [-8.376347, 41.500246], [-8.377351, 41.482236], [-8.373942, 41.468797], [-8.362136, 41.451511], [-8.350231, 41.444749], [-8.338292, 41.44161], [-8.326317, 41.442084], [-8.314293, 41.447157], [-8.306856, 41.454811], [-8.302144, 41.46368], [-8.300109, 41.472785], [-8.302102, 41.490812], [-8.305872, 41.499842], [-8.313617, 41.511229], [-8.325506, 41.520358], [-8.33745, 41.524357], [-8.349436, 41.52429], [-8.361468, 41.519616], [-8.37211, 41.50923]], [[-8.369913, 41.50021], [-8.361563, 41.509945], [-8.349525, 41.515455], [-8.337536, 41.515934], [-8.325589, 41.512311], [-8.313712, 41.50223], [-8.307836, 41.490846], [-8.306614, 41.481832], [-8.30846, 41.472835], [-8.314448, 41.463864], [-8.326168, 41.456492], [-8.338158, 41.454787], [-8.350114, 41.456475], [-8.362021, 41.463313], [-8.369361, 41.473185], [-8.372503, 41.48221], [-8.372757, 41.491219], [-8.369913, 41.50021]]], [[[-8.141487, 41.377337], [-8.149307, 41.390701], [-8.157367, 41.399768], [-8.171099, 41.41065], [-8.194884, 41.422319], [-8.206814, 41.425386], [-8.230726, 41.427356], [-8.254686, 41.42519], [-8.277427, 41.4186], [-8.290549, 41.409674], [-8.297033, 41.400706], [-8.299827, 41.391716], [-8.301407, 41.364703], [-8.299812, 41.33767], [-8.297949, 41.328651], [-8.291047, 41.312701], [-8.281801, 41.316569], [-8.281808, 41.319721], [-8.278828, 41.321976], [-8.278238, 41.325128], [-8.273161, 41.325134], [-8.269582, 41.326939], [-8.265709, 41.331221], [-8.269004, 41.336169], [-8.265952, 41.337748], [-8.27368, 41.346516], [-8.278541, 41.355554], [-8.282762, 41.373596], [-8.282209, 41.3826], [-8.274019, 41.400563], [-8.263113, 41.409501], [-8.254819, 41.413622], [-8.242812, 41.417212], [-8.218862, 41.41867], [-8.206918, 41.416831], [-8.195, 41.412989], [-8.174633, 41.399893], [-8.166933, 41.39083], [-8.161942, 41.37969], [-8.152544, 41.375866], [-8.151049, 41.37339], [-8.145073, 41.374742], [-8.141487, 41.377337]]]]}}, {"id": "13", "type": "Feature", "properties": {"fill": "#a3a3a3", "value_min": 0.25, "value_max": -0.5}, "geometry": {"type": "MultiPolygon", "coordinates": [[[[-7.853547, 41.777207], [-7.865569, 41.77783], [-7.87479, 41.77565], [-7.888239, 41.766774], [-7.891725, 41.757801], [-7.889807, 41.748776], [-7.878258, 41.740136], [-7.866239, 41.739738], [-7.85418, 41.741639], [-7.839974, 41.748283], [-7.834003, 41.75723], [-7.835529, 41.766252], [-7.841609, 41.771943], [-7.853547, 41.777207]], [[-7.865626, 41.774554], [-7.853616, 41.773323], [-7.842684, 41.766324], [-7.840418, 41.757295], [-7.847264, 41.748357], [-7.854119, 41.745092], [-7.86618, 41.743108], [-7.878156, 41.745977], [-7.881794, 41.748698], [-7.886131, 41.757747], [-7.882719, 41.766721], [-7.877729, 41.770486], [-7.865626, 41.774554]]], [[[-8.474633, 41.686872], [-8.473275, 41.680876], [-8.474672, 41.671875], [-8.48923, 41.644919], [-8.490085, 41.635916], [-8.488134, 41.6269], [-8.482252, 41.617866], [-8.471242, 41.608809], [-8.45665, 41.602968], [-8.444663, 41.601425], [-8.432655, 41.602296], [-8.420623, 41.605834], [-8.414717, 41.608535], [-8.392506, 41.626434], [-8.360268, 41.641294], [-8.348739, 41.653216], [-8.345423, 41.662204], [-8.345866, 41.671214], [-8.349932, 41.680244], [-8.367235, 41.698355], [-8.381399, 41.731903], [-8.384922, 41.73032], [-8.387032, 41.731891], [-8.390632, 41.730541], [-8.386921, 41.725483], [-8.384519, 41.716463], [-8.386787, 41.698461], [-8.377228, 41.689402], [-8.371826, 41.687559], [-8.362115, 41.680312], [-8.356261, 41.671273], [-8.356107, 41.662265], [-8.361789, 41.653289], [-8.372223, 41.646753], [-8.384255, 41.644279], [-8.408261, 41.645364], [-8.413091, 41.626541], [-8.418763, 41.617563], [-8.432593, 41.609405], [-8.444609, 41.607628], [-8.456593, 41.60975], [-8.468536, 41.616891], [-8.474855, 41.62684], [-8.474599, 41.635846], [-8.4683, 41.645589], [-8.45623, 41.652888], [-8.444195, 41.655926], [-8.43218, 41.65647], [-8.422559, 41.662618], [-8.42227, 41.671623], [-8.424513, 41.680642], [-8.443882, 41.692286], [-8.451873, 41.699992], [-8.453868, 41.697961], [-8.453255, 41.695487], [-8.461659, 41.694563], [-8.467939, 41.689593], [-8.474633, 41.686872]]], [[[-8.010408, 41.74875], [-8.0225, 41.744487], [-8.025457, 41.741], [-8.026165, 41.731999], [-8.022749, 41.728084], [-8.010823, 41.721738], [-7.998765, 41.724053], [-7.99107, 41.731696], [-7.992917, 41.740719], [-7.998432, 41.745459], [-8.010408, 41.74875]], [[-8.000184, 41.740782], [-7.996842, 41.731746], [-8.01077, 41.725165], [-8.022821, 41.73197], [-8.019431, 41.740948], [-8.010469, 41.744772], [-8.000184, 41.740782]]], [[[-7.890351, 41.736224], [-7.902403, 41.734636], [-7.914564, 41.726532], [-7.918348, 41.722027], [-7.918793, 41.713025], [-7.914872, 41.708214], [-7.902958, 41.702031], [-7.890897, 41.704472], [-7.883563, 41.712688], [-7.8813, 41.721673], [-7.890351, 41.736224]], [[-7.890496, 41.727784], [-7.885686, 41.721715], [-7.886908, 41.71272], [-7.890831, 41.708326], [-7.902873, 41.707035], [-7.911212, 41.712953], [-7.910682, 41.721955], [-7.902516, 41.727992], [-7.890496, 41.727784]]], [[[-8.203357, 41.707437], [-8.215367, 41.708202], [-8.21995, 41.706457], [-8.228761, 41.697509], [-8.226682, 41.688488], [-8.215686, 41.681952], [-8.203663, 41.682638], [-8.196222, 41.688279], [-8.193489, 41.697267], [-8.203357, 41.707437]], [[-8.203402, 41.703733], [-8.197535, 41.697295], [-8.201263, 41.688314], [-8.203615, 41.686532], [-8.215633, 41.686298], [-8.219233, 41.688438], [-8.223047, 41.697471], [-8.215415, 41.704247], [-8.203402, 41.703733]]], [[[-8.624874, 41.565144], [-8.636863, 41.565933], [-8.648866, 41.564235], [-8.660881, 41.559981], [-8.668117, 41.555502], [-8.676674, 41.546519], [-8.680343, 41.537522], [-8.68006, 41.528514], [-8.675245, 41.519493], [-8.665346, 41.510457], [-8.637257, 41.495464], [-8.599051, 41.483223], [-8.602333, 41.456212], [-8.600003, 41.447196], [-8.594109, 41.438168], [-8.589719, 41.434494], [-8.5778, 41.426726], [-8.56586, 41.422531], [-8.553903, 41.421085], [-8.541929, 41.42217], [-8.529928, 41.426824], [-8.518405, 41.437876], [-8.514733, 41.446868], [-8.514646, 41.455875], [-8.518108, 41.464897], [-8.529564, 41.477257], [-8.541496, 41.483581], [-8.553448, 41.487515], [-8.586916, 41.492187], [-8.580952, 41.519188], [-8.581352, 41.528197], [-8.584188, 41.537214], [-8.590142, 41.546243], [-8.600944, 41.555968], [-8.612898, 41.562177], [-8.624874, 41.565144]], [[-8.624951, 41.551738], [-8.612976, 41.549049], [-8.601035, 41.541081], [-8.594143, 41.528243], [-8.595007, 41.519238], [-8.601154, 41.510252], [-8.613245, 41.503973], [-8.625231, 41.503349], [-8.637196, 41.506407], [-8.644743, 41.510395], [-8.655088, 41.519434], [-8.658352, 41.528451], [-8.656492, 41.537453], [-8.648967, 41.545508], [-8.636947, 41.550826], [-8.624951, 41.551738]], [[-8.553508, 41.478675], [-8.541549, 41.476061], [-8.529629, 41.468228], [-8.523035, 41.45591], [-8.5243, 41.446908], [-8.529839, 41.439138], [-8.541857, 41.432335], [-8.553836, 41.430873], [-8.56579, 41.43305], [-8.575323, 41.4381], [-8.583617, 41.447138], [-8.585775, 41.456153], [-8.583347, 41.465152], [-8.57366, 41.474124], [-8.565493, 41.4776], [-8.553508, 41.478675]]], [[[-8.095973, 41.543824], [-8.10944, 41.544803], [-8.121501, 41.539571], [-8.12629, 41.534647], [-8.127453, 41.525649], [-8.118839, 41.516576], [-8.109868, 41.513608], [-8.097888, 41.513306], [-8.090598, 41.515549], [-8.089398, 41.519468], [-8.091328, 41.522169], [-8.097843, 41.51657], [-8.10983, 41.51639], [-8.121354, 41.525602], [-8.118541, 41.534588], [-8.109512, 41.539583], [-8.100769, 41.539087], [-8.106759, 41.543557], [-8.101666, 41.542655], [-8.095973, 41.543824]]], [[[-8.335754, 41.509026], [-8.349591, 41.508826], [-8.361638, 41.502309], [-8.367774, 41.491191], [-8.367566, 41.482183], [-8.361941, 41.47149], [-8.350038, 41.46411], [-8.338082, 41.462265], [-8.326076, 41.46533], [-8.316895, 41.472886], [-8.312908, 41.481869], [-8.313571, 41.490881], [-8.319, 41.49992], [-8.325658, 41.505661], [-8.335754, 41.509026]], [[-8.337652, 41.504503], [-8.325723, 41.499397], [-8.319624, 41.490917], [-8.319361, 41.481908], [-8.325999, 41.472738], [-8.33802, 41.468341], [-8.349981, 41.46987], [-8.354891, 41.473105], [-8.36263, 41.482156], [-8.362791, 41.491164], [-8.355388, 41.50013], [-8.349644, 41.503537], [-8.337652, 41.504503]]], [[[-8.175932, 41.376309], [-8.176485, 41.381892], [-8.180683, 41.390929], [-8.189156, 41.399997], [-8.195111, 41.403953], [-8.207012, 41.409141], [-8.218948, 41.411466], [-8.230915, 41.411346], [-8.24291, 41.408695], [-8.258075, 41.400462], [-8.265509, 41.391502], [-8.268771, 41.382515], [-8.268952, 41.373509], [-8.266286, 41.364484], [-8.254695, 41.35002], [-8.249622, 41.353072], [-8.251123, 41.356897], [-8.248142, 41.360703], [-8.248433, 41.360952], [-8.248442, 41.36096], [-8.252456, 41.364395], [-8.257326, 41.373434], [-8.257762, 41.382445], [-8.253797, 41.391426], [-8.243171, 41.400365], [-8.230999, 41.404226], [-8.219031, 41.404524], [-8.204107, 41.400101], [-8.192739, 41.391014], [-8.188501, 41.381977], [-8.188599, 41.375628], [-8.184818, 41.376756], [-8.175932, 41.376309]]], [[[-8.804127, 41.256887], [-8.793783, 41.249157], [-8.781865, 41.243774], [-8.769941, 41.240781], [-8.74608, 41.239168], [-8.722204, 41.241285], [-8.686373, 41.247194], [-8.662468, 41.254138], [-8.654274, 41.258211], [-8.650484, 41.263019], [-8.647636, 41.267199], [-8.646854, 41.276204], [-8.65308, 41.294239], [-8.667435, 41.312296], [-8.678219, 41.321335], [-8.697908, 41.334068], [-8.72177, 41.343476], [-8.745663, 41.346669], [-8.769579, 41.343903], [-8.782072, 41.339594], [-8.793517, 41.333521], [-8.80671, 41.322477], [-8.804127, 41.256887]], [[-8.733762, 41.333777], [-8.721814, 41.333176], [-8.709875, 41.330493], [-8.697946, 41.325861], [-8.678836, 41.312329], [-8.6716, 41.303301], [-8.667634, 41.294281], [-8.666873, 41.285272], [-8.669624, 41.276272], [-8.677538, 41.267286], [-8.686303, 41.261945], [-8.698261, 41.257555], [-8.722151, 41.253831], [-8.746016, 41.255668], [-8.757939, 41.259327], [-8.769853, 41.265926], [-8.780172, 41.276536], [-8.784314, 41.285551], [-8.785437, 41.294561], [-8.783644, 41.303566], [-8.778954, 41.312565], [-8.770012, 41.321555], [-8.757683, 41.328597], [-8.745718, 41.332341], [-8.733762, 41.333777]]], [[[-8.490165, 41.232599], [-8.49546, 41.241023], [-8.507306, 41.252717], [-8.519189, 41.260038], [-8.543012, 41.267448], [-8.554942, 41.268699], [-8.578831, 41.266976], [-8.590786, 41.264328], [-8.608247, 41.258064], [-8.620579, 41.249097], [-8.624213, 41.240101], [-8.623384, 41.222083], [-8.618056, 41.204049], [-8.608652, 41.186002], [-8.601135, 41.176968], [-8.589175, 41.167795], [-8.589194, 41.170572], [-8.583263, 41.174422], [-8.582094, 41.177803], [-8.578825, 41.178941], [-8.581288, 41.19065], [-8.591198, 41.198195], [-8.599945, 41.212996], [-8.60115, 41.222008], [-8.599284, 41.231009], [-8.590925, 41.242068], [-8.578945, 41.249155], [-8.566989, 41.25228], [-8.55505, 41.252825], [-8.543127, 41.250959], [-8.531225, 41.246128], [-8.522264, 41.239723], [-8.515238, 41.230686], [-8.512292, 41.221666], [-8.512557, 41.212659], [-8.518311, 41.200769], [-8.51163, 41.203042], [-8.510456, 41.206197], [-8.505693, 41.207113], [-8.504239, 41.213646], [-8.500076, 41.21546], [-8.50308, 41.219502], [-8.502204, 41.222656], [-8.495642, 41.222227], [-8.488773, 41.229902], [-8.489903, 41.232149], [-8.490033, 41.232373], [-8.490034, 41.232374], [-8.490165, 41.232599]]], [[[-8.518471, 41.20056], [-8.518471, 41.20056], [-8.518484, 41.200543], [-8.518471, 41.20056]]]]}}, {"id": "14", "type": "Feature", "properties": {"fill": "#a3a3a3", "value_min": 0.5, "value_max": -0.75}, "geometry": {"type": "MultiPolygon", "coordinates": [[[[-7.865626, 41.774554], [-7.877729, 41.770486], [-7.882719, 41.766721], [-7.886131, 41.757747], [-7.881794, 41.748698], [-7.878156, 41.745977], [-7.86618, 41.743108], [-7.854119, 41.745092], [-7.847264, 41.748357], [-7.840418, 41.757295], [-7.842684, 41.766324], [-7.853616, 41.773323], [-7.865626, 41.774554]], [[-7.853687, 41.769352], [-7.849059, 41.766388], [-7.84595, 41.75735], [-7.854056, 41.748626], [-7.866121, 41.746477], [-7.872477, 41.748607], [-7.878038, 41.752782], [-7.881147, 41.757699], [-7.876962, 41.766665], [-7.865684, 41.771292], [-7.853687, 41.769352]]], [[[-8.451873, 41.699992], [-8.443882, 41.692286], [-8.424513, 41.680642], [-8.42227, 41.671623], [-8.422559, 41.662618], [-8.43218, 41.65647], [-8.444195, 41.655926], [-8.45623, 41.652888], [-8.4683, 41.645589], [-8.474599, 41.635846], [-8.474855, 41.62684], [-8.468536, 41.616891], [-8.456593, 41.60975], [-8.444609, 41.607628], [-8.432593, 41.609405], [-8.418763, 41.617563], [-8.413091, 41.626541], [-8.408261, 41.645364], [-8.384255, 41.644279], [-8.372223, 41.646753], [-8.361789, 41.653289], [-8.356107, 41.662265], [-8.356261, 41.671273], [-8.362115, 41.680312], [-8.371826, 41.687559], [-8.377228, 41.689402], [-8.386787, 41.698461], [-8.384519, 41.716463], [-8.386921, 41.725483], [-8.390632, 41.730541], [-8.396942, 41.730518], [-8.399635, 41.727956], [-8.396682, 41.725534], [-8.394197, 41.716514], [-8.398149, 41.707528], [-8.407756, 41.700479], [-8.419789, 41.698797], [-8.431782, 41.701745], [-8.439769, 41.707738], [-8.441621, 41.711712], [-8.4446, 41.70654], [-8.451873, 41.699992]], [[-8.38392, 41.679384], [-8.371943, 41.675584], [-8.368018, 41.671338], [-8.367989, 41.662331], [-8.372113, 41.658069], [-8.384155, 41.654706], [-8.396116, 41.659953], [-8.398715, 41.662495], [-8.39886, 41.671503], [-8.39598, 41.674562], [-8.38392, 41.679384]], [[-8.444311, 41.642357], [-8.432336, 41.638687], [-8.428944, 41.635628], [-8.426179, 41.626607], [-8.432198, 41.61763], [-8.444551, 41.614385], [-8.457378, 41.617751], [-8.46336, 41.626787], [-8.460474, 41.63578], [-8.456344, 41.639336], [-8.444311, 41.642357]]], [[[-8.000184, 41.740782], [-8.010469, 41.744772], [-8.019431, 41.740948], [-8.022821, 41.73197], [-8.01077, 41.725165], [-7.996842, 41.731746], [-8.000184, 41.740782]], [[-8.004249, 41.731811], [-8.010713, 41.728914], [-8.016083, 41.731913], [-8.010533, 41.740655], [-8.004249, 41.731811]]], [[[-7.890496, 41.727784], [-7.902516, 41.727992], [-7.910682, 41.721955], [-7.911212, 41.712953], [-7.902873, 41.707035], [-7.890831, 41.708326], [-7.886908, 41.71272], [-7.885686, 41.721715], [-7.890496, 41.727784]], [[-7.890589, 41.722411], [-7.890765, 41.712179], [-7.904003, 41.712884], [-7.90261, 41.722451], [-7.890589, 41.722411]]], [[[-8.203402, 41.703733], [-8.215415, 41.704247], [-8.223047, 41.697471], [-8.219233, 41.688438], [-8.215633, 41.686298], [-8.203615, 41.686532], [-8.201263, 41.688314], [-8.197535, 41.697295], [-8.203402, 41.703733]], [[-8.203456, 41.699381], [-8.201581, 41.697323], [-8.203533, 41.693138], [-8.215541, 41.693863], [-8.217393, 41.697432], [-8.215477, 41.699133], [-8.203456, 41.699381]]], [[[-8.624951, 41.551738], [-8.636947, 41.550826], [-8.648967, 41.545508], [-8.656492, 41.537453], [-8.658352, 41.528451], [-8.655088, 41.519434], [-8.644743, 41.510395], [-8.637196, 41.506407], [-8.625231, 41.503349], [-8.613245, 41.503973], [-8.601154, 41.510252], [-8.595007, 41.519238], [-8.594143, 41.528243], [-8.601035, 41.541081], [-8.612976, 41.549049], [-8.624951, 41.551738]], [[-8.613046, 41.53732], [-8.606767, 41.528286], [-8.608964, 41.519286], [-8.613175, 41.515751], [-8.625175, 41.513061], [-8.637135, 41.517327], [-8.639744, 41.519387], [-8.642739, 41.528404], [-8.637024, 41.537105], [-8.625017, 41.540404], [-8.613046, 41.53732]]], [[[-8.100769, 41.539087], [-8.109512, 41.539583], [-8.118541, 41.534588], [-8.121354, 41.525602], [-8.10983, 41.51639], [-8.097843, 41.51657], [-8.091328, 41.522169], [-8.093588, 41.52307], [-8.091786, 41.531848], [-8.100769, 41.539087]], [[-8.097643, 41.530973], [-8.095297, 41.5254], [-8.09775, 41.523293], [-8.109748, 41.522358], [-8.113673, 41.525543], [-8.109592, 41.533747], [-8.097643, 41.530973]]], [[[-8.337652, 41.504503], [-8.349644, 41.503537], [-8.355388, 41.50013], [-8.362791, 41.491164], [-8.36263, 41.482156], [-8.354891, 41.473105], [-8.349981, 41.46987], [-8.33802, 41.468341], [-8.325999, 41.472738], [-8.319361, 41.481908], [-8.319624, 41.490917], [-8.325723, 41.499397], [-8.337652, 41.504503]], [[-8.337705, 41.499307], [-8.325692, 41.490952], [-8.325905, 41.481862], [-8.337961, 41.474171], [-8.349919, 41.476013], [-8.35611, 41.482119], [-8.356431, 41.491128], [-8.349702, 41.497747], [-8.337705, 41.499307]]], [[[-8.553508, 41.478675], [-8.565493, 41.4776], [-8.57366, 41.474124], [-8.583347, 41.465152], [-8.585775, 41.456153], [-8.583617, 41.447138], [-8.575323, 41.4381], [-8.56579, 41.43305], [-8.553836, 41.430873], [-8.541857, 41.432335], [-8.529839, 41.439138], [-8.5243, 41.446908], [-8.523035, 41.45591], [-8.529629, 41.468228], [-8.541549, 41.476061], [-8.553508, 41.478675]], [[-8.55356, 41.471099], [-8.541602, 41.468638], [-8.536448, 41.464972], [-8.531462, 41.455945], [-8.534743, 41.446951], [-8.541793, 41.441485], [-8.553777, 41.439448], [-8.565721, 41.443462], [-8.570058, 41.447088], [-8.573383, 41.456108], [-8.569141, 41.4651], [-8.565559, 41.467687], [-8.55356, 41.471099]]], [[[-8.188599, 41.375628], [-8.188501, 41.381977], [-8.192739, 41.391014], [-8.204107, 41.400101], [-8.219031, 41.404524], [-8.230999, 41.404226], [-8.243171, 41.400365], [-8.253797, 41.391426], [-8.257762, 41.382445], [-8.257326, 41.373434], [-8.252456, 41.364395], [-8.248442, 41.36096], [-8.248448, 41.364328], [-8.245461, 41.364781], [-8.242182, 41.369547], [-8.245566, 41.373358], [-8.246952, 41.382374], [-8.241668, 41.391347], [-8.231089, 41.396553], [-8.21912, 41.397104], [-8.207214, 41.3925], [-8.200191, 41.382059], [-8.200945, 41.377422], [-8.19707, 41.376524], [-8.194976, 41.374275], [-8.191691, 41.376302], [-8.188599, 41.375628]]], [[[-8.248433, 41.360952], [-8.248433, 41.360952], [-8.248142, 41.360703], [-8.248433, 41.360952]]], [[[-8.733762, 41.333777], [-8.745718, 41.332341], [-8.757683, 41.328597], [-8.770012, 41.321555], [-8.778954, 41.312565], [-8.783644, 41.303566], [-8.785437, 41.294561], [-8.784314, 41.285551], [-8.780172, 41.276536], [-8.769853, 41.265926], [-8.757939, 41.259327], [-8.746016, 41.255668], [-8.722151, 41.253831], [-8.698261, 41.257555], [-8.686303, 41.261945], [-8.677538, 41.267286], [-8.669624, 41.276272], [-8.666873, 41.285272], [-8.667634, 41.294281], [-8.6716, 41.303301], [-8.678836, 41.312329], [-8.697946, 41.325861], [-8.709875, 41.330493], [-8.721814, 41.333176], [-8.733762, 41.333777]], [[-8.721852, 41.324207], [-8.70991, 41.322517], [-8.697984, 41.317675], [-8.690287, 41.31236], [-8.682506, 41.303331], [-8.679579, 41.294315], [-8.680711, 41.285311], [-8.686802, 41.27632], [-8.698208, 41.269082], [-8.710162, 41.265617], [-8.722104, 41.264765], [-8.737989, 41.26744], [-8.745958, 41.270636], [-8.754604, 41.276484], [-8.761328, 41.285506], [-8.763399, 41.294518], [-8.761578, 41.303522], [-8.755248, 41.312517], [-8.73978, 41.32149], [-8.721852, 41.324207]]], [[[-8.518311, 41.200769], [-8.512557, 41.212659], [-8.512292, 41.221666], [-8.515238, 41.230686], [-8.522264, 41.239723], [-8.531225, 41.246128], [-8.543127, 41.250959], [-8.55505, 41.252825], [-8.566989, 41.25228], [-8.578945, 41.249155], [-8.590925, 41.242068], [-8.599284, 41.231009], [-8.60115, 41.222008], [-8.599945, 41.212996], [-8.591198, 41.198195], [-8.581288, 41.19065], [-8.579522, 41.193795], [-8.575958, 41.195609], [-8.576894, 41.201908], [-8.574515, 41.202593], [-8.57423, 41.20462], [-8.568566, 41.204416], [-8.566788, 41.205948], [-8.57675, 41.212913], [-8.579712, 41.221932], [-8.57409, 41.230919], [-8.567104, 41.234908], [-8.555163, 41.23607], [-8.542104, 41.230796], [-8.537498, 41.22177], [-8.541646, 41.211043], [-8.532257, 41.213102], [-8.52653, 41.202542], [-8.523236, 41.200077], [-8.518484, 41.200543], [-8.518471, 41.20056], [-8.518311, 41.200769]]]]}}, {"id": "15", "type": "Feature", "properties": {"fill": "#a3a3a3", "value_min": 0.75, "value_max": -1.0}, "geometry": {"type": "MultiPolygon", "coordinates": [[[[-7.853687, 41.769352], [-7.865684, 41.771292], [-7.876962, 41.766665], [-7.881147, 41.757699], [-7.878038, 41.752782], [-7.872477, 41.748607], [-7.866121, 41.746477], [-7.854056, 41.748626], [-7.84595, 41.75735], [-7.849059, 41.766388], [-7.853687, 41.769352]], [[-7.858192, 41.76648], [-7.853794, 41.763342], [-7.851222, 41.757403], [-7.853952, 41.754465], [-7.866051, 41.750424], [-7.875586, 41.757644], [-7.869253, 41.766589], [-7.865741, 41.76803], [-7.858192, 41.76648]]], [[[-8.441621, 41.711712], [-8.439769, 41.707738], [-8.431782, 41.701745], [-8.419789, 41.698797], [-8.407756, 41.700479], [-8.398149, 41.707528], [-8.394197, 41.716514], [-8.396682, 41.725534], [-8.399635, 41.727956], [-8.402934, 41.726452], [-8.404721, 41.722847], [-8.413076, 41.724853], [-8.407567, 41.721068], [-8.405929, 41.716576], [-8.407631, 41.714089], [-8.41969, 41.709791], [-8.428701, 41.716691], [-8.426518, 41.719867], [-8.429643, 41.719859], [-8.430533, 41.717381], [-8.435927, 41.714441], [-8.441333, 41.714201], [-8.441621, 41.711712]]], [[[-8.004249, 41.731811], [-8.010533, 41.740655], [-8.016083, 41.731913], [-8.010713, 41.728914], [-8.004249, 41.731811]]], [[[-7.890589, 41.722411], [-7.90261, 41.722451], [-7.904003, 41.712884], [-7.890765, 41.712179], [-7.890589, 41.722411]]], [[[-8.203456, 41.699381], [-8.215477, 41.699133], [-8.217393, 41.697432], [-8.215541, 41.693863], [-8.203533, 41.693138], [-8.201581, 41.697323], [-8.203456, 41.699381]]], [[[-8.38392, 41.679384], [-8.39598, 41.674562], [-8.39886, 41.671503], [-8.398715, 41.662495], [-8.396116, 41.659953], [-8.384155, 41.654706], [-8.372113, 41.658069], [-8.367989, 41.662331], [-8.368018, 41.671338], [-8.371943, 41.675584], [-8.38392, 41.679384]]], [[[-8.444311, 41.642357], [-8.456344, 41.639336], [-8.460474, 41.63578], [-8.46336, 41.626787], [-8.457378, 41.617751], [-8.444551, 41.614385], [-8.432198, 41.61763], [-8.426179, 41.626607], [-8.428944, 41.635628], [-8.432336, 41.638687], [-8.444311, 41.642357]], [[-8.443379, 41.626692], [-8.444452, 41.625955], [-8.4457, 41.626703], [-8.444437, 41.627695], [-8.443379, 41.626692]]], [[[-8.613046, 41.53732], [-8.625017, 41.540404], [-8.637024, 41.537105], [-8.642739, 41.528404], [-8.639744, 41.519387], [-8.637135, 41.517327], [-8.625175, 41.513061], [-8.613175, 41.515751], [-8.608964, 41.519286], [-8.606767, 41.528286], [-8.613046, 41.53732]]], [[[-8.097643, 41.530973], [-8.109592, 41.533747], [-8.113673, 41.525543], [-8.109748, 41.522358], [-8.09775, 41.523293], [-8.095297, 41.5254], [-8.097643, 41.530973]]], [[[-8.337705, 41.499307], [-8.349702, 41.497747], [-8.356431, 41.491128], [-8.35611, 41.482119], [-8.349919, 41.476013], [-8.337961, 41.474171], [-8.325905, 41.481862], [-8.325692, 41.490952], [-8.337705, 41.499307]], [[-8.335214, 41.491008], [-8.335936, 41.482005], [-8.337894, 41.480751], [-8.34622, 41.482063], [-8.349364, 41.491089], [-8.337772, 41.492776], [-8.335214, 41.491008]]], [[[-8.55356, 41.471099], [-8.565559, 41.467687], [-8.569141, 41.4651], [-8.573383, 41.456108], [-8.570058, 41.447088], [-8.565721, 41.443462], [-8.553777, 41.439448], [-8.541793, 41.441485], [-8.534743, 41.446951], [-8.531462, 41.455945], [-8.536448, 41.464972], [-8.541602, 41.468638], [-8.55356, 41.471099]], [[-8.541688, 41.456334], [-8.553707, 41.449778], [-8.559617, 41.456056], [-8.553625, 41.461647], [-8.541688, 41.456334]]], [[[-8.200945, 41.377422], [-8.200191, 41.382059], [-8.207214, 41.3925], [-8.21912, 41.397104], [-8.231089, 41.396553], [-8.241668, 41.391347], [-8.246952, 41.382374], [-8.245566, 41.373358], [-8.242182, 41.369547], [-8.239197, 41.371315], [-8.232024, 41.369971], [-8.224854, 41.370878], [-8.21738, 41.368182], [-8.211712, 41.376065], [-8.200945, 41.377422]], [[-8.219258, 41.385558], [-8.215722, 41.382166], [-8.219379, 41.375485], [-8.231301, 41.378587], [-8.232781, 41.382281], [-8.231236, 41.384082], [-8.219258, 41.385558]]], [[[-8.721852, 41.324207], [-8.73978, 41.32149], [-8.755248, 41.312517], [-8.761578, 41.303522], [-8.763399, 41.294518], [-8.761328, 41.285506], [-8.754604, 41.276484], [-8.745958, 41.270636], [-8.737989, 41.26744], [-8.722104, 41.264765], [-8.710162, 41.265617], [-8.698208, 41.269082], [-8.686802, 41.27632], [-8.680711, 41.285311], [-8.679579, 41.294315], [-8.682506, 41.303331], [-8.690287, 41.31236], [-8.697984, 41.317675], [-8.70991, 41.322517], [-8.721852, 41.324207]], [[-8.709948, 41.31399], [-8.698031, 41.307486], [-8.694135, 41.303363], [-8.691414, 41.294348], [-8.694604, 41.285348], [-8.698149, 41.281827], [-8.710116, 41.276044], [-8.722059, 41.275472], [-8.733984, 41.279279], [-8.741816, 41.285464], [-8.745572, 41.29448], [-8.743201, 41.303483], [-8.732241, 41.312465], [-8.721891, 41.314964], [-8.709948, 41.31399]]], [[[-8.541646, 41.211043], [-8.537498, 41.22177], [-8.542104, 41.230796], [-8.555163, 41.23607], [-8.567104, 41.234908], [-8.57409, 41.230919], [-8.579712, 41.221932], [-8.57675, 41.212913], [-8.566788, 41.205948], [-8.566512, 41.209376], [-8.559636, 41.206251], [-8.554271, 41.20627], [-8.549521, 41.209214], [-8.544157, 41.209458], [-8.541646, 41.211043]]]]}}, {"id": "10", "type": "Feature", "properties": {"fill": "#a3a3a3", "value_min": -0.5, "value_max": -0.25}, "geometry": {"type": "MultiPolygon", "coordinates": [[[[-8.364021, 41.734866], [-8.347583, 41.708474], [-8.325243, 41.680102], [-8.319181, 41.662052], [-8.319473, 41.653046], [-8.326267, 41.635072], [-8.336452, 41.621923], [-8.348563, 41.611243], [-8.372704, 41.597158], [-8.384744, 41.592789], [-8.408784, 41.588139], [-8.432788, 41.587068], [-8.468762, 41.589303], [-8.492722, 41.593809], [-8.516668, 41.600734], [-8.52866, 41.601895], [-8.541744, 41.600104], [-8.55381, 41.591144], [-8.556579, 41.582148], [-8.556216, 41.573139], [-8.540486, 41.519033], [-8.52855, 41.50097], [-8.503399, 41.473842], [-8.498247, 41.464812], [-8.49255, 41.446772], [-8.490966, 41.42875], [-8.492025, 41.419747], [-8.498922, 41.401763], [-8.506252, 41.392485], [-8.518271, 41.384715], [-8.530247, 41.382525], [-8.542196, 41.384127], [-8.554133, 41.38745], [-8.601852, 41.407777], [-8.625737, 41.415324], [-8.637692, 41.417335], [-8.661623, 41.417576], [-8.685579, 41.412667], [-8.69757, 41.407106], [-8.70384, 41.402472], [-8.709555, 41.393479], [-8.71093, 41.384475], [-8.704716, 41.366444], [-8.689503, 41.348389], [-8.662092, 41.327004], [-8.638263, 41.314358], [-8.614404, 41.30829], [-8.60246, 41.307882], [-8.573838, 41.311988], [-8.530675, 41.322973], [-8.518717, 41.324176], [-8.506775, 41.323226], [-8.482937, 41.315755], [-8.471036, 41.309953], [-8.429081, 41.284319], [-8.426171, 41.287028], [-8.425606, 41.294007], [-8.422037, 41.296942], [-8.421756, 41.30077], [-8.416982, 41.301232], [-8.407744, 41.304856], [-8.406262, 41.307335], [-8.403277, 41.307342], [-8.401801, 41.311398], [-8.399712, 41.311628], [-8.400316, 41.313202], [-8.396738, 41.314336], [-8.398835, 41.316131], [-8.393775, 41.31997], [-8.393489, 41.323122], [-8.391105, 41.324253], [-8.386325, 41.323588], [-8.380382, 41.331254], [-8.375305, 41.33104], [-8.37201, 41.328346], [-8.361563, 41.329718], [-8.358276, 41.329049], [-8.357673, 41.327249], [-8.350207, 41.327264], [-8.346032, 41.328847], [-8.342462, 41.333131], [-8.333215, 41.336299], [-8.326363, 41.342163], [-8.324568, 41.341041], [-8.323376, 41.341943], [-8.320676, 41.338121], [-8.312604, 41.334983], [-8.313794, 41.333405], [-8.31139, 41.328007], [-8.307502, 41.325762], [-8.305116, 41.326891], [-8.303024, 41.325994], [-8.303615, 41.323742], [-8.301216, 41.319694], [-8.296431, 41.316774], [-8.297618, 41.313846], [-8.296116, 41.310022], [-8.291047, 41.312701], [-8.297949, 41.328651], [-8.299812, 41.33767], [-8.301407, 41.364703], [-8.299827, 41.391716], [-8.297033, 41.400706], [-8.290549, 41.409674], [-8.277427, 41.4186], [-8.254686, 41.42519], [-8.230726, 41.427356], [-8.206814, 41.425386], [-8.194884, 41.422319], [-8.171099, 41.41065], [-8.157367, 41.399768], [-8.149307, 41.390701], [-8.141487, 41.377337], [-8.139096, 41.377894], [-8.133418, 41.374292], [-8.119672, 41.376768], [-8.119672, 41.378569], [-8.116683, 41.380144], [-8.117153, 41.386447], [-8.144666, 41.408682], [-8.159506, 41.417799], [-8.182833, 41.429044], [-8.206693, 41.435349], [-8.26649, 41.439742], [-8.278413, 41.443975], [-8.286775, 41.454688], [-8.296216, 41.490776], [-8.30171, 41.504138], [-8.313493, 41.522941], [-8.325365, 41.53392], [-8.337283, 41.540701], [-8.34925, 41.542861], [-8.361277, 41.539021], [-8.373383, 41.526835], [-8.381587, 41.509281], [-8.382839, 41.491273], [-8.379635, 41.464234], [-8.371005, 41.419149], [-8.364961, 41.410109], [-8.350658, 41.401912], [-8.338791, 41.392403], [-8.333574, 41.382909], [-8.331973, 41.373892], [-8.333833, 41.364895], [-8.339262, 41.355919], [-8.351194, 41.347979], [-8.363177, 41.344997], [-8.375125, 41.345467], [-8.387043, 41.34926], [-8.39782, 41.35624], [-8.405643, 41.365288], [-8.414479, 41.383349], [-8.422527, 41.391812], [-8.446328, 41.406195], [-8.458207, 41.4165], [-8.47005, 41.431617], [-8.512169, 41.518917], [-8.514896, 41.527936], [-8.515119, 41.536944], [-8.512113, 41.545938], [-8.484389, 41.572839], [-8.46885, 41.578623], [-8.456845, 41.579653], [-8.432863, 41.578496], [-8.372976, 41.568976], [-8.360976, 41.569619], [-8.348931, 41.574682], [-8.324724, 41.595498], [-8.307832, 41.616948], [-8.29957, 41.634913], [-8.296534, 41.652908], [-8.301715, 41.670954], [-8.307642, 41.679997], [-8.342255, 41.716229], [-8.356012, 41.737133], [-8.357897, 41.735103], [-8.362407, 41.735994], [-8.364021, 41.734866]], [[-8.37211, 41.50923], [-8.361468, 41.519616], [-8.349436, 41.52429], [-8.33745, 41.524357], [-8.325506, 41.520358], [-8.313617, 41.511229], [-8.305872, 41.499842], [-8.302102, 41.490812], [-8.300109, 41.472785], [-8.302144, 41.46368], [-8.306856, 41.454811], [-8.314293, 41.447157], [-8.326317, 41.442084], [-8.338292, 41.44161], [-8.350231, 41.444749], [-8.362136, 41.451511], [-8.373942, 41.468797], [-8.377351, 41.482236], [-8.376347, 41.500246], [-8.37211, 41.50923]], [[-8.649744, 41.401267], [-8.625818, 41.401197], [-8.61387, 41.398596], [-8.601936, 41.394017], [-8.590016, 41.387301], [-8.575709, 41.375049], [-8.570081, 41.36602], [-8.568322, 41.357006], [-8.569857, 41.348004], [-8.575673, 41.339018], [-8.590385, 41.328501], [-8.602362, 41.324069], [-8.614322, 41.322136], [-8.62627, 41.322293], [-8.638207, 41.324452], [-8.650132, 41.328873], [-8.662047, 41.33572], [-8.67662, 41.348353], [-8.682813, 41.357378], [-8.685772, 41.366394], [-8.685754, 41.375402], [-8.682046, 41.384399], [-8.672129, 41.393379], [-8.661722, 41.398415], [-8.649744, 41.401267]]], [[[-7.901612, 41.781023], [-7.913794, 41.772243], [-7.925904, 41.767551], [-7.949944, 41.768857], [-7.958174, 41.76743], [-7.962039, 41.764909], [-7.974101, 41.762894], [-7.998078, 41.768237], [-8.010109, 41.768217], [-8.022185, 41.765233], [-8.034364, 41.755358], [-8.037499, 41.750108], [-8.039445, 41.741117], [-8.036628, 41.732087], [-8.022897, 41.71831], [-8.010965, 41.712467], [-7.998992, 41.70944], [-7.974952, 41.709434], [-7.962968, 41.707203], [-7.939245, 41.687938], [-7.927337, 41.681458], [-7.915365, 41.678871], [-7.903333, 41.679925], [-7.891199, 41.686935], [-7.866465, 41.726919], [-7.854358, 41.731626], [-7.818433, 41.739057], [-7.803807, 41.747912], [-7.799558, 41.756875], [-7.800455, 41.765891], [-7.805521, 41.774951], [-7.815717, 41.784063], [-7.829268, 41.788992], [-7.841285, 41.789937], [-7.87744, 41.787062], [-7.891901, 41.784823], [-7.901612, 41.781023]], [[-7.865453, 41.784395], [-7.841398, 41.783691], [-7.82944, 41.779524], [-7.822784, 41.775129], [-7.817102, 41.766064], [-7.816338, 41.757049], [-7.821069, 41.748091], [-7.836815, 41.739245], [-7.867737, 41.730547], [-7.87401, 41.721601], [-7.878785, 41.709812], [-7.891053, 41.695381], [-7.903157, 41.690309], [-7.915161, 41.691026], [-7.927082, 41.696775], [-7.935143, 41.70417], [-7.939231, 41.713215], [-7.940179, 41.722231], [-7.936522, 41.731204], [-7.914124, 41.75266], [-7.90467, 41.766932], [-7.895499, 41.775851], [-7.877514, 41.782844], [-7.865453, 41.784395]], [[-8.02232, 41.75634], [-8.01025, 41.759046], [-7.998238, 41.757979], [-7.981882, 41.749629], [-7.975321, 41.740563], [-7.974019, 41.731545], [-7.978525, 41.722578], [-7.986836, 41.718079], [-7.998905, 41.715038], [-8.010912, 41.715914], [-8.022854, 41.721164], [-8.032852, 41.732055], [-8.034312, 41.741074], [-8.029868, 41.750044], [-8.02232, 41.75634]]], [[[-8.239394, 41.709303], [-8.249821, 41.697648], [-8.252439, 41.688658], [-8.25113, 41.679643], [-8.243353, 41.670585], [-8.227908, 41.664632], [-8.215901, 41.664212], [-8.203857, 41.666896], [-8.191753, 41.674171], [-8.183216, 41.688187], [-8.183127, 41.697194], [-8.187868, 41.706234], [-8.191313, 41.709346], [-8.203255, 41.7157], [-8.215249, 41.717894], [-8.227294, 41.715963], [-8.239394, 41.709303]], [[-8.239507, 41.699701], [-8.235067, 41.706558], [-8.227349, 41.711361], [-8.215292, 41.714394], [-8.203289, 41.712903], [-8.19136, 41.705592], [-8.186463, 41.697217], [-8.187239, 41.688216], [-8.191663, 41.681418], [-8.203776, 41.673465], [-8.215808, 41.671905], [-8.227794, 41.674184], [-8.23624, 41.679545], [-8.241832, 41.688589], [-8.239507, 41.699701]]], [[[-8.035723, 41.6645], [-8.038447, 41.660046], [-8.033803, 41.651], [-8.023981, 41.646635], [-8.009302, 41.650791], [-8.004587, 41.659758], [-8.012271, 41.668831], [-8.023612, 41.671087], [-8.035723, 41.6645]], [[-8.023863, 41.654454], [-8.030317, 41.659978], [-8.023712, 41.664462], [-8.016759, 41.659863], [-8.023863, 41.654454]]], [[[-8.154967, 41.633941], [-8.149916, 41.624896], [-8.14439, 41.622007], [-8.132389, 41.621787], [-8.119598, 41.633675], [-8.124497, 41.64272], [-8.132058, 41.646484], [-8.144079, 41.645536], [-8.149804, 41.64291], [-8.154967, 41.633941]], [[-8.144189, 41.637205], [-8.132107, 41.642795], [-8.125745, 41.633722], [-8.132314, 41.627415], [-8.14427, 41.631081], [-8.14652, 41.633878], [-8.144189, 41.637205]]], [[[-8.07559, 41.555176], [-8.097234, 41.560413], [-8.121227, 41.559778], [-8.133267, 41.556167], [-8.139498, 41.552761], [-8.148346, 41.54382], [-8.151521, 41.534836], [-8.150422, 41.525821], [-8.143956, 41.516765], [-8.133864, 41.511443], [-8.109979, 41.50549], [-8.088809, 41.503637], [-8.093, 41.504613], [-8.0924, 41.507302], [-8.109944, 41.508043], [-8.121887, 41.511025], [-8.134, 41.516691], [-8.141205, 41.525752], [-8.141545, 41.534762], [-8.136488, 41.543731], [-8.121323, 41.552672], [-8.1093, 41.555052], [-8.097314, 41.554655], [-8.082187, 41.550088], [-8.079489, 41.551876], [-8.074097, 41.549848], [-8.072896, 41.552098], [-8.07559, 41.555176]]], [[[-8.0921, 41.507319], [-8.0921, 41.507319], [-8.092188, 41.507314], [-8.0921, 41.507319]]]]}}, {"id": "16", "type": "Feature", "properties": {"fill": "#90a4bc", "value_min": 1.0, "value_max": -1.25}, "geometry": {"type": "MultiPolygon", "coordinates": [[[[-7.858192, 41.76648], [-7.865741, 41.76803], [-7.869253, 41.766589], [-7.875586, 41.757644], [-7.866051, 41.750424], [-7.853952, 41.754465], [-7.851222, 41.757403], [-7.853794, 41.763342], [-7.858192, 41.76648]], [[-7.860079, 41.757491], [-7.865966, 41.755285], [-7.868995, 41.75758], [-7.865853, 41.761687], [-7.860079, 41.757491]]], [[[-8.426518, 41.719867], [-8.428701, 41.716691], [-8.41969, 41.709791], [-8.407631, 41.714089], [-8.405929, 41.716576], [-8.407567, 41.721068], [-8.413076, 41.724853], [-8.417349, 41.725067], [-8.41974, 41.722135], [-8.426518, 41.719867]]], [[[-8.443379, 41.626692], [-8.444437, 41.627695], [-8.4457, 41.626703], [-8.444452, 41.625955], [-8.443379, 41.626692]]], [[[-8.335214, 41.491008], [-8.337772, 41.492776], [-8.349364, 41.491089], [-8.34622, 41.482063], [-8.337894, 41.480751], [-8.335936, 41.482005], [-8.335214, 41.491008]]], [[[-8.541688, 41.456334], [-8.553625, 41.461647], [-8.559617, 41.456056], [-8.553707, 41.449778], [-8.541688, 41.456334]]], [[[-8.219258, 41.385558], [-8.231236, 41.384082], [-8.232781, 41.382281], [-8.231301, 41.378587], [-8.219379, 41.375485], [-8.215722, 41.382166], [-8.219258, 41.385558]]], [[[-8.709948, 41.31399], [-8.721891, 41.314964], [-8.732241, 41.312465], [-8.743201, 41.303483], [-8.745572, 41.29448], [-8.741816, 41.285464], [-8.733984, 41.279279], [-8.722059, 41.275472], [-8.710116, 41.276044], [-8.698149, 41.281827], [-8.694604, 41.285348], [-8.691414, 41.294348], [-8.694135, 41.303363], [-8.698031, 41.307486], [-8.709948, 41.31399]], [[-8.710018, 41.298194], [-8.708332, 41.294392], [-8.710044, 41.292327], [-8.721988, 41.292078], [-8.724252, 41.294431], [-8.72196, 41.298855], [-8.710018, 41.298194]]]]}}, {"id": "9", "type": "Feature", "properties": {"fill": "#a3a3a3", "value_min": -0.75, "value_max": -0.5}, "geometry": {"type": "MultiPolygon", "coordinates": [[[[-8.356012, 41.737133], [-8.342255, 41.716229], [-8.307642, 41.679997], [-8.301715, 41.670954], [-8.296534, 41.652908], [-8.29957, 41.634913], [-8.307832, 41.616948], [-8.324724, 41.595498], [-8.348931, 41.574682], [-8.360976, 41.569619], [-8.372976, 41.568976], [-8.432863, 41.578496], [-8.456845, 41.579653], [-8.46885, 41.578623], [-8.484389, 41.572839], [-8.512113, 41.545938], [-8.515119, 41.536944], [-8.514896, 41.527936], [-8.512169, 41.518917], [-8.47005, 41.431617], [-8.458207, 41.4165], [-8.446328, 41.406195], [-8.422527, 41.391812], [-8.414479, 41.383349], [-8.405643, 41.365288], [-8.39782, 41.35624], [-8.387043, 41.34926], [-8.375125, 41.345467], [-8.363177, 41.344997], [-8.351194, 41.347979], [-8.339262, 41.355919], [-8.333833, 41.364895], [-8.331973, 41.373892], [-8.333574, 41.382909], [-8.338791, 41.392403], [-8.350658, 41.401912], [-8.364961, 41.410109], [-8.371005, 41.419149], [-8.379635, 41.464234], [-8.382839, 41.491273], [-8.381587, 41.509281], [-8.373383, 41.526835], [-8.361277, 41.539021], [-8.34925, 41.542861], [-8.337283, 41.540701], [-8.325365, 41.53392], [-8.313493, 41.522941], [-8.30171, 41.504138], [-8.296216, 41.490776], [-8.286775, 41.454688], [-8.278413, 41.443975], [-8.26649, 41.439742], [-8.206693, 41.435349], [-8.182833, 41.429044], [-8.159506, 41.417799], [-8.144666, 41.408682], [-8.117153, 41.386447], [-8.113992, 41.386896], [-8.112795, 41.390723], [-8.110105, 41.390947], [-8.108011, 41.393648], [-8.103827, 41.392972], [-8.105321, 41.394998], [-8.10263, 41.396123], [-8.10801, 41.398825], [-8.108606, 41.403102], [-8.101727, 41.410207], [-8.135054, 41.421986], [-8.182661, 41.442732], [-8.206546, 41.447396], [-8.242433, 41.449779], [-8.25438, 41.451973], [-8.2663, 41.456605], [-8.278159, 41.466927], [-8.281568, 41.47267], [-8.289887, 41.489529], [-8.303985, 41.526852], [-8.307295, 41.544887], [-8.305999, 41.553887], [-8.301061, 41.564428], [-8.272336, 41.598715], [-8.248849, 41.634592], [-8.235433, 41.643511], [-8.204007, 41.654652], [-8.191887, 41.663461], [-8.181338, 41.679167], [-8.179082, 41.688158], [-8.179793, 41.69717], [-8.183909, 41.706206], [-8.191269, 41.712854], [-8.203213, 41.719052], [-8.215204, 41.721597], [-8.227236, 41.720838], [-8.240286, 41.7156], [-8.253044, 41.706676], [-8.263576, 41.696817], [-8.275678, 41.689349], [-8.287697, 41.689119], [-8.29967, 41.693069], [-8.323538, 41.708943], [-8.339252, 41.725219], [-8.350685, 41.743895], [-8.352516, 41.743441], [-8.352203, 41.739616], [-8.356012, 41.737133]], [[-8.239394, 41.709303], [-8.227294, 41.715963], [-8.215249, 41.717894], [-8.203255, 41.7157], [-8.191313, 41.709346], [-8.187868, 41.706234], [-8.183127, 41.697194], [-8.183216, 41.688187], [-8.191753, 41.674171], [-8.203857, 41.666896], [-8.215901, 41.664212], [-8.227908, 41.664632], [-8.243353, 41.670585], [-8.25113, 41.679643], [-8.252439, 41.688658], [-8.249821, 41.697648], [-8.239394, 41.709303]], [[-8.456914, 41.571374], [-8.444919, 41.571469], [-8.432942, 41.569497], [-8.416492, 41.563508], [-8.404051, 41.554437], [-8.398222, 41.545399], [-8.395682, 41.536378], [-8.38702, 41.482288], [-8.387395, 41.464275], [-8.389663, 41.45528], [-8.39814, 41.442126], [-8.410175, 41.435052], [-8.422168, 41.43232], [-8.434133, 41.432795], [-8.44607, 41.436547], [-8.457981, 41.443653], [-8.46984, 41.457429], [-8.476974, 41.473725], [-8.477578, 41.482735], [-8.47415, 41.491727], [-8.466684, 41.5007], [-8.462347, 41.509687], [-8.46582, 41.518711], [-8.490883, 41.536839], [-8.491491, 41.545849], [-8.487069, 41.554837], [-8.477328, 41.5638], [-8.468932, 41.568611], [-8.456914, 41.571374]]], [[[-7.969448, 41.87431], [-7.983341, 41.86673], [-7.990997, 41.857791], [-7.994345, 41.848813], [-7.994483, 41.839808], [-7.991112, 41.830772], [-7.985154, 41.824853], [-7.973192, 41.8199], [-7.961169, 41.818805], [-7.937031, 41.821277], [-7.924887, 41.828395], [-7.918407, 41.839117], [-7.916978, 41.84811], [-7.918934, 41.857135], [-7.924268, 41.865334], [-7.938002, 41.874036], [-7.94222, 41.870892], [-7.951254, 41.871132], [-7.956367, 41.87339], [-7.956362, 41.875191], [-7.969448, 41.87431]]], [[[-7.885934, 41.67092], [-7.876799, 41.703615], [-7.866541, 41.722604], [-7.854412, 41.728613], [-7.842359, 41.730214], [-7.780464, 41.729653], [-7.770175, 41.732423], [-7.761194, 41.738454], [-7.759173, 41.747439], [-7.761607, 41.756472], [-7.772915, 41.774607], [-7.780969, 41.7837], [-7.793089, 41.79294], [-7.805025, 41.798318], [-7.817018, 41.800694], [-7.829067, 41.800018], [-7.865317, 41.792081], [-7.901416, 41.79255], [-7.913533, 41.787669], [-7.925717, 41.77872], [-7.937802, 41.775604], [-7.961842, 41.77708], [-7.997713, 41.791671], [-8.009772, 41.790166], [-8.021901, 41.783939], [-8.034093, 41.773392], [-8.037732, 41.768124], [-8.042808, 41.759159], [-8.045098, 41.750171], [-8.044624, 41.741161], [-8.040944, 41.732123], [-8.032229, 41.723043], [-8.011038, 41.70773], [-8.002409, 41.704774], [-7.986494, 41.695628], [-7.963529, 41.672261], [-7.942603, 41.659204], [-7.927802, 41.65344], [-7.915823, 41.651578], [-7.903798, 41.652516], [-7.898336, 41.65564], [-7.902319, 41.659925], [-7.899913, 41.66127], [-7.900198, 41.665547], [-7.898396, 41.665769], [-7.896885, 41.668692], [-7.885934, 41.67092]], [[-7.901612, 41.781023], [-7.891901, 41.784823], [-7.87744, 41.787062], [-7.841285, 41.789937], [-7.829268, 41.788992], [-7.815717, 41.784063], [-7.805521, 41.774951], [-7.800455, 41.765891], [-7.799558, 41.756875], [-7.803807, 41.747912], [-7.818433, 41.739057], [-7.854358, 41.731626], [-7.866465, 41.726919], [-7.891199, 41.686935], [-7.903333, 41.679925], [-7.915365, 41.678871], [-7.927337, 41.681458], [-7.939245, 41.687938], [-7.962968, 41.707203], [-7.974952, 41.709434], [-7.998992, 41.70944], [-8.010965, 41.712467], [-8.022897, 41.71831], [-8.036628, 41.732087], [-8.039445, 41.741117], [-8.037499, 41.750108], [-8.034364, 41.755358], [-8.022185, 41.765233], [-8.010109, 41.768217], [-7.998078, 41.768237], [-7.974101, 41.762894], [-7.962039, 41.764909], [-7.958174, 41.76743], [-7.949944, 41.768857], [-7.925904, 41.767551], [-7.913794, 41.772243], [-7.901612, 41.781023]]], [[[-8.043213, 41.660086], [-8.041467, 41.651064], [-8.036018, 41.644724], [-8.024089, 41.639449], [-8.012091, 41.638857], [-8.000028, 41.642524], [-7.989379, 41.650618], [-7.986389, 41.659599], [-7.990112, 41.668639], [-7.99955, 41.673384], [-8.011523, 41.67604], [-8.023544, 41.675583], [-8.035627, 41.670924], [-8.043213, 41.660086]], [[-8.035723, 41.6645], [-8.023612, 41.671087], [-8.012271, 41.668831], [-8.004587, 41.659758], [-8.009302, 41.650791], [-8.023981, 41.646635], [-8.033803, 41.651], [-8.038447, 41.660046], [-8.035723, 41.6645]]], [[[-8.167578, 41.634033], [-8.166397, 41.625017], [-8.156461, 41.616874], [-8.144493, 41.614195], [-8.132458, 41.616691], [-8.12081, 41.624677], [-8.115456, 41.633643], [-8.117871, 41.642669], [-8.120076, 41.644566], [-8.132008, 41.650172], [-8.144014, 41.650464], [-8.162859, 41.643005], [-8.167578, 41.634033]], [[-8.154967, 41.633941], [-8.149804, 41.64291], [-8.144079, 41.645536], [-8.132058, 41.646484], [-8.124497, 41.64272], [-8.119598, 41.633675], [-8.132389, 41.621787], [-8.14439, 41.622007], [-8.149916, 41.624896], [-8.154967, 41.633941]]], [[[-8.081576, 41.564832], [-8.097139, 41.567192], [-8.121113, 41.568173], [-8.133121, 41.56712], [-8.145156, 41.563982], [-8.149804, 41.561845], [-8.16031, 41.552915], [-8.164218, 41.543936], [-8.164746, 41.534933], [-8.162771, 41.525911], [-8.157324, 41.516864], [-8.145872, 41.509585], [-8.133931, 41.506473], [-8.076538, 41.497713], [-8.078332, 41.500331], [-8.088809, 41.503637], [-8.109979, 41.50549], [-8.133864, 41.511443], [-8.143956, 41.516765], [-8.150422, 41.525821], [-8.151521, 41.534836], [-8.148346, 41.54382], [-8.139498, 41.552761], [-8.133267, 41.556167], [-8.121227, 41.559778], [-8.097234, 41.560413], [-8.07559, 41.555176], [-8.076188, 41.557276], [-8.080082, 41.558854], [-8.081576, 41.564832]]], [[[-8.076195, 41.497629], [-8.076195, 41.497629], [-8.075939, 41.497566], [-8.076195, 41.497629]]], [[[-8.649744, 41.401267], [-8.661722, 41.398415], [-8.672129, 41.393379], [-8.682046, 41.384399], [-8.685754, 41.375402], [-8.685772, 41.366394], [-8.682813, 41.357378], [-8.67662, 41.348353], [-8.662047, 41.33572], [-8.650132, 41.328873], [-8.638207, 41.324452], [-8.62627, 41.322293], [-8.614322, 41.322136], [-8.602362, 41.324069], [-8.590385, 41.328501], [-8.575673, 41.339018], [-8.569857, 41.348004], [-8.568322, 41.357006], [-8.570081, 41.36602], [-8.575709, 41.375049], [-8.590016, 41.387301], [-8.601936, 41.394017], [-8.61387, 41.398596], [-8.625818, 41.401197], [-8.649744, 41.401267]], [[-8.637838, 41.391017], [-8.62588, 41.390466], [-8.607622, 41.384169], [-8.595981, 41.375121], [-8.590907, 41.366096], [-8.589946, 41.357085], [-8.592979, 41.348088], [-8.602007, 41.339112], [-8.614254, 41.333736], [-8.626214, 41.332075], [-8.638158, 41.333256], [-8.650087, 41.337345], [-8.664828, 41.34832], [-8.670354, 41.357343], [-8.671737, 41.366355], [-8.668882, 41.375354], [-8.661803, 41.382843], [-8.649811, 41.388896], [-8.637838, 41.391017]]]]}}, {"id": "17", "type": "Feature", "properties": {"fill": "#71a5e5", "value_min": 1.25, "value_max": -1.5}, "geometry": {"type": "MultiPolygon", "coordinates": [[[[-7.860079, 41.757491], [-7.865853, 41.761687], [-7.868995, 41.75758], [-7.865966, 41.755285], [-7.860079, 41.757491]]], [[[-8.710018, 41.298194], [-8.72196, 41.298855], [-8.724252, 41.294431], [-8.721988, 41.292078], [-8.710044, 41.292327], [-8.708332, 41.294392], [-8.710018, 41.298194]]]]}}, {"id": "3", "type": "Feature", "properties": {"fill": "#b11c1c", "value_min": -2.25, "value_max": -2.0}, "geometry": {"type": "MultiPolygon", "coordinates": [[[[-8.311096, 41.762189], [-8.314502, 41.752095], [-8.312439, 41.743075], [-8.30379, 41.734016], [-8.299255, 41.731331], [-8.287261, 41.728534], [-8.275222, 41.729984], [-8.267045, 41.733788], [-8.256937, 41.74273], [-8.253773, 41.751716], [-8.255461, 41.760734], [-8.266314, 41.770629], [-8.271366, 41.766346], [-8.274371, 41.765815], [-8.266852, 41.760807], [-8.262199, 41.751771], [-8.26509, 41.742782], [-8.275162, 41.735293], [-8.287209, 41.733251], [-8.299188, 41.737461], [-8.305102, 41.743031], [-8.307225, 41.752051], [-8.303718, 41.758605], [-8.30778, 41.758824], [-8.307785, 41.760625], [-8.311096, 41.762189]]], [[[-8.19062, 41.764564], [-8.195305, 41.760329], [-8.199558, 41.751351], [-8.198317, 41.742336], [-8.190928, 41.733277], [-8.179079, 41.726176], [-8.167118, 41.721375], [-8.159495, 41.715037], [-8.155325, 41.703843], [-8.14348, 41.690758], [-8.131591, 41.68128], [-8.121703, 41.66972], [-8.108526, 41.660611], [-8.095914, 41.654988], [-8.083919, 41.653976], [-8.071834, 41.659164], [-8.049391, 41.687158], [-8.037554, 41.696067], [-8.035052, 41.705053], [-8.042109, 41.714119], [-8.046951, 41.717609], [-8.058929, 41.72061], [-8.082993, 41.719165], [-8.099393, 41.723589], [-8.118846, 41.734718], [-8.127382, 41.741819], [-8.140491, 41.759932], [-8.154481, 41.768251], [-8.166479, 41.770805], [-8.178524, 41.769734], [-8.19062, 41.764564]], [[-8.16659, 41.762222], [-8.154614, 41.758075], [-8.146977, 41.750973], [-8.144808, 41.74195], [-8.148676, 41.732972], [-8.154995, 41.729023], [-8.167037, 41.727634], [-8.179022, 41.730637], [-8.183337, 41.733223], [-8.190923, 41.742284], [-8.190249, 41.751286], [-8.179676, 41.760218], [-8.16659, 41.762222]], [[-8.131029, 41.722971], [-8.119709, 41.714739], [-8.122521, 41.705754], [-8.131349, 41.699261], [-8.143338, 41.701404], [-8.147648, 41.705943], [-8.148783, 41.714958], [-8.143064, 41.72204], [-8.131029, 41.722971]], [[-8.047001, 41.714221], [-8.039876, 41.705093], [-8.044229, 41.696122], [-8.0594, 41.688242], [-8.062663, 41.67826], [-8.071753, 41.664814], [-8.083848, 41.658956], [-8.095852, 41.659427], [-8.107789, 41.664776], [-8.114561, 41.669665], [-8.118943, 41.678705], [-8.11716, 41.687699], [-8.095227, 41.704086], [-8.082574, 41.705442], [-8.071102, 41.710104], [-8.065609, 41.714312], [-8.058995, 41.716044], [-8.047001, 41.714221]]], [[[-7.860547, 41.703455], [-7.854958, 41.697847], [-7.842895, 41.700379], [-7.839985, 41.703249], [-7.84255, 41.712282], [-7.854663, 41.714457], [-7.857717, 41.712434], [-7.860547, 41.703455]], [[-7.852391, 41.703374], [-7.855618, 41.703406], [-7.854801, 41.706656], [-7.852391, 41.703374]]], [[[-8.102506, 41.615529], [-8.096614, 41.604909], [-8.084639, 41.603088], [-8.077046, 41.60632], [-8.070865, 41.615277], [-8.076282, 41.624328], [-8.084283, 41.628257], [-8.096327, 41.625424], [-8.102506, 41.615529]], [[-8.084404, 41.619667], [-8.080737, 41.615357], [-8.08452, 41.611479], [-8.096477, 41.614662], [-8.096456, 41.616232], [-8.084404, 41.619667]]], [[[-8.265596, 41.519021], [-8.269074, 41.508621], [-8.266363, 41.499597], [-8.253948, 41.489681], [-8.241995, 41.487411], [-8.229989, 41.489707], [-8.21802, 41.499278], [-8.215406, 41.508268], [-8.218417, 41.517295], [-8.229553, 41.526459], [-8.241506, 41.529327], [-8.253512, 41.527575], [-8.265596, 41.519021]], [[-8.241571, 41.5237], [-8.229634, 41.519656], [-8.226835, 41.517352], [-8.222777, 41.508318], [-8.226291, 41.499334], [-8.229909, 41.49642], [-8.241933, 41.492665], [-8.253884, 41.495225], [-8.259343, 41.499552], [-8.263239, 41.508584], [-8.259012, 41.517564], [-8.253581, 41.52159], [-8.241571, 41.5237]]], [[[-8.433769, 41.47467], [-8.420555, 41.473455], [-8.414574, 41.482432], [-8.421654, 41.490284], [-8.433654, 41.487932], [-8.437744, 41.482547], [-8.433769, 41.47467]]]]}}, {"id": "1", "type": "Feature", "properties": {"fill": "#951d1d", "value_min": -2.75, "value_max": -2.5}, "geometry": {"type": "MultiPolygon", "coordinates": [[[[-8.291788, 41.757722], [-8.299651, 41.752005], [-8.29634, 41.742978], [-8.287146, 41.73902], [-8.275091, 41.741609], [-8.270827, 41.751826], [-8.274915, 41.757231], [-8.284336, 41.760108], [-8.284931, 41.757507], [-8.287033, 41.756829], [-8.291788, 41.757722]]], [[[-8.18391, 41.742234], [-8.178947, 41.736552], [-8.166969, 41.732897], [-8.154729, 41.742023], [-8.159, 41.751062], [-8.166684, 41.754955], [-8.178738, 41.752893], [-8.18391, 41.742234]], [[-8.164962, 41.742098], [-8.166868, 41.740661], [-8.171607, 41.742146], [-8.166816, 41.744735], [-8.164962, 41.742098]]], [[[-8.059245, 41.69894], [-8.047199, 41.700829], [-8.044705, 41.705133], [-8.04709, 41.708205], [-8.059091, 41.709497], [-8.06467, 41.705298], [-8.059245, 41.69894]]], [[[-8.095345, 41.695631], [-8.107014, 41.68762], [-8.113179, 41.678661], [-8.107726, 41.669312], [-8.095802, 41.662981], [-8.083794, 41.662768], [-8.07167, 41.670607], [-8.067342, 41.678298], [-8.068484, 41.687315], [-8.071367, 41.691668], [-8.082747, 41.696436], [-8.095345, 41.695631]], [[-8.083379, 41.691982], [-8.076136, 41.687376], [-8.072639, 41.678341], [-8.078112, 41.669378], [-8.083747, 41.666096], [-8.095757, 41.66625], [-8.101922, 41.669567], [-8.107229, 41.678615], [-8.101236, 41.687575], [-8.095402, 41.691581], [-8.083379, 41.691982]]], [[[-8.253673, 41.513636], [-8.256541, 41.508541], [-8.253798, 41.502737], [-8.24187, 41.498097], [-8.23822, 41.499414], [-8.230235, 41.508368], [-8.241636, 41.518139], [-8.253673, 41.513636]]]]}}, {"id": "2", "type": "Feature", "properties": {"fill": "#a21c1c", "value_min": -2.5, "value_max": -2.25}, "geometry": {"type": "MultiPolygon", "coordinates": [[[[-8.303718, 41.758605], [-8.307225, 41.752051], [-8.305102, 41.743031], [-8.299188, 41.737461], [-8.287209, 41.733251], [-8.275162, 41.735293], [-8.26509, 41.742782], [-8.262199, 41.751771], [-8.266852, 41.760807], [-8.274371, 41.765815], [-8.277073, 41.764088], [-8.280681, 41.764083], [-8.284336, 41.760108], [-8.274915, 41.757231], [-8.270827, 41.751826], [-8.275091, 41.741609], [-8.287146, 41.73902], [-8.29634, 41.742978], [-8.299651, 41.752005], [-8.291788, 41.757722], [-8.298457, 41.757263], [-8.300866, 41.758835], [-8.303718, 41.758605]]], [[[-8.16659, 41.762222], [-8.179676, 41.760218], [-8.190249, 41.751286], [-8.190923, 41.742284], [-8.183337, 41.733223], [-8.179022, 41.730637], [-8.167037, 41.727634], [-8.154995, 41.729023], [-8.148676, 41.732972], [-8.144808, 41.74195], [-8.146977, 41.750973], [-8.154614, 41.758075], [-8.16659, 41.762222]], [[-8.18391, 41.742234], [-8.178738, 41.752893], [-8.166684, 41.754955], [-8.159, 41.751062], [-8.154729, 41.742023], [-8.166969, 41.732897], [-8.178947, 41.736552], [-8.18391, 41.742234]]], [[[-8.131029, 41.722971], [-8.143064, 41.72204], [-8.148783, 41.714958], [-8.147648, 41.705943], [-8.143338, 41.701404], [-8.131349, 41.699261], [-8.122521, 41.705754], [-8.119709, 41.714739], [-8.131029, 41.722971]]], [[[-8.047001, 41.714221], [-8.058995, 41.716044], [-8.065609, 41.714312], [-8.071102, 41.710104], [-8.082574, 41.705442], [-8.095227, 41.704086], [-8.11716, 41.687699], [-8.118943, 41.678705], [-8.114561, 41.669665], [-8.107789, 41.664776], [-8.095852, 41.659427], [-8.083848, 41.658956], [-8.071753, 41.664814], [-8.062663, 41.67826], [-8.0594, 41.688242], [-8.044229, 41.696122], [-8.039876, 41.705093], [-8.047001, 41.714221]], [[-8.059245, 41.69894], [-8.06467, 41.705298], [-8.059091, 41.709497], [-8.04709, 41.708205], [-8.044705, 41.705133], [-8.047199, 41.700829], [-8.059245, 41.69894]], [[-8.095345, 41.695631], [-8.082747, 41.696436], [-8.071367, 41.691668], [-8.068484, 41.687315], [-8.067342, 41.678298], [-8.07167, 41.670607], [-8.083794, 41.662768], [-8.095802, 41.662981], [-8.107726, 41.669312], [-8.113179, 41.678661], [-8.107014, 41.68762], [-8.095345, 41.695631]]], [[[-7.852391, 41.703374], [-7.854801, 41.706656], [-7.855618, 41.703406], [-7.852391, 41.703374]]], [[[-8.084404, 41.619667], [-8.096456, 41.616232], [-8.096477, 41.614662], [-8.08452, 41.611479], [-8.080737, 41.615357], [-8.084404, 41.619667]]], [[[-8.241571, 41.5237], [-8.253581, 41.52159], [-8.259012, 41.517564], [-8.263239, 41.508584], [-8.259343, 41.499552], [-8.253884, 41.495225], [-8.241933, 41.492665], [-8.229909, 41.49642], [-8.226291, 41.499334], [-8.222777, 41.508318], [-8.226835, 41.517352], [-8.229634, 41.519656], [-8.241571, 41.5237]], [[-8.253673, 41.513636], [-8.241636, 41.518139], [-8.230235, 41.508368], [-8.23822, 41.499414], [-8.24187, 41.498097], [-8.253798, 41.502737], [-8.256541, 41.508541], [-8.253673, 41.513636]]]]}}, {"id": "6", "type": "Feature", "properties": {"fill": "#e19f31", "value_min": -1.5, "value_max": -1.25}, "geometry": {"type": "MultiPolygon", "coordinates": [[[[-7.813212, 41.872634], [-7.810909, 41.856067], [-7.805245, 41.847002], [-7.795992, 41.837899], [-7.780357, 41.829664], [-7.768377, 41.826447], [-7.756355, 41.825428], [-7.743145, 41.826308], [-7.738918, 41.82874], [-7.744892, 41.836135], [-7.756168, 41.835061], [-7.768181, 41.836644], [-7.780126, 41.841868], [-7.786587, 41.846806], [-7.792622, 41.855877], [-7.794396, 41.864902], [-7.792322, 41.873887], [-7.782725, 41.885599], [-7.787377, 41.882912], [-7.794007, 41.882257], [-7.796739, 41.878214], [-7.794349, 41.87438], [-7.797064, 41.873488], [-7.803381, 41.874857], [-7.804914, 41.869459], [-7.813212, 41.872634]]], [[[-7.772873, 41.891372], [-7.767082, 41.893862], [-7.756885, 41.895524], [-7.758376, 41.898127], [-7.764097, 41.898595], [-7.772873, 41.891372]]], [[[-7.782543, 41.88575], [-7.782543, 41.88575], [-7.782455, 41.885824], [-7.782543, 41.88575]]], [[[-7.782241, 41.886002], [-7.782241, 41.886002], [-7.782185, 41.886048], [-7.782241, 41.886002]]], [[[-8.337669, 41.762826], [-8.336667, 41.752225], [-8.328638, 41.734164], [-8.320139, 41.725107], [-8.311414, 41.718725], [-8.299448, 41.713565], [-8.28745, 41.711483], [-8.275417, 41.712625], [-8.263346, 41.716956], [-8.239151, 41.729902], [-8.227093, 41.732723], [-8.215087, 41.73124], [-8.191177, 41.720206], [-8.183462, 41.71521], [-8.174935, 41.706142], [-8.162689, 41.670025], [-8.155836, 41.664785], [-8.131898, 41.658391], [-8.119954, 41.653478], [-8.10676, 41.642583], [-8.106611, 41.633575], [-8.122947, 41.606679], [-8.122951, 41.597672], [-8.120752, 41.594819], [-8.114108, 41.588597], [-8.09692, 41.582929], [-8.072944, 41.58176], [-8.052479, 41.586272], [-8.052777, 41.587649], [-8.048277, 41.590122], [-8.045573, 41.594397], [-8.037169, 41.600242], [-8.034622, 41.600465], [-8.032131, 41.60595], [-8.033393, 41.614968], [-8.05256, 41.642149], [-8.054734, 41.651174], [-8.053066, 41.660167], [-8.047659, 41.669596], [-8.035493, 41.679916], [-8.023308, 41.686939], [-8.017278, 41.695895], [-8.020706, 41.704931], [-8.028886, 41.714008], [-8.051969, 41.732214], [-8.05999, 41.741287], [-8.085876, 41.786531], [-8.093915, 41.797416], [-8.108217, 41.811401], [-8.117188, 41.812302], [-8.123807, 41.808702], [-8.138247, 41.808477], [-8.139751, 41.813203], [-8.14276, 41.812978], [-8.145769, 41.815453], [-8.149078, 41.814777], [-8.153893, 41.817928], [-8.161415, 41.818376], [-8.165326, 41.81815], [-8.173744, 41.808019], [-8.177054, 41.808017], [-8.182773, 41.812516], [-8.190291, 41.809587], [-8.197158, 41.814129], [-8.201063, 41.808724], [-8.204973, 41.807372], [-8.205872, 41.804445], [-8.214593, 41.803089], [-8.214591, 41.801513], [-8.217598, 41.80016], [-8.217594, 41.797349], [-8.190147, 41.802157], [-8.166068, 41.802498], [-8.154055, 41.800618], [-8.130101, 41.791767], [-8.106274, 41.7742], [-8.074193, 41.741403], [-8.061145, 41.73229], [-8.046845, 41.724772], [-8.032903, 41.714042], [-8.026044, 41.704977], [-8.025158, 41.695962], [-8.032086, 41.687014], [-8.047569, 41.675727], [-8.052939, 41.669173], [-8.062308, 41.651236], [-8.063978, 41.642243], [-8.053023, 41.624139], [-8.050213, 41.615108], [-8.051475, 41.606112], [-8.059014, 41.597167], [-8.072812, 41.590956], [-8.08483, 41.58953], [-8.096809, 41.590925], [-8.109642, 41.59757], [-8.114612, 41.606615], [-8.113245, 41.615612], [-8.100255, 41.633525], [-8.098426, 41.642518], [-8.109033, 41.651608], [-8.146977, 41.66991], [-8.155673, 41.677263], [-8.169725, 41.706105], [-8.176984, 41.715164], [-8.207789, 41.733394], [-8.214991, 41.739119], [-8.226975, 41.742543], [-8.23904, 41.739261], [-8.261125, 41.724743], [-8.275342, 41.719224], [-8.287376, 41.71814], [-8.299377, 41.72011], [-8.311337, 41.725904], [-8.320636, 41.734117], [-8.326362, 41.743158], [-8.328909, 41.75218], [-8.32809, 41.763518], [-8.337669, 41.762826]]], [[[-7.888931, 41.811815], [-7.880288, 41.802724], [-7.877186, 41.801619], [-7.865147, 41.801763], [-7.853038, 41.811462], [-7.854359, 41.820482], [-7.864693, 41.827442], [-7.876741, 41.827084], [-7.885922, 41.820793], [-7.888931, 41.811815]]], [[[-7.819942, 41.71285], [-7.830513, 41.720407], [-7.842479, 41.723573], [-7.854513, 41.722925], [-7.866667, 41.715413], [-7.871459, 41.703562], [-7.870235, 41.694544], [-7.867138, 41.688571], [-7.862072, 41.685046], [-7.858987, 41.68639], [-7.857773, 41.689482], [-7.866986, 41.697228], [-7.868788, 41.703536], [-7.866003, 41.712516], [-7.854563, 41.720093], [-7.842541, 41.720084], [-7.830628, 41.714062], [-7.82672, 41.708817], [-7.819942, 41.71285]]], [[[-8.469092, 41.549019], [-8.471198, 41.545758], [-8.467956, 41.536735], [-8.457258, 41.530358], [-8.445278, 41.529526], [-8.434042, 41.536573], [-8.432586, 41.545574], [-8.440862, 41.554621], [-8.445047, 41.556516], [-8.457033, 41.557168], [-8.462624, 41.554725], [-8.469092, 41.549019]], [[-8.445135, 41.546191], [-8.445154, 41.544016], [-8.457194, 41.537988], [-8.460582, 41.545708], [-8.457105, 41.548632], [-8.445135, 41.546191]]], [[[-8.277379, 41.537098], [-8.283925, 41.526729], [-8.285906, 41.517734], [-8.285429, 41.508724], [-8.2779, 41.490229], [-8.266062, 41.477757], [-8.25415, 41.472045], [-8.242206, 41.46926], [-8.230233, 41.469067], [-8.213771, 41.472227], [-8.195501, 41.481108], [-8.187517, 41.490059], [-8.185744, 41.499054], [-8.186528, 41.508067], [-8.193286, 41.526129], [-8.205402, 41.541082], [-8.217304, 41.548271], [-8.229255, 41.551566], [-8.241238, 41.552244], [-8.253246, 41.55076], [-8.265288, 41.546191], [-8.277379, 41.537098]], [[-8.253358, 41.540985], [-8.241353, 41.542362], [-8.229381, 41.540992], [-8.217451, 41.536049], [-8.205986, 41.526218], [-8.200519, 41.517172], [-8.198505, 41.508151], [-8.199508, 41.499151], [-8.204667, 41.490179], [-8.216474, 41.481253], [-8.230141, 41.476802], [-8.242125, 41.476227], [-8.254075, 41.478614], [-8.26598, 41.485005], [-8.277371, 41.499666], [-8.279834, 41.508689], [-8.279291, 41.517693], [-8.275146, 41.526674], [-8.265407, 41.535705], [-8.253358, 41.540985]]], [[[-8.445531, 41.499877], [-8.453479, 41.491631], [-8.457329, 41.482641], [-8.457054, 41.473633], [-8.451709, 41.4646], [-8.445874, 41.459651], [-8.433939, 41.455162], [-8.421969, 41.454809], [-8.409961, 41.458643], [-8.403468, 41.46436], [-8.398018, 41.473339], [-8.396943, 41.482341], [-8.399203, 41.49136], [-8.406127, 41.500403], [-8.409552, 41.503735], [-8.421497, 41.507849], [-8.433487, 41.507073], [-8.445531, 41.499877]], [[-8.420343, 41.500476], [-8.409621, 41.496099], [-8.405439, 41.491392], [-8.402217, 41.482368], [-8.404174, 41.473371], [-8.409891, 41.466421], [-8.421912, 41.461176], [-8.433882, 41.461742], [-8.445797, 41.468679], [-8.449635, 41.473597], [-8.450993, 41.482611], [-8.445595, 41.492309], [-8.43355, 41.499851], [-8.420343, 41.500476]]], [[[-8.134056, 41.497071], [-8.151923, 41.489802], [-8.157528, 41.480836], [-8.156952, 41.471825], [-8.15092, 41.462773], [-8.137191, 41.453663], [-8.122724, 41.448982], [-8.110761, 41.448306], [-8.098759, 41.45052], [-8.092682, 41.453321], [-8.08186, 41.462242], [-8.078621, 41.471224], [-8.080374, 41.480245], [-8.088561, 41.489318], [-8.110085, 41.497744], [-8.122052, 41.4988], [-8.134056, 41.497071]], [[-8.122107, 41.494684], [-8.110137, 41.493995], [-8.098218, 41.48955], [-8.091261, 41.480332], [-8.092283, 41.471332], [-8.098567, 41.464379], [-8.110607, 41.4596], [-8.122576, 41.459918], [-8.129573, 41.462613], [-8.134481, 41.465097], [-8.141011, 41.471707], [-8.142848, 41.480728], [-8.137138, 41.489692], [-8.122107, 41.494684]]], [[[-8.641839, 41.357258], [-8.638041, 41.35437], [-8.626083, 41.354953], [-8.623359, 41.357199], [-8.62433, 41.36621], [-8.626012, 41.367442], [-8.637965, 41.36817], [-8.640877, 41.366263], [-8.641839, 41.357258]]]]}}, {"id": "8", "type": "Feature", "properties": {"fill": "#a3a3a3", "value_min": -1.0, "value_max": -0.75}, "geometry": {"type": "MultiPolygon", "coordinates": [[[[-8.350685, 41.743895], [-8.339252, 41.725219], [-8.323538, 41.708943], [-8.29967, 41.693069], [-8.287697, 41.689119], [-8.275678, 41.689349], [-8.263576, 41.696817], [-8.253044, 41.706676], [-8.240286, 41.7156], [-8.227236, 41.720838], [-8.215204, 41.721597], [-8.203213, 41.719052], [-8.191269, 41.712854], [-8.183909, 41.706206], [-8.179793, 41.69717], [-8.179082, 41.688158], [-8.181338, 41.679167], [-8.191887, 41.663461], [-8.204007, 41.654652], [-8.235433, 41.643511], [-8.248849, 41.634592], [-8.272336, 41.598715], [-8.301061, 41.564428], [-8.305999, 41.553887], [-8.307295, 41.544887], [-8.303985, 41.526852], [-8.289887, 41.489529], [-8.281568, 41.47267], [-8.278159, 41.466927], [-8.2663, 41.456605], [-8.25438, 41.451973], [-8.242433, 41.449779], [-8.206546, 41.447396], [-8.182661, 41.442732], [-8.135054, 41.421986], [-8.101727, 41.410207], [-8.101128, 41.411654], [-8.092756, 41.411201], [-8.09126, 41.414352], [-8.079893, 41.41975], [-8.077503, 41.416597], [-8.070923, 41.41862], [-8.066739, 41.416142], [-8.061654, 41.417489], [-8.059852, 41.424916], [-8.055959, 41.429415], [-8.05745, 41.432793], [-8.056549, 41.436394], [-8.057743, 41.438645], [-8.061033, 41.438872], [-8.063424, 41.4409], [-8.064916, 41.444052], [-8.067679, 41.444278], [-8.074967, 41.439775], [-8.086998, 41.435456], [-8.098994, 41.433547], [-8.110962, 41.433595], [-8.134835, 41.438475], [-8.182432, 41.460975], [-8.194395, 41.461896], [-8.230344, 41.459707], [-8.242307, 41.460573], [-8.254248, 41.463476], [-8.266162, 41.468879], [-8.270302, 41.472599], [-8.27801, 41.480349], [-8.284254, 41.490702], [-8.293033, 41.517778], [-8.291354, 41.535783], [-8.286756, 41.544762], [-8.278529, 41.553717], [-8.265104, 41.562491], [-8.25305, 41.567778], [-8.241024, 41.570538], [-8.21703, 41.570985], [-8.205076, 41.567691], [-8.193204, 41.557853], [-8.168455, 41.507938], [-8.157953, 41.502023], [-8.122012, 41.50175], [-8.099084, 41.498408], [-8.075532, 41.489214], [-8.066673, 41.482179], [-8.066069, 41.48817], [-8.072054, 41.490199], [-8.07175, 41.494925], [-8.075939, 41.497566], [-8.076195, 41.497629], [-8.076538, 41.497713], [-8.133931, 41.506473], [-8.145872, 41.509585], [-8.157324, 41.516864], [-8.162771, 41.525911], [-8.164746, 41.534933], [-8.164218, 41.543936], [-8.16031, 41.552915], [-8.149804, 41.561845], [-8.145156, 41.563982], [-8.133121, 41.56712], [-8.121113, 41.568173], [-8.097139, 41.567192], [-8.081576, 41.564832], [-8.078879, 41.56493], [-8.075279, 41.568305], [-8.073182, 41.568079], [-8.068982, 41.572024], [-8.097034, 41.57477], [-8.125799, 41.579679], [-8.144174, 41.588825], [-8.144402, 41.597834], [-8.136121, 41.606779], [-8.132573, 41.608087], [-8.120422, 41.619121], [-8.116412, 41.624643], [-8.111313, 41.633611], [-8.112558, 41.642628], [-8.120015, 41.649043], [-8.131955, 41.654165], [-8.143945, 41.655676], [-8.167965, 41.655671], [-8.174729, 41.661105], [-8.173849, 41.68812], [-8.175351, 41.697138], [-8.179949, 41.706178], [-8.189387, 41.715252], [-8.203172, 41.722403], [-8.215154, 41.725724], [-8.227172, 41.726132], [-8.239237, 41.722597], [-8.263439, 41.708816], [-8.275514, 41.703921], [-8.287546, 41.702769], [-8.299537, 41.705308], [-8.311501, 41.710502], [-8.329775, 41.725164], [-8.341832, 41.743247], [-8.34729, 41.760557], [-8.349267, 41.760103], [-8.352557, 41.755145], [-8.350685, 41.743895]], [[-8.167578, 41.634033], [-8.162859, 41.643005], [-8.144014, 41.650464], [-8.132008, 41.650172], [-8.120076, 41.644566], [-8.117871, 41.642669], [-8.115456, 41.633643], [-8.12081, 41.624677], [-8.132458, 41.616691], [-8.144493, 41.614195], [-8.156461, 41.616874], [-8.166397, 41.625017], [-8.167578, 41.634033]]], [[[-7.728176, 41.814116], [-7.76864, 41.812715], [-7.780647, 41.814378], [-7.816565, 41.825277], [-7.828652, 41.822785], [-7.836905, 41.8113], [-7.847591, 41.802401], [-7.865236, 41.796686], [-7.877279, 41.796297], [-7.896476, 41.802881], [-7.902637, 41.811947], [-7.902206, 41.820949], [-7.897321, 41.829909], [-7.888581, 41.838763], [-7.874562, 41.847075], [-7.879956, 41.853217], [-7.888076, 41.855486], [-7.891675, 41.859094], [-7.900698, 41.861588], [-7.904318, 41.859795], [-7.907309, 41.865203], [-7.906095, 41.868126], [-7.910299, 41.871285], [-7.909985, 41.875111], [-7.91479, 41.879171], [-7.928044, 41.87807], [-7.938002, 41.874036], [-7.924268, 41.865334], [-7.918934, 41.857135], [-7.916978, 41.84811], [-7.918407, 41.839117], [-7.924887, 41.828395], [-7.937031, 41.821277], [-7.961169, 41.818805], [-7.973192, 41.8199], [-7.985154, 41.824853], [-7.991112, 41.830772], [-7.994483, 41.839808], [-7.994345, 41.848813], [-7.990997, 41.857791], [-7.983341, 41.86673], [-7.969448, 41.87431], [-7.973828, 41.875216], [-7.987996, 41.869157], [-7.990123, 41.860157], [-7.995547, 41.858138], [-7.994047, 41.855211], [-7.996162, 41.851837], [-8.003089, 41.850494], [-8.005804, 41.847346], [-8.007928, 41.838796], [-8.012753, 41.833624], [-8.013363, 41.829124], [-8.017873, 41.831379], [-8.02901, 41.829589], [-8.037134, 41.831171], [-8.041351, 41.828023], [-8.041054, 41.825097], [-8.045268, 41.824425], [-8.046775, 41.821951], [-8.056712, 41.81588], [-8.059238, 41.816107], [-8.05541, 41.795291], [-8.055531, 41.759265], [-8.051514, 41.741218], [-8.045262, 41.732159], [-8.013792, 41.704872], [-8.006763, 41.695805], [-8.008731, 41.686815], [-8.035562, 41.675269], [-8.042964, 41.669091], [-8.04799, 41.660126], [-8.047921, 41.651118], [-8.04243, 41.642065], [-8.03615, 41.635845], [-7.994939, 41.614638], [-7.987599, 41.603567], [-7.984685, 41.603564], [-7.982292, 41.60086], [-7.975689, 41.603552], [-7.974482, 41.606701], [-7.970882, 41.607147], [-7.969091, 41.603768], [-7.965796, 41.602413], [-7.9541, 41.602846], [-7.952606, 41.600592], [-7.947808, 41.60081], [-7.945413, 41.599456], [-7.942725, 41.595625], [-7.936132, 41.594488], [-7.93791, 41.601694], [-7.937004, 41.603718], [-7.931604, 41.604384], [-7.930979, 41.612711], [-7.925556, 41.620354], [-7.920755, 41.620796], [-7.917748, 41.623041], [-7.915933, 41.627764], [-7.913229, 41.628885], [-7.912613, 41.63361], [-7.906014, 41.633147], [-7.906884, 41.641927], [-7.897869, 41.645511], [-7.89696, 41.647985], [-7.892759, 41.647976], [-7.892145, 41.651576], [-7.898336, 41.65564], [-7.903798, 41.652516], [-7.915823, 41.651578], [-7.927802, 41.65344], [-7.942603, 41.659204], [-7.963529, 41.672261], [-7.986494, 41.695628], [-8.002409, 41.704774], [-8.011038, 41.70773], [-8.032229, 41.723043], [-8.040944, 41.732123], [-8.044624, 41.741161], [-8.045098, 41.750171], [-8.042808, 41.759159], [-8.037732, 41.768124], [-8.034093, 41.773392], [-8.021901, 41.783939], [-8.009772, 41.790166], [-7.997713, 41.791671], [-7.961842, 41.77708], [-7.937802, 41.775604], [-7.925717, 41.77872], [-7.913533, 41.787669], [-7.901416, 41.79255], [-7.865317, 41.792081], [-7.829067, 41.800018], [-7.817018, 41.800694], [-7.805025, 41.798318], [-7.793089, 41.79294], [-7.780969, 41.7837], [-7.772915, 41.774607], [-7.761607, 41.756472], [-7.759173, 41.747439], [-7.761194, 41.738454], [-7.770175, 41.732423], [-7.780464, 41.729653], [-7.842359, 41.730214], [-7.854412, 41.728613], [-7.866541, 41.722604], [-7.876799, 41.703615], [-7.885934, 41.67092], [-7.883969, 41.67069], [-7.877044, 41.676077], [-7.876723, 41.681253], [-7.872974, 41.686197], [-7.874868, 41.694589], [-7.874129, 41.703589], [-7.870797, 41.712563], [-7.866606, 41.718906], [-7.854462, 41.725769], [-7.842419, 41.726893], [-7.830419, 41.725592], [-7.815452, 41.721013], [-7.810805, 41.717776], [-7.808986, 41.717996], [-7.808694, 41.716307], [-7.808533, 41.716195], [-7.808394, 41.716098], [-7.807884, 41.715743], [-7.803298, 41.714154], [-7.790966, 41.717044], [-7.789449, 41.719966], [-7.78464, 41.720402], [-7.78252, 41.723546], [-7.776204, 41.724652], [-7.773786, 41.727346], [-7.7678, 41.723276], [-7.763888, 41.724389], [-7.761765, 41.727758], [-7.762933, 41.733839], [-7.759307, 41.737203], [-7.759597, 41.739005], [-7.75689, 41.739446], [-7.758687, 41.740577], [-7.757758, 41.745301], [-7.748417, 41.749321], [-7.747786, 41.754496], [-7.743866, 41.756509], [-7.740214, 41.763924], [-7.726937, 41.771755], [-7.7254, 41.777152], [-7.727191, 41.779184], [-7.724177, 41.780299], [-7.725372, 41.781653], [-7.722296, 41.792446], [-7.728879, 41.797871], [-7.72705, 41.801691], [-7.728176, 41.814116]], [[-7.940959, 41.8033], [-7.937346, 41.803192], [-7.927956, 41.794172], [-7.931378, 41.785197], [-7.937691, 41.782299], [-7.949728, 41.782083], [-7.957833, 41.78544], [-7.960978, 41.794476], [-7.949811, 41.803381], [-7.940959, 41.8033]], [[-8.043213, 41.660086], [-8.035627, 41.670924], [-8.023544, 41.675583], [-8.011523, 41.67604], [-7.99955, 41.673384], [-7.990112, 41.668639], [-7.986389, 41.659599], [-7.989379, 41.650618], [-8.000028, 41.642524], [-8.012091, 41.638857], [-8.024089, 41.639449], [-8.036018, 41.644724], [-8.041467, 41.651064], [-8.043213, 41.660086]]], [[[-7.872754, 41.847575], [-7.857447, 41.85654], [-7.855006, 41.862388], [-7.858542, 41.862622], [-7.859456, 41.860148], [-7.865481, 41.859262], [-7.87033, 41.851395], [-7.873043, 41.850501], [-7.872754, 41.847575]]], [[[-8.456914, 41.571374], [-8.468932, 41.568611], [-8.477328, 41.5638], [-8.487069, 41.554837], [-8.491491, 41.545849], [-8.490883, 41.536839], [-8.46582, 41.518711], [-8.462347, 41.509687], [-8.466684, 41.5007], [-8.47415, 41.491727], [-8.477578, 41.482735], [-8.476974, 41.473725], [-8.46984, 41.457429], [-8.457981, 41.443653], [-8.44607, 41.436547], [-8.434133, 41.432795], [-8.422168, 41.43232], [-8.410175, 41.435052], [-8.39814, 41.442126], [-8.389663, 41.45528], [-8.387395, 41.464275], [-8.38702, 41.482288], [-8.395682, 41.536378], [-8.398222, 41.545399], [-8.404051, 41.554437], [-8.416492, 41.563508], [-8.432942, 41.569497], [-8.444919, 41.571469], [-8.456914, 41.571374]], [[-8.444984, 41.563911], [-8.433025, 41.559982], [-8.424753, 41.554542], [-8.419013, 41.545506], [-8.41791, 41.536493], [-8.419261, 41.527492], [-8.415563, 41.518466], [-8.409446, 41.515404], [-8.39759, 41.501596], [-8.393544, 41.49133], [-8.392359, 41.473309], [-8.397982, 41.459214], [-8.410046, 41.449322], [-8.422045, 41.446287], [-8.434014, 41.446523], [-8.445957, 41.449899], [-8.457854, 41.458843], [-8.462405, 41.46465], [-8.466062, 41.473675], [-8.465998, 41.482682], [-8.461953, 41.49167], [-8.447751, 41.509618], [-8.448143, 41.518627], [-8.457325, 41.522306], [-8.477701, 41.53678], [-8.479837, 41.545797], [-8.475244, 41.554783], [-8.469005, 41.559704], [-8.456977, 41.563932], [-8.444984, 41.563911]]], [[[-8.637838, 41.391017], [-8.649811, 41.388896], [-8.661803, 41.382843], [-8.668882, 41.375354], [-8.671737, 41.366355], [-8.670354, 41.357343], [-8.664828, 41.34832], [-8.650087, 41.337345], [-8.638158, 41.333256], [-8.626214, 41.332075], [-8.614254, 41.333736], [-8.602007, 41.339112], [-8.592979, 41.348088], [-8.589946, 41.357085], [-8.590907, 41.366096], [-8.595981, 41.375121], [-8.607622, 41.384169], [-8.62588, 41.390466], [-8.637838, 41.391017]], [[-8.637894, 41.380893], [-8.625937, 41.380432], [-8.614006, 41.375625], [-8.606183, 41.366149], [-8.60546, 41.357139], [-8.611074, 41.348151], [-8.626159, 41.341663], [-8.638109, 41.342086], [-8.650035, 41.346985], [-8.658261, 41.357308], [-8.658562, 41.366317], [-8.652169, 41.375305], [-8.637894, 41.380893]]]]}}, {"id": "7", "type": "Feature", "properties": {"fill": "#b6a27f", "value_min": -1.25, "value_max": -1.0}, "geometry": {"type": "MultiPolygon", "coordinates": [[[[-7.855006, 41.862388], [-7.857447, 41.85654], [-7.872754, 41.847575], [-7.873066, 41.844875], [-7.874562, 41.847075], [-7.888581, 41.838763], [-7.897321, 41.829909], [-7.902206, 41.820949], [-7.902637, 41.811947], [-7.896476, 41.802881], [-7.877279, 41.796297], [-7.865236, 41.796686], [-7.847591, 41.802401], [-7.836905, 41.8113], [-7.828652, 41.822785], [-7.816565, 41.825277], [-7.780647, 41.814378], [-7.76864, 41.812715], [-7.728176, 41.814116], [-7.732041, 41.821514], [-7.743152, 41.825154], [-7.743145, 41.826308], [-7.756355, 41.825428], [-7.768377, 41.826447], [-7.780357, 41.829664], [-7.795992, 41.837899], [-7.805245, 41.847002], [-7.810909, 41.856067], [-7.813212, 41.872634], [-7.823863, 41.874013], [-7.825059, 41.875817], [-7.830479, 41.875831], [-7.830789, 41.874031], [-7.832894, 41.874712], [-7.83772, 41.872924], [-7.842528, 41.875187], [-7.841663, 41.866632], [-7.849515, 41.861475], [-7.855006, 41.862388]], [[-7.888931, 41.811815], [-7.885922, 41.820793], [-7.876741, 41.827084], [-7.864693, 41.827442], [-7.854359, 41.820482], [-7.853038, 41.811462], [-7.865147, 41.801763], [-7.877186, 41.801619], [-7.880288, 41.802724], [-7.888931, 41.811815]]], [[[-8.34729, 41.760557], [-8.341832, 41.743247], [-8.329775, 41.725164], [-8.311501, 41.710502], [-8.299537, 41.705308], [-8.287546, 41.702769], [-8.275514, 41.703921], [-8.263439, 41.708816], [-8.239237, 41.722597], [-8.227172, 41.726132], [-8.215154, 41.725724], [-8.203172, 41.722403], [-8.189387, 41.715252], [-8.179949, 41.706178], [-8.175351, 41.697138], [-8.173849, 41.68812], [-8.174729, 41.661105], [-8.167965, 41.655671], [-8.143945, 41.655676], [-8.131955, 41.654165], [-8.120015, 41.649043], [-8.112558, 41.642628], [-8.111313, 41.633611], [-8.116412, 41.624643], [-8.120422, 41.619121], [-8.132573, 41.608087], [-8.136121, 41.606779], [-8.144402, 41.597834], [-8.144174, 41.588825], [-8.125799, 41.579679], [-8.097034, 41.57477], [-8.068982, 41.572024], [-8.056684, 41.579549], [-8.052181, 41.584498], [-8.052479, 41.586272], [-8.072944, 41.58176], [-8.09692, 41.582929], [-8.114108, 41.588597], [-8.120752, 41.594819], [-8.122951, 41.597672], [-8.122947, 41.606679], [-8.106611, 41.633575], [-8.10676, 41.642583], [-8.119954, 41.653478], [-8.131898, 41.658391], [-8.155836, 41.664785], [-8.162689, 41.670025], [-8.174935, 41.706142], [-8.183462, 41.71521], [-8.191177, 41.720206], [-8.215087, 41.73124], [-8.227093, 41.732723], [-8.239151, 41.729902], [-8.263346, 41.716956], [-8.275417, 41.712625], [-8.28745, 41.711483], [-8.299448, 41.713565], [-8.311414, 41.718725], [-8.320139, 41.725107], [-8.328638, 41.734164], [-8.336667, 41.752225], [-8.337669, 41.762826], [-8.341756, 41.761468], [-8.344765, 41.762363], [-8.34729, 41.760557]]], [[[-7.987599, 41.603567], [-7.994939, 41.614638], [-8.03615, 41.635845], [-8.04243, 41.642065], [-8.047921, 41.651118], [-8.04799, 41.660126], [-8.042964, 41.669091], [-8.035562, 41.675269], [-8.008731, 41.686815], [-8.006763, 41.695805], [-8.013792, 41.704872], [-8.045262, 41.732159], [-8.051514, 41.741218], [-8.055531, 41.759265], [-8.05541, 41.795291], [-8.059238, 41.816107], [-8.06664, 41.817012], [-8.072961, 41.813414], [-8.078678, 41.813417], [-8.082892, 41.810493], [-8.091013, 41.812521], [-8.093421, 41.811397], [-8.093723, 41.808471], [-8.101845, 41.809824], [-8.104853, 41.81185], [-8.108217, 41.811401], [-8.093915, 41.797416], [-8.085876, 41.786531], [-8.05999, 41.741287], [-8.051969, 41.732214], [-8.028886, 41.714008], [-8.020706, 41.704931], [-8.017278, 41.695895], [-8.023308, 41.686939], [-8.035493, 41.679916], [-8.047659, 41.669596], [-8.053066, 41.660167], [-8.054734, 41.651174], [-8.05256, 41.642149], [-8.033393, 41.614968], [-8.032131, 41.60595], [-8.034622, 41.600465], [-8.031467, 41.602938], [-8.02367, 41.603156], [-8.019174, 41.601802], [-8.015872, 41.603824], [-8.013474, 41.603372], [-8.005971, 41.60629], [-8.003562, 41.611239], [-7.99936, 41.61281], [-7.998462, 41.612359], [-7.999669, 41.608759], [-7.996976, 41.605829], [-7.996983, 41.602228], [-7.987599, 41.603567]]], [[[-7.940959, 41.8033], [-7.949811, 41.803381], [-7.960978, 41.794476], [-7.957833, 41.78544], [-7.949728, 41.782083], [-7.937691, 41.782299], [-7.931378, 41.785197], [-7.927956, 41.794172], [-7.937346, 41.803192], [-7.940959, 41.8033]]], [[[-7.810805, 41.717776], [-7.815452, 41.721013], [-7.830419, 41.725592], [-7.842419, 41.726893], [-7.854462, 41.725769], [-7.866606, 41.718906], [-7.870797, 41.712563], [-7.874129, 41.703589], [-7.874868, 41.694589], [-7.872974, 41.686197], [-7.868896, 41.686413], [-7.868008, 41.68326], [-7.862072, 41.685046], [-7.867138, 41.688571], [-7.870235, 41.694544], [-7.871459, 41.703562], [-7.866667, 41.715413], [-7.854513, 41.722925], [-7.842479, 41.723573], [-7.830513, 41.720407], [-7.819942, 41.71285], [-7.815291, 41.718689], [-7.810805, 41.717776]]], [[[-7.807884, 41.715743], [-7.807884, 41.715743], [-7.808394, 41.716098], [-7.807884, 41.715743]]], [[[-7.808533, 41.716195], [-7.808533, 41.716195], [-7.808694, 41.716307], [-7.808533, 41.716195]]], [[[-8.066673, 41.482179], [-8.075532, 41.489214], [-8.099084, 41.498408], [-8.122012, 41.50175], [-8.157953, 41.502023], [-8.168455, 41.507938], [-8.193204, 41.557853], [-8.205076, 41.567691], [-8.21703, 41.570985], [-8.241024, 41.570538], [-8.25305, 41.567778], [-8.265104, 41.562491], [-8.278529, 41.553717], [-8.286756, 41.544762], [-8.291354, 41.535783], [-8.293033, 41.517778], [-8.284254, 41.490702], [-8.27801, 41.480349], [-8.270302, 41.472599], [-8.266162, 41.468879], [-8.254248, 41.463476], [-8.242307, 41.460573], [-8.230344, 41.459707], [-8.194395, 41.461896], [-8.182432, 41.460975], [-8.134835, 41.438475], [-8.110962, 41.433595], [-8.098994, 41.433547], [-8.086998, 41.435456], [-8.074967, 41.439775], [-8.067679, 41.444278], [-8.069999, 41.447206], [-8.068788, 41.462286], [-8.073872, 41.46499], [-8.074468, 41.468592], [-8.073564, 41.474668], [-8.066673, 41.482179]], [[-8.277379, 41.537098], [-8.265288, 41.546191], [-8.253246, 41.55076], [-8.241238, 41.552244], [-8.229255, 41.551566], [-8.217304, 41.548271], [-8.205402, 41.541082], [-8.193286, 41.526129], [-8.186528, 41.508067], [-8.185744, 41.499054], [-8.187517, 41.490059], [-8.195501, 41.481108], [-8.213771, 41.472227], [-8.230233, 41.469067], [-8.242206, 41.46926], [-8.25415, 41.472045], [-8.266062, 41.477757], [-8.2779, 41.490229], [-8.285429, 41.508724], [-8.285906, 41.517734], [-8.283925, 41.526729], [-8.277379, 41.537098]], [[-8.134056, 41.497071], [-8.122052, 41.4988], [-8.110085, 41.497744], [-8.088561, 41.489318], [-8.080374, 41.480245], [-8.078621, 41.471224], [-8.08186, 41.462242], [-8.092682, 41.453321], [-8.098759, 41.45052], [-8.110761, 41.448306], [-8.122724, 41.448982], [-8.137191, 41.453663], [-8.15092, 41.462773], [-8.156952, 41.471825], [-8.157528, 41.480836], [-8.151923, 41.489802], [-8.134056, 41.497071]]], [[[-8.444984, 41.563911], [-8.456977, 41.563932], [-8.469005, 41.559704], [-8.475244, 41.554783], [-8.479837, 41.545797], [-8.477701, 41.53678], [-8.457325, 41.522306], [-8.448143, 41.518627], [-8.447751, 41.509618], [-8.461953, 41.49167], [-8.465998, 41.482682], [-8.466062, 41.473675], [-8.462405, 41.46465], [-8.457854, 41.458843], [-8.445957, 41.449899], [-8.434014, 41.446523], [-8.422045, 41.446287], [-8.410046, 41.449322], [-8.397982, 41.459214], [-8.392359, 41.473309], [-8.393544, 41.49133], [-8.39759, 41.501596], [-8.409446, 41.515404], [-8.415563, 41.518466], [-8.419261, 41.527492], [-8.41791, 41.536493], [-8.419013, 41.545506], [-8.424753, 41.554542], [-8.433025, 41.559982], [-8.444984, 41.563911]], [[-8.469092, 41.549019], [-8.462624, 41.554725], [-8.457033, 41.557168], [-8.445047, 41.556516], [-8.440862, 41.554621], [-8.432586, 41.545574], [-8.434042, 41.536573], [-8.445278, 41.529526], [-8.457258, 41.530358], [-8.467956, 41.536735], [-8.471198, 41.545758], [-8.469092, 41.549019]], [[-8.445531, 41.499877], [-8.433487, 41.507073], [-8.421497, 41.507849], [-8.409552, 41.503735], [-8.406127, 41.500403], [-8.399203, 41.49136], [-8.396943, 41.482341], [-8.398018, 41.473339], [-8.403468, 41.46436], [-8.409961, 41.458643], [-8.421969, 41.454809], [-8.433939, 41.455162], [-8.445874, 41.459651], [-8.451709, 41.4646], [-8.457054, 41.473633], [-8.457329, 41.482641], [-8.453479, 41.491631], [-8.445531, 41.499877]]], [[[-8.637894, 41.380893], [-8.652169, 41.375305], [-8.658562, 41.366317], [-8.658261, 41.357308], [-8.650035, 41.346985], [-8.638109, 41.342086], [-8.626159, 41.341663], [-8.611074, 41.348151], [-8.60546, 41.357139], [-8.606183, 41.366149], [-8.614006, 41.375625], [-8.625937, 41.380432], [-8.637894, 41.380893]], [[-8.641839, 41.357258], [-8.640877, 41.366263], [-8.637965, 41.36817], [-8.626012, 41.367442], [-8.62433, 41.36621], [-8.623359, 41.357199], [-8.626083, 41.354953], [-8.638041, 41.35437], [-8.641839, 41.357258]]]]}}, {"id": "4", "type": "Feature", "properties": {"fill": "#c93e18", "value_min": -2.0, "value_max": -1.75}, "geometry": {"type": "MultiPolygon", "coordinates": [[[[-7.734171, 41.866444], [-7.738687, 41.87331], [-7.743316, 41.876401], [-7.755314, 41.879094], [-7.767412, 41.876682], [-7.771925, 41.87367], [-7.778591, 41.864735], [-7.777442, 41.855716], [-7.767985, 41.846859], [-7.755984, 41.84458], [-7.748822, 41.845879], [-7.750532, 41.849261], [-7.743309, 41.849012], [-7.746901, 41.8524], [-7.746881, 41.855776], [-7.739943, 41.858003], [-7.734171, 41.866444]]], [[[-8.319733, 41.761956], [-8.321475, 41.752136], [-8.319285, 41.743116], [-8.311264, 41.732771], [-8.299313, 41.725978], [-8.287316, 41.723637], [-8.275278, 41.724975], [-8.257084, 41.733724], [-8.247663, 41.742669], [-8.242163, 41.75164], [-8.240948, 41.760639], [-8.244626, 41.76967], [-8.253347, 41.776529], [-8.257551, 41.773564], [-8.261762, 41.774235], [-8.266314, 41.770629], [-8.255461, 41.760734], [-8.253773, 41.751716], [-8.256937, 41.74273], [-8.267045, 41.733788], [-8.275222, 41.729984], [-8.287261, 41.728534], [-8.299255, 41.731331], [-8.30379, 41.734016], [-8.312439, 41.743075], [-8.314502, 41.752095], [-8.311096, 41.762189], [-8.319733, 41.761956]]], [[[-8.202546, 41.773004], [-8.207163, 41.769418], [-8.212243, 41.760446], [-8.211878, 41.751436], [-8.207349, 41.742398], [-8.198461, 41.73333], [-8.169111, 41.715107], [-8.155493, 41.69102], [-8.144336, 41.678897], [-8.131926, 41.669797], [-8.095992, 41.649429], [-8.084042, 41.645242], [-8.071943, 41.651616], [-8.051291, 41.678167], [-8.031258, 41.696014], [-8.030548, 41.705015], [-8.037301, 41.714079], [-8.046901, 41.720997], [-8.082799, 41.732802], [-8.097748, 41.74159], [-8.130399, 41.769708], [-8.142335, 41.776867], [-8.15431, 41.781231], [-8.166319, 41.78309], [-8.178359, 41.782623], [-8.190432, 41.779508], [-8.202546, 41.773004]], [[-8.19062, 41.764564], [-8.178524, 41.769734], [-8.166479, 41.770805], [-8.154481, 41.768251], [-8.140491, 41.759932], [-8.127382, 41.741819], [-8.118846, 41.734718], [-8.099393, 41.723589], [-8.082993, 41.719165], [-8.058929, 41.72061], [-8.046951, 41.717609], [-8.042109, 41.714119], [-8.035052, 41.705053], [-8.037554, 41.696067], [-8.049391, 41.687158], [-8.071834, 41.659164], [-8.083919, 41.653976], [-8.095914, 41.654988], [-8.108526, 41.660611], [-8.121703, 41.66972], [-8.131591, 41.68128], [-8.14348, 41.690758], [-8.155325, 41.703843], [-8.159495, 41.715037], [-8.167118, 41.721375], [-8.179079, 41.726176], [-8.190928, 41.733277], [-8.198317, 41.742336], [-8.199558, 41.751351], [-8.195305, 41.760329], [-8.19062, 41.764564]]], [[[-7.834906, 41.709963], [-7.83556, 41.712211], [-7.842611, 41.716219], [-7.854613, 41.717275], [-7.86186, 41.712475], [-7.865476, 41.703504], [-7.855046, 41.692894], [-7.84935, 41.693099], [-7.847538, 41.695365], [-7.837309, 41.699391], [-7.835792, 41.702763], [-7.839679, 41.706599], [-7.838465, 41.709522], [-7.834906, 41.709963]], [[-7.860547, 41.703455], [-7.857717, 41.712434], [-7.854663, 41.714457], [-7.84255, 41.712282], [-7.839985, 41.703249], [-7.842895, 41.700379], [-7.854958, 41.697847], [-7.860547, 41.703455]]], [[[-8.096245, 41.631338], [-8.108116, 41.615572], [-8.106891, 41.606556], [-8.096706, 41.598266], [-8.08473, 41.596627], [-8.072684, 41.599883], [-8.064618, 41.606219], [-8.061748, 41.615203], [-8.064701, 41.624234], [-8.072224, 41.631992], [-8.084147, 41.637822], [-8.08867, 41.633434], [-8.096245, 41.631338]], [[-8.102506, 41.615529], [-8.096327, 41.625424], [-8.084283, 41.628257], [-8.076282, 41.624328], [-8.070865, 41.615277], [-8.077046, 41.60632], [-8.084639, 41.603088], [-8.096614, 41.604909], [-8.102506, 41.615529]]], [[[-8.272928, 41.517653], [-8.274403, 41.508655], [-8.271868, 41.499632], [-8.265904, 41.491689], [-8.254008, 41.484414], [-8.242054, 41.482283], [-8.230061, 41.483565], [-8.216631, 41.490261], [-8.209508, 41.49922], [-8.207792, 41.508215], [-8.20996, 41.517238], [-8.217565, 41.526573], [-8.229474, 41.533132], [-8.241439, 41.53502], [-8.253443, 41.533649], [-8.265499, 41.527517], [-8.272928, 41.517653]], [[-8.265596, 41.519021], [-8.253512, 41.527575], [-8.241506, 41.529327], [-8.229553, 41.526459], [-8.218417, 41.517295], [-8.215406, 41.508268], [-8.21802, 41.499278], [-8.229989, 41.489707], [-8.241995, 41.487411], [-8.253948, 41.489681], [-8.266363, 41.499597], [-8.269074, 41.508621], [-8.265596, 41.519021]]], [[[-8.444576, 41.48258], [-8.441647, 41.473559], [-8.433827, 41.467986], [-8.42186, 41.46711], [-8.410636, 41.473404], [-8.407553, 41.482396], [-8.412913, 41.491431], [-8.421604, 41.495823], [-8.433595, 41.494671], [-8.438424, 41.491558], [-8.444576, 41.48258]], [[-8.433769, 41.47467], [-8.437744, 41.482547], [-8.433654, 41.487932], [-8.421654, 41.490284], [-8.414574, 41.482432], [-8.420555, 41.473455], [-8.433769, 41.47467]]], [[[-8.131595, 41.480643], [-8.125582, 41.47159], [-8.122443, 41.469775], [-8.110471, 41.469543], [-8.107082, 41.471448], [-8.101218, 41.48041], [-8.10812, 41.489471], [-8.122164, 41.490475], [-8.124804, 41.489599], [-8.131595, 41.480643]]]]}}, {"id": "5", "type": "Feature", "properties": {"fill": "#e57b10", "value_min": -1.75, "value_max": -1.5}, "geometry": {"type": "MultiPolygon", "coordinates": [[[[-7.756885, 41.895524], [-7.767082, 41.893862], [-7.772873, 41.891372], [-7.779227, 41.886264], [-7.782185, 41.886048], [-7.782241, 41.886002], [-7.782455, 41.885824], [-7.782543, 41.88575], [-7.782725, 41.885599], [-7.792322, 41.873887], [-7.794396, 41.864902], [-7.792622, 41.855877], [-7.786587, 41.846806], [-7.780126, 41.841868], [-7.768181, 41.836644], [-7.756168, 41.835061], [-7.744892, 41.836135], [-7.74729, 41.837772], [-7.746349, 41.84407], [-7.748822, 41.845879], [-7.755984, 41.84458], [-7.767985, 41.846859], [-7.777442, 41.855716], [-7.778591, 41.864735], [-7.771925, 41.87367], [-7.767412, 41.876682], [-7.755314, 41.879094], [-7.743316, 41.876401], [-7.738687, 41.87331], [-7.734171, 41.866444], [-7.734159, 41.868337], [-7.730228, 41.871024], [-7.729293, 41.875972], [-7.722351, 41.878424], [-7.720523, 41.881793], [-7.725335, 41.882935], [-7.726208, 41.887665], [-7.737044, 41.888828], [-7.737935, 41.890857], [-7.74246, 41.889747], [-7.742785, 41.885922], [-7.756022, 41.888441], [-7.758719, 41.890926], [-7.756885, 41.895524]]], [[[-8.32809, 41.763518], [-8.328909, 41.75218], [-8.326362, 41.743158], [-8.320636, 41.734117], [-8.311337, 41.725904], [-8.299377, 41.72011], [-8.287376, 41.71814], [-8.275342, 41.719224], [-8.261125, 41.724743], [-8.23904, 41.739261], [-8.226975, 41.742543], [-8.214991, 41.739119], [-8.207789, 41.733394], [-8.176984, 41.715164], [-8.169725, 41.706105], [-8.155673, 41.677263], [-8.146977, 41.66991], [-8.109033, 41.651608], [-8.098426, 41.642518], [-8.100255, 41.633525], [-8.113245, 41.615612], [-8.114612, 41.606615], [-8.109642, 41.59757], [-8.096809, 41.590925], [-8.08483, 41.58953], [-8.072812, 41.590956], [-8.059014, 41.597167], [-8.051475, 41.606112], [-8.050213, 41.615108], [-8.053023, 41.624139], [-8.063978, 41.642243], [-8.062308, 41.651236], [-8.052939, 41.669173], [-8.047569, 41.675727], [-8.032086, 41.687014], [-8.025158, 41.695962], [-8.026044, 41.704977], [-8.032903, 41.714042], [-8.046845, 41.724772], [-8.061145, 41.73229], [-8.074193, 41.741403], [-8.106274, 41.7742], [-8.130101, 41.791767], [-8.154055, 41.800618], [-8.166068, 41.802498], [-8.190147, 41.802157], [-8.217594, 41.797349], [-8.217589, 41.793634], [-8.224207, 41.794303], [-8.229917, 41.791598], [-8.240744, 41.791588], [-8.24074, 41.789338], [-8.244347, 41.787984], [-8.245546, 41.785731], [-8.251257, 41.784375], [-8.251845, 41.777172], [-8.253347, 41.776529], [-8.244626, 41.76967], [-8.240948, 41.760639], [-8.242163, 41.75164], [-8.247663, 41.742669], [-8.257084, 41.733724], [-8.275278, 41.724975], [-8.287316, 41.723637], [-8.299313, 41.725978], [-8.311264, 41.732771], [-8.319285, 41.743116], [-8.321475, 41.752136], [-8.319733, 41.761956], [-8.325233, 41.765098], [-8.32809, 41.763518]], [[-8.202546, 41.773004], [-8.190432, 41.779508], [-8.178359, 41.782623], [-8.166319, 41.78309], [-8.15431, 41.781231], [-8.142335, 41.776867], [-8.130399, 41.769708], [-8.097748, 41.74159], [-8.082799, 41.732802], [-8.046901, 41.720997], [-8.037301, 41.714079], [-8.030548, 41.705015], [-8.031258, 41.696014], [-8.051291, 41.678167], [-8.071943, 41.651616], [-8.084042, 41.645242], [-8.095992, 41.649429], [-8.131926, 41.669797], [-8.144336, 41.678897], [-8.155493, 41.69102], [-8.169111, 41.715107], [-8.198461, 41.73333], [-8.207349, 41.742398], [-8.211878, 41.751436], [-8.212243, 41.760446], [-8.207163, 41.769418], [-8.202546, 41.773004]], [[-8.096245, 41.631338], [-8.08867, 41.633434], [-8.084147, 41.637822], [-8.072224, 41.631992], [-8.064701, 41.624234], [-8.061748, 41.615203], [-8.064618, 41.606219], [-8.072684, 41.599883], [-8.08473, 41.596627], [-8.096706, 41.598266], [-8.106891, 41.606556], [-8.108116, 41.615572], [-8.096245, 41.631338]]], [[[-7.82672, 41.708817], [-7.830628, 41.714062], [-7.842541, 41.720084], [-7.854563, 41.720093], [-7.866003, 41.712516], [-7.868788, 41.703536], [-7.866986, 41.697228], [-7.857773, 41.689482], [-7.854776, 41.68818], [-7.84935, 41.693099], [-7.855046, 41.692894], [-7.865476, 41.703504], [-7.86186, 41.712475], [-7.854613, 41.717275], [-7.842611, 41.716219], [-7.83556, 41.712211], [-7.834906, 41.709963], [-7.82945, 41.710174], [-7.82672, 41.708817]]], [[[-8.445135, 41.546191], [-8.457105, 41.548632], [-8.460582, 41.545708], [-8.457194, 41.537988], [-8.445154, 41.544016], [-8.445135, 41.546191]]], [[[-8.253358, 41.540985], [-8.265407, 41.535705], [-8.275146, 41.526674], [-8.279291, 41.517693], [-8.279834, 41.508689], [-8.277371, 41.499666], [-8.26598, 41.485005], [-8.254075, 41.478614], [-8.242125, 41.476227], [-8.230141, 41.476802], [-8.216474, 41.481253], [-8.204667, 41.490179], [-8.199508, 41.499151], [-8.198505, 41.508151], [-8.200519, 41.517172], [-8.205986, 41.526218], [-8.217451, 41.536049], [-8.229381, 41.540992], [-8.241353, 41.542362], [-8.253358, 41.540985]], [[-8.272928, 41.517653], [-8.265499, 41.527517], [-8.253443, 41.533649], [-8.241439, 41.53502], [-8.229474, 41.533132], [-8.217565, 41.526573], [-8.20996, 41.517238], [-8.207792, 41.508215], [-8.209508, 41.49922], [-8.216631, 41.490261], [-8.230061, 41.483565], [-8.242054, 41.482283], [-8.254008, 41.484414], [-8.265904, 41.491689], [-8.271868, 41.499632], [-8.274403, 41.508655], [-8.272928, 41.517653]]], [[[-8.420343, 41.500476], [-8.43355, 41.499851], [-8.445595, 41.492309], [-8.450993, 41.482611], [-8.449635, 41.473597], [-8.445797, 41.468679], [-8.433882, 41.461742], [-8.421912, 41.461176], [-8.409891, 41.466421], [-8.404174, 41.473371], [-8.402217, 41.482368], [-8.405439, 41.491392], [-8.409621, 41.496099], [-8.420343, 41.500476]], [[-8.444576, 41.48258], [-8.438424, 41.491558], [-8.433595, 41.494671], [-8.421604, 41.495823], [-8.412913, 41.491431], [-8.407553, 41.482396], [-8.410636, 41.473404], [-8.42186, 41.46711], [-8.433827, 41.467986], [-8.441647, 41.473559], [-8.444576, 41.48258]]], [[[-8.122107, 41.494684], [-8.137138, 41.489692], [-8.142848, 41.480728], [-8.141011, 41.471707], [-8.134481, 41.465097], [-8.129573, 41.462613], [-8.122576, 41.459918], [-8.110607, 41.4596], [-8.098567, 41.464379], [-8.092283, 41.471332], [-8.091261, 41.480332], [-8.098218, 41.48955], [-8.110137, 41.493995], [-8.122107, 41.494684]], [[-8.131595, 41.480643], [-8.124804, 41.489599], [-8.122164, 41.490475], [-8.10812, 41.489471], [-8.101218, 41.48041], [-8.107082, 41.471448], [-8.110471, 41.469543], [-8.122443, 41.469775], [-8.125582, 41.47159], [-8.131595, 41.480643]]]]}}, {"id": "0", "type": "Feature", "properties": {"fill": "#861d1d", "value_min": -3.0, "value_max": -2.75}, "geometry": {"type": "MultiPolygon", "coordinates": [[[[-8.164962, 41.742098], [-8.166816, 41.744735], [-8.171607, 41.742146], [-8.166868, 41.740661], [-8.164962, 41.742098]]], [[[-8.083379, 41.691982], [-8.095402, 41.691581], [-8.101236, 41.687575], [-8.107229, 41.678615], [-8.101922, 41.669567], [-8.095757, 41.66625], [-8.083747, 41.666096], [-8.078112, 41.669378], [-8.072639, 41.678341], [-8.076136, 41.687376], [-8.083379, 41.691982]]]]}}]}